,mean,sd,hdi_3%,hdi_97%,mcse_mean,mcse_sd,ess_bulk,ess_tail,r_hat
alpha_weight,0.979,0.211,0.633,1.391,0.005,0.005,1587.501,1523.932,1.0
rho_weight,0.192,0.031,0.132,0.251,0.001,0.001,990.754,1084.864,1.003
alpha_workout,0.353,0.145,0.144,0.611,0.004,0.005,1150.099,1215.569,1.002
rho_workout,1.411,0.837,0.414,3.116,0.041,0.034,469.347,948.876,1.005
beta,-0.274,0.786,-1.763,1.174,0.014,0.018,3303.314,1775.644,1.003
lag_days,2.993,2.945,0.004,8.31,0.05,0.098,3094.139,1251.91,1.001
sigma_weight,0.378,0.026,0.329,0.429,0.0,0.001,2889.506,1359.08,1.0
sigma_workout,0.01,0.0,0.01,0.011,0.0,0.0,2295.84,990.902,1.001
nu_weight,25.269,14.485,5.574,51.157,0.247,0.479,3819.04,1569.7,1.002
nu_workout,1.038,0.037,1.0,1.102,0.001,0.001,2273.693,867.064,1.003
"eta_inducing_raw[0, 0]",-1.684,0.475,-2.633,-0.871,0.01,0.015,2202.891,1461.558,1.0
"eta_inducing_raw[0, 1]",-1.328,0.491,-2.237,-0.515,0.014,0.01,1160.095,1201.255,1.002
"eta_inducing_raw[1, 0]",-0.598,0.75,-2.004,0.797,0.017,0.018,2083.274,1314.996,1.0
"eta_inducing_raw[1, 1]",-0.051,0.669,-1.198,1.326,0.013,0.018,2943.126,1319.042,1.001
"eta_inducing_raw[2, 0]",-0.66,0.943,-2.4,1.075,0.015,0.023,3854.426,1705.802,1.0
"eta_inducing_raw[2, 1]",-0.011,0.848,-1.445,1.764,0.013,0.021,4000.382,1585.46,1.009
"eta_inducing_raw[3, 0]",-0.791,0.945,-2.67,0.958,0.016,0.023,3264.407,1515.824,1.003
"eta_inducing_raw[3, 1]",-0.086,0.924,-1.888,1.619,0.015,0.024,4020.205,1496.43,1.002
"eta_inducing_raw[4, 0]",-0.652,0.922,-2.411,1.028,0.016,0.023,3515.708,1452.834,1.005
"eta_inducing_raw[4, 1]",-0.09,1.016,-2.176,1.688,0.014,0.03,5336.418,1222.201,1.002
"eta_inducing_raw[5, 0]",-0.525,0.949,-2.156,1.383,0.016,0.022,3473.097,1668.743,1.006
"eta_inducing_raw[5, 1]",-0.138,0.963,-1.97,1.738,0.015,0.027,4372.728,1417.162,1.005
"eta_inducing_raw[6, 0]",-0.45,0.986,-2.28,1.517,0.018,0.027,2823.221,1389.77,1.003
"eta_inducing_raw[6, 1]",-0.137,1.024,-1.939,2.008,0.016,0.032,4361.565,1174.3,1.011
"eta_inducing_raw[7, 0]",-0.318,0.945,-2.118,1.443,0.015,0.023,3824.807,1535.993,1.002
"eta_inducing_raw[7, 1]",-0.144,0.998,-2.069,1.629,0.016,0.032,3906.672,1159.31,1.003
"eta_inducing_raw[8, 0]",-0.098,0.92,-1.868,1.629,0.017,0.022,2933.098,1315.009,1.001
"eta_inducing_raw[8, 1]",-0.185,0.926,-1.973,1.456,0.017,0.023,2960.183,1398.312,1.0
"eta_inducing_raw[9, 0]",0.04,0.935,-1.67,1.787,0.015,0.023,3790.133,1536.878,1.003
"eta_inducing_raw[9, 1]",-0.185,0.985,-1.907,1.777,0.016,0.027,3971.53,1415.431,1.0
"eta_inducing_raw[10, 0]",0.189,0.941,-1.589,1.974,0.014,0.027,4691.251,1315.704,1.005
"eta_inducing_raw[10, 1]",-0.216,0.954,-1.909,1.638,0.016,0.024,3664.558,1663.097,1.001
"eta_inducing_raw[11, 0]",0.286,0.938,-1.522,1.971,0.015,0.023,3696.031,1363.646,1.0
"eta_inducing_raw[11, 1]",-0.233,0.987,-2.108,1.62,0.016,0.025,3937.59,1469.753,1.003
"eta_inducing_raw[12, 0]",0.36,0.954,-1.44,2.117,0.015,0.023,4290.424,1422.815,1.003
"eta_inducing_raw[12, 1]",-0.227,1.0,-2.101,1.59,0.018,0.021,3209.831,1424.871,1.002
"eta_inducing_raw[13, 0]",0.438,0.96,-1.181,2.412,0.017,0.023,3373.226,1534.882,1.004
"eta_inducing_raw[13, 1]",-0.18,0.953,-1.827,1.67,0.015,0.029,3924.361,1256.021,1.006
"eta_inducing_raw[14, 0]",0.477,0.952,-1.319,2.291,0.015,0.025,4242.712,1447.886,1.003
"eta_inducing_raw[14, 1]",-0.19,1.0,-1.948,1.697,0.016,0.027,4002.323,1069.278,1.002
"eta_inducing_raw[15, 0]",0.469,0.942,-1.372,2.123,0.016,0.021,3530.471,1702.175,1.0
"eta_inducing_raw[15, 1]",-0.184,1.0,-1.965,1.724,0.015,0.025,4204.373,1047.455,1.004
"eta_inducing_raw[16, 0]",0.445,0.971,-1.415,2.199,0.017,0.025,3293.176,1459.31,1.001
"eta_inducing_raw[16, 1]",-0.181,0.958,-1.992,1.607,0.014,0.025,4373.906,1497.952,1.004
"eta_inducing_raw[17, 0]",0.401,0.979,-1.475,2.151,0.016,0.026,3517.302,1476.776,1.005
"eta_inducing_raw[17, 1]",-0.185,0.934,-2.043,1.476,0.014,0.023,4177.699,1427.006,1.003
"eta_inducing_raw[18, 0]",0.348,1.001,-1.44,2.316,0.016,0.025,4136.015,1533.759,1.0
"eta_inducing_raw[18, 1]",-0.198,1.027,-2.136,1.68,0.018,0.034,3350.742,1057.835,1.004
"eta_inducing_raw[19, 0]",0.319,0.994,-1.508,2.207,0.016,0.025,3921.284,1390.851,1.002
"eta_inducing_raw[19, 1]",-0.151,0.977,-2.011,1.62,0.016,0.024,3901.928,1529.124,1.002
"eta_inducing_raw[20, 0]",0.286,0.911,-1.572,1.99,0.013,0.026,4807.051,1211.221,1.001
"eta_inducing_raw[20, 1]",-0.132,0.985,-1.88,1.761,0.014,0.024,4657.744,1312.738,0.999
"eta_inducing_raw[21, 0]",0.238,0.943,-1.531,1.994,0.017,0.021,3250.639,1601.527,1.003
"eta_inducing_raw[21, 1]",-0.173,0.935,-1.889,1.651,0.013,0.025,5298.947,1343.04,1.008
"eta_inducing_raw[22, 0]",0.141,0.932,-1.526,1.9,0.016,0.022,3423.994,1382.378,1.002
"eta_inducing_raw[22, 1]",-0.141,0.961,-1.859,1.728,0.014,0.024,4403.175,1533.296,1.004
"eta_inducing_raw[23, 0]",0.058,0.978,-1.837,1.871,0.016,0.027,3971.38,1086.645,1.001
"eta_inducing_raw[23, 1]",-0.116,0.999,-2.049,1.703,0.016,0.028,4050.221,1161.056,1.004
"eta_inducing_raw[24, 0]",-0.002,0.966,-1.798,1.783,0.019,0.022,2605.011,1288.243,1.001
"eta_inducing_raw[24, 1]",-0.09,0.975,-1.922,1.662,0.014,0.025,4654.805,1687.917,1.003
"eta_inducing_raw[25, 0]",-0.06,0.964,-1.811,1.726,0.015,0.025,4220.72,1474.179,1.001
"eta_inducing_raw[25, 1]",-0.104,1.001,-2.097,1.677,0.015,0.029,4251.871,1227.838,1.002
"eta_inducing_raw[26, 0]",-0.162,0.936,-1.907,1.518,0.016,0.022,3553.217,1455.43,1.002
"eta_inducing_raw[26, 1]",-0.107,1.031,-2.017,1.797,0.016,0.025,3931.2,1372.314,1.002
"eta_inducing_raw[27, 0]",-0.163,0.981,-2.057,1.596,0.015,0.024,4286.615,1581.956,1.003
"eta_inducing_raw[27, 1]",-0.107,0.95,-1.728,1.737,0.016,0.025,3673.201,1088.343,1.001
"eta_inducing_raw[28, 0]",-0.186,0.888,-1.888,1.392,0.013,0.021,4320.827,1283.764,1.003
"eta_inducing_raw[28, 1]",-0.073,0.941,-1.695,1.802,0.016,0.026,3353.935,1307.275,1.001
"eta_inducing_raw[29, 0]",-0.156,0.941,-2.008,1.549,0.015,0.023,3985.376,1453.242,1.005
"eta_inducing_raw[29, 1]",-0.096,0.979,-1.939,1.752,0.015,0.023,4100.472,1536.036,1.0
"eta_inducing_raw[30, 0]",-0.128,0.935,-1.954,1.564,0.016,0.024,3390.723,1444.609,1.003
"eta_inducing_raw[30, 1]",-0.08,1.004,-1.776,1.878,0.017,0.024,3291.799,1391.203,1.002
"eta_inducing_raw[31, 0]",-0.065,0.894,-1.83,1.507,0.016,0.02,3223.275,1615.76,1.001
"eta_inducing_raw[31, 1]",-0.062,0.979,-1.829,1.764,0.016,0.025,3953.722,1507.497,1.006
"eta_inducing_raw[32, 0]",0.063,0.963,-1.738,1.806,0.015,0.026,3959.526,1372.503,1.003
"eta_inducing_raw[32, 1]",-0.085,0.989,-1.863,1.918,0.016,0.033,4059.182,983.013,1.006
"eta_inducing_raw[33, 0]",0.147,0.918,-1.621,1.796,0.016,0.022,3321.881,1221.072,1.0
"eta_inducing_raw[33, 1]",-0.054,0.996,-1.859,1.766,0.014,0.025,4854.294,1499.298,1.002
"eta_inducing_raw[34, 0]",0.221,0.96,-1.616,1.909,0.016,0.024,3731.68,1453.745,1.002
"eta_inducing_raw[34, 1]",-0.083,0.996,-1.866,1.871,0.017,0.028,3430.098,1368.91,1.004
"eta_inducing_raw[35, 0]",0.32,0.918,-1.521,1.941,0.014,0.025,4299.281,1286.727,1.0
"eta_inducing_raw[35, 1]",-0.048,1.008,-1.921,1.835,0.016,0.024,3844.432,1536.787,1.001
"eta_inducing_raw[36, 0]",0.344,0.925,-1.536,1.996,0.014,0.024,4594.354,1371.625,1.005
"eta_inducing_raw[36, 1]",-0.069,0.996,-1.903,1.786,0.015,0.028,4448.021,1568.361,1.002
"eta_inducing_raw[37, 0]",0.381,0.954,-1.362,2.114,0.015,0.021,3940.272,1734.739,1.006
"eta_inducing_raw[37, 1]",-0.029,0.978,-1.941,1.774,0.015,0.026,4198.295,1436.663,1.003
"eta_inducing_raw[38, 0]",0.38,0.958,-1.476,2.131,0.016,0.025,3816.59,1405.84,1.002
"eta_inducing_raw[38, 1]",-0.009,1.051,-1.902,1.983,0.016,0.028,4224.078,1259.901,1.002
"eta_inducing_raw[39, 0]",0.363,0.937,-1.569,1.963,0.014,0.023,4404.73,1342.365,1.003
"eta_inducing_raw[39, 1]",-0.042,1.009,-1.896,1.82,0.016,0.03,4118.056,1154.491,1.001
"eta_inducing_raw[40, 0]",0.334,0.954,-1.417,2.089,0.014,0.022,4542.725,1559.72,1.002
"eta_inducing_raw[40, 1]",-0.021,0.988,-1.962,1.701,0.015,0.023,4390.625,1381.03,1.005
"eta_inducing_raw[41, 0]",0.272,0.946,-1.488,1.96,0.013,0.021,4813.801,1514.355,1.001
"eta_inducing_raw[41, 1]",-0.025,0.988,-1.868,1.81,0.016,0.024,3820.631,1510.106,1.007
"eta_inducing_raw[42, 0]",0.244,0.966,-1.502,2.139,0.016,0.03,3622.075,984.905,0.999
"eta_inducing_raw[42, 1]",-0.02,0.976,-1.83,1.855,0.014,0.026,4610.135,1282.961,1.0
"eta_inducing_raw[43, 0]",0.181,0.954,-1.63,1.928,0.015,0.023,4167.318,1488.48,1.0
"eta_inducing_raw[43, 1]",-0.021,1.005,-1.992,1.776,0.016,0.028,4029.963,1299.206,1.005
"eta_inducing_raw[44, 0]",0.168,0.983,-1.685,2.004,0.015,0.028,4470.475,1444.337,1.0
"eta_inducing_raw[44, 1]",-0.051,0.981,-2.058,1.631,0.015,0.024,4334.703,1300.772,1.005
"eta_inducing_raw[45, 0]",0.154,0.966,-1.644,1.917,0.015,0.025,4373.807,1486.756,1.001
"eta_inducing_raw[45, 1]",-0.018,1.004,-1.919,1.818,0.015,0.023,4499.576,1389.48,0.999
"eta_inducing_raw[46, 0]",0.116,0.944,-1.61,1.847,0.015,0.022,3907.833,1524.918,1.008
"eta_inducing_raw[46, 1]",0.022,0.983,-1.705,1.905,0.014,0.028,5234.596,1384.458,1.008
"eta_inducing_raw[47, 0]",0.077,1.022,-1.948,1.863,0.015,0.027,4732.816,1447.211,1.009
"eta_inducing_raw[47, 1]",-0.006,1.001,-1.895,1.903,0.017,0.027,3547.153,1212.337,1.005
"eta_inducing_raw[48, 0]",0.073,1.044,-1.873,2.149,0.014,0.036,5296.161,1035.359,1.005
"eta_inducing_raw[48, 1]",-0.015,1.006,-2.04,1.784,0.015,0.027,4304.371,1359.22,1.001
"eta_inducing_raw[49, 0]",0.024,0.973,-1.797,1.845,0.016,0.026,3582.866,1087.807,1.0
"eta_inducing_raw[49, 1]",-0.013,1.026,-2.029,1.792,0.016,0.029,4293.243,1373.016,1.0
lag_scaled,0.003,0.003,0.0,0.009,0.0,0.0,3094.159,1251.91,1.001
"eta_inducing[0, 0]",-1.684,0.475,-2.633,-0.871,0.01,0.015,2202.891,1461.558,1.0
"eta_inducing[0, 1]",-1.328,0.491,-2.237,-0.515,0.014,0.01,1160.095,1201.255,1.002
"eta_inducing[1, 0]",-0.598,0.75,-2.004,0.797,0.017,0.018,2083.274,1314.996,1.0
"eta_inducing[1, 1]",-0.051,0.669,-1.198,1.326,0.013,0.018,2943.126,1319.042,1.001
"eta_inducing[2, 0]",-0.66,0.943,-2.4,1.075,0.015,0.023,3854.426,1705.802,1.0
"eta_inducing[2, 1]",-0.011,0.848,-1.445,1.764,0.013,0.021,4000.382,1585.46,1.009
"eta_inducing[3, 0]",-0.791,0.945,-2.67,0.958,0.016,0.023,3264.407,1515.824,1.003
"eta_inducing[3, 1]",-0.086,0.924,-1.888,1.619,0.015,0.024,4020.205,1496.43,1.002
"eta_inducing[4, 0]",-0.652,0.922,-2.411,1.028,0.016,0.023,3515.708,1452.834,1.005
"eta_inducing[4, 1]",-0.09,1.016,-2.176,1.688,0.014,0.03,5336.418,1222.201,1.002
"eta_inducing[5, 0]",-0.525,0.949,-2.156,1.383,0.016,0.022,3473.097,1668.743,1.006
"eta_inducing[5, 1]",-0.138,0.963,-1.97,1.738,0.015,0.027,4372.728,1417.162,1.005
"eta_inducing[6, 0]",-0.45,0.986,-2.28,1.517,0.018,0.027,2823.221,1389.77,1.003
"eta_inducing[6, 1]",-0.137,1.024,-1.939,2.008,0.016,0.032,4361.565,1174.3,1.011
"eta_inducing[7, 0]",-0.318,0.945,-2.118,1.443,0.015,0.023,3824.807,1535.993,1.002
"eta_inducing[7, 1]",-0.144,0.998,-2.069,1.629,0.016,0.032,3906.672,1159.31,1.003
"eta_inducing[8, 0]",-0.098,0.92,-1.868,1.629,0.017,0.022,2933.098,1315.009,1.001
"eta_inducing[8, 1]",-0.185,0.926,-1.973,1.456,0.017,0.023,2960.183,1398.312,1.0
"eta_inducing[9, 0]",0.04,0.935,-1.67,1.787,0.015,0.023,3790.133,1536.878,1.003
"eta_inducing[9, 1]",-0.185,0.985,-1.907,1.777,0.016,0.027,3971.53,1415.431,1.0
"eta_inducing[10, 0]",0.189,0.941,-1.589,1.974,0.014,0.027,4691.251,1315.704,1.005
"eta_inducing[10, 1]",-0.216,0.954,-1.909,1.638,0.016,0.024,3664.558,1663.097,1.001
"eta_inducing[11, 0]",0.286,0.938,-1.522,1.971,0.015,0.023,3696.031,1363.646,1.0
"eta_inducing[11, 1]",-0.233,0.987,-2.108,1.62,0.016,0.025,3937.59,1469.753,1.003
"eta_inducing[12, 0]",0.36,0.954,-1.44,2.117,0.015,0.023,4290.424,1422.815,1.003
"eta_inducing[12, 1]",-0.227,1.0,-2.101,1.59,0.018,0.021,3209.831,1424.871,1.002
"eta_inducing[13, 0]",0.438,0.96,-1.181,2.412,0.017,0.023,3373.226,1534.882,1.004
"eta_inducing[13, 1]",-0.18,0.953,-1.827,1.67,0.015,0.029,3924.361,1256.021,1.006
"eta_inducing[14, 0]",0.477,0.952,-1.319,2.291,0.015,0.025,4242.712,1447.886,1.003
"eta_inducing[14, 1]",-0.19,1.0,-1.948,1.697,0.016,0.027,4002.323,1069.278,1.002
"eta_inducing[15, 0]",0.469,0.942,-1.372,2.123,0.016,0.021,3530.471,1702.175,1.0
"eta_inducing[15, 1]",-0.184,1.0,-1.965,1.724,0.015,0.025,4204.373,1047.455,1.004
"eta_inducing[16, 0]",0.445,0.971,-1.415,2.199,0.017,0.025,3293.176,1459.31,1.001
"eta_inducing[16, 1]",-0.181,0.958,-1.992,1.607,0.014,0.025,4373.906,1497.952,1.004
"eta_inducing[17, 0]",0.401,0.979,-1.475,2.151,0.016,0.026,3517.302,1476.776,1.005
"eta_inducing[17, 1]",-0.185,0.934,-2.043,1.476,0.014,0.023,4177.699,1427.006,1.003
"eta_inducing[18, 0]",0.348,1.001,-1.44,2.316,0.016,0.025,4136.015,1533.759,1.0
"eta_inducing[18, 1]",-0.198,1.027,-2.136,1.68,0.018,0.034,3350.742,1057.835,1.004
"eta_inducing[19, 0]",0.319,0.994,-1.508,2.207,0.016,0.025,3921.284,1390.851,1.002
"eta_inducing[19, 1]",-0.151,0.977,-2.011,1.62,0.016,0.024,3901.928,1529.124,1.002
"eta_inducing[20, 0]",0.286,0.911,-1.572,1.99,0.013,0.026,4807.051,1211.221,1.001
"eta_inducing[20, 1]",-0.132,0.985,-1.88,1.761,0.014,0.024,4657.744,1312.738,0.999
"eta_inducing[21, 0]",0.238,0.943,-1.531,1.994,0.017,0.021,3250.639,1601.527,1.003
"eta_inducing[21, 1]",-0.173,0.935,-1.889,1.651,0.013,0.025,5298.947,1343.04,1.008
"eta_inducing[22, 0]",0.141,0.932,-1.526,1.9,0.016,0.022,3423.994,1382.378,1.002
"eta_inducing[22, 1]",-0.141,0.961,-1.859,1.728,0.014,0.024,4403.175,1533.296,1.004
"eta_inducing[23, 0]",0.058,0.978,-1.837,1.871,0.016,0.027,3971.38,1086.645,1.001
"eta_inducing[23, 1]",-0.116,0.999,-2.049,1.703,0.016,0.028,4050.221,1161.056,1.004
"eta_inducing[24, 0]",-0.002,0.966,-1.798,1.783,0.019,0.022,2605.011,1288.243,1.001
"eta_inducing[24, 1]",-0.09,0.975,-1.922,1.662,0.014,0.025,4654.805,1687.917,1.003
"eta_inducing[25, 0]",-0.06,0.964,-1.811,1.726,0.015,0.025,4220.72,1474.179,1.001
"eta_inducing[25, 1]",-0.104,1.001,-2.097,1.677,0.015,0.029,4251.871,1227.838,1.002
"eta_inducing[26, 0]",-0.162,0.936,-1.907,1.518,0.016,0.022,3553.217,1455.43,1.002
"eta_inducing[26, 1]",-0.107,1.031,-2.017,1.797,0.016,0.025,3931.2,1372.314,1.002
"eta_inducing[27, 0]",-0.163,0.981,-2.057,1.596,0.015,0.024,4286.615,1581.956,1.003
"eta_inducing[27, 1]",-0.107,0.95,-1.728,1.737,0.016,0.025,3673.201,1088.343,1.001
"eta_inducing[28, 0]",-0.186,0.888,-1.888,1.392,0.013,0.021,4320.827,1283.764,1.003
"eta_inducing[28, 1]",-0.073,0.941,-1.695,1.802,0.016,0.026,3353.935,1307.275,1.001
"eta_inducing[29, 0]",-0.156,0.941,-2.008,1.549,0.015,0.023,3985.376,1453.242,1.005
"eta_inducing[29, 1]",-0.096,0.979,-1.939,1.752,0.015,0.023,4100.472,1536.036,1.0
"eta_inducing[30, 0]",-0.128,0.935,-1.954,1.564,0.016,0.024,3390.723,1444.609,1.003
"eta_inducing[30, 1]",-0.08,1.004,-1.776,1.878,0.017,0.024,3291.799,1391.203,1.002
"eta_inducing[31, 0]",-0.065,0.894,-1.83,1.507,0.016,0.02,3223.275,1615.76,1.001
"eta_inducing[31, 1]",-0.062,0.979,-1.829,1.764,0.016,0.025,3953.722,1507.497,1.006
"eta_inducing[32, 0]",0.063,0.963,-1.738,1.806,0.015,0.026,3959.526,1372.503,1.003
"eta_inducing[32, 1]",-0.085,0.989,-1.863,1.918,0.016,0.033,4059.182,983.013,1.006
"eta_inducing[33, 0]",0.147,0.918,-1.621,1.796,0.016,0.022,3321.881,1221.072,1.0
"eta_inducing[33, 1]",-0.054,0.996,-1.859,1.766,0.014,0.025,4854.294,1499.298,1.002
"eta_inducing[34, 0]",0.221,0.96,-1.616,1.909,0.016,0.024,3731.68,1453.745,1.002
"eta_inducing[34, 1]",-0.083,0.996,-1.866,1.871,0.017,0.028,3430.098,1368.91,1.004
"eta_inducing[35, 0]",0.32,0.918,-1.521,1.941,0.014,0.025,4299.281,1286.727,1.0
"eta_inducing[35, 1]",-0.048,1.008,-1.921,1.835,0.016,0.024,3844.432,1536.787,1.001
"eta_inducing[36, 0]",0.344,0.925,-1.536,1.996,0.014,0.024,4594.354,1371.625,1.005
"eta_inducing[36, 1]",-0.069,0.996,-1.903,1.786,0.015,0.028,4448.021,1568.361,1.002
"eta_inducing[37, 0]",0.381,0.954,-1.362,2.114,0.015,0.021,3940.272,1734.739,1.006
"eta_inducing[37, 1]",-0.029,0.978,-1.941,1.774,0.015,0.026,4198.295,1436.663,1.003
"eta_inducing[38, 0]",0.38,0.958,-1.476,2.131,0.016,0.025,3816.59,1405.84,1.002
"eta_inducing[38, 1]",-0.009,1.051,-1.902,1.983,0.016,0.028,4224.078,1259.901,1.002
"eta_inducing[39, 0]",0.363,0.937,-1.569,1.963,0.014,0.023,4404.73,1342.365,1.003
"eta_inducing[39, 1]",-0.042,1.009,-1.896,1.82,0.016,0.03,4118.056,1154.491,1.001
"eta_inducing[40, 0]",0.334,0.954,-1.417,2.089,0.014,0.022,4542.725,1559.72,1.002
"eta_inducing[40, 1]",-0.021,0.988,-1.962,1.701,0.015,0.023,4390.625,1381.03,1.005
"eta_inducing[41, 0]",0.272,0.946,-1.488,1.96,0.013,0.021,4813.801,1514.355,1.001
"eta_inducing[41, 1]",-0.025,0.988,-1.868,1.81,0.016,0.024,3820.631,1510.106,1.007
"eta_inducing[42, 0]",0.244,0.966,-1.502,2.139,0.016,0.03,3622.075,984.905,0.999
"eta_inducing[42, 1]",-0.02,0.976,-1.83,1.855,0.014,0.026,4610.135,1282.961,1.0
"eta_inducing[43, 0]",0.181,0.954,-1.63,1.928,0.015,0.023,4167.318,1488.48,1.0
"eta_inducing[43, 1]",-0.021,1.005,-1.992,1.776,0.016,0.028,4029.963,1299.206,1.005
"eta_inducing[44, 0]",0.168,0.983,-1.685,2.004,0.015,0.028,4470.475,1444.337,1.0
"eta_inducing[44, 1]",-0.051,0.981,-2.058,1.631,0.015,0.024,4334.703,1300.772,1.005
"eta_inducing[45, 0]",0.154,0.966,-1.644,1.917,0.015,0.025,4373.807,1486.756,1.001
"eta_inducing[45, 1]",-0.018,1.004,-1.919,1.818,0.015,0.023,4499.576,1389.48,0.999
"eta_inducing[46, 0]",0.116,0.944,-1.61,1.847,0.015,0.022,3907.833,1524.918,1.008
"eta_inducing[46, 1]",0.022,0.983,-1.705,1.905,0.014,0.028,5234.596,1384.458,1.008
"eta_inducing[47, 0]",0.077,1.022,-1.948,1.863,0.015,0.027,4732.816,1447.211,1.009
"eta_inducing[47, 1]",-0.006,1.001,-1.895,1.903,0.017,0.027,3547.153,1212.337,1.005
"eta_inducing[48, 0]",0.073,1.044,-1.873,2.149,0.014,0.036,5296.161,1035.359,1.005
"eta_inducing[48, 1]",-0.015,1.006,-2.04,1.784,0.015,0.027,4304.371,1359.22,1.001
"eta_inducing[49, 0]",0.024,0.973,-1.797,1.845,0.016,0.026,3582.866,1087.807,1.0
"eta_inducing[49, 1]",-0.013,1.026,-2.029,1.792,0.016,0.029,4293.243,1373.016,1.0
"K_uu_weight[0, 0]",1.002,0.448,0.332,1.805,0.011,0.013,1587.497,1523.932,1.0
"K_uu_weight[0, 1]",0.996,0.446,0.326,1.791,0.011,0.013,1585.553,1523.932,1.0
"K_uu_weight[0, 2]",0.979,0.441,0.32,1.763,0.011,0.013,1579.754,1523.932,1.0
"K_uu_weight[0, 3]",0.951,0.433,0.289,1.699,0.011,0.013,1569.425,1500.248,0.999
"K_uu_weight[0, 4]",0.913,0.422,0.273,1.644,0.011,0.012,1553.645,1524.009,1.0
"K_uu_weight[0, 5]",0.866,0.408,0.282,1.605,0.01,0.012,1531.753,1524.009,1.0
"K_uu_weight[0, 6]",0.813,0.393,0.259,1.529,0.01,0.012,1499.976,1523.757,1.0
"K_uu_weight[0, 7]",0.755,0.376,0.21,1.432,0.01,0.011,1446.297,1524.163,1.0
"K_uu_weight[0, 8]",0.694,0.358,0.199,1.365,0.01,0.011,1386.339,1548.452,0.999
"K_uu_weight[0, 9]",0.632,0.339,0.163,1.252,0.009,0.01,1322.543,1539.029,1.0
"K_uu_weight[0, 10]",0.569,0.319,0.127,1.162,0.009,0.01,1267.754,1493.448,1.0
"K_uu_weight[0, 11]",0.508,0.298,0.111,1.078,0.008,0.009,1219.146,1445.164,1.0
"K_uu_weight[0, 12]",0.449,0.277,0.053,0.943,0.008,0.009,1175.717,1451.542,1.0
"K_uu_weight[0, 13]",0.393,0.256,0.037,0.851,0.007,0.008,1143.81,1450.508,1.001
"K_uu_weight[0, 14]",0.342,0.235,0.023,0.765,0.007,0.008,1115.048,1301.002,1.001
"K_uu_weight[0, 15]",0.295,0.214,0.012,0.679,0.006,0.007,1083.999,1406.558,1.001
"K_uu_weight[0, 16]",0.252,0.193,0.006,0.595,0.006,0.007,1061.226,1321.641,1.001
"K_uu_weight[0, 17]",0.214,0.173,0.004,0.53,0.005,0.006,1044.402,1270.623,1.001
"K_uu_weight[0, 18]",0.18,0.155,0.0,0.458,0.005,0.006,1029.035,1224.009,1.002
"K_uu_weight[0, 19]",0.151,0.137,0.0,0.398,0.004,0.005,1015.594,1252.581,1.002
"K_uu_weight[0, 20]",0.125,0.12,0.0,0.342,0.004,0.005,1007.441,1228.555,1.002
"K_uu_weight[0, 21]",0.103,0.105,0.0,0.294,0.003,0.004,1000.3,1231.35,1.002
"K_uu_weight[0, 22]",0.084,0.091,0.0,0.25,0.003,0.004,994.02,1207.162,1.002
"K_uu_weight[0, 23]",0.069,0.079,0.0,0.213,0.002,0.004,988.018,1115.398,1.002
"K_uu_weight[0, 24]",0.056,0.067,0.0,0.177,0.002,0.003,983.03,1115.398,1.002
"K_uu_weight[0, 25]",0.045,0.057,0.0,0.148,0.002,0.003,979.245,1081.93,1.002
"K_uu_weight[0, 26]",0.036,0.049,0.0,0.123,0.001,0.003,975.369,1083.791,1.002
"K_uu_weight[0, 27]",0.029,0.041,0.0,0.101,0.001,0.002,973.574,1060.506,1.002
"K_uu_weight[0, 28]",0.023,0.034,0.0,0.082,0.001,0.002,971.629,1060.506,1.002
"K_uu_weight[0, 29]",0.018,0.029,0.0,0.066,0.001,0.002,970.041,1060.506,1.002
"K_uu_weight[0, 30]",0.014,0.024,0.0,0.054,0.001,0.002,969.268,1060.506,1.002
"K_uu_weight[0, 31]",0.011,0.019,0.0,0.043,0.001,0.001,969.368,1060.73,1.003
"K_uu_weight[0, 32]",0.008,0.016,0.0,0.034,0.0,0.001,969.399,1060.73,1.003
"K_uu_weight[0, 33]",0.007,0.013,0.0,0.026,0.0,0.001,969.126,1097.834,1.003
"K_uu_weight[0, 34]",0.005,0.011,0.0,0.02,0.0,0.001,969.935,1097.834,1.003
"K_uu_weight[0, 35]",0.004,0.009,0.0,0.016,0.0,0.001,971.118,1097.391,1.003
"K_uu_weight[0, 36]",0.003,0.007,0.0,0.012,0.0,0.001,971.177,1097.391,1.003
"K_uu_weight[0, 37]",0.002,0.006,0.0,0.009,0.0,0.001,970.506,1123.149,1.003
"K_uu_weight[0, 38]",0.002,0.004,0.0,0.007,0.0,0.0,971.489,1123.149,1.003
"K_uu_weight[0, 39]",0.001,0.004,0.0,0.005,0.0,0.0,972.212,1123.149,1.003
"K_uu_weight[0, 40]",0.001,0.003,0.0,0.004,0.0,0.0,971.981,1123.149,1.003
"K_uu_weight[0, 41]",0.001,0.002,0.0,0.003,0.0,0.0,972.335,1097.214,1.003
"K_uu_weight[0, 42]",0.001,0.002,0.0,0.002,0.0,0.0,973.183,1072.619,1.003
"K_uu_weight[0, 43]",0.0,0.001,0.0,0.002,0.0,0.0,973.22,1072.619,1.003
"K_uu_weight[0, 44]",0.0,0.001,0.0,0.001,0.0,0.0,974.152,1072.619,1.003
"K_uu_weight[0, 45]",0.0,0.001,0.0,0.001,0.0,0.0,973.857,1072.619,1.003
"K_uu_weight[0, 46]",0.0,0.001,0.0,0.001,0.0,0.0,973.531,1072.619,1.003
"K_uu_weight[0, 47]",0.0,0.0,0.0,0.0,0.0,0.0,973.72,1072.619,1.003
"K_uu_weight[0, 48]",0.0,0.0,0.0,0.0,0.0,0.0,974.287,1072.619,1.003
"K_uu_weight[0, 49]",0.0,0.0,0.0,0.0,0.0,0.0,975.11,1078.252,1.003
"K_uu_weight[1, 0]",0.996,0.446,0.326,1.791,0.011,0.013,1585.553,1523.932,1.0
"K_uu_weight[1, 1]",1.002,0.448,0.332,1.805,0.011,0.013,1587.497,1523.932,1.0
"K_uu_weight[1, 2]",0.996,0.446,0.326,1.791,0.011,0.013,1585.553,1523.932,1.0
"K_uu_weight[1, 3]",0.979,0.441,0.32,1.763,0.011,0.013,1579.754,1523.932,1.0
"K_uu_weight[1, 4]",0.951,0.433,0.289,1.699,0.011,0.013,1569.425,1500.248,0.999
"K_uu_weight[1, 5]",0.913,0.422,0.273,1.644,0.011,0.012,1553.645,1524.009,1.0
"K_uu_weight[1, 6]",0.866,0.408,0.282,1.605,0.01,0.012,1531.753,1524.009,1.0
"K_uu_weight[1, 7]",0.813,0.393,0.259,1.529,0.01,0.012,1499.976,1523.757,1.0
"K_uu_weight[1, 8]",0.755,0.376,0.21,1.432,0.01,0.011,1446.297,1524.163,1.0
"K_uu_weight[1, 9]",0.694,0.358,0.199,1.365,0.01,0.011,1386.339,1548.452,0.999
"K_uu_weight[1, 10]",0.632,0.339,0.163,1.252,0.009,0.01,1322.543,1539.029,1.0
"K_uu_weight[1, 11]",0.569,0.319,0.127,1.162,0.009,0.01,1267.754,1493.448,1.0
"K_uu_weight[1, 12]",0.508,0.298,0.111,1.078,0.008,0.009,1219.146,1445.164,1.0
"K_uu_weight[1, 13]",0.449,0.277,0.053,0.943,0.008,0.009,1175.717,1451.542,1.0
"K_uu_weight[1, 14]",0.393,0.256,0.037,0.851,0.007,0.008,1143.81,1450.508,1.001
"K_uu_weight[1, 15]",0.342,0.235,0.023,0.765,0.007,0.008,1115.048,1301.002,1.001
"K_uu_weight[1, 16]",0.295,0.214,0.012,0.679,0.006,0.007,1083.999,1406.558,1.001
"K_uu_weight[1, 17]",0.252,0.193,0.006,0.595,0.006,0.007,1061.226,1321.641,1.001
"K_uu_weight[1, 18]",0.214,0.173,0.004,0.53,0.005,0.006,1044.402,1270.623,1.001
"K_uu_weight[1, 19]",0.18,0.155,0.0,0.458,0.005,0.006,1029.035,1224.009,1.002
"K_uu_weight[1, 20]",0.151,0.137,0.0,0.398,0.004,0.005,1015.594,1252.581,1.002
"K_uu_weight[1, 21]",0.125,0.12,0.0,0.342,0.004,0.005,1007.441,1228.555,1.002
"K_uu_weight[1, 22]",0.103,0.105,0.0,0.294,0.003,0.004,1000.3,1231.35,1.002
"K_uu_weight[1, 23]",0.084,0.091,0.0,0.25,0.003,0.004,994.02,1207.162,1.002
"K_uu_weight[1, 24]",0.069,0.079,0.0,0.213,0.002,0.004,988.018,1115.398,1.002
"K_uu_weight[1, 25]",0.056,0.067,0.0,0.177,0.002,0.003,983.03,1115.398,1.002
"K_uu_weight[1, 26]",0.045,0.057,0.0,0.148,0.002,0.003,979.245,1081.93,1.002
"K_uu_weight[1, 27]",0.036,0.049,0.0,0.123,0.001,0.003,975.369,1083.791,1.002
"K_uu_weight[1, 28]",0.029,0.041,0.0,0.101,0.001,0.002,973.574,1060.506,1.002
"K_uu_weight[1, 29]",0.023,0.034,0.0,0.082,0.001,0.002,971.629,1060.506,1.002
"K_uu_weight[1, 30]",0.018,0.029,0.0,0.066,0.001,0.002,970.041,1060.506,1.002
"K_uu_weight[1, 31]",0.014,0.024,0.0,0.054,0.001,0.002,969.268,1060.506,1.002
"K_uu_weight[1, 32]",0.011,0.019,0.0,0.043,0.001,0.001,969.368,1060.73,1.003
"K_uu_weight[1, 33]",0.008,0.016,0.0,0.034,0.0,0.001,969.399,1060.73,1.003
"K_uu_weight[1, 34]",0.007,0.013,0.0,0.026,0.0,0.001,969.126,1097.834,1.003
"K_uu_weight[1, 35]",0.005,0.011,0.0,0.02,0.0,0.001,969.935,1097.834,1.003
"K_uu_weight[1, 36]",0.004,0.009,0.0,0.016,0.0,0.001,971.118,1097.391,1.003
"K_uu_weight[1, 37]",0.003,0.007,0.0,0.012,0.0,0.001,971.177,1097.391,1.003
"K_uu_weight[1, 38]",0.002,0.006,0.0,0.009,0.0,0.001,970.506,1123.149,1.003
"K_uu_weight[1, 39]",0.002,0.004,0.0,0.007,0.0,0.0,971.489,1123.149,1.003
"K_uu_weight[1, 40]",0.001,0.004,0.0,0.005,0.0,0.0,972.212,1123.149,1.003
"K_uu_weight[1, 41]",0.001,0.003,0.0,0.004,0.0,0.0,971.981,1123.149,1.003
"K_uu_weight[1, 42]",0.001,0.002,0.0,0.003,0.0,0.0,972.335,1097.214,1.003
"K_uu_weight[1, 43]",0.001,0.002,0.0,0.002,0.0,0.0,973.183,1072.619,1.003
"K_uu_weight[1, 44]",0.0,0.001,0.0,0.002,0.0,0.0,973.22,1072.619,1.003
"K_uu_weight[1, 45]",0.0,0.001,0.0,0.001,0.0,0.0,974.152,1072.619,1.003
"K_uu_weight[1, 46]",0.0,0.001,0.0,0.001,0.0,0.0,973.857,1072.619,1.003
"K_uu_weight[1, 47]",0.0,0.001,0.0,0.001,0.0,0.0,973.531,1072.619,1.003
"K_uu_weight[1, 48]",0.0,0.0,0.0,0.0,0.0,0.0,973.72,1072.619,1.003
"K_uu_weight[1, 49]",0.0,0.0,0.0,0.0,0.0,0.0,974.287,1072.619,1.003
"K_uu_weight[2, 0]",0.979,0.441,0.32,1.763,0.011,0.013,1579.754,1523.932,1.0
"K_uu_weight[2, 1]",0.996,0.446,0.326,1.791,0.011,0.013,1585.553,1523.932,1.0
"K_uu_weight[2, 2]",1.002,0.448,0.332,1.805,0.011,0.013,1587.497,1523.932,1.0
"K_uu_weight[2, 3]",0.996,0.446,0.326,1.791,0.011,0.013,1585.553,1523.932,1.0
"K_uu_weight[2, 4]",0.979,0.441,0.32,1.763,0.011,0.013,1579.754,1523.932,1.0
"K_uu_weight[2, 5]",0.951,0.433,0.289,1.699,0.011,0.013,1569.425,1500.248,0.999
"K_uu_weight[2, 6]",0.913,0.422,0.273,1.644,0.011,0.012,1553.645,1524.009,1.0
"K_uu_weight[2, 7]",0.866,0.408,0.282,1.605,0.01,0.012,1531.753,1524.009,1.0
"K_uu_weight[2, 8]",0.813,0.393,0.259,1.529,0.01,0.012,1499.976,1523.757,1.0
"K_uu_weight[2, 9]",0.755,0.376,0.21,1.432,0.01,0.011,1446.297,1524.163,1.0
"K_uu_weight[2, 10]",0.694,0.358,0.199,1.365,0.01,0.011,1386.339,1548.452,0.999
"K_uu_weight[2, 11]",0.632,0.339,0.163,1.252,0.009,0.01,1322.543,1539.029,1.0
"K_uu_weight[2, 12]",0.569,0.319,0.127,1.162,0.009,0.01,1267.754,1493.448,1.0
"K_uu_weight[2, 13]",0.508,0.298,0.111,1.078,0.008,0.009,1219.146,1445.164,1.0
"K_uu_weight[2, 14]",0.449,0.277,0.053,0.943,0.008,0.009,1175.717,1451.542,1.0
"K_uu_weight[2, 15]",0.393,0.256,0.037,0.851,0.007,0.008,1143.81,1450.508,1.001
"K_uu_weight[2, 16]",0.342,0.235,0.023,0.765,0.007,0.008,1115.048,1301.002,1.001
"K_uu_weight[2, 17]",0.295,0.214,0.012,0.679,0.006,0.007,1083.999,1406.558,1.001
"K_uu_weight[2, 18]",0.252,0.193,0.006,0.595,0.006,0.007,1061.226,1321.641,1.001
"K_uu_weight[2, 19]",0.214,0.173,0.004,0.53,0.005,0.006,1044.402,1270.623,1.001
"K_uu_weight[2, 20]",0.18,0.155,0.0,0.458,0.005,0.006,1029.035,1224.009,1.002
"K_uu_weight[2, 21]",0.151,0.137,0.0,0.398,0.004,0.005,1015.594,1252.581,1.002
"K_uu_weight[2, 22]",0.125,0.12,0.0,0.342,0.004,0.005,1007.441,1228.555,1.002
"K_uu_weight[2, 23]",0.103,0.105,0.0,0.294,0.003,0.004,1000.3,1231.35,1.002
"K_uu_weight[2, 24]",0.084,0.091,0.0,0.25,0.003,0.004,994.02,1207.162,1.002
"K_uu_weight[2, 25]",0.069,0.079,0.0,0.213,0.002,0.004,988.018,1115.398,1.002
"K_uu_weight[2, 26]",0.056,0.067,0.0,0.177,0.002,0.003,983.03,1115.398,1.002
"K_uu_weight[2, 27]",0.045,0.057,0.0,0.148,0.002,0.003,979.245,1081.93,1.002
"K_uu_weight[2, 28]",0.036,0.049,0.0,0.123,0.001,0.003,975.369,1083.791,1.002
"K_uu_weight[2, 29]",0.029,0.041,0.0,0.101,0.001,0.002,973.574,1060.506,1.002
"K_uu_weight[2, 30]",0.023,0.034,0.0,0.082,0.001,0.002,971.629,1060.506,1.002
"K_uu_weight[2, 31]",0.018,0.029,0.0,0.066,0.001,0.002,970.041,1060.506,1.002
"K_uu_weight[2, 32]",0.014,0.024,0.0,0.054,0.001,0.002,969.268,1060.506,1.002
"K_uu_weight[2, 33]",0.011,0.019,0.0,0.043,0.001,0.001,969.368,1060.73,1.003
"K_uu_weight[2, 34]",0.008,0.016,0.0,0.034,0.0,0.001,969.399,1060.73,1.003
"K_uu_weight[2, 35]",0.007,0.013,0.0,0.026,0.0,0.001,969.126,1097.834,1.003
"K_uu_weight[2, 36]",0.005,0.011,0.0,0.02,0.0,0.001,969.935,1097.834,1.003
"K_uu_weight[2, 37]",0.004,0.009,0.0,0.016,0.0,0.001,971.118,1097.391,1.003
"K_uu_weight[2, 38]",0.003,0.007,0.0,0.012,0.0,0.001,971.177,1097.391,1.003
"K_uu_weight[2, 39]",0.002,0.006,0.0,0.009,0.0,0.001,970.506,1123.149,1.003
"K_uu_weight[2, 40]",0.002,0.004,0.0,0.007,0.0,0.0,971.489,1123.149,1.003
"K_uu_weight[2, 41]",0.001,0.004,0.0,0.005,0.0,0.0,972.212,1123.149,1.003
"K_uu_weight[2, 42]",0.001,0.003,0.0,0.004,0.0,0.0,971.981,1123.149,1.003
"K_uu_weight[2, 43]",0.001,0.002,0.0,0.003,0.0,0.0,972.335,1097.214,1.003
"K_uu_weight[2, 44]",0.001,0.002,0.0,0.002,0.0,0.0,973.183,1072.619,1.003
"K_uu_weight[2, 45]",0.0,0.001,0.0,0.002,0.0,0.0,973.22,1072.619,1.003
"K_uu_weight[2, 46]",0.0,0.001,0.0,0.001,0.0,0.0,974.152,1072.619,1.003
"K_uu_weight[2, 47]",0.0,0.001,0.0,0.001,0.0,0.0,973.857,1072.619,1.003
"K_uu_weight[2, 48]",0.0,0.001,0.0,0.001,0.0,0.0,973.531,1072.619,1.003
"K_uu_weight[2, 49]",0.0,0.0,0.0,0.0,0.0,0.0,973.72,1072.619,1.003
"K_uu_weight[3, 0]",0.951,0.433,0.289,1.699,0.011,0.013,1569.425,1500.248,0.999
"K_uu_weight[3, 1]",0.979,0.441,0.32,1.763,0.011,0.013,1579.754,1523.932,1.0
"K_uu_weight[3, 2]",0.996,0.446,0.326,1.791,0.011,0.013,1585.553,1523.932,1.0
"K_uu_weight[3, 3]",1.002,0.448,0.332,1.805,0.011,0.013,1587.497,1523.932,1.0
"K_uu_weight[3, 4]",0.996,0.446,0.326,1.791,0.011,0.013,1585.553,1523.932,1.0
"K_uu_weight[3, 5]",0.979,0.441,0.32,1.763,0.011,0.013,1579.754,1523.932,1.0
"K_uu_weight[3, 6]",0.951,0.433,0.289,1.699,0.011,0.013,1569.425,1500.248,0.999
"K_uu_weight[3, 7]",0.913,0.422,0.273,1.644,0.011,0.012,1553.645,1524.009,1.0
"K_uu_weight[3, 8]",0.866,0.408,0.282,1.605,0.01,0.012,1531.753,1524.009,1.0
"K_uu_weight[3, 9]",0.813,0.393,0.259,1.529,0.01,0.012,1499.976,1523.757,1.0
"K_uu_weight[3, 10]",0.755,0.376,0.21,1.432,0.01,0.011,1446.297,1524.163,1.0
"K_uu_weight[3, 11]",0.694,0.358,0.199,1.365,0.01,0.011,1386.339,1548.452,0.999
"K_uu_weight[3, 12]",0.632,0.339,0.163,1.252,0.009,0.01,1322.543,1539.029,1.0
"K_uu_weight[3, 13]",0.569,0.319,0.127,1.162,0.009,0.01,1267.754,1493.448,1.0
"K_uu_weight[3, 14]",0.508,0.298,0.111,1.078,0.008,0.009,1219.146,1445.164,1.0
"K_uu_weight[3, 15]",0.449,0.277,0.053,0.943,0.008,0.009,1175.717,1451.542,1.0
"K_uu_weight[3, 16]",0.393,0.256,0.037,0.851,0.007,0.008,1143.81,1450.508,1.001
"K_uu_weight[3, 17]",0.342,0.235,0.023,0.765,0.007,0.008,1115.048,1301.002,1.001
"K_uu_weight[3, 18]",0.295,0.214,0.012,0.679,0.006,0.007,1083.999,1406.558,1.001
"K_uu_weight[3, 19]",0.252,0.193,0.006,0.595,0.006,0.007,1061.226,1321.641,1.001
"K_uu_weight[3, 20]",0.214,0.173,0.004,0.53,0.005,0.006,1044.402,1270.623,1.001
"K_uu_weight[3, 21]",0.18,0.155,0.0,0.458,0.005,0.006,1029.035,1224.009,1.002
"K_uu_weight[3, 22]",0.151,0.137,0.0,0.398,0.004,0.005,1015.594,1252.581,1.002
"K_uu_weight[3, 23]",0.125,0.12,0.0,0.342,0.004,0.005,1007.441,1228.555,1.002
"K_uu_weight[3, 24]",0.103,0.105,0.0,0.294,0.003,0.004,1000.3,1231.35,1.002
"K_uu_weight[3, 25]",0.084,0.091,0.0,0.25,0.003,0.004,994.02,1207.162,1.002
"K_uu_weight[3, 26]",0.069,0.079,0.0,0.213,0.002,0.004,988.018,1115.398,1.002
"K_uu_weight[3, 27]",0.056,0.067,0.0,0.177,0.002,0.003,983.03,1115.398,1.002
"K_uu_weight[3, 28]",0.045,0.057,0.0,0.148,0.002,0.003,979.245,1081.93,1.002
"K_uu_weight[3, 29]",0.036,0.049,0.0,0.123,0.001,0.003,975.369,1083.791,1.002
"K_uu_weight[3, 30]",0.029,0.041,0.0,0.101,0.001,0.002,973.574,1060.506,1.002
"K_uu_weight[3, 31]",0.023,0.034,0.0,0.082,0.001,0.002,971.629,1060.506,1.002
"K_uu_weight[3, 32]",0.018,0.029,0.0,0.066,0.001,0.002,970.041,1060.506,1.002
"K_uu_weight[3, 33]",0.014,0.024,0.0,0.054,0.001,0.002,969.268,1060.506,1.002
"K_uu_weight[3, 34]",0.011,0.019,0.0,0.043,0.001,0.001,969.368,1060.73,1.003
"K_uu_weight[3, 35]",0.008,0.016,0.0,0.034,0.0,0.001,969.399,1060.73,1.003
"K_uu_weight[3, 36]",0.007,0.013,0.0,0.026,0.0,0.001,969.126,1097.834,1.003
"K_uu_weight[3, 37]",0.005,0.011,0.0,0.02,0.0,0.001,969.935,1097.834,1.003
"K_uu_weight[3, 38]",0.004,0.009,0.0,0.016,0.0,0.001,971.118,1097.391,1.003
"K_uu_weight[3, 39]",0.003,0.007,0.0,0.012,0.0,0.001,971.177,1097.391,1.003
"K_uu_weight[3, 40]",0.002,0.006,0.0,0.009,0.0,0.001,970.506,1123.149,1.003
"K_uu_weight[3, 41]",0.002,0.004,0.0,0.007,0.0,0.0,971.489,1123.149,1.003
"K_uu_weight[3, 42]",0.001,0.004,0.0,0.005,0.0,0.0,972.212,1123.149,1.003
"K_uu_weight[3, 43]",0.001,0.003,0.0,0.004,0.0,0.0,971.981,1123.149,1.003
"K_uu_weight[3, 44]",0.001,0.002,0.0,0.003,0.0,0.0,972.335,1097.214,1.003
"K_uu_weight[3, 45]",0.001,0.002,0.0,0.002,0.0,0.0,973.183,1072.619,1.003
"K_uu_weight[3, 46]",0.0,0.001,0.0,0.002,0.0,0.0,973.22,1072.619,1.003
"K_uu_weight[3, 47]",0.0,0.001,0.0,0.001,0.0,0.0,974.152,1072.619,1.003
"K_uu_weight[3, 48]",0.0,0.001,0.0,0.001,0.0,0.0,973.857,1072.619,1.003
"K_uu_weight[3, 49]",0.0,0.001,0.0,0.001,0.0,0.0,973.531,1072.619,1.003
"K_uu_weight[4, 0]",0.913,0.422,0.273,1.644,0.011,0.012,1553.645,1524.009,1.0
"K_uu_weight[4, 1]",0.951,0.433,0.289,1.699,0.011,0.013,1569.425,1500.248,0.999
"K_uu_weight[4, 2]",0.979,0.441,0.32,1.763,0.011,0.013,1579.754,1523.932,1.0
"K_uu_weight[4, 3]",0.996,0.446,0.326,1.791,0.011,0.013,1585.553,1523.932,1.0
"K_uu_weight[4, 4]",1.002,0.448,0.332,1.805,0.011,0.013,1587.497,1523.932,1.0
"K_uu_weight[4, 5]",0.996,0.446,0.326,1.791,0.011,0.013,1585.553,1523.932,1.0
"K_uu_weight[4, 6]",0.979,0.441,0.32,1.763,0.011,0.013,1579.754,1523.932,1.0
"K_uu_weight[4, 7]",0.951,0.433,0.289,1.699,0.011,0.013,1569.425,1500.248,0.999
"K_uu_weight[4, 8]",0.913,0.422,0.273,1.644,0.011,0.012,1553.645,1524.009,1.0
"K_uu_weight[4, 9]",0.866,0.408,0.282,1.605,0.01,0.012,1531.753,1524.009,1.0
"K_uu_weight[4, 10]",0.813,0.393,0.259,1.529,0.01,0.012,1499.976,1523.757,1.0
"K_uu_weight[4, 11]",0.755,0.376,0.21,1.432,0.01,0.011,1446.297,1524.163,1.0
"K_uu_weight[4, 12]",0.694,0.358,0.199,1.365,0.01,0.011,1386.339,1548.452,0.999
"K_uu_weight[4, 13]",0.632,0.339,0.163,1.252,0.009,0.01,1322.543,1539.029,1.0
"K_uu_weight[4, 14]",0.569,0.319,0.127,1.162,0.009,0.01,1267.754,1493.448,1.0
"K_uu_weight[4, 15]",0.508,0.298,0.111,1.078,0.008,0.009,1219.146,1445.164,1.0
"K_uu_weight[4, 16]",0.449,0.277,0.053,0.943,0.008,0.009,1175.717,1451.542,1.0
"K_uu_weight[4, 17]",0.393,0.256,0.037,0.851,0.007,0.008,1143.81,1450.508,1.001
"K_uu_weight[4, 18]",0.342,0.235,0.023,0.765,0.007,0.008,1115.048,1301.002,1.001
"K_uu_weight[4, 19]",0.295,0.214,0.012,0.679,0.006,0.007,1083.999,1406.558,1.001
"K_uu_weight[4, 20]",0.252,0.193,0.006,0.595,0.006,0.007,1061.226,1321.641,1.001
"K_uu_weight[4, 21]",0.214,0.173,0.004,0.53,0.005,0.006,1044.402,1270.623,1.001
"K_uu_weight[4, 22]",0.18,0.155,0.0,0.458,0.005,0.006,1029.035,1224.009,1.002
"K_uu_weight[4, 23]",0.151,0.137,0.0,0.398,0.004,0.005,1015.594,1252.581,1.002
"K_uu_weight[4, 24]",0.125,0.12,0.0,0.342,0.004,0.005,1007.441,1228.555,1.002
"K_uu_weight[4, 25]",0.103,0.105,0.0,0.294,0.003,0.004,1000.3,1231.35,1.002
"K_uu_weight[4, 26]",0.084,0.091,0.0,0.25,0.003,0.004,994.02,1207.162,1.002
"K_uu_weight[4, 27]",0.069,0.079,0.0,0.213,0.002,0.004,988.018,1115.398,1.002
"K_uu_weight[4, 28]",0.056,0.067,0.0,0.177,0.002,0.003,983.03,1115.398,1.002
"K_uu_weight[4, 29]",0.045,0.057,0.0,0.148,0.002,0.003,979.245,1081.93,1.002
"K_uu_weight[4, 30]",0.036,0.049,0.0,0.123,0.001,0.003,975.369,1083.791,1.002
"K_uu_weight[4, 31]",0.029,0.041,0.0,0.101,0.001,0.002,973.574,1060.506,1.002
"K_uu_weight[4, 32]",0.023,0.034,0.0,0.082,0.001,0.002,971.629,1060.506,1.002
"K_uu_weight[4, 33]",0.018,0.029,0.0,0.066,0.001,0.002,970.041,1060.506,1.002
"K_uu_weight[4, 34]",0.014,0.024,0.0,0.054,0.001,0.002,969.268,1060.506,1.002
"K_uu_weight[4, 35]",0.011,0.019,0.0,0.043,0.001,0.001,969.368,1060.73,1.003
"K_uu_weight[4, 36]",0.008,0.016,0.0,0.034,0.0,0.001,969.399,1060.73,1.003
"K_uu_weight[4, 37]",0.007,0.013,0.0,0.026,0.0,0.001,969.126,1097.834,1.003
"K_uu_weight[4, 38]",0.005,0.011,0.0,0.02,0.0,0.001,969.935,1097.834,1.003
"K_uu_weight[4, 39]",0.004,0.009,0.0,0.016,0.0,0.001,971.118,1097.391,1.003
"K_uu_weight[4, 40]",0.003,0.007,0.0,0.012,0.0,0.001,971.177,1097.391,1.003
"K_uu_weight[4, 41]",0.002,0.006,0.0,0.009,0.0,0.001,970.506,1123.149,1.003
"K_uu_weight[4, 42]",0.002,0.004,0.0,0.007,0.0,0.0,971.489,1123.149,1.003
"K_uu_weight[4, 43]",0.001,0.004,0.0,0.005,0.0,0.0,972.212,1123.149,1.003
"K_uu_weight[4, 44]",0.001,0.003,0.0,0.004,0.0,0.0,971.981,1123.149,1.003
"K_uu_weight[4, 45]",0.001,0.002,0.0,0.003,0.0,0.0,972.335,1097.214,1.003
"K_uu_weight[4, 46]",0.001,0.002,0.0,0.002,0.0,0.0,973.183,1072.619,1.003
"K_uu_weight[4, 47]",0.0,0.001,0.0,0.002,0.0,0.0,973.22,1072.619,1.003
"K_uu_weight[4, 48]",0.0,0.001,0.0,0.001,0.0,0.0,974.152,1072.619,1.003
"K_uu_weight[4, 49]",0.0,0.001,0.0,0.001,0.0,0.0,973.857,1072.619,1.003
"K_uu_weight[5, 0]",0.866,0.408,0.282,1.605,0.01,0.012,1531.753,1524.009,1.0
"K_uu_weight[5, 1]",0.913,0.422,0.273,1.644,0.011,0.012,1553.645,1524.009,1.0
"K_uu_weight[5, 2]",0.951,0.433,0.289,1.699,0.011,0.013,1569.425,1500.248,0.999
"K_uu_weight[5, 3]",0.979,0.441,0.32,1.763,0.011,0.013,1579.754,1523.932,1.0
"K_uu_weight[5, 4]",0.996,0.446,0.326,1.791,0.011,0.013,1585.553,1523.932,1.0
"K_uu_weight[5, 5]",1.002,0.448,0.332,1.805,0.011,0.013,1587.497,1523.932,1.0
"K_uu_weight[5, 6]",0.996,0.446,0.326,1.791,0.011,0.013,1585.553,1523.932,1.0
"K_uu_weight[5, 7]",0.979,0.441,0.32,1.763,0.011,0.013,1579.754,1523.932,1.0
"K_uu_weight[5, 8]",0.951,0.433,0.289,1.699,0.011,0.013,1569.425,1500.248,0.999
"K_uu_weight[5, 9]",0.913,0.422,0.273,1.644,0.011,0.012,1553.645,1524.009,1.0
"K_uu_weight[5, 10]",0.866,0.408,0.282,1.605,0.01,0.012,1531.753,1524.009,1.0
"K_uu_weight[5, 11]",0.813,0.393,0.259,1.529,0.01,0.012,1499.976,1523.757,1.0
"K_uu_weight[5, 12]",0.755,0.376,0.21,1.432,0.01,0.011,1446.297,1524.163,1.0
"K_uu_weight[5, 13]",0.694,0.358,0.199,1.365,0.01,0.011,1386.339,1548.452,0.999
"K_uu_weight[5, 14]",0.632,0.339,0.163,1.252,0.009,0.01,1322.543,1539.029,1.0
"K_uu_weight[5, 15]",0.569,0.319,0.127,1.162,0.009,0.01,1267.754,1493.448,1.0
"K_uu_weight[5, 16]",0.508,0.298,0.111,1.078,0.008,0.009,1219.146,1445.164,1.0
"K_uu_weight[5, 17]",0.449,0.277,0.053,0.943,0.008,0.009,1175.717,1451.542,1.0
"K_uu_weight[5, 18]",0.393,0.256,0.037,0.851,0.007,0.008,1143.81,1450.508,1.001
"K_uu_weight[5, 19]",0.342,0.235,0.023,0.765,0.007,0.008,1115.048,1301.002,1.001
"K_uu_weight[5, 20]",0.295,0.214,0.012,0.679,0.006,0.007,1083.999,1406.558,1.001
"K_uu_weight[5, 21]",0.252,0.193,0.006,0.595,0.006,0.007,1061.226,1321.641,1.001
"K_uu_weight[5, 22]",0.214,0.173,0.004,0.53,0.005,0.006,1044.402,1270.623,1.001
"K_uu_weight[5, 23]",0.18,0.155,0.0,0.458,0.005,0.006,1029.035,1224.009,1.002
"K_uu_weight[5, 24]",0.151,0.137,0.0,0.398,0.004,0.005,1015.594,1252.581,1.002
"K_uu_weight[5, 25]",0.125,0.12,0.0,0.342,0.004,0.005,1007.441,1228.555,1.002
"K_uu_weight[5, 26]",0.103,0.105,0.0,0.294,0.003,0.004,1000.3,1231.35,1.002
"K_uu_weight[5, 27]",0.084,0.091,0.0,0.25,0.003,0.004,994.02,1207.162,1.002
"K_uu_weight[5, 28]",0.069,0.079,0.0,0.213,0.002,0.004,988.018,1115.398,1.002
"K_uu_weight[5, 29]",0.056,0.067,0.0,0.177,0.002,0.003,983.03,1115.398,1.002
"K_uu_weight[5, 30]",0.045,0.057,0.0,0.148,0.002,0.003,979.245,1081.93,1.002
"K_uu_weight[5, 31]",0.036,0.049,0.0,0.123,0.001,0.003,975.369,1083.791,1.002
"K_uu_weight[5, 32]",0.029,0.041,0.0,0.101,0.001,0.002,973.574,1060.506,1.002
"K_uu_weight[5, 33]",0.023,0.034,0.0,0.082,0.001,0.002,971.629,1060.506,1.002
"K_uu_weight[5, 34]",0.018,0.029,0.0,0.066,0.001,0.002,970.041,1060.506,1.002
"K_uu_weight[5, 35]",0.014,0.024,0.0,0.054,0.001,0.002,969.268,1060.506,1.002
"K_uu_weight[5, 36]",0.011,0.019,0.0,0.043,0.001,0.001,969.368,1060.73,1.003
"K_uu_weight[5, 37]",0.008,0.016,0.0,0.034,0.0,0.001,969.399,1060.73,1.003
"K_uu_weight[5, 38]",0.007,0.013,0.0,0.026,0.0,0.001,969.126,1097.834,1.003
"K_uu_weight[5, 39]",0.005,0.011,0.0,0.02,0.0,0.001,969.935,1097.834,1.003
"K_uu_weight[5, 40]",0.004,0.009,0.0,0.016,0.0,0.001,971.118,1097.391,1.003
"K_uu_weight[5, 41]",0.003,0.007,0.0,0.012,0.0,0.001,971.177,1097.391,1.003
"K_uu_weight[5, 42]",0.002,0.006,0.0,0.009,0.0,0.001,970.506,1123.149,1.003
"K_uu_weight[5, 43]",0.002,0.004,0.0,0.007,0.0,0.0,971.489,1123.149,1.003
"K_uu_weight[5, 44]",0.001,0.004,0.0,0.005,0.0,0.0,972.212,1123.149,1.003
"K_uu_weight[5, 45]",0.001,0.003,0.0,0.004,0.0,0.0,971.981,1123.149,1.003
"K_uu_weight[5, 46]",0.001,0.002,0.0,0.003,0.0,0.0,972.335,1097.214,1.003
"K_uu_weight[5, 47]",0.001,0.002,0.0,0.002,0.0,0.0,973.183,1072.619,1.003
"K_uu_weight[5, 48]",0.0,0.001,0.0,0.002,0.0,0.0,973.22,1072.619,1.003
"K_uu_weight[5, 49]",0.0,0.001,0.0,0.001,0.0,0.0,974.152,1072.619,1.003
"K_uu_weight[6, 0]",0.813,0.393,0.259,1.529,0.01,0.012,1499.976,1523.757,1.0
"K_uu_weight[6, 1]",0.866,0.408,0.282,1.605,0.01,0.012,1531.753,1524.009,1.0
"K_uu_weight[6, 2]",0.913,0.422,0.273,1.644,0.011,0.012,1553.645,1524.009,1.0
"K_uu_weight[6, 3]",0.951,0.433,0.289,1.699,0.011,0.013,1569.425,1500.248,0.999
"K_uu_weight[6, 4]",0.979,0.441,0.32,1.763,0.011,0.013,1579.754,1523.932,1.0
"K_uu_weight[6, 5]",0.996,0.446,0.326,1.791,0.011,0.013,1585.553,1523.932,1.0
"K_uu_weight[6, 6]",1.002,0.448,0.332,1.805,0.011,0.013,1587.497,1523.932,1.0
"K_uu_weight[6, 7]",0.996,0.446,0.326,1.791,0.011,0.013,1585.553,1523.932,1.0
"K_uu_weight[6, 8]",0.979,0.441,0.32,1.763,0.011,0.013,1579.754,1523.932,1.0
"K_uu_weight[6, 9]",0.951,0.433,0.289,1.699,0.011,0.013,1569.425,1500.248,0.999
"K_uu_weight[6, 10]",0.913,0.422,0.273,1.644,0.011,0.012,1553.645,1524.009,1.0
"K_uu_weight[6, 11]",0.866,0.408,0.282,1.605,0.01,0.012,1531.753,1524.009,1.0
"K_uu_weight[6, 12]",0.813,0.393,0.259,1.529,0.01,0.012,1499.976,1523.757,1.0
"K_uu_weight[6, 13]",0.755,0.376,0.21,1.432,0.01,0.011,1446.297,1524.163,1.0
"K_uu_weight[6, 14]",0.694,0.358,0.199,1.365,0.01,0.011,1386.339,1548.452,0.999
"K_uu_weight[6, 15]",0.632,0.339,0.163,1.252,0.009,0.01,1322.543,1539.029,1.0
"K_uu_weight[6, 16]",0.569,0.319,0.127,1.162,0.009,0.01,1267.754,1493.448,1.0
"K_uu_weight[6, 17]",0.508,0.298,0.111,1.078,0.008,0.009,1219.146,1445.164,1.0
"K_uu_weight[6, 18]",0.449,0.277,0.053,0.943,0.008,0.009,1175.717,1451.542,1.0
"K_uu_weight[6, 19]",0.393,0.256,0.037,0.851,0.007,0.008,1143.81,1450.508,1.001
"K_uu_weight[6, 20]",0.342,0.235,0.023,0.765,0.007,0.008,1115.048,1301.002,1.001
"K_uu_weight[6, 21]",0.295,0.214,0.012,0.679,0.006,0.007,1083.999,1406.558,1.001
"K_uu_weight[6, 22]",0.252,0.193,0.006,0.595,0.006,0.007,1061.226,1321.641,1.001
"K_uu_weight[6, 23]",0.214,0.173,0.004,0.53,0.005,0.006,1044.402,1270.623,1.001
"K_uu_weight[6, 24]",0.18,0.155,0.0,0.458,0.005,0.006,1029.035,1224.009,1.002
"K_uu_weight[6, 25]",0.151,0.137,0.0,0.398,0.004,0.005,1015.594,1252.581,1.002
"K_uu_weight[6, 26]",0.125,0.12,0.0,0.342,0.004,0.005,1007.441,1228.555,1.002
"K_uu_weight[6, 27]",0.103,0.105,0.0,0.294,0.003,0.004,1000.3,1231.35,1.002
"K_uu_weight[6, 28]",0.084,0.091,0.0,0.25,0.003,0.004,994.02,1207.162,1.002
"K_uu_weight[6, 29]",0.069,0.079,0.0,0.213,0.002,0.004,988.018,1115.398,1.002
"K_uu_weight[6, 30]",0.056,0.067,0.0,0.177,0.002,0.003,983.03,1115.398,1.002
"K_uu_weight[6, 31]",0.045,0.057,0.0,0.148,0.002,0.003,979.245,1081.93,1.002
"K_uu_weight[6, 32]",0.036,0.049,0.0,0.123,0.001,0.003,975.369,1083.791,1.002
"K_uu_weight[6, 33]",0.029,0.041,0.0,0.101,0.001,0.002,973.574,1060.506,1.002
"K_uu_weight[6, 34]",0.023,0.034,0.0,0.082,0.001,0.002,971.629,1060.506,1.002
"K_uu_weight[6, 35]",0.018,0.029,0.0,0.066,0.001,0.002,970.041,1060.506,1.002
"K_uu_weight[6, 36]",0.014,0.024,0.0,0.054,0.001,0.002,969.268,1060.506,1.002
"K_uu_weight[6, 37]",0.011,0.019,0.0,0.043,0.001,0.001,969.368,1060.73,1.003
"K_uu_weight[6, 38]",0.008,0.016,0.0,0.034,0.0,0.001,969.399,1060.73,1.003
"K_uu_weight[6, 39]",0.007,0.013,0.0,0.026,0.0,0.001,969.126,1097.834,1.003
"K_uu_weight[6, 40]",0.005,0.011,0.0,0.02,0.0,0.001,969.935,1097.834,1.003
"K_uu_weight[6, 41]",0.004,0.009,0.0,0.016,0.0,0.001,971.118,1097.391,1.003
"K_uu_weight[6, 42]",0.003,0.007,0.0,0.012,0.0,0.001,971.177,1097.391,1.003
"K_uu_weight[6, 43]",0.002,0.006,0.0,0.009,0.0,0.001,970.506,1123.149,1.003
"K_uu_weight[6, 44]",0.002,0.004,0.0,0.007,0.0,0.0,971.489,1123.149,1.003
"K_uu_weight[6, 45]",0.001,0.004,0.0,0.005,0.0,0.0,972.212,1123.149,1.003
"K_uu_weight[6, 46]",0.001,0.003,0.0,0.004,0.0,0.0,971.981,1123.149,1.003
"K_uu_weight[6, 47]",0.001,0.002,0.0,0.003,0.0,0.0,972.335,1097.214,1.003
"K_uu_weight[6, 48]",0.001,0.002,0.0,0.002,0.0,0.0,973.183,1072.619,1.003
"K_uu_weight[6, 49]",0.0,0.001,0.0,0.002,0.0,0.0,973.22,1072.619,1.003
"K_uu_weight[7, 0]",0.755,0.376,0.21,1.432,0.01,0.011,1446.297,1524.163,1.0
"K_uu_weight[7, 1]",0.813,0.393,0.259,1.529,0.01,0.012,1499.976,1523.757,1.0
"K_uu_weight[7, 2]",0.866,0.408,0.282,1.605,0.01,0.012,1531.753,1524.009,1.0
"K_uu_weight[7, 3]",0.913,0.422,0.273,1.644,0.011,0.012,1553.645,1524.009,1.0
"K_uu_weight[7, 4]",0.951,0.433,0.289,1.699,0.011,0.013,1569.425,1500.248,0.999
"K_uu_weight[7, 5]",0.979,0.441,0.32,1.763,0.011,0.013,1579.754,1523.932,1.0
"K_uu_weight[7, 6]",0.996,0.446,0.326,1.791,0.011,0.013,1585.553,1523.932,1.0
"K_uu_weight[7, 7]",1.002,0.448,0.332,1.805,0.011,0.013,1587.497,1523.932,1.0
"K_uu_weight[7, 8]",0.996,0.446,0.326,1.791,0.011,0.013,1585.553,1523.932,1.0
"K_uu_weight[7, 9]",0.979,0.441,0.32,1.763,0.011,0.013,1579.754,1523.932,1.0
"K_uu_weight[7, 10]",0.951,0.433,0.289,1.699,0.011,0.013,1569.425,1500.248,0.999
"K_uu_weight[7, 11]",0.913,0.422,0.273,1.644,0.011,0.012,1553.645,1524.009,1.0
"K_uu_weight[7, 12]",0.866,0.408,0.282,1.605,0.01,0.012,1531.753,1524.009,1.0
"K_uu_weight[7, 13]",0.813,0.393,0.259,1.529,0.01,0.012,1499.976,1523.757,1.0
"K_uu_weight[7, 14]",0.755,0.376,0.21,1.432,0.01,0.011,1446.297,1524.163,1.0
"K_uu_weight[7, 15]",0.694,0.358,0.199,1.365,0.01,0.011,1386.339,1548.452,0.999
"K_uu_weight[7, 16]",0.632,0.339,0.163,1.252,0.009,0.01,1322.543,1539.029,1.0
"K_uu_weight[7, 17]",0.569,0.319,0.127,1.162,0.009,0.01,1267.754,1493.448,1.0
"K_uu_weight[7, 18]",0.508,0.298,0.111,1.078,0.008,0.009,1219.146,1445.164,1.0
"K_uu_weight[7, 19]",0.449,0.277,0.053,0.943,0.008,0.009,1175.717,1451.542,1.0
"K_uu_weight[7, 20]",0.393,0.256,0.037,0.851,0.007,0.008,1143.81,1450.508,1.001
"K_uu_weight[7, 21]",0.342,0.235,0.023,0.765,0.007,0.008,1115.048,1301.002,1.001
"K_uu_weight[7, 22]",0.295,0.214,0.012,0.679,0.006,0.007,1083.999,1406.558,1.001
"K_uu_weight[7, 23]",0.252,0.193,0.006,0.595,0.006,0.007,1061.226,1321.641,1.001
"K_uu_weight[7, 24]",0.214,0.173,0.004,0.53,0.005,0.006,1044.402,1270.623,1.001
"K_uu_weight[7, 25]",0.18,0.155,0.0,0.458,0.005,0.006,1029.035,1224.009,1.002
"K_uu_weight[7, 26]",0.151,0.137,0.0,0.398,0.004,0.005,1015.594,1252.581,1.002
"K_uu_weight[7, 27]",0.125,0.12,0.0,0.342,0.004,0.005,1007.441,1228.555,1.002
"K_uu_weight[7, 28]",0.103,0.105,0.0,0.294,0.003,0.004,1000.3,1231.35,1.002
"K_uu_weight[7, 29]",0.084,0.091,0.0,0.25,0.003,0.004,994.02,1207.162,1.002
"K_uu_weight[7, 30]",0.069,0.079,0.0,0.213,0.002,0.004,988.018,1115.398,1.002
"K_uu_weight[7, 31]",0.056,0.067,0.0,0.177,0.002,0.003,983.03,1115.398,1.002
"K_uu_weight[7, 32]",0.045,0.057,0.0,0.148,0.002,0.003,979.245,1081.93,1.002
"K_uu_weight[7, 33]",0.036,0.049,0.0,0.123,0.001,0.003,975.369,1083.791,1.002
"K_uu_weight[7, 34]",0.029,0.041,0.0,0.101,0.001,0.002,973.574,1060.506,1.002
"K_uu_weight[7, 35]",0.023,0.034,0.0,0.082,0.001,0.002,971.629,1060.506,1.002
"K_uu_weight[7, 36]",0.018,0.029,0.0,0.066,0.001,0.002,970.041,1060.506,1.002
"K_uu_weight[7, 37]",0.014,0.024,0.0,0.054,0.001,0.002,969.268,1060.506,1.002
"K_uu_weight[7, 38]",0.011,0.019,0.0,0.043,0.001,0.001,969.368,1060.73,1.003
"K_uu_weight[7, 39]",0.008,0.016,0.0,0.034,0.0,0.001,969.399,1060.73,1.003
"K_uu_weight[7, 40]",0.007,0.013,0.0,0.026,0.0,0.001,969.126,1097.834,1.003
"K_uu_weight[7, 41]",0.005,0.011,0.0,0.02,0.0,0.001,969.935,1097.834,1.003
"K_uu_weight[7, 42]",0.004,0.009,0.0,0.016,0.0,0.001,971.118,1097.391,1.003
"K_uu_weight[7, 43]",0.003,0.007,0.0,0.012,0.0,0.001,971.177,1097.391,1.003
"K_uu_weight[7, 44]",0.002,0.006,0.0,0.009,0.0,0.001,970.506,1123.149,1.003
"K_uu_weight[7, 45]",0.002,0.004,0.0,0.007,0.0,0.0,971.489,1123.149,1.003
"K_uu_weight[7, 46]",0.001,0.004,0.0,0.005,0.0,0.0,972.212,1123.149,1.003
"K_uu_weight[7, 47]",0.001,0.003,0.0,0.004,0.0,0.0,971.981,1123.149,1.003
"K_uu_weight[7, 48]",0.001,0.002,0.0,0.003,0.0,0.0,972.335,1097.214,1.003
"K_uu_weight[7, 49]",0.001,0.002,0.0,0.002,0.0,0.0,973.183,1072.619,1.003
"K_uu_weight[8, 0]",0.694,0.358,0.199,1.365,0.01,0.011,1386.339,1548.452,0.999
"K_uu_weight[8, 1]",0.755,0.376,0.21,1.432,0.01,0.011,1446.297,1524.163,1.0
"K_uu_weight[8, 2]",0.813,0.393,0.259,1.529,0.01,0.012,1499.976,1523.757,1.0
"K_uu_weight[8, 3]",0.866,0.408,0.282,1.605,0.01,0.012,1531.753,1524.009,1.0
"K_uu_weight[8, 4]",0.913,0.422,0.273,1.644,0.011,0.012,1553.645,1524.009,1.0
"K_uu_weight[8, 5]",0.951,0.433,0.289,1.699,0.011,0.013,1569.425,1500.248,0.999
"K_uu_weight[8, 6]",0.979,0.441,0.32,1.763,0.011,0.013,1579.754,1523.932,1.0
"K_uu_weight[8, 7]",0.996,0.446,0.326,1.791,0.011,0.013,1585.553,1523.932,1.0
"K_uu_weight[8, 8]",1.002,0.448,0.332,1.805,0.011,0.013,1587.497,1523.932,1.0
"K_uu_weight[8, 9]",0.996,0.446,0.326,1.791,0.011,0.013,1585.553,1523.932,1.0
"K_uu_weight[8, 10]",0.979,0.441,0.32,1.763,0.011,0.013,1579.754,1523.932,1.0
"K_uu_weight[8, 11]",0.951,0.433,0.289,1.699,0.011,0.013,1569.425,1500.248,0.999
"K_uu_weight[8, 12]",0.913,0.422,0.273,1.644,0.011,0.012,1553.645,1524.009,1.0
"K_uu_weight[8, 13]",0.866,0.408,0.282,1.605,0.01,0.012,1531.753,1524.009,1.0
"K_uu_weight[8, 14]",0.813,0.393,0.259,1.529,0.01,0.012,1499.976,1523.757,1.0
"K_uu_weight[8, 15]",0.755,0.376,0.21,1.432,0.01,0.011,1446.297,1524.163,1.0
"K_uu_weight[8, 16]",0.694,0.358,0.199,1.365,0.01,0.011,1386.339,1548.452,0.999
"K_uu_weight[8, 17]",0.632,0.339,0.163,1.252,0.009,0.01,1322.543,1539.029,1.0
"K_uu_weight[8, 18]",0.569,0.319,0.127,1.162,0.009,0.01,1267.754,1493.448,1.0
"K_uu_weight[8, 19]",0.508,0.298,0.111,1.078,0.008,0.009,1219.146,1445.164,1.0
"K_uu_weight[8, 20]",0.449,0.277,0.053,0.943,0.008,0.009,1175.717,1451.542,1.0
"K_uu_weight[8, 21]",0.393,0.256,0.037,0.851,0.007,0.008,1143.81,1450.508,1.001
"K_uu_weight[8, 22]",0.342,0.235,0.023,0.765,0.007,0.008,1115.048,1301.002,1.001
"K_uu_weight[8, 23]",0.295,0.214,0.012,0.679,0.006,0.007,1083.999,1406.558,1.001
"K_uu_weight[8, 24]",0.252,0.193,0.006,0.595,0.006,0.007,1061.226,1321.641,1.001
"K_uu_weight[8, 25]",0.214,0.173,0.004,0.53,0.005,0.006,1044.402,1270.623,1.001
"K_uu_weight[8, 26]",0.18,0.155,0.0,0.458,0.005,0.006,1029.035,1224.009,1.002
"K_uu_weight[8, 27]",0.151,0.137,0.0,0.398,0.004,0.005,1015.594,1252.581,1.002
"K_uu_weight[8, 28]",0.125,0.12,0.0,0.342,0.004,0.005,1007.441,1228.555,1.002
"K_uu_weight[8, 29]",0.103,0.105,0.0,0.294,0.003,0.004,1000.3,1231.35,1.002
"K_uu_weight[8, 30]",0.084,0.091,0.0,0.25,0.003,0.004,994.02,1207.162,1.002
"K_uu_weight[8, 31]",0.069,0.079,0.0,0.213,0.002,0.004,988.018,1115.398,1.002
"K_uu_weight[8, 32]",0.056,0.067,0.0,0.177,0.002,0.003,983.03,1115.398,1.002
"K_uu_weight[8, 33]",0.045,0.057,0.0,0.148,0.002,0.003,979.245,1081.93,1.002
"K_uu_weight[8, 34]",0.036,0.049,0.0,0.123,0.001,0.003,975.369,1083.791,1.002
"K_uu_weight[8, 35]",0.029,0.041,0.0,0.101,0.001,0.002,973.574,1060.506,1.002
"K_uu_weight[8, 36]",0.023,0.034,0.0,0.082,0.001,0.002,971.629,1060.506,1.002
"K_uu_weight[8, 37]",0.018,0.029,0.0,0.066,0.001,0.002,970.041,1060.506,1.002
"K_uu_weight[8, 38]",0.014,0.024,0.0,0.054,0.001,0.002,969.268,1060.506,1.002
"K_uu_weight[8, 39]",0.011,0.019,0.0,0.043,0.001,0.001,969.368,1060.73,1.003
"K_uu_weight[8, 40]",0.008,0.016,0.0,0.034,0.0,0.001,969.399,1060.73,1.003
"K_uu_weight[8, 41]",0.007,0.013,0.0,0.026,0.0,0.001,969.126,1097.834,1.003
"K_uu_weight[8, 42]",0.005,0.011,0.0,0.02,0.0,0.001,969.935,1097.834,1.003
"K_uu_weight[8, 43]",0.004,0.009,0.0,0.016,0.0,0.001,971.118,1097.391,1.003
"K_uu_weight[8, 44]",0.003,0.007,0.0,0.012,0.0,0.001,971.177,1097.391,1.003
"K_uu_weight[8, 45]",0.002,0.006,0.0,0.009,0.0,0.001,970.506,1123.149,1.003
"K_uu_weight[8, 46]",0.002,0.004,0.0,0.007,0.0,0.0,971.489,1123.149,1.003
"K_uu_weight[8, 47]",0.001,0.004,0.0,0.005,0.0,0.0,972.212,1123.149,1.003
"K_uu_weight[8, 48]",0.001,0.003,0.0,0.004,0.0,0.0,971.981,1123.149,1.003
"K_uu_weight[8, 49]",0.001,0.002,0.0,0.003,0.0,0.0,972.335,1097.214,1.003
"K_uu_weight[9, 0]",0.632,0.339,0.163,1.252,0.009,0.01,1322.543,1539.029,1.0
"K_uu_weight[9, 1]",0.694,0.358,0.199,1.365,0.01,0.011,1386.339,1548.452,0.999
"K_uu_weight[9, 2]",0.755,0.376,0.21,1.432,0.01,0.011,1446.297,1524.163,1.0
"K_uu_weight[9, 3]",0.813,0.393,0.259,1.529,0.01,0.012,1499.976,1523.757,1.0
"K_uu_weight[9, 4]",0.866,0.408,0.282,1.605,0.01,0.012,1531.753,1524.009,1.0
"K_uu_weight[9, 5]",0.913,0.422,0.273,1.644,0.011,0.012,1553.645,1524.009,1.0
"K_uu_weight[9, 6]",0.951,0.433,0.289,1.699,0.011,0.013,1569.425,1500.248,0.999
"K_uu_weight[9, 7]",0.979,0.441,0.32,1.763,0.011,0.013,1579.754,1523.932,1.0
"K_uu_weight[9, 8]",0.996,0.446,0.326,1.791,0.011,0.013,1585.553,1523.932,1.0
"K_uu_weight[9, 9]",1.002,0.448,0.332,1.805,0.011,0.013,1587.497,1523.932,1.0
"K_uu_weight[9, 10]",0.996,0.446,0.326,1.791,0.011,0.013,1585.553,1523.932,1.0
"K_uu_weight[9, 11]",0.979,0.441,0.32,1.763,0.011,0.013,1579.754,1523.932,1.0
"K_uu_weight[9, 12]",0.951,0.433,0.289,1.699,0.011,0.013,1569.425,1500.248,0.999
"K_uu_weight[9, 13]",0.913,0.422,0.273,1.644,0.011,0.012,1553.645,1524.009,1.0
"K_uu_weight[9, 14]",0.866,0.408,0.282,1.605,0.01,0.012,1531.753,1524.009,1.0
"K_uu_weight[9, 15]",0.813,0.393,0.259,1.529,0.01,0.012,1499.976,1523.757,1.0
"K_uu_weight[9, 16]",0.755,0.376,0.21,1.432,0.01,0.011,1446.297,1524.163,1.0
"K_uu_weight[9, 17]",0.694,0.358,0.199,1.365,0.01,0.011,1386.339,1548.452,0.999
"K_uu_weight[9, 18]",0.632,0.339,0.163,1.252,0.009,0.01,1322.543,1539.029,1.0
"K_uu_weight[9, 19]",0.569,0.319,0.127,1.162,0.009,0.01,1267.754,1493.448,1.0
"K_uu_weight[9, 20]",0.508,0.298,0.111,1.078,0.008,0.009,1219.146,1445.164,1.0
"K_uu_weight[9, 21]",0.449,0.277,0.053,0.943,0.008,0.009,1175.717,1451.542,1.0
"K_uu_weight[9, 22]",0.393,0.256,0.037,0.851,0.007,0.008,1143.81,1450.508,1.001
"K_uu_weight[9, 23]",0.342,0.235,0.023,0.765,0.007,0.008,1115.048,1301.002,1.001
"K_uu_weight[9, 24]",0.295,0.214,0.012,0.679,0.006,0.007,1083.999,1406.558,1.001
"K_uu_weight[9, 25]",0.252,0.193,0.006,0.595,0.006,0.007,1061.226,1321.641,1.001
"K_uu_weight[9, 26]",0.214,0.173,0.004,0.53,0.005,0.006,1044.402,1270.623,1.001
"K_uu_weight[9, 27]",0.18,0.155,0.0,0.458,0.005,0.006,1029.035,1224.009,1.002
"K_uu_weight[9, 28]",0.151,0.137,0.0,0.398,0.004,0.005,1015.594,1252.581,1.002
"K_uu_weight[9, 29]",0.125,0.12,0.0,0.342,0.004,0.005,1007.441,1228.555,1.002
"K_uu_weight[9, 30]",0.103,0.105,0.0,0.294,0.003,0.004,1000.3,1231.35,1.002
"K_uu_weight[9, 31]",0.084,0.091,0.0,0.25,0.003,0.004,994.02,1207.162,1.002
"K_uu_weight[9, 32]",0.069,0.079,0.0,0.213,0.002,0.004,988.018,1115.398,1.002
"K_uu_weight[9, 33]",0.056,0.067,0.0,0.177,0.002,0.003,983.03,1115.398,1.002
"K_uu_weight[9, 34]",0.045,0.057,0.0,0.148,0.002,0.003,979.245,1081.93,1.002
"K_uu_weight[9, 35]",0.036,0.049,0.0,0.123,0.001,0.003,975.369,1083.791,1.002
"K_uu_weight[9, 36]",0.029,0.041,0.0,0.101,0.001,0.002,973.574,1060.506,1.002
"K_uu_weight[9, 37]",0.023,0.034,0.0,0.082,0.001,0.002,971.629,1060.506,1.002
"K_uu_weight[9, 38]",0.018,0.029,0.0,0.066,0.001,0.002,970.041,1060.506,1.002
"K_uu_weight[9, 39]",0.014,0.024,0.0,0.054,0.001,0.002,969.268,1060.506,1.002
"K_uu_weight[9, 40]",0.011,0.019,0.0,0.043,0.001,0.001,969.368,1060.73,1.003
"K_uu_weight[9, 41]",0.008,0.016,0.0,0.034,0.0,0.001,969.399,1060.73,1.003
"K_uu_weight[9, 42]",0.007,0.013,0.0,0.026,0.0,0.001,969.126,1097.834,1.003
"K_uu_weight[9, 43]",0.005,0.011,0.0,0.02,0.0,0.001,969.935,1097.834,1.003
"K_uu_weight[9, 44]",0.004,0.009,0.0,0.016,0.0,0.001,971.118,1097.391,1.003
"K_uu_weight[9, 45]",0.003,0.007,0.0,0.012,0.0,0.001,971.177,1097.391,1.003
"K_uu_weight[9, 46]",0.002,0.006,0.0,0.009,0.0,0.001,970.506,1123.149,1.003
"K_uu_weight[9, 47]",0.002,0.004,0.0,0.007,0.0,0.0,971.489,1123.149,1.003
"K_uu_weight[9, 48]",0.001,0.004,0.0,0.005,0.0,0.0,972.212,1123.149,1.003
"K_uu_weight[9, 49]",0.001,0.003,0.0,0.004,0.0,0.0,971.981,1123.149,1.003
"K_uu_weight[10, 0]",0.569,0.319,0.127,1.162,0.009,0.01,1267.754,1493.448,1.0
"K_uu_weight[10, 1]",0.632,0.339,0.163,1.252,0.009,0.01,1322.543,1539.029,1.0
"K_uu_weight[10, 2]",0.694,0.358,0.199,1.365,0.01,0.011,1386.339,1548.452,0.999
"K_uu_weight[10, 3]",0.755,0.376,0.21,1.432,0.01,0.011,1446.297,1524.163,1.0
"K_uu_weight[10, 4]",0.813,0.393,0.259,1.529,0.01,0.012,1499.976,1523.757,1.0
"K_uu_weight[10, 5]",0.866,0.408,0.282,1.605,0.01,0.012,1531.753,1524.009,1.0
"K_uu_weight[10, 6]",0.913,0.422,0.273,1.644,0.011,0.012,1553.645,1524.009,1.0
"K_uu_weight[10, 7]",0.951,0.433,0.289,1.699,0.011,0.013,1569.425,1500.248,0.999
"K_uu_weight[10, 8]",0.979,0.441,0.32,1.763,0.011,0.013,1579.754,1523.932,1.0
"K_uu_weight[10, 9]",0.996,0.446,0.326,1.791,0.011,0.013,1585.553,1523.932,1.0
"K_uu_weight[10, 10]",1.002,0.448,0.332,1.805,0.011,0.013,1587.497,1523.932,1.0
"K_uu_weight[10, 11]",0.996,0.446,0.326,1.791,0.011,0.013,1585.553,1523.932,1.0
"K_uu_weight[10, 12]",0.979,0.441,0.32,1.763,0.011,0.013,1579.754,1523.932,1.0
"K_uu_weight[10, 13]",0.951,0.433,0.289,1.699,0.011,0.013,1569.425,1500.248,0.999
"K_uu_weight[10, 14]",0.913,0.422,0.273,1.644,0.011,0.012,1553.645,1524.009,1.0
"K_uu_weight[10, 15]",0.866,0.408,0.282,1.605,0.01,0.012,1531.753,1524.009,1.0
"K_uu_weight[10, 16]",0.813,0.393,0.259,1.529,0.01,0.012,1499.976,1523.757,1.0
"K_uu_weight[10, 17]",0.755,0.376,0.21,1.432,0.01,0.011,1446.297,1524.163,1.0
"K_uu_weight[10, 18]",0.694,0.358,0.199,1.365,0.01,0.011,1386.339,1548.452,0.999
"K_uu_weight[10, 19]",0.632,0.339,0.163,1.252,0.009,0.01,1322.543,1539.029,1.0
"K_uu_weight[10, 20]",0.569,0.319,0.127,1.162,0.009,0.01,1267.754,1493.448,1.0
"K_uu_weight[10, 21]",0.508,0.298,0.111,1.078,0.008,0.009,1219.146,1445.164,1.0
"K_uu_weight[10, 22]",0.449,0.277,0.053,0.943,0.008,0.009,1175.717,1451.542,1.0
"K_uu_weight[10, 23]",0.393,0.256,0.037,0.851,0.007,0.008,1143.81,1450.508,1.001
"K_uu_weight[10, 24]",0.342,0.235,0.023,0.765,0.007,0.008,1115.048,1301.002,1.001
"K_uu_weight[10, 25]",0.295,0.214,0.012,0.679,0.006,0.007,1083.999,1406.558,1.001
"K_uu_weight[10, 26]",0.252,0.193,0.006,0.595,0.006,0.007,1061.226,1321.641,1.001
"K_uu_weight[10, 27]",0.214,0.173,0.004,0.53,0.005,0.006,1044.402,1270.623,1.001
"K_uu_weight[10, 28]",0.18,0.155,0.0,0.458,0.005,0.006,1029.035,1224.009,1.002
"K_uu_weight[10, 29]",0.151,0.137,0.0,0.398,0.004,0.005,1015.594,1252.581,1.002
"K_uu_weight[10, 30]",0.125,0.12,0.0,0.342,0.004,0.005,1007.441,1228.555,1.002
"K_uu_weight[10, 31]",0.103,0.105,0.0,0.294,0.003,0.004,1000.3,1231.35,1.002
"K_uu_weight[10, 32]",0.084,0.091,0.0,0.25,0.003,0.004,994.02,1207.162,1.002
"K_uu_weight[10, 33]",0.069,0.079,0.0,0.213,0.002,0.004,988.018,1115.398,1.002
"K_uu_weight[10, 34]",0.056,0.067,0.0,0.177,0.002,0.003,983.03,1115.398,1.002
"K_uu_weight[10, 35]",0.045,0.057,0.0,0.148,0.002,0.003,979.245,1081.93,1.002
"K_uu_weight[10, 36]",0.036,0.049,0.0,0.123,0.001,0.003,975.369,1083.791,1.002
"K_uu_weight[10, 37]",0.029,0.041,0.0,0.101,0.001,0.002,973.574,1060.506,1.002
"K_uu_weight[10, 38]",0.023,0.034,0.0,0.082,0.001,0.002,971.629,1060.506,1.002
"K_uu_weight[10, 39]",0.018,0.029,0.0,0.066,0.001,0.002,970.041,1060.506,1.002
"K_uu_weight[10, 40]",0.014,0.024,0.0,0.054,0.001,0.002,969.268,1060.506,1.002
"K_uu_weight[10, 41]",0.011,0.019,0.0,0.043,0.001,0.001,969.368,1060.73,1.003
"K_uu_weight[10, 42]",0.008,0.016,0.0,0.034,0.0,0.001,969.399,1060.73,1.003
"K_uu_weight[10, 43]",0.007,0.013,0.0,0.026,0.0,0.001,969.126,1097.834,1.003
"K_uu_weight[10, 44]",0.005,0.011,0.0,0.02,0.0,0.001,969.935,1097.834,1.003
"K_uu_weight[10, 45]",0.004,0.009,0.0,0.016,0.0,0.001,971.118,1097.391,1.003
"K_uu_weight[10, 46]",0.003,0.007,0.0,0.012,0.0,0.001,971.177,1097.391,1.003
"K_uu_weight[10, 47]",0.002,0.006,0.0,0.009,0.0,0.001,970.506,1123.149,1.003
"K_uu_weight[10, 48]",0.002,0.004,0.0,0.007,0.0,0.0,971.489,1123.149,1.003
"K_uu_weight[10, 49]",0.001,0.004,0.0,0.005,0.0,0.0,972.212,1123.149,1.003
"K_uu_weight[11, 0]",0.508,0.298,0.111,1.078,0.008,0.009,1219.146,1445.164,1.0
"K_uu_weight[11, 1]",0.569,0.319,0.127,1.162,0.009,0.01,1267.754,1493.448,1.0
"K_uu_weight[11, 2]",0.632,0.339,0.163,1.252,0.009,0.01,1322.543,1539.029,1.0
"K_uu_weight[11, 3]",0.694,0.358,0.199,1.365,0.01,0.011,1386.339,1548.452,0.999
"K_uu_weight[11, 4]",0.755,0.376,0.21,1.432,0.01,0.011,1446.297,1524.163,1.0
"K_uu_weight[11, 5]",0.813,0.393,0.259,1.529,0.01,0.012,1499.976,1523.757,1.0
"K_uu_weight[11, 6]",0.866,0.408,0.282,1.605,0.01,0.012,1531.753,1524.009,1.0
"K_uu_weight[11, 7]",0.913,0.422,0.273,1.644,0.011,0.012,1553.645,1524.009,1.0
"K_uu_weight[11, 8]",0.951,0.433,0.289,1.699,0.011,0.013,1569.425,1500.248,0.999
"K_uu_weight[11, 9]",0.979,0.441,0.32,1.763,0.011,0.013,1579.754,1523.932,1.0
"K_uu_weight[11, 10]",0.996,0.446,0.326,1.791,0.011,0.013,1585.553,1523.932,1.0
"K_uu_weight[11, 11]",1.002,0.448,0.332,1.805,0.011,0.013,1587.497,1523.932,1.0
"K_uu_weight[11, 12]",0.996,0.446,0.326,1.791,0.011,0.013,1585.553,1523.932,1.0
"K_uu_weight[11, 13]",0.979,0.441,0.32,1.763,0.011,0.013,1579.754,1523.932,1.0
"K_uu_weight[11, 14]",0.951,0.433,0.289,1.699,0.011,0.013,1569.425,1500.248,0.999
"K_uu_weight[11, 15]",0.913,0.422,0.273,1.644,0.011,0.012,1553.645,1524.009,1.0
"K_uu_weight[11, 16]",0.866,0.408,0.282,1.605,0.01,0.012,1531.753,1524.009,1.0
"K_uu_weight[11, 17]",0.813,0.393,0.259,1.529,0.01,0.012,1499.976,1523.757,1.0
"K_uu_weight[11, 18]",0.755,0.376,0.21,1.432,0.01,0.011,1446.297,1524.163,1.0
"K_uu_weight[11, 19]",0.694,0.358,0.199,1.365,0.01,0.011,1386.339,1548.452,0.999
"K_uu_weight[11, 20]",0.632,0.339,0.163,1.252,0.009,0.01,1322.543,1539.029,1.0
"K_uu_weight[11, 21]",0.569,0.319,0.127,1.162,0.009,0.01,1267.754,1493.448,1.0
"K_uu_weight[11, 22]",0.508,0.298,0.111,1.078,0.008,0.009,1219.146,1445.164,1.0
"K_uu_weight[11, 23]",0.449,0.277,0.053,0.943,0.008,0.009,1175.717,1451.542,1.0
"K_uu_weight[11, 24]",0.393,0.256,0.037,0.851,0.007,0.008,1143.81,1450.508,1.001
"K_uu_weight[11, 25]",0.342,0.235,0.023,0.765,0.007,0.008,1115.048,1301.002,1.001
"K_uu_weight[11, 26]",0.295,0.214,0.012,0.679,0.006,0.007,1083.999,1406.558,1.001
"K_uu_weight[11, 27]",0.252,0.193,0.006,0.595,0.006,0.007,1061.226,1321.641,1.001
"K_uu_weight[11, 28]",0.214,0.173,0.004,0.53,0.005,0.006,1044.402,1270.623,1.001
"K_uu_weight[11, 29]",0.18,0.155,0.0,0.458,0.005,0.006,1029.035,1224.009,1.002
"K_uu_weight[11, 30]",0.151,0.137,0.0,0.398,0.004,0.005,1015.594,1252.581,1.002
"K_uu_weight[11, 31]",0.125,0.12,0.0,0.342,0.004,0.005,1007.441,1228.555,1.002
"K_uu_weight[11, 32]",0.103,0.105,0.0,0.294,0.003,0.004,1000.3,1231.35,1.002
"K_uu_weight[11, 33]",0.084,0.091,0.0,0.25,0.003,0.004,994.02,1207.162,1.002
"K_uu_weight[11, 34]",0.069,0.079,0.0,0.213,0.002,0.004,988.018,1115.398,1.002
"K_uu_weight[11, 35]",0.056,0.067,0.0,0.177,0.002,0.003,983.03,1115.398,1.002
"K_uu_weight[11, 36]",0.045,0.057,0.0,0.148,0.002,0.003,979.245,1081.93,1.002
"K_uu_weight[11, 37]",0.036,0.049,0.0,0.123,0.001,0.003,975.369,1083.791,1.002
"K_uu_weight[11, 38]",0.029,0.041,0.0,0.101,0.001,0.002,973.574,1060.506,1.002
"K_uu_weight[11, 39]",0.023,0.034,0.0,0.082,0.001,0.002,971.629,1060.506,1.002
"K_uu_weight[11, 40]",0.018,0.029,0.0,0.066,0.001,0.002,970.041,1060.506,1.002
"K_uu_weight[11, 41]",0.014,0.024,0.0,0.054,0.001,0.002,969.268,1060.506,1.002
"K_uu_weight[11, 42]",0.011,0.019,0.0,0.043,0.001,0.001,969.368,1060.73,1.003
"K_uu_weight[11, 43]",0.008,0.016,0.0,0.034,0.0,0.001,969.399,1060.73,1.003
"K_uu_weight[11, 44]",0.007,0.013,0.0,0.026,0.0,0.001,969.126,1097.834,1.003
"K_uu_weight[11, 45]",0.005,0.011,0.0,0.02,0.0,0.001,969.935,1097.834,1.003
"K_uu_weight[11, 46]",0.004,0.009,0.0,0.016,0.0,0.001,971.118,1097.391,1.003
"K_uu_weight[11, 47]",0.003,0.007,0.0,0.012,0.0,0.001,971.177,1097.391,1.003
"K_uu_weight[11, 48]",0.002,0.006,0.0,0.009,0.0,0.001,970.506,1123.149,1.003
"K_uu_weight[11, 49]",0.002,0.004,0.0,0.007,0.0,0.0,971.489,1123.149,1.003
"K_uu_weight[12, 0]",0.449,0.277,0.053,0.943,0.008,0.009,1175.717,1451.542,1.0
"K_uu_weight[12, 1]",0.508,0.298,0.111,1.078,0.008,0.009,1219.146,1445.164,1.0
"K_uu_weight[12, 2]",0.569,0.319,0.127,1.162,0.009,0.01,1267.754,1493.448,1.0
"K_uu_weight[12, 3]",0.632,0.339,0.163,1.252,0.009,0.01,1322.543,1539.029,1.0
"K_uu_weight[12, 4]",0.694,0.358,0.199,1.365,0.01,0.011,1386.339,1548.452,0.999
"K_uu_weight[12, 5]",0.755,0.376,0.21,1.432,0.01,0.011,1446.297,1524.163,1.0
"K_uu_weight[12, 6]",0.813,0.393,0.259,1.529,0.01,0.012,1499.976,1523.757,1.0
"K_uu_weight[12, 7]",0.866,0.408,0.282,1.605,0.01,0.012,1531.753,1524.009,1.0
"K_uu_weight[12, 8]",0.913,0.422,0.273,1.644,0.011,0.012,1553.645,1524.009,1.0
"K_uu_weight[12, 9]",0.951,0.433,0.289,1.699,0.011,0.013,1569.425,1500.248,0.999
"K_uu_weight[12, 10]",0.979,0.441,0.32,1.763,0.011,0.013,1579.754,1523.932,1.0
"K_uu_weight[12, 11]",0.996,0.446,0.326,1.791,0.011,0.013,1585.553,1523.932,1.0
"K_uu_weight[12, 12]",1.002,0.448,0.332,1.805,0.011,0.013,1587.497,1523.932,1.0
"K_uu_weight[12, 13]",0.996,0.446,0.326,1.791,0.011,0.013,1585.553,1523.932,1.0
"K_uu_weight[12, 14]",0.979,0.441,0.32,1.763,0.011,0.013,1579.754,1523.932,1.0
"K_uu_weight[12, 15]",0.951,0.433,0.289,1.699,0.011,0.013,1569.425,1500.248,0.999
"K_uu_weight[12, 16]",0.913,0.422,0.273,1.644,0.011,0.012,1553.645,1524.009,1.0
"K_uu_weight[12, 17]",0.866,0.408,0.282,1.605,0.01,0.012,1531.753,1524.009,1.0
"K_uu_weight[12, 18]",0.813,0.393,0.259,1.529,0.01,0.012,1499.976,1523.757,1.0
"K_uu_weight[12, 19]",0.755,0.376,0.21,1.432,0.01,0.011,1446.297,1524.163,1.0
"K_uu_weight[12, 20]",0.694,0.358,0.199,1.365,0.01,0.011,1386.339,1548.452,0.999
"K_uu_weight[12, 21]",0.632,0.339,0.163,1.252,0.009,0.01,1322.543,1539.029,1.0
"K_uu_weight[12, 22]",0.569,0.319,0.127,1.162,0.009,0.01,1267.754,1493.448,1.0
"K_uu_weight[12, 23]",0.508,0.298,0.111,1.078,0.008,0.009,1219.146,1445.164,1.0
"K_uu_weight[12, 24]",0.449,0.277,0.053,0.943,0.008,0.009,1175.717,1451.542,1.0
"K_uu_weight[12, 25]",0.393,0.256,0.037,0.851,0.007,0.008,1143.81,1450.508,1.001
"K_uu_weight[12, 26]",0.342,0.235,0.023,0.765,0.007,0.008,1115.048,1301.002,1.001
"K_uu_weight[12, 27]",0.295,0.214,0.012,0.679,0.006,0.007,1083.999,1406.558,1.001
"K_uu_weight[12, 28]",0.252,0.193,0.006,0.595,0.006,0.007,1061.226,1321.641,1.001
"K_uu_weight[12, 29]",0.214,0.173,0.004,0.53,0.005,0.006,1044.402,1270.623,1.001
"K_uu_weight[12, 30]",0.18,0.155,0.0,0.458,0.005,0.006,1029.035,1224.009,1.002
"K_uu_weight[12, 31]",0.151,0.137,0.0,0.398,0.004,0.005,1015.594,1252.581,1.002
"K_uu_weight[12, 32]",0.125,0.12,0.0,0.342,0.004,0.005,1007.441,1228.555,1.002
"K_uu_weight[12, 33]",0.103,0.105,0.0,0.294,0.003,0.004,1000.3,1231.35,1.002
"K_uu_weight[12, 34]",0.084,0.091,0.0,0.25,0.003,0.004,994.02,1207.162,1.002
"K_uu_weight[12, 35]",0.069,0.079,0.0,0.213,0.002,0.004,988.018,1115.398,1.002
"K_uu_weight[12, 36]",0.056,0.067,0.0,0.177,0.002,0.003,983.03,1115.398,1.002
"K_uu_weight[12, 37]",0.045,0.057,0.0,0.148,0.002,0.003,979.245,1081.93,1.002
"K_uu_weight[12, 38]",0.036,0.049,0.0,0.123,0.001,0.003,975.369,1083.791,1.002
"K_uu_weight[12, 39]",0.029,0.041,0.0,0.101,0.001,0.002,973.574,1060.506,1.002
"K_uu_weight[12, 40]",0.023,0.034,0.0,0.082,0.001,0.002,971.629,1060.506,1.002
"K_uu_weight[12, 41]",0.018,0.029,0.0,0.066,0.001,0.002,970.041,1060.506,1.002
"K_uu_weight[12, 42]",0.014,0.024,0.0,0.054,0.001,0.002,969.268,1060.506,1.002
"K_uu_weight[12, 43]",0.011,0.019,0.0,0.043,0.001,0.001,969.368,1060.73,1.003
"K_uu_weight[12, 44]",0.008,0.016,0.0,0.034,0.0,0.001,969.399,1060.73,1.003
"K_uu_weight[12, 45]",0.007,0.013,0.0,0.026,0.0,0.001,969.126,1097.834,1.003
"K_uu_weight[12, 46]",0.005,0.011,0.0,0.02,0.0,0.001,969.935,1097.834,1.003
"K_uu_weight[12, 47]",0.004,0.009,0.0,0.016,0.0,0.001,971.118,1097.391,1.003
"K_uu_weight[12, 48]",0.003,0.007,0.0,0.012,0.0,0.001,971.177,1097.391,1.003
"K_uu_weight[12, 49]",0.002,0.006,0.0,0.009,0.0,0.001,970.506,1123.149,1.003
"K_uu_weight[13, 0]",0.393,0.256,0.037,0.851,0.007,0.008,1143.81,1450.508,1.001
"K_uu_weight[13, 1]",0.449,0.277,0.053,0.943,0.008,0.009,1175.717,1451.542,1.0
"K_uu_weight[13, 2]",0.508,0.298,0.111,1.078,0.008,0.009,1219.146,1445.164,1.0
"K_uu_weight[13, 3]",0.569,0.319,0.127,1.162,0.009,0.01,1267.754,1493.448,1.0
"K_uu_weight[13, 4]",0.632,0.339,0.163,1.252,0.009,0.01,1322.543,1539.029,1.0
"K_uu_weight[13, 5]",0.694,0.358,0.199,1.365,0.01,0.011,1386.339,1548.452,0.999
"K_uu_weight[13, 6]",0.755,0.376,0.21,1.432,0.01,0.011,1446.297,1524.163,1.0
"K_uu_weight[13, 7]",0.813,0.393,0.259,1.529,0.01,0.012,1499.976,1523.757,1.0
"K_uu_weight[13, 8]",0.866,0.408,0.282,1.605,0.01,0.012,1531.753,1524.009,1.0
"K_uu_weight[13, 9]",0.913,0.422,0.273,1.644,0.011,0.012,1553.645,1524.009,1.0
"K_uu_weight[13, 10]",0.951,0.433,0.289,1.699,0.011,0.013,1569.425,1500.248,0.999
"K_uu_weight[13, 11]",0.979,0.441,0.32,1.763,0.011,0.013,1579.754,1523.932,1.0
"K_uu_weight[13, 12]",0.996,0.446,0.326,1.791,0.011,0.013,1585.553,1523.932,1.0
"K_uu_weight[13, 13]",1.002,0.448,0.332,1.805,0.011,0.013,1587.497,1523.932,1.0
"K_uu_weight[13, 14]",0.996,0.446,0.326,1.791,0.011,0.013,1585.553,1523.932,1.0
"K_uu_weight[13, 15]",0.979,0.441,0.32,1.763,0.011,0.013,1579.754,1523.932,1.0
"K_uu_weight[13, 16]",0.951,0.433,0.289,1.699,0.011,0.013,1569.425,1500.248,0.999
"K_uu_weight[13, 17]",0.913,0.422,0.273,1.644,0.011,0.012,1553.645,1524.009,1.0
"K_uu_weight[13, 18]",0.866,0.408,0.282,1.605,0.01,0.012,1531.753,1524.009,1.0
"K_uu_weight[13, 19]",0.813,0.393,0.259,1.529,0.01,0.012,1499.976,1523.757,1.0
"K_uu_weight[13, 20]",0.755,0.376,0.21,1.432,0.01,0.011,1446.297,1524.163,1.0
"K_uu_weight[13, 21]",0.694,0.358,0.199,1.365,0.01,0.011,1386.339,1548.452,0.999
"K_uu_weight[13, 22]",0.632,0.339,0.163,1.252,0.009,0.01,1322.543,1539.029,1.0
"K_uu_weight[13, 23]",0.569,0.319,0.127,1.162,0.009,0.01,1267.754,1493.448,1.0
"K_uu_weight[13, 24]",0.508,0.298,0.111,1.078,0.008,0.009,1219.146,1445.164,1.0
"K_uu_weight[13, 25]",0.449,0.277,0.053,0.943,0.008,0.009,1175.717,1451.542,1.0
"K_uu_weight[13, 26]",0.393,0.256,0.037,0.851,0.007,0.008,1143.81,1450.508,1.001
"K_uu_weight[13, 27]",0.342,0.235,0.023,0.765,0.007,0.008,1115.048,1301.002,1.001
"K_uu_weight[13, 28]",0.295,0.214,0.012,0.679,0.006,0.007,1083.999,1406.558,1.001
"K_uu_weight[13, 29]",0.252,0.193,0.006,0.595,0.006,0.007,1061.226,1321.641,1.001
"K_uu_weight[13, 30]",0.214,0.173,0.004,0.53,0.005,0.006,1044.402,1270.623,1.001
"K_uu_weight[13, 31]",0.18,0.155,0.0,0.458,0.005,0.006,1029.035,1224.009,1.002
"K_uu_weight[13, 32]",0.151,0.137,0.0,0.398,0.004,0.005,1015.594,1252.581,1.002
"K_uu_weight[13, 33]",0.125,0.12,0.0,0.342,0.004,0.005,1007.441,1228.555,1.002
"K_uu_weight[13, 34]",0.103,0.105,0.0,0.294,0.003,0.004,1000.3,1231.35,1.002
"K_uu_weight[13, 35]",0.084,0.091,0.0,0.25,0.003,0.004,994.02,1207.162,1.002
"K_uu_weight[13, 36]",0.069,0.079,0.0,0.213,0.002,0.004,988.018,1115.398,1.002
"K_uu_weight[13, 37]",0.056,0.067,0.0,0.177,0.002,0.003,983.03,1115.398,1.002
"K_uu_weight[13, 38]",0.045,0.057,0.0,0.148,0.002,0.003,979.245,1081.93,1.002
"K_uu_weight[13, 39]",0.036,0.049,0.0,0.123,0.001,0.003,975.369,1083.791,1.002
"K_uu_weight[13, 40]",0.029,0.041,0.0,0.101,0.001,0.002,973.574,1060.506,1.002
"K_uu_weight[13, 41]",0.023,0.034,0.0,0.082,0.001,0.002,971.629,1060.506,1.002
"K_uu_weight[13, 42]",0.018,0.029,0.0,0.066,0.001,0.002,970.041,1060.506,1.002
"K_uu_weight[13, 43]",0.014,0.024,0.0,0.054,0.001,0.002,969.268,1060.506,1.002
"K_uu_weight[13, 44]",0.011,0.019,0.0,0.043,0.001,0.001,969.368,1060.73,1.003
"K_uu_weight[13, 45]",0.008,0.016,0.0,0.034,0.0,0.001,969.399,1060.73,1.003
"K_uu_weight[13, 46]",0.007,0.013,0.0,0.026,0.0,0.001,969.126,1097.834,1.003
"K_uu_weight[13, 47]",0.005,0.011,0.0,0.02,0.0,0.001,969.935,1097.834,1.003
"K_uu_weight[13, 48]",0.004,0.009,0.0,0.016,0.0,0.001,971.118,1097.391,1.003
"K_uu_weight[13, 49]",0.003,0.007,0.0,0.012,0.0,0.001,971.177,1097.391,1.003
"K_uu_weight[14, 0]",0.342,0.235,0.023,0.765,0.007,0.008,1115.048,1301.002,1.001
"K_uu_weight[14, 1]",0.393,0.256,0.037,0.851,0.007,0.008,1143.81,1450.508,1.001
"K_uu_weight[14, 2]",0.449,0.277,0.053,0.943,0.008,0.009,1175.717,1451.542,1.0
"K_uu_weight[14, 3]",0.508,0.298,0.111,1.078,0.008,0.009,1219.146,1445.164,1.0
"K_uu_weight[14, 4]",0.569,0.319,0.127,1.162,0.009,0.01,1267.754,1493.448,1.0
"K_uu_weight[14, 5]",0.632,0.339,0.163,1.252,0.009,0.01,1322.543,1539.029,1.0
"K_uu_weight[14, 6]",0.694,0.358,0.199,1.365,0.01,0.011,1386.339,1548.452,0.999
"K_uu_weight[14, 7]",0.755,0.376,0.21,1.432,0.01,0.011,1446.297,1524.163,1.0
"K_uu_weight[14, 8]",0.813,0.393,0.259,1.529,0.01,0.012,1499.976,1523.757,1.0
"K_uu_weight[14, 9]",0.866,0.408,0.282,1.605,0.01,0.012,1531.753,1524.009,1.0
"K_uu_weight[14, 10]",0.913,0.422,0.273,1.644,0.011,0.012,1553.645,1524.009,1.0
"K_uu_weight[14, 11]",0.951,0.433,0.289,1.699,0.011,0.013,1569.425,1500.248,0.999
"K_uu_weight[14, 12]",0.979,0.441,0.32,1.763,0.011,0.013,1579.754,1523.932,1.0
"K_uu_weight[14, 13]",0.996,0.446,0.326,1.791,0.011,0.013,1585.553,1523.932,1.0
"K_uu_weight[14, 14]",1.002,0.448,0.332,1.805,0.011,0.013,1587.497,1523.932,1.0
"K_uu_weight[14, 15]",0.996,0.446,0.326,1.791,0.011,0.013,1585.553,1523.932,1.0
"K_uu_weight[14, 16]",0.979,0.441,0.32,1.763,0.011,0.013,1579.754,1523.932,1.0
"K_uu_weight[14, 17]",0.951,0.433,0.289,1.699,0.011,0.013,1569.425,1500.248,0.999
"K_uu_weight[14, 18]",0.913,0.422,0.273,1.644,0.011,0.012,1553.645,1524.009,1.0
"K_uu_weight[14, 19]",0.866,0.408,0.282,1.605,0.01,0.012,1531.753,1524.009,1.0
"K_uu_weight[14, 20]",0.813,0.393,0.259,1.529,0.01,0.012,1499.976,1523.757,1.0
"K_uu_weight[14, 21]",0.755,0.376,0.21,1.432,0.01,0.011,1446.297,1524.163,1.0
"K_uu_weight[14, 22]",0.694,0.358,0.199,1.365,0.01,0.011,1386.339,1548.452,0.999
"K_uu_weight[14, 23]",0.632,0.339,0.163,1.252,0.009,0.01,1322.543,1539.029,1.0
"K_uu_weight[14, 24]",0.569,0.319,0.127,1.162,0.009,0.01,1267.754,1493.448,1.0
"K_uu_weight[14, 25]",0.508,0.298,0.111,1.078,0.008,0.009,1219.146,1445.164,1.0
"K_uu_weight[14, 26]",0.449,0.277,0.053,0.943,0.008,0.009,1175.717,1451.542,1.0
"K_uu_weight[14, 27]",0.393,0.256,0.037,0.851,0.007,0.008,1143.81,1450.508,1.001
"K_uu_weight[14, 28]",0.342,0.235,0.023,0.765,0.007,0.008,1115.048,1301.002,1.001
"K_uu_weight[14, 29]",0.295,0.214,0.012,0.679,0.006,0.007,1083.999,1406.558,1.001
"K_uu_weight[14, 30]",0.252,0.193,0.006,0.595,0.006,0.007,1061.226,1321.641,1.001
"K_uu_weight[14, 31]",0.214,0.173,0.004,0.53,0.005,0.006,1044.402,1270.623,1.001
"K_uu_weight[14, 32]",0.18,0.155,0.0,0.458,0.005,0.006,1029.035,1224.009,1.002
"K_uu_weight[14, 33]",0.151,0.137,0.0,0.398,0.004,0.005,1015.594,1252.581,1.002
"K_uu_weight[14, 34]",0.125,0.12,0.0,0.342,0.004,0.005,1007.441,1228.555,1.002
"K_uu_weight[14, 35]",0.103,0.105,0.0,0.294,0.003,0.004,1000.3,1231.35,1.002
"K_uu_weight[14, 36]",0.084,0.091,0.0,0.25,0.003,0.004,994.02,1207.162,1.002
"K_uu_weight[14, 37]",0.069,0.079,0.0,0.213,0.002,0.004,988.018,1115.398,1.002
"K_uu_weight[14, 38]",0.056,0.067,0.0,0.177,0.002,0.003,983.03,1115.398,1.002
"K_uu_weight[14, 39]",0.045,0.057,0.0,0.148,0.002,0.003,979.245,1081.93,1.002
"K_uu_weight[14, 40]",0.036,0.049,0.0,0.123,0.001,0.003,975.369,1083.791,1.002
"K_uu_weight[14, 41]",0.029,0.041,0.0,0.101,0.001,0.002,973.574,1060.506,1.002
"K_uu_weight[14, 42]",0.023,0.034,0.0,0.082,0.001,0.002,971.629,1060.506,1.002
"K_uu_weight[14, 43]",0.018,0.029,0.0,0.066,0.001,0.002,970.041,1060.506,1.002
"K_uu_weight[14, 44]",0.014,0.024,0.0,0.054,0.001,0.002,969.268,1060.506,1.002
"K_uu_weight[14, 45]",0.011,0.019,0.0,0.043,0.001,0.001,969.368,1060.73,1.003
"K_uu_weight[14, 46]",0.008,0.016,0.0,0.034,0.0,0.001,969.399,1060.73,1.003
"K_uu_weight[14, 47]",0.007,0.013,0.0,0.026,0.0,0.001,969.126,1097.834,1.003
"K_uu_weight[14, 48]",0.005,0.011,0.0,0.02,0.0,0.001,969.935,1097.834,1.003
"K_uu_weight[14, 49]",0.004,0.009,0.0,0.016,0.0,0.001,971.118,1097.391,1.003
"K_uu_weight[15, 0]",0.295,0.214,0.012,0.679,0.006,0.007,1083.999,1406.558,1.001
"K_uu_weight[15, 1]",0.342,0.235,0.023,0.765,0.007,0.008,1115.048,1301.002,1.001
"K_uu_weight[15, 2]",0.393,0.256,0.037,0.851,0.007,0.008,1143.81,1450.508,1.001
"K_uu_weight[15, 3]",0.449,0.277,0.053,0.943,0.008,0.009,1175.717,1451.542,1.0
"K_uu_weight[15, 4]",0.508,0.298,0.111,1.078,0.008,0.009,1219.146,1445.164,1.0
"K_uu_weight[15, 5]",0.569,0.319,0.127,1.162,0.009,0.01,1267.754,1493.448,1.0
"K_uu_weight[15, 6]",0.632,0.339,0.163,1.252,0.009,0.01,1322.543,1539.029,1.0
"K_uu_weight[15, 7]",0.694,0.358,0.199,1.365,0.01,0.011,1386.339,1548.452,0.999
"K_uu_weight[15, 8]",0.755,0.376,0.21,1.432,0.01,0.011,1446.297,1524.163,1.0
"K_uu_weight[15, 9]",0.813,0.393,0.259,1.529,0.01,0.012,1499.976,1523.757,1.0
"K_uu_weight[15, 10]",0.866,0.408,0.282,1.605,0.01,0.012,1531.753,1524.009,1.0
"K_uu_weight[15, 11]",0.913,0.422,0.273,1.644,0.011,0.012,1553.645,1524.009,1.0
"K_uu_weight[15, 12]",0.951,0.433,0.289,1.699,0.011,0.013,1569.425,1500.248,0.999
"K_uu_weight[15, 13]",0.979,0.441,0.32,1.763,0.011,0.013,1579.754,1523.932,1.0
"K_uu_weight[15, 14]",0.996,0.446,0.326,1.791,0.011,0.013,1585.553,1523.932,1.0
"K_uu_weight[15, 15]",1.002,0.448,0.332,1.805,0.011,0.013,1587.497,1523.932,1.0
"K_uu_weight[15, 16]",0.996,0.446,0.326,1.791,0.011,0.013,1585.553,1523.932,1.0
"K_uu_weight[15, 17]",0.979,0.441,0.32,1.763,0.011,0.013,1579.754,1523.932,1.0
"K_uu_weight[15, 18]",0.951,0.433,0.289,1.699,0.011,0.013,1569.425,1500.248,0.999
"K_uu_weight[15, 19]",0.913,0.422,0.273,1.644,0.011,0.012,1553.645,1524.009,1.0
"K_uu_weight[15, 20]",0.866,0.408,0.282,1.605,0.01,0.012,1531.753,1524.009,1.0
"K_uu_weight[15, 21]",0.813,0.393,0.259,1.529,0.01,0.012,1499.976,1523.757,1.0
"K_uu_weight[15, 22]",0.755,0.376,0.21,1.432,0.01,0.011,1446.297,1524.163,1.0
"K_uu_weight[15, 23]",0.694,0.358,0.199,1.365,0.01,0.011,1386.339,1548.452,0.999
"K_uu_weight[15, 24]",0.632,0.339,0.163,1.252,0.009,0.01,1322.543,1539.029,1.0
"K_uu_weight[15, 25]",0.569,0.319,0.127,1.162,0.009,0.01,1267.754,1493.448,1.0
"K_uu_weight[15, 26]",0.508,0.298,0.111,1.078,0.008,0.009,1219.146,1445.164,1.0
"K_uu_weight[15, 27]",0.449,0.277,0.053,0.943,0.008,0.009,1175.717,1451.542,1.0
"K_uu_weight[15, 28]",0.393,0.256,0.037,0.851,0.007,0.008,1143.81,1450.508,1.001
"K_uu_weight[15, 29]",0.342,0.235,0.023,0.765,0.007,0.008,1115.048,1301.002,1.001
"K_uu_weight[15, 30]",0.295,0.214,0.012,0.679,0.006,0.007,1083.999,1406.558,1.001
"K_uu_weight[15, 31]",0.252,0.193,0.006,0.595,0.006,0.007,1061.226,1321.641,1.001
"K_uu_weight[15, 32]",0.214,0.173,0.004,0.53,0.005,0.006,1044.402,1270.623,1.001
"K_uu_weight[15, 33]",0.18,0.155,0.0,0.458,0.005,0.006,1029.035,1224.009,1.002
"K_uu_weight[15, 34]",0.151,0.137,0.0,0.398,0.004,0.005,1015.594,1252.581,1.002
"K_uu_weight[15, 35]",0.125,0.12,0.0,0.342,0.004,0.005,1007.441,1228.555,1.002
"K_uu_weight[15, 36]",0.103,0.105,0.0,0.294,0.003,0.004,1000.3,1231.35,1.002
"K_uu_weight[15, 37]",0.084,0.091,0.0,0.25,0.003,0.004,994.02,1207.162,1.002
"K_uu_weight[15, 38]",0.069,0.079,0.0,0.213,0.002,0.004,988.018,1115.398,1.002
"K_uu_weight[15, 39]",0.056,0.067,0.0,0.177,0.002,0.003,983.03,1115.398,1.002
"K_uu_weight[15, 40]",0.045,0.057,0.0,0.148,0.002,0.003,979.245,1081.93,1.002
"K_uu_weight[15, 41]",0.036,0.049,0.0,0.123,0.001,0.003,975.369,1083.791,1.002
"K_uu_weight[15, 42]",0.029,0.041,0.0,0.101,0.001,0.002,973.574,1060.506,1.002
"K_uu_weight[15, 43]",0.023,0.034,0.0,0.082,0.001,0.002,971.629,1060.506,1.002
"K_uu_weight[15, 44]",0.018,0.029,0.0,0.066,0.001,0.002,970.041,1060.506,1.002
"K_uu_weight[15, 45]",0.014,0.024,0.0,0.054,0.001,0.002,969.268,1060.506,1.002
"K_uu_weight[15, 46]",0.011,0.019,0.0,0.043,0.001,0.001,969.368,1060.73,1.003
"K_uu_weight[15, 47]",0.008,0.016,0.0,0.034,0.0,0.001,969.399,1060.73,1.003
"K_uu_weight[15, 48]",0.007,0.013,0.0,0.026,0.0,0.001,969.126,1097.834,1.003
"K_uu_weight[15, 49]",0.005,0.011,0.0,0.02,0.0,0.001,969.935,1097.834,1.003
"K_uu_weight[16, 0]",0.252,0.193,0.006,0.595,0.006,0.007,1061.226,1321.641,1.001
"K_uu_weight[16, 1]",0.295,0.214,0.012,0.679,0.006,0.007,1083.999,1406.558,1.001
"K_uu_weight[16, 2]",0.342,0.235,0.023,0.765,0.007,0.008,1115.048,1301.002,1.001
"K_uu_weight[16, 3]",0.393,0.256,0.037,0.851,0.007,0.008,1143.81,1450.508,1.001
"K_uu_weight[16, 4]",0.449,0.277,0.053,0.943,0.008,0.009,1175.717,1451.542,1.0
"K_uu_weight[16, 5]",0.508,0.298,0.111,1.078,0.008,0.009,1219.146,1445.164,1.0
"K_uu_weight[16, 6]",0.569,0.319,0.127,1.162,0.009,0.01,1267.754,1493.448,1.0
"K_uu_weight[16, 7]",0.632,0.339,0.163,1.252,0.009,0.01,1322.543,1539.029,1.0
"K_uu_weight[16, 8]",0.694,0.358,0.199,1.365,0.01,0.011,1386.339,1548.452,0.999
"K_uu_weight[16, 9]",0.755,0.376,0.21,1.432,0.01,0.011,1446.297,1524.163,1.0
"K_uu_weight[16, 10]",0.813,0.393,0.259,1.529,0.01,0.012,1499.976,1523.757,1.0
"K_uu_weight[16, 11]",0.866,0.408,0.282,1.605,0.01,0.012,1531.753,1524.009,1.0
"K_uu_weight[16, 12]",0.913,0.422,0.273,1.644,0.011,0.012,1553.645,1524.009,1.0
"K_uu_weight[16, 13]",0.951,0.433,0.289,1.699,0.011,0.013,1569.425,1500.248,0.999
"K_uu_weight[16, 14]",0.979,0.441,0.32,1.763,0.011,0.013,1579.754,1523.932,1.0
"K_uu_weight[16, 15]",0.996,0.446,0.326,1.791,0.011,0.013,1585.553,1523.932,1.0
"K_uu_weight[16, 16]",1.002,0.448,0.332,1.805,0.011,0.013,1587.497,1523.932,1.0
"K_uu_weight[16, 17]",0.996,0.446,0.326,1.791,0.011,0.013,1585.553,1523.932,1.0
"K_uu_weight[16, 18]",0.979,0.441,0.32,1.763,0.011,0.013,1579.754,1523.932,1.0
"K_uu_weight[16, 19]",0.951,0.433,0.289,1.699,0.011,0.013,1569.425,1500.248,0.999
"K_uu_weight[16, 20]",0.913,0.422,0.273,1.644,0.011,0.012,1553.645,1524.009,1.0
"K_uu_weight[16, 21]",0.866,0.408,0.282,1.605,0.01,0.012,1531.753,1524.009,1.0
"K_uu_weight[16, 22]",0.813,0.393,0.259,1.529,0.01,0.012,1499.976,1523.757,1.0
"K_uu_weight[16, 23]",0.755,0.376,0.21,1.432,0.01,0.011,1446.297,1524.163,1.0
"K_uu_weight[16, 24]",0.694,0.358,0.199,1.365,0.01,0.011,1386.339,1548.452,0.999
"K_uu_weight[16, 25]",0.632,0.339,0.163,1.252,0.009,0.01,1322.543,1539.029,1.0
"K_uu_weight[16, 26]",0.569,0.319,0.127,1.162,0.009,0.01,1267.754,1493.448,1.0
"K_uu_weight[16, 27]",0.508,0.298,0.111,1.078,0.008,0.009,1219.146,1445.164,1.0
"K_uu_weight[16, 28]",0.449,0.277,0.053,0.943,0.008,0.009,1175.717,1451.542,1.0
"K_uu_weight[16, 29]",0.393,0.256,0.037,0.851,0.007,0.008,1143.81,1450.508,1.001
"K_uu_weight[16, 30]",0.342,0.235,0.023,0.765,0.007,0.008,1115.048,1301.002,1.001
"K_uu_weight[16, 31]",0.295,0.214,0.012,0.679,0.006,0.007,1083.999,1406.558,1.001
"K_uu_weight[16, 32]",0.252,0.193,0.006,0.595,0.006,0.007,1061.226,1321.641,1.001
"K_uu_weight[16, 33]",0.214,0.173,0.004,0.53,0.005,0.006,1044.402,1270.623,1.001
"K_uu_weight[16, 34]",0.18,0.155,0.0,0.458,0.005,0.006,1029.035,1224.009,1.002
"K_uu_weight[16, 35]",0.151,0.137,0.0,0.398,0.004,0.005,1015.594,1252.581,1.002
"K_uu_weight[16, 36]",0.125,0.12,0.0,0.342,0.004,0.005,1007.441,1228.555,1.002
"K_uu_weight[16, 37]",0.103,0.105,0.0,0.294,0.003,0.004,1000.3,1231.35,1.002
"K_uu_weight[16, 38]",0.084,0.091,0.0,0.25,0.003,0.004,994.02,1207.162,1.002
"K_uu_weight[16, 39]",0.069,0.079,0.0,0.213,0.002,0.004,988.018,1115.398,1.002
"K_uu_weight[16, 40]",0.056,0.067,0.0,0.177,0.002,0.003,983.03,1115.398,1.002
"K_uu_weight[16, 41]",0.045,0.057,0.0,0.148,0.002,0.003,979.245,1081.93,1.002
"K_uu_weight[16, 42]",0.036,0.049,0.0,0.123,0.001,0.003,975.369,1083.791,1.002
"K_uu_weight[16, 43]",0.029,0.041,0.0,0.101,0.001,0.002,973.574,1060.506,1.002
"K_uu_weight[16, 44]",0.023,0.034,0.0,0.082,0.001,0.002,971.629,1060.506,1.002
"K_uu_weight[16, 45]",0.018,0.029,0.0,0.066,0.001,0.002,970.041,1060.506,1.002
"K_uu_weight[16, 46]",0.014,0.024,0.0,0.054,0.001,0.002,969.268,1060.506,1.002
"K_uu_weight[16, 47]",0.011,0.019,0.0,0.043,0.001,0.001,969.368,1060.73,1.003
"K_uu_weight[16, 48]",0.008,0.016,0.0,0.034,0.0,0.001,969.399,1060.73,1.003
"K_uu_weight[16, 49]",0.007,0.013,0.0,0.026,0.0,0.001,969.126,1097.834,1.003
"K_uu_weight[17, 0]",0.214,0.173,0.004,0.53,0.005,0.006,1044.402,1270.623,1.001
"K_uu_weight[17, 1]",0.252,0.193,0.006,0.595,0.006,0.007,1061.226,1321.641,1.001
"K_uu_weight[17, 2]",0.295,0.214,0.012,0.679,0.006,0.007,1083.999,1406.558,1.001
"K_uu_weight[17, 3]",0.342,0.235,0.023,0.765,0.007,0.008,1115.048,1301.002,1.001
"K_uu_weight[17, 4]",0.393,0.256,0.037,0.851,0.007,0.008,1143.81,1450.508,1.001
"K_uu_weight[17, 5]",0.449,0.277,0.053,0.943,0.008,0.009,1175.717,1451.542,1.0
"K_uu_weight[17, 6]",0.508,0.298,0.111,1.078,0.008,0.009,1219.146,1445.164,1.0
"K_uu_weight[17, 7]",0.569,0.319,0.127,1.162,0.009,0.01,1267.754,1493.448,1.0
"K_uu_weight[17, 8]",0.632,0.339,0.163,1.252,0.009,0.01,1322.543,1539.029,1.0
"K_uu_weight[17, 9]",0.694,0.358,0.199,1.365,0.01,0.011,1386.339,1548.452,0.999
"K_uu_weight[17, 10]",0.755,0.376,0.21,1.432,0.01,0.011,1446.297,1524.163,1.0
"K_uu_weight[17, 11]",0.813,0.393,0.259,1.529,0.01,0.012,1499.976,1523.757,1.0
"K_uu_weight[17, 12]",0.866,0.408,0.282,1.605,0.01,0.012,1531.753,1524.009,1.0
"K_uu_weight[17, 13]",0.913,0.422,0.273,1.644,0.011,0.012,1553.645,1524.009,1.0
"K_uu_weight[17, 14]",0.951,0.433,0.289,1.699,0.011,0.013,1569.425,1500.248,0.999
"K_uu_weight[17, 15]",0.979,0.441,0.32,1.763,0.011,0.013,1579.754,1523.932,1.0
"K_uu_weight[17, 16]",0.996,0.446,0.326,1.791,0.011,0.013,1585.553,1523.932,1.0
"K_uu_weight[17, 17]",1.002,0.448,0.332,1.805,0.011,0.013,1587.497,1523.932,1.0
"K_uu_weight[17, 18]",0.996,0.446,0.326,1.791,0.011,0.013,1585.553,1523.932,1.0
"K_uu_weight[17, 19]",0.979,0.441,0.32,1.763,0.011,0.013,1579.754,1523.932,1.0
"K_uu_weight[17, 20]",0.951,0.433,0.289,1.699,0.011,0.013,1569.425,1500.248,0.999
"K_uu_weight[17, 21]",0.913,0.422,0.273,1.644,0.011,0.012,1553.645,1524.009,1.0
"K_uu_weight[17, 22]",0.866,0.408,0.282,1.605,0.01,0.012,1531.753,1524.009,1.0
"K_uu_weight[17, 23]",0.813,0.393,0.259,1.529,0.01,0.012,1499.976,1523.757,1.0
"K_uu_weight[17, 24]",0.755,0.376,0.21,1.432,0.01,0.011,1446.297,1524.163,1.0
"K_uu_weight[17, 25]",0.694,0.358,0.199,1.365,0.01,0.011,1386.339,1548.452,0.999
"K_uu_weight[17, 26]",0.632,0.339,0.163,1.252,0.009,0.01,1322.543,1539.029,1.0
"K_uu_weight[17, 27]",0.569,0.319,0.127,1.162,0.009,0.01,1267.754,1493.448,1.0
"K_uu_weight[17, 28]",0.508,0.298,0.111,1.078,0.008,0.009,1219.146,1445.164,1.0
"K_uu_weight[17, 29]",0.449,0.277,0.053,0.943,0.008,0.009,1175.717,1451.542,1.0
"K_uu_weight[17, 30]",0.393,0.256,0.037,0.851,0.007,0.008,1143.81,1450.508,1.001
"K_uu_weight[17, 31]",0.342,0.235,0.023,0.765,0.007,0.008,1115.048,1301.002,1.001
"K_uu_weight[17, 32]",0.295,0.214,0.012,0.679,0.006,0.007,1083.999,1406.558,1.001
"K_uu_weight[17, 33]",0.252,0.193,0.006,0.595,0.006,0.007,1061.226,1321.641,1.001
"K_uu_weight[17, 34]",0.214,0.173,0.004,0.53,0.005,0.006,1044.402,1270.623,1.001
"K_uu_weight[17, 35]",0.18,0.155,0.0,0.458,0.005,0.006,1029.035,1224.009,1.002
"K_uu_weight[17, 36]",0.151,0.137,0.0,0.398,0.004,0.005,1015.594,1252.581,1.002
"K_uu_weight[17, 37]",0.125,0.12,0.0,0.342,0.004,0.005,1007.441,1228.555,1.002
"K_uu_weight[17, 38]",0.103,0.105,0.0,0.294,0.003,0.004,1000.3,1231.35,1.002
"K_uu_weight[17, 39]",0.084,0.091,0.0,0.25,0.003,0.004,994.02,1207.162,1.002
"K_uu_weight[17, 40]",0.069,0.079,0.0,0.213,0.002,0.004,988.018,1115.398,1.002
"K_uu_weight[17, 41]",0.056,0.067,0.0,0.177,0.002,0.003,983.03,1115.398,1.002
"K_uu_weight[17, 42]",0.045,0.057,0.0,0.148,0.002,0.003,979.245,1081.93,1.002
"K_uu_weight[17, 43]",0.036,0.049,0.0,0.123,0.001,0.003,975.369,1083.791,1.002
"K_uu_weight[17, 44]",0.029,0.041,0.0,0.101,0.001,0.002,973.574,1060.506,1.002
"K_uu_weight[17, 45]",0.023,0.034,0.0,0.082,0.001,0.002,971.629,1060.506,1.002
"K_uu_weight[17, 46]",0.018,0.029,0.0,0.066,0.001,0.002,970.041,1060.506,1.002
"K_uu_weight[17, 47]",0.014,0.024,0.0,0.054,0.001,0.002,969.268,1060.506,1.002
"K_uu_weight[17, 48]",0.011,0.019,0.0,0.043,0.001,0.001,969.368,1060.73,1.003
"K_uu_weight[17, 49]",0.008,0.016,0.0,0.034,0.0,0.001,969.399,1060.73,1.003
"K_uu_weight[18, 0]",0.18,0.155,0.0,0.458,0.005,0.006,1029.035,1224.009,1.002
"K_uu_weight[18, 1]",0.214,0.173,0.004,0.53,0.005,0.006,1044.402,1270.623,1.001
"K_uu_weight[18, 2]",0.252,0.193,0.006,0.595,0.006,0.007,1061.226,1321.641,1.001
"K_uu_weight[18, 3]",0.295,0.214,0.012,0.679,0.006,0.007,1083.999,1406.558,1.001
"K_uu_weight[18, 4]",0.342,0.235,0.023,0.765,0.007,0.008,1115.048,1301.002,1.001
"K_uu_weight[18, 5]",0.393,0.256,0.037,0.851,0.007,0.008,1143.81,1450.508,1.001
"K_uu_weight[18, 6]",0.449,0.277,0.053,0.943,0.008,0.009,1175.717,1451.542,1.0
"K_uu_weight[18, 7]",0.508,0.298,0.111,1.078,0.008,0.009,1219.146,1445.164,1.0
"K_uu_weight[18, 8]",0.569,0.319,0.127,1.162,0.009,0.01,1267.754,1493.448,1.0
"K_uu_weight[18, 9]",0.632,0.339,0.163,1.252,0.009,0.01,1322.543,1539.029,1.0
"K_uu_weight[18, 10]",0.694,0.358,0.199,1.365,0.01,0.011,1386.339,1548.452,0.999
"K_uu_weight[18, 11]",0.755,0.376,0.21,1.432,0.01,0.011,1446.297,1524.163,1.0
"K_uu_weight[18, 12]",0.813,0.393,0.259,1.529,0.01,0.012,1499.976,1523.757,1.0
"K_uu_weight[18, 13]",0.866,0.408,0.282,1.605,0.01,0.012,1531.753,1524.009,1.0
"K_uu_weight[18, 14]",0.913,0.422,0.273,1.644,0.011,0.012,1553.645,1524.009,1.0
"K_uu_weight[18, 15]",0.951,0.433,0.289,1.699,0.011,0.013,1569.425,1500.248,0.999
"K_uu_weight[18, 16]",0.979,0.441,0.32,1.763,0.011,0.013,1579.754,1523.932,1.0
"K_uu_weight[18, 17]",0.996,0.446,0.326,1.791,0.011,0.013,1585.553,1523.932,1.0
"K_uu_weight[18, 18]",1.002,0.448,0.332,1.805,0.011,0.013,1587.497,1523.932,1.0
"K_uu_weight[18, 19]",0.996,0.446,0.326,1.791,0.011,0.013,1585.553,1523.932,1.0
"K_uu_weight[18, 20]",0.979,0.441,0.32,1.763,0.011,0.013,1579.754,1523.932,1.0
"K_uu_weight[18, 21]",0.951,0.433,0.289,1.699,0.011,0.013,1569.425,1500.248,0.999
"K_uu_weight[18, 22]",0.913,0.422,0.273,1.644,0.011,0.012,1553.645,1524.009,1.0
"K_uu_weight[18, 23]",0.866,0.408,0.282,1.605,0.01,0.012,1531.753,1524.009,1.0
"K_uu_weight[18, 24]",0.813,0.393,0.259,1.529,0.01,0.012,1499.976,1523.757,1.0
"K_uu_weight[18, 25]",0.755,0.376,0.21,1.432,0.01,0.011,1446.297,1524.163,1.0
"K_uu_weight[18, 26]",0.694,0.358,0.199,1.365,0.01,0.011,1386.339,1548.452,0.999
"K_uu_weight[18, 27]",0.632,0.339,0.163,1.252,0.009,0.01,1322.543,1539.029,1.0
"K_uu_weight[18, 28]",0.569,0.319,0.127,1.162,0.009,0.01,1267.754,1493.448,1.0
"K_uu_weight[18, 29]",0.508,0.298,0.111,1.078,0.008,0.009,1219.146,1445.164,1.0
"K_uu_weight[18, 30]",0.449,0.277,0.053,0.943,0.008,0.009,1175.717,1451.542,1.0
"K_uu_weight[18, 31]",0.393,0.256,0.037,0.851,0.007,0.008,1143.81,1450.508,1.001
"K_uu_weight[18, 32]",0.342,0.235,0.023,0.765,0.007,0.008,1115.048,1301.002,1.001
"K_uu_weight[18, 33]",0.295,0.214,0.012,0.679,0.006,0.007,1083.999,1406.558,1.001
"K_uu_weight[18, 34]",0.252,0.193,0.006,0.595,0.006,0.007,1061.226,1321.641,1.001
"K_uu_weight[18, 35]",0.214,0.173,0.004,0.53,0.005,0.006,1044.402,1270.623,1.001
"K_uu_weight[18, 36]",0.18,0.155,0.0,0.458,0.005,0.006,1029.035,1224.009,1.002
"K_uu_weight[18, 37]",0.151,0.137,0.0,0.398,0.004,0.005,1015.594,1252.581,1.002
"K_uu_weight[18, 38]",0.125,0.12,0.0,0.342,0.004,0.005,1007.441,1228.555,1.002
"K_uu_weight[18, 39]",0.103,0.105,0.0,0.294,0.003,0.004,1000.3,1231.35,1.002
"K_uu_weight[18, 40]",0.084,0.091,0.0,0.25,0.003,0.004,994.02,1207.162,1.002
"K_uu_weight[18, 41]",0.069,0.079,0.0,0.213,0.002,0.004,988.018,1115.398,1.002
"K_uu_weight[18, 42]",0.056,0.067,0.0,0.177,0.002,0.003,983.03,1115.398,1.002
"K_uu_weight[18, 43]",0.045,0.057,0.0,0.148,0.002,0.003,979.245,1081.93,1.002
"K_uu_weight[18, 44]",0.036,0.049,0.0,0.123,0.001,0.003,975.369,1083.791,1.002
"K_uu_weight[18, 45]",0.029,0.041,0.0,0.101,0.001,0.002,973.574,1060.506,1.002
"K_uu_weight[18, 46]",0.023,0.034,0.0,0.082,0.001,0.002,971.629,1060.506,1.002
"K_uu_weight[18, 47]",0.018,0.029,0.0,0.066,0.001,0.002,970.041,1060.506,1.002
"K_uu_weight[18, 48]",0.014,0.024,0.0,0.054,0.001,0.002,969.268,1060.506,1.002
"K_uu_weight[18, 49]",0.011,0.019,0.0,0.043,0.001,0.001,969.368,1060.73,1.003
"K_uu_weight[19, 0]",0.151,0.137,0.0,0.398,0.004,0.005,1015.594,1252.581,1.002
"K_uu_weight[19, 1]",0.18,0.155,0.0,0.458,0.005,0.006,1029.035,1224.009,1.002
"K_uu_weight[19, 2]",0.214,0.173,0.004,0.53,0.005,0.006,1044.402,1270.623,1.001
"K_uu_weight[19, 3]",0.252,0.193,0.006,0.595,0.006,0.007,1061.226,1321.641,1.001
"K_uu_weight[19, 4]",0.295,0.214,0.012,0.679,0.006,0.007,1083.999,1406.558,1.001
"K_uu_weight[19, 5]",0.342,0.235,0.023,0.765,0.007,0.008,1115.048,1301.002,1.001
"K_uu_weight[19, 6]",0.393,0.256,0.037,0.851,0.007,0.008,1143.81,1450.508,1.001
"K_uu_weight[19, 7]",0.449,0.277,0.053,0.943,0.008,0.009,1175.717,1451.542,1.0
"K_uu_weight[19, 8]",0.508,0.298,0.111,1.078,0.008,0.009,1219.146,1445.164,1.0
"K_uu_weight[19, 9]",0.569,0.319,0.127,1.162,0.009,0.01,1267.754,1493.448,1.0
"K_uu_weight[19, 10]",0.632,0.339,0.163,1.252,0.009,0.01,1322.543,1539.029,1.0
"K_uu_weight[19, 11]",0.694,0.358,0.199,1.365,0.01,0.011,1386.339,1548.452,0.999
"K_uu_weight[19, 12]",0.755,0.376,0.21,1.432,0.01,0.011,1446.297,1524.163,1.0
"K_uu_weight[19, 13]",0.813,0.393,0.259,1.529,0.01,0.012,1499.976,1523.757,1.0
"K_uu_weight[19, 14]",0.866,0.408,0.282,1.605,0.01,0.012,1531.753,1524.009,1.0
"K_uu_weight[19, 15]",0.913,0.422,0.273,1.644,0.011,0.012,1553.645,1524.009,1.0
"K_uu_weight[19, 16]",0.951,0.433,0.289,1.699,0.011,0.013,1569.425,1500.248,0.999
"K_uu_weight[19, 17]",0.979,0.441,0.32,1.763,0.011,0.013,1579.754,1523.932,1.0
"K_uu_weight[19, 18]",0.996,0.446,0.326,1.791,0.011,0.013,1585.553,1523.932,1.0
"K_uu_weight[19, 19]",1.002,0.448,0.332,1.805,0.011,0.013,1587.497,1523.932,1.0
"K_uu_weight[19, 20]",0.996,0.446,0.326,1.791,0.011,0.013,1585.553,1523.932,1.0
"K_uu_weight[19, 21]",0.979,0.441,0.32,1.763,0.011,0.013,1579.754,1523.932,1.0
"K_uu_weight[19, 22]",0.951,0.433,0.289,1.699,0.011,0.013,1569.425,1500.248,0.999
"K_uu_weight[19, 23]",0.913,0.422,0.273,1.644,0.011,0.012,1553.645,1524.009,1.0
"K_uu_weight[19, 24]",0.866,0.408,0.282,1.605,0.01,0.012,1531.753,1524.009,1.0
"K_uu_weight[19, 25]",0.813,0.393,0.259,1.529,0.01,0.012,1499.976,1523.757,1.0
"K_uu_weight[19, 26]",0.755,0.376,0.21,1.432,0.01,0.011,1446.297,1524.163,1.0
"K_uu_weight[19, 27]",0.694,0.358,0.199,1.365,0.01,0.011,1386.339,1548.452,0.999
"K_uu_weight[19, 28]",0.632,0.339,0.163,1.252,0.009,0.01,1322.543,1539.029,1.0
"K_uu_weight[19, 29]",0.569,0.319,0.127,1.162,0.009,0.01,1267.754,1493.448,1.0
"K_uu_weight[19, 30]",0.508,0.298,0.111,1.078,0.008,0.009,1219.146,1445.164,1.0
"K_uu_weight[19, 31]",0.449,0.277,0.053,0.943,0.008,0.009,1175.717,1451.542,1.0
"K_uu_weight[19, 32]",0.393,0.256,0.037,0.851,0.007,0.008,1143.81,1450.508,1.001
"K_uu_weight[19, 33]",0.342,0.235,0.023,0.765,0.007,0.008,1115.048,1301.002,1.001
"K_uu_weight[19, 34]",0.295,0.214,0.012,0.679,0.006,0.007,1083.999,1406.558,1.001
"K_uu_weight[19, 35]",0.252,0.193,0.006,0.595,0.006,0.007,1061.226,1321.641,1.001
"K_uu_weight[19, 36]",0.214,0.173,0.004,0.53,0.005,0.006,1044.402,1270.623,1.001
"K_uu_weight[19, 37]",0.18,0.155,0.0,0.458,0.005,0.006,1029.035,1224.009,1.002
"K_uu_weight[19, 38]",0.151,0.137,0.0,0.398,0.004,0.005,1015.594,1252.581,1.002
"K_uu_weight[19, 39]",0.125,0.12,0.0,0.342,0.004,0.005,1007.441,1228.555,1.002
"K_uu_weight[19, 40]",0.103,0.105,0.0,0.294,0.003,0.004,1000.3,1231.35,1.002
"K_uu_weight[19, 41]",0.084,0.091,0.0,0.25,0.003,0.004,994.02,1207.162,1.002
"K_uu_weight[19, 42]",0.069,0.079,0.0,0.213,0.002,0.004,988.018,1115.398,1.002
"K_uu_weight[19, 43]",0.056,0.067,0.0,0.177,0.002,0.003,983.03,1115.398,1.002
"K_uu_weight[19, 44]",0.045,0.057,0.0,0.148,0.002,0.003,979.245,1081.93,1.002
"K_uu_weight[19, 45]",0.036,0.049,0.0,0.123,0.001,0.003,975.369,1083.791,1.002
"K_uu_weight[19, 46]",0.029,0.041,0.0,0.101,0.001,0.002,973.574,1060.506,1.002
"K_uu_weight[19, 47]",0.023,0.034,0.0,0.082,0.001,0.002,971.629,1060.506,1.002
"K_uu_weight[19, 48]",0.018,0.029,0.0,0.066,0.001,0.002,970.041,1060.506,1.002
"K_uu_weight[19, 49]",0.014,0.024,0.0,0.054,0.001,0.002,969.268,1060.506,1.002
"K_uu_weight[20, 0]",0.125,0.12,0.0,0.342,0.004,0.005,1007.441,1228.555,1.002
"K_uu_weight[20, 1]",0.151,0.137,0.0,0.398,0.004,0.005,1015.594,1252.581,1.002
"K_uu_weight[20, 2]",0.18,0.155,0.0,0.458,0.005,0.006,1029.035,1224.009,1.002
"K_uu_weight[20, 3]",0.214,0.173,0.004,0.53,0.005,0.006,1044.402,1270.623,1.001
"K_uu_weight[20, 4]",0.252,0.193,0.006,0.595,0.006,0.007,1061.226,1321.641,1.001
"K_uu_weight[20, 5]",0.295,0.214,0.012,0.679,0.006,0.007,1083.999,1406.558,1.001
"K_uu_weight[20, 6]",0.342,0.235,0.023,0.765,0.007,0.008,1115.048,1301.002,1.001
"K_uu_weight[20, 7]",0.393,0.256,0.037,0.851,0.007,0.008,1143.81,1450.508,1.001
"K_uu_weight[20, 8]",0.449,0.277,0.053,0.943,0.008,0.009,1175.717,1451.542,1.0
"K_uu_weight[20, 9]",0.508,0.298,0.111,1.078,0.008,0.009,1219.146,1445.164,1.0
"K_uu_weight[20, 10]",0.569,0.319,0.127,1.162,0.009,0.01,1267.754,1493.448,1.0
"K_uu_weight[20, 11]",0.632,0.339,0.163,1.252,0.009,0.01,1322.543,1539.029,1.0
"K_uu_weight[20, 12]",0.694,0.358,0.199,1.365,0.01,0.011,1386.339,1548.452,0.999
"K_uu_weight[20, 13]",0.755,0.376,0.21,1.432,0.01,0.011,1446.297,1524.163,1.0
"K_uu_weight[20, 14]",0.813,0.393,0.259,1.529,0.01,0.012,1499.976,1523.757,1.0
"K_uu_weight[20, 15]",0.866,0.408,0.282,1.605,0.01,0.012,1531.753,1524.009,1.0
"K_uu_weight[20, 16]",0.913,0.422,0.273,1.644,0.011,0.012,1553.645,1524.009,1.0
"K_uu_weight[20, 17]",0.951,0.433,0.289,1.699,0.011,0.013,1569.425,1500.248,0.999
"K_uu_weight[20, 18]",0.979,0.441,0.32,1.763,0.011,0.013,1579.754,1523.932,1.0
"K_uu_weight[20, 19]",0.996,0.446,0.326,1.791,0.011,0.013,1585.553,1523.932,1.0
"K_uu_weight[20, 20]",1.002,0.448,0.332,1.805,0.011,0.013,1587.497,1523.932,1.0
"K_uu_weight[20, 21]",0.996,0.446,0.326,1.791,0.011,0.013,1585.553,1523.932,1.0
"K_uu_weight[20, 22]",0.979,0.441,0.32,1.763,0.011,0.013,1579.754,1523.932,1.0
"K_uu_weight[20, 23]",0.951,0.433,0.289,1.699,0.011,0.013,1569.425,1500.248,0.999
"K_uu_weight[20, 24]",0.913,0.422,0.273,1.644,0.011,0.012,1553.645,1524.009,1.0
"K_uu_weight[20, 25]",0.866,0.408,0.282,1.605,0.01,0.012,1531.753,1524.009,1.0
"K_uu_weight[20, 26]",0.813,0.393,0.259,1.529,0.01,0.012,1499.976,1523.757,1.0
"K_uu_weight[20, 27]",0.755,0.376,0.21,1.432,0.01,0.011,1446.297,1524.163,1.0
"K_uu_weight[20, 28]",0.694,0.358,0.199,1.365,0.01,0.011,1386.339,1548.452,0.999
"K_uu_weight[20, 29]",0.632,0.339,0.163,1.252,0.009,0.01,1322.543,1539.029,1.0
"K_uu_weight[20, 30]",0.569,0.319,0.127,1.162,0.009,0.01,1267.754,1493.448,1.0
"K_uu_weight[20, 31]",0.508,0.298,0.111,1.078,0.008,0.009,1219.146,1445.164,1.0
"K_uu_weight[20, 32]",0.449,0.277,0.053,0.943,0.008,0.009,1175.717,1451.542,1.0
"K_uu_weight[20, 33]",0.393,0.256,0.037,0.851,0.007,0.008,1143.81,1450.508,1.001
"K_uu_weight[20, 34]",0.342,0.235,0.023,0.765,0.007,0.008,1115.048,1301.002,1.001
"K_uu_weight[20, 35]",0.295,0.214,0.012,0.679,0.006,0.007,1083.999,1406.558,1.001
"K_uu_weight[20, 36]",0.252,0.193,0.006,0.595,0.006,0.007,1061.226,1321.641,1.001
"K_uu_weight[20, 37]",0.214,0.173,0.004,0.53,0.005,0.006,1044.402,1270.623,1.001
"K_uu_weight[20, 38]",0.18,0.155,0.0,0.458,0.005,0.006,1029.035,1224.009,1.002
"K_uu_weight[20, 39]",0.151,0.137,0.0,0.398,0.004,0.005,1015.594,1252.581,1.002
"K_uu_weight[20, 40]",0.125,0.12,0.0,0.342,0.004,0.005,1007.441,1228.555,1.002
"K_uu_weight[20, 41]",0.103,0.105,0.0,0.294,0.003,0.004,1000.3,1231.35,1.002
"K_uu_weight[20, 42]",0.084,0.091,0.0,0.25,0.003,0.004,994.02,1207.162,1.002
"K_uu_weight[20, 43]",0.069,0.079,0.0,0.213,0.002,0.004,988.018,1115.398,1.002
"K_uu_weight[20, 44]",0.056,0.067,0.0,0.177,0.002,0.003,983.03,1115.398,1.002
"K_uu_weight[20, 45]",0.045,0.057,0.0,0.148,0.002,0.003,979.245,1081.93,1.002
"K_uu_weight[20, 46]",0.036,0.049,0.0,0.123,0.001,0.003,975.369,1083.791,1.002
"K_uu_weight[20, 47]",0.029,0.041,0.0,0.101,0.001,0.002,973.574,1060.506,1.002
"K_uu_weight[20, 48]",0.023,0.034,0.0,0.082,0.001,0.002,971.629,1060.506,1.002
"K_uu_weight[20, 49]",0.018,0.029,0.0,0.066,0.001,0.002,970.041,1060.506,1.002
"K_uu_weight[21, 0]",0.103,0.105,0.0,0.294,0.003,0.004,1000.3,1231.35,1.002
"K_uu_weight[21, 1]",0.125,0.12,0.0,0.342,0.004,0.005,1007.441,1228.555,1.002
"K_uu_weight[21, 2]",0.151,0.137,0.0,0.398,0.004,0.005,1015.594,1252.581,1.002
"K_uu_weight[21, 3]",0.18,0.155,0.0,0.458,0.005,0.006,1029.035,1224.009,1.002
"K_uu_weight[21, 4]",0.214,0.173,0.004,0.53,0.005,0.006,1044.402,1270.623,1.001
"K_uu_weight[21, 5]",0.252,0.193,0.006,0.595,0.006,0.007,1061.226,1321.641,1.001
"K_uu_weight[21, 6]",0.295,0.214,0.012,0.679,0.006,0.007,1083.999,1406.558,1.001
"K_uu_weight[21, 7]",0.342,0.235,0.023,0.765,0.007,0.008,1115.048,1301.002,1.001
"K_uu_weight[21, 8]",0.393,0.256,0.037,0.851,0.007,0.008,1143.81,1450.508,1.001
"K_uu_weight[21, 9]",0.449,0.277,0.053,0.943,0.008,0.009,1175.717,1451.542,1.0
"K_uu_weight[21, 10]",0.508,0.298,0.111,1.078,0.008,0.009,1219.146,1445.164,1.0
"K_uu_weight[21, 11]",0.569,0.319,0.127,1.162,0.009,0.01,1267.754,1493.448,1.0
"K_uu_weight[21, 12]",0.632,0.339,0.163,1.252,0.009,0.01,1322.543,1539.029,1.0
"K_uu_weight[21, 13]",0.694,0.358,0.199,1.365,0.01,0.011,1386.339,1548.452,0.999
"K_uu_weight[21, 14]",0.755,0.376,0.21,1.432,0.01,0.011,1446.297,1524.163,1.0
"K_uu_weight[21, 15]",0.813,0.393,0.259,1.529,0.01,0.012,1499.976,1523.757,1.0
"K_uu_weight[21, 16]",0.866,0.408,0.282,1.605,0.01,0.012,1531.753,1524.009,1.0
"K_uu_weight[21, 17]",0.913,0.422,0.273,1.644,0.011,0.012,1553.645,1524.009,1.0
"K_uu_weight[21, 18]",0.951,0.433,0.289,1.699,0.011,0.013,1569.425,1500.248,0.999
"K_uu_weight[21, 19]",0.979,0.441,0.32,1.763,0.011,0.013,1579.754,1523.932,1.0
"K_uu_weight[21, 20]",0.996,0.446,0.326,1.791,0.011,0.013,1585.553,1523.932,1.0
"K_uu_weight[21, 21]",1.002,0.448,0.332,1.805,0.011,0.013,1587.497,1523.932,1.0
"K_uu_weight[21, 22]",0.996,0.446,0.326,1.791,0.011,0.013,1585.553,1523.932,1.0
"K_uu_weight[21, 23]",0.979,0.441,0.32,1.763,0.011,0.013,1579.754,1523.932,1.0
"K_uu_weight[21, 24]",0.951,0.433,0.289,1.699,0.011,0.013,1569.425,1500.248,0.999
"K_uu_weight[21, 25]",0.913,0.422,0.273,1.644,0.011,0.012,1553.645,1524.009,1.0
"K_uu_weight[21, 26]",0.866,0.408,0.282,1.605,0.01,0.012,1531.753,1524.009,1.0
"K_uu_weight[21, 27]",0.813,0.393,0.259,1.529,0.01,0.012,1499.976,1523.757,1.0
"K_uu_weight[21, 28]",0.755,0.376,0.21,1.432,0.01,0.011,1446.297,1524.163,1.0
"K_uu_weight[21, 29]",0.694,0.358,0.199,1.365,0.01,0.011,1386.339,1548.452,0.999
"K_uu_weight[21, 30]",0.632,0.339,0.163,1.252,0.009,0.01,1322.543,1539.029,1.0
"K_uu_weight[21, 31]",0.569,0.319,0.127,1.162,0.009,0.01,1267.754,1493.448,1.0
"K_uu_weight[21, 32]",0.508,0.298,0.111,1.078,0.008,0.009,1219.146,1445.164,1.0
"K_uu_weight[21, 33]",0.449,0.277,0.053,0.943,0.008,0.009,1175.717,1451.542,1.0
"K_uu_weight[21, 34]",0.393,0.256,0.037,0.851,0.007,0.008,1143.81,1450.508,1.001
"K_uu_weight[21, 35]",0.342,0.235,0.023,0.765,0.007,0.008,1115.048,1301.002,1.001
"K_uu_weight[21, 36]",0.295,0.214,0.012,0.679,0.006,0.007,1083.999,1406.558,1.001
"K_uu_weight[21, 37]",0.252,0.193,0.006,0.595,0.006,0.007,1061.226,1321.641,1.001
"K_uu_weight[21, 38]",0.214,0.173,0.004,0.53,0.005,0.006,1044.402,1270.623,1.001
"K_uu_weight[21, 39]",0.18,0.155,0.0,0.458,0.005,0.006,1029.035,1224.009,1.002
"K_uu_weight[21, 40]",0.151,0.137,0.0,0.398,0.004,0.005,1015.594,1252.581,1.002
"K_uu_weight[21, 41]",0.125,0.12,0.0,0.342,0.004,0.005,1007.441,1228.555,1.002
"K_uu_weight[21, 42]",0.103,0.105,0.0,0.294,0.003,0.004,1000.3,1231.35,1.002
"K_uu_weight[21, 43]",0.084,0.091,0.0,0.25,0.003,0.004,994.02,1207.162,1.002
"K_uu_weight[21, 44]",0.069,0.079,0.0,0.213,0.002,0.004,988.018,1115.398,1.002
"K_uu_weight[21, 45]",0.056,0.067,0.0,0.177,0.002,0.003,983.03,1115.398,1.002
"K_uu_weight[21, 46]",0.045,0.057,0.0,0.148,0.002,0.003,979.245,1081.93,1.002
"K_uu_weight[21, 47]",0.036,0.049,0.0,0.123,0.001,0.003,975.369,1083.791,1.002
"K_uu_weight[21, 48]",0.029,0.041,0.0,0.101,0.001,0.002,973.574,1060.506,1.002
"K_uu_weight[21, 49]",0.023,0.034,0.0,0.082,0.001,0.002,971.629,1060.506,1.002
"K_uu_weight[22, 0]",0.084,0.091,0.0,0.25,0.003,0.004,994.02,1207.162,1.002
"K_uu_weight[22, 1]",0.103,0.105,0.0,0.294,0.003,0.004,1000.3,1231.35,1.002
"K_uu_weight[22, 2]",0.125,0.12,0.0,0.342,0.004,0.005,1007.441,1228.555,1.002
"K_uu_weight[22, 3]",0.151,0.137,0.0,0.398,0.004,0.005,1015.594,1252.581,1.002
"K_uu_weight[22, 4]",0.18,0.155,0.0,0.458,0.005,0.006,1029.035,1224.009,1.002
"K_uu_weight[22, 5]",0.214,0.173,0.004,0.53,0.005,0.006,1044.402,1270.623,1.001
"K_uu_weight[22, 6]",0.252,0.193,0.006,0.595,0.006,0.007,1061.226,1321.641,1.001
"K_uu_weight[22, 7]",0.295,0.214,0.012,0.679,0.006,0.007,1083.999,1406.558,1.001
"K_uu_weight[22, 8]",0.342,0.235,0.023,0.765,0.007,0.008,1115.048,1301.002,1.001
"K_uu_weight[22, 9]",0.393,0.256,0.037,0.851,0.007,0.008,1143.81,1450.508,1.001
"K_uu_weight[22, 10]",0.449,0.277,0.053,0.943,0.008,0.009,1175.717,1451.542,1.0
"K_uu_weight[22, 11]",0.508,0.298,0.111,1.078,0.008,0.009,1219.146,1445.164,1.0
"K_uu_weight[22, 12]",0.569,0.319,0.127,1.162,0.009,0.01,1267.754,1493.448,1.0
"K_uu_weight[22, 13]",0.632,0.339,0.163,1.252,0.009,0.01,1322.543,1539.029,1.0
"K_uu_weight[22, 14]",0.694,0.358,0.199,1.365,0.01,0.011,1386.339,1548.452,0.999
"K_uu_weight[22, 15]",0.755,0.376,0.21,1.432,0.01,0.011,1446.297,1524.163,1.0
"K_uu_weight[22, 16]",0.813,0.393,0.259,1.529,0.01,0.012,1499.976,1523.757,1.0
"K_uu_weight[22, 17]",0.866,0.408,0.282,1.605,0.01,0.012,1531.753,1524.009,1.0
"K_uu_weight[22, 18]",0.913,0.422,0.273,1.644,0.011,0.012,1553.645,1524.009,1.0
"K_uu_weight[22, 19]",0.951,0.433,0.289,1.699,0.011,0.013,1569.425,1500.248,0.999
"K_uu_weight[22, 20]",0.979,0.441,0.32,1.763,0.011,0.013,1579.754,1523.932,1.0
"K_uu_weight[22, 21]",0.996,0.446,0.326,1.791,0.011,0.013,1585.553,1523.932,1.0
"K_uu_weight[22, 22]",1.002,0.448,0.332,1.805,0.011,0.013,1587.497,1523.932,1.0
"K_uu_weight[22, 23]",0.996,0.446,0.326,1.791,0.011,0.013,1585.553,1523.932,1.0
"K_uu_weight[22, 24]",0.979,0.441,0.32,1.763,0.011,0.013,1579.754,1523.932,1.0
"K_uu_weight[22, 25]",0.951,0.433,0.289,1.699,0.011,0.013,1569.425,1500.248,0.999
"K_uu_weight[22, 26]",0.913,0.422,0.273,1.644,0.011,0.012,1553.645,1524.009,1.0
"K_uu_weight[22, 27]",0.866,0.408,0.282,1.605,0.01,0.012,1531.753,1524.009,1.0
"K_uu_weight[22, 28]",0.813,0.393,0.259,1.529,0.01,0.012,1499.976,1523.757,1.0
"K_uu_weight[22, 29]",0.755,0.376,0.21,1.432,0.01,0.011,1446.297,1524.163,1.0
"K_uu_weight[22, 30]",0.694,0.358,0.199,1.365,0.01,0.011,1386.339,1548.452,0.999
"K_uu_weight[22, 31]",0.632,0.339,0.163,1.252,0.009,0.01,1322.543,1539.029,1.0
"K_uu_weight[22, 32]",0.569,0.319,0.127,1.162,0.009,0.01,1267.754,1493.448,1.0
"K_uu_weight[22, 33]",0.508,0.298,0.111,1.078,0.008,0.009,1219.146,1445.164,1.0
"K_uu_weight[22, 34]",0.449,0.277,0.053,0.943,0.008,0.009,1175.717,1451.542,1.0
"K_uu_weight[22, 35]",0.393,0.256,0.037,0.851,0.007,0.008,1143.81,1450.508,1.001
"K_uu_weight[22, 36]",0.342,0.235,0.023,0.765,0.007,0.008,1115.048,1301.002,1.001
"K_uu_weight[22, 37]",0.295,0.214,0.012,0.679,0.006,0.007,1083.999,1406.558,1.001
"K_uu_weight[22, 38]",0.252,0.193,0.006,0.595,0.006,0.007,1061.226,1321.641,1.001
"K_uu_weight[22, 39]",0.214,0.173,0.004,0.53,0.005,0.006,1044.402,1270.623,1.001
"K_uu_weight[22, 40]",0.18,0.155,0.0,0.458,0.005,0.006,1029.035,1224.009,1.002
"K_uu_weight[22, 41]",0.151,0.137,0.0,0.398,0.004,0.005,1015.594,1252.581,1.002
"K_uu_weight[22, 42]",0.125,0.12,0.0,0.342,0.004,0.005,1007.441,1228.555,1.002
"K_uu_weight[22, 43]",0.103,0.105,0.0,0.294,0.003,0.004,1000.3,1231.35,1.002
"K_uu_weight[22, 44]",0.084,0.091,0.0,0.25,0.003,0.004,994.02,1207.162,1.002
"K_uu_weight[22, 45]",0.069,0.079,0.0,0.213,0.002,0.004,988.018,1115.398,1.002
"K_uu_weight[22, 46]",0.056,0.067,0.0,0.177,0.002,0.003,983.03,1115.398,1.002
"K_uu_weight[22, 47]",0.045,0.057,0.0,0.148,0.002,0.003,979.245,1081.93,1.002
"K_uu_weight[22, 48]",0.036,0.049,0.0,0.123,0.001,0.003,975.369,1083.791,1.002
"K_uu_weight[22, 49]",0.029,0.041,0.0,0.101,0.001,0.002,973.574,1060.506,1.002
"K_uu_weight[23, 0]",0.069,0.079,0.0,0.213,0.002,0.004,988.018,1115.398,1.002
"K_uu_weight[23, 1]",0.084,0.091,0.0,0.25,0.003,0.004,994.02,1207.162,1.002
"K_uu_weight[23, 2]",0.103,0.105,0.0,0.294,0.003,0.004,1000.3,1231.35,1.002
"K_uu_weight[23, 3]",0.125,0.12,0.0,0.342,0.004,0.005,1007.441,1228.555,1.002
"K_uu_weight[23, 4]",0.151,0.137,0.0,0.398,0.004,0.005,1015.594,1252.581,1.002
"K_uu_weight[23, 5]",0.18,0.155,0.0,0.458,0.005,0.006,1029.035,1224.009,1.002
"K_uu_weight[23, 6]",0.214,0.173,0.004,0.53,0.005,0.006,1044.402,1270.623,1.001
"K_uu_weight[23, 7]",0.252,0.193,0.006,0.595,0.006,0.007,1061.226,1321.641,1.001
"K_uu_weight[23, 8]",0.295,0.214,0.012,0.679,0.006,0.007,1083.999,1406.558,1.001
"K_uu_weight[23, 9]",0.342,0.235,0.023,0.765,0.007,0.008,1115.048,1301.002,1.001
"K_uu_weight[23, 10]",0.393,0.256,0.037,0.851,0.007,0.008,1143.81,1450.508,1.001
"K_uu_weight[23, 11]",0.449,0.277,0.053,0.943,0.008,0.009,1175.717,1451.542,1.0
"K_uu_weight[23, 12]",0.508,0.298,0.111,1.078,0.008,0.009,1219.146,1445.164,1.0
"K_uu_weight[23, 13]",0.569,0.319,0.127,1.162,0.009,0.01,1267.754,1493.448,1.0
"K_uu_weight[23, 14]",0.632,0.339,0.163,1.252,0.009,0.01,1322.543,1539.029,1.0
"K_uu_weight[23, 15]",0.694,0.358,0.199,1.365,0.01,0.011,1386.339,1548.452,0.999
"K_uu_weight[23, 16]",0.755,0.376,0.21,1.432,0.01,0.011,1446.297,1524.163,1.0
"K_uu_weight[23, 17]",0.813,0.393,0.259,1.529,0.01,0.012,1499.976,1523.757,1.0
"K_uu_weight[23, 18]",0.866,0.408,0.282,1.605,0.01,0.012,1531.753,1524.009,1.0
"K_uu_weight[23, 19]",0.913,0.422,0.273,1.644,0.011,0.012,1553.645,1524.009,1.0
"K_uu_weight[23, 20]",0.951,0.433,0.289,1.699,0.011,0.013,1569.425,1500.248,0.999
"K_uu_weight[23, 21]",0.979,0.441,0.32,1.763,0.011,0.013,1579.754,1523.932,1.0
"K_uu_weight[23, 22]",0.996,0.446,0.326,1.791,0.011,0.013,1585.553,1523.932,1.0
"K_uu_weight[23, 23]",1.002,0.448,0.332,1.805,0.011,0.013,1587.497,1523.932,1.0
"K_uu_weight[23, 24]",0.996,0.446,0.326,1.791,0.011,0.013,1585.553,1523.932,1.0
"K_uu_weight[23, 25]",0.979,0.441,0.32,1.763,0.011,0.013,1579.754,1523.932,1.0
"K_uu_weight[23, 26]",0.951,0.433,0.289,1.699,0.011,0.013,1569.425,1500.248,0.999
"K_uu_weight[23, 27]",0.913,0.422,0.273,1.644,0.011,0.012,1553.645,1524.009,1.0
"K_uu_weight[23, 28]",0.866,0.408,0.282,1.605,0.01,0.012,1531.753,1524.009,1.0
"K_uu_weight[23, 29]",0.813,0.393,0.259,1.529,0.01,0.012,1499.976,1523.757,1.0
"K_uu_weight[23, 30]",0.755,0.376,0.21,1.432,0.01,0.011,1446.297,1524.163,1.0
"K_uu_weight[23, 31]",0.694,0.358,0.199,1.365,0.01,0.011,1386.339,1548.452,0.999
"K_uu_weight[23, 32]",0.632,0.339,0.163,1.252,0.009,0.01,1322.543,1539.029,1.0
"K_uu_weight[23, 33]",0.569,0.319,0.127,1.162,0.009,0.01,1267.754,1493.448,1.0
"K_uu_weight[23, 34]",0.508,0.298,0.111,1.078,0.008,0.009,1219.146,1445.164,1.0
"K_uu_weight[23, 35]",0.449,0.277,0.053,0.943,0.008,0.009,1175.717,1451.542,1.0
"K_uu_weight[23, 36]",0.393,0.256,0.037,0.851,0.007,0.008,1143.81,1450.508,1.001
"K_uu_weight[23, 37]",0.342,0.235,0.023,0.765,0.007,0.008,1115.048,1301.002,1.001
"K_uu_weight[23, 38]",0.295,0.214,0.012,0.679,0.006,0.007,1083.999,1406.558,1.001
"K_uu_weight[23, 39]",0.252,0.193,0.006,0.595,0.006,0.007,1061.226,1321.641,1.001
"K_uu_weight[23, 40]",0.214,0.173,0.004,0.53,0.005,0.006,1044.402,1270.623,1.001
"K_uu_weight[23, 41]",0.18,0.155,0.0,0.458,0.005,0.006,1029.035,1224.009,1.002
"K_uu_weight[23, 42]",0.151,0.137,0.0,0.398,0.004,0.005,1015.594,1252.581,1.002
"K_uu_weight[23, 43]",0.125,0.12,0.0,0.342,0.004,0.005,1007.441,1228.555,1.002
"K_uu_weight[23, 44]",0.103,0.105,0.0,0.294,0.003,0.004,1000.3,1231.35,1.002
"K_uu_weight[23, 45]",0.084,0.091,0.0,0.25,0.003,0.004,994.02,1207.162,1.002
"K_uu_weight[23, 46]",0.069,0.079,0.0,0.213,0.002,0.004,988.018,1115.398,1.002
"K_uu_weight[23, 47]",0.056,0.067,0.0,0.177,0.002,0.003,983.03,1115.398,1.002
"K_uu_weight[23, 48]",0.045,0.057,0.0,0.148,0.002,0.003,979.245,1081.93,1.002
"K_uu_weight[23, 49]",0.036,0.049,0.0,0.123,0.001,0.003,975.369,1083.791,1.002
"K_uu_weight[24, 0]",0.056,0.067,0.0,0.177,0.002,0.003,983.03,1115.398,1.002
"K_uu_weight[24, 1]",0.069,0.079,0.0,0.213,0.002,0.004,988.018,1115.398,1.002
"K_uu_weight[24, 2]",0.084,0.091,0.0,0.25,0.003,0.004,994.02,1207.162,1.002
"K_uu_weight[24, 3]",0.103,0.105,0.0,0.294,0.003,0.004,1000.3,1231.35,1.002
"K_uu_weight[24, 4]",0.125,0.12,0.0,0.342,0.004,0.005,1007.441,1228.555,1.002
"K_uu_weight[24, 5]",0.151,0.137,0.0,0.398,0.004,0.005,1015.594,1252.581,1.002
"K_uu_weight[24, 6]",0.18,0.155,0.0,0.458,0.005,0.006,1029.035,1224.009,1.002
"K_uu_weight[24, 7]",0.214,0.173,0.004,0.53,0.005,0.006,1044.402,1270.623,1.001
"K_uu_weight[24, 8]",0.252,0.193,0.006,0.595,0.006,0.007,1061.226,1321.641,1.001
"K_uu_weight[24, 9]",0.295,0.214,0.012,0.679,0.006,0.007,1083.999,1406.558,1.001
"K_uu_weight[24, 10]",0.342,0.235,0.023,0.765,0.007,0.008,1115.048,1301.002,1.001
"K_uu_weight[24, 11]",0.393,0.256,0.037,0.851,0.007,0.008,1143.81,1450.508,1.001
"K_uu_weight[24, 12]",0.449,0.277,0.053,0.943,0.008,0.009,1175.717,1451.542,1.0
"K_uu_weight[24, 13]",0.508,0.298,0.111,1.078,0.008,0.009,1219.146,1445.164,1.0
"K_uu_weight[24, 14]",0.569,0.319,0.127,1.162,0.009,0.01,1267.754,1493.448,1.0
"K_uu_weight[24, 15]",0.632,0.339,0.163,1.252,0.009,0.01,1322.543,1539.029,1.0
"K_uu_weight[24, 16]",0.694,0.358,0.199,1.365,0.01,0.011,1386.339,1548.452,0.999
"K_uu_weight[24, 17]",0.755,0.376,0.21,1.432,0.01,0.011,1446.297,1524.163,1.0
"K_uu_weight[24, 18]",0.813,0.393,0.259,1.529,0.01,0.012,1499.976,1523.757,1.0
"K_uu_weight[24, 19]",0.866,0.408,0.282,1.605,0.01,0.012,1531.753,1524.009,1.0
"K_uu_weight[24, 20]",0.913,0.422,0.273,1.644,0.011,0.012,1553.645,1524.009,1.0
"K_uu_weight[24, 21]",0.951,0.433,0.289,1.699,0.011,0.013,1569.425,1500.248,0.999
"K_uu_weight[24, 22]",0.979,0.441,0.32,1.763,0.011,0.013,1579.754,1523.932,1.0
"K_uu_weight[24, 23]",0.996,0.446,0.326,1.791,0.011,0.013,1585.553,1523.932,1.0
"K_uu_weight[24, 24]",1.002,0.448,0.332,1.805,0.011,0.013,1587.497,1523.932,1.0
"K_uu_weight[24, 25]",0.996,0.446,0.326,1.791,0.011,0.013,1585.553,1523.932,1.0
"K_uu_weight[24, 26]",0.979,0.441,0.32,1.763,0.011,0.013,1579.754,1523.932,1.0
"K_uu_weight[24, 27]",0.951,0.433,0.289,1.699,0.011,0.013,1569.425,1500.248,0.999
"K_uu_weight[24, 28]",0.913,0.422,0.273,1.644,0.011,0.012,1553.645,1524.009,1.0
"K_uu_weight[24, 29]",0.866,0.408,0.282,1.605,0.01,0.012,1531.753,1524.009,1.0
"K_uu_weight[24, 30]",0.813,0.393,0.259,1.529,0.01,0.012,1499.976,1523.757,1.0
"K_uu_weight[24, 31]",0.755,0.376,0.21,1.432,0.01,0.011,1446.297,1524.163,1.0
"K_uu_weight[24, 32]",0.694,0.358,0.199,1.365,0.01,0.011,1386.339,1548.452,0.999
"K_uu_weight[24, 33]",0.632,0.339,0.163,1.252,0.009,0.01,1322.543,1539.029,1.0
"K_uu_weight[24, 34]",0.569,0.319,0.127,1.162,0.009,0.01,1267.754,1493.448,1.0
"K_uu_weight[24, 35]",0.508,0.298,0.111,1.078,0.008,0.009,1219.146,1445.164,1.0
"K_uu_weight[24, 36]",0.449,0.277,0.053,0.943,0.008,0.009,1175.717,1451.542,1.0
"K_uu_weight[24, 37]",0.393,0.256,0.037,0.851,0.007,0.008,1143.81,1450.508,1.001
"K_uu_weight[24, 38]",0.342,0.235,0.023,0.765,0.007,0.008,1115.048,1301.002,1.001
"K_uu_weight[24, 39]",0.295,0.214,0.012,0.679,0.006,0.007,1083.999,1406.558,1.001
"K_uu_weight[24, 40]",0.252,0.193,0.006,0.595,0.006,0.007,1061.226,1321.641,1.001
"K_uu_weight[24, 41]",0.214,0.173,0.004,0.53,0.005,0.006,1044.402,1270.623,1.001
"K_uu_weight[24, 42]",0.18,0.155,0.0,0.458,0.005,0.006,1029.035,1224.009,1.002
"K_uu_weight[24, 43]",0.151,0.137,0.0,0.398,0.004,0.005,1015.594,1252.581,1.002
"K_uu_weight[24, 44]",0.125,0.12,0.0,0.342,0.004,0.005,1007.441,1228.555,1.002
"K_uu_weight[24, 45]",0.103,0.105,0.0,0.294,0.003,0.004,1000.3,1231.35,1.002
"K_uu_weight[24, 46]",0.084,0.091,0.0,0.25,0.003,0.004,994.02,1207.162,1.002
"K_uu_weight[24, 47]",0.069,0.079,0.0,0.213,0.002,0.004,988.018,1115.398,1.002
"K_uu_weight[24, 48]",0.056,0.067,0.0,0.177,0.002,0.003,983.03,1115.398,1.002
"K_uu_weight[24, 49]",0.045,0.057,0.0,0.148,0.002,0.003,979.245,1081.93,1.002
"K_uu_weight[25, 0]",0.045,0.057,0.0,0.148,0.002,0.003,979.245,1081.93,1.002
"K_uu_weight[25, 1]",0.056,0.067,0.0,0.177,0.002,0.003,983.03,1115.398,1.002
"K_uu_weight[25, 2]",0.069,0.079,0.0,0.213,0.002,0.004,988.018,1115.398,1.002
"K_uu_weight[25, 3]",0.084,0.091,0.0,0.25,0.003,0.004,994.02,1207.162,1.002
"K_uu_weight[25, 4]",0.103,0.105,0.0,0.294,0.003,0.004,1000.3,1231.35,1.002
"K_uu_weight[25, 5]",0.125,0.12,0.0,0.342,0.004,0.005,1007.441,1228.555,1.002
"K_uu_weight[25, 6]",0.151,0.137,0.0,0.398,0.004,0.005,1015.594,1252.581,1.002
"K_uu_weight[25, 7]",0.18,0.155,0.0,0.458,0.005,0.006,1029.035,1224.009,1.002
"K_uu_weight[25, 8]",0.214,0.173,0.004,0.53,0.005,0.006,1044.402,1270.623,1.001
"K_uu_weight[25, 9]",0.252,0.193,0.006,0.595,0.006,0.007,1061.226,1321.641,1.001
"K_uu_weight[25, 10]",0.295,0.214,0.012,0.679,0.006,0.007,1083.999,1406.558,1.001
"K_uu_weight[25, 11]",0.342,0.235,0.023,0.765,0.007,0.008,1115.048,1301.002,1.001
"K_uu_weight[25, 12]",0.393,0.256,0.037,0.851,0.007,0.008,1143.81,1450.508,1.001
"K_uu_weight[25, 13]",0.449,0.277,0.053,0.943,0.008,0.009,1175.717,1451.542,1.0
"K_uu_weight[25, 14]",0.508,0.298,0.111,1.078,0.008,0.009,1219.146,1445.164,1.0
"K_uu_weight[25, 15]",0.569,0.319,0.127,1.162,0.009,0.01,1267.754,1493.448,1.0
"K_uu_weight[25, 16]",0.632,0.339,0.163,1.252,0.009,0.01,1322.543,1539.029,1.0
"K_uu_weight[25, 17]",0.694,0.358,0.199,1.365,0.01,0.011,1386.339,1548.452,0.999
"K_uu_weight[25, 18]",0.755,0.376,0.21,1.432,0.01,0.011,1446.297,1524.163,1.0
"K_uu_weight[25, 19]",0.813,0.393,0.259,1.529,0.01,0.012,1499.976,1523.757,1.0
"K_uu_weight[25, 20]",0.866,0.408,0.282,1.605,0.01,0.012,1531.753,1524.009,1.0
"K_uu_weight[25, 21]",0.913,0.422,0.273,1.644,0.011,0.012,1553.645,1524.009,1.0
"K_uu_weight[25, 22]",0.951,0.433,0.289,1.699,0.011,0.013,1569.425,1500.248,0.999
"K_uu_weight[25, 23]",0.979,0.441,0.32,1.763,0.011,0.013,1579.754,1523.932,1.0
"K_uu_weight[25, 24]",0.996,0.446,0.326,1.791,0.011,0.013,1585.553,1523.932,1.0
"K_uu_weight[25, 25]",1.002,0.448,0.332,1.805,0.011,0.013,1587.497,1523.932,1.0
"K_uu_weight[25, 26]",0.996,0.446,0.326,1.791,0.011,0.013,1585.553,1523.932,1.0
"K_uu_weight[25, 27]",0.979,0.441,0.32,1.763,0.011,0.013,1579.754,1523.932,1.0
"K_uu_weight[25, 28]",0.951,0.433,0.289,1.699,0.011,0.013,1569.425,1500.248,0.999
"K_uu_weight[25, 29]",0.913,0.422,0.273,1.644,0.011,0.012,1553.645,1524.009,1.0
"K_uu_weight[25, 30]",0.866,0.408,0.282,1.605,0.01,0.012,1531.753,1524.009,1.0
"K_uu_weight[25, 31]",0.813,0.393,0.259,1.529,0.01,0.012,1499.976,1523.757,1.0
"K_uu_weight[25, 32]",0.755,0.376,0.21,1.432,0.01,0.011,1446.297,1524.163,1.0
"K_uu_weight[25, 33]",0.694,0.358,0.199,1.365,0.01,0.011,1386.339,1548.452,0.999
"K_uu_weight[25, 34]",0.632,0.339,0.163,1.252,0.009,0.01,1322.543,1539.029,1.0
"K_uu_weight[25, 35]",0.569,0.319,0.127,1.162,0.009,0.01,1267.754,1493.448,1.0
"K_uu_weight[25, 36]",0.508,0.298,0.111,1.078,0.008,0.009,1219.146,1445.164,1.0
"K_uu_weight[25, 37]",0.449,0.277,0.053,0.943,0.008,0.009,1175.717,1451.542,1.0
"K_uu_weight[25, 38]",0.393,0.256,0.037,0.851,0.007,0.008,1143.81,1450.508,1.001
"K_uu_weight[25, 39]",0.342,0.235,0.023,0.765,0.007,0.008,1115.048,1301.002,1.001
"K_uu_weight[25, 40]",0.295,0.214,0.012,0.679,0.006,0.007,1083.999,1406.558,1.001
"K_uu_weight[25, 41]",0.252,0.193,0.006,0.595,0.006,0.007,1061.226,1321.641,1.001
"K_uu_weight[25, 42]",0.214,0.173,0.004,0.53,0.005,0.006,1044.402,1270.623,1.001
"K_uu_weight[25, 43]",0.18,0.155,0.0,0.458,0.005,0.006,1029.035,1224.009,1.002
"K_uu_weight[25, 44]",0.151,0.137,0.0,0.398,0.004,0.005,1015.594,1252.581,1.002
"K_uu_weight[25, 45]",0.125,0.12,0.0,0.342,0.004,0.005,1007.441,1228.555,1.002
"K_uu_weight[25, 46]",0.103,0.105,0.0,0.294,0.003,0.004,1000.3,1231.35,1.002
"K_uu_weight[25, 47]",0.084,0.091,0.0,0.25,0.003,0.004,994.02,1207.162,1.002
"K_uu_weight[25, 48]",0.069,0.079,0.0,0.213,0.002,0.004,988.018,1115.398,1.002
"K_uu_weight[25, 49]",0.056,0.067,0.0,0.177,0.002,0.003,983.03,1115.398,1.002
"K_uu_weight[26, 0]",0.036,0.049,0.0,0.123,0.001,0.003,975.369,1083.791,1.002
"K_uu_weight[26, 1]",0.045,0.057,0.0,0.148,0.002,0.003,979.245,1081.93,1.002
"K_uu_weight[26, 2]",0.056,0.067,0.0,0.177,0.002,0.003,983.03,1115.398,1.002
"K_uu_weight[26, 3]",0.069,0.079,0.0,0.213,0.002,0.004,988.018,1115.398,1.002
"K_uu_weight[26, 4]",0.084,0.091,0.0,0.25,0.003,0.004,994.02,1207.162,1.002
"K_uu_weight[26, 5]",0.103,0.105,0.0,0.294,0.003,0.004,1000.3,1231.35,1.002
"K_uu_weight[26, 6]",0.125,0.12,0.0,0.342,0.004,0.005,1007.441,1228.555,1.002
"K_uu_weight[26, 7]",0.151,0.137,0.0,0.398,0.004,0.005,1015.594,1252.581,1.002
"K_uu_weight[26, 8]",0.18,0.155,0.0,0.458,0.005,0.006,1029.035,1224.009,1.002
"K_uu_weight[26, 9]",0.214,0.173,0.004,0.53,0.005,0.006,1044.402,1270.623,1.001
"K_uu_weight[26, 10]",0.252,0.193,0.006,0.595,0.006,0.007,1061.226,1321.641,1.001
"K_uu_weight[26, 11]",0.295,0.214,0.012,0.679,0.006,0.007,1083.999,1406.558,1.001
"K_uu_weight[26, 12]",0.342,0.235,0.023,0.765,0.007,0.008,1115.048,1301.002,1.001
"K_uu_weight[26, 13]",0.393,0.256,0.037,0.851,0.007,0.008,1143.81,1450.508,1.001
"K_uu_weight[26, 14]",0.449,0.277,0.053,0.943,0.008,0.009,1175.717,1451.542,1.0
"K_uu_weight[26, 15]",0.508,0.298,0.111,1.078,0.008,0.009,1219.146,1445.164,1.0
"K_uu_weight[26, 16]",0.569,0.319,0.127,1.162,0.009,0.01,1267.754,1493.448,1.0
"K_uu_weight[26, 17]",0.632,0.339,0.163,1.252,0.009,0.01,1322.543,1539.029,1.0
"K_uu_weight[26, 18]",0.694,0.358,0.199,1.365,0.01,0.011,1386.339,1548.452,0.999
"K_uu_weight[26, 19]",0.755,0.376,0.21,1.432,0.01,0.011,1446.297,1524.163,1.0
"K_uu_weight[26, 20]",0.813,0.393,0.259,1.529,0.01,0.012,1499.976,1523.757,1.0
"K_uu_weight[26, 21]",0.866,0.408,0.282,1.605,0.01,0.012,1531.753,1524.009,1.0
"K_uu_weight[26, 22]",0.913,0.422,0.273,1.644,0.011,0.012,1553.645,1524.009,1.0
"K_uu_weight[26, 23]",0.951,0.433,0.289,1.699,0.011,0.013,1569.425,1500.248,0.999
"K_uu_weight[26, 24]",0.979,0.441,0.32,1.763,0.011,0.013,1579.754,1523.932,1.0
"K_uu_weight[26, 25]",0.996,0.446,0.326,1.791,0.011,0.013,1585.553,1523.932,1.0
"K_uu_weight[26, 26]",1.002,0.448,0.332,1.805,0.011,0.013,1587.497,1523.932,1.0
"K_uu_weight[26, 27]",0.996,0.446,0.326,1.791,0.011,0.013,1585.553,1523.932,1.0
"K_uu_weight[26, 28]",0.979,0.441,0.32,1.763,0.011,0.013,1579.754,1523.932,1.0
"K_uu_weight[26, 29]",0.951,0.433,0.289,1.699,0.011,0.013,1569.425,1500.248,0.999
"K_uu_weight[26, 30]",0.913,0.422,0.273,1.644,0.011,0.012,1553.645,1524.009,1.0
"K_uu_weight[26, 31]",0.866,0.408,0.282,1.605,0.01,0.012,1531.753,1524.009,1.0
"K_uu_weight[26, 32]",0.813,0.393,0.259,1.529,0.01,0.012,1499.976,1523.757,1.0
"K_uu_weight[26, 33]",0.755,0.376,0.21,1.432,0.01,0.011,1446.297,1524.163,1.0
"K_uu_weight[26, 34]",0.694,0.358,0.199,1.365,0.01,0.011,1386.339,1548.452,0.999
"K_uu_weight[26, 35]",0.632,0.339,0.163,1.252,0.009,0.01,1322.543,1539.029,1.0
"K_uu_weight[26, 36]",0.569,0.319,0.127,1.162,0.009,0.01,1267.754,1493.448,1.0
"K_uu_weight[26, 37]",0.508,0.298,0.111,1.078,0.008,0.009,1219.146,1445.164,1.0
"K_uu_weight[26, 38]",0.449,0.277,0.053,0.943,0.008,0.009,1175.717,1451.542,1.0
"K_uu_weight[26, 39]",0.393,0.256,0.037,0.851,0.007,0.008,1143.81,1450.508,1.001
"K_uu_weight[26, 40]",0.342,0.235,0.023,0.765,0.007,0.008,1115.048,1301.002,1.001
"K_uu_weight[26, 41]",0.295,0.214,0.012,0.679,0.006,0.007,1083.999,1406.558,1.001
"K_uu_weight[26, 42]",0.252,0.193,0.006,0.595,0.006,0.007,1061.226,1321.641,1.001
"K_uu_weight[26, 43]",0.214,0.173,0.004,0.53,0.005,0.006,1044.402,1270.623,1.001
"K_uu_weight[26, 44]",0.18,0.155,0.0,0.458,0.005,0.006,1029.035,1224.009,1.002
"K_uu_weight[26, 45]",0.151,0.137,0.0,0.398,0.004,0.005,1015.594,1252.581,1.002
"K_uu_weight[26, 46]",0.125,0.12,0.0,0.342,0.004,0.005,1007.441,1228.555,1.002
"K_uu_weight[26, 47]",0.103,0.105,0.0,0.294,0.003,0.004,1000.3,1231.35,1.002
"K_uu_weight[26, 48]",0.084,0.091,0.0,0.25,0.003,0.004,994.02,1207.162,1.002
"K_uu_weight[26, 49]",0.069,0.079,0.0,0.213,0.002,0.004,988.018,1115.398,1.002
"K_uu_weight[27, 0]",0.029,0.041,0.0,0.101,0.001,0.002,973.574,1060.506,1.002
"K_uu_weight[27, 1]",0.036,0.049,0.0,0.123,0.001,0.003,975.369,1083.791,1.002
"K_uu_weight[27, 2]",0.045,0.057,0.0,0.148,0.002,0.003,979.245,1081.93,1.002
"K_uu_weight[27, 3]",0.056,0.067,0.0,0.177,0.002,0.003,983.03,1115.398,1.002
"K_uu_weight[27, 4]",0.069,0.079,0.0,0.213,0.002,0.004,988.018,1115.398,1.002
"K_uu_weight[27, 5]",0.084,0.091,0.0,0.25,0.003,0.004,994.02,1207.162,1.002
"K_uu_weight[27, 6]",0.103,0.105,0.0,0.294,0.003,0.004,1000.3,1231.35,1.002
"K_uu_weight[27, 7]",0.125,0.12,0.0,0.342,0.004,0.005,1007.441,1228.555,1.002
"K_uu_weight[27, 8]",0.151,0.137,0.0,0.398,0.004,0.005,1015.594,1252.581,1.002
"K_uu_weight[27, 9]",0.18,0.155,0.0,0.458,0.005,0.006,1029.035,1224.009,1.002
"K_uu_weight[27, 10]",0.214,0.173,0.004,0.53,0.005,0.006,1044.402,1270.623,1.001
"K_uu_weight[27, 11]",0.252,0.193,0.006,0.595,0.006,0.007,1061.226,1321.641,1.001
"K_uu_weight[27, 12]",0.295,0.214,0.012,0.679,0.006,0.007,1083.999,1406.558,1.001
"K_uu_weight[27, 13]",0.342,0.235,0.023,0.765,0.007,0.008,1115.048,1301.002,1.001
"K_uu_weight[27, 14]",0.393,0.256,0.037,0.851,0.007,0.008,1143.81,1450.508,1.001
"K_uu_weight[27, 15]",0.449,0.277,0.053,0.943,0.008,0.009,1175.717,1451.542,1.0
"K_uu_weight[27, 16]",0.508,0.298,0.111,1.078,0.008,0.009,1219.146,1445.164,1.0
"K_uu_weight[27, 17]",0.569,0.319,0.127,1.162,0.009,0.01,1267.754,1493.448,1.0
"K_uu_weight[27, 18]",0.632,0.339,0.163,1.252,0.009,0.01,1322.543,1539.029,1.0
"K_uu_weight[27, 19]",0.694,0.358,0.199,1.365,0.01,0.011,1386.339,1548.452,0.999
"K_uu_weight[27, 20]",0.755,0.376,0.21,1.432,0.01,0.011,1446.297,1524.163,1.0
"K_uu_weight[27, 21]",0.813,0.393,0.259,1.529,0.01,0.012,1499.976,1523.757,1.0
"K_uu_weight[27, 22]",0.866,0.408,0.282,1.605,0.01,0.012,1531.753,1524.009,1.0
"K_uu_weight[27, 23]",0.913,0.422,0.273,1.644,0.011,0.012,1553.645,1524.009,1.0
"K_uu_weight[27, 24]",0.951,0.433,0.289,1.699,0.011,0.013,1569.425,1500.248,0.999
"K_uu_weight[27, 25]",0.979,0.441,0.32,1.763,0.011,0.013,1579.754,1523.932,1.0
"K_uu_weight[27, 26]",0.996,0.446,0.326,1.791,0.011,0.013,1585.553,1523.932,1.0
"K_uu_weight[27, 27]",1.002,0.448,0.332,1.805,0.011,0.013,1587.497,1523.932,1.0
"K_uu_weight[27, 28]",0.996,0.446,0.326,1.791,0.011,0.013,1585.553,1523.932,1.0
"K_uu_weight[27, 29]",0.979,0.441,0.32,1.763,0.011,0.013,1579.754,1523.932,1.0
"K_uu_weight[27, 30]",0.951,0.433,0.289,1.699,0.011,0.013,1569.425,1500.248,0.999
"K_uu_weight[27, 31]",0.913,0.422,0.273,1.644,0.011,0.012,1553.645,1524.009,1.0
"K_uu_weight[27, 32]",0.866,0.408,0.282,1.605,0.01,0.012,1531.753,1524.009,1.0
"K_uu_weight[27, 33]",0.813,0.393,0.259,1.529,0.01,0.012,1499.976,1523.757,1.0
"K_uu_weight[27, 34]",0.755,0.376,0.21,1.432,0.01,0.011,1446.297,1524.163,1.0
"K_uu_weight[27, 35]",0.694,0.358,0.199,1.365,0.01,0.011,1386.339,1548.452,0.999
"K_uu_weight[27, 36]",0.632,0.339,0.163,1.252,0.009,0.01,1322.543,1539.029,1.0
"K_uu_weight[27, 37]",0.569,0.319,0.127,1.162,0.009,0.01,1267.754,1493.448,1.0
"K_uu_weight[27, 38]",0.508,0.298,0.111,1.078,0.008,0.009,1219.146,1445.164,1.0
"K_uu_weight[27, 39]",0.449,0.277,0.053,0.943,0.008,0.009,1175.717,1451.542,1.0
"K_uu_weight[27, 40]",0.393,0.256,0.037,0.851,0.007,0.008,1143.81,1450.508,1.001
"K_uu_weight[27, 41]",0.342,0.235,0.023,0.765,0.007,0.008,1115.048,1301.002,1.001
"K_uu_weight[27, 42]",0.295,0.214,0.012,0.679,0.006,0.007,1083.999,1406.558,1.001
"K_uu_weight[27, 43]",0.252,0.193,0.006,0.595,0.006,0.007,1061.226,1321.641,1.001
"K_uu_weight[27, 44]",0.214,0.173,0.004,0.53,0.005,0.006,1044.402,1270.623,1.001
"K_uu_weight[27, 45]",0.18,0.155,0.0,0.458,0.005,0.006,1029.035,1224.009,1.002
"K_uu_weight[27, 46]",0.151,0.137,0.0,0.398,0.004,0.005,1015.594,1252.581,1.002
"K_uu_weight[27, 47]",0.125,0.12,0.0,0.342,0.004,0.005,1007.441,1228.555,1.002
"K_uu_weight[27, 48]",0.103,0.105,0.0,0.294,0.003,0.004,1000.3,1231.35,1.002
"K_uu_weight[27, 49]",0.084,0.091,0.0,0.25,0.003,0.004,994.02,1207.162,1.002
"K_uu_weight[28, 0]",0.023,0.034,0.0,0.082,0.001,0.002,971.629,1060.506,1.002
"K_uu_weight[28, 1]",0.029,0.041,0.0,0.101,0.001,0.002,973.574,1060.506,1.002
"K_uu_weight[28, 2]",0.036,0.049,0.0,0.123,0.001,0.003,975.369,1083.791,1.002
"K_uu_weight[28, 3]",0.045,0.057,0.0,0.148,0.002,0.003,979.245,1081.93,1.002
"K_uu_weight[28, 4]",0.056,0.067,0.0,0.177,0.002,0.003,983.03,1115.398,1.002
"K_uu_weight[28, 5]",0.069,0.079,0.0,0.213,0.002,0.004,988.018,1115.398,1.002
"K_uu_weight[28, 6]",0.084,0.091,0.0,0.25,0.003,0.004,994.02,1207.162,1.002
"K_uu_weight[28, 7]",0.103,0.105,0.0,0.294,0.003,0.004,1000.3,1231.35,1.002
"K_uu_weight[28, 8]",0.125,0.12,0.0,0.342,0.004,0.005,1007.441,1228.555,1.002
"K_uu_weight[28, 9]",0.151,0.137,0.0,0.398,0.004,0.005,1015.594,1252.581,1.002
"K_uu_weight[28, 10]",0.18,0.155,0.0,0.458,0.005,0.006,1029.035,1224.009,1.002
"K_uu_weight[28, 11]",0.214,0.173,0.004,0.53,0.005,0.006,1044.402,1270.623,1.001
"K_uu_weight[28, 12]",0.252,0.193,0.006,0.595,0.006,0.007,1061.226,1321.641,1.001
"K_uu_weight[28, 13]",0.295,0.214,0.012,0.679,0.006,0.007,1083.999,1406.558,1.001
"K_uu_weight[28, 14]",0.342,0.235,0.023,0.765,0.007,0.008,1115.048,1301.002,1.001
"K_uu_weight[28, 15]",0.393,0.256,0.037,0.851,0.007,0.008,1143.81,1450.508,1.001
"K_uu_weight[28, 16]",0.449,0.277,0.053,0.943,0.008,0.009,1175.717,1451.542,1.0
"K_uu_weight[28, 17]",0.508,0.298,0.111,1.078,0.008,0.009,1219.146,1445.164,1.0
"K_uu_weight[28, 18]",0.569,0.319,0.127,1.162,0.009,0.01,1267.754,1493.448,1.0
"K_uu_weight[28, 19]",0.632,0.339,0.163,1.252,0.009,0.01,1322.543,1539.029,1.0
"K_uu_weight[28, 20]",0.694,0.358,0.199,1.365,0.01,0.011,1386.339,1548.452,0.999
"K_uu_weight[28, 21]",0.755,0.376,0.21,1.432,0.01,0.011,1446.297,1524.163,1.0
"K_uu_weight[28, 22]",0.813,0.393,0.259,1.529,0.01,0.012,1499.976,1523.757,1.0
"K_uu_weight[28, 23]",0.866,0.408,0.282,1.605,0.01,0.012,1531.753,1524.009,1.0
"K_uu_weight[28, 24]",0.913,0.422,0.273,1.644,0.011,0.012,1553.645,1524.009,1.0
"K_uu_weight[28, 25]",0.951,0.433,0.289,1.699,0.011,0.013,1569.425,1500.248,0.999
"K_uu_weight[28, 26]",0.979,0.441,0.32,1.763,0.011,0.013,1579.754,1523.932,1.0
"K_uu_weight[28, 27]",0.996,0.446,0.326,1.791,0.011,0.013,1585.553,1523.932,1.0
"K_uu_weight[28, 28]",1.002,0.448,0.332,1.805,0.011,0.013,1587.497,1523.932,1.0
"K_uu_weight[28, 29]",0.996,0.446,0.326,1.791,0.011,0.013,1585.553,1523.932,1.0
"K_uu_weight[28, 30]",0.979,0.441,0.32,1.763,0.011,0.013,1579.754,1523.932,1.0
"K_uu_weight[28, 31]",0.951,0.433,0.289,1.699,0.011,0.013,1569.425,1500.248,0.999
"K_uu_weight[28, 32]",0.913,0.422,0.273,1.644,0.011,0.012,1553.645,1524.009,1.0
"K_uu_weight[28, 33]",0.866,0.408,0.282,1.605,0.01,0.012,1531.753,1524.009,1.0
"K_uu_weight[28, 34]",0.813,0.393,0.259,1.529,0.01,0.012,1499.976,1523.757,1.0
"K_uu_weight[28, 35]",0.755,0.376,0.21,1.432,0.01,0.011,1446.297,1524.163,1.0
"K_uu_weight[28, 36]",0.694,0.358,0.199,1.365,0.01,0.011,1386.339,1548.452,0.999
"K_uu_weight[28, 37]",0.632,0.339,0.163,1.252,0.009,0.01,1322.543,1539.029,1.0
"K_uu_weight[28, 38]",0.569,0.319,0.127,1.162,0.009,0.01,1267.754,1493.448,1.0
"K_uu_weight[28, 39]",0.508,0.298,0.111,1.078,0.008,0.009,1219.146,1445.164,1.0
"K_uu_weight[28, 40]",0.449,0.277,0.053,0.943,0.008,0.009,1175.717,1451.542,1.0
"K_uu_weight[28, 41]",0.393,0.256,0.037,0.851,0.007,0.008,1143.81,1450.508,1.001
"K_uu_weight[28, 42]",0.342,0.235,0.023,0.765,0.007,0.008,1115.048,1301.002,1.001
"K_uu_weight[28, 43]",0.295,0.214,0.012,0.679,0.006,0.007,1083.999,1406.558,1.001
"K_uu_weight[28, 44]",0.252,0.193,0.006,0.595,0.006,0.007,1061.226,1321.641,1.001
"K_uu_weight[28, 45]",0.214,0.173,0.004,0.53,0.005,0.006,1044.402,1270.623,1.001
"K_uu_weight[28, 46]",0.18,0.155,0.0,0.458,0.005,0.006,1029.035,1224.009,1.002
"K_uu_weight[28, 47]",0.151,0.137,0.0,0.398,0.004,0.005,1015.594,1252.581,1.002
"K_uu_weight[28, 48]",0.125,0.12,0.0,0.342,0.004,0.005,1007.441,1228.555,1.002
"K_uu_weight[28, 49]",0.103,0.105,0.0,0.294,0.003,0.004,1000.3,1231.35,1.002
"K_uu_weight[29, 0]",0.018,0.029,0.0,0.066,0.001,0.002,970.041,1060.506,1.002
"K_uu_weight[29, 1]",0.023,0.034,0.0,0.082,0.001,0.002,971.629,1060.506,1.002
"K_uu_weight[29, 2]",0.029,0.041,0.0,0.101,0.001,0.002,973.574,1060.506,1.002
"K_uu_weight[29, 3]",0.036,0.049,0.0,0.123,0.001,0.003,975.369,1083.791,1.002
"K_uu_weight[29, 4]",0.045,0.057,0.0,0.148,0.002,0.003,979.245,1081.93,1.002
"K_uu_weight[29, 5]",0.056,0.067,0.0,0.177,0.002,0.003,983.03,1115.398,1.002
"K_uu_weight[29, 6]",0.069,0.079,0.0,0.213,0.002,0.004,988.018,1115.398,1.002
"K_uu_weight[29, 7]",0.084,0.091,0.0,0.25,0.003,0.004,994.02,1207.162,1.002
"K_uu_weight[29, 8]",0.103,0.105,0.0,0.294,0.003,0.004,1000.3,1231.35,1.002
"K_uu_weight[29, 9]",0.125,0.12,0.0,0.342,0.004,0.005,1007.441,1228.555,1.002
"K_uu_weight[29, 10]",0.151,0.137,0.0,0.398,0.004,0.005,1015.594,1252.581,1.002
"K_uu_weight[29, 11]",0.18,0.155,0.0,0.458,0.005,0.006,1029.035,1224.009,1.002
"K_uu_weight[29, 12]",0.214,0.173,0.004,0.53,0.005,0.006,1044.402,1270.623,1.001
"K_uu_weight[29, 13]",0.252,0.193,0.006,0.595,0.006,0.007,1061.226,1321.641,1.001
"K_uu_weight[29, 14]",0.295,0.214,0.012,0.679,0.006,0.007,1083.999,1406.558,1.001
"K_uu_weight[29, 15]",0.342,0.235,0.023,0.765,0.007,0.008,1115.048,1301.002,1.001
"K_uu_weight[29, 16]",0.393,0.256,0.037,0.851,0.007,0.008,1143.81,1450.508,1.001
"K_uu_weight[29, 17]",0.449,0.277,0.053,0.943,0.008,0.009,1175.717,1451.542,1.0
"K_uu_weight[29, 18]",0.508,0.298,0.111,1.078,0.008,0.009,1219.146,1445.164,1.0
"K_uu_weight[29, 19]",0.569,0.319,0.127,1.162,0.009,0.01,1267.754,1493.448,1.0
"K_uu_weight[29, 20]",0.632,0.339,0.163,1.252,0.009,0.01,1322.543,1539.029,1.0
"K_uu_weight[29, 21]",0.694,0.358,0.199,1.365,0.01,0.011,1386.339,1548.452,0.999
"K_uu_weight[29, 22]",0.755,0.376,0.21,1.432,0.01,0.011,1446.297,1524.163,1.0
"K_uu_weight[29, 23]",0.813,0.393,0.259,1.529,0.01,0.012,1499.976,1523.757,1.0
"K_uu_weight[29, 24]",0.866,0.408,0.282,1.605,0.01,0.012,1531.753,1524.009,1.0
"K_uu_weight[29, 25]",0.913,0.422,0.273,1.644,0.011,0.012,1553.645,1524.009,1.0
"K_uu_weight[29, 26]",0.951,0.433,0.289,1.699,0.011,0.013,1569.425,1500.248,0.999
"K_uu_weight[29, 27]",0.979,0.441,0.32,1.763,0.011,0.013,1579.754,1523.932,1.0
"K_uu_weight[29, 28]",0.996,0.446,0.326,1.791,0.011,0.013,1585.553,1523.932,1.0
"K_uu_weight[29, 29]",1.002,0.448,0.332,1.805,0.011,0.013,1587.497,1523.932,1.0
"K_uu_weight[29, 30]",0.996,0.446,0.326,1.791,0.011,0.013,1585.553,1523.932,1.0
"K_uu_weight[29, 31]",0.979,0.441,0.32,1.763,0.011,0.013,1579.754,1523.932,1.0
"K_uu_weight[29, 32]",0.951,0.433,0.289,1.699,0.011,0.013,1569.425,1500.248,0.999
"K_uu_weight[29, 33]",0.913,0.422,0.273,1.644,0.011,0.012,1553.645,1524.009,1.0
"K_uu_weight[29, 34]",0.866,0.408,0.282,1.605,0.01,0.012,1531.753,1524.009,1.0
"K_uu_weight[29, 35]",0.813,0.393,0.259,1.529,0.01,0.012,1499.976,1523.757,1.0
"K_uu_weight[29, 36]",0.755,0.376,0.21,1.432,0.01,0.011,1446.297,1524.163,1.0
"K_uu_weight[29, 37]",0.694,0.358,0.199,1.365,0.01,0.011,1386.339,1548.452,0.999
"K_uu_weight[29, 38]",0.632,0.339,0.163,1.252,0.009,0.01,1322.543,1539.029,1.0
"K_uu_weight[29, 39]",0.569,0.319,0.127,1.162,0.009,0.01,1267.754,1493.448,1.0
"K_uu_weight[29, 40]",0.508,0.298,0.111,1.078,0.008,0.009,1219.146,1445.164,1.0
"K_uu_weight[29, 41]",0.449,0.277,0.053,0.943,0.008,0.009,1175.717,1451.542,1.0
"K_uu_weight[29, 42]",0.393,0.256,0.037,0.851,0.007,0.008,1143.81,1450.508,1.001
"K_uu_weight[29, 43]",0.342,0.235,0.023,0.765,0.007,0.008,1115.048,1301.002,1.001
"K_uu_weight[29, 44]",0.295,0.214,0.012,0.679,0.006,0.007,1083.999,1406.558,1.001
"K_uu_weight[29, 45]",0.252,0.193,0.006,0.595,0.006,0.007,1061.226,1321.641,1.001
"K_uu_weight[29, 46]",0.214,0.173,0.004,0.53,0.005,0.006,1044.402,1270.623,1.001
"K_uu_weight[29, 47]",0.18,0.155,0.0,0.458,0.005,0.006,1029.035,1224.009,1.002
"K_uu_weight[29, 48]",0.151,0.137,0.0,0.398,0.004,0.005,1015.594,1252.581,1.002
"K_uu_weight[29, 49]",0.125,0.12,0.0,0.342,0.004,0.005,1007.441,1228.555,1.002
"K_uu_weight[30, 0]",0.014,0.024,0.0,0.054,0.001,0.002,969.268,1060.506,1.002
"K_uu_weight[30, 1]",0.018,0.029,0.0,0.066,0.001,0.002,970.041,1060.506,1.002
"K_uu_weight[30, 2]",0.023,0.034,0.0,0.082,0.001,0.002,971.629,1060.506,1.002
"K_uu_weight[30, 3]",0.029,0.041,0.0,0.101,0.001,0.002,973.574,1060.506,1.002
"K_uu_weight[30, 4]",0.036,0.049,0.0,0.123,0.001,0.003,975.369,1083.791,1.002
"K_uu_weight[30, 5]",0.045,0.057,0.0,0.148,0.002,0.003,979.245,1081.93,1.002
"K_uu_weight[30, 6]",0.056,0.067,0.0,0.177,0.002,0.003,983.03,1115.398,1.002
"K_uu_weight[30, 7]",0.069,0.079,0.0,0.213,0.002,0.004,988.018,1115.398,1.002
"K_uu_weight[30, 8]",0.084,0.091,0.0,0.25,0.003,0.004,994.02,1207.162,1.002
"K_uu_weight[30, 9]",0.103,0.105,0.0,0.294,0.003,0.004,1000.3,1231.35,1.002
"K_uu_weight[30, 10]",0.125,0.12,0.0,0.342,0.004,0.005,1007.441,1228.555,1.002
"K_uu_weight[30, 11]",0.151,0.137,0.0,0.398,0.004,0.005,1015.594,1252.581,1.002
"K_uu_weight[30, 12]",0.18,0.155,0.0,0.458,0.005,0.006,1029.035,1224.009,1.002
"K_uu_weight[30, 13]",0.214,0.173,0.004,0.53,0.005,0.006,1044.402,1270.623,1.001
"K_uu_weight[30, 14]",0.252,0.193,0.006,0.595,0.006,0.007,1061.226,1321.641,1.001
"K_uu_weight[30, 15]",0.295,0.214,0.012,0.679,0.006,0.007,1083.999,1406.558,1.001
"K_uu_weight[30, 16]",0.342,0.235,0.023,0.765,0.007,0.008,1115.048,1301.002,1.001
"K_uu_weight[30, 17]",0.393,0.256,0.037,0.851,0.007,0.008,1143.81,1450.508,1.001
"K_uu_weight[30, 18]",0.449,0.277,0.053,0.943,0.008,0.009,1175.717,1451.542,1.0
"K_uu_weight[30, 19]",0.508,0.298,0.111,1.078,0.008,0.009,1219.146,1445.164,1.0
"K_uu_weight[30, 20]",0.569,0.319,0.127,1.162,0.009,0.01,1267.754,1493.448,1.0
"K_uu_weight[30, 21]",0.632,0.339,0.163,1.252,0.009,0.01,1322.543,1539.029,1.0
"K_uu_weight[30, 22]",0.694,0.358,0.199,1.365,0.01,0.011,1386.339,1548.452,0.999
"K_uu_weight[30, 23]",0.755,0.376,0.21,1.432,0.01,0.011,1446.297,1524.163,1.0
"K_uu_weight[30, 24]",0.813,0.393,0.259,1.529,0.01,0.012,1499.976,1523.757,1.0
"K_uu_weight[30, 25]",0.866,0.408,0.282,1.605,0.01,0.012,1531.753,1524.009,1.0
"K_uu_weight[30, 26]",0.913,0.422,0.273,1.644,0.011,0.012,1553.645,1524.009,1.0
"K_uu_weight[30, 27]",0.951,0.433,0.289,1.699,0.011,0.013,1569.425,1500.248,0.999
"K_uu_weight[30, 28]",0.979,0.441,0.32,1.763,0.011,0.013,1579.754,1523.932,1.0
"K_uu_weight[30, 29]",0.996,0.446,0.326,1.791,0.011,0.013,1585.553,1523.932,1.0
"K_uu_weight[30, 30]",1.002,0.448,0.332,1.805,0.011,0.013,1587.497,1523.932,1.0
"K_uu_weight[30, 31]",0.996,0.446,0.326,1.791,0.011,0.013,1585.553,1523.932,1.0
"K_uu_weight[30, 32]",0.979,0.441,0.32,1.763,0.011,0.013,1579.754,1523.932,1.0
"K_uu_weight[30, 33]",0.951,0.433,0.289,1.699,0.011,0.013,1569.425,1500.248,0.999
"K_uu_weight[30, 34]",0.913,0.422,0.273,1.644,0.011,0.012,1553.645,1524.009,1.0
"K_uu_weight[30, 35]",0.866,0.408,0.282,1.605,0.01,0.012,1531.753,1524.009,1.0
"K_uu_weight[30, 36]",0.813,0.393,0.259,1.529,0.01,0.012,1499.976,1523.757,1.0
"K_uu_weight[30, 37]",0.755,0.376,0.21,1.432,0.01,0.011,1446.297,1524.163,1.0
"K_uu_weight[30, 38]",0.694,0.358,0.199,1.365,0.01,0.011,1386.339,1548.452,0.999
"K_uu_weight[30, 39]",0.632,0.339,0.163,1.252,0.009,0.01,1322.543,1539.029,1.0
"K_uu_weight[30, 40]",0.569,0.319,0.127,1.162,0.009,0.01,1267.754,1493.448,1.0
"K_uu_weight[30, 41]",0.508,0.298,0.111,1.078,0.008,0.009,1219.146,1445.164,1.0
"K_uu_weight[30, 42]",0.449,0.277,0.053,0.943,0.008,0.009,1175.717,1451.542,1.0
"K_uu_weight[30, 43]",0.393,0.256,0.037,0.851,0.007,0.008,1143.81,1450.508,1.001
"K_uu_weight[30, 44]",0.342,0.235,0.023,0.765,0.007,0.008,1115.048,1301.002,1.001
"K_uu_weight[30, 45]",0.295,0.214,0.012,0.679,0.006,0.007,1083.999,1406.558,1.001
"K_uu_weight[30, 46]",0.252,0.193,0.006,0.595,0.006,0.007,1061.226,1321.641,1.001
"K_uu_weight[30, 47]",0.214,0.173,0.004,0.53,0.005,0.006,1044.402,1270.623,1.001
"K_uu_weight[30, 48]",0.18,0.155,0.0,0.458,0.005,0.006,1029.035,1224.009,1.002
"K_uu_weight[30, 49]",0.151,0.137,0.0,0.398,0.004,0.005,1015.594,1252.581,1.002
"K_uu_weight[31, 0]",0.011,0.019,0.0,0.043,0.001,0.001,969.368,1060.73,1.003
"K_uu_weight[31, 1]",0.014,0.024,0.0,0.054,0.001,0.002,969.268,1060.506,1.002
"K_uu_weight[31, 2]",0.018,0.029,0.0,0.066,0.001,0.002,970.041,1060.506,1.002
"K_uu_weight[31, 3]",0.023,0.034,0.0,0.082,0.001,0.002,971.629,1060.506,1.002
"K_uu_weight[31, 4]",0.029,0.041,0.0,0.101,0.001,0.002,973.574,1060.506,1.002
"K_uu_weight[31, 5]",0.036,0.049,0.0,0.123,0.001,0.003,975.369,1083.791,1.002
"K_uu_weight[31, 6]",0.045,0.057,0.0,0.148,0.002,0.003,979.245,1081.93,1.002
"K_uu_weight[31, 7]",0.056,0.067,0.0,0.177,0.002,0.003,983.03,1115.398,1.002
"K_uu_weight[31, 8]",0.069,0.079,0.0,0.213,0.002,0.004,988.018,1115.398,1.002
"K_uu_weight[31, 9]",0.084,0.091,0.0,0.25,0.003,0.004,994.02,1207.162,1.002
"K_uu_weight[31, 10]",0.103,0.105,0.0,0.294,0.003,0.004,1000.3,1231.35,1.002
"K_uu_weight[31, 11]",0.125,0.12,0.0,0.342,0.004,0.005,1007.441,1228.555,1.002
"K_uu_weight[31, 12]",0.151,0.137,0.0,0.398,0.004,0.005,1015.594,1252.581,1.002
"K_uu_weight[31, 13]",0.18,0.155,0.0,0.458,0.005,0.006,1029.035,1224.009,1.002
"K_uu_weight[31, 14]",0.214,0.173,0.004,0.53,0.005,0.006,1044.402,1270.623,1.001
"K_uu_weight[31, 15]",0.252,0.193,0.006,0.595,0.006,0.007,1061.226,1321.641,1.001
"K_uu_weight[31, 16]",0.295,0.214,0.012,0.679,0.006,0.007,1083.999,1406.558,1.001
"K_uu_weight[31, 17]",0.342,0.235,0.023,0.765,0.007,0.008,1115.048,1301.002,1.001
"K_uu_weight[31, 18]",0.393,0.256,0.037,0.851,0.007,0.008,1143.81,1450.508,1.001
"K_uu_weight[31, 19]",0.449,0.277,0.053,0.943,0.008,0.009,1175.717,1451.542,1.0
"K_uu_weight[31, 20]",0.508,0.298,0.111,1.078,0.008,0.009,1219.146,1445.164,1.0
"K_uu_weight[31, 21]",0.569,0.319,0.127,1.162,0.009,0.01,1267.754,1493.448,1.0
"K_uu_weight[31, 22]",0.632,0.339,0.163,1.252,0.009,0.01,1322.543,1539.029,1.0
"K_uu_weight[31, 23]",0.694,0.358,0.199,1.365,0.01,0.011,1386.339,1548.452,0.999
"K_uu_weight[31, 24]",0.755,0.376,0.21,1.432,0.01,0.011,1446.297,1524.163,1.0
"K_uu_weight[31, 25]",0.813,0.393,0.259,1.529,0.01,0.012,1499.976,1523.757,1.0
"K_uu_weight[31, 26]",0.866,0.408,0.282,1.605,0.01,0.012,1531.753,1524.009,1.0
"K_uu_weight[31, 27]",0.913,0.422,0.273,1.644,0.011,0.012,1553.645,1524.009,1.0
"K_uu_weight[31, 28]",0.951,0.433,0.289,1.699,0.011,0.013,1569.425,1500.248,0.999
"K_uu_weight[31, 29]",0.979,0.441,0.32,1.763,0.011,0.013,1579.754,1523.932,1.0
"K_uu_weight[31, 30]",0.996,0.446,0.326,1.791,0.011,0.013,1585.553,1523.932,1.0
"K_uu_weight[31, 31]",1.002,0.448,0.332,1.805,0.011,0.013,1587.497,1523.932,1.0
"K_uu_weight[31, 32]",0.996,0.446,0.326,1.791,0.011,0.013,1585.553,1523.932,1.0
"K_uu_weight[31, 33]",0.979,0.441,0.32,1.763,0.011,0.013,1579.754,1523.932,1.0
"K_uu_weight[31, 34]",0.951,0.433,0.289,1.699,0.011,0.013,1569.425,1500.248,0.999
"K_uu_weight[31, 35]",0.913,0.422,0.273,1.644,0.011,0.012,1553.645,1524.009,1.0
"K_uu_weight[31, 36]",0.866,0.408,0.282,1.605,0.01,0.012,1531.753,1524.009,1.0
"K_uu_weight[31, 37]",0.813,0.393,0.259,1.529,0.01,0.012,1499.976,1523.757,1.0
"K_uu_weight[31, 38]",0.755,0.376,0.21,1.432,0.01,0.011,1446.297,1524.163,1.0
"K_uu_weight[31, 39]",0.694,0.358,0.199,1.365,0.01,0.011,1386.339,1548.452,0.999
"K_uu_weight[31, 40]",0.632,0.339,0.163,1.252,0.009,0.01,1322.543,1539.029,1.0
"K_uu_weight[31, 41]",0.569,0.319,0.127,1.162,0.009,0.01,1267.754,1493.448,1.0
"K_uu_weight[31, 42]",0.508,0.298,0.111,1.078,0.008,0.009,1219.146,1445.164,1.0
"K_uu_weight[31, 43]",0.449,0.277,0.053,0.943,0.008,0.009,1175.717,1451.542,1.0
"K_uu_weight[31, 44]",0.393,0.256,0.037,0.851,0.007,0.008,1143.81,1450.508,1.001
"K_uu_weight[31, 45]",0.342,0.235,0.023,0.765,0.007,0.008,1115.048,1301.002,1.001
"K_uu_weight[31, 46]",0.295,0.214,0.012,0.679,0.006,0.007,1083.999,1406.558,1.001
"K_uu_weight[31, 47]",0.252,0.193,0.006,0.595,0.006,0.007,1061.226,1321.641,1.001
"K_uu_weight[31, 48]",0.214,0.173,0.004,0.53,0.005,0.006,1044.402,1270.623,1.001
"K_uu_weight[31, 49]",0.18,0.155,0.0,0.458,0.005,0.006,1029.035,1224.009,1.002
"K_uu_weight[32, 0]",0.008,0.016,0.0,0.034,0.0,0.001,969.399,1060.73,1.003
"K_uu_weight[32, 1]",0.011,0.019,0.0,0.043,0.001,0.001,969.368,1060.73,1.003
"K_uu_weight[32, 2]",0.014,0.024,0.0,0.054,0.001,0.002,969.268,1060.506,1.002
"K_uu_weight[32, 3]",0.018,0.029,0.0,0.066,0.001,0.002,970.041,1060.506,1.002
"K_uu_weight[32, 4]",0.023,0.034,0.0,0.082,0.001,0.002,971.629,1060.506,1.002
"K_uu_weight[32, 5]",0.029,0.041,0.0,0.101,0.001,0.002,973.574,1060.506,1.002
"K_uu_weight[32, 6]",0.036,0.049,0.0,0.123,0.001,0.003,975.369,1083.791,1.002
"K_uu_weight[32, 7]",0.045,0.057,0.0,0.148,0.002,0.003,979.245,1081.93,1.002
"K_uu_weight[32, 8]",0.056,0.067,0.0,0.177,0.002,0.003,983.03,1115.398,1.002
"K_uu_weight[32, 9]",0.069,0.079,0.0,0.213,0.002,0.004,988.018,1115.398,1.002
"K_uu_weight[32, 10]",0.084,0.091,0.0,0.25,0.003,0.004,994.02,1207.162,1.002
"K_uu_weight[32, 11]",0.103,0.105,0.0,0.294,0.003,0.004,1000.3,1231.35,1.002
"K_uu_weight[32, 12]",0.125,0.12,0.0,0.342,0.004,0.005,1007.441,1228.555,1.002
"K_uu_weight[32, 13]",0.151,0.137,0.0,0.398,0.004,0.005,1015.594,1252.581,1.002
"K_uu_weight[32, 14]",0.18,0.155,0.0,0.458,0.005,0.006,1029.035,1224.009,1.002
"K_uu_weight[32, 15]",0.214,0.173,0.004,0.53,0.005,0.006,1044.402,1270.623,1.001
"K_uu_weight[32, 16]",0.252,0.193,0.006,0.595,0.006,0.007,1061.226,1321.641,1.001
"K_uu_weight[32, 17]",0.295,0.214,0.012,0.679,0.006,0.007,1083.999,1406.558,1.001
"K_uu_weight[32, 18]",0.342,0.235,0.023,0.765,0.007,0.008,1115.048,1301.002,1.001
"K_uu_weight[32, 19]",0.393,0.256,0.037,0.851,0.007,0.008,1143.81,1450.508,1.001
"K_uu_weight[32, 20]",0.449,0.277,0.053,0.943,0.008,0.009,1175.717,1451.542,1.0
"K_uu_weight[32, 21]",0.508,0.298,0.111,1.078,0.008,0.009,1219.146,1445.164,1.0
"K_uu_weight[32, 22]",0.569,0.319,0.127,1.162,0.009,0.01,1267.754,1493.448,1.0
"K_uu_weight[32, 23]",0.632,0.339,0.163,1.252,0.009,0.01,1322.543,1539.029,1.0
"K_uu_weight[32, 24]",0.694,0.358,0.199,1.365,0.01,0.011,1386.339,1548.452,0.999
"K_uu_weight[32, 25]",0.755,0.376,0.21,1.432,0.01,0.011,1446.297,1524.163,1.0
"K_uu_weight[32, 26]",0.813,0.393,0.259,1.529,0.01,0.012,1499.976,1523.757,1.0
"K_uu_weight[32, 27]",0.866,0.408,0.282,1.605,0.01,0.012,1531.753,1524.009,1.0
"K_uu_weight[32, 28]",0.913,0.422,0.273,1.644,0.011,0.012,1553.645,1524.009,1.0
"K_uu_weight[32, 29]",0.951,0.433,0.289,1.699,0.011,0.013,1569.425,1500.248,0.999
"K_uu_weight[32, 30]",0.979,0.441,0.32,1.763,0.011,0.013,1579.754,1523.932,1.0
"K_uu_weight[32, 31]",0.996,0.446,0.326,1.791,0.011,0.013,1585.553,1523.932,1.0
"K_uu_weight[32, 32]",1.002,0.448,0.332,1.805,0.011,0.013,1587.497,1523.932,1.0
"K_uu_weight[32, 33]",0.996,0.446,0.326,1.791,0.011,0.013,1585.553,1523.932,1.0
"K_uu_weight[32, 34]",0.979,0.441,0.32,1.763,0.011,0.013,1579.754,1523.932,1.0
"K_uu_weight[32, 35]",0.951,0.433,0.289,1.699,0.011,0.013,1569.425,1500.248,0.999
"K_uu_weight[32, 36]",0.913,0.422,0.273,1.644,0.011,0.012,1553.645,1524.009,1.0
"K_uu_weight[32, 37]",0.866,0.408,0.282,1.605,0.01,0.012,1531.753,1524.009,1.0
"K_uu_weight[32, 38]",0.813,0.393,0.259,1.529,0.01,0.012,1499.976,1523.757,1.0
"K_uu_weight[32, 39]",0.755,0.376,0.21,1.432,0.01,0.011,1446.297,1524.163,1.0
"K_uu_weight[32, 40]",0.694,0.358,0.199,1.365,0.01,0.011,1386.339,1548.452,0.999
"K_uu_weight[32, 41]",0.632,0.339,0.163,1.252,0.009,0.01,1322.543,1539.029,1.0
"K_uu_weight[32, 42]",0.569,0.319,0.127,1.162,0.009,0.01,1267.754,1493.448,1.0
"K_uu_weight[32, 43]",0.508,0.298,0.111,1.078,0.008,0.009,1219.146,1445.164,1.0
"K_uu_weight[32, 44]",0.449,0.277,0.053,0.943,0.008,0.009,1175.717,1451.542,1.0
"K_uu_weight[32, 45]",0.393,0.256,0.037,0.851,0.007,0.008,1143.81,1450.508,1.001
"K_uu_weight[32, 46]",0.342,0.235,0.023,0.765,0.007,0.008,1115.048,1301.002,1.001
"K_uu_weight[32, 47]",0.295,0.214,0.012,0.679,0.006,0.007,1083.999,1406.558,1.001
"K_uu_weight[32, 48]",0.252,0.193,0.006,0.595,0.006,0.007,1061.226,1321.641,1.001
"K_uu_weight[32, 49]",0.214,0.173,0.004,0.53,0.005,0.006,1044.402,1270.623,1.001
"K_uu_weight[33, 0]",0.007,0.013,0.0,0.026,0.0,0.001,969.126,1097.834,1.003
"K_uu_weight[33, 1]",0.008,0.016,0.0,0.034,0.0,0.001,969.399,1060.73,1.003
"K_uu_weight[33, 2]",0.011,0.019,0.0,0.043,0.001,0.001,969.368,1060.73,1.003
"K_uu_weight[33, 3]",0.014,0.024,0.0,0.054,0.001,0.002,969.268,1060.506,1.002
"K_uu_weight[33, 4]",0.018,0.029,0.0,0.066,0.001,0.002,970.041,1060.506,1.002
"K_uu_weight[33, 5]",0.023,0.034,0.0,0.082,0.001,0.002,971.629,1060.506,1.002
"K_uu_weight[33, 6]",0.029,0.041,0.0,0.101,0.001,0.002,973.574,1060.506,1.002
"K_uu_weight[33, 7]",0.036,0.049,0.0,0.123,0.001,0.003,975.369,1083.791,1.002
"K_uu_weight[33, 8]",0.045,0.057,0.0,0.148,0.002,0.003,979.245,1081.93,1.002
"K_uu_weight[33, 9]",0.056,0.067,0.0,0.177,0.002,0.003,983.03,1115.398,1.002
"K_uu_weight[33, 10]",0.069,0.079,0.0,0.213,0.002,0.004,988.018,1115.398,1.002
"K_uu_weight[33, 11]",0.084,0.091,0.0,0.25,0.003,0.004,994.02,1207.162,1.002
"K_uu_weight[33, 12]",0.103,0.105,0.0,0.294,0.003,0.004,1000.3,1231.35,1.002
"K_uu_weight[33, 13]",0.125,0.12,0.0,0.342,0.004,0.005,1007.441,1228.555,1.002
"K_uu_weight[33, 14]",0.151,0.137,0.0,0.398,0.004,0.005,1015.594,1252.581,1.002
"K_uu_weight[33, 15]",0.18,0.155,0.0,0.458,0.005,0.006,1029.035,1224.009,1.002
"K_uu_weight[33, 16]",0.214,0.173,0.004,0.53,0.005,0.006,1044.402,1270.623,1.001
"K_uu_weight[33, 17]",0.252,0.193,0.006,0.595,0.006,0.007,1061.226,1321.641,1.001
"K_uu_weight[33, 18]",0.295,0.214,0.012,0.679,0.006,0.007,1083.999,1406.558,1.001
"K_uu_weight[33, 19]",0.342,0.235,0.023,0.765,0.007,0.008,1115.048,1301.002,1.001
"K_uu_weight[33, 20]",0.393,0.256,0.037,0.851,0.007,0.008,1143.81,1450.508,1.001
"K_uu_weight[33, 21]",0.449,0.277,0.053,0.943,0.008,0.009,1175.717,1451.542,1.0
"K_uu_weight[33, 22]",0.508,0.298,0.111,1.078,0.008,0.009,1219.146,1445.164,1.0
"K_uu_weight[33, 23]",0.569,0.319,0.127,1.162,0.009,0.01,1267.754,1493.448,1.0
"K_uu_weight[33, 24]",0.632,0.339,0.163,1.252,0.009,0.01,1322.543,1539.029,1.0
"K_uu_weight[33, 25]",0.694,0.358,0.199,1.365,0.01,0.011,1386.339,1548.452,0.999
"K_uu_weight[33, 26]",0.755,0.376,0.21,1.432,0.01,0.011,1446.297,1524.163,1.0
"K_uu_weight[33, 27]",0.813,0.393,0.259,1.529,0.01,0.012,1499.976,1523.757,1.0
"K_uu_weight[33, 28]",0.866,0.408,0.282,1.605,0.01,0.012,1531.753,1524.009,1.0
"K_uu_weight[33, 29]",0.913,0.422,0.273,1.644,0.011,0.012,1553.645,1524.009,1.0
"K_uu_weight[33, 30]",0.951,0.433,0.289,1.699,0.011,0.013,1569.425,1500.248,0.999
"K_uu_weight[33, 31]",0.979,0.441,0.32,1.763,0.011,0.013,1579.754,1523.932,1.0
"K_uu_weight[33, 32]",0.996,0.446,0.326,1.791,0.011,0.013,1585.553,1523.932,1.0
"K_uu_weight[33, 33]",1.002,0.448,0.332,1.805,0.011,0.013,1587.497,1523.932,1.0
"K_uu_weight[33, 34]",0.996,0.446,0.326,1.791,0.011,0.013,1585.553,1523.932,1.0
"K_uu_weight[33, 35]",0.979,0.441,0.32,1.763,0.011,0.013,1579.754,1523.932,1.0
"K_uu_weight[33, 36]",0.951,0.433,0.289,1.699,0.011,0.013,1569.425,1500.248,0.999
"K_uu_weight[33, 37]",0.913,0.422,0.273,1.644,0.011,0.012,1553.645,1524.009,1.0
"K_uu_weight[33, 38]",0.866,0.408,0.282,1.605,0.01,0.012,1531.753,1524.009,1.0
"K_uu_weight[33, 39]",0.813,0.393,0.259,1.529,0.01,0.012,1499.976,1523.757,1.0
"K_uu_weight[33, 40]",0.755,0.376,0.21,1.432,0.01,0.011,1446.297,1524.163,1.0
"K_uu_weight[33, 41]",0.694,0.358,0.199,1.365,0.01,0.011,1386.339,1548.452,0.999
"K_uu_weight[33, 42]",0.632,0.339,0.163,1.252,0.009,0.01,1322.543,1539.029,1.0
"K_uu_weight[33, 43]",0.569,0.319,0.127,1.162,0.009,0.01,1267.754,1493.448,1.0
"K_uu_weight[33, 44]",0.508,0.298,0.111,1.078,0.008,0.009,1219.146,1445.164,1.0
"K_uu_weight[33, 45]",0.449,0.277,0.053,0.943,0.008,0.009,1175.717,1451.542,1.0
"K_uu_weight[33, 46]",0.393,0.256,0.037,0.851,0.007,0.008,1143.81,1450.508,1.001
"K_uu_weight[33, 47]",0.342,0.235,0.023,0.765,0.007,0.008,1115.048,1301.002,1.001
"K_uu_weight[33, 48]",0.295,0.214,0.012,0.679,0.006,0.007,1083.999,1406.558,1.001
"K_uu_weight[33, 49]",0.252,0.193,0.006,0.595,0.006,0.007,1061.226,1321.641,1.001
"K_uu_weight[34, 0]",0.005,0.011,0.0,0.02,0.0,0.001,969.935,1097.834,1.003
"K_uu_weight[34, 1]",0.007,0.013,0.0,0.026,0.0,0.001,969.126,1097.834,1.003
"K_uu_weight[34, 2]",0.008,0.016,0.0,0.034,0.0,0.001,969.399,1060.73,1.003
"K_uu_weight[34, 3]",0.011,0.019,0.0,0.043,0.001,0.001,969.368,1060.73,1.003
"K_uu_weight[34, 4]",0.014,0.024,0.0,0.054,0.001,0.002,969.268,1060.506,1.002
"K_uu_weight[34, 5]",0.018,0.029,0.0,0.066,0.001,0.002,970.041,1060.506,1.002
"K_uu_weight[34, 6]",0.023,0.034,0.0,0.082,0.001,0.002,971.629,1060.506,1.002
"K_uu_weight[34, 7]",0.029,0.041,0.0,0.101,0.001,0.002,973.574,1060.506,1.002
"K_uu_weight[34, 8]",0.036,0.049,0.0,0.123,0.001,0.003,975.369,1083.791,1.002
"K_uu_weight[34, 9]",0.045,0.057,0.0,0.148,0.002,0.003,979.245,1081.93,1.002
"K_uu_weight[34, 10]",0.056,0.067,0.0,0.177,0.002,0.003,983.03,1115.398,1.002
"K_uu_weight[34, 11]",0.069,0.079,0.0,0.213,0.002,0.004,988.018,1115.398,1.002
"K_uu_weight[34, 12]",0.084,0.091,0.0,0.25,0.003,0.004,994.02,1207.162,1.002
"K_uu_weight[34, 13]",0.103,0.105,0.0,0.294,0.003,0.004,1000.3,1231.35,1.002
"K_uu_weight[34, 14]",0.125,0.12,0.0,0.342,0.004,0.005,1007.441,1228.555,1.002
"K_uu_weight[34, 15]",0.151,0.137,0.0,0.398,0.004,0.005,1015.594,1252.581,1.002
"K_uu_weight[34, 16]",0.18,0.155,0.0,0.458,0.005,0.006,1029.035,1224.009,1.002
"K_uu_weight[34, 17]",0.214,0.173,0.004,0.53,0.005,0.006,1044.402,1270.623,1.001
"K_uu_weight[34, 18]",0.252,0.193,0.006,0.595,0.006,0.007,1061.226,1321.641,1.001
"K_uu_weight[34, 19]",0.295,0.214,0.012,0.679,0.006,0.007,1083.999,1406.558,1.001
"K_uu_weight[34, 20]",0.342,0.235,0.023,0.765,0.007,0.008,1115.048,1301.002,1.001
"K_uu_weight[34, 21]",0.393,0.256,0.037,0.851,0.007,0.008,1143.81,1450.508,1.001
"K_uu_weight[34, 22]",0.449,0.277,0.053,0.943,0.008,0.009,1175.717,1451.542,1.0
"K_uu_weight[34, 23]",0.508,0.298,0.111,1.078,0.008,0.009,1219.146,1445.164,1.0
"K_uu_weight[34, 24]",0.569,0.319,0.127,1.162,0.009,0.01,1267.754,1493.448,1.0
"K_uu_weight[34, 25]",0.632,0.339,0.163,1.252,0.009,0.01,1322.543,1539.029,1.0
"K_uu_weight[34, 26]",0.694,0.358,0.199,1.365,0.01,0.011,1386.339,1548.452,0.999
"K_uu_weight[34, 27]",0.755,0.376,0.21,1.432,0.01,0.011,1446.297,1524.163,1.0
"K_uu_weight[34, 28]",0.813,0.393,0.259,1.529,0.01,0.012,1499.976,1523.757,1.0
"K_uu_weight[34, 29]",0.866,0.408,0.282,1.605,0.01,0.012,1531.753,1524.009,1.0
"K_uu_weight[34, 30]",0.913,0.422,0.273,1.644,0.011,0.012,1553.645,1524.009,1.0
"K_uu_weight[34, 31]",0.951,0.433,0.289,1.699,0.011,0.013,1569.425,1500.248,0.999
"K_uu_weight[34, 32]",0.979,0.441,0.32,1.763,0.011,0.013,1579.754,1523.932,1.0
"K_uu_weight[34, 33]",0.996,0.446,0.326,1.791,0.011,0.013,1585.553,1523.932,1.0
"K_uu_weight[34, 34]",1.002,0.448,0.332,1.805,0.011,0.013,1587.497,1523.932,1.0
"K_uu_weight[34, 35]",0.996,0.446,0.326,1.791,0.011,0.013,1585.553,1523.932,1.0
"K_uu_weight[34, 36]",0.979,0.441,0.32,1.763,0.011,0.013,1579.754,1523.932,1.0
"K_uu_weight[34, 37]",0.951,0.433,0.289,1.699,0.011,0.013,1569.425,1500.248,0.999
"K_uu_weight[34, 38]",0.913,0.422,0.273,1.644,0.011,0.012,1553.645,1524.009,1.0
"K_uu_weight[34, 39]",0.866,0.408,0.282,1.605,0.01,0.012,1531.753,1524.009,1.0
"K_uu_weight[34, 40]",0.813,0.393,0.259,1.529,0.01,0.012,1499.976,1523.757,1.0
"K_uu_weight[34, 41]",0.755,0.376,0.21,1.432,0.01,0.011,1446.297,1524.163,1.0
"K_uu_weight[34, 42]",0.694,0.358,0.199,1.365,0.01,0.011,1386.339,1548.452,0.999
"K_uu_weight[34, 43]",0.632,0.339,0.163,1.252,0.009,0.01,1322.543,1539.029,1.0
"K_uu_weight[34, 44]",0.569,0.319,0.127,1.162,0.009,0.01,1267.754,1493.448,1.0
"K_uu_weight[34, 45]",0.508,0.298,0.111,1.078,0.008,0.009,1219.146,1445.164,1.0
"K_uu_weight[34, 46]",0.449,0.277,0.053,0.943,0.008,0.009,1175.717,1451.542,1.0
"K_uu_weight[34, 47]",0.393,0.256,0.037,0.851,0.007,0.008,1143.81,1450.508,1.001
"K_uu_weight[34, 48]",0.342,0.235,0.023,0.765,0.007,0.008,1115.048,1301.002,1.001
"K_uu_weight[34, 49]",0.295,0.214,0.012,0.679,0.006,0.007,1083.999,1406.558,1.001
"K_uu_weight[35, 0]",0.004,0.009,0.0,0.016,0.0,0.001,971.118,1097.391,1.003
"K_uu_weight[35, 1]",0.005,0.011,0.0,0.02,0.0,0.001,969.935,1097.834,1.003
"K_uu_weight[35, 2]",0.007,0.013,0.0,0.026,0.0,0.001,969.126,1097.834,1.003
"K_uu_weight[35, 3]",0.008,0.016,0.0,0.034,0.0,0.001,969.399,1060.73,1.003
"K_uu_weight[35, 4]",0.011,0.019,0.0,0.043,0.001,0.001,969.368,1060.73,1.003
"K_uu_weight[35, 5]",0.014,0.024,0.0,0.054,0.001,0.002,969.268,1060.506,1.002
"K_uu_weight[35, 6]",0.018,0.029,0.0,0.066,0.001,0.002,970.041,1060.506,1.002
"K_uu_weight[35, 7]",0.023,0.034,0.0,0.082,0.001,0.002,971.629,1060.506,1.002
"K_uu_weight[35, 8]",0.029,0.041,0.0,0.101,0.001,0.002,973.574,1060.506,1.002
"K_uu_weight[35, 9]",0.036,0.049,0.0,0.123,0.001,0.003,975.369,1083.791,1.002
"K_uu_weight[35, 10]",0.045,0.057,0.0,0.148,0.002,0.003,979.245,1081.93,1.002
"K_uu_weight[35, 11]",0.056,0.067,0.0,0.177,0.002,0.003,983.03,1115.398,1.002
"K_uu_weight[35, 12]",0.069,0.079,0.0,0.213,0.002,0.004,988.018,1115.398,1.002
"K_uu_weight[35, 13]",0.084,0.091,0.0,0.25,0.003,0.004,994.02,1207.162,1.002
"K_uu_weight[35, 14]",0.103,0.105,0.0,0.294,0.003,0.004,1000.3,1231.35,1.002
"K_uu_weight[35, 15]",0.125,0.12,0.0,0.342,0.004,0.005,1007.441,1228.555,1.002
"K_uu_weight[35, 16]",0.151,0.137,0.0,0.398,0.004,0.005,1015.594,1252.581,1.002
"K_uu_weight[35, 17]",0.18,0.155,0.0,0.458,0.005,0.006,1029.035,1224.009,1.002
"K_uu_weight[35, 18]",0.214,0.173,0.004,0.53,0.005,0.006,1044.402,1270.623,1.001
"K_uu_weight[35, 19]",0.252,0.193,0.006,0.595,0.006,0.007,1061.226,1321.641,1.001
"K_uu_weight[35, 20]",0.295,0.214,0.012,0.679,0.006,0.007,1083.999,1406.558,1.001
"K_uu_weight[35, 21]",0.342,0.235,0.023,0.765,0.007,0.008,1115.048,1301.002,1.001
"K_uu_weight[35, 22]",0.393,0.256,0.037,0.851,0.007,0.008,1143.81,1450.508,1.001
"K_uu_weight[35, 23]",0.449,0.277,0.053,0.943,0.008,0.009,1175.717,1451.542,1.0
"K_uu_weight[35, 24]",0.508,0.298,0.111,1.078,0.008,0.009,1219.146,1445.164,1.0
"K_uu_weight[35, 25]",0.569,0.319,0.127,1.162,0.009,0.01,1267.754,1493.448,1.0
"K_uu_weight[35, 26]",0.632,0.339,0.163,1.252,0.009,0.01,1322.543,1539.029,1.0
"K_uu_weight[35, 27]",0.694,0.358,0.199,1.365,0.01,0.011,1386.339,1548.452,0.999
"K_uu_weight[35, 28]",0.755,0.376,0.21,1.432,0.01,0.011,1446.297,1524.163,1.0
"K_uu_weight[35, 29]",0.813,0.393,0.259,1.529,0.01,0.012,1499.976,1523.757,1.0
"K_uu_weight[35, 30]",0.866,0.408,0.282,1.605,0.01,0.012,1531.753,1524.009,1.0
"K_uu_weight[35, 31]",0.913,0.422,0.273,1.644,0.011,0.012,1553.645,1524.009,1.0
"K_uu_weight[35, 32]",0.951,0.433,0.289,1.699,0.011,0.013,1569.425,1500.248,0.999
"K_uu_weight[35, 33]",0.979,0.441,0.32,1.763,0.011,0.013,1579.754,1523.932,1.0
"K_uu_weight[35, 34]",0.996,0.446,0.326,1.791,0.011,0.013,1585.553,1523.932,1.0
"K_uu_weight[35, 35]",1.002,0.448,0.332,1.805,0.011,0.013,1587.497,1523.932,1.0
"K_uu_weight[35, 36]",0.996,0.446,0.326,1.791,0.011,0.013,1585.553,1523.932,1.0
"K_uu_weight[35, 37]",0.979,0.441,0.32,1.763,0.011,0.013,1579.754,1523.932,1.0
"K_uu_weight[35, 38]",0.951,0.433,0.289,1.699,0.011,0.013,1569.425,1500.248,0.999
"K_uu_weight[35, 39]",0.913,0.422,0.273,1.644,0.011,0.012,1553.645,1524.009,1.0
"K_uu_weight[35, 40]",0.866,0.408,0.282,1.605,0.01,0.012,1531.753,1524.009,1.0
"K_uu_weight[35, 41]",0.813,0.393,0.259,1.529,0.01,0.012,1499.976,1523.757,1.0
"K_uu_weight[35, 42]",0.755,0.376,0.21,1.432,0.01,0.011,1446.297,1524.163,1.0
"K_uu_weight[35, 43]",0.694,0.358,0.199,1.365,0.01,0.011,1386.339,1548.452,0.999
"K_uu_weight[35, 44]",0.632,0.339,0.163,1.252,0.009,0.01,1322.543,1539.029,1.0
"K_uu_weight[35, 45]",0.569,0.319,0.127,1.162,0.009,0.01,1267.754,1493.448,1.0
"K_uu_weight[35, 46]",0.508,0.298,0.111,1.078,0.008,0.009,1219.146,1445.164,1.0
"K_uu_weight[35, 47]",0.449,0.277,0.053,0.943,0.008,0.009,1175.717,1451.542,1.0
"K_uu_weight[35, 48]",0.393,0.256,0.037,0.851,0.007,0.008,1143.81,1450.508,1.001
"K_uu_weight[35, 49]",0.342,0.235,0.023,0.765,0.007,0.008,1115.048,1301.002,1.001
"K_uu_weight[36, 0]",0.003,0.007,0.0,0.012,0.0,0.001,971.177,1097.391,1.003
"K_uu_weight[36, 1]",0.004,0.009,0.0,0.016,0.0,0.001,971.118,1097.391,1.003
"K_uu_weight[36, 2]",0.005,0.011,0.0,0.02,0.0,0.001,969.935,1097.834,1.003
"K_uu_weight[36, 3]",0.007,0.013,0.0,0.026,0.0,0.001,969.126,1097.834,1.003
"K_uu_weight[36, 4]",0.008,0.016,0.0,0.034,0.0,0.001,969.399,1060.73,1.003
"K_uu_weight[36, 5]",0.011,0.019,0.0,0.043,0.001,0.001,969.368,1060.73,1.003
"K_uu_weight[36, 6]",0.014,0.024,0.0,0.054,0.001,0.002,969.268,1060.506,1.002
"K_uu_weight[36, 7]",0.018,0.029,0.0,0.066,0.001,0.002,970.041,1060.506,1.002
"K_uu_weight[36, 8]",0.023,0.034,0.0,0.082,0.001,0.002,971.629,1060.506,1.002
"K_uu_weight[36, 9]",0.029,0.041,0.0,0.101,0.001,0.002,973.574,1060.506,1.002
"K_uu_weight[36, 10]",0.036,0.049,0.0,0.123,0.001,0.003,975.369,1083.791,1.002
"K_uu_weight[36, 11]",0.045,0.057,0.0,0.148,0.002,0.003,979.245,1081.93,1.002
"K_uu_weight[36, 12]",0.056,0.067,0.0,0.177,0.002,0.003,983.03,1115.398,1.002
"K_uu_weight[36, 13]",0.069,0.079,0.0,0.213,0.002,0.004,988.018,1115.398,1.002
"K_uu_weight[36, 14]",0.084,0.091,0.0,0.25,0.003,0.004,994.02,1207.162,1.002
"K_uu_weight[36, 15]",0.103,0.105,0.0,0.294,0.003,0.004,1000.3,1231.35,1.002
"K_uu_weight[36, 16]",0.125,0.12,0.0,0.342,0.004,0.005,1007.441,1228.555,1.002
"K_uu_weight[36, 17]",0.151,0.137,0.0,0.398,0.004,0.005,1015.594,1252.581,1.002
"K_uu_weight[36, 18]",0.18,0.155,0.0,0.458,0.005,0.006,1029.035,1224.009,1.002
"K_uu_weight[36, 19]",0.214,0.173,0.004,0.53,0.005,0.006,1044.402,1270.623,1.001
"K_uu_weight[36, 20]",0.252,0.193,0.006,0.595,0.006,0.007,1061.226,1321.641,1.001
"K_uu_weight[36, 21]",0.295,0.214,0.012,0.679,0.006,0.007,1083.999,1406.558,1.001
"K_uu_weight[36, 22]",0.342,0.235,0.023,0.765,0.007,0.008,1115.048,1301.002,1.001
"K_uu_weight[36, 23]",0.393,0.256,0.037,0.851,0.007,0.008,1143.81,1450.508,1.001
"K_uu_weight[36, 24]",0.449,0.277,0.053,0.943,0.008,0.009,1175.717,1451.542,1.0
"K_uu_weight[36, 25]",0.508,0.298,0.111,1.078,0.008,0.009,1219.146,1445.164,1.0
"K_uu_weight[36, 26]",0.569,0.319,0.127,1.162,0.009,0.01,1267.754,1493.448,1.0
"K_uu_weight[36, 27]",0.632,0.339,0.163,1.252,0.009,0.01,1322.543,1539.029,1.0
"K_uu_weight[36, 28]",0.694,0.358,0.199,1.365,0.01,0.011,1386.339,1548.452,0.999
"K_uu_weight[36, 29]",0.755,0.376,0.21,1.432,0.01,0.011,1446.297,1524.163,1.0
"K_uu_weight[36, 30]",0.813,0.393,0.259,1.529,0.01,0.012,1499.976,1523.757,1.0
"K_uu_weight[36, 31]",0.866,0.408,0.282,1.605,0.01,0.012,1531.753,1524.009,1.0
"K_uu_weight[36, 32]",0.913,0.422,0.273,1.644,0.011,0.012,1553.645,1524.009,1.0
"K_uu_weight[36, 33]",0.951,0.433,0.289,1.699,0.011,0.013,1569.425,1500.248,0.999
"K_uu_weight[36, 34]",0.979,0.441,0.32,1.763,0.011,0.013,1579.754,1523.932,1.0
"K_uu_weight[36, 35]",0.996,0.446,0.326,1.791,0.011,0.013,1585.553,1523.932,1.0
"K_uu_weight[36, 36]",1.002,0.448,0.332,1.805,0.011,0.013,1587.497,1523.932,1.0
"K_uu_weight[36, 37]",0.996,0.446,0.326,1.791,0.011,0.013,1585.553,1523.932,1.0
"K_uu_weight[36, 38]",0.979,0.441,0.32,1.763,0.011,0.013,1579.754,1523.932,1.0
"K_uu_weight[36, 39]",0.951,0.433,0.289,1.699,0.011,0.013,1569.425,1500.248,0.999
"K_uu_weight[36, 40]",0.913,0.422,0.273,1.644,0.011,0.012,1553.645,1524.009,1.0
"K_uu_weight[36, 41]",0.866,0.408,0.282,1.605,0.01,0.012,1531.753,1524.009,1.0
"K_uu_weight[36, 42]",0.813,0.393,0.259,1.529,0.01,0.012,1499.976,1523.757,1.0
"K_uu_weight[36, 43]",0.755,0.376,0.21,1.432,0.01,0.011,1446.297,1524.163,1.0
"K_uu_weight[36, 44]",0.694,0.358,0.199,1.365,0.01,0.011,1386.339,1548.452,0.999
"K_uu_weight[36, 45]",0.632,0.339,0.163,1.252,0.009,0.01,1322.543,1539.029,1.0
"K_uu_weight[36, 46]",0.569,0.319,0.127,1.162,0.009,0.01,1267.754,1493.448,1.0
"K_uu_weight[36, 47]",0.508,0.298,0.111,1.078,0.008,0.009,1219.146,1445.164,1.0
"K_uu_weight[36, 48]",0.449,0.277,0.053,0.943,0.008,0.009,1175.717,1451.542,1.0
"K_uu_weight[36, 49]",0.393,0.256,0.037,0.851,0.007,0.008,1143.81,1450.508,1.001
"K_uu_weight[37, 0]",0.002,0.006,0.0,0.009,0.0,0.001,970.506,1123.149,1.003
"K_uu_weight[37, 1]",0.003,0.007,0.0,0.012,0.0,0.001,971.177,1097.391,1.003
"K_uu_weight[37, 2]",0.004,0.009,0.0,0.016,0.0,0.001,971.118,1097.391,1.003
"K_uu_weight[37, 3]",0.005,0.011,0.0,0.02,0.0,0.001,969.935,1097.834,1.003
"K_uu_weight[37, 4]",0.007,0.013,0.0,0.026,0.0,0.001,969.126,1097.834,1.003
"K_uu_weight[37, 5]",0.008,0.016,0.0,0.034,0.0,0.001,969.399,1060.73,1.003
"K_uu_weight[37, 6]",0.011,0.019,0.0,0.043,0.001,0.001,969.368,1060.73,1.003
"K_uu_weight[37, 7]",0.014,0.024,0.0,0.054,0.001,0.002,969.268,1060.506,1.002
"K_uu_weight[37, 8]",0.018,0.029,0.0,0.066,0.001,0.002,970.041,1060.506,1.002
"K_uu_weight[37, 9]",0.023,0.034,0.0,0.082,0.001,0.002,971.629,1060.506,1.002
"K_uu_weight[37, 10]",0.029,0.041,0.0,0.101,0.001,0.002,973.574,1060.506,1.002
"K_uu_weight[37, 11]",0.036,0.049,0.0,0.123,0.001,0.003,975.369,1083.791,1.002
"K_uu_weight[37, 12]",0.045,0.057,0.0,0.148,0.002,0.003,979.245,1081.93,1.002
"K_uu_weight[37, 13]",0.056,0.067,0.0,0.177,0.002,0.003,983.03,1115.398,1.002
"K_uu_weight[37, 14]",0.069,0.079,0.0,0.213,0.002,0.004,988.018,1115.398,1.002
"K_uu_weight[37, 15]",0.084,0.091,0.0,0.25,0.003,0.004,994.02,1207.162,1.002
"K_uu_weight[37, 16]",0.103,0.105,0.0,0.294,0.003,0.004,1000.3,1231.35,1.002
"K_uu_weight[37, 17]",0.125,0.12,0.0,0.342,0.004,0.005,1007.441,1228.555,1.002
"K_uu_weight[37, 18]",0.151,0.137,0.0,0.398,0.004,0.005,1015.594,1252.581,1.002
"K_uu_weight[37, 19]",0.18,0.155,0.0,0.458,0.005,0.006,1029.035,1224.009,1.002
"K_uu_weight[37, 20]",0.214,0.173,0.004,0.53,0.005,0.006,1044.402,1270.623,1.001
"K_uu_weight[37, 21]",0.252,0.193,0.006,0.595,0.006,0.007,1061.226,1321.641,1.001
"K_uu_weight[37, 22]",0.295,0.214,0.012,0.679,0.006,0.007,1083.999,1406.558,1.001
"K_uu_weight[37, 23]",0.342,0.235,0.023,0.765,0.007,0.008,1115.048,1301.002,1.001
"K_uu_weight[37, 24]",0.393,0.256,0.037,0.851,0.007,0.008,1143.81,1450.508,1.001
"K_uu_weight[37, 25]",0.449,0.277,0.053,0.943,0.008,0.009,1175.717,1451.542,1.0
"K_uu_weight[37, 26]",0.508,0.298,0.111,1.078,0.008,0.009,1219.146,1445.164,1.0
"K_uu_weight[37, 27]",0.569,0.319,0.127,1.162,0.009,0.01,1267.754,1493.448,1.0
"K_uu_weight[37, 28]",0.632,0.339,0.163,1.252,0.009,0.01,1322.543,1539.029,1.0
"K_uu_weight[37, 29]",0.694,0.358,0.199,1.365,0.01,0.011,1386.339,1548.452,0.999
"K_uu_weight[37, 30]",0.755,0.376,0.21,1.432,0.01,0.011,1446.297,1524.163,1.0
"K_uu_weight[37, 31]",0.813,0.393,0.259,1.529,0.01,0.012,1499.976,1523.757,1.0
"K_uu_weight[37, 32]",0.866,0.408,0.282,1.605,0.01,0.012,1531.753,1524.009,1.0
"K_uu_weight[37, 33]",0.913,0.422,0.273,1.644,0.011,0.012,1553.645,1524.009,1.0
"K_uu_weight[37, 34]",0.951,0.433,0.289,1.699,0.011,0.013,1569.425,1500.248,0.999
"K_uu_weight[37, 35]",0.979,0.441,0.32,1.763,0.011,0.013,1579.754,1523.932,1.0
"K_uu_weight[37, 36]",0.996,0.446,0.326,1.791,0.011,0.013,1585.553,1523.932,1.0
"K_uu_weight[37, 37]",1.002,0.448,0.332,1.805,0.011,0.013,1587.497,1523.932,1.0
"K_uu_weight[37, 38]",0.996,0.446,0.326,1.791,0.011,0.013,1585.553,1523.932,1.0
"K_uu_weight[37, 39]",0.979,0.441,0.32,1.763,0.011,0.013,1579.754,1523.932,1.0
"K_uu_weight[37, 40]",0.951,0.433,0.289,1.699,0.011,0.013,1569.425,1500.248,0.999
"K_uu_weight[37, 41]",0.913,0.422,0.273,1.644,0.011,0.012,1553.645,1524.009,1.0
"K_uu_weight[37, 42]",0.866,0.408,0.282,1.605,0.01,0.012,1531.753,1524.009,1.0
"K_uu_weight[37, 43]",0.813,0.393,0.259,1.529,0.01,0.012,1499.976,1523.757,1.0
"K_uu_weight[37, 44]",0.755,0.376,0.21,1.432,0.01,0.011,1446.297,1524.163,1.0
"K_uu_weight[37, 45]",0.694,0.358,0.199,1.365,0.01,0.011,1386.339,1548.452,0.999
"K_uu_weight[37, 46]",0.632,0.339,0.163,1.252,0.009,0.01,1322.543,1539.029,1.0
"K_uu_weight[37, 47]",0.569,0.319,0.127,1.162,0.009,0.01,1267.754,1493.448,1.0
"K_uu_weight[37, 48]",0.508,0.298,0.111,1.078,0.008,0.009,1219.146,1445.164,1.0
"K_uu_weight[37, 49]",0.449,0.277,0.053,0.943,0.008,0.009,1175.717,1451.542,1.0
"K_uu_weight[38, 0]",0.002,0.004,0.0,0.007,0.0,0.0,971.489,1123.149,1.003
"K_uu_weight[38, 1]",0.002,0.006,0.0,0.009,0.0,0.001,970.506,1123.149,1.003
"K_uu_weight[38, 2]",0.003,0.007,0.0,0.012,0.0,0.001,971.177,1097.391,1.003
"K_uu_weight[38, 3]",0.004,0.009,0.0,0.016,0.0,0.001,971.118,1097.391,1.003
"K_uu_weight[38, 4]",0.005,0.011,0.0,0.02,0.0,0.001,969.935,1097.834,1.003
"K_uu_weight[38, 5]",0.007,0.013,0.0,0.026,0.0,0.001,969.126,1097.834,1.003
"K_uu_weight[38, 6]",0.008,0.016,0.0,0.034,0.0,0.001,969.399,1060.73,1.003
"K_uu_weight[38, 7]",0.011,0.019,0.0,0.043,0.001,0.001,969.368,1060.73,1.003
"K_uu_weight[38, 8]",0.014,0.024,0.0,0.054,0.001,0.002,969.268,1060.506,1.002
"K_uu_weight[38, 9]",0.018,0.029,0.0,0.066,0.001,0.002,970.041,1060.506,1.002
"K_uu_weight[38, 10]",0.023,0.034,0.0,0.082,0.001,0.002,971.629,1060.506,1.002
"K_uu_weight[38, 11]",0.029,0.041,0.0,0.101,0.001,0.002,973.574,1060.506,1.002
"K_uu_weight[38, 12]",0.036,0.049,0.0,0.123,0.001,0.003,975.369,1083.791,1.002
"K_uu_weight[38, 13]",0.045,0.057,0.0,0.148,0.002,0.003,979.245,1081.93,1.002
"K_uu_weight[38, 14]",0.056,0.067,0.0,0.177,0.002,0.003,983.03,1115.398,1.002
"K_uu_weight[38, 15]",0.069,0.079,0.0,0.213,0.002,0.004,988.018,1115.398,1.002
"K_uu_weight[38, 16]",0.084,0.091,0.0,0.25,0.003,0.004,994.02,1207.162,1.002
"K_uu_weight[38, 17]",0.103,0.105,0.0,0.294,0.003,0.004,1000.3,1231.35,1.002
"K_uu_weight[38, 18]",0.125,0.12,0.0,0.342,0.004,0.005,1007.441,1228.555,1.002
"K_uu_weight[38, 19]",0.151,0.137,0.0,0.398,0.004,0.005,1015.594,1252.581,1.002
"K_uu_weight[38, 20]",0.18,0.155,0.0,0.458,0.005,0.006,1029.035,1224.009,1.002
"K_uu_weight[38, 21]",0.214,0.173,0.004,0.53,0.005,0.006,1044.402,1270.623,1.001
"K_uu_weight[38, 22]",0.252,0.193,0.006,0.595,0.006,0.007,1061.226,1321.641,1.001
"K_uu_weight[38, 23]",0.295,0.214,0.012,0.679,0.006,0.007,1083.999,1406.558,1.001
"K_uu_weight[38, 24]",0.342,0.235,0.023,0.765,0.007,0.008,1115.048,1301.002,1.001
"K_uu_weight[38, 25]",0.393,0.256,0.037,0.851,0.007,0.008,1143.81,1450.508,1.001
"K_uu_weight[38, 26]",0.449,0.277,0.053,0.943,0.008,0.009,1175.717,1451.542,1.0
"K_uu_weight[38, 27]",0.508,0.298,0.111,1.078,0.008,0.009,1219.146,1445.164,1.0
"K_uu_weight[38, 28]",0.569,0.319,0.127,1.162,0.009,0.01,1267.754,1493.448,1.0
"K_uu_weight[38, 29]",0.632,0.339,0.163,1.252,0.009,0.01,1322.543,1539.029,1.0
"K_uu_weight[38, 30]",0.694,0.358,0.199,1.365,0.01,0.011,1386.339,1548.452,0.999
"K_uu_weight[38, 31]",0.755,0.376,0.21,1.432,0.01,0.011,1446.297,1524.163,1.0
"K_uu_weight[38, 32]",0.813,0.393,0.259,1.529,0.01,0.012,1499.976,1523.757,1.0
"K_uu_weight[38, 33]",0.866,0.408,0.282,1.605,0.01,0.012,1531.753,1524.009,1.0
"K_uu_weight[38, 34]",0.913,0.422,0.273,1.644,0.011,0.012,1553.645,1524.009,1.0
"K_uu_weight[38, 35]",0.951,0.433,0.289,1.699,0.011,0.013,1569.425,1500.248,0.999
"K_uu_weight[38, 36]",0.979,0.441,0.32,1.763,0.011,0.013,1579.754,1523.932,1.0
"K_uu_weight[38, 37]",0.996,0.446,0.326,1.791,0.011,0.013,1585.553,1523.932,1.0
"K_uu_weight[38, 38]",1.002,0.448,0.332,1.805,0.011,0.013,1587.497,1523.932,1.0
"K_uu_weight[38, 39]",0.996,0.446,0.326,1.791,0.011,0.013,1585.553,1523.932,1.0
"K_uu_weight[38, 40]",0.979,0.441,0.32,1.763,0.011,0.013,1579.754,1523.932,1.0
"K_uu_weight[38, 41]",0.951,0.433,0.289,1.699,0.011,0.013,1569.425,1500.248,0.999
"K_uu_weight[38, 42]",0.913,0.422,0.273,1.644,0.011,0.012,1553.645,1524.009,1.0
"K_uu_weight[38, 43]",0.866,0.408,0.282,1.605,0.01,0.012,1531.753,1524.009,1.0
"K_uu_weight[38, 44]",0.813,0.393,0.259,1.529,0.01,0.012,1499.976,1523.757,1.0
"K_uu_weight[38, 45]",0.755,0.376,0.21,1.432,0.01,0.011,1446.297,1524.163,1.0
"K_uu_weight[38, 46]",0.694,0.358,0.199,1.365,0.01,0.011,1386.339,1548.452,0.999
"K_uu_weight[38, 47]",0.632,0.339,0.163,1.252,0.009,0.01,1322.543,1539.029,1.0
"K_uu_weight[38, 48]",0.569,0.319,0.127,1.162,0.009,0.01,1267.754,1493.448,1.0
"K_uu_weight[38, 49]",0.508,0.298,0.111,1.078,0.008,0.009,1219.146,1445.164,1.0
"K_uu_weight[39, 0]",0.001,0.004,0.0,0.005,0.0,0.0,972.212,1123.149,1.003
"K_uu_weight[39, 1]",0.002,0.004,0.0,0.007,0.0,0.0,971.489,1123.149,1.003
"K_uu_weight[39, 2]",0.002,0.006,0.0,0.009,0.0,0.001,970.506,1123.149,1.003
"K_uu_weight[39, 3]",0.003,0.007,0.0,0.012,0.0,0.001,971.177,1097.391,1.003
"K_uu_weight[39, 4]",0.004,0.009,0.0,0.016,0.0,0.001,971.118,1097.391,1.003
"K_uu_weight[39, 5]",0.005,0.011,0.0,0.02,0.0,0.001,969.935,1097.834,1.003
"K_uu_weight[39, 6]",0.007,0.013,0.0,0.026,0.0,0.001,969.126,1097.834,1.003
"K_uu_weight[39, 7]",0.008,0.016,0.0,0.034,0.0,0.001,969.399,1060.73,1.003
"K_uu_weight[39, 8]",0.011,0.019,0.0,0.043,0.001,0.001,969.368,1060.73,1.003
"K_uu_weight[39, 9]",0.014,0.024,0.0,0.054,0.001,0.002,969.268,1060.506,1.002
"K_uu_weight[39, 10]",0.018,0.029,0.0,0.066,0.001,0.002,970.041,1060.506,1.002
"K_uu_weight[39, 11]",0.023,0.034,0.0,0.082,0.001,0.002,971.629,1060.506,1.002
"K_uu_weight[39, 12]",0.029,0.041,0.0,0.101,0.001,0.002,973.574,1060.506,1.002
"K_uu_weight[39, 13]",0.036,0.049,0.0,0.123,0.001,0.003,975.369,1083.791,1.002
"K_uu_weight[39, 14]",0.045,0.057,0.0,0.148,0.002,0.003,979.245,1081.93,1.002
"K_uu_weight[39, 15]",0.056,0.067,0.0,0.177,0.002,0.003,983.03,1115.398,1.002
"K_uu_weight[39, 16]",0.069,0.079,0.0,0.213,0.002,0.004,988.018,1115.398,1.002
"K_uu_weight[39, 17]",0.084,0.091,0.0,0.25,0.003,0.004,994.02,1207.162,1.002
"K_uu_weight[39, 18]",0.103,0.105,0.0,0.294,0.003,0.004,1000.3,1231.35,1.002
"K_uu_weight[39, 19]",0.125,0.12,0.0,0.342,0.004,0.005,1007.441,1228.555,1.002
"K_uu_weight[39, 20]",0.151,0.137,0.0,0.398,0.004,0.005,1015.594,1252.581,1.002
"K_uu_weight[39, 21]",0.18,0.155,0.0,0.458,0.005,0.006,1029.035,1224.009,1.002
"K_uu_weight[39, 22]",0.214,0.173,0.004,0.53,0.005,0.006,1044.402,1270.623,1.001
"K_uu_weight[39, 23]",0.252,0.193,0.006,0.595,0.006,0.007,1061.226,1321.641,1.001
"K_uu_weight[39, 24]",0.295,0.214,0.012,0.679,0.006,0.007,1083.999,1406.558,1.001
"K_uu_weight[39, 25]",0.342,0.235,0.023,0.765,0.007,0.008,1115.048,1301.002,1.001
"K_uu_weight[39, 26]",0.393,0.256,0.037,0.851,0.007,0.008,1143.81,1450.508,1.001
"K_uu_weight[39, 27]",0.449,0.277,0.053,0.943,0.008,0.009,1175.717,1451.542,1.0
"K_uu_weight[39, 28]",0.508,0.298,0.111,1.078,0.008,0.009,1219.146,1445.164,1.0
"K_uu_weight[39, 29]",0.569,0.319,0.127,1.162,0.009,0.01,1267.754,1493.448,1.0
"K_uu_weight[39, 30]",0.632,0.339,0.163,1.252,0.009,0.01,1322.543,1539.029,1.0
"K_uu_weight[39, 31]",0.694,0.358,0.199,1.365,0.01,0.011,1386.339,1548.452,0.999
"K_uu_weight[39, 32]",0.755,0.376,0.21,1.432,0.01,0.011,1446.297,1524.163,1.0
"K_uu_weight[39, 33]",0.813,0.393,0.259,1.529,0.01,0.012,1499.976,1523.757,1.0
"K_uu_weight[39, 34]",0.866,0.408,0.282,1.605,0.01,0.012,1531.753,1524.009,1.0
"K_uu_weight[39, 35]",0.913,0.422,0.273,1.644,0.011,0.012,1553.645,1524.009,1.0
"K_uu_weight[39, 36]",0.951,0.433,0.289,1.699,0.011,0.013,1569.425,1500.248,0.999
"K_uu_weight[39, 37]",0.979,0.441,0.32,1.763,0.011,0.013,1579.754,1523.932,1.0
"K_uu_weight[39, 38]",0.996,0.446,0.326,1.791,0.011,0.013,1585.553,1523.932,1.0
"K_uu_weight[39, 39]",1.002,0.448,0.332,1.805,0.011,0.013,1587.497,1523.932,1.0
"K_uu_weight[39, 40]",0.996,0.446,0.326,1.791,0.011,0.013,1585.553,1523.932,1.0
"K_uu_weight[39, 41]",0.979,0.441,0.32,1.763,0.011,0.013,1579.754,1523.932,1.0
"K_uu_weight[39, 42]",0.951,0.433,0.289,1.699,0.011,0.013,1569.425,1500.248,0.999
"K_uu_weight[39, 43]",0.913,0.422,0.273,1.644,0.011,0.012,1553.645,1524.009,1.0
"K_uu_weight[39, 44]",0.866,0.408,0.282,1.605,0.01,0.012,1531.753,1524.009,1.0
"K_uu_weight[39, 45]",0.813,0.393,0.259,1.529,0.01,0.012,1499.976,1523.757,1.0
"K_uu_weight[39, 46]",0.755,0.376,0.21,1.432,0.01,0.011,1446.297,1524.163,1.0
"K_uu_weight[39, 47]",0.694,0.358,0.199,1.365,0.01,0.011,1386.339,1548.452,0.999
"K_uu_weight[39, 48]",0.632,0.339,0.163,1.252,0.009,0.01,1322.543,1539.029,1.0
"K_uu_weight[39, 49]",0.569,0.319,0.127,1.162,0.009,0.01,1267.754,1493.448,1.0
"K_uu_weight[40, 0]",0.001,0.003,0.0,0.004,0.0,0.0,971.981,1123.149,1.003
"K_uu_weight[40, 1]",0.001,0.004,0.0,0.005,0.0,0.0,972.212,1123.149,1.003
"K_uu_weight[40, 2]",0.002,0.004,0.0,0.007,0.0,0.0,971.489,1123.149,1.003
"K_uu_weight[40, 3]",0.002,0.006,0.0,0.009,0.0,0.001,970.506,1123.149,1.003
"K_uu_weight[40, 4]",0.003,0.007,0.0,0.012,0.0,0.001,971.177,1097.391,1.003
"K_uu_weight[40, 5]",0.004,0.009,0.0,0.016,0.0,0.001,971.118,1097.391,1.003
"K_uu_weight[40, 6]",0.005,0.011,0.0,0.02,0.0,0.001,969.935,1097.834,1.003
"K_uu_weight[40, 7]",0.007,0.013,0.0,0.026,0.0,0.001,969.126,1097.834,1.003
"K_uu_weight[40, 8]",0.008,0.016,0.0,0.034,0.0,0.001,969.399,1060.73,1.003
"K_uu_weight[40, 9]",0.011,0.019,0.0,0.043,0.001,0.001,969.368,1060.73,1.003
"K_uu_weight[40, 10]",0.014,0.024,0.0,0.054,0.001,0.002,969.268,1060.506,1.002
"K_uu_weight[40, 11]",0.018,0.029,0.0,0.066,0.001,0.002,970.041,1060.506,1.002
"K_uu_weight[40, 12]",0.023,0.034,0.0,0.082,0.001,0.002,971.629,1060.506,1.002
"K_uu_weight[40, 13]",0.029,0.041,0.0,0.101,0.001,0.002,973.574,1060.506,1.002
"K_uu_weight[40, 14]",0.036,0.049,0.0,0.123,0.001,0.003,975.369,1083.791,1.002
"K_uu_weight[40, 15]",0.045,0.057,0.0,0.148,0.002,0.003,979.245,1081.93,1.002
"K_uu_weight[40, 16]",0.056,0.067,0.0,0.177,0.002,0.003,983.03,1115.398,1.002
"K_uu_weight[40, 17]",0.069,0.079,0.0,0.213,0.002,0.004,988.018,1115.398,1.002
"K_uu_weight[40, 18]",0.084,0.091,0.0,0.25,0.003,0.004,994.02,1207.162,1.002
"K_uu_weight[40, 19]",0.103,0.105,0.0,0.294,0.003,0.004,1000.3,1231.35,1.002
"K_uu_weight[40, 20]",0.125,0.12,0.0,0.342,0.004,0.005,1007.441,1228.555,1.002
"K_uu_weight[40, 21]",0.151,0.137,0.0,0.398,0.004,0.005,1015.594,1252.581,1.002
"K_uu_weight[40, 22]",0.18,0.155,0.0,0.458,0.005,0.006,1029.035,1224.009,1.002
"K_uu_weight[40, 23]",0.214,0.173,0.004,0.53,0.005,0.006,1044.402,1270.623,1.001
"K_uu_weight[40, 24]",0.252,0.193,0.006,0.595,0.006,0.007,1061.226,1321.641,1.001
"K_uu_weight[40, 25]",0.295,0.214,0.012,0.679,0.006,0.007,1083.999,1406.558,1.001
"K_uu_weight[40, 26]",0.342,0.235,0.023,0.765,0.007,0.008,1115.048,1301.002,1.001
"K_uu_weight[40, 27]",0.393,0.256,0.037,0.851,0.007,0.008,1143.81,1450.508,1.001
"K_uu_weight[40, 28]",0.449,0.277,0.053,0.943,0.008,0.009,1175.717,1451.542,1.0
"K_uu_weight[40, 29]",0.508,0.298,0.111,1.078,0.008,0.009,1219.146,1445.164,1.0
"K_uu_weight[40, 30]",0.569,0.319,0.127,1.162,0.009,0.01,1267.754,1493.448,1.0
"K_uu_weight[40, 31]",0.632,0.339,0.163,1.252,0.009,0.01,1322.543,1539.029,1.0
"K_uu_weight[40, 32]",0.694,0.358,0.199,1.365,0.01,0.011,1386.339,1548.452,0.999
"K_uu_weight[40, 33]",0.755,0.376,0.21,1.432,0.01,0.011,1446.297,1524.163,1.0
"K_uu_weight[40, 34]",0.813,0.393,0.259,1.529,0.01,0.012,1499.976,1523.757,1.0
"K_uu_weight[40, 35]",0.866,0.408,0.282,1.605,0.01,0.012,1531.753,1524.009,1.0
"K_uu_weight[40, 36]",0.913,0.422,0.273,1.644,0.011,0.012,1553.645,1524.009,1.0
"K_uu_weight[40, 37]",0.951,0.433,0.289,1.699,0.011,0.013,1569.425,1500.248,0.999
"K_uu_weight[40, 38]",0.979,0.441,0.32,1.763,0.011,0.013,1579.754,1523.932,1.0
"K_uu_weight[40, 39]",0.996,0.446,0.326,1.791,0.011,0.013,1585.553,1523.932,1.0
"K_uu_weight[40, 40]",1.002,0.448,0.332,1.805,0.011,0.013,1587.497,1523.932,1.0
"K_uu_weight[40, 41]",0.996,0.446,0.326,1.791,0.011,0.013,1585.553,1523.932,1.0
"K_uu_weight[40, 42]",0.979,0.441,0.32,1.763,0.011,0.013,1579.754,1523.932,1.0
"K_uu_weight[40, 43]",0.951,0.433,0.289,1.699,0.011,0.013,1569.425,1500.248,0.999
"K_uu_weight[40, 44]",0.913,0.422,0.273,1.644,0.011,0.012,1553.645,1524.009,1.0
"K_uu_weight[40, 45]",0.866,0.408,0.282,1.605,0.01,0.012,1531.753,1524.009,1.0
"K_uu_weight[40, 46]",0.813,0.393,0.259,1.529,0.01,0.012,1499.976,1523.757,1.0
"K_uu_weight[40, 47]",0.755,0.376,0.21,1.432,0.01,0.011,1446.297,1524.163,1.0
"K_uu_weight[40, 48]",0.694,0.358,0.199,1.365,0.01,0.011,1386.339,1548.452,0.999
"K_uu_weight[40, 49]",0.632,0.339,0.163,1.252,0.009,0.01,1322.543,1539.029,1.0
"K_uu_weight[41, 0]",0.001,0.002,0.0,0.003,0.0,0.0,972.335,1097.214,1.003
"K_uu_weight[41, 1]",0.001,0.003,0.0,0.004,0.0,0.0,971.981,1123.149,1.003
"K_uu_weight[41, 2]",0.001,0.004,0.0,0.005,0.0,0.0,972.212,1123.149,1.003
"K_uu_weight[41, 3]",0.002,0.004,0.0,0.007,0.0,0.0,971.489,1123.149,1.003
"K_uu_weight[41, 4]",0.002,0.006,0.0,0.009,0.0,0.001,970.506,1123.149,1.003
"K_uu_weight[41, 5]",0.003,0.007,0.0,0.012,0.0,0.001,971.177,1097.391,1.003
"K_uu_weight[41, 6]",0.004,0.009,0.0,0.016,0.0,0.001,971.118,1097.391,1.003
"K_uu_weight[41, 7]",0.005,0.011,0.0,0.02,0.0,0.001,969.935,1097.834,1.003
"K_uu_weight[41, 8]",0.007,0.013,0.0,0.026,0.0,0.001,969.126,1097.834,1.003
"K_uu_weight[41, 9]",0.008,0.016,0.0,0.034,0.0,0.001,969.399,1060.73,1.003
"K_uu_weight[41, 10]",0.011,0.019,0.0,0.043,0.001,0.001,969.368,1060.73,1.003
"K_uu_weight[41, 11]",0.014,0.024,0.0,0.054,0.001,0.002,969.268,1060.506,1.002
"K_uu_weight[41, 12]",0.018,0.029,0.0,0.066,0.001,0.002,970.041,1060.506,1.002
"K_uu_weight[41, 13]",0.023,0.034,0.0,0.082,0.001,0.002,971.629,1060.506,1.002
"K_uu_weight[41, 14]",0.029,0.041,0.0,0.101,0.001,0.002,973.574,1060.506,1.002
"K_uu_weight[41, 15]",0.036,0.049,0.0,0.123,0.001,0.003,975.369,1083.791,1.002
"K_uu_weight[41, 16]",0.045,0.057,0.0,0.148,0.002,0.003,979.245,1081.93,1.002
"K_uu_weight[41, 17]",0.056,0.067,0.0,0.177,0.002,0.003,983.03,1115.398,1.002
"K_uu_weight[41, 18]",0.069,0.079,0.0,0.213,0.002,0.004,988.018,1115.398,1.002
"K_uu_weight[41, 19]",0.084,0.091,0.0,0.25,0.003,0.004,994.02,1207.162,1.002
"K_uu_weight[41, 20]",0.103,0.105,0.0,0.294,0.003,0.004,1000.3,1231.35,1.002
"K_uu_weight[41, 21]",0.125,0.12,0.0,0.342,0.004,0.005,1007.441,1228.555,1.002
"K_uu_weight[41, 22]",0.151,0.137,0.0,0.398,0.004,0.005,1015.594,1252.581,1.002
"K_uu_weight[41, 23]",0.18,0.155,0.0,0.458,0.005,0.006,1029.035,1224.009,1.002
"K_uu_weight[41, 24]",0.214,0.173,0.004,0.53,0.005,0.006,1044.402,1270.623,1.001
"K_uu_weight[41, 25]",0.252,0.193,0.006,0.595,0.006,0.007,1061.226,1321.641,1.001
"K_uu_weight[41, 26]",0.295,0.214,0.012,0.679,0.006,0.007,1083.999,1406.558,1.001
"K_uu_weight[41, 27]",0.342,0.235,0.023,0.765,0.007,0.008,1115.048,1301.002,1.001
"K_uu_weight[41, 28]",0.393,0.256,0.037,0.851,0.007,0.008,1143.81,1450.508,1.001
"K_uu_weight[41, 29]",0.449,0.277,0.053,0.943,0.008,0.009,1175.717,1451.542,1.0
"K_uu_weight[41, 30]",0.508,0.298,0.111,1.078,0.008,0.009,1219.146,1445.164,1.0
"K_uu_weight[41, 31]",0.569,0.319,0.127,1.162,0.009,0.01,1267.754,1493.448,1.0
"K_uu_weight[41, 32]",0.632,0.339,0.163,1.252,0.009,0.01,1322.543,1539.029,1.0
"K_uu_weight[41, 33]",0.694,0.358,0.199,1.365,0.01,0.011,1386.339,1548.452,0.999
"K_uu_weight[41, 34]",0.755,0.376,0.21,1.432,0.01,0.011,1446.297,1524.163,1.0
"K_uu_weight[41, 35]",0.813,0.393,0.259,1.529,0.01,0.012,1499.976,1523.757,1.0
"K_uu_weight[41, 36]",0.866,0.408,0.282,1.605,0.01,0.012,1531.753,1524.009,1.0
"K_uu_weight[41, 37]",0.913,0.422,0.273,1.644,0.011,0.012,1553.645,1524.009,1.0
"K_uu_weight[41, 38]",0.951,0.433,0.289,1.699,0.011,0.013,1569.425,1500.248,0.999
"K_uu_weight[41, 39]",0.979,0.441,0.32,1.763,0.011,0.013,1579.754,1523.932,1.0
"K_uu_weight[41, 40]",0.996,0.446,0.326,1.791,0.011,0.013,1585.553,1523.932,1.0
"K_uu_weight[41, 41]",1.002,0.448,0.332,1.805,0.011,0.013,1587.497,1523.932,1.0
"K_uu_weight[41, 42]",0.996,0.446,0.326,1.791,0.011,0.013,1585.553,1523.932,1.0
"K_uu_weight[41, 43]",0.979,0.441,0.32,1.763,0.011,0.013,1579.754,1523.932,1.0
"K_uu_weight[41, 44]",0.951,0.433,0.289,1.699,0.011,0.013,1569.425,1500.248,0.999
"K_uu_weight[41, 45]",0.913,0.422,0.273,1.644,0.011,0.012,1553.645,1524.009,1.0
"K_uu_weight[41, 46]",0.866,0.408,0.282,1.605,0.01,0.012,1531.753,1524.009,1.0
"K_uu_weight[41, 47]",0.813,0.393,0.259,1.529,0.01,0.012,1499.976,1523.757,1.0
"K_uu_weight[41, 48]",0.755,0.376,0.21,1.432,0.01,0.011,1446.297,1524.163,1.0
"K_uu_weight[41, 49]",0.694,0.358,0.199,1.365,0.01,0.011,1386.339,1548.452,0.999
"K_uu_weight[42, 0]",0.001,0.002,0.0,0.002,0.0,0.0,973.183,1072.619,1.003
"K_uu_weight[42, 1]",0.001,0.002,0.0,0.003,0.0,0.0,972.335,1097.214,1.003
"K_uu_weight[42, 2]",0.001,0.003,0.0,0.004,0.0,0.0,971.981,1123.149,1.003
"K_uu_weight[42, 3]",0.001,0.004,0.0,0.005,0.0,0.0,972.212,1123.149,1.003
"K_uu_weight[42, 4]",0.002,0.004,0.0,0.007,0.0,0.0,971.489,1123.149,1.003
"K_uu_weight[42, 5]",0.002,0.006,0.0,0.009,0.0,0.001,970.506,1123.149,1.003
"K_uu_weight[42, 6]",0.003,0.007,0.0,0.012,0.0,0.001,971.177,1097.391,1.003
"K_uu_weight[42, 7]",0.004,0.009,0.0,0.016,0.0,0.001,971.118,1097.391,1.003
"K_uu_weight[42, 8]",0.005,0.011,0.0,0.02,0.0,0.001,969.935,1097.834,1.003
"K_uu_weight[42, 9]",0.007,0.013,0.0,0.026,0.0,0.001,969.126,1097.834,1.003
"K_uu_weight[42, 10]",0.008,0.016,0.0,0.034,0.0,0.001,969.399,1060.73,1.003
"K_uu_weight[42, 11]",0.011,0.019,0.0,0.043,0.001,0.001,969.368,1060.73,1.003
"K_uu_weight[42, 12]",0.014,0.024,0.0,0.054,0.001,0.002,969.268,1060.506,1.002
"K_uu_weight[42, 13]",0.018,0.029,0.0,0.066,0.001,0.002,970.041,1060.506,1.002
"K_uu_weight[42, 14]",0.023,0.034,0.0,0.082,0.001,0.002,971.629,1060.506,1.002
"K_uu_weight[42, 15]",0.029,0.041,0.0,0.101,0.001,0.002,973.574,1060.506,1.002
"K_uu_weight[42, 16]",0.036,0.049,0.0,0.123,0.001,0.003,975.369,1083.791,1.002
"K_uu_weight[42, 17]",0.045,0.057,0.0,0.148,0.002,0.003,979.245,1081.93,1.002
"K_uu_weight[42, 18]",0.056,0.067,0.0,0.177,0.002,0.003,983.03,1115.398,1.002
"K_uu_weight[42, 19]",0.069,0.079,0.0,0.213,0.002,0.004,988.018,1115.398,1.002
"K_uu_weight[42, 20]",0.084,0.091,0.0,0.25,0.003,0.004,994.02,1207.162,1.002
"K_uu_weight[42, 21]",0.103,0.105,0.0,0.294,0.003,0.004,1000.3,1231.35,1.002
"K_uu_weight[42, 22]",0.125,0.12,0.0,0.342,0.004,0.005,1007.441,1228.555,1.002
"K_uu_weight[42, 23]",0.151,0.137,0.0,0.398,0.004,0.005,1015.594,1252.581,1.002
"K_uu_weight[42, 24]",0.18,0.155,0.0,0.458,0.005,0.006,1029.035,1224.009,1.002
"K_uu_weight[42, 25]",0.214,0.173,0.004,0.53,0.005,0.006,1044.402,1270.623,1.001
"K_uu_weight[42, 26]",0.252,0.193,0.006,0.595,0.006,0.007,1061.226,1321.641,1.001
"K_uu_weight[42, 27]",0.295,0.214,0.012,0.679,0.006,0.007,1083.999,1406.558,1.001
"K_uu_weight[42, 28]",0.342,0.235,0.023,0.765,0.007,0.008,1115.048,1301.002,1.001
"K_uu_weight[42, 29]",0.393,0.256,0.037,0.851,0.007,0.008,1143.81,1450.508,1.001
"K_uu_weight[42, 30]",0.449,0.277,0.053,0.943,0.008,0.009,1175.717,1451.542,1.0
"K_uu_weight[42, 31]",0.508,0.298,0.111,1.078,0.008,0.009,1219.146,1445.164,1.0
"K_uu_weight[42, 32]",0.569,0.319,0.127,1.162,0.009,0.01,1267.754,1493.448,1.0
"K_uu_weight[42, 33]",0.632,0.339,0.163,1.252,0.009,0.01,1322.543,1539.029,1.0
"K_uu_weight[42, 34]",0.694,0.358,0.199,1.365,0.01,0.011,1386.339,1548.452,0.999
"K_uu_weight[42, 35]",0.755,0.376,0.21,1.432,0.01,0.011,1446.297,1524.163,1.0
"K_uu_weight[42, 36]",0.813,0.393,0.259,1.529,0.01,0.012,1499.976,1523.757,1.0
"K_uu_weight[42, 37]",0.866,0.408,0.282,1.605,0.01,0.012,1531.753,1524.009,1.0
"K_uu_weight[42, 38]",0.913,0.422,0.273,1.644,0.011,0.012,1553.645,1524.009,1.0
"K_uu_weight[42, 39]",0.951,0.433,0.289,1.699,0.011,0.013,1569.425,1500.248,0.999
"K_uu_weight[42, 40]",0.979,0.441,0.32,1.763,0.011,0.013,1579.754,1523.932,1.0
"K_uu_weight[42, 41]",0.996,0.446,0.326,1.791,0.011,0.013,1585.553,1523.932,1.0
"K_uu_weight[42, 42]",1.002,0.448,0.332,1.805,0.011,0.013,1587.497,1523.932,1.0
"K_uu_weight[42, 43]",0.996,0.446,0.326,1.791,0.011,0.013,1585.553,1523.932,1.0
"K_uu_weight[42, 44]",0.979,0.441,0.32,1.763,0.011,0.013,1579.754,1523.932,1.0
"K_uu_weight[42, 45]",0.951,0.433,0.289,1.699,0.011,0.013,1569.425,1500.248,0.999
"K_uu_weight[42, 46]",0.913,0.422,0.273,1.644,0.011,0.012,1553.645,1524.009,1.0
"K_uu_weight[42, 47]",0.866,0.408,0.282,1.605,0.01,0.012,1531.753,1524.009,1.0
"K_uu_weight[42, 48]",0.813,0.393,0.259,1.529,0.01,0.012,1499.976,1523.757,1.0
"K_uu_weight[42, 49]",0.755,0.376,0.21,1.432,0.01,0.011,1446.297,1524.163,1.0
"K_uu_weight[43, 0]",0.0,0.001,0.0,0.002,0.0,0.0,973.22,1072.619,1.003
"K_uu_weight[43, 1]",0.001,0.002,0.0,0.002,0.0,0.0,973.183,1072.619,1.003
"K_uu_weight[43, 2]",0.001,0.002,0.0,0.003,0.0,0.0,972.335,1097.214,1.003
"K_uu_weight[43, 3]",0.001,0.003,0.0,0.004,0.0,0.0,971.981,1123.149,1.003
"K_uu_weight[43, 4]",0.001,0.004,0.0,0.005,0.0,0.0,972.212,1123.149,1.003
"K_uu_weight[43, 5]",0.002,0.004,0.0,0.007,0.0,0.0,971.489,1123.149,1.003
"K_uu_weight[43, 6]",0.002,0.006,0.0,0.009,0.0,0.001,970.506,1123.149,1.003
"K_uu_weight[43, 7]",0.003,0.007,0.0,0.012,0.0,0.001,971.177,1097.391,1.003
"K_uu_weight[43, 8]",0.004,0.009,0.0,0.016,0.0,0.001,971.118,1097.391,1.003
"K_uu_weight[43, 9]",0.005,0.011,0.0,0.02,0.0,0.001,969.935,1097.834,1.003
"K_uu_weight[43, 10]",0.007,0.013,0.0,0.026,0.0,0.001,969.126,1097.834,1.003
"K_uu_weight[43, 11]",0.008,0.016,0.0,0.034,0.0,0.001,969.399,1060.73,1.003
"K_uu_weight[43, 12]",0.011,0.019,0.0,0.043,0.001,0.001,969.368,1060.73,1.003
"K_uu_weight[43, 13]",0.014,0.024,0.0,0.054,0.001,0.002,969.268,1060.506,1.002
"K_uu_weight[43, 14]",0.018,0.029,0.0,0.066,0.001,0.002,970.041,1060.506,1.002
"K_uu_weight[43, 15]",0.023,0.034,0.0,0.082,0.001,0.002,971.629,1060.506,1.002
"K_uu_weight[43, 16]",0.029,0.041,0.0,0.101,0.001,0.002,973.574,1060.506,1.002
"K_uu_weight[43, 17]",0.036,0.049,0.0,0.123,0.001,0.003,975.369,1083.791,1.002
"K_uu_weight[43, 18]",0.045,0.057,0.0,0.148,0.002,0.003,979.245,1081.93,1.002
"K_uu_weight[43, 19]",0.056,0.067,0.0,0.177,0.002,0.003,983.03,1115.398,1.002
"K_uu_weight[43, 20]",0.069,0.079,0.0,0.213,0.002,0.004,988.018,1115.398,1.002
"K_uu_weight[43, 21]",0.084,0.091,0.0,0.25,0.003,0.004,994.02,1207.162,1.002
"K_uu_weight[43, 22]",0.103,0.105,0.0,0.294,0.003,0.004,1000.3,1231.35,1.002
"K_uu_weight[43, 23]",0.125,0.12,0.0,0.342,0.004,0.005,1007.441,1228.555,1.002
"K_uu_weight[43, 24]",0.151,0.137,0.0,0.398,0.004,0.005,1015.594,1252.581,1.002
"K_uu_weight[43, 25]",0.18,0.155,0.0,0.458,0.005,0.006,1029.035,1224.009,1.002
"K_uu_weight[43, 26]",0.214,0.173,0.004,0.53,0.005,0.006,1044.402,1270.623,1.001
"K_uu_weight[43, 27]",0.252,0.193,0.006,0.595,0.006,0.007,1061.226,1321.641,1.001
"K_uu_weight[43, 28]",0.295,0.214,0.012,0.679,0.006,0.007,1083.999,1406.558,1.001
"K_uu_weight[43, 29]",0.342,0.235,0.023,0.765,0.007,0.008,1115.048,1301.002,1.001
"K_uu_weight[43, 30]",0.393,0.256,0.037,0.851,0.007,0.008,1143.81,1450.508,1.001
"K_uu_weight[43, 31]",0.449,0.277,0.053,0.943,0.008,0.009,1175.717,1451.542,1.0
"K_uu_weight[43, 32]",0.508,0.298,0.111,1.078,0.008,0.009,1219.146,1445.164,1.0
"K_uu_weight[43, 33]",0.569,0.319,0.127,1.162,0.009,0.01,1267.754,1493.448,1.0
"K_uu_weight[43, 34]",0.632,0.339,0.163,1.252,0.009,0.01,1322.543,1539.029,1.0
"K_uu_weight[43, 35]",0.694,0.358,0.199,1.365,0.01,0.011,1386.339,1548.452,0.999
"K_uu_weight[43, 36]",0.755,0.376,0.21,1.432,0.01,0.011,1446.297,1524.163,1.0
"K_uu_weight[43, 37]",0.813,0.393,0.259,1.529,0.01,0.012,1499.976,1523.757,1.0
"K_uu_weight[43, 38]",0.866,0.408,0.282,1.605,0.01,0.012,1531.753,1524.009,1.0
"K_uu_weight[43, 39]",0.913,0.422,0.273,1.644,0.011,0.012,1553.645,1524.009,1.0
"K_uu_weight[43, 40]",0.951,0.433,0.289,1.699,0.011,0.013,1569.425,1500.248,0.999
"K_uu_weight[43, 41]",0.979,0.441,0.32,1.763,0.011,0.013,1579.754,1523.932,1.0
"K_uu_weight[43, 42]",0.996,0.446,0.326,1.791,0.011,0.013,1585.553,1523.932,1.0
"K_uu_weight[43, 43]",1.002,0.448,0.332,1.805,0.011,0.013,1587.497,1523.932,1.0
"K_uu_weight[43, 44]",0.996,0.446,0.326,1.791,0.011,0.013,1585.553,1523.932,1.0
"K_uu_weight[43, 45]",0.979,0.441,0.32,1.763,0.011,0.013,1579.754,1523.932,1.0
"K_uu_weight[43, 46]",0.951,0.433,0.289,1.699,0.011,0.013,1569.425,1500.248,0.999
"K_uu_weight[43, 47]",0.913,0.422,0.273,1.644,0.011,0.012,1553.645,1524.009,1.0
"K_uu_weight[43, 48]",0.866,0.408,0.282,1.605,0.01,0.012,1531.753,1524.009,1.0
"K_uu_weight[43, 49]",0.813,0.393,0.259,1.529,0.01,0.012,1499.976,1523.757,1.0
"K_uu_weight[44, 0]",0.0,0.001,0.0,0.001,0.0,0.0,974.152,1072.619,1.003
"K_uu_weight[44, 1]",0.0,0.001,0.0,0.002,0.0,0.0,973.22,1072.619,1.003
"K_uu_weight[44, 2]",0.001,0.002,0.0,0.002,0.0,0.0,973.183,1072.619,1.003
"K_uu_weight[44, 3]",0.001,0.002,0.0,0.003,0.0,0.0,972.335,1097.214,1.003
"K_uu_weight[44, 4]",0.001,0.003,0.0,0.004,0.0,0.0,971.981,1123.149,1.003
"K_uu_weight[44, 5]",0.001,0.004,0.0,0.005,0.0,0.0,972.212,1123.149,1.003
"K_uu_weight[44, 6]",0.002,0.004,0.0,0.007,0.0,0.0,971.489,1123.149,1.003
"K_uu_weight[44, 7]",0.002,0.006,0.0,0.009,0.0,0.001,970.506,1123.149,1.003
"K_uu_weight[44, 8]",0.003,0.007,0.0,0.012,0.0,0.001,971.177,1097.391,1.003
"K_uu_weight[44, 9]",0.004,0.009,0.0,0.016,0.0,0.001,971.118,1097.391,1.003
"K_uu_weight[44, 10]",0.005,0.011,0.0,0.02,0.0,0.001,969.935,1097.834,1.003
"K_uu_weight[44, 11]",0.007,0.013,0.0,0.026,0.0,0.001,969.126,1097.834,1.003
"K_uu_weight[44, 12]",0.008,0.016,0.0,0.034,0.0,0.001,969.399,1060.73,1.003
"K_uu_weight[44, 13]",0.011,0.019,0.0,0.043,0.001,0.001,969.368,1060.73,1.003
"K_uu_weight[44, 14]",0.014,0.024,0.0,0.054,0.001,0.002,969.268,1060.506,1.002
"K_uu_weight[44, 15]",0.018,0.029,0.0,0.066,0.001,0.002,970.041,1060.506,1.002
"K_uu_weight[44, 16]",0.023,0.034,0.0,0.082,0.001,0.002,971.629,1060.506,1.002
"K_uu_weight[44, 17]",0.029,0.041,0.0,0.101,0.001,0.002,973.574,1060.506,1.002
"K_uu_weight[44, 18]",0.036,0.049,0.0,0.123,0.001,0.003,975.369,1083.791,1.002
"K_uu_weight[44, 19]",0.045,0.057,0.0,0.148,0.002,0.003,979.245,1081.93,1.002
"K_uu_weight[44, 20]",0.056,0.067,0.0,0.177,0.002,0.003,983.03,1115.398,1.002
"K_uu_weight[44, 21]",0.069,0.079,0.0,0.213,0.002,0.004,988.018,1115.398,1.002
"K_uu_weight[44, 22]",0.084,0.091,0.0,0.25,0.003,0.004,994.02,1207.162,1.002
"K_uu_weight[44, 23]",0.103,0.105,0.0,0.294,0.003,0.004,1000.3,1231.35,1.002
"K_uu_weight[44, 24]",0.125,0.12,0.0,0.342,0.004,0.005,1007.441,1228.555,1.002
"K_uu_weight[44, 25]",0.151,0.137,0.0,0.398,0.004,0.005,1015.594,1252.581,1.002
"K_uu_weight[44, 26]",0.18,0.155,0.0,0.458,0.005,0.006,1029.035,1224.009,1.002
"K_uu_weight[44, 27]",0.214,0.173,0.004,0.53,0.005,0.006,1044.402,1270.623,1.001
"K_uu_weight[44, 28]",0.252,0.193,0.006,0.595,0.006,0.007,1061.226,1321.641,1.001
"K_uu_weight[44, 29]",0.295,0.214,0.012,0.679,0.006,0.007,1083.999,1406.558,1.001
"K_uu_weight[44, 30]",0.342,0.235,0.023,0.765,0.007,0.008,1115.048,1301.002,1.001
"K_uu_weight[44, 31]",0.393,0.256,0.037,0.851,0.007,0.008,1143.81,1450.508,1.001
"K_uu_weight[44, 32]",0.449,0.277,0.053,0.943,0.008,0.009,1175.717,1451.542,1.0
"K_uu_weight[44, 33]",0.508,0.298,0.111,1.078,0.008,0.009,1219.146,1445.164,1.0
"K_uu_weight[44, 34]",0.569,0.319,0.127,1.162,0.009,0.01,1267.754,1493.448,1.0
"K_uu_weight[44, 35]",0.632,0.339,0.163,1.252,0.009,0.01,1322.543,1539.029,1.0
"K_uu_weight[44, 36]",0.694,0.358,0.199,1.365,0.01,0.011,1386.339,1548.452,0.999
"K_uu_weight[44, 37]",0.755,0.376,0.21,1.432,0.01,0.011,1446.297,1524.163,1.0
"K_uu_weight[44, 38]",0.813,0.393,0.259,1.529,0.01,0.012,1499.976,1523.757,1.0
"K_uu_weight[44, 39]",0.866,0.408,0.282,1.605,0.01,0.012,1531.753,1524.009,1.0
"K_uu_weight[44, 40]",0.913,0.422,0.273,1.644,0.011,0.012,1553.645,1524.009,1.0
"K_uu_weight[44, 41]",0.951,0.433,0.289,1.699,0.011,0.013,1569.425,1500.248,0.999
"K_uu_weight[44, 42]",0.979,0.441,0.32,1.763,0.011,0.013,1579.754,1523.932,1.0
"K_uu_weight[44, 43]",0.996,0.446,0.326,1.791,0.011,0.013,1585.553,1523.932,1.0
"K_uu_weight[44, 44]",1.002,0.448,0.332,1.805,0.011,0.013,1587.497,1523.932,1.0
"K_uu_weight[44, 45]",0.996,0.446,0.326,1.791,0.011,0.013,1585.553,1523.932,1.0
"K_uu_weight[44, 46]",0.979,0.441,0.32,1.763,0.011,0.013,1579.754,1523.932,1.0
"K_uu_weight[44, 47]",0.951,0.433,0.289,1.699,0.011,0.013,1569.425,1500.248,0.999
"K_uu_weight[44, 48]",0.913,0.422,0.273,1.644,0.011,0.012,1553.645,1524.009,1.0
"K_uu_weight[44, 49]",0.866,0.408,0.282,1.605,0.01,0.012,1531.753,1524.009,1.0
"K_uu_weight[45, 0]",0.0,0.001,0.0,0.001,0.0,0.0,973.857,1072.619,1.003
"K_uu_weight[45, 1]",0.0,0.001,0.0,0.001,0.0,0.0,974.152,1072.619,1.003
"K_uu_weight[45, 2]",0.0,0.001,0.0,0.002,0.0,0.0,973.22,1072.619,1.003
"K_uu_weight[45, 3]",0.001,0.002,0.0,0.002,0.0,0.0,973.183,1072.619,1.003
"K_uu_weight[45, 4]",0.001,0.002,0.0,0.003,0.0,0.0,972.335,1097.214,1.003
"K_uu_weight[45, 5]",0.001,0.003,0.0,0.004,0.0,0.0,971.981,1123.149,1.003
"K_uu_weight[45, 6]",0.001,0.004,0.0,0.005,0.0,0.0,972.212,1123.149,1.003
"K_uu_weight[45, 7]",0.002,0.004,0.0,0.007,0.0,0.0,971.489,1123.149,1.003
"K_uu_weight[45, 8]",0.002,0.006,0.0,0.009,0.0,0.001,970.506,1123.149,1.003
"K_uu_weight[45, 9]",0.003,0.007,0.0,0.012,0.0,0.001,971.177,1097.391,1.003
"K_uu_weight[45, 10]",0.004,0.009,0.0,0.016,0.0,0.001,971.118,1097.391,1.003
"K_uu_weight[45, 11]",0.005,0.011,0.0,0.02,0.0,0.001,969.935,1097.834,1.003
"K_uu_weight[45, 12]",0.007,0.013,0.0,0.026,0.0,0.001,969.126,1097.834,1.003
"K_uu_weight[45, 13]",0.008,0.016,0.0,0.034,0.0,0.001,969.399,1060.73,1.003
"K_uu_weight[45, 14]",0.011,0.019,0.0,0.043,0.001,0.001,969.368,1060.73,1.003
"K_uu_weight[45, 15]",0.014,0.024,0.0,0.054,0.001,0.002,969.268,1060.506,1.002
"K_uu_weight[45, 16]",0.018,0.029,0.0,0.066,0.001,0.002,970.041,1060.506,1.002
"K_uu_weight[45, 17]",0.023,0.034,0.0,0.082,0.001,0.002,971.629,1060.506,1.002
"K_uu_weight[45, 18]",0.029,0.041,0.0,0.101,0.001,0.002,973.574,1060.506,1.002
"K_uu_weight[45, 19]",0.036,0.049,0.0,0.123,0.001,0.003,975.369,1083.791,1.002
"K_uu_weight[45, 20]",0.045,0.057,0.0,0.148,0.002,0.003,979.245,1081.93,1.002
"K_uu_weight[45, 21]",0.056,0.067,0.0,0.177,0.002,0.003,983.03,1115.398,1.002
"K_uu_weight[45, 22]",0.069,0.079,0.0,0.213,0.002,0.004,988.018,1115.398,1.002
"K_uu_weight[45, 23]",0.084,0.091,0.0,0.25,0.003,0.004,994.02,1207.162,1.002
"K_uu_weight[45, 24]",0.103,0.105,0.0,0.294,0.003,0.004,1000.3,1231.35,1.002
"K_uu_weight[45, 25]",0.125,0.12,0.0,0.342,0.004,0.005,1007.441,1228.555,1.002
"K_uu_weight[45, 26]",0.151,0.137,0.0,0.398,0.004,0.005,1015.594,1252.581,1.002
"K_uu_weight[45, 27]",0.18,0.155,0.0,0.458,0.005,0.006,1029.035,1224.009,1.002
"K_uu_weight[45, 28]",0.214,0.173,0.004,0.53,0.005,0.006,1044.402,1270.623,1.001
"K_uu_weight[45, 29]",0.252,0.193,0.006,0.595,0.006,0.007,1061.226,1321.641,1.001
"K_uu_weight[45, 30]",0.295,0.214,0.012,0.679,0.006,0.007,1083.999,1406.558,1.001
"K_uu_weight[45, 31]",0.342,0.235,0.023,0.765,0.007,0.008,1115.048,1301.002,1.001
"K_uu_weight[45, 32]",0.393,0.256,0.037,0.851,0.007,0.008,1143.81,1450.508,1.001
"K_uu_weight[45, 33]",0.449,0.277,0.053,0.943,0.008,0.009,1175.717,1451.542,1.0
"K_uu_weight[45, 34]",0.508,0.298,0.111,1.078,0.008,0.009,1219.146,1445.164,1.0
"K_uu_weight[45, 35]",0.569,0.319,0.127,1.162,0.009,0.01,1267.754,1493.448,1.0
"K_uu_weight[45, 36]",0.632,0.339,0.163,1.252,0.009,0.01,1322.543,1539.029,1.0
"K_uu_weight[45, 37]",0.694,0.358,0.199,1.365,0.01,0.011,1386.339,1548.452,0.999
"K_uu_weight[45, 38]",0.755,0.376,0.21,1.432,0.01,0.011,1446.297,1524.163,1.0
"K_uu_weight[45, 39]",0.813,0.393,0.259,1.529,0.01,0.012,1499.976,1523.757,1.0
"K_uu_weight[45, 40]",0.866,0.408,0.282,1.605,0.01,0.012,1531.753,1524.009,1.0
"K_uu_weight[45, 41]",0.913,0.422,0.273,1.644,0.011,0.012,1553.645,1524.009,1.0
"K_uu_weight[45, 42]",0.951,0.433,0.289,1.699,0.011,0.013,1569.425,1500.248,0.999
"K_uu_weight[45, 43]",0.979,0.441,0.32,1.763,0.011,0.013,1579.754,1523.932,1.0
"K_uu_weight[45, 44]",0.996,0.446,0.326,1.791,0.011,0.013,1585.553,1523.932,1.0
"K_uu_weight[45, 45]",1.002,0.448,0.332,1.805,0.011,0.013,1587.497,1523.932,1.0
"K_uu_weight[45, 46]",0.996,0.446,0.326,1.791,0.011,0.013,1585.553,1523.932,1.0
"K_uu_weight[45, 47]",0.979,0.441,0.32,1.763,0.011,0.013,1579.754,1523.932,1.0
"K_uu_weight[45, 48]",0.951,0.433,0.289,1.699,0.011,0.013,1569.425,1500.248,0.999
"K_uu_weight[45, 49]",0.913,0.422,0.273,1.644,0.011,0.012,1553.645,1524.009,1.0
"K_uu_weight[46, 0]",0.0,0.001,0.0,0.001,0.0,0.0,973.531,1072.619,1.003
"K_uu_weight[46, 1]",0.0,0.001,0.0,0.001,0.0,0.0,973.857,1072.619,1.003
"K_uu_weight[46, 2]",0.0,0.001,0.0,0.001,0.0,0.0,974.152,1072.619,1.003
"K_uu_weight[46, 3]",0.0,0.001,0.0,0.002,0.0,0.0,973.22,1072.619,1.003
"K_uu_weight[46, 4]",0.001,0.002,0.0,0.002,0.0,0.0,973.183,1072.619,1.003
"K_uu_weight[46, 5]",0.001,0.002,0.0,0.003,0.0,0.0,972.335,1097.214,1.003
"K_uu_weight[46, 6]",0.001,0.003,0.0,0.004,0.0,0.0,971.981,1123.149,1.003
"K_uu_weight[46, 7]",0.001,0.004,0.0,0.005,0.0,0.0,972.212,1123.149,1.003
"K_uu_weight[46, 8]",0.002,0.004,0.0,0.007,0.0,0.0,971.489,1123.149,1.003
"K_uu_weight[46, 9]",0.002,0.006,0.0,0.009,0.0,0.001,970.506,1123.149,1.003
"K_uu_weight[46, 10]",0.003,0.007,0.0,0.012,0.0,0.001,971.177,1097.391,1.003
"K_uu_weight[46, 11]",0.004,0.009,0.0,0.016,0.0,0.001,971.118,1097.391,1.003
"K_uu_weight[46, 12]",0.005,0.011,0.0,0.02,0.0,0.001,969.935,1097.834,1.003
"K_uu_weight[46, 13]",0.007,0.013,0.0,0.026,0.0,0.001,969.126,1097.834,1.003
"K_uu_weight[46, 14]",0.008,0.016,0.0,0.034,0.0,0.001,969.399,1060.73,1.003
"K_uu_weight[46, 15]",0.011,0.019,0.0,0.043,0.001,0.001,969.368,1060.73,1.003
"K_uu_weight[46, 16]",0.014,0.024,0.0,0.054,0.001,0.002,969.268,1060.506,1.002
"K_uu_weight[46, 17]",0.018,0.029,0.0,0.066,0.001,0.002,970.041,1060.506,1.002
"K_uu_weight[46, 18]",0.023,0.034,0.0,0.082,0.001,0.002,971.629,1060.506,1.002
"K_uu_weight[46, 19]",0.029,0.041,0.0,0.101,0.001,0.002,973.574,1060.506,1.002
"K_uu_weight[46, 20]",0.036,0.049,0.0,0.123,0.001,0.003,975.369,1083.791,1.002
"K_uu_weight[46, 21]",0.045,0.057,0.0,0.148,0.002,0.003,979.245,1081.93,1.002
"K_uu_weight[46, 22]",0.056,0.067,0.0,0.177,0.002,0.003,983.03,1115.398,1.002
"K_uu_weight[46, 23]",0.069,0.079,0.0,0.213,0.002,0.004,988.018,1115.398,1.002
"K_uu_weight[46, 24]",0.084,0.091,0.0,0.25,0.003,0.004,994.02,1207.162,1.002
"K_uu_weight[46, 25]",0.103,0.105,0.0,0.294,0.003,0.004,1000.3,1231.35,1.002
"K_uu_weight[46, 26]",0.125,0.12,0.0,0.342,0.004,0.005,1007.441,1228.555,1.002
"K_uu_weight[46, 27]",0.151,0.137,0.0,0.398,0.004,0.005,1015.594,1252.581,1.002
"K_uu_weight[46, 28]",0.18,0.155,0.0,0.458,0.005,0.006,1029.035,1224.009,1.002
"K_uu_weight[46, 29]",0.214,0.173,0.004,0.53,0.005,0.006,1044.402,1270.623,1.001
"K_uu_weight[46, 30]",0.252,0.193,0.006,0.595,0.006,0.007,1061.226,1321.641,1.001
"K_uu_weight[46, 31]",0.295,0.214,0.012,0.679,0.006,0.007,1083.999,1406.558,1.001
"K_uu_weight[46, 32]",0.342,0.235,0.023,0.765,0.007,0.008,1115.048,1301.002,1.001
"K_uu_weight[46, 33]",0.393,0.256,0.037,0.851,0.007,0.008,1143.81,1450.508,1.001
"K_uu_weight[46, 34]",0.449,0.277,0.053,0.943,0.008,0.009,1175.717,1451.542,1.0
"K_uu_weight[46, 35]",0.508,0.298,0.111,1.078,0.008,0.009,1219.146,1445.164,1.0
"K_uu_weight[46, 36]",0.569,0.319,0.127,1.162,0.009,0.01,1267.754,1493.448,1.0
"K_uu_weight[46, 37]",0.632,0.339,0.163,1.252,0.009,0.01,1322.543,1539.029,1.0
"K_uu_weight[46, 38]",0.694,0.358,0.199,1.365,0.01,0.011,1386.339,1548.452,0.999
"K_uu_weight[46, 39]",0.755,0.376,0.21,1.432,0.01,0.011,1446.297,1524.163,1.0
"K_uu_weight[46, 40]",0.813,0.393,0.259,1.529,0.01,0.012,1499.976,1523.757,1.0
"K_uu_weight[46, 41]",0.866,0.408,0.282,1.605,0.01,0.012,1531.753,1524.009,1.0
"K_uu_weight[46, 42]",0.913,0.422,0.273,1.644,0.011,0.012,1553.645,1524.009,1.0
"K_uu_weight[46, 43]",0.951,0.433,0.289,1.699,0.011,0.013,1569.425,1500.248,0.999
"K_uu_weight[46, 44]",0.979,0.441,0.32,1.763,0.011,0.013,1579.754,1523.932,1.0
"K_uu_weight[46, 45]",0.996,0.446,0.326,1.791,0.011,0.013,1585.553,1523.932,1.0
"K_uu_weight[46, 46]",1.002,0.448,0.332,1.805,0.011,0.013,1587.497,1523.932,1.0
"K_uu_weight[46, 47]",0.996,0.446,0.326,1.791,0.011,0.013,1585.553,1523.932,1.0
"K_uu_weight[46, 48]",0.979,0.441,0.32,1.763,0.011,0.013,1579.754,1523.932,1.0
"K_uu_weight[46, 49]",0.951,0.433,0.289,1.699,0.011,0.013,1569.425,1500.248,0.999
"K_uu_weight[47, 0]",0.0,0.0,0.0,0.0,0.0,0.0,973.72,1072.619,1.003
"K_uu_weight[47, 1]",0.0,0.001,0.0,0.001,0.0,0.0,973.531,1072.619,1.003
"K_uu_weight[47, 2]",0.0,0.001,0.0,0.001,0.0,0.0,973.857,1072.619,1.003
"K_uu_weight[47, 3]",0.0,0.001,0.0,0.001,0.0,0.0,974.152,1072.619,1.003
"K_uu_weight[47, 4]",0.0,0.001,0.0,0.002,0.0,0.0,973.22,1072.619,1.003
"K_uu_weight[47, 5]",0.001,0.002,0.0,0.002,0.0,0.0,973.183,1072.619,1.003
"K_uu_weight[47, 6]",0.001,0.002,0.0,0.003,0.0,0.0,972.335,1097.214,1.003
"K_uu_weight[47, 7]",0.001,0.003,0.0,0.004,0.0,0.0,971.981,1123.149,1.003
"K_uu_weight[47, 8]",0.001,0.004,0.0,0.005,0.0,0.0,972.212,1123.149,1.003
"K_uu_weight[47, 9]",0.002,0.004,0.0,0.007,0.0,0.0,971.489,1123.149,1.003
"K_uu_weight[47, 10]",0.002,0.006,0.0,0.009,0.0,0.001,970.506,1123.149,1.003
"K_uu_weight[47, 11]",0.003,0.007,0.0,0.012,0.0,0.001,971.177,1097.391,1.003
"K_uu_weight[47, 12]",0.004,0.009,0.0,0.016,0.0,0.001,971.118,1097.391,1.003
"K_uu_weight[47, 13]",0.005,0.011,0.0,0.02,0.0,0.001,969.935,1097.834,1.003
"K_uu_weight[47, 14]",0.007,0.013,0.0,0.026,0.0,0.001,969.126,1097.834,1.003
"K_uu_weight[47, 15]",0.008,0.016,0.0,0.034,0.0,0.001,969.399,1060.73,1.003
"K_uu_weight[47, 16]",0.011,0.019,0.0,0.043,0.001,0.001,969.368,1060.73,1.003
"K_uu_weight[47, 17]",0.014,0.024,0.0,0.054,0.001,0.002,969.268,1060.506,1.002
"K_uu_weight[47, 18]",0.018,0.029,0.0,0.066,0.001,0.002,970.041,1060.506,1.002
"K_uu_weight[47, 19]",0.023,0.034,0.0,0.082,0.001,0.002,971.629,1060.506,1.002
"K_uu_weight[47, 20]",0.029,0.041,0.0,0.101,0.001,0.002,973.574,1060.506,1.002
"K_uu_weight[47, 21]",0.036,0.049,0.0,0.123,0.001,0.003,975.369,1083.791,1.002
"K_uu_weight[47, 22]",0.045,0.057,0.0,0.148,0.002,0.003,979.245,1081.93,1.002
"K_uu_weight[47, 23]",0.056,0.067,0.0,0.177,0.002,0.003,983.03,1115.398,1.002
"K_uu_weight[47, 24]",0.069,0.079,0.0,0.213,0.002,0.004,988.018,1115.398,1.002
"K_uu_weight[47, 25]",0.084,0.091,0.0,0.25,0.003,0.004,994.02,1207.162,1.002
"K_uu_weight[47, 26]",0.103,0.105,0.0,0.294,0.003,0.004,1000.3,1231.35,1.002
"K_uu_weight[47, 27]",0.125,0.12,0.0,0.342,0.004,0.005,1007.441,1228.555,1.002
"K_uu_weight[47, 28]",0.151,0.137,0.0,0.398,0.004,0.005,1015.594,1252.581,1.002
"K_uu_weight[47, 29]",0.18,0.155,0.0,0.458,0.005,0.006,1029.035,1224.009,1.002
"K_uu_weight[47, 30]",0.214,0.173,0.004,0.53,0.005,0.006,1044.402,1270.623,1.001
"K_uu_weight[47, 31]",0.252,0.193,0.006,0.595,0.006,0.007,1061.226,1321.641,1.001
"K_uu_weight[47, 32]",0.295,0.214,0.012,0.679,0.006,0.007,1083.999,1406.558,1.001
"K_uu_weight[47, 33]",0.342,0.235,0.023,0.765,0.007,0.008,1115.048,1301.002,1.001
"K_uu_weight[47, 34]",0.393,0.256,0.037,0.851,0.007,0.008,1143.81,1450.508,1.001
"K_uu_weight[47, 35]",0.449,0.277,0.053,0.943,0.008,0.009,1175.717,1451.542,1.0
"K_uu_weight[47, 36]",0.508,0.298,0.111,1.078,0.008,0.009,1219.146,1445.164,1.0
"K_uu_weight[47, 37]",0.569,0.319,0.127,1.162,0.009,0.01,1267.754,1493.448,1.0
"K_uu_weight[47, 38]",0.632,0.339,0.163,1.252,0.009,0.01,1322.543,1539.029,1.0
"K_uu_weight[47, 39]",0.694,0.358,0.199,1.365,0.01,0.011,1386.339,1548.452,0.999
"K_uu_weight[47, 40]",0.755,0.376,0.21,1.432,0.01,0.011,1446.297,1524.163,1.0
"K_uu_weight[47, 41]",0.813,0.393,0.259,1.529,0.01,0.012,1499.976,1523.757,1.0
"K_uu_weight[47, 42]",0.866,0.408,0.282,1.605,0.01,0.012,1531.753,1524.009,1.0
"K_uu_weight[47, 43]",0.913,0.422,0.273,1.644,0.011,0.012,1553.645,1524.009,1.0
"K_uu_weight[47, 44]",0.951,0.433,0.289,1.699,0.011,0.013,1569.425,1500.248,0.999
"K_uu_weight[47, 45]",0.979,0.441,0.32,1.763,0.011,0.013,1579.754,1523.932,1.0
"K_uu_weight[47, 46]",0.996,0.446,0.326,1.791,0.011,0.013,1585.553,1523.932,1.0
"K_uu_weight[47, 47]",1.002,0.448,0.332,1.805,0.011,0.013,1587.497,1523.932,1.0
"K_uu_weight[47, 48]",0.996,0.446,0.326,1.791,0.011,0.013,1585.553,1523.932,1.0
"K_uu_weight[47, 49]",0.979,0.441,0.32,1.763,0.011,0.013,1579.754,1523.932,1.0
"K_uu_weight[48, 0]",0.0,0.0,0.0,0.0,0.0,0.0,974.287,1072.619,1.003
"K_uu_weight[48, 1]",0.0,0.0,0.0,0.0,0.0,0.0,973.72,1072.619,1.003
"K_uu_weight[48, 2]",0.0,0.001,0.0,0.001,0.0,0.0,973.531,1072.619,1.003
"K_uu_weight[48, 3]",0.0,0.001,0.0,0.001,0.0,0.0,973.857,1072.619,1.003
"K_uu_weight[48, 4]",0.0,0.001,0.0,0.001,0.0,0.0,974.152,1072.619,1.003
"K_uu_weight[48, 5]",0.0,0.001,0.0,0.002,0.0,0.0,973.22,1072.619,1.003
"K_uu_weight[48, 6]",0.001,0.002,0.0,0.002,0.0,0.0,973.183,1072.619,1.003
"K_uu_weight[48, 7]",0.001,0.002,0.0,0.003,0.0,0.0,972.335,1097.214,1.003
"K_uu_weight[48, 8]",0.001,0.003,0.0,0.004,0.0,0.0,971.981,1123.149,1.003
"K_uu_weight[48, 9]",0.001,0.004,0.0,0.005,0.0,0.0,972.212,1123.149,1.003
"K_uu_weight[48, 10]",0.002,0.004,0.0,0.007,0.0,0.0,971.489,1123.149,1.003
"K_uu_weight[48, 11]",0.002,0.006,0.0,0.009,0.0,0.001,970.506,1123.149,1.003
"K_uu_weight[48, 12]",0.003,0.007,0.0,0.012,0.0,0.001,971.177,1097.391,1.003
"K_uu_weight[48, 13]",0.004,0.009,0.0,0.016,0.0,0.001,971.118,1097.391,1.003
"K_uu_weight[48, 14]",0.005,0.011,0.0,0.02,0.0,0.001,969.935,1097.834,1.003
"K_uu_weight[48, 15]",0.007,0.013,0.0,0.026,0.0,0.001,969.126,1097.834,1.003
"K_uu_weight[48, 16]",0.008,0.016,0.0,0.034,0.0,0.001,969.399,1060.73,1.003
"K_uu_weight[48, 17]",0.011,0.019,0.0,0.043,0.001,0.001,969.368,1060.73,1.003
"K_uu_weight[48, 18]",0.014,0.024,0.0,0.054,0.001,0.002,969.268,1060.506,1.002
"K_uu_weight[48, 19]",0.018,0.029,0.0,0.066,0.001,0.002,970.041,1060.506,1.002
"K_uu_weight[48, 20]",0.023,0.034,0.0,0.082,0.001,0.002,971.629,1060.506,1.002
"K_uu_weight[48, 21]",0.029,0.041,0.0,0.101,0.001,0.002,973.574,1060.506,1.002
"K_uu_weight[48, 22]",0.036,0.049,0.0,0.123,0.001,0.003,975.369,1083.791,1.002
"K_uu_weight[48, 23]",0.045,0.057,0.0,0.148,0.002,0.003,979.245,1081.93,1.002
"K_uu_weight[48, 24]",0.056,0.067,0.0,0.177,0.002,0.003,983.03,1115.398,1.002
"K_uu_weight[48, 25]",0.069,0.079,0.0,0.213,0.002,0.004,988.018,1115.398,1.002
"K_uu_weight[48, 26]",0.084,0.091,0.0,0.25,0.003,0.004,994.02,1207.162,1.002
"K_uu_weight[48, 27]",0.103,0.105,0.0,0.294,0.003,0.004,1000.3,1231.35,1.002
"K_uu_weight[48, 28]",0.125,0.12,0.0,0.342,0.004,0.005,1007.441,1228.555,1.002
"K_uu_weight[48, 29]",0.151,0.137,0.0,0.398,0.004,0.005,1015.594,1252.581,1.002
"K_uu_weight[48, 30]",0.18,0.155,0.0,0.458,0.005,0.006,1029.035,1224.009,1.002
"K_uu_weight[48, 31]",0.214,0.173,0.004,0.53,0.005,0.006,1044.402,1270.623,1.001
"K_uu_weight[48, 32]",0.252,0.193,0.006,0.595,0.006,0.007,1061.226,1321.641,1.001
"K_uu_weight[48, 33]",0.295,0.214,0.012,0.679,0.006,0.007,1083.999,1406.558,1.001
"K_uu_weight[48, 34]",0.342,0.235,0.023,0.765,0.007,0.008,1115.048,1301.002,1.001
"K_uu_weight[48, 35]",0.393,0.256,0.037,0.851,0.007,0.008,1143.81,1450.508,1.001
"K_uu_weight[48, 36]",0.449,0.277,0.053,0.943,0.008,0.009,1175.717,1451.542,1.0
"K_uu_weight[48, 37]",0.508,0.298,0.111,1.078,0.008,0.009,1219.146,1445.164,1.0
"K_uu_weight[48, 38]",0.569,0.319,0.127,1.162,0.009,0.01,1267.754,1493.448,1.0
"K_uu_weight[48, 39]",0.632,0.339,0.163,1.252,0.009,0.01,1322.543,1539.029,1.0
"K_uu_weight[48, 40]",0.694,0.358,0.199,1.365,0.01,0.011,1386.339,1548.452,0.999
"K_uu_weight[48, 41]",0.755,0.376,0.21,1.432,0.01,0.011,1446.297,1524.163,1.0
"K_uu_weight[48, 42]",0.813,0.393,0.259,1.529,0.01,0.012,1499.976,1523.757,1.0
"K_uu_weight[48, 43]",0.866,0.408,0.282,1.605,0.01,0.012,1531.753,1524.009,1.0
"K_uu_weight[48, 44]",0.913,0.422,0.273,1.644,0.011,0.012,1553.645,1524.009,1.0
"K_uu_weight[48, 45]",0.951,0.433,0.289,1.699,0.011,0.013,1569.425,1500.248,0.999
"K_uu_weight[48, 46]",0.979,0.441,0.32,1.763,0.011,0.013,1579.754,1523.932,1.0
"K_uu_weight[48, 47]",0.996,0.446,0.326,1.791,0.011,0.013,1585.553,1523.932,1.0
"K_uu_weight[48, 48]",1.002,0.448,0.332,1.805,0.011,0.013,1587.497,1523.932,1.0
"K_uu_weight[48, 49]",0.996,0.446,0.326,1.791,0.011,0.013,1585.553,1523.932,1.0
"K_uu_weight[49, 0]",0.0,0.0,0.0,0.0,0.0,0.0,975.11,1078.252,1.003
"K_uu_weight[49, 1]",0.0,0.0,0.0,0.0,0.0,0.0,974.287,1072.619,1.003
"K_uu_weight[49, 2]",0.0,0.0,0.0,0.0,0.0,0.0,973.72,1072.619,1.003
"K_uu_weight[49, 3]",0.0,0.001,0.0,0.001,0.0,0.0,973.531,1072.619,1.003
"K_uu_weight[49, 4]",0.0,0.001,0.0,0.001,0.0,0.0,973.857,1072.619,1.003
"K_uu_weight[49, 5]",0.0,0.001,0.0,0.001,0.0,0.0,974.152,1072.619,1.003
"K_uu_weight[49, 6]",0.0,0.001,0.0,0.002,0.0,0.0,973.22,1072.619,1.003
"K_uu_weight[49, 7]",0.001,0.002,0.0,0.002,0.0,0.0,973.183,1072.619,1.003
"K_uu_weight[49, 8]",0.001,0.002,0.0,0.003,0.0,0.0,972.335,1097.214,1.003
"K_uu_weight[49, 9]",0.001,0.003,0.0,0.004,0.0,0.0,971.981,1123.149,1.003
"K_uu_weight[49, 10]",0.001,0.004,0.0,0.005,0.0,0.0,972.212,1123.149,1.003
"K_uu_weight[49, 11]",0.002,0.004,0.0,0.007,0.0,0.0,971.489,1123.149,1.003
"K_uu_weight[49, 12]",0.002,0.006,0.0,0.009,0.0,0.001,970.506,1123.149,1.003
"K_uu_weight[49, 13]",0.003,0.007,0.0,0.012,0.0,0.001,971.177,1097.391,1.003
"K_uu_weight[49, 14]",0.004,0.009,0.0,0.016,0.0,0.001,971.118,1097.391,1.003
"K_uu_weight[49, 15]",0.005,0.011,0.0,0.02,0.0,0.001,969.935,1097.834,1.003
"K_uu_weight[49, 16]",0.007,0.013,0.0,0.026,0.0,0.001,969.126,1097.834,1.003
"K_uu_weight[49, 17]",0.008,0.016,0.0,0.034,0.0,0.001,969.399,1060.73,1.003
"K_uu_weight[49, 18]",0.011,0.019,0.0,0.043,0.001,0.001,969.368,1060.73,1.003
"K_uu_weight[49, 19]",0.014,0.024,0.0,0.054,0.001,0.002,969.268,1060.506,1.002
"K_uu_weight[49, 20]",0.018,0.029,0.0,0.066,0.001,0.002,970.041,1060.506,1.002
"K_uu_weight[49, 21]",0.023,0.034,0.0,0.082,0.001,0.002,971.629,1060.506,1.002
"K_uu_weight[49, 22]",0.029,0.041,0.0,0.101,0.001,0.002,973.574,1060.506,1.002
"K_uu_weight[49, 23]",0.036,0.049,0.0,0.123,0.001,0.003,975.369,1083.791,1.002
"K_uu_weight[49, 24]",0.045,0.057,0.0,0.148,0.002,0.003,979.245,1081.93,1.002
"K_uu_weight[49, 25]",0.056,0.067,0.0,0.177,0.002,0.003,983.03,1115.398,1.002
"K_uu_weight[49, 26]",0.069,0.079,0.0,0.213,0.002,0.004,988.018,1115.398,1.002
"K_uu_weight[49, 27]",0.084,0.091,0.0,0.25,0.003,0.004,994.02,1207.162,1.002
"K_uu_weight[49, 28]",0.103,0.105,0.0,0.294,0.003,0.004,1000.3,1231.35,1.002
"K_uu_weight[49, 29]",0.125,0.12,0.0,0.342,0.004,0.005,1007.441,1228.555,1.002
"K_uu_weight[49, 30]",0.151,0.137,0.0,0.398,0.004,0.005,1015.594,1252.581,1.002
"K_uu_weight[49, 31]",0.18,0.155,0.0,0.458,0.005,0.006,1029.035,1224.009,1.002
"K_uu_weight[49, 32]",0.214,0.173,0.004,0.53,0.005,0.006,1044.402,1270.623,1.001
"K_uu_weight[49, 33]",0.252,0.193,0.006,0.595,0.006,0.007,1061.226,1321.641,1.001
"K_uu_weight[49, 34]",0.295,0.214,0.012,0.679,0.006,0.007,1083.999,1406.558,1.001
"K_uu_weight[49, 35]",0.342,0.235,0.023,0.765,0.007,0.008,1115.048,1301.002,1.001
"K_uu_weight[49, 36]",0.393,0.256,0.037,0.851,0.007,0.008,1143.81,1450.508,1.001
"K_uu_weight[49, 37]",0.449,0.277,0.053,0.943,0.008,0.009,1175.717,1451.542,1.0
"K_uu_weight[49, 38]",0.508,0.298,0.111,1.078,0.008,0.009,1219.146,1445.164,1.0
"K_uu_weight[49, 39]",0.569,0.319,0.127,1.162,0.009,0.01,1267.754,1493.448,1.0
"K_uu_weight[49, 40]",0.632,0.339,0.163,1.252,0.009,0.01,1322.543,1539.029,1.0
"K_uu_weight[49, 41]",0.694,0.358,0.199,1.365,0.01,0.011,1386.339,1548.452,0.999
"K_uu_weight[49, 42]",0.755,0.376,0.21,1.432,0.01,0.011,1446.297,1524.163,1.0
"K_uu_weight[49, 43]",0.813,0.393,0.259,1.529,0.01,0.012,1499.976,1523.757,1.0
"K_uu_weight[49, 44]",0.866,0.408,0.282,1.605,0.01,0.012,1531.753,1524.009,1.0
"K_uu_weight[49, 45]",0.913,0.422,0.273,1.644,0.011,0.012,1553.645,1524.009,1.0
"K_uu_weight[49, 46]",0.951,0.433,0.289,1.699,0.011,0.013,1569.425,1500.248,0.999
"K_uu_weight[49, 47]",0.979,0.441,0.32,1.763,0.011,0.013,1579.754,1523.932,1.0
"K_uu_weight[49, 48]",0.996,0.446,0.326,1.791,0.011,0.013,1585.553,1523.932,1.0
"K_uu_weight[49, 49]",1.002,0.448,0.332,1.805,0.011,0.013,1587.497,1523.932,1.0
"K_uu_workout[0, 0]",0.146,0.133,0.017,0.365,0.004,0.007,1150.117,1215.569,1.002
"K_uu_workout[0, 1]",0.146,0.133,0.017,0.365,0.004,0.007,1150.51,1215.569,1.002
"K_uu_workout[0, 2]",0.146,0.133,0.017,0.365,0.004,0.007,1150.361,1215.569,1.002
"K_uu_workout[0, 3]",0.145,0.133,0.017,0.364,0.004,0.007,1150.884,1215.569,1.002
"K_uu_workout[0, 4]",0.145,0.133,0.017,0.363,0.004,0.007,1151.776,1215.569,1.002
"K_uu_workout[0, 5]",0.145,0.132,0.017,0.362,0.004,0.007,1152.473,1200.224,1.002
"K_uu_workout[0, 6]",0.145,0.132,0.017,0.36,0.004,0.007,1153.836,1200.224,1.001
"K_uu_workout[0, 7]",0.144,0.132,0.017,0.36,0.004,0.007,1155.042,1200.224,1.001
"K_uu_workout[0, 8]",0.144,0.132,0.017,0.36,0.004,0.007,1157.376,1200.224,1.001
"K_uu_workout[0, 9]",0.143,0.131,0.017,0.359,0.004,0.007,1160.251,1200.224,1.001
"K_uu_workout[0, 10]",0.143,0.131,0.017,0.359,0.004,0.007,1165.041,1200.8,1.001
"K_uu_workout[0, 11]",0.142,0.131,0.017,0.359,0.004,0.007,1168.668,1200.8,1.001
"K_uu_workout[0, 12]",0.141,0.13,0.017,0.358,0.004,0.007,1173.95,1185.262,1.001
"K_uu_workout[0, 13]",0.141,0.13,0.017,0.358,0.004,0.007,1175.587,1185.262,1.001
"K_uu_workout[0, 14]",0.14,0.129,0.017,0.356,0.004,0.007,1179.983,1249.334,1.001
"K_uu_workout[0, 15]",0.139,0.129,0.017,0.354,0.004,0.007,1183.804,1249.334,1.001
"K_uu_workout[0, 16]",0.138,0.128,0.017,0.353,0.004,0.007,1189.122,1249.334,1.001
"K_uu_workout[0, 17]",0.137,0.128,0.016,0.353,0.004,0.007,1194.731,1249.334,1.001
"K_uu_workout[0, 18]",0.137,0.127,0.013,0.349,0.004,0.007,1200.665,1249.334,1.001
"K_uu_workout[0, 19]",0.136,0.126,0.017,0.352,0.004,0.007,1203.56,1249.334,1.001
"K_uu_workout[0, 20]",0.135,0.126,0.014,0.347,0.004,0.007,1212.524,1217.221,1.001
"K_uu_workout[0, 21]",0.133,0.125,0.016,0.347,0.004,0.007,1224.024,1119.666,1.001
"K_uu_workout[0, 22]",0.132,0.125,0.016,0.346,0.004,0.007,1231.762,1119.666,1.001
"K_uu_workout[0, 23]",0.131,0.124,0.016,0.345,0.004,0.007,1240.09,1119.666,1.001
"K_uu_workout[0, 24]",0.13,0.123,0.01,0.337,0.004,0.007,1253.062,1119.666,1.001
"K_uu_workout[0, 25]",0.129,0.123,0.012,0.339,0.004,0.007,1258.561,1119.666,1.0
"K_uu_workout[0, 26]",0.128,0.122,0.016,0.342,0.004,0.007,1268.253,1119.666,1.0
"K_uu_workout[0, 27]",0.127,0.121,0.014,0.336,0.004,0.007,1276.098,1106.619,1.0
"K_uu_workout[0, 28]",0.125,0.121,0.01,0.33,0.004,0.007,1287.375,1106.619,1.0
"K_uu_workout[0, 29]",0.124,0.12,0.009,0.33,0.004,0.007,1295.037,1133.283,1.0
"K_uu_workout[0, 30]",0.123,0.119,0.011,0.331,0.004,0.007,1291.027,1133.283,1.0
"K_uu_workout[0, 31]",0.122,0.118,0.008,0.325,0.004,0.007,1293.714,1133.283,1.0
"K_uu_workout[0, 32]",0.12,0.118,0.008,0.324,0.004,0.007,1296.953,1149.648,1.0
"K_uu_workout[0, 33]",0.119,0.117,0.011,0.326,0.004,0.007,1298.086,1149.548,1.0
"K_uu_workout[0, 34]",0.118,0.116,0.01,0.324,0.003,0.007,1301.099,1120.688,1.0
"K_uu_workout[0, 35]",0.116,0.116,0.009,0.319,0.003,0.007,1302.712,1120.688,1.0
"K_uu_workout[0, 36]",0.115,0.115,0.008,0.316,0.003,0.007,1306.526,1120.688,1.0
"K_uu_workout[0, 37]",0.114,0.114,0.007,0.312,0.003,0.007,1307.552,1135.86,1.0
"K_uu_workout[0, 38]",0.112,0.114,0.005,0.308,0.003,0.007,1296.166,1148.497,1.0
"K_uu_workout[0, 39]",0.111,0.113,0.006,0.305,0.003,0.007,1294.144,1152.983,1.0
"K_uu_workout[0, 40]",0.109,0.112,0.005,0.303,0.003,0.007,1288.93,1159.838,1.0
"K_uu_workout[0, 41]",0.108,0.111,0.004,0.3,0.003,0.007,1283.5,1139.253,1.0
"K_uu_workout[0, 42]",0.107,0.111,0.004,0.298,0.003,0.007,1278.621,1159.838,1.0
"K_uu_workout[0, 43]",0.105,0.11,0.003,0.293,0.003,0.007,1273.924,1168.256,1.0
"K_uu_workout[0, 44]",0.104,0.109,0.003,0.29,0.003,0.007,1265.603,1143.424,1.0
"K_uu_workout[0, 45]",0.103,0.109,0.003,0.288,0.003,0.007,1258.99,1141.275,1.0
"K_uu_workout[0, 46]",0.101,0.108,0.0,0.281,0.003,0.007,1249.29,1141.275,1.0
"K_uu_workout[0, 47]",0.1,0.107,0.0,0.28,0.003,0.007,1240.129,1115.446,1.0
"K_uu_workout[0, 48]",0.099,0.107,0.001,0.279,0.003,0.007,1228.616,1129.685,1.0
"K_uu_workout[0, 49]",0.097,0.106,0.0,0.274,0.003,0.007,1218.032,1122.25,1.0
"K_uu_workout[1, 0]",0.146,0.133,0.017,0.365,0.004,0.007,1150.51,1215.569,1.002
"K_uu_workout[1, 1]",0.146,0.133,0.017,0.365,0.004,0.007,1150.117,1215.569,1.002
"K_uu_workout[1, 2]",0.146,0.133,0.017,0.365,0.004,0.007,1150.51,1215.569,1.002
"K_uu_workout[1, 3]",0.146,0.133,0.017,0.365,0.004,0.007,1150.361,1215.569,1.002
"K_uu_workout[1, 4]",0.145,0.133,0.017,0.364,0.004,0.007,1150.884,1215.569,1.002
"K_uu_workout[1, 5]",0.145,0.133,0.017,0.363,0.004,0.007,1151.776,1215.569,1.002
"K_uu_workout[1, 6]",0.145,0.132,0.017,0.362,0.004,0.007,1152.473,1200.224,1.002
"K_uu_workout[1, 7]",0.145,0.132,0.017,0.36,0.004,0.007,1153.836,1200.224,1.001
"K_uu_workout[1, 8]",0.144,0.132,0.017,0.36,0.004,0.007,1155.042,1200.224,1.001
"K_uu_workout[1, 9]",0.144,0.132,0.017,0.36,0.004,0.007,1157.376,1200.224,1.001
"K_uu_workout[1, 10]",0.143,0.131,0.017,0.359,0.004,0.007,1160.251,1200.224,1.001
"K_uu_workout[1, 11]",0.143,0.131,0.017,0.359,0.004,0.007,1165.041,1200.8,1.001
"K_uu_workout[1, 12]",0.142,0.131,0.017,0.359,0.004,0.007,1168.668,1200.8,1.001
"K_uu_workout[1, 13]",0.141,0.13,0.017,0.358,0.004,0.007,1173.95,1185.262,1.001
"K_uu_workout[1, 14]",0.141,0.13,0.017,0.358,0.004,0.007,1175.587,1185.262,1.001
"K_uu_workout[1, 15]",0.14,0.129,0.017,0.356,0.004,0.007,1179.983,1249.334,1.001
"K_uu_workout[1, 16]",0.139,0.129,0.017,0.354,0.004,0.007,1183.804,1249.334,1.001
"K_uu_workout[1, 17]",0.138,0.128,0.017,0.353,0.004,0.007,1189.122,1249.334,1.001
"K_uu_workout[1, 18]",0.137,0.128,0.016,0.353,0.004,0.007,1194.731,1249.334,1.001
"K_uu_workout[1, 19]",0.137,0.127,0.013,0.349,0.004,0.007,1200.665,1249.334,1.001
"K_uu_workout[1, 20]",0.136,0.126,0.017,0.352,0.004,0.007,1203.56,1249.334,1.001
"K_uu_workout[1, 21]",0.135,0.126,0.014,0.347,0.004,0.007,1212.524,1217.221,1.001
"K_uu_workout[1, 22]",0.133,0.125,0.016,0.347,0.004,0.007,1224.024,1119.666,1.001
"K_uu_workout[1, 23]",0.132,0.125,0.016,0.346,0.004,0.007,1231.762,1119.666,1.001
"K_uu_workout[1, 24]",0.131,0.124,0.016,0.345,0.004,0.007,1240.09,1119.666,1.001
"K_uu_workout[1, 25]",0.13,0.123,0.01,0.337,0.004,0.007,1253.062,1119.666,1.001
"K_uu_workout[1, 26]",0.129,0.123,0.012,0.339,0.004,0.007,1258.561,1119.666,1.0
"K_uu_workout[1, 27]",0.128,0.122,0.016,0.342,0.004,0.007,1268.253,1119.666,1.0
"K_uu_workout[1, 28]",0.127,0.121,0.014,0.336,0.004,0.007,1276.098,1106.619,1.0
"K_uu_workout[1, 29]",0.125,0.121,0.01,0.33,0.004,0.007,1287.375,1106.619,1.0
"K_uu_workout[1, 30]",0.124,0.12,0.009,0.33,0.004,0.007,1295.037,1133.283,1.0
"K_uu_workout[1, 31]",0.123,0.119,0.011,0.331,0.004,0.007,1291.027,1133.283,1.0
"K_uu_workout[1, 32]",0.122,0.118,0.008,0.325,0.004,0.007,1293.714,1133.283,1.0
"K_uu_workout[1, 33]",0.12,0.118,0.008,0.324,0.004,0.007,1296.953,1149.648,1.0
"K_uu_workout[1, 34]",0.119,0.117,0.011,0.326,0.004,0.007,1298.086,1149.548,1.0
"K_uu_workout[1, 35]",0.118,0.116,0.01,0.324,0.003,0.007,1301.099,1120.688,1.0
"K_uu_workout[1, 36]",0.116,0.116,0.009,0.319,0.003,0.007,1302.712,1120.688,1.0
"K_uu_workout[1, 37]",0.115,0.115,0.008,0.316,0.003,0.007,1306.526,1120.688,1.0
"K_uu_workout[1, 38]",0.114,0.114,0.007,0.312,0.003,0.007,1307.552,1135.86,1.0
"K_uu_workout[1, 39]",0.112,0.114,0.005,0.308,0.003,0.007,1296.166,1148.497,1.0
"K_uu_workout[1, 40]",0.111,0.113,0.006,0.305,0.003,0.007,1294.144,1152.983,1.0
"K_uu_workout[1, 41]",0.109,0.112,0.005,0.303,0.003,0.007,1288.93,1159.838,1.0
"K_uu_workout[1, 42]",0.108,0.111,0.004,0.3,0.003,0.007,1283.5,1139.253,1.0
"K_uu_workout[1, 43]",0.107,0.111,0.004,0.298,0.003,0.007,1278.621,1159.838,1.0
"K_uu_workout[1, 44]",0.105,0.11,0.003,0.293,0.003,0.007,1273.924,1168.256,1.0
"K_uu_workout[1, 45]",0.104,0.109,0.003,0.29,0.003,0.007,1265.603,1143.424,1.0
"K_uu_workout[1, 46]",0.103,0.109,0.003,0.288,0.003,0.007,1258.99,1141.275,1.0
"K_uu_workout[1, 47]",0.101,0.108,0.0,0.281,0.003,0.007,1249.29,1141.275,1.0
"K_uu_workout[1, 48]",0.1,0.107,0.0,0.28,0.003,0.007,1240.129,1115.446,1.0
"K_uu_workout[1, 49]",0.099,0.107,0.001,0.279,0.003,0.007,1228.616,1129.685,1.0
"K_uu_workout[2, 0]",0.146,0.133,0.017,0.365,0.004,0.007,1150.361,1215.569,1.002
"K_uu_workout[2, 1]",0.146,0.133,0.017,0.365,0.004,0.007,1150.51,1215.569,1.002
"K_uu_workout[2, 2]",0.146,0.133,0.017,0.365,0.004,0.007,1150.117,1215.569,1.002
"K_uu_workout[2, 3]",0.146,0.133,0.017,0.365,0.004,0.007,1150.51,1215.569,1.002
"K_uu_workout[2, 4]",0.146,0.133,0.017,0.365,0.004,0.007,1150.361,1215.569,1.002
"K_uu_workout[2, 5]",0.145,0.133,0.017,0.364,0.004,0.007,1150.884,1215.569,1.002
"K_uu_workout[2, 6]",0.145,0.133,0.017,0.363,0.004,0.007,1151.776,1215.569,1.002
"K_uu_workout[2, 7]",0.145,0.132,0.017,0.362,0.004,0.007,1152.473,1200.224,1.002
"K_uu_workout[2, 8]",0.145,0.132,0.017,0.36,0.004,0.007,1153.836,1200.224,1.001
"K_uu_workout[2, 9]",0.144,0.132,0.017,0.36,0.004,0.007,1155.042,1200.224,1.001
"K_uu_workout[2, 10]",0.144,0.132,0.017,0.36,0.004,0.007,1157.376,1200.224,1.001
"K_uu_workout[2, 11]",0.143,0.131,0.017,0.359,0.004,0.007,1160.251,1200.224,1.001
"K_uu_workout[2, 12]",0.143,0.131,0.017,0.359,0.004,0.007,1165.041,1200.8,1.001
"K_uu_workout[2, 13]",0.142,0.131,0.017,0.359,0.004,0.007,1168.668,1200.8,1.001
"K_uu_workout[2, 14]",0.141,0.13,0.017,0.358,0.004,0.007,1173.95,1185.262,1.001
"K_uu_workout[2, 15]",0.141,0.13,0.017,0.358,0.004,0.007,1175.587,1185.262,1.001
"K_uu_workout[2, 16]",0.14,0.129,0.017,0.356,0.004,0.007,1179.983,1249.334,1.001
"K_uu_workout[2, 17]",0.139,0.129,0.017,0.354,0.004,0.007,1183.804,1249.334,1.001
"K_uu_workout[2, 18]",0.138,0.128,0.017,0.353,0.004,0.007,1189.122,1249.334,1.001
"K_uu_workout[2, 19]",0.137,0.128,0.016,0.353,0.004,0.007,1194.731,1249.334,1.001
"K_uu_workout[2, 20]",0.137,0.127,0.013,0.349,0.004,0.007,1200.665,1249.334,1.001
"K_uu_workout[2, 21]",0.136,0.126,0.017,0.352,0.004,0.007,1203.56,1249.334,1.001
"K_uu_workout[2, 22]",0.135,0.126,0.014,0.347,0.004,0.007,1212.524,1217.221,1.001
"K_uu_workout[2, 23]",0.133,0.125,0.016,0.347,0.004,0.007,1224.024,1119.666,1.001
"K_uu_workout[2, 24]",0.132,0.125,0.016,0.346,0.004,0.007,1231.762,1119.666,1.001
"K_uu_workout[2, 25]",0.131,0.124,0.016,0.345,0.004,0.007,1240.09,1119.666,1.001
"K_uu_workout[2, 26]",0.13,0.123,0.01,0.337,0.004,0.007,1253.062,1119.666,1.001
"K_uu_workout[2, 27]",0.129,0.123,0.012,0.339,0.004,0.007,1258.561,1119.666,1.0
"K_uu_workout[2, 28]",0.128,0.122,0.016,0.342,0.004,0.007,1268.253,1119.666,1.0
"K_uu_workout[2, 29]",0.127,0.121,0.014,0.336,0.004,0.007,1276.098,1106.619,1.0
"K_uu_workout[2, 30]",0.125,0.121,0.01,0.33,0.004,0.007,1287.375,1106.619,1.0
"K_uu_workout[2, 31]",0.124,0.12,0.009,0.33,0.004,0.007,1295.037,1133.283,1.0
"K_uu_workout[2, 32]",0.123,0.119,0.011,0.331,0.004,0.007,1291.027,1133.283,1.0
"K_uu_workout[2, 33]",0.122,0.118,0.008,0.325,0.004,0.007,1293.714,1133.283,1.0
"K_uu_workout[2, 34]",0.12,0.118,0.008,0.324,0.004,0.007,1296.953,1149.648,1.0
"K_uu_workout[2, 35]",0.119,0.117,0.011,0.326,0.004,0.007,1298.086,1149.548,1.0
"K_uu_workout[2, 36]",0.118,0.116,0.01,0.324,0.003,0.007,1301.099,1120.688,1.0
"K_uu_workout[2, 37]",0.116,0.116,0.009,0.319,0.003,0.007,1302.712,1120.688,1.0
"K_uu_workout[2, 38]",0.115,0.115,0.008,0.316,0.003,0.007,1306.526,1120.688,1.0
"K_uu_workout[2, 39]",0.114,0.114,0.007,0.312,0.003,0.007,1307.552,1135.86,1.0
"K_uu_workout[2, 40]",0.112,0.114,0.005,0.308,0.003,0.007,1296.166,1148.497,1.0
"K_uu_workout[2, 41]",0.111,0.113,0.006,0.305,0.003,0.007,1294.144,1152.983,1.0
"K_uu_workout[2, 42]",0.109,0.112,0.005,0.303,0.003,0.007,1288.93,1159.838,1.0
"K_uu_workout[2, 43]",0.108,0.111,0.004,0.3,0.003,0.007,1283.5,1139.253,1.0
"K_uu_workout[2, 44]",0.107,0.111,0.004,0.298,0.003,0.007,1278.621,1159.838,1.0
"K_uu_workout[2, 45]",0.105,0.11,0.003,0.293,0.003,0.007,1273.924,1168.256,1.0
"K_uu_workout[2, 46]",0.104,0.109,0.003,0.29,0.003,0.007,1265.603,1143.424,1.0
"K_uu_workout[2, 47]",0.103,0.109,0.003,0.288,0.003,0.007,1258.99,1141.275,1.0
"K_uu_workout[2, 48]",0.101,0.108,0.0,0.281,0.003,0.007,1249.29,1141.275,1.0
"K_uu_workout[2, 49]",0.1,0.107,0.0,0.28,0.003,0.007,1240.129,1115.446,1.0
"K_uu_workout[3, 0]",0.145,0.133,0.017,0.364,0.004,0.007,1150.884,1215.569,1.002
"K_uu_workout[3, 1]",0.146,0.133,0.017,0.365,0.004,0.007,1150.361,1215.569,1.002
"K_uu_workout[3, 2]",0.146,0.133,0.017,0.365,0.004,0.007,1150.51,1215.569,1.002
"K_uu_workout[3, 3]",0.146,0.133,0.017,0.365,0.004,0.007,1150.117,1215.569,1.002
"K_uu_workout[3, 4]",0.146,0.133,0.017,0.365,0.004,0.007,1150.51,1215.569,1.002
"K_uu_workout[3, 5]",0.146,0.133,0.017,0.365,0.004,0.007,1150.361,1215.569,1.002
"K_uu_workout[3, 6]",0.145,0.133,0.017,0.364,0.004,0.007,1150.884,1215.569,1.002
"K_uu_workout[3, 7]",0.145,0.133,0.017,0.363,0.004,0.007,1151.776,1215.569,1.002
"K_uu_workout[3, 8]",0.145,0.132,0.017,0.362,0.004,0.007,1152.473,1200.224,1.002
"K_uu_workout[3, 9]",0.145,0.132,0.017,0.36,0.004,0.007,1153.836,1200.224,1.001
"K_uu_workout[3, 10]",0.144,0.132,0.017,0.36,0.004,0.007,1155.042,1200.224,1.001
"K_uu_workout[3, 11]",0.144,0.132,0.017,0.36,0.004,0.007,1157.376,1200.224,1.001
"K_uu_workout[3, 12]",0.143,0.131,0.017,0.359,0.004,0.007,1160.251,1200.224,1.001
"K_uu_workout[3, 13]",0.143,0.131,0.017,0.359,0.004,0.007,1165.041,1200.8,1.001
"K_uu_workout[3, 14]",0.142,0.131,0.017,0.359,0.004,0.007,1168.668,1200.8,1.001
"K_uu_workout[3, 15]",0.141,0.13,0.017,0.358,0.004,0.007,1173.95,1185.262,1.001
"K_uu_workout[3, 16]",0.141,0.13,0.017,0.358,0.004,0.007,1175.587,1185.262,1.001
"K_uu_workout[3, 17]",0.14,0.129,0.017,0.356,0.004,0.007,1179.983,1249.334,1.001
"K_uu_workout[3, 18]",0.139,0.129,0.017,0.354,0.004,0.007,1183.804,1249.334,1.001
"K_uu_workout[3, 19]",0.138,0.128,0.017,0.353,0.004,0.007,1189.122,1249.334,1.001
"K_uu_workout[3, 20]",0.137,0.128,0.016,0.353,0.004,0.007,1194.731,1249.334,1.001
"K_uu_workout[3, 21]",0.137,0.127,0.013,0.349,0.004,0.007,1200.665,1249.334,1.001
"K_uu_workout[3, 22]",0.136,0.126,0.017,0.352,0.004,0.007,1203.56,1249.334,1.001
"K_uu_workout[3, 23]",0.135,0.126,0.014,0.347,0.004,0.007,1212.524,1217.221,1.001
"K_uu_workout[3, 24]",0.133,0.125,0.016,0.347,0.004,0.007,1224.024,1119.666,1.001
"K_uu_workout[3, 25]",0.132,0.125,0.016,0.346,0.004,0.007,1231.762,1119.666,1.001
"K_uu_workout[3, 26]",0.131,0.124,0.016,0.345,0.004,0.007,1240.09,1119.666,1.001
"K_uu_workout[3, 27]",0.13,0.123,0.01,0.337,0.004,0.007,1253.062,1119.666,1.001
"K_uu_workout[3, 28]",0.129,0.123,0.012,0.339,0.004,0.007,1258.561,1119.666,1.0
"K_uu_workout[3, 29]",0.128,0.122,0.016,0.342,0.004,0.007,1268.253,1119.666,1.0
"K_uu_workout[3, 30]",0.127,0.121,0.014,0.336,0.004,0.007,1276.098,1106.619,1.0
"K_uu_workout[3, 31]",0.125,0.121,0.01,0.33,0.004,0.007,1287.375,1106.619,1.0
"K_uu_workout[3, 32]",0.124,0.12,0.009,0.33,0.004,0.007,1295.037,1133.283,1.0
"K_uu_workout[3, 33]",0.123,0.119,0.011,0.331,0.004,0.007,1291.027,1133.283,1.0
"K_uu_workout[3, 34]",0.122,0.118,0.008,0.325,0.004,0.007,1293.714,1133.283,1.0
"K_uu_workout[3, 35]",0.12,0.118,0.008,0.324,0.004,0.007,1296.953,1149.648,1.0
"K_uu_workout[3, 36]",0.119,0.117,0.011,0.326,0.004,0.007,1298.086,1149.548,1.0
"K_uu_workout[3, 37]",0.118,0.116,0.01,0.324,0.003,0.007,1301.099,1120.688,1.0
"K_uu_workout[3, 38]",0.116,0.116,0.009,0.319,0.003,0.007,1302.712,1120.688,1.0
"K_uu_workout[3, 39]",0.115,0.115,0.008,0.316,0.003,0.007,1306.526,1120.688,1.0
"K_uu_workout[3, 40]",0.114,0.114,0.007,0.312,0.003,0.007,1307.552,1135.86,1.0
"K_uu_workout[3, 41]",0.112,0.114,0.005,0.308,0.003,0.007,1296.166,1148.497,1.0
"K_uu_workout[3, 42]",0.111,0.113,0.006,0.305,0.003,0.007,1294.144,1152.983,1.0
"K_uu_workout[3, 43]",0.109,0.112,0.005,0.303,0.003,0.007,1288.93,1159.838,1.0
"K_uu_workout[3, 44]",0.108,0.111,0.004,0.3,0.003,0.007,1283.5,1139.253,1.0
"K_uu_workout[3, 45]",0.107,0.111,0.004,0.298,0.003,0.007,1278.621,1159.838,1.0
"K_uu_workout[3, 46]",0.105,0.11,0.003,0.293,0.003,0.007,1273.924,1168.256,1.0
"K_uu_workout[3, 47]",0.104,0.109,0.003,0.29,0.003,0.007,1265.603,1143.424,1.0
"K_uu_workout[3, 48]",0.103,0.109,0.003,0.288,0.003,0.007,1258.99,1141.275,1.0
"K_uu_workout[3, 49]",0.101,0.108,0.0,0.281,0.003,0.007,1249.29,1141.275,1.0
"K_uu_workout[4, 0]",0.145,0.133,0.017,0.363,0.004,0.007,1151.776,1215.569,1.002
"K_uu_workout[4, 1]",0.145,0.133,0.017,0.364,0.004,0.007,1150.884,1215.569,1.002
"K_uu_workout[4, 2]",0.146,0.133,0.017,0.365,0.004,0.007,1150.361,1215.569,1.002
"K_uu_workout[4, 3]",0.146,0.133,0.017,0.365,0.004,0.007,1150.51,1215.569,1.002
"K_uu_workout[4, 4]",0.146,0.133,0.017,0.365,0.004,0.007,1150.117,1215.569,1.002
"K_uu_workout[4, 5]",0.146,0.133,0.017,0.365,0.004,0.007,1150.51,1215.569,1.002
"K_uu_workout[4, 6]",0.146,0.133,0.017,0.365,0.004,0.007,1150.361,1215.569,1.002
"K_uu_workout[4, 7]",0.145,0.133,0.017,0.364,0.004,0.007,1150.884,1215.569,1.002
"K_uu_workout[4, 8]",0.145,0.133,0.017,0.363,0.004,0.007,1151.776,1215.569,1.002
"K_uu_workout[4, 9]",0.145,0.132,0.017,0.362,0.004,0.007,1152.473,1200.224,1.002
"K_uu_workout[4, 10]",0.145,0.132,0.017,0.36,0.004,0.007,1153.836,1200.224,1.001
"K_uu_workout[4, 11]",0.144,0.132,0.017,0.36,0.004,0.007,1155.042,1200.224,1.001
"K_uu_workout[4, 12]",0.144,0.132,0.017,0.36,0.004,0.007,1157.376,1200.224,1.001
"K_uu_workout[4, 13]",0.143,0.131,0.017,0.359,0.004,0.007,1160.251,1200.224,1.001
"K_uu_workout[4, 14]",0.143,0.131,0.017,0.359,0.004,0.007,1165.041,1200.8,1.001
"K_uu_workout[4, 15]",0.142,0.131,0.017,0.359,0.004,0.007,1168.668,1200.8,1.001
"K_uu_workout[4, 16]",0.141,0.13,0.017,0.358,0.004,0.007,1173.95,1185.262,1.001
"K_uu_workout[4, 17]",0.141,0.13,0.017,0.358,0.004,0.007,1175.587,1185.262,1.001
"K_uu_workout[4, 18]",0.14,0.129,0.017,0.356,0.004,0.007,1179.983,1249.334,1.001
"K_uu_workout[4, 19]",0.139,0.129,0.017,0.354,0.004,0.007,1183.804,1249.334,1.001
"K_uu_workout[4, 20]",0.138,0.128,0.017,0.353,0.004,0.007,1189.122,1249.334,1.001
"K_uu_workout[4, 21]",0.137,0.128,0.016,0.353,0.004,0.007,1194.731,1249.334,1.001
"K_uu_workout[4, 22]",0.137,0.127,0.013,0.349,0.004,0.007,1200.665,1249.334,1.001
"K_uu_workout[4, 23]",0.136,0.126,0.017,0.352,0.004,0.007,1203.56,1249.334,1.001
"K_uu_workout[4, 24]",0.135,0.126,0.014,0.347,0.004,0.007,1212.524,1217.221,1.001
"K_uu_workout[4, 25]",0.133,0.125,0.016,0.347,0.004,0.007,1224.024,1119.666,1.001
"K_uu_workout[4, 26]",0.132,0.125,0.016,0.346,0.004,0.007,1231.762,1119.666,1.001
"K_uu_workout[4, 27]",0.131,0.124,0.016,0.345,0.004,0.007,1240.09,1119.666,1.001
"K_uu_workout[4, 28]",0.13,0.123,0.01,0.337,0.004,0.007,1253.062,1119.666,1.001
"K_uu_workout[4, 29]",0.129,0.123,0.012,0.339,0.004,0.007,1258.561,1119.666,1.0
"K_uu_workout[4, 30]",0.128,0.122,0.016,0.342,0.004,0.007,1268.253,1119.666,1.0
"K_uu_workout[4, 31]",0.127,0.121,0.014,0.336,0.004,0.007,1276.098,1106.619,1.0
"K_uu_workout[4, 32]",0.125,0.121,0.01,0.33,0.004,0.007,1287.375,1106.619,1.0
"K_uu_workout[4, 33]",0.124,0.12,0.009,0.33,0.004,0.007,1295.037,1133.283,1.0
"K_uu_workout[4, 34]",0.123,0.119,0.011,0.331,0.004,0.007,1291.027,1133.283,1.0
"K_uu_workout[4, 35]",0.122,0.118,0.008,0.325,0.004,0.007,1293.714,1133.283,1.0
"K_uu_workout[4, 36]",0.12,0.118,0.008,0.324,0.004,0.007,1296.953,1149.648,1.0
"K_uu_workout[4, 37]",0.119,0.117,0.011,0.326,0.004,0.007,1298.086,1149.548,1.0
"K_uu_workout[4, 38]",0.118,0.116,0.01,0.324,0.003,0.007,1301.099,1120.688,1.0
"K_uu_workout[4, 39]",0.116,0.116,0.009,0.319,0.003,0.007,1302.712,1120.688,1.0
"K_uu_workout[4, 40]",0.115,0.115,0.008,0.316,0.003,0.007,1306.526,1120.688,1.0
"K_uu_workout[4, 41]",0.114,0.114,0.007,0.312,0.003,0.007,1307.552,1135.86,1.0
"K_uu_workout[4, 42]",0.112,0.114,0.005,0.308,0.003,0.007,1296.166,1148.497,1.0
"K_uu_workout[4, 43]",0.111,0.113,0.006,0.305,0.003,0.007,1294.144,1152.983,1.0
"K_uu_workout[4, 44]",0.109,0.112,0.005,0.303,0.003,0.007,1288.93,1159.838,1.0
"K_uu_workout[4, 45]",0.108,0.111,0.004,0.3,0.003,0.007,1283.5,1139.253,1.0
"K_uu_workout[4, 46]",0.107,0.111,0.004,0.298,0.003,0.007,1278.621,1159.838,1.0
"K_uu_workout[4, 47]",0.105,0.11,0.003,0.293,0.003,0.007,1273.924,1168.256,1.0
"K_uu_workout[4, 48]",0.104,0.109,0.003,0.29,0.003,0.007,1265.603,1143.424,1.0
"K_uu_workout[4, 49]",0.103,0.109,0.003,0.288,0.003,0.007,1258.99,1141.275,1.0
"K_uu_workout[5, 0]",0.145,0.132,0.017,0.362,0.004,0.007,1152.473,1200.224,1.002
"K_uu_workout[5, 1]",0.145,0.133,0.017,0.363,0.004,0.007,1151.776,1215.569,1.002
"K_uu_workout[5, 2]",0.145,0.133,0.017,0.364,0.004,0.007,1150.884,1215.569,1.002
"K_uu_workout[5, 3]",0.146,0.133,0.017,0.365,0.004,0.007,1150.361,1215.569,1.002
"K_uu_workout[5, 4]",0.146,0.133,0.017,0.365,0.004,0.007,1150.51,1215.569,1.002
"K_uu_workout[5, 5]",0.146,0.133,0.017,0.365,0.004,0.007,1150.117,1215.569,1.002
"K_uu_workout[5, 6]",0.146,0.133,0.017,0.365,0.004,0.007,1150.51,1215.569,1.002
"K_uu_workout[5, 7]",0.146,0.133,0.017,0.365,0.004,0.007,1150.361,1215.569,1.002
"K_uu_workout[5, 8]",0.145,0.133,0.017,0.364,0.004,0.007,1150.884,1215.569,1.002
"K_uu_workout[5, 9]",0.145,0.133,0.017,0.363,0.004,0.007,1151.776,1215.569,1.002
"K_uu_workout[5, 10]",0.145,0.132,0.017,0.362,0.004,0.007,1152.473,1200.224,1.002
"K_uu_workout[5, 11]",0.145,0.132,0.017,0.36,0.004,0.007,1153.836,1200.224,1.001
"K_uu_workout[5, 12]",0.144,0.132,0.017,0.36,0.004,0.007,1155.042,1200.224,1.001
"K_uu_workout[5, 13]",0.144,0.132,0.017,0.36,0.004,0.007,1157.376,1200.224,1.001
"K_uu_workout[5, 14]",0.143,0.131,0.017,0.359,0.004,0.007,1160.251,1200.224,1.001
"K_uu_workout[5, 15]",0.143,0.131,0.017,0.359,0.004,0.007,1165.041,1200.8,1.001
"K_uu_workout[5, 16]",0.142,0.131,0.017,0.359,0.004,0.007,1168.668,1200.8,1.001
"K_uu_workout[5, 17]",0.141,0.13,0.017,0.358,0.004,0.007,1173.95,1185.262,1.001
"K_uu_workout[5, 18]",0.141,0.13,0.017,0.358,0.004,0.007,1175.587,1185.262,1.001
"K_uu_workout[5, 19]",0.14,0.129,0.017,0.356,0.004,0.007,1179.983,1249.334,1.001
"K_uu_workout[5, 20]",0.139,0.129,0.017,0.354,0.004,0.007,1183.804,1249.334,1.001
"K_uu_workout[5, 21]",0.138,0.128,0.017,0.353,0.004,0.007,1189.122,1249.334,1.001
"K_uu_workout[5, 22]",0.137,0.128,0.016,0.353,0.004,0.007,1194.731,1249.334,1.001
"K_uu_workout[5, 23]",0.137,0.127,0.013,0.349,0.004,0.007,1200.665,1249.334,1.001
"K_uu_workout[5, 24]",0.136,0.126,0.017,0.352,0.004,0.007,1203.56,1249.334,1.001
"K_uu_workout[5, 25]",0.135,0.126,0.014,0.347,0.004,0.007,1212.524,1217.221,1.001
"K_uu_workout[5, 26]",0.133,0.125,0.016,0.347,0.004,0.007,1224.024,1119.666,1.001
"K_uu_workout[5, 27]",0.132,0.125,0.016,0.346,0.004,0.007,1231.762,1119.666,1.001
"K_uu_workout[5, 28]",0.131,0.124,0.016,0.345,0.004,0.007,1240.09,1119.666,1.001
"K_uu_workout[5, 29]",0.13,0.123,0.01,0.337,0.004,0.007,1253.062,1119.666,1.001
"K_uu_workout[5, 30]",0.129,0.123,0.012,0.339,0.004,0.007,1258.561,1119.666,1.0
"K_uu_workout[5, 31]",0.128,0.122,0.016,0.342,0.004,0.007,1268.253,1119.666,1.0
"K_uu_workout[5, 32]",0.127,0.121,0.014,0.336,0.004,0.007,1276.098,1106.619,1.0
"K_uu_workout[5, 33]",0.125,0.121,0.01,0.33,0.004,0.007,1287.375,1106.619,1.0
"K_uu_workout[5, 34]",0.124,0.12,0.009,0.33,0.004,0.007,1295.037,1133.283,1.0
"K_uu_workout[5, 35]",0.123,0.119,0.011,0.331,0.004,0.007,1291.027,1133.283,1.0
"K_uu_workout[5, 36]",0.122,0.118,0.008,0.325,0.004,0.007,1293.714,1133.283,1.0
"K_uu_workout[5, 37]",0.12,0.118,0.008,0.324,0.004,0.007,1296.953,1149.648,1.0
"K_uu_workout[5, 38]",0.119,0.117,0.011,0.326,0.004,0.007,1298.086,1149.548,1.0
"K_uu_workout[5, 39]",0.118,0.116,0.01,0.324,0.003,0.007,1301.099,1120.688,1.0
"K_uu_workout[5, 40]",0.116,0.116,0.009,0.319,0.003,0.007,1302.712,1120.688,1.0
"K_uu_workout[5, 41]",0.115,0.115,0.008,0.316,0.003,0.007,1306.526,1120.688,1.0
"K_uu_workout[5, 42]",0.114,0.114,0.007,0.312,0.003,0.007,1307.552,1135.86,1.0
"K_uu_workout[5, 43]",0.112,0.114,0.005,0.308,0.003,0.007,1296.166,1148.497,1.0
"K_uu_workout[5, 44]",0.111,0.113,0.006,0.305,0.003,0.007,1294.144,1152.983,1.0
"K_uu_workout[5, 45]",0.109,0.112,0.005,0.303,0.003,0.007,1288.93,1159.838,1.0
"K_uu_workout[5, 46]",0.108,0.111,0.004,0.3,0.003,0.007,1283.5,1139.253,1.0
"K_uu_workout[5, 47]",0.107,0.111,0.004,0.298,0.003,0.007,1278.621,1159.838,1.0
"K_uu_workout[5, 48]",0.105,0.11,0.003,0.293,0.003,0.007,1273.924,1168.256,1.0
"K_uu_workout[5, 49]",0.104,0.109,0.003,0.29,0.003,0.007,1265.603,1143.424,1.0
"K_uu_workout[6, 0]",0.145,0.132,0.017,0.36,0.004,0.007,1153.836,1200.224,1.001
"K_uu_workout[6, 1]",0.145,0.132,0.017,0.362,0.004,0.007,1152.473,1200.224,1.002
"K_uu_workout[6, 2]",0.145,0.133,0.017,0.363,0.004,0.007,1151.776,1215.569,1.002
"K_uu_workout[6, 3]",0.145,0.133,0.017,0.364,0.004,0.007,1150.884,1215.569,1.002
"K_uu_workout[6, 4]",0.146,0.133,0.017,0.365,0.004,0.007,1150.361,1215.569,1.002
"K_uu_workout[6, 5]",0.146,0.133,0.017,0.365,0.004,0.007,1150.51,1215.569,1.002
"K_uu_workout[6, 6]",0.146,0.133,0.017,0.365,0.004,0.007,1150.117,1215.569,1.002
"K_uu_workout[6, 7]",0.146,0.133,0.017,0.365,0.004,0.007,1150.51,1215.569,1.002
"K_uu_workout[6, 8]",0.146,0.133,0.017,0.365,0.004,0.007,1150.361,1215.569,1.002
"K_uu_workout[6, 9]",0.145,0.133,0.017,0.364,0.004,0.007,1150.884,1215.569,1.002
"K_uu_workout[6, 10]",0.145,0.133,0.017,0.363,0.004,0.007,1151.776,1215.569,1.002
"K_uu_workout[6, 11]",0.145,0.132,0.017,0.362,0.004,0.007,1152.473,1200.224,1.002
"K_uu_workout[6, 12]",0.145,0.132,0.017,0.36,0.004,0.007,1153.836,1200.224,1.001
"K_uu_workout[6, 13]",0.144,0.132,0.017,0.36,0.004,0.007,1155.042,1200.224,1.001
"K_uu_workout[6, 14]",0.144,0.132,0.017,0.36,0.004,0.007,1157.376,1200.224,1.001
"K_uu_workout[6, 15]",0.143,0.131,0.017,0.359,0.004,0.007,1160.251,1200.224,1.001
"K_uu_workout[6, 16]",0.143,0.131,0.017,0.359,0.004,0.007,1165.041,1200.8,1.001
"K_uu_workout[6, 17]",0.142,0.131,0.017,0.359,0.004,0.007,1168.668,1200.8,1.001
"K_uu_workout[6, 18]",0.141,0.13,0.017,0.358,0.004,0.007,1173.95,1185.262,1.001
"K_uu_workout[6, 19]",0.141,0.13,0.017,0.358,0.004,0.007,1175.587,1185.262,1.001
"K_uu_workout[6, 20]",0.14,0.129,0.017,0.356,0.004,0.007,1179.983,1249.334,1.001
"K_uu_workout[6, 21]",0.139,0.129,0.017,0.354,0.004,0.007,1183.804,1249.334,1.001
"K_uu_workout[6, 22]",0.138,0.128,0.017,0.353,0.004,0.007,1189.122,1249.334,1.001
"K_uu_workout[6, 23]",0.137,0.128,0.016,0.353,0.004,0.007,1194.731,1249.334,1.001
"K_uu_workout[6, 24]",0.137,0.127,0.013,0.349,0.004,0.007,1200.665,1249.334,1.001
"K_uu_workout[6, 25]",0.136,0.126,0.017,0.352,0.004,0.007,1203.56,1249.334,1.001
"K_uu_workout[6, 26]",0.135,0.126,0.014,0.347,0.004,0.007,1212.524,1217.221,1.001
"K_uu_workout[6, 27]",0.133,0.125,0.016,0.347,0.004,0.007,1224.024,1119.666,1.001
"K_uu_workout[6, 28]",0.132,0.125,0.016,0.346,0.004,0.007,1231.762,1119.666,1.001
"K_uu_workout[6, 29]",0.131,0.124,0.016,0.345,0.004,0.007,1240.09,1119.666,1.001
"K_uu_workout[6, 30]",0.13,0.123,0.01,0.337,0.004,0.007,1253.062,1119.666,1.001
"K_uu_workout[6, 31]",0.129,0.123,0.012,0.339,0.004,0.007,1258.561,1119.666,1.0
"K_uu_workout[6, 32]",0.128,0.122,0.016,0.342,0.004,0.007,1268.253,1119.666,1.0
"K_uu_workout[6, 33]",0.127,0.121,0.014,0.336,0.004,0.007,1276.098,1106.619,1.0
"K_uu_workout[6, 34]",0.125,0.121,0.01,0.33,0.004,0.007,1287.375,1106.619,1.0
"K_uu_workout[6, 35]",0.124,0.12,0.009,0.33,0.004,0.007,1295.037,1133.283,1.0
"K_uu_workout[6, 36]",0.123,0.119,0.011,0.331,0.004,0.007,1291.027,1133.283,1.0
"K_uu_workout[6, 37]",0.122,0.118,0.008,0.325,0.004,0.007,1293.714,1133.283,1.0
"K_uu_workout[6, 38]",0.12,0.118,0.008,0.324,0.004,0.007,1296.953,1149.648,1.0
"K_uu_workout[6, 39]",0.119,0.117,0.011,0.326,0.004,0.007,1298.086,1149.548,1.0
"K_uu_workout[6, 40]",0.118,0.116,0.01,0.324,0.003,0.007,1301.099,1120.688,1.0
"K_uu_workout[6, 41]",0.116,0.116,0.009,0.319,0.003,0.007,1302.712,1120.688,1.0
"K_uu_workout[6, 42]",0.115,0.115,0.008,0.316,0.003,0.007,1306.526,1120.688,1.0
"K_uu_workout[6, 43]",0.114,0.114,0.007,0.312,0.003,0.007,1307.552,1135.86,1.0
"K_uu_workout[6, 44]",0.112,0.114,0.005,0.308,0.003,0.007,1296.166,1148.497,1.0
"K_uu_workout[6, 45]",0.111,0.113,0.006,0.305,0.003,0.007,1294.144,1152.983,1.0
"K_uu_workout[6, 46]",0.109,0.112,0.005,0.303,0.003,0.007,1288.93,1159.838,1.0
"K_uu_workout[6, 47]",0.108,0.111,0.004,0.3,0.003,0.007,1283.5,1139.253,1.0
"K_uu_workout[6, 48]",0.107,0.111,0.004,0.298,0.003,0.007,1278.621,1159.838,1.0
"K_uu_workout[6, 49]",0.105,0.11,0.003,0.293,0.003,0.007,1273.924,1168.256,1.0
"K_uu_workout[7, 0]",0.144,0.132,0.017,0.36,0.004,0.007,1155.042,1200.224,1.001
"K_uu_workout[7, 1]",0.145,0.132,0.017,0.36,0.004,0.007,1153.836,1200.224,1.001
"K_uu_workout[7, 2]",0.145,0.132,0.017,0.362,0.004,0.007,1152.473,1200.224,1.002
"K_uu_workout[7, 3]",0.145,0.133,0.017,0.363,0.004,0.007,1151.776,1215.569,1.002
"K_uu_workout[7, 4]",0.145,0.133,0.017,0.364,0.004,0.007,1150.884,1215.569,1.002
"K_uu_workout[7, 5]",0.146,0.133,0.017,0.365,0.004,0.007,1150.361,1215.569,1.002
"K_uu_workout[7, 6]",0.146,0.133,0.017,0.365,0.004,0.007,1150.51,1215.569,1.002
"K_uu_workout[7, 7]",0.146,0.133,0.017,0.365,0.004,0.007,1150.117,1215.569,1.002
"K_uu_workout[7, 8]",0.146,0.133,0.017,0.365,0.004,0.007,1150.51,1215.569,1.002
"K_uu_workout[7, 9]",0.146,0.133,0.017,0.365,0.004,0.007,1150.361,1215.569,1.002
"K_uu_workout[7, 10]",0.145,0.133,0.017,0.364,0.004,0.007,1150.884,1215.569,1.002
"K_uu_workout[7, 11]",0.145,0.133,0.017,0.363,0.004,0.007,1151.776,1215.569,1.002
"K_uu_workout[7, 12]",0.145,0.132,0.017,0.362,0.004,0.007,1152.473,1200.224,1.002
"K_uu_workout[7, 13]",0.145,0.132,0.017,0.36,0.004,0.007,1153.836,1200.224,1.001
"K_uu_workout[7, 14]",0.144,0.132,0.017,0.36,0.004,0.007,1155.042,1200.224,1.001
"K_uu_workout[7, 15]",0.144,0.132,0.017,0.36,0.004,0.007,1157.376,1200.224,1.001
"K_uu_workout[7, 16]",0.143,0.131,0.017,0.359,0.004,0.007,1160.251,1200.224,1.001
"K_uu_workout[7, 17]",0.143,0.131,0.017,0.359,0.004,0.007,1165.041,1200.8,1.001
"K_uu_workout[7, 18]",0.142,0.131,0.017,0.359,0.004,0.007,1168.668,1200.8,1.001
"K_uu_workout[7, 19]",0.141,0.13,0.017,0.358,0.004,0.007,1173.95,1185.262,1.001
"K_uu_workout[7, 20]",0.141,0.13,0.017,0.358,0.004,0.007,1175.587,1185.262,1.001
"K_uu_workout[7, 21]",0.14,0.129,0.017,0.356,0.004,0.007,1179.983,1249.334,1.001
"K_uu_workout[7, 22]",0.139,0.129,0.017,0.354,0.004,0.007,1183.804,1249.334,1.001
"K_uu_workout[7, 23]",0.138,0.128,0.017,0.353,0.004,0.007,1189.122,1249.334,1.001
"K_uu_workout[7, 24]",0.137,0.128,0.016,0.353,0.004,0.007,1194.731,1249.334,1.001
"K_uu_workout[7, 25]",0.137,0.127,0.013,0.349,0.004,0.007,1200.665,1249.334,1.001
"K_uu_workout[7, 26]",0.136,0.126,0.017,0.352,0.004,0.007,1203.56,1249.334,1.001
"K_uu_workout[7, 27]",0.135,0.126,0.014,0.347,0.004,0.007,1212.524,1217.221,1.001
"K_uu_workout[7, 28]",0.133,0.125,0.016,0.347,0.004,0.007,1224.024,1119.666,1.001
"K_uu_workout[7, 29]",0.132,0.125,0.016,0.346,0.004,0.007,1231.762,1119.666,1.001
"K_uu_workout[7, 30]",0.131,0.124,0.016,0.345,0.004,0.007,1240.09,1119.666,1.001
"K_uu_workout[7, 31]",0.13,0.123,0.01,0.337,0.004,0.007,1253.062,1119.666,1.001
"K_uu_workout[7, 32]",0.129,0.123,0.012,0.339,0.004,0.007,1258.561,1119.666,1.0
"K_uu_workout[7, 33]",0.128,0.122,0.016,0.342,0.004,0.007,1268.253,1119.666,1.0
"K_uu_workout[7, 34]",0.127,0.121,0.014,0.336,0.004,0.007,1276.098,1106.619,1.0
"K_uu_workout[7, 35]",0.125,0.121,0.01,0.33,0.004,0.007,1287.375,1106.619,1.0
"K_uu_workout[7, 36]",0.124,0.12,0.009,0.33,0.004,0.007,1295.037,1133.283,1.0
"K_uu_workout[7, 37]",0.123,0.119,0.011,0.331,0.004,0.007,1291.027,1133.283,1.0
"K_uu_workout[7, 38]",0.122,0.118,0.008,0.325,0.004,0.007,1293.714,1133.283,1.0
"K_uu_workout[7, 39]",0.12,0.118,0.008,0.324,0.004,0.007,1296.953,1149.648,1.0
"K_uu_workout[7, 40]",0.119,0.117,0.011,0.326,0.004,0.007,1298.086,1149.548,1.0
"K_uu_workout[7, 41]",0.118,0.116,0.01,0.324,0.003,0.007,1301.099,1120.688,1.0
"K_uu_workout[7, 42]",0.116,0.116,0.009,0.319,0.003,0.007,1302.712,1120.688,1.0
"K_uu_workout[7, 43]",0.115,0.115,0.008,0.316,0.003,0.007,1306.526,1120.688,1.0
"K_uu_workout[7, 44]",0.114,0.114,0.007,0.312,0.003,0.007,1307.552,1135.86,1.0
"K_uu_workout[7, 45]",0.112,0.114,0.005,0.308,0.003,0.007,1296.166,1148.497,1.0
"K_uu_workout[7, 46]",0.111,0.113,0.006,0.305,0.003,0.007,1294.144,1152.983,1.0
"K_uu_workout[7, 47]",0.109,0.112,0.005,0.303,0.003,0.007,1288.93,1159.838,1.0
"K_uu_workout[7, 48]",0.108,0.111,0.004,0.3,0.003,0.007,1283.5,1139.253,1.0
"K_uu_workout[7, 49]",0.107,0.111,0.004,0.298,0.003,0.007,1278.621,1159.838,1.0
"K_uu_workout[8, 0]",0.144,0.132,0.017,0.36,0.004,0.007,1157.376,1200.224,1.001
"K_uu_workout[8, 1]",0.144,0.132,0.017,0.36,0.004,0.007,1155.042,1200.224,1.001
"K_uu_workout[8, 2]",0.145,0.132,0.017,0.36,0.004,0.007,1153.836,1200.224,1.001
"K_uu_workout[8, 3]",0.145,0.132,0.017,0.362,0.004,0.007,1152.473,1200.224,1.002
"K_uu_workout[8, 4]",0.145,0.133,0.017,0.363,0.004,0.007,1151.776,1215.569,1.002
"K_uu_workout[8, 5]",0.145,0.133,0.017,0.364,0.004,0.007,1150.884,1215.569,1.002
"K_uu_workout[8, 6]",0.146,0.133,0.017,0.365,0.004,0.007,1150.361,1215.569,1.002
"K_uu_workout[8, 7]",0.146,0.133,0.017,0.365,0.004,0.007,1150.51,1215.569,1.002
"K_uu_workout[8, 8]",0.146,0.133,0.017,0.365,0.004,0.007,1150.117,1215.569,1.002
"K_uu_workout[8, 9]",0.146,0.133,0.017,0.365,0.004,0.007,1150.51,1215.569,1.002
"K_uu_workout[8, 10]",0.146,0.133,0.017,0.365,0.004,0.007,1150.361,1215.569,1.002
"K_uu_workout[8, 11]",0.145,0.133,0.017,0.364,0.004,0.007,1150.884,1215.569,1.002
"K_uu_workout[8, 12]",0.145,0.133,0.017,0.363,0.004,0.007,1151.776,1215.569,1.002
"K_uu_workout[8, 13]",0.145,0.132,0.017,0.362,0.004,0.007,1152.473,1200.224,1.002
"K_uu_workout[8, 14]",0.145,0.132,0.017,0.36,0.004,0.007,1153.836,1200.224,1.001
"K_uu_workout[8, 15]",0.144,0.132,0.017,0.36,0.004,0.007,1155.042,1200.224,1.001
"K_uu_workout[8, 16]",0.144,0.132,0.017,0.36,0.004,0.007,1157.376,1200.224,1.001
"K_uu_workout[8, 17]",0.143,0.131,0.017,0.359,0.004,0.007,1160.251,1200.224,1.001
"K_uu_workout[8, 18]",0.143,0.131,0.017,0.359,0.004,0.007,1165.041,1200.8,1.001
"K_uu_workout[8, 19]",0.142,0.131,0.017,0.359,0.004,0.007,1168.668,1200.8,1.001
"K_uu_workout[8, 20]",0.141,0.13,0.017,0.358,0.004,0.007,1173.95,1185.262,1.001
"K_uu_workout[8, 21]",0.141,0.13,0.017,0.358,0.004,0.007,1175.587,1185.262,1.001
"K_uu_workout[8, 22]",0.14,0.129,0.017,0.356,0.004,0.007,1179.983,1249.334,1.001
"K_uu_workout[8, 23]",0.139,0.129,0.017,0.354,0.004,0.007,1183.804,1249.334,1.001
"K_uu_workout[8, 24]",0.138,0.128,0.017,0.353,0.004,0.007,1189.122,1249.334,1.001
"K_uu_workout[8, 25]",0.137,0.128,0.016,0.353,0.004,0.007,1194.731,1249.334,1.001
"K_uu_workout[8, 26]",0.137,0.127,0.013,0.349,0.004,0.007,1200.665,1249.334,1.001
"K_uu_workout[8, 27]",0.136,0.126,0.017,0.352,0.004,0.007,1203.56,1249.334,1.001
"K_uu_workout[8, 28]",0.135,0.126,0.014,0.347,0.004,0.007,1212.524,1217.221,1.001
"K_uu_workout[8, 29]",0.133,0.125,0.016,0.347,0.004,0.007,1224.024,1119.666,1.001
"K_uu_workout[8, 30]",0.132,0.125,0.016,0.346,0.004,0.007,1231.762,1119.666,1.001
"K_uu_workout[8, 31]",0.131,0.124,0.016,0.345,0.004,0.007,1240.09,1119.666,1.001
"K_uu_workout[8, 32]",0.13,0.123,0.01,0.337,0.004,0.007,1253.062,1119.666,1.001
"K_uu_workout[8, 33]",0.129,0.123,0.012,0.339,0.004,0.007,1258.561,1119.666,1.0
"K_uu_workout[8, 34]",0.128,0.122,0.016,0.342,0.004,0.007,1268.253,1119.666,1.0
"K_uu_workout[8, 35]",0.127,0.121,0.014,0.336,0.004,0.007,1276.098,1106.619,1.0
"K_uu_workout[8, 36]",0.125,0.121,0.01,0.33,0.004,0.007,1287.375,1106.619,1.0
"K_uu_workout[8, 37]",0.124,0.12,0.009,0.33,0.004,0.007,1295.037,1133.283,1.0
"K_uu_workout[8, 38]",0.123,0.119,0.011,0.331,0.004,0.007,1291.027,1133.283,1.0
"K_uu_workout[8, 39]",0.122,0.118,0.008,0.325,0.004,0.007,1293.714,1133.283,1.0
"K_uu_workout[8, 40]",0.12,0.118,0.008,0.324,0.004,0.007,1296.953,1149.648,1.0
"K_uu_workout[8, 41]",0.119,0.117,0.011,0.326,0.004,0.007,1298.086,1149.548,1.0
"K_uu_workout[8, 42]",0.118,0.116,0.01,0.324,0.003,0.007,1301.099,1120.688,1.0
"K_uu_workout[8, 43]",0.116,0.116,0.009,0.319,0.003,0.007,1302.712,1120.688,1.0
"K_uu_workout[8, 44]",0.115,0.115,0.008,0.316,0.003,0.007,1306.526,1120.688,1.0
"K_uu_workout[8, 45]",0.114,0.114,0.007,0.312,0.003,0.007,1307.552,1135.86,1.0
"K_uu_workout[8, 46]",0.112,0.114,0.005,0.308,0.003,0.007,1296.166,1148.497,1.0
"K_uu_workout[8, 47]",0.111,0.113,0.006,0.305,0.003,0.007,1294.144,1152.983,1.0
"K_uu_workout[8, 48]",0.109,0.112,0.005,0.303,0.003,0.007,1288.93,1159.838,1.0
"K_uu_workout[8, 49]",0.108,0.111,0.004,0.3,0.003,0.007,1283.5,1139.253,1.0
"K_uu_workout[9, 0]",0.143,0.131,0.017,0.359,0.004,0.007,1160.251,1200.224,1.001
"K_uu_workout[9, 1]",0.144,0.132,0.017,0.36,0.004,0.007,1157.376,1200.224,1.001
"K_uu_workout[9, 2]",0.144,0.132,0.017,0.36,0.004,0.007,1155.042,1200.224,1.001
"K_uu_workout[9, 3]",0.145,0.132,0.017,0.36,0.004,0.007,1153.836,1200.224,1.001
"K_uu_workout[9, 4]",0.145,0.132,0.017,0.362,0.004,0.007,1152.473,1200.224,1.002
"K_uu_workout[9, 5]",0.145,0.133,0.017,0.363,0.004,0.007,1151.776,1215.569,1.002
"K_uu_workout[9, 6]",0.145,0.133,0.017,0.364,0.004,0.007,1150.884,1215.569,1.002
"K_uu_workout[9, 7]",0.146,0.133,0.017,0.365,0.004,0.007,1150.361,1215.569,1.002
"K_uu_workout[9, 8]",0.146,0.133,0.017,0.365,0.004,0.007,1150.51,1215.569,1.002
"K_uu_workout[9, 9]",0.146,0.133,0.017,0.365,0.004,0.007,1150.117,1215.569,1.002
"K_uu_workout[9, 10]",0.146,0.133,0.017,0.365,0.004,0.007,1150.51,1215.569,1.002
"K_uu_workout[9, 11]",0.146,0.133,0.017,0.365,0.004,0.007,1150.361,1215.569,1.002
"K_uu_workout[9, 12]",0.145,0.133,0.017,0.364,0.004,0.007,1150.884,1215.569,1.002
"K_uu_workout[9, 13]",0.145,0.133,0.017,0.363,0.004,0.007,1151.776,1215.569,1.002
"K_uu_workout[9, 14]",0.145,0.132,0.017,0.362,0.004,0.007,1152.473,1200.224,1.002
"K_uu_workout[9, 15]",0.145,0.132,0.017,0.36,0.004,0.007,1153.836,1200.224,1.001
"K_uu_workout[9, 16]",0.144,0.132,0.017,0.36,0.004,0.007,1155.042,1200.224,1.001
"K_uu_workout[9, 17]",0.144,0.132,0.017,0.36,0.004,0.007,1157.376,1200.224,1.001
"K_uu_workout[9, 18]",0.143,0.131,0.017,0.359,0.004,0.007,1160.251,1200.224,1.001
"K_uu_workout[9, 19]",0.143,0.131,0.017,0.359,0.004,0.007,1165.041,1200.8,1.001
"K_uu_workout[9, 20]",0.142,0.131,0.017,0.359,0.004,0.007,1168.668,1200.8,1.001
"K_uu_workout[9, 21]",0.141,0.13,0.017,0.358,0.004,0.007,1173.95,1185.262,1.001
"K_uu_workout[9, 22]",0.141,0.13,0.017,0.358,0.004,0.007,1175.587,1185.262,1.001
"K_uu_workout[9, 23]",0.14,0.129,0.017,0.356,0.004,0.007,1179.983,1249.334,1.001
"K_uu_workout[9, 24]",0.139,0.129,0.017,0.354,0.004,0.007,1183.804,1249.334,1.001
"K_uu_workout[9, 25]",0.138,0.128,0.017,0.353,0.004,0.007,1189.122,1249.334,1.001
"K_uu_workout[9, 26]",0.137,0.128,0.016,0.353,0.004,0.007,1194.731,1249.334,1.001
"K_uu_workout[9, 27]",0.137,0.127,0.013,0.349,0.004,0.007,1200.665,1249.334,1.001
"K_uu_workout[9, 28]",0.136,0.126,0.017,0.352,0.004,0.007,1203.56,1249.334,1.001
"K_uu_workout[9, 29]",0.135,0.126,0.014,0.347,0.004,0.007,1212.524,1217.221,1.001
"K_uu_workout[9, 30]",0.133,0.125,0.016,0.347,0.004,0.007,1224.024,1119.666,1.001
"K_uu_workout[9, 31]",0.132,0.125,0.016,0.346,0.004,0.007,1231.762,1119.666,1.001
"K_uu_workout[9, 32]",0.131,0.124,0.016,0.345,0.004,0.007,1240.09,1119.666,1.001
"K_uu_workout[9, 33]",0.13,0.123,0.01,0.337,0.004,0.007,1253.062,1119.666,1.001
"K_uu_workout[9, 34]",0.129,0.123,0.012,0.339,0.004,0.007,1258.561,1119.666,1.0
"K_uu_workout[9, 35]",0.128,0.122,0.016,0.342,0.004,0.007,1268.253,1119.666,1.0
"K_uu_workout[9, 36]",0.127,0.121,0.014,0.336,0.004,0.007,1276.098,1106.619,1.0
"K_uu_workout[9, 37]",0.125,0.121,0.01,0.33,0.004,0.007,1287.375,1106.619,1.0
"K_uu_workout[9, 38]",0.124,0.12,0.009,0.33,0.004,0.007,1295.037,1133.283,1.0
"K_uu_workout[9, 39]",0.123,0.119,0.011,0.331,0.004,0.007,1291.027,1133.283,1.0
"K_uu_workout[9, 40]",0.122,0.118,0.008,0.325,0.004,0.007,1293.714,1133.283,1.0
"K_uu_workout[9, 41]",0.12,0.118,0.008,0.324,0.004,0.007,1296.953,1149.648,1.0
"K_uu_workout[9, 42]",0.119,0.117,0.011,0.326,0.004,0.007,1298.086,1149.548,1.0
"K_uu_workout[9, 43]",0.118,0.116,0.01,0.324,0.003,0.007,1301.099,1120.688,1.0
"K_uu_workout[9, 44]",0.116,0.116,0.009,0.319,0.003,0.007,1302.712,1120.688,1.0
"K_uu_workout[9, 45]",0.115,0.115,0.008,0.316,0.003,0.007,1306.526,1120.688,1.0
"K_uu_workout[9, 46]",0.114,0.114,0.007,0.312,0.003,0.007,1307.552,1135.86,1.0
"K_uu_workout[9, 47]",0.112,0.114,0.005,0.308,0.003,0.007,1296.166,1148.497,1.0
"K_uu_workout[9, 48]",0.111,0.113,0.006,0.305,0.003,0.007,1294.144,1152.983,1.0
"K_uu_workout[9, 49]",0.109,0.112,0.005,0.303,0.003,0.007,1288.93,1159.838,1.0
"K_uu_workout[10, 0]",0.143,0.131,0.017,0.359,0.004,0.007,1165.041,1200.8,1.001
"K_uu_workout[10, 1]",0.143,0.131,0.017,0.359,0.004,0.007,1160.251,1200.224,1.001
"K_uu_workout[10, 2]",0.144,0.132,0.017,0.36,0.004,0.007,1157.376,1200.224,1.001
"K_uu_workout[10, 3]",0.144,0.132,0.017,0.36,0.004,0.007,1155.042,1200.224,1.001
"K_uu_workout[10, 4]",0.145,0.132,0.017,0.36,0.004,0.007,1153.836,1200.224,1.001
"K_uu_workout[10, 5]",0.145,0.132,0.017,0.362,0.004,0.007,1152.473,1200.224,1.002
"K_uu_workout[10, 6]",0.145,0.133,0.017,0.363,0.004,0.007,1151.776,1215.569,1.002
"K_uu_workout[10, 7]",0.145,0.133,0.017,0.364,0.004,0.007,1150.884,1215.569,1.002
"K_uu_workout[10, 8]",0.146,0.133,0.017,0.365,0.004,0.007,1150.361,1215.569,1.002
"K_uu_workout[10, 9]",0.146,0.133,0.017,0.365,0.004,0.007,1150.51,1215.569,1.002
"K_uu_workout[10, 10]",0.146,0.133,0.017,0.365,0.004,0.007,1150.117,1215.569,1.002
"K_uu_workout[10, 11]",0.146,0.133,0.017,0.365,0.004,0.007,1150.51,1215.569,1.002
"K_uu_workout[10, 12]",0.146,0.133,0.017,0.365,0.004,0.007,1150.361,1215.569,1.002
"K_uu_workout[10, 13]",0.145,0.133,0.017,0.364,0.004,0.007,1150.884,1215.569,1.002
"K_uu_workout[10, 14]",0.145,0.133,0.017,0.363,0.004,0.007,1151.776,1215.569,1.002
"K_uu_workout[10, 15]",0.145,0.132,0.017,0.362,0.004,0.007,1152.473,1200.224,1.002
"K_uu_workout[10, 16]",0.145,0.132,0.017,0.36,0.004,0.007,1153.836,1200.224,1.001
"K_uu_workout[10, 17]",0.144,0.132,0.017,0.36,0.004,0.007,1155.042,1200.224,1.001
"K_uu_workout[10, 18]",0.144,0.132,0.017,0.36,0.004,0.007,1157.376,1200.224,1.001
"K_uu_workout[10, 19]",0.143,0.131,0.017,0.359,0.004,0.007,1160.251,1200.224,1.001
"K_uu_workout[10, 20]",0.143,0.131,0.017,0.359,0.004,0.007,1165.041,1200.8,1.001
"K_uu_workout[10, 21]",0.142,0.131,0.017,0.359,0.004,0.007,1168.668,1200.8,1.001
"K_uu_workout[10, 22]",0.141,0.13,0.017,0.358,0.004,0.007,1173.95,1185.262,1.001
"K_uu_workout[10, 23]",0.141,0.13,0.017,0.358,0.004,0.007,1175.587,1185.262,1.001
"K_uu_workout[10, 24]",0.14,0.129,0.017,0.356,0.004,0.007,1179.983,1249.334,1.001
"K_uu_workout[10, 25]",0.139,0.129,0.017,0.354,0.004,0.007,1183.804,1249.334,1.001
"K_uu_workout[10, 26]",0.138,0.128,0.017,0.353,0.004,0.007,1189.122,1249.334,1.001
"K_uu_workout[10, 27]",0.137,0.128,0.016,0.353,0.004,0.007,1194.731,1249.334,1.001
"K_uu_workout[10, 28]",0.137,0.127,0.013,0.349,0.004,0.007,1200.665,1249.334,1.001
"K_uu_workout[10, 29]",0.136,0.126,0.017,0.352,0.004,0.007,1203.56,1249.334,1.001
"K_uu_workout[10, 30]",0.135,0.126,0.014,0.347,0.004,0.007,1212.524,1217.221,1.001
"K_uu_workout[10, 31]",0.133,0.125,0.016,0.347,0.004,0.007,1224.024,1119.666,1.001
"K_uu_workout[10, 32]",0.132,0.125,0.016,0.346,0.004,0.007,1231.762,1119.666,1.001
"K_uu_workout[10, 33]",0.131,0.124,0.016,0.345,0.004,0.007,1240.09,1119.666,1.001
"K_uu_workout[10, 34]",0.13,0.123,0.01,0.337,0.004,0.007,1253.062,1119.666,1.001
"K_uu_workout[10, 35]",0.129,0.123,0.012,0.339,0.004,0.007,1258.561,1119.666,1.0
"K_uu_workout[10, 36]",0.128,0.122,0.016,0.342,0.004,0.007,1268.253,1119.666,1.0
"K_uu_workout[10, 37]",0.127,0.121,0.014,0.336,0.004,0.007,1276.098,1106.619,1.0
"K_uu_workout[10, 38]",0.125,0.121,0.01,0.33,0.004,0.007,1287.375,1106.619,1.0
"K_uu_workout[10, 39]",0.124,0.12,0.009,0.33,0.004,0.007,1295.037,1133.283,1.0
"K_uu_workout[10, 40]",0.123,0.119,0.011,0.331,0.004,0.007,1291.027,1133.283,1.0
"K_uu_workout[10, 41]",0.122,0.118,0.008,0.325,0.004,0.007,1293.714,1133.283,1.0
"K_uu_workout[10, 42]",0.12,0.118,0.008,0.324,0.004,0.007,1296.953,1149.648,1.0
"K_uu_workout[10, 43]",0.119,0.117,0.011,0.326,0.004,0.007,1298.086,1149.548,1.0
"K_uu_workout[10, 44]",0.118,0.116,0.01,0.324,0.003,0.007,1301.099,1120.688,1.0
"K_uu_workout[10, 45]",0.116,0.116,0.009,0.319,0.003,0.007,1302.712,1120.688,1.0
"K_uu_workout[10, 46]",0.115,0.115,0.008,0.316,0.003,0.007,1306.526,1120.688,1.0
"K_uu_workout[10, 47]",0.114,0.114,0.007,0.312,0.003,0.007,1307.552,1135.86,1.0
"K_uu_workout[10, 48]",0.112,0.114,0.005,0.308,0.003,0.007,1296.166,1148.497,1.0
"K_uu_workout[10, 49]",0.111,0.113,0.006,0.305,0.003,0.007,1294.144,1152.983,1.0
"K_uu_workout[11, 0]",0.142,0.131,0.017,0.359,0.004,0.007,1168.668,1200.8,1.001
"K_uu_workout[11, 1]",0.143,0.131,0.017,0.359,0.004,0.007,1165.041,1200.8,1.001
"K_uu_workout[11, 2]",0.143,0.131,0.017,0.359,0.004,0.007,1160.251,1200.224,1.001
"K_uu_workout[11, 3]",0.144,0.132,0.017,0.36,0.004,0.007,1157.376,1200.224,1.001
"K_uu_workout[11, 4]",0.144,0.132,0.017,0.36,0.004,0.007,1155.042,1200.224,1.001
"K_uu_workout[11, 5]",0.145,0.132,0.017,0.36,0.004,0.007,1153.836,1200.224,1.001
"K_uu_workout[11, 6]",0.145,0.132,0.017,0.362,0.004,0.007,1152.473,1200.224,1.002
"K_uu_workout[11, 7]",0.145,0.133,0.017,0.363,0.004,0.007,1151.776,1215.569,1.002
"K_uu_workout[11, 8]",0.145,0.133,0.017,0.364,0.004,0.007,1150.884,1215.569,1.002
"K_uu_workout[11, 9]",0.146,0.133,0.017,0.365,0.004,0.007,1150.361,1215.569,1.002
"K_uu_workout[11, 10]",0.146,0.133,0.017,0.365,0.004,0.007,1150.51,1215.569,1.002
"K_uu_workout[11, 11]",0.146,0.133,0.017,0.365,0.004,0.007,1150.117,1215.569,1.002
"K_uu_workout[11, 12]",0.146,0.133,0.017,0.365,0.004,0.007,1150.51,1215.569,1.002
"K_uu_workout[11, 13]",0.146,0.133,0.017,0.365,0.004,0.007,1150.361,1215.569,1.002
"K_uu_workout[11, 14]",0.145,0.133,0.017,0.364,0.004,0.007,1150.884,1215.569,1.002
"K_uu_workout[11, 15]",0.145,0.133,0.017,0.363,0.004,0.007,1151.776,1215.569,1.002
"K_uu_workout[11, 16]",0.145,0.132,0.017,0.362,0.004,0.007,1152.473,1200.224,1.002
"K_uu_workout[11, 17]",0.145,0.132,0.017,0.36,0.004,0.007,1153.836,1200.224,1.001
"K_uu_workout[11, 18]",0.144,0.132,0.017,0.36,0.004,0.007,1155.042,1200.224,1.001
"K_uu_workout[11, 19]",0.144,0.132,0.017,0.36,0.004,0.007,1157.376,1200.224,1.001
"K_uu_workout[11, 20]",0.143,0.131,0.017,0.359,0.004,0.007,1160.251,1200.224,1.001
"K_uu_workout[11, 21]",0.143,0.131,0.017,0.359,0.004,0.007,1165.041,1200.8,1.001
"K_uu_workout[11, 22]",0.142,0.131,0.017,0.359,0.004,0.007,1168.668,1200.8,1.001
"K_uu_workout[11, 23]",0.141,0.13,0.017,0.358,0.004,0.007,1173.95,1185.262,1.001
"K_uu_workout[11, 24]",0.141,0.13,0.017,0.358,0.004,0.007,1175.587,1185.262,1.001
"K_uu_workout[11, 25]",0.14,0.129,0.017,0.356,0.004,0.007,1179.983,1249.334,1.001
"K_uu_workout[11, 26]",0.139,0.129,0.017,0.354,0.004,0.007,1183.804,1249.334,1.001
"K_uu_workout[11, 27]",0.138,0.128,0.017,0.353,0.004,0.007,1189.122,1249.334,1.001
"K_uu_workout[11, 28]",0.137,0.128,0.016,0.353,0.004,0.007,1194.731,1249.334,1.001
"K_uu_workout[11, 29]",0.137,0.127,0.013,0.349,0.004,0.007,1200.665,1249.334,1.001
"K_uu_workout[11, 30]",0.136,0.126,0.017,0.352,0.004,0.007,1203.56,1249.334,1.001
"K_uu_workout[11, 31]",0.135,0.126,0.014,0.347,0.004,0.007,1212.524,1217.221,1.001
"K_uu_workout[11, 32]",0.133,0.125,0.016,0.347,0.004,0.007,1224.024,1119.666,1.001
"K_uu_workout[11, 33]",0.132,0.125,0.016,0.346,0.004,0.007,1231.762,1119.666,1.001
"K_uu_workout[11, 34]",0.131,0.124,0.016,0.345,0.004,0.007,1240.09,1119.666,1.001
"K_uu_workout[11, 35]",0.13,0.123,0.01,0.337,0.004,0.007,1253.062,1119.666,1.001
"K_uu_workout[11, 36]",0.129,0.123,0.012,0.339,0.004,0.007,1258.561,1119.666,1.0
"K_uu_workout[11, 37]",0.128,0.122,0.016,0.342,0.004,0.007,1268.253,1119.666,1.0
"K_uu_workout[11, 38]",0.127,0.121,0.014,0.336,0.004,0.007,1276.098,1106.619,1.0
"K_uu_workout[11, 39]",0.125,0.121,0.01,0.33,0.004,0.007,1287.375,1106.619,1.0
"K_uu_workout[11, 40]",0.124,0.12,0.009,0.33,0.004,0.007,1295.037,1133.283,1.0
"K_uu_workout[11, 41]",0.123,0.119,0.011,0.331,0.004,0.007,1291.027,1133.283,1.0
"K_uu_workout[11, 42]",0.122,0.118,0.008,0.325,0.004,0.007,1293.714,1133.283,1.0
"K_uu_workout[11, 43]",0.12,0.118,0.008,0.324,0.004,0.007,1296.953,1149.648,1.0
"K_uu_workout[11, 44]",0.119,0.117,0.011,0.326,0.004,0.007,1298.086,1149.548,1.0
"K_uu_workout[11, 45]",0.118,0.116,0.01,0.324,0.003,0.007,1301.099,1120.688,1.0
"K_uu_workout[11, 46]",0.116,0.116,0.009,0.319,0.003,0.007,1302.712,1120.688,1.0
"K_uu_workout[11, 47]",0.115,0.115,0.008,0.316,0.003,0.007,1306.526,1120.688,1.0
"K_uu_workout[11, 48]",0.114,0.114,0.007,0.312,0.003,0.007,1307.552,1135.86,1.0
"K_uu_workout[11, 49]",0.112,0.114,0.005,0.308,0.003,0.007,1296.166,1148.497,1.0
"K_uu_workout[12, 0]",0.141,0.13,0.017,0.358,0.004,0.007,1173.95,1185.262,1.001
"K_uu_workout[12, 1]",0.142,0.131,0.017,0.359,0.004,0.007,1168.668,1200.8,1.001
"K_uu_workout[12, 2]",0.143,0.131,0.017,0.359,0.004,0.007,1165.041,1200.8,1.001
"K_uu_workout[12, 3]",0.143,0.131,0.017,0.359,0.004,0.007,1160.251,1200.224,1.001
"K_uu_workout[12, 4]",0.144,0.132,0.017,0.36,0.004,0.007,1157.376,1200.224,1.001
"K_uu_workout[12, 5]",0.144,0.132,0.017,0.36,0.004,0.007,1155.042,1200.224,1.001
"K_uu_workout[12, 6]",0.145,0.132,0.017,0.36,0.004,0.007,1153.836,1200.224,1.001
"K_uu_workout[12, 7]",0.145,0.132,0.017,0.362,0.004,0.007,1152.473,1200.224,1.002
"K_uu_workout[12, 8]",0.145,0.133,0.017,0.363,0.004,0.007,1151.776,1215.569,1.002
"K_uu_workout[12, 9]",0.145,0.133,0.017,0.364,0.004,0.007,1150.884,1215.569,1.002
"K_uu_workout[12, 10]",0.146,0.133,0.017,0.365,0.004,0.007,1150.361,1215.569,1.002
"K_uu_workout[12, 11]",0.146,0.133,0.017,0.365,0.004,0.007,1150.51,1215.569,1.002
"K_uu_workout[12, 12]",0.146,0.133,0.017,0.365,0.004,0.007,1150.117,1215.569,1.002
"K_uu_workout[12, 13]",0.146,0.133,0.017,0.365,0.004,0.007,1150.51,1215.569,1.002
"K_uu_workout[12, 14]",0.146,0.133,0.017,0.365,0.004,0.007,1150.361,1215.569,1.002
"K_uu_workout[12, 15]",0.145,0.133,0.017,0.364,0.004,0.007,1150.884,1215.569,1.002
"K_uu_workout[12, 16]",0.145,0.133,0.017,0.363,0.004,0.007,1151.776,1215.569,1.002
"K_uu_workout[12, 17]",0.145,0.132,0.017,0.362,0.004,0.007,1152.473,1200.224,1.002
"K_uu_workout[12, 18]",0.145,0.132,0.017,0.36,0.004,0.007,1153.836,1200.224,1.001
"K_uu_workout[12, 19]",0.144,0.132,0.017,0.36,0.004,0.007,1155.042,1200.224,1.001
"K_uu_workout[12, 20]",0.144,0.132,0.017,0.36,0.004,0.007,1157.376,1200.224,1.001
"K_uu_workout[12, 21]",0.143,0.131,0.017,0.359,0.004,0.007,1160.251,1200.224,1.001
"K_uu_workout[12, 22]",0.143,0.131,0.017,0.359,0.004,0.007,1165.041,1200.8,1.001
"K_uu_workout[12, 23]",0.142,0.131,0.017,0.359,0.004,0.007,1168.668,1200.8,1.001
"K_uu_workout[12, 24]",0.141,0.13,0.017,0.358,0.004,0.007,1173.95,1185.262,1.001
"K_uu_workout[12, 25]",0.141,0.13,0.017,0.358,0.004,0.007,1175.587,1185.262,1.001
"K_uu_workout[12, 26]",0.14,0.129,0.017,0.356,0.004,0.007,1179.983,1249.334,1.001
"K_uu_workout[12, 27]",0.139,0.129,0.017,0.354,0.004,0.007,1183.804,1249.334,1.001
"K_uu_workout[12, 28]",0.138,0.128,0.017,0.353,0.004,0.007,1189.122,1249.334,1.001
"K_uu_workout[12, 29]",0.137,0.128,0.016,0.353,0.004,0.007,1194.731,1249.334,1.001
"K_uu_workout[12, 30]",0.137,0.127,0.013,0.349,0.004,0.007,1200.665,1249.334,1.001
"K_uu_workout[12, 31]",0.136,0.126,0.017,0.352,0.004,0.007,1203.56,1249.334,1.001
"K_uu_workout[12, 32]",0.135,0.126,0.014,0.347,0.004,0.007,1212.524,1217.221,1.001
"K_uu_workout[12, 33]",0.133,0.125,0.016,0.347,0.004,0.007,1224.024,1119.666,1.001
"K_uu_workout[12, 34]",0.132,0.125,0.016,0.346,0.004,0.007,1231.762,1119.666,1.001
"K_uu_workout[12, 35]",0.131,0.124,0.016,0.345,0.004,0.007,1240.09,1119.666,1.001
"K_uu_workout[12, 36]",0.13,0.123,0.01,0.337,0.004,0.007,1253.062,1119.666,1.001
"K_uu_workout[12, 37]",0.129,0.123,0.012,0.339,0.004,0.007,1258.561,1119.666,1.0
"K_uu_workout[12, 38]",0.128,0.122,0.016,0.342,0.004,0.007,1268.253,1119.666,1.0
"K_uu_workout[12, 39]",0.127,0.121,0.014,0.336,0.004,0.007,1276.098,1106.619,1.0
"K_uu_workout[12, 40]",0.125,0.121,0.01,0.33,0.004,0.007,1287.375,1106.619,1.0
"K_uu_workout[12, 41]",0.124,0.12,0.009,0.33,0.004,0.007,1295.037,1133.283,1.0
"K_uu_workout[12, 42]",0.123,0.119,0.011,0.331,0.004,0.007,1291.027,1133.283,1.0
"K_uu_workout[12, 43]",0.122,0.118,0.008,0.325,0.004,0.007,1293.714,1133.283,1.0
"K_uu_workout[12, 44]",0.12,0.118,0.008,0.324,0.004,0.007,1296.953,1149.648,1.0
"K_uu_workout[12, 45]",0.119,0.117,0.011,0.326,0.004,0.007,1298.086,1149.548,1.0
"K_uu_workout[12, 46]",0.118,0.116,0.01,0.324,0.003,0.007,1301.099,1120.688,1.0
"K_uu_workout[12, 47]",0.116,0.116,0.009,0.319,0.003,0.007,1302.712,1120.688,1.0
"K_uu_workout[12, 48]",0.115,0.115,0.008,0.316,0.003,0.007,1306.526,1120.688,1.0
"K_uu_workout[12, 49]",0.114,0.114,0.007,0.312,0.003,0.007,1307.552,1135.86,1.0
"K_uu_workout[13, 0]",0.141,0.13,0.017,0.358,0.004,0.007,1175.587,1185.262,1.001
"K_uu_workout[13, 1]",0.141,0.13,0.017,0.358,0.004,0.007,1173.95,1185.262,1.001
"K_uu_workout[13, 2]",0.142,0.131,0.017,0.359,0.004,0.007,1168.668,1200.8,1.001
"K_uu_workout[13, 3]",0.143,0.131,0.017,0.359,0.004,0.007,1165.041,1200.8,1.001
"K_uu_workout[13, 4]",0.143,0.131,0.017,0.359,0.004,0.007,1160.251,1200.224,1.001
"K_uu_workout[13, 5]",0.144,0.132,0.017,0.36,0.004,0.007,1157.376,1200.224,1.001
"K_uu_workout[13, 6]",0.144,0.132,0.017,0.36,0.004,0.007,1155.042,1200.224,1.001
"K_uu_workout[13, 7]",0.145,0.132,0.017,0.36,0.004,0.007,1153.836,1200.224,1.001
"K_uu_workout[13, 8]",0.145,0.132,0.017,0.362,0.004,0.007,1152.473,1200.224,1.002
"K_uu_workout[13, 9]",0.145,0.133,0.017,0.363,0.004,0.007,1151.776,1215.569,1.002
"K_uu_workout[13, 10]",0.145,0.133,0.017,0.364,0.004,0.007,1150.884,1215.569,1.002
"K_uu_workout[13, 11]",0.146,0.133,0.017,0.365,0.004,0.007,1150.361,1215.569,1.002
"K_uu_workout[13, 12]",0.146,0.133,0.017,0.365,0.004,0.007,1150.51,1215.569,1.002
"K_uu_workout[13, 13]",0.146,0.133,0.017,0.365,0.004,0.007,1150.117,1215.569,1.002
"K_uu_workout[13, 14]",0.146,0.133,0.017,0.365,0.004,0.007,1150.51,1215.569,1.002
"K_uu_workout[13, 15]",0.146,0.133,0.017,0.365,0.004,0.007,1150.361,1215.569,1.002
"K_uu_workout[13, 16]",0.145,0.133,0.017,0.364,0.004,0.007,1150.884,1215.569,1.002
"K_uu_workout[13, 17]",0.145,0.133,0.017,0.363,0.004,0.007,1151.776,1215.569,1.002
"K_uu_workout[13, 18]",0.145,0.132,0.017,0.362,0.004,0.007,1152.473,1200.224,1.002
"K_uu_workout[13, 19]",0.145,0.132,0.017,0.36,0.004,0.007,1153.836,1200.224,1.001
"K_uu_workout[13, 20]",0.144,0.132,0.017,0.36,0.004,0.007,1155.042,1200.224,1.001
"K_uu_workout[13, 21]",0.144,0.132,0.017,0.36,0.004,0.007,1157.376,1200.224,1.001
"K_uu_workout[13, 22]",0.143,0.131,0.017,0.359,0.004,0.007,1160.251,1200.224,1.001
"K_uu_workout[13, 23]",0.143,0.131,0.017,0.359,0.004,0.007,1165.041,1200.8,1.001
"K_uu_workout[13, 24]",0.142,0.131,0.017,0.359,0.004,0.007,1168.668,1200.8,1.001
"K_uu_workout[13, 25]",0.141,0.13,0.017,0.358,0.004,0.007,1173.95,1185.262,1.001
"K_uu_workout[13, 26]",0.141,0.13,0.017,0.358,0.004,0.007,1175.587,1185.262,1.001
"K_uu_workout[13, 27]",0.14,0.129,0.017,0.356,0.004,0.007,1179.983,1249.334,1.001
"K_uu_workout[13, 28]",0.139,0.129,0.017,0.354,0.004,0.007,1183.804,1249.334,1.001
"K_uu_workout[13, 29]",0.138,0.128,0.017,0.353,0.004,0.007,1189.122,1249.334,1.001
"K_uu_workout[13, 30]",0.137,0.128,0.016,0.353,0.004,0.007,1194.731,1249.334,1.001
"K_uu_workout[13, 31]",0.137,0.127,0.013,0.349,0.004,0.007,1200.665,1249.334,1.001
"K_uu_workout[13, 32]",0.136,0.126,0.017,0.352,0.004,0.007,1203.56,1249.334,1.001
"K_uu_workout[13, 33]",0.135,0.126,0.014,0.347,0.004,0.007,1212.524,1217.221,1.001
"K_uu_workout[13, 34]",0.133,0.125,0.016,0.347,0.004,0.007,1224.024,1119.666,1.001
"K_uu_workout[13, 35]",0.132,0.125,0.016,0.346,0.004,0.007,1231.762,1119.666,1.001
"K_uu_workout[13, 36]",0.131,0.124,0.016,0.345,0.004,0.007,1240.09,1119.666,1.001
"K_uu_workout[13, 37]",0.13,0.123,0.01,0.337,0.004,0.007,1253.062,1119.666,1.001
"K_uu_workout[13, 38]",0.129,0.123,0.012,0.339,0.004,0.007,1258.561,1119.666,1.0
"K_uu_workout[13, 39]",0.128,0.122,0.016,0.342,0.004,0.007,1268.253,1119.666,1.0
"K_uu_workout[13, 40]",0.127,0.121,0.014,0.336,0.004,0.007,1276.098,1106.619,1.0
"K_uu_workout[13, 41]",0.125,0.121,0.01,0.33,0.004,0.007,1287.375,1106.619,1.0
"K_uu_workout[13, 42]",0.124,0.12,0.009,0.33,0.004,0.007,1295.037,1133.283,1.0
"K_uu_workout[13, 43]",0.123,0.119,0.011,0.331,0.004,0.007,1291.027,1133.283,1.0
"K_uu_workout[13, 44]",0.122,0.118,0.008,0.325,0.004,0.007,1293.714,1133.283,1.0
"K_uu_workout[13, 45]",0.12,0.118,0.008,0.324,0.004,0.007,1296.953,1149.648,1.0
"K_uu_workout[13, 46]",0.119,0.117,0.011,0.326,0.004,0.007,1298.086,1149.548,1.0
"K_uu_workout[13, 47]",0.118,0.116,0.01,0.324,0.003,0.007,1301.099,1120.688,1.0
"K_uu_workout[13, 48]",0.116,0.116,0.009,0.319,0.003,0.007,1302.712,1120.688,1.0
"K_uu_workout[13, 49]",0.115,0.115,0.008,0.316,0.003,0.007,1306.526,1120.688,1.0
"K_uu_workout[14, 0]",0.14,0.129,0.017,0.356,0.004,0.007,1179.983,1249.334,1.001
"K_uu_workout[14, 1]",0.141,0.13,0.017,0.358,0.004,0.007,1175.587,1185.262,1.001
"K_uu_workout[14, 2]",0.141,0.13,0.017,0.358,0.004,0.007,1173.95,1185.262,1.001
"K_uu_workout[14, 3]",0.142,0.131,0.017,0.359,0.004,0.007,1168.668,1200.8,1.001
"K_uu_workout[14, 4]",0.143,0.131,0.017,0.359,0.004,0.007,1165.041,1200.8,1.001
"K_uu_workout[14, 5]",0.143,0.131,0.017,0.359,0.004,0.007,1160.251,1200.224,1.001
"K_uu_workout[14, 6]",0.144,0.132,0.017,0.36,0.004,0.007,1157.376,1200.224,1.001
"K_uu_workout[14, 7]",0.144,0.132,0.017,0.36,0.004,0.007,1155.042,1200.224,1.001
"K_uu_workout[14, 8]",0.145,0.132,0.017,0.36,0.004,0.007,1153.836,1200.224,1.001
"K_uu_workout[14, 9]",0.145,0.132,0.017,0.362,0.004,0.007,1152.473,1200.224,1.002
"K_uu_workout[14, 10]",0.145,0.133,0.017,0.363,0.004,0.007,1151.776,1215.569,1.002
"K_uu_workout[14, 11]",0.145,0.133,0.017,0.364,0.004,0.007,1150.884,1215.569,1.002
"K_uu_workout[14, 12]",0.146,0.133,0.017,0.365,0.004,0.007,1150.361,1215.569,1.002
"K_uu_workout[14, 13]",0.146,0.133,0.017,0.365,0.004,0.007,1150.51,1215.569,1.002
"K_uu_workout[14, 14]",0.146,0.133,0.017,0.365,0.004,0.007,1150.117,1215.569,1.002
"K_uu_workout[14, 15]",0.146,0.133,0.017,0.365,0.004,0.007,1150.51,1215.569,1.002
"K_uu_workout[14, 16]",0.146,0.133,0.017,0.365,0.004,0.007,1150.361,1215.569,1.002
"K_uu_workout[14, 17]",0.145,0.133,0.017,0.364,0.004,0.007,1150.884,1215.569,1.002
"K_uu_workout[14, 18]",0.145,0.133,0.017,0.363,0.004,0.007,1151.776,1215.569,1.002
"K_uu_workout[14, 19]",0.145,0.132,0.017,0.362,0.004,0.007,1152.473,1200.224,1.002
"K_uu_workout[14, 20]",0.145,0.132,0.017,0.36,0.004,0.007,1153.836,1200.224,1.001
"K_uu_workout[14, 21]",0.144,0.132,0.017,0.36,0.004,0.007,1155.042,1200.224,1.001
"K_uu_workout[14, 22]",0.144,0.132,0.017,0.36,0.004,0.007,1157.376,1200.224,1.001
"K_uu_workout[14, 23]",0.143,0.131,0.017,0.359,0.004,0.007,1160.251,1200.224,1.001
"K_uu_workout[14, 24]",0.143,0.131,0.017,0.359,0.004,0.007,1165.041,1200.8,1.001
"K_uu_workout[14, 25]",0.142,0.131,0.017,0.359,0.004,0.007,1168.668,1200.8,1.001
"K_uu_workout[14, 26]",0.141,0.13,0.017,0.358,0.004,0.007,1173.95,1185.262,1.001
"K_uu_workout[14, 27]",0.141,0.13,0.017,0.358,0.004,0.007,1175.587,1185.262,1.001
"K_uu_workout[14, 28]",0.14,0.129,0.017,0.356,0.004,0.007,1179.983,1249.334,1.001
"K_uu_workout[14, 29]",0.139,0.129,0.017,0.354,0.004,0.007,1183.804,1249.334,1.001
"K_uu_workout[14, 30]",0.138,0.128,0.017,0.353,0.004,0.007,1189.122,1249.334,1.001
"K_uu_workout[14, 31]",0.137,0.128,0.016,0.353,0.004,0.007,1194.731,1249.334,1.001
"K_uu_workout[14, 32]",0.137,0.127,0.013,0.349,0.004,0.007,1200.665,1249.334,1.001
"K_uu_workout[14, 33]",0.136,0.126,0.017,0.352,0.004,0.007,1203.56,1249.334,1.001
"K_uu_workout[14, 34]",0.135,0.126,0.014,0.347,0.004,0.007,1212.524,1217.221,1.001
"K_uu_workout[14, 35]",0.133,0.125,0.016,0.347,0.004,0.007,1224.024,1119.666,1.001
"K_uu_workout[14, 36]",0.132,0.125,0.016,0.346,0.004,0.007,1231.762,1119.666,1.001
"K_uu_workout[14, 37]",0.131,0.124,0.016,0.345,0.004,0.007,1240.09,1119.666,1.001
"K_uu_workout[14, 38]",0.13,0.123,0.01,0.337,0.004,0.007,1253.062,1119.666,1.001
"K_uu_workout[14, 39]",0.129,0.123,0.012,0.339,0.004,0.007,1258.561,1119.666,1.0
"K_uu_workout[14, 40]",0.128,0.122,0.016,0.342,0.004,0.007,1268.253,1119.666,1.0
"K_uu_workout[14, 41]",0.127,0.121,0.014,0.336,0.004,0.007,1276.098,1106.619,1.0
"K_uu_workout[14, 42]",0.125,0.121,0.01,0.33,0.004,0.007,1287.375,1106.619,1.0
"K_uu_workout[14, 43]",0.124,0.12,0.009,0.33,0.004,0.007,1295.037,1133.283,1.0
"K_uu_workout[14, 44]",0.123,0.119,0.011,0.331,0.004,0.007,1291.027,1133.283,1.0
"K_uu_workout[14, 45]",0.122,0.118,0.008,0.325,0.004,0.007,1293.714,1133.283,1.0
"K_uu_workout[14, 46]",0.12,0.118,0.008,0.324,0.004,0.007,1296.953,1149.648,1.0
"K_uu_workout[14, 47]",0.119,0.117,0.011,0.326,0.004,0.007,1298.086,1149.548,1.0
"K_uu_workout[14, 48]",0.118,0.116,0.01,0.324,0.003,0.007,1301.099,1120.688,1.0
"K_uu_workout[14, 49]",0.116,0.116,0.009,0.319,0.003,0.007,1302.712,1120.688,1.0
"K_uu_workout[15, 0]",0.139,0.129,0.017,0.354,0.004,0.007,1183.804,1249.334,1.001
"K_uu_workout[15, 1]",0.14,0.129,0.017,0.356,0.004,0.007,1179.983,1249.334,1.001
"K_uu_workout[15, 2]",0.141,0.13,0.017,0.358,0.004,0.007,1175.587,1185.262,1.001
"K_uu_workout[15, 3]",0.141,0.13,0.017,0.358,0.004,0.007,1173.95,1185.262,1.001
"K_uu_workout[15, 4]",0.142,0.131,0.017,0.359,0.004,0.007,1168.668,1200.8,1.001
"K_uu_workout[15, 5]",0.143,0.131,0.017,0.359,0.004,0.007,1165.041,1200.8,1.001
"K_uu_workout[15, 6]",0.143,0.131,0.017,0.359,0.004,0.007,1160.251,1200.224,1.001
"K_uu_workout[15, 7]",0.144,0.132,0.017,0.36,0.004,0.007,1157.376,1200.224,1.001
"K_uu_workout[15, 8]",0.144,0.132,0.017,0.36,0.004,0.007,1155.042,1200.224,1.001
"K_uu_workout[15, 9]",0.145,0.132,0.017,0.36,0.004,0.007,1153.836,1200.224,1.001
"K_uu_workout[15, 10]",0.145,0.132,0.017,0.362,0.004,0.007,1152.473,1200.224,1.002
"K_uu_workout[15, 11]",0.145,0.133,0.017,0.363,0.004,0.007,1151.776,1215.569,1.002
"K_uu_workout[15, 12]",0.145,0.133,0.017,0.364,0.004,0.007,1150.884,1215.569,1.002
"K_uu_workout[15, 13]",0.146,0.133,0.017,0.365,0.004,0.007,1150.361,1215.569,1.002
"K_uu_workout[15, 14]",0.146,0.133,0.017,0.365,0.004,0.007,1150.51,1215.569,1.002
"K_uu_workout[15, 15]",0.146,0.133,0.017,0.365,0.004,0.007,1150.117,1215.569,1.002
"K_uu_workout[15, 16]",0.146,0.133,0.017,0.365,0.004,0.007,1150.51,1215.569,1.002
"K_uu_workout[15, 17]",0.146,0.133,0.017,0.365,0.004,0.007,1150.361,1215.569,1.002
"K_uu_workout[15, 18]",0.145,0.133,0.017,0.364,0.004,0.007,1150.884,1215.569,1.002
"K_uu_workout[15, 19]",0.145,0.133,0.017,0.363,0.004,0.007,1151.776,1215.569,1.002
"K_uu_workout[15, 20]",0.145,0.132,0.017,0.362,0.004,0.007,1152.473,1200.224,1.002
"K_uu_workout[15, 21]",0.145,0.132,0.017,0.36,0.004,0.007,1153.836,1200.224,1.001
"K_uu_workout[15, 22]",0.144,0.132,0.017,0.36,0.004,0.007,1155.042,1200.224,1.001
"K_uu_workout[15, 23]",0.144,0.132,0.017,0.36,0.004,0.007,1157.376,1200.224,1.001
"K_uu_workout[15, 24]",0.143,0.131,0.017,0.359,0.004,0.007,1160.251,1200.224,1.001
"K_uu_workout[15, 25]",0.143,0.131,0.017,0.359,0.004,0.007,1165.041,1200.8,1.001
"K_uu_workout[15, 26]",0.142,0.131,0.017,0.359,0.004,0.007,1168.668,1200.8,1.001
"K_uu_workout[15, 27]",0.141,0.13,0.017,0.358,0.004,0.007,1173.95,1185.262,1.001
"K_uu_workout[15, 28]",0.141,0.13,0.017,0.358,0.004,0.007,1175.587,1185.262,1.001
"K_uu_workout[15, 29]",0.14,0.129,0.017,0.356,0.004,0.007,1179.983,1249.334,1.001
"K_uu_workout[15, 30]",0.139,0.129,0.017,0.354,0.004,0.007,1183.804,1249.334,1.001
"K_uu_workout[15, 31]",0.138,0.128,0.017,0.353,0.004,0.007,1189.122,1249.334,1.001
"K_uu_workout[15, 32]",0.137,0.128,0.016,0.353,0.004,0.007,1194.731,1249.334,1.001
"K_uu_workout[15, 33]",0.137,0.127,0.013,0.349,0.004,0.007,1200.665,1249.334,1.001
"K_uu_workout[15, 34]",0.136,0.126,0.017,0.352,0.004,0.007,1203.56,1249.334,1.001
"K_uu_workout[15, 35]",0.135,0.126,0.014,0.347,0.004,0.007,1212.524,1217.221,1.001
"K_uu_workout[15, 36]",0.133,0.125,0.016,0.347,0.004,0.007,1224.024,1119.666,1.001
"K_uu_workout[15, 37]",0.132,0.125,0.016,0.346,0.004,0.007,1231.762,1119.666,1.001
"K_uu_workout[15, 38]",0.131,0.124,0.016,0.345,0.004,0.007,1240.09,1119.666,1.001
"K_uu_workout[15, 39]",0.13,0.123,0.01,0.337,0.004,0.007,1253.062,1119.666,1.001
"K_uu_workout[15, 40]",0.129,0.123,0.012,0.339,0.004,0.007,1258.561,1119.666,1.0
"K_uu_workout[15, 41]",0.128,0.122,0.016,0.342,0.004,0.007,1268.253,1119.666,1.0
"K_uu_workout[15, 42]",0.127,0.121,0.014,0.336,0.004,0.007,1276.098,1106.619,1.0
"K_uu_workout[15, 43]",0.125,0.121,0.01,0.33,0.004,0.007,1287.375,1106.619,1.0
"K_uu_workout[15, 44]",0.124,0.12,0.009,0.33,0.004,0.007,1295.037,1133.283,1.0
"K_uu_workout[15, 45]",0.123,0.119,0.011,0.331,0.004,0.007,1291.027,1133.283,1.0
"K_uu_workout[15, 46]",0.122,0.118,0.008,0.325,0.004,0.007,1293.714,1133.283,1.0
"K_uu_workout[15, 47]",0.12,0.118,0.008,0.324,0.004,0.007,1296.953,1149.648,1.0
"K_uu_workout[15, 48]",0.119,0.117,0.011,0.326,0.004,0.007,1298.086,1149.548,1.0
"K_uu_workout[15, 49]",0.118,0.116,0.01,0.324,0.003,0.007,1301.099,1120.688,1.0
"K_uu_workout[16, 0]",0.138,0.128,0.017,0.353,0.004,0.007,1189.122,1249.334,1.001
"K_uu_workout[16, 1]",0.139,0.129,0.017,0.354,0.004,0.007,1183.804,1249.334,1.001
"K_uu_workout[16, 2]",0.14,0.129,0.017,0.356,0.004,0.007,1179.983,1249.334,1.001
"K_uu_workout[16, 3]",0.141,0.13,0.017,0.358,0.004,0.007,1175.587,1185.262,1.001
"K_uu_workout[16, 4]",0.141,0.13,0.017,0.358,0.004,0.007,1173.95,1185.262,1.001
"K_uu_workout[16, 5]",0.142,0.131,0.017,0.359,0.004,0.007,1168.668,1200.8,1.001
"K_uu_workout[16, 6]",0.143,0.131,0.017,0.359,0.004,0.007,1165.041,1200.8,1.001
"K_uu_workout[16, 7]",0.143,0.131,0.017,0.359,0.004,0.007,1160.251,1200.224,1.001
"K_uu_workout[16, 8]",0.144,0.132,0.017,0.36,0.004,0.007,1157.376,1200.224,1.001
"K_uu_workout[16, 9]",0.144,0.132,0.017,0.36,0.004,0.007,1155.042,1200.224,1.001
"K_uu_workout[16, 10]",0.145,0.132,0.017,0.36,0.004,0.007,1153.836,1200.224,1.001
"K_uu_workout[16, 11]",0.145,0.132,0.017,0.362,0.004,0.007,1152.473,1200.224,1.002
"K_uu_workout[16, 12]",0.145,0.133,0.017,0.363,0.004,0.007,1151.776,1215.569,1.002
"K_uu_workout[16, 13]",0.145,0.133,0.017,0.364,0.004,0.007,1150.884,1215.569,1.002
"K_uu_workout[16, 14]",0.146,0.133,0.017,0.365,0.004,0.007,1150.361,1215.569,1.002
"K_uu_workout[16, 15]",0.146,0.133,0.017,0.365,0.004,0.007,1150.51,1215.569,1.002
"K_uu_workout[16, 16]",0.146,0.133,0.017,0.365,0.004,0.007,1150.117,1215.569,1.002
"K_uu_workout[16, 17]",0.146,0.133,0.017,0.365,0.004,0.007,1150.51,1215.569,1.002
"K_uu_workout[16, 18]",0.146,0.133,0.017,0.365,0.004,0.007,1150.361,1215.569,1.002
"K_uu_workout[16, 19]",0.145,0.133,0.017,0.364,0.004,0.007,1150.884,1215.569,1.002
"K_uu_workout[16, 20]",0.145,0.133,0.017,0.363,0.004,0.007,1151.776,1215.569,1.002
"K_uu_workout[16, 21]",0.145,0.132,0.017,0.362,0.004,0.007,1152.473,1200.224,1.002
"K_uu_workout[16, 22]",0.145,0.132,0.017,0.36,0.004,0.007,1153.836,1200.224,1.001
"K_uu_workout[16, 23]",0.144,0.132,0.017,0.36,0.004,0.007,1155.042,1200.224,1.001
"K_uu_workout[16, 24]",0.144,0.132,0.017,0.36,0.004,0.007,1157.376,1200.224,1.001
"K_uu_workout[16, 25]",0.143,0.131,0.017,0.359,0.004,0.007,1160.251,1200.224,1.001
"K_uu_workout[16, 26]",0.143,0.131,0.017,0.359,0.004,0.007,1165.041,1200.8,1.001
"K_uu_workout[16, 27]",0.142,0.131,0.017,0.359,0.004,0.007,1168.668,1200.8,1.001
"K_uu_workout[16, 28]",0.141,0.13,0.017,0.358,0.004,0.007,1173.95,1185.262,1.001
"K_uu_workout[16, 29]",0.141,0.13,0.017,0.358,0.004,0.007,1175.587,1185.262,1.001
"K_uu_workout[16, 30]",0.14,0.129,0.017,0.356,0.004,0.007,1179.983,1249.334,1.001
"K_uu_workout[16, 31]",0.139,0.129,0.017,0.354,0.004,0.007,1183.804,1249.334,1.001
"K_uu_workout[16, 32]",0.138,0.128,0.017,0.353,0.004,0.007,1189.122,1249.334,1.001
"K_uu_workout[16, 33]",0.137,0.128,0.016,0.353,0.004,0.007,1194.731,1249.334,1.001
"K_uu_workout[16, 34]",0.137,0.127,0.013,0.349,0.004,0.007,1200.665,1249.334,1.001
"K_uu_workout[16, 35]",0.136,0.126,0.017,0.352,0.004,0.007,1203.56,1249.334,1.001
"K_uu_workout[16, 36]",0.135,0.126,0.014,0.347,0.004,0.007,1212.524,1217.221,1.001
"K_uu_workout[16, 37]",0.133,0.125,0.016,0.347,0.004,0.007,1224.024,1119.666,1.001
"K_uu_workout[16, 38]",0.132,0.125,0.016,0.346,0.004,0.007,1231.762,1119.666,1.001
"K_uu_workout[16, 39]",0.131,0.124,0.016,0.345,0.004,0.007,1240.09,1119.666,1.001
"K_uu_workout[16, 40]",0.13,0.123,0.01,0.337,0.004,0.007,1253.062,1119.666,1.001
"K_uu_workout[16, 41]",0.129,0.123,0.012,0.339,0.004,0.007,1258.561,1119.666,1.0
"K_uu_workout[16, 42]",0.128,0.122,0.016,0.342,0.004,0.007,1268.253,1119.666,1.0
"K_uu_workout[16, 43]",0.127,0.121,0.014,0.336,0.004,0.007,1276.098,1106.619,1.0
"K_uu_workout[16, 44]",0.125,0.121,0.01,0.33,0.004,0.007,1287.375,1106.619,1.0
"K_uu_workout[16, 45]",0.124,0.12,0.009,0.33,0.004,0.007,1295.037,1133.283,1.0
"K_uu_workout[16, 46]",0.123,0.119,0.011,0.331,0.004,0.007,1291.027,1133.283,1.0
"K_uu_workout[16, 47]",0.122,0.118,0.008,0.325,0.004,0.007,1293.714,1133.283,1.0
"K_uu_workout[16, 48]",0.12,0.118,0.008,0.324,0.004,0.007,1296.953,1149.648,1.0
"K_uu_workout[16, 49]",0.119,0.117,0.011,0.326,0.004,0.007,1298.086,1149.548,1.0
"K_uu_workout[17, 0]",0.137,0.128,0.016,0.353,0.004,0.007,1194.731,1249.334,1.001
"K_uu_workout[17, 1]",0.138,0.128,0.017,0.353,0.004,0.007,1189.122,1249.334,1.001
"K_uu_workout[17, 2]",0.139,0.129,0.017,0.354,0.004,0.007,1183.804,1249.334,1.001
"K_uu_workout[17, 3]",0.14,0.129,0.017,0.356,0.004,0.007,1179.983,1249.334,1.001
"K_uu_workout[17, 4]",0.141,0.13,0.017,0.358,0.004,0.007,1175.587,1185.262,1.001
"K_uu_workout[17, 5]",0.141,0.13,0.017,0.358,0.004,0.007,1173.95,1185.262,1.001
"K_uu_workout[17, 6]",0.142,0.131,0.017,0.359,0.004,0.007,1168.668,1200.8,1.001
"K_uu_workout[17, 7]",0.143,0.131,0.017,0.359,0.004,0.007,1165.041,1200.8,1.001
"K_uu_workout[17, 8]",0.143,0.131,0.017,0.359,0.004,0.007,1160.251,1200.224,1.001
"K_uu_workout[17, 9]",0.144,0.132,0.017,0.36,0.004,0.007,1157.376,1200.224,1.001
"K_uu_workout[17, 10]",0.144,0.132,0.017,0.36,0.004,0.007,1155.042,1200.224,1.001
"K_uu_workout[17, 11]",0.145,0.132,0.017,0.36,0.004,0.007,1153.836,1200.224,1.001
"K_uu_workout[17, 12]",0.145,0.132,0.017,0.362,0.004,0.007,1152.473,1200.224,1.002
"K_uu_workout[17, 13]",0.145,0.133,0.017,0.363,0.004,0.007,1151.776,1215.569,1.002
"K_uu_workout[17, 14]",0.145,0.133,0.017,0.364,0.004,0.007,1150.884,1215.569,1.002
"K_uu_workout[17, 15]",0.146,0.133,0.017,0.365,0.004,0.007,1150.361,1215.569,1.002
"K_uu_workout[17, 16]",0.146,0.133,0.017,0.365,0.004,0.007,1150.51,1215.569,1.002
"K_uu_workout[17, 17]",0.146,0.133,0.017,0.365,0.004,0.007,1150.117,1215.569,1.002
"K_uu_workout[17, 18]",0.146,0.133,0.017,0.365,0.004,0.007,1150.51,1215.569,1.002
"K_uu_workout[17, 19]",0.146,0.133,0.017,0.365,0.004,0.007,1150.361,1215.569,1.002
"K_uu_workout[17, 20]",0.145,0.133,0.017,0.364,0.004,0.007,1150.884,1215.569,1.002
"K_uu_workout[17, 21]",0.145,0.133,0.017,0.363,0.004,0.007,1151.776,1215.569,1.002
"K_uu_workout[17, 22]",0.145,0.132,0.017,0.362,0.004,0.007,1152.473,1200.224,1.002
"K_uu_workout[17, 23]",0.145,0.132,0.017,0.36,0.004,0.007,1153.836,1200.224,1.001
"K_uu_workout[17, 24]",0.144,0.132,0.017,0.36,0.004,0.007,1155.042,1200.224,1.001
"K_uu_workout[17, 25]",0.144,0.132,0.017,0.36,0.004,0.007,1157.376,1200.224,1.001
"K_uu_workout[17, 26]",0.143,0.131,0.017,0.359,0.004,0.007,1160.251,1200.224,1.001
"K_uu_workout[17, 27]",0.143,0.131,0.017,0.359,0.004,0.007,1165.041,1200.8,1.001
"K_uu_workout[17, 28]",0.142,0.131,0.017,0.359,0.004,0.007,1168.668,1200.8,1.001
"K_uu_workout[17, 29]",0.141,0.13,0.017,0.358,0.004,0.007,1173.95,1185.262,1.001
"K_uu_workout[17, 30]",0.141,0.13,0.017,0.358,0.004,0.007,1175.587,1185.262,1.001
"K_uu_workout[17, 31]",0.14,0.129,0.017,0.356,0.004,0.007,1179.983,1249.334,1.001
"K_uu_workout[17, 32]",0.139,0.129,0.017,0.354,0.004,0.007,1183.804,1249.334,1.001
"K_uu_workout[17, 33]",0.138,0.128,0.017,0.353,0.004,0.007,1189.122,1249.334,1.001
"K_uu_workout[17, 34]",0.137,0.128,0.016,0.353,0.004,0.007,1194.731,1249.334,1.001
"K_uu_workout[17, 35]",0.137,0.127,0.013,0.349,0.004,0.007,1200.665,1249.334,1.001
"K_uu_workout[17, 36]",0.136,0.126,0.017,0.352,0.004,0.007,1203.56,1249.334,1.001
"K_uu_workout[17, 37]",0.135,0.126,0.014,0.347,0.004,0.007,1212.524,1217.221,1.001
"K_uu_workout[17, 38]",0.133,0.125,0.016,0.347,0.004,0.007,1224.024,1119.666,1.001
"K_uu_workout[17, 39]",0.132,0.125,0.016,0.346,0.004,0.007,1231.762,1119.666,1.001
"K_uu_workout[17, 40]",0.131,0.124,0.016,0.345,0.004,0.007,1240.09,1119.666,1.001
"K_uu_workout[17, 41]",0.13,0.123,0.01,0.337,0.004,0.007,1253.062,1119.666,1.001
"K_uu_workout[17, 42]",0.129,0.123,0.012,0.339,0.004,0.007,1258.561,1119.666,1.0
"K_uu_workout[17, 43]",0.128,0.122,0.016,0.342,0.004,0.007,1268.253,1119.666,1.0
"K_uu_workout[17, 44]",0.127,0.121,0.014,0.336,0.004,0.007,1276.098,1106.619,1.0
"K_uu_workout[17, 45]",0.125,0.121,0.01,0.33,0.004,0.007,1287.375,1106.619,1.0
"K_uu_workout[17, 46]",0.124,0.12,0.009,0.33,0.004,0.007,1295.037,1133.283,1.0
"K_uu_workout[17, 47]",0.123,0.119,0.011,0.331,0.004,0.007,1291.027,1133.283,1.0
"K_uu_workout[17, 48]",0.122,0.118,0.008,0.325,0.004,0.007,1293.714,1133.283,1.0
"K_uu_workout[17, 49]",0.12,0.118,0.008,0.324,0.004,0.007,1296.953,1149.648,1.0
"K_uu_workout[18, 0]",0.137,0.127,0.013,0.349,0.004,0.007,1200.665,1249.334,1.001
"K_uu_workout[18, 1]",0.137,0.128,0.016,0.353,0.004,0.007,1194.731,1249.334,1.001
"K_uu_workout[18, 2]",0.138,0.128,0.017,0.353,0.004,0.007,1189.122,1249.334,1.001
"K_uu_workout[18, 3]",0.139,0.129,0.017,0.354,0.004,0.007,1183.804,1249.334,1.001
"K_uu_workout[18, 4]",0.14,0.129,0.017,0.356,0.004,0.007,1179.983,1249.334,1.001
"K_uu_workout[18, 5]",0.141,0.13,0.017,0.358,0.004,0.007,1175.587,1185.262,1.001
"K_uu_workout[18, 6]",0.141,0.13,0.017,0.358,0.004,0.007,1173.95,1185.262,1.001
"K_uu_workout[18, 7]",0.142,0.131,0.017,0.359,0.004,0.007,1168.668,1200.8,1.001
"K_uu_workout[18, 8]",0.143,0.131,0.017,0.359,0.004,0.007,1165.041,1200.8,1.001
"K_uu_workout[18, 9]",0.143,0.131,0.017,0.359,0.004,0.007,1160.251,1200.224,1.001
"K_uu_workout[18, 10]",0.144,0.132,0.017,0.36,0.004,0.007,1157.376,1200.224,1.001
"K_uu_workout[18, 11]",0.144,0.132,0.017,0.36,0.004,0.007,1155.042,1200.224,1.001
"K_uu_workout[18, 12]",0.145,0.132,0.017,0.36,0.004,0.007,1153.836,1200.224,1.001
"K_uu_workout[18, 13]",0.145,0.132,0.017,0.362,0.004,0.007,1152.473,1200.224,1.002
"K_uu_workout[18, 14]",0.145,0.133,0.017,0.363,0.004,0.007,1151.776,1215.569,1.002
"K_uu_workout[18, 15]",0.145,0.133,0.017,0.364,0.004,0.007,1150.884,1215.569,1.002
"K_uu_workout[18, 16]",0.146,0.133,0.017,0.365,0.004,0.007,1150.361,1215.569,1.002
"K_uu_workout[18, 17]",0.146,0.133,0.017,0.365,0.004,0.007,1150.51,1215.569,1.002
"K_uu_workout[18, 18]",0.146,0.133,0.017,0.365,0.004,0.007,1150.117,1215.569,1.002
"K_uu_workout[18, 19]",0.146,0.133,0.017,0.365,0.004,0.007,1150.51,1215.569,1.002
"K_uu_workout[18, 20]",0.146,0.133,0.017,0.365,0.004,0.007,1150.361,1215.569,1.002
"K_uu_workout[18, 21]",0.145,0.133,0.017,0.364,0.004,0.007,1150.884,1215.569,1.002
"K_uu_workout[18, 22]",0.145,0.133,0.017,0.363,0.004,0.007,1151.776,1215.569,1.002
"K_uu_workout[18, 23]",0.145,0.132,0.017,0.362,0.004,0.007,1152.473,1200.224,1.002
"K_uu_workout[18, 24]",0.145,0.132,0.017,0.36,0.004,0.007,1153.836,1200.224,1.001
"K_uu_workout[18, 25]",0.144,0.132,0.017,0.36,0.004,0.007,1155.042,1200.224,1.001
"K_uu_workout[18, 26]",0.144,0.132,0.017,0.36,0.004,0.007,1157.376,1200.224,1.001
"K_uu_workout[18, 27]",0.143,0.131,0.017,0.359,0.004,0.007,1160.251,1200.224,1.001
"K_uu_workout[18, 28]",0.143,0.131,0.017,0.359,0.004,0.007,1165.041,1200.8,1.001
"K_uu_workout[18, 29]",0.142,0.131,0.017,0.359,0.004,0.007,1168.668,1200.8,1.001
"K_uu_workout[18, 30]",0.141,0.13,0.017,0.358,0.004,0.007,1173.95,1185.262,1.001
"K_uu_workout[18, 31]",0.141,0.13,0.017,0.358,0.004,0.007,1175.587,1185.262,1.001
"K_uu_workout[18, 32]",0.14,0.129,0.017,0.356,0.004,0.007,1179.983,1249.334,1.001
"K_uu_workout[18, 33]",0.139,0.129,0.017,0.354,0.004,0.007,1183.804,1249.334,1.001
"K_uu_workout[18, 34]",0.138,0.128,0.017,0.353,0.004,0.007,1189.122,1249.334,1.001
"K_uu_workout[18, 35]",0.137,0.128,0.016,0.353,0.004,0.007,1194.731,1249.334,1.001
"K_uu_workout[18, 36]",0.137,0.127,0.013,0.349,0.004,0.007,1200.665,1249.334,1.001
"K_uu_workout[18, 37]",0.136,0.126,0.017,0.352,0.004,0.007,1203.56,1249.334,1.001
"K_uu_workout[18, 38]",0.135,0.126,0.014,0.347,0.004,0.007,1212.524,1217.221,1.001
"K_uu_workout[18, 39]",0.133,0.125,0.016,0.347,0.004,0.007,1224.024,1119.666,1.001
"K_uu_workout[18, 40]",0.132,0.125,0.016,0.346,0.004,0.007,1231.762,1119.666,1.001
"K_uu_workout[18, 41]",0.131,0.124,0.016,0.345,0.004,0.007,1240.09,1119.666,1.001
"K_uu_workout[18, 42]",0.13,0.123,0.01,0.337,0.004,0.007,1253.062,1119.666,1.001
"K_uu_workout[18, 43]",0.129,0.123,0.012,0.339,0.004,0.007,1258.561,1119.666,1.0
"K_uu_workout[18, 44]",0.128,0.122,0.016,0.342,0.004,0.007,1268.253,1119.666,1.0
"K_uu_workout[18, 45]",0.127,0.121,0.014,0.336,0.004,0.007,1276.098,1106.619,1.0
"K_uu_workout[18, 46]",0.125,0.121,0.01,0.33,0.004,0.007,1287.375,1106.619,1.0
"K_uu_workout[18, 47]",0.124,0.12,0.009,0.33,0.004,0.007,1295.037,1133.283,1.0
"K_uu_workout[18, 48]",0.123,0.119,0.011,0.331,0.004,0.007,1291.027,1133.283,1.0
"K_uu_workout[18, 49]",0.122,0.118,0.008,0.325,0.004,0.007,1293.714,1133.283,1.0
"K_uu_workout[19, 0]",0.136,0.126,0.017,0.352,0.004,0.007,1203.56,1249.334,1.001
"K_uu_workout[19, 1]",0.137,0.127,0.013,0.349,0.004,0.007,1200.665,1249.334,1.001
"K_uu_workout[19, 2]",0.137,0.128,0.016,0.353,0.004,0.007,1194.731,1249.334,1.001
"K_uu_workout[19, 3]",0.138,0.128,0.017,0.353,0.004,0.007,1189.122,1249.334,1.001
"K_uu_workout[19, 4]",0.139,0.129,0.017,0.354,0.004,0.007,1183.804,1249.334,1.001
"K_uu_workout[19, 5]",0.14,0.129,0.017,0.356,0.004,0.007,1179.983,1249.334,1.001
"K_uu_workout[19, 6]",0.141,0.13,0.017,0.358,0.004,0.007,1175.587,1185.262,1.001
"K_uu_workout[19, 7]",0.141,0.13,0.017,0.358,0.004,0.007,1173.95,1185.262,1.001
"K_uu_workout[19, 8]",0.142,0.131,0.017,0.359,0.004,0.007,1168.668,1200.8,1.001
"K_uu_workout[19, 9]",0.143,0.131,0.017,0.359,0.004,0.007,1165.041,1200.8,1.001
"K_uu_workout[19, 10]",0.143,0.131,0.017,0.359,0.004,0.007,1160.251,1200.224,1.001
"K_uu_workout[19, 11]",0.144,0.132,0.017,0.36,0.004,0.007,1157.376,1200.224,1.001
"K_uu_workout[19, 12]",0.144,0.132,0.017,0.36,0.004,0.007,1155.042,1200.224,1.001
"K_uu_workout[19, 13]",0.145,0.132,0.017,0.36,0.004,0.007,1153.836,1200.224,1.001
"K_uu_workout[19, 14]",0.145,0.132,0.017,0.362,0.004,0.007,1152.473,1200.224,1.002
"K_uu_workout[19, 15]",0.145,0.133,0.017,0.363,0.004,0.007,1151.776,1215.569,1.002
"K_uu_workout[19, 16]",0.145,0.133,0.017,0.364,0.004,0.007,1150.884,1215.569,1.002
"K_uu_workout[19, 17]",0.146,0.133,0.017,0.365,0.004,0.007,1150.361,1215.569,1.002
"K_uu_workout[19, 18]",0.146,0.133,0.017,0.365,0.004,0.007,1150.51,1215.569,1.002
"K_uu_workout[19, 19]",0.146,0.133,0.017,0.365,0.004,0.007,1150.117,1215.569,1.002
"K_uu_workout[19, 20]",0.146,0.133,0.017,0.365,0.004,0.007,1150.51,1215.569,1.002
"K_uu_workout[19, 21]",0.146,0.133,0.017,0.365,0.004,0.007,1150.361,1215.569,1.002
"K_uu_workout[19, 22]",0.145,0.133,0.017,0.364,0.004,0.007,1150.884,1215.569,1.002
"K_uu_workout[19, 23]",0.145,0.133,0.017,0.363,0.004,0.007,1151.776,1215.569,1.002
"K_uu_workout[19, 24]",0.145,0.132,0.017,0.362,0.004,0.007,1152.473,1200.224,1.002
"K_uu_workout[19, 25]",0.145,0.132,0.017,0.36,0.004,0.007,1153.836,1200.224,1.001
"K_uu_workout[19, 26]",0.144,0.132,0.017,0.36,0.004,0.007,1155.042,1200.224,1.001
"K_uu_workout[19, 27]",0.144,0.132,0.017,0.36,0.004,0.007,1157.376,1200.224,1.001
"K_uu_workout[19, 28]",0.143,0.131,0.017,0.359,0.004,0.007,1160.251,1200.224,1.001
"K_uu_workout[19, 29]",0.143,0.131,0.017,0.359,0.004,0.007,1165.041,1200.8,1.001
"K_uu_workout[19, 30]",0.142,0.131,0.017,0.359,0.004,0.007,1168.668,1200.8,1.001
"K_uu_workout[19, 31]",0.141,0.13,0.017,0.358,0.004,0.007,1173.95,1185.262,1.001
"K_uu_workout[19, 32]",0.141,0.13,0.017,0.358,0.004,0.007,1175.587,1185.262,1.001
"K_uu_workout[19, 33]",0.14,0.129,0.017,0.356,0.004,0.007,1179.983,1249.334,1.001
"K_uu_workout[19, 34]",0.139,0.129,0.017,0.354,0.004,0.007,1183.804,1249.334,1.001
"K_uu_workout[19, 35]",0.138,0.128,0.017,0.353,0.004,0.007,1189.122,1249.334,1.001
"K_uu_workout[19, 36]",0.137,0.128,0.016,0.353,0.004,0.007,1194.731,1249.334,1.001
"K_uu_workout[19, 37]",0.137,0.127,0.013,0.349,0.004,0.007,1200.665,1249.334,1.001
"K_uu_workout[19, 38]",0.136,0.126,0.017,0.352,0.004,0.007,1203.56,1249.334,1.001
"K_uu_workout[19, 39]",0.135,0.126,0.014,0.347,0.004,0.007,1212.524,1217.221,1.001
"K_uu_workout[19, 40]",0.133,0.125,0.016,0.347,0.004,0.007,1224.024,1119.666,1.001
"K_uu_workout[19, 41]",0.132,0.125,0.016,0.346,0.004,0.007,1231.762,1119.666,1.001
"K_uu_workout[19, 42]",0.131,0.124,0.016,0.345,0.004,0.007,1240.09,1119.666,1.001
"K_uu_workout[19, 43]",0.13,0.123,0.01,0.337,0.004,0.007,1253.062,1119.666,1.001
"K_uu_workout[19, 44]",0.129,0.123,0.012,0.339,0.004,0.007,1258.561,1119.666,1.0
"K_uu_workout[19, 45]",0.128,0.122,0.016,0.342,0.004,0.007,1268.253,1119.666,1.0
"K_uu_workout[19, 46]",0.127,0.121,0.014,0.336,0.004,0.007,1276.098,1106.619,1.0
"K_uu_workout[19, 47]",0.125,0.121,0.01,0.33,0.004,0.007,1287.375,1106.619,1.0
"K_uu_workout[19, 48]",0.124,0.12,0.009,0.33,0.004,0.007,1295.037,1133.283,1.0
"K_uu_workout[19, 49]",0.123,0.119,0.011,0.331,0.004,0.007,1291.027,1133.283,1.0
"K_uu_workout[20, 0]",0.135,0.126,0.014,0.347,0.004,0.007,1212.524,1217.221,1.001
"K_uu_workout[20, 1]",0.136,0.126,0.017,0.352,0.004,0.007,1203.56,1249.334,1.001
"K_uu_workout[20, 2]",0.137,0.127,0.013,0.349,0.004,0.007,1200.665,1249.334,1.001
"K_uu_workout[20, 3]",0.137,0.128,0.016,0.353,0.004,0.007,1194.731,1249.334,1.001
"K_uu_workout[20, 4]",0.138,0.128,0.017,0.353,0.004,0.007,1189.122,1249.334,1.001
"K_uu_workout[20, 5]",0.139,0.129,0.017,0.354,0.004,0.007,1183.804,1249.334,1.001
"K_uu_workout[20, 6]",0.14,0.129,0.017,0.356,0.004,0.007,1179.983,1249.334,1.001
"K_uu_workout[20, 7]",0.141,0.13,0.017,0.358,0.004,0.007,1175.587,1185.262,1.001
"K_uu_workout[20, 8]",0.141,0.13,0.017,0.358,0.004,0.007,1173.95,1185.262,1.001
"K_uu_workout[20, 9]",0.142,0.131,0.017,0.359,0.004,0.007,1168.668,1200.8,1.001
"K_uu_workout[20, 10]",0.143,0.131,0.017,0.359,0.004,0.007,1165.041,1200.8,1.001
"K_uu_workout[20, 11]",0.143,0.131,0.017,0.359,0.004,0.007,1160.251,1200.224,1.001
"K_uu_workout[20, 12]",0.144,0.132,0.017,0.36,0.004,0.007,1157.376,1200.224,1.001
"K_uu_workout[20, 13]",0.144,0.132,0.017,0.36,0.004,0.007,1155.042,1200.224,1.001
"K_uu_workout[20, 14]",0.145,0.132,0.017,0.36,0.004,0.007,1153.836,1200.224,1.001
"K_uu_workout[20, 15]",0.145,0.132,0.017,0.362,0.004,0.007,1152.473,1200.224,1.002
"K_uu_workout[20, 16]",0.145,0.133,0.017,0.363,0.004,0.007,1151.776,1215.569,1.002
"K_uu_workout[20, 17]",0.145,0.133,0.017,0.364,0.004,0.007,1150.884,1215.569,1.002
"K_uu_workout[20, 18]",0.146,0.133,0.017,0.365,0.004,0.007,1150.361,1215.569,1.002
"K_uu_workout[20, 19]",0.146,0.133,0.017,0.365,0.004,0.007,1150.51,1215.569,1.002
"K_uu_workout[20, 20]",0.146,0.133,0.017,0.365,0.004,0.007,1150.117,1215.569,1.002
"K_uu_workout[20, 21]",0.146,0.133,0.017,0.365,0.004,0.007,1150.51,1215.569,1.002
"K_uu_workout[20, 22]",0.146,0.133,0.017,0.365,0.004,0.007,1150.361,1215.569,1.002
"K_uu_workout[20, 23]",0.145,0.133,0.017,0.364,0.004,0.007,1150.884,1215.569,1.002
"K_uu_workout[20, 24]",0.145,0.133,0.017,0.363,0.004,0.007,1151.776,1215.569,1.002
"K_uu_workout[20, 25]",0.145,0.132,0.017,0.362,0.004,0.007,1152.473,1200.224,1.002
"K_uu_workout[20, 26]",0.145,0.132,0.017,0.36,0.004,0.007,1153.836,1200.224,1.001
"K_uu_workout[20, 27]",0.144,0.132,0.017,0.36,0.004,0.007,1155.042,1200.224,1.001
"K_uu_workout[20, 28]",0.144,0.132,0.017,0.36,0.004,0.007,1157.376,1200.224,1.001
"K_uu_workout[20, 29]",0.143,0.131,0.017,0.359,0.004,0.007,1160.251,1200.224,1.001
"K_uu_workout[20, 30]",0.143,0.131,0.017,0.359,0.004,0.007,1165.041,1200.8,1.001
"K_uu_workout[20, 31]",0.142,0.131,0.017,0.359,0.004,0.007,1168.668,1200.8,1.001
"K_uu_workout[20, 32]",0.141,0.13,0.017,0.358,0.004,0.007,1173.95,1185.262,1.001
"K_uu_workout[20, 33]",0.141,0.13,0.017,0.358,0.004,0.007,1175.587,1185.262,1.001
"K_uu_workout[20, 34]",0.14,0.129,0.017,0.356,0.004,0.007,1179.983,1249.334,1.001
"K_uu_workout[20, 35]",0.139,0.129,0.017,0.354,0.004,0.007,1183.804,1249.334,1.001
"K_uu_workout[20, 36]",0.138,0.128,0.017,0.353,0.004,0.007,1189.122,1249.334,1.001
"K_uu_workout[20, 37]",0.137,0.128,0.016,0.353,0.004,0.007,1194.731,1249.334,1.001
"K_uu_workout[20, 38]",0.137,0.127,0.013,0.349,0.004,0.007,1200.665,1249.334,1.001
"K_uu_workout[20, 39]",0.136,0.126,0.017,0.352,0.004,0.007,1203.56,1249.334,1.001
"K_uu_workout[20, 40]",0.135,0.126,0.014,0.347,0.004,0.007,1212.524,1217.221,1.001
"K_uu_workout[20, 41]",0.133,0.125,0.016,0.347,0.004,0.007,1224.024,1119.666,1.001
"K_uu_workout[20, 42]",0.132,0.125,0.016,0.346,0.004,0.007,1231.762,1119.666,1.001
"K_uu_workout[20, 43]",0.131,0.124,0.016,0.345,0.004,0.007,1240.09,1119.666,1.001
"K_uu_workout[20, 44]",0.13,0.123,0.01,0.337,0.004,0.007,1253.062,1119.666,1.001
"K_uu_workout[20, 45]",0.129,0.123,0.012,0.339,0.004,0.007,1258.561,1119.666,1.0
"K_uu_workout[20, 46]",0.128,0.122,0.016,0.342,0.004,0.007,1268.253,1119.666,1.0
"K_uu_workout[20, 47]",0.127,0.121,0.014,0.336,0.004,0.007,1276.098,1106.619,1.0
"K_uu_workout[20, 48]",0.125,0.121,0.01,0.33,0.004,0.007,1287.375,1106.619,1.0
"K_uu_workout[20, 49]",0.124,0.12,0.009,0.33,0.004,0.007,1295.037,1133.283,1.0
"K_uu_workout[21, 0]",0.133,0.125,0.016,0.347,0.004,0.007,1224.024,1119.666,1.001
"K_uu_workout[21, 1]",0.135,0.126,0.014,0.347,0.004,0.007,1212.524,1217.221,1.001
"K_uu_workout[21, 2]",0.136,0.126,0.017,0.352,0.004,0.007,1203.56,1249.334,1.001
"K_uu_workout[21, 3]",0.137,0.127,0.013,0.349,0.004,0.007,1200.665,1249.334,1.001
"K_uu_workout[21, 4]",0.137,0.128,0.016,0.353,0.004,0.007,1194.731,1249.334,1.001
"K_uu_workout[21, 5]",0.138,0.128,0.017,0.353,0.004,0.007,1189.122,1249.334,1.001
"K_uu_workout[21, 6]",0.139,0.129,0.017,0.354,0.004,0.007,1183.804,1249.334,1.001
"K_uu_workout[21, 7]",0.14,0.129,0.017,0.356,0.004,0.007,1179.983,1249.334,1.001
"K_uu_workout[21, 8]",0.141,0.13,0.017,0.358,0.004,0.007,1175.587,1185.262,1.001
"K_uu_workout[21, 9]",0.141,0.13,0.017,0.358,0.004,0.007,1173.95,1185.262,1.001
"K_uu_workout[21, 10]",0.142,0.131,0.017,0.359,0.004,0.007,1168.668,1200.8,1.001
"K_uu_workout[21, 11]",0.143,0.131,0.017,0.359,0.004,0.007,1165.041,1200.8,1.001
"K_uu_workout[21, 12]",0.143,0.131,0.017,0.359,0.004,0.007,1160.251,1200.224,1.001
"K_uu_workout[21, 13]",0.144,0.132,0.017,0.36,0.004,0.007,1157.376,1200.224,1.001
"K_uu_workout[21, 14]",0.144,0.132,0.017,0.36,0.004,0.007,1155.042,1200.224,1.001
"K_uu_workout[21, 15]",0.145,0.132,0.017,0.36,0.004,0.007,1153.836,1200.224,1.001
"K_uu_workout[21, 16]",0.145,0.132,0.017,0.362,0.004,0.007,1152.473,1200.224,1.002
"K_uu_workout[21, 17]",0.145,0.133,0.017,0.363,0.004,0.007,1151.776,1215.569,1.002
"K_uu_workout[21, 18]",0.145,0.133,0.017,0.364,0.004,0.007,1150.884,1215.569,1.002
"K_uu_workout[21, 19]",0.146,0.133,0.017,0.365,0.004,0.007,1150.361,1215.569,1.002
"K_uu_workout[21, 20]",0.146,0.133,0.017,0.365,0.004,0.007,1150.51,1215.569,1.002
"K_uu_workout[21, 21]",0.146,0.133,0.017,0.365,0.004,0.007,1150.117,1215.569,1.002
"K_uu_workout[21, 22]",0.146,0.133,0.017,0.365,0.004,0.007,1150.51,1215.569,1.002
"K_uu_workout[21, 23]",0.146,0.133,0.017,0.365,0.004,0.007,1150.361,1215.569,1.002
"K_uu_workout[21, 24]",0.145,0.133,0.017,0.364,0.004,0.007,1150.884,1215.569,1.002
"K_uu_workout[21, 25]",0.145,0.133,0.017,0.363,0.004,0.007,1151.776,1215.569,1.002
"K_uu_workout[21, 26]",0.145,0.132,0.017,0.362,0.004,0.007,1152.473,1200.224,1.002
"K_uu_workout[21, 27]",0.145,0.132,0.017,0.36,0.004,0.007,1153.836,1200.224,1.001
"K_uu_workout[21, 28]",0.144,0.132,0.017,0.36,0.004,0.007,1155.042,1200.224,1.001
"K_uu_workout[21, 29]",0.144,0.132,0.017,0.36,0.004,0.007,1157.376,1200.224,1.001
"K_uu_workout[21, 30]",0.143,0.131,0.017,0.359,0.004,0.007,1160.251,1200.224,1.001
"K_uu_workout[21, 31]",0.143,0.131,0.017,0.359,0.004,0.007,1165.041,1200.8,1.001
"K_uu_workout[21, 32]",0.142,0.131,0.017,0.359,0.004,0.007,1168.668,1200.8,1.001
"K_uu_workout[21, 33]",0.141,0.13,0.017,0.358,0.004,0.007,1173.95,1185.262,1.001
"K_uu_workout[21, 34]",0.141,0.13,0.017,0.358,0.004,0.007,1175.587,1185.262,1.001
"K_uu_workout[21, 35]",0.14,0.129,0.017,0.356,0.004,0.007,1179.983,1249.334,1.001
"K_uu_workout[21, 36]",0.139,0.129,0.017,0.354,0.004,0.007,1183.804,1249.334,1.001
"K_uu_workout[21, 37]",0.138,0.128,0.017,0.353,0.004,0.007,1189.122,1249.334,1.001
"K_uu_workout[21, 38]",0.137,0.128,0.016,0.353,0.004,0.007,1194.731,1249.334,1.001
"K_uu_workout[21, 39]",0.137,0.127,0.013,0.349,0.004,0.007,1200.665,1249.334,1.001
"K_uu_workout[21, 40]",0.136,0.126,0.017,0.352,0.004,0.007,1203.56,1249.334,1.001
"K_uu_workout[21, 41]",0.135,0.126,0.014,0.347,0.004,0.007,1212.524,1217.221,1.001
"K_uu_workout[21, 42]",0.133,0.125,0.016,0.347,0.004,0.007,1224.024,1119.666,1.001
"K_uu_workout[21, 43]",0.132,0.125,0.016,0.346,0.004,0.007,1231.762,1119.666,1.001
"K_uu_workout[21, 44]",0.131,0.124,0.016,0.345,0.004,0.007,1240.09,1119.666,1.001
"K_uu_workout[21, 45]",0.13,0.123,0.01,0.337,0.004,0.007,1253.062,1119.666,1.001
"K_uu_workout[21, 46]",0.129,0.123,0.012,0.339,0.004,0.007,1258.561,1119.666,1.0
"K_uu_workout[21, 47]",0.128,0.122,0.016,0.342,0.004,0.007,1268.253,1119.666,1.0
"K_uu_workout[21, 48]",0.127,0.121,0.014,0.336,0.004,0.007,1276.098,1106.619,1.0
"K_uu_workout[21, 49]",0.125,0.121,0.01,0.33,0.004,0.007,1287.375,1106.619,1.0
"K_uu_workout[22, 0]",0.132,0.125,0.016,0.346,0.004,0.007,1231.762,1119.666,1.001
"K_uu_workout[22, 1]",0.133,0.125,0.016,0.347,0.004,0.007,1224.024,1119.666,1.001
"K_uu_workout[22, 2]",0.135,0.126,0.014,0.347,0.004,0.007,1212.524,1217.221,1.001
"K_uu_workout[22, 3]",0.136,0.126,0.017,0.352,0.004,0.007,1203.56,1249.334,1.001
"K_uu_workout[22, 4]",0.137,0.127,0.013,0.349,0.004,0.007,1200.665,1249.334,1.001
"K_uu_workout[22, 5]",0.137,0.128,0.016,0.353,0.004,0.007,1194.731,1249.334,1.001
"K_uu_workout[22, 6]",0.138,0.128,0.017,0.353,0.004,0.007,1189.122,1249.334,1.001
"K_uu_workout[22, 7]",0.139,0.129,0.017,0.354,0.004,0.007,1183.804,1249.334,1.001
"K_uu_workout[22, 8]",0.14,0.129,0.017,0.356,0.004,0.007,1179.983,1249.334,1.001
"K_uu_workout[22, 9]",0.141,0.13,0.017,0.358,0.004,0.007,1175.587,1185.262,1.001
"K_uu_workout[22, 10]",0.141,0.13,0.017,0.358,0.004,0.007,1173.95,1185.262,1.001
"K_uu_workout[22, 11]",0.142,0.131,0.017,0.359,0.004,0.007,1168.668,1200.8,1.001
"K_uu_workout[22, 12]",0.143,0.131,0.017,0.359,0.004,0.007,1165.041,1200.8,1.001
"K_uu_workout[22, 13]",0.143,0.131,0.017,0.359,0.004,0.007,1160.251,1200.224,1.001
"K_uu_workout[22, 14]",0.144,0.132,0.017,0.36,0.004,0.007,1157.376,1200.224,1.001
"K_uu_workout[22, 15]",0.144,0.132,0.017,0.36,0.004,0.007,1155.042,1200.224,1.001
"K_uu_workout[22, 16]",0.145,0.132,0.017,0.36,0.004,0.007,1153.836,1200.224,1.001
"K_uu_workout[22, 17]",0.145,0.132,0.017,0.362,0.004,0.007,1152.473,1200.224,1.002
"K_uu_workout[22, 18]",0.145,0.133,0.017,0.363,0.004,0.007,1151.776,1215.569,1.002
"K_uu_workout[22, 19]",0.145,0.133,0.017,0.364,0.004,0.007,1150.884,1215.569,1.002
"K_uu_workout[22, 20]",0.146,0.133,0.017,0.365,0.004,0.007,1150.361,1215.569,1.002
"K_uu_workout[22, 21]",0.146,0.133,0.017,0.365,0.004,0.007,1150.51,1215.569,1.002
"K_uu_workout[22, 22]",0.146,0.133,0.017,0.365,0.004,0.007,1150.117,1215.569,1.002
"K_uu_workout[22, 23]",0.146,0.133,0.017,0.365,0.004,0.007,1150.51,1215.569,1.002
"K_uu_workout[22, 24]",0.146,0.133,0.017,0.365,0.004,0.007,1150.361,1215.569,1.002
"K_uu_workout[22, 25]",0.145,0.133,0.017,0.364,0.004,0.007,1150.884,1215.569,1.002
"K_uu_workout[22, 26]",0.145,0.133,0.017,0.363,0.004,0.007,1151.776,1215.569,1.002
"K_uu_workout[22, 27]",0.145,0.132,0.017,0.362,0.004,0.007,1152.473,1200.224,1.002
"K_uu_workout[22, 28]",0.145,0.132,0.017,0.36,0.004,0.007,1153.836,1200.224,1.001
"K_uu_workout[22, 29]",0.144,0.132,0.017,0.36,0.004,0.007,1155.042,1200.224,1.001
"K_uu_workout[22, 30]",0.144,0.132,0.017,0.36,0.004,0.007,1157.376,1200.224,1.001
"K_uu_workout[22, 31]",0.143,0.131,0.017,0.359,0.004,0.007,1160.251,1200.224,1.001
"K_uu_workout[22, 32]",0.143,0.131,0.017,0.359,0.004,0.007,1165.041,1200.8,1.001
"K_uu_workout[22, 33]",0.142,0.131,0.017,0.359,0.004,0.007,1168.668,1200.8,1.001
"K_uu_workout[22, 34]",0.141,0.13,0.017,0.358,0.004,0.007,1173.95,1185.262,1.001
"K_uu_workout[22, 35]",0.141,0.13,0.017,0.358,0.004,0.007,1175.587,1185.262,1.001
"K_uu_workout[22, 36]",0.14,0.129,0.017,0.356,0.004,0.007,1179.983,1249.334,1.001
"K_uu_workout[22, 37]",0.139,0.129,0.017,0.354,0.004,0.007,1183.804,1249.334,1.001
"K_uu_workout[22, 38]",0.138,0.128,0.017,0.353,0.004,0.007,1189.122,1249.334,1.001
"K_uu_workout[22, 39]",0.137,0.128,0.016,0.353,0.004,0.007,1194.731,1249.334,1.001
"K_uu_workout[22, 40]",0.137,0.127,0.013,0.349,0.004,0.007,1200.665,1249.334,1.001
"K_uu_workout[22, 41]",0.136,0.126,0.017,0.352,0.004,0.007,1203.56,1249.334,1.001
"K_uu_workout[22, 42]",0.135,0.126,0.014,0.347,0.004,0.007,1212.524,1217.221,1.001
"K_uu_workout[22, 43]",0.133,0.125,0.016,0.347,0.004,0.007,1224.024,1119.666,1.001
"K_uu_workout[22, 44]",0.132,0.125,0.016,0.346,0.004,0.007,1231.762,1119.666,1.001
"K_uu_workout[22, 45]",0.131,0.124,0.016,0.345,0.004,0.007,1240.09,1119.666,1.001
"K_uu_workout[22, 46]",0.13,0.123,0.01,0.337,0.004,0.007,1253.062,1119.666,1.001
"K_uu_workout[22, 47]",0.129,0.123,0.012,0.339,0.004,0.007,1258.561,1119.666,1.0
"K_uu_workout[22, 48]",0.128,0.122,0.016,0.342,0.004,0.007,1268.253,1119.666,1.0
"K_uu_workout[22, 49]",0.127,0.121,0.014,0.336,0.004,0.007,1276.098,1106.619,1.0
"K_uu_workout[23, 0]",0.131,0.124,0.016,0.345,0.004,0.007,1240.09,1119.666,1.001
"K_uu_workout[23, 1]",0.132,0.125,0.016,0.346,0.004,0.007,1231.762,1119.666,1.001
"K_uu_workout[23, 2]",0.133,0.125,0.016,0.347,0.004,0.007,1224.024,1119.666,1.001
"K_uu_workout[23, 3]",0.135,0.126,0.014,0.347,0.004,0.007,1212.524,1217.221,1.001
"K_uu_workout[23, 4]",0.136,0.126,0.017,0.352,0.004,0.007,1203.56,1249.334,1.001
"K_uu_workout[23, 5]",0.137,0.127,0.013,0.349,0.004,0.007,1200.665,1249.334,1.001
"K_uu_workout[23, 6]",0.137,0.128,0.016,0.353,0.004,0.007,1194.731,1249.334,1.001
"K_uu_workout[23, 7]",0.138,0.128,0.017,0.353,0.004,0.007,1189.122,1249.334,1.001
"K_uu_workout[23, 8]",0.139,0.129,0.017,0.354,0.004,0.007,1183.804,1249.334,1.001
"K_uu_workout[23, 9]",0.14,0.129,0.017,0.356,0.004,0.007,1179.983,1249.334,1.001
"K_uu_workout[23, 10]",0.141,0.13,0.017,0.358,0.004,0.007,1175.587,1185.262,1.001
"K_uu_workout[23, 11]",0.141,0.13,0.017,0.358,0.004,0.007,1173.95,1185.262,1.001
"K_uu_workout[23, 12]",0.142,0.131,0.017,0.359,0.004,0.007,1168.668,1200.8,1.001
"K_uu_workout[23, 13]",0.143,0.131,0.017,0.359,0.004,0.007,1165.041,1200.8,1.001
"K_uu_workout[23, 14]",0.143,0.131,0.017,0.359,0.004,0.007,1160.251,1200.224,1.001
"K_uu_workout[23, 15]",0.144,0.132,0.017,0.36,0.004,0.007,1157.376,1200.224,1.001
"K_uu_workout[23, 16]",0.144,0.132,0.017,0.36,0.004,0.007,1155.042,1200.224,1.001
"K_uu_workout[23, 17]",0.145,0.132,0.017,0.36,0.004,0.007,1153.836,1200.224,1.001
"K_uu_workout[23, 18]",0.145,0.132,0.017,0.362,0.004,0.007,1152.473,1200.224,1.002
"K_uu_workout[23, 19]",0.145,0.133,0.017,0.363,0.004,0.007,1151.776,1215.569,1.002
"K_uu_workout[23, 20]",0.145,0.133,0.017,0.364,0.004,0.007,1150.884,1215.569,1.002
"K_uu_workout[23, 21]",0.146,0.133,0.017,0.365,0.004,0.007,1150.361,1215.569,1.002
"K_uu_workout[23, 22]",0.146,0.133,0.017,0.365,0.004,0.007,1150.51,1215.569,1.002
"K_uu_workout[23, 23]",0.146,0.133,0.017,0.365,0.004,0.007,1150.117,1215.569,1.002
"K_uu_workout[23, 24]",0.146,0.133,0.017,0.365,0.004,0.007,1150.51,1215.569,1.002
"K_uu_workout[23, 25]",0.146,0.133,0.017,0.365,0.004,0.007,1150.361,1215.569,1.002
"K_uu_workout[23, 26]",0.145,0.133,0.017,0.364,0.004,0.007,1150.884,1215.569,1.002
"K_uu_workout[23, 27]",0.145,0.133,0.017,0.363,0.004,0.007,1151.776,1215.569,1.002
"K_uu_workout[23, 28]",0.145,0.132,0.017,0.362,0.004,0.007,1152.473,1200.224,1.002
"K_uu_workout[23, 29]",0.145,0.132,0.017,0.36,0.004,0.007,1153.836,1200.224,1.001
"K_uu_workout[23, 30]",0.144,0.132,0.017,0.36,0.004,0.007,1155.042,1200.224,1.001
"K_uu_workout[23, 31]",0.144,0.132,0.017,0.36,0.004,0.007,1157.376,1200.224,1.001
"K_uu_workout[23, 32]",0.143,0.131,0.017,0.359,0.004,0.007,1160.251,1200.224,1.001
"K_uu_workout[23, 33]",0.143,0.131,0.017,0.359,0.004,0.007,1165.041,1200.8,1.001
"K_uu_workout[23, 34]",0.142,0.131,0.017,0.359,0.004,0.007,1168.668,1200.8,1.001
"K_uu_workout[23, 35]",0.141,0.13,0.017,0.358,0.004,0.007,1173.95,1185.262,1.001
"K_uu_workout[23, 36]",0.141,0.13,0.017,0.358,0.004,0.007,1175.587,1185.262,1.001
"K_uu_workout[23, 37]",0.14,0.129,0.017,0.356,0.004,0.007,1179.983,1249.334,1.001
"K_uu_workout[23, 38]",0.139,0.129,0.017,0.354,0.004,0.007,1183.804,1249.334,1.001
"K_uu_workout[23, 39]",0.138,0.128,0.017,0.353,0.004,0.007,1189.122,1249.334,1.001
"K_uu_workout[23, 40]",0.137,0.128,0.016,0.353,0.004,0.007,1194.731,1249.334,1.001
"K_uu_workout[23, 41]",0.137,0.127,0.013,0.349,0.004,0.007,1200.665,1249.334,1.001
"K_uu_workout[23, 42]",0.136,0.126,0.017,0.352,0.004,0.007,1203.56,1249.334,1.001
"K_uu_workout[23, 43]",0.135,0.126,0.014,0.347,0.004,0.007,1212.524,1217.221,1.001
"K_uu_workout[23, 44]",0.133,0.125,0.016,0.347,0.004,0.007,1224.024,1119.666,1.001
"K_uu_workout[23, 45]",0.132,0.125,0.016,0.346,0.004,0.007,1231.762,1119.666,1.001
"K_uu_workout[23, 46]",0.131,0.124,0.016,0.345,0.004,0.007,1240.09,1119.666,1.001
"K_uu_workout[23, 47]",0.13,0.123,0.01,0.337,0.004,0.007,1253.062,1119.666,1.001
"K_uu_workout[23, 48]",0.129,0.123,0.012,0.339,0.004,0.007,1258.561,1119.666,1.0
"K_uu_workout[23, 49]",0.128,0.122,0.016,0.342,0.004,0.007,1268.253,1119.666,1.0
"K_uu_workout[24, 0]",0.13,0.123,0.01,0.337,0.004,0.007,1253.062,1119.666,1.001
"K_uu_workout[24, 1]",0.131,0.124,0.016,0.345,0.004,0.007,1240.09,1119.666,1.001
"K_uu_workout[24, 2]",0.132,0.125,0.016,0.346,0.004,0.007,1231.762,1119.666,1.001
"K_uu_workout[24, 3]",0.133,0.125,0.016,0.347,0.004,0.007,1224.024,1119.666,1.001
"K_uu_workout[24, 4]",0.135,0.126,0.014,0.347,0.004,0.007,1212.524,1217.221,1.001
"K_uu_workout[24, 5]",0.136,0.126,0.017,0.352,0.004,0.007,1203.56,1249.334,1.001
"K_uu_workout[24, 6]",0.137,0.127,0.013,0.349,0.004,0.007,1200.665,1249.334,1.001
"K_uu_workout[24, 7]",0.137,0.128,0.016,0.353,0.004,0.007,1194.731,1249.334,1.001
"K_uu_workout[24, 8]",0.138,0.128,0.017,0.353,0.004,0.007,1189.122,1249.334,1.001
"K_uu_workout[24, 9]",0.139,0.129,0.017,0.354,0.004,0.007,1183.804,1249.334,1.001
"K_uu_workout[24, 10]",0.14,0.129,0.017,0.356,0.004,0.007,1179.983,1249.334,1.001
"K_uu_workout[24, 11]",0.141,0.13,0.017,0.358,0.004,0.007,1175.587,1185.262,1.001
"K_uu_workout[24, 12]",0.141,0.13,0.017,0.358,0.004,0.007,1173.95,1185.262,1.001
"K_uu_workout[24, 13]",0.142,0.131,0.017,0.359,0.004,0.007,1168.668,1200.8,1.001
"K_uu_workout[24, 14]",0.143,0.131,0.017,0.359,0.004,0.007,1165.041,1200.8,1.001
"K_uu_workout[24, 15]",0.143,0.131,0.017,0.359,0.004,0.007,1160.251,1200.224,1.001
"K_uu_workout[24, 16]",0.144,0.132,0.017,0.36,0.004,0.007,1157.376,1200.224,1.001
"K_uu_workout[24, 17]",0.144,0.132,0.017,0.36,0.004,0.007,1155.042,1200.224,1.001
"K_uu_workout[24, 18]",0.145,0.132,0.017,0.36,0.004,0.007,1153.836,1200.224,1.001
"K_uu_workout[24, 19]",0.145,0.132,0.017,0.362,0.004,0.007,1152.473,1200.224,1.002
"K_uu_workout[24, 20]",0.145,0.133,0.017,0.363,0.004,0.007,1151.776,1215.569,1.002
"K_uu_workout[24, 21]",0.145,0.133,0.017,0.364,0.004,0.007,1150.884,1215.569,1.002
"K_uu_workout[24, 22]",0.146,0.133,0.017,0.365,0.004,0.007,1150.361,1215.569,1.002
"K_uu_workout[24, 23]",0.146,0.133,0.017,0.365,0.004,0.007,1150.51,1215.569,1.002
"K_uu_workout[24, 24]",0.146,0.133,0.017,0.365,0.004,0.007,1150.117,1215.569,1.002
"K_uu_workout[24, 25]",0.146,0.133,0.017,0.365,0.004,0.007,1150.51,1215.569,1.002
"K_uu_workout[24, 26]",0.146,0.133,0.017,0.365,0.004,0.007,1150.361,1215.569,1.002
"K_uu_workout[24, 27]",0.145,0.133,0.017,0.364,0.004,0.007,1150.884,1215.569,1.002
"K_uu_workout[24, 28]",0.145,0.133,0.017,0.363,0.004,0.007,1151.776,1215.569,1.002
"K_uu_workout[24, 29]",0.145,0.132,0.017,0.362,0.004,0.007,1152.473,1200.224,1.002
"K_uu_workout[24, 30]",0.145,0.132,0.017,0.36,0.004,0.007,1153.836,1200.224,1.001
"K_uu_workout[24, 31]",0.144,0.132,0.017,0.36,0.004,0.007,1155.042,1200.224,1.001
"K_uu_workout[24, 32]",0.144,0.132,0.017,0.36,0.004,0.007,1157.376,1200.224,1.001
"K_uu_workout[24, 33]",0.143,0.131,0.017,0.359,0.004,0.007,1160.251,1200.224,1.001
"K_uu_workout[24, 34]",0.143,0.131,0.017,0.359,0.004,0.007,1165.041,1200.8,1.001
"K_uu_workout[24, 35]",0.142,0.131,0.017,0.359,0.004,0.007,1168.668,1200.8,1.001
"K_uu_workout[24, 36]",0.141,0.13,0.017,0.358,0.004,0.007,1173.95,1185.262,1.001
"K_uu_workout[24, 37]",0.141,0.13,0.017,0.358,0.004,0.007,1175.587,1185.262,1.001
"K_uu_workout[24, 38]",0.14,0.129,0.017,0.356,0.004,0.007,1179.983,1249.334,1.001
"K_uu_workout[24, 39]",0.139,0.129,0.017,0.354,0.004,0.007,1183.804,1249.334,1.001
"K_uu_workout[24, 40]",0.138,0.128,0.017,0.353,0.004,0.007,1189.122,1249.334,1.001
"K_uu_workout[24, 41]",0.137,0.128,0.016,0.353,0.004,0.007,1194.731,1249.334,1.001
"K_uu_workout[24, 42]",0.137,0.127,0.013,0.349,0.004,0.007,1200.665,1249.334,1.001
"K_uu_workout[24, 43]",0.136,0.126,0.017,0.352,0.004,0.007,1203.56,1249.334,1.001
"K_uu_workout[24, 44]",0.135,0.126,0.014,0.347,0.004,0.007,1212.524,1217.221,1.001
"K_uu_workout[24, 45]",0.133,0.125,0.016,0.347,0.004,0.007,1224.024,1119.666,1.001
"K_uu_workout[24, 46]",0.132,0.125,0.016,0.346,0.004,0.007,1231.762,1119.666,1.001
"K_uu_workout[24, 47]",0.131,0.124,0.016,0.345,0.004,0.007,1240.09,1119.666,1.001
"K_uu_workout[24, 48]",0.13,0.123,0.01,0.337,0.004,0.007,1253.062,1119.666,1.001
"K_uu_workout[24, 49]",0.129,0.123,0.012,0.339,0.004,0.007,1258.561,1119.666,1.0
"K_uu_workout[25, 0]",0.129,0.123,0.012,0.339,0.004,0.007,1258.561,1119.666,1.0
"K_uu_workout[25, 1]",0.13,0.123,0.01,0.337,0.004,0.007,1253.062,1119.666,1.001
"K_uu_workout[25, 2]",0.131,0.124,0.016,0.345,0.004,0.007,1240.09,1119.666,1.001
"K_uu_workout[25, 3]",0.132,0.125,0.016,0.346,0.004,0.007,1231.762,1119.666,1.001
"K_uu_workout[25, 4]",0.133,0.125,0.016,0.347,0.004,0.007,1224.024,1119.666,1.001
"K_uu_workout[25, 5]",0.135,0.126,0.014,0.347,0.004,0.007,1212.524,1217.221,1.001
"K_uu_workout[25, 6]",0.136,0.126,0.017,0.352,0.004,0.007,1203.56,1249.334,1.001
"K_uu_workout[25, 7]",0.137,0.127,0.013,0.349,0.004,0.007,1200.665,1249.334,1.001
"K_uu_workout[25, 8]",0.137,0.128,0.016,0.353,0.004,0.007,1194.731,1249.334,1.001
"K_uu_workout[25, 9]",0.138,0.128,0.017,0.353,0.004,0.007,1189.122,1249.334,1.001
"K_uu_workout[25, 10]",0.139,0.129,0.017,0.354,0.004,0.007,1183.804,1249.334,1.001
"K_uu_workout[25, 11]",0.14,0.129,0.017,0.356,0.004,0.007,1179.983,1249.334,1.001
"K_uu_workout[25, 12]",0.141,0.13,0.017,0.358,0.004,0.007,1175.587,1185.262,1.001
"K_uu_workout[25, 13]",0.141,0.13,0.017,0.358,0.004,0.007,1173.95,1185.262,1.001
"K_uu_workout[25, 14]",0.142,0.131,0.017,0.359,0.004,0.007,1168.668,1200.8,1.001
"K_uu_workout[25, 15]",0.143,0.131,0.017,0.359,0.004,0.007,1165.041,1200.8,1.001
"K_uu_workout[25, 16]",0.143,0.131,0.017,0.359,0.004,0.007,1160.251,1200.224,1.001
"K_uu_workout[25, 17]",0.144,0.132,0.017,0.36,0.004,0.007,1157.376,1200.224,1.001
"K_uu_workout[25, 18]",0.144,0.132,0.017,0.36,0.004,0.007,1155.042,1200.224,1.001
"K_uu_workout[25, 19]",0.145,0.132,0.017,0.36,0.004,0.007,1153.836,1200.224,1.001
"K_uu_workout[25, 20]",0.145,0.132,0.017,0.362,0.004,0.007,1152.473,1200.224,1.002
"K_uu_workout[25, 21]",0.145,0.133,0.017,0.363,0.004,0.007,1151.776,1215.569,1.002
"K_uu_workout[25, 22]",0.145,0.133,0.017,0.364,0.004,0.007,1150.884,1215.569,1.002
"K_uu_workout[25, 23]",0.146,0.133,0.017,0.365,0.004,0.007,1150.361,1215.569,1.002
"K_uu_workout[25, 24]",0.146,0.133,0.017,0.365,0.004,0.007,1150.51,1215.569,1.002
"K_uu_workout[25, 25]",0.146,0.133,0.017,0.365,0.004,0.007,1150.117,1215.569,1.002
"K_uu_workout[25, 26]",0.146,0.133,0.017,0.365,0.004,0.007,1150.51,1215.569,1.002
"K_uu_workout[25, 27]",0.146,0.133,0.017,0.365,0.004,0.007,1150.361,1215.569,1.002
"K_uu_workout[25, 28]",0.145,0.133,0.017,0.364,0.004,0.007,1150.884,1215.569,1.002
"K_uu_workout[25, 29]",0.145,0.133,0.017,0.363,0.004,0.007,1151.776,1215.569,1.002
"K_uu_workout[25, 30]",0.145,0.132,0.017,0.362,0.004,0.007,1152.473,1200.224,1.002
"K_uu_workout[25, 31]",0.145,0.132,0.017,0.36,0.004,0.007,1153.836,1200.224,1.001
"K_uu_workout[25, 32]",0.144,0.132,0.017,0.36,0.004,0.007,1155.042,1200.224,1.001
"K_uu_workout[25, 33]",0.144,0.132,0.017,0.36,0.004,0.007,1157.376,1200.224,1.001
"K_uu_workout[25, 34]",0.143,0.131,0.017,0.359,0.004,0.007,1160.251,1200.224,1.001
"K_uu_workout[25, 35]",0.143,0.131,0.017,0.359,0.004,0.007,1165.041,1200.8,1.001
"K_uu_workout[25, 36]",0.142,0.131,0.017,0.359,0.004,0.007,1168.668,1200.8,1.001
"K_uu_workout[25, 37]",0.141,0.13,0.017,0.358,0.004,0.007,1173.95,1185.262,1.001
"K_uu_workout[25, 38]",0.141,0.13,0.017,0.358,0.004,0.007,1175.587,1185.262,1.001
"K_uu_workout[25, 39]",0.14,0.129,0.017,0.356,0.004,0.007,1179.983,1249.334,1.001
"K_uu_workout[25, 40]",0.139,0.129,0.017,0.354,0.004,0.007,1183.804,1249.334,1.001
"K_uu_workout[25, 41]",0.138,0.128,0.017,0.353,0.004,0.007,1189.122,1249.334,1.001
"K_uu_workout[25, 42]",0.137,0.128,0.016,0.353,0.004,0.007,1194.731,1249.334,1.001
"K_uu_workout[25, 43]",0.137,0.127,0.013,0.349,0.004,0.007,1200.665,1249.334,1.001
"K_uu_workout[25, 44]",0.136,0.126,0.017,0.352,0.004,0.007,1203.56,1249.334,1.001
"K_uu_workout[25, 45]",0.135,0.126,0.014,0.347,0.004,0.007,1212.524,1217.221,1.001
"K_uu_workout[25, 46]",0.133,0.125,0.016,0.347,0.004,0.007,1224.024,1119.666,1.001
"K_uu_workout[25, 47]",0.132,0.125,0.016,0.346,0.004,0.007,1231.762,1119.666,1.001
"K_uu_workout[25, 48]",0.131,0.124,0.016,0.345,0.004,0.007,1240.09,1119.666,1.001
"K_uu_workout[25, 49]",0.13,0.123,0.01,0.337,0.004,0.007,1253.062,1119.666,1.001
"K_uu_workout[26, 0]",0.128,0.122,0.016,0.342,0.004,0.007,1268.253,1119.666,1.0
"K_uu_workout[26, 1]",0.129,0.123,0.012,0.339,0.004,0.007,1258.561,1119.666,1.0
"K_uu_workout[26, 2]",0.13,0.123,0.01,0.337,0.004,0.007,1253.062,1119.666,1.001
"K_uu_workout[26, 3]",0.131,0.124,0.016,0.345,0.004,0.007,1240.09,1119.666,1.001
"K_uu_workout[26, 4]",0.132,0.125,0.016,0.346,0.004,0.007,1231.762,1119.666,1.001
"K_uu_workout[26, 5]",0.133,0.125,0.016,0.347,0.004,0.007,1224.024,1119.666,1.001
"K_uu_workout[26, 6]",0.135,0.126,0.014,0.347,0.004,0.007,1212.524,1217.221,1.001
"K_uu_workout[26, 7]",0.136,0.126,0.017,0.352,0.004,0.007,1203.56,1249.334,1.001
"K_uu_workout[26, 8]",0.137,0.127,0.013,0.349,0.004,0.007,1200.665,1249.334,1.001
"K_uu_workout[26, 9]",0.137,0.128,0.016,0.353,0.004,0.007,1194.731,1249.334,1.001
"K_uu_workout[26, 10]",0.138,0.128,0.017,0.353,0.004,0.007,1189.122,1249.334,1.001
"K_uu_workout[26, 11]",0.139,0.129,0.017,0.354,0.004,0.007,1183.804,1249.334,1.001
"K_uu_workout[26, 12]",0.14,0.129,0.017,0.356,0.004,0.007,1179.983,1249.334,1.001
"K_uu_workout[26, 13]",0.141,0.13,0.017,0.358,0.004,0.007,1175.587,1185.262,1.001
"K_uu_workout[26, 14]",0.141,0.13,0.017,0.358,0.004,0.007,1173.95,1185.262,1.001
"K_uu_workout[26, 15]",0.142,0.131,0.017,0.359,0.004,0.007,1168.668,1200.8,1.001
"K_uu_workout[26, 16]",0.143,0.131,0.017,0.359,0.004,0.007,1165.041,1200.8,1.001
"K_uu_workout[26, 17]",0.143,0.131,0.017,0.359,0.004,0.007,1160.251,1200.224,1.001
"K_uu_workout[26, 18]",0.144,0.132,0.017,0.36,0.004,0.007,1157.376,1200.224,1.001
"K_uu_workout[26, 19]",0.144,0.132,0.017,0.36,0.004,0.007,1155.042,1200.224,1.001
"K_uu_workout[26, 20]",0.145,0.132,0.017,0.36,0.004,0.007,1153.836,1200.224,1.001
"K_uu_workout[26, 21]",0.145,0.132,0.017,0.362,0.004,0.007,1152.473,1200.224,1.002
"K_uu_workout[26, 22]",0.145,0.133,0.017,0.363,0.004,0.007,1151.776,1215.569,1.002
"K_uu_workout[26, 23]",0.145,0.133,0.017,0.364,0.004,0.007,1150.884,1215.569,1.002
"K_uu_workout[26, 24]",0.146,0.133,0.017,0.365,0.004,0.007,1150.361,1215.569,1.002
"K_uu_workout[26, 25]",0.146,0.133,0.017,0.365,0.004,0.007,1150.51,1215.569,1.002
"K_uu_workout[26, 26]",0.146,0.133,0.017,0.365,0.004,0.007,1150.117,1215.569,1.002
"K_uu_workout[26, 27]",0.146,0.133,0.017,0.365,0.004,0.007,1150.51,1215.569,1.002
"K_uu_workout[26, 28]",0.146,0.133,0.017,0.365,0.004,0.007,1150.361,1215.569,1.002
"K_uu_workout[26, 29]",0.145,0.133,0.017,0.364,0.004,0.007,1150.884,1215.569,1.002
"K_uu_workout[26, 30]",0.145,0.133,0.017,0.363,0.004,0.007,1151.776,1215.569,1.002
"K_uu_workout[26, 31]",0.145,0.132,0.017,0.362,0.004,0.007,1152.473,1200.224,1.002
"K_uu_workout[26, 32]",0.145,0.132,0.017,0.36,0.004,0.007,1153.836,1200.224,1.001
"K_uu_workout[26, 33]",0.144,0.132,0.017,0.36,0.004,0.007,1155.042,1200.224,1.001
"K_uu_workout[26, 34]",0.144,0.132,0.017,0.36,0.004,0.007,1157.376,1200.224,1.001
"K_uu_workout[26, 35]",0.143,0.131,0.017,0.359,0.004,0.007,1160.251,1200.224,1.001
"K_uu_workout[26, 36]",0.143,0.131,0.017,0.359,0.004,0.007,1165.041,1200.8,1.001
"K_uu_workout[26, 37]",0.142,0.131,0.017,0.359,0.004,0.007,1168.668,1200.8,1.001
"K_uu_workout[26, 38]",0.141,0.13,0.017,0.358,0.004,0.007,1173.95,1185.262,1.001
"K_uu_workout[26, 39]",0.141,0.13,0.017,0.358,0.004,0.007,1175.587,1185.262,1.001
"K_uu_workout[26, 40]",0.14,0.129,0.017,0.356,0.004,0.007,1179.983,1249.334,1.001
"K_uu_workout[26, 41]",0.139,0.129,0.017,0.354,0.004,0.007,1183.804,1249.334,1.001
"K_uu_workout[26, 42]",0.138,0.128,0.017,0.353,0.004,0.007,1189.122,1249.334,1.001
"K_uu_workout[26, 43]",0.137,0.128,0.016,0.353,0.004,0.007,1194.731,1249.334,1.001
"K_uu_workout[26, 44]",0.137,0.127,0.013,0.349,0.004,0.007,1200.665,1249.334,1.001
"K_uu_workout[26, 45]",0.136,0.126,0.017,0.352,0.004,0.007,1203.56,1249.334,1.001
"K_uu_workout[26, 46]",0.135,0.126,0.014,0.347,0.004,0.007,1212.524,1217.221,1.001
"K_uu_workout[26, 47]",0.133,0.125,0.016,0.347,0.004,0.007,1224.024,1119.666,1.001
"K_uu_workout[26, 48]",0.132,0.125,0.016,0.346,0.004,0.007,1231.762,1119.666,1.001
"K_uu_workout[26, 49]",0.131,0.124,0.016,0.345,0.004,0.007,1240.09,1119.666,1.001
"K_uu_workout[27, 0]",0.127,0.121,0.014,0.336,0.004,0.007,1276.098,1106.619,1.0
"K_uu_workout[27, 1]",0.128,0.122,0.016,0.342,0.004,0.007,1268.253,1119.666,1.0
"K_uu_workout[27, 2]",0.129,0.123,0.012,0.339,0.004,0.007,1258.561,1119.666,1.0
"K_uu_workout[27, 3]",0.13,0.123,0.01,0.337,0.004,0.007,1253.062,1119.666,1.001
"K_uu_workout[27, 4]",0.131,0.124,0.016,0.345,0.004,0.007,1240.09,1119.666,1.001
"K_uu_workout[27, 5]",0.132,0.125,0.016,0.346,0.004,0.007,1231.762,1119.666,1.001
"K_uu_workout[27, 6]",0.133,0.125,0.016,0.347,0.004,0.007,1224.024,1119.666,1.001
"K_uu_workout[27, 7]",0.135,0.126,0.014,0.347,0.004,0.007,1212.524,1217.221,1.001
"K_uu_workout[27, 8]",0.136,0.126,0.017,0.352,0.004,0.007,1203.56,1249.334,1.001
"K_uu_workout[27, 9]",0.137,0.127,0.013,0.349,0.004,0.007,1200.665,1249.334,1.001
"K_uu_workout[27, 10]",0.137,0.128,0.016,0.353,0.004,0.007,1194.731,1249.334,1.001
"K_uu_workout[27, 11]",0.138,0.128,0.017,0.353,0.004,0.007,1189.122,1249.334,1.001
"K_uu_workout[27, 12]",0.139,0.129,0.017,0.354,0.004,0.007,1183.804,1249.334,1.001
"K_uu_workout[27, 13]",0.14,0.129,0.017,0.356,0.004,0.007,1179.983,1249.334,1.001
"K_uu_workout[27, 14]",0.141,0.13,0.017,0.358,0.004,0.007,1175.587,1185.262,1.001
"K_uu_workout[27, 15]",0.141,0.13,0.017,0.358,0.004,0.007,1173.95,1185.262,1.001
"K_uu_workout[27, 16]",0.142,0.131,0.017,0.359,0.004,0.007,1168.668,1200.8,1.001
"K_uu_workout[27, 17]",0.143,0.131,0.017,0.359,0.004,0.007,1165.041,1200.8,1.001
"K_uu_workout[27, 18]",0.143,0.131,0.017,0.359,0.004,0.007,1160.251,1200.224,1.001
"K_uu_workout[27, 19]",0.144,0.132,0.017,0.36,0.004,0.007,1157.376,1200.224,1.001
"K_uu_workout[27, 20]",0.144,0.132,0.017,0.36,0.004,0.007,1155.042,1200.224,1.001
"K_uu_workout[27, 21]",0.145,0.132,0.017,0.36,0.004,0.007,1153.836,1200.224,1.001
"K_uu_workout[27, 22]",0.145,0.132,0.017,0.362,0.004,0.007,1152.473,1200.224,1.002
"K_uu_workout[27, 23]",0.145,0.133,0.017,0.363,0.004,0.007,1151.776,1215.569,1.002
"K_uu_workout[27, 24]",0.145,0.133,0.017,0.364,0.004,0.007,1150.884,1215.569,1.002
"K_uu_workout[27, 25]",0.146,0.133,0.017,0.365,0.004,0.007,1150.361,1215.569,1.002
"K_uu_workout[27, 26]",0.146,0.133,0.017,0.365,0.004,0.007,1150.51,1215.569,1.002
"K_uu_workout[27, 27]",0.146,0.133,0.017,0.365,0.004,0.007,1150.117,1215.569,1.002
"K_uu_workout[27, 28]",0.146,0.133,0.017,0.365,0.004,0.007,1150.51,1215.569,1.002
"K_uu_workout[27, 29]",0.146,0.133,0.017,0.365,0.004,0.007,1150.361,1215.569,1.002
"K_uu_workout[27, 30]",0.145,0.133,0.017,0.364,0.004,0.007,1150.884,1215.569,1.002
"K_uu_workout[27, 31]",0.145,0.133,0.017,0.363,0.004,0.007,1151.776,1215.569,1.002
"K_uu_workout[27, 32]",0.145,0.132,0.017,0.362,0.004,0.007,1152.473,1200.224,1.002
"K_uu_workout[27, 33]",0.145,0.132,0.017,0.36,0.004,0.007,1153.836,1200.224,1.001
"K_uu_workout[27, 34]",0.144,0.132,0.017,0.36,0.004,0.007,1155.042,1200.224,1.001
"K_uu_workout[27, 35]",0.144,0.132,0.017,0.36,0.004,0.007,1157.376,1200.224,1.001
"K_uu_workout[27, 36]",0.143,0.131,0.017,0.359,0.004,0.007,1160.251,1200.224,1.001
"K_uu_workout[27, 37]",0.143,0.131,0.017,0.359,0.004,0.007,1165.041,1200.8,1.001
"K_uu_workout[27, 38]",0.142,0.131,0.017,0.359,0.004,0.007,1168.668,1200.8,1.001
"K_uu_workout[27, 39]",0.141,0.13,0.017,0.358,0.004,0.007,1173.95,1185.262,1.001
"K_uu_workout[27, 40]",0.141,0.13,0.017,0.358,0.004,0.007,1175.587,1185.262,1.001
"K_uu_workout[27, 41]",0.14,0.129,0.017,0.356,0.004,0.007,1179.983,1249.334,1.001
"K_uu_workout[27, 42]",0.139,0.129,0.017,0.354,0.004,0.007,1183.804,1249.334,1.001
"K_uu_workout[27, 43]",0.138,0.128,0.017,0.353,0.004,0.007,1189.122,1249.334,1.001
"K_uu_workout[27, 44]",0.137,0.128,0.016,0.353,0.004,0.007,1194.731,1249.334,1.001
"K_uu_workout[27, 45]",0.137,0.127,0.013,0.349,0.004,0.007,1200.665,1249.334,1.001
"K_uu_workout[27, 46]",0.136,0.126,0.017,0.352,0.004,0.007,1203.56,1249.334,1.001
"K_uu_workout[27, 47]",0.135,0.126,0.014,0.347,0.004,0.007,1212.524,1217.221,1.001
"K_uu_workout[27, 48]",0.133,0.125,0.016,0.347,0.004,0.007,1224.024,1119.666,1.001
"K_uu_workout[27, 49]",0.132,0.125,0.016,0.346,0.004,0.007,1231.762,1119.666,1.001
"K_uu_workout[28, 0]",0.125,0.121,0.01,0.33,0.004,0.007,1287.375,1106.619,1.0
"K_uu_workout[28, 1]",0.127,0.121,0.014,0.336,0.004,0.007,1276.098,1106.619,1.0
"K_uu_workout[28, 2]",0.128,0.122,0.016,0.342,0.004,0.007,1268.253,1119.666,1.0
"K_uu_workout[28, 3]",0.129,0.123,0.012,0.339,0.004,0.007,1258.561,1119.666,1.0
"K_uu_workout[28, 4]",0.13,0.123,0.01,0.337,0.004,0.007,1253.062,1119.666,1.001
"K_uu_workout[28, 5]",0.131,0.124,0.016,0.345,0.004,0.007,1240.09,1119.666,1.001
"K_uu_workout[28, 6]",0.132,0.125,0.016,0.346,0.004,0.007,1231.762,1119.666,1.001
"K_uu_workout[28, 7]",0.133,0.125,0.016,0.347,0.004,0.007,1224.024,1119.666,1.001
"K_uu_workout[28, 8]",0.135,0.126,0.014,0.347,0.004,0.007,1212.524,1217.221,1.001
"K_uu_workout[28, 9]",0.136,0.126,0.017,0.352,0.004,0.007,1203.56,1249.334,1.001
"K_uu_workout[28, 10]",0.137,0.127,0.013,0.349,0.004,0.007,1200.665,1249.334,1.001
"K_uu_workout[28, 11]",0.137,0.128,0.016,0.353,0.004,0.007,1194.731,1249.334,1.001
"K_uu_workout[28, 12]",0.138,0.128,0.017,0.353,0.004,0.007,1189.122,1249.334,1.001
"K_uu_workout[28, 13]",0.139,0.129,0.017,0.354,0.004,0.007,1183.804,1249.334,1.001
"K_uu_workout[28, 14]",0.14,0.129,0.017,0.356,0.004,0.007,1179.983,1249.334,1.001
"K_uu_workout[28, 15]",0.141,0.13,0.017,0.358,0.004,0.007,1175.587,1185.262,1.001
"K_uu_workout[28, 16]",0.141,0.13,0.017,0.358,0.004,0.007,1173.95,1185.262,1.001
"K_uu_workout[28, 17]",0.142,0.131,0.017,0.359,0.004,0.007,1168.668,1200.8,1.001
"K_uu_workout[28, 18]",0.143,0.131,0.017,0.359,0.004,0.007,1165.041,1200.8,1.001
"K_uu_workout[28, 19]",0.143,0.131,0.017,0.359,0.004,0.007,1160.251,1200.224,1.001
"K_uu_workout[28, 20]",0.144,0.132,0.017,0.36,0.004,0.007,1157.376,1200.224,1.001
"K_uu_workout[28, 21]",0.144,0.132,0.017,0.36,0.004,0.007,1155.042,1200.224,1.001
"K_uu_workout[28, 22]",0.145,0.132,0.017,0.36,0.004,0.007,1153.836,1200.224,1.001
"K_uu_workout[28, 23]",0.145,0.132,0.017,0.362,0.004,0.007,1152.473,1200.224,1.002
"K_uu_workout[28, 24]",0.145,0.133,0.017,0.363,0.004,0.007,1151.776,1215.569,1.002
"K_uu_workout[28, 25]",0.145,0.133,0.017,0.364,0.004,0.007,1150.884,1215.569,1.002
"K_uu_workout[28, 26]",0.146,0.133,0.017,0.365,0.004,0.007,1150.361,1215.569,1.002
"K_uu_workout[28, 27]",0.146,0.133,0.017,0.365,0.004,0.007,1150.51,1215.569,1.002
"K_uu_workout[28, 28]",0.146,0.133,0.017,0.365,0.004,0.007,1150.117,1215.569,1.002
"K_uu_workout[28, 29]",0.146,0.133,0.017,0.365,0.004,0.007,1150.51,1215.569,1.002
"K_uu_workout[28, 30]",0.146,0.133,0.017,0.365,0.004,0.007,1150.361,1215.569,1.002
"K_uu_workout[28, 31]",0.145,0.133,0.017,0.364,0.004,0.007,1150.884,1215.569,1.002
"K_uu_workout[28, 32]",0.145,0.133,0.017,0.363,0.004,0.007,1151.776,1215.569,1.002
"K_uu_workout[28, 33]",0.145,0.132,0.017,0.362,0.004,0.007,1152.473,1200.224,1.002
"K_uu_workout[28, 34]",0.145,0.132,0.017,0.36,0.004,0.007,1153.836,1200.224,1.001
"K_uu_workout[28, 35]",0.144,0.132,0.017,0.36,0.004,0.007,1155.042,1200.224,1.001
"K_uu_workout[28, 36]",0.144,0.132,0.017,0.36,0.004,0.007,1157.376,1200.224,1.001
"K_uu_workout[28, 37]",0.143,0.131,0.017,0.359,0.004,0.007,1160.251,1200.224,1.001
"K_uu_workout[28, 38]",0.143,0.131,0.017,0.359,0.004,0.007,1165.041,1200.8,1.001
"K_uu_workout[28, 39]",0.142,0.131,0.017,0.359,0.004,0.007,1168.668,1200.8,1.001
"K_uu_workout[28, 40]",0.141,0.13,0.017,0.358,0.004,0.007,1173.95,1185.262,1.001
"K_uu_workout[28, 41]",0.141,0.13,0.017,0.358,0.004,0.007,1175.587,1185.262,1.001
"K_uu_workout[28, 42]",0.14,0.129,0.017,0.356,0.004,0.007,1179.983,1249.334,1.001
"K_uu_workout[28, 43]",0.139,0.129,0.017,0.354,0.004,0.007,1183.804,1249.334,1.001
"K_uu_workout[28, 44]",0.138,0.128,0.017,0.353,0.004,0.007,1189.122,1249.334,1.001
"K_uu_workout[28, 45]",0.137,0.128,0.016,0.353,0.004,0.007,1194.731,1249.334,1.001
"K_uu_workout[28, 46]",0.137,0.127,0.013,0.349,0.004,0.007,1200.665,1249.334,1.001
"K_uu_workout[28, 47]",0.136,0.126,0.017,0.352,0.004,0.007,1203.56,1249.334,1.001
"K_uu_workout[28, 48]",0.135,0.126,0.014,0.347,0.004,0.007,1212.524,1217.221,1.001
"K_uu_workout[28, 49]",0.133,0.125,0.016,0.347,0.004,0.007,1224.024,1119.666,1.001
"K_uu_workout[29, 0]",0.124,0.12,0.009,0.33,0.004,0.007,1295.037,1133.283,1.0
"K_uu_workout[29, 1]",0.125,0.121,0.01,0.33,0.004,0.007,1287.375,1106.619,1.0
"K_uu_workout[29, 2]",0.127,0.121,0.014,0.336,0.004,0.007,1276.098,1106.619,1.0
"K_uu_workout[29, 3]",0.128,0.122,0.016,0.342,0.004,0.007,1268.253,1119.666,1.0
"K_uu_workout[29, 4]",0.129,0.123,0.012,0.339,0.004,0.007,1258.561,1119.666,1.0
"K_uu_workout[29, 5]",0.13,0.123,0.01,0.337,0.004,0.007,1253.062,1119.666,1.001
"K_uu_workout[29, 6]",0.131,0.124,0.016,0.345,0.004,0.007,1240.09,1119.666,1.001
"K_uu_workout[29, 7]",0.132,0.125,0.016,0.346,0.004,0.007,1231.762,1119.666,1.001
"K_uu_workout[29, 8]",0.133,0.125,0.016,0.347,0.004,0.007,1224.024,1119.666,1.001
"K_uu_workout[29, 9]",0.135,0.126,0.014,0.347,0.004,0.007,1212.524,1217.221,1.001
"K_uu_workout[29, 10]",0.136,0.126,0.017,0.352,0.004,0.007,1203.56,1249.334,1.001
"K_uu_workout[29, 11]",0.137,0.127,0.013,0.349,0.004,0.007,1200.665,1249.334,1.001
"K_uu_workout[29, 12]",0.137,0.128,0.016,0.353,0.004,0.007,1194.731,1249.334,1.001
"K_uu_workout[29, 13]",0.138,0.128,0.017,0.353,0.004,0.007,1189.122,1249.334,1.001
"K_uu_workout[29, 14]",0.139,0.129,0.017,0.354,0.004,0.007,1183.804,1249.334,1.001
"K_uu_workout[29, 15]",0.14,0.129,0.017,0.356,0.004,0.007,1179.983,1249.334,1.001
"K_uu_workout[29, 16]",0.141,0.13,0.017,0.358,0.004,0.007,1175.587,1185.262,1.001
"K_uu_workout[29, 17]",0.141,0.13,0.017,0.358,0.004,0.007,1173.95,1185.262,1.001
"K_uu_workout[29, 18]",0.142,0.131,0.017,0.359,0.004,0.007,1168.668,1200.8,1.001
"K_uu_workout[29, 19]",0.143,0.131,0.017,0.359,0.004,0.007,1165.041,1200.8,1.001
"K_uu_workout[29, 20]",0.143,0.131,0.017,0.359,0.004,0.007,1160.251,1200.224,1.001
"K_uu_workout[29, 21]",0.144,0.132,0.017,0.36,0.004,0.007,1157.376,1200.224,1.001
"K_uu_workout[29, 22]",0.144,0.132,0.017,0.36,0.004,0.007,1155.042,1200.224,1.001
"K_uu_workout[29, 23]",0.145,0.132,0.017,0.36,0.004,0.007,1153.836,1200.224,1.001
"K_uu_workout[29, 24]",0.145,0.132,0.017,0.362,0.004,0.007,1152.473,1200.224,1.002
"K_uu_workout[29, 25]",0.145,0.133,0.017,0.363,0.004,0.007,1151.776,1215.569,1.002
"K_uu_workout[29, 26]",0.145,0.133,0.017,0.364,0.004,0.007,1150.884,1215.569,1.002
"K_uu_workout[29, 27]",0.146,0.133,0.017,0.365,0.004,0.007,1150.361,1215.569,1.002
"K_uu_workout[29, 28]",0.146,0.133,0.017,0.365,0.004,0.007,1150.51,1215.569,1.002
"K_uu_workout[29, 29]",0.146,0.133,0.017,0.365,0.004,0.007,1150.117,1215.569,1.002
"K_uu_workout[29, 30]",0.146,0.133,0.017,0.365,0.004,0.007,1150.51,1215.569,1.002
"K_uu_workout[29, 31]",0.146,0.133,0.017,0.365,0.004,0.007,1150.361,1215.569,1.002
"K_uu_workout[29, 32]",0.145,0.133,0.017,0.364,0.004,0.007,1150.884,1215.569,1.002
"K_uu_workout[29, 33]",0.145,0.133,0.017,0.363,0.004,0.007,1151.776,1215.569,1.002
"K_uu_workout[29, 34]",0.145,0.132,0.017,0.362,0.004,0.007,1152.473,1200.224,1.002
"K_uu_workout[29, 35]",0.145,0.132,0.017,0.36,0.004,0.007,1153.836,1200.224,1.001
"K_uu_workout[29, 36]",0.144,0.132,0.017,0.36,0.004,0.007,1155.042,1200.224,1.001
"K_uu_workout[29, 37]",0.144,0.132,0.017,0.36,0.004,0.007,1157.376,1200.224,1.001
"K_uu_workout[29, 38]",0.143,0.131,0.017,0.359,0.004,0.007,1160.251,1200.224,1.001
"K_uu_workout[29, 39]",0.143,0.131,0.017,0.359,0.004,0.007,1165.041,1200.8,1.001
"K_uu_workout[29, 40]",0.142,0.131,0.017,0.359,0.004,0.007,1168.668,1200.8,1.001
"K_uu_workout[29, 41]",0.141,0.13,0.017,0.358,0.004,0.007,1173.95,1185.262,1.001
"K_uu_workout[29, 42]",0.141,0.13,0.017,0.358,0.004,0.007,1175.587,1185.262,1.001
"K_uu_workout[29, 43]",0.14,0.129,0.017,0.356,0.004,0.007,1179.983,1249.334,1.001
"K_uu_workout[29, 44]",0.139,0.129,0.017,0.354,0.004,0.007,1183.804,1249.334,1.001
"K_uu_workout[29, 45]",0.138,0.128,0.017,0.353,0.004,0.007,1189.122,1249.334,1.001
"K_uu_workout[29, 46]",0.137,0.128,0.016,0.353,0.004,0.007,1194.731,1249.334,1.001
"K_uu_workout[29, 47]",0.137,0.127,0.013,0.349,0.004,0.007,1200.665,1249.334,1.001
"K_uu_workout[29, 48]",0.136,0.126,0.017,0.352,0.004,0.007,1203.56,1249.334,1.001
"K_uu_workout[29, 49]",0.135,0.126,0.014,0.347,0.004,0.007,1212.524,1217.221,1.001
"K_uu_workout[30, 0]",0.123,0.119,0.011,0.331,0.004,0.007,1291.027,1133.283,1.0
"K_uu_workout[30, 1]",0.124,0.12,0.009,0.33,0.004,0.007,1295.037,1133.283,1.0
"K_uu_workout[30, 2]",0.125,0.121,0.01,0.33,0.004,0.007,1287.375,1106.619,1.0
"K_uu_workout[30, 3]",0.127,0.121,0.014,0.336,0.004,0.007,1276.098,1106.619,1.0
"K_uu_workout[30, 4]",0.128,0.122,0.016,0.342,0.004,0.007,1268.253,1119.666,1.0
"K_uu_workout[30, 5]",0.129,0.123,0.012,0.339,0.004,0.007,1258.561,1119.666,1.0
"K_uu_workout[30, 6]",0.13,0.123,0.01,0.337,0.004,0.007,1253.062,1119.666,1.001
"K_uu_workout[30, 7]",0.131,0.124,0.016,0.345,0.004,0.007,1240.09,1119.666,1.001
"K_uu_workout[30, 8]",0.132,0.125,0.016,0.346,0.004,0.007,1231.762,1119.666,1.001
"K_uu_workout[30, 9]",0.133,0.125,0.016,0.347,0.004,0.007,1224.024,1119.666,1.001
"K_uu_workout[30, 10]",0.135,0.126,0.014,0.347,0.004,0.007,1212.524,1217.221,1.001
"K_uu_workout[30, 11]",0.136,0.126,0.017,0.352,0.004,0.007,1203.56,1249.334,1.001
"K_uu_workout[30, 12]",0.137,0.127,0.013,0.349,0.004,0.007,1200.665,1249.334,1.001
"K_uu_workout[30, 13]",0.137,0.128,0.016,0.353,0.004,0.007,1194.731,1249.334,1.001
"K_uu_workout[30, 14]",0.138,0.128,0.017,0.353,0.004,0.007,1189.122,1249.334,1.001
"K_uu_workout[30, 15]",0.139,0.129,0.017,0.354,0.004,0.007,1183.804,1249.334,1.001
"K_uu_workout[30, 16]",0.14,0.129,0.017,0.356,0.004,0.007,1179.983,1249.334,1.001
"K_uu_workout[30, 17]",0.141,0.13,0.017,0.358,0.004,0.007,1175.587,1185.262,1.001
"K_uu_workout[30, 18]",0.141,0.13,0.017,0.358,0.004,0.007,1173.95,1185.262,1.001
"K_uu_workout[30, 19]",0.142,0.131,0.017,0.359,0.004,0.007,1168.668,1200.8,1.001
"K_uu_workout[30, 20]",0.143,0.131,0.017,0.359,0.004,0.007,1165.041,1200.8,1.001
"K_uu_workout[30, 21]",0.143,0.131,0.017,0.359,0.004,0.007,1160.251,1200.224,1.001
"K_uu_workout[30, 22]",0.144,0.132,0.017,0.36,0.004,0.007,1157.376,1200.224,1.001
"K_uu_workout[30, 23]",0.144,0.132,0.017,0.36,0.004,0.007,1155.042,1200.224,1.001
"K_uu_workout[30, 24]",0.145,0.132,0.017,0.36,0.004,0.007,1153.836,1200.224,1.001
"K_uu_workout[30, 25]",0.145,0.132,0.017,0.362,0.004,0.007,1152.473,1200.224,1.002
"K_uu_workout[30, 26]",0.145,0.133,0.017,0.363,0.004,0.007,1151.776,1215.569,1.002
"K_uu_workout[30, 27]",0.145,0.133,0.017,0.364,0.004,0.007,1150.884,1215.569,1.002
"K_uu_workout[30, 28]",0.146,0.133,0.017,0.365,0.004,0.007,1150.361,1215.569,1.002
"K_uu_workout[30, 29]",0.146,0.133,0.017,0.365,0.004,0.007,1150.51,1215.569,1.002
"K_uu_workout[30, 30]",0.146,0.133,0.017,0.365,0.004,0.007,1150.117,1215.569,1.002
"K_uu_workout[30, 31]",0.146,0.133,0.017,0.365,0.004,0.007,1150.51,1215.569,1.002
"K_uu_workout[30, 32]",0.146,0.133,0.017,0.365,0.004,0.007,1150.361,1215.569,1.002
"K_uu_workout[30, 33]",0.145,0.133,0.017,0.364,0.004,0.007,1150.884,1215.569,1.002
"K_uu_workout[30, 34]",0.145,0.133,0.017,0.363,0.004,0.007,1151.776,1215.569,1.002
"K_uu_workout[30, 35]",0.145,0.132,0.017,0.362,0.004,0.007,1152.473,1200.224,1.002
"K_uu_workout[30, 36]",0.145,0.132,0.017,0.36,0.004,0.007,1153.836,1200.224,1.001
"K_uu_workout[30, 37]",0.144,0.132,0.017,0.36,0.004,0.007,1155.042,1200.224,1.001
"K_uu_workout[30, 38]",0.144,0.132,0.017,0.36,0.004,0.007,1157.376,1200.224,1.001
"K_uu_workout[30, 39]",0.143,0.131,0.017,0.359,0.004,0.007,1160.251,1200.224,1.001
"K_uu_workout[30, 40]",0.143,0.131,0.017,0.359,0.004,0.007,1165.041,1200.8,1.001
"K_uu_workout[30, 41]",0.142,0.131,0.017,0.359,0.004,0.007,1168.668,1200.8,1.001
"K_uu_workout[30, 42]",0.141,0.13,0.017,0.358,0.004,0.007,1173.95,1185.262,1.001
"K_uu_workout[30, 43]",0.141,0.13,0.017,0.358,0.004,0.007,1175.587,1185.262,1.001
"K_uu_workout[30, 44]",0.14,0.129,0.017,0.356,0.004,0.007,1179.983,1249.334,1.001
"K_uu_workout[30, 45]",0.139,0.129,0.017,0.354,0.004,0.007,1183.804,1249.334,1.001
"K_uu_workout[30, 46]",0.138,0.128,0.017,0.353,0.004,0.007,1189.122,1249.334,1.001
"K_uu_workout[30, 47]",0.137,0.128,0.016,0.353,0.004,0.007,1194.731,1249.334,1.001
"K_uu_workout[30, 48]",0.137,0.127,0.013,0.349,0.004,0.007,1200.665,1249.334,1.001
"K_uu_workout[30, 49]",0.136,0.126,0.017,0.352,0.004,0.007,1203.56,1249.334,1.001
"K_uu_workout[31, 0]",0.122,0.118,0.008,0.325,0.004,0.007,1293.714,1133.283,1.0
"K_uu_workout[31, 1]",0.123,0.119,0.011,0.331,0.004,0.007,1291.027,1133.283,1.0
"K_uu_workout[31, 2]",0.124,0.12,0.009,0.33,0.004,0.007,1295.037,1133.283,1.0
"K_uu_workout[31, 3]",0.125,0.121,0.01,0.33,0.004,0.007,1287.375,1106.619,1.0
"K_uu_workout[31, 4]",0.127,0.121,0.014,0.336,0.004,0.007,1276.098,1106.619,1.0
"K_uu_workout[31, 5]",0.128,0.122,0.016,0.342,0.004,0.007,1268.253,1119.666,1.0
"K_uu_workout[31, 6]",0.129,0.123,0.012,0.339,0.004,0.007,1258.561,1119.666,1.0
"K_uu_workout[31, 7]",0.13,0.123,0.01,0.337,0.004,0.007,1253.062,1119.666,1.001
"K_uu_workout[31, 8]",0.131,0.124,0.016,0.345,0.004,0.007,1240.09,1119.666,1.001
"K_uu_workout[31, 9]",0.132,0.125,0.016,0.346,0.004,0.007,1231.762,1119.666,1.001
"K_uu_workout[31, 10]",0.133,0.125,0.016,0.347,0.004,0.007,1224.024,1119.666,1.001
"K_uu_workout[31, 11]",0.135,0.126,0.014,0.347,0.004,0.007,1212.524,1217.221,1.001
"K_uu_workout[31, 12]",0.136,0.126,0.017,0.352,0.004,0.007,1203.56,1249.334,1.001
"K_uu_workout[31, 13]",0.137,0.127,0.013,0.349,0.004,0.007,1200.665,1249.334,1.001
"K_uu_workout[31, 14]",0.137,0.128,0.016,0.353,0.004,0.007,1194.731,1249.334,1.001
"K_uu_workout[31, 15]",0.138,0.128,0.017,0.353,0.004,0.007,1189.122,1249.334,1.001
"K_uu_workout[31, 16]",0.139,0.129,0.017,0.354,0.004,0.007,1183.804,1249.334,1.001
"K_uu_workout[31, 17]",0.14,0.129,0.017,0.356,0.004,0.007,1179.983,1249.334,1.001
"K_uu_workout[31, 18]",0.141,0.13,0.017,0.358,0.004,0.007,1175.587,1185.262,1.001
"K_uu_workout[31, 19]",0.141,0.13,0.017,0.358,0.004,0.007,1173.95,1185.262,1.001
"K_uu_workout[31, 20]",0.142,0.131,0.017,0.359,0.004,0.007,1168.668,1200.8,1.001
"K_uu_workout[31, 21]",0.143,0.131,0.017,0.359,0.004,0.007,1165.041,1200.8,1.001
"K_uu_workout[31, 22]",0.143,0.131,0.017,0.359,0.004,0.007,1160.251,1200.224,1.001
"K_uu_workout[31, 23]",0.144,0.132,0.017,0.36,0.004,0.007,1157.376,1200.224,1.001
"K_uu_workout[31, 24]",0.144,0.132,0.017,0.36,0.004,0.007,1155.042,1200.224,1.001
"K_uu_workout[31, 25]",0.145,0.132,0.017,0.36,0.004,0.007,1153.836,1200.224,1.001
"K_uu_workout[31, 26]",0.145,0.132,0.017,0.362,0.004,0.007,1152.473,1200.224,1.002
"K_uu_workout[31, 27]",0.145,0.133,0.017,0.363,0.004,0.007,1151.776,1215.569,1.002
"K_uu_workout[31, 28]",0.145,0.133,0.017,0.364,0.004,0.007,1150.884,1215.569,1.002
"K_uu_workout[31, 29]",0.146,0.133,0.017,0.365,0.004,0.007,1150.361,1215.569,1.002
"K_uu_workout[31, 30]",0.146,0.133,0.017,0.365,0.004,0.007,1150.51,1215.569,1.002
"K_uu_workout[31, 31]",0.146,0.133,0.017,0.365,0.004,0.007,1150.117,1215.569,1.002
"K_uu_workout[31, 32]",0.146,0.133,0.017,0.365,0.004,0.007,1150.51,1215.569,1.002
"K_uu_workout[31, 33]",0.146,0.133,0.017,0.365,0.004,0.007,1150.361,1215.569,1.002
"K_uu_workout[31, 34]",0.145,0.133,0.017,0.364,0.004,0.007,1150.884,1215.569,1.002
"K_uu_workout[31, 35]",0.145,0.133,0.017,0.363,0.004,0.007,1151.776,1215.569,1.002
"K_uu_workout[31, 36]",0.145,0.132,0.017,0.362,0.004,0.007,1152.473,1200.224,1.002
"K_uu_workout[31, 37]",0.145,0.132,0.017,0.36,0.004,0.007,1153.836,1200.224,1.001
"K_uu_workout[31, 38]",0.144,0.132,0.017,0.36,0.004,0.007,1155.042,1200.224,1.001
"K_uu_workout[31, 39]",0.144,0.132,0.017,0.36,0.004,0.007,1157.376,1200.224,1.001
"K_uu_workout[31, 40]",0.143,0.131,0.017,0.359,0.004,0.007,1160.251,1200.224,1.001
"K_uu_workout[31, 41]",0.143,0.131,0.017,0.359,0.004,0.007,1165.041,1200.8,1.001
"K_uu_workout[31, 42]",0.142,0.131,0.017,0.359,0.004,0.007,1168.668,1200.8,1.001
"K_uu_workout[31, 43]",0.141,0.13,0.017,0.358,0.004,0.007,1173.95,1185.262,1.001
"K_uu_workout[31, 44]",0.141,0.13,0.017,0.358,0.004,0.007,1175.587,1185.262,1.001
"K_uu_workout[31, 45]",0.14,0.129,0.017,0.356,0.004,0.007,1179.983,1249.334,1.001
"K_uu_workout[31, 46]",0.139,0.129,0.017,0.354,0.004,0.007,1183.804,1249.334,1.001
"K_uu_workout[31, 47]",0.138,0.128,0.017,0.353,0.004,0.007,1189.122,1249.334,1.001
"K_uu_workout[31, 48]",0.137,0.128,0.016,0.353,0.004,0.007,1194.731,1249.334,1.001
"K_uu_workout[31, 49]",0.137,0.127,0.013,0.349,0.004,0.007,1200.665,1249.334,1.001
"K_uu_workout[32, 0]",0.12,0.118,0.008,0.324,0.004,0.007,1296.953,1149.648,1.0
"K_uu_workout[32, 1]",0.122,0.118,0.008,0.325,0.004,0.007,1293.714,1133.283,1.0
"K_uu_workout[32, 2]",0.123,0.119,0.011,0.331,0.004,0.007,1291.027,1133.283,1.0
"K_uu_workout[32, 3]",0.124,0.12,0.009,0.33,0.004,0.007,1295.037,1133.283,1.0
"K_uu_workout[32, 4]",0.125,0.121,0.01,0.33,0.004,0.007,1287.375,1106.619,1.0
"K_uu_workout[32, 5]",0.127,0.121,0.014,0.336,0.004,0.007,1276.098,1106.619,1.0
"K_uu_workout[32, 6]",0.128,0.122,0.016,0.342,0.004,0.007,1268.253,1119.666,1.0
"K_uu_workout[32, 7]",0.129,0.123,0.012,0.339,0.004,0.007,1258.561,1119.666,1.0
"K_uu_workout[32, 8]",0.13,0.123,0.01,0.337,0.004,0.007,1253.062,1119.666,1.001
"K_uu_workout[32, 9]",0.131,0.124,0.016,0.345,0.004,0.007,1240.09,1119.666,1.001
"K_uu_workout[32, 10]",0.132,0.125,0.016,0.346,0.004,0.007,1231.762,1119.666,1.001
"K_uu_workout[32, 11]",0.133,0.125,0.016,0.347,0.004,0.007,1224.024,1119.666,1.001
"K_uu_workout[32, 12]",0.135,0.126,0.014,0.347,0.004,0.007,1212.524,1217.221,1.001
"K_uu_workout[32, 13]",0.136,0.126,0.017,0.352,0.004,0.007,1203.56,1249.334,1.001
"K_uu_workout[32, 14]",0.137,0.127,0.013,0.349,0.004,0.007,1200.665,1249.334,1.001
"K_uu_workout[32, 15]",0.137,0.128,0.016,0.353,0.004,0.007,1194.731,1249.334,1.001
"K_uu_workout[32, 16]",0.138,0.128,0.017,0.353,0.004,0.007,1189.122,1249.334,1.001
"K_uu_workout[32, 17]",0.139,0.129,0.017,0.354,0.004,0.007,1183.804,1249.334,1.001
"K_uu_workout[32, 18]",0.14,0.129,0.017,0.356,0.004,0.007,1179.983,1249.334,1.001
"K_uu_workout[32, 19]",0.141,0.13,0.017,0.358,0.004,0.007,1175.587,1185.262,1.001
"K_uu_workout[32, 20]",0.141,0.13,0.017,0.358,0.004,0.007,1173.95,1185.262,1.001
"K_uu_workout[32, 21]",0.142,0.131,0.017,0.359,0.004,0.007,1168.668,1200.8,1.001
"K_uu_workout[32, 22]",0.143,0.131,0.017,0.359,0.004,0.007,1165.041,1200.8,1.001
"K_uu_workout[32, 23]",0.143,0.131,0.017,0.359,0.004,0.007,1160.251,1200.224,1.001
"K_uu_workout[32, 24]",0.144,0.132,0.017,0.36,0.004,0.007,1157.376,1200.224,1.001
"K_uu_workout[32, 25]",0.144,0.132,0.017,0.36,0.004,0.007,1155.042,1200.224,1.001
"K_uu_workout[32, 26]",0.145,0.132,0.017,0.36,0.004,0.007,1153.836,1200.224,1.001
"K_uu_workout[32, 27]",0.145,0.132,0.017,0.362,0.004,0.007,1152.473,1200.224,1.002
"K_uu_workout[32, 28]",0.145,0.133,0.017,0.363,0.004,0.007,1151.776,1215.569,1.002
"K_uu_workout[32, 29]",0.145,0.133,0.017,0.364,0.004,0.007,1150.884,1215.569,1.002
"K_uu_workout[32, 30]",0.146,0.133,0.017,0.365,0.004,0.007,1150.361,1215.569,1.002
"K_uu_workout[32, 31]",0.146,0.133,0.017,0.365,0.004,0.007,1150.51,1215.569,1.002
"K_uu_workout[32, 32]",0.146,0.133,0.017,0.365,0.004,0.007,1150.117,1215.569,1.002
"K_uu_workout[32, 33]",0.146,0.133,0.017,0.365,0.004,0.007,1150.51,1215.569,1.002
"K_uu_workout[32, 34]",0.146,0.133,0.017,0.365,0.004,0.007,1150.361,1215.569,1.002
"K_uu_workout[32, 35]",0.145,0.133,0.017,0.364,0.004,0.007,1150.884,1215.569,1.002
"K_uu_workout[32, 36]",0.145,0.133,0.017,0.363,0.004,0.007,1151.776,1215.569,1.002
"K_uu_workout[32, 37]",0.145,0.132,0.017,0.362,0.004,0.007,1152.473,1200.224,1.002
"K_uu_workout[32, 38]",0.145,0.132,0.017,0.36,0.004,0.007,1153.836,1200.224,1.001
"K_uu_workout[32, 39]",0.144,0.132,0.017,0.36,0.004,0.007,1155.042,1200.224,1.001
"K_uu_workout[32, 40]",0.144,0.132,0.017,0.36,0.004,0.007,1157.376,1200.224,1.001
"K_uu_workout[32, 41]",0.143,0.131,0.017,0.359,0.004,0.007,1160.251,1200.224,1.001
"K_uu_workout[32, 42]",0.143,0.131,0.017,0.359,0.004,0.007,1165.041,1200.8,1.001
"K_uu_workout[32, 43]",0.142,0.131,0.017,0.359,0.004,0.007,1168.668,1200.8,1.001
"K_uu_workout[32, 44]",0.141,0.13,0.017,0.358,0.004,0.007,1173.95,1185.262,1.001
"K_uu_workout[32, 45]",0.141,0.13,0.017,0.358,0.004,0.007,1175.587,1185.262,1.001
"K_uu_workout[32, 46]",0.14,0.129,0.017,0.356,0.004,0.007,1179.983,1249.334,1.001
"K_uu_workout[32, 47]",0.139,0.129,0.017,0.354,0.004,0.007,1183.804,1249.334,1.001
"K_uu_workout[32, 48]",0.138,0.128,0.017,0.353,0.004,0.007,1189.122,1249.334,1.001
"K_uu_workout[32, 49]",0.137,0.128,0.016,0.353,0.004,0.007,1194.731,1249.334,1.001
"K_uu_workout[33, 0]",0.119,0.117,0.011,0.326,0.004,0.007,1298.086,1149.548,1.0
"K_uu_workout[33, 1]",0.12,0.118,0.008,0.324,0.004,0.007,1296.953,1149.648,1.0
"K_uu_workout[33, 2]",0.122,0.118,0.008,0.325,0.004,0.007,1293.714,1133.283,1.0
"K_uu_workout[33, 3]",0.123,0.119,0.011,0.331,0.004,0.007,1291.027,1133.283,1.0
"K_uu_workout[33, 4]",0.124,0.12,0.009,0.33,0.004,0.007,1295.037,1133.283,1.0
"K_uu_workout[33, 5]",0.125,0.121,0.01,0.33,0.004,0.007,1287.375,1106.619,1.0
"K_uu_workout[33, 6]",0.127,0.121,0.014,0.336,0.004,0.007,1276.098,1106.619,1.0
"K_uu_workout[33, 7]",0.128,0.122,0.016,0.342,0.004,0.007,1268.253,1119.666,1.0
"K_uu_workout[33, 8]",0.129,0.123,0.012,0.339,0.004,0.007,1258.561,1119.666,1.0
"K_uu_workout[33, 9]",0.13,0.123,0.01,0.337,0.004,0.007,1253.062,1119.666,1.001
"K_uu_workout[33, 10]",0.131,0.124,0.016,0.345,0.004,0.007,1240.09,1119.666,1.001
"K_uu_workout[33, 11]",0.132,0.125,0.016,0.346,0.004,0.007,1231.762,1119.666,1.001
"K_uu_workout[33, 12]",0.133,0.125,0.016,0.347,0.004,0.007,1224.024,1119.666,1.001
"K_uu_workout[33, 13]",0.135,0.126,0.014,0.347,0.004,0.007,1212.524,1217.221,1.001
"K_uu_workout[33, 14]",0.136,0.126,0.017,0.352,0.004,0.007,1203.56,1249.334,1.001
"K_uu_workout[33, 15]",0.137,0.127,0.013,0.349,0.004,0.007,1200.665,1249.334,1.001
"K_uu_workout[33, 16]",0.137,0.128,0.016,0.353,0.004,0.007,1194.731,1249.334,1.001
"K_uu_workout[33, 17]",0.138,0.128,0.017,0.353,0.004,0.007,1189.122,1249.334,1.001
"K_uu_workout[33, 18]",0.139,0.129,0.017,0.354,0.004,0.007,1183.804,1249.334,1.001
"K_uu_workout[33, 19]",0.14,0.129,0.017,0.356,0.004,0.007,1179.983,1249.334,1.001
"K_uu_workout[33, 20]",0.141,0.13,0.017,0.358,0.004,0.007,1175.587,1185.262,1.001
"K_uu_workout[33, 21]",0.141,0.13,0.017,0.358,0.004,0.007,1173.95,1185.262,1.001
"K_uu_workout[33, 22]",0.142,0.131,0.017,0.359,0.004,0.007,1168.668,1200.8,1.001
"K_uu_workout[33, 23]",0.143,0.131,0.017,0.359,0.004,0.007,1165.041,1200.8,1.001
"K_uu_workout[33, 24]",0.143,0.131,0.017,0.359,0.004,0.007,1160.251,1200.224,1.001
"K_uu_workout[33, 25]",0.144,0.132,0.017,0.36,0.004,0.007,1157.376,1200.224,1.001
"K_uu_workout[33, 26]",0.144,0.132,0.017,0.36,0.004,0.007,1155.042,1200.224,1.001
"K_uu_workout[33, 27]",0.145,0.132,0.017,0.36,0.004,0.007,1153.836,1200.224,1.001
"K_uu_workout[33, 28]",0.145,0.132,0.017,0.362,0.004,0.007,1152.473,1200.224,1.002
"K_uu_workout[33, 29]",0.145,0.133,0.017,0.363,0.004,0.007,1151.776,1215.569,1.002
"K_uu_workout[33, 30]",0.145,0.133,0.017,0.364,0.004,0.007,1150.884,1215.569,1.002
"K_uu_workout[33, 31]",0.146,0.133,0.017,0.365,0.004,0.007,1150.361,1215.569,1.002
"K_uu_workout[33, 32]",0.146,0.133,0.017,0.365,0.004,0.007,1150.51,1215.569,1.002
"K_uu_workout[33, 33]",0.146,0.133,0.017,0.365,0.004,0.007,1150.117,1215.569,1.002
"K_uu_workout[33, 34]",0.146,0.133,0.017,0.365,0.004,0.007,1150.51,1215.569,1.002
"K_uu_workout[33, 35]",0.146,0.133,0.017,0.365,0.004,0.007,1150.361,1215.569,1.002
"K_uu_workout[33, 36]",0.145,0.133,0.017,0.364,0.004,0.007,1150.884,1215.569,1.002
"K_uu_workout[33, 37]",0.145,0.133,0.017,0.363,0.004,0.007,1151.776,1215.569,1.002
"K_uu_workout[33, 38]",0.145,0.132,0.017,0.362,0.004,0.007,1152.473,1200.224,1.002
"K_uu_workout[33, 39]",0.145,0.132,0.017,0.36,0.004,0.007,1153.836,1200.224,1.001
"K_uu_workout[33, 40]",0.144,0.132,0.017,0.36,0.004,0.007,1155.042,1200.224,1.001
"K_uu_workout[33, 41]",0.144,0.132,0.017,0.36,0.004,0.007,1157.376,1200.224,1.001
"K_uu_workout[33, 42]",0.143,0.131,0.017,0.359,0.004,0.007,1160.251,1200.224,1.001
"K_uu_workout[33, 43]",0.143,0.131,0.017,0.359,0.004,0.007,1165.041,1200.8,1.001
"K_uu_workout[33, 44]",0.142,0.131,0.017,0.359,0.004,0.007,1168.668,1200.8,1.001
"K_uu_workout[33, 45]",0.141,0.13,0.017,0.358,0.004,0.007,1173.95,1185.262,1.001
"K_uu_workout[33, 46]",0.141,0.13,0.017,0.358,0.004,0.007,1175.587,1185.262,1.001
"K_uu_workout[33, 47]",0.14,0.129,0.017,0.356,0.004,0.007,1179.983,1249.334,1.001
"K_uu_workout[33, 48]",0.139,0.129,0.017,0.354,0.004,0.007,1183.804,1249.334,1.001
"K_uu_workout[33, 49]",0.138,0.128,0.017,0.353,0.004,0.007,1189.122,1249.334,1.001
"K_uu_workout[34, 0]",0.118,0.116,0.01,0.324,0.003,0.007,1301.099,1120.688,1.0
"K_uu_workout[34, 1]",0.119,0.117,0.011,0.326,0.004,0.007,1298.086,1149.548,1.0
"K_uu_workout[34, 2]",0.12,0.118,0.008,0.324,0.004,0.007,1296.953,1149.648,1.0
"K_uu_workout[34, 3]",0.122,0.118,0.008,0.325,0.004,0.007,1293.714,1133.283,1.0
"K_uu_workout[34, 4]",0.123,0.119,0.011,0.331,0.004,0.007,1291.027,1133.283,1.0
"K_uu_workout[34, 5]",0.124,0.12,0.009,0.33,0.004,0.007,1295.037,1133.283,1.0
"K_uu_workout[34, 6]",0.125,0.121,0.01,0.33,0.004,0.007,1287.375,1106.619,1.0
"K_uu_workout[34, 7]",0.127,0.121,0.014,0.336,0.004,0.007,1276.098,1106.619,1.0
"K_uu_workout[34, 8]",0.128,0.122,0.016,0.342,0.004,0.007,1268.253,1119.666,1.0
"K_uu_workout[34, 9]",0.129,0.123,0.012,0.339,0.004,0.007,1258.561,1119.666,1.0
"K_uu_workout[34, 10]",0.13,0.123,0.01,0.337,0.004,0.007,1253.062,1119.666,1.001
"K_uu_workout[34, 11]",0.131,0.124,0.016,0.345,0.004,0.007,1240.09,1119.666,1.001
"K_uu_workout[34, 12]",0.132,0.125,0.016,0.346,0.004,0.007,1231.762,1119.666,1.001
"K_uu_workout[34, 13]",0.133,0.125,0.016,0.347,0.004,0.007,1224.024,1119.666,1.001
"K_uu_workout[34, 14]",0.135,0.126,0.014,0.347,0.004,0.007,1212.524,1217.221,1.001
"K_uu_workout[34, 15]",0.136,0.126,0.017,0.352,0.004,0.007,1203.56,1249.334,1.001
"K_uu_workout[34, 16]",0.137,0.127,0.013,0.349,0.004,0.007,1200.665,1249.334,1.001
"K_uu_workout[34, 17]",0.137,0.128,0.016,0.353,0.004,0.007,1194.731,1249.334,1.001
"K_uu_workout[34, 18]",0.138,0.128,0.017,0.353,0.004,0.007,1189.122,1249.334,1.001
"K_uu_workout[34, 19]",0.139,0.129,0.017,0.354,0.004,0.007,1183.804,1249.334,1.001
"K_uu_workout[34, 20]",0.14,0.129,0.017,0.356,0.004,0.007,1179.983,1249.334,1.001
"K_uu_workout[34, 21]",0.141,0.13,0.017,0.358,0.004,0.007,1175.587,1185.262,1.001
"K_uu_workout[34, 22]",0.141,0.13,0.017,0.358,0.004,0.007,1173.95,1185.262,1.001
"K_uu_workout[34, 23]",0.142,0.131,0.017,0.359,0.004,0.007,1168.668,1200.8,1.001
"K_uu_workout[34, 24]",0.143,0.131,0.017,0.359,0.004,0.007,1165.041,1200.8,1.001
"K_uu_workout[34, 25]",0.143,0.131,0.017,0.359,0.004,0.007,1160.251,1200.224,1.001
"K_uu_workout[34, 26]",0.144,0.132,0.017,0.36,0.004,0.007,1157.376,1200.224,1.001
"K_uu_workout[34, 27]",0.144,0.132,0.017,0.36,0.004,0.007,1155.042,1200.224,1.001
"K_uu_workout[34, 28]",0.145,0.132,0.017,0.36,0.004,0.007,1153.836,1200.224,1.001
"K_uu_workout[34, 29]",0.145,0.132,0.017,0.362,0.004,0.007,1152.473,1200.224,1.002
"K_uu_workout[34, 30]",0.145,0.133,0.017,0.363,0.004,0.007,1151.776,1215.569,1.002
"K_uu_workout[34, 31]",0.145,0.133,0.017,0.364,0.004,0.007,1150.884,1215.569,1.002
"K_uu_workout[34, 32]",0.146,0.133,0.017,0.365,0.004,0.007,1150.361,1215.569,1.002
"K_uu_workout[34, 33]",0.146,0.133,0.017,0.365,0.004,0.007,1150.51,1215.569,1.002
"K_uu_workout[34, 34]",0.146,0.133,0.017,0.365,0.004,0.007,1150.117,1215.569,1.002
"K_uu_workout[34, 35]",0.146,0.133,0.017,0.365,0.004,0.007,1150.51,1215.569,1.002
"K_uu_workout[34, 36]",0.146,0.133,0.017,0.365,0.004,0.007,1150.361,1215.569,1.002
"K_uu_workout[34, 37]",0.145,0.133,0.017,0.364,0.004,0.007,1150.884,1215.569,1.002
"K_uu_workout[34, 38]",0.145,0.133,0.017,0.363,0.004,0.007,1151.776,1215.569,1.002
"K_uu_workout[34, 39]",0.145,0.132,0.017,0.362,0.004,0.007,1152.473,1200.224,1.002
"K_uu_workout[34, 40]",0.145,0.132,0.017,0.36,0.004,0.007,1153.836,1200.224,1.001
"K_uu_workout[34, 41]",0.144,0.132,0.017,0.36,0.004,0.007,1155.042,1200.224,1.001
"K_uu_workout[34, 42]",0.144,0.132,0.017,0.36,0.004,0.007,1157.376,1200.224,1.001
"K_uu_workout[34, 43]",0.143,0.131,0.017,0.359,0.004,0.007,1160.251,1200.224,1.001
"K_uu_workout[34, 44]",0.143,0.131,0.017,0.359,0.004,0.007,1165.041,1200.8,1.001
"K_uu_workout[34, 45]",0.142,0.131,0.017,0.359,0.004,0.007,1168.668,1200.8,1.001
"K_uu_workout[34, 46]",0.141,0.13,0.017,0.358,0.004,0.007,1173.95,1185.262,1.001
"K_uu_workout[34, 47]",0.141,0.13,0.017,0.358,0.004,0.007,1175.587,1185.262,1.001
"K_uu_workout[34, 48]",0.14,0.129,0.017,0.356,0.004,0.007,1179.983,1249.334,1.001
"K_uu_workout[34, 49]",0.139,0.129,0.017,0.354,0.004,0.007,1183.804,1249.334,1.001
"K_uu_workout[35, 0]",0.116,0.116,0.009,0.319,0.003,0.007,1302.712,1120.688,1.0
"K_uu_workout[35, 1]",0.118,0.116,0.01,0.324,0.003,0.007,1301.099,1120.688,1.0
"K_uu_workout[35, 2]",0.119,0.117,0.011,0.326,0.004,0.007,1298.086,1149.548,1.0
"K_uu_workout[35, 3]",0.12,0.118,0.008,0.324,0.004,0.007,1296.953,1149.648,1.0
"K_uu_workout[35, 4]",0.122,0.118,0.008,0.325,0.004,0.007,1293.714,1133.283,1.0
"K_uu_workout[35, 5]",0.123,0.119,0.011,0.331,0.004,0.007,1291.027,1133.283,1.0
"K_uu_workout[35, 6]",0.124,0.12,0.009,0.33,0.004,0.007,1295.037,1133.283,1.0
"K_uu_workout[35, 7]",0.125,0.121,0.01,0.33,0.004,0.007,1287.375,1106.619,1.0
"K_uu_workout[35, 8]",0.127,0.121,0.014,0.336,0.004,0.007,1276.098,1106.619,1.0
"K_uu_workout[35, 9]",0.128,0.122,0.016,0.342,0.004,0.007,1268.253,1119.666,1.0
"K_uu_workout[35, 10]",0.129,0.123,0.012,0.339,0.004,0.007,1258.561,1119.666,1.0
"K_uu_workout[35, 11]",0.13,0.123,0.01,0.337,0.004,0.007,1253.062,1119.666,1.001
"K_uu_workout[35, 12]",0.131,0.124,0.016,0.345,0.004,0.007,1240.09,1119.666,1.001
"K_uu_workout[35, 13]",0.132,0.125,0.016,0.346,0.004,0.007,1231.762,1119.666,1.001
"K_uu_workout[35, 14]",0.133,0.125,0.016,0.347,0.004,0.007,1224.024,1119.666,1.001
"K_uu_workout[35, 15]",0.135,0.126,0.014,0.347,0.004,0.007,1212.524,1217.221,1.001
"K_uu_workout[35, 16]",0.136,0.126,0.017,0.352,0.004,0.007,1203.56,1249.334,1.001
"K_uu_workout[35, 17]",0.137,0.127,0.013,0.349,0.004,0.007,1200.665,1249.334,1.001
"K_uu_workout[35, 18]",0.137,0.128,0.016,0.353,0.004,0.007,1194.731,1249.334,1.001
"K_uu_workout[35, 19]",0.138,0.128,0.017,0.353,0.004,0.007,1189.122,1249.334,1.001
"K_uu_workout[35, 20]",0.139,0.129,0.017,0.354,0.004,0.007,1183.804,1249.334,1.001
"K_uu_workout[35, 21]",0.14,0.129,0.017,0.356,0.004,0.007,1179.983,1249.334,1.001
"K_uu_workout[35, 22]",0.141,0.13,0.017,0.358,0.004,0.007,1175.587,1185.262,1.001
"K_uu_workout[35, 23]",0.141,0.13,0.017,0.358,0.004,0.007,1173.95,1185.262,1.001
"K_uu_workout[35, 24]",0.142,0.131,0.017,0.359,0.004,0.007,1168.668,1200.8,1.001
"K_uu_workout[35, 25]",0.143,0.131,0.017,0.359,0.004,0.007,1165.041,1200.8,1.001
"K_uu_workout[35, 26]",0.143,0.131,0.017,0.359,0.004,0.007,1160.251,1200.224,1.001
"K_uu_workout[35, 27]",0.144,0.132,0.017,0.36,0.004,0.007,1157.376,1200.224,1.001
"K_uu_workout[35, 28]",0.144,0.132,0.017,0.36,0.004,0.007,1155.042,1200.224,1.001
"K_uu_workout[35, 29]",0.145,0.132,0.017,0.36,0.004,0.007,1153.836,1200.224,1.001
"K_uu_workout[35, 30]",0.145,0.132,0.017,0.362,0.004,0.007,1152.473,1200.224,1.002
"K_uu_workout[35, 31]",0.145,0.133,0.017,0.363,0.004,0.007,1151.776,1215.569,1.002
"K_uu_workout[35, 32]",0.145,0.133,0.017,0.364,0.004,0.007,1150.884,1215.569,1.002
"K_uu_workout[35, 33]",0.146,0.133,0.017,0.365,0.004,0.007,1150.361,1215.569,1.002
"K_uu_workout[35, 34]",0.146,0.133,0.017,0.365,0.004,0.007,1150.51,1215.569,1.002
"K_uu_workout[35, 35]",0.146,0.133,0.017,0.365,0.004,0.007,1150.117,1215.569,1.002
"K_uu_workout[35, 36]",0.146,0.133,0.017,0.365,0.004,0.007,1150.51,1215.569,1.002
"K_uu_workout[35, 37]",0.146,0.133,0.017,0.365,0.004,0.007,1150.361,1215.569,1.002
"K_uu_workout[35, 38]",0.145,0.133,0.017,0.364,0.004,0.007,1150.884,1215.569,1.002
"K_uu_workout[35, 39]",0.145,0.133,0.017,0.363,0.004,0.007,1151.776,1215.569,1.002
"K_uu_workout[35, 40]",0.145,0.132,0.017,0.362,0.004,0.007,1152.473,1200.224,1.002
"K_uu_workout[35, 41]",0.145,0.132,0.017,0.36,0.004,0.007,1153.836,1200.224,1.001
"K_uu_workout[35, 42]",0.144,0.132,0.017,0.36,0.004,0.007,1155.042,1200.224,1.001
"K_uu_workout[35, 43]",0.144,0.132,0.017,0.36,0.004,0.007,1157.376,1200.224,1.001
"K_uu_workout[35, 44]",0.143,0.131,0.017,0.359,0.004,0.007,1160.251,1200.224,1.001
"K_uu_workout[35, 45]",0.143,0.131,0.017,0.359,0.004,0.007,1165.041,1200.8,1.001
"K_uu_workout[35, 46]",0.142,0.131,0.017,0.359,0.004,0.007,1168.668,1200.8,1.001
"K_uu_workout[35, 47]",0.141,0.13,0.017,0.358,0.004,0.007,1173.95,1185.262,1.001
"K_uu_workout[35, 48]",0.141,0.13,0.017,0.358,0.004,0.007,1175.587,1185.262,1.001
"K_uu_workout[35, 49]",0.14,0.129,0.017,0.356,0.004,0.007,1179.983,1249.334,1.001
"K_uu_workout[36, 0]",0.115,0.115,0.008,0.316,0.003,0.007,1306.526,1120.688,1.0
"K_uu_workout[36, 1]",0.116,0.116,0.009,0.319,0.003,0.007,1302.712,1120.688,1.0
"K_uu_workout[36, 2]",0.118,0.116,0.01,0.324,0.003,0.007,1301.099,1120.688,1.0
"K_uu_workout[36, 3]",0.119,0.117,0.011,0.326,0.004,0.007,1298.086,1149.548,1.0
"K_uu_workout[36, 4]",0.12,0.118,0.008,0.324,0.004,0.007,1296.953,1149.648,1.0
"K_uu_workout[36, 5]",0.122,0.118,0.008,0.325,0.004,0.007,1293.714,1133.283,1.0
"K_uu_workout[36, 6]",0.123,0.119,0.011,0.331,0.004,0.007,1291.027,1133.283,1.0
"K_uu_workout[36, 7]",0.124,0.12,0.009,0.33,0.004,0.007,1295.037,1133.283,1.0
"K_uu_workout[36, 8]",0.125,0.121,0.01,0.33,0.004,0.007,1287.375,1106.619,1.0
"K_uu_workout[36, 9]",0.127,0.121,0.014,0.336,0.004,0.007,1276.098,1106.619,1.0
"K_uu_workout[36, 10]",0.128,0.122,0.016,0.342,0.004,0.007,1268.253,1119.666,1.0
"K_uu_workout[36, 11]",0.129,0.123,0.012,0.339,0.004,0.007,1258.561,1119.666,1.0
"K_uu_workout[36, 12]",0.13,0.123,0.01,0.337,0.004,0.007,1253.062,1119.666,1.001
"K_uu_workout[36, 13]",0.131,0.124,0.016,0.345,0.004,0.007,1240.09,1119.666,1.001
"K_uu_workout[36, 14]",0.132,0.125,0.016,0.346,0.004,0.007,1231.762,1119.666,1.001
"K_uu_workout[36, 15]",0.133,0.125,0.016,0.347,0.004,0.007,1224.024,1119.666,1.001
"K_uu_workout[36, 16]",0.135,0.126,0.014,0.347,0.004,0.007,1212.524,1217.221,1.001
"K_uu_workout[36, 17]",0.136,0.126,0.017,0.352,0.004,0.007,1203.56,1249.334,1.001
"K_uu_workout[36, 18]",0.137,0.127,0.013,0.349,0.004,0.007,1200.665,1249.334,1.001
"K_uu_workout[36, 19]",0.137,0.128,0.016,0.353,0.004,0.007,1194.731,1249.334,1.001
"K_uu_workout[36, 20]",0.138,0.128,0.017,0.353,0.004,0.007,1189.122,1249.334,1.001
"K_uu_workout[36, 21]",0.139,0.129,0.017,0.354,0.004,0.007,1183.804,1249.334,1.001
"K_uu_workout[36, 22]",0.14,0.129,0.017,0.356,0.004,0.007,1179.983,1249.334,1.001
"K_uu_workout[36, 23]",0.141,0.13,0.017,0.358,0.004,0.007,1175.587,1185.262,1.001
"K_uu_workout[36, 24]",0.141,0.13,0.017,0.358,0.004,0.007,1173.95,1185.262,1.001
"K_uu_workout[36, 25]",0.142,0.131,0.017,0.359,0.004,0.007,1168.668,1200.8,1.001
"K_uu_workout[36, 26]",0.143,0.131,0.017,0.359,0.004,0.007,1165.041,1200.8,1.001
"K_uu_workout[36, 27]",0.143,0.131,0.017,0.359,0.004,0.007,1160.251,1200.224,1.001
"K_uu_workout[36, 28]",0.144,0.132,0.017,0.36,0.004,0.007,1157.376,1200.224,1.001
"K_uu_workout[36, 29]",0.144,0.132,0.017,0.36,0.004,0.007,1155.042,1200.224,1.001
"K_uu_workout[36, 30]",0.145,0.132,0.017,0.36,0.004,0.007,1153.836,1200.224,1.001
"K_uu_workout[36, 31]",0.145,0.132,0.017,0.362,0.004,0.007,1152.473,1200.224,1.002
"K_uu_workout[36, 32]",0.145,0.133,0.017,0.363,0.004,0.007,1151.776,1215.569,1.002
"K_uu_workout[36, 33]",0.145,0.133,0.017,0.364,0.004,0.007,1150.884,1215.569,1.002
"K_uu_workout[36, 34]",0.146,0.133,0.017,0.365,0.004,0.007,1150.361,1215.569,1.002
"K_uu_workout[36, 35]",0.146,0.133,0.017,0.365,0.004,0.007,1150.51,1215.569,1.002
"K_uu_workout[36, 36]",0.146,0.133,0.017,0.365,0.004,0.007,1150.117,1215.569,1.002
"K_uu_workout[36, 37]",0.146,0.133,0.017,0.365,0.004,0.007,1150.51,1215.569,1.002
"K_uu_workout[36, 38]",0.146,0.133,0.017,0.365,0.004,0.007,1150.361,1215.569,1.002
"K_uu_workout[36, 39]",0.145,0.133,0.017,0.364,0.004,0.007,1150.884,1215.569,1.002
"K_uu_workout[36, 40]",0.145,0.133,0.017,0.363,0.004,0.007,1151.776,1215.569,1.002
"K_uu_workout[36, 41]",0.145,0.132,0.017,0.362,0.004,0.007,1152.473,1200.224,1.002
"K_uu_workout[36, 42]",0.145,0.132,0.017,0.36,0.004,0.007,1153.836,1200.224,1.001
"K_uu_workout[36, 43]",0.144,0.132,0.017,0.36,0.004,0.007,1155.042,1200.224,1.001
"K_uu_workout[36, 44]",0.144,0.132,0.017,0.36,0.004,0.007,1157.376,1200.224,1.001
"K_uu_workout[36, 45]",0.143,0.131,0.017,0.359,0.004,0.007,1160.251,1200.224,1.001
"K_uu_workout[36, 46]",0.143,0.131,0.017,0.359,0.004,0.007,1165.041,1200.8,1.001
"K_uu_workout[36, 47]",0.142,0.131,0.017,0.359,0.004,0.007,1168.668,1200.8,1.001
"K_uu_workout[36, 48]",0.141,0.13,0.017,0.358,0.004,0.007,1173.95,1185.262,1.001
"K_uu_workout[36, 49]",0.141,0.13,0.017,0.358,0.004,0.007,1175.587,1185.262,1.001
"K_uu_workout[37, 0]",0.114,0.114,0.007,0.312,0.003,0.007,1307.552,1135.86,1.0
"K_uu_workout[37, 1]",0.115,0.115,0.008,0.316,0.003,0.007,1306.526,1120.688,1.0
"K_uu_workout[37, 2]",0.116,0.116,0.009,0.319,0.003,0.007,1302.712,1120.688,1.0
"K_uu_workout[37, 3]",0.118,0.116,0.01,0.324,0.003,0.007,1301.099,1120.688,1.0
"K_uu_workout[37, 4]",0.119,0.117,0.011,0.326,0.004,0.007,1298.086,1149.548,1.0
"K_uu_workout[37, 5]",0.12,0.118,0.008,0.324,0.004,0.007,1296.953,1149.648,1.0
"K_uu_workout[37, 6]",0.122,0.118,0.008,0.325,0.004,0.007,1293.714,1133.283,1.0
"K_uu_workout[37, 7]",0.123,0.119,0.011,0.331,0.004,0.007,1291.027,1133.283,1.0
"K_uu_workout[37, 8]",0.124,0.12,0.009,0.33,0.004,0.007,1295.037,1133.283,1.0
"K_uu_workout[37, 9]",0.125,0.121,0.01,0.33,0.004,0.007,1287.375,1106.619,1.0
"K_uu_workout[37, 10]",0.127,0.121,0.014,0.336,0.004,0.007,1276.098,1106.619,1.0
"K_uu_workout[37, 11]",0.128,0.122,0.016,0.342,0.004,0.007,1268.253,1119.666,1.0
"K_uu_workout[37, 12]",0.129,0.123,0.012,0.339,0.004,0.007,1258.561,1119.666,1.0
"K_uu_workout[37, 13]",0.13,0.123,0.01,0.337,0.004,0.007,1253.062,1119.666,1.001
"K_uu_workout[37, 14]",0.131,0.124,0.016,0.345,0.004,0.007,1240.09,1119.666,1.001
"K_uu_workout[37, 15]",0.132,0.125,0.016,0.346,0.004,0.007,1231.762,1119.666,1.001
"K_uu_workout[37, 16]",0.133,0.125,0.016,0.347,0.004,0.007,1224.024,1119.666,1.001
"K_uu_workout[37, 17]",0.135,0.126,0.014,0.347,0.004,0.007,1212.524,1217.221,1.001
"K_uu_workout[37, 18]",0.136,0.126,0.017,0.352,0.004,0.007,1203.56,1249.334,1.001
"K_uu_workout[37, 19]",0.137,0.127,0.013,0.349,0.004,0.007,1200.665,1249.334,1.001
"K_uu_workout[37, 20]",0.137,0.128,0.016,0.353,0.004,0.007,1194.731,1249.334,1.001
"K_uu_workout[37, 21]",0.138,0.128,0.017,0.353,0.004,0.007,1189.122,1249.334,1.001
"K_uu_workout[37, 22]",0.139,0.129,0.017,0.354,0.004,0.007,1183.804,1249.334,1.001
"K_uu_workout[37, 23]",0.14,0.129,0.017,0.356,0.004,0.007,1179.983,1249.334,1.001
"K_uu_workout[37, 24]",0.141,0.13,0.017,0.358,0.004,0.007,1175.587,1185.262,1.001
"K_uu_workout[37, 25]",0.141,0.13,0.017,0.358,0.004,0.007,1173.95,1185.262,1.001
"K_uu_workout[37, 26]",0.142,0.131,0.017,0.359,0.004,0.007,1168.668,1200.8,1.001
"K_uu_workout[37, 27]",0.143,0.131,0.017,0.359,0.004,0.007,1165.041,1200.8,1.001
"K_uu_workout[37, 28]",0.143,0.131,0.017,0.359,0.004,0.007,1160.251,1200.224,1.001
"K_uu_workout[37, 29]",0.144,0.132,0.017,0.36,0.004,0.007,1157.376,1200.224,1.001
"K_uu_workout[37, 30]",0.144,0.132,0.017,0.36,0.004,0.007,1155.042,1200.224,1.001
"K_uu_workout[37, 31]",0.145,0.132,0.017,0.36,0.004,0.007,1153.836,1200.224,1.001
"K_uu_workout[37, 32]",0.145,0.132,0.017,0.362,0.004,0.007,1152.473,1200.224,1.002
"K_uu_workout[37, 33]",0.145,0.133,0.017,0.363,0.004,0.007,1151.776,1215.569,1.002
"K_uu_workout[37, 34]",0.145,0.133,0.017,0.364,0.004,0.007,1150.884,1215.569,1.002
"K_uu_workout[37, 35]",0.146,0.133,0.017,0.365,0.004,0.007,1150.361,1215.569,1.002
"K_uu_workout[37, 36]",0.146,0.133,0.017,0.365,0.004,0.007,1150.51,1215.569,1.002
"K_uu_workout[37, 37]",0.146,0.133,0.017,0.365,0.004,0.007,1150.117,1215.569,1.002
"K_uu_workout[37, 38]",0.146,0.133,0.017,0.365,0.004,0.007,1150.51,1215.569,1.002
"K_uu_workout[37, 39]",0.146,0.133,0.017,0.365,0.004,0.007,1150.361,1215.569,1.002
"K_uu_workout[37, 40]",0.145,0.133,0.017,0.364,0.004,0.007,1150.884,1215.569,1.002
"K_uu_workout[37, 41]",0.145,0.133,0.017,0.363,0.004,0.007,1151.776,1215.569,1.002
"K_uu_workout[37, 42]",0.145,0.132,0.017,0.362,0.004,0.007,1152.473,1200.224,1.002
"K_uu_workout[37, 43]",0.145,0.132,0.017,0.36,0.004,0.007,1153.836,1200.224,1.001
"K_uu_workout[37, 44]",0.144,0.132,0.017,0.36,0.004,0.007,1155.042,1200.224,1.001
"K_uu_workout[37, 45]",0.144,0.132,0.017,0.36,0.004,0.007,1157.376,1200.224,1.001
"K_uu_workout[37, 46]",0.143,0.131,0.017,0.359,0.004,0.007,1160.251,1200.224,1.001
"K_uu_workout[37, 47]",0.143,0.131,0.017,0.359,0.004,0.007,1165.041,1200.8,1.001
"K_uu_workout[37, 48]",0.142,0.131,0.017,0.359,0.004,0.007,1168.668,1200.8,1.001
"K_uu_workout[37, 49]",0.141,0.13,0.017,0.358,0.004,0.007,1173.95,1185.262,1.001
"K_uu_workout[38, 0]",0.112,0.114,0.005,0.308,0.003,0.007,1296.166,1148.497,1.0
"K_uu_workout[38, 1]",0.114,0.114,0.007,0.312,0.003,0.007,1307.552,1135.86,1.0
"K_uu_workout[38, 2]",0.115,0.115,0.008,0.316,0.003,0.007,1306.526,1120.688,1.0
"K_uu_workout[38, 3]",0.116,0.116,0.009,0.319,0.003,0.007,1302.712,1120.688,1.0
"K_uu_workout[38, 4]",0.118,0.116,0.01,0.324,0.003,0.007,1301.099,1120.688,1.0
"K_uu_workout[38, 5]",0.119,0.117,0.011,0.326,0.004,0.007,1298.086,1149.548,1.0
"K_uu_workout[38, 6]",0.12,0.118,0.008,0.324,0.004,0.007,1296.953,1149.648,1.0
"K_uu_workout[38, 7]",0.122,0.118,0.008,0.325,0.004,0.007,1293.714,1133.283,1.0
"K_uu_workout[38, 8]",0.123,0.119,0.011,0.331,0.004,0.007,1291.027,1133.283,1.0
"K_uu_workout[38, 9]",0.124,0.12,0.009,0.33,0.004,0.007,1295.037,1133.283,1.0
"K_uu_workout[38, 10]",0.125,0.121,0.01,0.33,0.004,0.007,1287.375,1106.619,1.0
"K_uu_workout[38, 11]",0.127,0.121,0.014,0.336,0.004,0.007,1276.098,1106.619,1.0
"K_uu_workout[38, 12]",0.128,0.122,0.016,0.342,0.004,0.007,1268.253,1119.666,1.0
"K_uu_workout[38, 13]",0.129,0.123,0.012,0.339,0.004,0.007,1258.561,1119.666,1.0
"K_uu_workout[38, 14]",0.13,0.123,0.01,0.337,0.004,0.007,1253.062,1119.666,1.001
"K_uu_workout[38, 15]",0.131,0.124,0.016,0.345,0.004,0.007,1240.09,1119.666,1.001
"K_uu_workout[38, 16]",0.132,0.125,0.016,0.346,0.004,0.007,1231.762,1119.666,1.001
"K_uu_workout[38, 17]",0.133,0.125,0.016,0.347,0.004,0.007,1224.024,1119.666,1.001
"K_uu_workout[38, 18]",0.135,0.126,0.014,0.347,0.004,0.007,1212.524,1217.221,1.001
"K_uu_workout[38, 19]",0.136,0.126,0.017,0.352,0.004,0.007,1203.56,1249.334,1.001
"K_uu_workout[38, 20]",0.137,0.127,0.013,0.349,0.004,0.007,1200.665,1249.334,1.001
"K_uu_workout[38, 21]",0.137,0.128,0.016,0.353,0.004,0.007,1194.731,1249.334,1.001
"K_uu_workout[38, 22]",0.138,0.128,0.017,0.353,0.004,0.007,1189.122,1249.334,1.001
"K_uu_workout[38, 23]",0.139,0.129,0.017,0.354,0.004,0.007,1183.804,1249.334,1.001
"K_uu_workout[38, 24]",0.14,0.129,0.017,0.356,0.004,0.007,1179.983,1249.334,1.001
"K_uu_workout[38, 25]",0.141,0.13,0.017,0.358,0.004,0.007,1175.587,1185.262,1.001
"K_uu_workout[38, 26]",0.141,0.13,0.017,0.358,0.004,0.007,1173.95,1185.262,1.001
"K_uu_workout[38, 27]",0.142,0.131,0.017,0.359,0.004,0.007,1168.668,1200.8,1.001
"K_uu_workout[38, 28]",0.143,0.131,0.017,0.359,0.004,0.007,1165.041,1200.8,1.001
"K_uu_workout[38, 29]",0.143,0.131,0.017,0.359,0.004,0.007,1160.251,1200.224,1.001
"K_uu_workout[38, 30]",0.144,0.132,0.017,0.36,0.004,0.007,1157.376,1200.224,1.001
"K_uu_workout[38, 31]",0.144,0.132,0.017,0.36,0.004,0.007,1155.042,1200.224,1.001
"K_uu_workout[38, 32]",0.145,0.132,0.017,0.36,0.004,0.007,1153.836,1200.224,1.001
"K_uu_workout[38, 33]",0.145,0.132,0.017,0.362,0.004,0.007,1152.473,1200.224,1.002
"K_uu_workout[38, 34]",0.145,0.133,0.017,0.363,0.004,0.007,1151.776,1215.569,1.002
"K_uu_workout[38, 35]",0.145,0.133,0.017,0.364,0.004,0.007,1150.884,1215.569,1.002
"K_uu_workout[38, 36]",0.146,0.133,0.017,0.365,0.004,0.007,1150.361,1215.569,1.002
"K_uu_workout[38, 37]",0.146,0.133,0.017,0.365,0.004,0.007,1150.51,1215.569,1.002
"K_uu_workout[38, 38]",0.146,0.133,0.017,0.365,0.004,0.007,1150.117,1215.569,1.002
"K_uu_workout[38, 39]",0.146,0.133,0.017,0.365,0.004,0.007,1150.51,1215.569,1.002
"K_uu_workout[38, 40]",0.146,0.133,0.017,0.365,0.004,0.007,1150.361,1215.569,1.002
"K_uu_workout[38, 41]",0.145,0.133,0.017,0.364,0.004,0.007,1150.884,1215.569,1.002
"K_uu_workout[38, 42]",0.145,0.133,0.017,0.363,0.004,0.007,1151.776,1215.569,1.002
"K_uu_workout[38, 43]",0.145,0.132,0.017,0.362,0.004,0.007,1152.473,1200.224,1.002
"K_uu_workout[38, 44]",0.145,0.132,0.017,0.36,0.004,0.007,1153.836,1200.224,1.001
"K_uu_workout[38, 45]",0.144,0.132,0.017,0.36,0.004,0.007,1155.042,1200.224,1.001
"K_uu_workout[38, 46]",0.144,0.132,0.017,0.36,0.004,0.007,1157.376,1200.224,1.001
"K_uu_workout[38, 47]",0.143,0.131,0.017,0.359,0.004,0.007,1160.251,1200.224,1.001
"K_uu_workout[38, 48]",0.143,0.131,0.017,0.359,0.004,0.007,1165.041,1200.8,1.001
"K_uu_workout[38, 49]",0.142,0.131,0.017,0.359,0.004,0.007,1168.668,1200.8,1.001
"K_uu_workout[39, 0]",0.111,0.113,0.006,0.305,0.003,0.007,1294.144,1152.983,1.0
"K_uu_workout[39, 1]",0.112,0.114,0.005,0.308,0.003,0.007,1296.166,1148.497,1.0
"K_uu_workout[39, 2]",0.114,0.114,0.007,0.312,0.003,0.007,1307.552,1135.86,1.0
"K_uu_workout[39, 3]",0.115,0.115,0.008,0.316,0.003,0.007,1306.526,1120.688,1.0
"K_uu_workout[39, 4]",0.116,0.116,0.009,0.319,0.003,0.007,1302.712,1120.688,1.0
"K_uu_workout[39, 5]",0.118,0.116,0.01,0.324,0.003,0.007,1301.099,1120.688,1.0
"K_uu_workout[39, 6]",0.119,0.117,0.011,0.326,0.004,0.007,1298.086,1149.548,1.0
"K_uu_workout[39, 7]",0.12,0.118,0.008,0.324,0.004,0.007,1296.953,1149.648,1.0
"K_uu_workout[39, 8]",0.122,0.118,0.008,0.325,0.004,0.007,1293.714,1133.283,1.0
"K_uu_workout[39, 9]",0.123,0.119,0.011,0.331,0.004,0.007,1291.027,1133.283,1.0
"K_uu_workout[39, 10]",0.124,0.12,0.009,0.33,0.004,0.007,1295.037,1133.283,1.0
"K_uu_workout[39, 11]",0.125,0.121,0.01,0.33,0.004,0.007,1287.375,1106.619,1.0
"K_uu_workout[39, 12]",0.127,0.121,0.014,0.336,0.004,0.007,1276.098,1106.619,1.0
"K_uu_workout[39, 13]",0.128,0.122,0.016,0.342,0.004,0.007,1268.253,1119.666,1.0
"K_uu_workout[39, 14]",0.129,0.123,0.012,0.339,0.004,0.007,1258.561,1119.666,1.0
"K_uu_workout[39, 15]",0.13,0.123,0.01,0.337,0.004,0.007,1253.062,1119.666,1.001
"K_uu_workout[39, 16]",0.131,0.124,0.016,0.345,0.004,0.007,1240.09,1119.666,1.001
"K_uu_workout[39, 17]",0.132,0.125,0.016,0.346,0.004,0.007,1231.762,1119.666,1.001
"K_uu_workout[39, 18]",0.133,0.125,0.016,0.347,0.004,0.007,1224.024,1119.666,1.001
"K_uu_workout[39, 19]",0.135,0.126,0.014,0.347,0.004,0.007,1212.524,1217.221,1.001
"K_uu_workout[39, 20]",0.136,0.126,0.017,0.352,0.004,0.007,1203.56,1249.334,1.001
"K_uu_workout[39, 21]",0.137,0.127,0.013,0.349,0.004,0.007,1200.665,1249.334,1.001
"K_uu_workout[39, 22]",0.137,0.128,0.016,0.353,0.004,0.007,1194.731,1249.334,1.001
"K_uu_workout[39, 23]",0.138,0.128,0.017,0.353,0.004,0.007,1189.122,1249.334,1.001
"K_uu_workout[39, 24]",0.139,0.129,0.017,0.354,0.004,0.007,1183.804,1249.334,1.001
"K_uu_workout[39, 25]",0.14,0.129,0.017,0.356,0.004,0.007,1179.983,1249.334,1.001
"K_uu_workout[39, 26]",0.141,0.13,0.017,0.358,0.004,0.007,1175.587,1185.262,1.001
"K_uu_workout[39, 27]",0.141,0.13,0.017,0.358,0.004,0.007,1173.95,1185.262,1.001
"K_uu_workout[39, 28]",0.142,0.131,0.017,0.359,0.004,0.007,1168.668,1200.8,1.001
"K_uu_workout[39, 29]",0.143,0.131,0.017,0.359,0.004,0.007,1165.041,1200.8,1.001
"K_uu_workout[39, 30]",0.143,0.131,0.017,0.359,0.004,0.007,1160.251,1200.224,1.001
"K_uu_workout[39, 31]",0.144,0.132,0.017,0.36,0.004,0.007,1157.376,1200.224,1.001
"K_uu_workout[39, 32]",0.144,0.132,0.017,0.36,0.004,0.007,1155.042,1200.224,1.001
"K_uu_workout[39, 33]",0.145,0.132,0.017,0.36,0.004,0.007,1153.836,1200.224,1.001
"K_uu_workout[39, 34]",0.145,0.132,0.017,0.362,0.004,0.007,1152.473,1200.224,1.002
"K_uu_workout[39, 35]",0.145,0.133,0.017,0.363,0.004,0.007,1151.776,1215.569,1.002
"K_uu_workout[39, 36]",0.145,0.133,0.017,0.364,0.004,0.007,1150.884,1215.569,1.002
"K_uu_workout[39, 37]",0.146,0.133,0.017,0.365,0.004,0.007,1150.361,1215.569,1.002
"K_uu_workout[39, 38]",0.146,0.133,0.017,0.365,0.004,0.007,1150.51,1215.569,1.002
"K_uu_workout[39, 39]",0.146,0.133,0.017,0.365,0.004,0.007,1150.117,1215.569,1.002
"K_uu_workout[39, 40]",0.146,0.133,0.017,0.365,0.004,0.007,1150.51,1215.569,1.002
"K_uu_workout[39, 41]",0.146,0.133,0.017,0.365,0.004,0.007,1150.361,1215.569,1.002
"K_uu_workout[39, 42]",0.145,0.133,0.017,0.364,0.004,0.007,1150.884,1215.569,1.002
"K_uu_workout[39, 43]",0.145,0.133,0.017,0.363,0.004,0.007,1151.776,1215.569,1.002
"K_uu_workout[39, 44]",0.145,0.132,0.017,0.362,0.004,0.007,1152.473,1200.224,1.002
"K_uu_workout[39, 45]",0.145,0.132,0.017,0.36,0.004,0.007,1153.836,1200.224,1.001
"K_uu_workout[39, 46]",0.144,0.132,0.017,0.36,0.004,0.007,1155.042,1200.224,1.001
"K_uu_workout[39, 47]",0.144,0.132,0.017,0.36,0.004,0.007,1157.376,1200.224,1.001
"K_uu_workout[39, 48]",0.143,0.131,0.017,0.359,0.004,0.007,1160.251,1200.224,1.001
"K_uu_workout[39, 49]",0.143,0.131,0.017,0.359,0.004,0.007,1165.041,1200.8,1.001
"K_uu_workout[40, 0]",0.109,0.112,0.005,0.303,0.003,0.007,1288.93,1159.838,1.0
"K_uu_workout[40, 1]",0.111,0.113,0.006,0.305,0.003,0.007,1294.144,1152.983,1.0
"K_uu_workout[40, 2]",0.112,0.114,0.005,0.308,0.003,0.007,1296.166,1148.497,1.0
"K_uu_workout[40, 3]",0.114,0.114,0.007,0.312,0.003,0.007,1307.552,1135.86,1.0
"K_uu_workout[40, 4]",0.115,0.115,0.008,0.316,0.003,0.007,1306.526,1120.688,1.0
"K_uu_workout[40, 5]",0.116,0.116,0.009,0.319,0.003,0.007,1302.712,1120.688,1.0
"K_uu_workout[40, 6]",0.118,0.116,0.01,0.324,0.003,0.007,1301.099,1120.688,1.0
"K_uu_workout[40, 7]",0.119,0.117,0.011,0.326,0.004,0.007,1298.086,1149.548,1.0
"K_uu_workout[40, 8]",0.12,0.118,0.008,0.324,0.004,0.007,1296.953,1149.648,1.0
"K_uu_workout[40, 9]",0.122,0.118,0.008,0.325,0.004,0.007,1293.714,1133.283,1.0
"K_uu_workout[40, 10]",0.123,0.119,0.011,0.331,0.004,0.007,1291.027,1133.283,1.0
"K_uu_workout[40, 11]",0.124,0.12,0.009,0.33,0.004,0.007,1295.037,1133.283,1.0
"K_uu_workout[40, 12]",0.125,0.121,0.01,0.33,0.004,0.007,1287.375,1106.619,1.0
"K_uu_workout[40, 13]",0.127,0.121,0.014,0.336,0.004,0.007,1276.098,1106.619,1.0
"K_uu_workout[40, 14]",0.128,0.122,0.016,0.342,0.004,0.007,1268.253,1119.666,1.0
"K_uu_workout[40, 15]",0.129,0.123,0.012,0.339,0.004,0.007,1258.561,1119.666,1.0
"K_uu_workout[40, 16]",0.13,0.123,0.01,0.337,0.004,0.007,1253.062,1119.666,1.001
"K_uu_workout[40, 17]",0.131,0.124,0.016,0.345,0.004,0.007,1240.09,1119.666,1.001
"K_uu_workout[40, 18]",0.132,0.125,0.016,0.346,0.004,0.007,1231.762,1119.666,1.001
"K_uu_workout[40, 19]",0.133,0.125,0.016,0.347,0.004,0.007,1224.024,1119.666,1.001
"K_uu_workout[40, 20]",0.135,0.126,0.014,0.347,0.004,0.007,1212.524,1217.221,1.001
"K_uu_workout[40, 21]",0.136,0.126,0.017,0.352,0.004,0.007,1203.56,1249.334,1.001
"K_uu_workout[40, 22]",0.137,0.127,0.013,0.349,0.004,0.007,1200.665,1249.334,1.001
"K_uu_workout[40, 23]",0.137,0.128,0.016,0.353,0.004,0.007,1194.731,1249.334,1.001
"K_uu_workout[40, 24]",0.138,0.128,0.017,0.353,0.004,0.007,1189.122,1249.334,1.001
"K_uu_workout[40, 25]",0.139,0.129,0.017,0.354,0.004,0.007,1183.804,1249.334,1.001
"K_uu_workout[40, 26]",0.14,0.129,0.017,0.356,0.004,0.007,1179.983,1249.334,1.001
"K_uu_workout[40, 27]",0.141,0.13,0.017,0.358,0.004,0.007,1175.587,1185.262,1.001
"K_uu_workout[40, 28]",0.141,0.13,0.017,0.358,0.004,0.007,1173.95,1185.262,1.001
"K_uu_workout[40, 29]",0.142,0.131,0.017,0.359,0.004,0.007,1168.668,1200.8,1.001
"K_uu_workout[40, 30]",0.143,0.131,0.017,0.359,0.004,0.007,1165.041,1200.8,1.001
"K_uu_workout[40, 31]",0.143,0.131,0.017,0.359,0.004,0.007,1160.251,1200.224,1.001
"K_uu_workout[40, 32]",0.144,0.132,0.017,0.36,0.004,0.007,1157.376,1200.224,1.001
"K_uu_workout[40, 33]",0.144,0.132,0.017,0.36,0.004,0.007,1155.042,1200.224,1.001
"K_uu_workout[40, 34]",0.145,0.132,0.017,0.36,0.004,0.007,1153.836,1200.224,1.001
"K_uu_workout[40, 35]",0.145,0.132,0.017,0.362,0.004,0.007,1152.473,1200.224,1.002
"K_uu_workout[40, 36]",0.145,0.133,0.017,0.363,0.004,0.007,1151.776,1215.569,1.002
"K_uu_workout[40, 37]",0.145,0.133,0.017,0.364,0.004,0.007,1150.884,1215.569,1.002
"K_uu_workout[40, 38]",0.146,0.133,0.017,0.365,0.004,0.007,1150.361,1215.569,1.002
"K_uu_workout[40, 39]",0.146,0.133,0.017,0.365,0.004,0.007,1150.51,1215.569,1.002
"K_uu_workout[40, 40]",0.146,0.133,0.017,0.365,0.004,0.007,1150.117,1215.569,1.002
"K_uu_workout[40, 41]",0.146,0.133,0.017,0.365,0.004,0.007,1150.51,1215.569,1.002
"K_uu_workout[40, 42]",0.146,0.133,0.017,0.365,0.004,0.007,1150.361,1215.569,1.002
"K_uu_workout[40, 43]",0.145,0.133,0.017,0.364,0.004,0.007,1150.884,1215.569,1.002
"K_uu_workout[40, 44]",0.145,0.133,0.017,0.363,0.004,0.007,1151.776,1215.569,1.002
"K_uu_workout[40, 45]",0.145,0.132,0.017,0.362,0.004,0.007,1152.473,1200.224,1.002
"K_uu_workout[40, 46]",0.145,0.132,0.017,0.36,0.004,0.007,1153.836,1200.224,1.001
"K_uu_workout[40, 47]",0.144,0.132,0.017,0.36,0.004,0.007,1155.042,1200.224,1.001
"K_uu_workout[40, 48]",0.144,0.132,0.017,0.36,0.004,0.007,1157.376,1200.224,1.001
"K_uu_workout[40, 49]",0.143,0.131,0.017,0.359,0.004,0.007,1160.251,1200.224,1.001
"K_uu_workout[41, 0]",0.108,0.111,0.004,0.3,0.003,0.007,1283.5,1139.253,1.0
"K_uu_workout[41, 1]",0.109,0.112,0.005,0.303,0.003,0.007,1288.93,1159.838,1.0
"K_uu_workout[41, 2]",0.111,0.113,0.006,0.305,0.003,0.007,1294.144,1152.983,1.0
"K_uu_workout[41, 3]",0.112,0.114,0.005,0.308,0.003,0.007,1296.166,1148.497,1.0
"K_uu_workout[41, 4]",0.114,0.114,0.007,0.312,0.003,0.007,1307.552,1135.86,1.0
"K_uu_workout[41, 5]",0.115,0.115,0.008,0.316,0.003,0.007,1306.526,1120.688,1.0
"K_uu_workout[41, 6]",0.116,0.116,0.009,0.319,0.003,0.007,1302.712,1120.688,1.0
"K_uu_workout[41, 7]",0.118,0.116,0.01,0.324,0.003,0.007,1301.099,1120.688,1.0
"K_uu_workout[41, 8]",0.119,0.117,0.011,0.326,0.004,0.007,1298.086,1149.548,1.0
"K_uu_workout[41, 9]",0.12,0.118,0.008,0.324,0.004,0.007,1296.953,1149.648,1.0
"K_uu_workout[41, 10]",0.122,0.118,0.008,0.325,0.004,0.007,1293.714,1133.283,1.0
"K_uu_workout[41, 11]",0.123,0.119,0.011,0.331,0.004,0.007,1291.027,1133.283,1.0
"K_uu_workout[41, 12]",0.124,0.12,0.009,0.33,0.004,0.007,1295.037,1133.283,1.0
"K_uu_workout[41, 13]",0.125,0.121,0.01,0.33,0.004,0.007,1287.375,1106.619,1.0
"K_uu_workout[41, 14]",0.127,0.121,0.014,0.336,0.004,0.007,1276.098,1106.619,1.0
"K_uu_workout[41, 15]",0.128,0.122,0.016,0.342,0.004,0.007,1268.253,1119.666,1.0
"K_uu_workout[41, 16]",0.129,0.123,0.012,0.339,0.004,0.007,1258.561,1119.666,1.0
"K_uu_workout[41, 17]",0.13,0.123,0.01,0.337,0.004,0.007,1253.062,1119.666,1.001
"K_uu_workout[41, 18]",0.131,0.124,0.016,0.345,0.004,0.007,1240.09,1119.666,1.001
"K_uu_workout[41, 19]",0.132,0.125,0.016,0.346,0.004,0.007,1231.762,1119.666,1.001
"K_uu_workout[41, 20]",0.133,0.125,0.016,0.347,0.004,0.007,1224.024,1119.666,1.001
"K_uu_workout[41, 21]",0.135,0.126,0.014,0.347,0.004,0.007,1212.524,1217.221,1.001
"K_uu_workout[41, 22]",0.136,0.126,0.017,0.352,0.004,0.007,1203.56,1249.334,1.001
"K_uu_workout[41, 23]",0.137,0.127,0.013,0.349,0.004,0.007,1200.665,1249.334,1.001
"K_uu_workout[41, 24]",0.137,0.128,0.016,0.353,0.004,0.007,1194.731,1249.334,1.001
"K_uu_workout[41, 25]",0.138,0.128,0.017,0.353,0.004,0.007,1189.122,1249.334,1.001
"K_uu_workout[41, 26]",0.139,0.129,0.017,0.354,0.004,0.007,1183.804,1249.334,1.001
"K_uu_workout[41, 27]",0.14,0.129,0.017,0.356,0.004,0.007,1179.983,1249.334,1.001
"K_uu_workout[41, 28]",0.141,0.13,0.017,0.358,0.004,0.007,1175.587,1185.262,1.001
"K_uu_workout[41, 29]",0.141,0.13,0.017,0.358,0.004,0.007,1173.95,1185.262,1.001
"K_uu_workout[41, 30]",0.142,0.131,0.017,0.359,0.004,0.007,1168.668,1200.8,1.001
"K_uu_workout[41, 31]",0.143,0.131,0.017,0.359,0.004,0.007,1165.041,1200.8,1.001
"K_uu_workout[41, 32]",0.143,0.131,0.017,0.359,0.004,0.007,1160.251,1200.224,1.001
"K_uu_workout[41, 33]",0.144,0.132,0.017,0.36,0.004,0.007,1157.376,1200.224,1.001
"K_uu_workout[41, 34]",0.144,0.132,0.017,0.36,0.004,0.007,1155.042,1200.224,1.001
"K_uu_workout[41, 35]",0.145,0.132,0.017,0.36,0.004,0.007,1153.836,1200.224,1.001
"K_uu_workout[41, 36]",0.145,0.132,0.017,0.362,0.004,0.007,1152.473,1200.224,1.002
"K_uu_workout[41, 37]",0.145,0.133,0.017,0.363,0.004,0.007,1151.776,1215.569,1.002
"K_uu_workout[41, 38]",0.145,0.133,0.017,0.364,0.004,0.007,1150.884,1215.569,1.002
"K_uu_workout[41, 39]",0.146,0.133,0.017,0.365,0.004,0.007,1150.361,1215.569,1.002
"K_uu_workout[41, 40]",0.146,0.133,0.017,0.365,0.004,0.007,1150.51,1215.569,1.002
"K_uu_workout[41, 41]",0.146,0.133,0.017,0.365,0.004,0.007,1150.117,1215.569,1.002
"K_uu_workout[41, 42]",0.146,0.133,0.017,0.365,0.004,0.007,1150.51,1215.569,1.002
"K_uu_workout[41, 43]",0.146,0.133,0.017,0.365,0.004,0.007,1150.361,1215.569,1.002
"K_uu_workout[41, 44]",0.145,0.133,0.017,0.364,0.004,0.007,1150.884,1215.569,1.002
"K_uu_workout[41, 45]",0.145,0.133,0.017,0.363,0.004,0.007,1151.776,1215.569,1.002
"K_uu_workout[41, 46]",0.145,0.132,0.017,0.362,0.004,0.007,1152.473,1200.224,1.002
"K_uu_workout[41, 47]",0.145,0.132,0.017,0.36,0.004,0.007,1153.836,1200.224,1.001
"K_uu_workout[41, 48]",0.144,0.132,0.017,0.36,0.004,0.007,1155.042,1200.224,1.001
"K_uu_workout[41, 49]",0.144,0.132,0.017,0.36,0.004,0.007,1157.376,1200.224,1.001
"K_uu_workout[42, 0]",0.107,0.111,0.004,0.298,0.003,0.007,1278.621,1159.838,1.0
"K_uu_workout[42, 1]",0.108,0.111,0.004,0.3,0.003,0.007,1283.5,1139.253,1.0
"K_uu_workout[42, 2]",0.109,0.112,0.005,0.303,0.003,0.007,1288.93,1159.838,1.0
"K_uu_workout[42, 3]",0.111,0.113,0.006,0.305,0.003,0.007,1294.144,1152.983,1.0
"K_uu_workout[42, 4]",0.112,0.114,0.005,0.308,0.003,0.007,1296.166,1148.497,1.0
"K_uu_workout[42, 5]",0.114,0.114,0.007,0.312,0.003,0.007,1307.552,1135.86,1.0
"K_uu_workout[42, 6]",0.115,0.115,0.008,0.316,0.003,0.007,1306.526,1120.688,1.0
"K_uu_workout[42, 7]",0.116,0.116,0.009,0.319,0.003,0.007,1302.712,1120.688,1.0
"K_uu_workout[42, 8]",0.118,0.116,0.01,0.324,0.003,0.007,1301.099,1120.688,1.0
"K_uu_workout[42, 9]",0.119,0.117,0.011,0.326,0.004,0.007,1298.086,1149.548,1.0
"K_uu_workout[42, 10]",0.12,0.118,0.008,0.324,0.004,0.007,1296.953,1149.648,1.0
"K_uu_workout[42, 11]",0.122,0.118,0.008,0.325,0.004,0.007,1293.714,1133.283,1.0
"K_uu_workout[42, 12]",0.123,0.119,0.011,0.331,0.004,0.007,1291.027,1133.283,1.0
"K_uu_workout[42, 13]",0.124,0.12,0.009,0.33,0.004,0.007,1295.037,1133.283,1.0
"K_uu_workout[42, 14]",0.125,0.121,0.01,0.33,0.004,0.007,1287.375,1106.619,1.0
"K_uu_workout[42, 15]",0.127,0.121,0.014,0.336,0.004,0.007,1276.098,1106.619,1.0
"K_uu_workout[42, 16]",0.128,0.122,0.016,0.342,0.004,0.007,1268.253,1119.666,1.0
"K_uu_workout[42, 17]",0.129,0.123,0.012,0.339,0.004,0.007,1258.561,1119.666,1.0
"K_uu_workout[42, 18]",0.13,0.123,0.01,0.337,0.004,0.007,1253.062,1119.666,1.001
"K_uu_workout[42, 19]",0.131,0.124,0.016,0.345,0.004,0.007,1240.09,1119.666,1.001
"K_uu_workout[42, 20]",0.132,0.125,0.016,0.346,0.004,0.007,1231.762,1119.666,1.001
"K_uu_workout[42, 21]",0.133,0.125,0.016,0.347,0.004,0.007,1224.024,1119.666,1.001
"K_uu_workout[42, 22]",0.135,0.126,0.014,0.347,0.004,0.007,1212.524,1217.221,1.001
"K_uu_workout[42, 23]",0.136,0.126,0.017,0.352,0.004,0.007,1203.56,1249.334,1.001
"K_uu_workout[42, 24]",0.137,0.127,0.013,0.349,0.004,0.007,1200.665,1249.334,1.001
"K_uu_workout[42, 25]",0.137,0.128,0.016,0.353,0.004,0.007,1194.731,1249.334,1.001
"K_uu_workout[42, 26]",0.138,0.128,0.017,0.353,0.004,0.007,1189.122,1249.334,1.001
"K_uu_workout[42, 27]",0.139,0.129,0.017,0.354,0.004,0.007,1183.804,1249.334,1.001
"K_uu_workout[42, 28]",0.14,0.129,0.017,0.356,0.004,0.007,1179.983,1249.334,1.001
"K_uu_workout[42, 29]",0.141,0.13,0.017,0.358,0.004,0.007,1175.587,1185.262,1.001
"K_uu_workout[42, 30]",0.141,0.13,0.017,0.358,0.004,0.007,1173.95,1185.262,1.001
"K_uu_workout[42, 31]",0.142,0.131,0.017,0.359,0.004,0.007,1168.668,1200.8,1.001
"K_uu_workout[42, 32]",0.143,0.131,0.017,0.359,0.004,0.007,1165.041,1200.8,1.001
"K_uu_workout[42, 33]",0.143,0.131,0.017,0.359,0.004,0.007,1160.251,1200.224,1.001
"K_uu_workout[42, 34]",0.144,0.132,0.017,0.36,0.004,0.007,1157.376,1200.224,1.001
"K_uu_workout[42, 35]",0.144,0.132,0.017,0.36,0.004,0.007,1155.042,1200.224,1.001
"K_uu_workout[42, 36]",0.145,0.132,0.017,0.36,0.004,0.007,1153.836,1200.224,1.001
"K_uu_workout[42, 37]",0.145,0.132,0.017,0.362,0.004,0.007,1152.473,1200.224,1.002
"K_uu_workout[42, 38]",0.145,0.133,0.017,0.363,0.004,0.007,1151.776,1215.569,1.002
"K_uu_workout[42, 39]",0.145,0.133,0.017,0.364,0.004,0.007,1150.884,1215.569,1.002
"K_uu_workout[42, 40]",0.146,0.133,0.017,0.365,0.004,0.007,1150.361,1215.569,1.002
"K_uu_workout[42, 41]",0.146,0.133,0.017,0.365,0.004,0.007,1150.51,1215.569,1.002
"K_uu_workout[42, 42]",0.146,0.133,0.017,0.365,0.004,0.007,1150.117,1215.569,1.002
"K_uu_workout[42, 43]",0.146,0.133,0.017,0.365,0.004,0.007,1150.51,1215.569,1.002
"K_uu_workout[42, 44]",0.146,0.133,0.017,0.365,0.004,0.007,1150.361,1215.569,1.002
"K_uu_workout[42, 45]",0.145,0.133,0.017,0.364,0.004,0.007,1150.884,1215.569,1.002
"K_uu_workout[42, 46]",0.145,0.133,0.017,0.363,0.004,0.007,1151.776,1215.569,1.002
"K_uu_workout[42, 47]",0.145,0.132,0.017,0.362,0.004,0.007,1152.473,1200.224,1.002
"K_uu_workout[42, 48]",0.145,0.132,0.017,0.36,0.004,0.007,1153.836,1200.224,1.001
"K_uu_workout[42, 49]",0.144,0.132,0.017,0.36,0.004,0.007,1155.042,1200.224,1.001
"K_uu_workout[43, 0]",0.105,0.11,0.003,0.293,0.003,0.007,1273.924,1168.256,1.0
"K_uu_workout[43, 1]",0.107,0.111,0.004,0.298,0.003,0.007,1278.621,1159.838,1.0
"K_uu_workout[43, 2]",0.108,0.111,0.004,0.3,0.003,0.007,1283.5,1139.253,1.0
"K_uu_workout[43, 3]",0.109,0.112,0.005,0.303,0.003,0.007,1288.93,1159.838,1.0
"K_uu_workout[43, 4]",0.111,0.113,0.006,0.305,0.003,0.007,1294.144,1152.983,1.0
"K_uu_workout[43, 5]",0.112,0.114,0.005,0.308,0.003,0.007,1296.166,1148.497,1.0
"K_uu_workout[43, 6]",0.114,0.114,0.007,0.312,0.003,0.007,1307.552,1135.86,1.0
"K_uu_workout[43, 7]",0.115,0.115,0.008,0.316,0.003,0.007,1306.526,1120.688,1.0
"K_uu_workout[43, 8]",0.116,0.116,0.009,0.319,0.003,0.007,1302.712,1120.688,1.0
"K_uu_workout[43, 9]",0.118,0.116,0.01,0.324,0.003,0.007,1301.099,1120.688,1.0
"K_uu_workout[43, 10]",0.119,0.117,0.011,0.326,0.004,0.007,1298.086,1149.548,1.0
"K_uu_workout[43, 11]",0.12,0.118,0.008,0.324,0.004,0.007,1296.953,1149.648,1.0
"K_uu_workout[43, 12]",0.122,0.118,0.008,0.325,0.004,0.007,1293.714,1133.283,1.0
"K_uu_workout[43, 13]",0.123,0.119,0.011,0.331,0.004,0.007,1291.027,1133.283,1.0
"K_uu_workout[43, 14]",0.124,0.12,0.009,0.33,0.004,0.007,1295.037,1133.283,1.0
"K_uu_workout[43, 15]",0.125,0.121,0.01,0.33,0.004,0.007,1287.375,1106.619,1.0
"K_uu_workout[43, 16]",0.127,0.121,0.014,0.336,0.004,0.007,1276.098,1106.619,1.0
"K_uu_workout[43, 17]",0.128,0.122,0.016,0.342,0.004,0.007,1268.253,1119.666,1.0
"K_uu_workout[43, 18]",0.129,0.123,0.012,0.339,0.004,0.007,1258.561,1119.666,1.0
"K_uu_workout[43, 19]",0.13,0.123,0.01,0.337,0.004,0.007,1253.062,1119.666,1.001
"K_uu_workout[43, 20]",0.131,0.124,0.016,0.345,0.004,0.007,1240.09,1119.666,1.001
"K_uu_workout[43, 21]",0.132,0.125,0.016,0.346,0.004,0.007,1231.762,1119.666,1.001
"K_uu_workout[43, 22]",0.133,0.125,0.016,0.347,0.004,0.007,1224.024,1119.666,1.001
"K_uu_workout[43, 23]",0.135,0.126,0.014,0.347,0.004,0.007,1212.524,1217.221,1.001
"K_uu_workout[43, 24]",0.136,0.126,0.017,0.352,0.004,0.007,1203.56,1249.334,1.001
"K_uu_workout[43, 25]",0.137,0.127,0.013,0.349,0.004,0.007,1200.665,1249.334,1.001
"K_uu_workout[43, 26]",0.137,0.128,0.016,0.353,0.004,0.007,1194.731,1249.334,1.001
"K_uu_workout[43, 27]",0.138,0.128,0.017,0.353,0.004,0.007,1189.122,1249.334,1.001
"K_uu_workout[43, 28]",0.139,0.129,0.017,0.354,0.004,0.007,1183.804,1249.334,1.001
"K_uu_workout[43, 29]",0.14,0.129,0.017,0.356,0.004,0.007,1179.983,1249.334,1.001
"K_uu_workout[43, 30]",0.141,0.13,0.017,0.358,0.004,0.007,1175.587,1185.262,1.001
"K_uu_workout[43, 31]",0.141,0.13,0.017,0.358,0.004,0.007,1173.95,1185.262,1.001
"K_uu_workout[43, 32]",0.142,0.131,0.017,0.359,0.004,0.007,1168.668,1200.8,1.001
"K_uu_workout[43, 33]",0.143,0.131,0.017,0.359,0.004,0.007,1165.041,1200.8,1.001
"K_uu_workout[43, 34]",0.143,0.131,0.017,0.359,0.004,0.007,1160.251,1200.224,1.001
"K_uu_workout[43, 35]",0.144,0.132,0.017,0.36,0.004,0.007,1157.376,1200.224,1.001
"K_uu_workout[43, 36]",0.144,0.132,0.017,0.36,0.004,0.007,1155.042,1200.224,1.001
"K_uu_workout[43, 37]",0.145,0.132,0.017,0.36,0.004,0.007,1153.836,1200.224,1.001
"K_uu_workout[43, 38]",0.145,0.132,0.017,0.362,0.004,0.007,1152.473,1200.224,1.002
"K_uu_workout[43, 39]",0.145,0.133,0.017,0.363,0.004,0.007,1151.776,1215.569,1.002
"K_uu_workout[43, 40]",0.145,0.133,0.017,0.364,0.004,0.007,1150.884,1215.569,1.002
"K_uu_workout[43, 41]",0.146,0.133,0.017,0.365,0.004,0.007,1150.361,1215.569,1.002
"K_uu_workout[43, 42]",0.146,0.133,0.017,0.365,0.004,0.007,1150.51,1215.569,1.002
"K_uu_workout[43, 43]",0.146,0.133,0.017,0.365,0.004,0.007,1150.117,1215.569,1.002
"K_uu_workout[43, 44]",0.146,0.133,0.017,0.365,0.004,0.007,1150.51,1215.569,1.002
"K_uu_workout[43, 45]",0.146,0.133,0.017,0.365,0.004,0.007,1150.361,1215.569,1.002
"K_uu_workout[43, 46]",0.145,0.133,0.017,0.364,0.004,0.007,1150.884,1215.569,1.002
"K_uu_workout[43, 47]",0.145,0.133,0.017,0.363,0.004,0.007,1151.776,1215.569,1.002
"K_uu_workout[43, 48]",0.145,0.132,0.017,0.362,0.004,0.007,1152.473,1200.224,1.002
"K_uu_workout[43, 49]",0.145,0.132,0.017,0.36,0.004,0.007,1153.836,1200.224,1.001
"K_uu_workout[44, 0]",0.104,0.109,0.003,0.29,0.003,0.007,1265.603,1143.424,1.0
"K_uu_workout[44, 1]",0.105,0.11,0.003,0.293,0.003,0.007,1273.924,1168.256,1.0
"K_uu_workout[44, 2]",0.107,0.111,0.004,0.298,0.003,0.007,1278.621,1159.838,1.0
"K_uu_workout[44, 3]",0.108,0.111,0.004,0.3,0.003,0.007,1283.5,1139.253,1.0
"K_uu_workout[44, 4]",0.109,0.112,0.005,0.303,0.003,0.007,1288.93,1159.838,1.0
"K_uu_workout[44, 5]",0.111,0.113,0.006,0.305,0.003,0.007,1294.144,1152.983,1.0
"K_uu_workout[44, 6]",0.112,0.114,0.005,0.308,0.003,0.007,1296.166,1148.497,1.0
"K_uu_workout[44, 7]",0.114,0.114,0.007,0.312,0.003,0.007,1307.552,1135.86,1.0
"K_uu_workout[44, 8]",0.115,0.115,0.008,0.316,0.003,0.007,1306.526,1120.688,1.0
"K_uu_workout[44, 9]",0.116,0.116,0.009,0.319,0.003,0.007,1302.712,1120.688,1.0
"K_uu_workout[44, 10]",0.118,0.116,0.01,0.324,0.003,0.007,1301.099,1120.688,1.0
"K_uu_workout[44, 11]",0.119,0.117,0.011,0.326,0.004,0.007,1298.086,1149.548,1.0
"K_uu_workout[44, 12]",0.12,0.118,0.008,0.324,0.004,0.007,1296.953,1149.648,1.0
"K_uu_workout[44, 13]",0.122,0.118,0.008,0.325,0.004,0.007,1293.714,1133.283,1.0
"K_uu_workout[44, 14]",0.123,0.119,0.011,0.331,0.004,0.007,1291.027,1133.283,1.0
"K_uu_workout[44, 15]",0.124,0.12,0.009,0.33,0.004,0.007,1295.037,1133.283,1.0
"K_uu_workout[44, 16]",0.125,0.121,0.01,0.33,0.004,0.007,1287.375,1106.619,1.0
"K_uu_workout[44, 17]",0.127,0.121,0.014,0.336,0.004,0.007,1276.098,1106.619,1.0
"K_uu_workout[44, 18]",0.128,0.122,0.016,0.342,0.004,0.007,1268.253,1119.666,1.0
"K_uu_workout[44, 19]",0.129,0.123,0.012,0.339,0.004,0.007,1258.561,1119.666,1.0
"K_uu_workout[44, 20]",0.13,0.123,0.01,0.337,0.004,0.007,1253.062,1119.666,1.001
"K_uu_workout[44, 21]",0.131,0.124,0.016,0.345,0.004,0.007,1240.09,1119.666,1.001
"K_uu_workout[44, 22]",0.132,0.125,0.016,0.346,0.004,0.007,1231.762,1119.666,1.001
"K_uu_workout[44, 23]",0.133,0.125,0.016,0.347,0.004,0.007,1224.024,1119.666,1.001
"K_uu_workout[44, 24]",0.135,0.126,0.014,0.347,0.004,0.007,1212.524,1217.221,1.001
"K_uu_workout[44, 25]",0.136,0.126,0.017,0.352,0.004,0.007,1203.56,1249.334,1.001
"K_uu_workout[44, 26]",0.137,0.127,0.013,0.349,0.004,0.007,1200.665,1249.334,1.001
"K_uu_workout[44, 27]",0.137,0.128,0.016,0.353,0.004,0.007,1194.731,1249.334,1.001
"K_uu_workout[44, 28]",0.138,0.128,0.017,0.353,0.004,0.007,1189.122,1249.334,1.001
"K_uu_workout[44, 29]",0.139,0.129,0.017,0.354,0.004,0.007,1183.804,1249.334,1.001
"K_uu_workout[44, 30]",0.14,0.129,0.017,0.356,0.004,0.007,1179.983,1249.334,1.001
"K_uu_workout[44, 31]",0.141,0.13,0.017,0.358,0.004,0.007,1175.587,1185.262,1.001
"K_uu_workout[44, 32]",0.141,0.13,0.017,0.358,0.004,0.007,1173.95,1185.262,1.001
"K_uu_workout[44, 33]",0.142,0.131,0.017,0.359,0.004,0.007,1168.668,1200.8,1.001
"K_uu_workout[44, 34]",0.143,0.131,0.017,0.359,0.004,0.007,1165.041,1200.8,1.001
"K_uu_workout[44, 35]",0.143,0.131,0.017,0.359,0.004,0.007,1160.251,1200.224,1.001
"K_uu_workout[44, 36]",0.144,0.132,0.017,0.36,0.004,0.007,1157.376,1200.224,1.001
"K_uu_workout[44, 37]",0.144,0.132,0.017,0.36,0.004,0.007,1155.042,1200.224,1.001
"K_uu_workout[44, 38]",0.145,0.132,0.017,0.36,0.004,0.007,1153.836,1200.224,1.001
"K_uu_workout[44, 39]",0.145,0.132,0.017,0.362,0.004,0.007,1152.473,1200.224,1.002
"K_uu_workout[44, 40]",0.145,0.133,0.017,0.363,0.004,0.007,1151.776,1215.569,1.002
"K_uu_workout[44, 41]",0.145,0.133,0.017,0.364,0.004,0.007,1150.884,1215.569,1.002
"K_uu_workout[44, 42]",0.146,0.133,0.017,0.365,0.004,0.007,1150.361,1215.569,1.002
"K_uu_workout[44, 43]",0.146,0.133,0.017,0.365,0.004,0.007,1150.51,1215.569,1.002
"K_uu_workout[44, 44]",0.146,0.133,0.017,0.365,0.004,0.007,1150.117,1215.569,1.002
"K_uu_workout[44, 45]",0.146,0.133,0.017,0.365,0.004,0.007,1150.51,1215.569,1.002
"K_uu_workout[44, 46]",0.146,0.133,0.017,0.365,0.004,0.007,1150.361,1215.569,1.002
"K_uu_workout[44, 47]",0.145,0.133,0.017,0.364,0.004,0.007,1150.884,1215.569,1.002
"K_uu_workout[44, 48]",0.145,0.133,0.017,0.363,0.004,0.007,1151.776,1215.569,1.002
"K_uu_workout[44, 49]",0.145,0.132,0.017,0.362,0.004,0.007,1152.473,1200.224,1.002
"K_uu_workout[45, 0]",0.103,0.109,0.003,0.288,0.003,0.007,1258.99,1141.275,1.0
"K_uu_workout[45, 1]",0.104,0.109,0.003,0.29,0.003,0.007,1265.603,1143.424,1.0
"K_uu_workout[45, 2]",0.105,0.11,0.003,0.293,0.003,0.007,1273.924,1168.256,1.0
"K_uu_workout[45, 3]",0.107,0.111,0.004,0.298,0.003,0.007,1278.621,1159.838,1.0
"K_uu_workout[45, 4]",0.108,0.111,0.004,0.3,0.003,0.007,1283.5,1139.253,1.0
"K_uu_workout[45, 5]",0.109,0.112,0.005,0.303,0.003,0.007,1288.93,1159.838,1.0
"K_uu_workout[45, 6]",0.111,0.113,0.006,0.305,0.003,0.007,1294.144,1152.983,1.0
"K_uu_workout[45, 7]",0.112,0.114,0.005,0.308,0.003,0.007,1296.166,1148.497,1.0
"K_uu_workout[45, 8]",0.114,0.114,0.007,0.312,0.003,0.007,1307.552,1135.86,1.0
"K_uu_workout[45, 9]",0.115,0.115,0.008,0.316,0.003,0.007,1306.526,1120.688,1.0
"K_uu_workout[45, 10]",0.116,0.116,0.009,0.319,0.003,0.007,1302.712,1120.688,1.0
"K_uu_workout[45, 11]",0.118,0.116,0.01,0.324,0.003,0.007,1301.099,1120.688,1.0
"K_uu_workout[45, 12]",0.119,0.117,0.011,0.326,0.004,0.007,1298.086,1149.548,1.0
"K_uu_workout[45, 13]",0.12,0.118,0.008,0.324,0.004,0.007,1296.953,1149.648,1.0
"K_uu_workout[45, 14]",0.122,0.118,0.008,0.325,0.004,0.007,1293.714,1133.283,1.0
"K_uu_workout[45, 15]",0.123,0.119,0.011,0.331,0.004,0.007,1291.027,1133.283,1.0
"K_uu_workout[45, 16]",0.124,0.12,0.009,0.33,0.004,0.007,1295.037,1133.283,1.0
"K_uu_workout[45, 17]",0.125,0.121,0.01,0.33,0.004,0.007,1287.375,1106.619,1.0
"K_uu_workout[45, 18]",0.127,0.121,0.014,0.336,0.004,0.007,1276.098,1106.619,1.0
"K_uu_workout[45, 19]",0.128,0.122,0.016,0.342,0.004,0.007,1268.253,1119.666,1.0
"K_uu_workout[45, 20]",0.129,0.123,0.012,0.339,0.004,0.007,1258.561,1119.666,1.0
"K_uu_workout[45, 21]",0.13,0.123,0.01,0.337,0.004,0.007,1253.062,1119.666,1.001
"K_uu_workout[45, 22]",0.131,0.124,0.016,0.345,0.004,0.007,1240.09,1119.666,1.001
"K_uu_workout[45, 23]",0.132,0.125,0.016,0.346,0.004,0.007,1231.762,1119.666,1.001
"K_uu_workout[45, 24]",0.133,0.125,0.016,0.347,0.004,0.007,1224.024,1119.666,1.001
"K_uu_workout[45, 25]",0.135,0.126,0.014,0.347,0.004,0.007,1212.524,1217.221,1.001
"K_uu_workout[45, 26]",0.136,0.126,0.017,0.352,0.004,0.007,1203.56,1249.334,1.001
"K_uu_workout[45, 27]",0.137,0.127,0.013,0.349,0.004,0.007,1200.665,1249.334,1.001
"K_uu_workout[45, 28]",0.137,0.128,0.016,0.353,0.004,0.007,1194.731,1249.334,1.001
"K_uu_workout[45, 29]",0.138,0.128,0.017,0.353,0.004,0.007,1189.122,1249.334,1.001
"K_uu_workout[45, 30]",0.139,0.129,0.017,0.354,0.004,0.007,1183.804,1249.334,1.001
"K_uu_workout[45, 31]",0.14,0.129,0.017,0.356,0.004,0.007,1179.983,1249.334,1.001
"K_uu_workout[45, 32]",0.141,0.13,0.017,0.358,0.004,0.007,1175.587,1185.262,1.001
"K_uu_workout[45, 33]",0.141,0.13,0.017,0.358,0.004,0.007,1173.95,1185.262,1.001
"K_uu_workout[45, 34]",0.142,0.131,0.017,0.359,0.004,0.007,1168.668,1200.8,1.001
"K_uu_workout[45, 35]",0.143,0.131,0.017,0.359,0.004,0.007,1165.041,1200.8,1.001
"K_uu_workout[45, 36]",0.143,0.131,0.017,0.359,0.004,0.007,1160.251,1200.224,1.001
"K_uu_workout[45, 37]",0.144,0.132,0.017,0.36,0.004,0.007,1157.376,1200.224,1.001
"K_uu_workout[45, 38]",0.144,0.132,0.017,0.36,0.004,0.007,1155.042,1200.224,1.001
"K_uu_workout[45, 39]",0.145,0.132,0.017,0.36,0.004,0.007,1153.836,1200.224,1.001
"K_uu_workout[45, 40]",0.145,0.132,0.017,0.362,0.004,0.007,1152.473,1200.224,1.002
"K_uu_workout[45, 41]",0.145,0.133,0.017,0.363,0.004,0.007,1151.776,1215.569,1.002
"K_uu_workout[45, 42]",0.145,0.133,0.017,0.364,0.004,0.007,1150.884,1215.569,1.002
"K_uu_workout[45, 43]",0.146,0.133,0.017,0.365,0.004,0.007,1150.361,1215.569,1.002
"K_uu_workout[45, 44]",0.146,0.133,0.017,0.365,0.004,0.007,1150.51,1215.569,1.002
"K_uu_workout[45, 45]",0.146,0.133,0.017,0.365,0.004,0.007,1150.117,1215.569,1.002
"K_uu_workout[45, 46]",0.146,0.133,0.017,0.365,0.004,0.007,1150.51,1215.569,1.002
"K_uu_workout[45, 47]",0.146,0.133,0.017,0.365,0.004,0.007,1150.361,1215.569,1.002
"K_uu_workout[45, 48]",0.145,0.133,0.017,0.364,0.004,0.007,1150.884,1215.569,1.002
"K_uu_workout[45, 49]",0.145,0.133,0.017,0.363,0.004,0.007,1151.776,1215.569,1.002
"K_uu_workout[46, 0]",0.101,0.108,0.0,0.281,0.003,0.007,1249.29,1141.275,1.0
"K_uu_workout[46, 1]",0.103,0.109,0.003,0.288,0.003,0.007,1258.99,1141.275,1.0
"K_uu_workout[46, 2]",0.104,0.109,0.003,0.29,0.003,0.007,1265.603,1143.424,1.0
"K_uu_workout[46, 3]",0.105,0.11,0.003,0.293,0.003,0.007,1273.924,1168.256,1.0
"K_uu_workout[46, 4]",0.107,0.111,0.004,0.298,0.003,0.007,1278.621,1159.838,1.0
"K_uu_workout[46, 5]",0.108,0.111,0.004,0.3,0.003,0.007,1283.5,1139.253,1.0
"K_uu_workout[46, 6]",0.109,0.112,0.005,0.303,0.003,0.007,1288.93,1159.838,1.0
"K_uu_workout[46, 7]",0.111,0.113,0.006,0.305,0.003,0.007,1294.144,1152.983,1.0
"K_uu_workout[46, 8]",0.112,0.114,0.005,0.308,0.003,0.007,1296.166,1148.497,1.0
"K_uu_workout[46, 9]",0.114,0.114,0.007,0.312,0.003,0.007,1307.552,1135.86,1.0
"K_uu_workout[46, 10]",0.115,0.115,0.008,0.316,0.003,0.007,1306.526,1120.688,1.0
"K_uu_workout[46, 11]",0.116,0.116,0.009,0.319,0.003,0.007,1302.712,1120.688,1.0
"K_uu_workout[46, 12]",0.118,0.116,0.01,0.324,0.003,0.007,1301.099,1120.688,1.0
"K_uu_workout[46, 13]",0.119,0.117,0.011,0.326,0.004,0.007,1298.086,1149.548,1.0
"K_uu_workout[46, 14]",0.12,0.118,0.008,0.324,0.004,0.007,1296.953,1149.648,1.0
"K_uu_workout[46, 15]",0.122,0.118,0.008,0.325,0.004,0.007,1293.714,1133.283,1.0
"K_uu_workout[46, 16]",0.123,0.119,0.011,0.331,0.004,0.007,1291.027,1133.283,1.0
"K_uu_workout[46, 17]",0.124,0.12,0.009,0.33,0.004,0.007,1295.037,1133.283,1.0
"K_uu_workout[46, 18]",0.125,0.121,0.01,0.33,0.004,0.007,1287.375,1106.619,1.0
"K_uu_workout[46, 19]",0.127,0.121,0.014,0.336,0.004,0.007,1276.098,1106.619,1.0
"K_uu_workout[46, 20]",0.128,0.122,0.016,0.342,0.004,0.007,1268.253,1119.666,1.0
"K_uu_workout[46, 21]",0.129,0.123,0.012,0.339,0.004,0.007,1258.561,1119.666,1.0
"K_uu_workout[46, 22]",0.13,0.123,0.01,0.337,0.004,0.007,1253.062,1119.666,1.001
"K_uu_workout[46, 23]",0.131,0.124,0.016,0.345,0.004,0.007,1240.09,1119.666,1.001
"K_uu_workout[46, 24]",0.132,0.125,0.016,0.346,0.004,0.007,1231.762,1119.666,1.001
"K_uu_workout[46, 25]",0.133,0.125,0.016,0.347,0.004,0.007,1224.024,1119.666,1.001
"K_uu_workout[46, 26]",0.135,0.126,0.014,0.347,0.004,0.007,1212.524,1217.221,1.001
"K_uu_workout[46, 27]",0.136,0.126,0.017,0.352,0.004,0.007,1203.56,1249.334,1.001
"K_uu_workout[46, 28]",0.137,0.127,0.013,0.349,0.004,0.007,1200.665,1249.334,1.001
"K_uu_workout[46, 29]",0.137,0.128,0.016,0.353,0.004,0.007,1194.731,1249.334,1.001
"K_uu_workout[46, 30]",0.138,0.128,0.017,0.353,0.004,0.007,1189.122,1249.334,1.001
"K_uu_workout[46, 31]",0.139,0.129,0.017,0.354,0.004,0.007,1183.804,1249.334,1.001
"K_uu_workout[46, 32]",0.14,0.129,0.017,0.356,0.004,0.007,1179.983,1249.334,1.001
"K_uu_workout[46, 33]",0.141,0.13,0.017,0.358,0.004,0.007,1175.587,1185.262,1.001
"K_uu_workout[46, 34]",0.141,0.13,0.017,0.358,0.004,0.007,1173.95,1185.262,1.001
"K_uu_workout[46, 35]",0.142,0.131,0.017,0.359,0.004,0.007,1168.668,1200.8,1.001
"K_uu_workout[46, 36]",0.143,0.131,0.017,0.359,0.004,0.007,1165.041,1200.8,1.001
"K_uu_workout[46, 37]",0.143,0.131,0.017,0.359,0.004,0.007,1160.251,1200.224,1.001
"K_uu_workout[46, 38]",0.144,0.132,0.017,0.36,0.004,0.007,1157.376,1200.224,1.001
"K_uu_workout[46, 39]",0.144,0.132,0.017,0.36,0.004,0.007,1155.042,1200.224,1.001
"K_uu_workout[46, 40]",0.145,0.132,0.017,0.36,0.004,0.007,1153.836,1200.224,1.001
"K_uu_workout[46, 41]",0.145,0.132,0.017,0.362,0.004,0.007,1152.473,1200.224,1.002
"K_uu_workout[46, 42]",0.145,0.133,0.017,0.363,0.004,0.007,1151.776,1215.569,1.002
"K_uu_workout[46, 43]",0.145,0.133,0.017,0.364,0.004,0.007,1150.884,1215.569,1.002
"K_uu_workout[46, 44]",0.146,0.133,0.017,0.365,0.004,0.007,1150.361,1215.569,1.002
"K_uu_workout[46, 45]",0.146,0.133,0.017,0.365,0.004,0.007,1150.51,1215.569,1.002
"K_uu_workout[46, 46]",0.146,0.133,0.017,0.365,0.004,0.007,1150.117,1215.569,1.002
"K_uu_workout[46, 47]",0.146,0.133,0.017,0.365,0.004,0.007,1150.51,1215.569,1.002
"K_uu_workout[46, 48]",0.146,0.133,0.017,0.365,0.004,0.007,1150.361,1215.569,1.002
"K_uu_workout[46, 49]",0.145,0.133,0.017,0.364,0.004,0.007,1150.884,1215.569,1.002
"K_uu_workout[47, 0]",0.1,0.107,0.0,0.28,0.003,0.007,1240.129,1115.446,1.0
"K_uu_workout[47, 1]",0.101,0.108,0.0,0.281,0.003,0.007,1249.29,1141.275,1.0
"K_uu_workout[47, 2]",0.103,0.109,0.003,0.288,0.003,0.007,1258.99,1141.275,1.0
"K_uu_workout[47, 3]",0.104,0.109,0.003,0.29,0.003,0.007,1265.603,1143.424,1.0
"K_uu_workout[47, 4]",0.105,0.11,0.003,0.293,0.003,0.007,1273.924,1168.256,1.0
"K_uu_workout[47, 5]",0.107,0.111,0.004,0.298,0.003,0.007,1278.621,1159.838,1.0
"K_uu_workout[47, 6]",0.108,0.111,0.004,0.3,0.003,0.007,1283.5,1139.253,1.0
"K_uu_workout[47, 7]",0.109,0.112,0.005,0.303,0.003,0.007,1288.93,1159.838,1.0
"K_uu_workout[47, 8]",0.111,0.113,0.006,0.305,0.003,0.007,1294.144,1152.983,1.0
"K_uu_workout[47, 9]",0.112,0.114,0.005,0.308,0.003,0.007,1296.166,1148.497,1.0
"K_uu_workout[47, 10]",0.114,0.114,0.007,0.312,0.003,0.007,1307.552,1135.86,1.0
"K_uu_workout[47, 11]",0.115,0.115,0.008,0.316,0.003,0.007,1306.526,1120.688,1.0
"K_uu_workout[47, 12]",0.116,0.116,0.009,0.319,0.003,0.007,1302.712,1120.688,1.0
"K_uu_workout[47, 13]",0.118,0.116,0.01,0.324,0.003,0.007,1301.099,1120.688,1.0
"K_uu_workout[47, 14]",0.119,0.117,0.011,0.326,0.004,0.007,1298.086,1149.548,1.0
"K_uu_workout[47, 15]",0.12,0.118,0.008,0.324,0.004,0.007,1296.953,1149.648,1.0
"K_uu_workout[47, 16]",0.122,0.118,0.008,0.325,0.004,0.007,1293.714,1133.283,1.0
"K_uu_workout[47, 17]",0.123,0.119,0.011,0.331,0.004,0.007,1291.027,1133.283,1.0
"K_uu_workout[47, 18]",0.124,0.12,0.009,0.33,0.004,0.007,1295.037,1133.283,1.0
"K_uu_workout[47, 19]",0.125,0.121,0.01,0.33,0.004,0.007,1287.375,1106.619,1.0
"K_uu_workout[47, 20]",0.127,0.121,0.014,0.336,0.004,0.007,1276.098,1106.619,1.0
"K_uu_workout[47, 21]",0.128,0.122,0.016,0.342,0.004,0.007,1268.253,1119.666,1.0
"K_uu_workout[47, 22]",0.129,0.123,0.012,0.339,0.004,0.007,1258.561,1119.666,1.0
"K_uu_workout[47, 23]",0.13,0.123,0.01,0.337,0.004,0.007,1253.062,1119.666,1.001
"K_uu_workout[47, 24]",0.131,0.124,0.016,0.345,0.004,0.007,1240.09,1119.666,1.001
"K_uu_workout[47, 25]",0.132,0.125,0.016,0.346,0.004,0.007,1231.762,1119.666,1.001
"K_uu_workout[47, 26]",0.133,0.125,0.016,0.347,0.004,0.007,1224.024,1119.666,1.001
"K_uu_workout[47, 27]",0.135,0.126,0.014,0.347,0.004,0.007,1212.524,1217.221,1.001
"K_uu_workout[47, 28]",0.136,0.126,0.017,0.352,0.004,0.007,1203.56,1249.334,1.001
"K_uu_workout[47, 29]",0.137,0.127,0.013,0.349,0.004,0.007,1200.665,1249.334,1.001
"K_uu_workout[47, 30]",0.137,0.128,0.016,0.353,0.004,0.007,1194.731,1249.334,1.001
"K_uu_workout[47, 31]",0.138,0.128,0.017,0.353,0.004,0.007,1189.122,1249.334,1.001
"K_uu_workout[47, 32]",0.139,0.129,0.017,0.354,0.004,0.007,1183.804,1249.334,1.001
"K_uu_workout[47, 33]",0.14,0.129,0.017,0.356,0.004,0.007,1179.983,1249.334,1.001
"K_uu_workout[47, 34]",0.141,0.13,0.017,0.358,0.004,0.007,1175.587,1185.262,1.001
"K_uu_workout[47, 35]",0.141,0.13,0.017,0.358,0.004,0.007,1173.95,1185.262,1.001
"K_uu_workout[47, 36]",0.142,0.131,0.017,0.359,0.004,0.007,1168.668,1200.8,1.001
"K_uu_workout[47, 37]",0.143,0.131,0.017,0.359,0.004,0.007,1165.041,1200.8,1.001
"K_uu_workout[47, 38]",0.143,0.131,0.017,0.359,0.004,0.007,1160.251,1200.224,1.001
"K_uu_workout[47, 39]",0.144,0.132,0.017,0.36,0.004,0.007,1157.376,1200.224,1.001
"K_uu_workout[47, 40]",0.144,0.132,0.017,0.36,0.004,0.007,1155.042,1200.224,1.001
"K_uu_workout[47, 41]",0.145,0.132,0.017,0.36,0.004,0.007,1153.836,1200.224,1.001
"K_uu_workout[47, 42]",0.145,0.132,0.017,0.362,0.004,0.007,1152.473,1200.224,1.002
"K_uu_workout[47, 43]",0.145,0.133,0.017,0.363,0.004,0.007,1151.776,1215.569,1.002
"K_uu_workout[47, 44]",0.145,0.133,0.017,0.364,0.004,0.007,1150.884,1215.569,1.002
"K_uu_workout[47, 45]",0.146,0.133,0.017,0.365,0.004,0.007,1150.361,1215.569,1.002
"K_uu_workout[47, 46]",0.146,0.133,0.017,0.365,0.004,0.007,1150.51,1215.569,1.002
"K_uu_workout[47, 47]",0.146,0.133,0.017,0.365,0.004,0.007,1150.117,1215.569,1.002
"K_uu_workout[47, 48]",0.146,0.133,0.017,0.365,0.004,0.007,1150.51,1215.569,1.002
"K_uu_workout[47, 49]",0.146,0.133,0.017,0.365,0.004,0.007,1150.361,1215.569,1.002
"K_uu_workout[48, 0]",0.099,0.107,0.001,0.279,0.003,0.007,1228.616,1129.685,1.0
"K_uu_workout[48, 1]",0.1,0.107,0.0,0.28,0.003,0.007,1240.129,1115.446,1.0
"K_uu_workout[48, 2]",0.101,0.108,0.0,0.281,0.003,0.007,1249.29,1141.275,1.0
"K_uu_workout[48, 3]",0.103,0.109,0.003,0.288,0.003,0.007,1258.99,1141.275,1.0
"K_uu_workout[48, 4]",0.104,0.109,0.003,0.29,0.003,0.007,1265.603,1143.424,1.0
"K_uu_workout[48, 5]",0.105,0.11,0.003,0.293,0.003,0.007,1273.924,1168.256,1.0
"K_uu_workout[48, 6]",0.107,0.111,0.004,0.298,0.003,0.007,1278.621,1159.838,1.0
"K_uu_workout[48, 7]",0.108,0.111,0.004,0.3,0.003,0.007,1283.5,1139.253,1.0
"K_uu_workout[48, 8]",0.109,0.112,0.005,0.303,0.003,0.007,1288.93,1159.838,1.0
"K_uu_workout[48, 9]",0.111,0.113,0.006,0.305,0.003,0.007,1294.144,1152.983,1.0
"K_uu_workout[48, 10]",0.112,0.114,0.005,0.308,0.003,0.007,1296.166,1148.497,1.0
"K_uu_workout[48, 11]",0.114,0.114,0.007,0.312,0.003,0.007,1307.552,1135.86,1.0
"K_uu_workout[48, 12]",0.115,0.115,0.008,0.316,0.003,0.007,1306.526,1120.688,1.0
"K_uu_workout[48, 13]",0.116,0.116,0.009,0.319,0.003,0.007,1302.712,1120.688,1.0
"K_uu_workout[48, 14]",0.118,0.116,0.01,0.324,0.003,0.007,1301.099,1120.688,1.0
"K_uu_workout[48, 15]",0.119,0.117,0.011,0.326,0.004,0.007,1298.086,1149.548,1.0
"K_uu_workout[48, 16]",0.12,0.118,0.008,0.324,0.004,0.007,1296.953,1149.648,1.0
"K_uu_workout[48, 17]",0.122,0.118,0.008,0.325,0.004,0.007,1293.714,1133.283,1.0
"K_uu_workout[48, 18]",0.123,0.119,0.011,0.331,0.004,0.007,1291.027,1133.283,1.0
"K_uu_workout[48, 19]",0.124,0.12,0.009,0.33,0.004,0.007,1295.037,1133.283,1.0
"K_uu_workout[48, 20]",0.125,0.121,0.01,0.33,0.004,0.007,1287.375,1106.619,1.0
"K_uu_workout[48, 21]",0.127,0.121,0.014,0.336,0.004,0.007,1276.098,1106.619,1.0
"K_uu_workout[48, 22]",0.128,0.122,0.016,0.342,0.004,0.007,1268.253,1119.666,1.0
"K_uu_workout[48, 23]",0.129,0.123,0.012,0.339,0.004,0.007,1258.561,1119.666,1.0
"K_uu_workout[48, 24]",0.13,0.123,0.01,0.337,0.004,0.007,1253.062,1119.666,1.001
"K_uu_workout[48, 25]",0.131,0.124,0.016,0.345,0.004,0.007,1240.09,1119.666,1.001
"K_uu_workout[48, 26]",0.132,0.125,0.016,0.346,0.004,0.007,1231.762,1119.666,1.001
"K_uu_workout[48, 27]",0.133,0.125,0.016,0.347,0.004,0.007,1224.024,1119.666,1.001
"K_uu_workout[48, 28]",0.135,0.126,0.014,0.347,0.004,0.007,1212.524,1217.221,1.001
"K_uu_workout[48, 29]",0.136,0.126,0.017,0.352,0.004,0.007,1203.56,1249.334,1.001
"K_uu_workout[48, 30]",0.137,0.127,0.013,0.349,0.004,0.007,1200.665,1249.334,1.001
"K_uu_workout[48, 31]",0.137,0.128,0.016,0.353,0.004,0.007,1194.731,1249.334,1.001
"K_uu_workout[48, 32]",0.138,0.128,0.017,0.353,0.004,0.007,1189.122,1249.334,1.001
"K_uu_workout[48, 33]",0.139,0.129,0.017,0.354,0.004,0.007,1183.804,1249.334,1.001
"K_uu_workout[48, 34]",0.14,0.129,0.017,0.356,0.004,0.007,1179.983,1249.334,1.001
"K_uu_workout[48, 35]",0.141,0.13,0.017,0.358,0.004,0.007,1175.587,1185.262,1.001
"K_uu_workout[48, 36]",0.141,0.13,0.017,0.358,0.004,0.007,1173.95,1185.262,1.001
"K_uu_workout[48, 37]",0.142,0.131,0.017,0.359,0.004,0.007,1168.668,1200.8,1.001
"K_uu_workout[48, 38]",0.143,0.131,0.017,0.359,0.004,0.007,1165.041,1200.8,1.001
"K_uu_workout[48, 39]",0.143,0.131,0.017,0.359,0.004,0.007,1160.251,1200.224,1.001
"K_uu_workout[48, 40]",0.144,0.132,0.017,0.36,0.004,0.007,1157.376,1200.224,1.001
"K_uu_workout[48, 41]",0.144,0.132,0.017,0.36,0.004,0.007,1155.042,1200.224,1.001
"K_uu_workout[48, 42]",0.145,0.132,0.017,0.36,0.004,0.007,1153.836,1200.224,1.001
"K_uu_workout[48, 43]",0.145,0.132,0.017,0.362,0.004,0.007,1152.473,1200.224,1.002
"K_uu_workout[48, 44]",0.145,0.133,0.017,0.363,0.004,0.007,1151.776,1215.569,1.002
"K_uu_workout[48, 45]",0.145,0.133,0.017,0.364,0.004,0.007,1150.884,1215.569,1.002
"K_uu_workout[48, 46]",0.146,0.133,0.017,0.365,0.004,0.007,1150.361,1215.569,1.002
"K_uu_workout[48, 47]",0.146,0.133,0.017,0.365,0.004,0.007,1150.51,1215.569,1.002
"K_uu_workout[48, 48]",0.146,0.133,0.017,0.365,0.004,0.007,1150.117,1215.569,1.002
"K_uu_workout[48, 49]",0.146,0.133,0.017,0.365,0.004,0.007,1150.51,1215.569,1.002
"K_uu_workout[49, 0]",0.097,0.106,0.0,0.274,0.003,0.007,1218.032,1122.25,1.0
"K_uu_workout[49, 1]",0.099,0.107,0.001,0.279,0.003,0.007,1228.616,1129.685,1.0
"K_uu_workout[49, 2]",0.1,0.107,0.0,0.28,0.003,0.007,1240.129,1115.446,1.0
"K_uu_workout[49, 3]",0.101,0.108,0.0,0.281,0.003,0.007,1249.29,1141.275,1.0
"K_uu_workout[49, 4]",0.103,0.109,0.003,0.288,0.003,0.007,1258.99,1141.275,1.0
"K_uu_workout[49, 5]",0.104,0.109,0.003,0.29,0.003,0.007,1265.603,1143.424,1.0
"K_uu_workout[49, 6]",0.105,0.11,0.003,0.293,0.003,0.007,1273.924,1168.256,1.0
"K_uu_workout[49, 7]",0.107,0.111,0.004,0.298,0.003,0.007,1278.621,1159.838,1.0
"K_uu_workout[49, 8]",0.108,0.111,0.004,0.3,0.003,0.007,1283.5,1139.253,1.0
"K_uu_workout[49, 9]",0.109,0.112,0.005,0.303,0.003,0.007,1288.93,1159.838,1.0
"K_uu_workout[49, 10]",0.111,0.113,0.006,0.305,0.003,0.007,1294.144,1152.983,1.0
"K_uu_workout[49, 11]",0.112,0.114,0.005,0.308,0.003,0.007,1296.166,1148.497,1.0
"K_uu_workout[49, 12]",0.114,0.114,0.007,0.312,0.003,0.007,1307.552,1135.86,1.0
"K_uu_workout[49, 13]",0.115,0.115,0.008,0.316,0.003,0.007,1306.526,1120.688,1.0
"K_uu_workout[49, 14]",0.116,0.116,0.009,0.319,0.003,0.007,1302.712,1120.688,1.0
"K_uu_workout[49, 15]",0.118,0.116,0.01,0.324,0.003,0.007,1301.099,1120.688,1.0
"K_uu_workout[49, 16]",0.119,0.117,0.011,0.326,0.004,0.007,1298.086,1149.548,1.0
"K_uu_workout[49, 17]",0.12,0.118,0.008,0.324,0.004,0.007,1296.953,1149.648,1.0
"K_uu_workout[49, 18]",0.122,0.118,0.008,0.325,0.004,0.007,1293.714,1133.283,1.0
"K_uu_workout[49, 19]",0.123,0.119,0.011,0.331,0.004,0.007,1291.027,1133.283,1.0
"K_uu_workout[49, 20]",0.124,0.12,0.009,0.33,0.004,0.007,1295.037,1133.283,1.0
"K_uu_workout[49, 21]",0.125,0.121,0.01,0.33,0.004,0.007,1287.375,1106.619,1.0
"K_uu_workout[49, 22]",0.127,0.121,0.014,0.336,0.004,0.007,1276.098,1106.619,1.0
"K_uu_workout[49, 23]",0.128,0.122,0.016,0.342,0.004,0.007,1268.253,1119.666,1.0
"K_uu_workout[49, 24]",0.129,0.123,0.012,0.339,0.004,0.007,1258.561,1119.666,1.0
"K_uu_workout[49, 25]",0.13,0.123,0.01,0.337,0.004,0.007,1253.062,1119.666,1.001
"K_uu_workout[49, 26]",0.131,0.124,0.016,0.345,0.004,0.007,1240.09,1119.666,1.001
"K_uu_workout[49, 27]",0.132,0.125,0.016,0.346,0.004,0.007,1231.762,1119.666,1.001
"K_uu_workout[49, 28]",0.133,0.125,0.016,0.347,0.004,0.007,1224.024,1119.666,1.001
"K_uu_workout[49, 29]",0.135,0.126,0.014,0.347,0.004,0.007,1212.524,1217.221,1.001
"K_uu_workout[49, 30]",0.136,0.126,0.017,0.352,0.004,0.007,1203.56,1249.334,1.001
"K_uu_workout[49, 31]",0.137,0.127,0.013,0.349,0.004,0.007,1200.665,1249.334,1.001
"K_uu_workout[49, 32]",0.137,0.128,0.016,0.353,0.004,0.007,1194.731,1249.334,1.001
"K_uu_workout[49, 33]",0.138,0.128,0.017,0.353,0.004,0.007,1189.122,1249.334,1.001
"K_uu_workout[49, 34]",0.139,0.129,0.017,0.354,0.004,0.007,1183.804,1249.334,1.001
"K_uu_workout[49, 35]",0.14,0.129,0.017,0.356,0.004,0.007,1179.983,1249.334,1.001
"K_uu_workout[49, 36]",0.141,0.13,0.017,0.358,0.004,0.007,1175.587,1185.262,1.001
"K_uu_workout[49, 37]",0.141,0.13,0.017,0.358,0.004,0.007,1173.95,1185.262,1.001
"K_uu_workout[49, 38]",0.142,0.131,0.017,0.359,0.004,0.007,1168.668,1200.8,1.001
"K_uu_workout[49, 39]",0.143,0.131,0.017,0.359,0.004,0.007,1165.041,1200.8,1.001
"K_uu_workout[49, 40]",0.143,0.131,0.017,0.359,0.004,0.007,1160.251,1200.224,1.001
"K_uu_workout[49, 41]",0.144,0.132,0.017,0.36,0.004,0.007,1157.376,1200.224,1.001
"K_uu_workout[49, 42]",0.144,0.132,0.017,0.36,0.004,0.007,1155.042,1200.224,1.001
"K_uu_workout[49, 43]",0.145,0.132,0.017,0.36,0.004,0.007,1153.836,1200.224,1.001
"K_uu_workout[49, 44]",0.145,0.132,0.017,0.362,0.004,0.007,1152.473,1200.224,1.002
"K_uu_workout[49, 45]",0.145,0.133,0.017,0.363,0.004,0.007,1151.776,1215.569,1.002
"K_uu_workout[49, 46]",0.145,0.133,0.017,0.364,0.004,0.007,1150.884,1215.569,1.002
"K_uu_workout[49, 47]",0.146,0.133,0.017,0.365,0.004,0.007,1150.361,1215.569,1.002
"K_uu_workout[49, 48]",0.146,0.133,0.017,0.365,0.004,0.007,1150.51,1215.569,1.002
"K_uu_workout[49, 49]",0.146,0.133,0.017,0.365,0.004,0.007,1150.117,1215.569,1.002
"L_uu_weight[0, 0]",0.979,0.211,0.633,1.391,0.005,0.005,1587.505,1523.932,1.0
"L_uu_weight[0, 1]",0.0,0.0,0.0,0.0,0.0,,2000.0,2000.0,
"L_uu_weight[0, 2]",0.0,0.0,0.0,0.0,0.0,,2000.0,2000.0,
"L_uu_weight[0, 3]",0.0,0.0,0.0,0.0,0.0,,2000.0,2000.0,
"L_uu_weight[0, 4]",0.0,0.0,0.0,0.0,0.0,,2000.0,2000.0,
"L_uu_weight[0, 5]",0.0,0.0,0.0,0.0,0.0,,2000.0,2000.0,
"L_uu_weight[0, 6]",0.0,0.0,0.0,0.0,0.0,,2000.0,2000.0,
"L_uu_weight[0, 7]",0.0,0.0,0.0,0.0,0.0,,2000.0,2000.0,
"L_uu_weight[0, 8]",0.0,0.0,0.0,0.0,0.0,,2000.0,2000.0,
"L_uu_weight[0, 9]",0.0,0.0,0.0,0.0,0.0,,2000.0,2000.0,
"L_uu_weight[0, 10]",0.0,0.0,0.0,0.0,0.0,,2000.0,2000.0,
"L_uu_weight[0, 11]",0.0,0.0,0.0,0.0,0.0,,2000.0,2000.0,
"L_uu_weight[0, 12]",0.0,0.0,0.0,0.0,0.0,,2000.0,2000.0,
"L_uu_weight[0, 13]",0.0,0.0,0.0,0.0,0.0,,2000.0,2000.0,
"L_uu_weight[0, 14]",0.0,0.0,0.0,0.0,0.0,,2000.0,2000.0,
"L_uu_weight[0, 15]",0.0,0.0,0.0,0.0,0.0,,2000.0,2000.0,
"L_uu_weight[0, 16]",0.0,0.0,0.0,0.0,0.0,,2000.0,2000.0,
"L_uu_weight[0, 17]",0.0,0.0,0.0,0.0,0.0,,2000.0,2000.0,
"L_uu_weight[0, 18]",0.0,0.0,0.0,0.0,0.0,,2000.0,2000.0,
"L_uu_weight[0, 19]",0.0,0.0,0.0,0.0,0.0,,2000.0,2000.0,
"L_uu_weight[0, 20]",0.0,0.0,0.0,0.0,0.0,,2000.0,2000.0,
"L_uu_weight[0, 21]",0.0,0.0,0.0,0.0,0.0,,2000.0,2000.0,
"L_uu_weight[0, 22]",0.0,0.0,0.0,0.0,0.0,,2000.0,2000.0,
"L_uu_weight[0, 23]",0.0,0.0,0.0,0.0,0.0,,2000.0,2000.0,
"L_uu_weight[0, 24]",0.0,0.0,0.0,0.0,0.0,,2000.0,2000.0,
"L_uu_weight[0, 25]",0.0,0.0,0.0,0.0,0.0,,2000.0,2000.0,
"L_uu_weight[0, 26]",0.0,0.0,0.0,0.0,0.0,,2000.0,2000.0,
"L_uu_weight[0, 27]",0.0,0.0,0.0,0.0,0.0,,2000.0,2000.0,
"L_uu_weight[0, 28]",0.0,0.0,0.0,0.0,0.0,,2000.0,2000.0,
"L_uu_weight[0, 29]",0.0,0.0,0.0,0.0,0.0,,2000.0,2000.0,
"L_uu_weight[0, 30]",0.0,0.0,0.0,0.0,0.0,,2000.0,2000.0,
"L_uu_weight[0, 31]",0.0,0.0,0.0,0.0,0.0,,2000.0,2000.0,
"L_uu_weight[0, 32]",0.0,0.0,0.0,0.0,0.0,,2000.0,2000.0,
"L_uu_weight[0, 33]",0.0,0.0,0.0,0.0,0.0,,2000.0,2000.0,
"L_uu_weight[0, 34]",0.0,0.0,0.0,0.0,0.0,,2000.0,2000.0,
"L_uu_weight[0, 35]",0.0,0.0,0.0,0.0,0.0,,2000.0,2000.0,
"L_uu_weight[0, 36]",0.0,0.0,0.0,0.0,0.0,,2000.0,2000.0,
"L_uu_weight[0, 37]",0.0,0.0,0.0,0.0,0.0,,2000.0,2000.0,
"L_uu_weight[0, 38]",0.0,0.0,0.0,0.0,0.0,,2000.0,2000.0,
"L_uu_weight[0, 39]",0.0,0.0,0.0,0.0,0.0,,2000.0,2000.0,
"L_uu_weight[0, 40]",0.0,0.0,0.0,0.0,0.0,,2000.0,2000.0,
"L_uu_weight[0, 41]",0.0,0.0,0.0,0.0,0.0,,2000.0,2000.0,
"L_uu_weight[0, 42]",0.0,0.0,0.0,0.0,0.0,,2000.0,2000.0,
"L_uu_weight[0, 43]",0.0,0.0,0.0,0.0,0.0,,2000.0,2000.0,
"L_uu_weight[0, 44]",0.0,0.0,0.0,0.0,0.0,,2000.0,2000.0,
"L_uu_weight[0, 45]",0.0,0.0,0.0,0.0,0.0,,2000.0,2000.0,
"L_uu_weight[0, 46]",0.0,0.0,0.0,0.0,0.0,,2000.0,2000.0,
"L_uu_weight[0, 47]",0.0,0.0,0.0,0.0,0.0,,2000.0,2000.0,
"L_uu_weight[0, 48]",0.0,0.0,0.0,0.0,0.0,,2000.0,2000.0,
"L_uu_weight[0, 49]",0.0,0.0,0.0,0.0,0.0,,2000.0,2000.0,
"L_uu_weight[1, 0]",0.973,0.21,0.628,1.384,0.005,0.005,1583.431,1523.932,1.0
"L_uu_weight[1, 1]",0.107,0.024,0.065,0.152,0.001,0.001,1486.946,1449.633,1.0
"L_uu_weight[1, 2]",0.0,0.0,0.0,0.0,0.0,,2000.0,2000.0,
"L_uu_weight[1, 3]",0.0,0.0,0.0,0.0,0.0,,2000.0,2000.0,
"L_uu_weight[1, 4]",0.0,0.0,0.0,0.0,0.0,,2000.0,2000.0,
"L_uu_weight[1, 5]",0.0,0.0,0.0,0.0,0.0,,2000.0,2000.0,
"L_uu_weight[1, 6]",0.0,0.0,0.0,0.0,0.0,,2000.0,2000.0,
"L_uu_weight[1, 7]",0.0,0.0,0.0,0.0,0.0,,2000.0,2000.0,
"L_uu_weight[1, 8]",0.0,0.0,0.0,0.0,0.0,,2000.0,2000.0,
"L_uu_weight[1, 9]",0.0,0.0,0.0,0.0,0.0,,2000.0,2000.0,
"L_uu_weight[1, 10]",0.0,0.0,0.0,0.0,0.0,,2000.0,2000.0,
"L_uu_weight[1, 11]",0.0,0.0,0.0,0.0,0.0,,2000.0,2000.0,
"L_uu_weight[1, 12]",0.0,0.0,0.0,0.0,0.0,,2000.0,2000.0,
"L_uu_weight[1, 13]",0.0,0.0,0.0,0.0,0.0,,2000.0,2000.0,
"L_uu_weight[1, 14]",0.0,0.0,0.0,0.0,0.0,,2000.0,2000.0,
"L_uu_weight[1, 15]",0.0,0.0,0.0,0.0,0.0,,2000.0,2000.0,
"L_uu_weight[1, 16]",0.0,0.0,0.0,0.0,0.0,,2000.0,2000.0,
"L_uu_weight[1, 17]",0.0,0.0,0.0,0.0,0.0,,2000.0,2000.0,
"L_uu_weight[1, 18]",0.0,0.0,0.0,0.0,0.0,,2000.0,2000.0,
"L_uu_weight[1, 19]",0.0,0.0,0.0,0.0,0.0,,2000.0,2000.0,
"L_uu_weight[1, 20]",0.0,0.0,0.0,0.0,0.0,,2000.0,2000.0,
"L_uu_weight[1, 21]",0.0,0.0,0.0,0.0,0.0,,2000.0,2000.0,
"L_uu_weight[1, 22]",0.0,0.0,0.0,0.0,0.0,,2000.0,2000.0,
"L_uu_weight[1, 23]",0.0,0.0,0.0,0.0,0.0,,2000.0,2000.0,
"L_uu_weight[1, 24]",0.0,0.0,0.0,0.0,0.0,,2000.0,2000.0,
"L_uu_weight[1, 25]",0.0,0.0,0.0,0.0,0.0,,2000.0,2000.0,
"L_uu_weight[1, 26]",0.0,0.0,0.0,0.0,0.0,,2000.0,2000.0,
"L_uu_weight[1, 27]",0.0,0.0,0.0,0.0,0.0,,2000.0,2000.0,
"L_uu_weight[1, 28]",0.0,0.0,0.0,0.0,0.0,,2000.0,2000.0,
"L_uu_weight[1, 29]",0.0,0.0,0.0,0.0,0.0,,2000.0,2000.0,
"L_uu_weight[1, 30]",0.0,0.0,0.0,0.0,0.0,,2000.0,2000.0,
"L_uu_weight[1, 31]",0.0,0.0,0.0,0.0,0.0,,2000.0,2000.0,
"L_uu_weight[1, 32]",0.0,0.0,0.0,0.0,0.0,,2000.0,2000.0,
"L_uu_weight[1, 33]",0.0,0.0,0.0,0.0,0.0,,2000.0,2000.0,
"L_uu_weight[1, 34]",0.0,0.0,0.0,0.0,0.0,,2000.0,2000.0,
"L_uu_weight[1, 35]",0.0,0.0,0.0,0.0,0.0,,2000.0,2000.0,
"L_uu_weight[1, 36]",0.0,0.0,0.0,0.0,0.0,,2000.0,2000.0,
"L_uu_weight[1, 37]",0.0,0.0,0.0,0.0,0.0,,2000.0,2000.0,
"L_uu_weight[1, 38]",0.0,0.0,0.0,0.0,0.0,,2000.0,2000.0,
"L_uu_weight[1, 39]",0.0,0.0,0.0,0.0,0.0,,2000.0,2000.0,
"L_uu_weight[1, 40]",0.0,0.0,0.0,0.0,0.0,,2000.0,2000.0,
"L_uu_weight[1, 41]",0.0,0.0,0.0,0.0,0.0,,2000.0,2000.0,
"L_uu_weight[1, 42]",0.0,0.0,0.0,0.0,0.0,,2000.0,2000.0,
"L_uu_weight[1, 43]",0.0,0.0,0.0,0.0,0.0,,2000.0,2000.0,
"L_uu_weight[1, 44]",0.0,0.0,0.0,0.0,0.0,,2000.0,2000.0,
"L_uu_weight[1, 45]",0.0,0.0,0.0,0.0,0.0,,2000.0,2000.0,
"L_uu_weight[1, 46]",0.0,0.0,0.0,0.0,0.0,,2000.0,2000.0,
"L_uu_weight[1, 47]",0.0,0.0,0.0,0.0,0.0,,2000.0,2000.0,
"L_uu_weight[1, 48]",0.0,0.0,0.0,0.0,0.0,,2000.0,2000.0,
"L_uu_weight[1, 49]",0.0,0.0,0.0,0.0,0.0,,2000.0,2000.0,
"L_uu_weight[2, 0]",0.955,0.209,0.613,1.369,0.005,0.005,1571.656,1500.248,0.999
"L_uu_weight[2, 1]",0.208,0.047,0.13,0.298,0.001,0.001,1491.861,1449.633,1.0
"L_uu_weight[2, 2]",0.029,0.006,0.018,0.041,0.0,0.0,1492.612,1469.056,1.0
"L_uu_weight[2, 3]",0.0,0.0,0.0,0.0,0.0,,2000.0,2000.0,
"L_uu_weight[2, 4]",0.0,0.0,0.0,0.0,0.0,,2000.0,2000.0,
"L_uu_weight[2, 5]",0.0,0.0,0.0,0.0,0.0,,2000.0,2000.0,
"L_uu_weight[2, 6]",0.0,0.0,0.0,0.0,0.0,,2000.0,2000.0,
"L_uu_weight[2, 7]",0.0,0.0,0.0,0.0,0.0,,2000.0,2000.0,
"L_uu_weight[2, 8]",0.0,0.0,0.0,0.0,0.0,,2000.0,2000.0,
"L_uu_weight[2, 9]",0.0,0.0,0.0,0.0,0.0,,2000.0,2000.0,
"L_uu_weight[2, 10]",0.0,0.0,0.0,0.0,0.0,,2000.0,2000.0,
"L_uu_weight[2, 11]",0.0,0.0,0.0,0.0,0.0,,2000.0,2000.0,
"L_uu_weight[2, 12]",0.0,0.0,0.0,0.0,0.0,,2000.0,2000.0,
"L_uu_weight[2, 13]",0.0,0.0,0.0,0.0,0.0,,2000.0,2000.0,
"L_uu_weight[2, 14]",0.0,0.0,0.0,0.0,0.0,,2000.0,2000.0,
"L_uu_weight[2, 15]",0.0,0.0,0.0,0.0,0.0,,2000.0,2000.0,
"L_uu_weight[2, 16]",0.0,0.0,0.0,0.0,0.0,,2000.0,2000.0,
"L_uu_weight[2, 17]",0.0,0.0,0.0,0.0,0.0,,2000.0,2000.0,
"L_uu_weight[2, 18]",0.0,0.0,0.0,0.0,0.0,,2000.0,2000.0,
"L_uu_weight[2, 19]",0.0,0.0,0.0,0.0,0.0,,2000.0,2000.0,
"L_uu_weight[2, 20]",0.0,0.0,0.0,0.0,0.0,,2000.0,2000.0,
"L_uu_weight[2, 21]",0.0,0.0,0.0,0.0,0.0,,2000.0,2000.0,
"L_uu_weight[2, 22]",0.0,0.0,0.0,0.0,0.0,,2000.0,2000.0,
"L_uu_weight[2, 23]",0.0,0.0,0.0,0.0,0.0,,2000.0,2000.0,
"L_uu_weight[2, 24]",0.0,0.0,0.0,0.0,0.0,,2000.0,2000.0,
"L_uu_weight[2, 25]",0.0,0.0,0.0,0.0,0.0,,2000.0,2000.0,
"L_uu_weight[2, 26]",0.0,0.0,0.0,0.0,0.0,,2000.0,2000.0,
"L_uu_weight[2, 27]",0.0,0.0,0.0,0.0,0.0,,2000.0,2000.0,
"L_uu_weight[2, 28]",0.0,0.0,0.0,0.0,0.0,,2000.0,2000.0,
"L_uu_weight[2, 29]",0.0,0.0,0.0,0.0,0.0,,2000.0,2000.0,
"L_uu_weight[2, 30]",0.0,0.0,0.0,0.0,0.0,,2000.0,2000.0,
"L_uu_weight[2, 31]",0.0,0.0,0.0,0.0,0.0,,2000.0,2000.0,
"L_uu_weight[2, 32]",0.0,0.0,0.0,0.0,0.0,,2000.0,2000.0,
"L_uu_weight[2, 33]",0.0,0.0,0.0,0.0,0.0,,2000.0,2000.0,
"L_uu_weight[2, 34]",0.0,0.0,0.0,0.0,0.0,,2000.0,2000.0,
"L_uu_weight[2, 35]",0.0,0.0,0.0,0.0,0.0,,2000.0,2000.0,
"L_uu_weight[2, 36]",0.0,0.0,0.0,0.0,0.0,,2000.0,2000.0,
"L_uu_weight[2, 37]",0.0,0.0,0.0,0.0,0.0,,2000.0,2000.0,
"L_uu_weight[2, 38]",0.0,0.0,0.0,0.0,0.0,,2000.0,2000.0,
"L_uu_weight[2, 39]",0.0,0.0,0.0,0.0,0.0,,2000.0,2000.0,
"L_uu_weight[2, 40]",0.0,0.0,0.0,0.0,0.0,,2000.0,2000.0,
"L_uu_weight[2, 41]",0.0,0.0,0.0,0.0,0.0,,2000.0,2000.0,
"L_uu_weight[2, 42]",0.0,0.0,0.0,0.0,0.0,,2000.0,2000.0,
"L_uu_weight[2, 43]",0.0,0.0,0.0,0.0,0.0,,2000.0,2000.0,
"L_uu_weight[2, 44]",0.0,0.0,0.0,0.0,0.0,,2000.0,2000.0,
"L_uu_weight[2, 45]",0.0,0.0,0.0,0.0,0.0,,2000.0,2000.0,
"L_uu_weight[2, 46]",0.0,0.0,0.0,0.0,0.0,,2000.0,2000.0,
"L_uu_weight[2, 47]",0.0,0.0,0.0,0.0,0.0,,2000.0,2000.0,
"L_uu_weight[2, 48]",0.0,0.0,0.0,0.0,0.0,,2000.0,2000.0,
"L_uu_weight[2, 49]",0.0,0.0,0.0,0.0,0.0,,2000.0,2000.0,
"L_uu_weight[3, 0]",0.927,0.207,0.546,1.292,0.005,0.005,1548.237,1524.009,0.999
"L_uu_weight[3, 1]",0.303,0.067,0.19,0.431,0.002,0.002,1508.09,1437.153,1.0
"L_uu_weight[3, 2]",0.054,0.016,0.029,0.082,0.0,0.001,1336.037,1331.539,1.0
"L_uu_weight[3, 3]",0.028,0.006,0.018,0.039,0.0,0.0,1573.332,1398.944,1.0
"L_uu_weight[3, 4]",0.0,0.0,0.0,0.0,0.0,,2000.0,2000.0,
"L_uu_weight[3, 5]",0.0,0.0,0.0,0.0,0.0,,2000.0,2000.0,
"L_uu_weight[3, 6]",0.0,0.0,0.0,0.0,0.0,,2000.0,2000.0,
"L_uu_weight[3, 7]",0.0,0.0,0.0,0.0,0.0,,2000.0,2000.0,
"L_uu_weight[3, 8]",0.0,0.0,0.0,0.0,0.0,,2000.0,2000.0,
"L_uu_weight[3, 9]",0.0,0.0,0.0,0.0,0.0,,2000.0,2000.0,
"L_uu_weight[3, 10]",0.0,0.0,0.0,0.0,0.0,,2000.0,2000.0,
"L_uu_weight[3, 11]",0.0,0.0,0.0,0.0,0.0,,2000.0,2000.0,
"L_uu_weight[3, 12]",0.0,0.0,0.0,0.0,0.0,,2000.0,2000.0,
"L_uu_weight[3, 13]",0.0,0.0,0.0,0.0,0.0,,2000.0,2000.0,
"L_uu_weight[3, 14]",0.0,0.0,0.0,0.0,0.0,,2000.0,2000.0,
"L_uu_weight[3, 15]",0.0,0.0,0.0,0.0,0.0,,2000.0,2000.0,
"L_uu_weight[3, 16]",0.0,0.0,0.0,0.0,0.0,,2000.0,2000.0,
"L_uu_weight[3, 17]",0.0,0.0,0.0,0.0,0.0,,2000.0,2000.0,
"L_uu_weight[3, 18]",0.0,0.0,0.0,0.0,0.0,,2000.0,2000.0,
"L_uu_weight[3, 19]",0.0,0.0,0.0,0.0,0.0,,2000.0,2000.0,
"L_uu_weight[3, 20]",0.0,0.0,0.0,0.0,0.0,,2000.0,2000.0,
"L_uu_weight[3, 21]",0.0,0.0,0.0,0.0,0.0,,2000.0,2000.0,
"L_uu_weight[3, 22]",0.0,0.0,0.0,0.0,0.0,,2000.0,2000.0,
"L_uu_weight[3, 23]",0.0,0.0,0.0,0.0,0.0,,2000.0,2000.0,
"L_uu_weight[3, 24]",0.0,0.0,0.0,0.0,0.0,,2000.0,2000.0,
"L_uu_weight[3, 25]",0.0,0.0,0.0,0.0,0.0,,2000.0,2000.0,
"L_uu_weight[3, 26]",0.0,0.0,0.0,0.0,0.0,,2000.0,2000.0,
"L_uu_weight[3, 27]",0.0,0.0,0.0,0.0,0.0,,2000.0,2000.0,
"L_uu_weight[3, 28]",0.0,0.0,0.0,0.0,0.0,,2000.0,2000.0,
"L_uu_weight[3, 29]",0.0,0.0,0.0,0.0,0.0,,2000.0,2000.0,
"L_uu_weight[3, 30]",0.0,0.0,0.0,0.0,0.0,,2000.0,2000.0,
"L_uu_weight[3, 31]",0.0,0.0,0.0,0.0,0.0,,2000.0,2000.0,
"L_uu_weight[3, 32]",0.0,0.0,0.0,0.0,0.0,,2000.0,2000.0,
"L_uu_weight[3, 33]",0.0,0.0,0.0,0.0,0.0,,2000.0,2000.0,
"L_uu_weight[3, 34]",0.0,0.0,0.0,0.0,0.0,,2000.0,2000.0,
"L_uu_weight[3, 35]",0.0,0.0,0.0,0.0,0.0,,2000.0,2000.0,
"L_uu_weight[3, 36]",0.0,0.0,0.0,0.0,0.0,,2000.0,2000.0,
"L_uu_weight[3, 37]",0.0,0.0,0.0,0.0,0.0,,2000.0,2000.0,
"L_uu_weight[3, 38]",0.0,0.0,0.0,0.0,0.0,,2000.0,2000.0,
"L_uu_weight[3, 39]",0.0,0.0,0.0,0.0,0.0,,2000.0,2000.0,
"L_uu_weight[3, 40]",0.0,0.0,0.0,0.0,0.0,,2000.0,2000.0,
"L_uu_weight[3, 41]",0.0,0.0,0.0,0.0,0.0,,2000.0,2000.0,
"L_uu_weight[3, 42]",0.0,0.0,0.0,0.0,0.0,,2000.0,2000.0,
"L_uu_weight[3, 43]",0.0,0.0,0.0,0.0,0.0,,2000.0,2000.0,
"L_uu_weight[3, 44]",0.0,0.0,0.0,0.0,0.0,,2000.0,2000.0,
"L_uu_weight[3, 45]",0.0,0.0,0.0,0.0,0.0,,2000.0,2000.0,
"L_uu_weight[3, 46]",0.0,0.0,0.0,0.0,0.0,,2000.0,2000.0,
"L_uu_weight[3, 47]",0.0,0.0,0.0,0.0,0.0,,2000.0,2000.0,
"L_uu_weight[3, 48]",0.0,0.0,0.0,0.0,0.0,,2000.0,2000.0,
"L_uu_weight[3, 49]",0.0,0.0,0.0,0.0,0.0,,2000.0,2000.0,
"L_uu_weight[4, 0]",0.889,0.205,0.519,1.248,0.005,0.005,1511.901,1523.757,1.0
"L_uu_weight[4, 1]",0.389,0.083,0.239,0.538,0.002,0.002,1545.87,1399.266,1.0
"L_uu_weight[4, 2]",0.089,0.03,0.045,0.143,0.001,0.001,1285.793,1296.679,1.001
"L_uu_weight[4, 3]",0.052,0.013,0.031,0.077,0.0,0.0,1402.597,1430.022,1.001
"L_uu_weight[4, 4]",0.026,0.005,0.017,0.035,0.0,0.0,1625.655,1417.191,0.999
"L_uu_weight[4, 5]",0.0,0.0,0.0,0.0,0.0,,2000.0,2000.0,
"L_uu_weight[4, 6]",0.0,0.0,0.0,0.0,0.0,,2000.0,2000.0,
"L_uu_weight[4, 7]",0.0,0.0,0.0,0.0,0.0,,2000.0,2000.0,
"L_uu_weight[4, 8]",0.0,0.0,0.0,0.0,0.0,,2000.0,2000.0,
"L_uu_weight[4, 9]",0.0,0.0,0.0,0.0,0.0,,2000.0,2000.0,
"L_uu_weight[4, 10]",0.0,0.0,0.0,0.0,0.0,,2000.0,2000.0,
"L_uu_weight[4, 11]",0.0,0.0,0.0,0.0,0.0,,2000.0,2000.0,
"L_uu_weight[4, 12]",0.0,0.0,0.0,0.0,0.0,,2000.0,2000.0,
"L_uu_weight[4, 13]",0.0,0.0,0.0,0.0,0.0,,2000.0,2000.0,
"L_uu_weight[4, 14]",0.0,0.0,0.0,0.0,0.0,,2000.0,2000.0,
"L_uu_weight[4, 15]",0.0,0.0,0.0,0.0,0.0,,2000.0,2000.0,
"L_uu_weight[4, 16]",0.0,0.0,0.0,0.0,0.0,,2000.0,2000.0,
"L_uu_weight[4, 17]",0.0,0.0,0.0,0.0,0.0,,2000.0,2000.0,
"L_uu_weight[4, 18]",0.0,0.0,0.0,0.0,0.0,,2000.0,2000.0,
"L_uu_weight[4, 19]",0.0,0.0,0.0,0.0,0.0,,2000.0,2000.0,
"L_uu_weight[4, 20]",0.0,0.0,0.0,0.0,0.0,,2000.0,2000.0,
"L_uu_weight[4, 21]",0.0,0.0,0.0,0.0,0.0,,2000.0,2000.0,
"L_uu_weight[4, 22]",0.0,0.0,0.0,0.0,0.0,,2000.0,2000.0,
"L_uu_weight[4, 23]",0.0,0.0,0.0,0.0,0.0,,2000.0,2000.0,
"L_uu_weight[4, 24]",0.0,0.0,0.0,0.0,0.0,,2000.0,2000.0,
"L_uu_weight[4, 25]",0.0,0.0,0.0,0.0,0.0,,2000.0,2000.0,
"L_uu_weight[4, 26]",0.0,0.0,0.0,0.0,0.0,,2000.0,2000.0,
"L_uu_weight[4, 27]",0.0,0.0,0.0,0.0,0.0,,2000.0,2000.0,
"L_uu_weight[4, 28]",0.0,0.0,0.0,0.0,0.0,,2000.0,2000.0,
"L_uu_weight[4, 29]",0.0,0.0,0.0,0.0,0.0,,2000.0,2000.0,
"L_uu_weight[4, 30]",0.0,0.0,0.0,0.0,0.0,,2000.0,2000.0,
"L_uu_weight[4, 31]",0.0,0.0,0.0,0.0,0.0,,2000.0,2000.0,
"L_uu_weight[4, 32]",0.0,0.0,0.0,0.0,0.0,,2000.0,2000.0,
"L_uu_weight[4, 33]",0.0,0.0,0.0,0.0,0.0,,2000.0,2000.0,
"L_uu_weight[4, 34]",0.0,0.0,0.0,0.0,0.0,,2000.0,2000.0,
"L_uu_weight[4, 35]",0.0,0.0,0.0,0.0,0.0,,2000.0,2000.0,
"L_uu_weight[4, 36]",0.0,0.0,0.0,0.0,0.0,,2000.0,2000.0,
"L_uu_weight[4, 37]",0.0,0.0,0.0,0.0,0.0,,2000.0,2000.0,
"L_uu_weight[4, 38]",0.0,0.0,0.0,0.0,0.0,,2000.0,2000.0,
"L_uu_weight[4, 39]",0.0,0.0,0.0,0.0,0.0,,2000.0,2000.0,
"L_uu_weight[4, 40]",0.0,0.0,0.0,0.0,0.0,,2000.0,2000.0,
"L_uu_weight[4, 41]",0.0,0.0,0.0,0.0,0.0,,2000.0,2000.0,
"L_uu_weight[4, 42]",0.0,0.0,0.0,0.0,0.0,,2000.0,2000.0,
"L_uu_weight[4, 43]",0.0,0.0,0.0,0.0,0.0,,2000.0,2000.0,
"L_uu_weight[4, 44]",0.0,0.0,0.0,0.0,0.0,,2000.0,2000.0,
"L_uu_weight[4, 45]",0.0,0.0,0.0,0.0,0.0,,2000.0,2000.0,
"L_uu_weight[4, 46]",0.0,0.0,0.0,0.0,0.0,,2000.0,2000.0,
"L_uu_weight[4, 47]",0.0,0.0,0.0,0.0,0.0,,2000.0,2000.0,
"L_uu_weight[4, 48]",0.0,0.0,0.0,0.0,0.0,,2000.0,2000.0,
"L_uu_weight[4, 49]",0.0,0.0,0.0,0.0,0.0,,2000.0,2000.0,
"L_uu_weight[5, 0]",0.843,0.203,0.486,1.21,0.005,0.004,1442.439,1524.163,1.0
"L_uu_weight[5, 1]",0.461,0.095,0.288,0.635,0.002,0.002,1599.95,1419.636,1.0
"L_uu_weight[5, 2]",0.129,0.045,0.064,0.212,0.001,0.002,1273.988,1296.679,1.001
"L_uu_weight[5, 3]",0.088,0.022,0.052,0.131,0.001,0.001,1367.306,1369.687,1.001
"L_uu_weight[5, 4]",0.044,0.01,0.027,0.062,0.0,0.0,1505.286,1429.527,1.0
"L_uu_weight[5, 5]",0.024,0.005,0.015,0.033,0.0,0.0,1582.787,1476.724,0.999
"L_uu_weight[5, 6]",0.0,0.0,0.0,0.0,0.0,,2000.0,2000.0,
"L_uu_weight[5, 7]",0.0,0.0,0.0,0.0,0.0,,2000.0,2000.0,
"L_uu_weight[5, 8]",0.0,0.0,0.0,0.0,0.0,,2000.0,2000.0,
"L_uu_weight[5, 9]",0.0,0.0,0.0,0.0,0.0,,2000.0,2000.0,
"L_uu_weight[5, 10]",0.0,0.0,0.0,0.0,0.0,,2000.0,2000.0,
"L_uu_weight[5, 11]",0.0,0.0,0.0,0.0,0.0,,2000.0,2000.0,
"L_uu_weight[5, 12]",0.0,0.0,0.0,0.0,0.0,,2000.0,2000.0,
"L_uu_weight[5, 13]",0.0,0.0,0.0,0.0,0.0,,2000.0,2000.0,
"L_uu_weight[5, 14]",0.0,0.0,0.0,0.0,0.0,,2000.0,2000.0,
"L_uu_weight[5, 15]",0.0,0.0,0.0,0.0,0.0,,2000.0,2000.0,
"L_uu_weight[5, 16]",0.0,0.0,0.0,0.0,0.0,,2000.0,2000.0,
"L_uu_weight[5, 17]",0.0,0.0,0.0,0.0,0.0,,2000.0,2000.0,
"L_uu_weight[5, 18]",0.0,0.0,0.0,0.0,0.0,,2000.0,2000.0,
"L_uu_weight[5, 19]",0.0,0.0,0.0,0.0,0.0,,2000.0,2000.0,
"L_uu_weight[5, 20]",0.0,0.0,0.0,0.0,0.0,,2000.0,2000.0,
"L_uu_weight[5, 21]",0.0,0.0,0.0,0.0,0.0,,2000.0,2000.0,
"L_uu_weight[5, 22]",0.0,0.0,0.0,0.0,0.0,,2000.0,2000.0,
"L_uu_weight[5, 23]",0.0,0.0,0.0,0.0,0.0,,2000.0,2000.0,
"L_uu_weight[5, 24]",0.0,0.0,0.0,0.0,0.0,,2000.0,2000.0,
"L_uu_weight[5, 25]",0.0,0.0,0.0,0.0,0.0,,2000.0,2000.0,
"L_uu_weight[5, 26]",0.0,0.0,0.0,0.0,0.0,,2000.0,2000.0,
"L_uu_weight[5, 27]",0.0,0.0,0.0,0.0,0.0,,2000.0,2000.0,
"L_uu_weight[5, 28]",0.0,0.0,0.0,0.0,0.0,,2000.0,2000.0,
"L_uu_weight[5, 29]",0.0,0.0,0.0,0.0,0.0,,2000.0,2000.0,
"L_uu_weight[5, 30]",0.0,0.0,0.0,0.0,0.0,,2000.0,2000.0,
"L_uu_weight[5, 31]",0.0,0.0,0.0,0.0,0.0,,2000.0,2000.0,
"L_uu_weight[5, 32]",0.0,0.0,0.0,0.0,0.0,,2000.0,2000.0,
"L_uu_weight[5, 33]",0.0,0.0,0.0,0.0,0.0,,2000.0,2000.0,
"L_uu_weight[5, 34]",0.0,0.0,0.0,0.0,0.0,,2000.0,2000.0,
"L_uu_weight[5, 35]",0.0,0.0,0.0,0.0,0.0,,2000.0,2000.0,
"L_uu_weight[5, 36]",0.0,0.0,0.0,0.0,0.0,,2000.0,2000.0,
"L_uu_weight[5, 37]",0.0,0.0,0.0,0.0,0.0,,2000.0,2000.0,
"L_uu_weight[5, 38]",0.0,0.0,0.0,0.0,0.0,,2000.0,2000.0,
"L_uu_weight[5, 39]",0.0,0.0,0.0,0.0,0.0,,2000.0,2000.0,
"L_uu_weight[5, 40]",0.0,0.0,0.0,0.0,0.0,,2000.0,2000.0,
"L_uu_weight[5, 41]",0.0,0.0,0.0,0.0,0.0,,2000.0,2000.0,
"L_uu_weight[5, 42]",0.0,0.0,0.0,0.0,0.0,,2000.0,2000.0,
"L_uu_weight[5, 43]",0.0,0.0,0.0,0.0,0.0,,2000.0,2000.0,
"L_uu_weight[5, 44]",0.0,0.0,0.0,0.0,0.0,,2000.0,2000.0,
"L_uu_weight[5, 45]",0.0,0.0,0.0,0.0,0.0,,2000.0,2000.0,
"L_uu_weight[5, 46]",0.0,0.0,0.0,0.0,0.0,,2000.0,2000.0,
"L_uu_weight[5, 47]",0.0,0.0,0.0,0.0,0.0,,2000.0,2000.0,
"L_uu_weight[5, 48]",0.0,0.0,0.0,0.0,0.0,,2000.0,2000.0,
"L_uu_weight[5, 49]",0.0,0.0,0.0,0.0,0.0,,2000.0,2000.0,
"L_uu_weight[6, 0]",0.79,0.201,0.446,1.16,0.005,0.004,1354.217,1538.473,1.0
"L_uu_weight[6, 1]",0.52,0.104,0.32,0.7,0.003,0.002,1654.078,1421.672,1.0
"L_uu_weight[6, 2]",0.17,0.059,0.087,0.286,0.002,0.002,1272.503,1333.299,1.001
"L_uu_weight[6, 3]",0.128,0.033,0.075,0.19,0.001,0.001,1368.613,1388.531,1.001
"L_uu_weight[6, 4]",0.072,0.017,0.045,0.104,0.0,0.001,1455.485,1388.478,1.0
"L_uu_weight[6, 5]",0.038,0.01,0.022,0.055,0.0,0.0,1396.878,1332.6,1.0
"L_uu_weight[6, 6]",0.023,0.005,0.014,0.031,0.0,0.0,1561.778,1446.51,1.0
"L_uu_weight[6, 7]",0.0,0.0,0.0,0.0,0.0,,2000.0,2000.0,
"L_uu_weight[6, 8]",0.0,0.0,0.0,0.0,0.0,,2000.0,2000.0,
"L_uu_weight[6, 9]",0.0,0.0,0.0,0.0,0.0,,2000.0,2000.0,
"L_uu_weight[6, 10]",0.0,0.0,0.0,0.0,0.0,,2000.0,2000.0,
"L_uu_weight[6, 11]",0.0,0.0,0.0,0.0,0.0,,2000.0,2000.0,
"L_uu_weight[6, 12]",0.0,0.0,0.0,0.0,0.0,,2000.0,2000.0,
"L_uu_weight[6, 13]",0.0,0.0,0.0,0.0,0.0,,2000.0,2000.0,
"L_uu_weight[6, 14]",0.0,0.0,0.0,0.0,0.0,,2000.0,2000.0,
"L_uu_weight[6, 15]",0.0,0.0,0.0,0.0,0.0,,2000.0,2000.0,
"L_uu_weight[6, 16]",0.0,0.0,0.0,0.0,0.0,,2000.0,2000.0,
"L_uu_weight[6, 17]",0.0,0.0,0.0,0.0,0.0,,2000.0,2000.0,
"L_uu_weight[6, 18]",0.0,0.0,0.0,0.0,0.0,,2000.0,2000.0,
"L_uu_weight[6, 19]",0.0,0.0,0.0,0.0,0.0,,2000.0,2000.0,
"L_uu_weight[6, 20]",0.0,0.0,0.0,0.0,0.0,,2000.0,2000.0,
"L_uu_weight[6, 21]",0.0,0.0,0.0,0.0,0.0,,2000.0,2000.0,
"L_uu_weight[6, 22]",0.0,0.0,0.0,0.0,0.0,,2000.0,2000.0,
"L_uu_weight[6, 23]",0.0,0.0,0.0,0.0,0.0,,2000.0,2000.0,
"L_uu_weight[6, 24]",0.0,0.0,0.0,0.0,0.0,,2000.0,2000.0,
"L_uu_weight[6, 25]",0.0,0.0,0.0,0.0,0.0,,2000.0,2000.0,
"L_uu_weight[6, 26]",0.0,0.0,0.0,0.0,0.0,,2000.0,2000.0,
"L_uu_weight[6, 27]",0.0,0.0,0.0,0.0,0.0,,2000.0,2000.0,
"L_uu_weight[6, 28]",0.0,0.0,0.0,0.0,0.0,,2000.0,2000.0,
"L_uu_weight[6, 29]",0.0,0.0,0.0,0.0,0.0,,2000.0,2000.0,
"L_uu_weight[6, 30]",0.0,0.0,0.0,0.0,0.0,,2000.0,2000.0,
"L_uu_weight[6, 31]",0.0,0.0,0.0,0.0,0.0,,2000.0,2000.0,
"L_uu_weight[6, 32]",0.0,0.0,0.0,0.0,0.0,,2000.0,2000.0,
"L_uu_weight[6, 33]",0.0,0.0,0.0,0.0,0.0,,2000.0,2000.0,
"L_uu_weight[6, 34]",0.0,0.0,0.0,0.0,0.0,,2000.0,2000.0,
"L_uu_weight[6, 35]",0.0,0.0,0.0,0.0,0.0,,2000.0,2000.0,
"L_uu_weight[6, 36]",0.0,0.0,0.0,0.0,0.0,,2000.0,2000.0,
"L_uu_weight[6, 37]",0.0,0.0,0.0,0.0,0.0,,2000.0,2000.0,
"L_uu_weight[6, 38]",0.0,0.0,0.0,0.0,0.0,,2000.0,2000.0,
"L_uu_weight[6, 39]",0.0,0.0,0.0,0.0,0.0,,2000.0,2000.0,
"L_uu_weight[6, 40]",0.0,0.0,0.0,0.0,0.0,,2000.0,2000.0,
"L_uu_weight[6, 41]",0.0,0.0,0.0,0.0,0.0,,2000.0,2000.0,
"L_uu_weight[6, 42]",0.0,0.0,0.0,0.0,0.0,,2000.0,2000.0,
"L_uu_weight[6, 43]",0.0,0.0,0.0,0.0,0.0,,2000.0,2000.0,
"L_uu_weight[6, 44]",0.0,0.0,0.0,0.0,0.0,,2000.0,2000.0,
"L_uu_weight[6, 45]",0.0,0.0,0.0,0.0,0.0,,2000.0,2000.0,
"L_uu_weight[6, 46]",0.0,0.0,0.0,0.0,0.0,,2000.0,2000.0,
"L_uu_weight[6, 47]",0.0,0.0,0.0,0.0,0.0,,2000.0,2000.0,
"L_uu_weight[6, 48]",0.0,0.0,0.0,0.0,0.0,,2000.0,2000.0,
"L_uu_weight[6, 49]",0.0,0.0,0.0,0.0,0.0,,2000.0,2000.0,
"L_uu_weight[7, 0]",0.732,0.198,0.395,1.107,0.006,0.004,1272.085,1517.709,1.0
"L_uu_weight[7, 1]",0.563,0.112,0.368,0.776,0.003,0.003,1685.292,1417.349,0.999
"L_uu_weight[7, 2]",0.211,0.071,0.104,0.346,0.002,0.002,1278.405,1329.444,1.001
"L_uu_weight[7, 3]",0.171,0.043,0.099,0.25,0.001,0.001,1385.3,1328.656,1.001
"L_uu_weight[7, 4]",0.105,0.025,0.062,0.15,0.001,0.001,1435.068,1349.85,1.0
"L_uu_weight[7, 5]",0.062,0.017,0.035,0.093,0.001,0.001,1350.908,1331.539,1.0
"L_uu_weight[7, 6]",0.036,0.01,0.021,0.053,0.0,0.0,1362.487,1353.32,1.0
"L_uu_weight[7, 7]",0.022,0.005,0.014,0.03,0.0,0.0,1586.136,1457.007,1.0
"L_uu_weight[7, 8]",0.0,0.0,0.0,0.0,0.0,,2000.0,2000.0,
"L_uu_weight[7, 9]",0.0,0.0,0.0,0.0,0.0,,2000.0,2000.0,
"L_uu_weight[7, 10]",0.0,0.0,0.0,0.0,0.0,,2000.0,2000.0,
"L_uu_weight[7, 11]",0.0,0.0,0.0,0.0,0.0,,2000.0,2000.0,
"L_uu_weight[7, 12]",0.0,0.0,0.0,0.0,0.0,,2000.0,2000.0,
"L_uu_weight[7, 13]",0.0,0.0,0.0,0.0,0.0,,2000.0,2000.0,
"L_uu_weight[7, 14]",0.0,0.0,0.0,0.0,0.0,,2000.0,2000.0,
"L_uu_weight[7, 15]",0.0,0.0,0.0,0.0,0.0,,2000.0,2000.0,
"L_uu_weight[7, 16]",0.0,0.0,0.0,0.0,0.0,,2000.0,2000.0,
"L_uu_weight[7, 17]",0.0,0.0,0.0,0.0,0.0,,2000.0,2000.0,
"L_uu_weight[7, 18]",0.0,0.0,0.0,0.0,0.0,,2000.0,2000.0,
"L_uu_weight[7, 19]",0.0,0.0,0.0,0.0,0.0,,2000.0,2000.0,
"L_uu_weight[7, 20]",0.0,0.0,0.0,0.0,0.0,,2000.0,2000.0,
"L_uu_weight[7, 21]",0.0,0.0,0.0,0.0,0.0,,2000.0,2000.0,
"L_uu_weight[7, 22]",0.0,0.0,0.0,0.0,0.0,,2000.0,2000.0,
"L_uu_weight[7, 23]",0.0,0.0,0.0,0.0,0.0,,2000.0,2000.0,
"L_uu_weight[7, 24]",0.0,0.0,0.0,0.0,0.0,,2000.0,2000.0,
"L_uu_weight[7, 25]",0.0,0.0,0.0,0.0,0.0,,2000.0,2000.0,
"L_uu_weight[7, 26]",0.0,0.0,0.0,0.0,0.0,,2000.0,2000.0,
"L_uu_weight[7, 27]",0.0,0.0,0.0,0.0,0.0,,2000.0,2000.0,
"L_uu_weight[7, 28]",0.0,0.0,0.0,0.0,0.0,,2000.0,2000.0,
"L_uu_weight[7, 29]",0.0,0.0,0.0,0.0,0.0,,2000.0,2000.0,
"L_uu_weight[7, 30]",0.0,0.0,0.0,0.0,0.0,,2000.0,2000.0,
"L_uu_weight[7, 31]",0.0,0.0,0.0,0.0,0.0,,2000.0,2000.0,
"L_uu_weight[7, 32]",0.0,0.0,0.0,0.0,0.0,,2000.0,2000.0,
"L_uu_weight[7, 33]",0.0,0.0,0.0,0.0,0.0,,2000.0,2000.0,
"L_uu_weight[7, 34]",0.0,0.0,0.0,0.0,0.0,,2000.0,2000.0,
"L_uu_weight[7, 35]",0.0,0.0,0.0,0.0,0.0,,2000.0,2000.0,
"L_uu_weight[7, 36]",0.0,0.0,0.0,0.0,0.0,,2000.0,2000.0,
"L_uu_weight[7, 37]",0.0,0.0,0.0,0.0,0.0,,2000.0,2000.0,
"L_uu_weight[7, 38]",0.0,0.0,0.0,0.0,0.0,,2000.0,2000.0,
"L_uu_weight[7, 39]",0.0,0.0,0.0,0.0,0.0,,2000.0,2000.0,
"L_uu_weight[7, 40]",0.0,0.0,0.0,0.0,0.0,,2000.0,2000.0,
"L_uu_weight[7, 41]",0.0,0.0,0.0,0.0,0.0,,2000.0,2000.0,
"L_uu_weight[7, 42]",0.0,0.0,0.0,0.0,0.0,,2000.0,2000.0,
"L_uu_weight[7, 43]",0.0,0.0,0.0,0.0,0.0,,2000.0,2000.0,
"L_uu_weight[7, 44]",0.0,0.0,0.0,0.0,0.0,,2000.0,2000.0,
"L_uu_weight[7, 45]",0.0,0.0,0.0,0.0,0.0,,2000.0,2000.0,
"L_uu_weight[7, 46]",0.0,0.0,0.0,0.0,0.0,,2000.0,2000.0,
"L_uu_weight[7, 47]",0.0,0.0,0.0,0.0,0.0,,2000.0,2000.0,
"L_uu_weight[7, 48]",0.0,0.0,0.0,0.0,0.0,,2000.0,2000.0,
"L_uu_weight[7, 49]",0.0,0.0,0.0,0.0,0.0,,2000.0,2000.0,
"L_uu_weight[8, 0]",0.671,0.196,0.324,1.028,0.006,0.004,1203.23,1444.086,1.0
"L_uu_weight[8, 1]",0.59,0.119,0.393,0.82,0.003,0.003,1671.017,1474.21,0.999
"L_uu_weight[8, 2]",0.249,0.079,0.125,0.397,0.002,0.003,1286.877,1347.169,1.001
"L_uu_weight[8, 3]",0.215,0.051,0.129,0.313,0.001,0.001,1418.186,1468.31,1.001
"L_uu_weight[8, 4]",0.139,0.034,0.082,0.2,0.001,0.001,1429.3,1350.117,1.0
"L_uu_weight[8, 5]",0.09,0.027,0.049,0.14,0.001,0.001,1323.826,1314.038,1.0
"L_uu_weight[8, 6]",0.058,0.018,0.033,0.092,0.001,0.001,1306.822,1338.55,1.001
"L_uu_weight[8, 7]",0.035,0.009,0.02,0.052,0.0,0.0,1370.383,1283.118,1.001
"L_uu_weight[8, 8]",0.022,0.004,0.014,0.03,0.0,0.0,1596.646,1438.246,1.0
"L_uu_weight[8, 9]",0.0,0.0,0.0,0.0,0.0,,2000.0,2000.0,
"L_uu_weight[8, 10]",0.0,0.0,0.0,0.0,0.0,,2000.0,2000.0,
"L_uu_weight[8, 11]",0.0,0.0,0.0,0.0,0.0,,2000.0,2000.0,
"L_uu_weight[8, 12]",0.0,0.0,0.0,0.0,0.0,,2000.0,2000.0,
"L_uu_weight[8, 13]",0.0,0.0,0.0,0.0,0.0,,2000.0,2000.0,
"L_uu_weight[8, 14]",0.0,0.0,0.0,0.0,0.0,,2000.0,2000.0,
"L_uu_weight[8, 15]",0.0,0.0,0.0,0.0,0.0,,2000.0,2000.0,
"L_uu_weight[8, 16]",0.0,0.0,0.0,0.0,0.0,,2000.0,2000.0,
"L_uu_weight[8, 17]",0.0,0.0,0.0,0.0,0.0,,2000.0,2000.0,
"L_uu_weight[8, 18]",0.0,0.0,0.0,0.0,0.0,,2000.0,2000.0,
"L_uu_weight[8, 19]",0.0,0.0,0.0,0.0,0.0,,2000.0,2000.0,
"L_uu_weight[8, 20]",0.0,0.0,0.0,0.0,0.0,,2000.0,2000.0,
"L_uu_weight[8, 21]",0.0,0.0,0.0,0.0,0.0,,2000.0,2000.0,
"L_uu_weight[8, 22]",0.0,0.0,0.0,0.0,0.0,,2000.0,2000.0,
"L_uu_weight[8, 23]",0.0,0.0,0.0,0.0,0.0,,2000.0,2000.0,
"L_uu_weight[8, 24]",0.0,0.0,0.0,0.0,0.0,,2000.0,2000.0,
"L_uu_weight[8, 25]",0.0,0.0,0.0,0.0,0.0,,2000.0,2000.0,
"L_uu_weight[8, 26]",0.0,0.0,0.0,0.0,0.0,,2000.0,2000.0,
"L_uu_weight[8, 27]",0.0,0.0,0.0,0.0,0.0,,2000.0,2000.0,
"L_uu_weight[8, 28]",0.0,0.0,0.0,0.0,0.0,,2000.0,2000.0,
"L_uu_weight[8, 29]",0.0,0.0,0.0,0.0,0.0,,2000.0,2000.0,
"L_uu_weight[8, 30]",0.0,0.0,0.0,0.0,0.0,,2000.0,2000.0,
"L_uu_weight[8, 31]",0.0,0.0,0.0,0.0,0.0,,2000.0,2000.0,
"L_uu_weight[8, 32]",0.0,0.0,0.0,0.0,0.0,,2000.0,2000.0,
"L_uu_weight[8, 33]",0.0,0.0,0.0,0.0,0.0,,2000.0,2000.0,
"L_uu_weight[8, 34]",0.0,0.0,0.0,0.0,0.0,,2000.0,2000.0,
"L_uu_weight[8, 35]",0.0,0.0,0.0,0.0,0.0,,2000.0,2000.0,
"L_uu_weight[8, 36]",0.0,0.0,0.0,0.0,0.0,,2000.0,2000.0,
"L_uu_weight[8, 37]",0.0,0.0,0.0,0.0,0.0,,2000.0,2000.0,
"L_uu_weight[8, 38]",0.0,0.0,0.0,0.0,0.0,,2000.0,2000.0,
"L_uu_weight[8, 39]",0.0,0.0,0.0,0.0,0.0,,2000.0,2000.0,
"L_uu_weight[8, 40]",0.0,0.0,0.0,0.0,0.0,,2000.0,2000.0,
"L_uu_weight[8, 41]",0.0,0.0,0.0,0.0,0.0,,2000.0,2000.0,
"L_uu_weight[8, 42]",0.0,0.0,0.0,0.0,0.0,,2000.0,2000.0,
"L_uu_weight[8, 43]",0.0,0.0,0.0,0.0,0.0,,2000.0,2000.0,
"L_uu_weight[8, 44]",0.0,0.0,0.0,0.0,0.0,,2000.0,2000.0,
"L_uu_weight[8, 45]",0.0,0.0,0.0,0.0,0.0,,2000.0,2000.0,
"L_uu_weight[8, 46]",0.0,0.0,0.0,0.0,0.0,,2000.0,2000.0,
"L_uu_weight[8, 47]",0.0,0.0,0.0,0.0,0.0,,2000.0,2000.0,
"L_uu_weight[8, 48]",0.0,0.0,0.0,0.0,0.0,,2000.0,2000.0,
"L_uu_weight[8, 49]",0.0,0.0,0.0,0.0,0.0,,2000.0,2000.0,
"L_uu_weight[9, 0]",0.609,0.192,0.274,0.982,0.006,0.004,1150.031,1450.508,1.001
"L_uu_weight[9, 1]",0.602,0.127,0.382,0.83,0.003,0.003,1592.705,1387.856,1.0
"L_uu_weight[9, 2]",0.281,0.082,0.156,0.445,0.002,0.002,1308.525,1355.899,1.001
"L_uu_weight[9, 3]",0.256,0.058,0.156,0.366,0.002,0.001,1475.892,1521.606,1.001
"L_uu_weight[9, 4]",0.175,0.042,0.103,0.249,0.001,0.001,1438.563,1369.99,1.0
"L_uu_weight[9, 5]",0.121,0.037,0.066,0.191,0.001,0.001,1312.476,1315.858,1.001
"L_uu_weight[9, 6]",0.086,0.027,0.044,0.136,0.001,0.001,1286.666,1315.41,1.001
"L_uu_weight[9, 7]",0.057,0.016,0.03,0.086,0.0,0.001,1324.883,1299.347,1.001
"L_uu_weight[9, 8]",0.034,0.009,0.02,0.05,0.0,0.0,1399.759,1392.409,1.001
"L_uu_weight[9, 9]",0.022,0.004,0.013,0.029,0.0,0.0,1584.335,1438.384,0.999
"L_uu_weight[9, 10]",0.0,0.0,0.0,0.0,0.0,,2000.0,2000.0,
"L_uu_weight[9, 11]",0.0,0.0,0.0,0.0,0.0,,2000.0,2000.0,
"L_uu_weight[9, 12]",0.0,0.0,0.0,0.0,0.0,,2000.0,2000.0,
"L_uu_weight[9, 13]",0.0,0.0,0.0,0.0,0.0,,2000.0,2000.0,
"L_uu_weight[9, 14]",0.0,0.0,0.0,0.0,0.0,,2000.0,2000.0,
"L_uu_weight[9, 15]",0.0,0.0,0.0,0.0,0.0,,2000.0,2000.0,
"L_uu_weight[9, 16]",0.0,0.0,0.0,0.0,0.0,,2000.0,2000.0,
"L_uu_weight[9, 17]",0.0,0.0,0.0,0.0,0.0,,2000.0,2000.0,
"L_uu_weight[9, 18]",0.0,0.0,0.0,0.0,0.0,,2000.0,2000.0,
"L_uu_weight[9, 19]",0.0,0.0,0.0,0.0,0.0,,2000.0,2000.0,
"L_uu_weight[9, 20]",0.0,0.0,0.0,0.0,0.0,,2000.0,2000.0,
"L_uu_weight[9, 21]",0.0,0.0,0.0,0.0,0.0,,2000.0,2000.0,
"L_uu_weight[9, 22]",0.0,0.0,0.0,0.0,0.0,,2000.0,2000.0,
"L_uu_weight[9, 23]",0.0,0.0,0.0,0.0,0.0,,2000.0,2000.0,
"L_uu_weight[9, 24]",0.0,0.0,0.0,0.0,0.0,,2000.0,2000.0,
"L_uu_weight[9, 25]",0.0,0.0,0.0,0.0,0.0,,2000.0,2000.0,
"L_uu_weight[9, 26]",0.0,0.0,0.0,0.0,0.0,,2000.0,2000.0,
"L_uu_weight[9, 27]",0.0,0.0,0.0,0.0,0.0,,2000.0,2000.0,
"L_uu_weight[9, 28]",0.0,0.0,0.0,0.0,0.0,,2000.0,2000.0,
"L_uu_weight[9, 29]",0.0,0.0,0.0,0.0,0.0,,2000.0,2000.0,
"L_uu_weight[9, 30]",0.0,0.0,0.0,0.0,0.0,,2000.0,2000.0,
"L_uu_weight[9, 31]",0.0,0.0,0.0,0.0,0.0,,2000.0,2000.0,
"L_uu_weight[9, 32]",0.0,0.0,0.0,0.0,0.0,,2000.0,2000.0,
"L_uu_weight[9, 33]",0.0,0.0,0.0,0.0,0.0,,2000.0,2000.0,
"L_uu_weight[9, 34]",0.0,0.0,0.0,0.0,0.0,,2000.0,2000.0,
"L_uu_weight[9, 35]",0.0,0.0,0.0,0.0,0.0,,2000.0,2000.0,
"L_uu_weight[9, 36]",0.0,0.0,0.0,0.0,0.0,,2000.0,2000.0,
"L_uu_weight[9, 37]",0.0,0.0,0.0,0.0,0.0,,2000.0,2000.0,
"L_uu_weight[9, 38]",0.0,0.0,0.0,0.0,0.0,,2000.0,2000.0,
"L_uu_weight[9, 39]",0.0,0.0,0.0,0.0,0.0,,2000.0,2000.0,
"L_uu_weight[9, 40]",0.0,0.0,0.0,0.0,0.0,,2000.0,2000.0,
"L_uu_weight[9, 41]",0.0,0.0,0.0,0.0,0.0,,2000.0,2000.0,
"L_uu_weight[9, 42]",0.0,0.0,0.0,0.0,0.0,,2000.0,2000.0,
"L_uu_weight[9, 43]",0.0,0.0,0.0,0.0,0.0,,2000.0,2000.0,
"L_uu_weight[9, 44]",0.0,0.0,0.0,0.0,0.0,,2000.0,2000.0,
"L_uu_weight[9, 45]",0.0,0.0,0.0,0.0,0.0,,2000.0,2000.0,
"L_uu_weight[9, 46]",0.0,0.0,0.0,0.0,0.0,,2000.0,2000.0,
"L_uu_weight[9, 47]",0.0,0.0,0.0,0.0,0.0,,2000.0,2000.0,
"L_uu_weight[9, 48]",0.0,0.0,0.0,0.0,0.0,,2000.0,2000.0,
"L_uu_weight[9, 49]",0.0,0.0,0.0,0.0,0.0,,2000.0,2000.0,
"L_uu_weight[10, 0]",0.547,0.188,0.218,0.914,0.006,0.004,1109.429,1301.002,1.001
"L_uu_weight[10, 1]",0.6,0.136,0.362,0.846,0.004,0.003,1467.669,1409.754,1.0
"L_uu_weight[10, 2]",0.306,0.082,0.174,0.462,0.002,0.002,1354.323,1255.042,1.001
"L_uu_weight[10, 3]",0.292,0.063,0.184,0.412,0.002,0.002,1551.511,1456.405,1.001
"L_uu_weight[10, 4]",0.209,0.048,0.133,0.304,0.001,0.001,1462.375,1429.95,1.0
"L_uu_weight[10, 5]",0.153,0.046,0.083,0.242,0.001,0.002,1313.719,1434.283,1.001
"L_uu_weight[10, 6]",0.117,0.037,0.061,0.188,0.001,0.001,1283.033,1347.607,1.001
"L_uu_weight[10, 7]",0.084,0.025,0.043,0.129,0.001,0.001,1310.868,1328.528,1.001
"L_uu_weight[10, 8]",0.055,0.015,0.029,0.082,0.0,0.001,1340.571,1297.759,1.001
"L_uu_weight[10, 9]",0.033,0.008,0.019,0.048,0.0,0.0,1389.563,1386.018,1.001
"L_uu_weight[10, 10]",0.021,0.004,0.013,0.029,0.0,0.0,1575.461,1460.293,0.999
"L_uu_weight[10, 11]",0.0,0.0,0.0,0.0,0.0,,2000.0,2000.0,
"L_uu_weight[10, 12]",0.0,0.0,0.0,0.0,0.0,,2000.0,2000.0,
"L_uu_weight[10, 13]",0.0,0.0,0.0,0.0,0.0,,2000.0,2000.0,
"L_uu_weight[10, 14]",0.0,0.0,0.0,0.0,0.0,,2000.0,2000.0,
"L_uu_weight[10, 15]",0.0,0.0,0.0,0.0,0.0,,2000.0,2000.0,
"L_uu_weight[10, 16]",0.0,0.0,0.0,0.0,0.0,,2000.0,2000.0,
"L_uu_weight[10, 17]",0.0,0.0,0.0,0.0,0.0,,2000.0,2000.0,
"L_uu_weight[10, 18]",0.0,0.0,0.0,0.0,0.0,,2000.0,2000.0,
"L_uu_weight[10, 19]",0.0,0.0,0.0,0.0,0.0,,2000.0,2000.0,
"L_uu_weight[10, 20]",0.0,0.0,0.0,0.0,0.0,,2000.0,2000.0,
"L_uu_weight[10, 21]",0.0,0.0,0.0,0.0,0.0,,2000.0,2000.0,
"L_uu_weight[10, 22]",0.0,0.0,0.0,0.0,0.0,,2000.0,2000.0,
"L_uu_weight[10, 23]",0.0,0.0,0.0,0.0,0.0,,2000.0,2000.0,
"L_uu_weight[10, 24]",0.0,0.0,0.0,0.0,0.0,,2000.0,2000.0,
"L_uu_weight[10, 25]",0.0,0.0,0.0,0.0,0.0,,2000.0,2000.0,
"L_uu_weight[10, 26]",0.0,0.0,0.0,0.0,0.0,,2000.0,2000.0,
"L_uu_weight[10, 27]",0.0,0.0,0.0,0.0,0.0,,2000.0,2000.0,
"L_uu_weight[10, 28]",0.0,0.0,0.0,0.0,0.0,,2000.0,2000.0,
"L_uu_weight[10, 29]",0.0,0.0,0.0,0.0,0.0,,2000.0,2000.0,
"L_uu_weight[10, 30]",0.0,0.0,0.0,0.0,0.0,,2000.0,2000.0,
"L_uu_weight[10, 31]",0.0,0.0,0.0,0.0,0.0,,2000.0,2000.0,
"L_uu_weight[10, 32]",0.0,0.0,0.0,0.0,0.0,,2000.0,2000.0,
"L_uu_weight[10, 33]",0.0,0.0,0.0,0.0,0.0,,2000.0,2000.0,
"L_uu_weight[10, 34]",0.0,0.0,0.0,0.0,0.0,,2000.0,2000.0,
"L_uu_weight[10, 35]",0.0,0.0,0.0,0.0,0.0,,2000.0,2000.0,
"L_uu_weight[10, 36]",0.0,0.0,0.0,0.0,0.0,,2000.0,2000.0,
"L_uu_weight[10, 37]",0.0,0.0,0.0,0.0,0.0,,2000.0,2000.0,
"L_uu_weight[10, 38]",0.0,0.0,0.0,0.0,0.0,,2000.0,2000.0,
"L_uu_weight[10, 39]",0.0,0.0,0.0,0.0,0.0,,2000.0,2000.0,
"L_uu_weight[10, 40]",0.0,0.0,0.0,0.0,0.0,,2000.0,2000.0,
"L_uu_weight[10, 41]",0.0,0.0,0.0,0.0,0.0,,2000.0,2000.0,
"L_uu_weight[10, 42]",0.0,0.0,0.0,0.0,0.0,,2000.0,2000.0,
"L_uu_weight[10, 43]",0.0,0.0,0.0,0.0,0.0,,2000.0,2000.0,
"L_uu_weight[10, 44]",0.0,0.0,0.0,0.0,0.0,,2000.0,2000.0,
"L_uu_weight[10, 45]",0.0,0.0,0.0,0.0,0.0,,2000.0,2000.0,
"L_uu_weight[10, 46]",0.0,0.0,0.0,0.0,0.0,,2000.0,2000.0,
"L_uu_weight[10, 47]",0.0,0.0,0.0,0.0,0.0,,2000.0,2000.0,
"L_uu_weight[10, 48]",0.0,0.0,0.0,0.0,0.0,,2000.0,2000.0,
"L_uu_weight[10, 49]",0.0,0.0,0.0,0.0,0.0,,2000.0,2000.0,
"L_uu_weight[11, 0]",0.487,0.182,0.167,0.843,0.006,0.004,1069.752,1399.654,1.001
"L_uu_weight[11, 1]",0.587,0.145,0.319,0.848,0.004,0.003,1325.103,1452.798,0.999
"L_uu_weight[11, 2]",0.324,0.08,0.195,0.479,0.002,0.002,1447.486,1352.781,1.001
"L_uu_weight[11, 3]",0.321,0.067,0.205,0.445,0.002,0.002,1626.999,1380.836,1.0
"L_uu_weight[11, 4]",0.239,0.052,0.146,0.336,0.001,0.001,1503.688,1439.374,0.999
"L_uu_weight[11, 5]",0.185,0.053,0.103,0.288,0.002,0.002,1328.555,1386.481,1.001
"L_uu_weight[11, 6]",0.149,0.047,0.077,0.238,0.001,0.001,1290.425,1315.73,1.001
"L_uu_weight[11, 7]",0.115,0.035,0.058,0.177,0.001,0.001,1305.829,1295.492,1.001
"L_uu_weight[11, 8]",0.081,0.024,0.042,0.123,0.001,0.001,1318.126,1313.364,1.001
"L_uu_weight[11, 9]",0.053,0.015,0.029,0.08,0.0,0.001,1333.06,1333.172,1.001
"L_uu_weight[11, 10]",0.032,0.008,0.018,0.047,0.0,0.0,1364.549,1317.001,1.0
"L_uu_weight[11, 11]",0.021,0.004,0.013,0.028,0.0,0.0,1575.414,1446.51,1.0
"L_uu_weight[11, 12]",0.0,0.0,0.0,0.0,0.0,,2000.0,2000.0,
"L_uu_weight[11, 13]",0.0,0.0,0.0,0.0,0.0,,2000.0,2000.0,
"L_uu_weight[11, 14]",0.0,0.0,0.0,0.0,0.0,,2000.0,2000.0,
"L_uu_weight[11, 15]",0.0,0.0,0.0,0.0,0.0,,2000.0,2000.0,
"L_uu_weight[11, 16]",0.0,0.0,0.0,0.0,0.0,,2000.0,2000.0,
"L_uu_weight[11, 17]",0.0,0.0,0.0,0.0,0.0,,2000.0,2000.0,
"L_uu_weight[11, 18]",0.0,0.0,0.0,0.0,0.0,,2000.0,2000.0,
"L_uu_weight[11, 19]",0.0,0.0,0.0,0.0,0.0,,2000.0,2000.0,
"L_uu_weight[11, 20]",0.0,0.0,0.0,0.0,0.0,,2000.0,2000.0,
"L_uu_weight[11, 21]",0.0,0.0,0.0,0.0,0.0,,2000.0,2000.0,
"L_uu_weight[11, 22]",0.0,0.0,0.0,0.0,0.0,,2000.0,2000.0,
"L_uu_weight[11, 23]",0.0,0.0,0.0,0.0,0.0,,2000.0,2000.0,
"L_uu_weight[11, 24]",0.0,0.0,0.0,0.0,0.0,,2000.0,2000.0,
"L_uu_weight[11, 25]",0.0,0.0,0.0,0.0,0.0,,2000.0,2000.0,
"L_uu_weight[11, 26]",0.0,0.0,0.0,0.0,0.0,,2000.0,2000.0,
"L_uu_weight[11, 27]",0.0,0.0,0.0,0.0,0.0,,2000.0,2000.0,
"L_uu_weight[11, 28]",0.0,0.0,0.0,0.0,0.0,,2000.0,2000.0,
"L_uu_weight[11, 29]",0.0,0.0,0.0,0.0,0.0,,2000.0,2000.0,
"L_uu_weight[11, 30]",0.0,0.0,0.0,0.0,0.0,,2000.0,2000.0,
"L_uu_weight[11, 31]",0.0,0.0,0.0,0.0,0.0,,2000.0,2000.0,
"L_uu_weight[11, 32]",0.0,0.0,0.0,0.0,0.0,,2000.0,2000.0,
"L_uu_weight[11, 33]",0.0,0.0,0.0,0.0,0.0,,2000.0,2000.0,
"L_uu_weight[11, 34]",0.0,0.0,0.0,0.0,0.0,,2000.0,2000.0,
"L_uu_weight[11, 35]",0.0,0.0,0.0,0.0,0.0,,2000.0,2000.0,
"L_uu_weight[11, 36]",0.0,0.0,0.0,0.0,0.0,,2000.0,2000.0,
"L_uu_weight[11, 37]",0.0,0.0,0.0,0.0,0.0,,2000.0,2000.0,
"L_uu_weight[11, 38]",0.0,0.0,0.0,0.0,0.0,,2000.0,2000.0,
"L_uu_weight[11, 39]",0.0,0.0,0.0,0.0,0.0,,2000.0,2000.0,
"L_uu_weight[11, 40]",0.0,0.0,0.0,0.0,0.0,,2000.0,2000.0,
"L_uu_weight[11, 41]",0.0,0.0,0.0,0.0,0.0,,2000.0,2000.0,
"L_uu_weight[11, 42]",0.0,0.0,0.0,0.0,0.0,,2000.0,2000.0,
"L_uu_weight[11, 43]",0.0,0.0,0.0,0.0,0.0,,2000.0,2000.0,
"L_uu_weight[11, 44]",0.0,0.0,0.0,0.0,0.0,,2000.0,2000.0,
"L_uu_weight[11, 45]",0.0,0.0,0.0,0.0,0.0,,2000.0,2000.0,
"L_uu_weight[11, 46]",0.0,0.0,0.0,0.0,0.0,,2000.0,2000.0,
"L_uu_weight[11, 47]",0.0,0.0,0.0,0.0,0.0,,2000.0,2000.0,
"L_uu_weight[11, 48]",0.0,0.0,0.0,0.0,0.0,,2000.0,2000.0,
"L_uu_weight[11, 49]",0.0,0.0,0.0,0.0,0.0,,2000.0,2000.0,
"L_uu_weight[12, 0]",0.429,0.174,0.103,0.753,0.005,0.004,1045.051,1270.623,1.001
"L_uu_weight[12, 1]",0.563,0.154,0.28,0.856,0.004,0.003,1220.785,1483.356,1.0
"L_uu_weight[12, 2]",0.334,0.076,0.207,0.485,0.002,0.002,1577.811,1477.986,1.002
"L_uu_weight[12, 3]",0.344,0.07,0.216,0.467,0.002,0.002,1662.783,1386.325,1.0
"L_uu_weight[12, 4]",0.265,0.055,0.172,0.37,0.001,0.001,1570.92,1417.131,0.999
"L_uu_weight[12, 5]",0.214,0.058,0.125,0.327,0.002,0.002,1350.802,1347.554,1.001
"L_uu_weight[12, 6]",0.181,0.055,0.097,0.288,0.002,0.002,1304.577,1373.269,1.001
"L_uu_weight[12, 7]",0.147,0.043,0.08,0.23,0.001,0.001,1309.721,1318.935,1.001
"L_uu_weight[12, 8]",0.111,0.033,0.057,0.169,0.001,0.001,1315.366,1313.364,1.001
"L_uu_weight[12, 9]",0.078,0.024,0.042,0.122,0.001,0.001,1306.165,1333.737,1.001
"L_uu_weight[12, 10]",0.051,0.015,0.028,0.079,0.0,0.001,1313.345,1352.855,1.001
"L_uu_weight[12, 11]",0.031,0.008,0.018,0.046,0.0,0.0,1356.862,1317.054,1.001
"L_uu_weight[12, 12]",0.021,0.004,0.013,0.028,0.0,0.0,1575.82,1457.446,1.0
"L_uu_weight[12, 13]",0.0,0.0,0.0,0.0,0.0,,2000.0,2000.0,
"L_uu_weight[12, 14]",0.0,0.0,0.0,0.0,0.0,,2000.0,2000.0,
"L_uu_weight[12, 15]",0.0,0.0,0.0,0.0,0.0,,2000.0,2000.0,
"L_uu_weight[12, 16]",0.0,0.0,0.0,0.0,0.0,,2000.0,2000.0,
"L_uu_weight[12, 17]",0.0,0.0,0.0,0.0,0.0,,2000.0,2000.0,
"L_uu_weight[12, 18]",0.0,0.0,0.0,0.0,0.0,,2000.0,2000.0,
"L_uu_weight[12, 19]",0.0,0.0,0.0,0.0,0.0,,2000.0,2000.0,
"L_uu_weight[12, 20]",0.0,0.0,0.0,0.0,0.0,,2000.0,2000.0,
"L_uu_weight[12, 21]",0.0,0.0,0.0,0.0,0.0,,2000.0,2000.0,
"L_uu_weight[12, 22]",0.0,0.0,0.0,0.0,0.0,,2000.0,2000.0,
"L_uu_weight[12, 23]",0.0,0.0,0.0,0.0,0.0,,2000.0,2000.0,
"L_uu_weight[12, 24]",0.0,0.0,0.0,0.0,0.0,,2000.0,2000.0,
"L_uu_weight[12, 25]",0.0,0.0,0.0,0.0,0.0,,2000.0,2000.0,
"L_uu_weight[12, 26]",0.0,0.0,0.0,0.0,0.0,,2000.0,2000.0,
"L_uu_weight[12, 27]",0.0,0.0,0.0,0.0,0.0,,2000.0,2000.0,
"L_uu_weight[12, 28]",0.0,0.0,0.0,0.0,0.0,,2000.0,2000.0,
"L_uu_weight[12, 29]",0.0,0.0,0.0,0.0,0.0,,2000.0,2000.0,
"L_uu_weight[12, 30]",0.0,0.0,0.0,0.0,0.0,,2000.0,2000.0,
"L_uu_weight[12, 31]",0.0,0.0,0.0,0.0,0.0,,2000.0,2000.0,
"L_uu_weight[12, 32]",0.0,0.0,0.0,0.0,0.0,,2000.0,2000.0,
"L_uu_weight[12, 33]",0.0,0.0,0.0,0.0,0.0,,2000.0,2000.0,
"L_uu_weight[12, 34]",0.0,0.0,0.0,0.0,0.0,,2000.0,2000.0,
"L_uu_weight[12, 35]",0.0,0.0,0.0,0.0,0.0,,2000.0,2000.0,
"L_uu_weight[12, 36]",0.0,0.0,0.0,0.0,0.0,,2000.0,2000.0,
"L_uu_weight[12, 37]",0.0,0.0,0.0,0.0,0.0,,2000.0,2000.0,
"L_uu_weight[12, 38]",0.0,0.0,0.0,0.0,0.0,,2000.0,2000.0,
"L_uu_weight[12, 39]",0.0,0.0,0.0,0.0,0.0,,2000.0,2000.0,
"L_uu_weight[12, 40]",0.0,0.0,0.0,0.0,0.0,,2000.0,2000.0,
"L_uu_weight[12, 41]",0.0,0.0,0.0,0.0,0.0,,2000.0,2000.0,
"L_uu_weight[12, 42]",0.0,0.0,0.0,0.0,0.0,,2000.0,2000.0,
"L_uu_weight[12, 43]",0.0,0.0,0.0,0.0,0.0,,2000.0,2000.0,
"L_uu_weight[12, 44]",0.0,0.0,0.0,0.0,0.0,,2000.0,2000.0,
"L_uu_weight[12, 45]",0.0,0.0,0.0,0.0,0.0,,2000.0,2000.0,
"L_uu_weight[12, 46]",0.0,0.0,0.0,0.0,0.0,,2000.0,2000.0,
"L_uu_weight[12, 47]",0.0,0.0,0.0,0.0,0.0,,2000.0,2000.0,
"L_uu_weight[12, 48]",0.0,0.0,0.0,0.0,0.0,,2000.0,2000.0,
"L_uu_weight[12, 49]",0.0,0.0,0.0,0.0,0.0,,2000.0,2000.0,
"L_uu_weight[13, 0]",0.375,0.166,0.066,0.679,0.005,0.004,1023.67,1246.689,1.002
"L_uu_weight[13, 1]",0.532,0.162,0.216,0.825,0.005,0.003,1149.533,1368.809,1.0
"L_uu_weight[13, 2]",0.337,0.072,0.215,0.478,0.002,0.002,1702.146,1517.949,1.001
"L_uu_weight[13, 3]",0.358,0.074,0.232,0.5,0.002,0.002,1598.453,1493.755,1.0
"L_uu_weight[13, 4]",0.285,0.057,0.185,0.391,0.001,0.001,1644.712,1416.973,0.999
"L_uu_weight[13, 5]",0.239,0.06,0.142,0.353,0.002,0.002,1398.131,1406.29,1.0
"L_uu_weight[13, 6]",0.212,0.06,0.116,0.325,0.002,0.002,1328.355,1229.939,1.001
"L_uu_weight[13, 7]",0.18,0.051,0.098,0.276,0.001,0.001,1325.884,1299.559,1.001
"L_uu_weight[13, 8]",0.143,0.041,0.077,0.218,0.001,0.001,1322.052,1352.7,1.001
"L_uu_weight[13, 9]",0.106,0.033,0.057,0.168,0.001,0.001,1297.083,1333.737,1.001
"L_uu_weight[13, 10]",0.075,0.024,0.041,0.121,0.001,0.001,1287.56,1332.006,1.001
"L_uu_weight[13, 11]",0.05,0.015,0.027,0.078,0.0,0.001,1299.995,1257.899,1.001
"L_uu_weight[13, 12]",0.03,0.008,0.017,0.046,0.0,0.0,1355.107,1329.616,1.0
"L_uu_weight[13, 13]",0.021,0.004,0.013,0.028,0.0,0.0,1578.246,1459.908,1.0
"L_uu_weight[13, 14]",0.0,0.0,0.0,0.0,0.0,,2000.0,2000.0,
"L_uu_weight[13, 15]",0.0,0.0,0.0,0.0,0.0,,2000.0,2000.0,
"L_uu_weight[13, 16]",0.0,0.0,0.0,0.0,0.0,,2000.0,2000.0,
"L_uu_weight[13, 17]",0.0,0.0,0.0,0.0,0.0,,2000.0,2000.0,
"L_uu_weight[13, 18]",0.0,0.0,0.0,0.0,0.0,,2000.0,2000.0,
"L_uu_weight[13, 19]",0.0,0.0,0.0,0.0,0.0,,2000.0,2000.0,
"L_uu_weight[13, 20]",0.0,0.0,0.0,0.0,0.0,,2000.0,2000.0,
"L_uu_weight[13, 21]",0.0,0.0,0.0,0.0,0.0,,2000.0,2000.0,
"L_uu_weight[13, 22]",0.0,0.0,0.0,0.0,0.0,,2000.0,2000.0,
"L_uu_weight[13, 23]",0.0,0.0,0.0,0.0,0.0,,2000.0,2000.0,
"L_uu_weight[13, 24]",0.0,0.0,0.0,0.0,0.0,,2000.0,2000.0,
"L_uu_weight[13, 25]",0.0,0.0,0.0,0.0,0.0,,2000.0,2000.0,
"L_uu_weight[13, 26]",0.0,0.0,0.0,0.0,0.0,,2000.0,2000.0,
"L_uu_weight[13, 27]",0.0,0.0,0.0,0.0,0.0,,2000.0,2000.0,
"L_uu_weight[13, 28]",0.0,0.0,0.0,0.0,0.0,,2000.0,2000.0,
"L_uu_weight[13, 29]",0.0,0.0,0.0,0.0,0.0,,2000.0,2000.0,
"L_uu_weight[13, 30]",0.0,0.0,0.0,0.0,0.0,,2000.0,2000.0,
"L_uu_weight[13, 31]",0.0,0.0,0.0,0.0,0.0,,2000.0,2000.0,
"L_uu_weight[13, 32]",0.0,0.0,0.0,0.0,0.0,,2000.0,2000.0,
"L_uu_weight[13, 33]",0.0,0.0,0.0,0.0,0.0,,2000.0,2000.0,
"L_uu_weight[13, 34]",0.0,0.0,0.0,0.0,0.0,,2000.0,2000.0,
"L_uu_weight[13, 35]",0.0,0.0,0.0,0.0,0.0,,2000.0,2000.0,
"L_uu_weight[13, 36]",0.0,0.0,0.0,0.0,0.0,,2000.0,2000.0,
"L_uu_weight[13, 37]",0.0,0.0,0.0,0.0,0.0,,2000.0,2000.0,
"L_uu_weight[13, 38]",0.0,0.0,0.0,0.0,0.0,,2000.0,2000.0,
"L_uu_weight[13, 39]",0.0,0.0,0.0,0.0,0.0,,2000.0,2000.0,
"L_uu_weight[13, 40]",0.0,0.0,0.0,0.0,0.0,,2000.0,2000.0,
"L_uu_weight[13, 41]",0.0,0.0,0.0,0.0,0.0,,2000.0,2000.0,
"L_uu_weight[13, 42]",0.0,0.0,0.0,0.0,0.0,,2000.0,2000.0,
"L_uu_weight[13, 43]",0.0,0.0,0.0,0.0,0.0,,2000.0,2000.0,
"L_uu_weight[13, 44]",0.0,0.0,0.0,0.0,0.0,,2000.0,2000.0,
"L_uu_weight[13, 45]",0.0,0.0,0.0,0.0,0.0,,2000.0,2000.0,
"L_uu_weight[13, 46]",0.0,0.0,0.0,0.0,0.0,,2000.0,2000.0,
"L_uu_weight[13, 47]",0.0,0.0,0.0,0.0,0.0,,2000.0,2000.0,
"L_uu_weight[13, 48]",0.0,0.0,0.0,0.0,0.0,,2000.0,2000.0,
"L_uu_weight[13, 49]",0.0,0.0,0.0,0.0,0.0,,2000.0,2000.0,
"L_uu_weight[14, 0]",0.325,0.156,0.028,0.596,0.005,0.003,1008.307,1228.555,1.002
"L_uu_weight[14, 1]",0.495,0.167,0.16,0.792,0.005,0.003,1097.673,1286.899,1.001
"L_uu_weight[14, 2]",0.332,0.07,0.204,0.46,0.002,0.002,1673.014,1373.765,1.0
"L_uu_weight[14, 3]",0.364,0.079,0.224,0.511,0.002,0.002,1462.996,1543.039,1.0
"L_uu_weight[14, 4]",0.298,0.06,0.194,0.41,0.001,0.001,1673.635,1427.577,0.999
"L_uu_weight[14, 5]",0.258,0.06,0.156,0.369,0.002,0.002,1493.958,1370.333,1.0
"L_uu_weight[14, 6]",0.238,0.062,0.135,0.356,0.002,0.002,1383.255,1385.12,1.001
"L_uu_weight[14, 7]",0.211,0.055,0.118,0.316,0.002,0.001,1363.273,1432.783,1.001
"L_uu_weight[14, 8]",0.174,0.048,0.092,0.259,0.001,0.002,1336.468,1391.448,1.001
"L_uu_weight[14, 9]",0.137,0.041,0.073,0.214,0.001,0.002,1298.969,1371.659,1.001
"L_uu_weight[14, 10]",0.103,0.033,0.055,0.166,0.001,0.001,1279.02,1284.396,1.001
"L_uu_weight[14, 11]",0.074,0.024,0.038,0.118,0.001,0.001,1280.677,1315.773,1.001
"L_uu_weight[14, 12]",0.05,0.015,0.027,0.078,0.0,0.001,1303.167,1280.189,1.001
"L_uu_weight[14, 13]",0.03,0.008,0.016,0.045,0.0,0.0,1360.102,1351.838,1.001
"L_uu_weight[14, 14]",0.021,0.004,0.013,0.028,0.0,0.0,1579.225,1460.722,0.999
"L_uu_weight[14, 15]",0.0,0.0,0.0,0.0,0.0,,2000.0,2000.0,
"L_uu_weight[14, 16]",0.0,0.0,0.0,0.0,0.0,,2000.0,2000.0,
"L_uu_weight[14, 17]",0.0,0.0,0.0,0.0,0.0,,2000.0,2000.0,
"L_uu_weight[14, 18]",0.0,0.0,0.0,0.0,0.0,,2000.0,2000.0,
"L_uu_weight[14, 19]",0.0,0.0,0.0,0.0,0.0,,2000.0,2000.0,
"L_uu_weight[14, 20]",0.0,0.0,0.0,0.0,0.0,,2000.0,2000.0,
"L_uu_weight[14, 21]",0.0,0.0,0.0,0.0,0.0,,2000.0,2000.0,
"L_uu_weight[14, 22]",0.0,0.0,0.0,0.0,0.0,,2000.0,2000.0,
"L_uu_weight[14, 23]",0.0,0.0,0.0,0.0,0.0,,2000.0,2000.0,
"L_uu_weight[14, 24]",0.0,0.0,0.0,0.0,0.0,,2000.0,2000.0,
"L_uu_weight[14, 25]",0.0,0.0,0.0,0.0,0.0,,2000.0,2000.0,
"L_uu_weight[14, 26]",0.0,0.0,0.0,0.0,0.0,,2000.0,2000.0,
"L_uu_weight[14, 27]",0.0,0.0,0.0,0.0,0.0,,2000.0,2000.0,
"L_uu_weight[14, 28]",0.0,0.0,0.0,0.0,0.0,,2000.0,2000.0,
"L_uu_weight[14, 29]",0.0,0.0,0.0,0.0,0.0,,2000.0,2000.0,
"L_uu_weight[14, 30]",0.0,0.0,0.0,0.0,0.0,,2000.0,2000.0,
"L_uu_weight[14, 31]",0.0,0.0,0.0,0.0,0.0,,2000.0,2000.0,
"L_uu_weight[14, 32]",0.0,0.0,0.0,0.0,0.0,,2000.0,2000.0,
"L_uu_weight[14, 33]",0.0,0.0,0.0,0.0,0.0,,2000.0,2000.0,
"L_uu_weight[14, 34]",0.0,0.0,0.0,0.0,0.0,,2000.0,2000.0,
"L_uu_weight[14, 35]",0.0,0.0,0.0,0.0,0.0,,2000.0,2000.0,
"L_uu_weight[14, 36]",0.0,0.0,0.0,0.0,0.0,,2000.0,2000.0,
"L_uu_weight[14, 37]",0.0,0.0,0.0,0.0,0.0,,2000.0,2000.0,
"L_uu_weight[14, 38]",0.0,0.0,0.0,0.0,0.0,,2000.0,2000.0,
"L_uu_weight[14, 39]",0.0,0.0,0.0,0.0,0.0,,2000.0,2000.0,
"L_uu_weight[14, 40]",0.0,0.0,0.0,0.0,0.0,,2000.0,2000.0,
"L_uu_weight[14, 41]",0.0,0.0,0.0,0.0,0.0,,2000.0,2000.0,
"L_uu_weight[14, 42]",0.0,0.0,0.0,0.0,0.0,,2000.0,2000.0,
"L_uu_weight[14, 43]",0.0,0.0,0.0,0.0,0.0,,2000.0,2000.0,
"L_uu_weight[14, 44]",0.0,0.0,0.0,0.0,0.0,,2000.0,2000.0,
"L_uu_weight[14, 45]",0.0,0.0,0.0,0.0,0.0,,2000.0,2000.0,
"L_uu_weight[14, 46]",0.0,0.0,0.0,0.0,0.0,,2000.0,2000.0,
"L_uu_weight[14, 47]",0.0,0.0,0.0,0.0,0.0,,2000.0,2000.0,
"L_uu_weight[14, 48]",0.0,0.0,0.0,0.0,0.0,,2000.0,2000.0,
"L_uu_weight[14, 49]",0.0,0.0,0.0,0.0,0.0,,2000.0,2000.0,
"L_uu_weight[15, 0]",0.279,0.145,0.018,0.537,0.005,0.003,999.187,1231.35,1.002
"L_uu_weight[15, 1]",0.454,0.17,0.119,0.766,0.005,0.003,1056.522,1224.009,1.001
"L_uu_weight[15, 2]",0.321,0.07,0.205,0.461,0.002,0.002,1537.736,1338.758,0.999
"L_uu_weight[15, 3]",0.362,0.086,0.203,0.518,0.002,0.002,1341.826,1426.723,1.0
"L_uu_weight[15, 4]",0.304,0.064,0.19,0.418,0.002,0.001,1618.578,1453.006,1.0
"L_uu_weight[15, 5]",0.272,0.059,0.168,0.382,0.001,0.001,1623.695,1440.814,1.0
"L_uu_weight[15, 6]",0.26,0.063,0.162,0.388,0.002,0.002,1472.576,1401.323,1.001
"L_uu_weight[15, 7]",0.238,0.058,0.145,0.353,0.002,0.001,1427.086,1416.373,1.0
"L_uu_weight[15, 8]",0.205,0.053,0.118,0.304,0.001,0.002,1361.988,1411.37,1.001
"L_uu_weight[15, 9]",0.168,0.048,0.093,0.259,0.001,0.002,1309.785,1371.404,1.001
"L_uu_weight[15, 10]",0.133,0.042,0.068,0.211,0.001,0.002,1279.333,1262.631,1.001
"L_uu_weight[15, 11]",0.101,0.033,0.052,0.163,0.001,0.001,1277.955,1315.773,1.001
"L_uu_weight[15, 12]",0.073,0.024,0.036,0.115,0.001,0.001,1292.463,1331.539,1.001
"L_uu_weight[15, 13]",0.049,0.015,0.026,0.076,0.0,0.001,1311.117,1297.225,1.001
"L_uu_weight[15, 14]",0.03,0.008,0.017,0.045,0.0,0.0,1362.519,1310.208,1.001
"L_uu_weight[15, 15]",0.021,0.004,0.013,0.028,0.0,0.0,1573.281,1460.722,0.999
"L_uu_weight[15, 16]",0.0,0.0,0.0,0.0,0.0,,2000.0,2000.0,
"L_uu_weight[15, 17]",0.0,0.0,0.0,0.0,0.0,,2000.0,2000.0,
"L_uu_weight[15, 18]",0.0,0.0,0.0,0.0,0.0,,2000.0,2000.0,
"L_uu_weight[15, 19]",0.0,0.0,0.0,0.0,0.0,,2000.0,2000.0,
"L_uu_weight[15, 20]",0.0,0.0,0.0,0.0,0.0,,2000.0,2000.0,
"L_uu_weight[15, 21]",0.0,0.0,0.0,0.0,0.0,,2000.0,2000.0,
"L_uu_weight[15, 22]",0.0,0.0,0.0,0.0,0.0,,2000.0,2000.0,
"L_uu_weight[15, 23]",0.0,0.0,0.0,0.0,0.0,,2000.0,2000.0,
"L_uu_weight[15, 24]",0.0,0.0,0.0,0.0,0.0,,2000.0,2000.0,
"L_uu_weight[15, 25]",0.0,0.0,0.0,0.0,0.0,,2000.0,2000.0,
"L_uu_weight[15, 26]",0.0,0.0,0.0,0.0,0.0,,2000.0,2000.0,
"L_uu_weight[15, 27]",0.0,0.0,0.0,0.0,0.0,,2000.0,2000.0,
"L_uu_weight[15, 28]",0.0,0.0,0.0,0.0,0.0,,2000.0,2000.0,
"L_uu_weight[15, 29]",0.0,0.0,0.0,0.0,0.0,,2000.0,2000.0,
"L_uu_weight[15, 30]",0.0,0.0,0.0,0.0,0.0,,2000.0,2000.0,
"L_uu_weight[15, 31]",0.0,0.0,0.0,0.0,0.0,,2000.0,2000.0,
"L_uu_weight[15, 32]",0.0,0.0,0.0,0.0,0.0,,2000.0,2000.0,
"L_uu_weight[15, 33]",0.0,0.0,0.0,0.0,0.0,,2000.0,2000.0,
"L_uu_weight[15, 34]",0.0,0.0,0.0,0.0,0.0,,2000.0,2000.0,
"L_uu_weight[15, 35]",0.0,0.0,0.0,0.0,0.0,,2000.0,2000.0,
"L_uu_weight[15, 36]",0.0,0.0,0.0,0.0,0.0,,2000.0,2000.0,
"L_uu_weight[15, 37]",0.0,0.0,0.0,0.0,0.0,,2000.0,2000.0,
"L_uu_weight[15, 38]",0.0,0.0,0.0,0.0,0.0,,2000.0,2000.0,
"L_uu_weight[15, 39]",0.0,0.0,0.0,0.0,0.0,,2000.0,2000.0,
"L_uu_weight[15, 40]",0.0,0.0,0.0,0.0,0.0,,2000.0,2000.0,
"L_uu_weight[15, 41]",0.0,0.0,0.0,0.0,0.0,,2000.0,2000.0,
"L_uu_weight[15, 42]",0.0,0.0,0.0,0.0,0.0,,2000.0,2000.0,
"L_uu_weight[15, 43]",0.0,0.0,0.0,0.0,0.0,,2000.0,2000.0,
"L_uu_weight[15, 44]",0.0,0.0,0.0,0.0,0.0,,2000.0,2000.0,
"L_uu_weight[15, 45]",0.0,0.0,0.0,0.0,0.0,,2000.0,2000.0,
"L_uu_weight[15, 46]",0.0,0.0,0.0,0.0,0.0,,2000.0,2000.0,
"L_uu_weight[15, 47]",0.0,0.0,0.0,0.0,0.0,,2000.0,2000.0,
"L_uu_weight[15, 48]",0.0,0.0,0.0,0.0,0.0,,2000.0,2000.0,
"L_uu_weight[15, 49]",0.0,0.0,0.0,0.0,0.0,,2000.0,2000.0,
"L_uu_weight[16, 0]",0.238,0.134,0.011,0.479,0.004,0.003,989.896,1207.625,1.002
"L_uu_weight[16, 1]",0.411,0.17,0.084,0.729,0.005,0.003,1029.015,1228.555,1.001
"L_uu_weight[16, 2]",0.306,0.072,0.172,0.443,0.002,0.002,1388.003,1343.758,0.999
"L_uu_weight[16, 3]",0.354,0.092,0.166,0.514,0.003,0.002,1247.415,1397.231,1.0
"L_uu_weight[16, 4]",0.304,0.07,0.178,0.429,0.002,0.001,1474.01,1454.479,1.0
"L_uu_weight[16, 5]",0.28,0.058,0.18,0.39,0.001,0.001,1746.993,1464.829,1.0
"L_uu_weight[16, 6]",0.276,0.062,0.161,0.388,0.002,0.002,1597.038,1513.233,1.001
"L_uu_weight[16, 7]",0.261,0.059,0.158,0.37,0.002,0.001,1521.106,1516.137,1.001
"L_uu_weight[16, 8]",0.232,0.055,0.144,0.342,0.001,0.001,1425.142,1324.514,1.001
"L_uu_weight[16, 9]",0.197,0.053,0.114,0.299,0.002,0.002,1336.65,1393.454,1.001
"L_uu_weight[16, 10]",0.163,0.049,0.087,0.256,0.001,0.002,1289.955,1297.383,1.001
"L_uu_weight[16, 11]",0.131,0.042,0.067,0.21,0.001,0.001,1282.075,1258.2,1.001
"L_uu_weight[16, 12]",0.1,0.033,0.05,0.161,0.001,0.001,1289.106,1331.539,1.001
"L_uu_weight[16, 13]",0.072,0.024,0.037,0.115,0.001,0.001,1298.239,1333.407,1.001
"L_uu_weight[16, 14]",0.048,0.015,0.025,0.075,0.0,0.001,1301.343,1333.172,1.001
"L_uu_weight[16, 15]",0.03,0.008,0.016,0.044,0.0,0.0,1348.721,1310.208,1.001
"L_uu_weight[16, 16]",0.021,0.004,0.013,0.028,0.0,0.0,1569.859,1458.424,1.0
"L_uu_weight[16, 17]",0.0,0.0,0.0,0.0,0.0,,2000.0,2000.0,
"L_uu_weight[16, 18]",0.0,0.0,0.0,0.0,0.0,,2000.0,2000.0,
"L_uu_weight[16, 19]",0.0,0.0,0.0,0.0,0.0,,2000.0,2000.0,
"L_uu_weight[16, 20]",0.0,0.0,0.0,0.0,0.0,,2000.0,2000.0,
"L_uu_weight[16, 21]",0.0,0.0,0.0,0.0,0.0,,2000.0,2000.0,
"L_uu_weight[16, 22]",0.0,0.0,0.0,0.0,0.0,,2000.0,2000.0,
"L_uu_weight[16, 23]",0.0,0.0,0.0,0.0,0.0,,2000.0,2000.0,
"L_uu_weight[16, 24]",0.0,0.0,0.0,0.0,0.0,,2000.0,2000.0,
"L_uu_weight[16, 25]",0.0,0.0,0.0,0.0,0.0,,2000.0,2000.0,
"L_uu_weight[16, 26]",0.0,0.0,0.0,0.0,0.0,,2000.0,2000.0,
"L_uu_weight[16, 27]",0.0,0.0,0.0,0.0,0.0,,2000.0,2000.0,
"L_uu_weight[16, 28]",0.0,0.0,0.0,0.0,0.0,,2000.0,2000.0,
"L_uu_weight[16, 29]",0.0,0.0,0.0,0.0,0.0,,2000.0,2000.0,
"L_uu_weight[16, 30]",0.0,0.0,0.0,0.0,0.0,,2000.0,2000.0,
"L_uu_weight[16, 31]",0.0,0.0,0.0,0.0,0.0,,2000.0,2000.0,
"L_uu_weight[16, 32]",0.0,0.0,0.0,0.0,0.0,,2000.0,2000.0,
"L_uu_weight[16, 33]",0.0,0.0,0.0,0.0,0.0,,2000.0,2000.0,
"L_uu_weight[16, 34]",0.0,0.0,0.0,0.0,0.0,,2000.0,2000.0,
"L_uu_weight[16, 35]",0.0,0.0,0.0,0.0,0.0,,2000.0,2000.0,
"L_uu_weight[16, 36]",0.0,0.0,0.0,0.0,0.0,,2000.0,2000.0,
"L_uu_weight[16, 37]",0.0,0.0,0.0,0.0,0.0,,2000.0,2000.0,
"L_uu_weight[16, 38]",0.0,0.0,0.0,0.0,0.0,,2000.0,2000.0,
"L_uu_weight[16, 39]",0.0,0.0,0.0,0.0,0.0,,2000.0,2000.0,
"L_uu_weight[16, 40]",0.0,0.0,0.0,0.0,0.0,,2000.0,2000.0,
"L_uu_weight[16, 41]",0.0,0.0,0.0,0.0,0.0,,2000.0,2000.0,
"L_uu_weight[16, 42]",0.0,0.0,0.0,0.0,0.0,,2000.0,2000.0,
"L_uu_weight[16, 43]",0.0,0.0,0.0,0.0,0.0,,2000.0,2000.0,
"L_uu_weight[16, 44]",0.0,0.0,0.0,0.0,0.0,,2000.0,2000.0,
"L_uu_weight[16, 45]",0.0,0.0,0.0,0.0,0.0,,2000.0,2000.0,
"L_uu_weight[16, 46]",0.0,0.0,0.0,0.0,0.0,,2000.0,2000.0,
"L_uu_weight[16, 47]",0.0,0.0,0.0,0.0,0.0,,2000.0,2000.0,
"L_uu_weight[16, 48]",0.0,0.0,0.0,0.0,0.0,,2000.0,2000.0,
"L_uu_weight[16, 49]",0.0,0.0,0.0,0.0,0.0,,2000.0,2000.0,
"L_uu_weight[17, 0]",0.201,0.122,0.002,0.42,0.004,0.003,982.434,1115.398,1.002
"L_uu_weight[17, 1]",0.368,0.168,0.039,0.662,0.005,0.003,1012.147,1231.35,1.002
"L_uu_weight[17, 2]",0.286,0.074,0.125,0.414,0.002,0.002,1275.941,1365.348,1.0
"L_uu_weight[17, 3]",0.339,0.098,0.133,0.513,0.003,0.002,1165.565,1321.641,1.0
"L_uu_weight[17, 4]",0.298,0.076,0.162,0.437,0.002,0.002,1305.781,1476.764,1.0
"L_uu_weight[17, 5]",0.281,0.058,0.175,0.384,0.001,0.001,1733.632,1464.092,0.999
"L_uu_weight[17, 6]",0.285,0.062,0.18,0.402,0.002,0.001,1706.41,1493.254,1.0
"L_uu_weight[17, 7]",0.278,0.059,0.175,0.388,0.001,0.001,1608.36,1362.878,1.001
"L_uu_weight[17, 8]",0.254,0.056,0.16,0.361,0.001,0.001,1523.789,1425.353,1.001
"L_uu_weight[17, 9]",0.223,0.055,0.136,0.331,0.002,0.002,1389.524,1372.43,1.001
"L_uu_weight[17, 10]",0.192,0.054,0.104,0.295,0.002,0.002,1313.889,1353.706,1.001
"L_uu_weight[17, 11]",0.161,0.05,0.084,0.255,0.001,0.002,1292.985,1347.798,1.001
"L_uu_weight[17, 12]",0.13,0.042,0.063,0.206,0.001,0.002,1290.538,1261.996,1.001
"L_uu_weight[17, 13]",0.099,0.033,0.049,0.159,0.001,0.001,1290.714,1333.737,1.001
"L_uu_weight[17, 14]",0.071,0.023,0.036,0.114,0.001,0.001,1284.478,1369.687,1.001
"L_uu_weight[17, 15]",0.048,0.015,0.025,0.074,0.0,0.001,1291.047,1392.035,1.001
"L_uu_weight[17, 16]",0.029,0.008,0.016,0.044,0.0,0.0,1339.725,1310.208,1.001
"L_uu_weight[17, 17]",0.02,0.004,0.013,0.028,0.0,0.0,1568.543,1467.197,1.0
"L_uu_weight[17, 18]",0.0,0.0,0.0,0.0,0.0,,2000.0,2000.0,
"L_uu_weight[17, 19]",0.0,0.0,0.0,0.0,0.0,,2000.0,2000.0,
"L_uu_weight[17, 20]",0.0,0.0,0.0,0.0,0.0,,2000.0,2000.0,
"L_uu_weight[17, 21]",0.0,0.0,0.0,0.0,0.0,,2000.0,2000.0,
"L_uu_weight[17, 22]",0.0,0.0,0.0,0.0,0.0,,2000.0,2000.0,
"L_uu_weight[17, 23]",0.0,0.0,0.0,0.0,0.0,,2000.0,2000.0,
"L_uu_weight[17, 24]",0.0,0.0,0.0,0.0,0.0,,2000.0,2000.0,
"L_uu_weight[17, 25]",0.0,0.0,0.0,0.0,0.0,,2000.0,2000.0,
"L_uu_weight[17, 26]",0.0,0.0,0.0,0.0,0.0,,2000.0,2000.0,
"L_uu_weight[17, 27]",0.0,0.0,0.0,0.0,0.0,,2000.0,2000.0,
"L_uu_weight[17, 28]",0.0,0.0,0.0,0.0,0.0,,2000.0,2000.0,
"L_uu_weight[17, 29]",0.0,0.0,0.0,0.0,0.0,,2000.0,2000.0,
"L_uu_weight[17, 30]",0.0,0.0,0.0,0.0,0.0,,2000.0,2000.0,
"L_uu_weight[17, 31]",0.0,0.0,0.0,0.0,0.0,,2000.0,2000.0,
"L_uu_weight[17, 32]",0.0,0.0,0.0,0.0,0.0,,2000.0,2000.0,
"L_uu_weight[17, 33]",0.0,0.0,0.0,0.0,0.0,,2000.0,2000.0,
"L_uu_weight[17, 34]",0.0,0.0,0.0,0.0,0.0,,2000.0,2000.0,
"L_uu_weight[17, 35]",0.0,0.0,0.0,0.0,0.0,,2000.0,2000.0,
"L_uu_weight[17, 36]",0.0,0.0,0.0,0.0,0.0,,2000.0,2000.0,
"L_uu_weight[17, 37]",0.0,0.0,0.0,0.0,0.0,,2000.0,2000.0,
"L_uu_weight[17, 38]",0.0,0.0,0.0,0.0,0.0,,2000.0,2000.0,
"L_uu_weight[17, 39]",0.0,0.0,0.0,0.0,0.0,,2000.0,2000.0,
"L_uu_weight[17, 40]",0.0,0.0,0.0,0.0,0.0,,2000.0,2000.0,
"L_uu_weight[17, 41]",0.0,0.0,0.0,0.0,0.0,,2000.0,2000.0,
"L_uu_weight[17, 42]",0.0,0.0,0.0,0.0,0.0,,2000.0,2000.0,
"L_uu_weight[17, 43]",0.0,0.0,0.0,0.0,0.0,,2000.0,2000.0,
"L_uu_weight[17, 44]",0.0,0.0,0.0,0.0,0.0,,2000.0,2000.0,
"L_uu_weight[17, 45]",0.0,0.0,0.0,0.0,0.0,,2000.0,2000.0,
"L_uu_weight[17, 46]",0.0,0.0,0.0,0.0,0.0,,2000.0,2000.0,
"L_uu_weight[17, 47]",0.0,0.0,0.0,0.0,0.0,,2000.0,2000.0,
"L_uu_weight[17, 48]",0.0,0.0,0.0,0.0,0.0,,2000.0,2000.0,
"L_uu_weight[17, 49]",0.0,0.0,0.0,0.0,0.0,,2000.0,2000.0,
"L_uu_weight[18, 0]",0.168,0.11,0.0,0.369,0.003,0.003,977.194,1081.93,1.002
"L_uu_weight[18, 1]",0.326,0.163,0.022,0.614,0.005,0.003,995.346,1115.398,1.002
"L_uu_weight[18, 2]",0.264,0.076,0.099,0.401,0.002,0.002,1181.377,1224.009,1.0
"L_uu_weight[18, 3]",0.32,0.104,0.108,0.506,0.003,0.002,1102.775,1255.263,1.0
"L_uu_weight[18, 4]",0.288,0.083,0.14,0.445,0.002,0.002,1199.67,1505.535,1.0
"L_uu_weight[18, 5]",0.277,0.06,0.171,0.386,0.001,0.001,1602.665,1452.629,0.999
"L_uu_weight[18, 6]",0.288,0.062,0.181,0.408,0.002,0.001,1658.94,1493.582,1.0
"L_uu_weight[18, 7]",0.289,0.06,0.184,0.401,0.001,0.001,1648.872,1400.748,1.0
"L_uu_weight[18, 8]",0.271,0.056,0.17,0.371,0.001,0.001,1645.154,1324.65,1.0
"L_uu_weight[18, 9]",0.246,0.056,0.152,0.353,0.001,0.001,1482.843,1427.674,1.001
"L_uu_weight[18, 10]",0.218,0.057,0.127,0.326,0.002,0.002,1362.31,1297.552,1.001
"L_uu_weight[18, 11]",0.19,0.055,0.1,0.293,0.002,0.002,1312.575,1373.284,1.001
"L_uu_weight[18, 12]",0.16,0.049,0.08,0.25,0.001,0.002,1305.687,1347.604,1.001
"L_uu_weight[18, 13]",0.128,0.041,0.064,0.205,0.001,0.002,1291.818,1372.897,1.001
"L_uu_weight[18, 14]",0.098,0.033,0.049,0.158,0.001,0.001,1281.382,1370.32,1.001
"L_uu_weight[18, 15]",0.071,0.023,0.037,0.114,0.001,0.001,1272.016,1321.77,1.001
"L_uu_weight[18, 16]",0.048,0.015,0.025,0.074,0.0,0.001,1283.971,1331.539,1.001
"L_uu_weight[18, 17]",0.029,0.008,0.017,0.044,0.0,0.0,1338.497,1310.208,1.001
"L_uu_weight[18, 18]",0.02,0.004,0.013,0.028,0.0,0.0,1569.369,1459.908,1.0
"L_uu_weight[18, 19]",0.0,0.0,0.0,0.0,0.0,,2000.0,2000.0,
"L_uu_weight[18, 20]",0.0,0.0,0.0,0.0,0.0,,2000.0,2000.0,
"L_uu_weight[18, 21]",0.0,0.0,0.0,0.0,0.0,,2000.0,2000.0,
"L_uu_weight[18, 22]",0.0,0.0,0.0,0.0,0.0,,2000.0,2000.0,
"L_uu_weight[18, 23]",0.0,0.0,0.0,0.0,0.0,,2000.0,2000.0,
"L_uu_weight[18, 24]",0.0,0.0,0.0,0.0,0.0,,2000.0,2000.0,
"L_uu_weight[18, 25]",0.0,0.0,0.0,0.0,0.0,,2000.0,2000.0,
"L_uu_weight[18, 26]",0.0,0.0,0.0,0.0,0.0,,2000.0,2000.0,
"L_uu_weight[18, 27]",0.0,0.0,0.0,0.0,0.0,,2000.0,2000.0,
"L_uu_weight[18, 28]",0.0,0.0,0.0,0.0,0.0,,2000.0,2000.0,
"L_uu_weight[18, 29]",0.0,0.0,0.0,0.0,0.0,,2000.0,2000.0,
"L_uu_weight[18, 30]",0.0,0.0,0.0,0.0,0.0,,2000.0,2000.0,
"L_uu_weight[18, 31]",0.0,0.0,0.0,0.0,0.0,,2000.0,2000.0,
"L_uu_weight[18, 32]",0.0,0.0,0.0,0.0,0.0,,2000.0,2000.0,
"L_uu_weight[18, 33]",0.0,0.0,0.0,0.0,0.0,,2000.0,2000.0,
"L_uu_weight[18, 34]",0.0,0.0,0.0,0.0,0.0,,2000.0,2000.0,
"L_uu_weight[18, 35]",0.0,0.0,0.0,0.0,0.0,,2000.0,2000.0,
"L_uu_weight[18, 36]",0.0,0.0,0.0,0.0,0.0,,2000.0,2000.0,
"L_uu_weight[18, 37]",0.0,0.0,0.0,0.0,0.0,,2000.0,2000.0,
"L_uu_weight[18, 38]",0.0,0.0,0.0,0.0,0.0,,2000.0,2000.0,
"L_uu_weight[18, 39]",0.0,0.0,0.0,0.0,0.0,,2000.0,2000.0,
"L_uu_weight[18, 40]",0.0,0.0,0.0,0.0,0.0,,2000.0,2000.0,
"L_uu_weight[18, 41]",0.0,0.0,0.0,0.0,0.0,,2000.0,2000.0,
"L_uu_weight[18, 42]",0.0,0.0,0.0,0.0,0.0,,2000.0,2000.0,
"L_uu_weight[18, 43]",0.0,0.0,0.0,0.0,0.0,,2000.0,2000.0,
"L_uu_weight[18, 44]",0.0,0.0,0.0,0.0,0.0,,2000.0,2000.0,
"L_uu_weight[18, 45]",0.0,0.0,0.0,0.0,0.0,,2000.0,2000.0,
"L_uu_weight[18, 46]",0.0,0.0,0.0,0.0,0.0,,2000.0,2000.0,
"L_uu_weight[18, 47]",0.0,0.0,0.0,0.0,0.0,,2000.0,2000.0,
"L_uu_weight[18, 48]",0.0,0.0,0.0,0.0,0.0,,2000.0,2000.0,
"L_uu_weight[18, 49]",0.0,0.0,0.0,0.0,0.0,,2000.0,2000.0,
"L_uu_weight[19, 0]",0.14,0.099,0.0,0.322,0.003,0.003,974.282,1060.506,1.002
"L_uu_weight[19, 1]",0.285,0.156,0.01,0.559,0.005,0.003,984.473,1115.398,1.002
"L_uu_weight[19, 2]",0.24,0.078,0.078,0.384,0.002,0.002,1108.541,1228.555,1.0
"L_uu_weight[19, 3]",0.298,0.107,0.073,0.482,0.003,0.002,1060.223,1260.53,1.001
"L_uu_weight[19, 4]",0.273,0.088,0.104,0.433,0.003,0.002,1126.471,1368.809,1.001
"L_uu_weight[19, 5]",0.268,0.063,0.155,0.387,0.002,0.001,1433.959,1388.893,0.999
"L_uu_weight[19, 6]",0.286,0.063,0.174,0.404,0.002,0.001,1518.516,1337.393,0.999
"L_uu_weight[19, 7]",0.293,0.062,0.187,0.412,0.002,0.001,1549.528,1514.039,1.0
"L_uu_weight[19, 8]",0.282,0.057,0.182,0.389,0.001,0.001,1710.376,1458.92,1.0
"L_uu_weight[19, 9]",0.262,0.055,0.164,0.364,0.001,0.001,1624.118,1408.722,1.001
"L_uu_weight[19, 10]",0.24,0.057,0.145,0.35,0.002,0.001,1456.518,1395.29,1.001
"L_uu_weight[19, 11]",0.216,0.057,0.123,0.326,0.002,0.002,1357.255,1242.304,1.001
"L_uu_weight[19, 12]",0.189,0.054,0.098,0.288,0.002,0.002,1321.85,1353.026,1.001
"L_uu_weight[19, 13]",0.158,0.049,0.085,0.253,0.001,0.002,1304.216,1334.568,1.001
"L_uu_weight[19, 14]",0.127,0.041,0.064,0.204,0.001,0.002,1282.599,1332.006,1.001
"L_uu_weight[19, 15]",0.097,0.033,0.05,0.158,0.001,0.001,1265.79,1332.499,1.001
"L_uu_weight[19, 16]",0.07,0.023,0.035,0.113,0.001,0.001,1268.777,1294.358,1.001
"L_uu_weight[19, 17]",0.047,0.015,0.025,0.074,0.0,0.001,1286.665,1331.539,1.001
"L_uu_weight[19, 18]",0.029,0.008,0.015,0.043,0.0,0.0,1341.844,1310.208,1.001
"L_uu_weight[19, 19]",0.02,0.004,0.013,0.028,0.0,0.0,1573.114,1459.908,1.0
"L_uu_weight[19, 20]",0.0,0.0,0.0,0.0,0.0,,2000.0,2000.0,
"L_uu_weight[19, 21]",0.0,0.0,0.0,0.0,0.0,,2000.0,2000.0,
"L_uu_weight[19, 22]",0.0,0.0,0.0,0.0,0.0,,2000.0,2000.0,
"L_uu_weight[19, 23]",0.0,0.0,0.0,0.0,0.0,,2000.0,2000.0,
"L_uu_weight[19, 24]",0.0,0.0,0.0,0.0,0.0,,2000.0,2000.0,
"L_uu_weight[19, 25]",0.0,0.0,0.0,0.0,0.0,,2000.0,2000.0,
"L_uu_weight[19, 26]",0.0,0.0,0.0,0.0,0.0,,2000.0,2000.0,
"L_uu_weight[19, 27]",0.0,0.0,0.0,0.0,0.0,,2000.0,2000.0,
"L_uu_weight[19, 28]",0.0,0.0,0.0,0.0,0.0,,2000.0,2000.0,
"L_uu_weight[19, 29]",0.0,0.0,0.0,0.0,0.0,,2000.0,2000.0,
"L_uu_weight[19, 30]",0.0,0.0,0.0,0.0,0.0,,2000.0,2000.0,
"L_uu_weight[19, 31]",0.0,0.0,0.0,0.0,0.0,,2000.0,2000.0,
"L_uu_weight[19, 32]",0.0,0.0,0.0,0.0,0.0,,2000.0,2000.0,
"L_uu_weight[19, 33]",0.0,0.0,0.0,0.0,0.0,,2000.0,2000.0,
"L_uu_weight[19, 34]",0.0,0.0,0.0,0.0,0.0,,2000.0,2000.0,
"L_uu_weight[19, 35]",0.0,0.0,0.0,0.0,0.0,,2000.0,2000.0,
"L_uu_weight[19, 36]",0.0,0.0,0.0,0.0,0.0,,2000.0,2000.0,
"L_uu_weight[19, 37]",0.0,0.0,0.0,0.0,0.0,,2000.0,2000.0,
"L_uu_weight[19, 38]",0.0,0.0,0.0,0.0,0.0,,2000.0,2000.0,
"L_uu_weight[19, 39]",0.0,0.0,0.0,0.0,0.0,,2000.0,2000.0,
"L_uu_weight[19, 40]",0.0,0.0,0.0,0.0,0.0,,2000.0,2000.0,
"L_uu_weight[19, 41]",0.0,0.0,0.0,0.0,0.0,,2000.0,2000.0,
"L_uu_weight[19, 42]",0.0,0.0,0.0,0.0,0.0,,2000.0,2000.0,
"L_uu_weight[19, 43]",0.0,0.0,0.0,0.0,0.0,,2000.0,2000.0,
"L_uu_weight[19, 44]",0.0,0.0,0.0,0.0,0.0,,2000.0,2000.0,
"L_uu_weight[19, 45]",0.0,0.0,0.0,0.0,0.0,,2000.0,2000.0,
"L_uu_weight[19, 46]",0.0,0.0,0.0,0.0,0.0,,2000.0,2000.0,
"L_uu_weight[19, 47]",0.0,0.0,0.0,0.0,0.0,,2000.0,2000.0,
"L_uu_weight[19, 48]",0.0,0.0,0.0,0.0,0.0,,2000.0,2000.0,
"L_uu_weight[19, 49]",0.0,0.0,0.0,0.0,0.0,,2000.0,2000.0,
"L_uu_weight[20, 0]",0.116,0.087,0.0,0.278,0.003,0.002,970.948,1060.506,1.002
"L_uu_weight[20, 1]",0.248,0.147,0.004,0.51,0.005,0.003,978.105,1081.93,1.002
"L_uu_weight[20, 2]",0.216,0.078,0.052,0.358,0.002,0.002,1060.306,1231.35,1.001
"L_uu_weight[20, 3]",0.274,0.109,0.048,0.46,0.003,0.002,1032.617,1231.35,1.001
"L_uu_weight[20, 4]",0.255,0.093,0.078,0.426,0.003,0.002,1074.45,1286.899,1.001
"L_uu_weight[20, 5]",0.255,0.067,0.135,0.395,0.002,0.001,1282.17,1404.382,0.999
"L_uu_weight[20, 6]",0.278,0.065,0.152,0.402,0.002,0.001,1380.397,1307.464,0.999
"L_uu_weight[20, 7]",0.292,0.066,0.174,0.415,0.002,0.001,1403.324,1473.121,1.0
"L_uu_weight[20, 8]",0.287,0.06,0.178,0.394,0.001,0.001,1618.255,1495.291,0.999
"L_uu_weight[20, 9]",0.273,0.055,0.176,0.378,0.001,0.001,1731.878,1463.985,1.0
"L_uu_weight[20, 10]",0.257,0.057,0.159,0.366,0.001,0.001,1587.531,1436.367,1.001
"L_uu_weight[20, 11]",0.239,0.058,0.148,0.355,0.002,0.001,1440.271,1460.058,1.001
"L_uu_weight[20, 12]",0.215,0.057,0.125,0.326,0.002,0.002,1364.155,1368.314,1.001
"L_uu_weight[20, 13]",0.187,0.054,0.1,0.287,0.002,0.002,1321.552,1333.643,1.001
"L_uu_weight[20, 14]",0.157,0.048,0.081,0.247,0.001,0.002,1292.551,1315.41,1.001
"L_uu_weight[20, 15]",0.126,0.041,0.063,0.202,0.001,0.002,1266.652,1332.006,1.001
"L_uu_weight[20, 16]",0.096,0.033,0.049,0.158,0.001,0.001,1264.766,1294.358,1.001
"L_uu_weight[20, 17]",0.07,0.023,0.035,0.113,0.001,0.001,1274.172,1331.901,1.001
"L_uu_weight[20, 18]",0.047,0.015,0.024,0.074,0.0,0.001,1295.772,1331.539,1.001
"L_uu_weight[20, 19]",0.029,0.008,0.016,0.043,0.0,0.0,1343.852,1310.208,1.001
"L_uu_weight[20, 20]",0.02,0.004,0.012,0.028,0.0,0.0,1573.041,1458.424,0.999
"L_uu_weight[20, 21]",0.0,0.0,0.0,0.0,0.0,,2000.0,2000.0,
"L_uu_weight[20, 22]",0.0,0.0,0.0,0.0,0.0,,2000.0,2000.0,
"L_uu_weight[20, 23]",0.0,0.0,0.0,0.0,0.0,,2000.0,2000.0,
"L_uu_weight[20, 24]",0.0,0.0,0.0,0.0,0.0,,2000.0,2000.0,
"L_uu_weight[20, 25]",0.0,0.0,0.0,0.0,0.0,,2000.0,2000.0,
"L_uu_weight[20, 26]",0.0,0.0,0.0,0.0,0.0,,2000.0,2000.0,
"L_uu_weight[20, 27]",0.0,0.0,0.0,0.0,0.0,,2000.0,2000.0,
"L_uu_weight[20, 28]",0.0,0.0,0.0,0.0,0.0,,2000.0,2000.0,
"L_uu_weight[20, 29]",0.0,0.0,0.0,0.0,0.0,,2000.0,2000.0,
"L_uu_weight[20, 30]",0.0,0.0,0.0,0.0,0.0,,2000.0,2000.0,
"L_uu_weight[20, 31]",0.0,0.0,0.0,0.0,0.0,,2000.0,2000.0,
"L_uu_weight[20, 32]",0.0,0.0,0.0,0.0,0.0,,2000.0,2000.0,
"L_uu_weight[20, 33]",0.0,0.0,0.0,0.0,0.0,,2000.0,2000.0,
"L_uu_weight[20, 34]",0.0,0.0,0.0,0.0,0.0,,2000.0,2000.0,
"L_uu_weight[20, 35]",0.0,0.0,0.0,0.0,0.0,,2000.0,2000.0,
"L_uu_weight[20, 36]",0.0,0.0,0.0,0.0,0.0,,2000.0,2000.0,
"L_uu_weight[20, 37]",0.0,0.0,0.0,0.0,0.0,,2000.0,2000.0,
"L_uu_weight[20, 38]",0.0,0.0,0.0,0.0,0.0,,2000.0,2000.0,
"L_uu_weight[20, 39]",0.0,0.0,0.0,0.0,0.0,,2000.0,2000.0,
"L_uu_weight[20, 40]",0.0,0.0,0.0,0.0,0.0,,2000.0,2000.0,
"L_uu_weight[20, 41]",0.0,0.0,0.0,0.0,0.0,,2000.0,2000.0,
"L_uu_weight[20, 42]",0.0,0.0,0.0,0.0,0.0,,2000.0,2000.0,
"L_uu_weight[20, 43]",0.0,0.0,0.0,0.0,0.0,,2000.0,2000.0,
"L_uu_weight[20, 44]",0.0,0.0,0.0,0.0,0.0,,2000.0,2000.0,
"L_uu_weight[20, 45]",0.0,0.0,0.0,0.0,0.0,,2000.0,2000.0,
"L_uu_weight[20, 46]",0.0,0.0,0.0,0.0,0.0,,2000.0,2000.0,
"L_uu_weight[20, 47]",0.0,0.0,0.0,0.0,0.0,,2000.0,2000.0,
"L_uu_weight[20, 48]",0.0,0.0,0.0,0.0,0.0,,2000.0,2000.0,
"L_uu_weight[20, 49]",0.0,0.0,0.0,0.0,0.0,,2000.0,2000.0,
"L_uu_weight[21, 0]",0.095,0.077,0.0,0.239,0.002,0.002,969.327,1060.506,1.002
"L_uu_weight[21, 1]",0.213,0.137,0.0,0.46,0.004,0.003,972.327,1060.506,1.002
"L_uu_weight[21, 2]",0.192,0.077,0.022,0.321,0.002,0.001,1028.425,1115.398,1.001
"L_uu_weight[21, 3]",0.248,0.109,0.033,0.44,0.003,0.002,1008.304,1115.398,1.002
"L_uu_weight[21, 4]",0.235,0.095,0.057,0.417,0.003,0.002,1039.364,1242.944,1.001
"L_uu_weight[21, 5]",0.239,0.071,0.1,0.378,0.002,0.002,1177.306,1255.263,1.0
"L_uu_weight[21, 6]",0.266,0.069,0.121,0.39,0.002,0.002,1275.151,1270.623,1.0
"L_uu_weight[21, 7]",0.285,0.07,0.144,0.409,0.002,0.001,1286.724,1438.46,1.0
"L_uu_weight[21, 8]",0.286,0.064,0.171,0.398,0.002,0.001,1452.179,1427.454,1.0
"L_uu_weight[21, 9]",0.278,0.057,0.173,0.381,0.001,0.001,1696.377,1417.533,0.999
"L_uu_weight[21, 10]",0.269,0.056,0.169,0.374,0.001,0.001,1730.502,1494.789,1.001
"L_uu_weight[21, 11]",0.256,0.057,0.152,0.36,0.001,0.001,1567.336,1489.568,1.001
"L_uu_weight[21, 12]",0.238,0.057,0.142,0.348,0.002,0.001,1448.649,1392.769,1.0
"L_uu_weight[21, 13]",0.214,0.056,0.122,0.32,0.002,0.002,1358.691,1368.496,1.001
"L_uu_weight[21, 14]",0.185,0.053,0.098,0.283,0.002,0.002,1305.986,1393.454,1.001
"L_uu_weight[21, 15]",0.155,0.049,0.083,0.249,0.001,0.002,1274.842,1315.41,1.001
"L_uu_weight[21, 16]",0.125,0.041,0.062,0.202,0.001,0.002,1264.421,1333.407,1.001
"L_uu_weight[21, 17]",0.096,0.033,0.047,0.156,0.001,0.001,1270.49,1331.901,1.001
"L_uu_weight[21, 18]",0.069,0.023,0.035,0.112,0.001,0.001,1282.775,1333.407,1.001
"L_uu_weight[21, 19]",0.047,0.015,0.024,0.074,0.0,0.001,1296.886,1331.539,1.001
"L_uu_weight[21, 20]",0.029,0.008,0.016,0.043,0.0,0.0,1341.536,1310.208,1.001
"L_uu_weight[21, 21]",0.02,0.004,0.012,0.028,0.0,0.0,1571.219,1458.424,0.999
"L_uu_weight[21, 22]",0.0,0.0,0.0,0.0,0.0,,2000.0,2000.0,
"L_uu_weight[21, 23]",0.0,0.0,0.0,0.0,0.0,,2000.0,2000.0,
"L_uu_weight[21, 24]",0.0,0.0,0.0,0.0,0.0,,2000.0,2000.0,
"L_uu_weight[21, 25]",0.0,0.0,0.0,0.0,0.0,,2000.0,2000.0,
"L_uu_weight[21, 26]",0.0,0.0,0.0,0.0,0.0,,2000.0,2000.0,
"L_uu_weight[21, 27]",0.0,0.0,0.0,0.0,0.0,,2000.0,2000.0,
"L_uu_weight[21, 28]",0.0,0.0,0.0,0.0,0.0,,2000.0,2000.0,
"L_uu_weight[21, 29]",0.0,0.0,0.0,0.0,0.0,,2000.0,2000.0,
"L_uu_weight[21, 30]",0.0,0.0,0.0,0.0,0.0,,2000.0,2000.0,
"L_uu_weight[21, 31]",0.0,0.0,0.0,0.0,0.0,,2000.0,2000.0,
"L_uu_weight[21, 32]",0.0,0.0,0.0,0.0,0.0,,2000.0,2000.0,
"L_uu_weight[21, 33]",0.0,0.0,0.0,0.0,0.0,,2000.0,2000.0,
"L_uu_weight[21, 34]",0.0,0.0,0.0,0.0,0.0,,2000.0,2000.0,
"L_uu_weight[21, 35]",0.0,0.0,0.0,0.0,0.0,,2000.0,2000.0,
"L_uu_weight[21, 36]",0.0,0.0,0.0,0.0,0.0,,2000.0,2000.0,
"L_uu_weight[21, 37]",0.0,0.0,0.0,0.0,0.0,,2000.0,2000.0,
"L_uu_weight[21, 38]",0.0,0.0,0.0,0.0,0.0,,2000.0,2000.0,
"L_uu_weight[21, 39]",0.0,0.0,0.0,0.0,0.0,,2000.0,2000.0,
"L_uu_weight[21, 40]",0.0,0.0,0.0,0.0,0.0,,2000.0,2000.0,
"L_uu_weight[21, 41]",0.0,0.0,0.0,0.0,0.0,,2000.0,2000.0,
"L_uu_weight[21, 42]",0.0,0.0,0.0,0.0,0.0,,2000.0,2000.0,
"L_uu_weight[21, 43]",0.0,0.0,0.0,0.0,0.0,,2000.0,2000.0,
"L_uu_weight[21, 44]",0.0,0.0,0.0,0.0,0.0,,2000.0,2000.0,
"L_uu_weight[21, 45]",0.0,0.0,0.0,0.0,0.0,,2000.0,2000.0,
"L_uu_weight[21, 46]",0.0,0.0,0.0,0.0,0.0,,2000.0,2000.0,
"L_uu_weight[21, 47]",0.0,0.0,0.0,0.0,0.0,,2000.0,2000.0,
"L_uu_weight[21, 48]",0.0,0.0,0.0,0.0,0.0,,2000.0,2000.0,
"L_uu_weight[21, 49]",0.0,0.0,0.0,0.0,0.0,,2000.0,2000.0,
"L_uu_weight[22, 0]",0.078,0.067,0.0,0.204,0.002,0.002,969.227,1060.73,1.003
"L_uu_weight[22, 1]",0.181,0.126,0.0,0.412,0.004,0.003,968.818,1060.506,1.002
"L_uu_weight[22, 2]",0.168,0.075,0.008,0.291,0.002,0.001,1005.024,1081.93,1.002
"L_uu_weight[22, 3]",0.222,0.107,0.013,0.402,0.003,0.002,991.041,1115.398,1.002
"L_uu_weight[22, 4]",0.213,0.096,0.027,0.386,0.003,0.002,1016.57,1228.555,1.002
"L_uu_weight[22, 5]",0.221,0.074,0.069,0.362,0.002,0.002,1106.578,1242.944,1.001
"L_uu_weight[22, 6]",0.25,0.072,0.093,0.379,0.002,0.002,1186.181,1242.944,1.0
"L_uu_weight[22, 7]",0.273,0.075,0.114,0.4,0.002,0.001,1200.727,1399.654,1.0
"L_uu_weight[22, 8]",0.28,0.069,0.149,0.404,0.002,0.001,1310.003,1494.385,0.999
"L_uu_weight[22, 9]",0.278,0.061,0.167,0.384,0.002,0.001,1554.885,1429.744,0.999
"L_uu_weight[22, 10]",0.274,0.057,0.173,0.376,0.001,0.001,1718.271,1486.254,1.0
"L_uu_weight[22, 11]",0.268,0.057,0.168,0.374,0.001,0.001,1709.47,1493.455,1.001
"L_uu_weight[22, 12]",0.255,0.057,0.158,0.362,0.001,0.001,1563.525,1481.422,1.001
"L_uu_weight[22, 13]",0.236,0.057,0.142,0.345,0.002,0.001,1434.489,1581.808,1.001
"L_uu_weight[22, 14]",0.212,0.056,0.125,0.321,0.002,0.002,1341.019,1393.38,1.001
"L_uu_weight[22, 15]",0.184,0.054,0.097,0.283,0.002,0.002,1289.859,1263.933,1.001
"L_uu_weight[22, 16]",0.154,0.049,0.08,0.246,0.001,0.002,1274.064,1315.41,1.001
"L_uu_weight[22, 17]",0.124,0.042,0.06,0.201,0.001,0.002,1272.401,1371.165,1.001
"L_uu_weight[22, 18]",0.095,0.033,0.046,0.155,0.001,0.001,1276.604,1331.901,1.001
"L_uu_weight[22, 19]",0.069,0.023,0.034,0.111,0.001,0.001,1285.997,1313.841,1.001
"L_uu_weight[22, 20]",0.047,0.015,0.024,0.073,0.0,0.001,1291.831,1369.687,1.001
"L_uu_weight[22, 21]",0.029,0.008,0.015,0.043,0.0,0.0,1335.053,1310.208,1.001
"L_uu_weight[22, 22]",0.02,0.004,0.012,0.028,0.0,0.0,1567.094,1467.197,1.0
"L_uu_weight[22, 23]",0.0,0.0,0.0,0.0,0.0,,2000.0,2000.0,
"L_uu_weight[22, 24]",0.0,0.0,0.0,0.0,0.0,,2000.0,2000.0,
"L_uu_weight[22, 25]",0.0,0.0,0.0,0.0,0.0,,2000.0,2000.0,
"L_uu_weight[22, 26]",0.0,0.0,0.0,0.0,0.0,,2000.0,2000.0,
"L_uu_weight[22, 27]",0.0,0.0,0.0,0.0,0.0,,2000.0,2000.0,
"L_uu_weight[22, 28]",0.0,0.0,0.0,0.0,0.0,,2000.0,2000.0,
"L_uu_weight[22, 29]",0.0,0.0,0.0,0.0,0.0,,2000.0,2000.0,
"L_uu_weight[22, 30]",0.0,0.0,0.0,0.0,0.0,,2000.0,2000.0,
"L_uu_weight[22, 31]",0.0,0.0,0.0,0.0,0.0,,2000.0,2000.0,
"L_uu_weight[22, 32]",0.0,0.0,0.0,0.0,0.0,,2000.0,2000.0,
"L_uu_weight[22, 33]",0.0,0.0,0.0,0.0,0.0,,2000.0,2000.0,
"L_uu_weight[22, 34]",0.0,0.0,0.0,0.0,0.0,,2000.0,2000.0,
"L_uu_weight[22, 35]",0.0,0.0,0.0,0.0,0.0,,2000.0,2000.0,
"L_uu_weight[22, 36]",0.0,0.0,0.0,0.0,0.0,,2000.0,2000.0,
"L_uu_weight[22, 37]",0.0,0.0,0.0,0.0,0.0,,2000.0,2000.0,
"L_uu_weight[22, 38]",0.0,0.0,0.0,0.0,0.0,,2000.0,2000.0,
"L_uu_weight[22, 39]",0.0,0.0,0.0,0.0,0.0,,2000.0,2000.0,
"L_uu_weight[22, 40]",0.0,0.0,0.0,0.0,0.0,,2000.0,2000.0,
"L_uu_weight[22, 41]",0.0,0.0,0.0,0.0,0.0,,2000.0,2000.0,
"L_uu_weight[22, 42]",0.0,0.0,0.0,0.0,0.0,,2000.0,2000.0,
"L_uu_weight[22, 43]",0.0,0.0,0.0,0.0,0.0,,2000.0,2000.0,
"L_uu_weight[22, 44]",0.0,0.0,0.0,0.0,0.0,,2000.0,2000.0,
"L_uu_weight[22, 45]",0.0,0.0,0.0,0.0,0.0,,2000.0,2000.0,
"L_uu_weight[22, 46]",0.0,0.0,0.0,0.0,0.0,,2000.0,2000.0,
"L_uu_weight[22, 47]",0.0,0.0,0.0,0.0,0.0,,2000.0,2000.0,
"L_uu_weight[22, 48]",0.0,0.0,0.0,0.0,0.0,,2000.0,2000.0,
"L_uu_weight[22, 49]",0.0,0.0,0.0,0.0,0.0,,2000.0,2000.0,
"L_uu_weight[23, 0]",0.063,0.058,0.0,0.172,0.002,0.002,968.727,1060.73,1.003
"L_uu_weight[23, 1]",0.153,0.115,0.0,0.367,0.004,0.003,966.47,1060.506,1.002
"L_uu_weight[23, 2]",0.146,0.072,0.002,0.263,0.002,0.001,986.967,1060.506,1.002
"L_uu_weight[23, 3]",0.196,0.104,0.005,0.372,0.003,0.002,980.524,1081.93,1.002
"L_uu_weight[23, 4]",0.192,0.096,0.014,0.362,0.003,0.002,1003.727,1207.162,1.002
"L_uu_weight[23, 5]",0.201,0.076,0.049,0.348,0.002,0.002,1059.831,1231.35,1.001
"L_uu_weight[23, 6]",0.232,0.074,0.069,0.364,0.002,0.002,1110.528,1231.35,1.0
"L_uu_weight[23, 7]",0.258,0.079,0.083,0.389,0.002,0.002,1128.779,1255.263,1.0
"L_uu_weight[23, 8]",0.269,0.075,0.125,0.408,0.002,0.001,1197.818,1409.887,1.0
"L_uu_weight[23, 9]",0.272,0.065,0.151,0.391,0.002,0.001,1389.606,1392.934,0.999
"L_uu_weight[23, 10]",0.274,0.059,0.171,0.383,0.001,0.001,1586.151,1461.887,0.999
"L_uu_weight[23, 11]",0.273,0.057,0.173,0.378,0.001,0.001,1698.214,1480.162,0.999
"L_uu_weight[23, 12]",0.267,0.056,0.168,0.371,0.001,0.001,1680.856,1513.075,1.001
"L_uu_weight[23, 13]",0.254,0.056,0.158,0.361,0.001,0.001,1557.664,1469.437,1.001
"L_uu_weight[23, 14]",0.234,0.056,0.142,0.343,0.002,0.001,1417.874,1368.661,1.001
"L_uu_weight[23, 15]",0.21,0.056,0.123,0.321,0.002,0.002,1328.712,1354.878,1.001
"L_uu_weight[23, 16]",0.183,0.054,0.098,0.285,0.002,0.002,1290.252,1334.351,1.001
"L_uu_weight[23, 17]",0.153,0.049,0.078,0.246,0.001,0.002,1283.94,1297.671,1.001
"L_uu_weight[23, 18]",0.123,0.042,0.059,0.2,0.001,0.002,1279.956,1371.165,1.001
"L_uu_weight[23, 19]",0.095,0.033,0.046,0.155,0.001,0.001,1279.111,1313.841,1.001
"L_uu_weight[23, 20]",0.069,0.023,0.035,0.112,0.001,0.001,1276.548,1294.358,1.001
"L_uu_weight[23, 21]",0.046,0.015,0.024,0.073,0.0,0.001,1283.864,1331.773,1.001
"L_uu_weight[23, 22]",0.029,0.008,0.015,0.043,0.0,0.0,1330.033,1310.208,1.001
"L_uu_weight[23, 23]",0.02,0.004,0.012,0.028,0.0,0.0,1565.832,1467.197,1.0
"L_uu_weight[23, 24]",0.0,0.0,0.0,0.0,0.0,,2000.0,2000.0,
"L_uu_weight[23, 25]",0.0,0.0,0.0,0.0,0.0,,2000.0,2000.0,
"L_uu_weight[23, 26]",0.0,0.0,0.0,0.0,0.0,,2000.0,2000.0,
"L_uu_weight[23, 27]",0.0,0.0,0.0,0.0,0.0,,2000.0,2000.0,
"L_uu_weight[23, 28]",0.0,0.0,0.0,0.0,0.0,,2000.0,2000.0,
"L_uu_weight[23, 29]",0.0,0.0,0.0,0.0,0.0,,2000.0,2000.0,
"L_uu_weight[23, 30]",0.0,0.0,0.0,0.0,0.0,,2000.0,2000.0,
"L_uu_weight[23, 31]",0.0,0.0,0.0,0.0,0.0,,2000.0,2000.0,
"L_uu_weight[23, 32]",0.0,0.0,0.0,0.0,0.0,,2000.0,2000.0,
"L_uu_weight[23, 33]",0.0,0.0,0.0,0.0,0.0,,2000.0,2000.0,
"L_uu_weight[23, 34]",0.0,0.0,0.0,0.0,0.0,,2000.0,2000.0,
"L_uu_weight[23, 35]",0.0,0.0,0.0,0.0,0.0,,2000.0,2000.0,
"L_uu_weight[23, 36]",0.0,0.0,0.0,0.0,0.0,,2000.0,2000.0,
"L_uu_weight[23, 37]",0.0,0.0,0.0,0.0,0.0,,2000.0,2000.0,
"L_uu_weight[23, 38]",0.0,0.0,0.0,0.0,0.0,,2000.0,2000.0,
"L_uu_weight[23, 39]",0.0,0.0,0.0,0.0,0.0,,2000.0,2000.0,
"L_uu_weight[23, 40]",0.0,0.0,0.0,0.0,0.0,,2000.0,2000.0,
"L_uu_weight[23, 41]",0.0,0.0,0.0,0.0,0.0,,2000.0,2000.0,
"L_uu_weight[23, 42]",0.0,0.0,0.0,0.0,0.0,,2000.0,2000.0,
"L_uu_weight[23, 43]",0.0,0.0,0.0,0.0,0.0,,2000.0,2000.0,
"L_uu_weight[23, 44]",0.0,0.0,0.0,0.0,0.0,,2000.0,2000.0,
"L_uu_weight[23, 45]",0.0,0.0,0.0,0.0,0.0,,2000.0,2000.0,
"L_uu_weight[23, 46]",0.0,0.0,0.0,0.0,0.0,,2000.0,2000.0,
"L_uu_weight[23, 47]",0.0,0.0,0.0,0.0,0.0,,2000.0,2000.0,
"L_uu_weight[23, 48]",0.0,0.0,0.0,0.0,0.0,,2000.0,2000.0,
"L_uu_weight[23, 49]",0.0,0.0,0.0,0.0,0.0,,2000.0,2000.0,
"L_uu_weight[24, 0]",0.051,0.05,0.0,0.144,0.002,0.002,969.939,1097.834,1.003
"L_uu_weight[24, 1]",0.128,0.104,0.0,0.321,0.003,0.003,965.71,1060.73,1.003
"L_uu_weight[24, 2]",0.126,0.068,0.001,0.24,0.002,0.001,977.314,1060.506,1.002
"L_uu_weight[24, 3]",0.172,0.099,0.002,0.343,0.003,0.002,974.753,1060.506,1.002
"L_uu_weight[24, 4]",0.17,0.093,0.006,0.337,0.003,0.002,989.414,1115.398,1.002
"L_uu_weight[24, 5]",0.181,0.076,0.026,0.323,0.002,0.002,1024.167,1215.244,1.001
"L_uu_weight[24, 6]",0.212,0.076,0.053,0.349,0.002,0.002,1059.985,1207.162,1.001
"L_uu_weight[24, 7]",0.24,0.082,0.07,0.384,0.003,0.002,1079.131,1252.581,1.001
"L_uu_weight[24, 8]",0.255,0.08,0.101,0.406,0.002,0.002,1123.247,1306.171,1.0
"L_uu_weight[24, 9]",0.262,0.071,0.135,0.406,0.002,0.001,1245.608,1390.676,0.999
"L_uu_weight[24, 10]",0.268,0.063,0.153,0.384,0.002,0.001,1430.352,1326.519,0.999
"L_uu_weight[24, 11]",0.274,0.059,0.173,0.385,0.001,0.001,1551.494,1428.375,0.999
"L_uu_weight[24, 12]",0.273,0.057,0.177,0.383,0.001,0.001,1677.247,1428.281,0.999
"L_uu_weight[24, 13]",0.266,0.056,0.167,0.369,0.001,0.001,1679.14,1362.036,1.0
"L_uu_weight[24, 14]",0.252,0.056,0.157,0.359,0.001,0.001,1545.262,1470.499,1.002
"L_uu_weight[24, 15]",0.233,0.057,0.141,0.341,0.002,0.001,1403.186,1408.466,1.001
"L_uu_weight[24, 16]",0.209,0.057,0.119,0.317,0.002,0.002,1323.919,1354.616,1.001
"L_uu_weight[24, 17]",0.182,0.054,0.097,0.284,0.002,0.002,1300.672,1334.351,1.001
"L_uu_weight[24, 18]",0.152,0.049,0.077,0.245,0.001,0.002,1291.098,1292.162,1.001
"L_uu_weight[24, 19]",0.123,0.041,0.059,0.199,0.001,0.002,1278.82,1332.006,1.001
"L_uu_weight[24, 20]",0.094,0.033,0.046,0.155,0.001,0.001,1272.61,1313.841,1.001
"L_uu_weight[24, 21]",0.068,0.023,0.035,0.112,0.001,0.001,1269.09,1314.62,1.001
"L_uu_weight[24, 22]",0.046,0.015,0.024,0.073,0.0,0.001,1280.654,1331.539,1.001
"L_uu_weight[24, 23]",0.029,0.008,0.016,0.043,0.0,0.0,1330.574,1310.208,1.001
"L_uu_weight[24, 24]",0.02,0.004,0.012,0.028,0.0,0.0,1565.916,1457.446,1.0
"L_uu_weight[24, 25]",0.0,0.0,0.0,0.0,0.0,,2000.0,2000.0,
"L_uu_weight[24, 26]",0.0,0.0,0.0,0.0,0.0,,2000.0,2000.0,
"L_uu_weight[24, 27]",0.0,0.0,0.0,0.0,0.0,,2000.0,2000.0,
"L_uu_weight[24, 28]",0.0,0.0,0.0,0.0,0.0,,2000.0,2000.0,
"L_uu_weight[24, 29]",0.0,0.0,0.0,0.0,0.0,,2000.0,2000.0,
"L_uu_weight[24, 30]",0.0,0.0,0.0,0.0,0.0,,2000.0,2000.0,
"L_uu_weight[24, 31]",0.0,0.0,0.0,0.0,0.0,,2000.0,2000.0,
"L_uu_weight[24, 32]",0.0,0.0,0.0,0.0,0.0,,2000.0,2000.0,
"L_uu_weight[24, 33]",0.0,0.0,0.0,0.0,0.0,,2000.0,2000.0,
"L_uu_weight[24, 34]",0.0,0.0,0.0,0.0,0.0,,2000.0,2000.0,
"L_uu_weight[24, 35]",0.0,0.0,0.0,0.0,0.0,,2000.0,2000.0,
"L_uu_weight[24, 36]",0.0,0.0,0.0,0.0,0.0,,2000.0,2000.0,
"L_uu_weight[24, 37]",0.0,0.0,0.0,0.0,0.0,,2000.0,2000.0,
"L_uu_weight[24, 38]",0.0,0.0,0.0,0.0,0.0,,2000.0,2000.0,
"L_uu_weight[24, 39]",0.0,0.0,0.0,0.0,0.0,,2000.0,2000.0,
"L_uu_weight[24, 40]",0.0,0.0,0.0,0.0,0.0,,2000.0,2000.0,
"L_uu_weight[24, 41]",0.0,0.0,0.0,0.0,0.0,,2000.0,2000.0,
"L_uu_weight[24, 42]",0.0,0.0,0.0,0.0,0.0,,2000.0,2000.0,
"L_uu_weight[24, 43]",0.0,0.0,0.0,0.0,0.0,,2000.0,2000.0,
"L_uu_weight[24, 44]",0.0,0.0,0.0,0.0,0.0,,2000.0,2000.0,
"L_uu_weight[24, 45]",0.0,0.0,0.0,0.0,0.0,,2000.0,2000.0,
"L_uu_weight[24, 46]",0.0,0.0,0.0,0.0,0.0,,2000.0,2000.0,
"L_uu_weight[24, 47]",0.0,0.0,0.0,0.0,0.0,,2000.0,2000.0,
"L_uu_weight[24, 48]",0.0,0.0,0.0,0.0,0.0,,2000.0,2000.0,
"L_uu_weight[24, 49]",0.0,0.0,0.0,0.0,0.0,,2000.0,2000.0,
"L_uu_weight[25, 0]",0.041,0.043,0.0,0.121,0.001,0.002,971.241,1097.391,1.003
"L_uu_weight[25, 1]",0.106,0.093,0.0,0.282,0.003,0.003,965.8,1097.834,1.003
"L_uu_weight[25, 2]",0.107,0.064,0.0,0.217,0.002,0.001,971.57,1060.506,1.002
"L_uu_weight[25, 3]",0.149,0.094,0.0,0.313,0.003,0.002,969.25,1060.506,1.002
"L_uu_weight[25, 4]",0.15,0.09,0.002,0.312,0.003,0.002,981.316,1081.93,1.002
"L_uu_weight[25, 5]",0.161,0.076,0.009,0.292,0.002,0.002,1003.974,1081.93,1.002
"L_uu_weight[25, 6]",0.191,0.076,0.023,0.316,0.002,0.001,1029.915,1115.398,1.001
"L_uu_weight[25, 7]",0.22,0.084,0.048,0.366,0.003,0.002,1041.131,1231.35,1.001
"L_uu_weight[25, 8]",0.237,0.084,0.075,0.395,0.003,0.002,1071.368,1242.944,1.001
"L_uu_weight[25, 9]",0.248,0.076,0.101,0.395,0.002,0.002,1155.69,1255.263,1.0
"L_uu_weight[25, 10]",0.259,0.067,0.121,0.382,0.002,0.001,1294.159,1400.496,0.999
"L_uu_weight[25, 11]",0.269,0.062,0.149,0.38,0.002,0.001,1401.643,1400.187,0.999
"L_uu_weight[25, 12]",0.274,0.059,0.171,0.384,0.002,0.001,1525.07,1496.124,0.999
"L_uu_weight[25, 13]",0.273,0.056,0.172,0.376,0.001,0.001,1682.774,1518.924,0.999
"L_uu_weight[25, 14]",0.264,0.055,0.17,0.371,0.001,0.001,1682.364,1400.647,1.001
"L_uu_weight[25, 15]",0.25,0.056,0.156,0.359,0.001,0.001,1529.843,1445.309,1.001
"L_uu_weight[25, 16]",0.231,0.057,0.14,0.342,0.002,0.001,1397.307,1400.592,1.001
"L_uu_weight[25, 17]",0.208,0.057,0.119,0.319,0.002,0.002,1334.61,1315.39,1.001
"L_uu_weight[25, 18]",0.181,0.054,0.092,0.28,0.002,0.002,1307.211,1373.316,1.001
"L_uu_weight[25, 19]",0.152,0.049,0.076,0.244,0.001,0.002,1290.171,1315.41,1.001
"L_uu_weight[25, 20]",0.122,0.041,0.061,0.201,0.001,0.002,1271.362,1333.299,1.001
"L_uu_weight[25, 21]",0.094,0.033,0.047,0.155,0.001,0.001,1265.954,1314.62,1.001
"L_uu_weight[25, 22]",0.068,0.023,0.035,0.112,0.001,0.001,1267.858,1314.62,1.001
"L_uu_weight[25, 23]",0.046,0.015,0.024,0.073,0.0,0.001,1283.249,1331.539,1.001
"L_uu_weight[25, 24]",0.028,0.008,0.016,0.043,0.0,0.0,1332.523,1275.475,1.001
"L_uu_weight[25, 25]",0.02,0.004,0.012,0.027,0.0,0.0,1567.197,1457.446,1.0
"L_uu_weight[25, 26]",0.0,0.0,0.0,0.0,0.0,,2000.0,2000.0,
"L_uu_weight[25, 27]",0.0,0.0,0.0,0.0,0.0,,2000.0,2000.0,
"L_uu_weight[25, 28]",0.0,0.0,0.0,0.0,0.0,,2000.0,2000.0,
"L_uu_weight[25, 29]",0.0,0.0,0.0,0.0,0.0,,2000.0,2000.0,
"L_uu_weight[25, 30]",0.0,0.0,0.0,0.0,0.0,,2000.0,2000.0,
"L_uu_weight[25, 31]",0.0,0.0,0.0,0.0,0.0,,2000.0,2000.0,
"L_uu_weight[25, 32]",0.0,0.0,0.0,0.0,0.0,,2000.0,2000.0,
"L_uu_weight[25, 33]",0.0,0.0,0.0,0.0,0.0,,2000.0,2000.0,
"L_uu_weight[25, 34]",0.0,0.0,0.0,0.0,0.0,,2000.0,2000.0,
"L_uu_weight[25, 35]",0.0,0.0,0.0,0.0,0.0,,2000.0,2000.0,
"L_uu_weight[25, 36]",0.0,0.0,0.0,0.0,0.0,,2000.0,2000.0,
"L_uu_weight[25, 37]",0.0,0.0,0.0,0.0,0.0,,2000.0,2000.0,
"L_uu_weight[25, 38]",0.0,0.0,0.0,0.0,0.0,,2000.0,2000.0,
"L_uu_weight[25, 39]",0.0,0.0,0.0,0.0,0.0,,2000.0,2000.0,
"L_uu_weight[25, 40]",0.0,0.0,0.0,0.0,0.0,,2000.0,2000.0,
"L_uu_weight[25, 41]",0.0,0.0,0.0,0.0,0.0,,2000.0,2000.0,
"L_uu_weight[25, 42]",0.0,0.0,0.0,0.0,0.0,,2000.0,2000.0,
"L_uu_weight[25, 43]",0.0,0.0,0.0,0.0,0.0,,2000.0,2000.0,
"L_uu_weight[25, 44]",0.0,0.0,0.0,0.0,0.0,,2000.0,2000.0,
"L_uu_weight[25, 45]",0.0,0.0,0.0,0.0,0.0,,2000.0,2000.0,
"L_uu_weight[25, 46]",0.0,0.0,0.0,0.0,0.0,,2000.0,2000.0,
"L_uu_weight[25, 47]",0.0,0.0,0.0,0.0,0.0,,2000.0,2000.0,
"L_uu_weight[25, 48]",0.0,0.0,0.0,0.0,0.0,,2000.0,2000.0,
"L_uu_weight[25, 49]",0.0,0.0,0.0,0.0,0.0,,2000.0,2000.0,
"L_uu_weight[26, 0]",0.032,0.036,0.0,0.1,0.001,0.001,970.916,1123.149,1.003
"L_uu_weight[26, 1]",0.088,0.082,0.0,0.242,0.003,0.003,967.009,1097.391,1.003
"L_uu_weight[26, 2]",0.09,0.059,0.0,0.194,0.002,0.001,964.383,1060.73,1.002
"L_uu_weight[26, 3]",0.128,0.087,0.0,0.284,0.003,0.002,965.024,1060.506,1.002
"L_uu_weight[26, 4]",0.13,0.085,0.0,0.284,0.003,0.002,974.508,1060.506,1.002
"L_uu_weight[26, 5]",0.142,0.073,0.003,0.267,0.002,0.002,989.793,1083.791,1.002
"L_uu_weight[26, 6]",0.171,0.075,0.006,0.289,0.002,0.001,1004.077,1081.93,1.002
"L_uu_weight[26, 7]",0.199,0.084,0.025,0.34,0.003,0.002,1015.187,1207.625,1.001
"L_uu_weight[26, 8]",0.218,0.087,0.042,0.37,0.003,0.002,1035.928,1231.35,1.001
"L_uu_weight[26, 9]",0.232,0.08,0.058,0.371,0.002,0.002,1094.213,1242.944,1.001
"L_uu_weight[26, 10]",0.245,0.072,0.1,0.381,0.002,0.001,1184.32,1224.009,1.0
"L_uu_weight[26, 11]",0.259,0.066,0.118,0.374,0.002,0.001,1279.64,1403.899,1.0
"L_uu_weight[26, 12]",0.269,0.063,0.151,0.384,0.002,0.001,1369.908,1494.681,0.999
"L_uu_weight[26, 13]",0.273,0.059,0.169,0.381,0.001,0.001,1532.999,1517.68,1.0
"L_uu_weight[26, 14]",0.271,0.056,0.169,0.37,0.001,0.001,1695.353,1409.425,1.0
"L_uu_weight[26, 15]",0.263,0.055,0.168,0.37,0.001,0.001,1674.356,1462.713,1.002
"L_uu_weight[26, 16]",0.249,0.056,0.159,0.364,0.001,0.001,1524.708,1451.156,1.001
"L_uu_weight[26, 17]",0.23,0.057,0.135,0.338,0.002,0.001,1404.931,1346.854,1.001
"L_uu_weight[26, 18]",0.207,0.057,0.119,0.318,0.002,0.002,1342.776,1317.051,1.001
"L_uu_weight[26, 19]",0.18,0.054,0.098,0.286,0.002,0.002,1304.08,1373.316,1.001
"L_uu_weight[26, 20]",0.151,0.049,0.078,0.245,0.001,0.002,1281.226,1315.41,1.001
"L_uu_weight[26, 21]",0.122,0.042,0.059,0.199,0.001,0.002,1264.882,1333.299,1.001
"L_uu_weight[26, 22]",0.094,0.033,0.047,0.155,0.001,0.001,1263.323,1314.62,1.001
"L_uu_weight[26, 23]",0.068,0.023,0.034,0.112,0.001,0.001,1269.561,1296.679,1.001
"L_uu_weight[26, 24]",0.046,0.015,0.023,0.073,0.0,0.001,1286.923,1331.773,1.001
"L_uu_weight[26, 25]",0.028,0.008,0.016,0.043,0.0,0.0,1333.608,1275.475,1.001
"L_uu_weight[26, 26]",0.02,0.004,0.012,0.027,0.0,0.0,1568.033,1466.493,0.999
"L_uu_weight[26, 27]",0.0,0.0,0.0,0.0,0.0,,2000.0,2000.0,
"L_uu_weight[26, 28]",0.0,0.0,0.0,0.0,0.0,,2000.0,2000.0,
"L_uu_weight[26, 29]",0.0,0.0,0.0,0.0,0.0,,2000.0,2000.0,
"L_uu_weight[26, 30]",0.0,0.0,0.0,0.0,0.0,,2000.0,2000.0,
"L_uu_weight[26, 31]",0.0,0.0,0.0,0.0,0.0,,2000.0,2000.0,
"L_uu_weight[26, 32]",0.0,0.0,0.0,0.0,0.0,,2000.0,2000.0,
"L_uu_weight[26, 33]",0.0,0.0,0.0,0.0,0.0,,2000.0,2000.0,
"L_uu_weight[26, 34]",0.0,0.0,0.0,0.0,0.0,,2000.0,2000.0,
"L_uu_weight[26, 35]",0.0,0.0,0.0,0.0,0.0,,2000.0,2000.0,
"L_uu_weight[26, 36]",0.0,0.0,0.0,0.0,0.0,,2000.0,2000.0,
"L_uu_weight[26, 37]",0.0,0.0,0.0,0.0,0.0,,2000.0,2000.0,
"L_uu_weight[26, 38]",0.0,0.0,0.0,0.0,0.0,,2000.0,2000.0,
"L_uu_weight[26, 39]",0.0,0.0,0.0,0.0,0.0,,2000.0,2000.0,
"L_uu_weight[26, 40]",0.0,0.0,0.0,0.0,0.0,,2000.0,2000.0,
"L_uu_weight[26, 41]",0.0,0.0,0.0,0.0,0.0,,2000.0,2000.0,
"L_uu_weight[26, 42]",0.0,0.0,0.0,0.0,0.0,,2000.0,2000.0,
"L_uu_weight[26, 43]",0.0,0.0,0.0,0.0,0.0,,2000.0,2000.0,
"L_uu_weight[26, 44]",0.0,0.0,0.0,0.0,0.0,,2000.0,2000.0,
"L_uu_weight[26, 45]",0.0,0.0,0.0,0.0,0.0,,2000.0,2000.0,
"L_uu_weight[26, 46]",0.0,0.0,0.0,0.0,0.0,,2000.0,2000.0,
"L_uu_weight[26, 47]",0.0,0.0,0.0,0.0,0.0,,2000.0,2000.0,
"L_uu_weight[26, 48]",0.0,0.0,0.0,0.0,0.0,,2000.0,2000.0,
"L_uu_weight[26, 49]",0.0,0.0,0.0,0.0,0.0,,2000.0,2000.0,
"L_uu_weight[27, 0]",0.026,0.031,0.0,0.082,0.001,0.001,971.741,1123.149,1.003
"L_uu_weight[27, 1]",0.072,0.072,0.0,0.207,0.002,0.002,968.289,1097.391,1.003
"L_uu_weight[27, 2]",0.076,0.053,0.0,0.172,0.002,0.001,961.806,1097.834,1.002
"L_uu_weight[27, 3]",0.108,0.08,0.0,0.256,0.003,0.002,962.159,1060.73,1.002
"L_uu_weight[27, 4]",0.112,0.079,0.0,0.26,0.002,0.002,970.799,1060.506,1.002
"L_uu_weight[27, 5]",0.123,0.07,0.0,0.245,0.002,0.002,981.704,1060.506,1.002
"L_uu_weight[27, 6]",0.15,0.073,0.002,0.267,0.002,0.001,987.344,1060.506,1.002
"L_uu_weight[27, 7]",0.178,0.083,0.009,0.314,0.003,0.001,993.733,1115.398,1.002
"L_uu_weight[27, 8]",0.198,0.088,0.025,0.352,0.003,0.002,1013.13,1207.162,1.002
"L_uu_weight[27, 9]",0.213,0.083,0.041,0.363,0.003,0.002,1048.627,1231.35,1.001
"L_uu_weight[27, 10]",0.229,0.075,0.076,0.374,0.002,0.002,1109.001,1228.555,1.0
"L_uu_weight[27, 11]",0.246,0.071,0.093,0.37,0.002,0.001,1179.539,1255.263,1.0
"L_uu_weight[27, 12]",0.26,0.067,0.118,0.375,0.002,0.001,1256.352,1384.918,1.0
"L_uu_weight[27, 13]",0.269,0.063,0.152,0.385,0.002,0.001,1377.625,1416.413,0.999
"L_uu_weight[27, 14]",0.272,0.058,0.167,0.377,0.001,0.001,1558.176,1495.164,0.999
"L_uu_weight[27, 15]",0.269,0.056,0.17,0.37,0.001,0.001,1703.005,1418.122,1.0
"L_uu_weight[27, 16]",0.261,0.055,0.165,0.366,0.001,0.001,1678.956,1425.88,1.001
"L_uu_weight[27, 17]",0.248,0.056,0.158,0.362,0.001,0.001,1526.537,1485.997,1.001
"L_uu_weight[27, 18]",0.23,0.057,0.136,0.338,0.002,0.001,1411.535,1386.219,1.001
"L_uu_weight[27, 19]",0.206,0.057,0.117,0.316,0.002,0.002,1339.817,1392.494,1.001
"L_uu_weight[27, 20]",0.18,0.054,0.096,0.283,0.002,0.002,1293.042,1334.351,1.001
"L_uu_weight[27, 21]",0.151,0.049,0.075,0.242,0.001,0.002,1274.252,1280.593,1.001
"L_uu_weight[27, 22]",0.122,0.042,0.059,0.199,0.001,0.002,1263.532,1333.299,1.001
"L_uu_weight[27, 23]",0.093,0.033,0.047,0.156,0.001,0.001,1265.996,1314.62,1.001
"L_uu_weight[27, 24]",0.068,0.023,0.034,0.112,0.001,0.001,1273.331,1296.679,1.001
"L_uu_weight[27, 25]",0.046,0.015,0.023,0.073,0.0,0.001,1288.78,1331.773,1.001
"L_uu_weight[27, 26]",0.028,0.008,0.015,0.043,0.0,0.0,1332.262,1275.475,1.001
"L_uu_weight[27, 27]",0.02,0.004,0.012,0.027,0.0,0.0,1566.327,1466.493,0.999
"L_uu_weight[27, 28]",0.0,0.0,0.0,0.0,0.0,,2000.0,2000.0,
"L_uu_weight[27, 29]",0.0,0.0,0.0,0.0,0.0,,2000.0,2000.0,
"L_uu_weight[27, 30]",0.0,0.0,0.0,0.0,0.0,,2000.0,2000.0,
"L_uu_weight[27, 31]",0.0,0.0,0.0,0.0,0.0,,2000.0,2000.0,
"L_uu_weight[27, 32]",0.0,0.0,0.0,0.0,0.0,,2000.0,2000.0,
"L_uu_weight[27, 33]",0.0,0.0,0.0,0.0,0.0,,2000.0,2000.0,
"L_uu_weight[27, 34]",0.0,0.0,0.0,0.0,0.0,,2000.0,2000.0,
"L_uu_weight[27, 35]",0.0,0.0,0.0,0.0,0.0,,2000.0,2000.0,
"L_uu_weight[27, 36]",0.0,0.0,0.0,0.0,0.0,,2000.0,2000.0,
"L_uu_weight[27, 37]",0.0,0.0,0.0,0.0,0.0,,2000.0,2000.0,
"L_uu_weight[27, 38]",0.0,0.0,0.0,0.0,0.0,,2000.0,2000.0,
"L_uu_weight[27, 39]",0.0,0.0,0.0,0.0,0.0,,2000.0,2000.0,
"L_uu_weight[27, 40]",0.0,0.0,0.0,0.0,0.0,,2000.0,2000.0,
"L_uu_weight[27, 41]",0.0,0.0,0.0,0.0,0.0,,2000.0,2000.0,
"L_uu_weight[27, 42]",0.0,0.0,0.0,0.0,0.0,,2000.0,2000.0,
"L_uu_weight[27, 43]",0.0,0.0,0.0,0.0,0.0,,2000.0,2000.0,
"L_uu_weight[27, 44]",0.0,0.0,0.0,0.0,0.0,,2000.0,2000.0,
"L_uu_weight[27, 45]",0.0,0.0,0.0,0.0,0.0,,2000.0,2000.0,
"L_uu_weight[27, 46]",0.0,0.0,0.0,0.0,0.0,,2000.0,2000.0,
"L_uu_weight[27, 47]",0.0,0.0,0.0,0.0,0.0,,2000.0,2000.0,
"L_uu_weight[27, 48]",0.0,0.0,0.0,0.0,0.0,,2000.0,2000.0,
"L_uu_weight[27, 49]",0.0,0.0,0.0,0.0,0.0,,2000.0,2000.0,
"L_uu_weight[28, 0]",0.02,0.026,0.0,0.067,0.001,0.001,972.149,1123.149,1.003
"L_uu_weight[28, 1]",0.058,0.062,0.0,0.177,0.002,0.002,969.066,1123.149,1.003
"L_uu_weight[28, 2]",0.063,0.048,0.0,0.151,0.002,0.001,959.377,1097.391,1.003
"L_uu_weight[28, 3]",0.091,0.073,0.0,0.228,0.002,0.002,961.857,1097.834,1.003
"L_uu_weight[28, 4]",0.096,0.073,0.0,0.233,0.002,0.002,967.607,1060.506,1.002
"L_uu_weight[28, 5]",0.106,0.066,0.0,0.224,0.002,0.002,974.364,1060.506,1.002
"L_uu_weight[28, 6]",0.131,0.07,0.001,0.246,0.002,0.001,974.726,1060.506,1.002
"L_uu_weight[28, 7]",0.158,0.081,0.005,0.291,0.003,0.001,979.661,1083.791,1.002
"L_uu_weight[28, 8]",0.178,0.087,0.01,0.324,0.003,0.002,993.14,1115.398,1.002
"L_uu_weight[28, 9]",0.194,0.084,0.019,0.34,0.003,0.002,1021.521,1215.244,1.001
"L_uu_weight[28, 10]",0.211,0.078,0.038,0.345,0.002,0.002,1061.832,1231.35,1.001
"L_uu_weight[28, 11]",0.23,0.074,0.073,0.365,0.002,0.002,1104.333,1276.849,1.0
"L_uu_weight[28, 12]",0.247,0.072,0.098,0.377,0.002,0.001,1167.825,1270.623,1.0
"L_uu_weight[28, 13]",0.26,0.068,0.119,0.378,0.002,0.001,1256.654,1404.382,1.0
"L_uu_weight[28, 14]",0.268,0.062,0.152,0.378,0.002,0.001,1399.822,1385.489,0.999
"L_uu_weight[28, 15]",0.271,0.058,0.168,0.376,0.001,0.001,1577.184,1473.955,1.0
"L_uu_weight[28, 16]",0.268,0.056,0.168,0.366,0.001,0.001,1705.485,1416.559,0.999
"L_uu_weight[28, 17]",0.261,0.055,0.165,0.367,0.001,0.001,1683.72,1512.847,1.001
"L_uu_weight[28, 18]",0.248,0.056,0.154,0.358,0.001,0.001,1534.702,1462.764,1.001
"L_uu_weight[28, 19]",0.229,0.057,0.137,0.34,0.002,0.001,1403.763,1367.661,1.001
"L_uu_weight[28, 20]",0.206,0.057,0.116,0.316,0.002,0.002,1329.745,1392.494,1.001
"L_uu_weight[28, 21]",0.179,0.054,0.096,0.283,0.002,0.002,1287.915,1334.351,1.001
"L_uu_weight[28, 22]",0.151,0.049,0.074,0.241,0.001,0.002,1271.738,1280.593,1.001
"L_uu_weight[28, 23]",0.121,0.042,0.06,0.2,0.001,0.002,1264.624,1333.299,1.001
"L_uu_weight[28, 24]",0.093,0.033,0.046,0.155,0.001,0.001,1271.7,1314.62,1.001
"L_uu_weight[28, 25]",0.068,0.023,0.034,0.111,0.001,0.001,1275.38,1314.62,1.001
"L_uu_weight[28, 26]",0.046,0.015,0.023,0.073,0.0,0.001,1286.839,1331.773,1.001
"L_uu_weight[28, 27]",0.028,0.008,0.015,0.043,0.0,0.0,1329.495,1275.475,1.001
"L_uu_weight[28, 28]",0.02,0.004,0.012,0.027,0.0,0.0,1564.828,1467.197,0.999
"L_uu_weight[28, 29]",0.0,0.0,0.0,0.0,0.0,,2000.0,2000.0,
"L_uu_weight[28, 30]",0.0,0.0,0.0,0.0,0.0,,2000.0,2000.0,
"L_uu_weight[28, 31]",0.0,0.0,0.0,0.0,0.0,,2000.0,2000.0,
"L_uu_weight[28, 32]",0.0,0.0,0.0,0.0,0.0,,2000.0,2000.0,
"L_uu_weight[28, 33]",0.0,0.0,0.0,0.0,0.0,,2000.0,2000.0,
"L_uu_weight[28, 34]",0.0,0.0,0.0,0.0,0.0,,2000.0,2000.0,
"L_uu_weight[28, 35]",0.0,0.0,0.0,0.0,0.0,,2000.0,2000.0,
"L_uu_weight[28, 36]",0.0,0.0,0.0,0.0,0.0,,2000.0,2000.0,
"L_uu_weight[28, 37]",0.0,0.0,0.0,0.0,0.0,,2000.0,2000.0,
"L_uu_weight[28, 38]",0.0,0.0,0.0,0.0,0.0,,2000.0,2000.0,
"L_uu_weight[28, 39]",0.0,0.0,0.0,0.0,0.0,,2000.0,2000.0,
"L_uu_weight[28, 40]",0.0,0.0,0.0,0.0,0.0,,2000.0,2000.0,
"L_uu_weight[28, 41]",0.0,0.0,0.0,0.0,0.0,,2000.0,2000.0,
"L_uu_weight[28, 42]",0.0,0.0,0.0,0.0,0.0,,2000.0,2000.0,
"L_uu_weight[28, 43]",0.0,0.0,0.0,0.0,0.0,,2000.0,2000.0,
"L_uu_weight[28, 44]",0.0,0.0,0.0,0.0,0.0,,2000.0,2000.0,
"L_uu_weight[28, 45]",0.0,0.0,0.0,0.0,0.0,,2000.0,2000.0,
"L_uu_weight[28, 46]",0.0,0.0,0.0,0.0,0.0,,2000.0,2000.0,
"L_uu_weight[28, 47]",0.0,0.0,0.0,0.0,0.0,,2000.0,2000.0,
"L_uu_weight[28, 48]",0.0,0.0,0.0,0.0,0.0,,2000.0,2000.0,
"L_uu_weight[28, 49]",0.0,0.0,0.0,0.0,0.0,,2000.0,2000.0,
"L_uu_weight[29, 0]",0.016,0.021,0.0,0.055,0.001,0.001,972.432,1097.214,1.003
"L_uu_weight[29, 1]",0.047,0.054,0.0,0.149,0.002,0.002,969.417,1123.149,1.003
"L_uu_weight[29, 2]",0.052,0.043,0.0,0.132,0.001,0.001,960.549,1097.391,1.003
"L_uu_weight[29, 3]",0.076,0.065,0.0,0.2,0.002,0.002,961.948,1097.391,1.003
"L_uu_weight[29, 4]",0.081,0.067,0.0,0.207,0.002,0.002,967.082,1060.73,1.003
"L_uu_weight[29, 5]",0.091,0.062,0.0,0.203,0.002,0.002,969.296,1060.73,1.002
"L_uu_weight[29, 6]",0.113,0.066,0.0,0.225,0.002,0.001,967.592,1060.506,1.002
"L_uu_weight[29, 7]",0.138,0.077,0.001,0.267,0.002,0.001,971.368,1060.506,1.002
"L_uu_weight[29, 8]",0.158,0.085,0.005,0.304,0.003,0.002,983.489,1081.93,1.002
"L_uu_weight[29, 9]",0.174,0.084,0.006,0.317,0.003,0.002,1002.887,1081.93,1.002
"L_uu_weight[29, 10]",0.192,0.079,0.031,0.34,0.002,0.002,1028.711,1115.398,1.001
"L_uu_weight[29, 11]",0.212,0.077,0.039,0.339,0.002,0.002,1059.599,1231.35,1.001
"L_uu_weight[29, 12]",0.232,0.075,0.077,0.369,0.002,0.001,1098.304,1242.944,1.001
"L_uu_weight[29, 13]",0.248,0.072,0.102,0.383,0.002,0.001,1165.644,1255.263,1.0
"L_uu_weight[29, 14]",0.259,0.067,0.127,0.385,0.002,0.001,1275.583,1364.981,0.999
"L_uu_weight[29, 15]",0.267,0.062,0.15,0.377,0.002,0.001,1416.301,1415.989,0.999
"L_uu_weight[29, 16]",0.27,0.057,0.168,0.374,0.001,0.001,1578.558,1449.976,0.999
"L_uu_weight[29, 17]",0.268,0.055,0.169,0.368,0.001,0.001,1708.947,1478.809,1.0
"L_uu_weight[29, 18]",0.26,0.055,0.167,0.369,0.001,0.001,1682.144,1489.299,1.001
"L_uu_weight[29, 19]",0.247,0.056,0.153,0.356,0.001,0.001,1523.658,1440.772,1.001
"L_uu_weight[29, 20]",0.228,0.057,0.138,0.34,0.002,0.001,1389.543,1370.294,1.001
"L_uu_weight[29, 21]",0.205,0.057,0.115,0.315,0.002,0.002,1320.234,1317.051,1.001
"L_uu_weight[29, 22]",0.179,0.054,0.095,0.282,0.002,0.002,1285.585,1334.351,1.001
"L_uu_weight[29, 23]",0.15,0.049,0.073,0.24,0.001,0.002,1276.188,1366.691,1.001
"L_uu_weight[29, 24]",0.121,0.042,0.06,0.2,0.001,0.002,1270.084,1333.299,1.001
"L_uu_weight[29, 25]",0.093,0.033,0.046,0.155,0.001,0.001,1271.413,1314.62,1.001
"L_uu_weight[29, 26]",0.068,0.023,0.034,0.111,0.001,0.001,1274.44,1296.679,1.001
"L_uu_weight[29, 27]",0.046,0.015,0.024,0.073,0.0,0.001,1284.862,1331.773,1.001
"L_uu_weight[29, 28]",0.028,0.008,0.016,0.043,0.0,0.0,1325.796,1316.068,1.001
"L_uu_weight[29, 29]",0.02,0.004,0.012,0.027,0.0,0.0,1563.744,1466.493,1.0
"L_uu_weight[29, 30]",0.0,0.0,0.0,0.0,0.0,,2000.0,2000.0,
"L_uu_weight[29, 31]",0.0,0.0,0.0,0.0,0.0,,2000.0,2000.0,
"L_uu_weight[29, 32]",0.0,0.0,0.0,0.0,0.0,,2000.0,2000.0,
"L_uu_weight[29, 33]",0.0,0.0,0.0,0.0,0.0,,2000.0,2000.0,
"L_uu_weight[29, 34]",0.0,0.0,0.0,0.0,0.0,,2000.0,2000.0,
"L_uu_weight[29, 35]",0.0,0.0,0.0,0.0,0.0,,2000.0,2000.0,
"L_uu_weight[29, 36]",0.0,0.0,0.0,0.0,0.0,,2000.0,2000.0,
"L_uu_weight[29, 37]",0.0,0.0,0.0,0.0,0.0,,2000.0,2000.0,
"L_uu_weight[29, 38]",0.0,0.0,0.0,0.0,0.0,,2000.0,2000.0,
"L_uu_weight[29, 39]",0.0,0.0,0.0,0.0,0.0,,2000.0,2000.0,
"L_uu_weight[29, 40]",0.0,0.0,0.0,0.0,0.0,,2000.0,2000.0,
"L_uu_weight[29, 41]",0.0,0.0,0.0,0.0,0.0,,2000.0,2000.0,
"L_uu_weight[29, 42]",0.0,0.0,0.0,0.0,0.0,,2000.0,2000.0,
"L_uu_weight[29, 43]",0.0,0.0,0.0,0.0,0.0,,2000.0,2000.0,
"L_uu_weight[29, 44]",0.0,0.0,0.0,0.0,0.0,,2000.0,2000.0,
"L_uu_weight[29, 45]",0.0,0.0,0.0,0.0,0.0,,2000.0,2000.0,
"L_uu_weight[29, 46]",0.0,0.0,0.0,0.0,0.0,,2000.0,2000.0,
"L_uu_weight[29, 47]",0.0,0.0,0.0,0.0,0.0,,2000.0,2000.0,
"L_uu_weight[29, 48]",0.0,0.0,0.0,0.0,0.0,,2000.0,2000.0,
"L_uu_weight[29, 49]",0.0,0.0,0.0,0.0,0.0,,2000.0,2000.0,
"L_uu_weight[30, 0]",0.012,0.018,0.0,0.044,0.001,0.001,972.96,1072.619,1.003
"L_uu_weight[30, 1]",0.038,0.046,0.0,0.124,0.001,0.002,969.582,1123.149,1.003
"L_uu_weight[30, 2]",0.042,0.038,0.0,0.114,0.001,0.001,960.863,1123.149,1.003
"L_uu_weight[30, 3]",0.063,0.058,0.0,0.175,0.002,0.002,961.69,1097.391,1.003
"L_uu_weight[30, 4]",0.068,0.061,0.0,0.184,0.002,0.002,967.18,1097.834,1.003
"L_uu_weight[30, 5]",0.077,0.057,0.0,0.181,0.002,0.001,966.542,1097.834,1.002
"L_uu_weight[30, 6]",0.097,0.062,0.0,0.204,0.002,0.001,962.449,1060.73,1.002
"L_uu_weight[30, 7]",0.12,0.073,0.0,0.245,0.002,0.001,967.202,1060.506,1.002
"L_uu_weight[30, 8]",0.138,0.081,0.0,0.279,0.003,0.002,975.649,1060.506,1.002
"L_uu_weight[30, 9]",0.154,0.082,0.003,0.298,0.003,0.002,991.278,1083.791,1.002
"L_uu_weight[30, 10]",0.172,0.079,0.009,0.305,0.003,0.002,1006.264,1081.93,1.002
"L_uu_weight[30, 11]",0.193,0.078,0.025,0.323,0.002,0.002,1027.269,1207.625,1.001
"L_uu_weight[30, 12]",0.214,0.078,0.05,0.348,0.002,0.001,1049.701,1231.35,1.001
"L_uu_weight[30, 13]",0.232,0.076,0.082,0.377,0.002,0.001,1099.292,1242.944,1.001
"L_uu_weight[30, 14]",0.247,0.072,0.097,0.378,0.002,0.001,1176.763,1255.263,1.0
"L_uu_weight[30, 15]",0.258,0.066,0.126,0.38,0.002,0.001,1292.009,1382.642,0.999
"L_uu_weight[30, 16]",0.266,0.061,0.153,0.378,0.002,0.001,1418.352,1417.832,0.999
"L_uu_weight[30, 17]",0.269,0.057,0.17,0.378,0.001,0.001,1573.476,1471.022,1.0
"L_uu_weight[30, 18]",0.267,0.055,0.165,0.364,0.001,0.001,1705.607,1447.669,0.999
"L_uu_weight[30, 19]",0.26,0.055,0.167,0.369,0.001,0.001,1668.272,1466.717,1.001
"L_uu_weight[30, 20]",0.246,0.056,0.152,0.356,0.001,0.001,1508.855,1462.952,1.001
"L_uu_weight[30, 21]",0.228,0.057,0.135,0.337,0.002,0.001,1382.16,1370.437,1.001
"L_uu_weight[30, 22]",0.205,0.057,0.115,0.314,0.002,0.002,1320.34,1374.476,1.001
"L_uu_weight[30, 23]",0.178,0.054,0.089,0.277,0.002,0.002,1290.476,1373.316,1.001
"L_uu_weight[30, 24]",0.15,0.049,0.075,0.243,0.001,0.002,1280.043,1366.691,1.001
"L_uu_weight[30, 25]",0.121,0.042,0.06,0.2,0.001,0.002,1271.511,1333.299,1.001
"L_uu_weight[30, 26]",0.093,0.033,0.046,0.154,0.001,0.001,1270.535,1314.62,1.001
"L_uu_weight[30, 27]",0.068,0.023,0.034,0.111,0.001,0.001,1272.017,1296.679,1.001
"L_uu_weight[30, 28]",0.046,0.015,0.023,0.073,0.0,0.001,1283.575,1331.773,1.001
"L_uu_weight[30, 29]",0.028,0.008,0.016,0.043,0.0,0.0,1325.287,1258.579,1.001
"L_uu_weight[30, 30]",0.02,0.004,0.012,0.027,0.0,0.0,1564.334,1457.446,1.0
"L_uu_weight[30, 31]",0.0,0.0,0.0,0.0,0.0,,2000.0,2000.0,
"L_uu_weight[30, 32]",0.0,0.0,0.0,0.0,0.0,,2000.0,2000.0,
"L_uu_weight[30, 33]",0.0,0.0,0.0,0.0,0.0,,2000.0,2000.0,
"L_uu_weight[30, 34]",0.0,0.0,0.0,0.0,0.0,,2000.0,2000.0,
"L_uu_weight[30, 35]",0.0,0.0,0.0,0.0,0.0,,2000.0,2000.0,
"L_uu_weight[30, 36]",0.0,0.0,0.0,0.0,0.0,,2000.0,2000.0,
"L_uu_weight[30, 37]",0.0,0.0,0.0,0.0,0.0,,2000.0,2000.0,
"L_uu_weight[30, 38]",0.0,0.0,0.0,0.0,0.0,,2000.0,2000.0,
"L_uu_weight[30, 39]",0.0,0.0,0.0,0.0,0.0,,2000.0,2000.0,
"L_uu_weight[30, 40]",0.0,0.0,0.0,0.0,0.0,,2000.0,2000.0,
"L_uu_weight[30, 41]",0.0,0.0,0.0,0.0,0.0,,2000.0,2000.0,
"L_uu_weight[30, 42]",0.0,0.0,0.0,0.0,0.0,,2000.0,2000.0,
"L_uu_weight[30, 43]",0.0,0.0,0.0,0.0,0.0,,2000.0,2000.0,
"L_uu_weight[30, 44]",0.0,0.0,0.0,0.0,0.0,,2000.0,2000.0,
"L_uu_weight[30, 45]",0.0,0.0,0.0,0.0,0.0,,2000.0,2000.0,
"L_uu_weight[30, 46]",0.0,0.0,0.0,0.0,0.0,,2000.0,2000.0,
"L_uu_weight[30, 47]",0.0,0.0,0.0,0.0,0.0,,2000.0,2000.0,
"L_uu_weight[30, 48]",0.0,0.0,0.0,0.0,0.0,,2000.0,2000.0,
"L_uu_weight[30, 49]",0.0,0.0,0.0,0.0,0.0,,2000.0,2000.0,
"L_uu_weight[31, 0]",0.01,0.015,0.0,0.035,0.0,0.001,973.951,1072.619,1.003
"L_uu_weight[31, 1]",0.03,0.039,0.0,0.103,0.001,0.002,970.823,1072.619,1.003
"L_uu_weight[31, 2]",0.034,0.033,0.0,0.097,0.001,0.001,961.986,1123.149,1.003
"L_uu_weight[31, 3]",0.052,0.051,0.0,0.151,0.002,0.001,962.783,1123.149,1.003
"L_uu_weight[31, 4]",0.057,0.054,0.0,0.159,0.002,0.002,968.54,1097.391,1.003
"L_uu_weight[31, 5]",0.064,0.052,0.0,0.16,0.002,0.001,964.587,1097.834,1.003
"L_uu_weight[31, 6]",0.082,0.057,0.0,0.184,0.002,0.001,959.858,1097.834,1.002
"L_uu_weight[31, 7]",0.103,0.068,0.0,0.222,0.002,0.001,962.155,1060.73,1.002
"L_uu_weight[31, 8]",0.12,0.077,0.0,0.257,0.002,0.002,970.15,1060.506,1.002
"L_uu_weight[31, 9]",0.135,0.079,0.001,0.277,0.002,0.002,981.787,1060.506,1.002
"L_uu_weight[31, 10]",0.153,0.078,0.002,0.285,0.002,0.002,992.342,1083.791,1.002
"L_uu_weight[31, 11]",0.173,0.078,0.009,0.301,0.002,0.001,1004.653,1115.398,1.002
"L_uu_weight[31, 12]",0.195,0.079,0.028,0.327,0.002,0.001,1022.661,1215.244,1.001
"L_uu_weight[31, 13]",0.214,0.079,0.051,0.354,0.002,0.001,1050.368,1231.35,1.001
"L_uu_weight[31, 14]",0.231,0.076,0.074,0.369,0.002,0.002,1105.37,1227.955,1.0
"L_uu_weight[31, 15]",0.246,0.071,0.103,0.382,0.002,0.001,1184.743,1255.263,1.0
"L_uu_weight[31, 16]",0.257,0.066,0.12,0.372,0.002,0.001,1290.939,1403.052,0.999
"L_uu_weight[31, 17]",0.265,0.061,0.152,0.376,0.002,0.001,1417.566,1463.042,0.999
"L_uu_weight[31, 18]",0.269,0.057,0.168,0.374,0.001,0.001,1575.739,1494.773,1.0
"L_uu_weight[31, 19]",0.267,0.055,0.167,0.364,0.001,0.001,1700.882,1351.47,0.999
"L_uu_weight[31, 20]",0.259,0.055,0.166,0.369,0.001,0.001,1652.054,1381.782,1.001
"L_uu_weight[31, 21]",0.246,0.056,0.152,0.356,0.001,0.001,1499.01,1462.952,1.001
"L_uu_weight[31, 22]",0.227,0.057,0.135,0.336,0.002,0.001,1381.013,1366.808,1.001
"L_uu_weight[31, 23]",0.204,0.057,0.117,0.317,0.002,0.002,1325.478,1392.494,1.001
"L_uu_weight[31, 24]",0.178,0.054,0.095,0.283,0.002,0.002,1291.899,1373.316,1.001
"L_uu_weight[31, 25]",0.15,0.049,0.074,0.241,0.001,0.002,1280.537,1280.593,1.001
"L_uu_weight[31, 26]",0.121,0.042,0.059,0.199,0.001,0.002,1268.685,1333.299,1.001
"L_uu_weight[31, 27]",0.093,0.033,0.046,0.154,0.001,0.001,1267.308,1314.62,1.001
"L_uu_weight[31, 28]",0.067,0.023,0.034,0.111,0.001,0.001,1269.744,1296.679,1.001
"L_uu_weight[31, 29]",0.046,0.015,0.023,0.073,0.0,0.001,1282.824,1331.773,1.001
"L_uu_weight[31, 30]",0.028,0.008,0.016,0.043,0.0,0.0,1325.287,1258.579,1.001
"L_uu_weight[31, 31]",0.02,0.004,0.012,0.027,0.0,0.0,1565.16,1457.446,1.0
"L_uu_weight[31, 32]",0.0,0.0,0.0,0.0,0.0,,2000.0,2000.0,
"L_uu_weight[31, 33]",0.0,0.0,0.0,0.0,0.0,,2000.0,2000.0,
"L_uu_weight[31, 34]",0.0,0.0,0.0,0.0,0.0,,2000.0,2000.0,
"L_uu_weight[31, 35]",0.0,0.0,0.0,0.0,0.0,,2000.0,2000.0,
"L_uu_weight[31, 36]",0.0,0.0,0.0,0.0,0.0,,2000.0,2000.0,
"L_uu_weight[31, 37]",0.0,0.0,0.0,0.0,0.0,,2000.0,2000.0,
"L_uu_weight[31, 38]",0.0,0.0,0.0,0.0,0.0,,2000.0,2000.0,
"L_uu_weight[31, 39]",0.0,0.0,0.0,0.0,0.0,,2000.0,2000.0,
"L_uu_weight[31, 40]",0.0,0.0,0.0,0.0,0.0,,2000.0,2000.0,
"L_uu_weight[31, 41]",0.0,0.0,0.0,0.0,0.0,,2000.0,2000.0,
"L_uu_weight[31, 42]",0.0,0.0,0.0,0.0,0.0,,2000.0,2000.0,
"L_uu_weight[31, 43]",0.0,0.0,0.0,0.0,0.0,,2000.0,2000.0,
"L_uu_weight[31, 44]",0.0,0.0,0.0,0.0,0.0,,2000.0,2000.0,
"L_uu_weight[31, 45]",0.0,0.0,0.0,0.0,0.0,,2000.0,2000.0,
"L_uu_weight[31, 46]",0.0,0.0,0.0,0.0,0.0,,2000.0,2000.0,
"L_uu_weight[31, 47]",0.0,0.0,0.0,0.0,0.0,,2000.0,2000.0,
"L_uu_weight[31, 48]",0.0,0.0,0.0,0.0,0.0,,2000.0,2000.0,
"L_uu_weight[31, 49]",0.0,0.0,0.0,0.0,0.0,,2000.0,2000.0,
"L_uu_weight[32, 0]",0.007,0.012,0.0,0.028,0.0,0.001,974.117,1072.619,1.003
"L_uu_weight[32, 1]",0.024,0.033,0.0,0.085,0.001,0.002,971.502,1072.619,1.003
"L_uu_weight[32, 2]",0.028,0.028,0.0,0.082,0.001,0.001,964.292,1123.149,1.003
"L_uu_weight[32, 3]",0.043,0.045,0.0,0.129,0.001,0.001,965.007,1123.149,1.003
"L_uu_weight[32, 4]",0.047,0.048,0.0,0.138,0.001,0.002,969.993,1123.149,1.003
"L_uu_weight[32, 5]",0.054,0.047,0.0,0.142,0.001,0.001,966.273,1097.391,1.003
"L_uu_weight[32, 6]",0.069,0.052,0.0,0.164,0.002,0.001,957.769,1097.391,1.003
"L_uu_weight[32, 7]",0.087,0.063,0.0,0.201,0.002,0.001,957.728,1060.73,1.002
"L_uu_weight[32, 8]",0.103,0.072,0.0,0.235,0.002,0.001,965.525,1060.73,1.002
"L_uu_weight[32, 9]",0.118,0.075,0.0,0.254,0.002,0.002,974.323,1060.506,1.002
"L_uu_weight[32, 10]",0.134,0.075,0.002,0.266,0.002,0.002,981.319,1060.506,1.002
"L_uu_weight[32, 11]",0.154,0.076,0.003,0.278,0.002,0.001,986.128,1083.791,1.002
"L_uu_weight[32, 12]",0.175,0.079,0.01,0.302,0.002,0.001,998.85,1115.398,1.002
"L_uu_weight[32, 13]",0.195,0.081,0.029,0.336,0.003,0.001,1020.53,1215.244,1.001
"L_uu_weight[32, 14]",0.214,0.079,0.041,0.347,0.002,0.002,1056.696,1231.35,1.001
"L_uu_weight[32, 15]",0.231,0.075,0.074,0.369,0.002,0.002,1110.595,1259.415,1.0
"L_uu_weight[32, 16]",0.245,0.07,0.102,0.378,0.002,0.001,1188.028,1270.623,1.0
"L_uu_weight[32, 17]",0.257,0.065,0.12,0.371,0.002,0.001,1286.817,1404.262,1.0
"L_uu_weight[32, 18]",0.265,0.061,0.15,0.375,0.002,0.001,1412.437,1510.932,1.0
"L_uu_weight[32, 19]",0.268,0.057,0.168,0.374,0.001,0.001,1573.468,1473.355,0.999
"L_uu_weight[32, 20]",0.266,0.055,0.168,0.366,0.001,0.001,1690.219,1386.677,1.0
"L_uu_weight[32, 21]",0.259,0.055,0.163,0.364,0.001,0.001,1642.947,1381.637,1.001
"L_uu_weight[32, 22]",0.245,0.056,0.148,0.353,0.001,0.001,1498.811,1485.633,1.001
"L_uu_weight[32, 23]",0.227,0.057,0.134,0.336,0.002,0.001,1384.792,1347.469,1.001
"L_uu_weight[32, 24]",0.204,0.057,0.115,0.315,0.002,0.002,1328.315,1392.494,1.001
"L_uu_weight[32, 25]",0.178,0.054,0.094,0.282,0.002,0.002,1295.197,1316.267,1.001
"L_uu_weight[32, 26]",0.149,0.049,0.074,0.242,0.001,0.002,1277.8,1280.593,1.001
"L_uu_weight[32, 27]",0.121,0.042,0.059,0.2,0.001,0.002,1266.484,1333.299,1.001
"L_uu_weight[32, 28]",0.093,0.033,0.046,0.154,0.001,0.001,1265.74,1296.679,1.001
"L_uu_weight[32, 29]",0.067,0.023,0.034,0.111,0.001,0.001,1269.006,1296.679,1.001
"L_uu_weight[32, 30]",0.046,0.015,0.023,0.073,0.0,0.001,1283.531,1331.773,1.001
"L_uu_weight[32, 31]",0.028,0.008,0.015,0.043,0.0,0.0,1325.614,1258.579,1.001
"L_uu_weight[32, 32]",0.02,0.004,0.012,0.027,0.0,0.0,1564.825,1457.446,1.0
"L_uu_weight[32, 33]",0.0,0.0,0.0,0.0,0.0,,2000.0,2000.0,
"L_uu_weight[32, 34]",0.0,0.0,0.0,0.0,0.0,,2000.0,2000.0,
"L_uu_weight[32, 35]",0.0,0.0,0.0,0.0,0.0,,2000.0,2000.0,
"L_uu_weight[32, 36]",0.0,0.0,0.0,0.0,0.0,,2000.0,2000.0,
"L_uu_weight[32, 37]",0.0,0.0,0.0,0.0,0.0,,2000.0,2000.0,
"L_uu_weight[32, 38]",0.0,0.0,0.0,0.0,0.0,,2000.0,2000.0,
"L_uu_weight[32, 39]",0.0,0.0,0.0,0.0,0.0,,2000.0,2000.0,
"L_uu_weight[32, 40]",0.0,0.0,0.0,0.0,0.0,,2000.0,2000.0,
"L_uu_weight[32, 41]",0.0,0.0,0.0,0.0,0.0,,2000.0,2000.0,
"L_uu_weight[32, 42]",0.0,0.0,0.0,0.0,0.0,,2000.0,2000.0,
"L_uu_weight[32, 43]",0.0,0.0,0.0,0.0,0.0,,2000.0,2000.0,
"L_uu_weight[32, 44]",0.0,0.0,0.0,0.0,0.0,,2000.0,2000.0,
"L_uu_weight[32, 45]",0.0,0.0,0.0,0.0,0.0,,2000.0,2000.0,
"L_uu_weight[32, 46]",0.0,0.0,0.0,0.0,0.0,,2000.0,2000.0,
"L_uu_weight[32, 47]",0.0,0.0,0.0,0.0,0.0,,2000.0,2000.0,
"L_uu_weight[32, 48]",0.0,0.0,0.0,0.0,0.0,,2000.0,2000.0,
"L_uu_weight[32, 49]",0.0,0.0,0.0,0.0,0.0,,2000.0,2000.0,
"L_uu_weight[33, 0]",0.006,0.01,0.0,0.022,0.0,0.001,973.248,1072.619,1.003
"L_uu_weight[33, 1]",0.019,0.028,0.0,0.069,0.001,0.001,972.179,1072.619,1.003
"L_uu_weight[33, 2]",0.022,0.024,0.0,0.069,0.001,0.001,964.873,1072.619,1.003
"L_uu_weight[33, 3]",0.035,0.039,0.0,0.11,0.001,0.001,965.996,1123.149,1.003
"L_uu_weight[33, 4]",0.038,0.042,0.0,0.119,0.001,0.002,969.749,1123.149,1.003
"L_uu_weight[33, 5]",0.044,0.042,0.0,0.122,0.001,0.001,966.616,1123.149,1.003
"L_uu_weight[33, 6]",0.057,0.047,0.0,0.144,0.001,0.001,959.54,1097.391,1.003
"L_uu_weight[33, 7]",0.073,0.057,0.0,0.179,0.002,0.001,958.865,1097.834,1.003
"L_uu_weight[33, 8]",0.088,0.066,0.0,0.212,0.002,0.001,965.032,1060.73,1.002
"L_uu_weight[33, 9]",0.101,0.071,0.0,0.231,0.002,0.002,972.539,1060.73,1.002
"L_uu_weight[33, 10]",0.117,0.072,0.0,0.244,0.002,0.002,973.96,1060.506,1.002
"L_uu_weight[33, 11]",0.135,0.074,0.001,0.258,0.002,0.001,974.646,1060.506,1.002
"L_uu_weight[33, 12]",0.156,0.078,0.005,0.284,0.002,0.001,982.122,1083.791,1.002
"L_uu_weight[33, 13]",0.176,0.081,0.018,0.316,0.003,0.001,999.697,1081.93,1.002
"L_uu_weight[33, 14]",0.195,0.081,0.029,0.338,0.003,0.002,1025.181,1115.398,1.001
"L_uu_weight[33, 15]",0.213,0.078,0.043,0.348,0.002,0.002,1064.368,1231.35,1.001
"L_uu_weight[33, 16]",0.23,0.074,0.08,0.372,0.002,0.002,1109.714,1242.944,1.0
"L_uu_weight[33, 17]",0.245,0.07,0.098,0.372,0.002,0.001,1184.026,1255.263,1.0
"L_uu_weight[33, 18]",0.257,0.065,0.118,0.367,0.002,0.001,1282.736,1383.816,1.0
"L_uu_weight[33, 19]",0.265,0.061,0.154,0.377,0.002,0.001,1408.339,1441.961,0.999
"L_uu_weight[33, 20]",0.268,0.057,0.168,0.374,0.001,0.001,1572.919,1472.864,0.999
"L_uu_weight[33, 21]",0.266,0.055,0.166,0.364,0.001,0.001,1684.293,1438.103,1.0
"L_uu_weight[33, 22]",0.258,0.055,0.163,0.364,0.001,0.001,1648.657,1358.179,1.001
"L_uu_weight[33, 23]",0.245,0.056,0.153,0.358,0.001,0.001,1506.335,1462.156,1.001
"L_uu_weight[33, 24]",0.227,0.057,0.133,0.335,0.002,0.001,1390.405,1348.296,1.001
"L_uu_weight[33, 25]",0.204,0.057,0.114,0.314,0.002,0.002,1329.201,1392.494,1.001
"L_uu_weight[33, 26]",0.178,0.054,0.094,0.283,0.002,0.002,1291.651,1316.267,1.001
"L_uu_weight[33, 27]",0.149,0.049,0.072,0.24,0.001,0.002,1274.314,1333.641,1.001
"L_uu_weight[33, 28]",0.12,0.042,0.059,0.2,0.001,0.002,1264.44,1333.299,1.001
"L_uu_weight[33, 29]",0.093,0.033,0.046,0.154,0.001,0.001,1264.758,1296.679,1.001
"L_uu_weight[33, 30]",0.067,0.024,0.033,0.11,0.001,0.001,1269.807,1296.679,1.001
"L_uu_weight[33, 31]",0.046,0.015,0.023,0.073,0.0,0.001,1283.148,1331.773,1.001
"L_uu_weight[33, 32]",0.028,0.008,0.015,0.043,0.0,0.0,1326.168,1258.579,1.001
"L_uu_weight[33, 33]",0.02,0.004,0.012,0.027,0.0,0.0,1565.11,1479.822,0.999
"L_uu_weight[33, 34]",0.0,0.0,0.0,0.0,0.0,,2000.0,2000.0,
"L_uu_weight[33, 35]",0.0,0.0,0.0,0.0,0.0,,2000.0,2000.0,
"L_uu_weight[33, 36]",0.0,0.0,0.0,0.0,0.0,,2000.0,2000.0,
"L_uu_weight[33, 37]",0.0,0.0,0.0,0.0,0.0,,2000.0,2000.0,
"L_uu_weight[33, 38]",0.0,0.0,0.0,0.0,0.0,,2000.0,2000.0,
"L_uu_weight[33, 39]",0.0,0.0,0.0,0.0,0.0,,2000.0,2000.0,
"L_uu_weight[33, 40]",0.0,0.0,0.0,0.0,0.0,,2000.0,2000.0,
"L_uu_weight[33, 41]",0.0,0.0,0.0,0.0,0.0,,2000.0,2000.0,
"L_uu_weight[33, 42]",0.0,0.0,0.0,0.0,0.0,,2000.0,2000.0,
"L_uu_weight[33, 43]",0.0,0.0,0.0,0.0,0.0,,2000.0,2000.0,
"L_uu_weight[33, 44]",0.0,0.0,0.0,0.0,0.0,,2000.0,2000.0,
"L_uu_weight[33, 45]",0.0,0.0,0.0,0.0,0.0,,2000.0,2000.0,
"L_uu_weight[33, 46]",0.0,0.0,0.0,0.0,0.0,,2000.0,2000.0,
"L_uu_weight[33, 47]",0.0,0.0,0.0,0.0,0.0,,2000.0,2000.0,
"L_uu_weight[33, 48]",0.0,0.0,0.0,0.0,0.0,,2000.0,2000.0,
"L_uu_weight[33, 49]",0.0,0.0,0.0,0.0,0.0,,2000.0,2000.0,
"L_uu_weight[34, 0]",0.004,0.008,0.0,0.017,0.0,0.0,974.332,1072.619,1.003
"L_uu_weight[34, 1]",0.015,0.023,0.0,0.056,0.001,0.001,973.069,1072.619,1.003
"L_uu_weight[34, 2]",0.018,0.021,0.0,0.058,0.001,0.001,965.791,1072.619,1.003
"L_uu_weight[34, 3]",0.028,0.033,0.0,0.093,0.001,0.001,967.501,1072.619,1.003
"L_uu_weight[34, 4]",0.031,0.037,0.0,0.1,0.001,0.001,970.164,1123.149,1.003
"L_uu_weight[34, 5]",0.036,0.037,0.0,0.105,0.001,0.001,967.92,1123.149,1.003
"L_uu_weight[34, 6]",0.047,0.042,0.0,0.125,0.001,0.001,960.157,1123.149,1.003
"L_uu_weight[34, 7]",0.061,0.051,0.0,0.158,0.002,0.001,959.261,1097.391,1.003
"L_uu_weight[34, 8]",0.074,0.06,0.0,0.189,0.002,0.001,963.636,1097.834,1.003
"L_uu_weight[34, 9]",0.086,0.065,0.0,0.21,0.002,0.002,967.567,1097.834,1.002
"L_uu_weight[34, 10]",0.1,0.067,0.0,0.222,0.002,0.002,969.973,1060.73,1.002
"L_uu_weight[34, 11]",0.118,0.07,0.0,0.238,0.002,0.001,967.967,1060.506,1.002
"L_uu_weight[34, 12]",0.137,0.075,0.001,0.26,0.002,0.001,973.274,1060.506,1.002
"L_uu_weight[34, 13]",0.157,0.079,0.005,0.289,0.003,0.001,983.707,1083.791,1.002
"L_uu_weight[34, 14]",0.176,0.081,0.006,0.307,0.003,0.001,1003.675,1081.93,1.002
"L_uu_weight[34, 15]",0.195,0.08,0.028,0.336,0.003,0.002,1029.808,1115.398,1.001
"L_uu_weight[34, 16]",0.213,0.077,0.039,0.342,0.002,0.002,1064.651,1231.35,1.001
"L_uu_weight[34, 17]",0.23,0.074,0.08,0.37,0.002,0.001,1107.344,1242.944,1.0
"L_uu_weight[34, 18]",0.245,0.07,0.103,0.377,0.002,0.001,1184.714,1255.263,1.0
"L_uu_weight[34, 19]",0.257,0.065,0.121,0.37,0.002,0.001,1282.595,1382.642,1.0
"L_uu_weight[34, 20]",0.265,0.061,0.153,0.376,0.002,0.001,1413.122,1441.108,0.999
"L_uu_weight[34, 21]",0.268,0.057,0.167,0.372,0.001,0.001,1576.383,1449.749,1.0
"L_uu_weight[34, 22]",0.265,0.055,0.167,0.365,0.001,0.001,1692.81,1427.617,1.0
"L_uu_weight[34, 23]",0.258,0.055,0.162,0.363,0.001,0.001,1658.585,1419.974,1.001
"L_uu_weight[34, 24]",0.245,0.056,0.15,0.354,0.001,0.001,1511.522,1462.471,1.001
"L_uu_weight[34, 25]",0.226,0.057,0.132,0.334,0.002,0.001,1389.579,1351.162,1.001
"L_uu_weight[34, 26]",0.204,0.057,0.114,0.314,0.002,0.002,1323.854,1392.494,1.001
"L_uu_weight[34, 27]",0.177,0.054,0.095,0.283,0.002,0.002,1287.372,1316.267,1.001
"L_uu_weight[34, 28]",0.149,0.049,0.073,0.241,0.001,0.002,1271.536,1333.641,1.001
"L_uu_weight[34, 29]",0.12,0.042,0.059,0.199,0.001,0.002,1263.629,1333.299,1.001
"L_uu_weight[34, 30]",0.093,0.033,0.046,0.154,0.001,0.001,1265.663,1296.679,1.001
"L_uu_weight[34, 31]",0.067,0.024,0.033,0.11,0.001,0.001,1271.319,1296.679,1.001
"L_uu_weight[34, 32]",0.046,0.015,0.024,0.073,0.0,0.001,1283.929,1331.773,1.001
"L_uu_weight[34, 33]",0.028,0.008,0.015,0.043,0.0,0.0,1325.399,1316.068,1.001
"L_uu_weight[34, 34]",0.02,0.004,0.012,0.027,0.0,0.0,1564.811,1479.822,1.0
"L_uu_weight[34, 35]",0.0,0.0,0.0,0.0,0.0,,2000.0,2000.0,
"L_uu_weight[34, 36]",0.0,0.0,0.0,0.0,0.0,,2000.0,2000.0,
"L_uu_weight[34, 37]",0.0,0.0,0.0,0.0,0.0,,2000.0,2000.0,
"L_uu_weight[34, 38]",0.0,0.0,0.0,0.0,0.0,,2000.0,2000.0,
"L_uu_weight[34, 39]",0.0,0.0,0.0,0.0,0.0,,2000.0,2000.0,
"L_uu_weight[34, 40]",0.0,0.0,0.0,0.0,0.0,,2000.0,2000.0,
"L_uu_weight[34, 41]",0.0,0.0,0.0,0.0,0.0,,2000.0,2000.0,
"L_uu_weight[34, 42]",0.0,0.0,0.0,0.0,0.0,,2000.0,2000.0,
"L_uu_weight[34, 43]",0.0,0.0,0.0,0.0,0.0,,2000.0,2000.0,
"L_uu_weight[34, 44]",0.0,0.0,0.0,0.0,0.0,,2000.0,2000.0,
"L_uu_weight[34, 45]",0.0,0.0,0.0,0.0,0.0,,2000.0,2000.0,
"L_uu_weight[34, 46]",0.0,0.0,0.0,0.0,0.0,,2000.0,2000.0,
"L_uu_weight[34, 47]",0.0,0.0,0.0,0.0,0.0,,2000.0,2000.0,
"L_uu_weight[34, 48]",0.0,0.0,0.0,0.0,0.0,,2000.0,2000.0,
"L_uu_weight[34, 49]",0.0,0.0,0.0,0.0,0.0,,2000.0,2000.0,
"L_uu_weight[35, 0]",0.003,0.006,0.0,0.013,0.0,0.0,975.358,1078.252,1.003
"L_uu_weight[35, 1]",0.012,0.019,0.0,0.045,0.001,0.001,973.75,1072.619,1.003
"L_uu_weight[35, 2]",0.014,0.018,0.0,0.047,0.001,0.001,967.676,1072.619,1.003
"L_uu_weight[35, 3]",0.022,0.029,0.0,0.077,0.001,0.001,968.195,1072.619,1.003
"L_uu_weight[35, 4]",0.025,0.032,0.0,0.084,0.001,0.001,970.349,1072.619,1.003
"L_uu_weight[35, 5]",0.03,0.032,0.0,0.09,0.001,0.001,968.582,1123.149,1.003
"L_uu_weight[35, 6]",0.039,0.037,0.0,0.109,0.001,0.001,961.631,1123.149,1.003
"L_uu_weight[35, 7]",0.051,0.046,0.0,0.138,0.001,0.001,959.987,1123.149,1.003
"L_uu_weight[35, 8]",0.062,0.054,0.0,0.167,0.002,0.001,963.228,1097.391,1.003
"L_uu_weight[35, 9]",0.073,0.06,0.0,0.187,0.002,0.002,965.921,1097.834,1.003
"L_uu_weight[35, 10]",0.085,0.063,0.0,0.201,0.002,0.002,965.721,1097.834,1.002
"L_uu_weight[35, 11]",0.101,0.066,0.0,0.217,0.002,0.001,964.28,1060.73,1.002
"L_uu_weight[35, 12]",0.119,0.071,0.001,0.24,0.002,0.001,965.548,1060.506,1.002
"L_uu_weight[35, 13]",0.138,0.077,0.001,0.266,0.002,0.001,975.167,1060.506,1.002
"L_uu_weight[35, 14]",0.157,0.08,0.003,0.291,0.003,0.001,989.017,1083.791,1.002
"L_uu_weight[35, 15]",0.175,0.08,0.01,0.309,0.003,0.002,1006.763,1115.398,1.002
"L_uu_weight[35, 16]",0.194,0.079,0.027,0.332,0.002,0.002,1029.138,1215.244,1.001
"L_uu_weight[35, 17]",0.213,0.077,0.058,0.357,0.002,0.002,1061.031,1231.35,1.001
"L_uu_weight[35, 18]",0.23,0.074,0.075,0.364,0.002,0.001,1108.945,1242.944,1.0
"L_uu_weight[35, 19]",0.245,0.07,0.101,0.374,0.002,0.001,1183.164,1255.263,1.0
"L_uu_weight[35, 20]",0.257,0.065,0.12,0.369,0.002,0.001,1283.913,1365.108,1.0
"L_uu_weight[35, 21]",0.264,0.06,0.153,0.375,0.002,0.001,1416.322,1463.445,0.999
"L_uu_weight[35, 22]",0.267,0.057,0.168,0.372,0.001,0.001,1581.279,1450.616,1.0
"L_uu_weight[35, 23]",0.265,0.055,0.167,0.365,0.001,0.001,1702.62,1405.83,1.0
"L_uu_weight[35, 24]",0.258,0.055,0.161,0.363,0.001,0.001,1660.376,1420.792,1.001
"L_uu_weight[35, 25]",0.244,0.056,0.151,0.355,0.001,0.001,1506.196,1462.68,1.001
"L_uu_weight[35, 26]",0.226,0.057,0.132,0.334,0.002,0.001,1384.418,1351.162,1.001
"L_uu_weight[35, 27]",0.203,0.057,0.114,0.314,0.002,0.002,1320.373,1392.494,1.001
"L_uu_weight[35, 28]",0.177,0.054,0.087,0.276,0.002,0.002,1285.873,1373.316,1.001
"L_uu_weight[35, 29]",0.149,0.049,0.073,0.241,0.001,0.002,1272.3,1333.641,1.001
"L_uu_weight[35, 30]",0.12,0.042,0.059,0.199,0.001,0.002,1263.655,1333.299,1.001
"L_uu_weight[35, 31]",0.092,0.033,0.046,0.154,0.001,0.001,1267.525,1296.679,1.001
"L_uu_weight[35, 32]",0.067,0.024,0.033,0.11,0.001,0.001,1272.19,1296.679,1.001
"L_uu_weight[35, 33]",0.046,0.015,0.024,0.073,0.0,0.001,1283.576,1331.773,1.001
"L_uu_weight[35, 34]",0.028,0.008,0.015,0.043,0.0,0.0,1324.423,1258.579,1.001
"L_uu_weight[35, 35]",0.02,0.004,0.012,0.027,0.0,0.0,1563.983,1479.822,1.0
"L_uu_weight[35, 36]",0.0,0.0,0.0,0.0,0.0,,2000.0,2000.0,
"L_uu_weight[35, 37]",0.0,0.0,0.0,0.0,0.0,,2000.0,2000.0,
"L_uu_weight[35, 38]",0.0,0.0,0.0,0.0,0.0,,2000.0,2000.0,
"L_uu_weight[35, 39]",0.0,0.0,0.0,0.0,0.0,,2000.0,2000.0,
"L_uu_weight[35, 40]",0.0,0.0,0.0,0.0,0.0,,2000.0,2000.0,
"L_uu_weight[35, 41]",0.0,0.0,0.0,0.0,0.0,,2000.0,2000.0,
"L_uu_weight[35, 42]",0.0,0.0,0.0,0.0,0.0,,2000.0,2000.0,
"L_uu_weight[35, 43]",0.0,0.0,0.0,0.0,0.0,,2000.0,2000.0,
"L_uu_weight[35, 44]",0.0,0.0,0.0,0.0,0.0,,2000.0,2000.0,
"L_uu_weight[35, 45]",0.0,0.0,0.0,0.0,0.0,,2000.0,2000.0,
"L_uu_weight[35, 46]",0.0,0.0,0.0,0.0,0.0,,2000.0,2000.0,
"L_uu_weight[35, 47]",0.0,0.0,0.0,0.0,0.0,,2000.0,2000.0,
"L_uu_weight[35, 48]",0.0,0.0,0.0,0.0,0.0,,2000.0,2000.0,
"L_uu_weight[35, 49]",0.0,0.0,0.0,0.0,0.0,,2000.0,2000.0,
"L_uu_weight[36, 0]",0.003,0.005,0.0,0.01,0.0,0.0,975.624,1078.252,1.003
"L_uu_weight[36, 1]",0.009,0.016,0.0,0.036,0.0,0.001,973.455,1078.252,1.003
"L_uu_weight[36, 2]",0.011,0.015,0.0,0.039,0.0,0.001,967.457,1072.619,1.003
"L_uu_weight[36, 3]",0.018,0.024,0.0,0.064,0.001,0.001,968.111,1072.619,1.003
"L_uu_weight[36, 4]",0.02,0.027,0.0,0.071,0.001,0.001,971.765,1072.619,1.003
"L_uu_weight[36, 5]",0.024,0.028,0.0,0.076,0.001,0.001,968.062,1072.619,1.003
"L_uu_weight[36, 6]",0.032,0.032,0.0,0.092,0.001,0.001,962.218,1123.149,1.003
"L_uu_weight[36, 7]",0.042,0.04,0.0,0.12,0.001,0.001,960.583,1123.149,1.003
"L_uu_weight[36, 8]",0.052,0.049,0.0,0.146,0.002,0.001,962.323,1123.149,1.003
"L_uu_weight[36, 9]",0.061,0.054,0.0,0.165,0.002,0.001,964.895,1097.391,1.003
"L_uu_weight[36, 10]",0.072,0.057,0.0,0.179,0.002,0.002,963.296,1097.834,1.003
"L_uu_weight[36, 11]",0.086,0.061,0.0,0.196,0.002,0.001,960.545,1060.73,1.002
"L_uu_weight[36, 12]",0.103,0.067,0.0,0.22,0.002,0.001,960.053,1060.73,1.002
"L_uu_weight[36, 13]",0.12,0.073,0.0,0.246,0.002,0.001,968.299,1060.506,1.002
"L_uu_weight[36, 14]",0.138,0.077,0.0,0.27,0.002,0.001,979.82,1060.506,1.002
"L_uu_weight[36, 15]",0.156,0.079,0.003,0.291,0.003,0.002,990.768,1083.791,1.002
"L_uu_weight[36, 16]",0.175,0.079,0.01,0.307,0.003,0.002,1005.761,1115.398,1.002
"L_uu_weight[36, 17]",0.194,0.079,0.025,0.326,0.002,0.001,1027.831,1215.244,1.001
"L_uu_weight[36, 18]",0.213,0.077,0.054,0.351,0.002,0.001,1056.838,1231.35,1.001
"L_uu_weight[36, 19]",0.23,0.074,0.075,0.363,0.002,0.001,1110.076,1242.944,1.0
"L_uu_weight[36, 20]",0.245,0.07,0.103,0.376,0.002,0.001,1187.024,1270.623,1.0
"L_uu_weight[36, 21]",0.256,0.065,0.12,0.368,0.002,0.001,1288.387,1365.987,0.999
"L_uu_weight[36, 22]",0.264,0.06,0.152,0.374,0.002,0.001,1420.007,1419.603,0.999
"L_uu_weight[36, 23]",0.267,0.057,0.168,0.372,0.001,0.001,1585.146,1470.522,1.0
"L_uu_weight[36, 24]",0.265,0.055,0.168,0.367,0.001,0.001,1708.977,1385.74,1.0
"L_uu_weight[36, 25]",0.257,0.055,0.161,0.363,0.001,0.001,1654.978,1441.654,1.001
"L_uu_weight[36, 26]",0.244,0.056,0.148,0.353,0.001,0.001,1502.09,1462.68,1.001
"L_uu_weight[36, 27]",0.226,0.057,0.131,0.333,0.002,0.001,1381.047,1351.162,1.001
"L_uu_weight[36, 28]",0.203,0.057,0.113,0.314,0.002,0.002,1318.972,1392.494,1.001
"L_uu_weight[36, 29]",0.177,0.054,0.094,0.282,0.002,0.002,1285.278,1373.316,1.001
"L_uu_weight[36, 30]",0.149,0.049,0.073,0.241,0.002,0.002,1272.429,1333.641,1.001
"L_uu_weight[36, 31]",0.12,0.042,0.059,0.199,0.001,0.002,1263.508,1333.299,1.001
"L_uu_weight[36, 32]",0.092,0.033,0.045,0.154,0.001,0.001,1267.549,1296.679,1.001
"L_uu_weight[36, 33]",0.067,0.024,0.034,0.111,0.001,0.001,1271.945,1296.679,1.001
"L_uu_weight[36, 34]",0.046,0.015,0.024,0.073,0.0,0.001,1282.906,1331.773,1.001
"L_uu_weight[36, 35]",0.028,0.008,0.015,0.043,0.0,0.0,1323.89,1258.579,1.001
"L_uu_weight[36, 36]",0.02,0.004,0.012,0.027,0.0,0.0,1563.957,1479.822,1.0
"L_uu_weight[36, 37]",0.0,0.0,0.0,0.0,0.0,,2000.0,2000.0,
"L_uu_weight[36, 38]",0.0,0.0,0.0,0.0,0.0,,2000.0,2000.0,
"L_uu_weight[36, 39]",0.0,0.0,0.0,0.0,0.0,,2000.0,2000.0,
"L_uu_weight[36, 40]",0.0,0.0,0.0,0.0,0.0,,2000.0,2000.0,
"L_uu_weight[36, 41]",0.0,0.0,0.0,0.0,0.0,,2000.0,2000.0,
"L_uu_weight[36, 42]",0.0,0.0,0.0,0.0,0.0,,2000.0,2000.0,
"L_uu_weight[36, 43]",0.0,0.0,0.0,0.0,0.0,,2000.0,2000.0,
"L_uu_weight[36, 44]",0.0,0.0,0.0,0.0,0.0,,2000.0,2000.0,
"L_uu_weight[36, 45]",0.0,0.0,0.0,0.0,0.0,,2000.0,2000.0,
"L_uu_weight[36, 46]",0.0,0.0,0.0,0.0,0.0,,2000.0,2000.0,
"L_uu_weight[36, 47]",0.0,0.0,0.0,0.0,0.0,,2000.0,2000.0,
"L_uu_weight[36, 48]",0.0,0.0,0.0,0.0,0.0,,2000.0,2000.0,
"L_uu_weight[36, 49]",0.0,0.0,0.0,0.0,0.0,,2000.0,2000.0,
"L_uu_weight[37, 0]",0.002,0.004,0.0,0.008,0.0,0.0,976.104,1078.252,1.003
"L_uu_weight[37, 1]",0.007,0.013,0.0,0.028,0.0,0.001,974.288,1078.252,1.003
"L_uu_weight[37, 2]",0.009,0.012,0.0,0.032,0.0,0.001,968.649,1078.252,1.003
"L_uu_weight[37, 3]",0.014,0.02,0.0,0.052,0.001,0.001,969.109,1072.619,1.003
"L_uu_weight[37, 4]",0.016,0.023,0.0,0.058,0.001,0.001,972.431,1072.619,1.003
"L_uu_weight[37, 5]",0.019,0.024,0.0,0.063,0.001,0.001,970.242,1072.619,1.003
"L_uu_weight[37, 6]",0.026,0.028,0.0,0.079,0.001,0.001,963.914,1072.619,1.003
"L_uu_weight[37, 7]",0.034,0.035,0.0,0.102,0.001,0.001,962.185,1123.149,1.003
"L_uu_weight[37, 8]",0.043,0.043,0.0,0.126,0.001,0.001,964.667,1123.149,1.003
"L_uu_weight[37, 9]",0.051,0.048,0.0,0.144,0.001,0.001,966.346,1123.149,1.003
"L_uu_weight[37, 10]",0.061,0.052,0.0,0.158,0.002,0.001,964.715,1097.391,1.003
"L_uu_weight[37, 11]",0.073,0.056,0.0,0.176,0.002,0.001,959.983,1097.834,1.003
"L_uu_weight[37, 12]",0.088,0.062,0.0,0.199,0.002,0.001,957.733,1060.73,1.002
"L_uu_weight[37, 13]",0.104,0.069,0.0,0.225,0.002,0.001,961.98,1060.73,1.002
"L_uu_weight[37, 14]",0.12,0.074,0.0,0.25,0.002,0.001,972.815,1060.506,1.002
"L_uu_weight[37, 15]",0.138,0.077,0.001,0.272,0.002,0.001,982.397,1060.506,1.002
"L_uu_weight[37, 16]",0.156,0.078,0.003,0.287,0.002,0.001,988.962,1083.791,1.002
"L_uu_weight[37, 17]",0.175,0.079,0.01,0.305,0.002,0.001,1003.66,1081.93,1.002
"L_uu_weight[37, 18]",0.195,0.079,0.029,0.33,0.002,0.001,1025.878,1115.398,1.001
"L_uu_weight[37, 19]",0.213,0.077,0.05,0.348,0.002,0.001,1057.198,1231.35,1.001
"L_uu_weight[37, 20]",0.23,0.074,0.081,0.37,0.002,0.001,1110.637,1242.944,1.0
"L_uu_weight[37, 21]",0.245,0.07,0.102,0.375,0.002,0.001,1190.751,1255.263,1.0
"L_uu_weight[37, 22]",0.256,0.065,0.121,0.367,0.002,0.001,1291.962,1383.816,1.0
"L_uu_weight[37, 23]",0.264,0.06,0.153,0.374,0.002,0.001,1424.375,1441.108,0.999
"L_uu_weight[37, 24]",0.267,0.057,0.168,0.372,0.001,0.001,1589.79,1497.883,0.999
"L_uu_weight[37, 25]",0.265,0.055,0.168,0.366,0.001,0.001,1703.232,1347.058,1.0
"L_uu_weight[37, 26]",0.257,0.055,0.161,0.363,0.001,0.001,1642.476,1488.045,1.001
"L_uu_weight[37, 27]",0.244,0.056,0.148,0.353,0.001,0.001,1495.973,1462.68,1.001
"L_uu_weight[37, 28]",0.226,0.057,0.13,0.333,0.002,0.001,1378.564,1348.066,1.001
"L_uu_weight[37, 29]",0.203,0.057,0.113,0.314,0.002,0.002,1319.0,1392.494,1.001
"L_uu_weight[37, 30]",0.177,0.054,0.094,0.282,0.002,0.002,1287.355,1316.267,1.001
"L_uu_weight[37, 31]",0.149,0.049,0.073,0.241,0.002,0.002,1274.021,1333.641,1.001
"L_uu_weight[37, 32]",0.12,0.042,0.059,0.199,0.001,0.002,1265.55,1333.299,1.001
"L_uu_weight[37, 33]",0.092,0.033,0.045,0.154,0.001,0.001,1266.713,1296.679,1.001
"L_uu_weight[37, 34]",0.067,0.024,0.033,0.11,0.001,0.001,1270.396,1296.679,1.001
"L_uu_weight[37, 35]",0.046,0.015,0.024,0.073,0.0,0.001,1282.123,1331.773,1.001
"L_uu_weight[37, 36]",0.028,0.008,0.015,0.043,0.0,0.0,1323.177,1258.579,1.001
"L_uu_weight[37, 37]",0.02,0.004,0.012,0.027,0.0,0.0,1563.666,1479.822,1.0
"L_uu_weight[37, 38]",0.0,0.0,0.0,0.0,0.0,,2000.0,2000.0,
"L_uu_weight[37, 39]",0.0,0.0,0.0,0.0,0.0,,2000.0,2000.0,
"L_uu_weight[37, 40]",0.0,0.0,0.0,0.0,0.0,,2000.0,2000.0,
"L_uu_weight[37, 41]",0.0,0.0,0.0,0.0,0.0,,2000.0,2000.0,
"L_uu_weight[37, 42]",0.0,0.0,0.0,0.0,0.0,,2000.0,2000.0,
"L_uu_weight[37, 43]",0.0,0.0,0.0,0.0,0.0,,2000.0,2000.0,
"L_uu_weight[37, 44]",0.0,0.0,0.0,0.0,0.0,,2000.0,2000.0,
"L_uu_weight[37, 45]",0.0,0.0,0.0,0.0,0.0,,2000.0,2000.0,
"L_uu_weight[37, 46]",0.0,0.0,0.0,0.0,0.0,,2000.0,2000.0,
"L_uu_weight[37, 47]",0.0,0.0,0.0,0.0,0.0,,2000.0,2000.0,
"L_uu_weight[37, 48]",0.0,0.0,0.0,0.0,0.0,,2000.0,2000.0,
"L_uu_weight[37, 49]",0.0,0.0,0.0,0.0,0.0,,2000.0,2000.0,
"L_uu_weight[38, 0]",0.001,0.003,0.0,0.006,0.0,0.0,976.459,1078.252,1.003
"L_uu_weight[38, 1]",0.005,0.011,0.0,0.022,0.0,0.001,975.427,1078.252,1.003
"L_uu_weight[38, 2]",0.007,0.01,0.0,0.026,0.0,0.0,970.426,1078.252,1.003
"L_uu_weight[38, 3]",0.011,0.017,0.0,0.043,0.001,0.001,970.688,1072.619,1.003
"L_uu_weight[38, 4]",0.013,0.02,0.0,0.048,0.001,0.001,972.698,1072.619,1.003
"L_uu_weight[38, 5]",0.015,0.02,0.0,0.053,0.001,0.001,970.061,1072.619,1.003
"L_uu_weight[38, 6]",0.021,0.024,0.0,0.067,0.001,0.001,965.212,1072.619,1.003
"L_uu_weight[38, 7]",0.028,0.031,0.0,0.087,0.001,0.001,963.531,1072.619,1.003
"L_uu_weight[38, 8]",0.035,0.038,0.0,0.108,0.001,0.001,965.724,1123.149,1.003
"L_uu_weight[38, 9]",0.042,0.043,0.0,0.125,0.001,0.001,968.236,1123.149,1.003
"L_uu_weight[38, 10]",0.05,0.047,0.0,0.138,0.001,0.001,965.77,1123.149,1.003
"L_uu_weight[38, 11]",0.061,0.051,0.0,0.155,0.002,0.001,961.18,1097.391,1.003
"L_uu_weight[38, 12]",0.074,0.057,0.0,0.178,0.002,0.001,956.877,1097.834,1.003
"L_uu_weight[38, 13]",0.089,0.064,0.0,0.204,0.002,0.001,959.231,1097.834,1.002
"L_uu_weight[38, 14]",0.104,0.069,0.0,0.229,0.002,0.001,968.168,1060.73,1.002
"L_uu_weight[38, 15]",0.12,0.074,0.001,0.251,0.002,0.001,974.166,1060.506,1.002
"L_uu_weight[38, 16]",0.138,0.076,0.003,0.27,0.002,0.001,980.985,1060.506,1.002
"L_uu_weight[38, 17]",0.156,0.078,0.003,0.283,0.002,0.001,985.815,1083.791,1.002
"L_uu_weight[38, 18]",0.176,0.079,0.018,0.313,0.002,0.001,1000.518,1081.93,1.002
"L_uu_weight[38, 19]",0.195,0.079,0.028,0.331,0.002,0.001,1025.951,1115.398,1.001
"L_uu_weight[38, 20]",0.213,0.077,0.043,0.342,0.002,0.001,1061.219,1231.35,1.001
"L_uu_weight[38, 21]",0.23,0.074,0.081,0.37,0.002,0.001,1111.899,1242.944,1.0
"L_uu_weight[38, 22]",0.245,0.07,0.103,0.376,0.002,0.001,1191.997,1255.263,1.0
"L_uu_weight[38, 23]",0.256,0.065,0.121,0.368,0.002,0.001,1294.456,1424.443,1.0
"L_uu_weight[38, 24]",0.264,0.06,0.153,0.375,0.002,0.001,1423.891,1441.108,0.999
"L_uu_weight[38, 25]",0.267,0.057,0.168,0.372,0.001,0.001,1586.96,1493.481,0.999
"L_uu_weight[38, 26]",0.265,0.055,0.168,0.365,0.001,0.001,1693.819,1332.937,1.0
"L_uu_weight[38, 27]",0.257,0.055,0.162,0.363,0.001,0.001,1636.912,1511.099,1.001
"L_uu_weight[38, 28]",0.244,0.056,0.149,0.353,0.001,0.001,1491.312,1462.68,1.001
"L_uu_weight[38, 29]",0.226,0.057,0.13,0.333,0.002,0.001,1379.811,1348.066,1.001
"L_uu_weight[38, 30]",0.203,0.057,0.113,0.313,0.002,0.002,1319.231,1392.494,1.001
"L_uu_weight[38, 31]",0.177,0.054,0.094,0.282,0.002,0.002,1287.675,1316.267,1.001
"L_uu_weight[38, 32]",0.149,0.049,0.073,0.241,0.002,0.002,1274.331,1333.641,1.001
"L_uu_weight[38, 33]",0.12,0.042,0.058,0.199,0.001,0.002,1265.497,1333.299,1.001
"L_uu_weight[38, 34]",0.092,0.033,0.045,0.154,0.001,0.001,1265.906,1296.679,1.001
"L_uu_weight[38, 35]",0.067,0.024,0.033,0.11,0.001,0.001,1268.873,1296.679,1.001
"L_uu_weight[38, 36]",0.046,0.015,0.023,0.073,0.0,0.001,1281.936,1331.773,1.001
"L_uu_weight[38, 37]",0.028,0.008,0.015,0.043,0.0,0.0,1322.693,1258.579,1.001
"L_uu_weight[38, 38]",0.02,0.004,0.012,0.027,0.0,0.0,1563.354,1479.822,1.0
"L_uu_weight[38, 39]",0.0,0.0,0.0,0.0,0.0,,2000.0,2000.0,
"L_uu_weight[38, 40]",0.0,0.0,0.0,0.0,0.0,,2000.0,2000.0,
"L_uu_weight[38, 41]",0.0,0.0,0.0,0.0,0.0,,2000.0,2000.0,
"L_uu_weight[38, 42]",0.0,0.0,0.0,0.0,0.0,,2000.0,2000.0,
"L_uu_weight[38, 43]",0.0,0.0,0.0,0.0,0.0,,2000.0,2000.0,
"L_uu_weight[38, 44]",0.0,0.0,0.0,0.0,0.0,,2000.0,2000.0,
"L_uu_weight[38, 45]",0.0,0.0,0.0,0.0,0.0,,2000.0,2000.0,
"L_uu_weight[38, 46]",0.0,0.0,0.0,0.0,0.0,,2000.0,2000.0,
"L_uu_weight[38, 47]",0.0,0.0,0.0,0.0,0.0,,2000.0,2000.0,
"L_uu_weight[38, 48]",0.0,0.0,0.0,0.0,0.0,,2000.0,2000.0,
"L_uu_weight[38, 49]",0.0,0.0,0.0,0.0,0.0,,2000.0,2000.0,
"L_uu_weight[39, 0]",0.001,0.003,0.0,0.005,0.0,0.0,977.947,1078.252,1.003
"L_uu_weight[39, 1]",0.004,0.009,0.0,0.018,0.0,0.001,975.369,1078.252,1.003
"L_uu_weight[39, 2]",0.005,0.008,0.0,0.02,0.0,0.0,971.888,1078.252,1.003
"L_uu_weight[39, 3]",0.009,0.014,0.0,0.034,0.0,0.001,972.295,1078.252,1.003
"L_uu_weight[39, 4]",0.01,0.017,0.0,0.039,0.0,0.001,973.868,1072.619,1.003
"L_uu_weight[39, 5]",0.012,0.017,0.0,0.043,0.001,0.001,971.145,1072.619,1.003
"L_uu_weight[39, 6]",0.016,0.021,0.0,0.055,0.001,0.001,966.616,1072.619,1.003
"L_uu_weight[39, 7]",0.022,0.026,0.0,0.074,0.001,0.001,964.674,1072.619,1.003
"L_uu_weight[39, 8]",0.028,0.033,0.0,0.093,0.001,0.001,966.744,1072.619,1.003
"L_uu_weight[39, 9]",0.034,0.038,0.0,0.107,0.001,0.001,968.372,1123.149,1.003
"L_uu_weight[39, 10]",0.041,0.041,0.0,0.12,0.001,0.001,967.262,1123.149,1.003
"L_uu_weight[39, 11]",0.051,0.046,0.0,0.137,0.001,0.001,961.365,1123.149,1.003
"L_uu_weight[39, 12]",0.062,0.051,0.0,0.158,0.002,0.001,959.115,1097.391,1.003
"L_uu_weight[39, 13]",0.075,0.058,0.0,0.183,0.002,0.001,959.459,1097.834,1.003
"L_uu_weight[39, 14]",0.089,0.064,0.0,0.208,0.002,0.001,962.425,1097.834,1.002
"L_uu_weight[39, 15]",0.104,0.069,0.0,0.23,0.002,0.001,969.902,1060.73,1.002
"L_uu_weight[39, 16]",0.12,0.073,0.0,0.247,0.002,0.001,972.954,1060.506,1.002
"L_uu_weight[39, 17]",0.138,0.076,0.001,0.265,0.002,0.001,977.775,1060.506,1.002
"L_uu_weight[39, 18]",0.157,0.078,0.003,0.283,0.002,0.001,984.062,1083.791,1.002
"L_uu_weight[39, 19]",0.176,0.079,0.018,0.313,0.003,0.001,1001.778,1115.398,1.002
"L_uu_weight[39, 20]",0.195,0.079,0.028,0.332,0.002,0.001,1027.376,1215.244,1.001
"L_uu_weight[39, 21]",0.213,0.077,0.044,0.344,0.002,0.002,1063.876,1231.35,1.001
"L_uu_weight[39, 22]",0.23,0.074,0.075,0.364,0.002,0.001,1113.665,1242.944,1.0
"L_uu_weight[39, 23]",0.244,0.069,0.097,0.37,0.002,0.001,1191.954,1255.263,1.0
"L_uu_weight[39, 24]",0.256,0.065,0.121,0.368,0.002,0.001,1293.757,1385.247,1.0
"L_uu_weight[39, 25]",0.263,0.06,0.153,0.374,0.002,0.001,1420.386,1441.108,0.999
"L_uu_weight[39, 26]",0.266,0.057,0.168,0.371,0.001,0.001,1583.475,1473.098,0.999
"L_uu_weight[39, 27]",0.264,0.055,0.166,0.363,0.001,0.001,1689.144,1406.459,1.0
"L_uu_weight[39, 28]",0.257,0.055,0.161,0.363,0.001,0.001,1637.937,1464.554,1.001
"L_uu_weight[39, 29]",0.244,0.056,0.151,0.355,0.001,0.001,1492.428,1462.68,1.001
"L_uu_weight[39, 30]",0.225,0.057,0.13,0.333,0.002,0.001,1380.197,1348.066,1.001
"L_uu_weight[39, 31]",0.203,0.057,0.113,0.313,0.002,0.002,1320.869,1392.494,1.001
"L_uu_weight[39, 32]",0.177,0.054,0.094,0.282,0.002,0.002,1288.129,1316.267,1.001
"L_uu_weight[39, 33]",0.149,0.049,0.073,0.241,0.002,0.002,1274.14,1333.641,1.001
"L_uu_weight[39, 34]",0.12,0.042,0.058,0.199,0.001,0.002,1263.936,1333.299,1.001
"L_uu_weight[39, 35]",0.092,0.033,0.045,0.154,0.001,0.001,1264.938,1296.679,1.001
"L_uu_weight[39, 36]",0.067,0.024,0.033,0.11,0.001,0.001,1269.037,1296.679,1.001
"L_uu_weight[39, 37]",0.045,0.015,0.023,0.073,0.0,0.001,1281.438,1331.773,1.001
"L_uu_weight[39, 38]",0.028,0.008,0.015,0.043,0.0,0.0,1322.496,1258.579,1.001
"L_uu_weight[39, 39]",0.02,0.004,0.012,0.027,0.0,0.0,1563.777,1497.354,1.0
"L_uu_weight[39, 40]",0.0,0.0,0.0,0.0,0.0,,2000.0,2000.0,
"L_uu_weight[39, 41]",0.0,0.0,0.0,0.0,0.0,,2000.0,2000.0,
"L_uu_weight[39, 42]",0.0,0.0,0.0,0.0,0.0,,2000.0,2000.0,
"L_uu_weight[39, 43]",0.0,0.0,0.0,0.0,0.0,,2000.0,2000.0,
"L_uu_weight[39, 44]",0.0,0.0,0.0,0.0,0.0,,2000.0,2000.0,
"L_uu_weight[39, 45]",0.0,0.0,0.0,0.0,0.0,,2000.0,2000.0,
"L_uu_weight[39, 46]",0.0,0.0,0.0,0.0,0.0,,2000.0,2000.0,
"L_uu_weight[39, 47]",0.0,0.0,0.0,0.0,0.0,,2000.0,2000.0,
"L_uu_weight[39, 48]",0.0,0.0,0.0,0.0,0.0,,2000.0,2000.0,
"L_uu_weight[39, 49]",0.0,0.0,0.0,0.0,0.0,,2000.0,2000.0,
"L_uu_weight[40, 0]",0.001,0.002,0.0,0.004,0.0,0.0,977.874,1078.252,1.003
"L_uu_weight[40, 1]",0.003,0.007,0.0,0.014,0.0,0.001,976.473,1078.252,1.003
"L_uu_weight[40, 2]",0.004,0.007,0.0,0.016,0.0,0.0,973.008,1078.252,1.003
"L_uu_weight[40, 3]",0.007,0.012,0.0,0.028,0.0,0.001,973.55,1078.252,1.003
"L_uu_weight[40, 4]",0.008,0.014,0.0,0.032,0.0,0.001,974.407,1078.252,1.003
"L_uu_weight[40, 5]",0.01,0.015,0.0,0.036,0.0,0.001,972.18,1072.619,1.003
"L_uu_weight[40, 6]",0.013,0.017,0.0,0.045,0.001,0.001,968.432,1072.619,1.003
"L_uu_weight[40, 7]",0.018,0.023,0.0,0.061,0.001,0.001,966.712,1072.619,1.003
"L_uu_weight[40, 8]",0.023,0.028,0.0,0.077,0.001,0.001,968.669,1072.619,1.003
"L_uu_weight[40, 9]",0.028,0.033,0.0,0.091,0.001,0.001,969.211,1072.619,1.003
"L_uu_weight[40, 10]",0.034,0.037,0.0,0.103,0.001,0.001,967.989,1123.149,1.003
"L_uu_weight[40, 11]",0.042,0.041,0.0,0.118,0.001,0.001,963.134,1123.149,1.003
"L_uu_weight[40, 12]",0.052,0.046,0.0,0.139,0.001,0.001,959.487,1123.149,1.003
"L_uu_weight[40, 13]",0.063,0.053,0.0,0.163,0.002,0.001,960.156,1097.391,1.003
"L_uu_weight[40, 14]",0.075,0.059,0.0,0.187,0.002,0.001,963.361,1097.834,1.003
"L_uu_weight[40, 15]",0.089,0.064,0.0,0.208,0.002,0.001,967.98,1060.73,1.002
"L_uu_weight[40, 16]",0.104,0.069,0.0,0.227,0.002,0.001,970.102,1060.73,1.002
"L_uu_weight[40, 17]",0.12,0.072,0.001,0.246,0.002,0.001,970.045,1060.506,1.002
"L_uu_weight[40, 18]",0.138,0.076,0.001,0.265,0.002,0.001,976.7,1060.506,1.002
"L_uu_weight[40, 19]",0.157,0.078,0.003,0.285,0.002,0.001,985.141,1083.791,1.002
"L_uu_weight[40, 20]",0.176,0.08,0.01,0.306,0.003,0.001,1004.21,1115.398,1.002
"L_uu_weight[40, 21]",0.195,0.079,0.029,0.333,0.002,0.001,1029.528,1215.244,1.001
"L_uu_weight[40, 22]",0.213,0.077,0.046,0.345,0.002,0.002,1064.669,1231.35,1.001
"L_uu_weight[40, 23]",0.23,0.074,0.078,0.366,0.002,0.001,1114.287,1242.944,1.0
"L_uu_weight[40, 24]",0.244,0.069,0.098,0.371,0.002,0.001,1191.522,1270.623,1.0
"L_uu_weight[40, 25]",0.256,0.065,0.12,0.366,0.002,0.001,1291.873,1384.98,1.0
"L_uu_weight[40, 26]",0.263,0.06,0.153,0.374,0.002,0.001,1418.911,1441.108,0.999
"L_uu_weight[40, 27]",0.266,0.057,0.166,0.37,0.001,0.001,1579.85,1473.098,0.999
"L_uu_weight[40, 28]",0.264,0.055,0.167,0.363,0.001,0.001,1690.553,1411.513,1.0
"L_uu_weight[40, 29]",0.257,0.055,0.161,0.362,0.001,0.001,1641.923,1420.756,1.001
"L_uu_weight[40, 30]",0.244,0.056,0.151,0.356,0.001,0.001,1495.877,1462.68,1.001
"L_uu_weight[40, 31]",0.225,0.058,0.131,0.333,0.002,0.001,1381.899,1348.066,1.001
"L_uu_weight[40, 32]",0.203,0.057,0.113,0.313,0.002,0.002,1319.874,1392.494,1.001
"L_uu_weight[40, 33]",0.177,0.054,0.094,0.282,0.002,0.002,1287.507,1328.952,1.001
"L_uu_weight[40, 34]",0.148,0.049,0.073,0.24,0.002,0.002,1273.496,1333.641,1.001
"L_uu_weight[40, 35]",0.12,0.042,0.058,0.199,0.001,0.002,1263.193,1333.299,1.001
"L_uu_weight[40, 36]",0.092,0.033,0.045,0.154,0.001,0.001,1264.235,1296.679,1.001
"L_uu_weight[40, 37]",0.067,0.024,0.034,0.111,0.001,0.001,1269.252,1296.679,1.001
"L_uu_weight[40, 38]",0.045,0.015,0.023,0.073,0.0,0.001,1282.177,1331.773,1.001
"L_uu_weight[40, 39]",0.028,0.008,0.015,0.043,0.0,0.0,1322.886,1258.579,1.001
"L_uu_weight[40, 40]",0.02,0.004,0.012,0.027,0.0,0.0,1563.923,1479.822,1.0
"L_uu_weight[40, 41]",0.0,0.0,0.0,0.0,0.0,,2000.0,2000.0,
"L_uu_weight[40, 42]",0.0,0.0,0.0,0.0,0.0,,2000.0,2000.0,
"L_uu_weight[40, 43]",0.0,0.0,0.0,0.0,0.0,,2000.0,2000.0,
"L_uu_weight[40, 44]",0.0,0.0,0.0,0.0,0.0,,2000.0,2000.0,
"L_uu_weight[40, 45]",0.0,0.0,0.0,0.0,0.0,,2000.0,2000.0,
"L_uu_weight[40, 46]",0.0,0.0,0.0,0.0,0.0,,2000.0,2000.0,
"L_uu_weight[40, 47]",0.0,0.0,0.0,0.0,0.0,,2000.0,2000.0,
"L_uu_weight[40, 48]",0.0,0.0,0.0,0.0,0.0,,2000.0,2000.0,
"L_uu_weight[40, 49]",0.0,0.0,0.0,0.0,0.0,,2000.0,2000.0,
"L_uu_weight[41, 0]",0.001,0.002,0.0,0.003,0.0,0.0,977.495,1078.252,1.003
"L_uu_weight[41, 1]",0.002,0.006,0.0,0.01,0.0,0.0,977.189,1078.252,1.003
"L_uu_weight[41, 2]",0.003,0.006,0.0,0.013,0.0,0.0,973.111,1078.252,1.003
"L_uu_weight[41, 3]",0.005,0.01,0.0,0.022,0.0,0.001,974.156,1078.252,1.003
"L_uu_weight[41, 4]",0.006,0.011,0.0,0.025,0.0,0.001,975.197,1078.252,1.003
"L_uu_weight[41, 5]",0.008,0.012,0.0,0.029,0.0,0.001,973.003,1078.252,1.003
"L_uu_weight[41, 6]",0.01,0.015,0.0,0.037,0.0,0.001,968.482,1072.619,1.003
"L_uu_weight[41, 7]",0.014,0.019,0.0,0.05,0.001,0.001,966.937,1072.619,1.003
"L_uu_weight[41, 8]",0.018,0.024,0.0,0.064,0.001,0.001,968.468,1072.619,1.003
"L_uu_weight[41, 9]",0.023,0.028,0.0,0.076,0.001,0.001,969.538,1072.619,1.003
"L_uu_weight[41, 10]",0.028,0.032,0.0,0.088,0.001,0.001,967.944,1072.619,1.003
"L_uu_weight[41, 11]",0.034,0.036,0.0,0.101,0.001,0.001,964.718,1123.149,1.003
"L_uu_weight[41, 12]",0.043,0.041,0.0,0.121,0.001,0.001,960.339,1123.149,1.003
"L_uu_weight[41, 13]",0.052,0.047,0.0,0.143,0.001,0.001,961.311,1123.149,1.003
"L_uu_weight[41, 14]",0.063,0.054,0.0,0.165,0.002,0.001,963.219,1097.391,1.003
"L_uu_weight[41, 15]",0.075,0.059,0.0,0.188,0.002,0.001,964.851,1097.834,1.003
"L_uu_weight[41, 16]",0.089,0.064,0.0,0.206,0.002,0.001,965.06,1060.73,1.002
"L_uu_weight[41, 17]",0.104,0.068,0.0,0.225,0.002,0.001,965.461,1060.73,1.002
"L_uu_weight[41, 18]",0.12,0.072,0.0,0.244,0.002,0.001,968.089,1060.506,1.002
"L_uu_weight[41, 19]",0.138,0.076,0.002,0.266,0.002,0.001,975.891,1060.506,1.002
"L_uu_weight[41, 20]",0.157,0.079,0.006,0.289,0.002,0.001,987.878,1083.791,1.002
"L_uu_weight[41, 21]",0.176,0.079,0.01,0.307,0.003,0.001,1005.196,1115.398,1.002
"L_uu_weight[41, 22]",0.195,0.079,0.026,0.329,0.002,0.001,1032.606,1215.244,1.001
"L_uu_weight[41, 23]",0.213,0.077,0.043,0.342,0.002,0.001,1064.259,1231.35,1.001
"L_uu_weight[41, 24]",0.23,0.074,0.078,0.366,0.002,0.001,1112.754,1242.944,1.0
"L_uu_weight[41, 25]",0.244,0.069,0.099,0.371,0.002,0.001,1190.212,1255.263,1.0
"L_uu_weight[41, 26]",0.256,0.065,0.121,0.367,0.002,0.001,1288.963,1384.98,1.0
"L_uu_weight[41, 27]",0.263,0.06,0.152,0.372,0.002,0.001,1419.125,1441.108,0.999
"L_uu_weight[41, 28]",0.266,0.057,0.168,0.371,0.001,0.001,1582.096,1473.098,1.0
"L_uu_weight[41, 29]",0.264,0.055,0.167,0.363,0.001,0.001,1695.646,1411.513,1.0
"L_uu_weight[41, 30]",0.256,0.055,0.16,0.362,0.001,0.001,1643.616,1420.91,1.001
"L_uu_weight[41, 31]",0.243,0.057,0.151,0.355,0.001,0.001,1497.187,1462.68,1.001
"L_uu_weight[41, 32]",0.225,0.058,0.131,0.334,0.002,0.001,1382.999,1348.066,1.001
"L_uu_weight[41, 33]",0.203,0.057,0.113,0.313,0.002,0.002,1320.403,1392.494,1.001
"L_uu_weight[41, 34]",0.177,0.054,0.094,0.282,0.002,0.002,1287.761,1328.952,1.001
"L_uu_weight[41, 35]",0.148,0.049,0.073,0.24,0.002,0.002,1271.739,1333.641,1.001
"L_uu_weight[41, 36]",0.12,0.042,0.058,0.199,0.001,0.002,1262.858,1333.299,1.001
"L_uu_weight[41, 37]",0.092,0.033,0.045,0.154,0.001,0.001,1264.102,1296.679,1.001
"L_uu_weight[41, 38]",0.067,0.024,0.033,0.111,0.001,0.001,1269.964,1296.679,1.001
"L_uu_weight[41, 39]",0.045,0.015,0.023,0.073,0.0,0.001,1282.012,1331.773,1.001
"L_uu_weight[41, 40]",0.028,0.008,0.015,0.043,0.0,0.0,1322.584,1258.579,1.001
"L_uu_weight[41, 41]",0.02,0.004,0.012,0.027,0.0,0.0,1563.826,1479.822,1.0
"L_uu_weight[41, 42]",0.0,0.0,0.0,0.0,0.0,,2000.0,2000.0,
"L_uu_weight[41, 43]",0.0,0.0,0.0,0.0,0.0,,2000.0,2000.0,
"L_uu_weight[41, 44]",0.0,0.0,0.0,0.0,0.0,,2000.0,2000.0,
"L_uu_weight[41, 45]",0.0,0.0,0.0,0.0,0.0,,2000.0,2000.0,
"L_uu_weight[41, 46]",0.0,0.0,0.0,0.0,0.0,,2000.0,2000.0,
"L_uu_weight[41, 47]",0.0,0.0,0.0,0.0,0.0,,2000.0,2000.0,
"L_uu_weight[41, 48]",0.0,0.0,0.0,0.0,0.0,,2000.0,2000.0,
"L_uu_weight[41, 49]",0.0,0.0,0.0,0.0,0.0,,2000.0,2000.0,
"L_uu_weight[42, 0]",0.0,0.001,0.0,0.002,0.0,0.0,978.174,1078.252,1.003
"L_uu_weight[42, 1]",0.002,0.005,0.0,0.008,0.0,0.0,978.145,1078.252,1.003
"L_uu_weight[42, 2]",0.002,0.005,0.0,0.01,0.0,0.0,974.117,1078.252,1.003
"L_uu_weight[42, 3]",0.004,0.008,0.0,0.017,0.0,0.0,974.82,1078.252,1.003
"L_uu_weight[42, 4]",0.005,0.009,0.0,0.02,0.0,0.001,975.48,1078.252,1.003
"L_uu_weight[42, 5]",0.006,0.01,0.0,0.023,0.0,0.001,972.835,1078.252,1.003
"L_uu_weight[42, 6]",0.008,0.012,0.0,0.03,0.0,0.001,970.543,1078.252,1.003
"L_uu_weight[42, 7]",0.011,0.016,0.0,0.042,0.0,0.001,967.994,1072.619,1.003
"L_uu_weight[42, 8]",0.015,0.021,0.0,0.054,0.001,0.001,968.836,1072.619,1.003
"L_uu_weight[42, 9]",0.018,0.024,0.0,0.064,0.001,0.001,969.742,1072.619,1.003
"L_uu_weight[42, 10]",0.022,0.028,0.0,0.074,0.001,0.001,968.932,1072.619,1.003
"L_uu_weight[42, 11]",0.028,0.031,0.0,0.087,0.001,0.001,965.867,1072.619,1.003
"L_uu_weight[42, 12]",0.035,0.036,0.0,0.103,0.001,0.001,962.122,1123.149,1.003
"L_uu_weight[42, 13]",0.043,0.042,0.0,0.124,0.001,0.001,961.265,1123.149,1.003
"L_uu_weight[42, 14]",0.053,0.048,0.0,0.146,0.001,0.001,962.847,1123.149,1.003
"L_uu_weight[42, 15]",0.063,0.054,0.0,0.166,0.002,0.001,964.531,1097.391,1.003
"L_uu_weight[42, 16]",0.075,0.059,0.0,0.185,0.002,0.001,962.601,1097.834,1.003
"L_uu_weight[42, 17]",0.089,0.064,0.0,0.203,0.002,0.001,961.833,1097.834,1.002
"L_uu_weight[42, 18]",0.104,0.068,0.0,0.224,0.002,0.001,961.918,1060.73,1.002
"L_uu_weight[42, 19]",0.121,0.073,0.001,0.246,0.002,0.001,969.337,1060.506,1.002
"L_uu_weight[42, 20]",0.139,0.076,0.0,0.266,0.002,0.001,978.247,1060.506,1.002
"L_uu_weight[42, 21]",0.157,0.079,0.006,0.289,0.002,0.001,989.459,1083.791,1.002
"L_uu_weight[42, 22]",0.176,0.079,0.01,0.305,0.002,0.001,1006.174,1115.398,1.002
"L_uu_weight[42, 23]",0.195,0.079,0.026,0.328,0.002,0.001,1030.707,1115.398,1.001
"L_uu_weight[42, 24]",0.213,0.077,0.054,0.352,0.002,0.001,1062.599,1231.35,1.001
"L_uu_weight[42, 25]",0.23,0.074,0.079,0.366,0.002,0.001,1112.467,1242.944,1.0
"L_uu_weight[42, 26]",0.244,0.069,0.098,0.37,0.002,0.001,1189.113,1255.263,1.0
"L_uu_weight[42, 27]",0.256,0.065,0.121,0.366,0.002,0.001,1289.492,1365.108,1.0
"L_uu_weight[42, 28]",0.263,0.06,0.152,0.372,0.002,0.001,1422.069,1441.108,0.999
"L_uu_weight[42, 29]",0.266,0.057,0.167,0.37,0.001,0.001,1587.148,1473.098,1.0
"L_uu_weight[42, 30]",0.264,0.055,0.166,0.363,0.001,0.001,1698.476,1411.673,1.0
"L_uu_weight[42, 31]",0.256,0.055,0.16,0.362,0.001,0.001,1643.549,1420.91,1.001
"L_uu_weight[42, 32]",0.243,0.057,0.149,0.354,0.001,0.001,1497.709,1462.68,1.001
"L_uu_weight[42, 33]",0.225,0.058,0.131,0.334,0.002,0.001,1380.559,1347.949,1.001
"L_uu_weight[42, 34]",0.202,0.057,0.113,0.313,0.002,0.002,1319.994,1392.494,1.001
"L_uu_weight[42, 35]",0.176,0.054,0.094,0.282,0.002,0.002,1286.185,1373.189,1.001
"L_uu_weight[42, 36]",0.148,0.049,0.073,0.24,0.002,0.002,1271.922,1333.641,1.001
"L_uu_weight[42, 37]",0.12,0.042,0.058,0.199,0.001,0.002,1262.893,1333.299,1.001
"L_uu_weight[42, 38]",0.092,0.033,0.045,0.154,0.001,0.001,1264.19,1296.679,1.001
"L_uu_weight[42, 39]",0.067,0.024,0.033,0.111,0.001,0.001,1269.957,1296.679,1.001
"L_uu_weight[42, 40]",0.045,0.015,0.023,0.073,0.0,0.001,1281.447,1331.773,1.001
"L_uu_weight[42, 41]",0.028,0.008,0.015,0.043,0.0,0.0,1322.198,1258.579,1.001
"L_uu_weight[42, 42]",0.02,0.004,0.012,0.027,0.0,0.0,1563.555,1479.822,1.0
"L_uu_weight[42, 43]",0.0,0.0,0.0,0.0,0.0,,2000.0,2000.0,
"L_uu_weight[42, 44]",0.0,0.0,0.0,0.0,0.0,,2000.0,2000.0,
"L_uu_weight[42, 45]",0.0,0.0,0.0,0.0,0.0,,2000.0,2000.0,
"L_uu_weight[42, 46]",0.0,0.0,0.0,0.0,0.0,,2000.0,2000.0,
"L_uu_weight[42, 47]",0.0,0.0,0.0,0.0,0.0,,2000.0,2000.0,
"L_uu_weight[42, 48]",0.0,0.0,0.0,0.0,0.0,,2000.0,2000.0,
"L_uu_weight[42, 49]",0.0,0.0,0.0,0.0,0.0,,2000.0,2000.0,
"L_uu_weight[43, 0]",0.0,0.001,0.0,0.001,0.0,0.0,978.437,1078.252,1.003
"L_uu_weight[43, 1]",0.001,0.004,0.0,0.006,0.0,0.0,977.918,1078.252,1.003
"L_uu_weight[43, 2]",0.002,0.004,0.0,0.008,0.0,0.0,974.996,1078.252,1.003
"L_uu_weight[43, 3]",0.003,0.006,0.0,0.013,0.0,0.0,975.429,1078.252,1.003
"L_uu_weight[43, 4]",0.004,0.008,0.0,0.016,0.0,0.001,975.573,1078.252,1.003
"L_uu_weight[43, 5]",0.005,0.008,0.0,0.018,0.0,0.001,973.875,1078.252,1.003
"L_uu_weight[43, 6]",0.006,0.01,0.0,0.024,0.0,0.001,971.751,1078.252,1.003
"L_uu_weight[43, 7]",0.009,0.013,0.0,0.034,0.0,0.001,970.492,1078.252,1.003
"L_uu_weight[43, 8]",0.012,0.017,0.0,0.044,0.001,0.001,970.48,1072.619,1.003
"L_uu_weight[43, 9]",0.014,0.021,0.0,0.053,0.001,0.001,970.77,1072.619,1.003
"L_uu_weight[43, 10]",0.018,0.024,0.0,0.062,0.001,0.001,969.726,1072.619,1.003
"L_uu_weight[43, 11]",0.023,0.027,0.0,0.073,0.001,0.001,966.506,1072.619,1.003
"L_uu_weight[43, 12]",0.028,0.031,0.0,0.088,0.001,0.001,963.87,1072.619,1.003
"L_uu_weight[43, 13]",0.035,0.037,0.0,0.107,0.001,0.001,963.243,1123.149,1.003
"L_uu_weight[43, 14]",0.044,0.043,0.0,0.127,0.001,0.001,963.792,1123.149,1.003
"L_uu_weight[43, 15]",0.053,0.048,0.0,0.146,0.001,0.001,963.491,1123.149,1.003
"L_uu_weight[43, 16]",0.063,0.053,0.0,0.164,0.002,0.001,962.769,1097.391,1.003
"L_uu_weight[43, 17]",0.075,0.058,0.0,0.184,0.002,0.001,959.583,1097.834,1.003
"L_uu_weight[43, 18]",0.089,0.064,0.0,0.204,0.002,0.001,959.629,1097.834,1.002
"L_uu_weight[43, 19]",0.104,0.069,0.0,0.226,0.002,0.001,961.722,1060.73,1.002
"L_uu_weight[43, 20]",0.121,0.073,0.001,0.248,0.002,0.001,971.468,1060.506,1.002
"L_uu_weight[43, 21]",0.139,0.076,0.003,0.271,0.002,0.001,980.587,1060.506,1.002
"L_uu_weight[43, 22]",0.157,0.078,0.004,0.287,0.002,0.001,988.498,1083.791,1.002
"L_uu_weight[43, 23]",0.176,0.079,0.01,0.305,0.002,0.001,1004.378,1115.398,1.002
"L_uu_weight[43, 24]",0.195,0.079,0.026,0.327,0.002,0.001,1029.15,1215.244,1.001
"L_uu_weight[43, 25]",0.213,0.077,0.052,0.349,0.002,0.001,1060.471,1231.35,1.001
"L_uu_weight[43, 26]",0.23,0.074,0.081,0.368,0.002,0.001,1112.148,1242.944,1.0
"L_uu_weight[43, 27]",0.244,0.069,0.097,0.369,0.002,0.001,1190.413,1255.263,1.0
"L_uu_weight[43, 28]",0.255,0.064,0.121,0.367,0.002,0.001,1291.26,1365.108,1.0
"L_uu_weight[43, 29]",0.263,0.06,0.153,0.373,0.002,0.001,1424.225,1441.108,0.999
"L_uu_weight[43, 30]",0.266,0.057,0.168,0.371,0.001,0.001,1590.158,1493.481,0.999
"L_uu_weight[43, 31]",0.264,0.055,0.166,0.363,0.001,0.001,1697.64,1406.239,1.0
"L_uu_weight[43, 32]",0.256,0.055,0.161,0.363,0.001,0.001,1639.86,1488.004,1.002
"L_uu_weight[43, 33]",0.243,0.057,0.148,0.353,0.001,0.001,1494.015,1462.68,1.001
"L_uu_weight[43, 34]",0.225,0.058,0.129,0.333,0.002,0.001,1378.303,1347.949,1.001
"L_uu_weight[43, 35]",0.202,0.057,0.112,0.313,0.002,0.002,1318.631,1392.494,1.001
"L_uu_weight[43, 36]",0.176,0.055,0.094,0.282,0.002,0.002,1284.308,1328.952,1.001
"L_uu_weight[43, 37]",0.148,0.049,0.073,0.24,0.002,0.002,1271.495,1333.641,1.001
"L_uu_weight[43, 38]",0.12,0.042,0.058,0.199,0.001,0.002,1262.803,1333.299,1.001
"L_uu_weight[43, 39]",0.092,0.033,0.045,0.154,0.001,0.001,1264.813,1296.679,1.001
"L_uu_weight[43, 40]",0.067,0.024,0.033,0.111,0.001,0.001,1270.023,1296.679,1.001
"L_uu_weight[43, 41]",0.045,0.015,0.023,0.073,0.0,0.001,1281.215,1331.773,1.001
"L_uu_weight[43, 42]",0.028,0.008,0.015,0.043,0.0,0.0,1321.925,1258.579,1.001
"L_uu_weight[43, 43]",0.02,0.004,0.012,0.027,0.0,0.0,1563.424,1479.822,1.0
"L_uu_weight[43, 44]",0.0,0.0,0.0,0.0,0.0,,2000.0,2000.0,
"L_uu_weight[43, 45]",0.0,0.0,0.0,0.0,0.0,,2000.0,2000.0,
"L_uu_weight[43, 46]",0.0,0.0,0.0,0.0,0.0,,2000.0,2000.0,
"L_uu_weight[43, 47]",0.0,0.0,0.0,0.0,0.0,,2000.0,2000.0,
"L_uu_weight[43, 48]",0.0,0.0,0.0,0.0,0.0,,2000.0,2000.0,
"L_uu_weight[43, 49]",0.0,0.0,0.0,0.0,0.0,,2000.0,2000.0,
"L_uu_weight[44, 0]",0.0,0.001,0.0,0.001,0.0,0.0,977.866,1078.252,1.003
"L_uu_weight[44, 1]",0.001,0.003,0.0,0.005,0.0,0.0,977.678,1078.252,1.003
"L_uu_weight[44, 2]",0.001,0.003,0.0,0.006,0.0,0.0,975.812,1078.252,1.003
"L_uu_weight[44, 3]",0.002,0.005,0.0,0.01,0.0,0.0,976.166,1078.252,1.003
"L_uu_weight[44, 4]",0.003,0.006,0.0,0.013,0.0,0.0,976.361,1078.252,1.003
"L_uu_weight[44, 5]",0.004,0.007,0.0,0.015,0.0,0.0,974.592,1078.252,1.003
"L_uu_weight[44, 6]",0.005,0.008,0.0,0.02,0.0,0.0,972.353,1078.252,1.003
"L_uu_weight[44, 7]",0.007,0.011,0.0,0.027,0.0,0.001,971.63,1078.252,1.003
"L_uu_weight[44, 8]",0.009,0.015,0.0,0.036,0.0,0.001,972.083,1078.252,1.003
"L_uu_weight[44, 9]",0.011,0.018,0.0,0.044,0.001,0.001,972.126,1072.619,1.003
"L_uu_weight[44, 10]",0.014,0.02,0.0,0.051,0.001,0.001,971.082,1072.619,1.003
"L_uu_weight[44, 11]",0.018,0.023,0.0,0.061,0.001,0.001,968.748,1072.619,1.003
"L_uu_weight[44, 12]",0.023,0.027,0.0,0.075,0.001,0.001,965.374,1072.619,1.003
"L_uu_weight[44, 13]",0.029,0.032,0.0,0.091,0.001,0.001,964.297,1072.619,1.003
"L_uu_weight[44, 14]",0.036,0.038,0.0,0.109,0.001,0.001,965.254,1123.149,1.003
"L_uu_weight[44, 15]",0.044,0.043,0.0,0.127,0.001,0.001,965.726,1123.149,1.003
"L_uu_weight[44, 16]",0.053,0.048,0.0,0.144,0.001,0.001,963.888,1123.149,1.003
"L_uu_weight[44, 17]",0.063,0.053,0.0,0.163,0.002,0.001,960.965,1097.391,1.003
"L_uu_weight[44, 18]",0.076,0.058,0.0,0.183,0.002,0.001,958.13,1097.834,1.003
"L_uu_weight[44, 19]",0.089,0.064,0.0,0.205,0.002,0.001,960.389,1097.834,1.002
"L_uu_weight[44, 20]",0.105,0.069,0.0,0.228,0.002,0.001,964.081,1060.73,1.002
"L_uu_weight[44, 21]",0.121,0.073,0.0,0.249,0.002,0.001,973.132,1060.506,1.002
"L_uu_weight[44, 22]",0.139,0.076,0.003,0.27,0.002,0.001,981.191,1060.506,1.002
"L_uu_weight[44, 23]",0.157,0.078,0.003,0.285,0.002,0.001,987.541,1083.791,1.002
"L_uu_weight[44, 24]",0.176,0.079,0.01,0.305,0.002,0.001,1003.572,1115.398,1.002
"L_uu_weight[44, 25]",0.195,0.079,0.026,0.327,0.002,0.001,1026.989,1215.244,1.001
"L_uu_weight[44, 26]",0.213,0.077,0.051,0.348,0.002,0.001,1061.426,1231.35,1.001
"L_uu_weight[44, 27]",0.23,0.073,0.079,0.367,0.002,0.001,1112.021,1242.944,1.0
"L_uu_weight[44, 28]",0.244,0.069,0.099,0.369,0.002,0.001,1193.807,1255.263,1.0
"L_uu_weight[44, 29]",0.255,0.064,0.121,0.367,0.002,0.001,1294.581,1365.029,1.0
"L_uu_weight[44, 30]",0.263,0.06,0.153,0.373,0.002,0.001,1424.809,1441.108,0.999
"L_uu_weight[44, 31]",0.266,0.057,0.168,0.37,0.001,0.001,1591.683,1479.194,0.999
"L_uu_weight[44, 32]",0.264,0.055,0.166,0.363,0.001,0.001,1695.178,1406.239,1.0
"L_uu_weight[44, 33]",0.256,0.055,0.162,0.364,0.001,0.001,1637.806,1488.004,1.002
"L_uu_weight[44, 34]",0.243,0.057,0.148,0.353,0.001,0.001,1492.677,1462.68,1.001
"L_uu_weight[44, 35]",0.225,0.058,0.129,0.333,0.002,0.001,1377.068,1347.949,1.001
"L_uu_weight[44, 36]",0.202,0.057,0.112,0.313,0.002,0.002,1318.463,1392.494,1.001
"L_uu_weight[44, 37]",0.176,0.055,0.093,0.282,0.002,0.002,1284.796,1328.952,1.001
"L_uu_weight[44, 38]",0.148,0.049,0.073,0.24,0.002,0.002,1271.814,1333.641,1.001
"L_uu_weight[44, 39]",0.12,0.042,0.058,0.199,0.001,0.002,1262.223,1333.299,1.001
"L_uu_weight[44, 40]",0.092,0.033,0.045,0.154,0.001,0.001,1265.09,1296.679,1.001
"L_uu_weight[44, 41]",0.067,0.024,0.033,0.111,0.001,0.001,1270.02,1296.679,1.001
"L_uu_weight[44, 42]",0.045,0.015,0.023,0.073,0.0,0.001,1280.844,1331.773,1.001
"L_uu_weight[44, 43]",0.028,0.008,0.015,0.043,0.0,0.0,1321.523,1258.579,1.001
"L_uu_weight[44, 44]",0.02,0.004,0.012,0.027,0.0,0.0,1563.752,1479.822,1.0
"L_uu_weight[44, 45]",0.0,0.0,0.0,0.0,0.0,,2000.0,2000.0,
"L_uu_weight[44, 46]",0.0,0.0,0.0,0.0,0.0,,2000.0,2000.0,
"L_uu_weight[44, 47]",0.0,0.0,0.0,0.0,0.0,,2000.0,2000.0,
"L_uu_weight[44, 48]",0.0,0.0,0.0,0.0,0.0,,2000.0,2000.0,
"L_uu_weight[44, 49]",0.0,0.0,0.0,0.0,0.0,,2000.0,2000.0,
"L_uu_weight[45, 0]",0.0,0.001,0.0,0.001,0.0,0.0,979.019,1078.252,1.003
"L_uu_weight[45, 1]",0.001,0.002,0.0,0.003,0.0,0.0,978.053,1078.252,1.003
"L_uu_weight[45, 2]",0.001,0.002,0.0,0.005,0.0,0.0,976.294,1078.252,1.003
"L_uu_weight[45, 3]",0.002,0.004,0.0,0.008,0.0,0.0,976.61,1078.252,1.003
"L_uu_weight[45, 4]",0.002,0.005,0.0,0.01,0.0,0.0,977.146,1078.252,1.003
"L_uu_weight[45, 5]",0.003,0.006,0.0,0.011,0.0,0.0,975.214,1078.252,1.003
"L_uu_weight[45, 6]",0.004,0.007,0.0,0.015,0.0,0.0,972.603,1078.252,1.003
"L_uu_weight[45, 7]",0.005,0.009,0.0,0.022,0.0,0.0,972.678,1078.252,1.003
"L_uu_weight[45, 8]",0.007,0.012,0.0,0.029,0.0,0.001,973.416,1078.252,1.003
"L_uu_weight[45, 9]",0.009,0.015,0.0,0.035,0.0,0.001,973.109,1078.252,1.003
"L_uu_weight[45, 10]",0.011,0.017,0.0,0.042,0.001,0.001,971.135,1072.619,1.003
"L_uu_weight[45, 11]",0.014,0.02,0.0,0.051,0.001,0.001,968.697,1072.619,1.003
"L_uu_weight[45, 12]",0.018,0.023,0.0,0.062,0.001,0.001,966.457,1072.619,1.003
"L_uu_weight[45, 13]",0.023,0.028,0.0,0.078,0.001,0.001,966.041,1072.619,1.003
"L_uu_weight[45, 14]",0.029,0.033,0.0,0.094,0.001,0.001,965.881,1072.619,1.003
"L_uu_weight[45, 15]",0.036,0.038,0.0,0.109,0.001,0.001,966.834,1123.149,1.003
"L_uu_weight[45, 16]",0.044,0.043,0.0,0.125,0.001,0.001,964.631,1123.149,1.003
"L_uu_weight[45, 17]",0.053,0.048,0.0,0.144,0.001,0.001,962.113,1123.149,1.003
"L_uu_weight[45, 18]",0.063,0.053,0.0,0.163,0.002,0.001,960.378,1097.391,1.003
"L_uu_weight[45, 19]",0.076,0.059,0.0,0.184,0.002,0.001,958.636,1097.834,1.003
"L_uu_weight[45, 20]",0.09,0.064,0.0,0.207,0.002,0.001,961.392,1060.73,1.002
"L_uu_weight[45, 21]",0.105,0.069,0.0,0.228,0.002,0.001,968.881,1060.73,1.002
"L_uu_weight[45, 22]",0.121,0.073,0.0,0.248,0.002,0.001,972.482,1060.506,1.002
"L_uu_weight[45, 23]",0.139,0.076,0.001,0.268,0.002,0.001,978.954,1060.506,1.002
"L_uu_weight[45, 24]",0.157,0.078,0.003,0.284,0.002,0.001,985.538,1083.791,1.002
"L_uu_weight[45, 25]",0.176,0.079,0.018,0.313,0.002,0.001,1002.549,1115.398,1.002
"L_uu_weight[45, 26]",0.195,0.079,0.028,0.329,0.002,0.001,1027.758,1215.244,1.001
"L_uu_weight[45, 27]",0.213,0.077,0.051,0.348,0.002,0.001,1063.266,1231.35,1.001
"L_uu_weight[45, 28]",0.23,0.073,0.081,0.368,0.002,0.001,1114.067,1242.944,1.0
"L_uu_weight[45, 29]",0.244,0.069,0.099,0.369,0.002,0.001,1194.637,1255.263,1.0
"L_uu_weight[45, 30]",0.255,0.064,0.121,0.367,0.002,0.001,1295.813,1365.029,1.0
"L_uu_weight[45, 31]",0.263,0.06,0.153,0.373,0.002,0.001,1425.093,1441.108,0.999
"L_uu_weight[45, 32]",0.266,0.057,0.168,0.37,0.001,0.001,1587.237,1474.655,0.999
"L_uu_weight[45, 33]",0.264,0.055,0.166,0.363,0.001,0.001,1690.852,1411.673,1.0
"L_uu_weight[45, 34]",0.256,0.055,0.162,0.364,0.001,0.001,1636.388,1488.004,1.002
"L_uu_weight[45, 35]",0.243,0.057,0.148,0.353,0.001,0.001,1490.517,1462.68,1.001
"L_uu_weight[45, 36]",0.225,0.058,0.13,0.334,0.002,0.001,1377.317,1347.949,1.001
"L_uu_weight[45, 37]",0.202,0.057,0.112,0.313,0.002,0.002,1317.083,1392.494,1.001
"L_uu_weight[45, 38]",0.176,0.055,0.093,0.282,0.002,0.002,1285.488,1328.952,1.001
"L_uu_weight[45, 39]",0.148,0.049,0.073,0.24,0.002,0.002,1272.344,1333.641,1.001
"L_uu_weight[45, 40]",0.12,0.042,0.058,0.199,0.001,0.002,1262.261,1333.299,1.001
"L_uu_weight[45, 41]",0.092,0.033,0.045,0.154,0.001,0.001,1264.42,1296.679,1.001
"L_uu_weight[45, 42]",0.067,0.024,0.033,0.111,0.001,0.001,1269.669,1296.679,1.001
"L_uu_weight[45, 43]",0.045,0.015,0.023,0.073,0.0,0.001,1280.884,1331.773,1.001
"L_uu_weight[45, 44]",0.028,0.008,0.015,0.043,0.0,0.0,1321.582,1258.579,1.001
"L_uu_weight[45, 45]",0.02,0.004,0.012,0.027,0.0,0.0,1563.479,1479.822,1.0
"L_uu_weight[45, 46]",0.0,0.0,0.0,0.0,0.0,,2000.0,2000.0,
"L_uu_weight[45, 47]",0.0,0.0,0.0,0.0,0.0,,2000.0,2000.0,
"L_uu_weight[45, 48]",0.0,0.0,0.0,0.0,0.0,,2000.0,2000.0,
"L_uu_weight[45, 49]",0.0,0.0,0.0,0.0,0.0,,2000.0,2000.0,
"L_uu_weight[46, 0]",0.0,0.0,0.0,0.001,0.0,0.0,979.275,1078.252,1.003
"L_uu_weight[46, 1]",0.001,0.002,0.0,0.002,0.0,0.0,978.28,1078.252,1.003
"L_uu_weight[46, 2]",0.001,0.002,0.0,0.003,0.0,0.0,977.433,1078.252,1.003
"L_uu_weight[46, 3]",0.001,0.003,0.0,0.006,0.0,0.0,977.65,1078.252,1.003
"L_uu_weight[46, 4]",0.002,0.004,0.0,0.008,0.0,0.0,977.917,1078.252,1.003
"L_uu_weight[46, 5]",0.002,0.005,0.0,0.009,0.0,0.0,976.095,1078.252,1.003
"L_uu_weight[46, 6]",0.003,0.006,0.0,0.012,0.0,0.0,974.269,1078.252,1.003
"L_uu_weight[46, 7]",0.004,0.008,0.0,0.017,0.0,0.0,973.905,1078.252,1.003
"L_uu_weight[46, 8]",0.006,0.01,0.0,0.023,0.0,0.001,974.335,1078.252,1.003
"L_uu_weight[46, 9]",0.007,0.012,0.0,0.029,0.0,0.001,974.332,1078.252,1.003
"L_uu_weight[46, 10]",0.009,0.014,0.0,0.034,0.0,0.001,972.964,1078.252,1.003
"L_uu_weight[46, 11]",0.011,0.017,0.0,0.042,0.001,0.001,969.854,1072.619,1.003
"L_uu_weight[46, 12]",0.015,0.02,0.0,0.052,0.001,0.001,967.956,1072.619,1.003
"L_uu_weight[46, 13]",0.019,0.024,0.0,0.064,0.001,0.001,967.781,1072.619,1.003
"L_uu_weight[46, 14]",0.024,0.029,0.0,0.079,0.001,0.001,967.986,1072.619,1.003
"L_uu_weight[46, 15]",0.029,0.033,0.0,0.094,0.001,0.001,967.1,1072.619,1.003
"L_uu_weight[46, 16]",0.036,0.038,0.0,0.108,0.001,0.001,966.591,1123.149,1.003
"L_uu_weight[46, 17]",0.044,0.043,0.0,0.124,0.001,0.001,963.524,1123.149,1.003
"L_uu_weight[46, 18]",0.053,0.048,0.0,0.143,0.001,0.001,961.135,1123.149,1.003
"L_uu_weight[46, 19]",0.064,0.053,0.0,0.164,0.002,0.001,960.449,1097.391,1.003
"L_uu_weight[46, 20]",0.076,0.059,0.0,0.186,0.002,0.001,960.965,1097.834,1.003
"L_uu_weight[46, 21]",0.09,0.064,0.0,0.208,0.002,0.001,963.481,1097.834,1.002
"L_uu_weight[46, 22]",0.105,0.069,0.0,0.229,0.002,0.001,968.912,1060.73,1.002
"L_uu_weight[46, 23]",0.121,0.073,0.0,0.248,0.002,0.001,971.021,1060.506,1.002
"L_uu_weight[46, 24]",0.139,0.076,0.0,0.266,0.002,0.001,977.598,1060.506,1.002
"L_uu_weight[46, 25]",0.157,0.078,0.002,0.284,0.002,0.001,985.808,1083.791,1.002
"L_uu_weight[46, 26]",0.176,0.079,0.018,0.313,0.002,0.001,1003.685,1115.398,1.002
"L_uu_weight[46, 27]",0.195,0.079,0.028,0.33,0.002,0.001,1029.57,1215.244,1.001
"L_uu_weight[46, 28]",0.213,0.077,0.046,0.344,0.002,0.001,1064.286,1231.35,1.001
"L_uu_weight[46, 29]",0.23,0.073,0.081,0.368,0.002,0.001,1114.751,1242.944,1.0
"L_uu_weight[46, 30]",0.244,0.069,0.099,0.369,0.002,0.001,1193.793,1255.263,1.0
"L_uu_weight[46, 31]",0.255,0.064,0.121,0.366,0.002,0.001,1295.02,1385.371,1.0
"L_uu_weight[46, 32]",0.263,0.06,0.153,0.373,0.002,0.001,1423.811,1441.108,0.999
"L_uu_weight[46, 33]",0.266,0.057,0.168,0.37,0.001,0.001,1585.114,1493.481,1.0
"L_uu_weight[46, 34]",0.264,0.055,0.166,0.363,0.001,0.001,1689.206,1411.673,1.0
"L_uu_weight[46, 35]",0.256,0.055,0.162,0.364,0.001,0.001,1636.274,1488.004,1.002
"L_uu_weight[46, 36]",0.243,0.057,0.148,0.353,0.001,0.001,1490.3,1462.68,1.001
"L_uu_weight[46, 37]",0.225,0.058,0.13,0.334,0.002,0.001,1378.688,1347.949,1.001
"L_uu_weight[46, 38]",0.202,0.057,0.112,0.313,0.002,0.002,1317.65,1392.494,1.001
"L_uu_weight[46, 39]",0.176,0.055,0.093,0.282,0.002,0.002,1285.808,1328.952,1.001
"L_uu_weight[46, 40]",0.148,0.049,0.073,0.24,0.002,0.002,1272.414,1333.641,1.001
"L_uu_weight[46, 41]",0.12,0.042,0.058,0.199,0.001,0.002,1263.164,1333.299,1.001
"L_uu_weight[46, 42]",0.092,0.033,0.045,0.154,0.001,0.001,1264.173,1296.679,1.001
"L_uu_weight[46, 43]",0.067,0.024,0.033,0.111,0.001,0.001,1269.585,1296.679,1.001
"L_uu_weight[46, 44]",0.045,0.015,0.023,0.073,0.0,0.001,1281.107,1331.773,1.001
"L_uu_weight[46, 45]",0.028,0.008,0.015,0.043,0.0,0.0,1321.642,1258.579,1.001
"L_uu_weight[46, 46]",0.02,0.004,0.012,0.027,0.0,0.0,1563.419,1479.822,1.0
"L_uu_weight[46, 47]",0.0,0.0,0.0,0.0,0.0,,2000.0,2000.0,
"L_uu_weight[46, 48]",0.0,0.0,0.0,0.0,0.0,,2000.0,2000.0,
"L_uu_weight[46, 49]",0.0,0.0,0.0,0.0,0.0,,2000.0,2000.0,
"L_uu_weight[47, 0]",0.0,0.0,0.0,0.0,0.0,0.0,979.367,1078.252,1.003
"L_uu_weight[47, 1]",0.0,0.001,0.0,0.002,0.0,0.0,978.662,1078.252,1.003
"L_uu_weight[47, 2]",0.001,0.002,0.0,0.003,0.0,0.0,977.757,1078.252,1.003
"L_uu_weight[47, 3]",0.001,0.003,0.0,0.005,0.0,0.0,977.913,1078.252,1.003
"L_uu_weight[47, 4]",0.001,0.003,0.0,0.006,0.0,0.0,978.077,1078.252,1.003
"L_uu_weight[47, 5]",0.002,0.004,0.0,0.007,0.0,0.0,977.038,1078.252,1.003
"L_uu_weight[47, 6]",0.002,0.005,0.0,0.01,0.0,0.0,975.107,1078.252,1.003
"L_uu_weight[47, 7]",0.003,0.006,0.0,0.014,0.0,0.0,973.928,1078.252,1.003
"L_uu_weight[47, 8]",0.004,0.008,0.0,0.018,0.0,0.0,975.219,1078.252,1.003
"L_uu_weight[47, 9]",0.006,0.01,0.0,0.023,0.0,0.001,974.924,1078.252,1.003
"L_uu_weight[47, 10]",0.007,0.012,0.0,0.028,0.0,0.001,973.663,1078.252,1.003
"L_uu_weight[47, 11]",0.009,0.014,0.0,0.034,0.0,0.001,971.781,1078.252,1.003
"L_uu_weight[47, 12]",0.012,0.017,0.0,0.043,0.001,0.001,968.624,1072.619,1.003
"L_uu_weight[47, 13]",0.015,0.02,0.0,0.054,0.001,0.001,967.652,1072.619,1.003
"L_uu_weight[47, 14]",0.019,0.024,0.0,0.066,0.001,0.001,968.88,1072.619,1.003
"L_uu_weight[47, 15]",0.024,0.029,0.0,0.079,0.001,0.001,969.075,1072.619,1.003
"L_uu_weight[47, 16]",0.029,0.033,0.0,0.093,0.001,0.001,966.525,1072.619,1.003
"L_uu_weight[47, 17]",0.036,0.038,0.0,0.107,0.001,0.001,964.998,1123.149,1.003
"L_uu_weight[47, 18]",0.044,0.043,0.0,0.125,0.001,0.001,961.922,1123.149,1.003
"L_uu_weight[47, 19]",0.053,0.048,0.0,0.144,0.001,0.001,961.119,1123.149,1.003
"L_uu_weight[47, 20]",0.064,0.054,0.0,0.166,0.002,0.001,961.998,1097.391,1.003
"L_uu_weight[47, 21]",0.076,0.059,0.0,0.187,0.002,0.001,962.494,1097.834,1.003
"L_uu_weight[47, 22]",0.09,0.064,0.0,0.208,0.002,0.001,966.025,1097.834,1.002
"L_uu_weight[47, 23]",0.105,0.069,0.0,0.228,0.002,0.001,967.442,1060.73,1.002
"L_uu_weight[47, 24]",0.121,0.073,0.0,0.247,0.002,0.001,969.414,1060.506,1.002
"L_uu_weight[47, 25]",0.139,0.076,0.001,0.267,0.002,0.001,976.081,1060.506,1.002
"L_uu_weight[47, 26]",0.157,0.078,0.003,0.286,0.002,0.001,986.768,1083.791,1.002
"L_uu_weight[47, 27]",0.176,0.079,0.018,0.314,0.002,0.001,1004.546,1115.398,1.002
"L_uu_weight[47, 28]",0.195,0.079,0.026,0.328,0.002,0.001,1031.298,1215.244,1.001
"L_uu_weight[47, 29]",0.213,0.077,0.056,0.354,0.002,0.001,1064.547,1231.35,1.001
"L_uu_weight[47, 30]",0.23,0.073,0.078,0.365,0.002,0.001,1114.747,1242.944,1.0
"L_uu_weight[47, 31]",0.244,0.069,0.099,0.369,0.002,0.001,1192.616,1255.263,1.0
"L_uu_weight[47, 32]",0.255,0.064,0.121,0.366,0.002,0.001,1292.776,1385.39,1.0
"L_uu_weight[47, 33]",0.263,0.06,0.153,0.373,0.002,0.001,1422.964,1441.108,0.999
"L_uu_weight[47, 34]",0.266,0.057,0.168,0.37,0.001,0.001,1583.386,1473.098,1.0
"L_uu_weight[47, 35]",0.264,0.055,0.166,0.363,0.001,0.001,1690.256,1411.673,1.0
"L_uu_weight[47, 36]",0.256,0.055,0.162,0.364,0.001,0.001,1636.908,1488.004,1.002
"L_uu_weight[47, 37]",0.243,0.057,0.148,0.353,0.001,0.001,1490.326,1462.68,1.001
"L_uu_weight[47, 38]",0.225,0.058,0.131,0.334,0.002,0.001,1377.57,1347.949,1.001
"L_uu_weight[47, 39]",0.202,0.057,0.112,0.314,0.002,0.002,1317.758,1392.494,1.001
"L_uu_weight[47, 40]",0.176,0.055,0.093,0.282,0.002,0.002,1285.861,1328.952,1.001
"L_uu_weight[47, 41]",0.148,0.049,0.072,0.24,0.002,0.002,1272.143,1333.641,1.001
"L_uu_weight[47, 42]",0.12,0.042,0.058,0.199,0.001,0.002,1262.158,1333.299,1.001
"L_uu_weight[47, 43]",0.092,0.033,0.045,0.154,0.001,0.001,1263.585,1296.679,1.001
"L_uu_weight[47, 44]",0.067,0.024,0.033,0.111,0.001,0.001,1269.307,1296.679,1.001
"L_uu_weight[47, 45]",0.045,0.015,0.023,0.073,0.0,0.001,1280.49,1331.773,1.001
"L_uu_weight[47, 46]",0.028,0.008,0.015,0.043,0.0,0.0,1321.484,1258.579,1.001
"L_uu_weight[47, 47]",0.02,0.004,0.012,0.027,0.0,0.0,1563.445,1479.822,1.0
"L_uu_weight[47, 48]",0.0,0.0,0.0,0.0,0.0,,2000.0,2000.0,
"L_uu_weight[47, 49]",0.0,0.0,0.0,0.0,0.0,,2000.0,2000.0,
"L_uu_weight[48, 0]",0.0,0.0,0.0,0.0,0.0,0.0,979.602,1078.252,1.003
"L_uu_weight[48, 1]",0.0,0.001,0.0,0.001,0.0,0.0,978.94,1078.252,1.003
"L_uu_weight[48, 2]",0.0,0.001,0.0,0.002,0.0,0.0,977.751,1078.252,1.003
"L_uu_weight[48, 3]",0.001,0.002,0.0,0.003,0.0,0.0,977.881,1078.252,1.003
"L_uu_weight[48, 4]",0.001,0.003,0.0,0.004,0.0,0.0,978.809,1078.252,1.003
"L_uu_weight[48, 5]",0.001,0.003,0.0,0.005,0.0,0.0,977.41,1078.252,1.003
"L_uu_weight[48, 6]",0.002,0.004,0.0,0.007,0.0,0.0,975.656,1078.252,1.003
"L_uu_weight[48, 7]",0.002,0.005,0.0,0.011,0.0,0.0,974.947,1078.252,1.003
"L_uu_weight[48, 8]",0.003,0.007,0.0,0.014,0.0,0.0,975.256,1078.252,1.003
"L_uu_weight[48, 9]",0.004,0.008,0.0,0.018,0.0,0.001,975.393,1078.252,1.003
"L_uu_weight[48, 10]",0.005,0.01,0.0,0.022,0.0,0.001,974.18,1078.252,1.003
"L_uu_weight[48, 11]",0.007,0.012,0.0,0.028,0.0,0.001,972.979,1078.252,1.003
"L_uu_weight[48, 12]",0.009,0.014,0.0,0.035,0.0,0.001,970.708,1078.252,1.003
"L_uu_weight[48, 13]",0.012,0.017,0.0,0.044,0.001,0.001,969.187,1072.619,1.003
"L_uu_weight[48, 14]",0.015,0.021,0.0,0.055,0.001,0.001,968.787,1072.619,1.003
"L_uu_weight[48, 15]",0.019,0.025,0.0,0.066,0.001,0.001,969.23,1072.619,1.003
"L_uu_weight[48, 16]",0.024,0.029,0.0,0.078,0.001,0.001,968.651,1072.619,1.003
"L_uu_weight[48, 17]",0.029,0.033,0.0,0.092,0.001,0.001,965.563,1072.619,1.003
"L_uu_weight[48, 18]",0.036,0.038,0.0,0.107,0.001,0.001,963.704,1123.149,1.003
"L_uu_weight[48, 19]",0.044,0.043,0.0,0.127,0.001,0.001,961.716,1123.149,1.003
"L_uu_weight[48, 20]",0.053,0.048,0.0,0.146,0.001,0.001,962.323,1123.149,1.003
"L_uu_weight[48, 21]",0.064,0.054,0.0,0.166,0.002,0.001,963.145,1097.391,1.003
"L_uu_weight[48, 22]",0.076,0.059,0.0,0.187,0.002,0.001,962.71,1097.834,1.003
"L_uu_weight[48, 23]",0.09,0.064,0.0,0.206,0.002,0.001,965.521,1097.834,1.002
"L_uu_weight[48, 24]",0.105,0.069,0.0,0.227,0.002,0.001,966.022,1060.73,1.002
"L_uu_weight[48, 25]",0.121,0.073,0.001,0.247,0.002,0.001,969.291,1060.506,1.002
"L_uu_weight[48, 26]",0.139,0.076,0.001,0.267,0.002,0.001,977.012,1060.506,1.002
"L_uu_weight[48, 27]",0.157,0.078,0.003,0.286,0.002,0.001,987.121,1083.791,1.002
"L_uu_weight[48, 28]",0.176,0.079,0.01,0.306,0.002,0.001,1005.702,1115.398,1.002
"L_uu_weight[48, 29]",0.195,0.079,0.026,0.328,0.002,0.001,1031.601,1215.244,1.001
"L_uu_weight[48, 30]",0.213,0.077,0.043,0.341,0.002,0.001,1064.271,1231.35,1.001
"L_uu_weight[48, 31]",0.23,0.073,0.078,0.365,0.002,0.001,1114.039,1242.944,1.0
"L_uu_weight[48, 32]",0.244,0.069,0.099,0.369,0.002,0.001,1191.917,1255.263,1.0
"L_uu_weight[48, 33]",0.255,0.064,0.121,0.366,0.002,0.001,1292.169,1384.998,1.0
"L_uu_weight[48, 34]",0.263,0.06,0.153,0.373,0.002,0.001,1423.385,1441.108,0.999
"L_uu_weight[48, 35]",0.266,0.056,0.168,0.37,0.001,0.001,1585.91,1493.481,1.0
"L_uu_weight[48, 36]",0.263,0.055,0.166,0.363,0.001,0.001,1692.017,1406.239,1.0
"L_uu_weight[48, 37]",0.256,0.055,0.162,0.364,0.001,0.001,1638.411,1488.004,1.001
"L_uu_weight[48, 38]",0.243,0.057,0.15,0.355,0.001,0.001,1491.018,1462.68,1.001
"L_uu_weight[48, 39]",0.225,0.058,0.131,0.334,0.002,0.001,1376.995,1347.949,1.001
"L_uu_weight[48, 40]",0.202,0.057,0.112,0.313,0.002,0.002,1317.378,1392.494,1.001
"L_uu_weight[48, 41]",0.176,0.055,0.093,0.282,0.002,0.002,1284.337,1328.952,1.001
"L_uu_weight[48, 42]",0.148,0.049,0.072,0.24,0.002,0.002,1271.302,1333.641,1.001
"L_uu_weight[48, 43]",0.12,0.042,0.058,0.199,0.001,0.002,1261.35,1333.299,1.001
"L_uu_weight[48, 44]",0.092,0.033,0.045,0.154,0.001,0.001,1263.22,1296.679,1.001
"L_uu_weight[48, 45]",0.067,0.024,0.033,0.111,0.001,0.001,1269.321,1296.679,1.001
"L_uu_weight[48, 46]",0.045,0.015,0.023,0.073,0.0,0.001,1280.129,1331.773,1.001
"L_uu_weight[48, 47]",0.028,0.008,0.015,0.043,0.0,0.0,1321.338,1258.579,1.001
"L_uu_weight[48, 48]",0.02,0.004,0.012,0.027,0.0,0.0,1563.425,1479.822,1.0
"L_uu_weight[48, 49]",0.0,0.0,0.0,0.0,0.0,,2000.0,2000.0,
"L_uu_weight[49, 0]",0.0,0.0,0.0,0.0,0.0,0.0,979.73,1078.252,1.003
"L_uu_weight[49, 1]",0.0,0.001,0.0,0.001,0.0,0.0,979.215,1078.252,1.003
"L_uu_weight[49, 2]",0.0,0.001,0.0,0.001,0.0,0.0,977.723,1078.252,1.003
"L_uu_weight[49, 3]",0.001,0.002,0.0,0.003,0.0,0.0,978.062,1078.252,1.003
"L_uu_weight[49, 4]",0.001,0.002,0.0,0.003,0.0,0.0,978.248,1078.252,1.003
"L_uu_weight[49, 5]",0.001,0.002,0.0,0.004,0.0,0.0,977.951,1078.252,1.003
"L_uu_weight[49, 6]",0.001,0.003,0.0,0.006,0.0,0.0,976.097,1078.252,1.003
"L_uu_weight[49, 7]",0.002,0.004,0.0,0.008,0.0,0.0,975.919,1078.252,1.003
"L_uu_weight[49, 8]",0.003,0.006,0.0,0.011,0.0,0.0,976.229,1078.252,1.003
"L_uu_weight[49, 9]",0.003,0.007,0.0,0.014,0.0,0.0,975.699,1078.252,1.003
"L_uu_weight[49, 10]",0.004,0.008,0.0,0.018,0.0,0.001,974.527,1078.252,1.003
"L_uu_weight[49, 11]",0.006,0.01,0.0,0.022,0.0,0.001,972.175,1078.252,1.003
"L_uu_weight[49, 12]",0.007,0.012,0.0,0.028,0.0,0.001,972.05,1078.252,1.003
"L_uu_weight[49, 13]",0.009,0.015,0.0,0.036,0.0,0.001,970.687,1078.252,1.003
"L_uu_weight[49, 14]",0.012,0.018,0.0,0.045,0.001,0.001,969.685,1072.619,1.003
"L_uu_weight[49, 15]",0.015,0.021,0.0,0.055,0.001,0.001,969.07,1072.619,1.003
"L_uu_weight[49, 16]",0.019,0.025,0.0,0.065,0.001,0.001,968.917,1072.619,1.003
"L_uu_weight[49, 17]",0.024,0.029,0.0,0.077,0.001,0.001,967.24,1072.619,1.003
"L_uu_weight[49, 18]",0.029,0.033,0.0,0.092,0.001,0.001,965.246,1072.619,1.003
"L_uu_weight[49, 19]",0.036,0.038,0.0,0.108,0.001,0.001,964.093,1123.149,1.003
"L_uu_weight[49, 20]",0.044,0.043,0.0,0.127,0.001,0.001,963.317,1123.149,1.003
"L_uu_weight[49, 21]",0.053,0.048,0.0,0.147,0.002,0.001,962.466,1123.149,1.003
"L_uu_weight[49, 22]",0.064,0.054,0.0,0.166,0.002,0.001,963.4,1097.391,1.003
"L_uu_weight[49, 23]",0.076,0.059,0.0,0.187,0.002,0.001,961.354,1097.834,1.003
"L_uu_weight[49, 24]",0.09,0.064,0.0,0.206,0.002,0.001,961.342,1060.73,1.002
"L_uu_weight[49, 25]",0.105,0.069,0.0,0.227,0.002,0.001,965.088,1060.73,1.002
"L_uu_weight[49, 26]",0.121,0.073,0.001,0.248,0.002,0.001,970.431,1060.506,1.002
"L_uu_weight[49, 27]",0.139,0.076,0.001,0.268,0.002,0.001,978.588,1060.506,1.002
"L_uu_weight[49, 28]",0.157,0.078,0.004,0.286,0.002,0.001,987.608,1083.791,1.002
"L_uu_weight[49, 29]",0.176,0.079,0.006,0.302,0.002,0.001,1005.391,1115.398,1.002
"L_uu_weight[49, 30]",0.195,0.079,0.026,0.327,0.002,0.001,1030.878,1215.244,1.001
"L_uu_weight[49, 31]",0.213,0.077,0.051,0.349,0.002,0.001,1062.62,1231.35,1.001
"L_uu_weight[49, 32]",0.23,0.073,0.081,0.368,0.002,0.001,1113.435,1242.944,1.0
"L_uu_weight[49, 33]",0.244,0.069,0.099,0.369,0.002,0.001,1191.661,1255.263,1.0
"L_uu_weight[49, 34]",0.255,0.064,0.121,0.366,0.002,0.001,1292.977,1365.029,1.0
"L_uu_weight[49, 35]",0.263,0.06,0.151,0.37,0.002,0.001,1424.536,1441.108,0.999
"L_uu_weight[49, 36]",0.266,0.056,0.168,0.37,0.001,0.001,1588.817,1493.481,1.0
"L_uu_weight[49, 37]",0.263,0.055,0.166,0.363,0.001,0.001,1693.207,1406.239,1.0
"L_uu_weight[49, 38]",0.256,0.055,0.162,0.364,0.001,0.001,1637.518,1488.004,1.002
"L_uu_weight[49, 39]",0.243,0.057,0.148,0.353,0.001,0.001,1491.255,1462.68,1.001
"L_uu_weight[49, 40]",0.225,0.058,0.13,0.334,0.002,0.001,1376.002,1347.949,1.001
"L_uu_weight[49, 41]",0.202,0.057,0.112,0.313,0.002,0.002,1317.36,1392.494,1.001
"L_uu_weight[49, 42]",0.176,0.055,0.093,0.282,0.002,0.002,1283.784,1328.952,1.001
"L_uu_weight[49, 43]",0.148,0.049,0.072,0.24,0.002,0.002,1270.64,1333.641,1.001
"L_uu_weight[49, 44]",0.12,0.042,0.058,0.199,0.001,0.002,1261.325,1333.299,1.001
"L_uu_weight[49, 45]",0.092,0.033,0.045,0.154,0.001,0.001,1262.814,1296.679,1.001
"L_uu_weight[49, 46]",0.067,0.024,0.033,0.111,0.001,0.001,1269.423,1296.679,1.001
"L_uu_weight[49, 47]",0.045,0.015,0.023,0.073,0.0,0.001,1280.407,1331.773,1.001
"L_uu_weight[49, 48]",0.028,0.008,0.015,0.043,0.0,0.0,1320.942,1258.579,1.001
"L_uu_weight[49, 49]",0.02,0.004,0.012,0.027,0.0,0.0,1563.568,1479.822,1.0
"L_uu_workout[0, 0]",0.353,0.145,0.144,0.611,0.004,0.005,1150.122,1215.569,1.002
"L_uu_workout[0, 1]",0.0,0.0,0.0,0.0,0.0,,2000.0,2000.0,
"L_uu_workout[0, 2]",0.0,0.0,0.0,0.0,0.0,,2000.0,2000.0,
"L_uu_workout[0, 3]",0.0,0.0,0.0,0.0,0.0,,2000.0,2000.0,
"L_uu_workout[0, 4]",0.0,0.0,0.0,0.0,0.0,,2000.0,2000.0,
"L_uu_workout[0, 5]",0.0,0.0,0.0,0.0,0.0,,2000.0,2000.0,
"L_uu_workout[0, 6]",0.0,0.0,0.0,0.0,0.0,,2000.0,2000.0,
"L_uu_workout[0, 7]",0.0,0.0,0.0,0.0,0.0,,2000.0,2000.0,
"L_uu_workout[0, 8]",0.0,0.0,0.0,0.0,0.0,,2000.0,2000.0,
"L_uu_workout[0, 9]",0.0,0.0,0.0,0.0,0.0,,2000.0,2000.0,
"L_uu_workout[0, 10]",0.0,0.0,0.0,0.0,0.0,,2000.0,2000.0,
"L_uu_workout[0, 11]",0.0,0.0,0.0,0.0,0.0,,2000.0,2000.0,
"L_uu_workout[0, 12]",0.0,0.0,0.0,0.0,0.0,,2000.0,2000.0,
"L_uu_workout[0, 13]",0.0,0.0,0.0,0.0,0.0,,2000.0,2000.0,
"L_uu_workout[0, 14]",0.0,0.0,0.0,0.0,0.0,,2000.0,2000.0,
"L_uu_workout[0, 15]",0.0,0.0,0.0,0.0,0.0,,2000.0,2000.0,
"L_uu_workout[0, 16]",0.0,0.0,0.0,0.0,0.0,,2000.0,2000.0,
"L_uu_workout[0, 17]",0.0,0.0,0.0,0.0,0.0,,2000.0,2000.0,
"L_uu_workout[0, 18]",0.0,0.0,0.0,0.0,0.0,,2000.0,2000.0,
"L_uu_workout[0, 19]",0.0,0.0,0.0,0.0,0.0,,2000.0,2000.0,
"L_uu_workout[0, 20]",0.0,0.0,0.0,0.0,0.0,,2000.0,2000.0,
"L_uu_workout[0, 21]",0.0,0.0,0.0,0.0,0.0,,2000.0,2000.0,
"L_uu_workout[0, 22]",0.0,0.0,0.0,0.0,0.0,,2000.0,2000.0,
"L_uu_workout[0, 23]",0.0,0.0,0.0,0.0,0.0,,2000.0,2000.0,
"L_uu_workout[0, 24]",0.0,0.0,0.0,0.0,0.0,,2000.0,2000.0,
"L_uu_workout[0, 25]",0.0,0.0,0.0,0.0,0.0,,2000.0,2000.0,
"L_uu_workout[0, 26]",0.0,0.0,0.0,0.0,0.0,,2000.0,2000.0,
"L_uu_workout[0, 27]",0.0,0.0,0.0,0.0,0.0,,2000.0,2000.0,
"L_uu_workout[0, 28]",0.0,0.0,0.0,0.0,0.0,,2000.0,2000.0,
"L_uu_workout[0, 29]",0.0,0.0,0.0,0.0,0.0,,2000.0,2000.0,
"L_uu_workout[0, 30]",0.0,0.0,0.0,0.0,0.0,,2000.0,2000.0,
"L_uu_workout[0, 31]",0.0,0.0,0.0,0.0,0.0,,2000.0,2000.0,
"L_uu_workout[0, 32]",0.0,0.0,0.0,0.0,0.0,,2000.0,2000.0,
"L_uu_workout[0, 33]",0.0,0.0,0.0,0.0,0.0,,2000.0,2000.0,
"L_uu_workout[0, 34]",0.0,0.0,0.0,0.0,0.0,,2000.0,2000.0,
"L_uu_workout[0, 35]",0.0,0.0,0.0,0.0,0.0,,2000.0,2000.0,
"L_uu_workout[0, 36]",0.0,0.0,0.0,0.0,0.0,,2000.0,2000.0,
"L_uu_workout[0, 37]",0.0,0.0,0.0,0.0,0.0,,2000.0,2000.0,
"L_uu_workout[0, 38]",0.0,0.0,0.0,0.0,0.0,,2000.0,2000.0,
"L_uu_workout[0, 39]",0.0,0.0,0.0,0.0,0.0,,2000.0,2000.0,
"L_uu_workout[0, 40]",0.0,0.0,0.0,0.0,0.0,,2000.0,2000.0,
"L_uu_workout[0, 41]",0.0,0.0,0.0,0.0,0.0,,2000.0,2000.0,
"L_uu_workout[0, 42]",0.0,0.0,0.0,0.0,0.0,,2000.0,2000.0,
"L_uu_workout[0, 43]",0.0,0.0,0.0,0.0,0.0,,2000.0,2000.0,
"L_uu_workout[0, 44]",0.0,0.0,0.0,0.0,0.0,,2000.0,2000.0,
"L_uu_workout[0, 45]",0.0,0.0,0.0,0.0,0.0,,2000.0,2000.0,
"L_uu_workout[0, 46]",0.0,0.0,0.0,0.0,0.0,,2000.0,2000.0,
"L_uu_workout[0, 47]",0.0,0.0,0.0,0.0,0.0,,2000.0,2000.0,
"L_uu_workout[0, 48]",0.0,0.0,0.0,0.0,0.0,,2000.0,2000.0,
"L_uu_workout[0, 49]",0.0,0.0,0.0,0.0,0.0,,2000.0,2000.0,
"L_uu_workout[1, 0]",0.353,0.144,0.144,0.61,0.004,0.005,1150.201,1215.569,1.002
"L_uu_workout[1, 1]",0.009,0.004,0.003,0.016,0.0,0.0,635.292,1040.936,1.006
"L_uu_workout[1, 2]",0.0,0.0,0.0,0.0,0.0,,2000.0,2000.0,
"L_uu_workout[1, 3]",0.0,0.0,0.0,0.0,0.0,,2000.0,2000.0,
"L_uu_workout[1, 4]",0.0,0.0,0.0,0.0,0.0,,2000.0,2000.0,
"L_uu_workout[1, 5]",0.0,0.0,0.0,0.0,0.0,,2000.0,2000.0,
"L_uu_workout[1, 6]",0.0,0.0,0.0,0.0,0.0,,2000.0,2000.0,
"L_uu_workout[1, 7]",0.0,0.0,0.0,0.0,0.0,,2000.0,2000.0,
"L_uu_workout[1, 8]",0.0,0.0,0.0,0.0,0.0,,2000.0,2000.0,
"L_uu_workout[1, 9]",0.0,0.0,0.0,0.0,0.0,,2000.0,2000.0,
"L_uu_workout[1, 10]",0.0,0.0,0.0,0.0,0.0,,2000.0,2000.0,
"L_uu_workout[1, 11]",0.0,0.0,0.0,0.0,0.0,,2000.0,2000.0,
"L_uu_workout[1, 12]",0.0,0.0,0.0,0.0,0.0,,2000.0,2000.0,
"L_uu_workout[1, 13]",0.0,0.0,0.0,0.0,0.0,,2000.0,2000.0,
"L_uu_workout[1, 14]",0.0,0.0,0.0,0.0,0.0,,2000.0,2000.0,
"L_uu_workout[1, 15]",0.0,0.0,0.0,0.0,0.0,,2000.0,2000.0,
"L_uu_workout[1, 16]",0.0,0.0,0.0,0.0,0.0,,2000.0,2000.0,
"L_uu_workout[1, 17]",0.0,0.0,0.0,0.0,0.0,,2000.0,2000.0,
"L_uu_workout[1, 18]",0.0,0.0,0.0,0.0,0.0,,2000.0,2000.0,
"L_uu_workout[1, 19]",0.0,0.0,0.0,0.0,0.0,,2000.0,2000.0,
"L_uu_workout[1, 20]",0.0,0.0,0.0,0.0,0.0,,2000.0,2000.0,
"L_uu_workout[1, 21]",0.0,0.0,0.0,0.0,0.0,,2000.0,2000.0,
"L_uu_workout[1, 22]",0.0,0.0,0.0,0.0,0.0,,2000.0,2000.0,
"L_uu_workout[1, 23]",0.0,0.0,0.0,0.0,0.0,,2000.0,2000.0,
"L_uu_workout[1, 24]",0.0,0.0,0.0,0.0,0.0,,2000.0,2000.0,
"L_uu_workout[1, 25]",0.0,0.0,0.0,0.0,0.0,,2000.0,2000.0,
"L_uu_workout[1, 26]",0.0,0.0,0.0,0.0,0.0,,2000.0,2000.0,
"L_uu_workout[1, 27]",0.0,0.0,0.0,0.0,0.0,,2000.0,2000.0,
"L_uu_workout[1, 28]",0.0,0.0,0.0,0.0,0.0,,2000.0,2000.0,
"L_uu_workout[1, 29]",0.0,0.0,0.0,0.0,0.0,,2000.0,2000.0,
"L_uu_workout[1, 30]",0.0,0.0,0.0,0.0,0.0,,2000.0,2000.0,
"L_uu_workout[1, 31]",0.0,0.0,0.0,0.0,0.0,,2000.0,2000.0,
"L_uu_workout[1, 32]",0.0,0.0,0.0,0.0,0.0,,2000.0,2000.0,
"L_uu_workout[1, 33]",0.0,0.0,0.0,0.0,0.0,,2000.0,2000.0,
"L_uu_workout[1, 34]",0.0,0.0,0.0,0.0,0.0,,2000.0,2000.0,
"L_uu_workout[1, 35]",0.0,0.0,0.0,0.0,0.0,,2000.0,2000.0,
"L_uu_workout[1, 36]",0.0,0.0,0.0,0.0,0.0,,2000.0,2000.0,
"L_uu_workout[1, 37]",0.0,0.0,0.0,0.0,0.0,,2000.0,2000.0,
"L_uu_workout[1, 38]",0.0,0.0,0.0,0.0,0.0,,2000.0,2000.0,
"L_uu_workout[1, 39]",0.0,0.0,0.0,0.0,0.0,,2000.0,2000.0,
"L_uu_workout[1, 40]",0.0,0.0,0.0,0.0,0.0,,2000.0,2000.0,
"L_uu_workout[1, 41]",0.0,0.0,0.0,0.0,0.0,,2000.0,2000.0,
"L_uu_workout[1, 42]",0.0,0.0,0.0,0.0,0.0,,2000.0,2000.0,
"L_uu_workout[1, 43]",0.0,0.0,0.0,0.0,0.0,,2000.0,2000.0,
"L_uu_workout[1, 44]",0.0,0.0,0.0,0.0,0.0,,2000.0,2000.0,
"L_uu_workout[1, 45]",0.0,0.0,0.0,0.0,0.0,,2000.0,2000.0,
"L_uu_workout[1, 46]",0.0,0.0,0.0,0.0,0.0,,2000.0,2000.0,
"L_uu_workout[1, 47]",0.0,0.0,0.0,0.0,0.0,,2000.0,2000.0,
"L_uu_workout[1, 48]",0.0,0.0,0.0,0.0,0.0,,2000.0,2000.0,
"L_uu_workout[1, 49]",0.0,0.0,0.0,0.0,0.0,,2000.0,2000.0,
"L_uu_workout[2, 0]",0.353,0.144,0.144,0.61,0.004,0.005,1150.778,1215.569,1.002
"L_uu_workout[2, 1]",0.012,0.008,0.002,0.027,0.0,0.0,460.228,1045.508,1.008
"L_uu_workout[2, 2]",0.007,0.003,0.003,0.012,0.0,0.0,777.643,1099.025,1.005
"L_uu_workout[2, 3]",0.0,0.0,0.0,0.0,0.0,,2000.0,2000.0,
"L_uu_workout[2, 4]",0.0,0.0,0.0,0.0,0.0,,2000.0,2000.0,
"L_uu_workout[2, 5]",0.0,0.0,0.0,0.0,0.0,,2000.0,2000.0,
"L_uu_workout[2, 6]",0.0,0.0,0.0,0.0,0.0,,2000.0,2000.0,
"L_uu_workout[2, 7]",0.0,0.0,0.0,0.0,0.0,,2000.0,2000.0,
"L_uu_workout[2, 8]",0.0,0.0,0.0,0.0,0.0,,2000.0,2000.0,
"L_uu_workout[2, 9]",0.0,0.0,0.0,0.0,0.0,,2000.0,2000.0,
"L_uu_workout[2, 10]",0.0,0.0,0.0,0.0,0.0,,2000.0,2000.0,
"L_uu_workout[2, 11]",0.0,0.0,0.0,0.0,0.0,,2000.0,2000.0,
"L_uu_workout[2, 12]",0.0,0.0,0.0,0.0,0.0,,2000.0,2000.0,
"L_uu_workout[2, 13]",0.0,0.0,0.0,0.0,0.0,,2000.0,2000.0,
"L_uu_workout[2, 14]",0.0,0.0,0.0,0.0,0.0,,2000.0,2000.0,
"L_uu_workout[2, 15]",0.0,0.0,0.0,0.0,0.0,,2000.0,2000.0,
"L_uu_workout[2, 16]",0.0,0.0,0.0,0.0,0.0,,2000.0,2000.0,
"L_uu_workout[2, 17]",0.0,0.0,0.0,0.0,0.0,,2000.0,2000.0,
"L_uu_workout[2, 18]",0.0,0.0,0.0,0.0,0.0,,2000.0,2000.0,
"L_uu_workout[2, 19]",0.0,0.0,0.0,0.0,0.0,,2000.0,2000.0,
"L_uu_workout[2, 20]",0.0,0.0,0.0,0.0,0.0,,2000.0,2000.0,
"L_uu_workout[2, 21]",0.0,0.0,0.0,0.0,0.0,,2000.0,2000.0,
"L_uu_workout[2, 22]",0.0,0.0,0.0,0.0,0.0,,2000.0,2000.0,
"L_uu_workout[2, 23]",0.0,0.0,0.0,0.0,0.0,,2000.0,2000.0,
"L_uu_workout[2, 24]",0.0,0.0,0.0,0.0,0.0,,2000.0,2000.0,
"L_uu_workout[2, 25]",0.0,0.0,0.0,0.0,0.0,,2000.0,2000.0,
"L_uu_workout[2, 26]",0.0,0.0,0.0,0.0,0.0,,2000.0,2000.0,
"L_uu_workout[2, 27]",0.0,0.0,0.0,0.0,0.0,,2000.0,2000.0,
"L_uu_workout[2, 28]",0.0,0.0,0.0,0.0,0.0,,2000.0,2000.0,
"L_uu_workout[2, 29]",0.0,0.0,0.0,0.0,0.0,,2000.0,2000.0,
"L_uu_workout[2, 30]",0.0,0.0,0.0,0.0,0.0,,2000.0,2000.0,
"L_uu_workout[2, 31]",0.0,0.0,0.0,0.0,0.0,,2000.0,2000.0,
"L_uu_workout[2, 32]",0.0,0.0,0.0,0.0,0.0,,2000.0,2000.0,
"L_uu_workout[2, 33]",0.0,0.0,0.0,0.0,0.0,,2000.0,2000.0,
"L_uu_workout[2, 34]",0.0,0.0,0.0,0.0,0.0,,2000.0,2000.0,
"L_uu_workout[2, 35]",0.0,0.0,0.0,0.0,0.0,,2000.0,2000.0,
"L_uu_workout[2, 36]",0.0,0.0,0.0,0.0,0.0,,2000.0,2000.0,
"L_uu_workout[2, 37]",0.0,0.0,0.0,0.0,0.0,,2000.0,2000.0,
"L_uu_workout[2, 38]",0.0,0.0,0.0,0.0,0.0,,2000.0,2000.0,
"L_uu_workout[2, 39]",0.0,0.0,0.0,0.0,0.0,,2000.0,2000.0,
"L_uu_workout[2, 40]",0.0,0.0,0.0,0.0,0.0,,2000.0,2000.0,
"L_uu_workout[2, 41]",0.0,0.0,0.0,0.0,0.0,,2000.0,2000.0,
"L_uu_workout[2, 42]",0.0,0.0,0.0,0.0,0.0,,2000.0,2000.0,
"L_uu_workout[2, 43]",0.0,0.0,0.0,0.0,0.0,,2000.0,2000.0,
"L_uu_workout[2, 44]",0.0,0.0,0.0,0.0,0.0,,2000.0,2000.0,
"L_uu_workout[2, 45]",0.0,0.0,0.0,0.0,0.0,,2000.0,2000.0,
"L_uu_workout[2, 46]",0.0,0.0,0.0,0.0,0.0,,2000.0,2000.0,
"L_uu_workout[2, 47]",0.0,0.0,0.0,0.0,0.0,,2000.0,2000.0,
"L_uu_workout[2, 48]",0.0,0.0,0.0,0.0,0.0,,2000.0,2000.0,
"L_uu_workout[2, 49]",0.0,0.0,0.0,0.0,0.0,,2000.0,2000.0,
"L_uu_workout[3, 0]",0.353,0.144,0.144,0.61,0.004,0.005,1151.776,1215.569,1.002
"L_uu_workout[3, 1]",0.017,0.012,0.002,0.039,0.001,0.0,444.386,1001.322,1.007
"L_uu_workout[3, 2]",0.008,0.004,0.002,0.015,0.0,0.0,513.865,1006.948,1.007
"L_uu_workout[3, 3]",0.006,0.002,0.003,0.011,0.0,0.0,957.487,1206.483,1.003
"L_uu_workout[3, 4]",0.0,0.0,0.0,0.0,0.0,,2000.0,2000.0,
"L_uu_workout[3, 5]",0.0,0.0,0.0,0.0,0.0,,2000.0,2000.0,
"L_uu_workout[3, 6]",0.0,0.0,0.0,0.0,0.0,,2000.0,2000.0,
"L_uu_workout[3, 7]",0.0,0.0,0.0,0.0,0.0,,2000.0,2000.0,
"L_uu_workout[3, 8]",0.0,0.0,0.0,0.0,0.0,,2000.0,2000.0,
"L_uu_workout[3, 9]",0.0,0.0,0.0,0.0,0.0,,2000.0,2000.0,
"L_uu_workout[3, 10]",0.0,0.0,0.0,0.0,0.0,,2000.0,2000.0,
"L_uu_workout[3, 11]",0.0,0.0,0.0,0.0,0.0,,2000.0,2000.0,
"L_uu_workout[3, 12]",0.0,0.0,0.0,0.0,0.0,,2000.0,2000.0,
"L_uu_workout[3, 13]",0.0,0.0,0.0,0.0,0.0,,2000.0,2000.0,
"L_uu_workout[3, 14]",0.0,0.0,0.0,0.0,0.0,,2000.0,2000.0,
"L_uu_workout[3, 15]",0.0,0.0,0.0,0.0,0.0,,2000.0,2000.0,
"L_uu_workout[3, 16]",0.0,0.0,0.0,0.0,0.0,,2000.0,2000.0,
"L_uu_workout[3, 17]",0.0,0.0,0.0,0.0,0.0,,2000.0,2000.0,
"L_uu_workout[3, 18]",0.0,0.0,0.0,0.0,0.0,,2000.0,2000.0,
"L_uu_workout[3, 19]",0.0,0.0,0.0,0.0,0.0,,2000.0,2000.0,
"L_uu_workout[3, 20]",0.0,0.0,0.0,0.0,0.0,,2000.0,2000.0,
"L_uu_workout[3, 21]",0.0,0.0,0.0,0.0,0.0,,2000.0,2000.0,
"L_uu_workout[3, 22]",0.0,0.0,0.0,0.0,0.0,,2000.0,2000.0,
"L_uu_workout[3, 23]",0.0,0.0,0.0,0.0,0.0,,2000.0,2000.0,
"L_uu_workout[3, 24]",0.0,0.0,0.0,0.0,0.0,,2000.0,2000.0,
"L_uu_workout[3, 25]",0.0,0.0,0.0,0.0,0.0,,2000.0,2000.0,
"L_uu_workout[3, 26]",0.0,0.0,0.0,0.0,0.0,,2000.0,2000.0,
"L_uu_workout[3, 27]",0.0,0.0,0.0,0.0,0.0,,2000.0,2000.0,
"L_uu_workout[3, 28]",0.0,0.0,0.0,0.0,0.0,,2000.0,2000.0,
"L_uu_workout[3, 29]",0.0,0.0,0.0,0.0,0.0,,2000.0,2000.0,
"L_uu_workout[3, 30]",0.0,0.0,0.0,0.0,0.0,,2000.0,2000.0,
"L_uu_workout[3, 31]",0.0,0.0,0.0,0.0,0.0,,2000.0,2000.0,
"L_uu_workout[3, 32]",0.0,0.0,0.0,0.0,0.0,,2000.0,2000.0,
"L_uu_workout[3, 33]",0.0,0.0,0.0,0.0,0.0,,2000.0,2000.0,
"L_uu_workout[3, 34]",0.0,0.0,0.0,0.0,0.0,,2000.0,2000.0,
"L_uu_workout[3, 35]",0.0,0.0,0.0,0.0,0.0,,2000.0,2000.0,
"L_uu_workout[3, 36]",0.0,0.0,0.0,0.0,0.0,,2000.0,2000.0,
"L_uu_workout[3, 37]",0.0,0.0,0.0,0.0,0.0,,2000.0,2000.0,
"L_uu_workout[3, 38]",0.0,0.0,0.0,0.0,0.0,,2000.0,2000.0,
"L_uu_workout[3, 39]",0.0,0.0,0.0,0.0,0.0,,2000.0,2000.0,
"L_uu_workout[3, 40]",0.0,0.0,0.0,0.0,0.0,,2000.0,2000.0,
"L_uu_workout[3, 41]",0.0,0.0,0.0,0.0,0.0,,2000.0,2000.0,
"L_uu_workout[3, 42]",0.0,0.0,0.0,0.0,0.0,,2000.0,2000.0,
"L_uu_workout[3, 43]",0.0,0.0,0.0,0.0,0.0,,2000.0,2000.0,
"L_uu_workout[3, 44]",0.0,0.0,0.0,0.0,0.0,,2000.0,2000.0,
"L_uu_workout[3, 45]",0.0,0.0,0.0,0.0,0.0,,2000.0,2000.0,
"L_uu_workout[3, 46]",0.0,0.0,0.0,0.0,0.0,,2000.0,2000.0,
"L_uu_workout[3, 47]",0.0,0.0,0.0,0.0,0.0,,2000.0,2000.0,
"L_uu_workout[3, 48]",0.0,0.0,0.0,0.0,0.0,,2000.0,2000.0,
"L_uu_workout[3, 49]",0.0,0.0,0.0,0.0,0.0,,2000.0,2000.0,
"L_uu_workout[4, 0]",0.352,0.144,0.143,0.61,0.004,0.005,1153.836,1200.224,1.002
"L_uu_workout[4, 1]",0.023,0.016,0.003,0.052,0.001,0.001,436.751,1001.322,1.007
"L_uu_workout[4, 2]",0.011,0.005,0.003,0.02,0.0,0.0,499.65,1018.377,1.007
"L_uu_workout[4, 3]",0.006,0.002,0.002,0.01,0.0,0.0,722.952,1078.695,1.005
"L_uu_workout[4, 4]",0.006,0.002,0.003,0.01,0.0,0.0,1039.451,1243.595,1.002
"L_uu_workout[4, 5]",0.0,0.0,0.0,0.0,0.0,,2000.0,2000.0,
"L_uu_workout[4, 6]",0.0,0.0,0.0,0.0,0.0,,2000.0,2000.0,
"L_uu_workout[4, 7]",0.0,0.0,0.0,0.0,0.0,,2000.0,2000.0,
"L_uu_workout[4, 8]",0.0,0.0,0.0,0.0,0.0,,2000.0,2000.0,
"L_uu_workout[4, 9]",0.0,0.0,0.0,0.0,0.0,,2000.0,2000.0,
"L_uu_workout[4, 10]",0.0,0.0,0.0,0.0,0.0,,2000.0,2000.0,
"L_uu_workout[4, 11]",0.0,0.0,0.0,0.0,0.0,,2000.0,2000.0,
"L_uu_workout[4, 12]",0.0,0.0,0.0,0.0,0.0,,2000.0,2000.0,
"L_uu_workout[4, 13]",0.0,0.0,0.0,0.0,0.0,,2000.0,2000.0,
"L_uu_workout[4, 14]",0.0,0.0,0.0,0.0,0.0,,2000.0,2000.0,
"L_uu_workout[4, 15]",0.0,0.0,0.0,0.0,0.0,,2000.0,2000.0,
"L_uu_workout[4, 16]",0.0,0.0,0.0,0.0,0.0,,2000.0,2000.0,
"L_uu_workout[4, 17]",0.0,0.0,0.0,0.0,0.0,,2000.0,2000.0,
"L_uu_workout[4, 18]",0.0,0.0,0.0,0.0,0.0,,2000.0,2000.0,
"L_uu_workout[4, 19]",0.0,0.0,0.0,0.0,0.0,,2000.0,2000.0,
"L_uu_workout[4, 20]",0.0,0.0,0.0,0.0,0.0,,2000.0,2000.0,
"L_uu_workout[4, 21]",0.0,0.0,0.0,0.0,0.0,,2000.0,2000.0,
"L_uu_workout[4, 22]",0.0,0.0,0.0,0.0,0.0,,2000.0,2000.0,
"L_uu_workout[4, 23]",0.0,0.0,0.0,0.0,0.0,,2000.0,2000.0,
"L_uu_workout[4, 24]",0.0,0.0,0.0,0.0,0.0,,2000.0,2000.0,
"L_uu_workout[4, 25]",0.0,0.0,0.0,0.0,0.0,,2000.0,2000.0,
"L_uu_workout[4, 26]",0.0,0.0,0.0,0.0,0.0,,2000.0,2000.0,
"L_uu_workout[4, 27]",0.0,0.0,0.0,0.0,0.0,,2000.0,2000.0,
"L_uu_workout[4, 28]",0.0,0.0,0.0,0.0,0.0,,2000.0,2000.0,
"L_uu_workout[4, 29]",0.0,0.0,0.0,0.0,0.0,,2000.0,2000.0,
"L_uu_workout[4, 30]",0.0,0.0,0.0,0.0,0.0,,2000.0,2000.0,
"L_uu_workout[4, 31]",0.0,0.0,0.0,0.0,0.0,,2000.0,2000.0,
"L_uu_workout[4, 32]",0.0,0.0,0.0,0.0,0.0,,2000.0,2000.0,
"L_uu_workout[4, 33]",0.0,0.0,0.0,0.0,0.0,,2000.0,2000.0,
"L_uu_workout[4, 34]",0.0,0.0,0.0,0.0,0.0,,2000.0,2000.0,
"L_uu_workout[4, 35]",0.0,0.0,0.0,0.0,0.0,,2000.0,2000.0,
"L_uu_workout[4, 36]",0.0,0.0,0.0,0.0,0.0,,2000.0,2000.0,
"L_uu_workout[4, 37]",0.0,0.0,0.0,0.0,0.0,,2000.0,2000.0,
"L_uu_workout[4, 38]",0.0,0.0,0.0,0.0,0.0,,2000.0,2000.0,
"L_uu_workout[4, 39]",0.0,0.0,0.0,0.0,0.0,,2000.0,2000.0,
"L_uu_workout[4, 40]",0.0,0.0,0.0,0.0,0.0,,2000.0,2000.0,
"L_uu_workout[4, 41]",0.0,0.0,0.0,0.0,0.0,,2000.0,2000.0,
"L_uu_workout[4, 42]",0.0,0.0,0.0,0.0,0.0,,2000.0,2000.0,
"L_uu_workout[4, 43]",0.0,0.0,0.0,0.0,0.0,,2000.0,2000.0,
"L_uu_workout[4, 44]",0.0,0.0,0.0,0.0,0.0,,2000.0,2000.0,
"L_uu_workout[4, 45]",0.0,0.0,0.0,0.0,0.0,,2000.0,2000.0,
"L_uu_workout[4, 46]",0.0,0.0,0.0,0.0,0.0,,2000.0,2000.0,
"L_uu_workout[4, 47]",0.0,0.0,0.0,0.0,0.0,,2000.0,2000.0,
"L_uu_workout[4, 48]",0.0,0.0,0.0,0.0,0.0,,2000.0,2000.0,
"L_uu_workout[4, 49]",0.0,0.0,0.0,0.0,0.0,,2000.0,2000.0,
"L_uu_workout[5, 0]",0.351,0.144,0.143,0.61,0.004,0.005,1154.964,1200.224,1.001
"L_uu_workout[5, 1]",0.028,0.02,0.003,0.064,0.001,0.001,432.651,1001.322,1.007
"L_uu_workout[5, 2]",0.014,0.007,0.003,0.025,0.0,0.0,493.341,1029.267,1.007
"L_uu_workout[5, 3]",0.008,0.003,0.003,0.013,0.0,0.0,703.274,1090.613,1.006
"L_uu_workout[5, 4]",0.004,0.002,0.002,0.008,0.0,0.0,830.385,1174.89,1.004
"L_uu_workout[5, 5]",0.005,0.002,0.002,0.009,0.0,0.0,1059.988,1258.432,1.002
"L_uu_workout[5, 6]",0.0,0.0,0.0,0.0,0.0,,2000.0,2000.0,
"L_uu_workout[5, 7]",0.0,0.0,0.0,0.0,0.0,,2000.0,2000.0,
"L_uu_workout[5, 8]",0.0,0.0,0.0,0.0,0.0,,2000.0,2000.0,
"L_uu_workout[5, 9]",0.0,0.0,0.0,0.0,0.0,,2000.0,2000.0,
"L_uu_workout[5, 10]",0.0,0.0,0.0,0.0,0.0,,2000.0,2000.0,
"L_uu_workout[5, 11]",0.0,0.0,0.0,0.0,0.0,,2000.0,2000.0,
"L_uu_workout[5, 12]",0.0,0.0,0.0,0.0,0.0,,2000.0,2000.0,
"L_uu_workout[5, 13]",0.0,0.0,0.0,0.0,0.0,,2000.0,2000.0,
"L_uu_workout[5, 14]",0.0,0.0,0.0,0.0,0.0,,2000.0,2000.0,
"L_uu_workout[5, 15]",0.0,0.0,0.0,0.0,0.0,,2000.0,2000.0,
"L_uu_workout[5, 16]",0.0,0.0,0.0,0.0,0.0,,2000.0,2000.0,
"L_uu_workout[5, 17]",0.0,0.0,0.0,0.0,0.0,,2000.0,2000.0,
"L_uu_workout[5, 18]",0.0,0.0,0.0,0.0,0.0,,2000.0,2000.0,
"L_uu_workout[5, 19]",0.0,0.0,0.0,0.0,0.0,,2000.0,2000.0,
"L_uu_workout[5, 20]",0.0,0.0,0.0,0.0,0.0,,2000.0,2000.0,
"L_uu_workout[5, 21]",0.0,0.0,0.0,0.0,0.0,,2000.0,2000.0,
"L_uu_workout[5, 22]",0.0,0.0,0.0,0.0,0.0,,2000.0,2000.0,
"L_uu_workout[5, 23]",0.0,0.0,0.0,0.0,0.0,,2000.0,2000.0,
"L_uu_workout[5, 24]",0.0,0.0,0.0,0.0,0.0,,2000.0,2000.0,
"L_uu_workout[5, 25]",0.0,0.0,0.0,0.0,0.0,,2000.0,2000.0,
"L_uu_workout[5, 26]",0.0,0.0,0.0,0.0,0.0,,2000.0,2000.0,
"L_uu_workout[5, 27]",0.0,0.0,0.0,0.0,0.0,,2000.0,2000.0,
"L_uu_workout[5, 28]",0.0,0.0,0.0,0.0,0.0,,2000.0,2000.0,
"L_uu_workout[5, 29]",0.0,0.0,0.0,0.0,0.0,,2000.0,2000.0,
"L_uu_workout[5, 30]",0.0,0.0,0.0,0.0,0.0,,2000.0,2000.0,
"L_uu_workout[5, 31]",0.0,0.0,0.0,0.0,0.0,,2000.0,2000.0,
"L_uu_workout[5, 32]",0.0,0.0,0.0,0.0,0.0,,2000.0,2000.0,
"L_uu_workout[5, 33]",0.0,0.0,0.0,0.0,0.0,,2000.0,2000.0,
"L_uu_workout[5, 34]",0.0,0.0,0.0,0.0,0.0,,2000.0,2000.0,
"L_uu_workout[5, 35]",0.0,0.0,0.0,0.0,0.0,,2000.0,2000.0,
"L_uu_workout[5, 36]",0.0,0.0,0.0,0.0,0.0,,2000.0,2000.0,
"L_uu_workout[5, 37]",0.0,0.0,0.0,0.0,0.0,,2000.0,2000.0,
"L_uu_workout[5, 38]",0.0,0.0,0.0,0.0,0.0,,2000.0,2000.0,
"L_uu_workout[5, 39]",0.0,0.0,0.0,0.0,0.0,,2000.0,2000.0,
"L_uu_workout[5, 40]",0.0,0.0,0.0,0.0,0.0,,2000.0,2000.0,
"L_uu_workout[5, 41]",0.0,0.0,0.0,0.0,0.0,,2000.0,2000.0,
"L_uu_workout[5, 42]",0.0,0.0,0.0,0.0,0.0,,2000.0,2000.0,
"L_uu_workout[5, 43]",0.0,0.0,0.0,0.0,0.0,,2000.0,2000.0,
"L_uu_workout[5, 44]",0.0,0.0,0.0,0.0,0.0,,2000.0,2000.0,
"L_uu_workout[5, 45]",0.0,0.0,0.0,0.0,0.0,,2000.0,2000.0,
"L_uu_workout[5, 46]",0.0,0.0,0.0,0.0,0.0,,2000.0,2000.0,
"L_uu_workout[5, 47]",0.0,0.0,0.0,0.0,0.0,,2000.0,2000.0,
"L_uu_workout[5, 48]",0.0,0.0,0.0,0.0,0.0,,2000.0,2000.0,
"L_uu_workout[5, 49]",0.0,0.0,0.0,0.0,0.0,,2000.0,2000.0,
"L_uu_workout[6, 0]",0.35,0.144,0.147,0.614,0.004,0.005,1159.151,1200.224,1.001
"L_uu_workout[6, 1]",0.033,0.023,0.004,0.077,0.001,0.001,431.476,1001.322,1.007
"L_uu_workout[6, 2]",0.017,0.008,0.003,0.031,0.0,0.0,490.125,1029.267,1.007
"L_uu_workout[6, 3]",0.009,0.004,0.003,0.016,0.0,0.0,689.856,1024.757,1.006
"L_uu_workout[6, 4]",0.006,0.002,0.002,0.01,0.0,0.0,799.183,1038.963,1.005
"L_uu_workout[6, 5]",0.004,0.001,0.002,0.006,0.0,0.0,842.156,1112.41,1.004
"L_uu_workout[6, 6]",0.005,0.002,0.002,0.009,0.0,0.0,1046.767,1251.826,1.003
"L_uu_workout[6, 7]",0.0,0.0,0.0,0.0,0.0,,2000.0,2000.0,
"L_uu_workout[6, 8]",0.0,0.0,0.0,0.0,0.0,,2000.0,2000.0,
"L_uu_workout[6, 9]",0.0,0.0,0.0,0.0,0.0,,2000.0,2000.0,
"L_uu_workout[6, 10]",0.0,0.0,0.0,0.0,0.0,,2000.0,2000.0,
"L_uu_workout[6, 11]",0.0,0.0,0.0,0.0,0.0,,2000.0,2000.0,
"L_uu_workout[6, 12]",0.0,0.0,0.0,0.0,0.0,,2000.0,2000.0,
"L_uu_workout[6, 13]",0.0,0.0,0.0,0.0,0.0,,2000.0,2000.0,
"L_uu_workout[6, 14]",0.0,0.0,0.0,0.0,0.0,,2000.0,2000.0,
"L_uu_workout[6, 15]",0.0,0.0,0.0,0.0,0.0,,2000.0,2000.0,
"L_uu_workout[6, 16]",0.0,0.0,0.0,0.0,0.0,,2000.0,2000.0,
"L_uu_workout[6, 17]",0.0,0.0,0.0,0.0,0.0,,2000.0,2000.0,
"L_uu_workout[6, 18]",0.0,0.0,0.0,0.0,0.0,,2000.0,2000.0,
"L_uu_workout[6, 19]",0.0,0.0,0.0,0.0,0.0,,2000.0,2000.0,
"L_uu_workout[6, 20]",0.0,0.0,0.0,0.0,0.0,,2000.0,2000.0,
"L_uu_workout[6, 21]",0.0,0.0,0.0,0.0,0.0,,2000.0,2000.0,
"L_uu_workout[6, 22]",0.0,0.0,0.0,0.0,0.0,,2000.0,2000.0,
"L_uu_workout[6, 23]",0.0,0.0,0.0,0.0,0.0,,2000.0,2000.0,
"L_uu_workout[6, 24]",0.0,0.0,0.0,0.0,0.0,,2000.0,2000.0,
"L_uu_workout[6, 25]",0.0,0.0,0.0,0.0,0.0,,2000.0,2000.0,
"L_uu_workout[6, 26]",0.0,0.0,0.0,0.0,0.0,,2000.0,2000.0,
"L_uu_workout[6, 27]",0.0,0.0,0.0,0.0,0.0,,2000.0,2000.0,
"L_uu_workout[6, 28]",0.0,0.0,0.0,0.0,0.0,,2000.0,2000.0,
"L_uu_workout[6, 29]",0.0,0.0,0.0,0.0,0.0,,2000.0,2000.0,
"L_uu_workout[6, 30]",0.0,0.0,0.0,0.0,0.0,,2000.0,2000.0,
"L_uu_workout[6, 31]",0.0,0.0,0.0,0.0,0.0,,2000.0,2000.0,
"L_uu_workout[6, 32]",0.0,0.0,0.0,0.0,0.0,,2000.0,2000.0,
"L_uu_workout[6, 33]",0.0,0.0,0.0,0.0,0.0,,2000.0,2000.0,
"L_uu_workout[6, 34]",0.0,0.0,0.0,0.0,0.0,,2000.0,2000.0,
"L_uu_workout[6, 35]",0.0,0.0,0.0,0.0,0.0,,2000.0,2000.0,
"L_uu_workout[6, 36]",0.0,0.0,0.0,0.0,0.0,,2000.0,2000.0,
"L_uu_workout[6, 37]",0.0,0.0,0.0,0.0,0.0,,2000.0,2000.0,
"L_uu_workout[6, 38]",0.0,0.0,0.0,0.0,0.0,,2000.0,2000.0,
"L_uu_workout[6, 39]",0.0,0.0,0.0,0.0,0.0,,2000.0,2000.0,
"L_uu_workout[6, 40]",0.0,0.0,0.0,0.0,0.0,,2000.0,2000.0,
"L_uu_workout[6, 41]",0.0,0.0,0.0,0.0,0.0,,2000.0,2000.0,
"L_uu_workout[6, 42]",0.0,0.0,0.0,0.0,0.0,,2000.0,2000.0,
"L_uu_workout[6, 43]",0.0,0.0,0.0,0.0,0.0,,2000.0,2000.0,
"L_uu_workout[6, 44]",0.0,0.0,0.0,0.0,0.0,,2000.0,2000.0,
"L_uu_workout[6, 45]",0.0,0.0,0.0,0.0,0.0,,2000.0,2000.0,
"L_uu_workout[6, 46]",0.0,0.0,0.0,0.0,0.0,,2000.0,2000.0,
"L_uu_workout[6, 47]",0.0,0.0,0.0,0.0,0.0,,2000.0,2000.0,
"L_uu_workout[6, 48]",0.0,0.0,0.0,0.0,0.0,,2000.0,2000.0,
"L_uu_workout[6, 49]",0.0,0.0,0.0,0.0,0.0,,2000.0,2000.0,
"L_uu_workout[7, 0]",0.349,0.144,0.146,0.61,0.004,0.005,1166.004,1200.8,1.001
"L_uu_workout[7, 1]",0.038,0.027,0.004,0.089,0.001,0.001,430.323,1001.322,1.007
"L_uu_workout[7, 2]",0.02,0.009,0.004,0.036,0.0,0.0,488.008,1029.267,1.007
"L_uu_workout[7, 3]",0.011,0.005,0.004,0.019,0.0,0.0,679.991,1034.983,1.006
"L_uu_workout[7, 4]",0.007,0.003,0.003,0.012,0.0,0.0,775.63,1020.983,1.005
"L_uu_workout[7, 5]",0.005,0.002,0.002,0.008,0.0,0.0,796.936,1005.273,1.005
"L_uu_workout[7, 6]",0.003,0.001,0.001,0.006,0.0,0.0,792.983,1042.698,1.005
"L_uu_workout[7, 7]",0.005,0.002,0.002,0.008,0.0,0.0,1027.472,1235.089,1.003
"L_uu_workout[7, 8]",0.0,0.0,0.0,0.0,0.0,,2000.0,2000.0,
"L_uu_workout[7, 9]",0.0,0.0,0.0,0.0,0.0,,2000.0,2000.0,
"L_uu_workout[7, 10]",0.0,0.0,0.0,0.0,0.0,,2000.0,2000.0,
"L_uu_workout[7, 11]",0.0,0.0,0.0,0.0,0.0,,2000.0,2000.0,
"L_uu_workout[7, 12]",0.0,0.0,0.0,0.0,0.0,,2000.0,2000.0,
"L_uu_workout[7, 13]",0.0,0.0,0.0,0.0,0.0,,2000.0,2000.0,
"L_uu_workout[7, 14]",0.0,0.0,0.0,0.0,0.0,,2000.0,2000.0,
"L_uu_workout[7, 15]",0.0,0.0,0.0,0.0,0.0,,2000.0,2000.0,
"L_uu_workout[7, 16]",0.0,0.0,0.0,0.0,0.0,,2000.0,2000.0,
"L_uu_workout[7, 17]",0.0,0.0,0.0,0.0,0.0,,2000.0,2000.0,
"L_uu_workout[7, 18]",0.0,0.0,0.0,0.0,0.0,,2000.0,2000.0,
"L_uu_workout[7, 19]",0.0,0.0,0.0,0.0,0.0,,2000.0,2000.0,
"L_uu_workout[7, 20]",0.0,0.0,0.0,0.0,0.0,,2000.0,2000.0,
"L_uu_workout[7, 21]",0.0,0.0,0.0,0.0,0.0,,2000.0,2000.0,
"L_uu_workout[7, 22]",0.0,0.0,0.0,0.0,0.0,,2000.0,2000.0,
"L_uu_workout[7, 23]",0.0,0.0,0.0,0.0,0.0,,2000.0,2000.0,
"L_uu_workout[7, 24]",0.0,0.0,0.0,0.0,0.0,,2000.0,2000.0,
"L_uu_workout[7, 25]",0.0,0.0,0.0,0.0,0.0,,2000.0,2000.0,
"L_uu_workout[7, 26]",0.0,0.0,0.0,0.0,0.0,,2000.0,2000.0,
"L_uu_workout[7, 27]",0.0,0.0,0.0,0.0,0.0,,2000.0,2000.0,
"L_uu_workout[7, 28]",0.0,0.0,0.0,0.0,0.0,,2000.0,2000.0,
"L_uu_workout[7, 29]",0.0,0.0,0.0,0.0,0.0,,2000.0,2000.0,
"L_uu_workout[7, 30]",0.0,0.0,0.0,0.0,0.0,,2000.0,2000.0,
"L_uu_workout[7, 31]",0.0,0.0,0.0,0.0,0.0,,2000.0,2000.0,
"L_uu_workout[7, 32]",0.0,0.0,0.0,0.0,0.0,,2000.0,2000.0,
"L_uu_workout[7, 33]",0.0,0.0,0.0,0.0,0.0,,2000.0,2000.0,
"L_uu_workout[7, 34]",0.0,0.0,0.0,0.0,0.0,,2000.0,2000.0,
"L_uu_workout[7, 35]",0.0,0.0,0.0,0.0,0.0,,2000.0,2000.0,
"L_uu_workout[7, 36]",0.0,0.0,0.0,0.0,0.0,,2000.0,2000.0,
"L_uu_workout[7, 37]",0.0,0.0,0.0,0.0,0.0,,2000.0,2000.0,
"L_uu_workout[7, 38]",0.0,0.0,0.0,0.0,0.0,,2000.0,2000.0,
"L_uu_workout[7, 39]",0.0,0.0,0.0,0.0,0.0,,2000.0,2000.0,
"L_uu_workout[7, 40]",0.0,0.0,0.0,0.0,0.0,,2000.0,2000.0,
"L_uu_workout[7, 41]",0.0,0.0,0.0,0.0,0.0,,2000.0,2000.0,
"L_uu_workout[7, 42]",0.0,0.0,0.0,0.0,0.0,,2000.0,2000.0,
"L_uu_workout[7, 43]",0.0,0.0,0.0,0.0,0.0,,2000.0,2000.0,
"L_uu_workout[7, 44]",0.0,0.0,0.0,0.0,0.0,,2000.0,2000.0,
"L_uu_workout[7, 45]",0.0,0.0,0.0,0.0,0.0,,2000.0,2000.0,
"L_uu_workout[7, 46]",0.0,0.0,0.0,0.0,0.0,,2000.0,2000.0,
"L_uu_workout[7, 47]",0.0,0.0,0.0,0.0,0.0,,2000.0,2000.0,
"L_uu_workout[7, 48]",0.0,0.0,0.0,0.0,0.0,,2000.0,2000.0,
"L_uu_workout[7, 49]",0.0,0.0,0.0,0.0,0.0,,2000.0,2000.0,
"L_uu_workout[8, 0]",0.348,0.143,0.145,0.61,0.004,0.005,1171.09,1200.8,1.001
"L_uu_workout[8, 1]",0.043,0.031,0.004,0.101,0.001,0.001,429.57,1001.322,1.007
"L_uu_workout[8, 2]",0.023,0.011,0.005,0.041,0.0,0.0,486.966,1029.267,1.007
"L_uu_workout[8, 3]",0.013,0.005,0.004,0.022,0.0,0.0,672.688,1008.449,1.006
"L_uu_workout[8, 4]",0.008,0.003,0.003,0.014,0.0,0.0,757.493,995.742,1.005
"L_uu_workout[8, 5]",0.006,0.002,0.002,0.01,0.0,0.0,766.643,1029.171,1.005
"L_uu_workout[8, 6]",0.004,0.002,0.002,0.008,0.0,0.0,746.865,1008.633,1.005
"L_uu_workout[8, 7]",0.003,0.001,0.001,0.006,0.0,0.0,731.627,1057.308,1.006
"L_uu_workout[8, 8]",0.005,0.002,0.002,0.008,0.0,0.0,1006.963,1236.03,1.003
"L_uu_workout[8, 9]",0.0,0.0,0.0,0.0,0.0,,2000.0,2000.0,
"L_uu_workout[8, 10]",0.0,0.0,0.0,0.0,0.0,,2000.0,2000.0,
"L_uu_workout[8, 11]",0.0,0.0,0.0,0.0,0.0,,2000.0,2000.0,
"L_uu_workout[8, 12]",0.0,0.0,0.0,0.0,0.0,,2000.0,2000.0,
"L_uu_workout[8, 13]",0.0,0.0,0.0,0.0,0.0,,2000.0,2000.0,
"L_uu_workout[8, 14]",0.0,0.0,0.0,0.0,0.0,,2000.0,2000.0,
"L_uu_workout[8, 15]",0.0,0.0,0.0,0.0,0.0,,2000.0,2000.0,
"L_uu_workout[8, 16]",0.0,0.0,0.0,0.0,0.0,,2000.0,2000.0,
"L_uu_workout[8, 17]",0.0,0.0,0.0,0.0,0.0,,2000.0,2000.0,
"L_uu_workout[8, 18]",0.0,0.0,0.0,0.0,0.0,,2000.0,2000.0,
"L_uu_workout[8, 19]",0.0,0.0,0.0,0.0,0.0,,2000.0,2000.0,
"L_uu_workout[8, 20]",0.0,0.0,0.0,0.0,0.0,,2000.0,2000.0,
"L_uu_workout[8, 21]",0.0,0.0,0.0,0.0,0.0,,2000.0,2000.0,
"L_uu_workout[8, 22]",0.0,0.0,0.0,0.0,0.0,,2000.0,2000.0,
"L_uu_workout[8, 23]",0.0,0.0,0.0,0.0,0.0,,2000.0,2000.0,
"L_uu_workout[8, 24]",0.0,0.0,0.0,0.0,0.0,,2000.0,2000.0,
"L_uu_workout[8, 25]",0.0,0.0,0.0,0.0,0.0,,2000.0,2000.0,
"L_uu_workout[8, 26]",0.0,0.0,0.0,0.0,0.0,,2000.0,2000.0,
"L_uu_workout[8, 27]",0.0,0.0,0.0,0.0,0.0,,2000.0,2000.0,
"L_uu_workout[8, 28]",0.0,0.0,0.0,0.0,0.0,,2000.0,2000.0,
"L_uu_workout[8, 29]",0.0,0.0,0.0,0.0,0.0,,2000.0,2000.0,
"L_uu_workout[8, 30]",0.0,0.0,0.0,0.0,0.0,,2000.0,2000.0,
"L_uu_workout[8, 31]",0.0,0.0,0.0,0.0,0.0,,2000.0,2000.0,
"L_uu_workout[8, 32]",0.0,0.0,0.0,0.0,0.0,,2000.0,2000.0,
"L_uu_workout[8, 33]",0.0,0.0,0.0,0.0,0.0,,2000.0,2000.0,
"L_uu_workout[8, 34]",0.0,0.0,0.0,0.0,0.0,,2000.0,2000.0,
"L_uu_workout[8, 35]",0.0,0.0,0.0,0.0,0.0,,2000.0,2000.0,
"L_uu_workout[8, 36]",0.0,0.0,0.0,0.0,0.0,,2000.0,2000.0,
"L_uu_workout[8, 37]",0.0,0.0,0.0,0.0,0.0,,2000.0,2000.0,
"L_uu_workout[8, 38]",0.0,0.0,0.0,0.0,0.0,,2000.0,2000.0,
"L_uu_workout[8, 39]",0.0,0.0,0.0,0.0,0.0,,2000.0,2000.0,
"L_uu_workout[8, 40]",0.0,0.0,0.0,0.0,0.0,,2000.0,2000.0,
"L_uu_workout[8, 41]",0.0,0.0,0.0,0.0,0.0,,2000.0,2000.0,
"L_uu_workout[8, 42]",0.0,0.0,0.0,0.0,0.0,,2000.0,2000.0,
"L_uu_workout[8, 43]",0.0,0.0,0.0,0.0,0.0,,2000.0,2000.0,
"L_uu_workout[8, 44]",0.0,0.0,0.0,0.0,0.0,,2000.0,2000.0,
"L_uu_workout[8, 45]",0.0,0.0,0.0,0.0,0.0,,2000.0,2000.0,
"L_uu_workout[8, 46]",0.0,0.0,0.0,0.0,0.0,,2000.0,2000.0,
"L_uu_workout[8, 47]",0.0,0.0,0.0,0.0,0.0,,2000.0,2000.0,
"L_uu_workout[8, 48]",0.0,0.0,0.0,0.0,0.0,,2000.0,2000.0,
"L_uu_workout[8, 49]",0.0,0.0,0.0,0.0,0.0,,2000.0,2000.0,
"L_uu_workout[9, 0]",0.347,0.143,0.137,0.601,0.004,0.005,1174.813,1185.262,1.001
"L_uu_workout[9, 1]",0.048,0.034,0.004,0.111,0.001,0.001,428.301,1001.322,1.007
"L_uu_workout[9, 2]",0.026,0.012,0.005,0.046,0.001,0.0,486.741,1029.267,1.007
"L_uu_workout[9, 3]",0.015,0.006,0.005,0.025,0.0,0.0,667.34,1008.449,1.006
"L_uu_workout[9, 4]",0.009,0.004,0.004,0.017,0.0,0.0,741.973,1028.59,1.005
"L_uu_workout[9, 5]",0.007,0.003,0.002,0.012,0.0,0.0,744.538,997.956,1.006
"L_uu_workout[9, 6]",0.005,0.002,0.002,0.009,0.0,0.0,715.68,1017.62,1.006
"L_uu_workout[9, 7]",0.004,0.002,0.001,0.007,0.0,0.0,684.685,1030.205,1.006
"L_uu_workout[9, 8]",0.003,0.001,0.001,0.005,0.0,0.0,672.064,1050.829,1.006
"L_uu_workout[9, 9]",0.005,0.002,0.002,0.008,0.0,0.0,991.256,1252.332,1.003
"L_uu_workout[9, 10]",0.0,0.0,0.0,0.0,0.0,,2000.0,2000.0,
"L_uu_workout[9, 11]",0.0,0.0,0.0,0.0,0.0,,2000.0,2000.0,
"L_uu_workout[9, 12]",0.0,0.0,0.0,0.0,0.0,,2000.0,2000.0,
"L_uu_workout[9, 13]",0.0,0.0,0.0,0.0,0.0,,2000.0,2000.0,
"L_uu_workout[9, 14]",0.0,0.0,0.0,0.0,0.0,,2000.0,2000.0,
"L_uu_workout[9, 15]",0.0,0.0,0.0,0.0,0.0,,2000.0,2000.0,
"L_uu_workout[9, 16]",0.0,0.0,0.0,0.0,0.0,,2000.0,2000.0,
"L_uu_workout[9, 17]",0.0,0.0,0.0,0.0,0.0,,2000.0,2000.0,
"L_uu_workout[9, 18]",0.0,0.0,0.0,0.0,0.0,,2000.0,2000.0,
"L_uu_workout[9, 19]",0.0,0.0,0.0,0.0,0.0,,2000.0,2000.0,
"L_uu_workout[9, 20]",0.0,0.0,0.0,0.0,0.0,,2000.0,2000.0,
"L_uu_workout[9, 21]",0.0,0.0,0.0,0.0,0.0,,2000.0,2000.0,
"L_uu_workout[9, 22]",0.0,0.0,0.0,0.0,0.0,,2000.0,2000.0,
"L_uu_workout[9, 23]",0.0,0.0,0.0,0.0,0.0,,2000.0,2000.0,
"L_uu_workout[9, 24]",0.0,0.0,0.0,0.0,0.0,,2000.0,2000.0,
"L_uu_workout[9, 25]",0.0,0.0,0.0,0.0,0.0,,2000.0,2000.0,
"L_uu_workout[9, 26]",0.0,0.0,0.0,0.0,0.0,,2000.0,2000.0,
"L_uu_workout[9, 27]",0.0,0.0,0.0,0.0,0.0,,2000.0,2000.0,
"L_uu_workout[9, 28]",0.0,0.0,0.0,0.0,0.0,,2000.0,2000.0,
"L_uu_workout[9, 29]",0.0,0.0,0.0,0.0,0.0,,2000.0,2000.0,
"L_uu_workout[9, 30]",0.0,0.0,0.0,0.0,0.0,,2000.0,2000.0,
"L_uu_workout[9, 31]",0.0,0.0,0.0,0.0,0.0,,2000.0,2000.0,
"L_uu_workout[9, 32]",0.0,0.0,0.0,0.0,0.0,,2000.0,2000.0,
"L_uu_workout[9, 33]",0.0,0.0,0.0,0.0,0.0,,2000.0,2000.0,
"L_uu_workout[9, 34]",0.0,0.0,0.0,0.0,0.0,,2000.0,2000.0,
"L_uu_workout[9, 35]",0.0,0.0,0.0,0.0,0.0,,2000.0,2000.0,
"L_uu_workout[9, 36]",0.0,0.0,0.0,0.0,0.0,,2000.0,2000.0,
"L_uu_workout[9, 37]",0.0,0.0,0.0,0.0,0.0,,2000.0,2000.0,
"L_uu_workout[9, 38]",0.0,0.0,0.0,0.0,0.0,,2000.0,2000.0,
"L_uu_workout[9, 39]",0.0,0.0,0.0,0.0,0.0,,2000.0,2000.0,
"L_uu_workout[9, 40]",0.0,0.0,0.0,0.0,0.0,,2000.0,2000.0,
"L_uu_workout[9, 41]",0.0,0.0,0.0,0.0,0.0,,2000.0,2000.0,
"L_uu_workout[9, 42]",0.0,0.0,0.0,0.0,0.0,,2000.0,2000.0,
"L_uu_workout[9, 43]",0.0,0.0,0.0,0.0,0.0,,2000.0,2000.0,
"L_uu_workout[9, 44]",0.0,0.0,0.0,0.0,0.0,,2000.0,2000.0,
"L_uu_workout[9, 45]",0.0,0.0,0.0,0.0,0.0,,2000.0,2000.0,
"L_uu_workout[9, 46]",0.0,0.0,0.0,0.0,0.0,,2000.0,2000.0,
"L_uu_workout[9, 47]",0.0,0.0,0.0,0.0,0.0,,2000.0,2000.0,
"L_uu_workout[9, 48]",0.0,0.0,0.0,0.0,0.0,,2000.0,2000.0,
"L_uu_workout[9, 49]",0.0,0.0,0.0,0.0,0.0,,2000.0,2000.0,
"L_uu_workout[10, 0]",0.346,0.143,0.147,0.611,0.004,0.005,1180.712,1249.334,1.001
"L_uu_workout[10, 1]",0.053,0.038,0.005,0.122,0.002,0.001,427.67,1031.205,1.007
"L_uu_workout[10, 2]",0.029,0.014,0.006,0.051,0.001,0.0,487.084,1029.267,1.007
"L_uu_workout[10, 3]",0.016,0.007,0.005,0.028,0.0,0.0,662.642,1032.258,1.006
"L_uu_workout[10, 4]",0.011,0.005,0.004,0.019,0.0,0.0,730.88,978.995,1.006
"L_uu_workout[10, 5]",0.008,0.004,0.003,0.015,0.0,0.0,726.147,1026.02,1.006
"L_uu_workout[10, 6]",0.006,0.003,0.002,0.011,0.0,0.0,689.892,1065.78,1.006
"L_uu_workout[10, 7]",0.004,0.002,0.001,0.009,0.0,0.0,654.827,1007.969,1.006
"L_uu_workout[10, 8]",0.003,0.002,0.001,0.007,0.0,0.0,631.053,1057.409,1.006
"L_uu_workout[10, 9]",0.003,0.001,0.001,0.005,0.0,0.0,627.187,1141.483,1.006
"L_uu_workout[10, 10]",0.005,0.002,0.002,0.008,0.0,0.0,980.331,1251.245,1.003
"L_uu_workout[10, 11]",0.0,0.0,0.0,0.0,0.0,,2000.0,2000.0,
"L_uu_workout[10, 12]",0.0,0.0,0.0,0.0,0.0,,2000.0,2000.0,
"L_uu_workout[10, 13]",0.0,0.0,0.0,0.0,0.0,,2000.0,2000.0,
"L_uu_workout[10, 14]",0.0,0.0,0.0,0.0,0.0,,2000.0,2000.0,
"L_uu_workout[10, 15]",0.0,0.0,0.0,0.0,0.0,,2000.0,2000.0,
"L_uu_workout[10, 16]",0.0,0.0,0.0,0.0,0.0,,2000.0,2000.0,
"L_uu_workout[10, 17]",0.0,0.0,0.0,0.0,0.0,,2000.0,2000.0,
"L_uu_workout[10, 18]",0.0,0.0,0.0,0.0,0.0,,2000.0,2000.0,
"L_uu_workout[10, 19]",0.0,0.0,0.0,0.0,0.0,,2000.0,2000.0,
"L_uu_workout[10, 20]",0.0,0.0,0.0,0.0,0.0,,2000.0,2000.0,
"L_uu_workout[10, 21]",0.0,0.0,0.0,0.0,0.0,,2000.0,2000.0,
"L_uu_workout[10, 22]",0.0,0.0,0.0,0.0,0.0,,2000.0,2000.0,
"L_uu_workout[10, 23]",0.0,0.0,0.0,0.0,0.0,,2000.0,2000.0,
"L_uu_workout[10, 24]",0.0,0.0,0.0,0.0,0.0,,2000.0,2000.0,
"L_uu_workout[10, 25]",0.0,0.0,0.0,0.0,0.0,,2000.0,2000.0,
"L_uu_workout[10, 26]",0.0,0.0,0.0,0.0,0.0,,2000.0,2000.0,
"L_uu_workout[10, 27]",0.0,0.0,0.0,0.0,0.0,,2000.0,2000.0,
"L_uu_workout[10, 28]",0.0,0.0,0.0,0.0,0.0,,2000.0,2000.0,
"L_uu_workout[10, 29]",0.0,0.0,0.0,0.0,0.0,,2000.0,2000.0,
"L_uu_workout[10, 30]",0.0,0.0,0.0,0.0,0.0,,2000.0,2000.0,
"L_uu_workout[10, 31]",0.0,0.0,0.0,0.0,0.0,,2000.0,2000.0,
"L_uu_workout[10, 32]",0.0,0.0,0.0,0.0,0.0,,2000.0,2000.0,
"L_uu_workout[10, 33]",0.0,0.0,0.0,0.0,0.0,,2000.0,2000.0,
"L_uu_workout[10, 34]",0.0,0.0,0.0,0.0,0.0,,2000.0,2000.0,
"L_uu_workout[10, 35]",0.0,0.0,0.0,0.0,0.0,,2000.0,2000.0,
"L_uu_workout[10, 36]",0.0,0.0,0.0,0.0,0.0,,2000.0,2000.0,
"L_uu_workout[10, 37]",0.0,0.0,0.0,0.0,0.0,,2000.0,2000.0,
"L_uu_workout[10, 38]",0.0,0.0,0.0,0.0,0.0,,2000.0,2000.0,
"L_uu_workout[10, 39]",0.0,0.0,0.0,0.0,0.0,,2000.0,2000.0,
"L_uu_workout[10, 40]",0.0,0.0,0.0,0.0,0.0,,2000.0,2000.0,
"L_uu_workout[10, 41]",0.0,0.0,0.0,0.0,0.0,,2000.0,2000.0,
"L_uu_workout[10, 42]",0.0,0.0,0.0,0.0,0.0,,2000.0,2000.0,
"L_uu_workout[10, 43]",0.0,0.0,0.0,0.0,0.0,,2000.0,2000.0,
"L_uu_workout[10, 44]",0.0,0.0,0.0,0.0,0.0,,2000.0,2000.0,
"L_uu_workout[10, 45]",0.0,0.0,0.0,0.0,0.0,,2000.0,2000.0,
"L_uu_workout[10, 46]",0.0,0.0,0.0,0.0,0.0,,2000.0,2000.0,
"L_uu_workout[10, 47]",0.0,0.0,0.0,0.0,0.0,,2000.0,2000.0,
"L_uu_workout[10, 48]",0.0,0.0,0.0,0.0,0.0,,2000.0,2000.0,
"L_uu_workout[10, 49]",0.0,0.0,0.0,0.0,0.0,,2000.0,2000.0,
"L_uu_workout[11, 0]",0.344,0.142,0.147,0.609,0.004,0.005,1188.086,1249.334,1.001
"L_uu_workout[11, 1]",0.057,0.041,0.005,0.133,0.002,0.001,426.413,1075.788,1.007
"L_uu_workout[11, 2]",0.032,0.015,0.007,0.057,0.001,0.0,487.617,1029.267,1.007
"L_uu_workout[11, 3]",0.018,0.008,0.006,0.031,0.0,0.0,659.605,1031.246,1.006
"L_uu_workout[11, 4]",0.012,0.005,0.005,0.022,0.0,0.0,722.178,962.856,1.006
"L_uu_workout[11, 5]",0.009,0.005,0.003,0.017,0.0,0.0,711.036,1041.533,1.006
"L_uu_workout[11, 6]",0.007,0.004,0.002,0.014,0.0,0.0,669.79,1077.119,1.006
"L_uu_workout[11, 7]",0.005,0.003,0.002,0.011,0.0,0.0,631.56,1030.101,1.006
"L_uu_workout[11, 8]",0.004,0.002,0.001,0.008,0.0,0.0,603.118,1035.975,1.006
"L_uu_workout[11, 9]",0.003,0.002,0.001,0.007,0.0,0.0,590.713,1114.532,1.006
"L_uu_workout[11, 10]",0.003,0.001,0.001,0.005,0.0,0.0,595.27,1141.4,1.006
"L_uu_workout[11, 11]",0.005,0.002,0.002,0.008,0.0,0.0,976.444,1219.383,1.003
"L_uu_workout[11, 12]",0.0,0.0,0.0,0.0,0.0,,2000.0,2000.0,
"L_uu_workout[11, 13]",0.0,0.0,0.0,0.0,0.0,,2000.0,2000.0,
"L_uu_workout[11, 14]",0.0,0.0,0.0,0.0,0.0,,2000.0,2000.0,
"L_uu_workout[11, 15]",0.0,0.0,0.0,0.0,0.0,,2000.0,2000.0,
"L_uu_workout[11, 16]",0.0,0.0,0.0,0.0,0.0,,2000.0,2000.0,
"L_uu_workout[11, 17]",0.0,0.0,0.0,0.0,0.0,,2000.0,2000.0,
"L_uu_workout[11, 18]",0.0,0.0,0.0,0.0,0.0,,2000.0,2000.0,
"L_uu_workout[11, 19]",0.0,0.0,0.0,0.0,0.0,,2000.0,2000.0,
"L_uu_workout[11, 20]",0.0,0.0,0.0,0.0,0.0,,2000.0,2000.0,
"L_uu_workout[11, 21]",0.0,0.0,0.0,0.0,0.0,,2000.0,2000.0,
"L_uu_workout[11, 22]",0.0,0.0,0.0,0.0,0.0,,2000.0,2000.0,
"L_uu_workout[11, 23]",0.0,0.0,0.0,0.0,0.0,,2000.0,2000.0,
"L_uu_workout[11, 24]",0.0,0.0,0.0,0.0,0.0,,2000.0,2000.0,
"L_uu_workout[11, 25]",0.0,0.0,0.0,0.0,0.0,,2000.0,2000.0,
"L_uu_workout[11, 26]",0.0,0.0,0.0,0.0,0.0,,2000.0,2000.0,
"L_uu_workout[11, 27]",0.0,0.0,0.0,0.0,0.0,,2000.0,2000.0,
"L_uu_workout[11, 28]",0.0,0.0,0.0,0.0,0.0,,2000.0,2000.0,
"L_uu_workout[11, 29]",0.0,0.0,0.0,0.0,0.0,,2000.0,2000.0,
"L_uu_workout[11, 30]",0.0,0.0,0.0,0.0,0.0,,2000.0,2000.0,
"L_uu_workout[11, 31]",0.0,0.0,0.0,0.0,0.0,,2000.0,2000.0,
"L_uu_workout[11, 32]",0.0,0.0,0.0,0.0,0.0,,2000.0,2000.0,
"L_uu_workout[11, 33]",0.0,0.0,0.0,0.0,0.0,,2000.0,2000.0,
"L_uu_workout[11, 34]",0.0,0.0,0.0,0.0,0.0,,2000.0,2000.0,
"L_uu_workout[11, 35]",0.0,0.0,0.0,0.0,0.0,,2000.0,2000.0,
"L_uu_workout[11, 36]",0.0,0.0,0.0,0.0,0.0,,2000.0,2000.0,
"L_uu_workout[11, 37]",0.0,0.0,0.0,0.0,0.0,,2000.0,2000.0,
"L_uu_workout[11, 38]",0.0,0.0,0.0,0.0,0.0,,2000.0,2000.0,
"L_uu_workout[11, 39]",0.0,0.0,0.0,0.0,0.0,,2000.0,2000.0,
"L_uu_workout[11, 40]",0.0,0.0,0.0,0.0,0.0,,2000.0,2000.0,
"L_uu_workout[11, 41]",0.0,0.0,0.0,0.0,0.0,,2000.0,2000.0,
"L_uu_workout[11, 42]",0.0,0.0,0.0,0.0,0.0,,2000.0,2000.0,
"L_uu_workout[11, 43]",0.0,0.0,0.0,0.0,0.0,,2000.0,2000.0,
"L_uu_workout[11, 44]",0.0,0.0,0.0,0.0,0.0,,2000.0,2000.0,
"L_uu_workout[11, 45]",0.0,0.0,0.0,0.0,0.0,,2000.0,2000.0,
"L_uu_workout[11, 46]",0.0,0.0,0.0,0.0,0.0,,2000.0,2000.0,
"L_uu_workout[11, 47]",0.0,0.0,0.0,0.0,0.0,,2000.0,2000.0,
"L_uu_workout[11, 48]",0.0,0.0,0.0,0.0,0.0,,2000.0,2000.0,
"L_uu_workout[11, 49]",0.0,0.0,0.0,0.0,0.0,,2000.0,2000.0,
"L_uu_workout[12, 0]",0.342,0.142,0.136,0.597,0.004,0.005,1194.512,1249.334,1.001
"L_uu_workout[12, 1]",0.062,0.044,0.006,0.144,0.002,0.001,425.896,1100.495,1.007
"L_uu_workout[12, 2]",0.034,0.016,0.007,0.062,0.001,0.0,488.009,1029.267,1.007
"L_uu_workout[12, 3]",0.02,0.008,0.006,0.034,0.0,0.0,657.432,1033.367,1.006
"L_uu_workout[12, 4]",0.013,0.006,0.005,0.025,0.0,0.0,714.251,1019.111,1.006
"L_uu_workout[12, 5]",0.01,0.005,0.003,0.019,0.0,0.0,698.822,1040.756,1.006
"L_uu_workout[12, 6]",0.008,0.005,0.002,0.016,0.0,0.0,653.907,1038.276,1.006
"L_uu_workout[12, 7]",0.006,0.004,0.002,0.013,0.0,0.0,614.896,996.311,1.006
"L_uu_workout[12, 8]",0.005,0.003,0.001,0.011,0.0,0.0,585.32,966.51,1.006
"L_uu_workout[12, 9]",0.004,0.002,0.001,0.008,0.0,0.0,567.714,1126.33,1.007
"L_uu_workout[12, 10]",0.003,0.002,0.001,0.006,0.0,0.0,563.349,1156.004,1.007
"L_uu_workout[12, 11]",0.002,0.001,0.001,0.005,0.0,0.0,570.892,1065.054,1.007
"L_uu_workout[12, 12]",0.005,0.002,0.002,0.008,0.0,0.0,976.171,1175.723,1.003
"L_uu_workout[12, 13]",0.0,0.0,0.0,0.0,0.0,,2000.0,2000.0,
"L_uu_workout[12, 14]",0.0,0.0,0.0,0.0,0.0,,2000.0,2000.0,
"L_uu_workout[12, 15]",0.0,0.0,0.0,0.0,0.0,,2000.0,2000.0,
"L_uu_workout[12, 16]",0.0,0.0,0.0,0.0,0.0,,2000.0,2000.0,
"L_uu_workout[12, 17]",0.0,0.0,0.0,0.0,0.0,,2000.0,2000.0,
"L_uu_workout[12, 18]",0.0,0.0,0.0,0.0,0.0,,2000.0,2000.0,
"L_uu_workout[12, 19]",0.0,0.0,0.0,0.0,0.0,,2000.0,2000.0,
"L_uu_workout[12, 20]",0.0,0.0,0.0,0.0,0.0,,2000.0,2000.0,
"L_uu_workout[12, 21]",0.0,0.0,0.0,0.0,0.0,,2000.0,2000.0,
"L_uu_workout[12, 22]",0.0,0.0,0.0,0.0,0.0,,2000.0,2000.0,
"L_uu_workout[12, 23]",0.0,0.0,0.0,0.0,0.0,,2000.0,2000.0,
"L_uu_workout[12, 24]",0.0,0.0,0.0,0.0,0.0,,2000.0,2000.0,
"L_uu_workout[12, 25]",0.0,0.0,0.0,0.0,0.0,,2000.0,2000.0,
"L_uu_workout[12, 26]",0.0,0.0,0.0,0.0,0.0,,2000.0,2000.0,
"L_uu_workout[12, 27]",0.0,0.0,0.0,0.0,0.0,,2000.0,2000.0,
"L_uu_workout[12, 28]",0.0,0.0,0.0,0.0,0.0,,2000.0,2000.0,
"L_uu_workout[12, 29]",0.0,0.0,0.0,0.0,0.0,,2000.0,2000.0,
"L_uu_workout[12, 30]",0.0,0.0,0.0,0.0,0.0,,2000.0,2000.0,
"L_uu_workout[12, 31]",0.0,0.0,0.0,0.0,0.0,,2000.0,2000.0,
"L_uu_workout[12, 32]",0.0,0.0,0.0,0.0,0.0,,2000.0,2000.0,
"L_uu_workout[12, 33]",0.0,0.0,0.0,0.0,0.0,,2000.0,2000.0,
"L_uu_workout[12, 34]",0.0,0.0,0.0,0.0,0.0,,2000.0,2000.0,
"L_uu_workout[12, 35]",0.0,0.0,0.0,0.0,0.0,,2000.0,2000.0,
"L_uu_workout[12, 36]",0.0,0.0,0.0,0.0,0.0,,2000.0,2000.0,
"L_uu_workout[12, 37]",0.0,0.0,0.0,0.0,0.0,,2000.0,2000.0,
"L_uu_workout[12, 38]",0.0,0.0,0.0,0.0,0.0,,2000.0,2000.0,
"L_uu_workout[12, 39]",0.0,0.0,0.0,0.0,0.0,,2000.0,2000.0,
"L_uu_workout[12, 40]",0.0,0.0,0.0,0.0,0.0,,2000.0,2000.0,
"L_uu_workout[12, 41]",0.0,0.0,0.0,0.0,0.0,,2000.0,2000.0,
"L_uu_workout[12, 42]",0.0,0.0,0.0,0.0,0.0,,2000.0,2000.0,
"L_uu_workout[12, 43]",0.0,0.0,0.0,0.0,0.0,,2000.0,2000.0,
"L_uu_workout[12, 44]",0.0,0.0,0.0,0.0,0.0,,2000.0,2000.0,
"L_uu_workout[12, 45]",0.0,0.0,0.0,0.0,0.0,,2000.0,2000.0,
"L_uu_workout[12, 46]",0.0,0.0,0.0,0.0,0.0,,2000.0,2000.0,
"L_uu_workout[12, 47]",0.0,0.0,0.0,0.0,0.0,,2000.0,2000.0,
"L_uu_workout[12, 48]",0.0,0.0,0.0,0.0,0.0,,2000.0,2000.0,
"L_uu_workout[12, 49]",0.0,0.0,0.0,0.0,0.0,,2000.0,2000.0,
"L_uu_workout[13, 0]",0.341,0.142,0.135,0.596,0.004,0.005,1201.826,1249.334,1.001
"L_uu_workout[13, 1]",0.066,0.047,0.006,0.153,0.002,0.001,425.091,1087.204,1.007
"L_uu_workout[13, 2]",0.037,0.018,0.007,0.067,0.001,0.0,488.715,1017.65,1.007
"L_uu_workout[13, 3]",0.022,0.009,0.007,0.038,0.0,0.0,656.064,1066.66,1.006
"L_uu_workout[13, 4]",0.015,0.007,0.005,0.027,0.0,0.0,706.699,1012.319,1.006
"L_uu_workout[13, 5]",0.011,0.006,0.003,0.022,0.0,0.0,687.94,1066.663,1.006
"L_uu_workout[13, 6]",0.009,0.005,0.003,0.019,0.0,0.0,641.282,1038.907,1.006
"L_uu_workout[13, 7]",0.007,0.005,0.002,0.016,0.0,0.0,601.305,1028.643,1.006
"L_uu_workout[13, 8]",0.006,0.004,0.002,0.013,0.0,0.0,571.53,1010.498,1.007
"L_uu_workout[13, 9]",0.005,0.003,0.001,0.01,0.0,0.0,551.661,1051.227,1.007
"L_uu_workout[13, 10]",0.004,0.002,0.001,0.008,0.0,0.0,543.0,1142.538,1.007
"L_uu_workout[13, 11]",0.003,0.002,0.001,0.006,0.0,0.0,542.108,1142.505,1.007
"L_uu_workout[13, 12]",0.002,0.001,0.001,0.004,0.0,0.0,551.191,1040.831,1.007
"L_uu_workout[13, 13]",0.005,0.002,0.002,0.008,0.0,0.0,977.746,1189.468,1.003
"L_uu_workout[13, 14]",0.0,0.0,0.0,0.0,0.0,,2000.0,2000.0,
"L_uu_workout[13, 15]",0.0,0.0,0.0,0.0,0.0,,2000.0,2000.0,
"L_uu_workout[13, 16]",0.0,0.0,0.0,0.0,0.0,,2000.0,2000.0,
"L_uu_workout[13, 17]",0.0,0.0,0.0,0.0,0.0,,2000.0,2000.0,
"L_uu_workout[13, 18]",0.0,0.0,0.0,0.0,0.0,,2000.0,2000.0,
"L_uu_workout[13, 19]",0.0,0.0,0.0,0.0,0.0,,2000.0,2000.0,
"L_uu_workout[13, 20]",0.0,0.0,0.0,0.0,0.0,,2000.0,2000.0,
"L_uu_workout[13, 21]",0.0,0.0,0.0,0.0,0.0,,2000.0,2000.0,
"L_uu_workout[13, 22]",0.0,0.0,0.0,0.0,0.0,,2000.0,2000.0,
"L_uu_workout[13, 23]",0.0,0.0,0.0,0.0,0.0,,2000.0,2000.0,
"L_uu_workout[13, 24]",0.0,0.0,0.0,0.0,0.0,,2000.0,2000.0,
"L_uu_workout[13, 25]",0.0,0.0,0.0,0.0,0.0,,2000.0,2000.0,
"L_uu_workout[13, 26]",0.0,0.0,0.0,0.0,0.0,,2000.0,2000.0,
"L_uu_workout[13, 27]",0.0,0.0,0.0,0.0,0.0,,2000.0,2000.0,
"L_uu_workout[13, 28]",0.0,0.0,0.0,0.0,0.0,,2000.0,2000.0,
"L_uu_workout[13, 29]",0.0,0.0,0.0,0.0,0.0,,2000.0,2000.0,
"L_uu_workout[13, 30]",0.0,0.0,0.0,0.0,0.0,,2000.0,2000.0,
"L_uu_workout[13, 31]",0.0,0.0,0.0,0.0,0.0,,2000.0,2000.0,
"L_uu_workout[13, 32]",0.0,0.0,0.0,0.0,0.0,,2000.0,2000.0,
"L_uu_workout[13, 33]",0.0,0.0,0.0,0.0,0.0,,2000.0,2000.0,
"L_uu_workout[13, 34]",0.0,0.0,0.0,0.0,0.0,,2000.0,2000.0,
"L_uu_workout[13, 35]",0.0,0.0,0.0,0.0,0.0,,2000.0,2000.0,
"L_uu_workout[13, 36]",0.0,0.0,0.0,0.0,0.0,,2000.0,2000.0,
"L_uu_workout[13, 37]",0.0,0.0,0.0,0.0,0.0,,2000.0,2000.0,
"L_uu_workout[13, 38]",0.0,0.0,0.0,0.0,0.0,,2000.0,2000.0,
"L_uu_workout[13, 39]",0.0,0.0,0.0,0.0,0.0,,2000.0,2000.0,
"L_uu_workout[13, 40]",0.0,0.0,0.0,0.0,0.0,,2000.0,2000.0,
"L_uu_workout[13, 41]",0.0,0.0,0.0,0.0,0.0,,2000.0,2000.0,
"L_uu_workout[13, 42]",0.0,0.0,0.0,0.0,0.0,,2000.0,2000.0,
"L_uu_workout[13, 43]",0.0,0.0,0.0,0.0,0.0,,2000.0,2000.0,
"L_uu_workout[13, 44]",0.0,0.0,0.0,0.0,0.0,,2000.0,2000.0,
"L_uu_workout[13, 45]",0.0,0.0,0.0,0.0,0.0,,2000.0,2000.0,
"L_uu_workout[13, 46]",0.0,0.0,0.0,0.0,0.0,,2000.0,2000.0,
"L_uu_workout[13, 47]",0.0,0.0,0.0,0.0,0.0,,2000.0,2000.0,
"L_uu_workout[13, 48]",0.0,0.0,0.0,0.0,0.0,,2000.0,2000.0,
"L_uu_workout[13, 49]",0.0,0.0,0.0,0.0,0.0,,2000.0,2000.0,
"L_uu_workout[14, 0]",0.339,0.141,0.145,0.603,0.004,0.005,1210.923,1217.221,1.001
"L_uu_workout[14, 1]",0.071,0.05,0.006,0.162,0.002,0.002,424.521,1127.002,1.007
"L_uu_workout[14, 2]",0.04,0.019,0.008,0.071,0.001,0.001,490.077,1006.948,1.007
"L_uu_workout[14, 3]",0.024,0.01,0.007,0.041,0.0,0.0,654.926,1030.166,1.006
"L_uu_workout[14, 4]",0.016,0.008,0.006,0.03,0.0,0.0,700.715,1031.075,1.006
"L_uu_workout[14, 5]",0.012,0.007,0.004,0.025,0.0,0.0,677.286,1069.409,1.006
"L_uu_workout[14, 6]",0.01,0.006,0.003,0.021,0.0,0.0,630.589,1039.825,1.006
"L_uu_workout[14, 7]",0.008,0.005,0.002,0.018,0.0,0.0,591.108,1026.327,1.006
"L_uu_workout[14, 8]",0.007,0.004,0.002,0.015,0.0,0.0,560.688,1010.498,1.007
"L_uu_workout[14, 9]",0.006,0.004,0.001,0.012,0.0,0.0,541.288,1006.758,1.007
"L_uu_workout[14, 10]",0.005,0.003,0.001,0.01,0.0,0.0,530.545,1098.33,1.007
"L_uu_workout[14, 11]",0.004,0.002,0.001,0.007,0.0,0.0,523.865,1077.854,1.007
"L_uu_workout[14, 12]",0.003,0.002,0.001,0.005,0.0,0.0,527.774,1090.231,1.007
"L_uu_workout[14, 13]",0.002,0.001,0.001,0.004,0.0,0.0,540.344,1064.577,1.007
"L_uu_workout[14, 14]",0.005,0.002,0.002,0.008,0.0,0.0,979.645,1235.837,1.003
"L_uu_workout[14, 15]",0.0,0.0,0.0,0.0,0.0,,2000.0,2000.0,
"L_uu_workout[14, 16]",0.0,0.0,0.0,0.0,0.0,,2000.0,2000.0,
"L_uu_workout[14, 17]",0.0,0.0,0.0,0.0,0.0,,2000.0,2000.0,
"L_uu_workout[14, 18]",0.0,0.0,0.0,0.0,0.0,,2000.0,2000.0,
"L_uu_workout[14, 19]",0.0,0.0,0.0,0.0,0.0,,2000.0,2000.0,
"L_uu_workout[14, 20]",0.0,0.0,0.0,0.0,0.0,,2000.0,2000.0,
"L_uu_workout[14, 21]",0.0,0.0,0.0,0.0,0.0,,2000.0,2000.0,
"L_uu_workout[14, 22]",0.0,0.0,0.0,0.0,0.0,,2000.0,2000.0,
"L_uu_workout[14, 23]",0.0,0.0,0.0,0.0,0.0,,2000.0,2000.0,
"L_uu_workout[14, 24]",0.0,0.0,0.0,0.0,0.0,,2000.0,2000.0,
"L_uu_workout[14, 25]",0.0,0.0,0.0,0.0,0.0,,2000.0,2000.0,
"L_uu_workout[14, 26]",0.0,0.0,0.0,0.0,0.0,,2000.0,2000.0,
"L_uu_workout[14, 27]",0.0,0.0,0.0,0.0,0.0,,2000.0,2000.0,
"L_uu_workout[14, 28]",0.0,0.0,0.0,0.0,0.0,,2000.0,2000.0,
"L_uu_workout[14, 29]",0.0,0.0,0.0,0.0,0.0,,2000.0,2000.0,
"L_uu_workout[14, 30]",0.0,0.0,0.0,0.0,0.0,,2000.0,2000.0,
"L_uu_workout[14, 31]",0.0,0.0,0.0,0.0,0.0,,2000.0,2000.0,
"L_uu_workout[14, 32]",0.0,0.0,0.0,0.0,0.0,,2000.0,2000.0,
"L_uu_workout[14, 33]",0.0,0.0,0.0,0.0,0.0,,2000.0,2000.0,
"L_uu_workout[14, 34]",0.0,0.0,0.0,0.0,0.0,,2000.0,2000.0,
"L_uu_workout[14, 35]",0.0,0.0,0.0,0.0,0.0,,2000.0,2000.0,
"L_uu_workout[14, 36]",0.0,0.0,0.0,0.0,0.0,,2000.0,2000.0,
"L_uu_workout[14, 37]",0.0,0.0,0.0,0.0,0.0,,2000.0,2000.0,
"L_uu_workout[14, 38]",0.0,0.0,0.0,0.0,0.0,,2000.0,2000.0,
"L_uu_workout[14, 39]",0.0,0.0,0.0,0.0,0.0,,2000.0,2000.0,
"L_uu_workout[14, 40]",0.0,0.0,0.0,0.0,0.0,,2000.0,2000.0,
"L_uu_workout[14, 41]",0.0,0.0,0.0,0.0,0.0,,2000.0,2000.0,
"L_uu_workout[14, 42]",0.0,0.0,0.0,0.0,0.0,,2000.0,2000.0,
"L_uu_workout[14, 43]",0.0,0.0,0.0,0.0,0.0,,2000.0,2000.0,
"L_uu_workout[14, 44]",0.0,0.0,0.0,0.0,0.0,,2000.0,2000.0,
"L_uu_workout[14, 45]",0.0,0.0,0.0,0.0,0.0,,2000.0,2000.0,
"L_uu_workout[14, 46]",0.0,0.0,0.0,0.0,0.0,,2000.0,2000.0,
"L_uu_workout[14, 47]",0.0,0.0,0.0,0.0,0.0,,2000.0,2000.0,
"L_uu_workout[14, 48]",0.0,0.0,0.0,0.0,0.0,,2000.0,2000.0,
"L_uu_workout[14, 49]",0.0,0.0,0.0,0.0,0.0,,2000.0,2000.0,
"L_uu_workout[15, 0]",0.337,0.141,0.142,0.601,0.004,0.005,1224.515,1119.666,1.001
"L_uu_workout[15, 1]",0.075,0.052,0.007,0.17,0.002,0.002,424.489,1127.002,1.007
"L_uu_workout[15, 2]",0.042,0.02,0.008,0.076,0.001,0.001,491.574,1057.373,1.007
"L_uu_workout[15, 3]",0.025,0.011,0.008,0.044,0.0,0.0,654.377,1030.166,1.006
"L_uu_workout[15, 4]",0.017,0.008,0.006,0.032,0.0,0.0,695.738,1053.009,1.006
"L_uu_workout[15, 5]",0.013,0.008,0.004,0.028,0.0,0.0,668.999,1101.437,1.006
"L_uu_workout[15, 6]",0.011,0.007,0.003,0.025,0.0,0.0,621.104,1039.825,1.006
"L_uu_workout[15, 7]",0.009,0.006,0.002,0.021,0.0,0.0,581.777,1026.327,1.007
"L_uu_workout[15, 8]",0.008,0.005,0.002,0.018,0.0,0.0,552.211,1011.974,1.007
"L_uu_workout[15, 9]",0.006,0.004,0.002,0.014,0.0,0.0,532.914,1001.138,1.007
"L_uu_workout[15, 10]",0.005,0.003,0.001,0.012,0.0,0.0,521.655,1066.557,1.007
"L_uu_workout[15, 11]",0.004,0.003,0.001,0.009,0.0,0.0,514.829,1048.642,1.007
"L_uu_workout[15, 12]",0.003,0.002,0.001,0.007,0.0,0.0,511.237,1036.941,1.007
"L_uu_workout[15, 13]",0.003,0.001,0.001,0.005,0.0,0.0,518.245,1008.162,1.007
"L_uu_workout[15, 14]",0.002,0.001,0.001,0.004,0.0,0.0,534.603,1044.872,1.007
"L_uu_workout[15, 15]",0.005,0.002,0.002,0.008,0.0,0.0,983.438,1235.787,1.003
"L_uu_workout[15, 16]",0.0,0.0,0.0,0.0,0.0,,2000.0,2000.0,
"L_uu_workout[15, 17]",0.0,0.0,0.0,0.0,0.0,,2000.0,2000.0,
"L_uu_workout[15, 18]",0.0,0.0,0.0,0.0,0.0,,2000.0,2000.0,
"L_uu_workout[15, 19]",0.0,0.0,0.0,0.0,0.0,,2000.0,2000.0,
"L_uu_workout[15, 20]",0.0,0.0,0.0,0.0,0.0,,2000.0,2000.0,
"L_uu_workout[15, 21]",0.0,0.0,0.0,0.0,0.0,,2000.0,2000.0,
"L_uu_workout[15, 22]",0.0,0.0,0.0,0.0,0.0,,2000.0,2000.0,
"L_uu_workout[15, 23]",0.0,0.0,0.0,0.0,0.0,,2000.0,2000.0,
"L_uu_workout[15, 24]",0.0,0.0,0.0,0.0,0.0,,2000.0,2000.0,
"L_uu_workout[15, 25]",0.0,0.0,0.0,0.0,0.0,,2000.0,2000.0,
"L_uu_workout[15, 26]",0.0,0.0,0.0,0.0,0.0,,2000.0,2000.0,
"L_uu_workout[15, 27]",0.0,0.0,0.0,0.0,0.0,,2000.0,2000.0,
"L_uu_workout[15, 28]",0.0,0.0,0.0,0.0,0.0,,2000.0,2000.0,
"L_uu_workout[15, 29]",0.0,0.0,0.0,0.0,0.0,,2000.0,2000.0,
"L_uu_workout[15, 30]",0.0,0.0,0.0,0.0,0.0,,2000.0,2000.0,
"L_uu_workout[15, 31]",0.0,0.0,0.0,0.0,0.0,,2000.0,2000.0,
"L_uu_workout[15, 32]",0.0,0.0,0.0,0.0,0.0,,2000.0,2000.0,
"L_uu_workout[15, 33]",0.0,0.0,0.0,0.0,0.0,,2000.0,2000.0,
"L_uu_workout[15, 34]",0.0,0.0,0.0,0.0,0.0,,2000.0,2000.0,
"L_uu_workout[15, 35]",0.0,0.0,0.0,0.0,0.0,,2000.0,2000.0,
"L_uu_workout[15, 36]",0.0,0.0,0.0,0.0,0.0,,2000.0,2000.0,
"L_uu_workout[15, 37]",0.0,0.0,0.0,0.0,0.0,,2000.0,2000.0,
"L_uu_workout[15, 38]",0.0,0.0,0.0,0.0,0.0,,2000.0,2000.0,
"L_uu_workout[15, 39]",0.0,0.0,0.0,0.0,0.0,,2000.0,2000.0,
"L_uu_workout[15, 40]",0.0,0.0,0.0,0.0,0.0,,2000.0,2000.0,
"L_uu_workout[15, 41]",0.0,0.0,0.0,0.0,0.0,,2000.0,2000.0,
"L_uu_workout[15, 42]",0.0,0.0,0.0,0.0,0.0,,2000.0,2000.0,
"L_uu_workout[15, 43]",0.0,0.0,0.0,0.0,0.0,,2000.0,2000.0,
"L_uu_workout[15, 44]",0.0,0.0,0.0,0.0,0.0,,2000.0,2000.0,
"L_uu_workout[15, 45]",0.0,0.0,0.0,0.0,0.0,,2000.0,2000.0,
"L_uu_workout[15, 46]",0.0,0.0,0.0,0.0,0.0,,2000.0,2000.0,
"L_uu_workout[15, 47]",0.0,0.0,0.0,0.0,0.0,,2000.0,2000.0,
"L_uu_workout[15, 48]",0.0,0.0,0.0,0.0,0.0,,2000.0,2000.0,
"L_uu_workout[15, 49]",0.0,0.0,0.0,0.0,0.0,,2000.0,2000.0,
"L_uu_workout[16, 0]",0.334,0.141,0.139,0.598,0.004,0.005,1236.033,1119.666,1.001
"L_uu_workout[16, 1]",0.079,0.055,0.007,0.178,0.002,0.002,423.684,1127.002,1.007
"L_uu_workout[16, 2]",0.045,0.021,0.009,0.08,0.001,0.001,493.163,1074.788,1.007
"L_uu_workout[16, 3]",0.027,0.012,0.009,0.047,0.0,0.0,654.543,1020.128,1.006
"L_uu_workout[16, 4]",0.019,0.009,0.007,0.035,0.0,0.0,691.862,1065.058,1.006
"L_uu_workout[16, 5]",0.015,0.009,0.005,0.031,0.0,0.0,661.398,1101.437,1.006
"L_uu_workout[16, 6]",0.012,0.008,0.003,0.028,0.0,0.0,612.969,1058.567,1.007
"L_uu_workout[16, 7]",0.01,0.007,0.002,0.024,0.0,0.0,574.589,1026.327,1.007
"L_uu_workout[16, 8]",0.009,0.006,0.002,0.02,0.0,0.0,545.641,1000.724,1.007
"L_uu_workout[16, 9]",0.007,0.005,0.002,0.017,0.0,0.0,525.888,980.489,1.007
"L_uu_workout[16, 10]",0.006,0.004,0.001,0.014,0.0,0.0,515.476,1031.14,1.007
"L_uu_workout[16, 11]",0.005,0.003,0.001,0.011,0.0,0.0,508.033,1084.454,1.007
"L_uu_workout[16, 12]",0.004,0.002,0.001,0.008,0.0,0.0,501.964,1033.934,1.007
"L_uu_workout[16, 13]",0.003,0.002,0.001,0.007,0.0,0.0,501.392,1019.163,1.007
"L_uu_workout[16, 14]",0.003,0.001,0.001,0.005,0.0,0.0,509.929,966.28,1.007
"L_uu_workout[16, 15]",0.002,0.001,0.001,0.004,0.0,0.0,530.003,1015.41,1.007
"L_uu_workout[16, 16]",0.005,0.002,0.002,0.008,0.0,0.0,986.592,1235.787,1.003
"L_uu_workout[16, 17]",0.0,0.0,0.0,0.0,0.0,,2000.0,2000.0,
"L_uu_workout[16, 18]",0.0,0.0,0.0,0.0,0.0,,2000.0,2000.0,
"L_uu_workout[16, 19]",0.0,0.0,0.0,0.0,0.0,,2000.0,2000.0,
"L_uu_workout[16, 20]",0.0,0.0,0.0,0.0,0.0,,2000.0,2000.0,
"L_uu_workout[16, 21]",0.0,0.0,0.0,0.0,0.0,,2000.0,2000.0,
"L_uu_workout[16, 22]",0.0,0.0,0.0,0.0,0.0,,2000.0,2000.0,
"L_uu_workout[16, 23]",0.0,0.0,0.0,0.0,0.0,,2000.0,2000.0,
"L_uu_workout[16, 24]",0.0,0.0,0.0,0.0,0.0,,2000.0,2000.0,
"L_uu_workout[16, 25]",0.0,0.0,0.0,0.0,0.0,,2000.0,2000.0,
"L_uu_workout[16, 26]",0.0,0.0,0.0,0.0,0.0,,2000.0,2000.0,
"L_uu_workout[16, 27]",0.0,0.0,0.0,0.0,0.0,,2000.0,2000.0,
"L_uu_workout[16, 28]",0.0,0.0,0.0,0.0,0.0,,2000.0,2000.0,
"L_uu_workout[16, 29]",0.0,0.0,0.0,0.0,0.0,,2000.0,2000.0,
"L_uu_workout[16, 30]",0.0,0.0,0.0,0.0,0.0,,2000.0,2000.0,
"L_uu_workout[16, 31]",0.0,0.0,0.0,0.0,0.0,,2000.0,2000.0,
"L_uu_workout[16, 32]",0.0,0.0,0.0,0.0,0.0,,2000.0,2000.0,
"L_uu_workout[16, 33]",0.0,0.0,0.0,0.0,0.0,,2000.0,2000.0,
"L_uu_workout[16, 34]",0.0,0.0,0.0,0.0,0.0,,2000.0,2000.0,
"L_uu_workout[16, 35]",0.0,0.0,0.0,0.0,0.0,,2000.0,2000.0,
"L_uu_workout[16, 36]",0.0,0.0,0.0,0.0,0.0,,2000.0,2000.0,
"L_uu_workout[16, 37]",0.0,0.0,0.0,0.0,0.0,,2000.0,2000.0,
"L_uu_workout[16, 38]",0.0,0.0,0.0,0.0,0.0,,2000.0,2000.0,
"L_uu_workout[16, 39]",0.0,0.0,0.0,0.0,0.0,,2000.0,2000.0,
"L_uu_workout[16, 40]",0.0,0.0,0.0,0.0,0.0,,2000.0,2000.0,
"L_uu_workout[16, 41]",0.0,0.0,0.0,0.0,0.0,,2000.0,2000.0,
"L_uu_workout[16, 42]",0.0,0.0,0.0,0.0,0.0,,2000.0,2000.0,
"L_uu_workout[16, 43]",0.0,0.0,0.0,0.0,0.0,,2000.0,2000.0,
"L_uu_workout[16, 44]",0.0,0.0,0.0,0.0,0.0,,2000.0,2000.0,
"L_uu_workout[16, 45]",0.0,0.0,0.0,0.0,0.0,,2000.0,2000.0,
"L_uu_workout[16, 46]",0.0,0.0,0.0,0.0,0.0,,2000.0,2000.0,
"L_uu_workout[16, 47]",0.0,0.0,0.0,0.0,0.0,,2000.0,2000.0,
"L_uu_workout[16, 48]",0.0,0.0,0.0,0.0,0.0,,2000.0,2000.0,
"L_uu_workout[16, 49]",0.0,0.0,0.0,0.0,0.0,,2000.0,2000.0,
"L_uu_workout[17, 0]",0.332,0.141,0.138,0.597,0.004,0.005,1253.421,1119.666,1.0
"L_uu_workout[17, 1]",0.083,0.057,0.007,0.186,0.003,0.002,422.111,1127.949,1.007
"L_uu_workout[17, 2]",0.047,0.022,0.009,0.085,0.001,0.001,495.01,1045.817,1.007
"L_uu_workout[17, 3]",0.029,0.012,0.009,0.05,0.0,0.0,655.022,1020.128,1.006
"L_uu_workout[17, 4]",0.02,0.01,0.007,0.038,0.0,0.0,688.222,1077.542,1.006
"L_uu_workout[17, 5]",0.016,0.01,0.005,0.034,0.0,0.0,654.627,1069.45,1.006
"L_uu_workout[17, 6]",0.013,0.009,0.004,0.031,0.0,0.0,605.856,1063.031,1.007
"L_uu_workout[17, 7]",0.011,0.008,0.003,0.028,0.0,0.0,567.727,1025.094,1.007
"L_uu_workout[17, 8]",0.01,0.007,0.002,0.023,0.0,0.0,539.671,1000.724,1.007
"L_uu_workout[17, 9]",0.008,0.006,0.002,0.019,0.0,0.0,520.569,981.182,1.007
"L_uu_workout[17, 10]",0.007,0.005,0.001,0.016,0.0,0.0,509.77,1027.736,1.007
"L_uu_workout[17, 11]",0.006,0.004,0.001,0.013,0.0,0.0,500.578,1044.872,1.007
"L_uu_workout[17, 12]",0.005,0.003,0.001,0.01,0.0,0.0,492.849,1034.173,1.007
"L_uu_workout[17, 13]",0.004,0.002,0.001,0.008,0.0,0.0,490.881,1008.699,1.007
"L_uu_workout[17, 14]",0.003,0.002,0.001,0.006,0.0,0.0,495.357,1018.697,1.007
"L_uu_workout[17, 15]",0.003,0.001,0.001,0.005,0.0,0.0,505.761,990.638,1.007
"L_uu_workout[17, 16]",0.002,0.001,0.001,0.004,0.0,0.0,528.157,1037.548,1.007
"L_uu_workout[17, 17]",0.005,0.002,0.002,0.008,0.0,0.0,987.847,1213.504,1.003
"L_uu_workout[17, 18]",0.0,0.0,0.0,0.0,0.0,,2000.0,2000.0,
"L_uu_workout[17, 19]",0.0,0.0,0.0,0.0,0.0,,2000.0,2000.0,
"L_uu_workout[17, 20]",0.0,0.0,0.0,0.0,0.0,,2000.0,2000.0,
"L_uu_workout[17, 21]",0.0,0.0,0.0,0.0,0.0,,2000.0,2000.0,
"L_uu_workout[17, 22]",0.0,0.0,0.0,0.0,0.0,,2000.0,2000.0,
"L_uu_workout[17, 23]",0.0,0.0,0.0,0.0,0.0,,2000.0,2000.0,
"L_uu_workout[17, 24]",0.0,0.0,0.0,0.0,0.0,,2000.0,2000.0,
"L_uu_workout[17, 25]",0.0,0.0,0.0,0.0,0.0,,2000.0,2000.0,
"L_uu_workout[17, 26]",0.0,0.0,0.0,0.0,0.0,,2000.0,2000.0,
"L_uu_workout[17, 27]",0.0,0.0,0.0,0.0,0.0,,2000.0,2000.0,
"L_uu_workout[17, 28]",0.0,0.0,0.0,0.0,0.0,,2000.0,2000.0,
"L_uu_workout[17, 29]",0.0,0.0,0.0,0.0,0.0,,2000.0,2000.0,
"L_uu_workout[17, 30]",0.0,0.0,0.0,0.0,0.0,,2000.0,2000.0,
"L_uu_workout[17, 31]",0.0,0.0,0.0,0.0,0.0,,2000.0,2000.0,
"L_uu_workout[17, 32]",0.0,0.0,0.0,0.0,0.0,,2000.0,2000.0,
"L_uu_workout[17, 33]",0.0,0.0,0.0,0.0,0.0,,2000.0,2000.0,
"L_uu_workout[17, 34]",0.0,0.0,0.0,0.0,0.0,,2000.0,2000.0,
"L_uu_workout[17, 35]",0.0,0.0,0.0,0.0,0.0,,2000.0,2000.0,
"L_uu_workout[17, 36]",0.0,0.0,0.0,0.0,0.0,,2000.0,2000.0,
"L_uu_workout[17, 37]",0.0,0.0,0.0,0.0,0.0,,2000.0,2000.0,
"L_uu_workout[17, 38]",0.0,0.0,0.0,0.0,0.0,,2000.0,2000.0,
"L_uu_workout[17, 39]",0.0,0.0,0.0,0.0,0.0,,2000.0,2000.0,
"L_uu_workout[17, 40]",0.0,0.0,0.0,0.0,0.0,,2000.0,2000.0,
"L_uu_workout[17, 41]",0.0,0.0,0.0,0.0,0.0,,2000.0,2000.0,
"L_uu_workout[17, 42]",0.0,0.0,0.0,0.0,0.0,,2000.0,2000.0,
"L_uu_workout[17, 43]",0.0,0.0,0.0,0.0,0.0,,2000.0,2000.0,
"L_uu_workout[17, 44]",0.0,0.0,0.0,0.0,0.0,,2000.0,2000.0,
"L_uu_workout[17, 45]",0.0,0.0,0.0,0.0,0.0,,2000.0,2000.0,
"L_uu_workout[17, 46]",0.0,0.0,0.0,0.0,0.0,,2000.0,2000.0,
"L_uu_workout[17, 47]",0.0,0.0,0.0,0.0,0.0,,2000.0,2000.0,
"L_uu_workout[17, 48]",0.0,0.0,0.0,0.0,0.0,,2000.0,2000.0,
"L_uu_workout[17, 49]",0.0,0.0,0.0,0.0,0.0,,2000.0,2000.0,
"L_uu_workout[18, 0]",0.33,0.14,0.134,0.594,0.004,0.005,1263.435,1119.666,1.0
"L_uu_workout[18, 1]",0.087,0.059,0.008,0.193,0.003,0.002,420.937,1155.373,1.008
"L_uu_workout[18, 2]",0.05,0.023,0.01,0.09,0.001,0.001,496.435,1046.147,1.007
"L_uu_workout[18, 3]",0.03,0.013,0.01,0.053,0.0,0.0,656.444,1031.427,1.006
"L_uu_workout[18, 4]",0.021,0.011,0.008,0.041,0.0,0.001,684.787,1050.289,1.006
"L_uu_workout[18, 5]",0.017,0.011,0.005,0.037,0.0,0.001,648.778,1068.283,1.006
"L_uu_workout[18, 6]",0.014,0.01,0.003,0.034,0.0,0.0,599.965,1063.277,1.007
"L_uu_workout[18, 7]",0.012,0.009,0.003,0.031,0.0,0.0,561.556,1025.094,1.007
"L_uu_workout[18, 8]",0.011,0.008,0.002,0.026,0.0,0.0,534.729,1000.724,1.007
"L_uu_workout[18, 9]",0.009,0.007,0.002,0.022,0.0,0.0,515.685,981.182,1.007
"L_uu_workout[18, 10]",0.008,0.005,0.001,0.018,0.0,0.0,504.51,997.781,1.007
"L_uu_workout[18, 11]",0.007,0.004,0.001,0.015,0.0,0.0,492.461,1056.818,1.007
"L_uu_workout[18, 12]",0.006,0.004,0.001,0.012,0.0,0.0,487.047,1020.002,1.007
"L_uu_workout[18, 13]",0.005,0.003,0.001,0.01,0.0,0.0,484.638,987.944,1.007
"L_uu_workout[18, 14]",0.004,0.002,0.001,0.008,0.0,0.0,485.993,990.306,1.007
"L_uu_workout[18, 15]",0.003,0.002,0.001,0.006,0.0,0.0,491.641,1000.58,1.007
"L_uu_workout[18, 16]",0.003,0.001,0.001,0.005,0.0,0.0,503.159,1022.095,1.007
"L_uu_workout[18, 17]",0.002,0.001,0.001,0.004,0.0,0.0,525.748,1022.095,1.007
"L_uu_workout[18, 18]",0.005,0.002,0.002,0.008,0.0,0.0,990.925,1213.278,1.003
"L_uu_workout[18, 19]",0.0,0.0,0.0,0.0,0.0,,2000.0,2000.0,
"L_uu_workout[18, 20]",0.0,0.0,0.0,0.0,0.0,,2000.0,2000.0,
"L_uu_workout[18, 21]",0.0,0.0,0.0,0.0,0.0,,2000.0,2000.0,
"L_uu_workout[18, 22]",0.0,0.0,0.0,0.0,0.0,,2000.0,2000.0,
"L_uu_workout[18, 23]",0.0,0.0,0.0,0.0,0.0,,2000.0,2000.0,
"L_uu_workout[18, 24]",0.0,0.0,0.0,0.0,0.0,,2000.0,2000.0,
"L_uu_workout[18, 25]",0.0,0.0,0.0,0.0,0.0,,2000.0,2000.0,
"L_uu_workout[18, 26]",0.0,0.0,0.0,0.0,0.0,,2000.0,2000.0,
"L_uu_workout[18, 27]",0.0,0.0,0.0,0.0,0.0,,2000.0,2000.0,
"L_uu_workout[18, 28]",0.0,0.0,0.0,0.0,0.0,,2000.0,2000.0,
"L_uu_workout[18, 29]",0.0,0.0,0.0,0.0,0.0,,2000.0,2000.0,
"L_uu_workout[18, 30]",0.0,0.0,0.0,0.0,0.0,,2000.0,2000.0,
"L_uu_workout[18, 31]",0.0,0.0,0.0,0.0,0.0,,2000.0,2000.0,
"L_uu_workout[18, 32]",0.0,0.0,0.0,0.0,0.0,,2000.0,2000.0,
"L_uu_workout[18, 33]",0.0,0.0,0.0,0.0,0.0,,2000.0,2000.0,
"L_uu_workout[18, 34]",0.0,0.0,0.0,0.0,0.0,,2000.0,2000.0,
"L_uu_workout[18, 35]",0.0,0.0,0.0,0.0,0.0,,2000.0,2000.0,
"L_uu_workout[18, 36]",0.0,0.0,0.0,0.0,0.0,,2000.0,2000.0,
"L_uu_workout[18, 37]",0.0,0.0,0.0,0.0,0.0,,2000.0,2000.0,
"L_uu_workout[18, 38]",0.0,0.0,0.0,0.0,0.0,,2000.0,2000.0,
"L_uu_workout[18, 39]",0.0,0.0,0.0,0.0,0.0,,2000.0,2000.0,
"L_uu_workout[18, 40]",0.0,0.0,0.0,0.0,0.0,,2000.0,2000.0,
"L_uu_workout[18, 41]",0.0,0.0,0.0,0.0,0.0,,2000.0,2000.0,
"L_uu_workout[18, 42]",0.0,0.0,0.0,0.0,0.0,,2000.0,2000.0,
"L_uu_workout[18, 43]",0.0,0.0,0.0,0.0,0.0,,2000.0,2000.0,
"L_uu_workout[18, 44]",0.0,0.0,0.0,0.0,0.0,,2000.0,2000.0,
"L_uu_workout[18, 45]",0.0,0.0,0.0,0.0,0.0,,2000.0,2000.0,
"L_uu_workout[18, 46]",0.0,0.0,0.0,0.0,0.0,,2000.0,2000.0,
"L_uu_workout[18, 47]",0.0,0.0,0.0,0.0,0.0,,2000.0,2000.0,
"L_uu_workout[18, 48]",0.0,0.0,0.0,0.0,0.0,,2000.0,2000.0,
"L_uu_workout[18, 49]",0.0,0.0,0.0,0.0,0.0,,2000.0,2000.0,
"L_uu_workout[19, 0]",0.327,0.14,0.134,0.594,0.004,0.005,1276.044,1106.619,1.0
"L_uu_workout[19, 1]",0.09,0.061,0.008,0.199,0.003,0.002,420.342,1128.044,1.008
"L_uu_workout[19, 2]",0.052,0.024,0.011,0.094,0.001,0.001,498.532,1063.198,1.007
"L_uu_workout[19, 3]",0.032,0.014,0.01,0.056,0.001,0.0,658.196,1031.427,1.006
"L_uu_workout[19, 4]",0.023,0.012,0.008,0.044,0.0,0.001,682.116,1027.585,1.006
"L_uu_workout[19, 5]",0.018,0.012,0.005,0.04,0.0,0.001,643.599,1051.7,1.007
"L_uu_workout[19, 6]",0.016,0.011,0.004,0.037,0.0,0.001,594.257,1063.277,1.007
"L_uu_workout[19, 7]",0.014,0.01,0.003,0.034,0.0,0.0,556.3,1025.094,1.007
"L_uu_workout[19, 8]",0.012,0.009,0.002,0.029,0.0,0.0,530.077,1000.724,1.007
"L_uu_workout[19, 9]",0.01,0.008,0.002,0.024,0.0,0.0,511.809,981.182,1.007
"L_uu_workout[19, 10]",0.009,0.006,0.002,0.02,0.0,0.0,499.21,986.688,1.007
"L_uu_workout[19, 11]",0.008,0.005,0.001,0.017,0.0,0.0,487.731,1034.173,1.007
"L_uu_workout[19, 12]",0.006,0.004,0.001,0.014,0.0,0.0,482.447,1020.294,1.007
"L_uu_workout[19, 13]",0.005,0.003,0.001,0.011,0.0,0.0,480.873,990.306,1.007
"L_uu_workout[19, 14]",0.004,0.003,0.001,0.009,0.0,0.0,480.577,1000.58,1.007
"L_uu_workout[19, 15]",0.004,0.002,0.001,0.007,0.0,0.0,484.652,1010.852,1.007
"L_uu_workout[19, 16]",0.003,0.002,0.001,0.006,0.0,0.0,491.397,1010.852,1.007
"L_uu_workout[19, 17]",0.002,0.001,0.001,0.005,0.0,0.0,501.649,1010.852,1.007
"L_uu_workout[19, 18]",0.002,0.001,0.001,0.004,0.0,0.0,523.517,1010.852,1.007
"L_uu_workout[19, 19]",0.005,0.002,0.002,0.008,0.0,0.0,990.937,1181.98,1.003
"L_uu_workout[19, 20]",0.0,0.0,0.0,0.0,0.0,,2000.0,2000.0,
"L_uu_workout[19, 21]",0.0,0.0,0.0,0.0,0.0,,2000.0,2000.0,
"L_uu_workout[19, 22]",0.0,0.0,0.0,0.0,0.0,,2000.0,2000.0,
"L_uu_workout[19, 23]",0.0,0.0,0.0,0.0,0.0,,2000.0,2000.0,
"L_uu_workout[19, 24]",0.0,0.0,0.0,0.0,0.0,,2000.0,2000.0,
"L_uu_workout[19, 25]",0.0,0.0,0.0,0.0,0.0,,2000.0,2000.0,
"L_uu_workout[19, 26]",0.0,0.0,0.0,0.0,0.0,,2000.0,2000.0,
"L_uu_workout[19, 27]",0.0,0.0,0.0,0.0,0.0,,2000.0,2000.0,
"L_uu_workout[19, 28]",0.0,0.0,0.0,0.0,0.0,,2000.0,2000.0,
"L_uu_workout[19, 29]",0.0,0.0,0.0,0.0,0.0,,2000.0,2000.0,
"L_uu_workout[19, 30]",0.0,0.0,0.0,0.0,0.0,,2000.0,2000.0,
"L_uu_workout[19, 31]",0.0,0.0,0.0,0.0,0.0,,2000.0,2000.0,
"L_uu_workout[19, 32]",0.0,0.0,0.0,0.0,0.0,,2000.0,2000.0,
"L_uu_workout[19, 33]",0.0,0.0,0.0,0.0,0.0,,2000.0,2000.0,
"L_uu_workout[19, 34]",0.0,0.0,0.0,0.0,0.0,,2000.0,2000.0,
"L_uu_workout[19, 35]",0.0,0.0,0.0,0.0,0.0,,2000.0,2000.0,
"L_uu_workout[19, 36]",0.0,0.0,0.0,0.0,0.0,,2000.0,2000.0,
"L_uu_workout[19, 37]",0.0,0.0,0.0,0.0,0.0,,2000.0,2000.0,
"L_uu_workout[19, 38]",0.0,0.0,0.0,0.0,0.0,,2000.0,2000.0,
"L_uu_workout[19, 39]",0.0,0.0,0.0,0.0,0.0,,2000.0,2000.0,
"L_uu_workout[19, 40]",0.0,0.0,0.0,0.0,0.0,,2000.0,2000.0,
"L_uu_workout[19, 41]",0.0,0.0,0.0,0.0,0.0,,2000.0,2000.0,
"L_uu_workout[19, 42]",0.0,0.0,0.0,0.0,0.0,,2000.0,2000.0,
"L_uu_workout[19, 43]",0.0,0.0,0.0,0.0,0.0,,2000.0,2000.0,
"L_uu_workout[19, 44]",0.0,0.0,0.0,0.0,0.0,,2000.0,2000.0,
"L_uu_workout[19, 45]",0.0,0.0,0.0,0.0,0.0,,2000.0,2000.0,
"L_uu_workout[19, 46]",0.0,0.0,0.0,0.0,0.0,,2000.0,2000.0,
"L_uu_workout[19, 47]",0.0,0.0,0.0,0.0,0.0,,2000.0,2000.0,
"L_uu_workout[19, 48]",0.0,0.0,0.0,0.0,0.0,,2000.0,2000.0,
"L_uu_workout[19, 49]",0.0,0.0,0.0,0.0,0.0,,2000.0,2000.0,
"L_uu_workout[20, 0]",0.325,0.14,0.133,0.592,0.004,0.005,1288.155,1106.619,1.0
"L_uu_workout[20, 1]",0.094,0.063,0.009,0.205,0.003,0.002,419.737,1128.575,1.008
"L_uu_workout[20, 2]",0.055,0.025,0.011,0.097,0.001,0.001,501.117,1077.153,1.007
"L_uu_workout[20, 3]",0.034,0.014,0.011,0.059,0.001,0.0,660.27,1078.235,1.006
"L_uu_workout[20, 4]",0.024,0.012,0.008,0.046,0.0,0.001,679.916,1027.585,1.006
"L_uu_workout[20, 5]",0.019,0.012,0.006,0.043,0.0,0.001,638.878,1051.7,1.007
"L_uu_workout[20, 6]",0.017,0.012,0.004,0.041,0.0,0.001,590.054,1038.915,1.007
"L_uu_workout[20, 7]",0.015,0.011,0.003,0.037,0.0,0.0,552.326,1025.094,1.007
"L_uu_workout[20, 8]",0.013,0.01,0.003,0.032,0.0,0.0,526.202,1000.205,1.007
"L_uu_workout[20, 9]",0.011,0.009,0.002,0.027,0.0,0.0,508.395,981.182,1.007
"L_uu_workout[20, 10]",0.01,0.007,0.002,0.023,0.0,0.0,494.99,985.071,1.007
"L_uu_workout[20, 11]",0.008,0.006,0.001,0.019,0.0,0.0,482.96,1081.219,1.007
"L_uu_workout[20, 12]",0.007,0.005,0.001,0.016,0.0,0.0,478.873,1033.76,1.007
"L_uu_workout[20, 13]",0.006,0.004,0.001,0.013,0.0,0.0,476.709,1000.58,1.007
"L_uu_workout[20, 14]",0.005,0.003,0.001,0.011,0.0,0.0,475.875,1010.852,1.007
"L_uu_workout[20, 15]",0.004,0.003,0.001,0.009,0.0,0.0,478.612,960.519,1.007
"L_uu_workout[20, 16]",0.004,0.002,0.001,0.007,0.0,0.0,481.555,934.286,1.007
"L_uu_workout[20, 17]",0.003,0.002,0.001,0.006,0.0,0.0,489.0,943.284,1.008
"L_uu_workout[20, 18]",0.002,0.001,0.001,0.005,0.0,0.0,497.363,969.779,1.008
"L_uu_workout[20, 19]",0.002,0.001,0.001,0.004,0.0,0.0,520.964,979.978,1.007
"L_uu_workout[20, 20]",0.005,0.002,0.002,0.008,0.0,0.0,990.693,1181.98,1.003
"L_uu_workout[20, 21]",0.0,0.0,0.0,0.0,0.0,,2000.0,2000.0,
"L_uu_workout[20, 22]",0.0,0.0,0.0,0.0,0.0,,2000.0,2000.0,
"L_uu_workout[20, 23]",0.0,0.0,0.0,0.0,0.0,,2000.0,2000.0,
"L_uu_workout[20, 24]",0.0,0.0,0.0,0.0,0.0,,2000.0,2000.0,
"L_uu_workout[20, 25]",0.0,0.0,0.0,0.0,0.0,,2000.0,2000.0,
"L_uu_workout[20, 26]",0.0,0.0,0.0,0.0,0.0,,2000.0,2000.0,
"L_uu_workout[20, 27]",0.0,0.0,0.0,0.0,0.0,,2000.0,2000.0,
"L_uu_workout[20, 28]",0.0,0.0,0.0,0.0,0.0,,2000.0,2000.0,
"L_uu_workout[20, 29]",0.0,0.0,0.0,0.0,0.0,,2000.0,2000.0,
"L_uu_workout[20, 30]",0.0,0.0,0.0,0.0,0.0,,2000.0,2000.0,
"L_uu_workout[20, 31]",0.0,0.0,0.0,0.0,0.0,,2000.0,2000.0,
"L_uu_workout[20, 32]",0.0,0.0,0.0,0.0,0.0,,2000.0,2000.0,
"L_uu_workout[20, 33]",0.0,0.0,0.0,0.0,0.0,,2000.0,2000.0,
"L_uu_workout[20, 34]",0.0,0.0,0.0,0.0,0.0,,2000.0,2000.0,
"L_uu_workout[20, 35]",0.0,0.0,0.0,0.0,0.0,,2000.0,2000.0,
"L_uu_workout[20, 36]",0.0,0.0,0.0,0.0,0.0,,2000.0,2000.0,
"L_uu_workout[20, 37]",0.0,0.0,0.0,0.0,0.0,,2000.0,2000.0,
"L_uu_workout[20, 38]",0.0,0.0,0.0,0.0,0.0,,2000.0,2000.0,
"L_uu_workout[20, 39]",0.0,0.0,0.0,0.0,0.0,,2000.0,2000.0,
"L_uu_workout[20, 40]",0.0,0.0,0.0,0.0,0.0,,2000.0,2000.0,
"L_uu_workout[20, 41]",0.0,0.0,0.0,0.0,0.0,,2000.0,2000.0,
"L_uu_workout[20, 42]",0.0,0.0,0.0,0.0,0.0,,2000.0,2000.0,
"L_uu_workout[20, 43]",0.0,0.0,0.0,0.0,0.0,,2000.0,2000.0,
"L_uu_workout[20, 44]",0.0,0.0,0.0,0.0,0.0,,2000.0,2000.0,
"L_uu_workout[20, 45]",0.0,0.0,0.0,0.0,0.0,,2000.0,2000.0,
"L_uu_workout[20, 46]",0.0,0.0,0.0,0.0,0.0,,2000.0,2000.0,
"L_uu_workout[20, 47]",0.0,0.0,0.0,0.0,0.0,,2000.0,2000.0,
"L_uu_workout[20, 48]",0.0,0.0,0.0,0.0,0.0,,2000.0,2000.0,
"L_uu_workout[20, 49]",0.0,0.0,0.0,0.0,0.0,,2000.0,2000.0,
"L_uu_workout[21, 0]",0.322,0.139,0.12,0.58,0.004,0.005,1290.718,1133.283,1.0
"L_uu_workout[21, 1]",0.097,0.065,0.009,0.21,0.003,0.002,418.92,1114.64,1.008
"L_uu_workout[21, 2]",0.057,0.026,0.012,0.102,0.001,0.001,504.442,1077.153,1.007
"L_uu_workout[21, 3]",0.035,0.015,0.011,0.061,0.001,0.0,662.692,1065.709,1.006
"L_uu_workout[21, 4]",0.025,0.013,0.009,0.049,0.0,0.001,678.091,1017.454,1.006
"L_uu_workout[21, 5]",0.021,0.013,0.006,0.045,0.0,0.001,634.183,1051.7,1.007
"L_uu_workout[21, 6]",0.018,0.013,0.004,0.044,0.001,0.001,585.988,1044.562,1.007
"L_uu_workout[21, 7]",0.016,0.012,0.003,0.041,0.0,0.001,548.264,1048.702,1.007
"L_uu_workout[21, 8]",0.014,0.011,0.003,0.036,0.0,0.0,522.519,1010.498,1.007
"L_uu_workout[21, 9]",0.013,0.009,0.002,0.03,0.0,0.0,505.261,981.182,1.007
"L_uu_workout[21, 10]",0.011,0.008,0.002,0.026,0.0,0.0,490.853,985.071,1.007
"L_uu_workout[21, 11]",0.009,0.007,0.001,0.021,0.0,0.0,478.682,1023.472,1.007
"L_uu_workout[21, 12]",0.008,0.006,0.001,0.018,0.0,0.0,475.122,990.306,1.007
"L_uu_workout[21, 13]",0.007,0.005,0.001,0.015,0.0,0.0,474.118,1000.868,1.007
"L_uu_workout[21, 14]",0.006,0.004,0.001,0.012,0.0,0.0,472.599,970.324,1.007
"L_uu_workout[21, 15]",0.005,0.003,0.001,0.011,0.0,0.0,473.03,906.3,1.007
"L_uu_workout[21, 16]",0.004,0.002,0.001,0.009,0.0,0.0,474.384,906.415,1.008
"L_uu_workout[21, 17]",0.003,0.002,0.001,0.007,0.0,0.0,479.738,942.345,1.008
"L_uu_workout[21, 18]",0.003,0.002,0.001,0.006,0.0,0.0,487.191,991.472,1.008
"L_uu_workout[21, 19]",0.002,0.001,0.001,0.005,0.0,0.0,495.024,1002.919,1.008
"L_uu_workout[21, 20]",0.002,0.001,0.001,0.004,0.0,0.0,516.488,982.554,1.008
"L_uu_workout[21, 21]",0.005,0.002,0.002,0.008,0.0,0.0,990.932,1181.98,1.003
"L_uu_workout[21, 22]",0.0,0.0,0.0,0.0,0.0,,2000.0,2000.0,
"L_uu_workout[21, 23]",0.0,0.0,0.0,0.0,0.0,,2000.0,2000.0,
"L_uu_workout[21, 24]",0.0,0.0,0.0,0.0,0.0,,2000.0,2000.0,
"L_uu_workout[21, 25]",0.0,0.0,0.0,0.0,0.0,,2000.0,2000.0,
"L_uu_workout[21, 26]",0.0,0.0,0.0,0.0,0.0,,2000.0,2000.0,
"L_uu_workout[21, 27]",0.0,0.0,0.0,0.0,0.0,,2000.0,2000.0,
"L_uu_workout[21, 28]",0.0,0.0,0.0,0.0,0.0,,2000.0,2000.0,
"L_uu_workout[21, 29]",0.0,0.0,0.0,0.0,0.0,,2000.0,2000.0,
"L_uu_workout[21, 30]",0.0,0.0,0.0,0.0,0.0,,2000.0,2000.0,
"L_uu_workout[21, 31]",0.0,0.0,0.0,0.0,0.0,,2000.0,2000.0,
"L_uu_workout[21, 32]",0.0,0.0,0.0,0.0,0.0,,2000.0,2000.0,
"L_uu_workout[21, 33]",0.0,0.0,0.0,0.0,0.0,,2000.0,2000.0,
"L_uu_workout[21, 34]",0.0,0.0,0.0,0.0,0.0,,2000.0,2000.0,
"L_uu_workout[21, 35]",0.0,0.0,0.0,0.0,0.0,,2000.0,2000.0,
"L_uu_workout[21, 36]",0.0,0.0,0.0,0.0,0.0,,2000.0,2000.0,
"L_uu_workout[21, 37]",0.0,0.0,0.0,0.0,0.0,,2000.0,2000.0,
"L_uu_workout[21, 38]",0.0,0.0,0.0,0.0,0.0,,2000.0,2000.0,
"L_uu_workout[21, 39]",0.0,0.0,0.0,0.0,0.0,,2000.0,2000.0,
"L_uu_workout[21, 40]",0.0,0.0,0.0,0.0,0.0,,2000.0,2000.0,
"L_uu_workout[21, 41]",0.0,0.0,0.0,0.0,0.0,,2000.0,2000.0,
"L_uu_workout[21, 42]",0.0,0.0,0.0,0.0,0.0,,2000.0,2000.0,
"L_uu_workout[21, 43]",0.0,0.0,0.0,0.0,0.0,,2000.0,2000.0,
"L_uu_workout[21, 44]",0.0,0.0,0.0,0.0,0.0,,2000.0,2000.0,
"L_uu_workout[21, 45]",0.0,0.0,0.0,0.0,0.0,,2000.0,2000.0,
"L_uu_workout[21, 46]",0.0,0.0,0.0,0.0,0.0,,2000.0,2000.0,
"L_uu_workout[21, 47]",0.0,0.0,0.0,0.0,0.0,,2000.0,2000.0,
"L_uu_workout[21, 48]",0.0,0.0,0.0,0.0,0.0,,2000.0,2000.0,
"L_uu_workout[21, 49]",0.0,0.0,0.0,0.0,0.0,,2000.0,2000.0,
"L_uu_workout[22, 0]",0.319,0.139,0.131,0.591,0.004,0.005,1294.344,1133.283,1.0
"L_uu_workout[22, 1]",0.1,0.066,0.009,0.214,0.003,0.002,418.009,1117.576,1.008
"L_uu_workout[22, 2]",0.059,0.027,0.013,0.105,0.001,0.001,506.569,1077.153,1.007
"L_uu_workout[22, 3]",0.037,0.016,0.012,0.064,0.001,0.0,665.893,1064.811,1.006
"L_uu_workout[22, 4]",0.027,0.014,0.009,0.052,0.0,0.001,676.902,1064.224,1.006
"L_uu_workout[22, 5]",0.022,0.014,0.006,0.048,0.001,0.001,630.186,1051.7,1.007
"L_uu_workout[22, 6]",0.019,0.014,0.005,0.047,0.001,0.001,581.822,1044.562,1.007
"L_uu_workout[22, 7]",0.017,0.014,0.004,0.044,0.001,0.001,545.206,1048.702,1.007
"L_uu_workout[22, 8]",0.015,0.012,0.003,0.039,0.0,0.0,519.706,1010.498,1.007
"L_uu_workout[22, 9]",0.014,0.01,0.002,0.033,0.0,0.0,502.936,991.429,1.007
"L_uu_workout[22, 10]",0.012,0.009,0.002,0.028,0.0,0.0,486.865,985.071,1.007
"L_uu_workout[22, 11]",0.01,0.007,0.001,0.023,0.0,0.0,476.087,1034.304,1.007
"L_uu_workout[22, 12]",0.009,0.006,0.001,0.02,0.0,0.0,472.831,1000.58,1.007
"L_uu_workout[22, 13]",0.008,0.005,0.001,0.017,0.0,0.0,471.891,1010.852,1.007
"L_uu_workout[22, 14]",0.007,0.004,0.001,0.015,0.0,0.0,470.101,873.03,1.007
"L_uu_workout[22, 15]",0.006,0.004,0.001,0.012,0.0,0.0,468.073,942.346,1.007
"L_uu_workout[22, 16]",0.005,0.003,0.001,0.01,0.0,0.0,470.117,942.345,1.008
"L_uu_workout[22, 17]",0.004,0.002,0.001,0.008,0.0,0.0,472.108,1011.494,1.008
"L_uu_workout[22, 18]",0.003,0.002,0.001,0.007,0.0,0.0,477.897,990.914,1.008
"L_uu_workout[22, 19]",0.003,0.002,0.001,0.006,0.0,0.0,484.148,990.914,1.008
"L_uu_workout[22, 20]",0.002,0.001,0.0,0.005,0.0,0.0,492.42,990.914,1.008
"L_uu_workout[22, 21]",0.002,0.001,0.0,0.004,0.0,0.0,512.162,1042.579,1.008
"L_uu_workout[22, 22]",0.005,0.002,0.002,0.008,0.0,0.0,990.983,1181.98,1.003
"L_uu_workout[22, 23]",0.0,0.0,0.0,0.0,0.0,,2000.0,2000.0,
"L_uu_workout[22, 24]",0.0,0.0,0.0,0.0,0.0,,2000.0,2000.0,
"L_uu_workout[22, 25]",0.0,0.0,0.0,0.0,0.0,,2000.0,2000.0,
"L_uu_workout[22, 26]",0.0,0.0,0.0,0.0,0.0,,2000.0,2000.0,
"L_uu_workout[22, 27]",0.0,0.0,0.0,0.0,0.0,,2000.0,2000.0,
"L_uu_workout[22, 28]",0.0,0.0,0.0,0.0,0.0,,2000.0,2000.0,
"L_uu_workout[22, 29]",0.0,0.0,0.0,0.0,0.0,,2000.0,2000.0,
"L_uu_workout[22, 30]",0.0,0.0,0.0,0.0,0.0,,2000.0,2000.0,
"L_uu_workout[22, 31]",0.0,0.0,0.0,0.0,0.0,,2000.0,2000.0,
"L_uu_workout[22, 32]",0.0,0.0,0.0,0.0,0.0,,2000.0,2000.0,
"L_uu_workout[22, 33]",0.0,0.0,0.0,0.0,0.0,,2000.0,2000.0,
"L_uu_workout[22, 34]",0.0,0.0,0.0,0.0,0.0,,2000.0,2000.0,
"L_uu_workout[22, 35]",0.0,0.0,0.0,0.0,0.0,,2000.0,2000.0,
"L_uu_workout[22, 36]",0.0,0.0,0.0,0.0,0.0,,2000.0,2000.0,
"L_uu_workout[22, 37]",0.0,0.0,0.0,0.0,0.0,,2000.0,2000.0,
"L_uu_workout[22, 38]",0.0,0.0,0.0,0.0,0.0,,2000.0,2000.0,
"L_uu_workout[22, 39]",0.0,0.0,0.0,0.0,0.0,,2000.0,2000.0,
"L_uu_workout[22, 40]",0.0,0.0,0.0,0.0,0.0,,2000.0,2000.0,
"L_uu_workout[22, 41]",0.0,0.0,0.0,0.0,0.0,,2000.0,2000.0,
"L_uu_workout[22, 42]",0.0,0.0,0.0,0.0,0.0,,2000.0,2000.0,
"L_uu_workout[22, 43]",0.0,0.0,0.0,0.0,0.0,,2000.0,2000.0,
"L_uu_workout[22, 44]",0.0,0.0,0.0,0.0,0.0,,2000.0,2000.0,
"L_uu_workout[22, 45]",0.0,0.0,0.0,0.0,0.0,,2000.0,2000.0,
"L_uu_workout[22, 46]",0.0,0.0,0.0,0.0,0.0,,2000.0,2000.0,
"L_uu_workout[22, 47]",0.0,0.0,0.0,0.0,0.0,,2000.0,2000.0,
"L_uu_workout[22, 48]",0.0,0.0,0.0,0.0,0.0,,2000.0,2000.0,
"L_uu_workout[22, 49]",0.0,0.0,0.0,0.0,0.0,,2000.0,2000.0,
"L_uu_workout[23, 0]",0.317,0.139,0.127,0.587,0.004,0.004,1295.824,1149.648,1.0
"L_uu_workout[23, 1]",0.103,0.068,0.01,0.218,0.003,0.002,416.512,1117.576,1.008
"L_uu_workout[23, 2]",0.061,0.028,0.013,0.109,0.001,0.001,510.323,1077.153,1.007
"L_uu_workout[23, 3]",0.038,0.016,0.012,0.066,0.001,0.001,669.023,1064.811,1.006
"L_uu_workout[23, 4]",0.028,0.014,0.01,0.054,0.001,0.001,675.467,1064.224,1.006
"L_uu_workout[23, 5]",0.023,0.015,0.007,0.051,0.001,0.001,626.456,1058.567,1.007
"L_uu_workout[23, 6]",0.02,0.015,0.005,0.05,0.001,0.001,577.741,1033.208,1.007
"L_uu_workout[23, 7]",0.018,0.015,0.004,0.047,0.001,0.001,541.999,1048.702,1.007
"L_uu_workout[23, 8]",0.017,0.013,0.003,0.042,0.001,0.0,517.136,1010.498,1.007
"L_uu_workout[23, 9]",0.015,0.011,0.002,0.036,0.0,0.0,499.208,991.429,1.007
"L_uu_workout[23, 10]",0.013,0.01,0.002,0.031,0.0,0.0,482.989,1010.475,1.007
"L_uu_workout[23, 11]",0.011,0.008,0.002,0.026,0.0,0.0,473.079,1033.76,1.007
"L_uu_workout[23, 12]",0.01,0.007,0.001,0.022,0.0,0.0,470.501,1000.58,1.007
"L_uu_workout[23, 13]",0.009,0.006,0.001,0.019,0.0,0.0,468.498,970.324,1.007
"L_uu_workout[23, 14]",0.007,0.005,0.001,0.016,0.0,0.0,467.751,906.3,1.007
"L_uu_workout[23, 15]",0.006,0.004,0.001,0.014,0.0,0.0,466.053,942.345,1.007
"L_uu_workout[23, 16]",0.005,0.004,0.001,0.012,0.0,0.0,466.252,969.821,1.008
"L_uu_workout[23, 17]",0.005,0.003,0.001,0.01,0.0,0.0,466.672,986.154,1.008
"L_uu_workout[23, 18]",0.004,0.002,0.001,0.008,0.0,0.0,470.306,1040.129,1.008
"L_uu_workout[23, 19]",0.003,0.002,0.001,0.007,0.0,0.0,476.942,1035.997,1.008
"L_uu_workout[23, 20]",0.003,0.002,0.001,0.006,0.0,0.0,482.239,1029.749,1.008
"L_uu_workout[23, 21]",0.002,0.001,0.0,0.004,0.0,0.0,492.199,984.637,1.008
"L_uu_workout[23, 22]",0.002,0.001,0.0,0.004,0.0,0.0,511.781,1059.203,1.008
"L_uu_workout[23, 23]",0.005,0.002,0.002,0.007,0.0,0.0,991.764,1183.234,1.003
"L_uu_workout[23, 24]",0.0,0.0,0.0,0.0,0.0,,2000.0,2000.0,
"L_uu_workout[23, 25]",0.0,0.0,0.0,0.0,0.0,,2000.0,2000.0,
"L_uu_workout[23, 26]",0.0,0.0,0.0,0.0,0.0,,2000.0,2000.0,
"L_uu_workout[23, 27]",0.0,0.0,0.0,0.0,0.0,,2000.0,2000.0,
"L_uu_workout[23, 28]",0.0,0.0,0.0,0.0,0.0,,2000.0,2000.0,
"L_uu_workout[23, 29]",0.0,0.0,0.0,0.0,0.0,,2000.0,2000.0,
"L_uu_workout[23, 30]",0.0,0.0,0.0,0.0,0.0,,2000.0,2000.0,
"L_uu_workout[23, 31]",0.0,0.0,0.0,0.0,0.0,,2000.0,2000.0,
"L_uu_workout[23, 32]",0.0,0.0,0.0,0.0,0.0,,2000.0,2000.0,
"L_uu_workout[23, 33]",0.0,0.0,0.0,0.0,0.0,,2000.0,2000.0,
"L_uu_workout[23, 34]",0.0,0.0,0.0,0.0,0.0,,2000.0,2000.0,
"L_uu_workout[23, 35]",0.0,0.0,0.0,0.0,0.0,,2000.0,2000.0,
"L_uu_workout[23, 36]",0.0,0.0,0.0,0.0,0.0,,2000.0,2000.0,
"L_uu_workout[23, 37]",0.0,0.0,0.0,0.0,0.0,,2000.0,2000.0,
"L_uu_workout[23, 38]",0.0,0.0,0.0,0.0,0.0,,2000.0,2000.0,
"L_uu_workout[23, 39]",0.0,0.0,0.0,0.0,0.0,,2000.0,2000.0,
"L_uu_workout[23, 40]",0.0,0.0,0.0,0.0,0.0,,2000.0,2000.0,
"L_uu_workout[23, 41]",0.0,0.0,0.0,0.0,0.0,,2000.0,2000.0,
"L_uu_workout[23, 42]",0.0,0.0,0.0,0.0,0.0,,2000.0,2000.0,
"L_uu_workout[23, 43]",0.0,0.0,0.0,0.0,0.0,,2000.0,2000.0,
"L_uu_workout[23, 44]",0.0,0.0,0.0,0.0,0.0,,2000.0,2000.0,
"L_uu_workout[23, 45]",0.0,0.0,0.0,0.0,0.0,,2000.0,2000.0,
"L_uu_workout[23, 46]",0.0,0.0,0.0,0.0,0.0,,2000.0,2000.0,
"L_uu_workout[23, 47]",0.0,0.0,0.0,0.0,0.0,,2000.0,2000.0,
"L_uu_workout[23, 48]",0.0,0.0,0.0,0.0,0.0,,2000.0,2000.0,
"L_uu_workout[23, 49]",0.0,0.0,0.0,0.0,0.0,,2000.0,2000.0,
"L_uu_workout[24, 0]",0.314,0.139,0.124,0.586,0.004,0.004,1301.961,1120.688,1.0
"L_uu_workout[24, 1]",0.106,0.069,0.01,0.223,0.003,0.002,415.846,1092.051,1.008
"L_uu_workout[24, 2]",0.063,0.029,0.014,0.112,0.001,0.001,515.409,1077.153,1.007
"L_uu_workout[24, 3]",0.039,0.017,0.013,0.068,0.001,0.001,672.796,1041.475,1.006
"L_uu_workout[24, 4]",0.029,0.015,0.01,0.056,0.001,0.001,675.058,1064.224,1.006
"L_uu_workout[24, 5]",0.024,0.016,0.007,0.054,0.001,0.001,623.293,1057.424,1.007
"L_uu_workout[24, 6]",0.022,0.016,0.005,0.053,0.001,0.001,574.786,1033.208,1.007
"L_uu_workout[24, 7]",0.02,0.016,0.004,0.051,0.001,0.001,538.886,1004.841,1.007
"L_uu_workout[24, 8]",0.018,0.014,0.003,0.044,0.001,0.001,513.928,1062.21,1.007
"L_uu_workout[24, 9]",0.016,0.012,0.002,0.039,0.001,0.0,495.395,1013.0,1.007
"L_uu_workout[24, 10]",0.014,0.011,0.002,0.034,0.0,0.0,479.348,1010.475,1.007
"L_uu_workout[24, 11]",0.012,0.009,0.002,0.028,0.0,0.0,469.986,990.306,1.007
"L_uu_workout[24, 12]",0.011,0.008,0.001,0.024,0.0,0.0,467.809,1000.868,1.007
"L_uu_workout[24, 13]",0.009,0.007,0.001,0.021,0.0,0.0,467.325,915.865,1.007
"L_uu_workout[24, 14]",0.008,0.006,0.001,0.018,0.0,0.0,465.195,932.671,1.007
"L_uu_workout[24, 15]",0.007,0.005,0.001,0.016,0.0,0.0,463.667,969.821,1.007
"L_uu_workout[24, 16]",0.006,0.004,0.001,0.013,0.0,0.0,463.266,986.154,1.008
"L_uu_workout[24, 17]",0.005,0.003,0.001,0.012,0.0,0.0,463.483,1040.129,1.008
"L_uu_workout[24, 18]",0.004,0.003,0.001,0.01,0.0,0.0,466.388,1041.75,1.008
"L_uu_workout[24, 19]",0.004,0.002,0.001,0.008,0.0,0.0,470.644,1040.683,1.008
"L_uu_workout[24, 20]",0.003,0.002,0.001,0.007,0.0,0.0,475.922,1035.794,1.008
"L_uu_workout[24, 21]",0.003,0.002,0.001,0.005,0.0,0.0,482.166,1039.563,1.008
"L_uu_workout[24, 22]",0.002,0.001,0.0,0.004,0.0,0.0,494.26,984.637,1.008
"L_uu_workout[24, 23]",0.002,0.001,0.0,0.003,0.0,0.0,514.581,1028.317,1.008
"L_uu_workout[24, 24]",0.005,0.002,0.002,0.007,0.0,0.0,992.479,1183.234,1.003
"L_uu_workout[24, 25]",0.0,0.0,0.0,0.0,0.0,,2000.0,2000.0,
"L_uu_workout[24, 26]",0.0,0.0,0.0,0.0,0.0,,2000.0,2000.0,
"L_uu_workout[24, 27]",0.0,0.0,0.0,0.0,0.0,,2000.0,2000.0,
"L_uu_workout[24, 28]",0.0,0.0,0.0,0.0,0.0,,2000.0,2000.0,
"L_uu_workout[24, 29]",0.0,0.0,0.0,0.0,0.0,,2000.0,2000.0,
"L_uu_workout[24, 30]",0.0,0.0,0.0,0.0,0.0,,2000.0,2000.0,
"L_uu_workout[24, 31]",0.0,0.0,0.0,0.0,0.0,,2000.0,2000.0,
"L_uu_workout[24, 32]",0.0,0.0,0.0,0.0,0.0,,2000.0,2000.0,
"L_uu_workout[24, 33]",0.0,0.0,0.0,0.0,0.0,,2000.0,2000.0,
"L_uu_workout[24, 34]",0.0,0.0,0.0,0.0,0.0,,2000.0,2000.0,
"L_uu_workout[24, 35]",0.0,0.0,0.0,0.0,0.0,,2000.0,2000.0,
"L_uu_workout[24, 36]",0.0,0.0,0.0,0.0,0.0,,2000.0,2000.0,
"L_uu_workout[24, 37]",0.0,0.0,0.0,0.0,0.0,,2000.0,2000.0,
"L_uu_workout[24, 38]",0.0,0.0,0.0,0.0,0.0,,2000.0,2000.0,
"L_uu_workout[24, 39]",0.0,0.0,0.0,0.0,0.0,,2000.0,2000.0,
"L_uu_workout[24, 40]",0.0,0.0,0.0,0.0,0.0,,2000.0,2000.0,
"L_uu_workout[24, 41]",0.0,0.0,0.0,0.0,0.0,,2000.0,2000.0,
"L_uu_workout[24, 42]",0.0,0.0,0.0,0.0,0.0,,2000.0,2000.0,
"L_uu_workout[24, 43]",0.0,0.0,0.0,0.0,0.0,,2000.0,2000.0,
"L_uu_workout[24, 44]",0.0,0.0,0.0,0.0,0.0,,2000.0,2000.0,
"L_uu_workout[24, 45]",0.0,0.0,0.0,0.0,0.0,,2000.0,2000.0,
"L_uu_workout[24, 46]",0.0,0.0,0.0,0.0,0.0,,2000.0,2000.0,
"L_uu_workout[24, 47]",0.0,0.0,0.0,0.0,0.0,,2000.0,2000.0,
"L_uu_workout[24, 48]",0.0,0.0,0.0,0.0,0.0,,2000.0,2000.0,
"L_uu_workout[24, 49]",0.0,0.0,0.0,0.0,0.0,,2000.0,2000.0,
"L_uu_workout[25, 0]",0.311,0.139,0.107,0.572,0.004,0.004,1303.551,1120.688,1.0
"L_uu_workout[25, 1]",0.109,0.07,0.01,0.227,0.003,0.002,414.739,1092.051,1.008
"L_uu_workout[25, 2]",0.065,0.03,0.014,0.116,0.001,0.001,520.796,1077.153,1.007
"L_uu_workout[25, 3]",0.041,0.017,0.013,0.071,0.001,0.001,678.172,1041.584,1.006
"L_uu_workout[25, 4]",0.03,0.015,0.011,0.059,0.001,0.001,674.157,1064.566,1.006
"L_uu_workout[25, 5]",0.025,0.017,0.007,0.056,0.001,0.001,620.81,1057.424,1.007
"L_uu_workout[25, 6]",0.023,0.017,0.005,0.057,0.001,0.001,570.898,1010.196,1.007
"L_uu_workout[25, 7]",0.021,0.017,0.004,0.054,0.001,0.001,535.471,1060.59,1.007
"L_uu_workout[25, 8]",0.019,0.015,0.003,0.048,0.001,0.001,511.212,1075.193,1.007
"L_uu_workout[25, 9]",0.017,0.013,0.002,0.042,0.001,0.0,492.431,1013.0,1.007
"L_uu_workout[25, 10]",0.015,0.012,0.002,0.036,0.0,0.0,476.981,1022.34,1.007
"L_uu_workout[25, 11]",0.014,0.01,0.002,0.031,0.0,0.0,467.484,990.306,1.007
"L_uu_workout[25, 12]",0.012,0.009,0.001,0.027,0.0,0.0,465.521,1010.852,1.007
"L_uu_workout[25, 13]",0.01,0.007,0.001,0.023,0.0,0.0,464.612,873.03,1.007
"L_uu_workout[25, 14]",0.009,0.006,0.001,0.02,0.0,0.0,462.03,951.319,1.007
"L_uu_workout[25, 15]",0.008,0.005,0.001,0.018,0.0,0.0,461.479,970.087,1.007
"L_uu_workout[25, 16]",0.007,0.005,0.001,0.015,0.0,0.0,461.198,985.859,1.008
"L_uu_workout[25, 17]",0.006,0.004,0.001,0.013,0.0,0.0,460.581,1052.198,1.008
"L_uu_workout[25, 18]",0.005,0.003,0.001,0.011,0.0,0.0,461.286,1041.098,1.008
"L_uu_workout[25, 19]",0.004,0.003,0.001,0.009,0.0,0.0,465.208,1035.125,1.008
"L_uu_workout[25, 20]",0.004,0.002,0.001,0.008,0.0,0.0,471.925,1047.783,1.008
"L_uu_workout[25, 21]",0.003,0.002,0.001,0.006,0.0,0.0,476.175,1003.013,1.008
"L_uu_workout[25, 22]",0.003,0.001,0.001,0.005,0.0,0.0,483.55,1039.563,1.008
"L_uu_workout[25, 23]",0.002,0.001,0.0,0.004,0.0,0.0,497.068,1012.203,1.008
"L_uu_workout[25, 24]",0.002,0.001,0.0,0.003,0.0,0.0,517.502,1001.852,1.008
"L_uu_workout[25, 25]",0.004,0.002,0.002,0.007,0.0,0.0,994.082,1184.226,1.003
"L_uu_workout[25, 26]",0.0,0.0,0.0,0.0,0.0,,2000.0,2000.0,
"L_uu_workout[25, 27]",0.0,0.0,0.0,0.0,0.0,,2000.0,2000.0,
"L_uu_workout[25, 28]",0.0,0.0,0.0,0.0,0.0,,2000.0,2000.0,
"L_uu_workout[25, 29]",0.0,0.0,0.0,0.0,0.0,,2000.0,2000.0,
"L_uu_workout[25, 30]",0.0,0.0,0.0,0.0,0.0,,2000.0,2000.0,
"L_uu_workout[25, 31]",0.0,0.0,0.0,0.0,0.0,,2000.0,2000.0,
"L_uu_workout[25, 32]",0.0,0.0,0.0,0.0,0.0,,2000.0,2000.0,
"L_uu_workout[25, 33]",0.0,0.0,0.0,0.0,0.0,,2000.0,2000.0,
"L_uu_workout[25, 34]",0.0,0.0,0.0,0.0,0.0,,2000.0,2000.0,
"L_uu_workout[25, 35]",0.0,0.0,0.0,0.0,0.0,,2000.0,2000.0,
"L_uu_workout[25, 36]",0.0,0.0,0.0,0.0,0.0,,2000.0,2000.0,
"L_uu_workout[25, 37]",0.0,0.0,0.0,0.0,0.0,,2000.0,2000.0,
"L_uu_workout[25, 38]",0.0,0.0,0.0,0.0,0.0,,2000.0,2000.0,
"L_uu_workout[25, 39]",0.0,0.0,0.0,0.0,0.0,,2000.0,2000.0,
"L_uu_workout[25, 40]",0.0,0.0,0.0,0.0,0.0,,2000.0,2000.0,
"L_uu_workout[25, 41]",0.0,0.0,0.0,0.0,0.0,,2000.0,2000.0,
"L_uu_workout[25, 42]",0.0,0.0,0.0,0.0,0.0,,2000.0,2000.0,
"L_uu_workout[25, 43]",0.0,0.0,0.0,0.0,0.0,,2000.0,2000.0,
"L_uu_workout[25, 44]",0.0,0.0,0.0,0.0,0.0,,2000.0,2000.0,
"L_uu_workout[25, 45]",0.0,0.0,0.0,0.0,0.0,,2000.0,2000.0,
"L_uu_workout[25, 46]",0.0,0.0,0.0,0.0,0.0,,2000.0,2000.0,
"L_uu_workout[25, 47]",0.0,0.0,0.0,0.0,0.0,,2000.0,2000.0,
"L_uu_workout[25, 48]",0.0,0.0,0.0,0.0,0.0,,2000.0,2000.0,
"L_uu_workout[25, 49]",0.0,0.0,0.0,0.0,0.0,,2000.0,2000.0,
"L_uu_workout[26, 0]",0.308,0.138,0.098,0.564,0.004,0.004,1306.08,1135.86,1.0
"L_uu_workout[26, 1]",0.111,0.071,0.011,0.232,0.003,0.002,414.143,1092.233,1.008
"L_uu_workout[26, 2]",0.067,0.031,0.015,0.119,0.001,0.001,527.301,1077.153,1.007
"L_uu_workout[26, 3]",0.042,0.018,0.014,0.073,0.001,0.001,683.504,1040.238,1.006
"L_uu_workout[26, 4]",0.031,0.016,0.011,0.061,0.001,0.001,673.447,1058.702,1.006
"L_uu_workout[26, 5]",0.026,0.017,0.007,0.059,0.001,0.001,618.501,1044.43,1.007
"L_uu_workout[26, 6]",0.024,0.018,0.006,0.06,0.001,0.001,567.728,1010.025,1.007
"L_uu_workout[26, 7]",0.022,0.018,0.004,0.057,0.001,0.001,532.671,1042.759,1.007
"L_uu_workout[26, 8]",0.02,0.016,0.003,0.051,0.001,0.001,509.249,1080.672,1.007
"L_uu_workout[26, 9]",0.018,0.014,0.003,0.045,0.001,0.0,489.656,995.328,1.007
"L_uu_workout[26, 10]",0.016,0.013,0.002,0.039,0.001,0.0,473.748,1001.178,1.007
"L_uu_workout[26, 11]",0.015,0.011,0.002,0.034,0.0,0.0,465.224,1000.58,1.007
"L_uu_workout[26, 12]",0.013,0.009,0.002,0.029,0.0,0.0,463.358,970.324,1.007
"L_uu_workout[26, 13]",0.011,0.008,0.001,0.026,0.0,0.0,462.63,897.756,1.007
"L_uu_workout[26, 14]",0.01,0.007,0.001,0.023,0.0,0.0,461.124,990.427,1.007
"L_uu_workout[26, 15]",0.009,0.006,0.001,0.02,0.0,0.0,459.149,969.411,1.007
"L_uu_workout[26, 16]",0.008,0.005,0.001,0.017,0.0,0.0,458.513,996.661,1.008
"L_uu_workout[26, 17]",0.007,0.005,0.001,0.015,0.0,0.0,457.291,1029.291,1.008
"L_uu_workout[26, 18]",0.006,0.004,0.001,0.013,0.0,0.0,457.147,1062.483,1.008
"L_uu_workout[26, 19]",0.005,0.003,0.001,0.011,0.0,0.0,462.146,1037.973,1.008
"L_uu_workout[26, 20]",0.004,0.003,0.001,0.009,0.0,0.0,466.938,1047.822,1.008
"L_uu_workout[26, 21]",0.004,0.002,0.001,0.008,0.0,0.0,471.808,1036.158,1.008
"L_uu_workout[26, 22]",0.003,0.002,0.001,0.006,0.0,0.0,477.187,1028.855,1.008
"L_uu_workout[26, 23]",0.003,0.001,0.001,0.005,0.0,0.0,486.249,1023.405,1.008
"L_uu_workout[26, 24]",0.002,0.001,0.0,0.004,0.0,0.0,500.235,1068.248,1.008
"L_uu_workout[26, 25]",0.002,0.001,0.0,0.003,0.0,0.0,521.032,1018.081,1.007
"L_uu_workout[26, 26]",0.004,0.002,0.002,0.007,0.0,0.0,993.97,1214.393,1.003
"L_uu_workout[26, 27]",0.0,0.0,0.0,0.0,0.0,,2000.0,2000.0,
"L_uu_workout[26, 28]",0.0,0.0,0.0,0.0,0.0,,2000.0,2000.0,
"L_uu_workout[26, 29]",0.0,0.0,0.0,0.0,0.0,,2000.0,2000.0,
"L_uu_workout[26, 30]",0.0,0.0,0.0,0.0,0.0,,2000.0,2000.0,
"L_uu_workout[26, 31]",0.0,0.0,0.0,0.0,0.0,,2000.0,2000.0,
"L_uu_workout[26, 32]",0.0,0.0,0.0,0.0,0.0,,2000.0,2000.0,
"L_uu_workout[26, 33]",0.0,0.0,0.0,0.0,0.0,,2000.0,2000.0,
"L_uu_workout[26, 34]",0.0,0.0,0.0,0.0,0.0,,2000.0,2000.0,
"L_uu_workout[26, 35]",0.0,0.0,0.0,0.0,0.0,,2000.0,2000.0,
"L_uu_workout[26, 36]",0.0,0.0,0.0,0.0,0.0,,2000.0,2000.0,
"L_uu_workout[26, 37]",0.0,0.0,0.0,0.0,0.0,,2000.0,2000.0,
"L_uu_workout[26, 38]",0.0,0.0,0.0,0.0,0.0,,2000.0,2000.0,
"L_uu_workout[26, 39]",0.0,0.0,0.0,0.0,0.0,,2000.0,2000.0,
"L_uu_workout[26, 40]",0.0,0.0,0.0,0.0,0.0,,2000.0,2000.0,
"L_uu_workout[26, 41]",0.0,0.0,0.0,0.0,0.0,,2000.0,2000.0,
"L_uu_workout[26, 42]",0.0,0.0,0.0,0.0,0.0,,2000.0,2000.0,
"L_uu_workout[26, 43]",0.0,0.0,0.0,0.0,0.0,,2000.0,2000.0,
"L_uu_workout[26, 44]",0.0,0.0,0.0,0.0,0.0,,2000.0,2000.0,
"L_uu_workout[26, 45]",0.0,0.0,0.0,0.0,0.0,,2000.0,2000.0,
"L_uu_workout[26, 46]",0.0,0.0,0.0,0.0,0.0,,2000.0,2000.0,
"L_uu_workout[26, 47]",0.0,0.0,0.0,0.0,0.0,,2000.0,2000.0,
"L_uu_workout[26, 48]",0.0,0.0,0.0,0.0,0.0,,2000.0,2000.0,
"L_uu_workout[26, 49]",0.0,0.0,0.0,0.0,0.0,,2000.0,2000.0,
"L_uu_workout[27, 0]",0.305,0.138,0.099,0.565,0.004,0.004,1295.577,1148.497,1.0
"L_uu_workout[27, 1]",0.114,0.072,0.011,0.235,0.003,0.002,413.493,1117.783,1.008
"L_uu_workout[27, 2]",0.069,0.031,0.015,0.122,0.001,0.001,533.877,1077.153,1.007
"L_uu_workout[27, 3]",0.044,0.018,0.015,0.075,0.001,0.001,688.726,1007.173,1.006
"L_uu_workout[27, 4]",0.032,0.016,0.011,0.063,0.001,0.001,674.618,1058.3,1.006
"L_uu_workout[27, 5]",0.028,0.018,0.008,0.061,0.001,0.001,615.561,1037.643,1.007
"L_uu_workout[27, 6]",0.025,0.019,0.006,0.063,0.001,0.001,565.322,1017.572,1.007
"L_uu_workout[27, 7]",0.023,0.019,0.005,0.06,0.001,0.001,530.38,1027.56,1.007
"L_uu_workout[27, 8]",0.021,0.017,0.003,0.054,0.001,0.001,506.72,1068.076,1.007
"L_uu_workout[27, 9]",0.02,0.015,0.003,0.048,0.001,0.001,486.419,1026.972,1.007
"L_uu_workout[27, 10]",0.018,0.013,0.002,0.042,0.001,0.0,470.629,1030.79,1.007
"L_uu_workout[27, 11]",0.016,0.012,0.002,0.036,0.001,0.0,463.346,1000.58,1.007
"L_uu_workout[27, 12]",0.014,0.01,0.002,0.032,0.0,0.0,460.919,922.488,1.007
"L_uu_workout[27, 13]",0.012,0.009,0.001,0.028,0.0,0.0,460.339,915.385,1.007
"L_uu_workout[27, 14]",0.011,0.008,0.001,0.025,0.0,0.0,459.4,970.087,1.007
"L_uu_workout[27, 15]",0.01,0.007,0.001,0.022,0.0,0.0,457.342,979.675,1.007
"L_uu_workout[27, 16]",0.008,0.006,0.001,0.019,0.0,0.0,456.267,1052.198,1.008
"L_uu_workout[27, 17]",0.007,0.005,0.001,0.017,0.0,0.0,455.073,1029.749,1.008
"L_uu_workout[27, 18]",0.006,0.005,0.001,0.015,0.0,0.0,455.784,1062.763,1.008
"L_uu_workout[27, 19]",0.006,0.004,0.001,0.013,0.0,0.0,458.181,1038.276,1.008
"L_uu_workout[27, 20]",0.005,0.003,0.001,0.011,0.0,0.0,461.273,1015.888,1.008
"L_uu_workout[27, 21]",0.004,0.003,0.001,0.009,0.0,0.0,466.071,1002.971,1.008
"L_uu_workout[27, 22]",0.004,0.002,0.0,0.008,0.0,0.0,470.554,1036.158,1.008
"L_uu_workout[27, 23]",0.003,0.002,0.001,0.006,0.0,0.0,477.979,1028.855,1.008
"L_uu_workout[27, 24]",0.003,0.001,0.001,0.005,0.0,0.0,489.34,1044.103,1.008
"L_uu_workout[27, 25]",0.002,0.001,0.001,0.004,0.0,0.0,503.838,1067.748,1.008
"L_uu_workout[27, 26]",0.002,0.001,0.0,0.003,0.0,0.0,524.221,1007.357,1.007
"L_uu_workout[27, 27]",0.004,0.002,0.002,0.007,0.0,0.0,995.589,1214.393,1.003
"L_uu_workout[27, 28]",0.0,0.0,0.0,0.0,0.0,,2000.0,2000.0,
"L_uu_workout[27, 29]",0.0,0.0,0.0,0.0,0.0,,2000.0,2000.0,
"L_uu_workout[27, 30]",0.0,0.0,0.0,0.0,0.0,,2000.0,2000.0,
"L_uu_workout[27, 31]",0.0,0.0,0.0,0.0,0.0,,2000.0,2000.0,
"L_uu_workout[27, 32]",0.0,0.0,0.0,0.0,0.0,,2000.0,2000.0,
"L_uu_workout[27, 33]",0.0,0.0,0.0,0.0,0.0,,2000.0,2000.0,
"L_uu_workout[27, 34]",0.0,0.0,0.0,0.0,0.0,,2000.0,2000.0,
"L_uu_workout[27, 35]",0.0,0.0,0.0,0.0,0.0,,2000.0,2000.0,
"L_uu_workout[27, 36]",0.0,0.0,0.0,0.0,0.0,,2000.0,2000.0,
"L_uu_workout[27, 37]",0.0,0.0,0.0,0.0,0.0,,2000.0,2000.0,
"L_uu_workout[27, 38]",0.0,0.0,0.0,0.0,0.0,,2000.0,2000.0,
"L_uu_workout[27, 39]",0.0,0.0,0.0,0.0,0.0,,2000.0,2000.0,
"L_uu_workout[27, 40]",0.0,0.0,0.0,0.0,0.0,,2000.0,2000.0,
"L_uu_workout[27, 41]",0.0,0.0,0.0,0.0,0.0,,2000.0,2000.0,
"L_uu_workout[27, 42]",0.0,0.0,0.0,0.0,0.0,,2000.0,2000.0,
"L_uu_workout[27, 43]",0.0,0.0,0.0,0.0,0.0,,2000.0,2000.0,
"L_uu_workout[27, 44]",0.0,0.0,0.0,0.0,0.0,,2000.0,2000.0,
"L_uu_workout[27, 45]",0.0,0.0,0.0,0.0,0.0,,2000.0,2000.0,
"L_uu_workout[27, 46]",0.0,0.0,0.0,0.0,0.0,,2000.0,2000.0,
"L_uu_workout[27, 47]",0.0,0.0,0.0,0.0,0.0,,2000.0,2000.0,
"L_uu_workout[27, 48]",0.0,0.0,0.0,0.0,0.0,,2000.0,2000.0,
"L_uu_workout[27, 49]",0.0,0.0,0.0,0.0,0.0,,2000.0,2000.0,
"L_uu_workout[28, 0]",0.302,0.138,0.095,0.56,0.004,0.004,1291.844,1159.838,1.0
"L_uu_workout[28, 1]",0.116,0.073,0.011,0.238,0.003,0.002,413.776,1129.512,1.008
"L_uu_workout[28, 2]",0.07,0.032,0.015,0.124,0.001,0.001,542.63,1077.153,1.007
"L_uu_workout[28, 3]",0.045,0.018,0.015,0.076,0.001,0.001,695.084,986.173,1.006
"L_uu_workout[28, 4]",0.034,0.017,0.011,0.065,0.001,0.001,674.546,1056.779,1.006
"L_uu_workout[28, 5]",0.029,0.018,0.008,0.064,0.001,0.001,613.473,1044.615,1.007
"L_uu_workout[28, 6]",0.026,0.02,0.005,0.065,0.001,0.001,562.871,1009.418,1.007
"L_uu_workout[28, 7]",0.024,0.02,0.004,0.063,0.001,0.001,527.82,1049.853,1.007
"L_uu_workout[28, 8]",0.023,0.018,0.003,0.057,0.001,0.001,504.736,1074.276,1.007
"L_uu_workout[28, 9]",0.021,0.016,0.003,0.051,0.001,0.001,482.629,1055.644,1.007
"L_uu_workout[28, 10]",0.019,0.014,0.002,0.045,0.001,0.0,469.001,1020.396,1.007
"L_uu_workout[28, 11]",0.017,0.013,0.002,0.039,0.001,0.0,461.305,1000.58,1.007
"L_uu_workout[28, 12]",0.015,0.011,0.002,0.034,0.0,0.0,459.605,898.274,1.007
"L_uu_workout[28, 13]",0.013,0.01,0.001,0.03,0.0,0.0,458.762,970.209,1.007
"L_uu_workout[28, 14]",0.012,0.009,0.001,0.027,0.0,0.0,457.866,970.087,1.007
"L_uu_workout[28, 15]",0.01,0.008,0.001,0.024,0.0,0.0,455.507,996.661,1.007
"L_uu_workout[28, 16]",0.009,0.007,0.001,0.021,0.0,0.0,454.015,1029.291,1.008
"L_uu_workout[28, 17]",0.008,0.006,0.001,0.019,0.0,0.0,452.906,1040.24,1.008
"L_uu_workout[28, 18]",0.007,0.005,0.001,0.017,0.0,0.0,453.621,1063.275,1.008
"L_uu_workout[28, 19]",0.006,0.004,0.001,0.014,0.0,0.0,454.69,1038.398,1.008
"L_uu_workout[28, 20]",0.005,0.004,0.001,0.012,0.0,0.0,457.457,1040.71,1.008
"L_uu_workout[28, 21]",0.005,0.003,0.001,0.01,0.0,0.0,460.84,1003.14,1.008
"L_uu_workout[28, 22]",0.004,0.003,0.001,0.009,0.0,0.0,465.649,1003.14,1.008
"L_uu_workout[28, 23]",0.003,0.002,0.001,0.008,0.0,0.0,472.229,1059.224,1.008
"L_uu_workout[28, 24]",0.003,0.002,0.001,0.006,0.0,0.0,481.012,1049.066,1.008
"L_uu_workout[28, 25]",0.002,0.001,0.001,0.005,0.0,0.0,492.378,1041.078,1.008
"L_uu_workout[28, 26]",0.002,0.001,0.001,0.004,0.0,0.0,506.345,1067.748,1.008
"L_uu_workout[28, 27]",0.002,0.001,0.0,0.003,0.0,0.0,527.572,1028.72,1.007
"L_uu_workout[28, 28]",0.004,0.002,0.002,0.007,0.0,0.0,997.278,1214.393,1.003
"L_uu_workout[28, 29]",0.0,0.0,0.0,0.0,0.0,,2000.0,2000.0,
"L_uu_workout[28, 30]",0.0,0.0,0.0,0.0,0.0,,2000.0,2000.0,
"L_uu_workout[28, 31]",0.0,0.0,0.0,0.0,0.0,,2000.0,2000.0,
"L_uu_workout[28, 32]",0.0,0.0,0.0,0.0,0.0,,2000.0,2000.0,
"L_uu_workout[28, 33]",0.0,0.0,0.0,0.0,0.0,,2000.0,2000.0,
"L_uu_workout[28, 34]",0.0,0.0,0.0,0.0,0.0,,2000.0,2000.0,
"L_uu_workout[28, 35]",0.0,0.0,0.0,0.0,0.0,,2000.0,2000.0,
"L_uu_workout[28, 36]",0.0,0.0,0.0,0.0,0.0,,2000.0,2000.0,
"L_uu_workout[28, 37]",0.0,0.0,0.0,0.0,0.0,,2000.0,2000.0,
"L_uu_workout[28, 38]",0.0,0.0,0.0,0.0,0.0,,2000.0,2000.0,
"L_uu_workout[28, 39]",0.0,0.0,0.0,0.0,0.0,,2000.0,2000.0,
"L_uu_workout[28, 40]",0.0,0.0,0.0,0.0,0.0,,2000.0,2000.0,
"L_uu_workout[28, 41]",0.0,0.0,0.0,0.0,0.0,,2000.0,2000.0,
"L_uu_workout[28, 42]",0.0,0.0,0.0,0.0,0.0,,2000.0,2000.0,
"L_uu_workout[28, 43]",0.0,0.0,0.0,0.0,0.0,,2000.0,2000.0,
"L_uu_workout[28, 44]",0.0,0.0,0.0,0.0,0.0,,2000.0,2000.0,
"L_uu_workout[28, 45]",0.0,0.0,0.0,0.0,0.0,,2000.0,2000.0,
"L_uu_workout[28, 46]",0.0,0.0,0.0,0.0,0.0,,2000.0,2000.0,
"L_uu_workout[28, 47]",0.0,0.0,0.0,0.0,0.0,,2000.0,2000.0,
"L_uu_workout[28, 48]",0.0,0.0,0.0,0.0,0.0,,2000.0,2000.0,
"L_uu_workout[28, 49]",0.0,0.0,0.0,0.0,0.0,,2000.0,2000.0,
"L_uu_workout[29, 0]",0.298,0.138,0.091,0.559,0.004,0.004,1283.819,1159.838,1.0
"L_uu_workout[29, 1]",0.118,0.073,0.012,0.24,0.003,0.002,414.441,1168.797,1.008
"L_uu_workout[29, 2]",0.072,0.033,0.015,0.127,0.001,0.001,551.844,1077.153,1.006
"L_uu_workout[29, 3]",0.046,0.019,0.015,0.078,0.001,0.001,703.208,986.288,1.006
"L_uu_workout[29, 4]",0.035,0.017,0.012,0.067,0.001,0.001,676.422,1010.232,1.006
"L_uu_workout[29, 5]",0.03,0.019,0.008,0.066,0.001,0.001,610.984,1036.772,1.007
"L_uu_workout[29, 6]",0.027,0.02,0.006,0.067,0.001,0.001,560.442,1071.775,1.007
"L_uu_workout[29, 7]",0.026,0.02,0.005,0.066,0.001,0.001,525.517,1050.318,1.007
"L_uu_workout[29, 8]",0.024,0.019,0.004,0.06,0.001,0.001,502.295,1085.679,1.007
"L_uu_workout[29, 9]",0.022,0.017,0.003,0.054,0.001,0.001,478.452,1055.667,1.007
"L_uu_workout[29, 10]",0.02,0.015,0.002,0.048,0.001,0.0,466.586,1033.76,1.007
"L_uu_workout[29, 11]",0.018,0.013,0.002,0.042,0.001,0.0,459.02,1000.868,1.007
"L_uu_workout[29, 12]",0.016,0.012,0.002,0.037,0.001,0.0,457.554,873.03,1.007
"L_uu_workout[29, 13]",0.014,0.011,0.001,0.033,0.0,0.0,457.079,951.319,1.007
"L_uu_workout[29, 14]",0.013,0.009,0.001,0.03,0.0,0.0,456.474,969.411,1.007
"L_uu_workout[29, 15]",0.011,0.008,0.001,0.026,0.0,0.0,454.135,996.661,1.007
"L_uu_workout[29, 16]",0.01,0.007,0.001,0.024,0.0,0.0,452.48,1052.545,1.008
"L_uu_workout[29, 17]",0.009,0.007,0.001,0.021,0.0,0.0,451.906,1082.751,1.008
"L_uu_workout[29, 18]",0.008,0.006,0.001,0.019,0.0,0.0,450.35,1074.63,1.008
"L_uu_workout[29, 19]",0.007,0.005,0.001,0.016,0.0,0.0,451.427,1027.179,1.008
"L_uu_workout[29, 20]",0.006,0.004,0.001,0.014,0.0,0.0,452.71,1015.888,1.008
"L_uu_workout[29, 21]",0.005,0.004,0.001,0.012,0.0,0.0,456.038,1019.558,1.008
"L_uu_workout[29, 22]",0.005,0.003,0.001,0.01,0.0,0.0,461.022,1037.901,1.008
"L_uu_workout[29, 23]",0.004,0.003,0.001,0.009,0.0,0.0,466.415,1060.718,1.008
"L_uu_workout[29, 24]",0.003,0.002,0.001,0.007,0.0,0.0,475.494,1049.965,1.008
"L_uu_workout[29, 25]",0.003,0.002,0.001,0.006,0.0,0.0,484.588,1049.066,1.008
"L_uu_workout[29, 26]",0.002,0.001,0.001,0.005,0.0,0.0,495.618,1041.078,1.008
"L_uu_workout[29, 27]",0.002,0.001,0.0,0.004,0.0,0.0,509.699,1077.024,1.007
"L_uu_workout[29, 28]",0.002,0.001,0.0,0.003,0.0,0.0,529.559,1048.614,1.007
"L_uu_workout[29, 29]",0.004,0.002,0.002,0.007,0.0,0.0,998.448,1214.393,1.003
"L_uu_workout[29, 30]",0.0,0.0,0.0,0.0,0.0,,2000.0,2000.0,
"L_uu_workout[29, 31]",0.0,0.0,0.0,0.0,0.0,,2000.0,2000.0,
"L_uu_workout[29, 32]",0.0,0.0,0.0,0.0,0.0,,2000.0,2000.0,
"L_uu_workout[29, 33]",0.0,0.0,0.0,0.0,0.0,,2000.0,2000.0,
"L_uu_workout[29, 34]",0.0,0.0,0.0,0.0,0.0,,2000.0,2000.0,
"L_uu_workout[29, 35]",0.0,0.0,0.0,0.0,0.0,,2000.0,2000.0,
"L_uu_workout[29, 36]",0.0,0.0,0.0,0.0,0.0,,2000.0,2000.0,
"L_uu_workout[29, 37]",0.0,0.0,0.0,0.0,0.0,,2000.0,2000.0,
"L_uu_workout[29, 38]",0.0,0.0,0.0,0.0,0.0,,2000.0,2000.0,
"L_uu_workout[29, 39]",0.0,0.0,0.0,0.0,0.0,,2000.0,2000.0,
"L_uu_workout[29, 40]",0.0,0.0,0.0,0.0,0.0,,2000.0,2000.0,
"L_uu_workout[29, 41]",0.0,0.0,0.0,0.0,0.0,,2000.0,2000.0,
"L_uu_workout[29, 42]",0.0,0.0,0.0,0.0,0.0,,2000.0,2000.0,
"L_uu_workout[29, 43]",0.0,0.0,0.0,0.0,0.0,,2000.0,2000.0,
"L_uu_workout[29, 44]",0.0,0.0,0.0,0.0,0.0,,2000.0,2000.0,
"L_uu_workout[29, 45]",0.0,0.0,0.0,0.0,0.0,,2000.0,2000.0,
"L_uu_workout[29, 46]",0.0,0.0,0.0,0.0,0.0,,2000.0,2000.0,
"L_uu_workout[29, 47]",0.0,0.0,0.0,0.0,0.0,,2000.0,2000.0,
"L_uu_workout[29, 48]",0.0,0.0,0.0,0.0,0.0,,2000.0,2000.0,
"L_uu_workout[29, 49]",0.0,0.0,0.0,0.0,0.0,,2000.0,2000.0,
"L_uu_workout[30, 0]",0.295,0.138,0.081,0.55,0.004,0.004,1277.207,1159.838,1.0
"L_uu_workout[30, 1]",0.12,0.074,0.013,0.243,0.003,0.002,414.708,1168.797,1.008
"L_uu_workout[30, 2]",0.074,0.033,0.016,0.13,0.001,0.001,561.836,1060.425,1.006
"L_uu_workout[30, 3]",0.047,0.019,0.016,0.08,0.001,0.001,711.029,959.124,1.006
"L_uu_workout[30, 4]",0.036,0.017,0.012,0.068,0.001,0.001,678.025,1010.232,1.006
"L_uu_workout[30, 5]",0.031,0.019,0.009,0.068,0.001,0.001,608.72,1025.094,1.007
"L_uu_workout[30, 6]",0.028,0.021,0.006,0.07,0.001,0.001,557.942,1047.933,1.007
"L_uu_workout[30, 7]",0.027,0.021,0.005,0.068,0.001,0.001,522.923,1050.318,1.007
"L_uu_workout[30, 8]",0.025,0.02,0.004,0.062,0.001,0.001,498.812,1071.275,1.007
"L_uu_workout[30, 9]",0.023,0.018,0.003,0.057,0.001,0.001,475.452,1034.173,1.007
"L_uu_workout[30, 10]",0.021,0.016,0.003,0.051,0.001,0.001,462.929,1033.76,1.007
"L_uu_workout[30, 11]",0.019,0.014,0.002,0.044,0.001,0.0,456.598,1000.868,1.007
"L_uu_workout[30, 12]",0.017,0.013,0.002,0.039,0.001,0.0,455.625,873.03,1.007
"L_uu_workout[30, 13]",0.015,0.011,0.002,0.035,0.0,0.0,455.138,969.876,1.007
"L_uu_workout[30, 14]",0.014,0.01,0.002,0.032,0.0,0.0,454.98,979.675,1.007
"L_uu_workout[30, 15]",0.012,0.009,0.001,0.029,0.0,0.0,452.841,1052.198,1.007
"L_uu_workout[30, 16]",0.011,0.008,0.001,0.026,0.0,0.0,450.63,1040.24,1.008
"L_uu_workout[30, 17]",0.01,0.007,0.001,0.023,0.0,0.0,450.605,1060.49,1.008
"L_uu_workout[30, 18]",0.009,0.007,0.001,0.021,0.0,0.0,448.315,1074.63,1.008
"L_uu_workout[30, 19]",0.008,0.006,0.001,0.018,0.0,0.0,448.79,1027.076,1.008
"L_uu_workout[30, 20]",0.007,0.005,0.001,0.016,0.0,0.0,450.167,1038.398,1.008
"L_uu_workout[30, 21]",0.006,0.004,0.001,0.014,0.0,0.0,453.495,1053.768,1.008
"L_uu_workout[30, 22]",0.005,0.004,0.001,0.012,0.0,0.0,457.7,1037.901,1.008
"L_uu_workout[30, 23]",0.005,0.003,0.001,0.01,0.0,0.0,463.328,1061.487,1.008
"L_uu_workout[30, 24]",0.004,0.003,0.001,0.009,0.0,0.0,470.503,1061.487,1.008
"L_uu_workout[30, 25]",0.003,0.002,0.001,0.007,0.0,0.0,479.279,1061.094,1.008
"L_uu_workout[30, 26]",0.003,0.002,0.001,0.006,0.0,0.0,489.486,1069.613,1.008
"L_uu_workout[30, 27]",0.002,0.001,0.001,0.005,0.0,0.0,500.11,1030.585,1.008
"L_uu_workout[30, 28]",0.002,0.001,0.0,0.004,0.0,0.0,512.594,1077.024,1.007
"L_uu_workout[30, 29]",0.002,0.001,0.0,0.003,0.0,0.0,531.652,1053.177,1.007
"L_uu_workout[30, 30]",0.004,0.002,0.002,0.007,0.0,0.0,999.212,1235.06,1.003
"L_uu_workout[30, 31]",0.0,0.0,0.0,0.0,0.0,,2000.0,2000.0,
"L_uu_workout[30, 32]",0.0,0.0,0.0,0.0,0.0,,2000.0,2000.0,
"L_uu_workout[30, 33]",0.0,0.0,0.0,0.0,0.0,,2000.0,2000.0,
"L_uu_workout[30, 34]",0.0,0.0,0.0,0.0,0.0,,2000.0,2000.0,
"L_uu_workout[30, 35]",0.0,0.0,0.0,0.0,0.0,,2000.0,2000.0,
"L_uu_workout[30, 36]",0.0,0.0,0.0,0.0,0.0,,2000.0,2000.0,
"L_uu_workout[30, 37]",0.0,0.0,0.0,0.0,0.0,,2000.0,2000.0,
"L_uu_workout[30, 38]",0.0,0.0,0.0,0.0,0.0,,2000.0,2000.0,
"L_uu_workout[30, 39]",0.0,0.0,0.0,0.0,0.0,,2000.0,2000.0,
"L_uu_workout[30, 40]",0.0,0.0,0.0,0.0,0.0,,2000.0,2000.0,
"L_uu_workout[30, 41]",0.0,0.0,0.0,0.0,0.0,,2000.0,2000.0,
"L_uu_workout[30, 42]",0.0,0.0,0.0,0.0,0.0,,2000.0,2000.0,
"L_uu_workout[30, 43]",0.0,0.0,0.0,0.0,0.0,,2000.0,2000.0,
"L_uu_workout[30, 44]",0.0,0.0,0.0,0.0,0.0,,2000.0,2000.0,
"L_uu_workout[30, 45]",0.0,0.0,0.0,0.0,0.0,,2000.0,2000.0,
"L_uu_workout[30, 46]",0.0,0.0,0.0,0.0,0.0,,2000.0,2000.0,
"L_uu_workout[30, 47]",0.0,0.0,0.0,0.0,0.0,,2000.0,2000.0,
"L_uu_workout[30, 48]",0.0,0.0,0.0,0.0,0.0,,2000.0,2000.0,
"L_uu_workout[30, 49]",0.0,0.0,0.0,0.0,0.0,,2000.0,2000.0,
"L_uu_workout[31, 0]",0.292,0.138,0.098,0.57,0.004,0.004,1267.493,1143.424,1.0
"L_uu_workout[31, 1]",0.122,0.074,0.012,0.246,0.003,0.002,415.782,1140.436,1.008
"L_uu_workout[31, 2]",0.075,0.034,0.018,0.134,0.001,0.001,573.566,1060.425,1.006
"L_uu_workout[31, 3]",0.048,0.02,0.016,0.081,0.001,0.001,720.742,966.46,1.005
"L_uu_workout[31, 4]",0.037,0.018,0.013,0.071,0.001,0.001,680.264,1020.219,1.006
"L_uu_workout[31, 5]",0.032,0.02,0.009,0.069,0.001,0.001,607.012,1025.094,1.007
"L_uu_workout[31, 6]",0.029,0.022,0.007,0.072,0.001,0.001,555.733,1049.853,1.007
"L_uu_workout[31, 7]",0.028,0.022,0.005,0.071,0.001,0.001,520.842,1050.318,1.007
"L_uu_workout[31, 8]",0.026,0.021,0.004,0.065,0.001,0.001,495.576,1084.307,1.007
"L_uu_workout[31, 9]",0.024,0.019,0.003,0.059,0.001,0.001,472.353,1034.173,1.007
"L_uu_workout[31, 10]",0.022,0.017,0.003,0.053,0.001,0.001,460.892,990.306,1.007
"L_uu_workout[31, 11]",0.02,0.015,0.002,0.047,0.001,0.0,454.401,1010.852,1.007
"L_uu_workout[31, 12]",0.018,0.013,0.002,0.042,0.001,0.0,454.41,906.3,1.007
"L_uu_workout[31, 13]",0.016,0.012,0.002,0.038,0.001,0.0,453.588,969.876,1.007
"L_uu_workout[31, 14]",0.015,0.011,0.002,0.035,0.0,0.0,452.876,996.661,1.007
"L_uu_workout[31, 15]",0.013,0.01,0.001,0.031,0.0,0.0,451.285,1040.553,1.007
"L_uu_workout[31, 16]",0.012,0.009,0.001,0.028,0.0,0.0,449.512,1075.386,1.007
"L_uu_workout[31, 17]",0.011,0.008,0.001,0.025,0.0,0.0,448.641,1051.7,1.008
"L_uu_workout[31, 18]",0.01,0.007,0.001,0.023,0.0,0.0,446.426,1051.196,1.008
"L_uu_workout[31, 19]",0.009,0.006,0.001,0.02,0.0,0.0,445.833,1038.293,1.008
"L_uu_workout[31, 20]",0.008,0.006,0.001,0.018,0.0,0.0,447.919,1033.725,1.008
"L_uu_workout[31, 21]",0.007,0.005,0.001,0.016,0.0,0.0,450.575,1053.768,1.008
"L_uu_workout[31, 22]",0.006,0.004,0.001,0.014,0.0,0.0,454.75,1061.487,1.008
"L_uu_workout[31, 23]",0.005,0.004,0.001,0.012,0.0,0.0,459.948,1061.487,1.008
"L_uu_workout[31, 24]",0.004,0.003,0.001,0.01,0.0,0.0,466.255,1061.487,1.008
"L_uu_workout[31, 25]",0.004,0.003,0.001,0.009,0.0,0.0,473.154,1050.123,1.008
"L_uu_workout[31, 26]",0.003,0.002,0.001,0.007,0.0,0.0,481.939,1061.094,1.008
"L_uu_workout[31, 27]",0.003,0.002,0.001,0.006,0.0,0.0,493.347,1061.297,1.008
"L_uu_workout[31, 28]",0.002,0.001,0.001,0.005,0.0,0.0,503.005,1053.421,1.007
"L_uu_workout[31, 29]",0.002,0.001,0.0,0.004,0.0,0.0,514.312,1077.024,1.007
"L_uu_workout[31, 30]",0.002,0.001,0.0,0.003,0.0,0.0,532.266,1077.214,1.007
"L_uu_workout[31, 31]",0.004,0.002,0.002,0.007,0.0,0.0,1000.683,1182.97,1.003
"L_uu_workout[31, 32]",0.0,0.0,0.0,0.0,0.0,,2000.0,2000.0,
"L_uu_workout[31, 33]",0.0,0.0,0.0,0.0,0.0,,2000.0,2000.0,
"L_uu_workout[31, 34]",0.0,0.0,0.0,0.0,0.0,,2000.0,2000.0,
"L_uu_workout[31, 35]",0.0,0.0,0.0,0.0,0.0,,2000.0,2000.0,
"L_uu_workout[31, 36]",0.0,0.0,0.0,0.0,0.0,,2000.0,2000.0,
"L_uu_workout[31, 37]",0.0,0.0,0.0,0.0,0.0,,2000.0,2000.0,
"L_uu_workout[31, 38]",0.0,0.0,0.0,0.0,0.0,,2000.0,2000.0,
"L_uu_workout[31, 39]",0.0,0.0,0.0,0.0,0.0,,2000.0,2000.0,
"L_uu_workout[31, 40]",0.0,0.0,0.0,0.0,0.0,,2000.0,2000.0,
"L_uu_workout[31, 41]",0.0,0.0,0.0,0.0,0.0,,2000.0,2000.0,
"L_uu_workout[31, 42]",0.0,0.0,0.0,0.0,0.0,,2000.0,2000.0,
"L_uu_workout[31, 43]",0.0,0.0,0.0,0.0,0.0,,2000.0,2000.0,
"L_uu_workout[31, 44]",0.0,0.0,0.0,0.0,0.0,,2000.0,2000.0,
"L_uu_workout[31, 45]",0.0,0.0,0.0,0.0,0.0,,2000.0,2000.0,
"L_uu_workout[31, 46]",0.0,0.0,0.0,0.0,0.0,,2000.0,2000.0,
"L_uu_workout[31, 47]",0.0,0.0,0.0,0.0,0.0,,2000.0,2000.0,
"L_uu_workout[31, 48]",0.0,0.0,0.0,0.0,0.0,,2000.0,2000.0,
"L_uu_workout[31, 49]",0.0,0.0,0.0,0.0,0.0,,2000.0,2000.0,
"L_uu_workout[32, 0]",0.289,0.138,0.079,0.552,0.004,0.004,1257.652,1141.275,1.0
"L_uu_workout[32, 1]",0.123,0.075,0.013,0.249,0.003,0.002,417.483,1089.029,1.008
"L_uu_workout[32, 2]",0.077,0.035,0.019,0.136,0.001,0.001,587.686,1060.425,1.006
"L_uu_workout[32, 3]",0.049,0.02,0.017,0.084,0.001,0.001,731.407,965.29,1.005
"L_uu_workout[32, 4]",0.037,0.018,0.013,0.072,0.001,0.001,681.163,1020.591,1.006
"L_uu_workout[32, 5]",0.033,0.02,0.01,0.072,0.001,0.001,606.012,1048.229,1.007
"L_uu_workout[32, 6]",0.03,0.022,0.007,0.074,0.001,0.001,553.609,1049.853,1.007
"L_uu_workout[32, 7]",0.029,0.023,0.005,0.073,0.001,0.001,518.748,1068.206,1.007
"L_uu_workout[32, 8]",0.027,0.022,0.004,0.068,0.001,0.001,492.065,1088.479,1.007
"L_uu_workout[32, 9]",0.025,0.02,0.003,0.061,0.001,0.001,468.931,1034.173,1.007
"L_uu_workout[32, 10]",0.023,0.018,0.003,0.055,0.001,0.001,457.547,990.306,1.007
"L_uu_workout[32, 11]",0.021,0.016,0.003,0.05,0.001,0.0,452.605,970.324,1.007
"L_uu_workout[32, 12]",0.019,0.014,0.002,0.044,0.001,0.0,452.0,915.385,1.007
"L_uu_workout[32, 13]",0.018,0.013,0.002,0.04,0.001,0.0,452.294,970.087,1.007
"L_uu_workout[32, 14]",0.016,0.012,0.002,0.037,0.0,0.0,451.36,996.661,1.007
"L_uu_workout[32, 15]",0.014,0.011,0.002,0.033,0.0,0.0,450.77,1040.553,1.007
"L_uu_workout[32, 16]",0.013,0.01,0.001,0.031,0.0,0.0,448.685,1060.49,1.007
"L_uu_workout[32, 17]",0.012,0.009,0.001,0.028,0.0,0.0,446.349,1051.7,1.008
"L_uu_workout[32, 18]",0.01,0.008,0.001,0.025,0.0,0.0,444.023,1051.196,1.008
"L_uu_workout[32, 19]",0.009,0.007,0.001,0.023,0.0,0.0,443.827,1038.293,1.008
"L_uu_workout[32, 20]",0.008,0.006,0.001,0.02,0.0,0.0,445.668,1033.725,1.008
"L_uu_workout[32, 21]",0.007,0.006,0.001,0.018,0.0,0.0,448.582,1053.768,1.008
"L_uu_workout[32, 22]",0.007,0.005,0.001,0.015,0.0,0.0,451.924,1042.385,1.008
"L_uu_workout[32, 23]",0.006,0.004,0.001,0.013,0.0,0.0,457.003,1061.487,1.008
"L_uu_workout[32, 24]",0.005,0.004,0.001,0.012,0.0,0.0,463.195,1062.095,1.008
"L_uu_workout[32, 25]",0.004,0.003,0.001,0.01,0.0,0.0,470.033,1075.08,1.008
"L_uu_workout[32, 26]",0.004,0.003,0.001,0.008,0.0,0.0,477.416,1081.613,1.008
"L_uu_workout[32, 27]",0.003,0.002,0.001,0.007,0.0,0.0,485.899,1085.874,1.008
"L_uu_workout[32, 28]",0.003,0.002,0.001,0.006,0.0,0.0,496.564,1061.297,1.007
"L_uu_workout[32, 29]",0.002,0.001,0.001,0.005,0.0,0.0,505.054,1053.421,1.007
"L_uu_workout[32, 30]",0.002,0.001,0.0,0.004,0.0,0.0,516.012,1102.131,1.007
"L_uu_workout[32, 31]",0.002,0.001,0.0,0.003,0.0,0.0,532.026,1077.518,1.007
"L_uu_workout[32, 32]",0.004,0.002,0.002,0.007,0.0,0.0,1000.384,1182.97,1.003
"L_uu_workout[32, 33]",0.0,0.0,0.0,0.0,0.0,,2000.0,2000.0,
"L_uu_workout[32, 34]",0.0,0.0,0.0,0.0,0.0,,2000.0,2000.0,
"L_uu_workout[32, 35]",0.0,0.0,0.0,0.0,0.0,,2000.0,2000.0,
"L_uu_workout[32, 36]",0.0,0.0,0.0,0.0,0.0,,2000.0,2000.0,
"L_uu_workout[32, 37]",0.0,0.0,0.0,0.0,0.0,,2000.0,2000.0,
"L_uu_workout[32, 38]",0.0,0.0,0.0,0.0,0.0,,2000.0,2000.0,
"L_uu_workout[32, 39]",0.0,0.0,0.0,0.0,0.0,,2000.0,2000.0,
"L_uu_workout[32, 40]",0.0,0.0,0.0,0.0,0.0,,2000.0,2000.0,
"L_uu_workout[32, 41]",0.0,0.0,0.0,0.0,0.0,,2000.0,2000.0,
"L_uu_workout[32, 42]",0.0,0.0,0.0,0.0,0.0,,2000.0,2000.0,
"L_uu_workout[32, 43]",0.0,0.0,0.0,0.0,0.0,,2000.0,2000.0,
"L_uu_workout[32, 44]",0.0,0.0,0.0,0.0,0.0,,2000.0,2000.0,
"L_uu_workout[32, 45]",0.0,0.0,0.0,0.0,0.0,,2000.0,2000.0,
"L_uu_workout[32, 46]",0.0,0.0,0.0,0.0,0.0,,2000.0,2000.0,
"L_uu_workout[32, 47]",0.0,0.0,0.0,0.0,0.0,,2000.0,2000.0,
"L_uu_workout[32, 48]",0.0,0.0,0.0,0.0,0.0,,2000.0,2000.0,
"L_uu_workout[32, 49]",0.0,0.0,0.0,0.0,0.0,,2000.0,2000.0,
"L_uu_workout[33, 0]",0.285,0.138,0.077,0.549,0.004,0.004,1243.516,1141.275,1.0
"L_uu_workout[33, 1]",0.125,0.075,0.013,0.251,0.003,0.002,419.337,1096.858,1.008
"L_uu_workout[33, 2]",0.078,0.035,0.018,0.139,0.001,0.001,602.862,1145.756,1.006
"L_uu_workout[33, 3]",0.05,0.02,0.017,0.085,0.001,0.001,743.327,1040.696,1.005
"L_uu_workout[33, 4]",0.038,0.018,0.014,0.074,0.001,0.001,683.538,1119.807,1.006
"L_uu_workout[33, 5]",0.034,0.021,0.01,0.073,0.001,0.001,605.873,1043.042,1.007
"L_uu_workout[33, 6]",0.031,0.023,0.007,0.076,0.001,0.001,551.417,1050.318,1.007
"L_uu_workout[33, 7]",0.03,0.023,0.005,0.075,0.001,0.001,516.638,1068.206,1.007
"L_uu_workout[33, 8]",0.028,0.022,0.004,0.07,0.001,0.001,489.397,1088.479,1.007
"L_uu_workout[33, 9]",0.027,0.021,0.003,0.064,0.001,0.001,466.096,1081.219,1.007
"L_uu_workout[33, 10]",0.025,0.019,0.003,0.058,0.001,0.001,455.104,990.306,1.007
"L_uu_workout[33, 11]",0.022,0.017,0.003,0.052,0.001,0.001,450.623,970.324,1.007
"L_uu_workout[33, 12]",0.02,0.015,0.002,0.046,0.001,0.0,450.486,932.671,1.007
"L_uu_workout[33, 13]",0.019,0.014,0.002,0.043,0.001,0.0,451.386,970.087,1.007
"L_uu_workout[33, 14]",0.017,0.012,0.002,0.039,0.001,0.0,450.096,996.661,1.007
"L_uu_workout[33, 15]",0.015,0.011,0.002,0.036,0.0,0.0,449.6,1040.11,1.007
"L_uu_workout[33, 16]",0.014,0.01,0.001,0.033,0.0,0.0,448.017,1060.49,1.007
"L_uu_workout[33, 17]",0.012,0.01,0.001,0.03,0.0,0.0,444.535,1051.399,1.008
"L_uu_workout[33, 18]",0.011,0.009,0.001,0.027,0.0,0.0,441.625,1050.719,1.008
"L_uu_workout[33, 19]",0.01,0.008,0.001,0.025,0.0,0.0,442.96,1028.541,1.008
"L_uu_workout[33, 20]",0.009,0.007,0.001,0.022,0.0,0.0,444.335,1038.111,1.008
"L_uu_workout[33, 21]",0.008,0.006,0.001,0.02,0.0,0.0,447.057,1053.768,1.008
"L_uu_workout[33, 22]",0.007,0.006,0.001,0.017,0.0,0.0,450.701,1042.385,1.008
"L_uu_workout[33, 23]",0.006,0.005,0.001,0.015,0.0,0.0,455.649,1061.487,1.008
"L_uu_workout[33, 24]",0.006,0.004,0.001,0.013,0.0,0.0,460.488,1062.095,1.008
"L_uu_workout[33, 25]",0.005,0.004,0.001,0.011,0.0,0.0,467.151,1065.438,1.008
"L_uu_workout[33, 26]",0.004,0.003,0.001,0.01,0.0,0.0,474.14,1051.404,1.008
"L_uu_workout[33, 27]",0.004,0.003,0.001,0.008,0.0,0.0,480.478,1086.371,1.008
"L_uu_workout[33, 28]",0.003,0.002,0.001,0.007,0.0,0.0,489.181,1085.874,1.008
"L_uu_workout[33, 29]",0.003,0.002,0.001,0.006,0.0,0.0,497.766,1054.153,1.007
"L_uu_workout[33, 30]",0.002,0.001,0.001,0.005,0.0,0.0,506.431,1089.729,1.007
"L_uu_workout[33, 31]",0.002,0.001,0.001,0.004,0.0,0.0,516.023,1088.46,1.007
"L_uu_workout[33, 32]",0.002,0.001,0.0,0.003,0.0,0.0,529.885,1065.203,1.007
"L_uu_workout[33, 33]",0.004,0.002,0.002,0.007,0.0,0.0,1001.171,1182.97,1.003
"L_uu_workout[33, 34]",0.0,0.0,0.0,0.0,0.0,,2000.0,2000.0,
"L_uu_workout[33, 35]",0.0,0.0,0.0,0.0,0.0,,2000.0,2000.0,
"L_uu_workout[33, 36]",0.0,0.0,0.0,0.0,0.0,,2000.0,2000.0,
"L_uu_workout[33, 37]",0.0,0.0,0.0,0.0,0.0,,2000.0,2000.0,
"L_uu_workout[33, 38]",0.0,0.0,0.0,0.0,0.0,,2000.0,2000.0,
"L_uu_workout[33, 39]",0.0,0.0,0.0,0.0,0.0,,2000.0,2000.0,
"L_uu_workout[33, 40]",0.0,0.0,0.0,0.0,0.0,,2000.0,2000.0,
"L_uu_workout[33, 41]",0.0,0.0,0.0,0.0,0.0,,2000.0,2000.0,
"L_uu_workout[33, 42]",0.0,0.0,0.0,0.0,0.0,,2000.0,2000.0,
"L_uu_workout[33, 43]",0.0,0.0,0.0,0.0,0.0,,2000.0,2000.0,
"L_uu_workout[33, 44]",0.0,0.0,0.0,0.0,0.0,,2000.0,2000.0,
"L_uu_workout[33, 45]",0.0,0.0,0.0,0.0,0.0,,2000.0,2000.0,
"L_uu_workout[33, 46]",0.0,0.0,0.0,0.0,0.0,,2000.0,2000.0,
"L_uu_workout[33, 47]",0.0,0.0,0.0,0.0,0.0,,2000.0,2000.0,
"L_uu_workout[33, 48]",0.0,0.0,0.0,0.0,0.0,,2000.0,2000.0,
"L_uu_workout[33, 49]",0.0,0.0,0.0,0.0,0.0,,2000.0,2000.0,
"L_uu_workout[34, 0]",0.282,0.138,0.072,0.543,0.004,0.004,1227.697,1089.904,1.0
"L_uu_workout[34, 1]",0.126,0.075,0.014,0.253,0.003,0.002,421.212,1076.587,1.008
"L_uu_workout[34, 2]",0.079,0.036,0.019,0.142,0.001,0.001,620.034,1145.756,1.005
"L_uu_workout[34, 3]",0.051,0.021,0.02,0.089,0.001,0.001,757.623,1075.228,1.005
"L_uu_workout[34, 4]",0.039,0.018,0.012,0.073,0.001,0.001,686.097,1124.093,1.006
"L_uu_workout[34, 5]",0.034,0.021,0.011,0.074,0.001,0.001,605.055,1061.915,1.007
"L_uu_workout[34, 6]",0.032,0.023,0.008,0.078,0.001,0.001,549.091,1050.318,1.007
"L_uu_workout[34, 7]",0.031,0.024,0.006,0.077,0.001,0.001,515.337,1086.244,1.007
"L_uu_workout[34, 8]",0.03,0.023,0.005,0.073,0.001,0.001,485.826,1088.479,1.007
"L_uu_workout[34, 9]",0.028,0.021,0.004,0.066,0.001,0.001,463.673,1069.549,1.007
"L_uu_workout[34, 10]",0.026,0.019,0.003,0.06,0.001,0.001,452.687,1000.58,1.007
"L_uu_workout[34, 11]",0.024,0.017,0.002,0.054,0.001,0.001,448.992,922.488,1.007
"L_uu_workout[34, 12]",0.022,0.016,0.002,0.049,0.001,0.0,448.656,970.209,1.007
"L_uu_workout[34, 13]",0.02,0.014,0.002,0.045,0.001,0.0,450.195,969.411,1.007
"L_uu_workout[34, 14]",0.018,0.013,0.002,0.042,0.001,0.0,448.765,1052.198,1.007
"L_uu_workout[34, 15]",0.016,0.012,0.002,0.038,0.0,0.0,448.034,1040.24,1.007
"L_uu_workout[34, 16]",0.015,0.011,0.002,0.035,0.0,0.0,446.565,1050.886,1.007
"L_uu_workout[34, 17]",0.013,0.01,0.001,0.032,0.0,0.0,443.171,1074.997,1.008
"L_uu_workout[34, 18]",0.012,0.009,0.001,0.029,0.0,0.0,440.574,1051.196,1.008
"L_uu_workout[34, 19]",0.011,0.009,0.001,0.027,0.0,0.0,441.548,1015.924,1.008
"L_uu_workout[34, 20]",0.01,0.008,0.001,0.024,0.0,0.0,443.214,1038.428,1.008
"L_uu_workout[34, 21]",0.009,0.007,0.001,0.022,0.0,0.0,445.982,1022.289,1.008
"L_uu_workout[34, 22]",0.008,0.006,0.001,0.019,0.0,0.0,449.644,1042.385,1.008
"L_uu_workout[34, 23]",0.007,0.005,0.001,0.017,0.0,0.0,453.976,1061.487,1.008
"L_uu_workout[34, 24]",0.006,0.005,0.001,0.015,0.0,0.0,458.307,1062.095,1.008
"L_uu_workout[34, 25]",0.006,0.004,0.001,0.013,0.0,0.0,464.275,1042.08,1.008
"L_uu_workout[34, 26]",0.005,0.004,0.001,0.011,0.0,0.0,470.777,1007.107,1.008
"L_uu_workout[34, 27]",0.004,0.003,0.001,0.01,0.0,0.0,477.677,1065.438,1.007
"L_uu_workout[34, 28]",0.004,0.003,0.001,0.008,0.0,0.0,484.52,1077.776,1.008
"L_uu_workout[34, 29]",0.003,0.002,0.001,0.007,0.0,0.0,491.931,1098.421,1.007
"L_uu_workout[34, 30]",0.003,0.002,0.001,0.006,0.0,0.0,499.082,1065.716,1.007
"L_uu_workout[34, 31]",0.002,0.001,0.001,0.005,0.0,0.0,507.524,1089.302,1.007
"L_uu_workout[34, 32]",0.002,0.001,0.0,0.004,0.0,0.0,515.723,1088.46,1.007
"L_uu_workout[34, 33]",0.002,0.001,0.0,0.003,0.0,0.0,528.653,1065.203,1.007
"L_uu_workout[34, 34]",0.004,0.002,0.002,0.007,0.0,0.0,1001.268,1182.97,1.003
"L_uu_workout[34, 35]",0.0,0.0,0.0,0.0,0.0,,2000.0,2000.0,
"L_uu_workout[34, 36]",0.0,0.0,0.0,0.0,0.0,,2000.0,2000.0,
"L_uu_workout[34, 37]",0.0,0.0,0.0,0.0,0.0,,2000.0,2000.0,
"L_uu_workout[34, 38]",0.0,0.0,0.0,0.0,0.0,,2000.0,2000.0,
"L_uu_workout[34, 39]",0.0,0.0,0.0,0.0,0.0,,2000.0,2000.0,
"L_uu_workout[34, 40]",0.0,0.0,0.0,0.0,0.0,,2000.0,2000.0,
"L_uu_workout[34, 41]",0.0,0.0,0.0,0.0,0.0,,2000.0,2000.0,
"L_uu_workout[34, 42]",0.0,0.0,0.0,0.0,0.0,,2000.0,2000.0,
"L_uu_workout[34, 43]",0.0,0.0,0.0,0.0,0.0,,2000.0,2000.0,
"L_uu_workout[34, 44]",0.0,0.0,0.0,0.0,0.0,,2000.0,2000.0,
"L_uu_workout[34, 45]",0.0,0.0,0.0,0.0,0.0,,2000.0,2000.0,
"L_uu_workout[34, 46]",0.0,0.0,0.0,0.0,0.0,,2000.0,2000.0,
"L_uu_workout[34, 47]",0.0,0.0,0.0,0.0,0.0,,2000.0,2000.0,
"L_uu_workout[34, 48]",0.0,0.0,0.0,0.0,0.0,,2000.0,2000.0,
"L_uu_workout[34, 49]",0.0,0.0,0.0,0.0,0.0,,2000.0,2000.0,
"L_uu_workout[35, 0]",0.279,0.138,0.071,0.545,0.004,0.004,1211.205,1122.25,1.0
"L_uu_workout[35, 1]",0.127,0.075,0.015,0.255,0.003,0.002,423.13,1060.521,1.007
"L_uu_workout[35, 2]",0.08,0.036,0.02,0.144,0.001,0.001,637.062,1238.219,1.005
"L_uu_workout[35, 3]",0.052,0.021,0.019,0.089,0.001,0.001,771.735,1099.78,1.005
"L_uu_workout[35, 4]",0.04,0.018,0.013,0.075,0.001,0.001,687.326,1076.081,1.006
"L_uu_workout[35, 5]",0.035,0.021,0.01,0.074,0.001,0.001,604.715,1050.568,1.007
"L_uu_workout[35, 6]",0.033,0.024,0.007,0.079,0.001,0.001,547.518,1050.318,1.007
"L_uu_workout[35, 7]",0.032,0.025,0.006,0.079,0.001,0.001,513.551,1066.848,1.007
"L_uu_workout[35, 8]",0.031,0.024,0.005,0.075,0.001,0.001,482.806,1071.025,1.007
"L_uu_workout[35, 9]",0.029,0.022,0.004,0.068,0.001,0.001,460.995,1023.472,1.007
"L_uu_workout[35, 10]",0.027,0.02,0.003,0.062,0.001,0.001,450.558,1000.58,1.007
"L_uu_workout[35, 11]",0.025,0.018,0.003,0.056,0.001,0.001,447.045,922.25,1.007
"L_uu_workout[35, 12]",0.023,0.016,0.002,0.051,0.001,0.001,446.996,951.319,1.007
"L_uu_workout[35, 13]",0.021,0.015,0.002,0.047,0.001,0.0,448.709,980.151,1.007
"L_uu_workout[35, 14]",0.019,0.014,0.002,0.044,0.001,0.0,446.938,1029.291,1.007
"L_uu_workout[35, 15]",0.017,0.013,0.002,0.041,0.001,0.0,446.8,1075.386,1.007
"L_uu_workout[35, 16]",0.016,0.012,0.002,0.038,0.0,0.0,444.956,1074.63,1.008
"L_uu_workout[35, 17]",0.014,0.011,0.001,0.035,0.0,0.0,441.61,1048.789,1.008
"L_uu_workout[35, 18]",0.013,0.01,0.001,0.032,0.0,0.0,439.498,1028.541,1.008
"L_uu_workout[35, 19]",0.012,0.009,0.001,0.029,0.0,0.0,440.019,1018.902,1.008
"L_uu_workout[35, 20]",0.011,0.009,0.001,0.027,0.0,0.0,441.681,1038.428,1.008
"L_uu_workout[35, 21]",0.01,0.008,0.001,0.024,0.0,0.0,444.677,1022.289,1.008
"L_uu_workout[35, 22]",0.009,0.007,0.001,0.021,0.0,0.0,447.875,1042.385,1.008
"L_uu_workout[35, 23]",0.008,0.006,0.001,0.019,0.0,0.0,451.869,1061.487,1.008
"L_uu_workout[35, 24]",0.007,0.005,0.001,0.017,0.0,0.0,456.927,1038.3,1.008
"L_uu_workout[35, 25]",0.006,0.005,0.001,0.015,0.0,0.0,462.014,1042.08,1.008
"L_uu_workout[35, 26]",0.005,0.004,0.001,0.013,0.0,0.0,467.854,1042.08,1.008
"L_uu_workout[35, 27]",0.005,0.004,0.001,0.011,0.0,0.0,474.825,1048.007,1.007
"L_uu_workout[35, 28]",0.004,0.003,0.001,0.01,0.0,0.0,480.662,1077.735,1.007
"L_uu_workout[35, 29]",0.004,0.003,0.001,0.008,0.0,0.0,487.974,1053.628,1.007
"L_uu_workout[35, 30]",0.003,0.002,0.001,0.007,0.0,0.0,494.196,1077.71,1.007
"L_uu_workout[35, 31]",0.003,0.002,0.001,0.006,0.0,0.0,500.985,1053.691,1.007
"L_uu_workout[35, 32]",0.002,0.001,0.001,0.005,0.0,0.0,507.437,1095.845,1.007
"L_uu_workout[35, 33]",0.002,0.001,0.0,0.004,0.0,0.0,514.502,1063.603,1.007
"L_uu_workout[35, 34]",0.002,0.001,0.0,0.003,0.0,0.0,526.685,1065.203,1.007
"L_uu_workout[35, 35]",0.004,0.002,0.002,0.007,0.0,0.0,1001.253,1169.745,1.003
"L_uu_workout[35, 36]",0.0,0.0,0.0,0.0,0.0,,2000.0,2000.0,
"L_uu_workout[35, 37]",0.0,0.0,0.0,0.0,0.0,,2000.0,2000.0,
"L_uu_workout[35, 38]",0.0,0.0,0.0,0.0,0.0,,2000.0,2000.0,
"L_uu_workout[35, 39]",0.0,0.0,0.0,0.0,0.0,,2000.0,2000.0,
"L_uu_workout[35, 40]",0.0,0.0,0.0,0.0,0.0,,2000.0,2000.0,
"L_uu_workout[35, 41]",0.0,0.0,0.0,0.0,0.0,,2000.0,2000.0,
"L_uu_workout[35, 42]",0.0,0.0,0.0,0.0,0.0,,2000.0,2000.0,
"L_uu_workout[35, 43]",0.0,0.0,0.0,0.0,0.0,,2000.0,2000.0,
"L_uu_workout[35, 44]",0.0,0.0,0.0,0.0,0.0,,2000.0,2000.0,
"L_uu_workout[35, 45]",0.0,0.0,0.0,0.0,0.0,,2000.0,2000.0,
"L_uu_workout[35, 46]",0.0,0.0,0.0,0.0,0.0,,2000.0,2000.0,
"L_uu_workout[35, 47]",0.0,0.0,0.0,0.0,0.0,,2000.0,2000.0,
"L_uu_workout[35, 48]",0.0,0.0,0.0,0.0,0.0,,2000.0,2000.0,
"L_uu_workout[35, 49]",0.0,0.0,0.0,0.0,0.0,,2000.0,2000.0,
"L_uu_workout[36, 0]",0.275,0.138,0.067,0.542,0.004,0.004,1192.079,1089.884,0.999
"L_uu_workout[36, 1]",0.128,0.075,0.014,0.255,0.003,0.002,426.199,1062.613,1.007
"L_uu_workout[36, 2]",0.081,0.037,0.02,0.147,0.001,0.001,659.091,1221.246,1.005
"L_uu_workout[36, 3]",0.053,0.021,0.021,0.092,0.001,0.001,788.695,1128.944,1.005
"L_uu_workout[36, 4]",0.041,0.018,0.015,0.076,0.001,0.001,687.749,1020.57,1.006
"L_uu_workout[36, 5]",0.036,0.021,0.01,0.075,0.001,0.001,604.221,1050.568,1.007
"L_uu_workout[36, 6]",0.034,0.024,0.007,0.08,0.001,0.001,545.906,1105.528,1.007
"L_uu_workout[36, 7]",0.033,0.025,0.006,0.081,0.001,0.001,511.862,1118.828,1.007
"L_uu_workout[36, 8]",0.032,0.025,0.005,0.076,0.001,0.001,480.343,1046.116,1.007
"L_uu_workout[36, 9]",0.03,0.023,0.004,0.071,0.001,0.001,458.403,1023.472,1.007
"L_uu_workout[36, 10]",0.028,0.021,0.003,0.064,0.001,0.001,447.24,1000.58,1.007
"L_uu_workout[36, 11]",0.026,0.019,0.003,0.059,0.001,0.001,444.702,898.274,1.007
"L_uu_workout[36, 12]",0.024,0.017,0.002,0.053,0.001,0.001,444.731,960.086,1.007
"L_uu_workout[36, 13]",0.022,0.016,0.002,0.05,0.001,0.001,447.203,979.675,1.007
"L_uu_workout[36, 14]",0.02,0.014,0.002,0.047,0.001,0.001,445.469,1040.553,1.007
"L_uu_workout[36, 15]",0.018,0.013,0.002,0.043,0.001,0.0,445.888,1060.49,1.007
"L_uu_workout[36, 16]",0.017,0.013,0.002,0.04,0.001,0.0,444.187,1074.63,1.007
"L_uu_workout[36, 17]",0.015,0.012,0.002,0.037,0.0,0.0,439.546,1073.591,1.008
"L_uu_workout[36, 18]",0.014,0.011,0.001,0.034,0.0,0.0,438.565,1016.975,1.008
"L_uu_workout[36, 19]",0.013,0.01,0.001,0.032,0.0,0.0,439.21,1016.228,1.008
"L_uu_workout[36, 20]",0.012,0.009,0.001,0.029,0.0,0.0,441.431,1038.428,1.008
"L_uu_workout[36, 21]",0.011,0.008,0.001,0.026,0.0,0.0,443.101,1022.289,1.008
"L_uu_workout[36, 22]",0.01,0.008,0.001,0.023,0.0,0.0,446.416,1042.385,1.008
"L_uu_workout[36, 23]",0.009,0.007,0.001,0.021,0.0,0.0,450.509,1061.487,1.008
"L_uu_workout[36, 24]",0.008,0.006,0.001,0.019,0.0,0.0,455.785,1038.3,1.008
"L_uu_workout[36, 25]",0.007,0.005,0.001,0.017,0.0,0.0,460.218,1042.08,1.008
"L_uu_workout[36, 26]",0.006,0.005,0.001,0.015,0.0,0.0,466.07,1073.262,1.007
"L_uu_workout[36, 27]",0.005,0.004,0.001,0.013,0.0,0.0,472.104,1030.262,1.007
"L_uu_workout[36, 28]",0.005,0.003,0.001,0.011,0.0,0.0,479.121,1053.944,1.007
"L_uu_workout[36, 29]",0.004,0.003,0.001,0.009,0.0,0.0,483.327,1078.064,1.007
"L_uu_workout[36, 30]",0.004,0.002,0.001,0.008,0.0,0.0,490.132,1053.628,1.007
"L_uu_workout[36, 31]",0.003,0.002,0.001,0.007,0.0,0.0,495.43,1053.964,1.007
"L_uu_workout[36, 32]",0.003,0.002,0.001,0.006,0.0,0.0,500.727,1054.153,1.007
"L_uu_workout[36, 33]",0.002,0.001,0.001,0.005,0.0,0.0,505.915,1077.469,1.007
"L_uu_workout[36, 34]",0.002,0.001,0.0,0.004,0.0,0.0,512.651,1063.346,1.007
"L_uu_workout[36, 35]",0.002,0.001,0.0,0.003,0.0,0.0,525.661,1065.203,1.007
"L_uu_workout[36, 36]",0.004,0.002,0.002,0.007,0.0,0.0,1000.865,1169.745,1.003
"L_uu_workout[36, 37]",0.0,0.0,0.0,0.0,0.0,,2000.0,2000.0,
"L_uu_workout[36, 38]",0.0,0.0,0.0,0.0,0.0,,2000.0,2000.0,
"L_uu_workout[36, 39]",0.0,0.0,0.0,0.0,0.0,,2000.0,2000.0,
"L_uu_workout[36, 40]",0.0,0.0,0.0,0.0,0.0,,2000.0,2000.0,
"L_uu_workout[36, 41]",0.0,0.0,0.0,0.0,0.0,,2000.0,2000.0,
"L_uu_workout[36, 42]",0.0,0.0,0.0,0.0,0.0,,2000.0,2000.0,
"L_uu_workout[36, 43]",0.0,0.0,0.0,0.0,0.0,,2000.0,2000.0,
"L_uu_workout[36, 44]",0.0,0.0,0.0,0.0,0.0,,2000.0,2000.0,
"L_uu_workout[36, 45]",0.0,0.0,0.0,0.0,0.0,,2000.0,2000.0,
"L_uu_workout[36, 46]",0.0,0.0,0.0,0.0,0.0,,2000.0,2000.0,
"L_uu_workout[36, 47]",0.0,0.0,0.0,0.0,0.0,,2000.0,2000.0,
"L_uu_workout[36, 48]",0.0,0.0,0.0,0.0,0.0,,2000.0,2000.0,
"L_uu_workout[36, 49]",0.0,0.0,0.0,0.0,0.0,,2000.0,2000.0,
"L_uu_workout[37, 0]",0.272,0.138,0.058,0.531,0.004,0.004,1174.656,1141.641,0.999
"L_uu_workout[37, 1]",0.129,0.075,0.014,0.257,0.003,0.002,428.989,1074.606,1.007
"L_uu_workout[37, 2]",0.082,0.037,0.024,0.152,0.001,0.001,685.594,1253.105,1.005
"L_uu_workout[37, 3]",0.054,0.021,0.022,0.094,0.001,0.001,807.727,1185.339,1.004
"L_uu_workout[37, 4]",0.041,0.018,0.014,0.075,0.001,0.001,690.333,1020.57,1.006
"L_uu_workout[37, 5]",0.037,0.021,0.011,0.076,0.001,0.001,603.053,1051.158,1.007
"L_uu_workout[37, 6]",0.035,0.025,0.007,0.081,0.001,0.001,544.139,1117.108,1.007
"L_uu_workout[37, 7]",0.034,0.026,0.006,0.082,0.001,0.001,508.224,1118.437,1.007
"L_uu_workout[37, 8]",0.033,0.025,0.005,0.078,0.001,0.001,478.092,1047.12,1.007
"L_uu_workout[37, 9]",0.031,0.024,0.004,0.072,0.001,0.001,455.786,1023.472,1.007
"L_uu_workout[37, 10]",0.029,0.022,0.003,0.066,0.001,0.001,445.366,1000.58,1.007
"L_uu_workout[37, 11]",0.027,0.019,0.003,0.06,0.001,0.001,443.132,873.03,1.007
"L_uu_workout[37, 12]",0.025,0.018,0.002,0.055,0.001,0.001,442.578,969.876,1.007
"L_uu_workout[37, 13]",0.023,0.016,0.002,0.052,0.001,0.001,445.107,996.661,1.007
"L_uu_workout[37, 14]",0.021,0.015,0.002,0.049,0.001,0.001,443.832,1040.553,1.007
"L_uu_workout[37, 15]",0.019,0.014,0.002,0.045,0.001,0.001,445.116,1060.49,1.007
"L_uu_workout[37, 16]",0.018,0.013,0.001,0.042,0.001,0.001,442.707,1063.275,1.007
"L_uu_workout[37, 17]",0.016,0.012,0.002,0.04,0.001,0.001,438.933,1051.196,1.008
"L_uu_workout[37, 18]",0.015,0.012,0.001,0.037,0.0,0.0,436.916,1016.975,1.008
"L_uu_workout[37, 19]",0.014,0.011,0.001,0.034,0.0,0.0,437.627,1016.228,1.008
"L_uu_workout[37, 20]",0.012,0.01,0.001,0.031,0.0,0.0,439.784,1049.687,1.008
"L_uu_workout[37, 21]",0.011,0.009,0.001,0.028,0.0,0.0,442.287,1022.289,1.008
"L_uu_workout[37, 22]",0.01,0.008,0.001,0.026,0.0,0.0,444.893,1021.005,1.008
"L_uu_workout[37, 23]",0.009,0.008,0.001,0.023,0.0,0.0,448.895,1061.487,1.008
"L_uu_workout[37, 24]",0.008,0.007,0.001,0.021,0.0,0.0,453.29,1038.3,1.008
"L_uu_workout[37, 25]",0.008,0.006,0.001,0.019,0.0,0.0,458.406,1042.08,1.008
"L_uu_workout[37, 26]",0.007,0.005,0.001,0.016,0.0,0.0,462.935,1078.329,1.007
"L_uu_workout[37, 27]",0.006,0.005,0.001,0.014,0.0,0.0,468.683,1016.721,1.007
"L_uu_workout[37, 28]",0.005,0.004,0.001,0.013,0.0,0.0,475.987,1042.448,1.007
"L_uu_workout[37, 29]",0.005,0.003,0.001,0.011,0.0,0.0,481.488,1042.448,1.007
"L_uu_workout[37, 30]",0.004,0.003,0.001,0.009,0.0,0.0,485.895,1041.157,1.007
"L_uu_workout[37, 31]",0.004,0.002,0.001,0.008,0.0,0.0,490.184,1041.157,1.007
"L_uu_workout[37, 32]",0.003,0.002,0.001,0.007,0.0,0.0,494.999,1053.817,1.007
"L_uu_workout[37, 33]",0.003,0.002,0.001,0.006,0.0,0.0,499.687,1042.346,1.007
"L_uu_workout[37, 34]",0.002,0.001,0.0,0.005,0.0,0.0,504.014,1077.798,1.007
"L_uu_workout[37, 35]",0.002,0.001,0.0,0.004,0.0,0.0,509.68,1087.521,1.007
"L_uu_workout[37, 36]",0.002,0.001,0.0,0.003,0.0,0.0,523.736,1064.364,1.007
"L_uu_workout[37, 37]",0.004,0.002,0.002,0.007,0.0,0.0,1000.561,1169.745,1.003
"L_uu_workout[37, 38]",0.0,0.0,0.0,0.0,0.0,,2000.0,2000.0,
"L_uu_workout[37, 39]",0.0,0.0,0.0,0.0,0.0,,2000.0,2000.0,
"L_uu_workout[37, 40]",0.0,0.0,0.0,0.0,0.0,,2000.0,2000.0,
"L_uu_workout[37, 41]",0.0,0.0,0.0,0.0,0.0,,2000.0,2000.0,
"L_uu_workout[37, 42]",0.0,0.0,0.0,0.0,0.0,,2000.0,2000.0,
"L_uu_workout[37, 43]",0.0,0.0,0.0,0.0,0.0,,2000.0,2000.0,
"L_uu_workout[37, 44]",0.0,0.0,0.0,0.0,0.0,,2000.0,2000.0,
"L_uu_workout[37, 45]",0.0,0.0,0.0,0.0,0.0,,2000.0,2000.0,
"L_uu_workout[37, 46]",0.0,0.0,0.0,0.0,0.0,,2000.0,2000.0,
"L_uu_workout[37, 47]",0.0,0.0,0.0,0.0,0.0,,2000.0,2000.0,
"L_uu_workout[37, 48]",0.0,0.0,0.0,0.0,0.0,,2000.0,2000.0,
"L_uu_workout[37, 49]",0.0,0.0,0.0,0.0,0.0,,2000.0,2000.0,
"L_uu_workout[38, 0]",0.268,0.138,0.05,0.523,0.004,0.004,1154.586,1141.641,0.999
"L_uu_workout[38, 1]",0.13,0.075,0.015,0.259,0.003,0.002,433.071,1112.736,1.007
"L_uu_workout[38, 2]",0.083,0.038,0.024,0.154,0.001,0.001,711.449,1286.062,1.004
"L_uu_workout[38, 3]",0.055,0.022,0.022,0.095,0.001,0.001,828.217,1153.128,1.004
"L_uu_workout[38, 4]",0.042,0.019,0.016,0.077,0.001,0.001,694.44,1020.57,1.006
"L_uu_workout[38, 5]",0.037,0.022,0.012,0.078,0.001,0.001,603.062,1086.513,1.007
"L_uu_workout[38, 6]",0.036,0.025,0.007,0.082,0.001,0.001,542.784,1097.355,1.007
"L_uu_workout[38, 7]",0.035,0.026,0.006,0.083,0.001,0.001,506.031,1125.693,1.007
"L_uu_workout[38, 8]",0.034,0.026,0.005,0.08,0.001,0.001,475.455,1088.479,1.007
"L_uu_workout[38, 9]",0.032,0.024,0.004,0.074,0.001,0.001,452.135,1023.472,1.007
"L_uu_workout[38, 10]",0.03,0.022,0.003,0.068,0.001,0.001,442.486,1000.58,1.007
"L_uu_workout[38, 11]",0.028,0.02,0.003,0.062,0.001,0.001,440.28,873.03,1.007
"L_uu_workout[38, 12]",0.026,0.018,0.003,0.058,0.001,0.001,440.765,969.876,1.007
"L_uu_workout[38, 13]",0.024,0.017,0.002,0.054,0.001,0.001,443.283,996.661,1.007
"L_uu_workout[38, 14]",0.022,0.016,0.002,0.051,0.001,0.001,442.413,1040.553,1.007
"L_uu_workout[38, 15]",0.02,0.015,0.002,0.047,0.001,0.001,442.955,1060.49,1.007
"L_uu_workout[38, 16]",0.019,0.014,0.001,0.044,0.001,0.001,440.303,1069.126,1.008
"L_uu_workout[38, 17]",0.017,0.013,0.002,0.042,0.001,0.001,438.115,1051.196,1.008
"L_uu_workout[38, 18]",0.016,0.012,0.001,0.039,0.001,0.001,436.507,1005.126,1.008
"L_uu_workout[38, 19]",0.015,0.012,0.001,0.037,0.0,0.0,436.871,1018.606,1.008
"L_uu_workout[38, 20]",0.013,0.011,0.001,0.033,0.0,0.0,438.809,1049.687,1.008
"L_uu_workout[38, 21]",0.012,0.01,0.001,0.031,0.0,0.0,440.575,1018.087,1.008
"L_uu_workout[38, 22]",0.011,0.009,0.001,0.028,0.0,0.0,444.17,1042.385,1.008
"L_uu_workout[38, 23]",0.01,0.008,0.001,0.025,0.0,0.0,447.423,1061.487,1.008
"L_uu_workout[38, 24]",0.009,0.007,0.001,0.023,0.0,0.0,452.469,1038.3,1.008
"L_uu_workout[38, 25]",0.008,0.007,0.001,0.021,0.0,0.0,456.781,1042.08,1.007
"L_uu_workout[38, 26]",0.007,0.006,0.001,0.018,0.0,0.0,461.121,1078.329,1.007
"L_uu_workout[38, 27]",0.007,0.005,0.001,0.016,0.0,0.0,466.63,1050.401,1.007
"L_uu_workout[38, 28]",0.006,0.005,0.001,0.014,0.0,0.0,473.682,1042.448,1.007
"L_uu_workout[38, 29]",0.005,0.004,0.001,0.013,0.0,0.0,478.05,1054.006,1.007
"L_uu_workout[38, 30]",0.005,0.003,0.001,0.011,0.0,0.0,482.935,1054.006,1.007
"L_uu_workout[38, 31]",0.004,0.003,0.001,0.009,0.0,0.0,487.326,1041.667,1.007
"L_uu_workout[38, 32]",0.004,0.002,0.001,0.008,0.0,0.0,490.352,1040.768,1.007
"L_uu_workout[38, 33]",0.003,0.002,0.001,0.007,0.0,0.0,494.392,1053.817,1.007
"L_uu_workout[38, 34]",0.003,0.002,0.001,0.006,0.0,0.0,498.038,1065.437,1.007
"L_uu_workout[38, 35]",0.002,0.001,0.0,0.005,0.0,0.0,502.523,1077.798,1.007
"L_uu_workout[38, 36]",0.002,0.001,0.0,0.004,0.0,0.0,507.531,1087.521,1.007
"L_uu_workout[38, 37]",0.002,0.001,0.0,0.003,0.0,0.0,520.587,1040.657,1.007
"L_uu_workout[38, 38]",0.004,0.002,0.002,0.007,0.0,0.0,1000.719,1169.745,1.003
"L_uu_workout[38, 39]",0.0,0.0,0.0,0.0,0.0,,2000.0,2000.0,
"L_uu_workout[38, 40]",0.0,0.0,0.0,0.0,0.0,,2000.0,2000.0,
"L_uu_workout[38, 41]",0.0,0.0,0.0,0.0,0.0,,2000.0,2000.0,
"L_uu_workout[38, 42]",0.0,0.0,0.0,0.0,0.0,,2000.0,2000.0,
"L_uu_workout[38, 43]",0.0,0.0,0.0,0.0,0.0,,2000.0,2000.0,
"L_uu_workout[38, 44]",0.0,0.0,0.0,0.0,0.0,,2000.0,2000.0,
"L_uu_workout[38, 45]",0.0,0.0,0.0,0.0,0.0,,2000.0,2000.0,
"L_uu_workout[38, 46]",0.0,0.0,0.0,0.0,0.0,,2000.0,2000.0,
"L_uu_workout[38, 47]",0.0,0.0,0.0,0.0,0.0,,2000.0,2000.0,
"L_uu_workout[38, 48]",0.0,0.0,0.0,0.0,0.0,,2000.0,2000.0,
"L_uu_workout[38, 49]",0.0,0.0,0.0,0.0,0.0,,2000.0,2000.0,
"L_uu_workout[39, 0]",0.265,0.138,0.05,0.523,0.004,0.004,1131.503,1185.617,0.999
"L_uu_workout[39, 1]",0.131,0.075,0.015,0.26,0.003,0.002,437.107,1144.283,1.007
"L_uu_workout[39, 2]",0.084,0.038,0.025,0.156,0.001,0.001,741.041,1321.782,1.004
"L_uu_workout[39, 3]",0.055,0.022,0.024,0.097,0.001,0.001,852.253,1139.573,1.004
"L_uu_workout[39, 4]",0.043,0.019,0.016,0.076,0.001,0.001,701.911,1014.269,1.006
"L_uu_workout[39, 5]",0.038,0.022,0.012,0.079,0.001,0.001,603.735,1105.392,1.007
"L_uu_workout[39, 6]",0.036,0.025,0.009,0.084,0.001,0.001,542.084,1109.238,1.007
"L_uu_workout[39, 7]",0.036,0.027,0.006,0.085,0.001,0.001,503.257,1088.102,1.007
"L_uu_workout[39, 8]",0.034,0.026,0.005,0.082,0.001,0.001,471.659,1088.479,1.007
"L_uu_workout[39, 9]",0.033,0.025,0.004,0.076,0.001,0.001,450.513,1034.304,1.007
"L_uu_workout[39, 10]",0.031,0.023,0.004,0.071,0.001,0.001,440.608,1000.868,1.007
"L_uu_workout[39, 11]",0.029,0.021,0.003,0.064,0.001,0.001,438.527,873.03,1.007
"L_uu_workout[39, 12]",0.027,0.019,0.003,0.06,0.001,0.001,438.218,970.087,1.007
"L_uu_workout[39, 13]",0.025,0.017,0.002,0.056,0.001,0.001,441.508,996.661,1.007
"L_uu_workout[39, 14]",0.023,0.016,0.002,0.053,0.001,0.001,441.386,1040.11,1.007
"L_uu_workout[39, 15]",0.021,0.015,0.002,0.049,0.001,0.001,441.421,1050.886,1.007
"L_uu_workout[39, 16]",0.02,0.015,0.002,0.047,0.001,0.001,438.464,1073.49,1.008
"L_uu_workout[39, 17]",0.018,0.014,0.001,0.044,0.001,0.001,436.408,1025.915,1.008
"L_uu_workout[39, 18]",0.017,0.013,0.002,0.042,0.001,0.001,435.723,1005.126,1.008
"L_uu_workout[39, 19]",0.016,0.012,0.001,0.039,0.001,0.001,436.8,1029.638,1.008
"L_uu_workout[39, 20]",0.014,0.011,0.001,0.036,0.0,0.0,438.327,1052.512,1.008
"L_uu_workout[39, 21]",0.013,0.011,0.001,0.033,0.0,0.0,439.406,1011.471,1.008
"L_uu_workout[39, 22]",0.012,0.01,0.001,0.03,0.0,0.0,442.632,1018.087,1.008
"L_uu_workout[39, 23]",0.011,0.009,0.001,0.027,0.0,0.0,446.575,1057.092,1.008
"L_uu_workout[39, 24]",0.01,0.008,0.001,0.025,0.0,0.0,451.246,1038.3,1.008
"L_uu_workout[39, 25]",0.009,0.007,0.001,0.023,0.0,0.0,454.6,1078.329,1.007
"L_uu_workout[39, 26]",0.008,0.007,0.001,0.02,0.0,0.0,460.111,1077.844,1.007
"L_uu_workout[39, 27]",0.007,0.006,0.001,0.018,0.0,0.0,465.306,1054.258,1.007
"L_uu_workout[39, 28]",0.007,0.005,0.001,0.016,0.0,0.0,471.869,1048.007,1.007
"L_uu_workout[39, 29]",0.006,0.005,0.001,0.014,0.0,0.0,476.1,1066.275,1.007
"L_uu_workout[39, 30]",0.005,0.004,0.001,0.013,0.0,0.0,480.294,1042.425,1.007
"L_uu_workout[39, 31]",0.005,0.003,0.001,0.011,0.0,0.0,484.702,1065.8,1.007
"L_uu_workout[39, 32]",0.004,0.003,0.001,0.009,0.0,0.0,487.173,1052.413,1.007
"L_uu_workout[39, 33]",0.003,0.002,0.001,0.008,0.0,0.0,490.433,1029.797,1.007
"L_uu_workout[39, 34]",0.003,0.002,0.001,0.007,0.0,0.0,493.076,1073.237,1.007
"L_uu_workout[39, 35]",0.003,0.002,0.001,0.006,0.0,0.0,496.586,1048.03,1.007
"L_uu_workout[39, 36]",0.002,0.001,0.0,0.005,0.0,0.0,501.037,1042.346,1.007
"L_uu_workout[39, 37]",0.002,0.001,0.0,0.004,0.0,0.0,505.454,1075.002,1.007
"L_uu_workout[39, 38]",0.002,0.001,0.0,0.003,0.0,0.0,518.025,1040.657,1.007
"L_uu_workout[39, 39]",0.004,0.002,0.002,0.007,0.0,0.0,1000.291,1169.745,1.003
"L_uu_workout[39, 40]",0.0,0.0,0.0,0.0,0.0,,2000.0,2000.0,
"L_uu_workout[39, 41]",0.0,0.0,0.0,0.0,0.0,,2000.0,2000.0,
"L_uu_workout[39, 42]",0.0,0.0,0.0,0.0,0.0,,2000.0,2000.0,
"L_uu_workout[39, 43]",0.0,0.0,0.0,0.0,0.0,,2000.0,2000.0,
"L_uu_workout[39, 44]",0.0,0.0,0.0,0.0,0.0,,2000.0,2000.0,
"L_uu_workout[39, 45]",0.0,0.0,0.0,0.0,0.0,,2000.0,2000.0,
"L_uu_workout[39, 46]",0.0,0.0,0.0,0.0,0.0,,2000.0,2000.0,
"L_uu_workout[39, 47]",0.0,0.0,0.0,0.0,0.0,,2000.0,2000.0,
"L_uu_workout[39, 48]",0.0,0.0,0.0,0.0,0.0,,2000.0,2000.0,
"L_uu_workout[39, 49]",0.0,0.0,0.0,0.0,0.0,,2000.0,2000.0,
"L_uu_workout[40, 0]",0.262,0.138,0.043,0.516,0.004,0.004,1111.598,1171.163,0.999
"L_uu_workout[40, 1]",0.131,0.075,0.015,0.26,0.003,0.002,442.814,1158.258,1.007
"L_uu_workout[40, 2]",0.085,0.039,0.021,0.154,0.001,0.001,770.238,1324.944,1.004
"L_uu_workout[40, 3]",0.056,0.022,0.024,0.099,0.001,0.001,876.121,1094.145,1.004
"L_uu_workout[40, 4]",0.043,0.019,0.017,0.077,0.001,0.001,708.823,1029.687,1.006
"L_uu_workout[40, 5]",0.039,0.022,0.013,0.08,0.001,0.001,604.07,1111.572,1.007
"L_uu_workout[40, 6]",0.037,0.025,0.009,0.085,0.001,0.001,540.724,1105.109,1.007
"L_uu_workout[40, 7]",0.036,0.027,0.007,0.086,0.001,0.001,499.784,1106.576,1.007
"L_uu_workout[40, 8]",0.035,0.027,0.005,0.083,0.001,0.001,468.322,1056.818,1.007
"L_uu_workout[40, 9]",0.034,0.025,0.005,0.078,0.001,0.001,447.882,1069.124,1.007
"L_uu_workout[40, 10]",0.032,0.023,0.003,0.072,0.001,0.001,437.88,1000.868,1.007
"L_uu_workout[40, 11]",0.03,0.021,0.003,0.066,0.001,0.001,436.524,906.3,1.007
"L_uu_workout[40, 12]",0.028,0.02,0.003,0.062,0.001,0.001,437.807,970.087,1.007
"L_uu_workout[40, 13]",0.026,0.018,0.002,0.058,0.001,0.001,440.22,996.661,1.007
"L_uu_workout[40, 14]",0.024,0.017,0.002,0.055,0.001,0.001,439.357,1040.24,1.007
"L_uu_workout[40, 15]",0.022,0.016,0.002,0.052,0.001,0.001,439.915,1070.549,1.007
"L_uu_workout[40, 16]",0.021,0.015,0.002,0.049,0.001,0.001,437.107,1073.49,1.008
"L_uu_workout[40, 17]",0.019,0.014,0.001,0.046,0.001,0.001,435.217,1004.769,1.008
"L_uu_workout[40, 18]",0.018,0.014,0.002,0.044,0.001,0.001,434.544,1027.937,1.008
"L_uu_workout[40, 19]",0.016,0.013,0.001,0.041,0.001,0.001,435.482,1029.638,1.008
"L_uu_workout[40, 20]",0.015,0.012,0.001,0.038,0.001,0.001,436.708,1018.68,1.008
"L_uu_workout[40, 21]",0.014,0.011,0.001,0.035,0.0,0.0,438.062,1018.087,1.008
"L_uu_workout[40, 22]",0.013,0.011,0.001,0.032,0.0,0.0,441.367,1030.703,1.008
"L_uu_workout[40, 23]",0.012,0.01,0.001,0.03,0.0,0.0,444.757,990.277,1.008
"L_uu_workout[40, 24]",0.011,0.009,0.001,0.027,0.0,0.0,449.906,1038.3,1.008
"L_uu_workout[40, 25]",0.01,0.008,0.001,0.025,0.0,0.0,453.312,1042.386,1.007
"L_uu_workout[40, 26]",0.009,0.007,0.001,0.022,0.0,0.0,458.691,1090.431,1.007
"L_uu_workout[40, 27]",0.008,0.007,0.001,0.02,0.0,0.0,463.748,1067.244,1.007
"L_uu_workout[40, 28]",0.007,0.006,0.001,0.018,0.0,0.0,469.857,1067.244,1.007
"L_uu_workout[40, 29]",0.006,0.005,0.001,0.016,0.0,0.0,474.626,1090.747,1.007
"L_uu_workout[40, 30]",0.006,0.005,0.001,0.014,0.0,0.0,477.208,1042.425,1.007
"L_uu_workout[40, 31]",0.005,0.004,0.001,0.012,0.0,0.0,481.323,1053.671,1.007
"L_uu_workout[40, 32]",0.005,0.003,0.001,0.011,0.0,0.0,484.044,1059.795,1.007
"L_uu_workout[40, 33]",0.004,0.003,0.001,0.009,0.0,0.0,487.274,1059.351,1.007
"L_uu_workout[40, 34]",0.003,0.002,0.001,0.008,0.0,0.0,489.489,1025.259,1.007
"L_uu_workout[40, 35]",0.003,0.002,0.001,0.007,0.0,0.0,491.592,1073.237,1.007
"L_uu_workout[40, 36]",0.003,0.002,0.001,0.006,0.0,0.0,495.471,1048.03,1.007
"L_uu_workout[40, 37]",0.002,0.001,0.0,0.005,0.0,0.0,499.577,1042.346,1.007
"L_uu_workout[40, 38]",0.002,0.001,0.0,0.004,0.0,0.0,503.716,1062.443,1.007
"L_uu_workout[40, 39]",0.002,0.001,0.0,0.003,0.0,0.0,515.848,1035.491,1.007
"L_uu_workout[40, 40]",0.004,0.002,0.002,0.007,0.0,0.0,999.57,1169.745,1.003
"L_uu_workout[40, 41]",0.0,0.0,0.0,0.0,0.0,,2000.0,2000.0,
"L_uu_workout[40, 42]",0.0,0.0,0.0,0.0,0.0,,2000.0,2000.0,
"L_uu_workout[40, 43]",0.0,0.0,0.0,0.0,0.0,,2000.0,2000.0,
"L_uu_workout[40, 44]",0.0,0.0,0.0,0.0,0.0,,2000.0,2000.0,
"L_uu_workout[40, 45]",0.0,0.0,0.0,0.0,0.0,,2000.0,2000.0,
"L_uu_workout[40, 46]",0.0,0.0,0.0,0.0,0.0,,2000.0,2000.0,
"L_uu_workout[40, 47]",0.0,0.0,0.0,0.0,0.0,,2000.0,2000.0,
"L_uu_workout[40, 48]",0.0,0.0,0.0,0.0,0.0,,2000.0,2000.0,
"L_uu_workout[40, 49]",0.0,0.0,0.0,0.0,0.0,,2000.0,2000.0,
"L_uu_workout[41, 0]",0.258,0.138,0.042,0.516,0.004,0.004,1093.605,1238.172,0.999
"L_uu_workout[41, 1]",0.132,0.075,0.017,0.261,0.003,0.002,449.683,1168.909,1.007
"L_uu_workout[41, 2]",0.086,0.039,0.023,0.158,0.001,0.001,799.71,1343.513,1.004
"L_uu_workout[41, 3]",0.056,0.023,0.024,0.1,0.001,0.001,893.767,1119.879,1.003
"L_uu_workout[41, 4]",0.044,0.019,0.016,0.076,0.001,0.001,719.888,1029.687,1.006
"L_uu_workout[41, 5]",0.039,0.022,0.012,0.079,0.001,0.001,605.569,1073.237,1.007
"L_uu_workout[41, 6]",0.038,0.025,0.009,0.085,0.001,0.001,540.081,1105.109,1.007
"L_uu_workout[41, 7]",0.037,0.027,0.007,0.087,0.001,0.001,496.512,1108.097,1.007
"L_uu_workout[41, 8]",0.036,0.027,0.006,0.085,0.001,0.001,465.391,1056.818,1.007
"L_uu_workout[41, 9]",0.035,0.026,0.005,0.08,0.001,0.001,445.682,1069.124,1.007
"L_uu_workout[41, 10]",0.033,0.024,0.004,0.074,0.001,0.001,435.998,1000.868,1.007
"L_uu_workout[41, 11]",0.031,0.022,0.003,0.068,0.001,0.001,434.098,906.3,1.007
"L_uu_workout[41, 12]",0.029,0.02,0.003,0.063,0.001,0.001,436.553,970.087,1.007
"L_uu_workout[41, 13]",0.027,0.019,0.003,0.06,0.001,0.001,438.012,996.661,1.007
"L_uu_workout[41, 14]",0.025,0.017,0.002,0.057,0.001,0.001,438.656,1050.754,1.007
"L_uu_workout[41, 15]",0.023,0.017,0.002,0.054,0.001,0.001,438.402,1070.354,1.007
"L_uu_workout[41, 16]",0.022,0.016,0.002,0.051,0.001,0.001,436.397,1036.53,1.008
"L_uu_workout[41, 17]",0.02,0.015,0.002,0.048,0.001,0.001,434.455,1015.719,1.008
"L_uu_workout[41, 18]",0.019,0.014,0.002,0.046,0.001,0.001,433.784,1009.646,1.008
"L_uu_workout[41, 19]",0.017,0.014,0.001,0.044,0.001,0.001,433.982,1009.418,1.008
"L_uu_workout[41, 20]",0.016,0.013,0.001,0.04,0.001,0.001,435.937,1018.68,1.008
"L_uu_workout[41, 21]",0.015,0.012,0.002,0.038,0.0,0.001,436.971,994.633,1.008
"L_uu_workout[41, 22]",0.014,0.011,0.001,0.035,0.0,0.0,439.965,987.897,1.008
"L_uu_workout[41, 23]",0.013,0.01,0.001,0.032,0.0,0.0,443.667,990.277,1.008
"L_uu_workout[41, 24]",0.012,0.01,0.001,0.03,0.0,0.0,448.431,1038.3,1.008
"L_uu_workout[41, 25]",0.011,0.009,0.001,0.027,0.0,0.0,451.744,1042.386,1.007
"L_uu_workout[41, 26]",0.01,0.008,0.001,0.024,0.0,0.0,457.139,1053.63,1.007
"L_uu_workout[41, 27]",0.009,0.007,0.001,0.022,0.0,0.0,462.312,1067.244,1.007
"L_uu_workout[41, 28]",0.008,0.006,0.001,0.02,0.0,0.0,466.866,1050.401,1.007
"L_uu_workout[41, 29]",0.007,0.006,0.001,0.018,0.0,0.0,472.726,1066.058,1.007
"L_uu_workout[41, 30]",0.006,0.005,0.001,0.016,0.0,0.0,475.267,1065.457,1.007
"L_uu_workout[41, 31]",0.006,0.005,0.001,0.014,0.0,0.0,478.384,1053.671,1.007
"L_uu_workout[41, 32]",0.005,0.004,0.001,0.012,0.0,0.0,481.361,1036.378,1.007
"L_uu_workout[41, 33]",0.004,0.003,0.001,0.011,0.0,0.0,483.976,1035.69,1.007
"L_uu_workout[41, 34]",0.004,0.003,0.001,0.009,0.0,0.0,485.115,1059.351,1.007
"L_uu_workout[41, 35]",0.003,0.002,0.001,0.008,0.0,0.0,487.455,1050.03,1.007
"L_uu_workout[41, 36]",0.003,0.002,0.001,0.007,0.0,0.0,489.926,1078.128,1.007
"L_uu_workout[41, 37]",0.003,0.002,0.001,0.006,0.0,0.0,494.57,1061.136,1.007
"L_uu_workout[41, 38]",0.002,0.001,0.0,0.005,0.0,0.0,497.808,1042.223,1.007
"L_uu_workout[41, 39]",0.002,0.001,0.0,0.004,0.0,0.0,501.958,1075.635,1.007
"L_uu_workout[41, 40]",0.002,0.001,0.0,0.003,0.0,0.0,514.096,1035.491,1.007
"L_uu_workout[41, 41]",0.004,0.002,0.002,0.007,0.0,0.0,999.043,1169.745,1.003
"L_uu_workout[41, 42]",0.0,0.0,0.0,0.0,0.0,,2000.0,2000.0,
"L_uu_workout[41, 43]",0.0,0.0,0.0,0.0,0.0,,2000.0,2000.0,
"L_uu_workout[41, 44]",0.0,0.0,0.0,0.0,0.0,,2000.0,2000.0,
"L_uu_workout[41, 45]",0.0,0.0,0.0,0.0,0.0,,2000.0,2000.0,
"L_uu_workout[41, 46]",0.0,0.0,0.0,0.0,0.0,,2000.0,2000.0,
"L_uu_workout[41, 47]",0.0,0.0,0.0,0.0,0.0,,2000.0,2000.0,
"L_uu_workout[41, 48]",0.0,0.0,0.0,0.0,0.0,,2000.0,2000.0,
"L_uu_workout[41, 49]",0.0,0.0,0.0,0.0,0.0,,2000.0,2000.0,
"L_uu_workout[42, 0]",0.255,0.138,0.032,0.504,0.004,0.004,1071.821,1238.172,0.999
"L_uu_workout[42, 1]",0.132,0.075,0.017,0.26,0.003,0.002,457.55,1152.676,1.007
"L_uu_workout[42, 2]",0.086,0.04,0.026,0.163,0.001,0.001,829.581,1333.844,1.003
"L_uu_workout[42, 3]",0.057,0.023,0.025,0.102,0.001,0.001,927.0,1190.509,1.003
"L_uu_workout[42, 4]",0.044,0.019,0.017,0.078,0.001,0.001,731.648,1032.599,1.005
"L_uu_workout[42, 5]",0.04,0.022,0.013,0.08,0.001,0.001,608.693,1085.719,1.007
"L_uu_workout[42, 6]",0.038,0.025,0.009,0.085,0.001,0.001,539.597,1125.693,1.007
"L_uu_workout[42, 7]",0.038,0.027,0.007,0.088,0.001,0.001,493.733,1133.438,1.007
"L_uu_workout[42, 8]",0.037,0.028,0.006,0.087,0.001,0.001,462.993,1056.818,1.007
"L_uu_workout[42, 9]",0.036,0.026,0.005,0.081,0.001,0.001,443.034,1033.76,1.007
"L_uu_workout[42, 10]",0.034,0.024,0.004,0.076,0.001,0.001,433.923,1010.852,1.007
"L_uu_workout[42, 11]",0.032,0.022,0.003,0.07,0.001,0.001,433.025,915.385,1.007
"L_uu_workout[42, 12]",0.03,0.021,0.003,0.065,0.001,0.001,435.448,969.411,1.007
"L_uu_workout[42, 13]",0.028,0.019,0.003,0.062,0.001,0.001,436.413,1052.198,1.007
"L_uu_workout[42, 14]",0.026,0.018,0.003,0.06,0.001,0.001,436.421,1060.49,1.007
"L_uu_workout[42, 15]",0.024,0.017,0.002,0.056,0.001,0.001,436.079,1070.354,1.007
"L_uu_workout[42, 16]",0.023,0.016,0.002,0.053,0.001,0.001,434.737,1038.671,1.008
"L_uu_workout[42, 17]",0.021,0.016,0.002,0.051,0.001,0.001,433.861,1015.265,1.008
"L_uu_workout[42, 18]",0.02,0.015,0.002,0.048,0.001,0.001,432.933,1009.646,1.008
"L_uu_workout[42, 19]",0.018,0.014,0.002,0.046,0.001,0.001,432.924,1009.418,1.008
"L_uu_workout[42, 20]",0.017,0.014,0.002,0.043,0.001,0.001,434.147,978.264,1.008
"L_uu_workout[42, 21]",0.016,0.013,0.001,0.04,0.001,0.001,435.282,1005.187,1.008
"L_uu_workout[42, 22]",0.015,0.012,0.002,0.037,0.0,0.0,439.241,987.897,1.008
"L_uu_workout[42, 23]",0.013,0.011,0.001,0.034,0.0,0.0,442.469,987.897,1.008
"L_uu_workout[42, 24]",0.012,0.01,0.001,0.032,0.0,0.0,446.708,1038.3,1.007
"L_uu_workout[42, 25]",0.011,0.009,0.001,0.029,0.0,0.0,449.941,1042.386,1.007
"L_uu_workout[42, 26]",0.01,0.009,0.001,0.026,0.0,0.0,455.13,1053.63,1.007
"L_uu_workout[42, 27]",0.01,0.008,0.001,0.024,0.0,0.0,460.67,1067.244,1.007
"L_uu_workout[42, 28]",0.009,0.007,0.001,0.022,0.0,0.0,465.495,1050.401,1.007
"L_uu_workout[42, 29]",0.008,0.006,0.001,0.02,0.0,0.0,471.122,1066.058,1.007
"L_uu_workout[42, 30]",0.007,0.006,0.001,0.018,0.0,0.0,473.394,1077.822,1.007
"L_uu_workout[42, 31]",0.006,0.005,0.001,0.016,0.0,0.0,476.102,1053.922,1.007
"L_uu_workout[42, 32]",0.006,0.004,0.001,0.014,0.0,0.0,478.272,1036.378,1.007
"L_uu_workout[42, 33]",0.005,0.004,0.001,0.012,0.0,0.0,480.414,1039.825,1.007
"L_uu_workout[42, 34]",0.004,0.003,0.001,0.011,0.0,0.0,482.546,1035.69,1.007
"L_uu_workout[42, 35]",0.004,0.003,0.001,0.009,0.0,0.0,482.876,1035.043,1.007
"L_uu_workout[42, 36]",0.003,0.002,0.001,0.008,0.0,0.0,484.406,1098.929,1.007
"L_uu_workout[42, 37]",0.003,0.002,0.001,0.007,0.0,0.0,488.054,1099.409,1.007
"L_uu_workout[42, 38]",0.003,0.002,0.001,0.006,0.0,0.0,491.887,1098.465,1.007
"L_uu_workout[42, 39]",0.002,0.001,0.0,0.005,0.0,0.0,496.361,1042.223,1.007
"L_uu_workout[42, 40]",0.002,0.001,0.0,0.004,0.0,0.0,500.3,1075.635,1.007
"L_uu_workout[42, 41]",0.002,0.001,0.0,0.003,0.0,0.0,513.044,1035.491,1.007
"L_uu_workout[42, 42]",0.004,0.002,0.002,0.007,0.0,0.0,999.039,1182.97,1.003
"L_uu_workout[42, 43]",0.0,0.0,0.0,0.0,0.0,,2000.0,2000.0,
"L_uu_workout[42, 44]",0.0,0.0,0.0,0.0,0.0,,2000.0,2000.0,
"L_uu_workout[42, 45]",0.0,0.0,0.0,0.0,0.0,,2000.0,2000.0,
"L_uu_workout[42, 46]",0.0,0.0,0.0,0.0,0.0,,2000.0,2000.0,
"L_uu_workout[42, 47]",0.0,0.0,0.0,0.0,0.0,,2000.0,2000.0,
"L_uu_workout[42, 48]",0.0,0.0,0.0,0.0,0.0,,2000.0,2000.0,
"L_uu_workout[42, 49]",0.0,0.0,0.0,0.0,0.0,,2000.0,2000.0,
"L_uu_workout[43, 0]",0.251,0.138,0.029,0.499,0.004,0.004,1051.698,1284.716,0.999
"L_uu_workout[43, 1]",0.132,0.074,0.017,0.259,0.003,0.002,466.259,1144.899,1.007
"L_uu_workout[43, 2]",0.087,0.04,0.024,0.163,0.001,0.001,861.235,1380.789,1.003
"L_uu_workout[43, 3]",0.058,0.023,0.022,0.1,0.001,0.001,957.821,1236.267,1.003
"L_uu_workout[43, 4]",0.045,0.019,0.018,0.078,0.001,0.001,746.733,1023.85,1.005
"L_uu_workout[43, 5]",0.04,0.021,0.013,0.08,0.001,0.001,610.883,1089.019,1.007
"L_uu_workout[43, 6]",0.039,0.025,0.01,0.087,0.001,0.001,538.923,1099.156,1.007
"L_uu_workout[43, 7]",0.038,0.028,0.008,0.089,0.001,0.001,490.297,1132.676,1.007
"L_uu_workout[43, 8]",0.038,0.028,0.006,0.088,0.001,0.001,460.523,1056.818,1.007
"L_uu_workout[43, 9]",0.036,0.027,0.004,0.082,0.001,0.001,441.971,1033.76,1.007
"L_uu_workout[43, 10]",0.035,0.025,0.004,0.077,0.001,0.001,433.032,1010.852,1.007
"L_uu_workout[43, 11]",0.033,0.023,0.004,0.072,0.001,0.001,431.343,932.671,1.007
"L_uu_workout[43, 12]",0.031,0.021,0.003,0.066,0.001,0.001,434.622,969.411,1.007
"L_uu_workout[43, 13]",0.029,0.02,0.003,0.062,0.001,0.001,433.626,986.235,1.007
"L_uu_workout[43, 14]",0.027,0.018,0.002,0.061,0.001,0.001,435.323,1060.49,1.007
"L_uu_workout[43, 15]",0.025,0.018,0.002,0.058,0.001,0.001,433.959,1086.731,1.007
"L_uu_workout[43, 16]",0.023,0.017,0.002,0.055,0.001,0.001,433.237,1025.915,1.008
"L_uu_workout[43, 17]",0.022,0.016,0.002,0.053,0.001,0.001,432.353,1015.499,1.008
"L_uu_workout[43, 18]",0.021,0.016,0.002,0.05,0.001,0.001,431.924,1009.646,1.008
"L_uu_workout[43, 19]",0.019,0.015,0.002,0.047,0.001,0.001,432.611,1009.418,1.008
"L_uu_workout[43, 20]",0.018,0.014,0.002,0.045,0.001,0.001,432.662,1015.118,1.008
"L_uu_workout[43, 21]",0.017,0.013,0.002,0.042,0.001,0.001,434.806,993.477,1.008
"L_uu_workout[43, 22]",0.016,0.013,0.001,0.039,0.001,0.001,438.022,1015.196,1.008
"L_uu_workout[43, 23]",0.014,0.012,0.001,0.036,0.0,0.0,441.152,987.897,1.008
"L_uu_workout[43, 24]",0.013,0.011,0.001,0.034,0.0,0.0,445.2,1061.487,1.007
"L_uu_workout[43, 25]",0.012,0.01,0.001,0.031,0.0,0.0,449.191,1042.08,1.007
"L_uu_workout[43, 26]",0.011,0.009,0.001,0.029,0.0,0.0,453.12,1053.63,1.007
"L_uu_workout[43, 27]",0.01,0.009,0.001,0.026,0.0,0.0,459.294,1067.244,1.007
"L_uu_workout[43, 28]",0.009,0.008,0.001,0.024,0.0,0.0,463.131,1050.401,1.007
"L_uu_workout[43, 29]",0.009,0.007,0.001,0.022,0.0,0.0,469.443,1065.521,1.007
"L_uu_workout[43, 30]",0.008,0.006,0.001,0.02,0.0,0.0,472.049,1077.822,1.007
"L_uu_workout[43, 31]",0.007,0.006,0.001,0.018,0.0,0.0,473.436,1057.551,1.007
"L_uu_workout[43, 32]",0.006,0.005,0.001,0.016,0.0,0.0,475.889,1040.191,1.007
"L_uu_workout[43, 33]",0.006,0.004,0.001,0.014,0.0,0.0,477.474,1039.825,1.007
"L_uu_workout[43, 34]",0.005,0.004,0.001,0.012,0.0,0.0,479.26,1027.379,1.007
"L_uu_workout[43, 35]",0.004,0.003,0.001,0.011,0.0,0.0,480.559,1015.91,1.007
"L_uu_workout[43, 36]",0.004,0.003,0.001,0.009,0.0,0.0,480.85,1038.398,1.007
"L_uu_workout[43, 37]",0.003,0.002,0.001,0.008,0.0,0.0,482.357,1073.75,1.007
"L_uu_workout[43, 38]",0.003,0.002,0.001,0.007,0.0,0.0,486.007,1080.725,1.007
"L_uu_workout[43, 39]",0.003,0.002,0.0,0.005,0.0,0.0,490.169,1065.78,1.007
"L_uu_workout[43, 40]",0.002,0.001,0.0,0.005,0.0,0.0,495.163,1065.587,1.007
"L_uu_workout[43, 41]",0.002,0.001,0.0,0.004,0.0,0.0,498.851,1056.898,1.007
"L_uu_workout[43, 42]",0.002,0.001,0.0,0.003,0.0,0.0,511.935,1035.122,1.007
"L_uu_workout[43, 43]",0.004,0.002,0.002,0.007,0.0,0.0,998.579,1182.97,1.003
"L_uu_workout[43, 44]",0.0,0.0,0.0,0.0,0.0,,2000.0,2000.0,
"L_uu_workout[43, 45]",0.0,0.0,0.0,0.0,0.0,,2000.0,2000.0,
"L_uu_workout[43, 46]",0.0,0.0,0.0,0.0,0.0,,2000.0,2000.0,
"L_uu_workout[43, 47]",0.0,0.0,0.0,0.0,0.0,,2000.0,2000.0,
"L_uu_workout[43, 48]",0.0,0.0,0.0,0.0,0.0,,2000.0,2000.0,
"L_uu_workout[43, 49]",0.0,0.0,0.0,0.0,0.0,,2000.0,2000.0,
"L_uu_workout[44, 0]",0.248,0.138,0.027,0.498,0.004,0.004,1032.221,1284.716,0.999
"L_uu_workout[44, 1]",0.132,0.074,0.017,0.258,0.003,0.002,476.81,1137.705,1.007
"L_uu_workout[44, 2]",0.087,0.041,0.022,0.163,0.001,0.001,890.667,1440.173,1.003
"L_uu_workout[44, 3]",0.058,0.024,0.023,0.102,0.001,0.001,992.29,1295.501,1.003
"L_uu_workout[44, 4]",0.045,0.019,0.018,0.079,0.001,0.001,762.021,1045.785,1.005
"L_uu_workout[44, 5]",0.041,0.021,0.013,0.081,0.001,0.001,612.213,1101.224,1.007
"L_uu_workout[44, 6]",0.039,0.025,0.01,0.086,0.001,0.001,535.388,1080.724,1.007
"L_uu_workout[44, 7]",0.039,0.028,0.008,0.09,0.001,0.001,487.97,1176.722,1.007
"L_uu_workout[44, 8]",0.038,0.028,0.006,0.088,0.001,0.001,457.959,1056.818,1.007
"L_uu_workout[44, 9]",0.037,0.027,0.005,0.084,0.001,0.001,439.83,1033.76,1.007
"L_uu_workout[44, 10]",0.036,0.025,0.004,0.078,0.001,0.001,430.865,970.324,1.007
"L_uu_workout[44, 11]",0.034,0.023,0.003,0.073,0.001,0.001,429.487,960.422,1.007
"L_uu_workout[44, 12]",0.032,0.021,0.003,0.067,0.001,0.001,433.065,980.151,1.007
"L_uu_workout[44, 13]",0.03,0.02,0.002,0.064,0.001,0.001,432.562,1040.553,1.007
"L_uu_workout[44, 14]",0.028,0.019,0.003,0.062,0.001,0.001,435.182,1060.49,1.007
"L_uu_workout[44, 15]",0.026,0.018,0.002,0.059,0.001,0.001,432.983,1086.561,1.007
"L_uu_workout[44, 16]",0.024,0.017,0.002,0.056,0.001,0.001,431.376,1025.915,1.008
"L_uu_workout[44, 17]",0.023,0.017,0.002,0.054,0.001,0.001,430.766,1060.813,1.008
"L_uu_workout[44, 18]",0.021,0.016,0.002,0.052,0.001,0.001,430.734,1015.499,1.008
"L_uu_workout[44, 19]",0.02,0.016,0.002,0.05,0.001,0.001,430.328,968.583,1.008
"L_uu_workout[44, 20]",0.019,0.015,0.002,0.047,0.001,0.001,431.509,983.482,1.008
"L_uu_workout[44, 21]",0.018,0.014,0.002,0.045,0.001,0.001,433.251,1004.971,1.008
"L_uu_workout[44, 22]",0.016,0.013,0.001,0.042,0.001,0.001,436.591,1008.289,1.008
"L_uu_workout[44, 23]",0.015,0.013,0.001,0.039,0.001,0.001,439.441,987.897,1.008
"L_uu_workout[44, 24]",0.014,0.012,0.001,0.037,0.0,0.0,444.056,1062.095,1.007
"L_uu_workout[44, 25]",0.013,0.011,0.001,0.034,0.0,0.0,448.518,1042.08,1.007
"L_uu_workout[44, 26]",0.012,0.01,0.001,0.031,0.0,0.0,451.881,1053.944,1.007
"L_uu_workout[44, 27]",0.011,0.009,0.001,0.028,0.0,0.0,457.678,1067.244,1.007
"L_uu_workout[44, 28]",0.01,0.009,0.001,0.026,0.0,0.0,462.108,1090.747,1.007
"L_uu_workout[44, 29]",0.009,0.008,0.001,0.024,0.0,0.0,466.974,1065.521,1.007
"L_uu_workout[44, 30]",0.008,0.007,0.001,0.022,0.0,0.0,469.948,1085.104,1.007
"L_uu_workout[44, 31]",0.008,0.006,0.001,0.02,0.0,0.0,471.185,1057.551,1.007
"L_uu_workout[44, 32]",0.007,0.006,0.001,0.018,0.0,0.0,473.757,1040.191,1.007
"L_uu_workout[44, 33]",0.006,0.005,0.001,0.015,0.0,0.0,474.808,1039.825,1.007
"L_uu_workout[44, 34]",0.006,0.004,0.001,0.014,0.0,0.0,476.531,1039.825,1.007
"L_uu_workout[44, 35]",0.005,0.004,0.001,0.012,0.0,0.0,477.223,1027.379,1.007
"L_uu_workout[44, 36]",0.004,0.003,0.001,0.01,0.0,0.0,477.637,1015.91,1.007
"L_uu_workout[44, 37]",0.004,0.003,0.001,0.009,0.0,0.0,478.662,1053.955,1.007
"L_uu_workout[44, 38]",0.003,0.002,0.001,0.008,0.0,0.0,480.944,1073.764,1.007
"L_uu_workout[44, 39]",0.003,0.002,0.001,0.007,0.0,0.0,482.944,1080.566,1.007
"L_uu_workout[44, 40]",0.002,0.002,0.001,0.005,0.0,0.0,487.267,1065.78,1.007
"L_uu_workout[44, 41]",0.002,0.001,0.0,0.005,0.0,0.0,492.573,1065.587,1.007
"L_uu_workout[44, 42]",0.002,0.001,0.0,0.004,0.0,0.0,497.4,1053.211,1.007
"L_uu_workout[44, 43]",0.002,0.001,0.0,0.003,0.0,0.0,511.673,1017.846,1.007
"L_uu_workout[44, 44]",0.004,0.002,0.002,0.007,0.0,0.0,998.21,1183.505,1.003
"L_uu_workout[44, 45]",0.0,0.0,0.0,0.0,0.0,,2000.0,2000.0,
"L_uu_workout[44, 46]",0.0,0.0,0.0,0.0,0.0,,2000.0,2000.0,
"L_uu_workout[44, 47]",0.0,0.0,0.0,0.0,0.0,,2000.0,2000.0,
"L_uu_workout[44, 48]",0.0,0.0,0.0,0.0,0.0,,2000.0,2000.0,
"L_uu_workout[44, 49]",0.0,0.0,0.0,0.0,0.0,,2000.0,2000.0,
"L_uu_workout[45, 0]",0.245,0.138,0.027,0.496,0.004,0.004,1013.824,1284.368,0.999
"L_uu_workout[45, 1]",0.132,0.074,0.017,0.259,0.003,0.002,488.556,1188.659,1.006
"L_uu_workout[45, 2]",0.088,0.041,0.022,0.164,0.001,0.001,921.716,1482.335,1.002
"L_uu_workout[45, 3]",0.058,0.024,0.023,0.103,0.001,0.001,1017.669,1297.365,1.002
"L_uu_workout[45, 4]",0.046,0.019,0.019,0.081,0.001,0.001,775.214,971.465,1.005
"L_uu_workout[45, 5]",0.041,0.021,0.013,0.08,0.001,0.001,612.908,1120.979,1.006
"L_uu_workout[45, 6]",0.04,0.025,0.01,0.087,0.001,0.001,531.015,1107.747,1.007
"L_uu_workout[45, 7]",0.04,0.028,0.008,0.09,0.001,0.001,485.079,1183.78,1.007
"L_uu_workout[45, 8]",0.039,0.028,0.006,0.089,0.001,0.001,455.216,1056.818,1.007
"L_uu_workout[45, 9]",0.038,0.028,0.005,0.085,0.001,0.001,437.93,1033.76,1.007
"L_uu_workout[45, 10]",0.036,0.026,0.005,0.081,0.001,0.001,429.466,970.324,1.007
"L_uu_workout[45, 11]",0.034,0.024,0.004,0.075,0.001,0.001,428.108,970.209,1.007
"L_uu_workout[45, 12]",0.032,0.022,0.003,0.069,0.001,0.001,431.326,980.151,1.007
"L_uu_workout[45, 13]",0.03,0.02,0.002,0.065,0.001,0.001,431.857,1040.553,1.007
"L_uu_workout[45, 14]",0.029,0.019,0.003,0.063,0.001,0.001,433.427,1060.49,1.007
"L_uu_workout[45, 15]",0.027,0.018,0.002,0.06,0.001,0.001,431.271,1086.561,1.008
"L_uu_workout[45, 16]",0.025,0.018,0.002,0.058,0.001,0.001,430.282,1086.1,1.008
"L_uu_workout[45, 17]",0.024,0.017,0.002,0.056,0.001,0.001,429.467,1061.398,1.008
"L_uu_workout[45, 18]",0.022,0.017,0.002,0.054,0.001,0.001,428.74,1042.759,1.008
"L_uu_workout[45, 19]",0.021,0.016,0.002,0.052,0.001,0.001,428.747,973.562,1.008
"L_uu_workout[45, 20]",0.02,0.015,0.002,0.05,0.001,0.001,430.612,983.482,1.008
"L_uu_workout[45, 21]",0.019,0.015,0.002,0.047,0.001,0.001,431.321,999.455,1.008
"L_uu_workout[45, 22]",0.017,0.014,0.001,0.044,0.001,0.001,434.834,991.211,1.008
"L_uu_workout[45, 23]",0.016,0.013,0.002,0.041,0.001,0.001,437.886,987.897,1.008
"L_uu_workout[45, 24]",0.015,0.012,0.001,0.038,0.001,0.0,442.617,989.971,1.007
"L_uu_workout[45, 25]",0.014,0.012,0.001,0.036,0.0,0.0,447.494,1042.08,1.007
"L_uu_workout[45, 26]",0.013,0.011,0.001,0.033,0.0,0.0,451.089,1053.944,1.007
"L_uu_workout[45, 27]",0.012,0.01,0.001,0.031,0.0,0.0,456.731,1067.244,1.007
"L_uu_workout[45, 28]",0.011,0.009,0.001,0.028,0.0,0.0,461.445,1090.747,1.007
"L_uu_workout[45, 29]",0.01,0.008,0.001,0.026,0.0,0.0,465.292,1065.521,1.007
"L_uu_workout[45, 30]",0.009,0.008,0.001,0.024,0.0,0.0,468.211,1057.551,1.007
"L_uu_workout[45, 31]",0.008,0.007,0.001,0.022,0.0,0.0,469.58,1070.49,1.007
"L_uu_workout[45, 32]",0.008,0.006,0.001,0.019,0.0,0.0,471.754,1051.7,1.007
"L_uu_workout[45, 33]",0.007,0.006,0.001,0.017,0.0,0.0,472.498,1051.7,1.007
"L_uu_workout[45, 34]",0.006,0.005,0.001,0.015,0.0,0.0,472.842,1051.7,1.007
"L_uu_workout[45, 35]",0.005,0.004,0.001,0.014,0.0,0.0,474.664,1027.379,1.007
"L_uu_workout[45, 36]",0.005,0.004,0.001,0.012,0.0,0.0,474.732,1027.379,1.007
"L_uu_workout[45, 37]",0.004,0.003,0.001,0.01,0.0,0.0,474.785,1028.075,1.007
"L_uu_workout[45, 38]",0.004,0.003,0.001,0.009,0.0,0.0,476.358,1053.955,1.007
"L_uu_workout[45, 39]",0.003,0.002,0.001,0.008,0.0,0.0,478.347,1073.764,1.007
"L_uu_workout[45, 40]",0.003,0.002,0.001,0.006,0.0,0.0,481.038,1056.539,1.007
"L_uu_workout[45, 41]",0.002,0.002,0.001,0.005,0.0,0.0,484.608,1056.953,1.007
"L_uu_workout[45, 42]",0.002,0.001,0.0,0.004,0.0,0.0,490.772,1041.957,1.007
"L_uu_workout[45, 43]",0.002,0.001,0.0,0.004,0.0,0.0,496.222,1053.211,1.007
"L_uu_workout[45, 44]",0.002,0.001,0.0,0.003,0.0,0.0,510.268,1040.728,1.007
"L_uu_workout[45, 45]",0.004,0.002,0.002,0.007,0.0,0.0,997.671,1183.505,1.003
"L_uu_workout[45, 46]",0.0,0.0,0.0,0.0,0.0,,2000.0,2000.0,
"L_uu_workout[45, 47]",0.0,0.0,0.0,0.0,0.0,,2000.0,2000.0,
"L_uu_workout[45, 48]",0.0,0.0,0.0,0.0,0.0,,2000.0,2000.0,
"L_uu_workout[45, 49]",0.0,0.0,0.0,0.0,0.0,,2000.0,2000.0,
"L_uu_workout[46, 0]",0.241,0.138,0.022,0.49,0.005,0.004,995.563,1284.368,0.999
"L_uu_workout[46, 1]",0.132,0.074,0.019,0.26,0.003,0.002,500.062,1203.02,1.006
"L_uu_workout[46, 2]",0.088,0.042,0.024,0.169,0.001,0.001,952.978,1484.301,1.002
"L_uu_workout[46, 3]",0.059,0.024,0.023,0.105,0.001,0.001,1057.315,1314.215,1.002
"L_uu_workout[46, 4]",0.046,0.019,0.018,0.079,0.001,0.001,796.332,1020.125,1.005
"L_uu_workout[46, 5]",0.041,0.021,0.014,0.08,0.001,0.001,618.239,1083.923,1.006
"L_uu_workout[46, 6]",0.04,0.025,0.01,0.087,0.001,0.001,529.264,1097.323,1.007
"L_uu_workout[46, 7]",0.04,0.028,0.008,0.091,0.001,0.001,482.502,1183.603,1.007
"L_uu_workout[46, 8]",0.04,0.029,0.006,0.09,0.001,0.001,454.286,1056.818,1.007
"L_uu_workout[46, 9]",0.039,0.028,0.005,0.086,0.001,0.001,436.395,1033.76,1.007
"L_uu_workout[46, 10]",0.037,0.026,0.004,0.082,0.001,0.001,428.181,970.324,1.007
"L_uu_workout[46, 11]",0.035,0.024,0.004,0.076,0.001,0.001,426.812,970.209,1.007
"L_uu_workout[46, 12]",0.033,0.022,0.003,0.071,0.001,0.001,430.0,979.675,1.007
"L_uu_workout[46, 13]",0.031,0.021,0.003,0.067,0.001,0.001,431.186,1040.553,1.007
"L_uu_workout[46, 14]",0.029,0.02,0.003,0.065,0.001,0.001,432.287,1060.49,1.007
"L_uu_workout[46, 15]",0.028,0.019,0.003,0.062,0.001,0.001,429.983,1073.591,1.008
"L_uu_workout[46, 16]",0.026,0.018,0.002,0.059,0.001,0.001,428.742,1061.367,1.008
"L_uu_workout[46, 17]",0.025,0.018,0.002,0.057,0.001,0.001,427.147,1061.398,1.008
"L_uu_workout[46, 18]",0.023,0.017,0.002,0.056,0.001,0.001,427.174,1042.062,1.008
"L_uu_workout[46, 19]",0.022,0.017,0.002,0.054,0.001,0.001,426.674,1014.972,1.008
"L_uu_workout[46, 20]",0.021,0.016,0.002,0.052,0.001,0.001,428.665,973.415,1.008
"L_uu_workout[46, 21]",0.019,0.015,0.001,0.049,0.001,0.001,429.625,1000.615,1.008
"L_uu_workout[46, 22]",0.018,0.015,0.002,0.046,0.001,0.001,433.249,990.937,1.008
"L_uu_workout[46, 23]",0.017,0.014,0.001,0.043,0.001,0.001,437.722,987.897,1.008
"L_uu_workout[46, 24]",0.016,0.013,0.001,0.04,0.001,0.001,441.576,989.971,1.007
"L_uu_workout[46, 25]",0.015,0.012,0.001,0.038,0.001,0.0,446.602,1042.286,1.007
"L_uu_workout[46, 26]",0.014,0.012,0.001,0.035,0.0,0.0,450.009,1078.064,1.007
"L_uu_workout[46, 27]",0.013,0.011,0.001,0.033,0.0,0.0,455.362,1042.448,1.007
"L_uu_workout[46, 28]",0.012,0.01,0.001,0.03,0.0,0.0,460.013,1090.747,1.007
"L_uu_workout[46, 29]",0.011,0.009,0.001,0.028,0.0,0.0,463.57,1065.521,1.007
"L_uu_workout[46, 30]",0.01,0.008,0.001,0.026,0.0,0.0,465.057,1057.551,1.007
"L_uu_workout[46, 31]",0.009,0.008,0.001,0.023,0.0,0.0,467.552,1070.49,1.007
"L_uu_workout[46, 32]",0.008,0.007,0.001,0.021,0.0,0.0,469.333,1051.7,1.007
"L_uu_workout[46, 33]",0.007,0.006,0.001,0.019,0.0,0.0,470.199,1051.7,1.007
"L_uu_workout[46, 34]",0.007,0.006,0.001,0.017,0.0,0.0,471.177,1051.7,1.007
"L_uu_workout[46, 35]",0.006,0.005,0.001,0.015,0.0,0.0,471.818,1051.7,1.007
"L_uu_workout[46, 36]",0.005,0.004,0.001,0.013,0.0,0.0,472.623,1027.379,1.007
"L_uu_workout[46, 37]",0.005,0.004,0.001,0.012,0.0,0.0,472.362,1027.379,1.007
"L_uu_workout[46, 38]",0.004,0.003,0.001,0.01,0.0,0.0,473.119,1050.826,1.007
"L_uu_workout[46, 39]",0.004,0.003,0.001,0.009,0.0,0.0,475.117,1053.955,1.007
"L_uu_workout[46, 40]",0.003,0.002,0.001,0.008,0.0,0.0,476.4,1038.572,1.007
"L_uu_workout[46, 41]",0.003,0.002,0.001,0.006,0.0,0.0,480.191,1056.539,1.007
"L_uu_workout[46, 42]",0.002,0.002,0.0,0.005,0.0,0.0,484.061,1022.749,1.007
"L_uu_workout[46, 43]",0.002,0.001,0.0,0.004,0.0,0.0,489.174,1041.957,1.007
"L_uu_workout[46, 44]",0.002,0.001,0.0,0.004,0.0,0.0,495.663,1045.106,1.007
"L_uu_workout[46, 45]",0.002,0.001,0.0,0.003,0.0,0.0,508.817,1040.728,1.007
"L_uu_workout[46, 46]",0.004,0.002,0.002,0.007,0.0,0.0,997.393,1183.505,1.003
"L_uu_workout[46, 47]",0.0,0.0,0.0,0.0,0.0,,2000.0,2000.0,
"L_uu_workout[46, 48]",0.0,0.0,0.0,0.0,0.0,,2000.0,2000.0,
"L_uu_workout[46, 49]",0.0,0.0,0.0,0.0,0.0,,2000.0,2000.0,
"L_uu_workout[47, 0]",0.238,0.138,0.02,0.488,0.005,0.004,978.081,1234.804,0.999
"L_uu_workout[47, 1]",0.132,0.073,0.018,0.259,0.003,0.002,515.064,1168.742,1.006
"L_uu_workout[47, 2]",0.089,0.042,0.024,0.171,0.001,0.001,984.484,1517.104,1.002
"L_uu_workout[47, 3]",0.059,0.025,0.021,0.105,0.001,0.001,1097.271,1314.383,1.002
"L_uu_workout[47, 4]",0.046,0.019,0.02,0.081,0.001,0.001,816.505,997.582,1.005
"L_uu_workout[47, 5]",0.042,0.021,0.014,0.08,0.001,0.001,623.623,1047.43,1.006
"L_uu_workout[47, 6]",0.041,0.025,0.01,0.086,0.001,0.001,527.817,1152.961,1.007
"L_uu_workout[47, 7]",0.041,0.028,0.008,0.091,0.001,0.001,480.327,1183.603,1.007
"L_uu_workout[47, 8]",0.04,0.029,0.006,0.091,0.001,0.001,452.798,1033.823,1.007
"L_uu_workout[47, 9]",0.039,0.028,0.005,0.087,0.001,0.001,434.409,990.306,1.007
"L_uu_workout[47, 10]",0.038,0.026,0.005,0.084,0.001,0.001,427.35,970.324,1.007
"L_uu_workout[47, 11]",0.036,0.025,0.004,0.078,0.001,0.001,426.204,951.319,1.007
"L_uu_workout[47, 12]",0.034,0.023,0.004,0.072,0.001,0.001,429.125,996.661,1.007
"L_uu_workout[47, 13]",0.032,0.021,0.003,0.068,0.001,0.001,430.486,1040.553,1.007
"L_uu_workout[47, 14]",0.03,0.02,0.003,0.066,0.001,0.001,429.528,1050.886,1.007
"L_uu_workout[47, 15]",0.029,0.019,0.003,0.063,0.001,0.001,427.536,1073.591,1.008
"L_uu_workout[47, 16]",0.027,0.019,0.002,0.061,0.001,0.001,426.69,1061.367,1.008
"L_uu_workout[47, 17]",0.026,0.018,0.002,0.059,0.001,0.001,426.006,1061.398,1.008
"L_uu_workout[47, 18]",0.024,0.018,0.002,0.057,0.001,0.001,425.009,1037.67,1.008
"L_uu_workout[47, 19]",0.023,0.017,0.002,0.056,0.001,0.001,425.03,1027.263,1.008
"L_uu_workout[47, 20]",0.022,0.017,0.002,0.054,0.001,0.001,427.173,973.415,1.008
"L_uu_workout[47, 21]",0.02,0.016,0.002,0.051,0.001,0.001,428.494,990.314,1.008
"L_uu_workout[47, 22]",0.019,0.015,0.002,0.049,0.001,0.001,431.666,1000.448,1.008
"L_uu_workout[47, 23]",0.018,0.015,0.001,0.045,0.001,0.001,436.52,987.897,1.008
"L_uu_workout[47, 24]",0.017,0.014,0.001,0.042,0.001,0.001,441.139,979.776,1.007
"L_uu_workout[47, 25]",0.016,0.013,0.001,0.04,0.001,0.001,446.034,1065.438,1.007
"L_uu_workout[47, 26]",0.015,0.012,0.001,0.037,0.0,0.0,449.278,1077.735,1.007
"L_uu_workout[47, 27]",0.014,0.011,0.001,0.035,0.0,0.0,453.857,1042.448,1.007
"L_uu_workout[47, 28]",0.013,0.011,0.001,0.032,0.0,0.0,458.366,1066.275,1.007
"L_uu_workout[47, 29]",0.012,0.01,0.001,0.03,0.0,0.0,462.035,1077.822,1.007
"L_uu_workout[47, 30]",0.011,0.009,0.001,0.028,0.0,0.0,464.042,1057.551,1.007
"L_uu_workout[47, 31]",0.01,0.008,0.001,0.025,0.0,0.0,465.833,1070.49,1.007
"L_uu_workout[47, 32]",0.009,0.008,0.001,0.023,0.0,0.0,467.229,1051.7,1.007
"L_uu_workout[47, 33]",0.008,0.007,0.001,0.021,0.0,0.0,468.21,1051.7,1.007
"L_uu_workout[47, 34]",0.007,0.006,0.001,0.019,0.0,0.0,468.954,1051.7,1.007
"L_uu_workout[47, 35]",0.007,0.006,0.001,0.017,0.0,0.0,469.371,1058.63,1.007
"L_uu_workout[47, 36]",0.006,0.005,0.001,0.015,0.0,0.0,469.902,1045.79,1.007
"L_uu_workout[47, 37]",0.005,0.004,0.001,0.013,0.0,0.0,470.212,1027.379,1.007
"L_uu_workout[47, 38]",0.005,0.004,0.001,0.012,0.0,0.0,470.069,1032.771,1.007
"L_uu_workout[47, 39]",0.004,0.003,0.001,0.01,0.0,0.0,472.0,1057.108,1.007
"L_uu_workout[47, 40]",0.004,0.003,0.001,0.009,0.0,0.0,473.198,1033.328,1.007
"L_uu_workout[47, 41]",0.003,0.002,0.001,0.008,0.0,0.0,475.678,1033.328,1.007
"L_uu_workout[47, 42]",0.003,0.002,0.001,0.006,0.0,0.0,479.56,1022.522,1.007
"L_uu_workout[47, 43]",0.002,0.002,0.0,0.005,0.0,0.0,483.212,1011.2,1.007
"L_uu_workout[47, 44]",0.002,0.001,0.0,0.004,0.0,0.0,488.323,1041.957,1.007
"L_uu_workout[47, 45]",0.002,0.001,0.0,0.004,0.0,0.0,494.816,1053.211,1.007
"L_uu_workout[47, 46]",0.001,0.001,0.0,0.003,0.0,0.0,507.496,1040.728,1.007
"L_uu_workout[47, 47]",0.004,0.002,0.002,0.007,0.0,0.0,997.42,1183.505,1.003
"L_uu_workout[47, 48]",0.0,0.0,0.0,0.0,0.0,,2000.0,2000.0,
"L_uu_workout[47, 49]",0.0,0.0,0.0,0.0,0.0,,2000.0,2000.0,
"L_uu_workout[48, 0]",0.235,0.138,0.017,0.483,0.005,0.004,961.212,1234.837,1.0
"L_uu_workout[48, 1]",0.132,0.073,0.018,0.258,0.003,0.002,531.646,1200.79,1.006
"L_uu_workout[48, 2]",0.089,0.042,0.024,0.173,0.001,0.001,1017.792,1459.375,1.002
"L_uu_workout[48, 3]",0.06,0.025,0.023,0.108,0.001,0.001,1134.711,1260.629,1.001
"L_uu_workout[48, 4]",0.047,0.019,0.02,0.082,0.001,0.001,835.38,987.011,1.004
"L_uu_workout[48, 5]",0.042,0.021,0.015,0.08,0.001,0.001,629.138,1060.903,1.006
"L_uu_workout[48, 6]",0.041,0.025,0.01,0.086,0.001,0.001,527.64,1170.694,1.007
"L_uu_workout[48, 7]",0.041,0.028,0.008,0.091,0.001,0.001,478.309,1183.603,1.007
"L_uu_workout[48, 8]",0.041,0.029,0.007,0.091,0.001,0.001,450.431,1033.823,1.007
"L_uu_workout[48, 9]",0.04,0.028,0.005,0.089,0.001,0.001,431.8,990.306,1.007
"L_uu_workout[48, 10]",0.039,0.027,0.005,0.085,0.001,0.001,426.219,922.488,1.007
"L_uu_workout[48, 11]",0.037,0.025,0.004,0.079,0.001,0.001,424.779,951.319,1.007
"L_uu_workout[48, 12]",0.035,0.023,0.004,0.074,0.001,0.001,428.165,996.661,1.007
"L_uu_workout[48, 13]",0.033,0.021,0.003,0.069,0.001,0.001,429.869,1040.11,1.007
"L_uu_workout[48, 14]",0.031,0.02,0.003,0.067,0.001,0.001,427.659,1050.886,1.007
"L_uu_workout[48, 15]",0.029,0.02,0.003,0.065,0.001,0.001,425.011,1073.591,1.008
"L_uu_workout[48, 16]",0.028,0.019,0.002,0.062,0.001,0.001,424.323,1061.367,1.008
"L_uu_workout[48, 17]",0.026,0.019,0.002,0.06,0.001,0.001,423.703,1051.244,1.008
"L_uu_workout[48, 18]",0.025,0.018,0.002,0.06,0.001,0.001,423.605,1037.67,1.008
"L_uu_workout[48, 19]",0.024,0.018,0.002,0.058,0.001,0.001,423.797,1027.263,1.008
"L_uu_workout[48, 20]",0.022,0.017,0.002,0.056,0.001,0.001,424.797,1027.857,1.008
"L_uu_workout[48, 21]",0.021,0.017,0.001,0.052,0.001,0.001,427.031,991.089,1.008
"L_uu_workout[48, 22]",0.02,0.016,0.001,0.05,0.001,0.001,430.13,1018.26,1.008
"L_uu_workout[48, 23]",0.019,0.015,0.001,0.047,0.001,0.001,435.208,1018.26,1.008
"L_uu_workout[48, 24]",0.018,0.014,0.001,0.044,0.001,0.001,440.184,979.776,1.007
"L_uu_workout[48, 25]",0.017,0.014,0.002,0.042,0.001,0.001,444.661,1053.504,1.007
"L_uu_workout[48, 26]",0.015,0.013,0.001,0.039,0.001,0.001,447.804,1077.735,1.007
"L_uu_workout[48, 27]",0.014,0.012,0.001,0.036,0.0,0.0,452.573,1066.233,1.007
"L_uu_workout[48, 28]",0.013,0.011,0.001,0.034,0.0,0.0,456.494,1042.425,1.007
"L_uu_workout[48, 29]",0.012,0.011,0.001,0.032,0.0,0.0,460.862,1077.822,1.007
"L_uu_workout[48, 30]",0.011,0.01,0.001,0.03,0.0,0.0,462.66,1057.551,1.007
"L_uu_workout[48, 31]",0.011,0.009,0.001,0.028,0.0,0.0,463.679,1051.7,1.007
"L_uu_workout[48, 32]",0.01,0.008,0.001,0.025,0.0,0.0,464.292,1051.7,1.007
"L_uu_workout[48, 33]",0.009,0.008,0.001,0.023,0.0,0.0,466.044,1051.7,1.007
"L_uu_workout[48, 34]",0.008,0.007,0.001,0.021,0.0,0.0,467.231,1051.399,1.007
"L_uu_workout[48, 35]",0.007,0.006,0.001,0.019,0.0,0.0,466.971,1058.63,1.007
"L_uu_workout[48, 36]",0.007,0.006,0.001,0.017,0.0,0.0,467.886,1058.63,1.007
"L_uu_workout[48, 37]",0.006,0.005,0.001,0.015,0.0,0.0,467.873,1034.349,1.007
"L_uu_workout[48, 38]",0.005,0.004,0.001,0.013,0.0,0.0,468.162,1046.907,1.007
"L_uu_workout[48, 39]",0.005,0.004,0.001,0.012,0.0,0.0,469.296,1033.238,1.007
"L_uu_workout[48, 40]",0.004,0.003,0.001,0.01,0.0,0.0,469.753,1056.21,1.007
"L_uu_workout[48, 41]",0.004,0.003,0.001,0.009,0.0,0.0,471.226,1044.844,1.007
"L_uu_workout[48, 42]",0.003,0.002,0.001,0.007,0.0,0.0,473.999,1044.844,1.007
"L_uu_workout[48, 43]",0.003,0.002,0.0,0.006,0.0,0.0,478.322,1034.101,1.007
"L_uu_workout[48, 44]",0.002,0.002,0.0,0.005,0.0,0.0,482.319,1022.596,1.007
"L_uu_workout[48, 45]",0.002,0.001,0.0,0.004,0.0,0.0,487.744,1033.719,1.007
"L_uu_workout[48, 46]",0.002,0.001,0.0,0.004,0.0,0.0,494.329,1033.719,1.007
"L_uu_workout[48, 47]",0.001,0.001,0.0,0.003,0.0,0.0,506.387,1040.728,1.007
"L_uu_workout[48, 48]",0.004,0.002,0.002,0.007,0.0,0.0,996.609,1183.505,1.003
"L_uu_workout[48, 49]",0.0,0.0,0.0,0.0,0.0,,2000.0,2000.0,
"L_uu_workout[49, 0]",0.231,0.138,0.016,0.479,0.005,0.004,944.535,1235.109,0.999
"L_uu_workout[49, 1]",0.131,0.073,0.019,0.259,0.003,0.002,550.675,1229.064,1.006
"L_uu_workout[49, 2]",0.089,0.043,0.024,0.174,0.001,0.001,1045.934,1436.785,1.001
"L_uu_workout[49, 3]",0.06,0.025,0.022,0.108,0.001,0.001,1173.812,1295.188,1.001
"L_uu_workout[49, 4]",0.047,0.019,0.02,0.082,0.001,0.001,861.746,995.881,1.004
"L_uu_workout[49, 5]",0.042,0.021,0.015,0.08,0.001,0.001,634.492,1127.241,1.006
"L_uu_workout[49, 6]",0.041,0.025,0.011,0.086,0.001,0.001,528.66,1206.021,1.007
"L_uu_workout[49, 7]",0.041,0.028,0.008,0.091,0.001,0.001,476.874,1183.603,1.007
"L_uu_workout[49, 8]",0.041,0.029,0.006,0.09,0.001,0.001,448.856,1068.709,1.007
"L_uu_workout[49, 9]",0.041,0.029,0.006,0.09,0.001,0.001,430.62,990.306,1.007
"L_uu_workout[49, 10]",0.039,0.027,0.005,0.086,0.001,0.001,424.251,922.488,1.007
"L_uu_workout[49, 11]",0.037,0.025,0.004,0.08,0.001,0.001,424.587,960.086,1.007
"L_uu_workout[49, 12]",0.036,0.023,0.004,0.075,0.001,0.001,427.416,996.661,1.007
"L_uu_workout[49, 13]",0.034,0.022,0.003,0.07,0.001,0.001,428.634,1040.11,1.007
"L_uu_workout[49, 14]",0.032,0.021,0.003,0.068,0.001,0.001,426.286,1074.63,1.007
"L_uu_workout[49, 15]",0.03,0.02,0.003,0.066,0.001,0.001,423.254,1073.591,1.008
"L_uu_workout[49, 16]",0.029,0.019,0.003,0.064,0.001,0.001,423.151,1048.938,1.008
"L_uu_workout[49, 17]",0.027,0.019,0.002,0.062,0.001,0.001,422.25,1061.398,1.008
"L_uu_workout[49, 18]",0.026,0.019,0.002,0.061,0.001,0.001,421.479,1037.67,1.008
"L_uu_workout[49, 19]",0.025,0.018,0.002,0.059,0.001,0.001,422.268,1059.393,1.008
"L_uu_workout[49, 20]",0.023,0.018,0.002,0.057,0.001,0.001,423.216,1029.698,1.008
"L_uu_workout[49, 21]",0.022,0.017,0.002,0.055,0.001,0.001,426.086,990.033,1.008
"L_uu_workout[49, 22]",0.021,0.016,0.001,0.051,0.001,0.001,428.448,1018.26,1.008
"L_uu_workout[49, 23]",0.02,0.016,0.001,0.049,0.001,0.001,433.426,1018.514,1.008
"L_uu_workout[49, 24]",0.019,0.015,0.002,0.047,0.001,0.001,439.462,1040.873,1.007
"L_uu_workout[49, 25]",0.017,0.014,0.001,0.043,0.001,0.001,443.318,1053.504,1.007
"L_uu_workout[49, 26]",0.016,0.014,0.001,0.041,0.001,0.001,446.512,1047.575,1.007
"L_uu_workout[49, 27]",0.015,0.013,0.001,0.039,0.001,0.001,450.366,1078.064,1.007
"L_uu_workout[49, 28]",0.014,0.012,0.001,0.036,0.0,0.0,454.535,1054.256,1.007
"L_uu_workout[49, 29]",0.013,0.011,0.001,0.034,0.0,0.0,458.793,1065.736,1.007
"L_uu_workout[49, 30]",0.012,0.011,0.001,0.032,0.0,0.0,461.04,1057.551,1.007
"L_uu_workout[49, 31]",0.011,0.01,0.001,0.03,0.0,0.0,461.793,1051.7,1.007
"L_uu_workout[49, 32]",0.01,0.009,0.001,0.028,0.0,0.0,462.859,1051.7,1.007
"L_uu_workout[49, 33]",0.01,0.008,0.001,0.025,0.0,0.0,463.545,1039.645,1.007
"L_uu_workout[49, 34]",0.009,0.008,0.001,0.023,0.0,0.0,464.187,1051.399,1.007
"L_uu_workout[49, 35]",0.008,0.007,0.001,0.021,0.0,0.0,464.904,1058.63,1.007
"L_uu_workout[49, 36]",0.007,0.006,0.001,0.019,0.0,0.0,465.764,1058.63,1.007
"L_uu_workout[49, 37]",0.007,0.006,0.001,0.017,0.0,0.0,465.845,1034.53,1.007
"L_uu_workout[49, 38]",0.006,0.005,0.001,0.015,0.0,0.0,465.368,1010.627,1.007
"L_uu_workout[49, 39]",0.005,0.004,0.001,0.013,0.0,0.0,466.337,1021.818,1.007
"L_uu_workout[49, 40]",0.005,0.004,0.001,0.012,0.0,0.0,467.479,1044.835,1.007
"L_uu_workout[49, 41]",0.004,0.003,0.001,0.01,0.0,0.0,468.629,1044.844,1.007
"L_uu_workout[49, 42]",0.004,0.003,0.001,0.009,0.0,0.0,470.171,1044.844,1.007
"L_uu_workout[49, 43]",0.003,0.002,0.001,0.007,0.0,0.0,472.666,1034.101,1.007
"L_uu_workout[49, 44]",0.003,0.002,0.0,0.006,0.0,0.0,477.83,1022.596,1.007
"L_uu_workout[49, 45]",0.002,0.002,0.0,0.005,0.0,0.0,481.929,1022.596,1.007
"L_uu_workout[49, 46]",0.002,0.001,0.0,0.004,0.0,0.0,487.103,1033.719,1.007
"L_uu_workout[49, 47]",0.002,0.001,0.0,0.004,0.0,0.0,493.679,1033.719,1.007
"L_uu_workout[49, 48]",0.001,0.001,0.0,0.003,0.0,0.0,505.518,1040.728,1.007
"L_uu_workout[49, 49]",0.004,0.002,0.002,0.007,0.0,0.0,995.907,1183.505,1.003
a_weight[0],-2.604,53.658,-107.348,92.808,1.027,1.316,2707.36,1428.541,1.001
a_weight[1],1.495,90.418,-162.571,171.382,1.623,2.283,3059.002,1489.161,1.003
a_weight[2],-0.461,94.758,-179.697,189.145,1.764,2.608,2934.393,1338.665,1.002
a_weight[3],-2.012,91.216,-175.971,175.234,1.528,2.365,3638.759,1382.545,1.002
a_weight[4],-0.719,92.283,-177.26,168.341,1.641,2.165,3205.016,1524.838,1.005
a_weight[5],3.053,95.861,-179.483,180.096,1.715,2.422,3146.605,1413.285,0.999
a_weight[6],2.832,97.686,-190.884,174.642,1.613,2.762,3727.125,1525.624,1.004
a_weight[7],-2.959,95.214,-188.373,178.843,1.603,2.437,3647.978,1294.387,1.002
a_weight[8],1.061,93.292,-175.212,176.574,1.545,2.274,3695.128,1581.645,1.002
a_weight[9],-1.111,95.829,-181.88,173.68,1.513,2.237,4049.594,1524.439,1.005
a_weight[10],1.54,98.134,-194.364,172.358,1.716,2.515,3205.725,1440.564,1.001
a_weight[11],1.369,97.382,-171.002,197.334,1.644,2.558,3549.152,1403.444,1.0
a_weight[12],-1.637,101.22,-190.262,191.813,1.939,2.783,2819.573,1132.932,1.006
a_weight[13],-2.84,97.689,-181.628,190.836,1.503,2.581,4289.754,1645.817,1.002
a_weight[14],-1.519,98.09,-199.693,173.392,1.797,2.377,2981.958,1504.161,1.001
a_weight[15],-0.517,99.178,-204.788,164.278,1.753,2.512,3235.962,1608.359,1.002
a_weight[16],1.34,100.122,-191.815,180.786,1.763,3.812,3309.022,1502.327,1.005
a_weight[17],2.131,105.003,-199.378,191.684,1.763,2.925,3687.747,1547.675,1.003
a_weight[18],-1.091,102.369,-188.97,192.543,1.897,2.454,2952.706,1352.282,1.002
a_weight[19],-1.176,99.517,-186.282,187.963,1.61,2.988,3994.684,1099.777,1.0
a_weight[20],-1.183,94.161,-178.709,185.007,1.66,2.469,3288.725,1286.73,1.002
a_weight[21],1.786,97.129,-175.874,200.644,1.573,2.411,3761.465,1598.572,0.999
a_weight[22],1.202,92.688,-180.81,176.186,1.521,2.536,3705.341,1229.523,1.004
a_weight[23],-2.179,98.665,-175.209,193.279,1.794,2.263,3045.651,1565.397,1.0
a_weight[24],-1.047,96.759,-193.133,174.384,1.581,2.657,3830.147,1330.113,1.005
a_weight[25],1.707,97.412,-169.565,186.482,1.546,2.697,3965.387,1638.816,1.001
a_weight[26],-2.026,99.989,-193.166,181.687,1.823,2.654,3032.934,1293.656,1.001
a_weight[27],1.136,94.172,-175.521,180.557,1.762,2.272,2954.862,1376.453,1.002
a_weight[28],-0.049,94.737,-165.126,189.295,1.706,2.427,3193.78,1587.293,1.001
a_weight[29],2.194,99.052,-177.192,193.794,1.743,2.633,3262.352,1406.936,1.004
a_weight[30],1.573,94.092,-167.717,178.936,1.865,2.33,2622.945,1527.793,1.002
a_weight[31],-2.068,102.094,-187.215,193.296,1.798,2.581,3298.542,1528.93,1.002
a_weight[32],2.453,93.817,-184.198,174.368,1.702,2.47,3125.094,1551.687,1.008
a_weight[33],1.726,95.947,-183.187,176.546,1.657,2.355,3345.767,1417.308,1.002
a_weight[34],-1.136,96.682,-177.744,182.672,1.652,2.478,3445.02,1656.594,1.004
a_weight[35],1.838,96.863,-178.463,186.344,1.528,3.275,4144.397,1210.282,1.004
a_weight[36],-2.43,98.977,-204.396,173.921,1.559,2.574,4032.895,1492.125,1.003
a_weight[37],-0.271,96.242,-191.302,169.597,1.69,2.697,3377.976,1346.337,1.001
a_weight[38],-2.485,97.115,-178.763,186.604,1.644,2.453,3546.684,1272.122,1.003
a_weight[39],-2.374,95.942,-172.526,175.989,1.447,2.601,4333.326,1649.52,0.999
a_weight[40],2.075,97.413,-162.876,194.208,1.525,2.395,4108.181,1577.88,1.005
a_weight[41],-0.633,94.933,-164.227,178.525,1.71,2.431,3078.628,1211.439,1.0
a_weight[42],1.698,97.867,-174.443,195.276,1.651,2.947,3700.142,1455.753,1.005
a_weight[43],-0.382,94.798,-181.92,185.311,1.505,2.476,4099.845,1513.413,1.001
a_weight[44],0.15,95.845,-180.656,183.387,1.658,2.793,3573.167,1235.755,1.0
a_weight[45],0.377,92.014,-173.14,178.409,1.541,2.603,3617.39,1270.916,1.01
a_weight[46],0.136,94.916,-179.78,173.398,1.571,2.497,3696.427,1534.947,1.003
a_weight[47],-2.437,95.763,-171.064,183.214,1.44,2.797,4532.107,1241.219,1.005
a_weight[48],1.405,92.496,-175.476,180.338,1.535,2.773,3607.834,1273.947,1.002
a_weight[49],1.747,51.567,-101.009,94.843,0.889,1.554,3338.238,1393.351,1.0
a_workout[0],-8.45,279.179,-533.874,525.681,5.217,7.529,2990.884,1546.957,1.002
a_workout[1],-11.862,277.53,-497.509,554.049,5.394,6.794,2702.578,1540.963,1.002
a_workout[2],3.969,300.205,-584.573,613.982,5.149,10.103,3658.427,1336.645,1.001
a_workout[3],-3.408,308.885,-576.808,631.974,4.692,9.85,4617.324,1457.539,1.003
a_workout[4],-3.768,310.647,-606.674,591.386,4.799,8.672,4216.459,1290.223,1.004
a_workout[5],-10.66,309.725,-590.558,589.256,5.173,9.002,3730.881,1546.455,1.003
a_workout[6],-1.366,324.787,-633.098,614.567,5.244,11.143,4050.778,1338.094,1.002
a_workout[7],2.723,308.874,-566.946,583.301,5.829,10.972,3073.673,1116.919,1.004
a_workout[8],-2.367,297.681,-601.103,542.955,5.434,8.529,3116.678,1374.392,1.003
a_workout[9],13.085,324.157,-530.024,720.397,4.94,8.868,4582.811,1544.393,1.001
a_workout[10],-0.274,299.626,-556.594,580.712,5.013,8.359,3739.795,1680.81,1.001
a_workout[11],-1.132,314.214,-611.013,587.874,5.025,9.058,3786.007,1454.257,1.001
a_workout[12],-5.978,317.027,-652.459,580.158,5.159,8.643,3912.012,1483.745,1.002
a_workout[13],9.47,303.406,-585.953,597.445,4.699,8.639,4200.16,1424.611,1.004
a_workout[14],2.723,325.597,-579.284,642.68,5.085,8.394,4169.401,1304.081,1.0
a_workout[15],3.396,320.659,-626.262,591.306,5.19,10.146,3948.221,1643.005,1.001
a_workout[16],7.038,295.155,-541.552,584.654,5.004,9.935,3785.772,1420.11,1.001
a_workout[17],-1.902,300.249,-579.549,589.417,4.83,8.574,3990.039,1632.749,1.0
a_workout[18],-5.893,321.911,-586.413,628.163,5.52,11.232,3322.515,1191.79,1.002
a_workout[19],4.23,305.615,-619.519,521.607,5.357,8.609,3409.585,1707.847,1.003
a_workout[20],9.137,318.886,-546.733,650.776,5.288,10.524,3801.154,1436.107,1.001
a_workout[21],-1.301,299.58,-607.272,571.866,4.844,9.434,4200.136,1366.877,1.006
a_workout[22],-5.175,308.554,-553.737,606.45,5.023,8.803,4063.508,1576.826,1.002
a_workout[23],2.642,324.452,-638.392,620.087,5.315,9.585,3752.695,1446.865,1.004
a_workout[24],11.054,298.432,-556.322,570.054,5.391,8.577,3168.939,1396.884,1.001
a_workout[25],4.708,322.33,-561.804,722.603,5.39,9.568,3792.562,1361.273,1.002
a_workout[26],-2.503,311.916,-602.702,609.395,5.265,8.381,3757.951,1494.746,1.0
a_workout[27],-3.231,309.166,-580.346,621.42,5.257,9.549,3571.195,1316.868,1.002
a_workout[28],7.413,288.481,-547.473,551.067,5.417,8.034,3002.127,1403.163,0.999
a_workout[29],0.661,302.117,-553.406,623.519,5.23,8.567,3425.23,1389.159,1.003
a_workout[30],2.416,324.287,-600.037,648.978,5.745,8.781,3430.91,1244.195,1.0
a_workout[31],9.217,317.316,-578.101,601.316,5.161,10.311,4080.276,1343.479,1.005
a_workout[32],-4.537,303.823,-598.532,594.699,5.068,9.27,3683.82,1503.142,1.003
a_workout[33],3.814,317.016,-606.235,619.508,4.648,10.018,4717.036,1401.803,1.003
a_workout[34],-9.794,321.109,-676.908,544.436,5.635,7.973,3331.321,1631.034,1.001
a_workout[35],2.853,314.83,-617.085,577.128,5.398,8.765,3494.082,1635.679,1.002
a_workout[36],-7.988,314.734,-612.396,554.643,4.775,11.638,4636.686,1385.464,1.001
a_workout[37],-0.773,312.019,-605.658,587.321,5.09,8.859,3899.779,1626.314,1.003
a_workout[38],6.12,320.861,-679.849,578.303,5.55,8.396,3446.892,1619.984,1.001
a_workout[39],-5.095,308.337,-630.234,546.476,5.07,8.614,3821.504,1346.826,1.001
a_workout[40],3.698,304.006,-573.156,580.853,4.852,8.229,4223.767,1369.23,1.003
a_workout[41],1.266,304.712,-596.314,587.668,5.231,9.094,3559.84,1494.997,1.003
a_workout[42],-9.356,306.966,-626.301,543.149,4.6,10.037,4579.798,1326.368,1.003
a_workout[43],-3.427,306.666,-635.287,549.661,4.956,9.235,3971.643,1227.046,1.005
a_workout[44],-12.459,301.378,-621.943,564.232,4.785,7.602,4136.047,1806.529,1.001
a_workout[45],2.749,297.199,-573.06,568.162,5.496,8.352,3293.177,1444.992,1.001
a_workout[46],5.221,300.004,-616.121,526.55,4.848,7.966,4031.984,1547.917,1.005
a_workout[47],0.613,298.968,-569.539,571.418,5.405,9.336,3366.296,1419.485,1.005
a_workout[48],-4.167,287.354,-537.683,563.32,4.511,8.589,4336.714,1709.484,0.999
a_workout[49],-0.748,285.217,-517.599,563.202,4.602,11.248,4383.477,1268.584,1.0
f_workout[0],-0.406,0.002,-0.409,-0.402,0.0,0.0,2172.754,1932.147,1.002
f_workout[1],-0.406,0.002,-0.409,-0.402,0.0,0.0,2171.6,1893.704,1.002
f_workout[2],-0.406,0.002,-0.409,-0.402,0.0,0.0,2163.14,1886.696,1.002
f_workout[3],-0.406,0.002,-0.409,-0.402,0.0,0.0,2161.484,1866.685,1.002
f_workout[4],-0.406,0.002,-0.409,-0.402,0.0,0.0,2160.192,1898.735,1.002
f_workout[5],-0.406,0.002,-0.409,-0.403,0.0,0.0,2147.533,1885.155,1.002
f_workout[6],-0.406,0.002,-0.409,-0.403,0.0,0.0,2145.494,1885.155,1.002
f_workout[7],-0.406,0.002,-0.409,-0.403,0.0,0.0,2145.043,1813.121,1.002
f_workout[8],-0.406,0.002,-0.409,-0.403,0.0,0.0,2142.148,1811.763,1.002
f_workout[9],-0.406,0.002,-0.409,-0.403,0.0,0.0,2136.582,1683.341,1.002
f_workout[10],-0.406,0.002,-0.409,-0.403,0.0,0.0,2133.831,1598.606,1.002
f_workout[11],-0.406,0.002,-0.409,-0.403,0.0,0.0,2130.86,1599.206,1.002
f_workout[12],-0.406,0.002,-0.409,-0.403,0.0,0.0,2129.005,1573.658,1.002
f_workout[13],-0.406,0.001,-0.409,-0.403,0.0,0.0,2119.952,1655.35,1.002
f_workout[14],-0.406,0.001,-0.409,-0.403,0.0,0.0,2116.547,1644.728,1.002
f_workout[15],-0.406,0.001,-0.409,-0.403,0.0,0.0,2114.949,1673.302,1.002
f_workout[16],-0.406,0.001,-0.409,-0.403,0.0,0.0,2105.398,1655.535,1.002
f_workout[17],-0.406,0.001,-0.409,-0.403,0.0,0.0,2106.483,1685.362,1.002
f_workout[18],-0.406,0.001,-0.409,-0.404,0.0,0.0,2098.565,1706.54,1.002
f_workout[19],-0.406,0.001,-0.409,-0.404,0.0,0.0,2092.961,1703.15,1.002
f_workout[20],-0.406,0.001,-0.409,-0.404,0.0,0.0,2092.813,1853.897,1.003
f_workout[21],-0.406,0.001,-0.409,-0.404,0.0,0.0,2095.384,1792.428,1.002
f_workout[22],-0.406,0.001,-0.409,-0.404,0.0,0.0,2095.361,1759.585,1.002
f_workout[23],-0.406,0.001,-0.409,-0.404,0.0,0.0,2098.601,1754.054,1.002
f_workout[24],-0.406,0.001,-0.409,-0.404,0.0,0.0,2102.597,1603.281,1.002
f_workout[25],-0.406,0.001,-0.409,-0.404,0.0,0.0,2103.507,1668.757,1.002
f_workout[26],-0.406,0.002,-0.409,-0.403,0.0,0.0,2110.996,1808.856,1.001
f_workout[27],-0.406,0.002,-0.409,-0.403,0.0,0.0,2112.116,1823.062,1.0
f_workout[28],-0.406,0.002,-0.409,-0.403,0.0,0.0,2112.222,1811.981,1.0
f_workout[29],-0.406,0.002,-0.409,-0.403,0.0,0.0,2113.607,1895.149,1.0
f_workout[30],-0.406,0.002,-0.409,-0.403,0.0,0.0,2113.049,1917.839,1.0
f_workout[31],-0.406,0.002,-0.41,-0.403,0.0,0.0,2108.448,1928.474,1.0
f_workout[32],-0.406,0.002,-0.41,-0.403,0.0,0.0,2110.329,1929.315,1.0
f_workout[33],-0.406,0.002,-0.411,-0.402,0.0,0.0,2080.103,2012.918,1.0
f_workout[34],-0.406,0.003,-0.411,-0.401,0.0,0.0,2039.52,2011.382,1.0
f_workout[35],-0.406,0.003,-0.411,-0.401,0.0,0.0,2037.314,1969.795,0.999
f_workout[36],-0.406,0.003,-0.411,-0.401,0.0,0.0,2037.473,2012.138,0.999
f_workout[37],-0.406,0.003,-0.412,-0.401,0.0,0.0,2032.56,2056.199,0.999
f_workout[38],-0.406,0.003,-0.412,-0.401,0.0,0.0,2031.008,2056.405,0.999
f_workout[39],-0.406,0.003,-0.413,-0.401,0.0,0.0,2033.66,2012.309,0.999
f_workout[40],-0.406,0.003,-0.413,-0.4,0.0,0.0,2071.492,1973.205,1.0
f_workout[41],-0.406,0.004,-0.413,-0.4,0.0,0.0,2099.141,1822.727,1.0
f_workout[42],-0.407,0.004,-0.414,-0.399,0.0,0.0,2132.018,1920.335,1.0
f_workout[43],-0.407,0.004,-0.414,-0.399,0.0,0.0,2179.276,2014.597,1.001
f_workout[44],-0.407,0.004,-0.414,-0.399,0.0,0.0,1956.935,1855.049,1.001
f_workout[45],-0.407,0.004,-0.414,-0.399,0.0,0.0,1950.53,1787.629,1.001
f_workout[46],-0.407,0.004,-0.413,-0.399,0.0,0.0,1942.922,1757.459,1.001
f_workout[47],-0.407,0.004,-0.414,-0.4,0.0,0.0,1913.056,1696.722,1.001
f_workout[48],-0.406,0.004,-0.412,-0.398,0.0,0.0,1926.225,1467.157,1.001
f_workout[49],-0.406,0.004,-0.413,-0.398,0.0,0.0,1930.061,1467.157,1.001
f_workout[50],-0.406,0.004,-0.413,-0.398,0.0,0.0,1946.803,1467.157,1.001
f_workout[51],-0.405,0.005,-0.415,-0.396,0.0,0.0,2162.038,1689.01,1.001
f_weight[0],-1.592,0.368,-2.237,-0.874,0.007,0.013,2929.971,1369.312,1.0
f_weight[1],-1.84,0.17,-2.15,-1.514,0.004,0.003,1835.357,1869.586,1.0
f_weight[2],-1.842,0.158,-2.139,-1.553,0.004,0.003,1878.09,1874.384,1.0
f_weight[3],-1.841,0.144,-2.113,-1.586,0.003,0.002,1955.634,1852.713,1.0
f_weight[4],-1.836,0.132,-2.08,-1.599,0.003,0.002,2016.977,1668.356,1.002
f_weight[5],-1.83,0.124,-2.051,-1.596,0.003,0.002,2076.579,1678.938,1.002
f_weight[6],-1.818,0.115,-2.028,-1.605,0.002,0.002,2122.236,1775.176,1.003
f_weight[7],-1.81,0.111,-2.01,-1.6,0.002,0.002,2130.357,1690.191,1.003
f_weight[8],-1.774,0.1,-1.952,-1.58,0.002,0.002,2127.117,1707.968,1.003
f_weight[9],-1.753,0.096,-1.936,-1.58,0.002,0.002,2129.575,1743.099,1.004
f_weight[10],-1.726,0.093,-1.902,-1.561,0.002,0.002,2130.714,1919.767,1.003
f_weight[11],-1.68,0.089,-1.848,-1.521,0.002,0.002,2152.734,1847.202,1.002
f_weight[12],-1.68,0.089,-1.848,-1.521,0.002,0.002,2152.734,1847.202,1.002
f_weight[13],-1.595,0.084,-1.749,-1.436,0.002,0.002,2208.182,1847.346,1.001
f_weight[14],-1.562,0.082,-1.713,-1.404,0.002,0.001,2227.275,1883.595,1.001
f_weight[15],-1.513,0.08,-1.666,-1.364,0.002,0.001,2256.974,1810.998,1.002
f_weight[16],-1.468,0.079,-1.624,-1.328,0.002,0.001,2281.791,1884.156,1.002
f_weight[17],-1.46,0.078,-1.609,-1.314,0.002,0.001,2285.425,1961.416,1.002
f_weight[18],-1.445,0.078,-1.591,-1.299,0.002,0.001,2292.231,1945.699,1.002
f_weight[19],-1.395,0.076,-1.539,-1.253,0.002,0.001,2306.608,1957.952,1.002
f_weight[20],-1.37,0.076,-1.521,-1.237,0.002,0.001,2311.734,2043.101,1.002
f_weight[21],-1.352,0.075,-1.496,-1.215,0.002,0.001,2315.381,2028.059,1.002
f_weight[22],-1.308,0.074,-1.45,-1.173,0.002,0.001,2326.799,1927.313,1.002
f_weight[23],-1.289,0.074,-1.432,-1.157,0.002,0.001,2329.704,1946.245,1.002
f_weight[24],-1.261,0.073,-1.402,-1.127,0.002,0.001,2331.65,1799.821,1.002
f_weight[25],-1.233,0.072,-1.365,-1.092,0.001,0.001,2327.235,1871.162,1.003
f_weight[26],-1.194,0.072,-1.326,-1.056,0.001,0.001,2325.68,1889.249,1.003
f_weight[27],-1.154,0.071,-1.287,-1.02,0.001,0.001,2312.438,1838.432,1.002
f_weight[28],-1.133,0.071,-1.266,-1.002,0.001,0.001,2303.677,1849.343,1.002
f_weight[29],-1.081,0.07,-1.215,-0.953,0.001,0.001,2283.865,1623.257,1.003
f_weight[30],-1.039,0.07,-1.176,-0.915,0.001,0.001,2266.919,1569.32,1.004
f_weight[31],-0.974,0.069,-1.116,-0.857,0.001,0.001,2234.355,1631.601,1.004
f_weight[32],-0.952,0.069,-1.092,-0.834,0.001,0.001,2223.907,1648.464,1.004
f_weight[33],-0.918,0.069,-1.061,-0.804,0.001,0.001,2212.878,1677.334,1.004
f_weight[34],-0.896,0.069,-1.034,-0.777,0.001,0.001,2204.768,1644.794,1.004
f_weight[35],-0.885,0.069,-1.018,-0.762,0.001,0.001,2200.547,1769.035,1.004
f_weight[36],-0.862,0.068,-0.99,-0.736,0.001,0.001,2190.622,1704.248,1.004
f_weight[37],-0.805,0.068,-0.932,-0.678,0.001,0.001,2173.431,1792.962,1.004
f_weight[38],-0.7,0.068,-0.83,-0.581,0.001,0.001,2139.227,1696.776,1.004
f_weight[39],-0.676,0.068,-0.804,-0.555,0.001,0.001,2133.867,1648.188,1.005
f_weight[40],-0.629,0.068,-0.76,-0.511,0.001,0.001,2121.901,1556.635,1.005
f_weight[41],-0.593,0.067,-0.721,-0.473,0.001,0.001,2115.902,1587.28,1.005
f_weight[42],-0.521,0.067,-0.651,-0.404,0.001,0.001,2108.98,1540.274,1.005
f_weight[43],-0.485,0.067,-0.615,-0.368,0.001,0.001,2102.776,1566.136,1.005
f_weight[44],-0.461,0.067,-0.585,-0.339,0.001,0.001,2099.611,1565.726,1.005
f_weight[45],-0.425,0.067,-0.549,-0.304,0.001,0.001,2098.335,1540.199,1.006
f_weight[46],-0.352,0.067,-0.481,-0.233,0.001,0.001,2086.996,1539.884,1.007
f_weight[47],-0.268,0.068,-0.397,-0.148,0.001,0.001,2069.131,1589.528,1.007
f_weight[48],-0.22,0.068,-0.345,-0.096,0.001,0.001,2059.31,1588.32,1.008
f_weight[49],-0.185,0.068,-0.316,-0.067,0.002,0.001,2053.323,1645.212,1.007
f_weight[50],-0.149,0.068,-0.276,-0.026,0.002,0.001,2044.944,1675.082,1.007
f_weight[51],-0.125,0.068,-0.251,0.001,0.002,0.001,2041.905,1675.082,1.007
f_weight[52],-0.09,0.069,-0.215,0.038,0.002,0.001,2034.981,1806.842,1.007
f_weight[53],-0.078,0.069,-0.203,0.051,0.002,0.001,2031.859,1808.867,1.007
f_weight[54],0.014,0.07,-0.117,0.141,0.002,0.001,2033.529,1808.617,1.006
f_weight[55],0.06,0.07,-0.069,0.19,0.002,0.001,2017.282,1776.677,1.004
f_weight[56],0.105,0.071,-0.023,0.241,0.002,0.001,2002.011,1713.224,1.004
f_weight[57],0.289,0.074,0.157,0.431,0.002,0.001,1959.717,1846.555,1.002
f_weight[58],0.351,0.074,0.212,0.491,0.002,0.001,1955.675,1863.337,1.002
f_weight[59],0.361,0.075,0.211,0.49,0.002,0.001,1952.093,1845.313,1.002
f_weight[60],0.439,0.076,0.288,0.572,0.002,0.001,1931.236,1842.945,1.001
f_weight[61],0.504,0.076,0.361,0.649,0.002,0.001,1930.759,1863.943,1.002
f_weight[62],0.531,0.077,0.39,0.68,0.002,0.001,1947.867,1881.301,1.002
f_weight[63],0.575,0.077,0.434,0.725,0.002,0.001,1945.506,1921.03,1.002
f_weight[64],0.616,0.077,0.466,0.758,0.002,0.001,1947.732,1921.535,1.002
f_weight[65],0.632,0.077,0.48,0.771,0.002,0.001,1949.952,1801.237,1.002
f_weight[66],0.648,0.077,0.496,0.787,0.002,0.001,1951.959,1842.999,1.002
f_weight[67],0.648,0.077,0.496,0.787,0.002,0.001,1951.959,1842.999,1.002
f_weight[68],0.769,0.078,0.627,0.915,0.002,0.001,1979.918,1994.049,1.0
f_weight[69],0.878,0.078,0.738,1.027,0.002,0.001,2024.043,1934.969,0.999
f_weight[70],0.93,0.078,0.781,1.067,0.002,0.001,2043.992,1958.852,0.999
f_weight[71],0.943,0.078,0.794,1.077,0.002,0.001,2050.174,1876.52,0.999
f_weight[72],0.948,0.078,0.803,1.086,0.002,0.001,2051.382,1882.282,0.999
f_weight[73],0.956,0.078,0.812,1.095,0.002,0.001,2051.43,1863.041,0.999
f_weight[74],0.965,0.078,0.82,1.104,0.002,0.001,2058.318,1877.411,0.999
f_weight[75],0.973,0.077,0.832,1.115,0.002,0.001,2063.274,1894.962,0.999
f_weight[76],0.981,0.077,0.839,1.121,0.002,0.001,2067.708,1846.51,0.999
f_weight[77],0.987,0.077,0.845,1.126,0.002,0.001,2066.552,1913.577,0.999
f_weight[78],0.99,0.076,0.844,1.123,0.002,0.001,2065.781,1914.315,0.999
f_weight[79],0.991,0.076,0.848,1.128,0.002,0.001,2072.946,1880.761,0.999
f_weight[80],0.976,0.074,0.842,1.121,0.002,0.001,2094.321,1953.039,0.999
f_weight[81],0.96,0.073,0.82,1.098,0.002,0.001,2111.56,1915.648,1.0
f_weight[82],0.941,0.073,0.8,1.077,0.002,0.001,2120.948,1922.649,1.0
f_weight[83],0.939,0.073,0.799,1.074,0.002,0.001,2121.356,1922.364,1.0
f_weight[84],0.933,0.072,0.792,1.066,0.002,0.001,2122.259,1922.622,1.0
f_weight[85],0.931,0.072,0.791,1.065,0.002,0.001,2122.603,1960.928,1.001
f_weight[86],0.922,0.072,0.779,1.053,0.002,0.001,2125.573,1961.734,1.0
f_weight[87],0.916,0.072,0.772,1.045,0.002,0.001,2125.662,1962.435,1.001
f_weight[88],0.893,0.072,0.756,1.027,0.002,0.001,2129.75,1934.179,1.001
f_weight[89],0.873,0.073,0.736,1.006,0.002,0.001,2125.684,1858.276,1.001
f_weight[90],0.869,0.073,0.731,1.002,0.002,0.001,2124.035,1848.177,1.001
f_weight[91],0.854,0.073,0.72,0.989,0.002,0.001,2118.407,1813.26,1.001
f_weight[92],0.827,0.074,0.693,0.963,0.002,0.001,2101.523,1857.597,1.001
f_weight[93],0.803,0.074,0.659,0.934,0.002,0.001,2063.512,1858.196,1.0
f_weight[94],0.791,0.075,0.649,0.925,0.002,0.001,2042.67,1881.085,1.0
f_weight[95],0.787,0.075,0.647,0.925,0.002,0.001,2035.099,1933.958,1.0
f_weight[96],0.779,0.075,0.638,0.916,0.002,0.001,2023.271,1934.046,1.0
f_weight[97],0.742,0.076,0.586,0.874,0.002,0.001,1979.203,1847.371,1.0
f_weight[98],0.729,0.077,0.592,0.882,0.002,0.001,1963.676,1847.818,1.0
f_weight[99],0.68,0.078,0.534,0.83,0.002,0.001,1906.479,1746.005,1.001
f_weight[100],0.6,0.08,0.449,0.746,0.002,0.001,1844.702,1765.009,1.001
f_weight[101],0.589,0.08,0.437,0.735,0.002,0.001,1837.602,1743.123,1.001
f_weight[102],0.566,0.079,0.411,0.708,0.002,0.001,1823.857,1743.723,1.0
f_weight[103],0.553,0.079,0.403,0.7,0.002,0.001,1820.967,1755.126,1.0
f_weight[104],0.536,0.078,0.382,0.676,0.002,0.001,1817.083,1767.045,1.0
f_weight[105],0.483,0.074,0.337,0.616,0.002,0.001,1764.661,1777.984,1.0
f_weight[106],0.472,0.072,0.332,0.603,0.002,0.001,1743.057,1776.924,1.0
f_weight[107],0.468,0.071,0.337,0.606,0.002,0.001,1722.89,1777.826,1.0
f_weight[108],0.467,0.071,0.337,0.604,0.002,0.001,1717.724,1777.826,1.0
f_weight[109],0.465,0.07,0.335,0.6,0.002,0.001,1714.141,1744.37,1.0
f_weight[110],0.464,0.07,0.335,0.598,0.002,0.001,1709.753,1764.537,1.0
f_weight[111],0.463,0.069,0.335,0.597,0.002,0.001,1709.915,1764.479,1.0
f_weight[112],0.462,0.069,0.336,0.595,0.002,0.001,1707.027,1642.096,1.0
f_weight[113],0.461,0.069,0.334,0.592,0.002,0.001,1713.239,1642.958,1.0
f_weight[114],0.46,0.068,0.339,0.591,0.002,0.001,1731.536,1616.003,0.999
f_weight[115],0.46,0.067,0.34,0.588,0.002,0.001,1743.542,1643.736,0.999
f_weight[116],0.46,0.067,0.341,0.587,0.002,0.001,1760.226,1674.086,0.999
f_weight[117],0.46,0.067,0.341,0.587,0.002,0.001,1760.226,1674.086,0.999
f_weight[118],0.46,0.066,0.342,0.587,0.002,0.001,1773.589,1812.846,0.999
f_weight[119],0.462,0.066,0.344,0.586,0.002,0.001,1799.874,1675.576,1.0
f_weight[120],0.464,0.065,0.346,0.586,0.002,0.001,1837.179,1740.719,1.0
f_weight[121],0.465,0.065,0.346,0.586,0.002,0.001,1853.544,1773.098,1.0
f_weight[122],0.468,0.065,0.349,0.587,0.001,0.001,1912.078,1805.879,1.0
f_weight[123],0.469,0.065,0.351,0.589,0.001,0.001,1926.557,1805.206,1.0
f_weight[124],0.47,0.065,0.355,0.593,0.001,0.001,1911.124,1804.371,1.0
f_weight[125],0.478,0.065,0.362,0.6,0.001,0.001,1950.286,1885.192,1.0
f_weight[126],0.481,0.065,0.372,0.61,0.001,0.001,1961.742,1728.283,1.0
f_weight[127],0.483,0.065,0.375,0.613,0.001,0.001,1970.745,1728.997,1.0
f_weight[128],0.483,0.065,0.375,0.613,0.001,0.001,1970.745,1728.997,1.0
f_weight[129],0.483,0.065,0.375,0.613,0.001,0.001,1970.745,1728.997,1.0
f_weight[130],0.497,0.066,0.381,0.623,0.001,0.001,2045.057,1865.724,1.0
f_weight[131],0.509,0.067,0.386,0.632,0.001,0.001,2086.762,1833.766,1.0
f_weight[132],0.515,0.067,0.393,0.642,0.001,0.001,2100.934,1831.386,1.0
f_weight[133],0.551,0.072,0.421,0.691,0.002,0.001,2158.795,1972.638,1.001
f_weight[134],0.559,0.073,0.437,0.71,0.002,0.001,2157.025,1857.637,1.001
f_weight[135],0.573,0.076,0.43,0.716,0.002,0.001,2156.509,1857.039,1.001
f_weight[136],0.581,0.078,0.441,0.73,0.002,0.001,2158.2,1893.871,1.001
f_weight[137],0.596,0.081,0.446,0.75,0.002,0.001,2165.986,1920.108,1.001
f_weight[138],0.605,0.084,0.445,0.755,0.002,0.001,2172.318,1930.454,1.001
f_weight[139],0.614,0.086,0.445,0.768,0.002,0.002,2182.291,1929.706,1.001
f_weight[140],0.626,0.09,0.459,0.799,0.002,0.002,2195.521,1887.831,1.001
f_weight[141],0.635,0.093,0.467,0.821,0.002,0.002,2214.04,1840.967,1.001
f_weight[142],0.644,0.096,0.47,0.836,0.002,0.002,2233.484,1840.424,1.001
f_weight[143],0.647,0.098,0.472,0.842,0.002,0.002,2243.281,1851.357,1.001
f_weight[144],0.66,0.103,0.473,0.865,0.002,0.002,2275.204,1840.617,1.001
f_weight[145],0.688,0.115,0.488,0.928,0.002,0.002,2357.372,1933.224,1.001
f_weight[146],0.785,0.183,0.44,1.128,0.004,0.003,2667.715,2003.088,1.0
log_lik_weight[0],-0.721,0.987,-2.642,0.167,0.029,0.053,1436.57,1313.613,1.001
log_lik_weight[1],-2.156,0.811,-3.6,-0.573,0.019,0.013,1876.326,1999.365,1.0
log_lik_weight[2],-0.208,0.281,-0.705,0.178,0.006,0.008,1990.416,2005.696,1.0
log_lik_weight[3],-3.258,0.82,-4.836,-1.788,0.018,0.014,2070.967,1882.106,1.0
log_lik_weight[4],-0.489,0.345,-1.111,0.058,0.008,0.007,2016.312,1724.481,1.001
log_lik_weight[5],-0.329,0.273,-0.843,0.086,0.006,0.006,2057.277,1845.762,1.002
log_lik_weight[6],-1.243,0.456,-2.134,-0.484,0.01,0.008,2106.53,1705.291,1.001
log_lik_weight[7],-0.004,0.092,-0.182,0.156,0.002,0.003,2028.235,1743.373,1.001
log_lik_weight[8],-0.082,0.133,-0.346,0.126,0.003,0.003,2033.983,1768.869,1.003
log_lik_weight[9],-0.005,0.089,-0.168,0.166,0.002,0.002,2176.27,1514.479,1.0
log_lik_weight[10],-0.782,0.298,-1.321,-0.227,0.006,0.005,2161.758,1853.711,1.004
log_lik_weight[11],-0.862,0.307,-1.459,-0.343,0.007,0.006,2135.621,1709.306,1.003
log_lik_weight[12],-0.862,0.307,-1.459,-0.343,0.007,0.006,2135.621,1709.306,1.003
log_lik_weight[13],0.009,0.08,-0.149,0.152,0.002,0.002,2490.917,1479.371,1.001
log_lik_weight[14],0.008,0.081,-0.138,0.165,0.002,0.002,2336.144,1612.888,1.0
log_lik_weight[15],-1.911,0.395,-2.638,-1.158,0.008,0.006,2483.486,2043.601,1.002
log_lik_weight[16],-0.16,0.136,-0.414,0.075,0.003,0.003,2254.411,1789.516,1.001
log_lik_weight[17],-2.896,0.481,-3.885,-2.064,0.009,0.008,2688.12,2057.244,1.0
log_lik_weight[18],-0.09,0.115,-0.316,0.102,0.002,0.002,2361.731,1737.305,1.0
log_lik_weight[19],-0.161,0.133,-0.402,0.08,0.003,0.002,2308.694,1882.064,1.001
log_lik_weight[20],-0.225,0.147,-0.502,0.026,0.003,0.003,2315.245,2088.021,1.002
log_lik_weight[21],-0.193,0.138,-0.451,0.049,0.003,0.003,2340.172,1907.207,1.002
log_lik_weight[22],-0.962,0.265,-1.471,-0.484,0.005,0.004,2398.346,1995.937,1.003
log_lik_weight[23],-0.763,0.241,-1.221,-0.331,0.005,0.004,2308.719,1876.521,1.002
log_lik_weight[24],-0.16,0.127,-0.399,0.059,0.003,0.002,2367.954,1806.528,1.001
log_lik_weight[25],-0.031,0.09,-0.207,0.124,0.002,0.002,2643.744,1976.365,1.001
log_lik_weight[26],0.011,0.077,-0.137,0.15,0.002,0.002,2580.984,1456.61,1.0
log_lik_weight[27],-0.199,0.134,-0.44,0.052,0.003,0.003,2393.049,1778.99,1.002
log_lik_weight[28],-0.115,0.114,-0.319,0.101,0.002,0.002,2441.081,1598.263,1.001
log_lik_weight[29],-0.529,0.194,-0.882,-0.181,0.004,0.004,2300.981,2052.571,1.002
log_lik_weight[30],-0.448,0.18,-0.774,-0.119,0.004,0.004,2283.568,1839.326,1.003
log_lik_weight[31],0.011,0.076,-0.132,0.155,0.001,0.002,2613.909,1631.7,1.0
log_lik_weight[32],-0.256,0.142,-0.515,-0.003,0.003,0.003,2175.728,1932.897,1.003
log_lik_weight[33],0.024,0.071,-0.114,0.152,0.001,0.002,2471.749,1643.235,1.001
log_lik_weight[34],-2.85,0.452,-3.646,-1.947,0.009,0.009,2677.774,1758.082,1.0
log_lik_weight[35],-0.632,0.206,-1.007,-0.246,0.004,0.004,2168.067,2046.177,1.003
log_lik_weight[36],-0.533,0.192,-0.884,-0.192,0.004,0.004,2205.053,1886.834,1.004
log_lik_weight[37],-2.024,0.369,-2.718,-1.344,0.007,0.007,2501.479,1912.189,1.0
log_lik_weight[38],-0.19,0.126,-0.438,0.022,0.003,0.002,2127.647,1806.891,1.002
log_lik_weight[39],-0.895,0.24,-1.348,-0.459,0.005,0.005,2160.844,1615.487,1.004
log_lik_weight[40],-1.882,0.351,-2.54,-1.255,0.007,0.007,2414.928,1671.055,1.001
log_lik_weight[41],-0.042,0.09,-0.224,0.116,0.002,0.002,2171.966,1651.473,1.002
log_lik_weight[42],-0.162,0.122,-0.372,0.058,0.003,0.003,2277.037,1717.721,1.003
log_lik_weight[43],-0.227,0.136,-0.451,0.024,0.003,0.003,2197.087,1811.948,1.005
log_lik_weight[44],-0.274,0.145,-0.549,-0.039,0.003,0.003,2161.613,1735.454,1.006
log_lik_weight[45],-0.373,0.161,-0.659,-0.084,0.004,0.003,2039.703,1513.167,1.006
log_lik_weight[46],-0.756,0.223,-1.183,-0.384,0.005,0.005,2067.404,1561.944,1.007
log_lik_weight[47],-0.225,0.136,-0.484,-0.005,0.003,0.003,2145.764,1856.56,1.004
log_lik_weight[48],-3.327,0.491,-4.209,-2.426,0.01,0.01,2301.915,1774.82,1.0
log_lik_weight[49],-0.121,0.113,-0.322,0.08,0.002,0.002,2259.327,1753.304,1.003
log_lik_weight[50],-0.178,0.126,-0.408,0.04,0.003,0.003,2163.944,1737.618,1.003
log_lik_weight[51],-0.535,0.191,-0.901,-0.204,0.004,0.004,2044.498,1753.577,1.007
log_lik_weight[52],-0.643,0.208,-1.044,-0.279,0.005,0.004,2017.524,1736.273,1.007
log_lik_weight[53],-0.176,0.127,-0.414,0.038,0.003,0.003,2188.048,1804.123,1.003
log_lik_weight[54],-0.018,0.086,-0.182,0.135,0.002,0.002,2035.603,1710.715,1.0
log_lik_weight[55],-0.264,0.147,-0.55,-0.018,0.003,0.003,1948.408,1776.653,1.003
log_lik_weight[56],0.024,0.071,-0.113,0.162,0.001,0.002,2499.218,1591.566,0.999
log_lik_weight[57],-0.721,0.236,-1.151,-0.298,0.005,0.004,1901.701,1793.435,1.002
log_lik_weight[58],-0.481,0.198,-0.862,-0.138,0.005,0.004,1909.842,1879.672,1.002
log_lik_weight[59],-0.246,0.152,-0.533,0.021,0.003,0.003,1915.247,1842.098,1.0
log_lik_weight[60],-0.391,0.185,-0.756,-0.076,0.004,0.003,1912.43,1638.713,1.001
log_lik_weight[61],0.021,0.072,-0.126,0.152,0.001,0.002,2633.747,1717.39,1.001
log_lik_weight[62],-0.389,0.185,-0.732,-0.051,0.004,0.003,1918.493,1909.363,1.003
log_lik_weight[63],-0.499,0.207,-0.899,-0.135,0.005,0.003,1904.174,1895.172,1.003
log_lik_weight[64],0.021,0.072,-0.143,0.138,0.001,0.002,2505.382,1337.767,0.999
log_lik_weight[65],-0.663,0.237,-1.126,-0.251,0.005,0.004,1903.048,1973.019,1.002
log_lik_weight[66],-2.37,0.434,-3.148,-1.52,0.009,0.008,2240.552,1933.339,1.002
log_lik_weight[67],-0.414,0.194,-0.765,-0.065,0.004,0.004,1946.368,1842.889,1.001
log_lik_weight[68],-0.166,0.139,-0.425,0.073,0.003,0.003,1985.079,2015.774,1.0
log_lik_weight[69],-0.203,0.146,-0.474,0.062,0.003,0.003,2155.422,1743.691,1.0
log_lik_weight[70],0.006,0.08,-0.159,0.142,0.002,0.002,2249.213,1674.357,1.0
log_lik_weight[71],0.012,0.077,-0.151,0.141,0.002,0.002,2321.526,1680.882,1.0
log_lik_weight[72],-0.199,0.146,-0.475,0.049,0.003,0.003,2201.014,1744.723,1.0
log_lik_weight[73],-0.363,0.184,-0.754,-0.087,0.004,0.003,2082.54,1959.95,0.999
log_lik_weight[74],-0.35,0.18,-0.68,-0.04,0.004,0.003,2015.336,1807.254,1.0
log_lik_weight[75],-0.035,0.097,-0.215,0.142,0.002,0.002,2666.859,1909.89,1.0
log_lik_weight[76],-0.849,0.267,-1.331,-0.384,0.006,0.005,2017.362,1955.604,1.0
log_lik_weight[77],-0.064,0.105,-0.256,0.121,0.002,0.002,2131.64,1916.332,0.999
log_lik_weight[78],-1.466,0.336,-2.11,-0.875,0.007,0.006,2289.369,2035.992,1.0
log_lik_weight[79],-0.294,0.163,-0.603,-0.011,0.004,0.003,2009.788,1790.286,1.0
log_lik_weight[80],-0.714,0.233,-1.145,-0.282,0.005,0.004,2130.449,1919.681,1.0
log_lik_weight[81],-0.018,0.087,-0.188,0.136,0.002,0.002,2333.09,1591.936,1.0
log_lik_weight[82],-1.231,0.302,-1.805,-0.711,0.007,0.005,2102.52,1747.225,0.999
log_lik_weight[83],-0.005,0.082,-0.169,0.147,0.002,0.002,2524.216,1570.336,1.001
log_lik_weight[84],-0.852,0.249,-1.304,-0.374,0.005,0.004,2183.161,1849.076,1.0
log_lik_weight[85],0.024,0.071,-0.113,0.153,0.001,0.002,2611.4,1440.514,1.001
log_lik_weight[86],-0.283,0.155,-0.572,-0.01,0.003,0.003,2070.923,1767.075,1.0
log_lik_weight[87],-0.142,0.123,-0.377,0.066,0.003,0.002,2197.691,1925.475,1.0
log_lik_weight[88],-0.198,0.137,-0.452,0.049,0.003,0.002,2140.863,1728.837,1.0
log_lik_weight[89],-0.587,0.211,-0.964,-0.197,0.005,0.004,2089.021,1849.909,1.001
log_lik_weight[90],-0.403,0.179,-0.745,-0.087,0.004,0.003,2076.577,1888.45,1.001
log_lik_weight[91],0.002,0.079,-0.158,0.142,0.002,0.002,2338.962,1436.254,1.001
log_lik_weight[92],-0.033,0.091,-0.224,0.119,0.002,0.002,2168.255,1599.274,1.002
log_lik_weight[93],-0.577,0.215,-0.988,-0.213,0.005,0.004,1988.209,1779.011,0.999
log_lik_weight[94],-1.507,0.34,-2.133,-0.902,0.007,0.006,2186.197,1973.123,1.0
log_lik_weight[95],-0.93,0.27,-1.451,-0.464,0.006,0.005,2061.736,1844.195,1.0
log_lik_weight[96],0.002,0.079,-0.161,0.136,0.002,0.002,2219.062,1500.803,1.001
log_lik_weight[97],-2.279,0.425,-3.06,-1.521,0.009,0.007,2306.076,1956.281,0.999
log_lik_weight[98],-0.031,0.096,-0.209,0.141,0.002,0.002,2277.122,1905.815,1.0
log_lik_weight[99],0.012,0.075,-0.146,0.135,0.002,0.002,2223.657,1498.382,1.0
log_lik_weight[100],-0.107,0.119,-0.338,0.102,0.003,0.002,1810.837,1705.63,0.999
log_lik_weight[101],-0.093,0.114,-0.321,0.103,0.003,0.002,1823.181,1547.801,0.999
log_lik_weight[102],-0.871,0.277,-1.439,-0.414,0.007,0.005,1756.352,1708.18,1.0
log_lik_weight[103],-0.299,0.175,-0.632,0.003,0.004,0.003,1859.492,1913.968,1.0
log_lik_weight[104],-0.013,0.091,-0.176,0.159,0.002,0.002,2339.13,1830.441,1.002
log_lik_weight[105],-0.051,0.098,-0.239,0.115,0.002,0.002,1931.646,1514.385,0.999
log_lik_weight[106],-0.615,0.212,-1.024,-0.236,0.005,0.004,1807.043,1720.357,1.0
log_lik_weight[107],-0.005,0.082,-0.154,0.147,0.002,0.002,2335.366,1702.822,1.0
log_lik_weight[108],-1.674,0.338,-2.276,-1.004,0.007,0.006,2017.68,1712.467,0.999
log_lik_weight[109],0.024,0.072,-0.108,0.158,0.001,0.002,2556.191,1591.432,1.0
log_lik_weight[110],-0.03,0.09,-0.198,0.131,0.002,0.002,2060.693,1707.145,0.999
log_lik_weight[111],-0.029,0.089,-0.195,0.134,0.002,0.002,2074.438,1738.789,0.999
log_lik_weight[112],-0.582,0.2,-0.959,-0.23,0.005,0.004,1795.733,1790.223,1.0
log_lik_weight[113],-0.082,0.102,-0.268,0.103,0.002,0.002,2024.625,1788.712,1.0
log_lik_weight[114],-0.739,0.218,-1.126,-0.323,0.005,0.004,1644.851,1614.934,1.001
log_lik_weight[115],-0.34,0.153,-0.62,-0.057,0.004,0.003,1666.961,1769.605,1.0
log_lik_weight[116],-0.082,0.099,-0.257,0.108,0.002,0.002,2023.595,1550.283,1.0
log_lik_weight[117],-0.108,0.109,-0.321,0.075,0.002,0.002,1898.631,1655.182,0.999
log_lik_weight[118],-0.23,0.134,-0.496,-0.011,0.003,0.003,1789.888,1637.999,0.999
log_lik_weight[119],-0.11,0.108,-0.33,0.066,0.002,0.002,1944.245,1654.604,0.999
log_lik_weight[120],-2.204,0.376,-2.895,-1.488,0.008,0.007,2062.775,1605.061,1.0
log_lik_weight[121],-0.964,0.24,-1.396,-0.518,0.006,0.004,1830.665,1527.914,1.001
log_lik_weight[122],-0.119,0.11,-0.332,0.068,0.002,0.002,2048.805,1681.722,1.0
log_lik_weight[123],-0.07,0.093,-0.242,0.099,0.002,0.002,2097.204,1953.346,1.0
log_lik_weight[124],-0.248,0.136,-0.508,-0.011,0.003,0.003,1997.857,1949.779,1.0
log_lik_weight[125],-1.12,0.257,-1.608,-0.669,0.006,0.005,1957.539,1912.199,1.0
log_lik_weight[126],0.006,0.074,-0.13,0.146,0.002,0.002,2357.522,1649.429,1.0
log_lik_weight[127],-0.153,0.111,-0.35,0.057,0.002,0.002,2058.267,1869.746,1.001
log_lik_weight[128],-0.045,0.093,-0.231,0.109,0.002,0.002,2381.22,1619.166,1.0
log_lik_weight[129],-0.055,0.089,-0.223,0.104,0.002,0.002,2147.768,1947.086,1.0
log_lik_weight[130],-0.062,0.098,-0.255,0.101,0.002,0.002,2432.459,1805.194,1.0
log_lik_weight[131],-0.395,0.16,-0.694,-0.099,0.003,0.003,2112.678,2014.116,1.0
log_lik_weight[132],-0.792,0.224,-1.218,-0.392,0.005,0.004,2226.163,2069.347,1.001
log_lik_weight[133],-0.68,0.222,-1.102,-0.286,0.005,0.004,2210.124,1912.472,1.001
log_lik_weight[134],-0.455,0.193,-0.84,-0.141,0.004,0.004,2170.234,1910.491,1.001
log_lik_weight[135],-0.316,0.172,-0.656,-0.041,0.004,0.003,2212.861,1856.959,1.001
log_lik_weight[136],-0.402,0.189,-0.768,-0.079,0.004,0.003,2151.18,1915.467,1.002
log_lik_weight[137],-0.218,0.158,-0.526,0.039,0.003,0.003,2266.464,1932.588,1.002
log_lik_weight[138],-0.236,0.167,-0.561,0.035,0.004,0.003,2255.284,1920.941,1.002
log_lik_weight[139],-0.416,0.214,-0.82,-0.063,0.005,0.004,2195.837,1776.263,1.002
log_lik_weight[140],-0.002,0.088,-0.169,0.166,0.002,0.002,2457.482,1739.61,1.002
log_lik_weight[141],-0.062,0.119,-0.305,0.124,0.002,0.003,2321.32,1913.922,1.001
log_lik_weight[142],-0.003,0.09,-0.181,0.148,0.002,0.002,2186.148,1830.638,1.0
log_lik_weight[143],-0.053,0.119,-0.296,0.13,0.002,0.003,2326.952,1940.118,1.001
log_lik_weight[144],-0.127,0.158,-0.431,0.128,0.003,0.004,2345.464,1877.405,1.001
log_lik_weight[145],-0.439,0.285,-0.994,0.026,0.006,0.005,2318.978,1747.121,1.001
log_lik_weight[146],-0.517,0.485,-1.406,0.138,0.01,0.014,2634.317,1903.758,1.0
log_lik_workout[0],3.4,0.058,3.288,3.472,0.001,0.002,2161.664,1365.991,1.0
log_lik_workout[1],3.401,0.057,3.292,3.473,0.001,0.002,2166.382,1368.252,1.0
log_lik_workout[2],3.404,0.053,3.302,3.473,0.001,0.002,2172.738,1331.213,1.0
log_lik_workout[3],3.405,0.052,3.307,3.476,0.001,0.002,2170.938,1350.381,1.0
log_lik_workout[4],3.406,0.051,3.312,3.478,0.001,0.002,2170.845,1350.381,1.0
log_lik_workout[5],3.408,0.048,3.319,3.476,0.001,0.001,2162.869,1478.909,1.0
log_lik_workout[6],3.409,0.048,3.322,3.476,0.001,0.001,2165.632,1527.311,1.0
log_lik_workout[7],3.41,0.047,3.322,3.475,0.001,0.001,2165.807,1610.645,1.001
log_lik_workout[8],3.41,0.046,3.325,3.476,0.001,0.001,2162.422,1502.703,1.001
log_lik_workout[9],-7.585,0.162,-7.87,-7.359,0.003,0.006,3443.723,1314.866,1.006
log_lik_workout[10],3.413,0.044,3.33,3.478,0.001,0.001,2166.545,1463.628,1.002
log_lik_workout[11],3.413,0.043,3.326,3.473,0.001,0.001,2166.848,1398.162,1.002
log_lik_workout[12],3.414,0.043,3.332,3.477,0.001,0.001,2166.476,1397.695,1.002
log_lik_workout[13],3.416,0.041,3.332,3.473,0.001,0.001,2152.668,1408.511,1.002
log_lik_workout[14],3.416,0.041,3.333,3.473,0.001,0.001,2148.556,1402.129,1.002
log_lik_workout[15],3.416,0.04,3.333,3.473,0.001,0.001,2135.71,1381.307,1.002
log_lik_workout[16],3.418,0.039,3.338,3.473,0.001,0.001,2097.484,1405.407,1.002
log_lik_workout[17],3.418,0.039,3.339,3.473,0.001,0.001,2092.365,1406.358,1.002
log_lik_workout[18],3.419,0.038,3.348,3.477,0.001,0.001,2053.692,1446.43,1.001
log_lik_workout[19],3.419,0.038,3.347,3.476,0.001,0.001,2043.68,1424.913,1.001
log_lik_workout[20],3.419,0.038,3.343,3.473,0.001,0.001,1942.487,1473.881,1.002
log_lik_workout[21],3.418,0.039,3.347,3.477,0.001,0.001,1935.73,1544.803,1.002
log_lik_workout[22],3.418,0.039,3.349,3.479,0.001,0.001,1937.263,1594.512,1.002
log_lik_workout[23],3.418,0.039,3.349,3.479,0.001,0.001,1940.356,1594.653,1.002
log_lik_workout[24],3.417,0.04,3.348,3.477,0.001,0.001,1951.192,1739.062,1.001
log_lik_workout[25],3.417,0.04,3.346,3.476,0.001,0.001,1957.871,1677.99,1.001
log_lik_workout[26],3.414,0.044,3.338,3.477,0.001,0.001,2009.559,1623.911,1.0
log_lik_workout[27],3.414,0.044,3.339,3.477,0.001,0.001,2009.994,1623.911,1.0
log_lik_workout[28],3.414,0.044,3.335,3.474,0.001,0.001,2018.128,1623.911,1.0
log_lik_workout[29],3.412,0.046,3.331,3.476,0.001,0.001,2063.992,1548.534,1.001
log_lik_workout[30],3.412,0.047,3.331,3.477,0.001,0.002,2071.318,1606.681,1.001
log_lik_workout[31],3.407,0.054,3.314,3.476,0.001,0.002,2196.52,1701.624,1.0
log_lik_workout[32],3.404,0.057,3.303,3.475,0.001,0.002,2260.807,1786.247,1.0
log_lik_workout[33],-7.586,0.162,-7.87,-7.358,0.003,0.006,3453.318,1422.624,1.007
log_lik_workout[34],-7.586,0.162,-7.87,-7.359,0.003,0.006,3454.862,1475.112,1.007
log_lik_workout[35],3.372,0.096,3.197,3.477,0.002,0.004,1920.968,1589.646,1.0
log_lik_workout[36],3.372,0.097,3.194,3.476,0.002,0.004,1904.24,1578.381,1.0
log_lik_workout[37],3.368,0.101,3.186,3.479,0.002,0.004,1859.635,1760.771,1.0
log_lik_workout[38],-7.586,0.162,-7.87,-7.359,0.003,0.006,3455.026,1409.741,1.007
log_lik_workout[39],3.36,0.111,3.155,3.474,0.002,0.004,1911.994,1784.966,1.0
log_lik_workout[40],3.344,0.131,3.113,3.477,0.003,0.005,2057.421,1930.832,1.0
log_lik_workout[41],-7.586,0.162,-7.87,-7.361,0.003,0.006,3468.132,1402.983,1.006
log_lik_workout[42],3.326,0.156,3.031,3.477,0.003,0.006,2235.634,1920.364,0.999
log_lik_workout[43],-8.999,0.188,-9.33,-8.751,0.003,0.007,3312.698,1348.73,1.006
log_lik_workout[44],3.327,0.175,3.023,3.476,0.004,0.01,1676.924,1949.454,1.001
log_lik_workout[45],-7.586,0.162,-7.872,-7.361,0.003,0.006,3455.518,1483.816,1.006
log_lik_workout[46],-7.586,0.162,-7.872,-7.361,0.003,0.006,3456.42,1395.836,1.006
log_lik_workout[47],3.333,0.162,3.049,3.477,0.004,0.009,1539.268,1863.514,1.001
log_lik_workout[48],3.323,0.165,3.014,3.479,0.005,0.006,1269.604,1644.635,1.002
log_lik_workout[49],3.322,0.166,3.01,3.479,0.005,0.006,1278.801,1644.635,1.002
log_lik_workout[50],3.319,0.17,3.0,3.475,0.005,0.007,1306.368,1659.949,1.002
log_lik_workout[51],3.259,0.253,2.815,3.477,0.006,0.011,1507.877,1753.707,1.002
beta_scaled,,,,,,,,,
f_weight_stored[0],-1.592,0.368,-2.237,-0.874,0.007,0.013,2929.971,1369.312,1.0
f_weight_stored[1],-1.84,0.17,-2.15,-1.514,0.004,0.003,1835.357,1869.586,1.0
f_weight_stored[2],-1.842,0.158,-2.139,-1.553,0.004,0.003,1878.09,1874.384,1.0
f_weight_stored[3],-1.841,0.144,-2.113,-1.586,0.003,0.002,1955.634,1852.713,1.0
f_weight_stored[4],-1.836,0.132,-2.08,-1.599,0.003,0.002,2016.977,1668.356,1.002
f_weight_stored[5],-1.83,0.124,-2.051,-1.596,0.003,0.002,2076.579,1678.938,1.002
f_weight_stored[6],-1.818,0.115,-2.028,-1.605,0.002,0.002,2122.236,1775.176,1.003
f_weight_stored[7],-1.81,0.111,-2.01,-1.6,0.002,0.002,2130.357,1690.191,1.003
f_weight_stored[8],-1.774,0.1,-1.952,-1.58,0.002,0.002,2127.117,1707.968,1.003
f_weight_stored[9],-1.753,0.096,-1.936,-1.58,0.002,0.002,2129.575,1743.099,1.004
f_weight_stored[10],-1.726,0.093,-1.902,-1.561,0.002,0.002,2130.714,1919.767,1.003
f_weight_stored[11],-1.68,0.089,-1.848,-1.521,0.002,0.002,2152.734,1847.202,1.002
f_weight_stored[12],-1.68,0.089,-1.848,-1.521,0.002,0.002,2152.734,1847.202,1.002
f_weight_stored[13],-1.595,0.084,-1.749,-1.436,0.002,0.002,2208.182,1847.346,1.001
f_weight_stored[14],-1.562,0.082,-1.713,-1.404,0.002,0.001,2227.275,1883.595,1.001
f_weight_stored[15],-1.513,0.08,-1.666,-1.364,0.002,0.001,2256.974,1810.998,1.002
f_weight_stored[16],-1.468,0.079,-1.624,-1.328,0.002,0.001,2281.791,1884.156,1.002
f_weight_stored[17],-1.46,0.078,-1.609,-1.314,0.002,0.001,2285.425,1961.416,1.002
f_weight_stored[18],-1.445,0.078,-1.591,-1.299,0.002,0.001,2292.231,1945.699,1.002
f_weight_stored[19],-1.395,0.076,-1.539,-1.253,0.002,0.001,2306.608,1957.952,1.002
f_weight_stored[20],-1.37,0.076,-1.521,-1.237,0.002,0.001,2311.734,2043.101,1.002
f_weight_stored[21],-1.352,0.075,-1.496,-1.215,0.002,0.001,2315.381,2028.059,1.002
f_weight_stored[22],-1.308,0.074,-1.45,-1.173,0.002,0.001,2326.799,1927.313,1.002
f_weight_stored[23],-1.289,0.074,-1.432,-1.157,0.002,0.001,2329.704,1946.245,1.002
f_weight_stored[24],-1.261,0.073,-1.402,-1.127,0.002,0.001,2331.65,1799.821,1.002
f_weight_stored[25],-1.233,0.072,-1.365,-1.092,0.001,0.001,2327.235,1871.162,1.003
f_weight_stored[26],-1.194,0.072,-1.326,-1.056,0.001,0.001,2325.68,1889.249,1.003
f_weight_stored[27],-1.154,0.071,-1.287,-1.02,0.001,0.001,2312.438,1838.432,1.002
f_weight_stored[28],-1.133,0.071,-1.266,-1.002,0.001,0.001,2303.677,1849.343,1.002
f_weight_stored[29],-1.081,0.07,-1.215,-0.953,0.001,0.001,2283.865,1623.257,1.003
f_weight_stored[30],-1.039,0.07,-1.176,-0.915,0.001,0.001,2266.919,1569.32,1.004
f_weight_stored[31],-0.974,0.069,-1.116,-0.857,0.001,0.001,2234.355,1631.601,1.004
f_weight_stored[32],-0.952,0.069,-1.092,-0.834,0.001,0.001,2223.907,1648.464,1.004
f_weight_stored[33],-0.918,0.069,-1.061,-0.804,0.001,0.001,2212.878,1677.334,1.004
f_weight_stored[34],-0.896,0.069,-1.034,-0.777,0.001,0.001,2204.768,1644.794,1.004
f_weight_stored[35],-0.885,0.069,-1.018,-0.762,0.001,0.001,2200.547,1769.035,1.004
f_weight_stored[36],-0.862,0.068,-0.99,-0.736,0.001,0.001,2190.622,1704.248,1.004
f_weight_stored[37],-0.805,0.068,-0.932,-0.678,0.001,0.001,2173.431,1792.962,1.004
f_weight_stored[38],-0.7,0.068,-0.83,-0.581,0.001,0.001,2139.227,1696.776,1.004
f_weight_stored[39],-0.676,0.068,-0.804,-0.555,0.001,0.001,2133.867,1648.188,1.005
f_weight_stored[40],-0.629,0.068,-0.76,-0.511,0.001,0.001,2121.901,1556.635,1.005
f_weight_stored[41],-0.593,0.067,-0.721,-0.473,0.001,0.001,2115.902,1587.28,1.005
f_weight_stored[42],-0.521,0.067,-0.651,-0.404,0.001,0.001,2108.98,1540.274,1.005
f_weight_stored[43],-0.485,0.067,-0.615,-0.368,0.001,0.001,2102.776,1566.136,1.005
f_weight_stored[44],-0.461,0.067,-0.585,-0.339,0.001,0.001,2099.611,1565.726,1.005
f_weight_stored[45],-0.425,0.067,-0.549,-0.304,0.001,0.001,2098.335,1540.199,1.006
f_weight_stored[46],-0.352,0.067,-0.481,-0.233,0.001,0.001,2086.996,1539.884,1.007
f_weight_stored[47],-0.268,0.068,-0.397,-0.148,0.001,0.001,2069.131,1589.528,1.007
f_weight_stored[48],-0.22,0.068,-0.345,-0.096,0.001,0.001,2059.31,1588.32,1.008
f_weight_stored[49],-0.185,0.068,-0.316,-0.067,0.002,0.001,2053.323,1645.212,1.007
f_weight_stored[50],-0.149,0.068,-0.276,-0.026,0.002,0.001,2044.944,1675.082,1.007
f_weight_stored[51],-0.125,0.068,-0.251,0.001,0.002,0.001,2041.905,1675.082,1.007
f_weight_stored[52],-0.09,0.069,-0.215,0.038,0.002,0.001,2034.981,1806.842,1.007
f_weight_stored[53],-0.078,0.069,-0.203,0.051,0.002,0.001,2031.859,1808.867,1.007
f_weight_stored[54],0.014,0.07,-0.117,0.141,0.002,0.001,2033.529,1808.617,1.006
f_weight_stored[55],0.06,0.07,-0.069,0.19,0.002,0.001,2017.282,1776.677,1.004
f_weight_stored[56],0.105,0.071,-0.023,0.241,0.002,0.001,2002.011,1713.224,1.004
f_weight_stored[57],0.289,0.074,0.157,0.431,0.002,0.001,1959.717,1846.555,1.002
f_weight_stored[58],0.351,0.074,0.212,0.491,0.002,0.001,1955.675,1863.337,1.002
f_weight_stored[59],0.361,0.075,0.211,0.49,0.002,0.001,1952.093,1845.313,1.002
f_weight_stored[60],0.439,0.076,0.288,0.572,0.002,0.001,1931.236,1842.945,1.001
f_weight_stored[61],0.504,0.076,0.361,0.649,0.002,0.001,1930.759,1863.943,1.002
f_weight_stored[62],0.531,0.077,0.39,0.68,0.002,0.001,1947.867,1881.301,1.002
f_weight_stored[63],0.575,0.077,0.434,0.725,0.002,0.001,1945.506,1921.03,1.002
f_weight_stored[64],0.616,0.077,0.466,0.758,0.002,0.001,1947.732,1921.535,1.002
f_weight_stored[65],0.632,0.077,0.48,0.771,0.002,0.001,1949.952,1801.237,1.002
f_weight_stored[66],0.648,0.077,0.496,0.787,0.002,0.001,1951.959,1842.999,1.002
f_weight_stored[67],0.648,0.077,0.496,0.787,0.002,0.001,1951.959,1842.999,1.002
f_weight_stored[68],0.769,0.078,0.627,0.915,0.002,0.001,1979.918,1994.049,1.0
f_weight_stored[69],0.878,0.078,0.738,1.027,0.002,0.001,2024.043,1934.969,0.999
f_weight_stored[70],0.93,0.078,0.781,1.067,0.002,0.001,2043.992,1958.852,0.999
f_weight_stored[71],0.943,0.078,0.794,1.077,0.002,0.001,2050.174,1876.52,0.999
f_weight_stored[72],0.948,0.078,0.803,1.086,0.002,0.001,2051.382,1882.282,0.999
f_weight_stored[73],0.956,0.078,0.812,1.095,0.002,0.001,2051.43,1863.041,0.999
f_weight_stored[74],0.965,0.078,0.82,1.104,0.002,0.001,2058.318,1877.411,0.999
f_weight_stored[75],0.973,0.077,0.832,1.115,0.002,0.001,2063.274,1894.962,0.999
f_weight_stored[76],0.981,0.077,0.839,1.121,0.002,0.001,2067.708,1846.51,0.999
f_weight_stored[77],0.987,0.077,0.845,1.126,0.002,0.001,2066.552,1913.577,0.999
f_weight_stored[78],0.99,0.076,0.844,1.123,0.002,0.001,2065.781,1914.315,0.999
f_weight_stored[79],0.991,0.076,0.848,1.128,0.002,0.001,2072.946,1880.761,0.999
f_weight_stored[80],0.976,0.074,0.842,1.121,0.002,0.001,2094.321,1953.039,0.999
f_weight_stored[81],0.96,0.073,0.82,1.098,0.002,0.001,2111.56,1915.648,1.0
f_weight_stored[82],0.941,0.073,0.8,1.077,0.002,0.001,2120.948,1922.649,1.0
f_weight_stored[83],0.939,0.073,0.799,1.074,0.002,0.001,2121.356,1922.364,1.0
f_weight_stored[84],0.933,0.072,0.792,1.066,0.002,0.001,2122.259,1922.622,1.0
f_weight_stored[85],0.931,0.072,0.791,1.065,0.002,0.001,2122.603,1960.928,1.001
f_weight_stored[86],0.922,0.072,0.779,1.053,0.002,0.001,2125.573,1961.734,1.0
f_weight_stored[87],0.916,0.072,0.772,1.045,0.002,0.001,2125.662,1962.435,1.001
f_weight_stored[88],0.893,0.072,0.756,1.027,0.002,0.001,2129.75,1934.179,1.001
f_weight_stored[89],0.873,0.073,0.736,1.006,0.002,0.001,2125.684,1858.276,1.001
f_weight_stored[90],0.869,0.073,0.731,1.002,0.002,0.001,2124.035,1848.177,1.001
f_weight_stored[91],0.854,0.073,0.72,0.989,0.002,0.001,2118.407,1813.26,1.001
f_weight_stored[92],0.827,0.074,0.693,0.963,0.002,0.001,2101.523,1857.597,1.001
f_weight_stored[93],0.803,0.074,0.659,0.934,0.002,0.001,2063.512,1858.196,1.0
f_weight_stored[94],0.791,0.075,0.649,0.925,0.002,0.001,2042.67,1881.085,1.0
f_weight_stored[95],0.787,0.075,0.647,0.925,0.002,0.001,2035.099,1933.958,1.0
f_weight_stored[96],0.779,0.075,0.638,0.916,0.002,0.001,2023.271,1934.046,1.0
f_weight_stored[97],0.742,0.076,0.586,0.874,0.002,0.001,1979.203,1847.371,1.0
f_weight_stored[98],0.729,0.077,0.592,0.882,0.002,0.001,1963.676,1847.818,1.0
f_weight_stored[99],0.68,0.078,0.534,0.83,0.002,0.001,1906.479,1746.005,1.001
f_weight_stored[100],0.6,0.08,0.449,0.746,0.002,0.001,1844.702,1765.009,1.001
f_weight_stored[101],0.589,0.08,0.437,0.735,0.002,0.001,1837.602,1743.123,1.001
f_weight_stored[102],0.566,0.079,0.411,0.708,0.002,0.001,1823.857,1743.723,1.0
f_weight_stored[103],0.553,0.079,0.403,0.7,0.002,0.001,1820.967,1755.126,1.0
f_weight_stored[104],0.536,0.078,0.382,0.676,0.002,0.001,1817.083,1767.045,1.0
f_weight_stored[105],0.483,0.074,0.337,0.616,0.002,0.001,1764.661,1777.984,1.0
f_weight_stored[106],0.472,0.072,0.332,0.603,0.002,0.001,1743.057,1776.924,1.0
f_weight_stored[107],0.468,0.071,0.337,0.606,0.002,0.001,1722.89,1777.826,1.0
f_weight_stored[108],0.467,0.071,0.337,0.604,0.002,0.001,1717.724,1777.826,1.0
f_weight_stored[109],0.465,0.07,0.335,0.6,0.002,0.001,1714.141,1744.37,1.0
f_weight_stored[110],0.464,0.07,0.335,0.598,0.002,0.001,1709.753,1764.537,1.0
f_weight_stored[111],0.463,0.069,0.335,0.597,0.002,0.001,1709.915,1764.479,1.0
f_weight_stored[112],0.462,0.069,0.336,0.595,0.002,0.001,1707.027,1642.096,1.0
f_weight_stored[113],0.461,0.069,0.334,0.592,0.002,0.001,1713.239,1642.958,1.0
f_weight_stored[114],0.46,0.068,0.339,0.591,0.002,0.001,1731.536,1616.003,0.999
f_weight_stored[115],0.46,0.067,0.34,0.588,0.002,0.001,1743.542,1643.736,0.999
f_weight_stored[116],0.46,0.067,0.341,0.587,0.002,0.001,1760.226,1674.086,0.999
f_weight_stored[117],0.46,0.067,0.341,0.587,0.002,0.001,1760.226,1674.086,0.999
f_weight_stored[118],0.46,0.066,0.342,0.587,0.002,0.001,1773.589,1812.846,0.999
f_weight_stored[119],0.462,0.066,0.344,0.586,0.002,0.001,1799.874,1675.576,1.0
f_weight_stored[120],0.464,0.065,0.346,0.586,0.002,0.001,1837.179,1740.719,1.0
f_weight_stored[121],0.465,0.065,0.346,0.586,0.002,0.001,1853.544,1773.098,1.0
f_weight_stored[122],0.468,0.065,0.349,0.587,0.001,0.001,1912.078,1805.879,1.0
f_weight_stored[123],0.469,0.065,0.351,0.589,0.001,0.001,1926.557,1805.206,1.0
f_weight_stored[124],0.47,0.065,0.355,0.593,0.001,0.001,1911.124,1804.371,1.0
f_weight_stored[125],0.478,0.065,0.362,0.6,0.001,0.001,1950.286,1885.192,1.0
f_weight_stored[126],0.481,0.065,0.372,0.61,0.001,0.001,1961.742,1728.283,1.0
f_weight_stored[127],0.483,0.065,0.375,0.613,0.001,0.001,1970.745,1728.997,1.0
f_weight_stored[128],0.483,0.065,0.375,0.613,0.001,0.001,1970.745,1728.997,1.0
f_weight_stored[129],0.483,0.065,0.375,0.613,0.001,0.001,1970.745,1728.997,1.0
f_weight_stored[130],0.497,0.066,0.381,0.623,0.001,0.001,2045.057,1865.724,1.0
f_weight_stored[131],0.509,0.067,0.386,0.632,0.001,0.001,2086.762,1833.766,1.0
f_weight_stored[132],0.515,0.067,0.393,0.642,0.001,0.001,2100.934,1831.386,1.0
f_weight_stored[133],0.551,0.072,0.421,0.691,0.002,0.001,2158.795,1972.638,1.001
f_weight_stored[134],0.559,0.073,0.437,0.71,0.002,0.001,2157.025,1857.637,1.001
f_weight_stored[135],0.573,0.076,0.43,0.716,0.002,0.001,2156.509,1857.039,1.001
f_weight_stored[136],0.581,0.078,0.441,0.73,0.002,0.001,2158.2,1893.871,1.001
f_weight_stored[137],0.596,0.081,0.446,0.75,0.002,0.001,2165.986,1920.108,1.001
f_weight_stored[138],0.605,0.084,0.445,0.755,0.002,0.001,2172.318,1930.454,1.001
f_weight_stored[139],0.614,0.086,0.445,0.768,0.002,0.002,2182.291,1929.706,1.001
f_weight_stored[140],0.626,0.09,0.459,0.799,0.002,0.002,2195.521,1887.831,1.001
f_weight_stored[141],0.635,0.093,0.467,0.821,0.002,0.002,2214.04,1840.967,1.001
f_weight_stored[142],0.644,0.096,0.47,0.836,0.002,0.002,2233.484,1840.424,1.001
f_weight_stored[143],0.647,0.098,0.472,0.842,0.002,0.002,2243.281,1851.357,1.001
f_weight_stored[144],0.66,0.103,0.473,0.865,0.002,0.002,2275.204,1840.617,1.001
f_weight_stored[145],0.688,0.115,0.488,0.928,0.002,0.002,2357.372,1933.224,1.001
f_weight_stored[146],0.785,0.183,0.44,1.128,0.004,0.003,2667.715,2003.088,1.0
f_workout_stored[0],-0.406,0.002,-0.409,-0.402,0.0,0.0,2172.754,1932.147,1.002
f_workout_stored[1],-0.406,0.002,-0.409,-0.402,0.0,0.0,2171.6,1893.704,1.002
f_workout_stored[2],-0.406,0.002,-0.409,-0.402,0.0,0.0,2163.14,1886.696,1.002
f_workout_stored[3],-0.406,0.002,-0.409,-0.402,0.0,0.0,2161.484,1866.685,1.002
f_workout_stored[4],-0.406,0.002,-0.409,-0.402,0.0,0.0,2160.192,1898.735,1.002
f_workout_stored[5],-0.406,0.002,-0.409,-0.403,0.0,0.0,2147.533,1885.155,1.002
f_workout_stored[6],-0.406,0.002,-0.409,-0.403,0.0,0.0,2145.494,1885.155,1.002
f_workout_stored[7],-0.406,0.002,-0.409,-0.403,0.0,0.0,2145.043,1813.121,1.002
f_workout_stored[8],-0.406,0.002,-0.409,-0.403,0.0,0.0,2142.148,1811.763,1.002
f_workout_stored[9],-0.406,0.002,-0.409,-0.403,0.0,0.0,2136.582,1683.341,1.002
f_workout_stored[10],-0.406,0.002,-0.409,-0.403,0.0,0.0,2133.831,1598.606,1.002
f_workout_stored[11],-0.406,0.002,-0.409,-0.403,0.0,0.0,2130.86,1599.206,1.002
f_workout_stored[12],-0.406,0.002,-0.409,-0.403,0.0,0.0,2129.005,1573.658,1.002
f_workout_stored[13],-0.406,0.001,-0.409,-0.403,0.0,0.0,2119.952,1655.35,1.002
f_workout_stored[14],-0.406,0.001,-0.409,-0.403,0.0,0.0,2116.547,1644.728,1.002
f_workout_stored[15],-0.406,0.001,-0.409,-0.403,0.0,0.0,2114.949,1673.302,1.002
f_workout_stored[16],-0.406,0.001,-0.409,-0.403,0.0,0.0,2105.398,1655.535,1.002
f_workout_stored[17],-0.406,0.001,-0.409,-0.403,0.0,0.0,2106.483,1685.362,1.002
f_workout_stored[18],-0.406,0.001,-0.409,-0.404,0.0,0.0,2098.565,1706.54,1.002
f_workout_stored[19],-0.406,0.001,-0.409,-0.404,0.0,0.0,2092.961,1703.15,1.002
f_workout_stored[20],-0.406,0.001,-0.409,-0.404,0.0,0.0,2092.813,1853.897,1.003
f_workout_stored[21],-0.406,0.001,-0.409,-0.404,0.0,0.0,2095.384,1792.428,1.002
f_workout_stored[22],-0.406,0.001,-0.409,-0.404,0.0,0.0,2095.361,1759.585,1.002
f_workout_stored[23],-0.406,0.001,-0.409,-0.404,0.0,0.0,2098.601,1754.054,1.002
f_workout_stored[24],-0.406,0.001,-0.409,-0.404,0.0,0.0,2102.597,1603.281,1.002
f_workout_stored[25],-0.406,0.001,-0.409,-0.404,0.0,0.0,2103.507,1668.757,1.002
f_workout_stored[26],-0.406,0.002,-0.409,-0.403,0.0,0.0,2110.996,1808.856,1.001
f_workout_stored[27],-0.406,0.002,-0.409,-0.403,0.0,0.0,2112.116,1823.062,1.0
f_workout_stored[28],-0.406,0.002,-0.409,-0.403,0.0,0.0,2112.222,1811.981,1.0
f_workout_stored[29],-0.406,0.002,-0.409,-0.403,0.0,0.0,2113.607,1895.149,1.0
f_workout_stored[30],-0.406,0.002,-0.409,-0.403,0.0,0.0,2113.049,1917.839,1.0
f_workout_stored[31],-0.406,0.002,-0.41,-0.403,0.0,0.0,2108.448,1928.474,1.0
f_workout_stored[32],-0.406,0.002,-0.41,-0.403,0.0,0.0,2110.329,1929.315,1.0
f_workout_stored[33],-0.406,0.002,-0.411,-0.402,0.0,0.0,2080.103,2012.918,1.0
f_workout_stored[34],-0.406,0.003,-0.411,-0.401,0.0,0.0,2039.52,2011.382,1.0
f_workout_stored[35],-0.406,0.003,-0.411,-0.401,0.0,0.0,2037.314,1969.795,0.999
f_workout_stored[36],-0.406,0.003,-0.411,-0.401,0.0,0.0,2037.473,2012.138,0.999
f_workout_stored[37],-0.406,0.003,-0.412,-0.401,0.0,0.0,2032.56,2056.199,0.999
f_workout_stored[38],-0.406,0.003,-0.412,-0.401,0.0,0.0,2031.008,2056.405,0.999
f_workout_stored[39],-0.406,0.003,-0.413,-0.401,0.0,0.0,2033.66,2012.309,0.999
f_workout_stored[40],-0.406,0.003,-0.413,-0.4,0.0,0.0,2071.492,1973.205,1.0
f_workout_stored[41],-0.406,0.004,-0.413,-0.4,0.0,0.0,2099.141,1822.727,1.0
f_workout_stored[42],-0.407,0.004,-0.414,-0.399,0.0,0.0,2132.018,1920.335,1.0
f_workout_stored[43],-0.407,0.004,-0.414,-0.399,0.0,0.0,2179.276,2014.597,1.001
f_workout_stored[44],-0.407,0.004,-0.414,-0.399,0.0,0.0,1956.935,1855.049,1.001
f_workout_stored[45],-0.407,0.004,-0.414,-0.399,0.0,0.0,1950.53,1787.629,1.001
f_workout_stored[46],-0.407,0.004,-0.413,-0.399,0.0,0.0,1942.922,1757.459,1.001
f_workout_stored[47],-0.407,0.004,-0.414,-0.4,0.0,0.0,1913.056,1696.722,1.001
f_workout_stored[48],-0.406,0.004,-0.412,-0.398,0.0,0.0,1926.225,1467.157,1.001
f_workout_stored[49],-0.406,0.004,-0.413,-0.398,0.0,0.0,1930.061,1467.157,1.001
f_workout_stored[50],-0.406,0.004,-0.413,-0.398,0.0,0.0,1946.803,1467.157,1.001
f_workout_stored[51],-0.405,0.005,-0.415,-0.396,0.0,0.0,2162.038,1689.01,1.001
lag_days_stored,2.993,2.945,0.004,8.31,0.05,0.098,3094.139,1251.91,1.001
lag_scaled_stored,0.003,0.003,0.0,0.009,0.0,0.0,3094.159,1251.91,1.001
beta_original_units,-1.771,5.084,-11.4,7.591,0.088,0.117,3303.314,1775.644,1.003
