,mean,sd,hdi_3%,hdi_97%,mcse_mean,mcse_sd,ess_bulk,ess_tail,r_hat
alpha_weight,0.965,0.215,0.597,1.374,0.005,0.004,1502.761,1556.212,1.001
rho_weight,0.191,0.031,0.129,0.246,0.001,0.001,917.493,918.47,1.003
alpha_workout,0.151,0.073,0.051,0.292,0.002,0.002,1085.806,1224.729,1.007
rho_workout,1.267,0.747,0.309,2.649,0.037,0.037,480.239,783.022,1.004
beta,-0.16,0.992,-2.003,1.741,0.016,0.025,3826.89,1404.831,1.003
sigma_weight,0.379,0.026,0.331,0.43,0.0,0.001,3073.149,1467.935,1.001
sigma_workout,0.01,0.0,0.01,0.01,0.0,0.0,2765.09,1172.503,1.0
nu_weight,25.636,14.798,5.268,53.314,0.299,0.438,2640.69,1445.919,1.004
nu_workout,1.427,0.224,1.003,1.802,0.005,0.006,1474.052,641.472,1.005
"eta_inducing_raw[0, 0]",-1.685,0.483,-2.577,-0.861,0.011,0.011,2032.016,1582.824,1.002
"eta_inducing_raw[0, 1]",-1.18,0.513,-2.111,-0.362,0.016,0.013,1062.763,1225.479,1.006
"eta_inducing_raw[1, 0]",-0.546,0.718,-1.843,0.846,0.016,0.014,2019.432,1540.222,1.001
"eta_inducing_raw[1, 1]",-0.142,0.764,-1.482,1.337,0.016,0.021,2420.213,1493.303,1.007
"eta_inducing_raw[2, 0]",-0.662,0.922,-2.285,1.155,0.018,0.019,2682.089,1660.085,1.001
"eta_inducing_raw[2, 1]",-0.106,0.911,-1.808,1.607,0.019,0.023,2410.231,1485.879,1.001
"eta_inducing_raw[3, 0]",-0.783,0.914,-2.649,0.813,0.018,0.021,2658.462,1268.944,1.0
"eta_inducing_raw[3, 1]",-0.081,0.935,-1.912,1.533,0.017,0.022,3020.927,1508.569,1.004
"eta_inducing_raw[4, 0]",-0.611,0.971,-2.37,1.205,0.019,0.025,2683.406,1139.43,1.001
"eta_inducing_raw[4, 1]",-0.078,0.985,-1.956,1.657,0.017,0.029,3375.729,1360.276,1.005
"eta_inducing_raw[5, 0]",-0.549,0.96,-2.289,1.3,0.018,0.023,2982.227,1649.644,1.001
"eta_inducing_raw[5, 1]",-0.059,0.991,-2.035,1.629,0.017,0.022,3501.625,1564.49,1.002
"eta_inducing_raw[6, 0]",-0.428,0.961,-2.324,1.321,0.016,0.026,3445.548,1428.477,0.999
"eta_inducing_raw[6, 1]",-0.145,0.978,-1.91,1.701,0.017,0.024,3401.034,1488.104,0.999
"eta_inducing_raw[7, 0]",-0.293,0.956,-2.037,1.496,0.018,0.023,2982.72,1422.386,1.0
"eta_inducing_raw[7, 1]",-0.099,0.993,-1.905,1.793,0.017,0.026,3615.239,1442.08,1.001
"eta_inducing_raw[8, 0]",-0.106,0.951,-1.743,1.752,0.018,0.021,2847.962,1522.298,1.004
"eta_inducing_raw[8, 1]",-0.084,0.964,-1.988,1.663,0.018,0.023,2942.1,1547.604,1.003
"eta_inducing_raw[9, 0]",0.041,0.936,-1.765,1.795,0.018,0.023,2632.891,1514.964,0.999
"eta_inducing_raw[9, 1]",-0.169,0.974,-1.97,1.717,0.017,0.028,3347.891,1283.35,1.002
"eta_inducing_raw[10, 0]",0.194,1.001,-1.623,2.091,0.018,0.026,3073.56,1297.453,1.002
"eta_inducing_raw[10, 1]",-0.131,0.989,-2.111,1.626,0.017,0.028,3137.861,1313.184,1.003
"eta_inducing_raw[11, 0]",0.318,0.973,-1.574,2.061,0.018,0.023,3020.546,1519.312,1.0
"eta_inducing_raw[11, 1]",-0.132,0.951,-1.997,1.518,0.018,0.023,2669.744,1625.501,1.004
"eta_inducing_raw[12, 0]",0.413,0.962,-1.502,2.057,0.019,0.024,2597.442,1308.018,1.001
"eta_inducing_raw[12, 1]",-0.168,0.945,-1.927,1.577,0.017,0.022,3039.657,1400.275,1.003
"eta_inducing_raw[13, 0]",0.455,0.986,-1.459,2.264,0.016,0.027,3624.996,1483.193,1.0
"eta_inducing_raw[13, 1]",-0.135,0.911,-1.851,1.537,0.014,0.021,4139.674,1610.649,1.002
"eta_inducing_raw[14, 0]",0.497,0.942,-1.164,2.37,0.019,0.023,2524.795,1163.157,1.004
"eta_inducing_raw[14, 1]",-0.203,0.98,-2.091,1.589,0.018,0.023,3108.861,1494.368,1.003
"eta_inducing_raw[15, 0]",0.479,0.935,-1.25,2.212,0.016,0.024,3299.974,1397.812,1.008
"eta_inducing_raw[15, 1]",-0.146,0.968,-1.913,1.731,0.017,0.025,3206.122,1384.346,1.004
"eta_inducing_raw[16, 0]",0.448,0.974,-1.324,2.278,0.018,0.026,2875.004,1420.323,1.003
"eta_inducing_raw[16, 1]",-0.136,0.993,-1.969,1.704,0.019,0.024,2801.751,1492.094,1.004
"eta_inducing_raw[17, 0]",0.436,0.954,-1.308,2.245,0.018,0.021,2797.562,1550.876,1.0
"eta_inducing_raw[17, 1]",-0.151,0.95,-2.003,1.653,0.016,0.024,3426.59,1393.467,1.0
"eta_inducing_raw[18, 0]",0.407,0.977,-1.344,2.338,0.019,0.022,2664.191,1428.585,0.999
"eta_inducing_raw[18, 1]",-0.161,0.984,-1.829,1.844,0.015,0.025,4547.953,1391.809,1.006
"eta_inducing_raw[19, 0]",0.348,0.948,-1.338,2.096,0.021,0.025,2251.526,1189.084,1.0
"eta_inducing_raw[19, 1]",-0.191,1.036,-2.14,1.751,0.019,0.027,2859.654,1372.032,1.0
"eta_inducing_raw[20, 0]",0.28,0.978,-1.621,2.117,0.019,0.021,2588.442,1532.912,1.001
"eta_inducing_raw[20, 1]",-0.141,1.007,-1.995,1.702,0.018,0.027,3305.049,1366.608,1.0
"eta_inducing_raw[21, 0]",0.254,0.96,-1.406,2.122,0.017,0.022,3166.287,1310.59,1.007
"eta_inducing_raw[21, 1]",-0.149,1.011,-2.113,1.625,0.017,0.027,3731.608,1337.962,1.0
"eta_inducing_raw[22, 0]",0.168,0.958,-1.48,2.057,0.019,0.021,2419.24,1493.548,1.001
"eta_inducing_raw[22, 1]",-0.131,0.979,-2.018,1.624,0.019,0.025,2692.502,1307.139,1.004
"eta_inducing_raw[23, 0]",0.084,0.978,-1.746,1.897,0.019,0.024,2633.553,1329.401,1.0
"eta_inducing_raw[23, 1]",-0.156,1.007,-2.01,1.672,0.017,0.025,3378.774,1396.519,1.002
"eta_inducing_raw[24, 0]",0.027,0.937,-1.783,1.755,0.019,0.022,2495.023,1339.096,1.002
"eta_inducing_raw[24, 1]",-0.149,0.975,-2.037,1.64,0.018,0.024,3052.014,1456.334,1.0
"eta_inducing_raw[25, 0]",-0.061,0.976,-1.896,1.754,0.017,0.022,3208.643,1321.477,1.005
"eta_inducing_raw[25, 1]",-0.13,1.003,-2.05,1.69,0.018,0.022,3020.405,1512.026,1.006
"eta_inducing_raw[26, 0]",-0.121,0.951,-1.849,1.655,0.018,0.024,2874.1,1436.797,1.002
"eta_inducing_raw[26, 1]",-0.136,1.002,-2.087,1.69,0.017,0.025,3357.868,1464.574,1.0
"eta_inducing_raw[27, 0]",-0.17,0.922,-1.867,1.615,0.016,0.022,3428.562,1501.779,1.001
"eta_inducing_raw[27, 1]",-0.13,0.992,-1.9,1.794,0.017,0.023,3427.648,1279.664,1.001
"eta_inducing_raw[28, 0]",-0.14,0.881,-1.732,1.531,0.015,0.02,3304.274,1593.643,1.002
"eta_inducing_raw[28, 1]",-0.111,0.986,-2.137,1.571,0.018,0.022,3033.721,1508.142,1.001
"eta_inducing_raw[29, 0]",-0.162,0.909,-1.865,1.542,0.017,0.021,2843.834,1602.637,1.002
"eta_inducing_raw[29, 1]",-0.153,0.995,-2.084,1.673,0.018,0.025,3014.201,1513.901,1.004
"eta_inducing_raw[30, 0]",-0.083,0.896,-1.726,1.63,0.016,0.02,3054.897,1461.295,0.999
"eta_inducing_raw[30, 1]",-0.144,0.998,-2.029,1.637,0.017,0.029,3478.037,1315.255,1.001
"eta_inducing_raw[31, 0]",-0.015,0.901,-1.715,1.638,0.016,0.023,3059.222,1623.57,1.002
"eta_inducing_raw[31, 1]",-0.097,1.025,-2.03,1.807,0.02,0.024,2699.562,1474.586,1.004
"eta_inducing_raw[32, 0]",0.07,0.977,-1.736,1.941,0.017,0.025,3364.48,1234.536,1.001
"eta_inducing_raw[32, 1]",-0.134,0.962,-1.764,1.905,0.015,0.024,3950.785,1595.791,1.004
"eta_inducing_raw[33, 0]",0.181,0.935,-1.596,1.788,0.015,0.025,3708.355,1300.432,1.006
"eta_inducing_raw[33, 1]",-0.114,0.986,-1.958,1.75,0.018,0.022,3099.42,1530.827,1.002
"eta_inducing_raw[34, 0]",0.246,0.942,-1.469,2.002,0.017,0.023,3134.091,1493.848,1.002
"eta_inducing_raw[34, 1]",-0.063,0.946,-1.729,1.889,0.018,0.022,2798.284,1362.218,1.004
"eta_inducing_raw[35, 0]",0.334,0.95,-1.323,2.185,0.019,0.027,2668.609,1511.972,1.001
"eta_inducing_raw[35, 1]",-0.092,1.015,-1.816,1.914,0.016,0.027,3927.783,1481.057,1.003
"eta_inducing_raw[36, 0]",0.35,0.981,-1.565,2.125,0.018,0.024,2835.622,1414.234,1.005
"eta_inducing_raw[36, 1]",-0.087,0.992,-1.999,1.678,0.019,0.024,2613.362,1368.395,1.002
"eta_inducing_raw[37, 0]",0.37,0.93,-1.297,2.209,0.016,0.024,3434.77,1420.745,1.002
"eta_inducing_raw[37, 1]",-0.1,0.98,-2.058,1.663,0.014,0.024,4845.925,1444.743,1.008
"eta_inducing_raw[38, 0]",0.393,1.008,-1.479,2.227,0.018,0.026,3237.392,1256.464,1.0
"eta_inducing_raw[38, 1]",-0.09,0.956,-1.877,1.66,0.016,0.022,3579.116,1542.462,1.001
"eta_inducing_raw[39, 0]",0.368,0.951,-1.474,2.044,0.017,0.021,3291.43,1624.791,1.0
"eta_inducing_raw[39, 1]",-0.092,1.014,-2.031,1.827,0.017,0.026,3536.648,1285.244,1.0
"eta_inducing_raw[40, 0]",0.345,0.941,-1.36,2.128,0.017,0.022,2904.673,1415.128,1.004
"eta_inducing_raw[40, 1]",-0.071,1.01,-2.001,1.902,0.017,0.028,3648.048,1284.694,1.003
"eta_inducing_raw[41, 0]",0.313,0.997,-1.596,2.123,0.016,0.023,4072.027,1473.601,1.001
"eta_inducing_raw[41, 1]",-0.063,0.991,-1.929,1.8,0.017,0.028,3408.315,1400.584,1.008
"eta_inducing_raw[42, 0]",0.278,0.922,-1.546,1.843,0.018,0.021,2750.29,1364.506,1.002
"eta_inducing_raw[42, 1]",-0.041,1.022,-1.903,1.946,0.017,0.023,3555.83,1588.76,1.003
"eta_inducing_raw[43, 0]",0.197,0.985,-1.645,2.201,0.017,0.028,3328.209,1091.486,1.001
"eta_inducing_raw[43, 1]",-0.025,1.012,-2.036,1.758,0.016,0.024,3941.119,1496.059,1.003
"eta_inducing_raw[44, 0]",0.149,0.973,-1.686,2.013,0.016,0.027,3490.472,1387.654,1.001
"eta_inducing_raw[44, 1]",-0.078,1.007,-1.949,1.856,0.018,0.026,3229.566,1362.033,1.001
"eta_inducing_raw[45, 0]",0.113,0.973,-1.729,1.914,0.018,0.024,2815.841,1451.849,1.0
"eta_inducing_raw[45, 1]",-0.079,1.002,-2.008,1.715,0.018,0.025,3235.993,1381.944,1.004
"eta_inducing_raw[46, 0]",0.109,0.996,-1.738,1.855,0.018,0.023,3097.263,1481.052,1.007
"eta_inducing_raw[46, 1]",-0.068,1.008,-1.907,1.823,0.019,0.025,2937.766,1089.427,1.005
"eta_inducing_raw[47, 0]",0.08,1.049,-1.739,2.21,0.019,0.027,3068.846,1278.715,1.003
"eta_inducing_raw[47, 1]",-0.031,1.031,-1.962,1.871,0.02,0.026,2656.909,1191.521,1.002
"eta_inducing_raw[48, 0]",0.036,0.979,-1.825,1.931,0.015,0.025,3999.279,1525.39,0.999
"eta_inducing_raw[48, 1]",-0.04,0.981,-1.879,1.716,0.017,0.022,3407.288,1504.707,1.001
"eta_inducing_raw[49, 0]",0.039,1.011,-1.769,2.002,0.018,0.024,3129.011,1161.485,1.001
"eta_inducing_raw[49, 1]",-0.009,0.968,-1.782,1.837,0.016,0.022,3604.348,1582.616,1.003
"eta_inducing[0, 0]",-1.685,0.483,-2.577,-0.861,0.011,0.011,2032.016,1582.824,1.002
"eta_inducing[0, 1]",-1.18,0.513,-2.111,-0.362,0.016,0.013,1062.763,1225.479,1.006
"eta_inducing[1, 0]",-0.546,0.718,-1.843,0.846,0.016,0.014,2019.432,1540.222,1.001
"eta_inducing[1, 1]",-0.142,0.764,-1.482,1.337,0.016,0.021,2420.213,1493.303,1.007
"eta_inducing[2, 0]",-0.662,0.922,-2.285,1.155,0.018,0.019,2682.089,1660.085,1.001
"eta_inducing[2, 1]",-0.106,0.911,-1.808,1.607,0.019,0.023,2410.231,1485.879,1.001
"eta_inducing[3, 0]",-0.783,0.914,-2.649,0.813,0.018,0.021,2658.462,1268.944,1.0
"eta_inducing[3, 1]",-0.081,0.935,-1.912,1.533,0.017,0.022,3020.927,1508.569,1.004
"eta_inducing[4, 0]",-0.611,0.971,-2.37,1.205,0.019,0.025,2683.406,1139.43,1.001
"eta_inducing[4, 1]",-0.078,0.985,-1.956,1.657,0.017,0.029,3375.729,1360.276,1.005
"eta_inducing[5, 0]",-0.549,0.96,-2.289,1.3,0.018,0.023,2982.227,1649.644,1.001
"eta_inducing[5, 1]",-0.059,0.991,-2.035,1.629,0.017,0.022,3501.625,1564.49,1.002
"eta_inducing[6, 0]",-0.428,0.961,-2.324,1.321,0.016,0.026,3445.548,1428.477,0.999
"eta_inducing[6, 1]",-0.145,0.978,-1.91,1.701,0.017,0.024,3401.034,1488.104,0.999
"eta_inducing[7, 0]",-0.293,0.956,-2.037,1.496,0.018,0.023,2982.72,1422.386,1.0
"eta_inducing[7, 1]",-0.099,0.993,-1.905,1.793,0.017,0.026,3615.239,1442.08,1.001
"eta_inducing[8, 0]",-0.106,0.951,-1.743,1.752,0.018,0.021,2847.962,1522.298,1.004
"eta_inducing[8, 1]",-0.084,0.964,-1.988,1.663,0.018,0.023,2942.1,1547.604,1.003
"eta_inducing[9, 0]",0.041,0.936,-1.765,1.795,0.018,0.023,2632.891,1514.964,0.999
"eta_inducing[9, 1]",-0.169,0.974,-1.97,1.717,0.017,0.028,3347.891,1283.35,1.002
"eta_inducing[10, 0]",0.194,1.001,-1.623,2.091,0.018,0.026,3073.56,1297.453,1.002
"eta_inducing[10, 1]",-0.131,0.989,-2.111,1.626,0.017,0.028,3137.861,1313.184,1.003
"eta_inducing[11, 0]",0.318,0.973,-1.574,2.061,0.018,0.023,3020.546,1519.312,1.0
"eta_inducing[11, 1]",-0.132,0.951,-1.997,1.518,0.018,0.023,2669.744,1625.501,1.004
"eta_inducing[12, 0]",0.413,0.962,-1.502,2.057,0.019,0.024,2597.442,1308.018,1.001
"eta_inducing[12, 1]",-0.168,0.945,-1.927,1.577,0.017,0.022,3039.657,1400.275,1.003
"eta_inducing[13, 0]",0.455,0.986,-1.459,2.264,0.016,0.027,3624.996,1483.193,1.0
"eta_inducing[13, 1]",-0.135,0.911,-1.851,1.537,0.014,0.021,4139.674,1610.649,1.002
"eta_inducing[14, 0]",0.497,0.942,-1.164,2.37,0.019,0.023,2524.795,1163.157,1.004
"eta_inducing[14, 1]",-0.203,0.98,-2.091,1.589,0.018,0.023,3108.861,1494.368,1.003
"eta_inducing[15, 0]",0.479,0.935,-1.25,2.212,0.016,0.024,3299.974,1397.812,1.008
"eta_inducing[15, 1]",-0.146,0.968,-1.913,1.731,0.017,0.025,3206.122,1384.346,1.004
"eta_inducing[16, 0]",0.448,0.974,-1.324,2.278,0.018,0.026,2875.004,1420.323,1.003
"eta_inducing[16, 1]",-0.136,0.993,-1.969,1.704,0.019,0.024,2801.751,1492.094,1.004
"eta_inducing[17, 0]",0.436,0.954,-1.308,2.245,0.018,0.021,2797.562,1550.876,1.0
"eta_inducing[17, 1]",-0.151,0.95,-2.003,1.653,0.016,0.024,3426.59,1393.467,1.0
"eta_inducing[18, 0]",0.407,0.977,-1.344,2.338,0.019,0.022,2664.191,1428.585,0.999
"eta_inducing[18, 1]",-0.161,0.984,-1.829,1.844,0.015,0.025,4547.953,1391.809,1.006
"eta_inducing[19, 0]",0.348,0.948,-1.338,2.096,0.021,0.025,2251.526,1189.084,1.0
"eta_inducing[19, 1]",-0.191,1.036,-2.14,1.751,0.019,0.027,2859.654,1372.032,1.0
"eta_inducing[20, 0]",0.28,0.978,-1.621,2.117,0.019,0.021,2588.442,1532.912,1.001
"eta_inducing[20, 1]",-0.141,1.007,-1.995,1.702,0.018,0.027,3305.049,1366.608,1.0
"eta_inducing[21, 0]",0.254,0.96,-1.406,2.122,0.017,0.022,3166.287,1310.59,1.007
"eta_inducing[21, 1]",-0.149,1.011,-2.113,1.625,0.017,0.027,3731.608,1337.962,1.0
"eta_inducing[22, 0]",0.168,0.958,-1.48,2.057,0.019,0.021,2419.24,1493.548,1.001
"eta_inducing[22, 1]",-0.131,0.979,-2.018,1.624,0.019,0.025,2692.502,1307.139,1.004
"eta_inducing[23, 0]",0.084,0.978,-1.746,1.897,0.019,0.024,2633.553,1329.401,1.0
"eta_inducing[23, 1]",-0.156,1.007,-2.01,1.672,0.017,0.025,3378.774,1396.519,1.002
"eta_inducing[24, 0]",0.027,0.937,-1.783,1.755,0.019,0.022,2495.023,1339.096,1.002
"eta_inducing[24, 1]",-0.149,0.975,-2.037,1.64,0.018,0.024,3052.014,1456.334,1.0
"eta_inducing[25, 0]",-0.061,0.976,-1.896,1.754,0.017,0.022,3208.643,1321.477,1.005
"eta_inducing[25, 1]",-0.13,1.003,-2.05,1.69,0.018,0.022,3020.405,1512.026,1.006
"eta_inducing[26, 0]",-0.121,0.951,-1.849,1.655,0.018,0.024,2874.1,1436.797,1.002
"eta_inducing[26, 1]",-0.136,1.002,-2.087,1.69,0.017,0.025,3357.868,1464.574,1.0
"eta_inducing[27, 0]",-0.17,0.922,-1.867,1.615,0.016,0.022,3428.562,1501.779,1.001
"eta_inducing[27, 1]",-0.13,0.992,-1.9,1.794,0.017,0.023,3427.648,1279.664,1.001
"eta_inducing[28, 0]",-0.14,0.881,-1.732,1.531,0.015,0.02,3304.274,1593.643,1.002
"eta_inducing[28, 1]",-0.111,0.986,-2.137,1.571,0.018,0.022,3033.721,1508.142,1.001
"eta_inducing[29, 0]",-0.162,0.909,-1.865,1.542,0.017,0.021,2843.834,1602.637,1.002
"eta_inducing[29, 1]",-0.153,0.995,-2.084,1.673,0.018,0.025,3014.201,1513.901,1.004
"eta_inducing[30, 0]",-0.083,0.896,-1.726,1.63,0.016,0.02,3054.897,1461.295,0.999
"eta_inducing[30, 1]",-0.144,0.998,-2.029,1.637,0.017,0.029,3478.037,1315.255,1.001
"eta_inducing[31, 0]",-0.015,0.901,-1.715,1.638,0.016,0.023,3059.222,1623.57,1.002
"eta_inducing[31, 1]",-0.097,1.025,-2.03,1.807,0.02,0.024,2699.562,1474.586,1.004
"eta_inducing[32, 0]",0.07,0.977,-1.736,1.941,0.017,0.025,3364.48,1234.536,1.001
"eta_inducing[32, 1]",-0.134,0.962,-1.764,1.905,0.015,0.024,3950.785,1595.791,1.004
"eta_inducing[33, 0]",0.181,0.935,-1.596,1.788,0.015,0.025,3708.355,1300.432,1.006
"eta_inducing[33, 1]",-0.114,0.986,-1.958,1.75,0.018,0.022,3099.42,1530.827,1.002
"eta_inducing[34, 0]",0.246,0.942,-1.469,2.002,0.017,0.023,3134.091,1493.848,1.002
"eta_inducing[34, 1]",-0.063,0.946,-1.729,1.889,0.018,0.022,2798.284,1362.218,1.004
"eta_inducing[35, 0]",0.334,0.95,-1.323,2.185,0.019,0.027,2668.609,1511.972,1.001
"eta_inducing[35, 1]",-0.092,1.015,-1.816,1.914,0.016,0.027,3927.783,1481.057,1.003
"eta_inducing[36, 0]",0.35,0.981,-1.565,2.125,0.018,0.024,2835.622,1414.234,1.005
"eta_inducing[36, 1]",-0.087,0.992,-1.999,1.678,0.019,0.024,2613.362,1368.395,1.002
"eta_inducing[37, 0]",0.37,0.93,-1.297,2.209,0.016,0.024,3434.77,1420.745,1.002
"eta_inducing[37, 1]",-0.1,0.98,-2.058,1.663,0.014,0.024,4845.925,1444.743,1.008
"eta_inducing[38, 0]",0.393,1.008,-1.479,2.227,0.018,0.026,3237.392,1256.464,1.0
"eta_inducing[38, 1]",-0.09,0.956,-1.877,1.66,0.016,0.022,3579.116,1542.462,1.001
"eta_inducing[39, 0]",0.368,0.951,-1.474,2.044,0.017,0.021,3291.43,1624.791,1.0
"eta_inducing[39, 1]",-0.092,1.014,-2.031,1.827,0.017,0.026,3536.648,1285.244,1.0
"eta_inducing[40, 0]",0.345,0.941,-1.36,2.128,0.017,0.022,2904.673,1415.128,1.004
"eta_inducing[40, 1]",-0.071,1.01,-2.001,1.902,0.017,0.028,3648.048,1284.694,1.003
"eta_inducing[41, 0]",0.313,0.997,-1.596,2.123,0.016,0.023,4072.027,1473.601,1.001
"eta_inducing[41, 1]",-0.063,0.991,-1.929,1.8,0.017,0.028,3408.315,1400.584,1.008
"eta_inducing[42, 0]",0.278,0.922,-1.546,1.843,0.018,0.021,2750.29,1364.506,1.002
"eta_inducing[42, 1]",-0.041,1.022,-1.903,1.946,0.017,0.023,3555.83,1588.76,1.003
"eta_inducing[43, 0]",0.197,0.985,-1.645,2.201,0.017,0.028,3328.209,1091.486,1.001
"eta_inducing[43, 1]",-0.025,1.012,-2.036,1.758,0.016,0.024,3941.119,1496.059,1.003
"eta_inducing[44, 0]",0.149,0.973,-1.686,2.013,0.016,0.027,3490.472,1387.654,1.001
"eta_inducing[44, 1]",-0.078,1.007,-1.949,1.856,0.018,0.026,3229.566,1362.033,1.001
"eta_inducing[45, 0]",0.113,0.973,-1.729,1.914,0.018,0.024,2815.841,1451.849,1.0
"eta_inducing[45, 1]",-0.079,1.002,-2.008,1.715,0.018,0.025,3235.993,1381.944,1.004
"eta_inducing[46, 0]",0.109,0.996,-1.738,1.855,0.018,0.023,3097.263,1481.052,1.007
"eta_inducing[46, 1]",-0.068,1.008,-1.907,1.823,0.019,0.025,2937.766,1089.427,1.005
"eta_inducing[47, 0]",0.08,1.049,-1.739,2.21,0.019,0.027,3068.846,1278.715,1.003
"eta_inducing[47, 1]",-0.031,1.031,-1.962,1.871,0.02,0.026,2656.909,1191.521,1.002
"eta_inducing[48, 0]",0.036,0.979,-1.825,1.931,0.015,0.025,3999.279,1525.39,0.999
"eta_inducing[48, 1]",-0.04,0.981,-1.879,1.716,0.017,0.022,3407.288,1504.707,1.001
"eta_inducing[49, 0]",0.039,1.011,-1.769,2.002,0.018,0.024,3129.011,1161.485,1.001
"eta_inducing[49, 1]",-0.009,0.968,-1.782,1.837,0.016,0.022,3604.348,1582.616,1.003
"K_uu_weight[0, 0]",0.977,0.45,0.336,1.851,0.011,0.012,1502.823,1556.212,1.001
"K_uu_weight[0, 1]",0.971,0.448,0.333,1.841,0.011,0.012,1504.277,1582.253,1.001
"K_uu_weight[0, 2]",0.954,0.443,0.325,1.812,0.011,0.012,1516.778,1582.253,1.001
"K_uu_weight[0, 3]",0.926,0.434,0.311,1.772,0.011,0.012,1511.794,1637.989,1.001
"K_uu_weight[0, 4]",0.889,0.423,0.274,1.696,0.01,0.012,1527.299,1630.263,1.001
"K_uu_weight[0, 5]",0.843,0.409,0.263,1.639,0.01,0.011,1545.585,1601.327,1.002
"K_uu_weight[0, 6]",0.791,0.393,0.244,1.577,0.01,0.011,1535.507,1564.947,1.002
"K_uu_weight[0, 7]",0.734,0.375,0.181,1.457,0.009,0.011,1507.479,1472.286,1.002
"K_uu_weight[0, 8]",0.675,0.357,0.157,1.367,0.009,0.01,1471.31,1510.315,1.002
"K_uu_weight[0, 9]",0.613,0.337,0.139,1.277,0.009,0.01,1433.65,1376.251,1.003
"K_uu_weight[0, 10]",0.552,0.317,0.103,1.17,0.008,0.009,1398.094,1050.131,1.002
"K_uu_weight[0, 11]",0.493,0.296,0.08,1.067,0.008,0.009,1360.919,1056.67,1.002
"K_uu_weight[0, 12]",0.435,0.275,0.056,0.966,0.007,0.008,1267.076,1031.21,1.003
"K_uu_weight[0, 13]",0.381,0.254,0.04,0.868,0.007,0.007,1195.6,1031.076,1.003
"K_uu_weight[0, 14]",0.331,0.232,0.027,0.774,0.006,0.007,1129.238,958.107,1.003
"K_uu_weight[0, 15]",0.285,0.211,0.011,0.679,0.006,0.006,1089.916,954.04,1.003
"K_uu_weight[0, 16]",0.244,0.19,0.003,0.59,0.005,0.006,1067.482,961.65,1.003
"K_uu_weight[0, 17]",0.207,0.17,0.002,0.512,0.005,0.005,1051.79,935.373,1.003
"K_uu_weight[0, 18]",0.174,0.151,0.001,0.446,0.004,0.005,1030.409,857.206,1.003
"K_uu_weight[0, 19]",0.146,0.134,0.001,0.381,0.004,0.004,1015.165,907.841,1.003
"K_uu_weight[0, 20]",0.121,0.117,0.0,0.324,0.003,0.004,1001.766,916.769,1.003
"K_uu_weight[0, 21]",0.1,0.102,0.0,0.276,0.003,0.004,995.514,954.683,1.003
"K_uu_weight[0, 22]",0.082,0.088,0.0,0.233,0.002,0.003,986.145,886.855,1.003
"K_uu_weight[0, 23]",0.067,0.076,0.0,0.198,0.002,0.003,981.633,886.855,1.003
"K_uu_weight[0, 24]",0.054,0.064,0.0,0.167,0.002,0.002,979.327,990.511,1.003
"K_uu_weight[0, 25]",0.043,0.055,0.0,0.139,0.001,0.002,974.482,946.04,1.003
"K_uu_weight[0, 26]",0.035,0.046,0.0,0.114,0.001,0.002,970.521,946.04,1.003
"K_uu_weight[0, 27]",0.028,0.038,0.0,0.093,0.001,0.002,966.861,937.037,1.002
"K_uu_weight[0, 28]",0.022,0.032,0.0,0.076,0.001,0.001,963.535,932.445,1.002
"K_uu_weight[0, 29]",0.017,0.027,0.0,0.061,0.001,0.001,962.423,945.835,1.002
"K_uu_weight[0, 30]",0.013,0.022,0.0,0.048,0.001,0.001,960.797,945.835,1.002
"K_uu_weight[0, 31]",0.01,0.018,0.0,0.039,0.0,0.001,953.874,913.235,1.002
"K_uu_weight[0, 32]",0.008,0.015,0.0,0.031,0.0,0.001,951.007,905.347,1.002
"K_uu_weight[0, 33]",0.006,0.012,0.0,0.025,0.0,0.001,947.598,905.347,1.002
"K_uu_weight[0, 34]",0.005,0.01,0.0,0.019,0.0,0.001,945.116,905.347,1.002
"K_uu_weight[0, 35]",0.004,0.008,0.0,0.015,0.0,0.0,942.401,878.947,1.002
"K_uu_weight[0, 36]",0.003,0.006,0.0,0.012,0.0,0.0,940.507,878.947,1.002
"K_uu_weight[0, 37]",0.002,0.005,0.0,0.009,0.0,0.0,939.435,878.947,1.002
"K_uu_weight[0, 38]",0.002,0.004,0.0,0.007,0.0,0.0,937.7,905.347,1.002
"K_uu_weight[0, 39]",0.001,0.003,0.0,0.005,0.0,0.0,935.794,905.347,1.002
"K_uu_weight[0, 40]",0.001,0.002,0.0,0.004,0.0,0.0,934.809,905.723,1.002
"K_uu_weight[0, 41]",0.001,0.002,0.0,0.003,0.0,0.0,935.032,905.723,1.002
"K_uu_weight[0, 42]",0.0,0.001,0.0,0.002,0.0,0.0,933.403,905.723,1.002
"K_uu_weight[0, 43]",0.0,0.001,0.0,0.002,0.0,0.0,933.115,905.723,1.002
"K_uu_weight[0, 44]",0.0,0.001,0.0,0.001,0.0,0.0,933.009,905.723,1.002
"K_uu_weight[0, 45]",0.0,0.001,0.0,0.001,0.0,0.0,931.528,905.723,1.002
"K_uu_weight[0, 46]",0.0,0.0,0.0,0.001,0.0,0.0,930.499,905.723,1.002
"K_uu_weight[0, 47]",0.0,0.0,0.0,0.0,0.0,0.0,931.201,905.723,1.002
"K_uu_weight[0, 48]",0.0,0.0,0.0,0.0,0.0,0.0,930.303,905.723,1.002
"K_uu_weight[0, 49]",0.0,0.0,0.0,0.0,0.0,0.0,930.298,888.798,1.002
"K_uu_weight[1, 0]",0.971,0.448,0.333,1.841,0.011,0.012,1504.277,1582.253,1.001
"K_uu_weight[1, 1]",0.977,0.45,0.336,1.851,0.011,0.012,1502.823,1556.212,1.001
"K_uu_weight[1, 2]",0.971,0.448,0.333,1.841,0.011,0.012,1504.277,1582.253,1.001
"K_uu_weight[1, 3]",0.954,0.443,0.325,1.812,0.011,0.012,1516.778,1582.253,1.001
"K_uu_weight[1, 4]",0.926,0.434,0.311,1.772,0.011,0.012,1511.794,1637.989,1.001
"K_uu_weight[1, 5]",0.889,0.423,0.274,1.696,0.01,0.012,1527.299,1630.263,1.001
"K_uu_weight[1, 6]",0.843,0.409,0.263,1.639,0.01,0.011,1545.585,1601.327,1.002
"K_uu_weight[1, 7]",0.791,0.393,0.244,1.577,0.01,0.011,1535.507,1564.947,1.002
"K_uu_weight[1, 8]",0.734,0.375,0.181,1.457,0.009,0.011,1507.479,1472.286,1.002
"K_uu_weight[1, 9]",0.675,0.357,0.157,1.367,0.009,0.01,1471.31,1510.315,1.002
"K_uu_weight[1, 10]",0.613,0.337,0.139,1.277,0.009,0.01,1433.65,1376.251,1.003
"K_uu_weight[1, 11]",0.552,0.317,0.103,1.17,0.008,0.009,1398.094,1050.131,1.002
"K_uu_weight[1, 12]",0.493,0.296,0.08,1.067,0.008,0.009,1360.919,1056.67,1.002
"K_uu_weight[1, 13]",0.435,0.275,0.056,0.966,0.007,0.008,1267.076,1031.21,1.003
"K_uu_weight[1, 14]",0.381,0.254,0.04,0.868,0.007,0.007,1195.6,1031.076,1.003
"K_uu_weight[1, 15]",0.331,0.232,0.027,0.774,0.006,0.007,1129.238,958.107,1.003
"K_uu_weight[1, 16]",0.285,0.211,0.011,0.679,0.006,0.006,1089.916,954.04,1.003
"K_uu_weight[1, 17]",0.244,0.19,0.003,0.59,0.005,0.006,1067.482,961.65,1.003
"K_uu_weight[1, 18]",0.207,0.17,0.002,0.512,0.005,0.005,1051.79,935.373,1.003
"K_uu_weight[1, 19]",0.174,0.151,0.001,0.446,0.004,0.005,1030.409,857.206,1.003
"K_uu_weight[1, 20]",0.146,0.134,0.001,0.381,0.004,0.004,1015.165,907.841,1.003
"K_uu_weight[1, 21]",0.121,0.117,0.0,0.324,0.003,0.004,1001.766,916.769,1.003
"K_uu_weight[1, 22]",0.1,0.102,0.0,0.276,0.003,0.004,995.514,954.683,1.003
"K_uu_weight[1, 23]",0.082,0.088,0.0,0.233,0.002,0.003,986.145,886.855,1.003
"K_uu_weight[1, 24]",0.067,0.076,0.0,0.198,0.002,0.003,981.633,886.855,1.003
"K_uu_weight[1, 25]",0.054,0.064,0.0,0.167,0.002,0.002,979.327,990.511,1.003
"K_uu_weight[1, 26]",0.043,0.055,0.0,0.139,0.001,0.002,974.482,946.04,1.003
"K_uu_weight[1, 27]",0.035,0.046,0.0,0.114,0.001,0.002,970.521,946.04,1.003
"K_uu_weight[1, 28]",0.028,0.038,0.0,0.093,0.001,0.002,966.861,937.037,1.002
"K_uu_weight[1, 29]",0.022,0.032,0.0,0.076,0.001,0.001,963.535,932.445,1.002
"K_uu_weight[1, 30]",0.017,0.027,0.0,0.061,0.001,0.001,962.423,945.835,1.002
"K_uu_weight[1, 31]",0.013,0.022,0.0,0.048,0.001,0.001,960.797,945.835,1.002
"K_uu_weight[1, 32]",0.01,0.018,0.0,0.039,0.0,0.001,953.874,913.235,1.002
"K_uu_weight[1, 33]",0.008,0.015,0.0,0.031,0.0,0.001,951.007,905.347,1.002
"K_uu_weight[1, 34]",0.006,0.012,0.0,0.025,0.0,0.001,947.598,905.347,1.002
"K_uu_weight[1, 35]",0.005,0.01,0.0,0.019,0.0,0.001,945.116,905.347,1.002
"K_uu_weight[1, 36]",0.004,0.008,0.0,0.015,0.0,0.0,942.401,878.947,1.002
"K_uu_weight[1, 37]",0.003,0.006,0.0,0.012,0.0,0.0,940.507,878.947,1.002
"K_uu_weight[1, 38]",0.002,0.005,0.0,0.009,0.0,0.0,939.435,878.947,1.002
"K_uu_weight[1, 39]",0.002,0.004,0.0,0.007,0.0,0.0,937.7,905.347,1.002
"K_uu_weight[1, 40]",0.001,0.003,0.0,0.005,0.0,0.0,935.794,905.347,1.002
"K_uu_weight[1, 41]",0.001,0.002,0.0,0.004,0.0,0.0,934.809,905.723,1.002
"K_uu_weight[1, 42]",0.001,0.002,0.0,0.003,0.0,0.0,935.032,905.723,1.002
"K_uu_weight[1, 43]",0.0,0.001,0.0,0.002,0.0,0.0,933.403,905.723,1.002
"K_uu_weight[1, 44]",0.0,0.001,0.0,0.002,0.0,0.0,933.115,905.723,1.002
"K_uu_weight[1, 45]",0.0,0.001,0.0,0.001,0.0,0.0,933.009,905.723,1.002
"K_uu_weight[1, 46]",0.0,0.001,0.0,0.001,0.0,0.0,931.528,905.723,1.002
"K_uu_weight[1, 47]",0.0,0.0,0.0,0.001,0.0,0.0,930.499,905.723,1.002
"K_uu_weight[1, 48]",0.0,0.0,0.0,0.0,0.0,0.0,931.201,905.723,1.002
"K_uu_weight[1, 49]",0.0,0.0,0.0,0.0,0.0,0.0,930.303,905.723,1.002
"K_uu_weight[2, 0]",0.954,0.443,0.325,1.812,0.011,0.012,1516.778,1582.253,1.001
"K_uu_weight[2, 1]",0.971,0.448,0.333,1.841,0.011,0.012,1504.277,1582.253,1.001
"K_uu_weight[2, 2]",0.977,0.45,0.336,1.851,0.011,0.012,1502.823,1556.212,1.001
"K_uu_weight[2, 3]",0.971,0.448,0.333,1.841,0.011,0.012,1504.277,1582.253,1.001
"K_uu_weight[2, 4]",0.954,0.443,0.325,1.812,0.011,0.012,1516.778,1582.253,1.001
"K_uu_weight[2, 5]",0.926,0.434,0.311,1.772,0.011,0.012,1511.794,1637.989,1.001
"K_uu_weight[2, 6]",0.889,0.423,0.274,1.696,0.01,0.012,1527.299,1630.263,1.001
"K_uu_weight[2, 7]",0.843,0.409,0.263,1.639,0.01,0.011,1545.585,1601.327,1.002
"K_uu_weight[2, 8]",0.791,0.393,0.244,1.577,0.01,0.011,1535.507,1564.947,1.002
"K_uu_weight[2, 9]",0.734,0.375,0.181,1.457,0.009,0.011,1507.479,1472.286,1.002
"K_uu_weight[2, 10]",0.675,0.357,0.157,1.367,0.009,0.01,1471.31,1510.315,1.002
"K_uu_weight[2, 11]",0.613,0.337,0.139,1.277,0.009,0.01,1433.65,1376.251,1.003
"K_uu_weight[2, 12]",0.552,0.317,0.103,1.17,0.008,0.009,1398.094,1050.131,1.002
"K_uu_weight[2, 13]",0.493,0.296,0.08,1.067,0.008,0.009,1360.919,1056.67,1.002
"K_uu_weight[2, 14]",0.435,0.275,0.056,0.966,0.007,0.008,1267.076,1031.21,1.003
"K_uu_weight[2, 15]",0.381,0.254,0.04,0.868,0.007,0.007,1195.6,1031.076,1.003
"K_uu_weight[2, 16]",0.331,0.232,0.027,0.774,0.006,0.007,1129.238,958.107,1.003
"K_uu_weight[2, 17]",0.285,0.211,0.011,0.679,0.006,0.006,1089.916,954.04,1.003
"K_uu_weight[2, 18]",0.244,0.19,0.003,0.59,0.005,0.006,1067.482,961.65,1.003
"K_uu_weight[2, 19]",0.207,0.17,0.002,0.512,0.005,0.005,1051.79,935.373,1.003
"K_uu_weight[2, 20]",0.174,0.151,0.001,0.446,0.004,0.005,1030.409,857.206,1.003
"K_uu_weight[2, 21]",0.146,0.134,0.001,0.381,0.004,0.004,1015.165,907.841,1.003
"K_uu_weight[2, 22]",0.121,0.117,0.0,0.324,0.003,0.004,1001.766,916.769,1.003
"K_uu_weight[2, 23]",0.1,0.102,0.0,0.276,0.003,0.004,995.514,954.683,1.003
"K_uu_weight[2, 24]",0.082,0.088,0.0,0.233,0.002,0.003,986.145,886.855,1.003
"K_uu_weight[2, 25]",0.067,0.076,0.0,0.198,0.002,0.003,981.633,886.855,1.003
"K_uu_weight[2, 26]",0.054,0.064,0.0,0.167,0.002,0.002,979.327,990.511,1.003
"K_uu_weight[2, 27]",0.043,0.055,0.0,0.139,0.001,0.002,974.482,946.04,1.003
"K_uu_weight[2, 28]",0.035,0.046,0.0,0.114,0.001,0.002,970.521,946.04,1.003
"K_uu_weight[2, 29]",0.028,0.038,0.0,0.093,0.001,0.002,966.861,937.037,1.002
"K_uu_weight[2, 30]",0.022,0.032,0.0,0.076,0.001,0.001,963.535,932.445,1.002
"K_uu_weight[2, 31]",0.017,0.027,0.0,0.061,0.001,0.001,962.423,945.835,1.002
"K_uu_weight[2, 32]",0.013,0.022,0.0,0.048,0.001,0.001,960.797,945.835,1.002
"K_uu_weight[2, 33]",0.01,0.018,0.0,0.039,0.0,0.001,953.874,913.235,1.002
"K_uu_weight[2, 34]",0.008,0.015,0.0,0.031,0.0,0.001,951.007,905.347,1.002
"K_uu_weight[2, 35]",0.006,0.012,0.0,0.025,0.0,0.001,947.598,905.347,1.002
"K_uu_weight[2, 36]",0.005,0.01,0.0,0.019,0.0,0.001,945.116,905.347,1.002
"K_uu_weight[2, 37]",0.004,0.008,0.0,0.015,0.0,0.0,942.401,878.947,1.002
"K_uu_weight[2, 38]",0.003,0.006,0.0,0.012,0.0,0.0,940.507,878.947,1.002
"K_uu_weight[2, 39]",0.002,0.005,0.0,0.009,0.0,0.0,939.435,878.947,1.002
"K_uu_weight[2, 40]",0.002,0.004,0.0,0.007,0.0,0.0,937.7,905.347,1.002
"K_uu_weight[2, 41]",0.001,0.003,0.0,0.005,0.0,0.0,935.794,905.347,1.002
"K_uu_weight[2, 42]",0.001,0.002,0.0,0.004,0.0,0.0,934.809,905.723,1.002
"K_uu_weight[2, 43]",0.001,0.002,0.0,0.003,0.0,0.0,935.032,905.723,1.002
"K_uu_weight[2, 44]",0.0,0.001,0.0,0.002,0.0,0.0,933.403,905.723,1.002
"K_uu_weight[2, 45]",0.0,0.001,0.0,0.002,0.0,0.0,933.115,905.723,1.002
"K_uu_weight[2, 46]",0.0,0.001,0.0,0.001,0.0,0.0,933.009,905.723,1.002
"K_uu_weight[2, 47]",0.0,0.001,0.0,0.001,0.0,0.0,931.528,905.723,1.002
"K_uu_weight[2, 48]",0.0,0.0,0.0,0.001,0.0,0.0,930.499,905.723,1.002
"K_uu_weight[2, 49]",0.0,0.0,0.0,0.0,0.0,0.0,931.201,905.723,1.002
"K_uu_weight[3, 0]",0.926,0.434,0.311,1.772,0.011,0.012,1511.794,1637.989,1.001
"K_uu_weight[3, 1]",0.954,0.443,0.325,1.812,0.011,0.012,1516.778,1582.253,1.001
"K_uu_weight[3, 2]",0.971,0.448,0.333,1.841,0.011,0.012,1504.277,1582.253,1.001
"K_uu_weight[3, 3]",0.977,0.45,0.336,1.851,0.011,0.012,1502.823,1556.212,1.001
"K_uu_weight[3, 4]",0.971,0.448,0.333,1.841,0.011,0.012,1504.277,1582.253,1.001
"K_uu_weight[3, 5]",0.954,0.443,0.325,1.812,0.011,0.012,1516.778,1582.253,1.001
"K_uu_weight[3, 6]",0.926,0.434,0.311,1.772,0.011,0.012,1511.794,1637.989,1.001
"K_uu_weight[3, 7]",0.889,0.423,0.274,1.696,0.01,0.012,1527.299,1630.263,1.001
"K_uu_weight[3, 8]",0.843,0.409,0.263,1.639,0.01,0.011,1545.585,1601.327,1.002
"K_uu_weight[3, 9]",0.791,0.393,0.244,1.577,0.01,0.011,1535.507,1564.947,1.002
"K_uu_weight[3, 10]",0.734,0.375,0.181,1.457,0.009,0.011,1507.479,1472.286,1.002
"K_uu_weight[3, 11]",0.675,0.357,0.157,1.367,0.009,0.01,1471.31,1510.315,1.002
"K_uu_weight[3, 12]",0.613,0.337,0.139,1.277,0.009,0.01,1433.65,1376.251,1.003
"K_uu_weight[3, 13]",0.552,0.317,0.103,1.17,0.008,0.009,1398.094,1050.131,1.002
"K_uu_weight[3, 14]",0.493,0.296,0.08,1.067,0.008,0.009,1360.919,1056.67,1.002
"K_uu_weight[3, 15]",0.435,0.275,0.056,0.966,0.007,0.008,1267.076,1031.21,1.003
"K_uu_weight[3, 16]",0.381,0.254,0.04,0.868,0.007,0.007,1195.6,1031.076,1.003
"K_uu_weight[3, 17]",0.331,0.232,0.027,0.774,0.006,0.007,1129.238,958.107,1.003
"K_uu_weight[3, 18]",0.285,0.211,0.011,0.679,0.006,0.006,1089.916,954.04,1.003
"K_uu_weight[3, 19]",0.244,0.19,0.003,0.59,0.005,0.006,1067.482,961.65,1.003
"K_uu_weight[3, 20]",0.207,0.17,0.002,0.512,0.005,0.005,1051.79,935.373,1.003
"K_uu_weight[3, 21]",0.174,0.151,0.001,0.446,0.004,0.005,1030.409,857.206,1.003
"K_uu_weight[3, 22]",0.146,0.134,0.001,0.381,0.004,0.004,1015.165,907.841,1.003
"K_uu_weight[3, 23]",0.121,0.117,0.0,0.324,0.003,0.004,1001.766,916.769,1.003
"K_uu_weight[3, 24]",0.1,0.102,0.0,0.276,0.003,0.004,995.514,954.683,1.003
"K_uu_weight[3, 25]",0.082,0.088,0.0,0.233,0.002,0.003,986.145,886.855,1.003
"K_uu_weight[3, 26]",0.067,0.076,0.0,0.198,0.002,0.003,981.633,886.855,1.003
"K_uu_weight[3, 27]",0.054,0.064,0.0,0.167,0.002,0.002,979.327,990.511,1.003
"K_uu_weight[3, 28]",0.043,0.055,0.0,0.139,0.001,0.002,974.482,946.04,1.003
"K_uu_weight[3, 29]",0.035,0.046,0.0,0.114,0.001,0.002,970.521,946.04,1.003
"K_uu_weight[3, 30]",0.028,0.038,0.0,0.093,0.001,0.002,966.861,937.037,1.002
"K_uu_weight[3, 31]",0.022,0.032,0.0,0.076,0.001,0.001,963.535,932.445,1.002
"K_uu_weight[3, 32]",0.017,0.027,0.0,0.061,0.001,0.001,962.423,945.835,1.002
"K_uu_weight[3, 33]",0.013,0.022,0.0,0.048,0.001,0.001,960.797,945.835,1.002
"K_uu_weight[3, 34]",0.01,0.018,0.0,0.039,0.0,0.001,953.874,913.235,1.002
"K_uu_weight[3, 35]",0.008,0.015,0.0,0.031,0.0,0.001,951.007,905.347,1.002
"K_uu_weight[3, 36]",0.006,0.012,0.0,0.025,0.0,0.001,947.598,905.347,1.002
"K_uu_weight[3, 37]",0.005,0.01,0.0,0.019,0.0,0.001,945.116,905.347,1.002
"K_uu_weight[3, 38]",0.004,0.008,0.0,0.015,0.0,0.0,942.401,878.947,1.002
"K_uu_weight[3, 39]",0.003,0.006,0.0,0.012,0.0,0.0,940.507,878.947,1.002
"K_uu_weight[3, 40]",0.002,0.005,0.0,0.009,0.0,0.0,939.435,878.947,1.002
"K_uu_weight[3, 41]",0.002,0.004,0.0,0.007,0.0,0.0,937.7,905.347,1.002
"K_uu_weight[3, 42]",0.001,0.003,0.0,0.005,0.0,0.0,935.794,905.347,1.002
"K_uu_weight[3, 43]",0.001,0.002,0.0,0.004,0.0,0.0,934.809,905.723,1.002
"K_uu_weight[3, 44]",0.001,0.002,0.0,0.003,0.0,0.0,935.032,905.723,1.002
"K_uu_weight[3, 45]",0.0,0.001,0.0,0.002,0.0,0.0,933.403,905.723,1.002
"K_uu_weight[3, 46]",0.0,0.001,0.0,0.002,0.0,0.0,933.115,905.723,1.002
"K_uu_weight[3, 47]",0.0,0.001,0.0,0.001,0.0,0.0,933.009,905.723,1.002
"K_uu_weight[3, 48]",0.0,0.001,0.0,0.001,0.0,0.0,931.528,905.723,1.002
"K_uu_weight[3, 49]",0.0,0.0,0.0,0.001,0.0,0.0,930.499,905.723,1.002
"K_uu_weight[4, 0]",0.889,0.423,0.274,1.696,0.01,0.012,1527.299,1630.263,1.001
"K_uu_weight[4, 1]",0.926,0.434,0.311,1.772,0.011,0.012,1511.794,1637.989,1.001
"K_uu_weight[4, 2]",0.954,0.443,0.325,1.812,0.011,0.012,1516.778,1582.253,1.001
"K_uu_weight[4, 3]",0.971,0.448,0.333,1.841,0.011,0.012,1504.277,1582.253,1.001
"K_uu_weight[4, 4]",0.977,0.45,0.336,1.851,0.011,0.012,1502.823,1556.212,1.001
"K_uu_weight[4, 5]",0.971,0.448,0.333,1.841,0.011,0.012,1504.277,1582.253,1.001
"K_uu_weight[4, 6]",0.954,0.443,0.325,1.812,0.011,0.012,1516.778,1582.253,1.001
"K_uu_weight[4, 7]",0.926,0.434,0.311,1.772,0.011,0.012,1511.794,1637.989,1.001
"K_uu_weight[4, 8]",0.889,0.423,0.274,1.696,0.01,0.012,1527.299,1630.263,1.001
"K_uu_weight[4, 9]",0.843,0.409,0.263,1.639,0.01,0.011,1545.585,1601.327,1.002
"K_uu_weight[4, 10]",0.791,0.393,0.244,1.577,0.01,0.011,1535.507,1564.947,1.002
"K_uu_weight[4, 11]",0.734,0.375,0.181,1.457,0.009,0.011,1507.479,1472.286,1.002
"K_uu_weight[4, 12]",0.675,0.357,0.157,1.367,0.009,0.01,1471.31,1510.315,1.002
"K_uu_weight[4, 13]",0.613,0.337,0.139,1.277,0.009,0.01,1433.65,1376.251,1.003
"K_uu_weight[4, 14]",0.552,0.317,0.103,1.17,0.008,0.009,1398.094,1050.131,1.002
"K_uu_weight[4, 15]",0.493,0.296,0.08,1.067,0.008,0.009,1360.919,1056.67,1.002
"K_uu_weight[4, 16]",0.435,0.275,0.056,0.966,0.007,0.008,1267.076,1031.21,1.003
"K_uu_weight[4, 17]",0.381,0.254,0.04,0.868,0.007,0.007,1195.6,1031.076,1.003
"K_uu_weight[4, 18]",0.331,0.232,0.027,0.774,0.006,0.007,1129.238,958.107,1.003
"K_uu_weight[4, 19]",0.285,0.211,0.011,0.679,0.006,0.006,1089.916,954.04,1.003
"K_uu_weight[4, 20]",0.244,0.19,0.003,0.59,0.005,0.006,1067.482,961.65,1.003
"K_uu_weight[4, 21]",0.207,0.17,0.002,0.512,0.005,0.005,1051.79,935.373,1.003
"K_uu_weight[4, 22]",0.174,0.151,0.001,0.446,0.004,0.005,1030.409,857.206,1.003
"K_uu_weight[4, 23]",0.146,0.134,0.001,0.381,0.004,0.004,1015.165,907.841,1.003
"K_uu_weight[4, 24]",0.121,0.117,0.0,0.324,0.003,0.004,1001.766,916.769,1.003
"K_uu_weight[4, 25]",0.1,0.102,0.0,0.276,0.003,0.004,995.514,954.683,1.003
"K_uu_weight[4, 26]",0.082,0.088,0.0,0.233,0.002,0.003,986.145,886.855,1.003
"K_uu_weight[4, 27]",0.067,0.076,0.0,0.198,0.002,0.003,981.633,886.855,1.003
"K_uu_weight[4, 28]",0.054,0.064,0.0,0.167,0.002,0.002,979.327,990.511,1.003
"K_uu_weight[4, 29]",0.043,0.055,0.0,0.139,0.001,0.002,974.482,946.04,1.003
"K_uu_weight[4, 30]",0.035,0.046,0.0,0.114,0.001,0.002,970.521,946.04,1.003
"K_uu_weight[4, 31]",0.028,0.038,0.0,0.093,0.001,0.002,966.861,937.037,1.002
"K_uu_weight[4, 32]",0.022,0.032,0.0,0.076,0.001,0.001,963.535,932.445,1.002
"K_uu_weight[4, 33]",0.017,0.027,0.0,0.061,0.001,0.001,962.423,945.835,1.002
"K_uu_weight[4, 34]",0.013,0.022,0.0,0.048,0.001,0.001,960.797,945.835,1.002
"K_uu_weight[4, 35]",0.01,0.018,0.0,0.039,0.0,0.001,953.874,913.235,1.002
"K_uu_weight[4, 36]",0.008,0.015,0.0,0.031,0.0,0.001,951.007,905.347,1.002
"K_uu_weight[4, 37]",0.006,0.012,0.0,0.025,0.0,0.001,947.598,905.347,1.002
"K_uu_weight[4, 38]",0.005,0.01,0.0,0.019,0.0,0.001,945.116,905.347,1.002
"K_uu_weight[4, 39]",0.004,0.008,0.0,0.015,0.0,0.0,942.401,878.947,1.002
"K_uu_weight[4, 40]",0.003,0.006,0.0,0.012,0.0,0.0,940.507,878.947,1.002
"K_uu_weight[4, 41]",0.002,0.005,0.0,0.009,0.0,0.0,939.435,878.947,1.002
"K_uu_weight[4, 42]",0.002,0.004,0.0,0.007,0.0,0.0,937.7,905.347,1.002
"K_uu_weight[4, 43]",0.001,0.003,0.0,0.005,0.0,0.0,935.794,905.347,1.002
"K_uu_weight[4, 44]",0.001,0.002,0.0,0.004,0.0,0.0,934.809,905.723,1.002
"K_uu_weight[4, 45]",0.001,0.002,0.0,0.003,0.0,0.0,935.032,905.723,1.002
"K_uu_weight[4, 46]",0.0,0.001,0.0,0.002,0.0,0.0,933.403,905.723,1.002
"K_uu_weight[4, 47]",0.0,0.001,0.0,0.002,0.0,0.0,933.115,905.723,1.002
"K_uu_weight[4, 48]",0.0,0.001,0.0,0.001,0.0,0.0,933.009,905.723,1.002
"K_uu_weight[4, 49]",0.0,0.001,0.0,0.001,0.0,0.0,931.528,905.723,1.002
"K_uu_weight[5, 0]",0.843,0.409,0.263,1.639,0.01,0.011,1545.585,1601.327,1.002
"K_uu_weight[5, 1]",0.889,0.423,0.274,1.696,0.01,0.012,1527.299,1630.263,1.001
"K_uu_weight[5, 2]",0.926,0.434,0.311,1.772,0.011,0.012,1511.794,1637.989,1.001
"K_uu_weight[5, 3]",0.954,0.443,0.325,1.812,0.011,0.012,1516.778,1582.253,1.001
"K_uu_weight[5, 4]",0.971,0.448,0.333,1.841,0.011,0.012,1504.277,1582.253,1.001
"K_uu_weight[5, 5]",0.977,0.45,0.336,1.851,0.011,0.012,1502.823,1556.212,1.001
"K_uu_weight[5, 6]",0.971,0.448,0.333,1.841,0.011,0.012,1504.277,1582.253,1.001
"K_uu_weight[5, 7]",0.954,0.443,0.325,1.812,0.011,0.012,1516.778,1582.253,1.001
"K_uu_weight[5, 8]",0.926,0.434,0.311,1.772,0.011,0.012,1511.794,1637.989,1.001
"K_uu_weight[5, 9]",0.889,0.423,0.274,1.696,0.01,0.012,1527.299,1630.263,1.001
"K_uu_weight[5, 10]",0.843,0.409,0.263,1.639,0.01,0.011,1545.585,1601.327,1.002
"K_uu_weight[5, 11]",0.791,0.393,0.244,1.577,0.01,0.011,1535.507,1564.947,1.002
"K_uu_weight[5, 12]",0.734,0.375,0.181,1.457,0.009,0.011,1507.479,1472.286,1.002
"K_uu_weight[5, 13]",0.675,0.357,0.157,1.367,0.009,0.01,1471.31,1510.315,1.002
"K_uu_weight[5, 14]",0.613,0.337,0.139,1.277,0.009,0.01,1433.65,1376.251,1.003
"K_uu_weight[5, 15]",0.552,0.317,0.103,1.17,0.008,0.009,1398.094,1050.131,1.002
"K_uu_weight[5, 16]",0.493,0.296,0.08,1.067,0.008,0.009,1360.919,1056.67,1.002
"K_uu_weight[5, 17]",0.435,0.275,0.056,0.966,0.007,0.008,1267.076,1031.21,1.003
"K_uu_weight[5, 18]",0.381,0.254,0.04,0.868,0.007,0.007,1195.6,1031.076,1.003
"K_uu_weight[5, 19]",0.331,0.232,0.027,0.774,0.006,0.007,1129.238,958.107,1.003
"K_uu_weight[5, 20]",0.285,0.211,0.011,0.679,0.006,0.006,1089.916,954.04,1.003
"K_uu_weight[5, 21]",0.244,0.19,0.003,0.59,0.005,0.006,1067.482,961.65,1.003
"K_uu_weight[5, 22]",0.207,0.17,0.002,0.512,0.005,0.005,1051.79,935.373,1.003
"K_uu_weight[5, 23]",0.174,0.151,0.001,0.446,0.004,0.005,1030.409,857.206,1.003
"K_uu_weight[5, 24]",0.146,0.134,0.001,0.381,0.004,0.004,1015.165,907.841,1.003
"K_uu_weight[5, 25]",0.121,0.117,0.0,0.324,0.003,0.004,1001.766,916.769,1.003
"K_uu_weight[5, 26]",0.1,0.102,0.0,0.276,0.003,0.004,995.514,954.683,1.003
"K_uu_weight[5, 27]",0.082,0.088,0.0,0.233,0.002,0.003,986.145,886.855,1.003
"K_uu_weight[5, 28]",0.067,0.076,0.0,0.198,0.002,0.003,981.633,886.855,1.003
"K_uu_weight[5, 29]",0.054,0.064,0.0,0.167,0.002,0.002,979.327,990.511,1.003
"K_uu_weight[5, 30]",0.043,0.055,0.0,0.139,0.001,0.002,974.482,946.04,1.003
"K_uu_weight[5, 31]",0.035,0.046,0.0,0.114,0.001,0.002,970.521,946.04,1.003
"K_uu_weight[5, 32]",0.028,0.038,0.0,0.093,0.001,0.002,966.861,937.037,1.002
"K_uu_weight[5, 33]",0.022,0.032,0.0,0.076,0.001,0.001,963.535,932.445,1.002
"K_uu_weight[5, 34]",0.017,0.027,0.0,0.061,0.001,0.001,962.423,945.835,1.002
"K_uu_weight[5, 35]",0.013,0.022,0.0,0.048,0.001,0.001,960.797,945.835,1.002
"K_uu_weight[5, 36]",0.01,0.018,0.0,0.039,0.0,0.001,953.874,913.235,1.002
"K_uu_weight[5, 37]",0.008,0.015,0.0,0.031,0.0,0.001,951.007,905.347,1.002
"K_uu_weight[5, 38]",0.006,0.012,0.0,0.025,0.0,0.001,947.598,905.347,1.002
"K_uu_weight[5, 39]",0.005,0.01,0.0,0.019,0.0,0.001,945.116,905.347,1.002
"K_uu_weight[5, 40]",0.004,0.008,0.0,0.015,0.0,0.0,942.401,878.947,1.002
"K_uu_weight[5, 41]",0.003,0.006,0.0,0.012,0.0,0.0,940.507,878.947,1.002
"K_uu_weight[5, 42]",0.002,0.005,0.0,0.009,0.0,0.0,939.435,878.947,1.002
"K_uu_weight[5, 43]",0.002,0.004,0.0,0.007,0.0,0.0,937.7,905.347,1.002
"K_uu_weight[5, 44]",0.001,0.003,0.0,0.005,0.0,0.0,935.794,905.347,1.002
"K_uu_weight[5, 45]",0.001,0.002,0.0,0.004,0.0,0.0,934.809,905.723,1.002
"K_uu_weight[5, 46]",0.001,0.002,0.0,0.003,0.0,0.0,935.032,905.723,1.002
"K_uu_weight[5, 47]",0.0,0.001,0.0,0.002,0.0,0.0,933.403,905.723,1.002
"K_uu_weight[5, 48]",0.0,0.001,0.0,0.002,0.0,0.0,933.115,905.723,1.002
"K_uu_weight[5, 49]",0.0,0.001,0.0,0.001,0.0,0.0,933.009,905.723,1.002
"K_uu_weight[6, 0]",0.791,0.393,0.244,1.577,0.01,0.011,1535.507,1564.947,1.002
"K_uu_weight[6, 1]",0.843,0.409,0.263,1.639,0.01,0.011,1545.585,1601.327,1.002
"K_uu_weight[6, 2]",0.889,0.423,0.274,1.696,0.01,0.012,1527.299,1630.263,1.001
"K_uu_weight[6, 3]",0.926,0.434,0.311,1.772,0.011,0.012,1511.794,1637.989,1.001
"K_uu_weight[6, 4]",0.954,0.443,0.325,1.812,0.011,0.012,1516.778,1582.253,1.001
"K_uu_weight[6, 5]",0.971,0.448,0.333,1.841,0.011,0.012,1504.277,1582.253,1.001
"K_uu_weight[6, 6]",0.977,0.45,0.336,1.851,0.011,0.012,1502.823,1556.212,1.001
"K_uu_weight[6, 7]",0.971,0.448,0.333,1.841,0.011,0.012,1504.277,1582.253,1.001
"K_uu_weight[6, 8]",0.954,0.443,0.325,1.812,0.011,0.012,1516.778,1582.253,1.001
"K_uu_weight[6, 9]",0.926,0.434,0.311,1.772,0.011,0.012,1511.794,1637.989,1.001
"K_uu_weight[6, 10]",0.889,0.423,0.274,1.696,0.01,0.012,1527.299,1630.263,1.001
"K_uu_weight[6, 11]",0.843,0.409,0.263,1.639,0.01,0.011,1545.585,1601.327,1.002
"K_uu_weight[6, 12]",0.791,0.393,0.244,1.577,0.01,0.011,1535.507,1564.947,1.002
"K_uu_weight[6, 13]",0.734,0.375,0.181,1.457,0.009,0.011,1507.479,1472.286,1.002
"K_uu_weight[6, 14]",0.675,0.357,0.157,1.367,0.009,0.01,1471.31,1510.315,1.002
"K_uu_weight[6, 15]",0.613,0.337,0.139,1.277,0.009,0.01,1433.65,1376.251,1.003
"K_uu_weight[6, 16]",0.552,0.317,0.103,1.17,0.008,0.009,1398.094,1050.131,1.002
"K_uu_weight[6, 17]",0.493,0.296,0.08,1.067,0.008,0.009,1360.919,1056.67,1.002
"K_uu_weight[6, 18]",0.435,0.275,0.056,0.966,0.007,0.008,1267.076,1031.21,1.003
"K_uu_weight[6, 19]",0.381,0.254,0.04,0.868,0.007,0.007,1195.6,1031.076,1.003
"K_uu_weight[6, 20]",0.331,0.232,0.027,0.774,0.006,0.007,1129.238,958.107,1.003
"K_uu_weight[6, 21]",0.285,0.211,0.011,0.679,0.006,0.006,1089.916,954.04,1.003
"K_uu_weight[6, 22]",0.244,0.19,0.003,0.59,0.005,0.006,1067.482,961.65,1.003
"K_uu_weight[6, 23]",0.207,0.17,0.002,0.512,0.005,0.005,1051.79,935.373,1.003
"K_uu_weight[6, 24]",0.174,0.151,0.001,0.446,0.004,0.005,1030.409,857.206,1.003
"K_uu_weight[6, 25]",0.146,0.134,0.001,0.381,0.004,0.004,1015.165,907.841,1.003
"K_uu_weight[6, 26]",0.121,0.117,0.0,0.324,0.003,0.004,1001.766,916.769,1.003
"K_uu_weight[6, 27]",0.1,0.102,0.0,0.276,0.003,0.004,995.514,954.683,1.003
"K_uu_weight[6, 28]",0.082,0.088,0.0,0.233,0.002,0.003,986.145,886.855,1.003
"K_uu_weight[6, 29]",0.067,0.076,0.0,0.198,0.002,0.003,981.633,886.855,1.003
"K_uu_weight[6, 30]",0.054,0.064,0.0,0.167,0.002,0.002,979.327,990.511,1.003
"K_uu_weight[6, 31]",0.043,0.055,0.0,0.139,0.001,0.002,974.482,946.04,1.003
"K_uu_weight[6, 32]",0.035,0.046,0.0,0.114,0.001,0.002,970.521,946.04,1.003
"K_uu_weight[6, 33]",0.028,0.038,0.0,0.093,0.001,0.002,966.861,937.037,1.002
"K_uu_weight[6, 34]",0.022,0.032,0.0,0.076,0.001,0.001,963.535,932.445,1.002
"K_uu_weight[6, 35]",0.017,0.027,0.0,0.061,0.001,0.001,962.423,945.835,1.002
"K_uu_weight[6, 36]",0.013,0.022,0.0,0.048,0.001,0.001,960.797,945.835,1.002
"K_uu_weight[6, 37]",0.01,0.018,0.0,0.039,0.0,0.001,953.874,913.235,1.002
"K_uu_weight[6, 38]",0.008,0.015,0.0,0.031,0.0,0.001,951.007,905.347,1.002
"K_uu_weight[6, 39]",0.006,0.012,0.0,0.025,0.0,0.001,947.598,905.347,1.002
"K_uu_weight[6, 40]",0.005,0.01,0.0,0.019,0.0,0.001,945.116,905.347,1.002
"K_uu_weight[6, 41]",0.004,0.008,0.0,0.015,0.0,0.0,942.401,878.947,1.002
"K_uu_weight[6, 42]",0.003,0.006,0.0,0.012,0.0,0.0,940.507,878.947,1.002
"K_uu_weight[6, 43]",0.002,0.005,0.0,0.009,0.0,0.0,939.435,878.947,1.002
"K_uu_weight[6, 44]",0.002,0.004,0.0,0.007,0.0,0.0,937.7,905.347,1.002
"K_uu_weight[6, 45]",0.001,0.003,0.0,0.005,0.0,0.0,935.794,905.347,1.002
"K_uu_weight[6, 46]",0.001,0.002,0.0,0.004,0.0,0.0,934.809,905.723,1.002
"K_uu_weight[6, 47]",0.001,0.002,0.0,0.003,0.0,0.0,935.032,905.723,1.002
"K_uu_weight[6, 48]",0.0,0.001,0.0,0.002,0.0,0.0,933.403,905.723,1.002
"K_uu_weight[6, 49]",0.0,0.001,0.0,0.002,0.0,0.0,933.115,905.723,1.002
"K_uu_weight[7, 0]",0.734,0.375,0.181,1.457,0.009,0.011,1507.479,1472.286,1.002
"K_uu_weight[7, 1]",0.791,0.393,0.244,1.577,0.01,0.011,1535.507,1564.947,1.002
"K_uu_weight[7, 2]",0.843,0.409,0.263,1.639,0.01,0.011,1545.585,1601.327,1.002
"K_uu_weight[7, 3]",0.889,0.423,0.274,1.696,0.01,0.012,1527.299,1630.263,1.001
"K_uu_weight[7, 4]",0.926,0.434,0.311,1.772,0.011,0.012,1511.794,1637.989,1.001
"K_uu_weight[7, 5]",0.954,0.443,0.325,1.812,0.011,0.012,1516.778,1582.253,1.001
"K_uu_weight[7, 6]",0.971,0.448,0.333,1.841,0.011,0.012,1504.277,1582.253,1.001
"K_uu_weight[7, 7]",0.977,0.45,0.336,1.851,0.011,0.012,1502.823,1556.212,1.001
"K_uu_weight[7, 8]",0.971,0.448,0.333,1.841,0.011,0.012,1504.277,1582.253,1.001
"K_uu_weight[7, 9]",0.954,0.443,0.325,1.812,0.011,0.012,1516.778,1582.253,1.001
"K_uu_weight[7, 10]",0.926,0.434,0.311,1.772,0.011,0.012,1511.794,1637.989,1.001
"K_uu_weight[7, 11]",0.889,0.423,0.274,1.696,0.01,0.012,1527.299,1630.263,1.001
"K_uu_weight[7, 12]",0.843,0.409,0.263,1.639,0.01,0.011,1545.585,1601.327,1.002
"K_uu_weight[7, 13]",0.791,0.393,0.244,1.577,0.01,0.011,1535.507,1564.947,1.002
"K_uu_weight[7, 14]",0.734,0.375,0.181,1.457,0.009,0.011,1507.479,1472.286,1.002
"K_uu_weight[7, 15]",0.675,0.357,0.157,1.367,0.009,0.01,1471.31,1510.315,1.002
"K_uu_weight[7, 16]",0.613,0.337,0.139,1.277,0.009,0.01,1433.65,1376.251,1.003
"K_uu_weight[7, 17]",0.552,0.317,0.103,1.17,0.008,0.009,1398.094,1050.131,1.002
"K_uu_weight[7, 18]",0.493,0.296,0.08,1.067,0.008,0.009,1360.919,1056.67,1.002
"K_uu_weight[7, 19]",0.435,0.275,0.056,0.966,0.007,0.008,1267.076,1031.21,1.003
"K_uu_weight[7, 20]",0.381,0.254,0.04,0.868,0.007,0.007,1195.6,1031.076,1.003
"K_uu_weight[7, 21]",0.331,0.232,0.027,0.774,0.006,0.007,1129.238,958.107,1.003
"K_uu_weight[7, 22]",0.285,0.211,0.011,0.679,0.006,0.006,1089.916,954.04,1.003
"K_uu_weight[7, 23]",0.244,0.19,0.003,0.59,0.005,0.006,1067.482,961.65,1.003
"K_uu_weight[7, 24]",0.207,0.17,0.002,0.512,0.005,0.005,1051.79,935.373,1.003
"K_uu_weight[7, 25]",0.174,0.151,0.001,0.446,0.004,0.005,1030.409,857.206,1.003
"K_uu_weight[7, 26]",0.146,0.134,0.001,0.381,0.004,0.004,1015.165,907.841,1.003
"K_uu_weight[7, 27]",0.121,0.117,0.0,0.324,0.003,0.004,1001.766,916.769,1.003
"K_uu_weight[7, 28]",0.1,0.102,0.0,0.276,0.003,0.004,995.514,954.683,1.003
"K_uu_weight[7, 29]",0.082,0.088,0.0,0.233,0.002,0.003,986.145,886.855,1.003
"K_uu_weight[7, 30]",0.067,0.076,0.0,0.198,0.002,0.003,981.633,886.855,1.003
"K_uu_weight[7, 31]",0.054,0.064,0.0,0.167,0.002,0.002,979.327,990.511,1.003
"K_uu_weight[7, 32]",0.043,0.055,0.0,0.139,0.001,0.002,974.482,946.04,1.003
"K_uu_weight[7, 33]",0.035,0.046,0.0,0.114,0.001,0.002,970.521,946.04,1.003
"K_uu_weight[7, 34]",0.028,0.038,0.0,0.093,0.001,0.002,966.861,937.037,1.002
"K_uu_weight[7, 35]",0.022,0.032,0.0,0.076,0.001,0.001,963.535,932.445,1.002
"K_uu_weight[7, 36]",0.017,0.027,0.0,0.061,0.001,0.001,962.423,945.835,1.002
"K_uu_weight[7, 37]",0.013,0.022,0.0,0.048,0.001,0.001,960.797,945.835,1.002
"K_uu_weight[7, 38]",0.01,0.018,0.0,0.039,0.0,0.001,953.874,913.235,1.002
"K_uu_weight[7, 39]",0.008,0.015,0.0,0.031,0.0,0.001,951.007,905.347,1.002
"K_uu_weight[7, 40]",0.006,0.012,0.0,0.025,0.0,0.001,947.598,905.347,1.002
"K_uu_weight[7, 41]",0.005,0.01,0.0,0.019,0.0,0.001,945.116,905.347,1.002
"K_uu_weight[7, 42]",0.004,0.008,0.0,0.015,0.0,0.0,942.401,878.947,1.002
"K_uu_weight[7, 43]",0.003,0.006,0.0,0.012,0.0,0.0,940.507,878.947,1.002
"K_uu_weight[7, 44]",0.002,0.005,0.0,0.009,0.0,0.0,939.435,878.947,1.002
"K_uu_weight[7, 45]",0.002,0.004,0.0,0.007,0.0,0.0,937.7,905.347,1.002
"K_uu_weight[7, 46]",0.001,0.003,0.0,0.005,0.0,0.0,935.794,905.347,1.002
"K_uu_weight[7, 47]",0.001,0.002,0.0,0.004,0.0,0.0,934.809,905.723,1.002
"K_uu_weight[7, 48]",0.001,0.002,0.0,0.003,0.0,0.0,935.032,905.723,1.002
"K_uu_weight[7, 49]",0.0,0.001,0.0,0.002,0.0,0.0,933.403,905.723,1.002
"K_uu_weight[8, 0]",0.675,0.357,0.157,1.367,0.009,0.01,1471.31,1510.315,1.002
"K_uu_weight[8, 1]",0.734,0.375,0.181,1.457,0.009,0.011,1507.479,1472.286,1.002
"K_uu_weight[8, 2]",0.791,0.393,0.244,1.577,0.01,0.011,1535.507,1564.947,1.002
"K_uu_weight[8, 3]",0.843,0.409,0.263,1.639,0.01,0.011,1545.585,1601.327,1.002
"K_uu_weight[8, 4]",0.889,0.423,0.274,1.696,0.01,0.012,1527.299,1630.263,1.001
"K_uu_weight[8, 5]",0.926,0.434,0.311,1.772,0.011,0.012,1511.794,1637.989,1.001
"K_uu_weight[8, 6]",0.954,0.443,0.325,1.812,0.011,0.012,1516.778,1582.253,1.001
"K_uu_weight[8, 7]",0.971,0.448,0.333,1.841,0.011,0.012,1504.277,1582.253,1.001
"K_uu_weight[8, 8]",0.977,0.45,0.336,1.851,0.011,0.012,1502.823,1556.212,1.001
"K_uu_weight[8, 9]",0.971,0.448,0.333,1.841,0.011,0.012,1504.277,1582.253,1.001
"K_uu_weight[8, 10]",0.954,0.443,0.325,1.812,0.011,0.012,1516.778,1582.253,1.001
"K_uu_weight[8, 11]",0.926,0.434,0.311,1.772,0.011,0.012,1511.794,1637.989,1.001
"K_uu_weight[8, 12]",0.889,0.423,0.274,1.696,0.01,0.012,1527.299,1630.263,1.001
"K_uu_weight[8, 13]",0.843,0.409,0.263,1.639,0.01,0.011,1545.585,1601.327,1.002
"K_uu_weight[8, 14]",0.791,0.393,0.244,1.577,0.01,0.011,1535.507,1564.947,1.002
"K_uu_weight[8, 15]",0.734,0.375,0.181,1.457,0.009,0.011,1507.479,1472.286,1.002
"K_uu_weight[8, 16]",0.675,0.357,0.157,1.367,0.009,0.01,1471.31,1510.315,1.002
"K_uu_weight[8, 17]",0.613,0.337,0.139,1.277,0.009,0.01,1433.65,1376.251,1.003
"K_uu_weight[8, 18]",0.552,0.317,0.103,1.17,0.008,0.009,1398.094,1050.131,1.002
"K_uu_weight[8, 19]",0.493,0.296,0.08,1.067,0.008,0.009,1360.919,1056.67,1.002
"K_uu_weight[8, 20]",0.435,0.275,0.056,0.966,0.007,0.008,1267.076,1031.21,1.003
"K_uu_weight[8, 21]",0.381,0.254,0.04,0.868,0.007,0.007,1195.6,1031.076,1.003
"K_uu_weight[8, 22]",0.331,0.232,0.027,0.774,0.006,0.007,1129.238,958.107,1.003
"K_uu_weight[8, 23]",0.285,0.211,0.011,0.679,0.006,0.006,1089.916,954.04,1.003
"K_uu_weight[8, 24]",0.244,0.19,0.003,0.59,0.005,0.006,1067.482,961.65,1.003
"K_uu_weight[8, 25]",0.207,0.17,0.002,0.512,0.005,0.005,1051.79,935.373,1.003
"K_uu_weight[8, 26]",0.174,0.151,0.001,0.446,0.004,0.005,1030.409,857.206,1.003
"K_uu_weight[8, 27]",0.146,0.134,0.001,0.381,0.004,0.004,1015.165,907.841,1.003
"K_uu_weight[8, 28]",0.121,0.117,0.0,0.324,0.003,0.004,1001.766,916.769,1.003
"K_uu_weight[8, 29]",0.1,0.102,0.0,0.276,0.003,0.004,995.514,954.683,1.003
"K_uu_weight[8, 30]",0.082,0.088,0.0,0.233,0.002,0.003,986.145,886.855,1.003
"K_uu_weight[8, 31]",0.067,0.076,0.0,0.198,0.002,0.003,981.633,886.855,1.003
"K_uu_weight[8, 32]",0.054,0.064,0.0,0.167,0.002,0.002,979.327,990.511,1.003
"K_uu_weight[8, 33]",0.043,0.055,0.0,0.139,0.001,0.002,974.482,946.04,1.003
"K_uu_weight[8, 34]",0.035,0.046,0.0,0.114,0.001,0.002,970.521,946.04,1.003
"K_uu_weight[8, 35]",0.028,0.038,0.0,0.093,0.001,0.002,966.861,937.037,1.002
"K_uu_weight[8, 36]",0.022,0.032,0.0,0.076,0.001,0.001,963.535,932.445,1.002
"K_uu_weight[8, 37]",0.017,0.027,0.0,0.061,0.001,0.001,962.423,945.835,1.002
"K_uu_weight[8, 38]",0.013,0.022,0.0,0.048,0.001,0.001,960.797,945.835,1.002
"K_uu_weight[8, 39]",0.01,0.018,0.0,0.039,0.0,0.001,953.874,913.235,1.002
"K_uu_weight[8, 40]",0.008,0.015,0.0,0.031,0.0,0.001,951.007,905.347,1.002
"K_uu_weight[8, 41]",0.006,0.012,0.0,0.025,0.0,0.001,947.598,905.347,1.002
"K_uu_weight[8, 42]",0.005,0.01,0.0,0.019,0.0,0.001,945.116,905.347,1.002
"K_uu_weight[8, 43]",0.004,0.008,0.0,0.015,0.0,0.0,942.401,878.947,1.002
"K_uu_weight[8, 44]",0.003,0.006,0.0,0.012,0.0,0.0,940.507,878.947,1.002
"K_uu_weight[8, 45]",0.002,0.005,0.0,0.009,0.0,0.0,939.435,878.947,1.002
"K_uu_weight[8, 46]",0.002,0.004,0.0,0.007,0.0,0.0,937.7,905.347,1.002
"K_uu_weight[8, 47]",0.001,0.003,0.0,0.005,0.0,0.0,935.794,905.347,1.002
"K_uu_weight[8, 48]",0.001,0.002,0.0,0.004,0.0,0.0,934.809,905.723,1.002
"K_uu_weight[8, 49]",0.001,0.002,0.0,0.003,0.0,0.0,935.032,905.723,1.002
"K_uu_weight[9, 0]",0.613,0.337,0.139,1.277,0.009,0.01,1433.65,1376.251,1.003
"K_uu_weight[9, 1]",0.675,0.357,0.157,1.367,0.009,0.01,1471.31,1510.315,1.002
"K_uu_weight[9, 2]",0.734,0.375,0.181,1.457,0.009,0.011,1507.479,1472.286,1.002
"K_uu_weight[9, 3]",0.791,0.393,0.244,1.577,0.01,0.011,1535.507,1564.947,1.002
"K_uu_weight[9, 4]",0.843,0.409,0.263,1.639,0.01,0.011,1545.585,1601.327,1.002
"K_uu_weight[9, 5]",0.889,0.423,0.274,1.696,0.01,0.012,1527.299,1630.263,1.001
"K_uu_weight[9, 6]",0.926,0.434,0.311,1.772,0.011,0.012,1511.794,1637.989,1.001
"K_uu_weight[9, 7]",0.954,0.443,0.325,1.812,0.011,0.012,1516.778,1582.253,1.001
"K_uu_weight[9, 8]",0.971,0.448,0.333,1.841,0.011,0.012,1504.277,1582.253,1.001
"K_uu_weight[9, 9]",0.977,0.45,0.336,1.851,0.011,0.012,1502.823,1556.212,1.001
"K_uu_weight[9, 10]",0.971,0.448,0.333,1.841,0.011,0.012,1504.277,1582.253,1.001
"K_uu_weight[9, 11]",0.954,0.443,0.325,1.812,0.011,0.012,1516.778,1582.253,1.001
"K_uu_weight[9, 12]",0.926,0.434,0.311,1.772,0.011,0.012,1511.794,1637.989,1.001
"K_uu_weight[9, 13]",0.889,0.423,0.274,1.696,0.01,0.012,1527.299,1630.263,1.001
"K_uu_weight[9, 14]",0.843,0.409,0.263,1.639,0.01,0.011,1545.585,1601.327,1.002
"K_uu_weight[9, 15]",0.791,0.393,0.244,1.577,0.01,0.011,1535.507,1564.947,1.002
"K_uu_weight[9, 16]",0.734,0.375,0.181,1.457,0.009,0.011,1507.479,1472.286,1.002
"K_uu_weight[9, 17]",0.675,0.357,0.157,1.367,0.009,0.01,1471.31,1510.315,1.002
"K_uu_weight[9, 18]",0.613,0.337,0.139,1.277,0.009,0.01,1433.65,1376.251,1.003
"K_uu_weight[9, 19]",0.552,0.317,0.103,1.17,0.008,0.009,1398.094,1050.131,1.002
"K_uu_weight[9, 20]",0.493,0.296,0.08,1.067,0.008,0.009,1360.919,1056.67,1.002
"K_uu_weight[9, 21]",0.435,0.275,0.056,0.966,0.007,0.008,1267.076,1031.21,1.003
"K_uu_weight[9, 22]",0.381,0.254,0.04,0.868,0.007,0.007,1195.6,1031.076,1.003
"K_uu_weight[9, 23]",0.331,0.232,0.027,0.774,0.006,0.007,1129.238,958.107,1.003
"K_uu_weight[9, 24]",0.285,0.211,0.011,0.679,0.006,0.006,1089.916,954.04,1.003
"K_uu_weight[9, 25]",0.244,0.19,0.003,0.59,0.005,0.006,1067.482,961.65,1.003
"K_uu_weight[9, 26]",0.207,0.17,0.002,0.512,0.005,0.005,1051.79,935.373,1.003
"K_uu_weight[9, 27]",0.174,0.151,0.001,0.446,0.004,0.005,1030.409,857.206,1.003
"K_uu_weight[9, 28]",0.146,0.134,0.001,0.381,0.004,0.004,1015.165,907.841,1.003
"K_uu_weight[9, 29]",0.121,0.117,0.0,0.324,0.003,0.004,1001.766,916.769,1.003
"K_uu_weight[9, 30]",0.1,0.102,0.0,0.276,0.003,0.004,995.514,954.683,1.003
"K_uu_weight[9, 31]",0.082,0.088,0.0,0.233,0.002,0.003,986.145,886.855,1.003
"K_uu_weight[9, 32]",0.067,0.076,0.0,0.198,0.002,0.003,981.633,886.855,1.003
"K_uu_weight[9, 33]",0.054,0.064,0.0,0.167,0.002,0.002,979.327,990.511,1.003
"K_uu_weight[9, 34]",0.043,0.055,0.0,0.139,0.001,0.002,974.482,946.04,1.003
"K_uu_weight[9, 35]",0.035,0.046,0.0,0.114,0.001,0.002,970.521,946.04,1.003
"K_uu_weight[9, 36]",0.028,0.038,0.0,0.093,0.001,0.002,966.861,937.037,1.002
"K_uu_weight[9, 37]",0.022,0.032,0.0,0.076,0.001,0.001,963.535,932.445,1.002
"K_uu_weight[9, 38]",0.017,0.027,0.0,0.061,0.001,0.001,962.423,945.835,1.002
"K_uu_weight[9, 39]",0.013,0.022,0.0,0.048,0.001,0.001,960.797,945.835,1.002
"K_uu_weight[9, 40]",0.01,0.018,0.0,0.039,0.0,0.001,953.874,913.235,1.002
"K_uu_weight[9, 41]",0.008,0.015,0.0,0.031,0.0,0.001,951.007,905.347,1.002
"K_uu_weight[9, 42]",0.006,0.012,0.0,0.025,0.0,0.001,947.598,905.347,1.002
"K_uu_weight[9, 43]",0.005,0.01,0.0,0.019,0.0,0.001,945.116,905.347,1.002
"K_uu_weight[9, 44]",0.004,0.008,0.0,0.015,0.0,0.0,942.401,878.947,1.002
"K_uu_weight[9, 45]",0.003,0.006,0.0,0.012,0.0,0.0,940.507,878.947,1.002
"K_uu_weight[9, 46]",0.002,0.005,0.0,0.009,0.0,0.0,939.435,878.947,1.002
"K_uu_weight[9, 47]",0.002,0.004,0.0,0.007,0.0,0.0,937.7,905.347,1.002
"K_uu_weight[9, 48]",0.001,0.003,0.0,0.005,0.0,0.0,935.794,905.347,1.002
"K_uu_weight[9, 49]",0.001,0.002,0.0,0.004,0.0,0.0,934.809,905.723,1.002
"K_uu_weight[10, 0]",0.552,0.317,0.103,1.17,0.008,0.009,1398.094,1050.131,1.002
"K_uu_weight[10, 1]",0.613,0.337,0.139,1.277,0.009,0.01,1433.65,1376.251,1.003
"K_uu_weight[10, 2]",0.675,0.357,0.157,1.367,0.009,0.01,1471.31,1510.315,1.002
"K_uu_weight[10, 3]",0.734,0.375,0.181,1.457,0.009,0.011,1507.479,1472.286,1.002
"K_uu_weight[10, 4]",0.791,0.393,0.244,1.577,0.01,0.011,1535.507,1564.947,1.002
"K_uu_weight[10, 5]",0.843,0.409,0.263,1.639,0.01,0.011,1545.585,1601.327,1.002
"K_uu_weight[10, 6]",0.889,0.423,0.274,1.696,0.01,0.012,1527.299,1630.263,1.001
"K_uu_weight[10, 7]",0.926,0.434,0.311,1.772,0.011,0.012,1511.794,1637.989,1.001
"K_uu_weight[10, 8]",0.954,0.443,0.325,1.812,0.011,0.012,1516.778,1582.253,1.001
"K_uu_weight[10, 9]",0.971,0.448,0.333,1.841,0.011,0.012,1504.277,1582.253,1.001
"K_uu_weight[10, 10]",0.977,0.45,0.336,1.851,0.011,0.012,1502.823,1556.212,1.001
"K_uu_weight[10, 11]",0.971,0.448,0.333,1.841,0.011,0.012,1504.277,1582.253,1.001
"K_uu_weight[10, 12]",0.954,0.443,0.325,1.812,0.011,0.012,1516.778,1582.253,1.001
"K_uu_weight[10, 13]",0.926,0.434,0.311,1.772,0.011,0.012,1511.794,1637.989,1.001
"K_uu_weight[10, 14]",0.889,0.423,0.274,1.696,0.01,0.012,1527.299,1630.263,1.001
"K_uu_weight[10, 15]",0.843,0.409,0.263,1.639,0.01,0.011,1545.585,1601.327,1.002
"K_uu_weight[10, 16]",0.791,0.393,0.244,1.577,0.01,0.011,1535.507,1564.947,1.002
"K_uu_weight[10, 17]",0.734,0.375,0.181,1.457,0.009,0.011,1507.479,1472.286,1.002
"K_uu_weight[10, 18]",0.675,0.357,0.157,1.367,0.009,0.01,1471.31,1510.315,1.002
"K_uu_weight[10, 19]",0.613,0.337,0.139,1.277,0.009,0.01,1433.65,1376.251,1.003
"K_uu_weight[10, 20]",0.552,0.317,0.103,1.17,0.008,0.009,1398.094,1050.131,1.002
"K_uu_weight[10, 21]",0.493,0.296,0.08,1.067,0.008,0.009,1360.919,1056.67,1.002
"K_uu_weight[10, 22]",0.435,0.275,0.056,0.966,0.007,0.008,1267.076,1031.21,1.003
"K_uu_weight[10, 23]",0.381,0.254,0.04,0.868,0.007,0.007,1195.6,1031.076,1.003
"K_uu_weight[10, 24]",0.331,0.232,0.027,0.774,0.006,0.007,1129.238,958.107,1.003
"K_uu_weight[10, 25]",0.285,0.211,0.011,0.679,0.006,0.006,1089.916,954.04,1.003
"K_uu_weight[10, 26]",0.244,0.19,0.003,0.59,0.005,0.006,1067.482,961.65,1.003
"K_uu_weight[10, 27]",0.207,0.17,0.002,0.512,0.005,0.005,1051.79,935.373,1.003
"K_uu_weight[10, 28]",0.174,0.151,0.001,0.446,0.004,0.005,1030.409,857.206,1.003
"K_uu_weight[10, 29]",0.146,0.134,0.001,0.381,0.004,0.004,1015.165,907.841,1.003
"K_uu_weight[10, 30]",0.121,0.117,0.0,0.324,0.003,0.004,1001.766,916.769,1.003
"K_uu_weight[10, 31]",0.1,0.102,0.0,0.276,0.003,0.004,995.514,954.683,1.003
"K_uu_weight[10, 32]",0.082,0.088,0.0,0.233,0.002,0.003,986.145,886.855,1.003
"K_uu_weight[10, 33]",0.067,0.076,0.0,0.198,0.002,0.003,981.633,886.855,1.003
"K_uu_weight[10, 34]",0.054,0.064,0.0,0.167,0.002,0.002,979.327,990.511,1.003
"K_uu_weight[10, 35]",0.043,0.055,0.0,0.139,0.001,0.002,974.482,946.04,1.003
"K_uu_weight[10, 36]",0.035,0.046,0.0,0.114,0.001,0.002,970.521,946.04,1.003
"K_uu_weight[10, 37]",0.028,0.038,0.0,0.093,0.001,0.002,966.861,937.037,1.002
"K_uu_weight[10, 38]",0.022,0.032,0.0,0.076,0.001,0.001,963.535,932.445,1.002
"K_uu_weight[10, 39]",0.017,0.027,0.0,0.061,0.001,0.001,962.423,945.835,1.002
"K_uu_weight[10, 40]",0.013,0.022,0.0,0.048,0.001,0.001,960.797,945.835,1.002
"K_uu_weight[10, 41]",0.01,0.018,0.0,0.039,0.0,0.001,953.874,913.235,1.002
"K_uu_weight[10, 42]",0.008,0.015,0.0,0.031,0.0,0.001,951.007,905.347,1.002
"K_uu_weight[10, 43]",0.006,0.012,0.0,0.025,0.0,0.001,947.598,905.347,1.002
"K_uu_weight[10, 44]",0.005,0.01,0.0,0.019,0.0,0.001,945.116,905.347,1.002
"K_uu_weight[10, 45]",0.004,0.008,0.0,0.015,0.0,0.0,942.401,878.947,1.002
"K_uu_weight[10, 46]",0.003,0.006,0.0,0.012,0.0,0.0,940.507,878.947,1.002
"K_uu_weight[10, 47]",0.002,0.005,0.0,0.009,0.0,0.0,939.435,878.947,1.002
"K_uu_weight[10, 48]",0.002,0.004,0.0,0.007,0.0,0.0,937.7,905.347,1.002
"K_uu_weight[10, 49]",0.001,0.003,0.0,0.005,0.0,0.0,935.794,905.347,1.002
"K_uu_weight[11, 0]",0.493,0.296,0.08,1.067,0.008,0.009,1360.919,1056.67,1.002
"K_uu_weight[11, 1]",0.552,0.317,0.103,1.17,0.008,0.009,1398.094,1050.131,1.002
"K_uu_weight[11, 2]",0.613,0.337,0.139,1.277,0.009,0.01,1433.65,1376.251,1.003
"K_uu_weight[11, 3]",0.675,0.357,0.157,1.367,0.009,0.01,1471.31,1510.315,1.002
"K_uu_weight[11, 4]",0.734,0.375,0.181,1.457,0.009,0.011,1507.479,1472.286,1.002
"K_uu_weight[11, 5]",0.791,0.393,0.244,1.577,0.01,0.011,1535.507,1564.947,1.002
"K_uu_weight[11, 6]",0.843,0.409,0.263,1.639,0.01,0.011,1545.585,1601.327,1.002
"K_uu_weight[11, 7]",0.889,0.423,0.274,1.696,0.01,0.012,1527.299,1630.263,1.001
"K_uu_weight[11, 8]",0.926,0.434,0.311,1.772,0.011,0.012,1511.794,1637.989,1.001
"K_uu_weight[11, 9]",0.954,0.443,0.325,1.812,0.011,0.012,1516.778,1582.253,1.001
"K_uu_weight[11, 10]",0.971,0.448,0.333,1.841,0.011,0.012,1504.277,1582.253,1.001
"K_uu_weight[11, 11]",0.977,0.45,0.336,1.851,0.011,0.012,1502.823,1556.212,1.001
"K_uu_weight[11, 12]",0.971,0.448,0.333,1.841,0.011,0.012,1504.277,1582.253,1.001
"K_uu_weight[11, 13]",0.954,0.443,0.325,1.812,0.011,0.012,1516.778,1582.253,1.001
"K_uu_weight[11, 14]",0.926,0.434,0.311,1.772,0.011,0.012,1511.794,1637.989,1.001
"K_uu_weight[11, 15]",0.889,0.423,0.274,1.696,0.01,0.012,1527.299,1630.263,1.001
"K_uu_weight[11, 16]",0.843,0.409,0.263,1.639,0.01,0.011,1545.585,1601.327,1.002
"K_uu_weight[11, 17]",0.791,0.393,0.244,1.577,0.01,0.011,1535.507,1564.947,1.002
"K_uu_weight[11, 18]",0.734,0.375,0.181,1.457,0.009,0.011,1507.479,1472.286,1.002
"K_uu_weight[11, 19]",0.675,0.357,0.157,1.367,0.009,0.01,1471.31,1510.315,1.002
"K_uu_weight[11, 20]",0.613,0.337,0.139,1.277,0.009,0.01,1433.65,1376.251,1.003
"K_uu_weight[11, 21]",0.552,0.317,0.103,1.17,0.008,0.009,1398.094,1050.131,1.002
"K_uu_weight[11, 22]",0.493,0.296,0.08,1.067,0.008,0.009,1360.919,1056.67,1.002
"K_uu_weight[11, 23]",0.435,0.275,0.056,0.966,0.007,0.008,1267.076,1031.21,1.003
"K_uu_weight[11, 24]",0.381,0.254,0.04,0.868,0.007,0.007,1195.6,1031.076,1.003
"K_uu_weight[11, 25]",0.331,0.232,0.027,0.774,0.006,0.007,1129.238,958.107,1.003
"K_uu_weight[11, 26]",0.285,0.211,0.011,0.679,0.006,0.006,1089.916,954.04,1.003
"K_uu_weight[11, 27]",0.244,0.19,0.003,0.59,0.005,0.006,1067.482,961.65,1.003
"K_uu_weight[11, 28]",0.207,0.17,0.002,0.512,0.005,0.005,1051.79,935.373,1.003
"K_uu_weight[11, 29]",0.174,0.151,0.001,0.446,0.004,0.005,1030.409,857.206,1.003
"K_uu_weight[11, 30]",0.146,0.134,0.001,0.381,0.004,0.004,1015.165,907.841,1.003
"K_uu_weight[11, 31]",0.121,0.117,0.0,0.324,0.003,0.004,1001.766,916.769,1.003
"K_uu_weight[11, 32]",0.1,0.102,0.0,0.276,0.003,0.004,995.514,954.683,1.003
"K_uu_weight[11, 33]",0.082,0.088,0.0,0.233,0.002,0.003,986.145,886.855,1.003
"K_uu_weight[11, 34]",0.067,0.076,0.0,0.198,0.002,0.003,981.633,886.855,1.003
"K_uu_weight[11, 35]",0.054,0.064,0.0,0.167,0.002,0.002,979.327,990.511,1.003
"K_uu_weight[11, 36]",0.043,0.055,0.0,0.139,0.001,0.002,974.482,946.04,1.003
"K_uu_weight[11, 37]",0.035,0.046,0.0,0.114,0.001,0.002,970.521,946.04,1.003
"K_uu_weight[11, 38]",0.028,0.038,0.0,0.093,0.001,0.002,966.861,937.037,1.002
"K_uu_weight[11, 39]",0.022,0.032,0.0,0.076,0.001,0.001,963.535,932.445,1.002
"K_uu_weight[11, 40]",0.017,0.027,0.0,0.061,0.001,0.001,962.423,945.835,1.002
"K_uu_weight[11, 41]",0.013,0.022,0.0,0.048,0.001,0.001,960.797,945.835,1.002
"K_uu_weight[11, 42]",0.01,0.018,0.0,0.039,0.0,0.001,953.874,913.235,1.002
"K_uu_weight[11, 43]",0.008,0.015,0.0,0.031,0.0,0.001,951.007,905.347,1.002
"K_uu_weight[11, 44]",0.006,0.012,0.0,0.025,0.0,0.001,947.598,905.347,1.002
"K_uu_weight[11, 45]",0.005,0.01,0.0,0.019,0.0,0.001,945.116,905.347,1.002
"K_uu_weight[11, 46]",0.004,0.008,0.0,0.015,0.0,0.0,942.401,878.947,1.002
"K_uu_weight[11, 47]",0.003,0.006,0.0,0.012,0.0,0.0,940.507,878.947,1.002
"K_uu_weight[11, 48]",0.002,0.005,0.0,0.009,0.0,0.0,939.435,878.947,1.002
"K_uu_weight[11, 49]",0.002,0.004,0.0,0.007,0.0,0.0,937.7,905.347,1.002
"K_uu_weight[12, 0]",0.435,0.275,0.056,0.966,0.007,0.008,1267.076,1031.21,1.003
"K_uu_weight[12, 1]",0.493,0.296,0.08,1.067,0.008,0.009,1360.919,1056.67,1.002
"K_uu_weight[12, 2]",0.552,0.317,0.103,1.17,0.008,0.009,1398.094,1050.131,1.002
"K_uu_weight[12, 3]",0.613,0.337,0.139,1.277,0.009,0.01,1433.65,1376.251,1.003
"K_uu_weight[12, 4]",0.675,0.357,0.157,1.367,0.009,0.01,1471.31,1510.315,1.002
"K_uu_weight[12, 5]",0.734,0.375,0.181,1.457,0.009,0.011,1507.479,1472.286,1.002
"K_uu_weight[12, 6]",0.791,0.393,0.244,1.577,0.01,0.011,1535.507,1564.947,1.002
"K_uu_weight[12, 7]",0.843,0.409,0.263,1.639,0.01,0.011,1545.585,1601.327,1.002
"K_uu_weight[12, 8]",0.889,0.423,0.274,1.696,0.01,0.012,1527.299,1630.263,1.001
"K_uu_weight[12, 9]",0.926,0.434,0.311,1.772,0.011,0.012,1511.794,1637.989,1.001
"K_uu_weight[12, 10]",0.954,0.443,0.325,1.812,0.011,0.012,1516.778,1582.253,1.001
"K_uu_weight[12, 11]",0.971,0.448,0.333,1.841,0.011,0.012,1504.277,1582.253,1.001
"K_uu_weight[12, 12]",0.977,0.45,0.336,1.851,0.011,0.012,1502.823,1556.212,1.001
"K_uu_weight[12, 13]",0.971,0.448,0.333,1.841,0.011,0.012,1504.277,1582.253,1.001
"K_uu_weight[12, 14]",0.954,0.443,0.325,1.812,0.011,0.012,1516.778,1582.253,1.001
"K_uu_weight[12, 15]",0.926,0.434,0.311,1.772,0.011,0.012,1511.794,1637.989,1.001
"K_uu_weight[12, 16]",0.889,0.423,0.274,1.696,0.01,0.012,1527.299,1630.263,1.001
"K_uu_weight[12, 17]",0.843,0.409,0.263,1.639,0.01,0.011,1545.585,1601.327,1.002
"K_uu_weight[12, 18]",0.791,0.393,0.244,1.577,0.01,0.011,1535.507,1564.947,1.002
"K_uu_weight[12, 19]",0.734,0.375,0.181,1.457,0.009,0.011,1507.479,1472.286,1.002
"K_uu_weight[12, 20]",0.675,0.357,0.157,1.367,0.009,0.01,1471.31,1510.315,1.002
"K_uu_weight[12, 21]",0.613,0.337,0.139,1.277,0.009,0.01,1433.65,1376.251,1.003
"K_uu_weight[12, 22]",0.552,0.317,0.103,1.17,0.008,0.009,1398.094,1050.131,1.002
"K_uu_weight[12, 23]",0.493,0.296,0.08,1.067,0.008,0.009,1360.919,1056.67,1.002
"K_uu_weight[12, 24]",0.435,0.275,0.056,0.966,0.007,0.008,1267.076,1031.21,1.003
"K_uu_weight[12, 25]",0.381,0.254,0.04,0.868,0.007,0.007,1195.6,1031.076,1.003
"K_uu_weight[12, 26]",0.331,0.232,0.027,0.774,0.006,0.007,1129.238,958.107,1.003
"K_uu_weight[12, 27]",0.285,0.211,0.011,0.679,0.006,0.006,1089.916,954.04,1.003
"K_uu_weight[12, 28]",0.244,0.19,0.003,0.59,0.005,0.006,1067.482,961.65,1.003
"K_uu_weight[12, 29]",0.207,0.17,0.002,0.512,0.005,0.005,1051.79,935.373,1.003
"K_uu_weight[12, 30]",0.174,0.151,0.001,0.446,0.004,0.005,1030.409,857.206,1.003
"K_uu_weight[12, 31]",0.146,0.134,0.001,0.381,0.004,0.004,1015.165,907.841,1.003
"K_uu_weight[12, 32]",0.121,0.117,0.0,0.324,0.003,0.004,1001.766,916.769,1.003
"K_uu_weight[12, 33]",0.1,0.102,0.0,0.276,0.003,0.004,995.514,954.683,1.003
"K_uu_weight[12, 34]",0.082,0.088,0.0,0.233,0.002,0.003,986.145,886.855,1.003
"K_uu_weight[12, 35]",0.067,0.076,0.0,0.198,0.002,0.003,981.633,886.855,1.003
"K_uu_weight[12, 36]",0.054,0.064,0.0,0.167,0.002,0.002,979.327,990.511,1.003
"K_uu_weight[12, 37]",0.043,0.055,0.0,0.139,0.001,0.002,974.482,946.04,1.003
"K_uu_weight[12, 38]",0.035,0.046,0.0,0.114,0.001,0.002,970.521,946.04,1.003
"K_uu_weight[12, 39]",0.028,0.038,0.0,0.093,0.001,0.002,966.861,937.037,1.002
"K_uu_weight[12, 40]",0.022,0.032,0.0,0.076,0.001,0.001,963.535,932.445,1.002
"K_uu_weight[12, 41]",0.017,0.027,0.0,0.061,0.001,0.001,962.423,945.835,1.002
"K_uu_weight[12, 42]",0.013,0.022,0.0,0.048,0.001,0.001,960.797,945.835,1.002
"K_uu_weight[12, 43]",0.01,0.018,0.0,0.039,0.0,0.001,953.874,913.235,1.002
"K_uu_weight[12, 44]",0.008,0.015,0.0,0.031,0.0,0.001,951.007,905.347,1.002
"K_uu_weight[12, 45]",0.006,0.012,0.0,0.025,0.0,0.001,947.598,905.347,1.002
"K_uu_weight[12, 46]",0.005,0.01,0.0,0.019,0.0,0.001,945.116,905.347,1.002
"K_uu_weight[12, 47]",0.004,0.008,0.0,0.015,0.0,0.0,942.401,878.947,1.002
"K_uu_weight[12, 48]",0.003,0.006,0.0,0.012,0.0,0.0,940.507,878.947,1.002
"K_uu_weight[12, 49]",0.002,0.005,0.0,0.009,0.0,0.0,939.435,878.947,1.002
"K_uu_weight[13, 0]",0.381,0.254,0.04,0.868,0.007,0.007,1195.6,1031.076,1.003
"K_uu_weight[13, 1]",0.435,0.275,0.056,0.966,0.007,0.008,1267.076,1031.21,1.003
"K_uu_weight[13, 2]",0.493,0.296,0.08,1.067,0.008,0.009,1360.919,1056.67,1.002
"K_uu_weight[13, 3]",0.552,0.317,0.103,1.17,0.008,0.009,1398.094,1050.131,1.002
"K_uu_weight[13, 4]",0.613,0.337,0.139,1.277,0.009,0.01,1433.65,1376.251,1.003
"K_uu_weight[13, 5]",0.675,0.357,0.157,1.367,0.009,0.01,1471.31,1510.315,1.002
"K_uu_weight[13, 6]",0.734,0.375,0.181,1.457,0.009,0.011,1507.479,1472.286,1.002
"K_uu_weight[13, 7]",0.791,0.393,0.244,1.577,0.01,0.011,1535.507,1564.947,1.002
"K_uu_weight[13, 8]",0.843,0.409,0.263,1.639,0.01,0.011,1545.585,1601.327,1.002
"K_uu_weight[13, 9]",0.889,0.423,0.274,1.696,0.01,0.012,1527.299,1630.263,1.001
"K_uu_weight[13, 10]",0.926,0.434,0.311,1.772,0.011,0.012,1511.794,1637.989,1.001
"K_uu_weight[13, 11]",0.954,0.443,0.325,1.812,0.011,0.012,1516.778,1582.253,1.001
"K_uu_weight[13, 12]",0.971,0.448,0.333,1.841,0.011,0.012,1504.277,1582.253,1.001
"K_uu_weight[13, 13]",0.977,0.45,0.336,1.851,0.011,0.012,1502.823,1556.212,1.001
"K_uu_weight[13, 14]",0.971,0.448,0.333,1.841,0.011,0.012,1504.277,1582.253,1.001
"K_uu_weight[13, 15]",0.954,0.443,0.325,1.812,0.011,0.012,1516.778,1582.253,1.001
"K_uu_weight[13, 16]",0.926,0.434,0.311,1.772,0.011,0.012,1511.794,1637.989,1.001
"K_uu_weight[13, 17]",0.889,0.423,0.274,1.696,0.01,0.012,1527.299,1630.263,1.001
"K_uu_weight[13, 18]",0.843,0.409,0.263,1.639,0.01,0.011,1545.585,1601.327,1.002
"K_uu_weight[13, 19]",0.791,0.393,0.244,1.577,0.01,0.011,1535.507,1564.947,1.002
"K_uu_weight[13, 20]",0.734,0.375,0.181,1.457,0.009,0.011,1507.479,1472.286,1.002
"K_uu_weight[13, 21]",0.675,0.357,0.157,1.367,0.009,0.01,1471.31,1510.315,1.002
"K_uu_weight[13, 22]",0.613,0.337,0.139,1.277,0.009,0.01,1433.65,1376.251,1.003
"K_uu_weight[13, 23]",0.552,0.317,0.103,1.17,0.008,0.009,1398.094,1050.131,1.002
"K_uu_weight[13, 24]",0.493,0.296,0.08,1.067,0.008,0.009,1360.919,1056.67,1.002
"K_uu_weight[13, 25]",0.435,0.275,0.056,0.966,0.007,0.008,1267.076,1031.21,1.003
"K_uu_weight[13, 26]",0.381,0.254,0.04,0.868,0.007,0.007,1195.6,1031.076,1.003
"K_uu_weight[13, 27]",0.331,0.232,0.027,0.774,0.006,0.007,1129.238,958.107,1.003
"K_uu_weight[13, 28]",0.285,0.211,0.011,0.679,0.006,0.006,1089.916,954.04,1.003
"K_uu_weight[13, 29]",0.244,0.19,0.003,0.59,0.005,0.006,1067.482,961.65,1.003
"K_uu_weight[13, 30]",0.207,0.17,0.002,0.512,0.005,0.005,1051.79,935.373,1.003
"K_uu_weight[13, 31]",0.174,0.151,0.001,0.446,0.004,0.005,1030.409,857.206,1.003
"K_uu_weight[13, 32]",0.146,0.134,0.001,0.381,0.004,0.004,1015.165,907.841,1.003
"K_uu_weight[13, 33]",0.121,0.117,0.0,0.324,0.003,0.004,1001.766,916.769,1.003
"K_uu_weight[13, 34]",0.1,0.102,0.0,0.276,0.003,0.004,995.514,954.683,1.003
"K_uu_weight[13, 35]",0.082,0.088,0.0,0.233,0.002,0.003,986.145,886.855,1.003
"K_uu_weight[13, 36]",0.067,0.076,0.0,0.198,0.002,0.003,981.633,886.855,1.003
"K_uu_weight[13, 37]",0.054,0.064,0.0,0.167,0.002,0.002,979.327,990.511,1.003
"K_uu_weight[13, 38]",0.043,0.055,0.0,0.139,0.001,0.002,974.482,946.04,1.003
"K_uu_weight[13, 39]",0.035,0.046,0.0,0.114,0.001,0.002,970.521,946.04,1.003
"K_uu_weight[13, 40]",0.028,0.038,0.0,0.093,0.001,0.002,966.861,937.037,1.002
"K_uu_weight[13, 41]",0.022,0.032,0.0,0.076,0.001,0.001,963.535,932.445,1.002
"K_uu_weight[13, 42]",0.017,0.027,0.0,0.061,0.001,0.001,962.423,945.835,1.002
"K_uu_weight[13, 43]",0.013,0.022,0.0,0.048,0.001,0.001,960.797,945.835,1.002
"K_uu_weight[13, 44]",0.01,0.018,0.0,0.039,0.0,0.001,953.874,913.235,1.002
"K_uu_weight[13, 45]",0.008,0.015,0.0,0.031,0.0,0.001,951.007,905.347,1.002
"K_uu_weight[13, 46]",0.006,0.012,0.0,0.025,0.0,0.001,947.598,905.347,1.002
"K_uu_weight[13, 47]",0.005,0.01,0.0,0.019,0.0,0.001,945.116,905.347,1.002
"K_uu_weight[13, 48]",0.004,0.008,0.0,0.015,0.0,0.0,942.401,878.947,1.002
"K_uu_weight[13, 49]",0.003,0.006,0.0,0.012,0.0,0.0,940.507,878.947,1.002
"K_uu_weight[14, 0]",0.331,0.232,0.027,0.774,0.006,0.007,1129.238,958.107,1.003
"K_uu_weight[14, 1]",0.381,0.254,0.04,0.868,0.007,0.007,1195.6,1031.076,1.003
"K_uu_weight[14, 2]",0.435,0.275,0.056,0.966,0.007,0.008,1267.076,1031.21,1.003
"K_uu_weight[14, 3]",0.493,0.296,0.08,1.067,0.008,0.009,1360.919,1056.67,1.002
"K_uu_weight[14, 4]",0.552,0.317,0.103,1.17,0.008,0.009,1398.094,1050.131,1.002
"K_uu_weight[14, 5]",0.613,0.337,0.139,1.277,0.009,0.01,1433.65,1376.251,1.003
"K_uu_weight[14, 6]",0.675,0.357,0.157,1.367,0.009,0.01,1471.31,1510.315,1.002
"K_uu_weight[14, 7]",0.734,0.375,0.181,1.457,0.009,0.011,1507.479,1472.286,1.002
"K_uu_weight[14, 8]",0.791,0.393,0.244,1.577,0.01,0.011,1535.507,1564.947,1.002
"K_uu_weight[14, 9]",0.843,0.409,0.263,1.639,0.01,0.011,1545.585,1601.327,1.002
"K_uu_weight[14, 10]",0.889,0.423,0.274,1.696,0.01,0.012,1527.299,1630.263,1.001
"K_uu_weight[14, 11]",0.926,0.434,0.311,1.772,0.011,0.012,1511.794,1637.989,1.001
"K_uu_weight[14, 12]",0.954,0.443,0.325,1.812,0.011,0.012,1516.778,1582.253,1.001
"K_uu_weight[14, 13]",0.971,0.448,0.333,1.841,0.011,0.012,1504.277,1582.253,1.001
"K_uu_weight[14, 14]",0.977,0.45,0.336,1.851,0.011,0.012,1502.823,1556.212,1.001
"K_uu_weight[14, 15]",0.971,0.448,0.333,1.841,0.011,0.012,1504.277,1582.253,1.001
"K_uu_weight[14, 16]",0.954,0.443,0.325,1.812,0.011,0.012,1516.778,1582.253,1.001
"K_uu_weight[14, 17]",0.926,0.434,0.311,1.772,0.011,0.012,1511.794,1637.989,1.001
"K_uu_weight[14, 18]",0.889,0.423,0.274,1.696,0.01,0.012,1527.299,1630.263,1.001
"K_uu_weight[14, 19]",0.843,0.409,0.263,1.639,0.01,0.011,1545.585,1601.327,1.002
"K_uu_weight[14, 20]",0.791,0.393,0.244,1.577,0.01,0.011,1535.507,1564.947,1.002
"K_uu_weight[14, 21]",0.734,0.375,0.181,1.457,0.009,0.011,1507.479,1472.286,1.002
"K_uu_weight[14, 22]",0.675,0.357,0.157,1.367,0.009,0.01,1471.31,1510.315,1.002
"K_uu_weight[14, 23]",0.613,0.337,0.139,1.277,0.009,0.01,1433.65,1376.251,1.003
"K_uu_weight[14, 24]",0.552,0.317,0.103,1.17,0.008,0.009,1398.094,1050.131,1.002
"K_uu_weight[14, 25]",0.493,0.296,0.08,1.067,0.008,0.009,1360.919,1056.67,1.002
"K_uu_weight[14, 26]",0.435,0.275,0.056,0.966,0.007,0.008,1267.076,1031.21,1.003
"K_uu_weight[14, 27]",0.381,0.254,0.04,0.868,0.007,0.007,1195.6,1031.076,1.003
"K_uu_weight[14, 28]",0.331,0.232,0.027,0.774,0.006,0.007,1129.238,958.107,1.003
"K_uu_weight[14, 29]",0.285,0.211,0.011,0.679,0.006,0.006,1089.916,954.04,1.003
"K_uu_weight[14, 30]",0.244,0.19,0.003,0.59,0.005,0.006,1067.482,961.65,1.003
"K_uu_weight[14, 31]",0.207,0.17,0.002,0.512,0.005,0.005,1051.79,935.373,1.003
"K_uu_weight[14, 32]",0.174,0.151,0.001,0.446,0.004,0.005,1030.409,857.206,1.003
"K_uu_weight[14, 33]",0.146,0.134,0.001,0.381,0.004,0.004,1015.165,907.841,1.003
"K_uu_weight[14, 34]",0.121,0.117,0.0,0.324,0.003,0.004,1001.766,916.769,1.003
"K_uu_weight[14, 35]",0.1,0.102,0.0,0.276,0.003,0.004,995.514,954.683,1.003
"K_uu_weight[14, 36]",0.082,0.088,0.0,0.233,0.002,0.003,986.145,886.855,1.003
"K_uu_weight[14, 37]",0.067,0.076,0.0,0.198,0.002,0.003,981.633,886.855,1.003
"K_uu_weight[14, 38]",0.054,0.064,0.0,0.167,0.002,0.002,979.327,990.511,1.003
"K_uu_weight[14, 39]",0.043,0.055,0.0,0.139,0.001,0.002,974.482,946.04,1.003
"K_uu_weight[14, 40]",0.035,0.046,0.0,0.114,0.001,0.002,970.521,946.04,1.003
"K_uu_weight[14, 41]",0.028,0.038,0.0,0.093,0.001,0.002,966.861,937.037,1.002
"K_uu_weight[14, 42]",0.022,0.032,0.0,0.076,0.001,0.001,963.535,932.445,1.002
"K_uu_weight[14, 43]",0.017,0.027,0.0,0.061,0.001,0.001,962.423,945.835,1.002
"K_uu_weight[14, 44]",0.013,0.022,0.0,0.048,0.001,0.001,960.797,945.835,1.002
"K_uu_weight[14, 45]",0.01,0.018,0.0,0.039,0.0,0.001,953.874,913.235,1.002
"K_uu_weight[14, 46]",0.008,0.015,0.0,0.031,0.0,0.001,951.007,905.347,1.002
"K_uu_weight[14, 47]",0.006,0.012,0.0,0.025,0.0,0.001,947.598,905.347,1.002
"K_uu_weight[14, 48]",0.005,0.01,0.0,0.019,0.0,0.001,945.116,905.347,1.002
"K_uu_weight[14, 49]",0.004,0.008,0.0,0.015,0.0,0.0,942.401,878.947,1.002
"K_uu_weight[15, 0]",0.285,0.211,0.011,0.679,0.006,0.006,1089.916,954.04,1.003
"K_uu_weight[15, 1]",0.331,0.232,0.027,0.774,0.006,0.007,1129.238,958.107,1.003
"K_uu_weight[15, 2]",0.381,0.254,0.04,0.868,0.007,0.007,1195.6,1031.076,1.003
"K_uu_weight[15, 3]",0.435,0.275,0.056,0.966,0.007,0.008,1267.076,1031.21,1.003
"K_uu_weight[15, 4]",0.493,0.296,0.08,1.067,0.008,0.009,1360.919,1056.67,1.002
"K_uu_weight[15, 5]",0.552,0.317,0.103,1.17,0.008,0.009,1398.094,1050.131,1.002
"K_uu_weight[15, 6]",0.613,0.337,0.139,1.277,0.009,0.01,1433.65,1376.251,1.003
"K_uu_weight[15, 7]",0.675,0.357,0.157,1.367,0.009,0.01,1471.31,1510.315,1.002
"K_uu_weight[15, 8]",0.734,0.375,0.181,1.457,0.009,0.011,1507.479,1472.286,1.002
"K_uu_weight[15, 9]",0.791,0.393,0.244,1.577,0.01,0.011,1535.507,1564.947,1.002
"K_uu_weight[15, 10]",0.843,0.409,0.263,1.639,0.01,0.011,1545.585,1601.327,1.002
"K_uu_weight[15, 11]",0.889,0.423,0.274,1.696,0.01,0.012,1527.299,1630.263,1.001
"K_uu_weight[15, 12]",0.926,0.434,0.311,1.772,0.011,0.012,1511.794,1637.989,1.001
"K_uu_weight[15, 13]",0.954,0.443,0.325,1.812,0.011,0.012,1516.778,1582.253,1.001
"K_uu_weight[15, 14]",0.971,0.448,0.333,1.841,0.011,0.012,1504.277,1582.253,1.001
"K_uu_weight[15, 15]",0.977,0.45,0.336,1.851,0.011,0.012,1502.823,1556.212,1.001
"K_uu_weight[15, 16]",0.971,0.448,0.333,1.841,0.011,0.012,1504.277,1582.253,1.001
"K_uu_weight[15, 17]",0.954,0.443,0.325,1.812,0.011,0.012,1516.778,1582.253,1.001
"K_uu_weight[15, 18]",0.926,0.434,0.311,1.772,0.011,0.012,1511.794,1637.989,1.001
"K_uu_weight[15, 19]",0.889,0.423,0.274,1.696,0.01,0.012,1527.299,1630.263,1.001
"K_uu_weight[15, 20]",0.843,0.409,0.263,1.639,0.01,0.011,1545.585,1601.327,1.002
"K_uu_weight[15, 21]",0.791,0.393,0.244,1.577,0.01,0.011,1535.507,1564.947,1.002
"K_uu_weight[15, 22]",0.734,0.375,0.181,1.457,0.009,0.011,1507.479,1472.286,1.002
"K_uu_weight[15, 23]",0.675,0.357,0.157,1.367,0.009,0.01,1471.31,1510.315,1.002
"K_uu_weight[15, 24]",0.613,0.337,0.139,1.277,0.009,0.01,1433.65,1376.251,1.003
"K_uu_weight[15, 25]",0.552,0.317,0.103,1.17,0.008,0.009,1398.094,1050.131,1.002
"K_uu_weight[15, 26]",0.493,0.296,0.08,1.067,0.008,0.009,1360.919,1056.67,1.002
"K_uu_weight[15, 27]",0.435,0.275,0.056,0.966,0.007,0.008,1267.076,1031.21,1.003
"K_uu_weight[15, 28]",0.381,0.254,0.04,0.868,0.007,0.007,1195.6,1031.076,1.003
"K_uu_weight[15, 29]",0.331,0.232,0.027,0.774,0.006,0.007,1129.238,958.107,1.003
"K_uu_weight[15, 30]",0.285,0.211,0.011,0.679,0.006,0.006,1089.916,954.04,1.003
"K_uu_weight[15, 31]",0.244,0.19,0.003,0.59,0.005,0.006,1067.482,961.65,1.003
"K_uu_weight[15, 32]",0.207,0.17,0.002,0.512,0.005,0.005,1051.79,935.373,1.003
"K_uu_weight[15, 33]",0.174,0.151,0.001,0.446,0.004,0.005,1030.409,857.206,1.003
"K_uu_weight[15, 34]",0.146,0.134,0.001,0.381,0.004,0.004,1015.165,907.841,1.003
"K_uu_weight[15, 35]",0.121,0.117,0.0,0.324,0.003,0.004,1001.766,916.769,1.003
"K_uu_weight[15, 36]",0.1,0.102,0.0,0.276,0.003,0.004,995.514,954.683,1.003
"K_uu_weight[15, 37]",0.082,0.088,0.0,0.233,0.002,0.003,986.145,886.855,1.003
"K_uu_weight[15, 38]",0.067,0.076,0.0,0.198,0.002,0.003,981.633,886.855,1.003
"K_uu_weight[15, 39]",0.054,0.064,0.0,0.167,0.002,0.002,979.327,990.511,1.003
"K_uu_weight[15, 40]",0.043,0.055,0.0,0.139,0.001,0.002,974.482,946.04,1.003
"K_uu_weight[15, 41]",0.035,0.046,0.0,0.114,0.001,0.002,970.521,946.04,1.003
"K_uu_weight[15, 42]",0.028,0.038,0.0,0.093,0.001,0.002,966.861,937.037,1.002
"K_uu_weight[15, 43]",0.022,0.032,0.0,0.076,0.001,0.001,963.535,932.445,1.002
"K_uu_weight[15, 44]",0.017,0.027,0.0,0.061,0.001,0.001,962.423,945.835,1.002
"K_uu_weight[15, 45]",0.013,0.022,0.0,0.048,0.001,0.001,960.797,945.835,1.002
"K_uu_weight[15, 46]",0.01,0.018,0.0,0.039,0.0,0.001,953.874,913.235,1.002
"K_uu_weight[15, 47]",0.008,0.015,0.0,0.031,0.0,0.001,951.007,905.347,1.002
"K_uu_weight[15, 48]",0.006,0.012,0.0,0.025,0.0,0.001,947.598,905.347,1.002
"K_uu_weight[15, 49]",0.005,0.01,0.0,0.019,0.0,0.001,945.116,905.347,1.002
"K_uu_weight[16, 0]",0.244,0.19,0.003,0.59,0.005,0.006,1067.482,961.65,1.003
"K_uu_weight[16, 1]",0.285,0.211,0.011,0.679,0.006,0.006,1089.916,954.04,1.003
"K_uu_weight[16, 2]",0.331,0.232,0.027,0.774,0.006,0.007,1129.238,958.107,1.003
"K_uu_weight[16, 3]",0.381,0.254,0.04,0.868,0.007,0.007,1195.6,1031.076,1.003
"K_uu_weight[16, 4]",0.435,0.275,0.056,0.966,0.007,0.008,1267.076,1031.21,1.003
"K_uu_weight[16, 5]",0.493,0.296,0.08,1.067,0.008,0.009,1360.919,1056.67,1.002
"K_uu_weight[16, 6]",0.552,0.317,0.103,1.17,0.008,0.009,1398.094,1050.131,1.002
"K_uu_weight[16, 7]",0.613,0.337,0.139,1.277,0.009,0.01,1433.65,1376.251,1.003
"K_uu_weight[16, 8]",0.675,0.357,0.157,1.367,0.009,0.01,1471.31,1510.315,1.002
"K_uu_weight[16, 9]",0.734,0.375,0.181,1.457,0.009,0.011,1507.479,1472.286,1.002
"K_uu_weight[16, 10]",0.791,0.393,0.244,1.577,0.01,0.011,1535.507,1564.947,1.002
"K_uu_weight[16, 11]",0.843,0.409,0.263,1.639,0.01,0.011,1545.585,1601.327,1.002
"K_uu_weight[16, 12]",0.889,0.423,0.274,1.696,0.01,0.012,1527.299,1630.263,1.001
"K_uu_weight[16, 13]",0.926,0.434,0.311,1.772,0.011,0.012,1511.794,1637.989,1.001
"K_uu_weight[16, 14]",0.954,0.443,0.325,1.812,0.011,0.012,1516.778,1582.253,1.001
"K_uu_weight[16, 15]",0.971,0.448,0.333,1.841,0.011,0.012,1504.277,1582.253,1.001
"K_uu_weight[16, 16]",0.977,0.45,0.336,1.851,0.011,0.012,1502.823,1556.212,1.001
"K_uu_weight[16, 17]",0.971,0.448,0.333,1.841,0.011,0.012,1504.277,1582.253,1.001
"K_uu_weight[16, 18]",0.954,0.443,0.325,1.812,0.011,0.012,1516.778,1582.253,1.001
"K_uu_weight[16, 19]",0.926,0.434,0.311,1.772,0.011,0.012,1511.794,1637.989,1.001
"K_uu_weight[16, 20]",0.889,0.423,0.274,1.696,0.01,0.012,1527.299,1630.263,1.001
"K_uu_weight[16, 21]",0.843,0.409,0.263,1.639,0.01,0.011,1545.585,1601.327,1.002
"K_uu_weight[16, 22]",0.791,0.393,0.244,1.577,0.01,0.011,1535.507,1564.947,1.002
"K_uu_weight[16, 23]",0.734,0.375,0.181,1.457,0.009,0.011,1507.479,1472.286,1.002
"K_uu_weight[16, 24]",0.675,0.357,0.157,1.367,0.009,0.01,1471.31,1510.315,1.002
"K_uu_weight[16, 25]",0.613,0.337,0.139,1.277,0.009,0.01,1433.65,1376.251,1.003
"K_uu_weight[16, 26]",0.552,0.317,0.103,1.17,0.008,0.009,1398.094,1050.131,1.002
"K_uu_weight[16, 27]",0.493,0.296,0.08,1.067,0.008,0.009,1360.919,1056.67,1.002
"K_uu_weight[16, 28]",0.435,0.275,0.056,0.966,0.007,0.008,1267.076,1031.21,1.003
"K_uu_weight[16, 29]",0.381,0.254,0.04,0.868,0.007,0.007,1195.6,1031.076,1.003
"K_uu_weight[16, 30]",0.331,0.232,0.027,0.774,0.006,0.007,1129.238,958.107,1.003
"K_uu_weight[16, 31]",0.285,0.211,0.011,0.679,0.006,0.006,1089.916,954.04,1.003
"K_uu_weight[16, 32]",0.244,0.19,0.003,0.59,0.005,0.006,1067.482,961.65,1.003
"K_uu_weight[16, 33]",0.207,0.17,0.002,0.512,0.005,0.005,1051.79,935.373,1.003
"K_uu_weight[16, 34]",0.174,0.151,0.001,0.446,0.004,0.005,1030.409,857.206,1.003
"K_uu_weight[16, 35]",0.146,0.134,0.001,0.381,0.004,0.004,1015.165,907.841,1.003
"K_uu_weight[16, 36]",0.121,0.117,0.0,0.324,0.003,0.004,1001.766,916.769,1.003
"K_uu_weight[16, 37]",0.1,0.102,0.0,0.276,0.003,0.004,995.514,954.683,1.003
"K_uu_weight[16, 38]",0.082,0.088,0.0,0.233,0.002,0.003,986.145,886.855,1.003
"K_uu_weight[16, 39]",0.067,0.076,0.0,0.198,0.002,0.003,981.633,886.855,1.003
"K_uu_weight[16, 40]",0.054,0.064,0.0,0.167,0.002,0.002,979.327,990.511,1.003
"K_uu_weight[16, 41]",0.043,0.055,0.0,0.139,0.001,0.002,974.482,946.04,1.003
"K_uu_weight[16, 42]",0.035,0.046,0.0,0.114,0.001,0.002,970.521,946.04,1.003
"K_uu_weight[16, 43]",0.028,0.038,0.0,0.093,0.001,0.002,966.861,937.037,1.002
"K_uu_weight[16, 44]",0.022,0.032,0.0,0.076,0.001,0.001,963.535,932.445,1.002
"K_uu_weight[16, 45]",0.017,0.027,0.0,0.061,0.001,0.001,962.423,945.835,1.002
"K_uu_weight[16, 46]",0.013,0.022,0.0,0.048,0.001,0.001,960.797,945.835,1.002
"K_uu_weight[16, 47]",0.01,0.018,0.0,0.039,0.0,0.001,953.874,913.235,1.002
"K_uu_weight[16, 48]",0.008,0.015,0.0,0.031,0.0,0.001,951.007,905.347,1.002
"K_uu_weight[16, 49]",0.006,0.012,0.0,0.025,0.0,0.001,947.598,905.347,1.002
"K_uu_weight[17, 0]",0.207,0.17,0.002,0.512,0.005,0.005,1051.79,935.373,1.003
"K_uu_weight[17, 1]",0.244,0.19,0.003,0.59,0.005,0.006,1067.482,961.65,1.003
"K_uu_weight[17, 2]",0.285,0.211,0.011,0.679,0.006,0.006,1089.916,954.04,1.003
"K_uu_weight[17, 3]",0.331,0.232,0.027,0.774,0.006,0.007,1129.238,958.107,1.003
"K_uu_weight[17, 4]",0.381,0.254,0.04,0.868,0.007,0.007,1195.6,1031.076,1.003
"K_uu_weight[17, 5]",0.435,0.275,0.056,0.966,0.007,0.008,1267.076,1031.21,1.003
"K_uu_weight[17, 6]",0.493,0.296,0.08,1.067,0.008,0.009,1360.919,1056.67,1.002
"K_uu_weight[17, 7]",0.552,0.317,0.103,1.17,0.008,0.009,1398.094,1050.131,1.002
"K_uu_weight[17, 8]",0.613,0.337,0.139,1.277,0.009,0.01,1433.65,1376.251,1.003
"K_uu_weight[17, 9]",0.675,0.357,0.157,1.367,0.009,0.01,1471.31,1510.315,1.002
"K_uu_weight[17, 10]",0.734,0.375,0.181,1.457,0.009,0.011,1507.479,1472.286,1.002
"K_uu_weight[17, 11]",0.791,0.393,0.244,1.577,0.01,0.011,1535.507,1564.947,1.002
"K_uu_weight[17, 12]",0.843,0.409,0.263,1.639,0.01,0.011,1545.585,1601.327,1.002
"K_uu_weight[17, 13]",0.889,0.423,0.274,1.696,0.01,0.012,1527.299,1630.263,1.001
"K_uu_weight[17, 14]",0.926,0.434,0.311,1.772,0.011,0.012,1511.794,1637.989,1.001
"K_uu_weight[17, 15]",0.954,0.443,0.325,1.812,0.011,0.012,1516.778,1582.253,1.001
"K_uu_weight[17, 16]",0.971,0.448,0.333,1.841,0.011,0.012,1504.277,1582.253,1.001
"K_uu_weight[17, 17]",0.977,0.45,0.336,1.851,0.011,0.012,1502.823,1556.212,1.001
"K_uu_weight[17, 18]",0.971,0.448,0.333,1.841,0.011,0.012,1504.277,1582.253,1.001
"K_uu_weight[17, 19]",0.954,0.443,0.325,1.812,0.011,0.012,1516.778,1582.253,1.001
"K_uu_weight[17, 20]",0.926,0.434,0.311,1.772,0.011,0.012,1511.794,1637.989,1.001
"K_uu_weight[17, 21]",0.889,0.423,0.274,1.696,0.01,0.012,1527.299,1630.263,1.001
"K_uu_weight[17, 22]",0.843,0.409,0.263,1.639,0.01,0.011,1545.585,1601.327,1.002
"K_uu_weight[17, 23]",0.791,0.393,0.244,1.577,0.01,0.011,1535.507,1564.947,1.002
"K_uu_weight[17, 24]",0.734,0.375,0.181,1.457,0.009,0.011,1507.479,1472.286,1.002
"K_uu_weight[17, 25]",0.675,0.357,0.157,1.367,0.009,0.01,1471.31,1510.315,1.002
"K_uu_weight[17, 26]",0.613,0.337,0.139,1.277,0.009,0.01,1433.65,1376.251,1.003
"K_uu_weight[17, 27]",0.552,0.317,0.103,1.17,0.008,0.009,1398.094,1050.131,1.002
"K_uu_weight[17, 28]",0.493,0.296,0.08,1.067,0.008,0.009,1360.919,1056.67,1.002
"K_uu_weight[17, 29]",0.435,0.275,0.056,0.966,0.007,0.008,1267.076,1031.21,1.003
"K_uu_weight[17, 30]",0.381,0.254,0.04,0.868,0.007,0.007,1195.6,1031.076,1.003
"K_uu_weight[17, 31]",0.331,0.232,0.027,0.774,0.006,0.007,1129.238,958.107,1.003
"K_uu_weight[17, 32]",0.285,0.211,0.011,0.679,0.006,0.006,1089.916,954.04,1.003
"K_uu_weight[17, 33]",0.244,0.19,0.003,0.59,0.005,0.006,1067.482,961.65,1.003
"K_uu_weight[17, 34]",0.207,0.17,0.002,0.512,0.005,0.005,1051.79,935.373,1.003
"K_uu_weight[17, 35]",0.174,0.151,0.001,0.446,0.004,0.005,1030.409,857.206,1.003
"K_uu_weight[17, 36]",0.146,0.134,0.001,0.381,0.004,0.004,1015.165,907.841,1.003
"K_uu_weight[17, 37]",0.121,0.117,0.0,0.324,0.003,0.004,1001.766,916.769,1.003
"K_uu_weight[17, 38]",0.1,0.102,0.0,0.276,0.003,0.004,995.514,954.683,1.003
"K_uu_weight[17, 39]",0.082,0.088,0.0,0.233,0.002,0.003,986.145,886.855,1.003
"K_uu_weight[17, 40]",0.067,0.076,0.0,0.198,0.002,0.003,981.633,886.855,1.003
"K_uu_weight[17, 41]",0.054,0.064,0.0,0.167,0.002,0.002,979.327,990.511,1.003
"K_uu_weight[17, 42]",0.043,0.055,0.0,0.139,0.001,0.002,974.482,946.04,1.003
"K_uu_weight[17, 43]",0.035,0.046,0.0,0.114,0.001,0.002,970.521,946.04,1.003
"K_uu_weight[17, 44]",0.028,0.038,0.0,0.093,0.001,0.002,966.861,937.037,1.002
"K_uu_weight[17, 45]",0.022,0.032,0.0,0.076,0.001,0.001,963.535,932.445,1.002
"K_uu_weight[17, 46]",0.017,0.027,0.0,0.061,0.001,0.001,962.423,945.835,1.002
"K_uu_weight[17, 47]",0.013,0.022,0.0,0.048,0.001,0.001,960.797,945.835,1.002
"K_uu_weight[17, 48]",0.01,0.018,0.0,0.039,0.0,0.001,953.874,913.235,1.002
"K_uu_weight[17, 49]",0.008,0.015,0.0,0.031,0.0,0.001,951.007,905.347,1.002
"K_uu_weight[18, 0]",0.174,0.151,0.001,0.446,0.004,0.005,1030.409,857.206,1.003
"K_uu_weight[18, 1]",0.207,0.17,0.002,0.512,0.005,0.005,1051.79,935.373,1.003
"K_uu_weight[18, 2]",0.244,0.19,0.003,0.59,0.005,0.006,1067.482,961.65,1.003
"K_uu_weight[18, 3]",0.285,0.211,0.011,0.679,0.006,0.006,1089.916,954.04,1.003
"K_uu_weight[18, 4]",0.331,0.232,0.027,0.774,0.006,0.007,1129.238,958.107,1.003
"K_uu_weight[18, 5]",0.381,0.254,0.04,0.868,0.007,0.007,1195.6,1031.076,1.003
"K_uu_weight[18, 6]",0.435,0.275,0.056,0.966,0.007,0.008,1267.076,1031.21,1.003
"K_uu_weight[18, 7]",0.493,0.296,0.08,1.067,0.008,0.009,1360.919,1056.67,1.002
"K_uu_weight[18, 8]",0.552,0.317,0.103,1.17,0.008,0.009,1398.094,1050.131,1.002
"K_uu_weight[18, 9]",0.613,0.337,0.139,1.277,0.009,0.01,1433.65,1376.251,1.003
"K_uu_weight[18, 10]",0.675,0.357,0.157,1.367,0.009,0.01,1471.31,1510.315,1.002
"K_uu_weight[18, 11]",0.734,0.375,0.181,1.457,0.009,0.011,1507.479,1472.286,1.002
"K_uu_weight[18, 12]",0.791,0.393,0.244,1.577,0.01,0.011,1535.507,1564.947,1.002
"K_uu_weight[18, 13]",0.843,0.409,0.263,1.639,0.01,0.011,1545.585,1601.327,1.002
"K_uu_weight[18, 14]",0.889,0.423,0.274,1.696,0.01,0.012,1527.299,1630.263,1.001
"K_uu_weight[18, 15]",0.926,0.434,0.311,1.772,0.011,0.012,1511.794,1637.989,1.001
"K_uu_weight[18, 16]",0.954,0.443,0.325,1.812,0.011,0.012,1516.778,1582.253,1.001
"K_uu_weight[18, 17]",0.971,0.448,0.333,1.841,0.011,0.012,1504.277,1582.253,1.001
"K_uu_weight[18, 18]",0.977,0.45,0.336,1.851,0.011,0.012,1502.823,1556.212,1.001
"K_uu_weight[18, 19]",0.971,0.448,0.333,1.841,0.011,0.012,1504.277,1582.253,1.001
"K_uu_weight[18, 20]",0.954,0.443,0.325,1.812,0.011,0.012,1516.778,1582.253,1.001
"K_uu_weight[18, 21]",0.926,0.434,0.311,1.772,0.011,0.012,1511.794,1637.989,1.001
"K_uu_weight[18, 22]",0.889,0.423,0.274,1.696,0.01,0.012,1527.299,1630.263,1.001
"K_uu_weight[18, 23]",0.843,0.409,0.263,1.639,0.01,0.011,1545.585,1601.327,1.002
"K_uu_weight[18, 24]",0.791,0.393,0.244,1.577,0.01,0.011,1535.507,1564.947,1.002
"K_uu_weight[18, 25]",0.734,0.375,0.181,1.457,0.009,0.011,1507.479,1472.286,1.002
"K_uu_weight[18, 26]",0.675,0.357,0.157,1.367,0.009,0.01,1471.31,1510.315,1.002
"K_uu_weight[18, 27]",0.613,0.337,0.139,1.277,0.009,0.01,1433.65,1376.251,1.003
"K_uu_weight[18, 28]",0.552,0.317,0.103,1.17,0.008,0.009,1398.094,1050.131,1.002
"K_uu_weight[18, 29]",0.493,0.296,0.08,1.067,0.008,0.009,1360.919,1056.67,1.002
"K_uu_weight[18, 30]",0.435,0.275,0.056,0.966,0.007,0.008,1267.076,1031.21,1.003
"K_uu_weight[18, 31]",0.381,0.254,0.04,0.868,0.007,0.007,1195.6,1031.076,1.003
"K_uu_weight[18, 32]",0.331,0.232,0.027,0.774,0.006,0.007,1129.238,958.107,1.003
"K_uu_weight[18, 33]",0.285,0.211,0.011,0.679,0.006,0.006,1089.916,954.04,1.003
"K_uu_weight[18, 34]",0.244,0.19,0.003,0.59,0.005,0.006,1067.482,961.65,1.003
"K_uu_weight[18, 35]",0.207,0.17,0.002,0.512,0.005,0.005,1051.79,935.373,1.003
"K_uu_weight[18, 36]",0.174,0.151,0.001,0.446,0.004,0.005,1030.409,857.206,1.003
"K_uu_weight[18, 37]",0.146,0.134,0.001,0.381,0.004,0.004,1015.165,907.841,1.003
"K_uu_weight[18, 38]",0.121,0.117,0.0,0.324,0.003,0.004,1001.766,916.769,1.003
"K_uu_weight[18, 39]",0.1,0.102,0.0,0.276,0.003,0.004,995.514,954.683,1.003
"K_uu_weight[18, 40]",0.082,0.088,0.0,0.233,0.002,0.003,986.145,886.855,1.003
"K_uu_weight[18, 41]",0.067,0.076,0.0,0.198,0.002,0.003,981.633,886.855,1.003
"K_uu_weight[18, 42]",0.054,0.064,0.0,0.167,0.002,0.002,979.327,990.511,1.003
"K_uu_weight[18, 43]",0.043,0.055,0.0,0.139,0.001,0.002,974.482,946.04,1.003
"K_uu_weight[18, 44]",0.035,0.046,0.0,0.114,0.001,0.002,970.521,946.04,1.003
"K_uu_weight[18, 45]",0.028,0.038,0.0,0.093,0.001,0.002,966.861,937.037,1.002
"K_uu_weight[18, 46]",0.022,0.032,0.0,0.076,0.001,0.001,963.535,932.445,1.002
"K_uu_weight[18, 47]",0.017,0.027,0.0,0.061,0.001,0.001,962.423,945.835,1.002
"K_uu_weight[18, 48]",0.013,0.022,0.0,0.048,0.001,0.001,960.797,945.835,1.002
"K_uu_weight[18, 49]",0.01,0.018,0.0,0.039,0.0,0.001,953.874,913.235,1.002
"K_uu_weight[19, 0]",0.146,0.134,0.001,0.381,0.004,0.004,1015.165,907.841,1.003
"K_uu_weight[19, 1]",0.174,0.151,0.001,0.446,0.004,0.005,1030.409,857.206,1.003
"K_uu_weight[19, 2]",0.207,0.17,0.002,0.512,0.005,0.005,1051.79,935.373,1.003
"K_uu_weight[19, 3]",0.244,0.19,0.003,0.59,0.005,0.006,1067.482,961.65,1.003
"K_uu_weight[19, 4]",0.285,0.211,0.011,0.679,0.006,0.006,1089.916,954.04,1.003
"K_uu_weight[19, 5]",0.331,0.232,0.027,0.774,0.006,0.007,1129.238,958.107,1.003
"K_uu_weight[19, 6]",0.381,0.254,0.04,0.868,0.007,0.007,1195.6,1031.076,1.003
"K_uu_weight[19, 7]",0.435,0.275,0.056,0.966,0.007,0.008,1267.076,1031.21,1.003
"K_uu_weight[19, 8]",0.493,0.296,0.08,1.067,0.008,0.009,1360.919,1056.67,1.002
"K_uu_weight[19, 9]",0.552,0.317,0.103,1.17,0.008,0.009,1398.094,1050.131,1.002
"K_uu_weight[19, 10]",0.613,0.337,0.139,1.277,0.009,0.01,1433.65,1376.251,1.003
"K_uu_weight[19, 11]",0.675,0.357,0.157,1.367,0.009,0.01,1471.31,1510.315,1.002
"K_uu_weight[19, 12]",0.734,0.375,0.181,1.457,0.009,0.011,1507.479,1472.286,1.002
"K_uu_weight[19, 13]",0.791,0.393,0.244,1.577,0.01,0.011,1535.507,1564.947,1.002
"K_uu_weight[19, 14]",0.843,0.409,0.263,1.639,0.01,0.011,1545.585,1601.327,1.002
"K_uu_weight[19, 15]",0.889,0.423,0.274,1.696,0.01,0.012,1527.299,1630.263,1.001
"K_uu_weight[19, 16]",0.926,0.434,0.311,1.772,0.011,0.012,1511.794,1637.989,1.001
"K_uu_weight[19, 17]",0.954,0.443,0.325,1.812,0.011,0.012,1516.778,1582.253,1.001
"K_uu_weight[19, 18]",0.971,0.448,0.333,1.841,0.011,0.012,1504.277,1582.253,1.001
"K_uu_weight[19, 19]",0.977,0.45,0.336,1.851,0.011,0.012,1502.823,1556.212,1.001
"K_uu_weight[19, 20]",0.971,0.448,0.333,1.841,0.011,0.012,1504.277,1582.253,1.001
"K_uu_weight[19, 21]",0.954,0.443,0.325,1.812,0.011,0.012,1516.778,1582.253,1.001
"K_uu_weight[19, 22]",0.926,0.434,0.311,1.772,0.011,0.012,1511.794,1637.989,1.001
"K_uu_weight[19, 23]",0.889,0.423,0.274,1.696,0.01,0.012,1527.299,1630.263,1.001
"K_uu_weight[19, 24]",0.843,0.409,0.263,1.639,0.01,0.011,1545.585,1601.327,1.002
"K_uu_weight[19, 25]",0.791,0.393,0.244,1.577,0.01,0.011,1535.507,1564.947,1.002
"K_uu_weight[19, 26]",0.734,0.375,0.181,1.457,0.009,0.011,1507.479,1472.286,1.002
"K_uu_weight[19, 27]",0.675,0.357,0.157,1.367,0.009,0.01,1471.31,1510.315,1.002
"K_uu_weight[19, 28]",0.613,0.337,0.139,1.277,0.009,0.01,1433.65,1376.251,1.003
"K_uu_weight[19, 29]",0.552,0.317,0.103,1.17,0.008,0.009,1398.094,1050.131,1.002
"K_uu_weight[19, 30]",0.493,0.296,0.08,1.067,0.008,0.009,1360.919,1056.67,1.002
"K_uu_weight[19, 31]",0.435,0.275,0.056,0.966,0.007,0.008,1267.076,1031.21,1.003
"K_uu_weight[19, 32]",0.381,0.254,0.04,0.868,0.007,0.007,1195.6,1031.076,1.003
"K_uu_weight[19, 33]",0.331,0.232,0.027,0.774,0.006,0.007,1129.238,958.107,1.003
"K_uu_weight[19, 34]",0.285,0.211,0.011,0.679,0.006,0.006,1089.916,954.04,1.003
"K_uu_weight[19, 35]",0.244,0.19,0.003,0.59,0.005,0.006,1067.482,961.65,1.003
"K_uu_weight[19, 36]",0.207,0.17,0.002,0.512,0.005,0.005,1051.79,935.373,1.003
"K_uu_weight[19, 37]",0.174,0.151,0.001,0.446,0.004,0.005,1030.409,857.206,1.003
"K_uu_weight[19, 38]",0.146,0.134,0.001,0.381,0.004,0.004,1015.165,907.841,1.003
"K_uu_weight[19, 39]",0.121,0.117,0.0,0.324,0.003,0.004,1001.766,916.769,1.003
"K_uu_weight[19, 40]",0.1,0.102,0.0,0.276,0.003,0.004,995.514,954.683,1.003
"K_uu_weight[19, 41]",0.082,0.088,0.0,0.233,0.002,0.003,986.145,886.855,1.003
"K_uu_weight[19, 42]",0.067,0.076,0.0,0.198,0.002,0.003,981.633,886.855,1.003
"K_uu_weight[19, 43]",0.054,0.064,0.0,0.167,0.002,0.002,979.327,990.511,1.003
"K_uu_weight[19, 44]",0.043,0.055,0.0,0.139,0.001,0.002,974.482,946.04,1.003
"K_uu_weight[19, 45]",0.035,0.046,0.0,0.114,0.001,0.002,970.521,946.04,1.003
"K_uu_weight[19, 46]",0.028,0.038,0.0,0.093,0.001,0.002,966.861,937.037,1.002
"K_uu_weight[19, 47]",0.022,0.032,0.0,0.076,0.001,0.001,963.535,932.445,1.002
"K_uu_weight[19, 48]",0.017,0.027,0.0,0.061,0.001,0.001,962.423,945.835,1.002
"K_uu_weight[19, 49]",0.013,0.022,0.0,0.048,0.001,0.001,960.797,945.835,1.002
"K_uu_weight[20, 0]",0.121,0.117,0.0,0.324,0.003,0.004,1001.766,916.769,1.003
"K_uu_weight[20, 1]",0.146,0.134,0.001,0.381,0.004,0.004,1015.165,907.841,1.003
"K_uu_weight[20, 2]",0.174,0.151,0.001,0.446,0.004,0.005,1030.409,857.206,1.003
"K_uu_weight[20, 3]",0.207,0.17,0.002,0.512,0.005,0.005,1051.79,935.373,1.003
"K_uu_weight[20, 4]",0.244,0.19,0.003,0.59,0.005,0.006,1067.482,961.65,1.003
"K_uu_weight[20, 5]",0.285,0.211,0.011,0.679,0.006,0.006,1089.916,954.04,1.003
"K_uu_weight[20, 6]",0.331,0.232,0.027,0.774,0.006,0.007,1129.238,958.107,1.003
"K_uu_weight[20, 7]",0.381,0.254,0.04,0.868,0.007,0.007,1195.6,1031.076,1.003
"K_uu_weight[20, 8]",0.435,0.275,0.056,0.966,0.007,0.008,1267.076,1031.21,1.003
"K_uu_weight[20, 9]",0.493,0.296,0.08,1.067,0.008,0.009,1360.919,1056.67,1.002
"K_uu_weight[20, 10]",0.552,0.317,0.103,1.17,0.008,0.009,1398.094,1050.131,1.002
"K_uu_weight[20, 11]",0.613,0.337,0.139,1.277,0.009,0.01,1433.65,1376.251,1.003
"K_uu_weight[20, 12]",0.675,0.357,0.157,1.367,0.009,0.01,1471.31,1510.315,1.002
"K_uu_weight[20, 13]",0.734,0.375,0.181,1.457,0.009,0.011,1507.479,1472.286,1.002
"K_uu_weight[20, 14]",0.791,0.393,0.244,1.577,0.01,0.011,1535.507,1564.947,1.002
"K_uu_weight[20, 15]",0.843,0.409,0.263,1.639,0.01,0.011,1545.585,1601.327,1.002
"K_uu_weight[20, 16]",0.889,0.423,0.274,1.696,0.01,0.012,1527.299,1630.263,1.001
"K_uu_weight[20, 17]",0.926,0.434,0.311,1.772,0.011,0.012,1511.794,1637.989,1.001
"K_uu_weight[20, 18]",0.954,0.443,0.325,1.812,0.011,0.012,1516.778,1582.253,1.001
"K_uu_weight[20, 19]",0.971,0.448,0.333,1.841,0.011,0.012,1504.277,1582.253,1.001
"K_uu_weight[20, 20]",0.977,0.45,0.336,1.851,0.011,0.012,1502.823,1556.212,1.001
"K_uu_weight[20, 21]",0.971,0.448,0.333,1.841,0.011,0.012,1504.277,1582.253,1.001
"K_uu_weight[20, 22]",0.954,0.443,0.325,1.812,0.011,0.012,1516.778,1582.253,1.001
"K_uu_weight[20, 23]",0.926,0.434,0.311,1.772,0.011,0.012,1511.794,1637.989,1.001
"K_uu_weight[20, 24]",0.889,0.423,0.274,1.696,0.01,0.012,1527.299,1630.263,1.001
"K_uu_weight[20, 25]",0.843,0.409,0.263,1.639,0.01,0.011,1545.585,1601.327,1.002
"K_uu_weight[20, 26]",0.791,0.393,0.244,1.577,0.01,0.011,1535.507,1564.947,1.002
"K_uu_weight[20, 27]",0.734,0.375,0.181,1.457,0.009,0.011,1507.479,1472.286,1.002
"K_uu_weight[20, 28]",0.675,0.357,0.157,1.367,0.009,0.01,1471.31,1510.315,1.002
"K_uu_weight[20, 29]",0.613,0.337,0.139,1.277,0.009,0.01,1433.65,1376.251,1.003
"K_uu_weight[20, 30]",0.552,0.317,0.103,1.17,0.008,0.009,1398.094,1050.131,1.002
"K_uu_weight[20, 31]",0.493,0.296,0.08,1.067,0.008,0.009,1360.919,1056.67,1.002
"K_uu_weight[20, 32]",0.435,0.275,0.056,0.966,0.007,0.008,1267.076,1031.21,1.003
"K_uu_weight[20, 33]",0.381,0.254,0.04,0.868,0.007,0.007,1195.6,1031.076,1.003
"K_uu_weight[20, 34]",0.331,0.232,0.027,0.774,0.006,0.007,1129.238,958.107,1.003
"K_uu_weight[20, 35]",0.285,0.211,0.011,0.679,0.006,0.006,1089.916,954.04,1.003
"K_uu_weight[20, 36]",0.244,0.19,0.003,0.59,0.005,0.006,1067.482,961.65,1.003
"K_uu_weight[20, 37]",0.207,0.17,0.002,0.512,0.005,0.005,1051.79,935.373,1.003
"K_uu_weight[20, 38]",0.174,0.151,0.001,0.446,0.004,0.005,1030.409,857.206,1.003
"K_uu_weight[20, 39]",0.146,0.134,0.001,0.381,0.004,0.004,1015.165,907.841,1.003
"K_uu_weight[20, 40]",0.121,0.117,0.0,0.324,0.003,0.004,1001.766,916.769,1.003
"K_uu_weight[20, 41]",0.1,0.102,0.0,0.276,0.003,0.004,995.514,954.683,1.003
"K_uu_weight[20, 42]",0.082,0.088,0.0,0.233,0.002,0.003,986.145,886.855,1.003
"K_uu_weight[20, 43]",0.067,0.076,0.0,0.198,0.002,0.003,981.633,886.855,1.003
"K_uu_weight[20, 44]",0.054,0.064,0.0,0.167,0.002,0.002,979.327,990.511,1.003
"K_uu_weight[20, 45]",0.043,0.055,0.0,0.139,0.001,0.002,974.482,946.04,1.003
"K_uu_weight[20, 46]",0.035,0.046,0.0,0.114,0.001,0.002,970.521,946.04,1.003
"K_uu_weight[20, 47]",0.028,0.038,0.0,0.093,0.001,0.002,966.861,937.037,1.002
"K_uu_weight[20, 48]",0.022,0.032,0.0,0.076,0.001,0.001,963.535,932.445,1.002
"K_uu_weight[20, 49]",0.017,0.027,0.0,0.061,0.001,0.001,962.423,945.835,1.002
"K_uu_weight[21, 0]",0.1,0.102,0.0,0.276,0.003,0.004,995.514,954.683,1.003
"K_uu_weight[21, 1]",0.121,0.117,0.0,0.324,0.003,0.004,1001.766,916.769,1.003
"K_uu_weight[21, 2]",0.146,0.134,0.001,0.381,0.004,0.004,1015.165,907.841,1.003
"K_uu_weight[21, 3]",0.174,0.151,0.001,0.446,0.004,0.005,1030.409,857.206,1.003
"K_uu_weight[21, 4]",0.207,0.17,0.002,0.512,0.005,0.005,1051.79,935.373,1.003
"K_uu_weight[21, 5]",0.244,0.19,0.003,0.59,0.005,0.006,1067.482,961.65,1.003
"K_uu_weight[21, 6]",0.285,0.211,0.011,0.679,0.006,0.006,1089.916,954.04,1.003
"K_uu_weight[21, 7]",0.331,0.232,0.027,0.774,0.006,0.007,1129.238,958.107,1.003
"K_uu_weight[21, 8]",0.381,0.254,0.04,0.868,0.007,0.007,1195.6,1031.076,1.003
"K_uu_weight[21, 9]",0.435,0.275,0.056,0.966,0.007,0.008,1267.076,1031.21,1.003
"K_uu_weight[21, 10]",0.493,0.296,0.08,1.067,0.008,0.009,1360.919,1056.67,1.002
"K_uu_weight[21, 11]",0.552,0.317,0.103,1.17,0.008,0.009,1398.094,1050.131,1.002
"K_uu_weight[21, 12]",0.613,0.337,0.139,1.277,0.009,0.01,1433.65,1376.251,1.003
"K_uu_weight[21, 13]",0.675,0.357,0.157,1.367,0.009,0.01,1471.31,1510.315,1.002
"K_uu_weight[21, 14]",0.734,0.375,0.181,1.457,0.009,0.011,1507.479,1472.286,1.002
"K_uu_weight[21, 15]",0.791,0.393,0.244,1.577,0.01,0.011,1535.507,1564.947,1.002
"K_uu_weight[21, 16]",0.843,0.409,0.263,1.639,0.01,0.011,1545.585,1601.327,1.002
"K_uu_weight[21, 17]",0.889,0.423,0.274,1.696,0.01,0.012,1527.299,1630.263,1.001
"K_uu_weight[21, 18]",0.926,0.434,0.311,1.772,0.011,0.012,1511.794,1637.989,1.001
"K_uu_weight[21, 19]",0.954,0.443,0.325,1.812,0.011,0.012,1516.778,1582.253,1.001
"K_uu_weight[21, 20]",0.971,0.448,0.333,1.841,0.011,0.012,1504.277,1582.253,1.001
"K_uu_weight[21, 21]",0.977,0.45,0.336,1.851,0.011,0.012,1502.823,1556.212,1.001
"K_uu_weight[21, 22]",0.971,0.448,0.333,1.841,0.011,0.012,1504.277,1582.253,1.001
"K_uu_weight[21, 23]",0.954,0.443,0.325,1.812,0.011,0.012,1516.778,1582.253,1.001
"K_uu_weight[21, 24]",0.926,0.434,0.311,1.772,0.011,0.012,1511.794,1637.989,1.001
"K_uu_weight[21, 25]",0.889,0.423,0.274,1.696,0.01,0.012,1527.299,1630.263,1.001
"K_uu_weight[21, 26]",0.843,0.409,0.263,1.639,0.01,0.011,1545.585,1601.327,1.002
"K_uu_weight[21, 27]",0.791,0.393,0.244,1.577,0.01,0.011,1535.507,1564.947,1.002
"K_uu_weight[21, 28]",0.734,0.375,0.181,1.457,0.009,0.011,1507.479,1472.286,1.002
"K_uu_weight[21, 29]",0.675,0.357,0.157,1.367,0.009,0.01,1471.31,1510.315,1.002
"K_uu_weight[21, 30]",0.613,0.337,0.139,1.277,0.009,0.01,1433.65,1376.251,1.003
"K_uu_weight[21, 31]",0.552,0.317,0.103,1.17,0.008,0.009,1398.094,1050.131,1.002
"K_uu_weight[21, 32]",0.493,0.296,0.08,1.067,0.008,0.009,1360.919,1056.67,1.002
"K_uu_weight[21, 33]",0.435,0.275,0.056,0.966,0.007,0.008,1267.076,1031.21,1.003
"K_uu_weight[21, 34]",0.381,0.254,0.04,0.868,0.007,0.007,1195.6,1031.076,1.003
"K_uu_weight[21, 35]",0.331,0.232,0.027,0.774,0.006,0.007,1129.238,958.107,1.003
"K_uu_weight[21, 36]",0.285,0.211,0.011,0.679,0.006,0.006,1089.916,954.04,1.003
"K_uu_weight[21, 37]",0.244,0.19,0.003,0.59,0.005,0.006,1067.482,961.65,1.003
"K_uu_weight[21, 38]",0.207,0.17,0.002,0.512,0.005,0.005,1051.79,935.373,1.003
"K_uu_weight[21, 39]",0.174,0.151,0.001,0.446,0.004,0.005,1030.409,857.206,1.003
"K_uu_weight[21, 40]",0.146,0.134,0.001,0.381,0.004,0.004,1015.165,907.841,1.003
"K_uu_weight[21, 41]",0.121,0.117,0.0,0.324,0.003,0.004,1001.766,916.769,1.003
"K_uu_weight[21, 42]",0.1,0.102,0.0,0.276,0.003,0.004,995.514,954.683,1.003
"K_uu_weight[21, 43]",0.082,0.088,0.0,0.233,0.002,0.003,986.145,886.855,1.003
"K_uu_weight[21, 44]",0.067,0.076,0.0,0.198,0.002,0.003,981.633,886.855,1.003
"K_uu_weight[21, 45]",0.054,0.064,0.0,0.167,0.002,0.002,979.327,990.511,1.003
"K_uu_weight[21, 46]",0.043,0.055,0.0,0.139,0.001,0.002,974.482,946.04,1.003
"K_uu_weight[21, 47]",0.035,0.046,0.0,0.114,0.001,0.002,970.521,946.04,1.003
"K_uu_weight[21, 48]",0.028,0.038,0.0,0.093,0.001,0.002,966.861,937.037,1.002
"K_uu_weight[21, 49]",0.022,0.032,0.0,0.076,0.001,0.001,963.535,932.445,1.002
"K_uu_weight[22, 0]",0.082,0.088,0.0,0.233,0.002,0.003,986.145,886.855,1.003
"K_uu_weight[22, 1]",0.1,0.102,0.0,0.276,0.003,0.004,995.514,954.683,1.003
"K_uu_weight[22, 2]",0.121,0.117,0.0,0.324,0.003,0.004,1001.766,916.769,1.003
"K_uu_weight[22, 3]",0.146,0.134,0.001,0.381,0.004,0.004,1015.165,907.841,1.003
"K_uu_weight[22, 4]",0.174,0.151,0.001,0.446,0.004,0.005,1030.409,857.206,1.003
"K_uu_weight[22, 5]",0.207,0.17,0.002,0.512,0.005,0.005,1051.79,935.373,1.003
"K_uu_weight[22, 6]",0.244,0.19,0.003,0.59,0.005,0.006,1067.482,961.65,1.003
"K_uu_weight[22, 7]",0.285,0.211,0.011,0.679,0.006,0.006,1089.916,954.04,1.003
"K_uu_weight[22, 8]",0.331,0.232,0.027,0.774,0.006,0.007,1129.238,958.107,1.003
"K_uu_weight[22, 9]",0.381,0.254,0.04,0.868,0.007,0.007,1195.6,1031.076,1.003
"K_uu_weight[22, 10]",0.435,0.275,0.056,0.966,0.007,0.008,1267.076,1031.21,1.003
"K_uu_weight[22, 11]",0.493,0.296,0.08,1.067,0.008,0.009,1360.919,1056.67,1.002
"K_uu_weight[22, 12]",0.552,0.317,0.103,1.17,0.008,0.009,1398.094,1050.131,1.002
"K_uu_weight[22, 13]",0.613,0.337,0.139,1.277,0.009,0.01,1433.65,1376.251,1.003
"K_uu_weight[22, 14]",0.675,0.357,0.157,1.367,0.009,0.01,1471.31,1510.315,1.002
"K_uu_weight[22, 15]",0.734,0.375,0.181,1.457,0.009,0.011,1507.479,1472.286,1.002
"K_uu_weight[22, 16]",0.791,0.393,0.244,1.577,0.01,0.011,1535.507,1564.947,1.002
"K_uu_weight[22, 17]",0.843,0.409,0.263,1.639,0.01,0.011,1545.585,1601.327,1.002
"K_uu_weight[22, 18]",0.889,0.423,0.274,1.696,0.01,0.012,1527.299,1630.263,1.001
"K_uu_weight[22, 19]",0.926,0.434,0.311,1.772,0.011,0.012,1511.794,1637.989,1.001
"K_uu_weight[22, 20]",0.954,0.443,0.325,1.812,0.011,0.012,1516.778,1582.253,1.001
"K_uu_weight[22, 21]",0.971,0.448,0.333,1.841,0.011,0.012,1504.277,1582.253,1.001
"K_uu_weight[22, 22]",0.977,0.45,0.336,1.851,0.011,0.012,1502.823,1556.212,1.001
"K_uu_weight[22, 23]",0.971,0.448,0.333,1.841,0.011,0.012,1504.277,1582.253,1.001
"K_uu_weight[22, 24]",0.954,0.443,0.325,1.812,0.011,0.012,1516.778,1582.253,1.001
"K_uu_weight[22, 25]",0.926,0.434,0.311,1.772,0.011,0.012,1511.794,1637.989,1.001
"K_uu_weight[22, 26]",0.889,0.423,0.274,1.696,0.01,0.012,1527.299,1630.263,1.001
"K_uu_weight[22, 27]",0.843,0.409,0.263,1.639,0.01,0.011,1545.585,1601.327,1.002
"K_uu_weight[22, 28]",0.791,0.393,0.244,1.577,0.01,0.011,1535.507,1564.947,1.002
"K_uu_weight[22, 29]",0.734,0.375,0.181,1.457,0.009,0.011,1507.479,1472.286,1.002
"K_uu_weight[22, 30]",0.675,0.357,0.157,1.367,0.009,0.01,1471.31,1510.315,1.002
"K_uu_weight[22, 31]",0.613,0.337,0.139,1.277,0.009,0.01,1433.65,1376.251,1.003
"K_uu_weight[22, 32]",0.552,0.317,0.103,1.17,0.008,0.009,1398.094,1050.131,1.002
"K_uu_weight[22, 33]",0.493,0.296,0.08,1.067,0.008,0.009,1360.919,1056.67,1.002
"K_uu_weight[22, 34]",0.435,0.275,0.056,0.966,0.007,0.008,1267.076,1031.21,1.003
"K_uu_weight[22, 35]",0.381,0.254,0.04,0.868,0.007,0.007,1195.6,1031.076,1.003
"K_uu_weight[22, 36]",0.331,0.232,0.027,0.774,0.006,0.007,1129.238,958.107,1.003
"K_uu_weight[22, 37]",0.285,0.211,0.011,0.679,0.006,0.006,1089.916,954.04,1.003
"K_uu_weight[22, 38]",0.244,0.19,0.003,0.59,0.005,0.006,1067.482,961.65,1.003
"K_uu_weight[22, 39]",0.207,0.17,0.002,0.512,0.005,0.005,1051.79,935.373,1.003
"K_uu_weight[22, 40]",0.174,0.151,0.001,0.446,0.004,0.005,1030.409,857.206,1.003
"K_uu_weight[22, 41]",0.146,0.134,0.001,0.381,0.004,0.004,1015.165,907.841,1.003
"K_uu_weight[22, 42]",0.121,0.117,0.0,0.324,0.003,0.004,1001.766,916.769,1.003
"K_uu_weight[22, 43]",0.1,0.102,0.0,0.276,0.003,0.004,995.514,954.683,1.003
"K_uu_weight[22, 44]",0.082,0.088,0.0,0.233,0.002,0.003,986.145,886.855,1.003
"K_uu_weight[22, 45]",0.067,0.076,0.0,0.198,0.002,0.003,981.633,886.855,1.003
"K_uu_weight[22, 46]",0.054,0.064,0.0,0.167,0.002,0.002,979.327,990.511,1.003
"K_uu_weight[22, 47]",0.043,0.055,0.0,0.139,0.001,0.002,974.482,946.04,1.003
"K_uu_weight[22, 48]",0.035,0.046,0.0,0.114,0.001,0.002,970.521,946.04,1.003
"K_uu_weight[22, 49]",0.028,0.038,0.0,0.093,0.001,0.002,966.861,937.037,1.002
"K_uu_weight[23, 0]",0.067,0.076,0.0,0.198,0.002,0.003,981.633,886.855,1.003
"K_uu_weight[23, 1]",0.082,0.088,0.0,0.233,0.002,0.003,986.145,886.855,1.003
"K_uu_weight[23, 2]",0.1,0.102,0.0,0.276,0.003,0.004,995.514,954.683,1.003
"K_uu_weight[23, 3]",0.121,0.117,0.0,0.324,0.003,0.004,1001.766,916.769,1.003
"K_uu_weight[23, 4]",0.146,0.134,0.001,0.381,0.004,0.004,1015.165,907.841,1.003
"K_uu_weight[23, 5]",0.174,0.151,0.001,0.446,0.004,0.005,1030.409,857.206,1.003
"K_uu_weight[23, 6]",0.207,0.17,0.002,0.512,0.005,0.005,1051.79,935.373,1.003
"K_uu_weight[23, 7]",0.244,0.19,0.003,0.59,0.005,0.006,1067.482,961.65,1.003
"K_uu_weight[23, 8]",0.285,0.211,0.011,0.679,0.006,0.006,1089.916,954.04,1.003
"K_uu_weight[23, 9]",0.331,0.232,0.027,0.774,0.006,0.007,1129.238,958.107,1.003
"K_uu_weight[23, 10]",0.381,0.254,0.04,0.868,0.007,0.007,1195.6,1031.076,1.003
"K_uu_weight[23, 11]",0.435,0.275,0.056,0.966,0.007,0.008,1267.076,1031.21,1.003
"K_uu_weight[23, 12]",0.493,0.296,0.08,1.067,0.008,0.009,1360.919,1056.67,1.002
"K_uu_weight[23, 13]",0.552,0.317,0.103,1.17,0.008,0.009,1398.094,1050.131,1.002
"K_uu_weight[23, 14]",0.613,0.337,0.139,1.277,0.009,0.01,1433.65,1376.251,1.003
"K_uu_weight[23, 15]",0.675,0.357,0.157,1.367,0.009,0.01,1471.31,1510.315,1.002
"K_uu_weight[23, 16]",0.734,0.375,0.181,1.457,0.009,0.011,1507.479,1472.286,1.002
"K_uu_weight[23, 17]",0.791,0.393,0.244,1.577,0.01,0.011,1535.507,1564.947,1.002
"K_uu_weight[23, 18]",0.843,0.409,0.263,1.639,0.01,0.011,1545.585,1601.327,1.002
"K_uu_weight[23, 19]",0.889,0.423,0.274,1.696,0.01,0.012,1527.299,1630.263,1.001
"K_uu_weight[23, 20]",0.926,0.434,0.311,1.772,0.011,0.012,1511.794,1637.989,1.001
"K_uu_weight[23, 21]",0.954,0.443,0.325,1.812,0.011,0.012,1516.778,1582.253,1.001
"K_uu_weight[23, 22]",0.971,0.448,0.333,1.841,0.011,0.012,1504.277,1582.253,1.001
"K_uu_weight[23, 23]",0.977,0.45,0.336,1.851,0.011,0.012,1502.823,1556.212,1.001
"K_uu_weight[23, 24]",0.971,0.448,0.333,1.841,0.011,0.012,1504.277,1582.253,1.001
"K_uu_weight[23, 25]",0.954,0.443,0.325,1.812,0.011,0.012,1516.778,1582.253,1.001
"K_uu_weight[23, 26]",0.926,0.434,0.311,1.772,0.011,0.012,1511.794,1637.989,1.001
"K_uu_weight[23, 27]",0.889,0.423,0.274,1.696,0.01,0.012,1527.299,1630.263,1.001
"K_uu_weight[23, 28]",0.843,0.409,0.263,1.639,0.01,0.011,1545.585,1601.327,1.002
"K_uu_weight[23, 29]",0.791,0.393,0.244,1.577,0.01,0.011,1535.507,1564.947,1.002
"K_uu_weight[23, 30]",0.734,0.375,0.181,1.457,0.009,0.011,1507.479,1472.286,1.002
"K_uu_weight[23, 31]",0.675,0.357,0.157,1.367,0.009,0.01,1471.31,1510.315,1.002
"K_uu_weight[23, 32]",0.613,0.337,0.139,1.277,0.009,0.01,1433.65,1376.251,1.003
"K_uu_weight[23, 33]",0.552,0.317,0.103,1.17,0.008,0.009,1398.094,1050.131,1.002
"K_uu_weight[23, 34]",0.493,0.296,0.08,1.067,0.008,0.009,1360.919,1056.67,1.002
"K_uu_weight[23, 35]",0.435,0.275,0.056,0.966,0.007,0.008,1267.076,1031.21,1.003
"K_uu_weight[23, 36]",0.381,0.254,0.04,0.868,0.007,0.007,1195.6,1031.076,1.003
"K_uu_weight[23, 37]",0.331,0.232,0.027,0.774,0.006,0.007,1129.238,958.107,1.003
"K_uu_weight[23, 38]",0.285,0.211,0.011,0.679,0.006,0.006,1089.916,954.04,1.003
"K_uu_weight[23, 39]",0.244,0.19,0.003,0.59,0.005,0.006,1067.482,961.65,1.003
"K_uu_weight[23, 40]",0.207,0.17,0.002,0.512,0.005,0.005,1051.79,935.373,1.003
"K_uu_weight[23, 41]",0.174,0.151,0.001,0.446,0.004,0.005,1030.409,857.206,1.003
"K_uu_weight[23, 42]",0.146,0.134,0.001,0.381,0.004,0.004,1015.165,907.841,1.003
"K_uu_weight[23, 43]",0.121,0.117,0.0,0.324,0.003,0.004,1001.766,916.769,1.003
"K_uu_weight[23, 44]",0.1,0.102,0.0,0.276,0.003,0.004,995.514,954.683,1.003
"K_uu_weight[23, 45]",0.082,0.088,0.0,0.233,0.002,0.003,986.145,886.855,1.003
"K_uu_weight[23, 46]",0.067,0.076,0.0,0.198,0.002,0.003,981.633,886.855,1.003
"K_uu_weight[23, 47]",0.054,0.064,0.0,0.167,0.002,0.002,979.327,990.511,1.003
"K_uu_weight[23, 48]",0.043,0.055,0.0,0.139,0.001,0.002,974.482,946.04,1.003
"K_uu_weight[23, 49]",0.035,0.046,0.0,0.114,0.001,0.002,970.521,946.04,1.003
"K_uu_weight[24, 0]",0.054,0.064,0.0,0.167,0.002,0.002,979.327,990.511,1.003
"K_uu_weight[24, 1]",0.067,0.076,0.0,0.198,0.002,0.003,981.633,886.855,1.003
"K_uu_weight[24, 2]",0.082,0.088,0.0,0.233,0.002,0.003,986.145,886.855,1.003
"K_uu_weight[24, 3]",0.1,0.102,0.0,0.276,0.003,0.004,995.514,954.683,1.003
"K_uu_weight[24, 4]",0.121,0.117,0.0,0.324,0.003,0.004,1001.766,916.769,1.003
"K_uu_weight[24, 5]",0.146,0.134,0.001,0.381,0.004,0.004,1015.165,907.841,1.003
"K_uu_weight[24, 6]",0.174,0.151,0.001,0.446,0.004,0.005,1030.409,857.206,1.003
"K_uu_weight[24, 7]",0.207,0.17,0.002,0.512,0.005,0.005,1051.79,935.373,1.003
"K_uu_weight[24, 8]",0.244,0.19,0.003,0.59,0.005,0.006,1067.482,961.65,1.003
"K_uu_weight[24, 9]",0.285,0.211,0.011,0.679,0.006,0.006,1089.916,954.04,1.003
"K_uu_weight[24, 10]",0.331,0.232,0.027,0.774,0.006,0.007,1129.238,958.107,1.003
"K_uu_weight[24, 11]",0.381,0.254,0.04,0.868,0.007,0.007,1195.6,1031.076,1.003
"K_uu_weight[24, 12]",0.435,0.275,0.056,0.966,0.007,0.008,1267.076,1031.21,1.003
"K_uu_weight[24, 13]",0.493,0.296,0.08,1.067,0.008,0.009,1360.919,1056.67,1.002
"K_uu_weight[24, 14]",0.552,0.317,0.103,1.17,0.008,0.009,1398.094,1050.131,1.002
"K_uu_weight[24, 15]",0.613,0.337,0.139,1.277,0.009,0.01,1433.65,1376.251,1.003
"K_uu_weight[24, 16]",0.675,0.357,0.157,1.367,0.009,0.01,1471.31,1510.315,1.002
"K_uu_weight[24, 17]",0.734,0.375,0.181,1.457,0.009,0.011,1507.479,1472.286,1.002
"K_uu_weight[24, 18]",0.791,0.393,0.244,1.577,0.01,0.011,1535.507,1564.947,1.002
"K_uu_weight[24, 19]",0.843,0.409,0.263,1.639,0.01,0.011,1545.585,1601.327,1.002
"K_uu_weight[24, 20]",0.889,0.423,0.274,1.696,0.01,0.012,1527.299,1630.263,1.001
"K_uu_weight[24, 21]",0.926,0.434,0.311,1.772,0.011,0.012,1511.794,1637.989,1.001
"K_uu_weight[24, 22]",0.954,0.443,0.325,1.812,0.011,0.012,1516.778,1582.253,1.001
"K_uu_weight[24, 23]",0.971,0.448,0.333,1.841,0.011,0.012,1504.277,1582.253,1.001
"K_uu_weight[24, 24]",0.977,0.45,0.336,1.851,0.011,0.012,1502.823,1556.212,1.001
"K_uu_weight[24, 25]",0.971,0.448,0.333,1.841,0.011,0.012,1504.277,1582.253,1.001
"K_uu_weight[24, 26]",0.954,0.443,0.325,1.812,0.011,0.012,1516.778,1582.253,1.001
"K_uu_weight[24, 27]",0.926,0.434,0.311,1.772,0.011,0.012,1511.794,1637.989,1.001
"K_uu_weight[24, 28]",0.889,0.423,0.274,1.696,0.01,0.012,1527.299,1630.263,1.001
"K_uu_weight[24, 29]",0.843,0.409,0.263,1.639,0.01,0.011,1545.585,1601.327,1.002
"K_uu_weight[24, 30]",0.791,0.393,0.244,1.577,0.01,0.011,1535.507,1564.947,1.002
"K_uu_weight[24, 31]",0.734,0.375,0.181,1.457,0.009,0.011,1507.479,1472.286,1.002
"K_uu_weight[24, 32]",0.675,0.357,0.157,1.367,0.009,0.01,1471.31,1510.315,1.002
"K_uu_weight[24, 33]",0.613,0.337,0.139,1.277,0.009,0.01,1433.65,1376.251,1.003
"K_uu_weight[24, 34]",0.552,0.317,0.103,1.17,0.008,0.009,1398.094,1050.131,1.002
"K_uu_weight[24, 35]",0.493,0.296,0.08,1.067,0.008,0.009,1360.919,1056.67,1.002
"K_uu_weight[24, 36]",0.435,0.275,0.056,0.966,0.007,0.008,1267.076,1031.21,1.003
"K_uu_weight[24, 37]",0.381,0.254,0.04,0.868,0.007,0.007,1195.6,1031.076,1.003
"K_uu_weight[24, 38]",0.331,0.232,0.027,0.774,0.006,0.007,1129.238,958.107,1.003
"K_uu_weight[24, 39]",0.285,0.211,0.011,0.679,0.006,0.006,1089.916,954.04,1.003
"K_uu_weight[24, 40]",0.244,0.19,0.003,0.59,0.005,0.006,1067.482,961.65,1.003
"K_uu_weight[24, 41]",0.207,0.17,0.002,0.512,0.005,0.005,1051.79,935.373,1.003
"K_uu_weight[24, 42]",0.174,0.151,0.001,0.446,0.004,0.005,1030.409,857.206,1.003
"K_uu_weight[24, 43]",0.146,0.134,0.001,0.381,0.004,0.004,1015.165,907.841,1.003
"K_uu_weight[24, 44]",0.121,0.117,0.0,0.324,0.003,0.004,1001.766,916.769,1.003
"K_uu_weight[24, 45]",0.1,0.102,0.0,0.276,0.003,0.004,995.514,954.683,1.003
"K_uu_weight[24, 46]",0.082,0.088,0.0,0.233,0.002,0.003,986.145,886.855,1.003
"K_uu_weight[24, 47]",0.067,0.076,0.0,0.198,0.002,0.003,981.633,886.855,1.003
"K_uu_weight[24, 48]",0.054,0.064,0.0,0.167,0.002,0.002,979.327,990.511,1.003
"K_uu_weight[24, 49]",0.043,0.055,0.0,0.139,0.001,0.002,974.482,946.04,1.003
"K_uu_weight[25, 0]",0.043,0.055,0.0,0.139,0.001,0.002,974.482,946.04,1.003
"K_uu_weight[25, 1]",0.054,0.064,0.0,0.167,0.002,0.002,979.327,990.511,1.003
"K_uu_weight[25, 2]",0.067,0.076,0.0,0.198,0.002,0.003,981.633,886.855,1.003
"K_uu_weight[25, 3]",0.082,0.088,0.0,0.233,0.002,0.003,986.145,886.855,1.003
"K_uu_weight[25, 4]",0.1,0.102,0.0,0.276,0.003,0.004,995.514,954.683,1.003
"K_uu_weight[25, 5]",0.121,0.117,0.0,0.324,0.003,0.004,1001.766,916.769,1.003
"K_uu_weight[25, 6]",0.146,0.134,0.001,0.381,0.004,0.004,1015.165,907.841,1.003
"K_uu_weight[25, 7]",0.174,0.151,0.001,0.446,0.004,0.005,1030.409,857.206,1.003
"K_uu_weight[25, 8]",0.207,0.17,0.002,0.512,0.005,0.005,1051.79,935.373,1.003
"K_uu_weight[25, 9]",0.244,0.19,0.003,0.59,0.005,0.006,1067.482,961.65,1.003
"K_uu_weight[25, 10]",0.285,0.211,0.011,0.679,0.006,0.006,1089.916,954.04,1.003
"K_uu_weight[25, 11]",0.331,0.232,0.027,0.774,0.006,0.007,1129.238,958.107,1.003
"K_uu_weight[25, 12]",0.381,0.254,0.04,0.868,0.007,0.007,1195.6,1031.076,1.003
"K_uu_weight[25, 13]",0.435,0.275,0.056,0.966,0.007,0.008,1267.076,1031.21,1.003
"K_uu_weight[25, 14]",0.493,0.296,0.08,1.067,0.008,0.009,1360.919,1056.67,1.002
"K_uu_weight[25, 15]",0.552,0.317,0.103,1.17,0.008,0.009,1398.094,1050.131,1.002
"K_uu_weight[25, 16]",0.613,0.337,0.139,1.277,0.009,0.01,1433.65,1376.251,1.003
"K_uu_weight[25, 17]",0.675,0.357,0.157,1.367,0.009,0.01,1471.31,1510.315,1.002
"K_uu_weight[25, 18]",0.734,0.375,0.181,1.457,0.009,0.011,1507.479,1472.286,1.002
"K_uu_weight[25, 19]",0.791,0.393,0.244,1.577,0.01,0.011,1535.507,1564.947,1.002
"K_uu_weight[25, 20]",0.843,0.409,0.263,1.639,0.01,0.011,1545.585,1601.327,1.002
"K_uu_weight[25, 21]",0.889,0.423,0.274,1.696,0.01,0.012,1527.299,1630.263,1.001
"K_uu_weight[25, 22]",0.926,0.434,0.311,1.772,0.011,0.012,1511.794,1637.989,1.001
"K_uu_weight[25, 23]",0.954,0.443,0.325,1.812,0.011,0.012,1516.778,1582.253,1.001
"K_uu_weight[25, 24]",0.971,0.448,0.333,1.841,0.011,0.012,1504.277,1582.253,1.001
"K_uu_weight[25, 25]",0.977,0.45,0.336,1.851,0.011,0.012,1502.823,1556.212,1.001
"K_uu_weight[25, 26]",0.971,0.448,0.333,1.841,0.011,0.012,1504.277,1582.253,1.001
"K_uu_weight[25, 27]",0.954,0.443,0.325,1.812,0.011,0.012,1516.778,1582.253,1.001
"K_uu_weight[25, 28]",0.926,0.434,0.311,1.772,0.011,0.012,1511.794,1637.989,1.001
"K_uu_weight[25, 29]",0.889,0.423,0.274,1.696,0.01,0.012,1527.299,1630.263,1.001
"K_uu_weight[25, 30]",0.843,0.409,0.263,1.639,0.01,0.011,1545.585,1601.327,1.002
"K_uu_weight[25, 31]",0.791,0.393,0.244,1.577,0.01,0.011,1535.507,1564.947,1.002
"K_uu_weight[25, 32]",0.734,0.375,0.181,1.457,0.009,0.011,1507.479,1472.286,1.002
"K_uu_weight[25, 33]",0.675,0.357,0.157,1.367,0.009,0.01,1471.31,1510.315,1.002
"K_uu_weight[25, 34]",0.613,0.337,0.139,1.277,0.009,0.01,1433.65,1376.251,1.003
"K_uu_weight[25, 35]",0.552,0.317,0.103,1.17,0.008,0.009,1398.094,1050.131,1.002
"K_uu_weight[25, 36]",0.493,0.296,0.08,1.067,0.008,0.009,1360.919,1056.67,1.002
"K_uu_weight[25, 37]",0.435,0.275,0.056,0.966,0.007,0.008,1267.076,1031.21,1.003
"K_uu_weight[25, 38]",0.381,0.254,0.04,0.868,0.007,0.007,1195.6,1031.076,1.003
"K_uu_weight[25, 39]",0.331,0.232,0.027,0.774,0.006,0.007,1129.238,958.107,1.003
"K_uu_weight[25, 40]",0.285,0.211,0.011,0.679,0.006,0.006,1089.916,954.04,1.003
"K_uu_weight[25, 41]",0.244,0.19,0.003,0.59,0.005,0.006,1067.482,961.65,1.003
"K_uu_weight[25, 42]",0.207,0.17,0.002,0.512,0.005,0.005,1051.79,935.373,1.003
"K_uu_weight[25, 43]",0.174,0.151,0.001,0.446,0.004,0.005,1030.409,857.206,1.003
"K_uu_weight[25, 44]",0.146,0.134,0.001,0.381,0.004,0.004,1015.165,907.841,1.003
"K_uu_weight[25, 45]",0.121,0.117,0.0,0.324,0.003,0.004,1001.766,916.769,1.003
"K_uu_weight[25, 46]",0.1,0.102,0.0,0.276,0.003,0.004,995.514,954.683,1.003
"K_uu_weight[25, 47]",0.082,0.088,0.0,0.233,0.002,0.003,986.145,886.855,1.003
"K_uu_weight[25, 48]",0.067,0.076,0.0,0.198,0.002,0.003,981.633,886.855,1.003
"K_uu_weight[25, 49]",0.054,0.064,0.0,0.167,0.002,0.002,979.327,990.511,1.003
"K_uu_weight[26, 0]",0.035,0.046,0.0,0.114,0.001,0.002,970.521,946.04,1.003
"K_uu_weight[26, 1]",0.043,0.055,0.0,0.139,0.001,0.002,974.482,946.04,1.003
"K_uu_weight[26, 2]",0.054,0.064,0.0,0.167,0.002,0.002,979.327,990.511,1.003
"K_uu_weight[26, 3]",0.067,0.076,0.0,0.198,0.002,0.003,981.633,886.855,1.003
"K_uu_weight[26, 4]",0.082,0.088,0.0,0.233,0.002,0.003,986.145,886.855,1.003
"K_uu_weight[26, 5]",0.1,0.102,0.0,0.276,0.003,0.004,995.514,954.683,1.003
"K_uu_weight[26, 6]",0.121,0.117,0.0,0.324,0.003,0.004,1001.766,916.769,1.003
"K_uu_weight[26, 7]",0.146,0.134,0.001,0.381,0.004,0.004,1015.165,907.841,1.003
"K_uu_weight[26, 8]",0.174,0.151,0.001,0.446,0.004,0.005,1030.409,857.206,1.003
"K_uu_weight[26, 9]",0.207,0.17,0.002,0.512,0.005,0.005,1051.79,935.373,1.003
"K_uu_weight[26, 10]",0.244,0.19,0.003,0.59,0.005,0.006,1067.482,961.65,1.003
"K_uu_weight[26, 11]",0.285,0.211,0.011,0.679,0.006,0.006,1089.916,954.04,1.003
"K_uu_weight[26, 12]",0.331,0.232,0.027,0.774,0.006,0.007,1129.238,958.107,1.003
"K_uu_weight[26, 13]",0.381,0.254,0.04,0.868,0.007,0.007,1195.6,1031.076,1.003
"K_uu_weight[26, 14]",0.435,0.275,0.056,0.966,0.007,0.008,1267.076,1031.21,1.003
"K_uu_weight[26, 15]",0.493,0.296,0.08,1.067,0.008,0.009,1360.919,1056.67,1.002
"K_uu_weight[26, 16]",0.552,0.317,0.103,1.17,0.008,0.009,1398.094,1050.131,1.002
"K_uu_weight[26, 17]",0.613,0.337,0.139,1.277,0.009,0.01,1433.65,1376.251,1.003
"K_uu_weight[26, 18]",0.675,0.357,0.157,1.367,0.009,0.01,1471.31,1510.315,1.002
"K_uu_weight[26, 19]",0.734,0.375,0.181,1.457,0.009,0.011,1507.479,1472.286,1.002
"K_uu_weight[26, 20]",0.791,0.393,0.244,1.577,0.01,0.011,1535.507,1564.947,1.002
"K_uu_weight[26, 21]",0.843,0.409,0.263,1.639,0.01,0.011,1545.585,1601.327,1.002
"K_uu_weight[26, 22]",0.889,0.423,0.274,1.696,0.01,0.012,1527.299,1630.263,1.001
"K_uu_weight[26, 23]",0.926,0.434,0.311,1.772,0.011,0.012,1511.794,1637.989,1.001
"K_uu_weight[26, 24]",0.954,0.443,0.325,1.812,0.011,0.012,1516.778,1582.253,1.001
"K_uu_weight[26, 25]",0.971,0.448,0.333,1.841,0.011,0.012,1504.277,1582.253,1.001
"K_uu_weight[26, 26]",0.977,0.45,0.336,1.851,0.011,0.012,1502.823,1556.212,1.001
"K_uu_weight[26, 27]",0.971,0.448,0.333,1.841,0.011,0.012,1504.277,1582.253,1.001
"K_uu_weight[26, 28]",0.954,0.443,0.325,1.812,0.011,0.012,1516.778,1582.253,1.001
"K_uu_weight[26, 29]",0.926,0.434,0.311,1.772,0.011,0.012,1511.794,1637.989,1.001
"K_uu_weight[26, 30]",0.889,0.423,0.274,1.696,0.01,0.012,1527.299,1630.263,1.001
"K_uu_weight[26, 31]",0.843,0.409,0.263,1.639,0.01,0.011,1545.585,1601.327,1.002
"K_uu_weight[26, 32]",0.791,0.393,0.244,1.577,0.01,0.011,1535.507,1564.947,1.002
"K_uu_weight[26, 33]",0.734,0.375,0.181,1.457,0.009,0.011,1507.479,1472.286,1.002
"K_uu_weight[26, 34]",0.675,0.357,0.157,1.367,0.009,0.01,1471.31,1510.315,1.002
"K_uu_weight[26, 35]",0.613,0.337,0.139,1.277,0.009,0.01,1433.65,1376.251,1.003
"K_uu_weight[26, 36]",0.552,0.317,0.103,1.17,0.008,0.009,1398.094,1050.131,1.002
"K_uu_weight[26, 37]",0.493,0.296,0.08,1.067,0.008,0.009,1360.919,1056.67,1.002
"K_uu_weight[26, 38]",0.435,0.275,0.056,0.966,0.007,0.008,1267.076,1031.21,1.003
"K_uu_weight[26, 39]",0.381,0.254,0.04,0.868,0.007,0.007,1195.6,1031.076,1.003
"K_uu_weight[26, 40]",0.331,0.232,0.027,0.774,0.006,0.007,1129.238,958.107,1.003
"K_uu_weight[26, 41]",0.285,0.211,0.011,0.679,0.006,0.006,1089.916,954.04,1.003
"K_uu_weight[26, 42]",0.244,0.19,0.003,0.59,0.005,0.006,1067.482,961.65,1.003
"K_uu_weight[26, 43]",0.207,0.17,0.002,0.512,0.005,0.005,1051.79,935.373,1.003
"K_uu_weight[26, 44]",0.174,0.151,0.001,0.446,0.004,0.005,1030.409,857.206,1.003
"K_uu_weight[26, 45]",0.146,0.134,0.001,0.381,0.004,0.004,1015.165,907.841,1.003
"K_uu_weight[26, 46]",0.121,0.117,0.0,0.324,0.003,0.004,1001.766,916.769,1.003
"K_uu_weight[26, 47]",0.1,0.102,0.0,0.276,0.003,0.004,995.514,954.683,1.003
"K_uu_weight[26, 48]",0.082,0.088,0.0,0.233,0.002,0.003,986.145,886.855,1.003
"K_uu_weight[26, 49]",0.067,0.076,0.0,0.198,0.002,0.003,981.633,886.855,1.003
"K_uu_weight[27, 0]",0.028,0.038,0.0,0.093,0.001,0.002,966.861,937.037,1.002
"K_uu_weight[27, 1]",0.035,0.046,0.0,0.114,0.001,0.002,970.521,946.04,1.003
"K_uu_weight[27, 2]",0.043,0.055,0.0,0.139,0.001,0.002,974.482,946.04,1.003
"K_uu_weight[27, 3]",0.054,0.064,0.0,0.167,0.002,0.002,979.327,990.511,1.003
"K_uu_weight[27, 4]",0.067,0.076,0.0,0.198,0.002,0.003,981.633,886.855,1.003
"K_uu_weight[27, 5]",0.082,0.088,0.0,0.233,0.002,0.003,986.145,886.855,1.003
"K_uu_weight[27, 6]",0.1,0.102,0.0,0.276,0.003,0.004,995.514,954.683,1.003
"K_uu_weight[27, 7]",0.121,0.117,0.0,0.324,0.003,0.004,1001.766,916.769,1.003
"K_uu_weight[27, 8]",0.146,0.134,0.001,0.381,0.004,0.004,1015.165,907.841,1.003
"K_uu_weight[27, 9]",0.174,0.151,0.001,0.446,0.004,0.005,1030.409,857.206,1.003
"K_uu_weight[27, 10]",0.207,0.17,0.002,0.512,0.005,0.005,1051.79,935.373,1.003
"K_uu_weight[27, 11]",0.244,0.19,0.003,0.59,0.005,0.006,1067.482,961.65,1.003
"K_uu_weight[27, 12]",0.285,0.211,0.011,0.679,0.006,0.006,1089.916,954.04,1.003
"K_uu_weight[27, 13]",0.331,0.232,0.027,0.774,0.006,0.007,1129.238,958.107,1.003
"K_uu_weight[27, 14]",0.381,0.254,0.04,0.868,0.007,0.007,1195.6,1031.076,1.003
"K_uu_weight[27, 15]",0.435,0.275,0.056,0.966,0.007,0.008,1267.076,1031.21,1.003
"K_uu_weight[27, 16]",0.493,0.296,0.08,1.067,0.008,0.009,1360.919,1056.67,1.002
"K_uu_weight[27, 17]",0.552,0.317,0.103,1.17,0.008,0.009,1398.094,1050.131,1.002
"K_uu_weight[27, 18]",0.613,0.337,0.139,1.277,0.009,0.01,1433.65,1376.251,1.003
"K_uu_weight[27, 19]",0.675,0.357,0.157,1.367,0.009,0.01,1471.31,1510.315,1.002
"K_uu_weight[27, 20]",0.734,0.375,0.181,1.457,0.009,0.011,1507.479,1472.286,1.002
"K_uu_weight[27, 21]",0.791,0.393,0.244,1.577,0.01,0.011,1535.507,1564.947,1.002
"K_uu_weight[27, 22]",0.843,0.409,0.263,1.639,0.01,0.011,1545.585,1601.327,1.002
"K_uu_weight[27, 23]",0.889,0.423,0.274,1.696,0.01,0.012,1527.299,1630.263,1.001
"K_uu_weight[27, 24]",0.926,0.434,0.311,1.772,0.011,0.012,1511.794,1637.989,1.001
"K_uu_weight[27, 25]",0.954,0.443,0.325,1.812,0.011,0.012,1516.778,1582.253,1.001
"K_uu_weight[27, 26]",0.971,0.448,0.333,1.841,0.011,0.012,1504.277,1582.253,1.001
"K_uu_weight[27, 27]",0.977,0.45,0.336,1.851,0.011,0.012,1502.823,1556.212,1.001
"K_uu_weight[27, 28]",0.971,0.448,0.333,1.841,0.011,0.012,1504.277,1582.253,1.001
"K_uu_weight[27, 29]",0.954,0.443,0.325,1.812,0.011,0.012,1516.778,1582.253,1.001
"K_uu_weight[27, 30]",0.926,0.434,0.311,1.772,0.011,0.012,1511.794,1637.989,1.001
"K_uu_weight[27, 31]",0.889,0.423,0.274,1.696,0.01,0.012,1527.299,1630.263,1.001
"K_uu_weight[27, 32]",0.843,0.409,0.263,1.639,0.01,0.011,1545.585,1601.327,1.002
"K_uu_weight[27, 33]",0.791,0.393,0.244,1.577,0.01,0.011,1535.507,1564.947,1.002
"K_uu_weight[27, 34]",0.734,0.375,0.181,1.457,0.009,0.011,1507.479,1472.286,1.002
"K_uu_weight[27, 35]",0.675,0.357,0.157,1.367,0.009,0.01,1471.31,1510.315,1.002
"K_uu_weight[27, 36]",0.613,0.337,0.139,1.277,0.009,0.01,1433.65,1376.251,1.003
"K_uu_weight[27, 37]",0.552,0.317,0.103,1.17,0.008,0.009,1398.094,1050.131,1.002
"K_uu_weight[27, 38]",0.493,0.296,0.08,1.067,0.008,0.009,1360.919,1056.67,1.002
"K_uu_weight[27, 39]",0.435,0.275,0.056,0.966,0.007,0.008,1267.076,1031.21,1.003
"K_uu_weight[27, 40]",0.381,0.254,0.04,0.868,0.007,0.007,1195.6,1031.076,1.003
"K_uu_weight[27, 41]",0.331,0.232,0.027,0.774,0.006,0.007,1129.238,958.107,1.003
"K_uu_weight[27, 42]",0.285,0.211,0.011,0.679,0.006,0.006,1089.916,954.04,1.003
"K_uu_weight[27, 43]",0.244,0.19,0.003,0.59,0.005,0.006,1067.482,961.65,1.003
"K_uu_weight[27, 44]",0.207,0.17,0.002,0.512,0.005,0.005,1051.79,935.373,1.003
"K_uu_weight[27, 45]",0.174,0.151,0.001,0.446,0.004,0.005,1030.409,857.206,1.003
"K_uu_weight[27, 46]",0.146,0.134,0.001,0.381,0.004,0.004,1015.165,907.841,1.003
"K_uu_weight[27, 47]",0.121,0.117,0.0,0.324,0.003,0.004,1001.766,916.769,1.003
"K_uu_weight[27, 48]",0.1,0.102,0.0,0.276,0.003,0.004,995.514,954.683,1.003
"K_uu_weight[27, 49]",0.082,0.088,0.0,0.233,0.002,0.003,986.145,886.855,1.003
"K_uu_weight[28, 0]",0.022,0.032,0.0,0.076,0.001,0.001,963.535,932.445,1.002
"K_uu_weight[28, 1]",0.028,0.038,0.0,0.093,0.001,0.002,966.861,937.037,1.002
"K_uu_weight[28, 2]",0.035,0.046,0.0,0.114,0.001,0.002,970.521,946.04,1.003
"K_uu_weight[28, 3]",0.043,0.055,0.0,0.139,0.001,0.002,974.482,946.04,1.003
"K_uu_weight[28, 4]",0.054,0.064,0.0,0.167,0.002,0.002,979.327,990.511,1.003
"K_uu_weight[28, 5]",0.067,0.076,0.0,0.198,0.002,0.003,981.633,886.855,1.003
"K_uu_weight[28, 6]",0.082,0.088,0.0,0.233,0.002,0.003,986.145,886.855,1.003
"K_uu_weight[28, 7]",0.1,0.102,0.0,0.276,0.003,0.004,995.514,954.683,1.003
"K_uu_weight[28, 8]",0.121,0.117,0.0,0.324,0.003,0.004,1001.766,916.769,1.003
"K_uu_weight[28, 9]",0.146,0.134,0.001,0.381,0.004,0.004,1015.165,907.841,1.003
"K_uu_weight[28, 10]",0.174,0.151,0.001,0.446,0.004,0.005,1030.409,857.206,1.003
"K_uu_weight[28, 11]",0.207,0.17,0.002,0.512,0.005,0.005,1051.79,935.373,1.003
"K_uu_weight[28, 12]",0.244,0.19,0.003,0.59,0.005,0.006,1067.482,961.65,1.003
"K_uu_weight[28, 13]",0.285,0.211,0.011,0.679,0.006,0.006,1089.916,954.04,1.003
"K_uu_weight[28, 14]",0.331,0.232,0.027,0.774,0.006,0.007,1129.238,958.107,1.003
"K_uu_weight[28, 15]",0.381,0.254,0.04,0.868,0.007,0.007,1195.6,1031.076,1.003
"K_uu_weight[28, 16]",0.435,0.275,0.056,0.966,0.007,0.008,1267.076,1031.21,1.003
"K_uu_weight[28, 17]",0.493,0.296,0.08,1.067,0.008,0.009,1360.919,1056.67,1.002
"K_uu_weight[28, 18]",0.552,0.317,0.103,1.17,0.008,0.009,1398.094,1050.131,1.002
"K_uu_weight[28, 19]",0.613,0.337,0.139,1.277,0.009,0.01,1433.65,1376.251,1.003
"K_uu_weight[28, 20]",0.675,0.357,0.157,1.367,0.009,0.01,1471.31,1510.315,1.002
"K_uu_weight[28, 21]",0.734,0.375,0.181,1.457,0.009,0.011,1507.479,1472.286,1.002
"K_uu_weight[28, 22]",0.791,0.393,0.244,1.577,0.01,0.011,1535.507,1564.947,1.002
"K_uu_weight[28, 23]",0.843,0.409,0.263,1.639,0.01,0.011,1545.585,1601.327,1.002
"K_uu_weight[28, 24]",0.889,0.423,0.274,1.696,0.01,0.012,1527.299,1630.263,1.001
"K_uu_weight[28, 25]",0.926,0.434,0.311,1.772,0.011,0.012,1511.794,1637.989,1.001
"K_uu_weight[28, 26]",0.954,0.443,0.325,1.812,0.011,0.012,1516.778,1582.253,1.001
"K_uu_weight[28, 27]",0.971,0.448,0.333,1.841,0.011,0.012,1504.277,1582.253,1.001
"K_uu_weight[28, 28]",0.977,0.45,0.336,1.851,0.011,0.012,1502.823,1556.212,1.001
"K_uu_weight[28, 29]",0.971,0.448,0.333,1.841,0.011,0.012,1504.277,1582.253,1.001
"K_uu_weight[28, 30]",0.954,0.443,0.325,1.812,0.011,0.012,1516.778,1582.253,1.001
"K_uu_weight[28, 31]",0.926,0.434,0.311,1.772,0.011,0.012,1511.794,1637.989,1.001
"K_uu_weight[28, 32]",0.889,0.423,0.274,1.696,0.01,0.012,1527.299,1630.263,1.001
"K_uu_weight[28, 33]",0.843,0.409,0.263,1.639,0.01,0.011,1545.585,1601.327,1.002
"K_uu_weight[28, 34]",0.791,0.393,0.244,1.577,0.01,0.011,1535.507,1564.947,1.002
"K_uu_weight[28, 35]",0.734,0.375,0.181,1.457,0.009,0.011,1507.479,1472.286,1.002
"K_uu_weight[28, 36]",0.675,0.357,0.157,1.367,0.009,0.01,1471.31,1510.315,1.002
"K_uu_weight[28, 37]",0.613,0.337,0.139,1.277,0.009,0.01,1433.65,1376.251,1.003
"K_uu_weight[28, 38]",0.552,0.317,0.103,1.17,0.008,0.009,1398.094,1050.131,1.002
"K_uu_weight[28, 39]",0.493,0.296,0.08,1.067,0.008,0.009,1360.919,1056.67,1.002
"K_uu_weight[28, 40]",0.435,0.275,0.056,0.966,0.007,0.008,1267.076,1031.21,1.003
"K_uu_weight[28, 41]",0.381,0.254,0.04,0.868,0.007,0.007,1195.6,1031.076,1.003
"K_uu_weight[28, 42]",0.331,0.232,0.027,0.774,0.006,0.007,1129.238,958.107,1.003
"K_uu_weight[28, 43]",0.285,0.211,0.011,0.679,0.006,0.006,1089.916,954.04,1.003
"K_uu_weight[28, 44]",0.244,0.19,0.003,0.59,0.005,0.006,1067.482,961.65,1.003
"K_uu_weight[28, 45]",0.207,0.17,0.002,0.512,0.005,0.005,1051.79,935.373,1.003
"K_uu_weight[28, 46]",0.174,0.151,0.001,0.446,0.004,0.005,1030.409,857.206,1.003
"K_uu_weight[28, 47]",0.146,0.134,0.001,0.381,0.004,0.004,1015.165,907.841,1.003
"K_uu_weight[28, 48]",0.121,0.117,0.0,0.324,0.003,0.004,1001.766,916.769,1.003
"K_uu_weight[28, 49]",0.1,0.102,0.0,0.276,0.003,0.004,995.514,954.683,1.003
"K_uu_weight[29, 0]",0.017,0.027,0.0,0.061,0.001,0.001,962.423,945.835,1.002
"K_uu_weight[29, 1]",0.022,0.032,0.0,0.076,0.001,0.001,963.535,932.445,1.002
"K_uu_weight[29, 2]",0.028,0.038,0.0,0.093,0.001,0.002,966.861,937.037,1.002
"K_uu_weight[29, 3]",0.035,0.046,0.0,0.114,0.001,0.002,970.521,946.04,1.003
"K_uu_weight[29, 4]",0.043,0.055,0.0,0.139,0.001,0.002,974.482,946.04,1.003
"K_uu_weight[29, 5]",0.054,0.064,0.0,0.167,0.002,0.002,979.327,990.511,1.003
"K_uu_weight[29, 6]",0.067,0.076,0.0,0.198,0.002,0.003,981.633,886.855,1.003
"K_uu_weight[29, 7]",0.082,0.088,0.0,0.233,0.002,0.003,986.145,886.855,1.003
"K_uu_weight[29, 8]",0.1,0.102,0.0,0.276,0.003,0.004,995.514,954.683,1.003
"K_uu_weight[29, 9]",0.121,0.117,0.0,0.324,0.003,0.004,1001.766,916.769,1.003
"K_uu_weight[29, 10]",0.146,0.134,0.001,0.381,0.004,0.004,1015.165,907.841,1.003
"K_uu_weight[29, 11]",0.174,0.151,0.001,0.446,0.004,0.005,1030.409,857.206,1.003
"K_uu_weight[29, 12]",0.207,0.17,0.002,0.512,0.005,0.005,1051.79,935.373,1.003
"K_uu_weight[29, 13]",0.244,0.19,0.003,0.59,0.005,0.006,1067.482,961.65,1.003
"K_uu_weight[29, 14]",0.285,0.211,0.011,0.679,0.006,0.006,1089.916,954.04,1.003
"K_uu_weight[29, 15]",0.331,0.232,0.027,0.774,0.006,0.007,1129.238,958.107,1.003
"K_uu_weight[29, 16]",0.381,0.254,0.04,0.868,0.007,0.007,1195.6,1031.076,1.003
"K_uu_weight[29, 17]",0.435,0.275,0.056,0.966,0.007,0.008,1267.076,1031.21,1.003
"K_uu_weight[29, 18]",0.493,0.296,0.08,1.067,0.008,0.009,1360.919,1056.67,1.002
"K_uu_weight[29, 19]",0.552,0.317,0.103,1.17,0.008,0.009,1398.094,1050.131,1.002
"K_uu_weight[29, 20]",0.613,0.337,0.139,1.277,0.009,0.01,1433.65,1376.251,1.003
"K_uu_weight[29, 21]",0.675,0.357,0.157,1.367,0.009,0.01,1471.31,1510.315,1.002
"K_uu_weight[29, 22]",0.734,0.375,0.181,1.457,0.009,0.011,1507.479,1472.286,1.002
"K_uu_weight[29, 23]",0.791,0.393,0.244,1.577,0.01,0.011,1535.507,1564.947,1.002
"K_uu_weight[29, 24]",0.843,0.409,0.263,1.639,0.01,0.011,1545.585,1601.327,1.002
"K_uu_weight[29, 25]",0.889,0.423,0.274,1.696,0.01,0.012,1527.299,1630.263,1.001
"K_uu_weight[29, 26]",0.926,0.434,0.311,1.772,0.011,0.012,1511.794,1637.989,1.001
"K_uu_weight[29, 27]",0.954,0.443,0.325,1.812,0.011,0.012,1516.778,1582.253,1.001
"K_uu_weight[29, 28]",0.971,0.448,0.333,1.841,0.011,0.012,1504.277,1582.253,1.001
"K_uu_weight[29, 29]",0.977,0.45,0.336,1.851,0.011,0.012,1502.823,1556.212,1.001
"K_uu_weight[29, 30]",0.971,0.448,0.333,1.841,0.011,0.012,1504.277,1582.253,1.001
"K_uu_weight[29, 31]",0.954,0.443,0.325,1.812,0.011,0.012,1516.778,1582.253,1.001
"K_uu_weight[29, 32]",0.926,0.434,0.311,1.772,0.011,0.012,1511.794,1637.989,1.001
"K_uu_weight[29, 33]",0.889,0.423,0.274,1.696,0.01,0.012,1527.299,1630.263,1.001
"K_uu_weight[29, 34]",0.843,0.409,0.263,1.639,0.01,0.011,1545.585,1601.327,1.002
"K_uu_weight[29, 35]",0.791,0.393,0.244,1.577,0.01,0.011,1535.507,1564.947,1.002
"K_uu_weight[29, 36]",0.734,0.375,0.181,1.457,0.009,0.011,1507.479,1472.286,1.002
"K_uu_weight[29, 37]",0.675,0.357,0.157,1.367,0.009,0.01,1471.31,1510.315,1.002
"K_uu_weight[29, 38]",0.613,0.337,0.139,1.277,0.009,0.01,1433.65,1376.251,1.003
"K_uu_weight[29, 39]",0.552,0.317,0.103,1.17,0.008,0.009,1398.094,1050.131,1.002
"K_uu_weight[29, 40]",0.493,0.296,0.08,1.067,0.008,0.009,1360.919,1056.67,1.002
"K_uu_weight[29, 41]",0.435,0.275,0.056,0.966,0.007,0.008,1267.076,1031.21,1.003
"K_uu_weight[29, 42]",0.381,0.254,0.04,0.868,0.007,0.007,1195.6,1031.076,1.003
"K_uu_weight[29, 43]",0.331,0.232,0.027,0.774,0.006,0.007,1129.238,958.107,1.003
"K_uu_weight[29, 44]",0.285,0.211,0.011,0.679,0.006,0.006,1089.916,954.04,1.003
"K_uu_weight[29, 45]",0.244,0.19,0.003,0.59,0.005,0.006,1067.482,961.65,1.003
"K_uu_weight[29, 46]",0.207,0.17,0.002,0.512,0.005,0.005,1051.79,935.373,1.003
"K_uu_weight[29, 47]",0.174,0.151,0.001,0.446,0.004,0.005,1030.409,857.206,1.003
"K_uu_weight[29, 48]",0.146,0.134,0.001,0.381,0.004,0.004,1015.165,907.841,1.003
"K_uu_weight[29, 49]",0.121,0.117,0.0,0.324,0.003,0.004,1001.766,916.769,1.003
"K_uu_weight[30, 0]",0.013,0.022,0.0,0.048,0.001,0.001,960.797,945.835,1.002
"K_uu_weight[30, 1]",0.017,0.027,0.0,0.061,0.001,0.001,962.423,945.835,1.002
"K_uu_weight[30, 2]",0.022,0.032,0.0,0.076,0.001,0.001,963.535,932.445,1.002
"K_uu_weight[30, 3]",0.028,0.038,0.0,0.093,0.001,0.002,966.861,937.037,1.002
"K_uu_weight[30, 4]",0.035,0.046,0.0,0.114,0.001,0.002,970.521,946.04,1.003
"K_uu_weight[30, 5]",0.043,0.055,0.0,0.139,0.001,0.002,974.482,946.04,1.003
"K_uu_weight[30, 6]",0.054,0.064,0.0,0.167,0.002,0.002,979.327,990.511,1.003
"K_uu_weight[30, 7]",0.067,0.076,0.0,0.198,0.002,0.003,981.633,886.855,1.003
"K_uu_weight[30, 8]",0.082,0.088,0.0,0.233,0.002,0.003,986.145,886.855,1.003
"K_uu_weight[30, 9]",0.1,0.102,0.0,0.276,0.003,0.004,995.514,954.683,1.003
"K_uu_weight[30, 10]",0.121,0.117,0.0,0.324,0.003,0.004,1001.766,916.769,1.003
"K_uu_weight[30, 11]",0.146,0.134,0.001,0.381,0.004,0.004,1015.165,907.841,1.003
"K_uu_weight[30, 12]",0.174,0.151,0.001,0.446,0.004,0.005,1030.409,857.206,1.003
"K_uu_weight[30, 13]",0.207,0.17,0.002,0.512,0.005,0.005,1051.79,935.373,1.003
"K_uu_weight[30, 14]",0.244,0.19,0.003,0.59,0.005,0.006,1067.482,961.65,1.003
"K_uu_weight[30, 15]",0.285,0.211,0.011,0.679,0.006,0.006,1089.916,954.04,1.003
"K_uu_weight[30, 16]",0.331,0.232,0.027,0.774,0.006,0.007,1129.238,958.107,1.003
"K_uu_weight[30, 17]",0.381,0.254,0.04,0.868,0.007,0.007,1195.6,1031.076,1.003
"K_uu_weight[30, 18]",0.435,0.275,0.056,0.966,0.007,0.008,1267.076,1031.21,1.003
"K_uu_weight[30, 19]",0.493,0.296,0.08,1.067,0.008,0.009,1360.919,1056.67,1.002
"K_uu_weight[30, 20]",0.552,0.317,0.103,1.17,0.008,0.009,1398.094,1050.131,1.002
"K_uu_weight[30, 21]",0.613,0.337,0.139,1.277,0.009,0.01,1433.65,1376.251,1.003
"K_uu_weight[30, 22]",0.675,0.357,0.157,1.367,0.009,0.01,1471.31,1510.315,1.002
"K_uu_weight[30, 23]",0.734,0.375,0.181,1.457,0.009,0.011,1507.479,1472.286,1.002
"K_uu_weight[30, 24]",0.791,0.393,0.244,1.577,0.01,0.011,1535.507,1564.947,1.002
"K_uu_weight[30, 25]",0.843,0.409,0.263,1.639,0.01,0.011,1545.585,1601.327,1.002
"K_uu_weight[30, 26]",0.889,0.423,0.274,1.696,0.01,0.012,1527.299,1630.263,1.001
"K_uu_weight[30, 27]",0.926,0.434,0.311,1.772,0.011,0.012,1511.794,1637.989,1.001
"K_uu_weight[30, 28]",0.954,0.443,0.325,1.812,0.011,0.012,1516.778,1582.253,1.001
"K_uu_weight[30, 29]",0.971,0.448,0.333,1.841,0.011,0.012,1504.277,1582.253,1.001
"K_uu_weight[30, 30]",0.977,0.45,0.336,1.851,0.011,0.012,1502.823,1556.212,1.001
"K_uu_weight[30, 31]",0.971,0.448,0.333,1.841,0.011,0.012,1504.277,1582.253,1.001
"K_uu_weight[30, 32]",0.954,0.443,0.325,1.812,0.011,0.012,1516.778,1582.253,1.001
"K_uu_weight[30, 33]",0.926,0.434,0.311,1.772,0.011,0.012,1511.794,1637.989,1.001
"K_uu_weight[30, 34]",0.889,0.423,0.274,1.696,0.01,0.012,1527.299,1630.263,1.001
"K_uu_weight[30, 35]",0.843,0.409,0.263,1.639,0.01,0.011,1545.585,1601.327,1.002
"K_uu_weight[30, 36]",0.791,0.393,0.244,1.577,0.01,0.011,1535.507,1564.947,1.002
"K_uu_weight[30, 37]",0.734,0.375,0.181,1.457,0.009,0.011,1507.479,1472.286,1.002
"K_uu_weight[30, 38]",0.675,0.357,0.157,1.367,0.009,0.01,1471.31,1510.315,1.002
"K_uu_weight[30, 39]",0.613,0.337,0.139,1.277,0.009,0.01,1433.65,1376.251,1.003
"K_uu_weight[30, 40]",0.552,0.317,0.103,1.17,0.008,0.009,1398.094,1050.131,1.002
"K_uu_weight[30, 41]",0.493,0.296,0.08,1.067,0.008,0.009,1360.919,1056.67,1.002
"K_uu_weight[30, 42]",0.435,0.275,0.056,0.966,0.007,0.008,1267.076,1031.21,1.003
"K_uu_weight[30, 43]",0.381,0.254,0.04,0.868,0.007,0.007,1195.6,1031.076,1.003
"K_uu_weight[30, 44]",0.331,0.232,0.027,0.774,0.006,0.007,1129.238,958.107,1.003
"K_uu_weight[30, 45]",0.285,0.211,0.011,0.679,0.006,0.006,1089.916,954.04,1.003
"K_uu_weight[30, 46]",0.244,0.19,0.003,0.59,0.005,0.006,1067.482,961.65,1.003
"K_uu_weight[30, 47]",0.207,0.17,0.002,0.512,0.005,0.005,1051.79,935.373,1.003
"K_uu_weight[30, 48]",0.174,0.151,0.001,0.446,0.004,0.005,1030.409,857.206,1.003
"K_uu_weight[30, 49]",0.146,0.134,0.001,0.381,0.004,0.004,1015.165,907.841,1.003
"K_uu_weight[31, 0]",0.01,0.018,0.0,0.039,0.0,0.001,953.874,913.235,1.002
"K_uu_weight[31, 1]",0.013,0.022,0.0,0.048,0.001,0.001,960.797,945.835,1.002
"K_uu_weight[31, 2]",0.017,0.027,0.0,0.061,0.001,0.001,962.423,945.835,1.002
"K_uu_weight[31, 3]",0.022,0.032,0.0,0.076,0.001,0.001,963.535,932.445,1.002
"K_uu_weight[31, 4]",0.028,0.038,0.0,0.093,0.001,0.002,966.861,937.037,1.002
"K_uu_weight[31, 5]",0.035,0.046,0.0,0.114,0.001,0.002,970.521,946.04,1.003
"K_uu_weight[31, 6]",0.043,0.055,0.0,0.139,0.001,0.002,974.482,946.04,1.003
"K_uu_weight[31, 7]",0.054,0.064,0.0,0.167,0.002,0.002,979.327,990.511,1.003
"K_uu_weight[31, 8]",0.067,0.076,0.0,0.198,0.002,0.003,981.633,886.855,1.003
"K_uu_weight[31, 9]",0.082,0.088,0.0,0.233,0.002,0.003,986.145,886.855,1.003
"K_uu_weight[31, 10]",0.1,0.102,0.0,0.276,0.003,0.004,995.514,954.683,1.003
"K_uu_weight[31, 11]",0.121,0.117,0.0,0.324,0.003,0.004,1001.766,916.769,1.003
"K_uu_weight[31, 12]",0.146,0.134,0.001,0.381,0.004,0.004,1015.165,907.841,1.003
"K_uu_weight[31, 13]",0.174,0.151,0.001,0.446,0.004,0.005,1030.409,857.206,1.003
"K_uu_weight[31, 14]",0.207,0.17,0.002,0.512,0.005,0.005,1051.79,935.373,1.003
"K_uu_weight[31, 15]",0.244,0.19,0.003,0.59,0.005,0.006,1067.482,961.65,1.003
"K_uu_weight[31, 16]",0.285,0.211,0.011,0.679,0.006,0.006,1089.916,954.04,1.003
"K_uu_weight[31, 17]",0.331,0.232,0.027,0.774,0.006,0.007,1129.238,958.107,1.003
"K_uu_weight[31, 18]",0.381,0.254,0.04,0.868,0.007,0.007,1195.6,1031.076,1.003
"K_uu_weight[31, 19]",0.435,0.275,0.056,0.966,0.007,0.008,1267.076,1031.21,1.003
"K_uu_weight[31, 20]",0.493,0.296,0.08,1.067,0.008,0.009,1360.919,1056.67,1.002
"K_uu_weight[31, 21]",0.552,0.317,0.103,1.17,0.008,0.009,1398.094,1050.131,1.002
"K_uu_weight[31, 22]",0.613,0.337,0.139,1.277,0.009,0.01,1433.65,1376.251,1.003
"K_uu_weight[31, 23]",0.675,0.357,0.157,1.367,0.009,0.01,1471.31,1510.315,1.002
"K_uu_weight[31, 24]",0.734,0.375,0.181,1.457,0.009,0.011,1507.479,1472.286,1.002
"K_uu_weight[31, 25]",0.791,0.393,0.244,1.577,0.01,0.011,1535.507,1564.947,1.002
"K_uu_weight[31, 26]",0.843,0.409,0.263,1.639,0.01,0.011,1545.585,1601.327,1.002
"K_uu_weight[31, 27]",0.889,0.423,0.274,1.696,0.01,0.012,1527.299,1630.263,1.001
"K_uu_weight[31, 28]",0.926,0.434,0.311,1.772,0.011,0.012,1511.794,1637.989,1.001
"K_uu_weight[31, 29]",0.954,0.443,0.325,1.812,0.011,0.012,1516.778,1582.253,1.001
"K_uu_weight[31, 30]",0.971,0.448,0.333,1.841,0.011,0.012,1504.277,1582.253,1.001
"K_uu_weight[31, 31]",0.977,0.45,0.336,1.851,0.011,0.012,1502.823,1556.212,1.001
"K_uu_weight[31, 32]",0.971,0.448,0.333,1.841,0.011,0.012,1504.277,1582.253,1.001
"K_uu_weight[31, 33]",0.954,0.443,0.325,1.812,0.011,0.012,1516.778,1582.253,1.001
"K_uu_weight[31, 34]",0.926,0.434,0.311,1.772,0.011,0.012,1511.794,1637.989,1.001
"K_uu_weight[31, 35]",0.889,0.423,0.274,1.696,0.01,0.012,1527.299,1630.263,1.001
"K_uu_weight[31, 36]",0.843,0.409,0.263,1.639,0.01,0.011,1545.585,1601.327,1.002
"K_uu_weight[31, 37]",0.791,0.393,0.244,1.577,0.01,0.011,1535.507,1564.947,1.002
"K_uu_weight[31, 38]",0.734,0.375,0.181,1.457,0.009,0.011,1507.479,1472.286,1.002
"K_uu_weight[31, 39]",0.675,0.357,0.157,1.367,0.009,0.01,1471.31,1510.315,1.002
"K_uu_weight[31, 40]",0.613,0.337,0.139,1.277,0.009,0.01,1433.65,1376.251,1.003
"K_uu_weight[31, 41]",0.552,0.317,0.103,1.17,0.008,0.009,1398.094,1050.131,1.002
"K_uu_weight[31, 42]",0.493,0.296,0.08,1.067,0.008,0.009,1360.919,1056.67,1.002
"K_uu_weight[31, 43]",0.435,0.275,0.056,0.966,0.007,0.008,1267.076,1031.21,1.003
"K_uu_weight[31, 44]",0.381,0.254,0.04,0.868,0.007,0.007,1195.6,1031.076,1.003
"K_uu_weight[31, 45]",0.331,0.232,0.027,0.774,0.006,0.007,1129.238,958.107,1.003
"K_uu_weight[31, 46]",0.285,0.211,0.011,0.679,0.006,0.006,1089.916,954.04,1.003
"K_uu_weight[31, 47]",0.244,0.19,0.003,0.59,0.005,0.006,1067.482,961.65,1.003
"K_uu_weight[31, 48]",0.207,0.17,0.002,0.512,0.005,0.005,1051.79,935.373,1.003
"K_uu_weight[31, 49]",0.174,0.151,0.001,0.446,0.004,0.005,1030.409,857.206,1.003
"K_uu_weight[32, 0]",0.008,0.015,0.0,0.031,0.0,0.001,951.007,905.347,1.002
"K_uu_weight[32, 1]",0.01,0.018,0.0,0.039,0.0,0.001,953.874,913.235,1.002
"K_uu_weight[32, 2]",0.013,0.022,0.0,0.048,0.001,0.001,960.797,945.835,1.002
"K_uu_weight[32, 3]",0.017,0.027,0.0,0.061,0.001,0.001,962.423,945.835,1.002
"K_uu_weight[32, 4]",0.022,0.032,0.0,0.076,0.001,0.001,963.535,932.445,1.002
"K_uu_weight[32, 5]",0.028,0.038,0.0,0.093,0.001,0.002,966.861,937.037,1.002
"K_uu_weight[32, 6]",0.035,0.046,0.0,0.114,0.001,0.002,970.521,946.04,1.003
"K_uu_weight[32, 7]",0.043,0.055,0.0,0.139,0.001,0.002,974.482,946.04,1.003
"K_uu_weight[32, 8]",0.054,0.064,0.0,0.167,0.002,0.002,979.327,990.511,1.003
"K_uu_weight[32, 9]",0.067,0.076,0.0,0.198,0.002,0.003,981.633,886.855,1.003
"K_uu_weight[32, 10]",0.082,0.088,0.0,0.233,0.002,0.003,986.145,886.855,1.003
"K_uu_weight[32, 11]",0.1,0.102,0.0,0.276,0.003,0.004,995.514,954.683,1.003
"K_uu_weight[32, 12]",0.121,0.117,0.0,0.324,0.003,0.004,1001.766,916.769,1.003
"K_uu_weight[32, 13]",0.146,0.134,0.001,0.381,0.004,0.004,1015.165,907.841,1.003
"K_uu_weight[32, 14]",0.174,0.151,0.001,0.446,0.004,0.005,1030.409,857.206,1.003
"K_uu_weight[32, 15]",0.207,0.17,0.002,0.512,0.005,0.005,1051.79,935.373,1.003
"K_uu_weight[32, 16]",0.244,0.19,0.003,0.59,0.005,0.006,1067.482,961.65,1.003
"K_uu_weight[32, 17]",0.285,0.211,0.011,0.679,0.006,0.006,1089.916,954.04,1.003
"K_uu_weight[32, 18]",0.331,0.232,0.027,0.774,0.006,0.007,1129.238,958.107,1.003
"K_uu_weight[32, 19]",0.381,0.254,0.04,0.868,0.007,0.007,1195.6,1031.076,1.003
"K_uu_weight[32, 20]",0.435,0.275,0.056,0.966,0.007,0.008,1267.076,1031.21,1.003
"K_uu_weight[32, 21]",0.493,0.296,0.08,1.067,0.008,0.009,1360.919,1056.67,1.002
"K_uu_weight[32, 22]",0.552,0.317,0.103,1.17,0.008,0.009,1398.094,1050.131,1.002
"K_uu_weight[32, 23]",0.613,0.337,0.139,1.277,0.009,0.01,1433.65,1376.251,1.003
"K_uu_weight[32, 24]",0.675,0.357,0.157,1.367,0.009,0.01,1471.31,1510.315,1.002
"K_uu_weight[32, 25]",0.734,0.375,0.181,1.457,0.009,0.011,1507.479,1472.286,1.002
"K_uu_weight[32, 26]",0.791,0.393,0.244,1.577,0.01,0.011,1535.507,1564.947,1.002
"K_uu_weight[32, 27]",0.843,0.409,0.263,1.639,0.01,0.011,1545.585,1601.327,1.002
"K_uu_weight[32, 28]",0.889,0.423,0.274,1.696,0.01,0.012,1527.299,1630.263,1.001
"K_uu_weight[32, 29]",0.926,0.434,0.311,1.772,0.011,0.012,1511.794,1637.989,1.001
"K_uu_weight[32, 30]",0.954,0.443,0.325,1.812,0.011,0.012,1516.778,1582.253,1.001
"K_uu_weight[32, 31]",0.971,0.448,0.333,1.841,0.011,0.012,1504.277,1582.253,1.001
"K_uu_weight[32, 32]",0.977,0.45,0.336,1.851,0.011,0.012,1502.823,1556.212,1.001
"K_uu_weight[32, 33]",0.971,0.448,0.333,1.841,0.011,0.012,1504.277,1582.253,1.001
"K_uu_weight[32, 34]",0.954,0.443,0.325,1.812,0.011,0.012,1516.778,1582.253,1.001
"K_uu_weight[32, 35]",0.926,0.434,0.311,1.772,0.011,0.012,1511.794,1637.989,1.001
"K_uu_weight[32, 36]",0.889,0.423,0.274,1.696,0.01,0.012,1527.299,1630.263,1.001
"K_uu_weight[32, 37]",0.843,0.409,0.263,1.639,0.01,0.011,1545.585,1601.327,1.002
"K_uu_weight[32, 38]",0.791,0.393,0.244,1.577,0.01,0.011,1535.507,1564.947,1.002
"K_uu_weight[32, 39]",0.734,0.375,0.181,1.457,0.009,0.011,1507.479,1472.286,1.002
"K_uu_weight[32, 40]",0.675,0.357,0.157,1.367,0.009,0.01,1471.31,1510.315,1.002
"K_uu_weight[32, 41]",0.613,0.337,0.139,1.277,0.009,0.01,1433.65,1376.251,1.003
"K_uu_weight[32, 42]",0.552,0.317,0.103,1.17,0.008,0.009,1398.094,1050.131,1.002
"K_uu_weight[32, 43]",0.493,0.296,0.08,1.067,0.008,0.009,1360.919,1056.67,1.002
"K_uu_weight[32, 44]",0.435,0.275,0.056,0.966,0.007,0.008,1267.076,1031.21,1.003
"K_uu_weight[32, 45]",0.381,0.254,0.04,0.868,0.007,0.007,1195.6,1031.076,1.003
"K_uu_weight[32, 46]",0.331,0.232,0.027,0.774,0.006,0.007,1129.238,958.107,1.003
"K_uu_weight[32, 47]",0.285,0.211,0.011,0.679,0.006,0.006,1089.916,954.04,1.003
"K_uu_weight[32, 48]",0.244,0.19,0.003,0.59,0.005,0.006,1067.482,961.65,1.003
"K_uu_weight[32, 49]",0.207,0.17,0.002,0.512,0.005,0.005,1051.79,935.373,1.003
"K_uu_weight[33, 0]",0.006,0.012,0.0,0.025,0.0,0.001,947.598,905.347,1.002
"K_uu_weight[33, 1]",0.008,0.015,0.0,0.031,0.0,0.001,951.007,905.347,1.002
"K_uu_weight[33, 2]",0.01,0.018,0.0,0.039,0.0,0.001,953.874,913.235,1.002
"K_uu_weight[33, 3]",0.013,0.022,0.0,0.048,0.001,0.001,960.797,945.835,1.002
"K_uu_weight[33, 4]",0.017,0.027,0.0,0.061,0.001,0.001,962.423,945.835,1.002
"K_uu_weight[33, 5]",0.022,0.032,0.0,0.076,0.001,0.001,963.535,932.445,1.002
"K_uu_weight[33, 6]",0.028,0.038,0.0,0.093,0.001,0.002,966.861,937.037,1.002
"K_uu_weight[33, 7]",0.035,0.046,0.0,0.114,0.001,0.002,970.521,946.04,1.003
"K_uu_weight[33, 8]",0.043,0.055,0.0,0.139,0.001,0.002,974.482,946.04,1.003
"K_uu_weight[33, 9]",0.054,0.064,0.0,0.167,0.002,0.002,979.327,990.511,1.003
"K_uu_weight[33, 10]",0.067,0.076,0.0,0.198,0.002,0.003,981.633,886.855,1.003
"K_uu_weight[33, 11]",0.082,0.088,0.0,0.233,0.002,0.003,986.145,886.855,1.003
"K_uu_weight[33, 12]",0.1,0.102,0.0,0.276,0.003,0.004,995.514,954.683,1.003
"K_uu_weight[33, 13]",0.121,0.117,0.0,0.324,0.003,0.004,1001.766,916.769,1.003
"K_uu_weight[33, 14]",0.146,0.134,0.001,0.381,0.004,0.004,1015.165,907.841,1.003
"K_uu_weight[33, 15]",0.174,0.151,0.001,0.446,0.004,0.005,1030.409,857.206,1.003
"K_uu_weight[33, 16]",0.207,0.17,0.002,0.512,0.005,0.005,1051.79,935.373,1.003
"K_uu_weight[33, 17]",0.244,0.19,0.003,0.59,0.005,0.006,1067.482,961.65,1.003
"K_uu_weight[33, 18]",0.285,0.211,0.011,0.679,0.006,0.006,1089.916,954.04,1.003
"K_uu_weight[33, 19]",0.331,0.232,0.027,0.774,0.006,0.007,1129.238,958.107,1.003
"K_uu_weight[33, 20]",0.381,0.254,0.04,0.868,0.007,0.007,1195.6,1031.076,1.003
"K_uu_weight[33, 21]",0.435,0.275,0.056,0.966,0.007,0.008,1267.076,1031.21,1.003
"K_uu_weight[33, 22]",0.493,0.296,0.08,1.067,0.008,0.009,1360.919,1056.67,1.002
"K_uu_weight[33, 23]",0.552,0.317,0.103,1.17,0.008,0.009,1398.094,1050.131,1.002
"K_uu_weight[33, 24]",0.613,0.337,0.139,1.277,0.009,0.01,1433.65,1376.251,1.003
"K_uu_weight[33, 25]",0.675,0.357,0.157,1.367,0.009,0.01,1471.31,1510.315,1.002
"K_uu_weight[33, 26]",0.734,0.375,0.181,1.457,0.009,0.011,1507.479,1472.286,1.002
"K_uu_weight[33, 27]",0.791,0.393,0.244,1.577,0.01,0.011,1535.507,1564.947,1.002
"K_uu_weight[33, 28]",0.843,0.409,0.263,1.639,0.01,0.011,1545.585,1601.327,1.002
"K_uu_weight[33, 29]",0.889,0.423,0.274,1.696,0.01,0.012,1527.299,1630.263,1.001
"K_uu_weight[33, 30]",0.926,0.434,0.311,1.772,0.011,0.012,1511.794,1637.989,1.001
"K_uu_weight[33, 31]",0.954,0.443,0.325,1.812,0.011,0.012,1516.778,1582.253,1.001
"K_uu_weight[33, 32]",0.971,0.448,0.333,1.841,0.011,0.012,1504.277,1582.253,1.001
"K_uu_weight[33, 33]",0.977,0.45,0.336,1.851,0.011,0.012,1502.823,1556.212,1.001
"K_uu_weight[33, 34]",0.971,0.448,0.333,1.841,0.011,0.012,1504.277,1582.253,1.001
"K_uu_weight[33, 35]",0.954,0.443,0.325,1.812,0.011,0.012,1516.778,1582.253,1.001
"K_uu_weight[33, 36]",0.926,0.434,0.311,1.772,0.011,0.012,1511.794,1637.989,1.001
"K_uu_weight[33, 37]",0.889,0.423,0.274,1.696,0.01,0.012,1527.299,1630.263,1.001
"K_uu_weight[33, 38]",0.843,0.409,0.263,1.639,0.01,0.011,1545.585,1601.327,1.002
"K_uu_weight[33, 39]",0.791,0.393,0.244,1.577,0.01,0.011,1535.507,1564.947,1.002
"K_uu_weight[33, 40]",0.734,0.375,0.181,1.457,0.009,0.011,1507.479,1472.286,1.002
"K_uu_weight[33, 41]",0.675,0.357,0.157,1.367,0.009,0.01,1471.31,1510.315,1.002
"K_uu_weight[33, 42]",0.613,0.337,0.139,1.277,0.009,0.01,1433.65,1376.251,1.003
"K_uu_weight[33, 43]",0.552,0.317,0.103,1.17,0.008,0.009,1398.094,1050.131,1.002
"K_uu_weight[33, 44]",0.493,0.296,0.08,1.067,0.008,0.009,1360.919,1056.67,1.002
"K_uu_weight[33, 45]",0.435,0.275,0.056,0.966,0.007,0.008,1267.076,1031.21,1.003
"K_uu_weight[33, 46]",0.381,0.254,0.04,0.868,0.007,0.007,1195.6,1031.076,1.003
"K_uu_weight[33, 47]",0.331,0.232,0.027,0.774,0.006,0.007,1129.238,958.107,1.003
"K_uu_weight[33, 48]",0.285,0.211,0.011,0.679,0.006,0.006,1089.916,954.04,1.003
"K_uu_weight[33, 49]",0.244,0.19,0.003,0.59,0.005,0.006,1067.482,961.65,1.003
"K_uu_weight[34, 0]",0.005,0.01,0.0,0.019,0.0,0.001,945.116,905.347,1.002
"K_uu_weight[34, 1]",0.006,0.012,0.0,0.025,0.0,0.001,947.598,905.347,1.002
"K_uu_weight[34, 2]",0.008,0.015,0.0,0.031,0.0,0.001,951.007,905.347,1.002
"K_uu_weight[34, 3]",0.01,0.018,0.0,0.039,0.0,0.001,953.874,913.235,1.002
"K_uu_weight[34, 4]",0.013,0.022,0.0,0.048,0.001,0.001,960.797,945.835,1.002
"K_uu_weight[34, 5]",0.017,0.027,0.0,0.061,0.001,0.001,962.423,945.835,1.002
"K_uu_weight[34, 6]",0.022,0.032,0.0,0.076,0.001,0.001,963.535,932.445,1.002
"K_uu_weight[34, 7]",0.028,0.038,0.0,0.093,0.001,0.002,966.861,937.037,1.002
"K_uu_weight[34, 8]",0.035,0.046,0.0,0.114,0.001,0.002,970.521,946.04,1.003
"K_uu_weight[34, 9]",0.043,0.055,0.0,0.139,0.001,0.002,974.482,946.04,1.003
"K_uu_weight[34, 10]",0.054,0.064,0.0,0.167,0.002,0.002,979.327,990.511,1.003
"K_uu_weight[34, 11]",0.067,0.076,0.0,0.198,0.002,0.003,981.633,886.855,1.003
"K_uu_weight[34, 12]",0.082,0.088,0.0,0.233,0.002,0.003,986.145,886.855,1.003
"K_uu_weight[34, 13]",0.1,0.102,0.0,0.276,0.003,0.004,995.514,954.683,1.003
"K_uu_weight[34, 14]",0.121,0.117,0.0,0.324,0.003,0.004,1001.766,916.769,1.003
"K_uu_weight[34, 15]",0.146,0.134,0.001,0.381,0.004,0.004,1015.165,907.841,1.003
"K_uu_weight[34, 16]",0.174,0.151,0.001,0.446,0.004,0.005,1030.409,857.206,1.003
"K_uu_weight[34, 17]",0.207,0.17,0.002,0.512,0.005,0.005,1051.79,935.373,1.003
"K_uu_weight[34, 18]",0.244,0.19,0.003,0.59,0.005,0.006,1067.482,961.65,1.003
"K_uu_weight[34, 19]",0.285,0.211,0.011,0.679,0.006,0.006,1089.916,954.04,1.003
"K_uu_weight[34, 20]",0.331,0.232,0.027,0.774,0.006,0.007,1129.238,958.107,1.003
"K_uu_weight[34, 21]",0.381,0.254,0.04,0.868,0.007,0.007,1195.6,1031.076,1.003
"K_uu_weight[34, 22]",0.435,0.275,0.056,0.966,0.007,0.008,1267.076,1031.21,1.003
"K_uu_weight[34, 23]",0.493,0.296,0.08,1.067,0.008,0.009,1360.919,1056.67,1.002
"K_uu_weight[34, 24]",0.552,0.317,0.103,1.17,0.008,0.009,1398.094,1050.131,1.002
"K_uu_weight[34, 25]",0.613,0.337,0.139,1.277,0.009,0.01,1433.65,1376.251,1.003
"K_uu_weight[34, 26]",0.675,0.357,0.157,1.367,0.009,0.01,1471.31,1510.315,1.002
"K_uu_weight[34, 27]",0.734,0.375,0.181,1.457,0.009,0.011,1507.479,1472.286,1.002
"K_uu_weight[34, 28]",0.791,0.393,0.244,1.577,0.01,0.011,1535.507,1564.947,1.002
"K_uu_weight[34, 29]",0.843,0.409,0.263,1.639,0.01,0.011,1545.585,1601.327,1.002
"K_uu_weight[34, 30]",0.889,0.423,0.274,1.696,0.01,0.012,1527.299,1630.263,1.001
"K_uu_weight[34, 31]",0.926,0.434,0.311,1.772,0.011,0.012,1511.794,1637.989,1.001
"K_uu_weight[34, 32]",0.954,0.443,0.325,1.812,0.011,0.012,1516.778,1582.253,1.001
"K_uu_weight[34, 33]",0.971,0.448,0.333,1.841,0.011,0.012,1504.277,1582.253,1.001
"K_uu_weight[34, 34]",0.977,0.45,0.336,1.851,0.011,0.012,1502.823,1556.212,1.001
"K_uu_weight[34, 35]",0.971,0.448,0.333,1.841,0.011,0.012,1504.277,1582.253,1.001
"K_uu_weight[34, 36]",0.954,0.443,0.325,1.812,0.011,0.012,1516.778,1582.253,1.001
"K_uu_weight[34, 37]",0.926,0.434,0.311,1.772,0.011,0.012,1511.794,1637.989,1.001
"K_uu_weight[34, 38]",0.889,0.423,0.274,1.696,0.01,0.012,1527.299,1630.263,1.001
"K_uu_weight[34, 39]",0.843,0.409,0.263,1.639,0.01,0.011,1545.585,1601.327,1.002
"K_uu_weight[34, 40]",0.791,0.393,0.244,1.577,0.01,0.011,1535.507,1564.947,1.002
"K_uu_weight[34, 41]",0.734,0.375,0.181,1.457,0.009,0.011,1507.479,1472.286,1.002
"K_uu_weight[34, 42]",0.675,0.357,0.157,1.367,0.009,0.01,1471.31,1510.315,1.002
"K_uu_weight[34, 43]",0.613,0.337,0.139,1.277,0.009,0.01,1433.65,1376.251,1.003
"K_uu_weight[34, 44]",0.552,0.317,0.103,1.17,0.008,0.009,1398.094,1050.131,1.002
"K_uu_weight[34, 45]",0.493,0.296,0.08,1.067,0.008,0.009,1360.919,1056.67,1.002
"K_uu_weight[34, 46]",0.435,0.275,0.056,0.966,0.007,0.008,1267.076,1031.21,1.003
"K_uu_weight[34, 47]",0.381,0.254,0.04,0.868,0.007,0.007,1195.6,1031.076,1.003
"K_uu_weight[34, 48]",0.331,0.232,0.027,0.774,0.006,0.007,1129.238,958.107,1.003
"K_uu_weight[34, 49]",0.285,0.211,0.011,0.679,0.006,0.006,1089.916,954.04,1.003
"K_uu_weight[35, 0]",0.004,0.008,0.0,0.015,0.0,0.0,942.401,878.947,1.002
"K_uu_weight[35, 1]",0.005,0.01,0.0,0.019,0.0,0.001,945.116,905.347,1.002
"K_uu_weight[35, 2]",0.006,0.012,0.0,0.025,0.0,0.001,947.598,905.347,1.002
"K_uu_weight[35, 3]",0.008,0.015,0.0,0.031,0.0,0.001,951.007,905.347,1.002
"K_uu_weight[35, 4]",0.01,0.018,0.0,0.039,0.0,0.001,953.874,913.235,1.002
"K_uu_weight[35, 5]",0.013,0.022,0.0,0.048,0.001,0.001,960.797,945.835,1.002
"K_uu_weight[35, 6]",0.017,0.027,0.0,0.061,0.001,0.001,962.423,945.835,1.002
"K_uu_weight[35, 7]",0.022,0.032,0.0,0.076,0.001,0.001,963.535,932.445,1.002
"K_uu_weight[35, 8]",0.028,0.038,0.0,0.093,0.001,0.002,966.861,937.037,1.002
"K_uu_weight[35, 9]",0.035,0.046,0.0,0.114,0.001,0.002,970.521,946.04,1.003
"K_uu_weight[35, 10]",0.043,0.055,0.0,0.139,0.001,0.002,974.482,946.04,1.003
"K_uu_weight[35, 11]",0.054,0.064,0.0,0.167,0.002,0.002,979.327,990.511,1.003
"K_uu_weight[35, 12]",0.067,0.076,0.0,0.198,0.002,0.003,981.633,886.855,1.003
"K_uu_weight[35, 13]",0.082,0.088,0.0,0.233,0.002,0.003,986.145,886.855,1.003
"K_uu_weight[35, 14]",0.1,0.102,0.0,0.276,0.003,0.004,995.514,954.683,1.003
"K_uu_weight[35, 15]",0.121,0.117,0.0,0.324,0.003,0.004,1001.766,916.769,1.003
"K_uu_weight[35, 16]",0.146,0.134,0.001,0.381,0.004,0.004,1015.165,907.841,1.003
"K_uu_weight[35, 17]",0.174,0.151,0.001,0.446,0.004,0.005,1030.409,857.206,1.003
"K_uu_weight[35, 18]",0.207,0.17,0.002,0.512,0.005,0.005,1051.79,935.373,1.003
"K_uu_weight[35, 19]",0.244,0.19,0.003,0.59,0.005,0.006,1067.482,961.65,1.003
"K_uu_weight[35, 20]",0.285,0.211,0.011,0.679,0.006,0.006,1089.916,954.04,1.003
"K_uu_weight[35, 21]",0.331,0.232,0.027,0.774,0.006,0.007,1129.238,958.107,1.003
"K_uu_weight[35, 22]",0.381,0.254,0.04,0.868,0.007,0.007,1195.6,1031.076,1.003
"K_uu_weight[35, 23]",0.435,0.275,0.056,0.966,0.007,0.008,1267.076,1031.21,1.003
"K_uu_weight[35, 24]",0.493,0.296,0.08,1.067,0.008,0.009,1360.919,1056.67,1.002
"K_uu_weight[35, 25]",0.552,0.317,0.103,1.17,0.008,0.009,1398.094,1050.131,1.002
"K_uu_weight[35, 26]",0.613,0.337,0.139,1.277,0.009,0.01,1433.65,1376.251,1.003
"K_uu_weight[35, 27]",0.675,0.357,0.157,1.367,0.009,0.01,1471.31,1510.315,1.002
"K_uu_weight[35, 28]",0.734,0.375,0.181,1.457,0.009,0.011,1507.479,1472.286,1.002
"K_uu_weight[35, 29]",0.791,0.393,0.244,1.577,0.01,0.011,1535.507,1564.947,1.002
"K_uu_weight[35, 30]",0.843,0.409,0.263,1.639,0.01,0.011,1545.585,1601.327,1.002
"K_uu_weight[35, 31]",0.889,0.423,0.274,1.696,0.01,0.012,1527.299,1630.263,1.001
"K_uu_weight[35, 32]",0.926,0.434,0.311,1.772,0.011,0.012,1511.794,1637.989,1.001
"K_uu_weight[35, 33]",0.954,0.443,0.325,1.812,0.011,0.012,1516.778,1582.253,1.001
"K_uu_weight[35, 34]",0.971,0.448,0.333,1.841,0.011,0.012,1504.277,1582.253,1.001
"K_uu_weight[35, 35]",0.977,0.45,0.336,1.851,0.011,0.012,1502.823,1556.212,1.001
"K_uu_weight[35, 36]",0.971,0.448,0.333,1.841,0.011,0.012,1504.277,1582.253,1.001
"K_uu_weight[35, 37]",0.954,0.443,0.325,1.812,0.011,0.012,1516.778,1582.253,1.001
"K_uu_weight[35, 38]",0.926,0.434,0.311,1.772,0.011,0.012,1511.794,1637.989,1.001
"K_uu_weight[35, 39]",0.889,0.423,0.274,1.696,0.01,0.012,1527.299,1630.263,1.001
"K_uu_weight[35, 40]",0.843,0.409,0.263,1.639,0.01,0.011,1545.585,1601.327,1.002
"K_uu_weight[35, 41]",0.791,0.393,0.244,1.577,0.01,0.011,1535.507,1564.947,1.002
"K_uu_weight[35, 42]",0.734,0.375,0.181,1.457,0.009,0.011,1507.479,1472.286,1.002
"K_uu_weight[35, 43]",0.675,0.357,0.157,1.367,0.009,0.01,1471.31,1510.315,1.002
"K_uu_weight[35, 44]",0.613,0.337,0.139,1.277,0.009,0.01,1433.65,1376.251,1.003
"K_uu_weight[35, 45]",0.552,0.317,0.103,1.17,0.008,0.009,1398.094,1050.131,1.002
"K_uu_weight[35, 46]",0.493,0.296,0.08,1.067,0.008,0.009,1360.919,1056.67,1.002
"K_uu_weight[35, 47]",0.435,0.275,0.056,0.966,0.007,0.008,1267.076,1031.21,1.003
"K_uu_weight[35, 48]",0.381,0.254,0.04,0.868,0.007,0.007,1195.6,1031.076,1.003
"K_uu_weight[35, 49]",0.331,0.232,0.027,0.774,0.006,0.007,1129.238,958.107,1.003
"K_uu_weight[36, 0]",0.003,0.006,0.0,0.012,0.0,0.0,940.507,878.947,1.002
"K_uu_weight[36, 1]",0.004,0.008,0.0,0.015,0.0,0.0,942.401,878.947,1.002
"K_uu_weight[36, 2]",0.005,0.01,0.0,0.019,0.0,0.001,945.116,905.347,1.002
"K_uu_weight[36, 3]",0.006,0.012,0.0,0.025,0.0,0.001,947.598,905.347,1.002
"K_uu_weight[36, 4]",0.008,0.015,0.0,0.031,0.0,0.001,951.007,905.347,1.002
"K_uu_weight[36, 5]",0.01,0.018,0.0,0.039,0.0,0.001,953.874,913.235,1.002
"K_uu_weight[36, 6]",0.013,0.022,0.0,0.048,0.001,0.001,960.797,945.835,1.002
"K_uu_weight[36, 7]",0.017,0.027,0.0,0.061,0.001,0.001,962.423,945.835,1.002
"K_uu_weight[36, 8]",0.022,0.032,0.0,0.076,0.001,0.001,963.535,932.445,1.002
"K_uu_weight[36, 9]",0.028,0.038,0.0,0.093,0.001,0.002,966.861,937.037,1.002
"K_uu_weight[36, 10]",0.035,0.046,0.0,0.114,0.001,0.002,970.521,946.04,1.003
"K_uu_weight[36, 11]",0.043,0.055,0.0,0.139,0.001,0.002,974.482,946.04,1.003
"K_uu_weight[36, 12]",0.054,0.064,0.0,0.167,0.002,0.002,979.327,990.511,1.003
"K_uu_weight[36, 13]",0.067,0.076,0.0,0.198,0.002,0.003,981.633,886.855,1.003
"K_uu_weight[36, 14]",0.082,0.088,0.0,0.233,0.002,0.003,986.145,886.855,1.003
"K_uu_weight[36, 15]",0.1,0.102,0.0,0.276,0.003,0.004,995.514,954.683,1.003
"K_uu_weight[36, 16]",0.121,0.117,0.0,0.324,0.003,0.004,1001.766,916.769,1.003
"K_uu_weight[36, 17]",0.146,0.134,0.001,0.381,0.004,0.004,1015.165,907.841,1.003
"K_uu_weight[36, 18]",0.174,0.151,0.001,0.446,0.004,0.005,1030.409,857.206,1.003
"K_uu_weight[36, 19]",0.207,0.17,0.002,0.512,0.005,0.005,1051.79,935.373,1.003
"K_uu_weight[36, 20]",0.244,0.19,0.003,0.59,0.005,0.006,1067.482,961.65,1.003
"K_uu_weight[36, 21]",0.285,0.211,0.011,0.679,0.006,0.006,1089.916,954.04,1.003
"K_uu_weight[36, 22]",0.331,0.232,0.027,0.774,0.006,0.007,1129.238,958.107,1.003
"K_uu_weight[36, 23]",0.381,0.254,0.04,0.868,0.007,0.007,1195.6,1031.076,1.003
"K_uu_weight[36, 24]",0.435,0.275,0.056,0.966,0.007,0.008,1267.076,1031.21,1.003
"K_uu_weight[36, 25]",0.493,0.296,0.08,1.067,0.008,0.009,1360.919,1056.67,1.002
"K_uu_weight[36, 26]",0.552,0.317,0.103,1.17,0.008,0.009,1398.094,1050.131,1.002
"K_uu_weight[36, 27]",0.613,0.337,0.139,1.277,0.009,0.01,1433.65,1376.251,1.003
"K_uu_weight[36, 28]",0.675,0.357,0.157,1.367,0.009,0.01,1471.31,1510.315,1.002
"K_uu_weight[36, 29]",0.734,0.375,0.181,1.457,0.009,0.011,1507.479,1472.286,1.002
"K_uu_weight[36, 30]",0.791,0.393,0.244,1.577,0.01,0.011,1535.507,1564.947,1.002
"K_uu_weight[36, 31]",0.843,0.409,0.263,1.639,0.01,0.011,1545.585,1601.327,1.002
"K_uu_weight[36, 32]",0.889,0.423,0.274,1.696,0.01,0.012,1527.299,1630.263,1.001
"K_uu_weight[36, 33]",0.926,0.434,0.311,1.772,0.011,0.012,1511.794,1637.989,1.001
"K_uu_weight[36, 34]",0.954,0.443,0.325,1.812,0.011,0.012,1516.778,1582.253,1.001
"K_uu_weight[36, 35]",0.971,0.448,0.333,1.841,0.011,0.012,1504.277,1582.253,1.001
"K_uu_weight[36, 36]",0.977,0.45,0.336,1.851,0.011,0.012,1502.823,1556.212,1.001
"K_uu_weight[36, 37]",0.971,0.448,0.333,1.841,0.011,0.012,1504.277,1582.253,1.001
"K_uu_weight[36, 38]",0.954,0.443,0.325,1.812,0.011,0.012,1516.778,1582.253,1.001
"K_uu_weight[36, 39]",0.926,0.434,0.311,1.772,0.011,0.012,1511.794,1637.989,1.001
"K_uu_weight[36, 40]",0.889,0.423,0.274,1.696,0.01,0.012,1527.299,1630.263,1.001
"K_uu_weight[36, 41]",0.843,0.409,0.263,1.639,0.01,0.011,1545.585,1601.327,1.002
"K_uu_weight[36, 42]",0.791,0.393,0.244,1.577,0.01,0.011,1535.507,1564.947,1.002
"K_uu_weight[36, 43]",0.734,0.375,0.181,1.457,0.009,0.011,1507.479,1472.286,1.002
"K_uu_weight[36, 44]",0.675,0.357,0.157,1.367,0.009,0.01,1471.31,1510.315,1.002
"K_uu_weight[36, 45]",0.613,0.337,0.139,1.277,0.009,0.01,1433.65,1376.251,1.003
"K_uu_weight[36, 46]",0.552,0.317,0.103,1.17,0.008,0.009,1398.094,1050.131,1.002
"K_uu_weight[36, 47]",0.493,0.296,0.08,1.067,0.008,0.009,1360.919,1056.67,1.002
"K_uu_weight[36, 48]",0.435,0.275,0.056,0.966,0.007,0.008,1267.076,1031.21,1.003
"K_uu_weight[36, 49]",0.381,0.254,0.04,0.868,0.007,0.007,1195.6,1031.076,1.003
"K_uu_weight[37, 0]",0.002,0.005,0.0,0.009,0.0,0.0,939.435,878.947,1.002
"K_uu_weight[37, 1]",0.003,0.006,0.0,0.012,0.0,0.0,940.507,878.947,1.002
"K_uu_weight[37, 2]",0.004,0.008,0.0,0.015,0.0,0.0,942.401,878.947,1.002
"K_uu_weight[37, 3]",0.005,0.01,0.0,0.019,0.0,0.001,945.116,905.347,1.002
"K_uu_weight[37, 4]",0.006,0.012,0.0,0.025,0.0,0.001,947.598,905.347,1.002
"K_uu_weight[37, 5]",0.008,0.015,0.0,0.031,0.0,0.001,951.007,905.347,1.002
"K_uu_weight[37, 6]",0.01,0.018,0.0,0.039,0.0,0.001,953.874,913.235,1.002
"K_uu_weight[37, 7]",0.013,0.022,0.0,0.048,0.001,0.001,960.797,945.835,1.002
"K_uu_weight[37, 8]",0.017,0.027,0.0,0.061,0.001,0.001,962.423,945.835,1.002
"K_uu_weight[37, 9]",0.022,0.032,0.0,0.076,0.001,0.001,963.535,932.445,1.002
"K_uu_weight[37, 10]",0.028,0.038,0.0,0.093,0.001,0.002,966.861,937.037,1.002
"K_uu_weight[37, 11]",0.035,0.046,0.0,0.114,0.001,0.002,970.521,946.04,1.003
"K_uu_weight[37, 12]",0.043,0.055,0.0,0.139,0.001,0.002,974.482,946.04,1.003
"K_uu_weight[37, 13]",0.054,0.064,0.0,0.167,0.002,0.002,979.327,990.511,1.003
"K_uu_weight[37, 14]",0.067,0.076,0.0,0.198,0.002,0.003,981.633,886.855,1.003
"K_uu_weight[37, 15]",0.082,0.088,0.0,0.233,0.002,0.003,986.145,886.855,1.003
"K_uu_weight[37, 16]",0.1,0.102,0.0,0.276,0.003,0.004,995.514,954.683,1.003
"K_uu_weight[37, 17]",0.121,0.117,0.0,0.324,0.003,0.004,1001.766,916.769,1.003
"K_uu_weight[37, 18]",0.146,0.134,0.001,0.381,0.004,0.004,1015.165,907.841,1.003
"K_uu_weight[37, 19]",0.174,0.151,0.001,0.446,0.004,0.005,1030.409,857.206,1.003
"K_uu_weight[37, 20]",0.207,0.17,0.002,0.512,0.005,0.005,1051.79,935.373,1.003
"K_uu_weight[37, 21]",0.244,0.19,0.003,0.59,0.005,0.006,1067.482,961.65,1.003
"K_uu_weight[37, 22]",0.285,0.211,0.011,0.679,0.006,0.006,1089.916,954.04,1.003
"K_uu_weight[37, 23]",0.331,0.232,0.027,0.774,0.006,0.007,1129.238,958.107,1.003
"K_uu_weight[37, 24]",0.381,0.254,0.04,0.868,0.007,0.007,1195.6,1031.076,1.003
"K_uu_weight[37, 25]",0.435,0.275,0.056,0.966,0.007,0.008,1267.076,1031.21,1.003
"K_uu_weight[37, 26]",0.493,0.296,0.08,1.067,0.008,0.009,1360.919,1056.67,1.002
"K_uu_weight[37, 27]",0.552,0.317,0.103,1.17,0.008,0.009,1398.094,1050.131,1.002
"K_uu_weight[37, 28]",0.613,0.337,0.139,1.277,0.009,0.01,1433.65,1376.251,1.003
"K_uu_weight[37, 29]",0.675,0.357,0.157,1.367,0.009,0.01,1471.31,1510.315,1.002
"K_uu_weight[37, 30]",0.734,0.375,0.181,1.457,0.009,0.011,1507.479,1472.286,1.002
"K_uu_weight[37, 31]",0.791,0.393,0.244,1.577,0.01,0.011,1535.507,1564.947,1.002
"K_uu_weight[37, 32]",0.843,0.409,0.263,1.639,0.01,0.011,1545.585,1601.327,1.002
"K_uu_weight[37, 33]",0.889,0.423,0.274,1.696,0.01,0.012,1527.299,1630.263,1.001
"K_uu_weight[37, 34]",0.926,0.434,0.311,1.772,0.011,0.012,1511.794,1637.989,1.001
"K_uu_weight[37, 35]",0.954,0.443,0.325,1.812,0.011,0.012,1516.778,1582.253,1.001
"K_uu_weight[37, 36]",0.971,0.448,0.333,1.841,0.011,0.012,1504.277,1582.253,1.001
"K_uu_weight[37, 37]",0.977,0.45,0.336,1.851,0.011,0.012,1502.823,1556.212,1.001
"K_uu_weight[37, 38]",0.971,0.448,0.333,1.841,0.011,0.012,1504.277,1582.253,1.001
"K_uu_weight[37, 39]",0.954,0.443,0.325,1.812,0.011,0.012,1516.778,1582.253,1.001
"K_uu_weight[37, 40]",0.926,0.434,0.311,1.772,0.011,0.012,1511.794,1637.989,1.001
"K_uu_weight[37, 41]",0.889,0.423,0.274,1.696,0.01,0.012,1527.299,1630.263,1.001
"K_uu_weight[37, 42]",0.843,0.409,0.263,1.639,0.01,0.011,1545.585,1601.327,1.002
"K_uu_weight[37, 43]",0.791,0.393,0.244,1.577,0.01,0.011,1535.507,1564.947,1.002
"K_uu_weight[37, 44]",0.734,0.375,0.181,1.457,0.009,0.011,1507.479,1472.286,1.002
"K_uu_weight[37, 45]",0.675,0.357,0.157,1.367,0.009,0.01,1471.31,1510.315,1.002
"K_uu_weight[37, 46]",0.613,0.337,0.139,1.277,0.009,0.01,1433.65,1376.251,1.003
"K_uu_weight[37, 47]",0.552,0.317,0.103,1.17,0.008,0.009,1398.094,1050.131,1.002
"K_uu_weight[37, 48]",0.493,0.296,0.08,1.067,0.008,0.009,1360.919,1056.67,1.002
"K_uu_weight[37, 49]",0.435,0.275,0.056,0.966,0.007,0.008,1267.076,1031.21,1.003
"K_uu_weight[38, 0]",0.002,0.004,0.0,0.007,0.0,0.0,937.7,905.347,1.002
"K_uu_weight[38, 1]",0.002,0.005,0.0,0.009,0.0,0.0,939.435,878.947,1.002
"K_uu_weight[38, 2]",0.003,0.006,0.0,0.012,0.0,0.0,940.507,878.947,1.002
"K_uu_weight[38, 3]",0.004,0.008,0.0,0.015,0.0,0.0,942.401,878.947,1.002
"K_uu_weight[38, 4]",0.005,0.01,0.0,0.019,0.0,0.001,945.116,905.347,1.002
"K_uu_weight[38, 5]",0.006,0.012,0.0,0.025,0.0,0.001,947.598,905.347,1.002
"K_uu_weight[38, 6]",0.008,0.015,0.0,0.031,0.0,0.001,951.007,905.347,1.002
"K_uu_weight[38, 7]",0.01,0.018,0.0,0.039,0.0,0.001,953.874,913.235,1.002
"K_uu_weight[38, 8]",0.013,0.022,0.0,0.048,0.001,0.001,960.797,945.835,1.002
"K_uu_weight[38, 9]",0.017,0.027,0.0,0.061,0.001,0.001,962.423,945.835,1.002
"K_uu_weight[38, 10]",0.022,0.032,0.0,0.076,0.001,0.001,963.535,932.445,1.002
"K_uu_weight[38, 11]",0.028,0.038,0.0,0.093,0.001,0.002,966.861,937.037,1.002
"K_uu_weight[38, 12]",0.035,0.046,0.0,0.114,0.001,0.002,970.521,946.04,1.003
"K_uu_weight[38, 13]",0.043,0.055,0.0,0.139,0.001,0.002,974.482,946.04,1.003
"K_uu_weight[38, 14]",0.054,0.064,0.0,0.167,0.002,0.002,979.327,990.511,1.003
"K_uu_weight[38, 15]",0.067,0.076,0.0,0.198,0.002,0.003,981.633,886.855,1.003
"K_uu_weight[38, 16]",0.082,0.088,0.0,0.233,0.002,0.003,986.145,886.855,1.003
"K_uu_weight[38, 17]",0.1,0.102,0.0,0.276,0.003,0.004,995.514,954.683,1.003
"K_uu_weight[38, 18]",0.121,0.117,0.0,0.324,0.003,0.004,1001.766,916.769,1.003
"K_uu_weight[38, 19]",0.146,0.134,0.001,0.381,0.004,0.004,1015.165,907.841,1.003
"K_uu_weight[38, 20]",0.174,0.151,0.001,0.446,0.004,0.005,1030.409,857.206,1.003
"K_uu_weight[38, 21]",0.207,0.17,0.002,0.512,0.005,0.005,1051.79,935.373,1.003
"K_uu_weight[38, 22]",0.244,0.19,0.003,0.59,0.005,0.006,1067.482,961.65,1.003
"K_uu_weight[38, 23]",0.285,0.211,0.011,0.679,0.006,0.006,1089.916,954.04,1.003
"K_uu_weight[38, 24]",0.331,0.232,0.027,0.774,0.006,0.007,1129.238,958.107,1.003
"K_uu_weight[38, 25]",0.381,0.254,0.04,0.868,0.007,0.007,1195.6,1031.076,1.003
"K_uu_weight[38, 26]",0.435,0.275,0.056,0.966,0.007,0.008,1267.076,1031.21,1.003
"K_uu_weight[38, 27]",0.493,0.296,0.08,1.067,0.008,0.009,1360.919,1056.67,1.002
"K_uu_weight[38, 28]",0.552,0.317,0.103,1.17,0.008,0.009,1398.094,1050.131,1.002
"K_uu_weight[38, 29]",0.613,0.337,0.139,1.277,0.009,0.01,1433.65,1376.251,1.003
"K_uu_weight[38, 30]",0.675,0.357,0.157,1.367,0.009,0.01,1471.31,1510.315,1.002
"K_uu_weight[38, 31]",0.734,0.375,0.181,1.457,0.009,0.011,1507.479,1472.286,1.002
"K_uu_weight[38, 32]",0.791,0.393,0.244,1.577,0.01,0.011,1535.507,1564.947,1.002
"K_uu_weight[38, 33]",0.843,0.409,0.263,1.639,0.01,0.011,1545.585,1601.327,1.002
"K_uu_weight[38, 34]",0.889,0.423,0.274,1.696,0.01,0.012,1527.299,1630.263,1.001
"K_uu_weight[38, 35]",0.926,0.434,0.311,1.772,0.011,0.012,1511.794,1637.989,1.001
"K_uu_weight[38, 36]",0.954,0.443,0.325,1.812,0.011,0.012,1516.778,1582.253,1.001
"K_uu_weight[38, 37]",0.971,0.448,0.333,1.841,0.011,0.012,1504.277,1582.253,1.001
"K_uu_weight[38, 38]",0.977,0.45,0.336,1.851,0.011,0.012,1502.823,1556.212,1.001
"K_uu_weight[38, 39]",0.971,0.448,0.333,1.841,0.011,0.012,1504.277,1582.253,1.001
"K_uu_weight[38, 40]",0.954,0.443,0.325,1.812,0.011,0.012,1516.778,1582.253,1.001
"K_uu_weight[38, 41]",0.926,0.434,0.311,1.772,0.011,0.012,1511.794,1637.989,1.001
"K_uu_weight[38, 42]",0.889,0.423,0.274,1.696,0.01,0.012,1527.299,1630.263,1.001
"K_uu_weight[38, 43]",0.843,0.409,0.263,1.639,0.01,0.011,1545.585,1601.327,1.002
"K_uu_weight[38, 44]",0.791,0.393,0.244,1.577,0.01,0.011,1535.507,1564.947,1.002
"K_uu_weight[38, 45]",0.734,0.375,0.181,1.457,0.009,0.011,1507.479,1472.286,1.002
"K_uu_weight[38, 46]",0.675,0.357,0.157,1.367,0.009,0.01,1471.31,1510.315,1.002
"K_uu_weight[38, 47]",0.613,0.337,0.139,1.277,0.009,0.01,1433.65,1376.251,1.003
"K_uu_weight[38, 48]",0.552,0.317,0.103,1.17,0.008,0.009,1398.094,1050.131,1.002
"K_uu_weight[38, 49]",0.493,0.296,0.08,1.067,0.008,0.009,1360.919,1056.67,1.002
"K_uu_weight[39, 0]",0.001,0.003,0.0,0.005,0.0,0.0,935.794,905.347,1.002
"K_uu_weight[39, 1]",0.002,0.004,0.0,0.007,0.0,0.0,937.7,905.347,1.002
"K_uu_weight[39, 2]",0.002,0.005,0.0,0.009,0.0,0.0,939.435,878.947,1.002
"K_uu_weight[39, 3]",0.003,0.006,0.0,0.012,0.0,0.0,940.507,878.947,1.002
"K_uu_weight[39, 4]",0.004,0.008,0.0,0.015,0.0,0.0,942.401,878.947,1.002
"K_uu_weight[39, 5]",0.005,0.01,0.0,0.019,0.0,0.001,945.116,905.347,1.002
"K_uu_weight[39, 6]",0.006,0.012,0.0,0.025,0.0,0.001,947.598,905.347,1.002
"K_uu_weight[39, 7]",0.008,0.015,0.0,0.031,0.0,0.001,951.007,905.347,1.002
"K_uu_weight[39, 8]",0.01,0.018,0.0,0.039,0.0,0.001,953.874,913.235,1.002
"K_uu_weight[39, 9]",0.013,0.022,0.0,0.048,0.001,0.001,960.797,945.835,1.002
"K_uu_weight[39, 10]",0.017,0.027,0.0,0.061,0.001,0.001,962.423,945.835,1.002
"K_uu_weight[39, 11]",0.022,0.032,0.0,0.076,0.001,0.001,963.535,932.445,1.002
"K_uu_weight[39, 12]",0.028,0.038,0.0,0.093,0.001,0.002,966.861,937.037,1.002
"K_uu_weight[39, 13]",0.035,0.046,0.0,0.114,0.001,0.002,970.521,946.04,1.003
"K_uu_weight[39, 14]",0.043,0.055,0.0,0.139,0.001,0.002,974.482,946.04,1.003
"K_uu_weight[39, 15]",0.054,0.064,0.0,0.167,0.002,0.002,979.327,990.511,1.003
"K_uu_weight[39, 16]",0.067,0.076,0.0,0.198,0.002,0.003,981.633,886.855,1.003
"K_uu_weight[39, 17]",0.082,0.088,0.0,0.233,0.002,0.003,986.145,886.855,1.003
"K_uu_weight[39, 18]",0.1,0.102,0.0,0.276,0.003,0.004,995.514,954.683,1.003
"K_uu_weight[39, 19]",0.121,0.117,0.0,0.324,0.003,0.004,1001.766,916.769,1.003
"K_uu_weight[39, 20]",0.146,0.134,0.001,0.381,0.004,0.004,1015.165,907.841,1.003
"K_uu_weight[39, 21]",0.174,0.151,0.001,0.446,0.004,0.005,1030.409,857.206,1.003
"K_uu_weight[39, 22]",0.207,0.17,0.002,0.512,0.005,0.005,1051.79,935.373,1.003
"K_uu_weight[39, 23]",0.244,0.19,0.003,0.59,0.005,0.006,1067.482,961.65,1.003
"K_uu_weight[39, 24]",0.285,0.211,0.011,0.679,0.006,0.006,1089.916,954.04,1.003
"K_uu_weight[39, 25]",0.331,0.232,0.027,0.774,0.006,0.007,1129.238,958.107,1.003
"K_uu_weight[39, 26]",0.381,0.254,0.04,0.868,0.007,0.007,1195.6,1031.076,1.003
"K_uu_weight[39, 27]",0.435,0.275,0.056,0.966,0.007,0.008,1267.076,1031.21,1.003
"K_uu_weight[39, 28]",0.493,0.296,0.08,1.067,0.008,0.009,1360.919,1056.67,1.002
"K_uu_weight[39, 29]",0.552,0.317,0.103,1.17,0.008,0.009,1398.094,1050.131,1.002
"K_uu_weight[39, 30]",0.613,0.337,0.139,1.277,0.009,0.01,1433.65,1376.251,1.003
"K_uu_weight[39, 31]",0.675,0.357,0.157,1.367,0.009,0.01,1471.31,1510.315,1.002
"K_uu_weight[39, 32]",0.734,0.375,0.181,1.457,0.009,0.011,1507.479,1472.286,1.002
"K_uu_weight[39, 33]",0.791,0.393,0.244,1.577,0.01,0.011,1535.507,1564.947,1.002
"K_uu_weight[39, 34]",0.843,0.409,0.263,1.639,0.01,0.011,1545.585,1601.327,1.002
"K_uu_weight[39, 35]",0.889,0.423,0.274,1.696,0.01,0.012,1527.299,1630.263,1.001
"K_uu_weight[39, 36]",0.926,0.434,0.311,1.772,0.011,0.012,1511.794,1637.989,1.001
"K_uu_weight[39, 37]",0.954,0.443,0.325,1.812,0.011,0.012,1516.778,1582.253,1.001
"K_uu_weight[39, 38]",0.971,0.448,0.333,1.841,0.011,0.012,1504.277,1582.253,1.001
"K_uu_weight[39, 39]",0.977,0.45,0.336,1.851,0.011,0.012,1502.823,1556.212,1.001
"K_uu_weight[39, 40]",0.971,0.448,0.333,1.841,0.011,0.012,1504.277,1582.253,1.001
"K_uu_weight[39, 41]",0.954,0.443,0.325,1.812,0.011,0.012,1516.778,1582.253,1.001
"K_uu_weight[39, 42]",0.926,0.434,0.311,1.772,0.011,0.012,1511.794,1637.989,1.001
"K_uu_weight[39, 43]",0.889,0.423,0.274,1.696,0.01,0.012,1527.299,1630.263,1.001
"K_uu_weight[39, 44]",0.843,0.409,0.263,1.639,0.01,0.011,1545.585,1601.327,1.002
"K_uu_weight[39, 45]",0.791,0.393,0.244,1.577,0.01,0.011,1535.507,1564.947,1.002
"K_uu_weight[39, 46]",0.734,0.375,0.181,1.457,0.009,0.011,1507.479,1472.286,1.002
"K_uu_weight[39, 47]",0.675,0.357,0.157,1.367,0.009,0.01,1471.31,1510.315,1.002
"K_uu_weight[39, 48]",0.613,0.337,0.139,1.277,0.009,0.01,1433.65,1376.251,1.003
"K_uu_weight[39, 49]",0.552,0.317,0.103,1.17,0.008,0.009,1398.094,1050.131,1.002
"K_uu_weight[40, 0]",0.001,0.002,0.0,0.004,0.0,0.0,934.809,905.723,1.002
"K_uu_weight[40, 1]",0.001,0.003,0.0,0.005,0.0,0.0,935.794,905.347,1.002
"K_uu_weight[40, 2]",0.002,0.004,0.0,0.007,0.0,0.0,937.7,905.347,1.002
"K_uu_weight[40, 3]",0.002,0.005,0.0,0.009,0.0,0.0,939.435,878.947,1.002
"K_uu_weight[40, 4]",0.003,0.006,0.0,0.012,0.0,0.0,940.507,878.947,1.002
"K_uu_weight[40, 5]",0.004,0.008,0.0,0.015,0.0,0.0,942.401,878.947,1.002
"K_uu_weight[40, 6]",0.005,0.01,0.0,0.019,0.0,0.001,945.116,905.347,1.002
"K_uu_weight[40, 7]",0.006,0.012,0.0,0.025,0.0,0.001,947.598,905.347,1.002
"K_uu_weight[40, 8]",0.008,0.015,0.0,0.031,0.0,0.001,951.007,905.347,1.002
"K_uu_weight[40, 9]",0.01,0.018,0.0,0.039,0.0,0.001,953.874,913.235,1.002
"K_uu_weight[40, 10]",0.013,0.022,0.0,0.048,0.001,0.001,960.797,945.835,1.002
"K_uu_weight[40, 11]",0.017,0.027,0.0,0.061,0.001,0.001,962.423,945.835,1.002
"K_uu_weight[40, 12]",0.022,0.032,0.0,0.076,0.001,0.001,963.535,932.445,1.002
"K_uu_weight[40, 13]",0.028,0.038,0.0,0.093,0.001,0.002,966.861,937.037,1.002
"K_uu_weight[40, 14]",0.035,0.046,0.0,0.114,0.001,0.002,970.521,946.04,1.003
"K_uu_weight[40, 15]",0.043,0.055,0.0,0.139,0.001,0.002,974.482,946.04,1.003
"K_uu_weight[40, 16]",0.054,0.064,0.0,0.167,0.002,0.002,979.327,990.511,1.003
"K_uu_weight[40, 17]",0.067,0.076,0.0,0.198,0.002,0.003,981.633,886.855,1.003
"K_uu_weight[40, 18]",0.082,0.088,0.0,0.233,0.002,0.003,986.145,886.855,1.003
"K_uu_weight[40, 19]",0.1,0.102,0.0,0.276,0.003,0.004,995.514,954.683,1.003
"K_uu_weight[40, 20]",0.121,0.117,0.0,0.324,0.003,0.004,1001.766,916.769,1.003
"K_uu_weight[40, 21]",0.146,0.134,0.001,0.381,0.004,0.004,1015.165,907.841,1.003
"K_uu_weight[40, 22]",0.174,0.151,0.001,0.446,0.004,0.005,1030.409,857.206,1.003
"K_uu_weight[40, 23]",0.207,0.17,0.002,0.512,0.005,0.005,1051.79,935.373,1.003
"K_uu_weight[40, 24]",0.244,0.19,0.003,0.59,0.005,0.006,1067.482,961.65,1.003
"K_uu_weight[40, 25]",0.285,0.211,0.011,0.679,0.006,0.006,1089.916,954.04,1.003
"K_uu_weight[40, 26]",0.331,0.232,0.027,0.774,0.006,0.007,1129.238,958.107,1.003
"K_uu_weight[40, 27]",0.381,0.254,0.04,0.868,0.007,0.007,1195.6,1031.076,1.003
"K_uu_weight[40, 28]",0.435,0.275,0.056,0.966,0.007,0.008,1267.076,1031.21,1.003
"K_uu_weight[40, 29]",0.493,0.296,0.08,1.067,0.008,0.009,1360.919,1056.67,1.002
"K_uu_weight[40, 30]",0.552,0.317,0.103,1.17,0.008,0.009,1398.094,1050.131,1.002
"K_uu_weight[40, 31]",0.613,0.337,0.139,1.277,0.009,0.01,1433.65,1376.251,1.003
"K_uu_weight[40, 32]",0.675,0.357,0.157,1.367,0.009,0.01,1471.31,1510.315,1.002
"K_uu_weight[40, 33]",0.734,0.375,0.181,1.457,0.009,0.011,1507.479,1472.286,1.002
"K_uu_weight[40, 34]",0.791,0.393,0.244,1.577,0.01,0.011,1535.507,1564.947,1.002
"K_uu_weight[40, 35]",0.843,0.409,0.263,1.639,0.01,0.011,1545.585,1601.327,1.002
"K_uu_weight[40, 36]",0.889,0.423,0.274,1.696,0.01,0.012,1527.299,1630.263,1.001
"K_uu_weight[40, 37]",0.926,0.434,0.311,1.772,0.011,0.012,1511.794,1637.989,1.001
"K_uu_weight[40, 38]",0.954,0.443,0.325,1.812,0.011,0.012,1516.778,1582.253,1.001
"K_uu_weight[40, 39]",0.971,0.448,0.333,1.841,0.011,0.012,1504.277,1582.253,1.001
"K_uu_weight[40, 40]",0.977,0.45,0.336,1.851,0.011,0.012,1502.823,1556.212,1.001
"K_uu_weight[40, 41]",0.971,0.448,0.333,1.841,0.011,0.012,1504.277,1582.253,1.001
"K_uu_weight[40, 42]",0.954,0.443,0.325,1.812,0.011,0.012,1516.778,1582.253,1.001
"K_uu_weight[40, 43]",0.926,0.434,0.311,1.772,0.011,0.012,1511.794,1637.989,1.001
"K_uu_weight[40, 44]",0.889,0.423,0.274,1.696,0.01,0.012,1527.299,1630.263,1.001
"K_uu_weight[40, 45]",0.843,0.409,0.263,1.639,0.01,0.011,1545.585,1601.327,1.002
"K_uu_weight[40, 46]",0.791,0.393,0.244,1.577,0.01,0.011,1535.507,1564.947,1.002
"K_uu_weight[40, 47]",0.734,0.375,0.181,1.457,0.009,0.011,1507.479,1472.286,1.002
"K_uu_weight[40, 48]",0.675,0.357,0.157,1.367,0.009,0.01,1471.31,1510.315,1.002
"K_uu_weight[40, 49]",0.613,0.337,0.139,1.277,0.009,0.01,1433.65,1376.251,1.003
"K_uu_weight[41, 0]",0.001,0.002,0.0,0.003,0.0,0.0,935.032,905.723,1.002
"K_uu_weight[41, 1]",0.001,0.002,0.0,0.004,0.0,0.0,934.809,905.723,1.002
"K_uu_weight[41, 2]",0.001,0.003,0.0,0.005,0.0,0.0,935.794,905.347,1.002
"K_uu_weight[41, 3]",0.002,0.004,0.0,0.007,0.0,0.0,937.7,905.347,1.002
"K_uu_weight[41, 4]",0.002,0.005,0.0,0.009,0.0,0.0,939.435,878.947,1.002
"K_uu_weight[41, 5]",0.003,0.006,0.0,0.012,0.0,0.0,940.507,878.947,1.002
"K_uu_weight[41, 6]",0.004,0.008,0.0,0.015,0.0,0.0,942.401,878.947,1.002
"K_uu_weight[41, 7]",0.005,0.01,0.0,0.019,0.0,0.001,945.116,905.347,1.002
"K_uu_weight[41, 8]",0.006,0.012,0.0,0.025,0.0,0.001,947.598,905.347,1.002
"K_uu_weight[41, 9]",0.008,0.015,0.0,0.031,0.0,0.001,951.007,905.347,1.002
"K_uu_weight[41, 10]",0.01,0.018,0.0,0.039,0.0,0.001,953.874,913.235,1.002
"K_uu_weight[41, 11]",0.013,0.022,0.0,0.048,0.001,0.001,960.797,945.835,1.002
"K_uu_weight[41, 12]",0.017,0.027,0.0,0.061,0.001,0.001,962.423,945.835,1.002
"K_uu_weight[41, 13]",0.022,0.032,0.0,0.076,0.001,0.001,963.535,932.445,1.002
"K_uu_weight[41, 14]",0.028,0.038,0.0,0.093,0.001,0.002,966.861,937.037,1.002
"K_uu_weight[41, 15]",0.035,0.046,0.0,0.114,0.001,0.002,970.521,946.04,1.003
"K_uu_weight[41, 16]",0.043,0.055,0.0,0.139,0.001,0.002,974.482,946.04,1.003
"K_uu_weight[41, 17]",0.054,0.064,0.0,0.167,0.002,0.002,979.327,990.511,1.003
"K_uu_weight[41, 18]",0.067,0.076,0.0,0.198,0.002,0.003,981.633,886.855,1.003
"K_uu_weight[41, 19]",0.082,0.088,0.0,0.233,0.002,0.003,986.145,886.855,1.003
"K_uu_weight[41, 20]",0.1,0.102,0.0,0.276,0.003,0.004,995.514,954.683,1.003
"K_uu_weight[41, 21]",0.121,0.117,0.0,0.324,0.003,0.004,1001.766,916.769,1.003
"K_uu_weight[41, 22]",0.146,0.134,0.001,0.381,0.004,0.004,1015.165,907.841,1.003
"K_uu_weight[41, 23]",0.174,0.151,0.001,0.446,0.004,0.005,1030.409,857.206,1.003
"K_uu_weight[41, 24]",0.207,0.17,0.002,0.512,0.005,0.005,1051.79,935.373,1.003
"K_uu_weight[41, 25]",0.244,0.19,0.003,0.59,0.005,0.006,1067.482,961.65,1.003
"K_uu_weight[41, 26]",0.285,0.211,0.011,0.679,0.006,0.006,1089.916,954.04,1.003
"K_uu_weight[41, 27]",0.331,0.232,0.027,0.774,0.006,0.007,1129.238,958.107,1.003
"K_uu_weight[41, 28]",0.381,0.254,0.04,0.868,0.007,0.007,1195.6,1031.076,1.003
"K_uu_weight[41, 29]",0.435,0.275,0.056,0.966,0.007,0.008,1267.076,1031.21,1.003
"K_uu_weight[41, 30]",0.493,0.296,0.08,1.067,0.008,0.009,1360.919,1056.67,1.002
"K_uu_weight[41, 31]",0.552,0.317,0.103,1.17,0.008,0.009,1398.094,1050.131,1.002
"K_uu_weight[41, 32]",0.613,0.337,0.139,1.277,0.009,0.01,1433.65,1376.251,1.003
"K_uu_weight[41, 33]",0.675,0.357,0.157,1.367,0.009,0.01,1471.31,1510.315,1.002
"K_uu_weight[41, 34]",0.734,0.375,0.181,1.457,0.009,0.011,1507.479,1472.286,1.002
"K_uu_weight[41, 35]",0.791,0.393,0.244,1.577,0.01,0.011,1535.507,1564.947,1.002
"K_uu_weight[41, 36]",0.843,0.409,0.263,1.639,0.01,0.011,1545.585,1601.327,1.002
"K_uu_weight[41, 37]",0.889,0.423,0.274,1.696,0.01,0.012,1527.299,1630.263,1.001
"K_uu_weight[41, 38]",0.926,0.434,0.311,1.772,0.011,0.012,1511.794,1637.989,1.001
"K_uu_weight[41, 39]",0.954,0.443,0.325,1.812,0.011,0.012,1516.778,1582.253,1.001
"K_uu_weight[41, 40]",0.971,0.448,0.333,1.841,0.011,0.012,1504.277,1582.253,1.001
"K_uu_weight[41, 41]",0.977,0.45,0.336,1.851,0.011,0.012,1502.823,1556.212,1.001
"K_uu_weight[41, 42]",0.971,0.448,0.333,1.841,0.011,0.012,1504.277,1582.253,1.001
"K_uu_weight[41, 43]",0.954,0.443,0.325,1.812,0.011,0.012,1516.778,1582.253,1.001
"K_uu_weight[41, 44]",0.926,0.434,0.311,1.772,0.011,0.012,1511.794,1637.989,1.001
"K_uu_weight[41, 45]",0.889,0.423,0.274,1.696,0.01,0.012,1527.299,1630.263,1.001
"K_uu_weight[41, 46]",0.843,0.409,0.263,1.639,0.01,0.011,1545.585,1601.327,1.002
"K_uu_weight[41, 47]",0.791,0.393,0.244,1.577,0.01,0.011,1535.507,1564.947,1.002
"K_uu_weight[41, 48]",0.734,0.375,0.181,1.457,0.009,0.011,1507.479,1472.286,1.002
"K_uu_weight[41, 49]",0.675,0.357,0.157,1.367,0.009,0.01,1471.31,1510.315,1.002
"K_uu_weight[42, 0]",0.0,0.001,0.0,0.002,0.0,0.0,933.403,905.723,1.002
"K_uu_weight[42, 1]",0.001,0.002,0.0,0.003,0.0,0.0,935.032,905.723,1.002
"K_uu_weight[42, 2]",0.001,0.002,0.0,0.004,0.0,0.0,934.809,905.723,1.002
"K_uu_weight[42, 3]",0.001,0.003,0.0,0.005,0.0,0.0,935.794,905.347,1.002
"K_uu_weight[42, 4]",0.002,0.004,0.0,0.007,0.0,0.0,937.7,905.347,1.002
"K_uu_weight[42, 5]",0.002,0.005,0.0,0.009,0.0,0.0,939.435,878.947,1.002
"K_uu_weight[42, 6]",0.003,0.006,0.0,0.012,0.0,0.0,940.507,878.947,1.002
"K_uu_weight[42, 7]",0.004,0.008,0.0,0.015,0.0,0.0,942.401,878.947,1.002
"K_uu_weight[42, 8]",0.005,0.01,0.0,0.019,0.0,0.001,945.116,905.347,1.002
"K_uu_weight[42, 9]",0.006,0.012,0.0,0.025,0.0,0.001,947.598,905.347,1.002
"K_uu_weight[42, 10]",0.008,0.015,0.0,0.031,0.0,0.001,951.007,905.347,1.002
"K_uu_weight[42, 11]",0.01,0.018,0.0,0.039,0.0,0.001,953.874,913.235,1.002
"K_uu_weight[42, 12]",0.013,0.022,0.0,0.048,0.001,0.001,960.797,945.835,1.002
"K_uu_weight[42, 13]",0.017,0.027,0.0,0.061,0.001,0.001,962.423,945.835,1.002
"K_uu_weight[42, 14]",0.022,0.032,0.0,0.076,0.001,0.001,963.535,932.445,1.002
"K_uu_weight[42, 15]",0.028,0.038,0.0,0.093,0.001,0.002,966.861,937.037,1.002
"K_uu_weight[42, 16]",0.035,0.046,0.0,0.114,0.001,0.002,970.521,946.04,1.003
"K_uu_weight[42, 17]",0.043,0.055,0.0,0.139,0.001,0.002,974.482,946.04,1.003
"K_uu_weight[42, 18]",0.054,0.064,0.0,0.167,0.002,0.002,979.327,990.511,1.003
"K_uu_weight[42, 19]",0.067,0.076,0.0,0.198,0.002,0.003,981.633,886.855,1.003
"K_uu_weight[42, 20]",0.082,0.088,0.0,0.233,0.002,0.003,986.145,886.855,1.003
"K_uu_weight[42, 21]",0.1,0.102,0.0,0.276,0.003,0.004,995.514,954.683,1.003
"K_uu_weight[42, 22]",0.121,0.117,0.0,0.324,0.003,0.004,1001.766,916.769,1.003
"K_uu_weight[42, 23]",0.146,0.134,0.001,0.381,0.004,0.004,1015.165,907.841,1.003
"K_uu_weight[42, 24]",0.174,0.151,0.001,0.446,0.004,0.005,1030.409,857.206,1.003
"K_uu_weight[42, 25]",0.207,0.17,0.002,0.512,0.005,0.005,1051.79,935.373,1.003
"K_uu_weight[42, 26]",0.244,0.19,0.003,0.59,0.005,0.006,1067.482,961.65,1.003
"K_uu_weight[42, 27]",0.285,0.211,0.011,0.679,0.006,0.006,1089.916,954.04,1.003
"K_uu_weight[42, 28]",0.331,0.232,0.027,0.774,0.006,0.007,1129.238,958.107,1.003
"K_uu_weight[42, 29]",0.381,0.254,0.04,0.868,0.007,0.007,1195.6,1031.076,1.003
"K_uu_weight[42, 30]",0.435,0.275,0.056,0.966,0.007,0.008,1267.076,1031.21,1.003
"K_uu_weight[42, 31]",0.493,0.296,0.08,1.067,0.008,0.009,1360.919,1056.67,1.002
"K_uu_weight[42, 32]",0.552,0.317,0.103,1.17,0.008,0.009,1398.094,1050.131,1.002
"K_uu_weight[42, 33]",0.613,0.337,0.139,1.277,0.009,0.01,1433.65,1376.251,1.003
"K_uu_weight[42, 34]",0.675,0.357,0.157,1.367,0.009,0.01,1471.31,1510.315,1.002
"K_uu_weight[42, 35]",0.734,0.375,0.181,1.457,0.009,0.011,1507.479,1472.286,1.002
"K_uu_weight[42, 36]",0.791,0.393,0.244,1.577,0.01,0.011,1535.507,1564.947,1.002
"K_uu_weight[42, 37]",0.843,0.409,0.263,1.639,0.01,0.011,1545.585,1601.327,1.002
"K_uu_weight[42, 38]",0.889,0.423,0.274,1.696,0.01,0.012,1527.299,1630.263,1.001
"K_uu_weight[42, 39]",0.926,0.434,0.311,1.772,0.011,0.012,1511.794,1637.989,1.001
"K_uu_weight[42, 40]",0.954,0.443,0.325,1.812,0.011,0.012,1516.778,1582.253,1.001
"K_uu_weight[42, 41]",0.971,0.448,0.333,1.841,0.011,0.012,1504.277,1582.253,1.001
"K_uu_weight[42, 42]",0.977,0.45,0.336,1.851,0.011,0.012,1502.823,1556.212,1.001
"K_uu_weight[42, 43]",0.971,0.448,0.333,1.841,0.011,0.012,1504.277,1582.253,1.001
"K_uu_weight[42, 44]",0.954,0.443,0.325,1.812,0.011,0.012,1516.778,1582.253,1.001
"K_uu_weight[42, 45]",0.926,0.434,0.311,1.772,0.011,0.012,1511.794,1637.989,1.001
"K_uu_weight[42, 46]",0.889,0.423,0.274,1.696,0.01,0.012,1527.299,1630.263,1.001
"K_uu_weight[42, 47]",0.843,0.409,0.263,1.639,0.01,0.011,1545.585,1601.327,1.002
"K_uu_weight[42, 48]",0.791,0.393,0.244,1.577,0.01,0.011,1535.507,1564.947,1.002
"K_uu_weight[42, 49]",0.734,0.375,0.181,1.457,0.009,0.011,1507.479,1472.286,1.002
"K_uu_weight[43, 0]",0.0,0.001,0.0,0.002,0.0,0.0,933.115,905.723,1.002
"K_uu_weight[43, 1]",0.0,0.001,0.0,0.002,0.0,0.0,933.403,905.723,1.002
"K_uu_weight[43, 2]",0.001,0.002,0.0,0.003,0.0,0.0,935.032,905.723,1.002
"K_uu_weight[43, 3]",0.001,0.002,0.0,0.004,0.0,0.0,934.809,905.723,1.002
"K_uu_weight[43, 4]",0.001,0.003,0.0,0.005,0.0,0.0,935.794,905.347,1.002
"K_uu_weight[43, 5]",0.002,0.004,0.0,0.007,0.0,0.0,937.7,905.347,1.002
"K_uu_weight[43, 6]",0.002,0.005,0.0,0.009,0.0,0.0,939.435,878.947,1.002
"K_uu_weight[43, 7]",0.003,0.006,0.0,0.012,0.0,0.0,940.507,878.947,1.002
"K_uu_weight[43, 8]",0.004,0.008,0.0,0.015,0.0,0.0,942.401,878.947,1.002
"K_uu_weight[43, 9]",0.005,0.01,0.0,0.019,0.0,0.001,945.116,905.347,1.002
"K_uu_weight[43, 10]",0.006,0.012,0.0,0.025,0.0,0.001,947.598,905.347,1.002
"K_uu_weight[43, 11]",0.008,0.015,0.0,0.031,0.0,0.001,951.007,905.347,1.002
"K_uu_weight[43, 12]",0.01,0.018,0.0,0.039,0.0,0.001,953.874,913.235,1.002
"K_uu_weight[43, 13]",0.013,0.022,0.0,0.048,0.001,0.001,960.797,945.835,1.002
"K_uu_weight[43, 14]",0.017,0.027,0.0,0.061,0.001,0.001,962.423,945.835,1.002
"K_uu_weight[43, 15]",0.022,0.032,0.0,0.076,0.001,0.001,963.535,932.445,1.002
"K_uu_weight[43, 16]",0.028,0.038,0.0,0.093,0.001,0.002,966.861,937.037,1.002
"K_uu_weight[43, 17]",0.035,0.046,0.0,0.114,0.001,0.002,970.521,946.04,1.003
"K_uu_weight[43, 18]",0.043,0.055,0.0,0.139,0.001,0.002,974.482,946.04,1.003
"K_uu_weight[43, 19]",0.054,0.064,0.0,0.167,0.002,0.002,979.327,990.511,1.003
"K_uu_weight[43, 20]",0.067,0.076,0.0,0.198,0.002,0.003,981.633,886.855,1.003
"K_uu_weight[43, 21]",0.082,0.088,0.0,0.233,0.002,0.003,986.145,886.855,1.003
"K_uu_weight[43, 22]",0.1,0.102,0.0,0.276,0.003,0.004,995.514,954.683,1.003
"K_uu_weight[43, 23]",0.121,0.117,0.0,0.324,0.003,0.004,1001.766,916.769,1.003
"K_uu_weight[43, 24]",0.146,0.134,0.001,0.381,0.004,0.004,1015.165,907.841,1.003
"K_uu_weight[43, 25]",0.174,0.151,0.001,0.446,0.004,0.005,1030.409,857.206,1.003
"K_uu_weight[43, 26]",0.207,0.17,0.002,0.512,0.005,0.005,1051.79,935.373,1.003
"K_uu_weight[43, 27]",0.244,0.19,0.003,0.59,0.005,0.006,1067.482,961.65,1.003
"K_uu_weight[43, 28]",0.285,0.211,0.011,0.679,0.006,0.006,1089.916,954.04,1.003
"K_uu_weight[43, 29]",0.331,0.232,0.027,0.774,0.006,0.007,1129.238,958.107,1.003
"K_uu_weight[43, 30]",0.381,0.254,0.04,0.868,0.007,0.007,1195.6,1031.076,1.003
"K_uu_weight[43, 31]",0.435,0.275,0.056,0.966,0.007,0.008,1267.076,1031.21,1.003
"K_uu_weight[43, 32]",0.493,0.296,0.08,1.067,0.008,0.009,1360.919,1056.67,1.002
"K_uu_weight[43, 33]",0.552,0.317,0.103,1.17,0.008,0.009,1398.094,1050.131,1.002
"K_uu_weight[43, 34]",0.613,0.337,0.139,1.277,0.009,0.01,1433.65,1376.251,1.003
"K_uu_weight[43, 35]",0.675,0.357,0.157,1.367,0.009,0.01,1471.31,1510.315,1.002
"K_uu_weight[43, 36]",0.734,0.375,0.181,1.457,0.009,0.011,1507.479,1472.286,1.002
"K_uu_weight[43, 37]",0.791,0.393,0.244,1.577,0.01,0.011,1535.507,1564.947,1.002
"K_uu_weight[43, 38]",0.843,0.409,0.263,1.639,0.01,0.011,1545.585,1601.327,1.002
"K_uu_weight[43, 39]",0.889,0.423,0.274,1.696,0.01,0.012,1527.299,1630.263,1.001
"K_uu_weight[43, 40]",0.926,0.434,0.311,1.772,0.011,0.012,1511.794,1637.989,1.001
"K_uu_weight[43, 41]",0.954,0.443,0.325,1.812,0.011,0.012,1516.778,1582.253,1.001
"K_uu_weight[43, 42]",0.971,0.448,0.333,1.841,0.011,0.012,1504.277,1582.253,1.001
"K_uu_weight[43, 43]",0.977,0.45,0.336,1.851,0.011,0.012,1502.823,1556.212,1.001
"K_uu_weight[43, 44]",0.971,0.448,0.333,1.841,0.011,0.012,1504.277,1582.253,1.001
"K_uu_weight[43, 45]",0.954,0.443,0.325,1.812,0.011,0.012,1516.778,1582.253,1.001
"K_uu_weight[43, 46]",0.926,0.434,0.311,1.772,0.011,0.012,1511.794,1637.989,1.001
"K_uu_weight[43, 47]",0.889,0.423,0.274,1.696,0.01,0.012,1527.299,1630.263,1.001
"K_uu_weight[43, 48]",0.843,0.409,0.263,1.639,0.01,0.011,1545.585,1601.327,1.002
"K_uu_weight[43, 49]",0.791,0.393,0.244,1.577,0.01,0.011,1535.507,1564.947,1.002
"K_uu_weight[44, 0]",0.0,0.001,0.0,0.001,0.0,0.0,933.009,905.723,1.002
"K_uu_weight[44, 1]",0.0,0.001,0.0,0.002,0.0,0.0,933.115,905.723,1.002
"K_uu_weight[44, 2]",0.0,0.001,0.0,0.002,0.0,0.0,933.403,905.723,1.002
"K_uu_weight[44, 3]",0.001,0.002,0.0,0.003,0.0,0.0,935.032,905.723,1.002
"K_uu_weight[44, 4]",0.001,0.002,0.0,0.004,0.0,0.0,934.809,905.723,1.002
"K_uu_weight[44, 5]",0.001,0.003,0.0,0.005,0.0,0.0,935.794,905.347,1.002
"K_uu_weight[44, 6]",0.002,0.004,0.0,0.007,0.0,0.0,937.7,905.347,1.002
"K_uu_weight[44, 7]",0.002,0.005,0.0,0.009,0.0,0.0,939.435,878.947,1.002
"K_uu_weight[44, 8]",0.003,0.006,0.0,0.012,0.0,0.0,940.507,878.947,1.002
"K_uu_weight[44, 9]",0.004,0.008,0.0,0.015,0.0,0.0,942.401,878.947,1.002
"K_uu_weight[44, 10]",0.005,0.01,0.0,0.019,0.0,0.001,945.116,905.347,1.002
"K_uu_weight[44, 11]",0.006,0.012,0.0,0.025,0.0,0.001,947.598,905.347,1.002
"K_uu_weight[44, 12]",0.008,0.015,0.0,0.031,0.0,0.001,951.007,905.347,1.002
"K_uu_weight[44, 13]",0.01,0.018,0.0,0.039,0.0,0.001,953.874,913.235,1.002
"K_uu_weight[44, 14]",0.013,0.022,0.0,0.048,0.001,0.001,960.797,945.835,1.002
"K_uu_weight[44, 15]",0.017,0.027,0.0,0.061,0.001,0.001,962.423,945.835,1.002
"K_uu_weight[44, 16]",0.022,0.032,0.0,0.076,0.001,0.001,963.535,932.445,1.002
"K_uu_weight[44, 17]",0.028,0.038,0.0,0.093,0.001,0.002,966.861,937.037,1.002
"K_uu_weight[44, 18]",0.035,0.046,0.0,0.114,0.001,0.002,970.521,946.04,1.003
"K_uu_weight[44, 19]",0.043,0.055,0.0,0.139,0.001,0.002,974.482,946.04,1.003
"K_uu_weight[44, 20]",0.054,0.064,0.0,0.167,0.002,0.002,979.327,990.511,1.003
"K_uu_weight[44, 21]",0.067,0.076,0.0,0.198,0.002,0.003,981.633,886.855,1.003
"K_uu_weight[44, 22]",0.082,0.088,0.0,0.233,0.002,0.003,986.145,886.855,1.003
"K_uu_weight[44, 23]",0.1,0.102,0.0,0.276,0.003,0.004,995.514,954.683,1.003
"K_uu_weight[44, 24]",0.121,0.117,0.0,0.324,0.003,0.004,1001.766,916.769,1.003
"K_uu_weight[44, 25]",0.146,0.134,0.001,0.381,0.004,0.004,1015.165,907.841,1.003
"K_uu_weight[44, 26]",0.174,0.151,0.001,0.446,0.004,0.005,1030.409,857.206,1.003
"K_uu_weight[44, 27]",0.207,0.17,0.002,0.512,0.005,0.005,1051.79,935.373,1.003
"K_uu_weight[44, 28]",0.244,0.19,0.003,0.59,0.005,0.006,1067.482,961.65,1.003
"K_uu_weight[44, 29]",0.285,0.211,0.011,0.679,0.006,0.006,1089.916,954.04,1.003
"K_uu_weight[44, 30]",0.331,0.232,0.027,0.774,0.006,0.007,1129.238,958.107,1.003
"K_uu_weight[44, 31]",0.381,0.254,0.04,0.868,0.007,0.007,1195.6,1031.076,1.003
"K_uu_weight[44, 32]",0.435,0.275,0.056,0.966,0.007,0.008,1267.076,1031.21,1.003
"K_uu_weight[44, 33]",0.493,0.296,0.08,1.067,0.008,0.009,1360.919,1056.67,1.002
"K_uu_weight[44, 34]",0.552,0.317,0.103,1.17,0.008,0.009,1398.094,1050.131,1.002
"K_uu_weight[44, 35]",0.613,0.337,0.139,1.277,0.009,0.01,1433.65,1376.251,1.003
"K_uu_weight[44, 36]",0.675,0.357,0.157,1.367,0.009,0.01,1471.31,1510.315,1.002
"K_uu_weight[44, 37]",0.734,0.375,0.181,1.457,0.009,0.011,1507.479,1472.286,1.002
"K_uu_weight[44, 38]",0.791,0.393,0.244,1.577,0.01,0.011,1535.507,1564.947,1.002
"K_uu_weight[44, 39]",0.843,0.409,0.263,1.639,0.01,0.011,1545.585,1601.327,1.002
"K_uu_weight[44, 40]",0.889,0.423,0.274,1.696,0.01,0.012,1527.299,1630.263,1.001
"K_uu_weight[44, 41]",0.926,0.434,0.311,1.772,0.011,0.012,1511.794,1637.989,1.001
"K_uu_weight[44, 42]",0.954,0.443,0.325,1.812,0.011,0.012,1516.778,1582.253,1.001
"K_uu_weight[44, 43]",0.971,0.448,0.333,1.841,0.011,0.012,1504.277,1582.253,1.001
"K_uu_weight[44, 44]",0.977,0.45,0.336,1.851,0.011,0.012,1502.823,1556.212,1.001
"K_uu_weight[44, 45]",0.971,0.448,0.333,1.841,0.011,0.012,1504.277,1582.253,1.001
"K_uu_weight[44, 46]",0.954,0.443,0.325,1.812,0.011,0.012,1516.778,1582.253,1.001
"K_uu_weight[44, 47]",0.926,0.434,0.311,1.772,0.011,0.012,1511.794,1637.989,1.001
"K_uu_weight[44, 48]",0.889,0.423,0.274,1.696,0.01,0.012,1527.299,1630.263,1.001
"K_uu_weight[44, 49]",0.843,0.409,0.263,1.639,0.01,0.011,1545.585,1601.327,1.002
"K_uu_weight[45, 0]",0.0,0.001,0.0,0.001,0.0,0.0,931.528,905.723,1.002
"K_uu_weight[45, 1]",0.0,0.001,0.0,0.001,0.0,0.0,933.009,905.723,1.002
"K_uu_weight[45, 2]",0.0,0.001,0.0,0.002,0.0,0.0,933.115,905.723,1.002
"K_uu_weight[45, 3]",0.0,0.001,0.0,0.002,0.0,0.0,933.403,905.723,1.002
"K_uu_weight[45, 4]",0.001,0.002,0.0,0.003,0.0,0.0,935.032,905.723,1.002
"K_uu_weight[45, 5]",0.001,0.002,0.0,0.004,0.0,0.0,934.809,905.723,1.002
"K_uu_weight[45, 6]",0.001,0.003,0.0,0.005,0.0,0.0,935.794,905.347,1.002
"K_uu_weight[45, 7]",0.002,0.004,0.0,0.007,0.0,0.0,937.7,905.347,1.002
"K_uu_weight[45, 8]",0.002,0.005,0.0,0.009,0.0,0.0,939.435,878.947,1.002
"K_uu_weight[45, 9]",0.003,0.006,0.0,0.012,0.0,0.0,940.507,878.947,1.002
"K_uu_weight[45, 10]",0.004,0.008,0.0,0.015,0.0,0.0,942.401,878.947,1.002
"K_uu_weight[45, 11]",0.005,0.01,0.0,0.019,0.0,0.001,945.116,905.347,1.002
"K_uu_weight[45, 12]",0.006,0.012,0.0,0.025,0.0,0.001,947.598,905.347,1.002
"K_uu_weight[45, 13]",0.008,0.015,0.0,0.031,0.0,0.001,951.007,905.347,1.002
"K_uu_weight[45, 14]",0.01,0.018,0.0,0.039,0.0,0.001,953.874,913.235,1.002
"K_uu_weight[45, 15]",0.013,0.022,0.0,0.048,0.001,0.001,960.797,945.835,1.002
"K_uu_weight[45, 16]",0.017,0.027,0.0,0.061,0.001,0.001,962.423,945.835,1.002
"K_uu_weight[45, 17]",0.022,0.032,0.0,0.076,0.001,0.001,963.535,932.445,1.002
"K_uu_weight[45, 18]",0.028,0.038,0.0,0.093,0.001,0.002,966.861,937.037,1.002
"K_uu_weight[45, 19]",0.035,0.046,0.0,0.114,0.001,0.002,970.521,946.04,1.003
"K_uu_weight[45, 20]",0.043,0.055,0.0,0.139,0.001,0.002,974.482,946.04,1.003
"K_uu_weight[45, 21]",0.054,0.064,0.0,0.167,0.002,0.002,979.327,990.511,1.003
"K_uu_weight[45, 22]",0.067,0.076,0.0,0.198,0.002,0.003,981.633,886.855,1.003
"K_uu_weight[45, 23]",0.082,0.088,0.0,0.233,0.002,0.003,986.145,886.855,1.003
"K_uu_weight[45, 24]",0.1,0.102,0.0,0.276,0.003,0.004,995.514,954.683,1.003
"K_uu_weight[45, 25]",0.121,0.117,0.0,0.324,0.003,0.004,1001.766,916.769,1.003
"K_uu_weight[45, 26]",0.146,0.134,0.001,0.381,0.004,0.004,1015.165,907.841,1.003
"K_uu_weight[45, 27]",0.174,0.151,0.001,0.446,0.004,0.005,1030.409,857.206,1.003
"K_uu_weight[45, 28]",0.207,0.17,0.002,0.512,0.005,0.005,1051.79,935.373,1.003
"K_uu_weight[45, 29]",0.244,0.19,0.003,0.59,0.005,0.006,1067.482,961.65,1.003
"K_uu_weight[45, 30]",0.285,0.211,0.011,0.679,0.006,0.006,1089.916,954.04,1.003
"K_uu_weight[45, 31]",0.331,0.232,0.027,0.774,0.006,0.007,1129.238,958.107,1.003
"K_uu_weight[45, 32]",0.381,0.254,0.04,0.868,0.007,0.007,1195.6,1031.076,1.003
"K_uu_weight[45, 33]",0.435,0.275,0.056,0.966,0.007,0.008,1267.076,1031.21,1.003
"K_uu_weight[45, 34]",0.493,0.296,0.08,1.067,0.008,0.009,1360.919,1056.67,1.002
"K_uu_weight[45, 35]",0.552,0.317,0.103,1.17,0.008,0.009,1398.094,1050.131,1.002
"K_uu_weight[45, 36]",0.613,0.337,0.139,1.277,0.009,0.01,1433.65,1376.251,1.003
"K_uu_weight[45, 37]",0.675,0.357,0.157,1.367,0.009,0.01,1471.31,1510.315,1.002
"K_uu_weight[45, 38]",0.734,0.375,0.181,1.457,0.009,0.011,1507.479,1472.286,1.002
"K_uu_weight[45, 39]",0.791,0.393,0.244,1.577,0.01,0.011,1535.507,1564.947,1.002
"K_uu_weight[45, 40]",0.843,0.409,0.263,1.639,0.01,0.011,1545.585,1601.327,1.002
"K_uu_weight[45, 41]",0.889,0.423,0.274,1.696,0.01,0.012,1527.299,1630.263,1.001
"K_uu_weight[45, 42]",0.926,0.434,0.311,1.772,0.011,0.012,1511.794,1637.989,1.001
"K_uu_weight[45, 43]",0.954,0.443,0.325,1.812,0.011,0.012,1516.778,1582.253,1.001
"K_uu_weight[45, 44]",0.971,0.448,0.333,1.841,0.011,0.012,1504.277,1582.253,1.001
"K_uu_weight[45, 45]",0.977,0.45,0.336,1.851,0.011,0.012,1502.823,1556.212,1.001
"K_uu_weight[45, 46]",0.971,0.448,0.333,1.841,0.011,0.012,1504.277,1582.253,1.001
"K_uu_weight[45, 47]",0.954,0.443,0.325,1.812,0.011,0.012,1516.778,1582.253,1.001
"K_uu_weight[45, 48]",0.926,0.434,0.311,1.772,0.011,0.012,1511.794,1637.989,1.001
"K_uu_weight[45, 49]",0.889,0.423,0.274,1.696,0.01,0.012,1527.299,1630.263,1.001
"K_uu_weight[46, 0]",0.0,0.0,0.0,0.001,0.0,0.0,930.499,905.723,1.002
"K_uu_weight[46, 1]",0.0,0.001,0.0,0.001,0.0,0.0,931.528,905.723,1.002
"K_uu_weight[46, 2]",0.0,0.001,0.0,0.001,0.0,0.0,933.009,905.723,1.002
"K_uu_weight[46, 3]",0.0,0.001,0.0,0.002,0.0,0.0,933.115,905.723,1.002
"K_uu_weight[46, 4]",0.0,0.001,0.0,0.002,0.0,0.0,933.403,905.723,1.002
"K_uu_weight[46, 5]",0.001,0.002,0.0,0.003,0.0,0.0,935.032,905.723,1.002
"K_uu_weight[46, 6]",0.001,0.002,0.0,0.004,0.0,0.0,934.809,905.723,1.002
"K_uu_weight[46, 7]",0.001,0.003,0.0,0.005,0.0,0.0,935.794,905.347,1.002
"K_uu_weight[46, 8]",0.002,0.004,0.0,0.007,0.0,0.0,937.7,905.347,1.002
"K_uu_weight[46, 9]",0.002,0.005,0.0,0.009,0.0,0.0,939.435,878.947,1.002
"K_uu_weight[46, 10]",0.003,0.006,0.0,0.012,0.0,0.0,940.507,878.947,1.002
"K_uu_weight[46, 11]",0.004,0.008,0.0,0.015,0.0,0.0,942.401,878.947,1.002
"K_uu_weight[46, 12]",0.005,0.01,0.0,0.019,0.0,0.001,945.116,905.347,1.002
"K_uu_weight[46, 13]",0.006,0.012,0.0,0.025,0.0,0.001,947.598,905.347,1.002
"K_uu_weight[46, 14]",0.008,0.015,0.0,0.031,0.0,0.001,951.007,905.347,1.002
"K_uu_weight[46, 15]",0.01,0.018,0.0,0.039,0.0,0.001,953.874,913.235,1.002
"K_uu_weight[46, 16]",0.013,0.022,0.0,0.048,0.001,0.001,960.797,945.835,1.002
"K_uu_weight[46, 17]",0.017,0.027,0.0,0.061,0.001,0.001,962.423,945.835,1.002
"K_uu_weight[46, 18]",0.022,0.032,0.0,0.076,0.001,0.001,963.535,932.445,1.002
"K_uu_weight[46, 19]",0.028,0.038,0.0,0.093,0.001,0.002,966.861,937.037,1.002
"K_uu_weight[46, 20]",0.035,0.046,0.0,0.114,0.001,0.002,970.521,946.04,1.003
"K_uu_weight[46, 21]",0.043,0.055,0.0,0.139,0.001,0.002,974.482,946.04,1.003
"K_uu_weight[46, 22]",0.054,0.064,0.0,0.167,0.002,0.002,979.327,990.511,1.003
"K_uu_weight[46, 23]",0.067,0.076,0.0,0.198,0.002,0.003,981.633,886.855,1.003
"K_uu_weight[46, 24]",0.082,0.088,0.0,0.233,0.002,0.003,986.145,886.855,1.003
"K_uu_weight[46, 25]",0.1,0.102,0.0,0.276,0.003,0.004,995.514,954.683,1.003
"K_uu_weight[46, 26]",0.121,0.117,0.0,0.324,0.003,0.004,1001.766,916.769,1.003
"K_uu_weight[46, 27]",0.146,0.134,0.001,0.381,0.004,0.004,1015.165,907.841,1.003
"K_uu_weight[46, 28]",0.174,0.151,0.001,0.446,0.004,0.005,1030.409,857.206,1.003
"K_uu_weight[46, 29]",0.207,0.17,0.002,0.512,0.005,0.005,1051.79,935.373,1.003
"K_uu_weight[46, 30]",0.244,0.19,0.003,0.59,0.005,0.006,1067.482,961.65,1.003
"K_uu_weight[46, 31]",0.285,0.211,0.011,0.679,0.006,0.006,1089.916,954.04,1.003
"K_uu_weight[46, 32]",0.331,0.232,0.027,0.774,0.006,0.007,1129.238,958.107,1.003
"K_uu_weight[46, 33]",0.381,0.254,0.04,0.868,0.007,0.007,1195.6,1031.076,1.003
"K_uu_weight[46, 34]",0.435,0.275,0.056,0.966,0.007,0.008,1267.076,1031.21,1.003
"K_uu_weight[46, 35]",0.493,0.296,0.08,1.067,0.008,0.009,1360.919,1056.67,1.002
"K_uu_weight[46, 36]",0.552,0.317,0.103,1.17,0.008,0.009,1398.094,1050.131,1.002
"K_uu_weight[46, 37]",0.613,0.337,0.139,1.277,0.009,0.01,1433.65,1376.251,1.003
"K_uu_weight[46, 38]",0.675,0.357,0.157,1.367,0.009,0.01,1471.31,1510.315,1.002
"K_uu_weight[46, 39]",0.734,0.375,0.181,1.457,0.009,0.011,1507.479,1472.286,1.002
"K_uu_weight[46, 40]",0.791,0.393,0.244,1.577,0.01,0.011,1535.507,1564.947,1.002
"K_uu_weight[46, 41]",0.843,0.409,0.263,1.639,0.01,0.011,1545.585,1601.327,1.002
"K_uu_weight[46, 42]",0.889,0.423,0.274,1.696,0.01,0.012,1527.299,1630.263,1.001
"K_uu_weight[46, 43]",0.926,0.434,0.311,1.772,0.011,0.012,1511.794,1637.989,1.001
"K_uu_weight[46, 44]",0.954,0.443,0.325,1.812,0.011,0.012,1516.778,1582.253,1.001
"K_uu_weight[46, 45]",0.971,0.448,0.333,1.841,0.011,0.012,1504.277,1582.253,1.001
"K_uu_weight[46, 46]",0.977,0.45,0.336,1.851,0.011,0.012,1502.823,1556.212,1.001
"K_uu_weight[46, 47]",0.971,0.448,0.333,1.841,0.011,0.012,1504.277,1582.253,1.001
"K_uu_weight[46, 48]",0.954,0.443,0.325,1.812,0.011,0.012,1516.778,1582.253,1.001
"K_uu_weight[46, 49]",0.926,0.434,0.311,1.772,0.011,0.012,1511.794,1637.989,1.001
"K_uu_weight[47, 0]",0.0,0.0,0.0,0.0,0.0,0.0,931.201,905.723,1.002
"K_uu_weight[47, 1]",0.0,0.0,0.0,0.001,0.0,0.0,930.499,905.723,1.002
"K_uu_weight[47, 2]",0.0,0.001,0.0,0.001,0.0,0.0,931.528,905.723,1.002
"K_uu_weight[47, 3]",0.0,0.001,0.0,0.001,0.0,0.0,933.009,905.723,1.002
"K_uu_weight[47, 4]",0.0,0.001,0.0,0.002,0.0,0.0,933.115,905.723,1.002
"K_uu_weight[47, 5]",0.0,0.001,0.0,0.002,0.0,0.0,933.403,905.723,1.002
"K_uu_weight[47, 6]",0.001,0.002,0.0,0.003,0.0,0.0,935.032,905.723,1.002
"K_uu_weight[47, 7]",0.001,0.002,0.0,0.004,0.0,0.0,934.809,905.723,1.002
"K_uu_weight[47, 8]",0.001,0.003,0.0,0.005,0.0,0.0,935.794,905.347,1.002
"K_uu_weight[47, 9]",0.002,0.004,0.0,0.007,0.0,0.0,937.7,905.347,1.002
"K_uu_weight[47, 10]",0.002,0.005,0.0,0.009,0.0,0.0,939.435,878.947,1.002
"K_uu_weight[47, 11]",0.003,0.006,0.0,0.012,0.0,0.0,940.507,878.947,1.002
"K_uu_weight[47, 12]",0.004,0.008,0.0,0.015,0.0,0.0,942.401,878.947,1.002
"K_uu_weight[47, 13]",0.005,0.01,0.0,0.019,0.0,0.001,945.116,905.347,1.002
"K_uu_weight[47, 14]",0.006,0.012,0.0,0.025,0.0,0.001,947.598,905.347,1.002
"K_uu_weight[47, 15]",0.008,0.015,0.0,0.031,0.0,0.001,951.007,905.347,1.002
"K_uu_weight[47, 16]",0.01,0.018,0.0,0.039,0.0,0.001,953.874,913.235,1.002
"K_uu_weight[47, 17]",0.013,0.022,0.0,0.048,0.001,0.001,960.797,945.835,1.002
"K_uu_weight[47, 18]",0.017,0.027,0.0,0.061,0.001,0.001,962.423,945.835,1.002
"K_uu_weight[47, 19]",0.022,0.032,0.0,0.076,0.001,0.001,963.535,932.445,1.002
"K_uu_weight[47, 20]",0.028,0.038,0.0,0.093,0.001,0.002,966.861,937.037,1.002
"K_uu_weight[47, 21]",0.035,0.046,0.0,0.114,0.001,0.002,970.521,946.04,1.003
"K_uu_weight[47, 22]",0.043,0.055,0.0,0.139,0.001,0.002,974.482,946.04,1.003
"K_uu_weight[47, 23]",0.054,0.064,0.0,0.167,0.002,0.002,979.327,990.511,1.003
"K_uu_weight[47, 24]",0.067,0.076,0.0,0.198,0.002,0.003,981.633,886.855,1.003
"K_uu_weight[47, 25]",0.082,0.088,0.0,0.233,0.002,0.003,986.145,886.855,1.003
"K_uu_weight[47, 26]",0.1,0.102,0.0,0.276,0.003,0.004,995.514,954.683,1.003
"K_uu_weight[47, 27]",0.121,0.117,0.0,0.324,0.003,0.004,1001.766,916.769,1.003
"K_uu_weight[47, 28]",0.146,0.134,0.001,0.381,0.004,0.004,1015.165,907.841,1.003
"K_uu_weight[47, 29]",0.174,0.151,0.001,0.446,0.004,0.005,1030.409,857.206,1.003
"K_uu_weight[47, 30]",0.207,0.17,0.002,0.512,0.005,0.005,1051.79,935.373,1.003
"K_uu_weight[47, 31]",0.244,0.19,0.003,0.59,0.005,0.006,1067.482,961.65,1.003
"K_uu_weight[47, 32]",0.285,0.211,0.011,0.679,0.006,0.006,1089.916,954.04,1.003
"K_uu_weight[47, 33]",0.331,0.232,0.027,0.774,0.006,0.007,1129.238,958.107,1.003
"K_uu_weight[47, 34]",0.381,0.254,0.04,0.868,0.007,0.007,1195.6,1031.076,1.003
"K_uu_weight[47, 35]",0.435,0.275,0.056,0.966,0.007,0.008,1267.076,1031.21,1.003
"K_uu_weight[47, 36]",0.493,0.296,0.08,1.067,0.008,0.009,1360.919,1056.67,1.002
"K_uu_weight[47, 37]",0.552,0.317,0.103,1.17,0.008,0.009,1398.094,1050.131,1.002
"K_uu_weight[47, 38]",0.613,0.337,0.139,1.277,0.009,0.01,1433.65,1376.251,1.003
"K_uu_weight[47, 39]",0.675,0.357,0.157,1.367,0.009,0.01,1471.31,1510.315,1.002
"K_uu_weight[47, 40]",0.734,0.375,0.181,1.457,0.009,0.011,1507.479,1472.286,1.002
"K_uu_weight[47, 41]",0.791,0.393,0.244,1.577,0.01,0.011,1535.507,1564.947,1.002
"K_uu_weight[47, 42]",0.843,0.409,0.263,1.639,0.01,0.011,1545.585,1601.327,1.002
"K_uu_weight[47, 43]",0.889,0.423,0.274,1.696,0.01,0.012,1527.299,1630.263,1.001
"K_uu_weight[47, 44]",0.926,0.434,0.311,1.772,0.011,0.012,1511.794,1637.989,1.001
"K_uu_weight[47, 45]",0.954,0.443,0.325,1.812,0.011,0.012,1516.778,1582.253,1.001
"K_uu_weight[47, 46]",0.971,0.448,0.333,1.841,0.011,0.012,1504.277,1582.253,1.001
"K_uu_weight[47, 47]",0.977,0.45,0.336,1.851,0.011,0.012,1502.823,1556.212,1.001
"K_uu_weight[47, 48]",0.971,0.448,0.333,1.841,0.011,0.012,1504.277,1582.253,1.001
"K_uu_weight[47, 49]",0.954,0.443,0.325,1.812,0.011,0.012,1516.778,1582.253,1.001
"K_uu_weight[48, 0]",0.0,0.0,0.0,0.0,0.0,0.0,930.303,905.723,1.002
"K_uu_weight[48, 1]",0.0,0.0,0.0,0.0,0.0,0.0,931.201,905.723,1.002
"K_uu_weight[48, 2]",0.0,0.0,0.0,0.001,0.0,0.0,930.499,905.723,1.002
"K_uu_weight[48, 3]",0.0,0.001,0.0,0.001,0.0,0.0,931.528,905.723,1.002
"K_uu_weight[48, 4]",0.0,0.001,0.0,0.001,0.0,0.0,933.009,905.723,1.002
"K_uu_weight[48, 5]",0.0,0.001,0.0,0.002,0.0,0.0,933.115,905.723,1.002
"K_uu_weight[48, 6]",0.0,0.001,0.0,0.002,0.0,0.0,933.403,905.723,1.002
"K_uu_weight[48, 7]",0.001,0.002,0.0,0.003,0.0,0.0,935.032,905.723,1.002
"K_uu_weight[48, 8]",0.001,0.002,0.0,0.004,0.0,0.0,934.809,905.723,1.002
"K_uu_weight[48, 9]",0.001,0.003,0.0,0.005,0.0,0.0,935.794,905.347,1.002
"K_uu_weight[48, 10]",0.002,0.004,0.0,0.007,0.0,0.0,937.7,905.347,1.002
"K_uu_weight[48, 11]",0.002,0.005,0.0,0.009,0.0,0.0,939.435,878.947,1.002
"K_uu_weight[48, 12]",0.003,0.006,0.0,0.012,0.0,0.0,940.507,878.947,1.002
"K_uu_weight[48, 13]",0.004,0.008,0.0,0.015,0.0,0.0,942.401,878.947,1.002
"K_uu_weight[48, 14]",0.005,0.01,0.0,0.019,0.0,0.001,945.116,905.347,1.002
"K_uu_weight[48, 15]",0.006,0.012,0.0,0.025,0.0,0.001,947.598,905.347,1.002
"K_uu_weight[48, 16]",0.008,0.015,0.0,0.031,0.0,0.001,951.007,905.347,1.002
"K_uu_weight[48, 17]",0.01,0.018,0.0,0.039,0.0,0.001,953.874,913.235,1.002
"K_uu_weight[48, 18]",0.013,0.022,0.0,0.048,0.001,0.001,960.797,945.835,1.002
"K_uu_weight[48, 19]",0.017,0.027,0.0,0.061,0.001,0.001,962.423,945.835,1.002
"K_uu_weight[48, 20]",0.022,0.032,0.0,0.076,0.001,0.001,963.535,932.445,1.002
"K_uu_weight[48, 21]",0.028,0.038,0.0,0.093,0.001,0.002,966.861,937.037,1.002
"K_uu_weight[48, 22]",0.035,0.046,0.0,0.114,0.001,0.002,970.521,946.04,1.003
"K_uu_weight[48, 23]",0.043,0.055,0.0,0.139,0.001,0.002,974.482,946.04,1.003
"K_uu_weight[48, 24]",0.054,0.064,0.0,0.167,0.002,0.002,979.327,990.511,1.003
"K_uu_weight[48, 25]",0.067,0.076,0.0,0.198,0.002,0.003,981.633,886.855,1.003
"K_uu_weight[48, 26]",0.082,0.088,0.0,0.233,0.002,0.003,986.145,886.855,1.003
"K_uu_weight[48, 27]",0.1,0.102,0.0,0.276,0.003,0.004,995.514,954.683,1.003
"K_uu_weight[48, 28]",0.121,0.117,0.0,0.324,0.003,0.004,1001.766,916.769,1.003
"K_uu_weight[48, 29]",0.146,0.134,0.001,0.381,0.004,0.004,1015.165,907.841,1.003
"K_uu_weight[48, 30]",0.174,0.151,0.001,0.446,0.004,0.005,1030.409,857.206,1.003
"K_uu_weight[48, 31]",0.207,0.17,0.002,0.512,0.005,0.005,1051.79,935.373,1.003
"K_uu_weight[48, 32]",0.244,0.19,0.003,0.59,0.005,0.006,1067.482,961.65,1.003
"K_uu_weight[48, 33]",0.285,0.211,0.011,0.679,0.006,0.006,1089.916,954.04,1.003
"K_uu_weight[48, 34]",0.331,0.232,0.027,0.774,0.006,0.007,1129.238,958.107,1.003
"K_uu_weight[48, 35]",0.381,0.254,0.04,0.868,0.007,0.007,1195.6,1031.076,1.003
"K_uu_weight[48, 36]",0.435,0.275,0.056,0.966,0.007,0.008,1267.076,1031.21,1.003
"K_uu_weight[48, 37]",0.493,0.296,0.08,1.067,0.008,0.009,1360.919,1056.67,1.002
"K_uu_weight[48, 38]",0.552,0.317,0.103,1.17,0.008,0.009,1398.094,1050.131,1.002
"K_uu_weight[48, 39]",0.613,0.337,0.139,1.277,0.009,0.01,1433.65,1376.251,1.003
"K_uu_weight[48, 40]",0.675,0.357,0.157,1.367,0.009,0.01,1471.31,1510.315,1.002
"K_uu_weight[48, 41]",0.734,0.375,0.181,1.457,0.009,0.011,1507.479,1472.286,1.002
"K_uu_weight[48, 42]",0.791,0.393,0.244,1.577,0.01,0.011,1535.507,1564.947,1.002
"K_uu_weight[48, 43]",0.843,0.409,0.263,1.639,0.01,0.011,1545.585,1601.327,1.002
"K_uu_weight[48, 44]",0.889,0.423,0.274,1.696,0.01,0.012,1527.299,1630.263,1.001
"K_uu_weight[48, 45]",0.926,0.434,0.311,1.772,0.011,0.012,1511.794,1637.989,1.001
"K_uu_weight[48, 46]",0.954,0.443,0.325,1.812,0.011,0.012,1516.778,1582.253,1.001
"K_uu_weight[48, 47]",0.971,0.448,0.333,1.841,0.011,0.012,1504.277,1582.253,1.001
"K_uu_weight[48, 48]",0.977,0.45,0.336,1.851,0.011,0.012,1502.823,1556.212,1.001
"K_uu_weight[48, 49]",0.971,0.448,0.333,1.841,0.011,0.012,1504.277,1582.253,1.001
"K_uu_weight[49, 0]",0.0,0.0,0.0,0.0,0.0,0.0,930.298,888.798,1.002
"K_uu_weight[49, 1]",0.0,0.0,0.0,0.0,0.0,0.0,930.303,905.723,1.002
"K_uu_weight[49, 2]",0.0,0.0,0.0,0.0,0.0,0.0,931.201,905.723,1.002
"K_uu_weight[49, 3]",0.0,0.0,0.0,0.001,0.0,0.0,930.499,905.723,1.002
"K_uu_weight[49, 4]",0.0,0.001,0.0,0.001,0.0,0.0,931.528,905.723,1.002
"K_uu_weight[49, 5]",0.0,0.001,0.0,0.001,0.0,0.0,933.009,905.723,1.002
"K_uu_weight[49, 6]",0.0,0.001,0.0,0.002,0.0,0.0,933.115,905.723,1.002
"K_uu_weight[49, 7]",0.0,0.001,0.0,0.002,0.0,0.0,933.403,905.723,1.002
"K_uu_weight[49, 8]",0.001,0.002,0.0,0.003,0.0,0.0,935.032,905.723,1.002
"K_uu_weight[49, 9]",0.001,0.002,0.0,0.004,0.0,0.0,934.809,905.723,1.002
"K_uu_weight[49, 10]",0.001,0.003,0.0,0.005,0.0,0.0,935.794,905.347,1.002
"K_uu_weight[49, 11]",0.002,0.004,0.0,0.007,0.0,0.0,937.7,905.347,1.002
"K_uu_weight[49, 12]",0.002,0.005,0.0,0.009,0.0,0.0,939.435,878.947,1.002
"K_uu_weight[49, 13]",0.003,0.006,0.0,0.012,0.0,0.0,940.507,878.947,1.002
"K_uu_weight[49, 14]",0.004,0.008,0.0,0.015,0.0,0.0,942.401,878.947,1.002
"K_uu_weight[49, 15]",0.005,0.01,0.0,0.019,0.0,0.001,945.116,905.347,1.002
"K_uu_weight[49, 16]",0.006,0.012,0.0,0.025,0.0,0.001,947.598,905.347,1.002
"K_uu_weight[49, 17]",0.008,0.015,0.0,0.031,0.0,0.001,951.007,905.347,1.002
"K_uu_weight[49, 18]",0.01,0.018,0.0,0.039,0.0,0.001,953.874,913.235,1.002
"K_uu_weight[49, 19]",0.013,0.022,0.0,0.048,0.001,0.001,960.797,945.835,1.002
"K_uu_weight[49, 20]",0.017,0.027,0.0,0.061,0.001,0.001,962.423,945.835,1.002
"K_uu_weight[49, 21]",0.022,0.032,0.0,0.076,0.001,0.001,963.535,932.445,1.002
"K_uu_weight[49, 22]",0.028,0.038,0.0,0.093,0.001,0.002,966.861,937.037,1.002
"K_uu_weight[49, 23]",0.035,0.046,0.0,0.114,0.001,0.002,970.521,946.04,1.003
"K_uu_weight[49, 24]",0.043,0.055,0.0,0.139,0.001,0.002,974.482,946.04,1.003
"K_uu_weight[49, 25]",0.054,0.064,0.0,0.167,0.002,0.002,979.327,990.511,1.003
"K_uu_weight[49, 26]",0.067,0.076,0.0,0.198,0.002,0.003,981.633,886.855,1.003
"K_uu_weight[49, 27]",0.082,0.088,0.0,0.233,0.002,0.003,986.145,886.855,1.003
"K_uu_weight[49, 28]",0.1,0.102,0.0,0.276,0.003,0.004,995.514,954.683,1.003
"K_uu_weight[49, 29]",0.121,0.117,0.0,0.324,0.003,0.004,1001.766,916.769,1.003
"K_uu_weight[49, 30]",0.146,0.134,0.001,0.381,0.004,0.004,1015.165,907.841,1.003
"K_uu_weight[49, 31]",0.174,0.151,0.001,0.446,0.004,0.005,1030.409,857.206,1.003
"K_uu_weight[49, 32]",0.207,0.17,0.002,0.512,0.005,0.005,1051.79,935.373,1.003
"K_uu_weight[49, 33]",0.244,0.19,0.003,0.59,0.005,0.006,1067.482,961.65,1.003
"K_uu_weight[49, 34]",0.285,0.211,0.011,0.679,0.006,0.006,1089.916,954.04,1.003
"K_uu_weight[49, 35]",0.331,0.232,0.027,0.774,0.006,0.007,1129.238,958.107,1.003
"K_uu_weight[49, 36]",0.381,0.254,0.04,0.868,0.007,0.007,1195.6,1031.076,1.003
"K_uu_weight[49, 37]",0.435,0.275,0.056,0.966,0.007,0.008,1267.076,1031.21,1.003
"K_uu_weight[49, 38]",0.493,0.296,0.08,1.067,0.008,0.009,1360.919,1056.67,1.002
"K_uu_weight[49, 39]",0.552,0.317,0.103,1.17,0.008,0.009,1398.094,1050.131,1.002
"K_uu_weight[49, 40]",0.613,0.337,0.139,1.277,0.009,0.01,1433.65,1376.251,1.003
"K_uu_weight[49, 41]",0.675,0.357,0.157,1.367,0.009,0.01,1471.31,1510.315,1.002
"K_uu_weight[49, 42]",0.734,0.375,0.181,1.457,0.009,0.011,1507.479,1472.286,1.002
"K_uu_weight[49, 43]",0.791,0.393,0.244,1.577,0.01,0.011,1535.507,1564.947,1.002
"K_uu_weight[49, 44]",0.843,0.409,0.263,1.639,0.01,0.011,1545.585,1601.327,1.002
"K_uu_weight[49, 45]",0.889,0.423,0.274,1.696,0.01,0.012,1527.299,1630.263,1.001
"K_uu_weight[49, 46]",0.926,0.434,0.311,1.772,0.011,0.012,1511.794,1637.989,1.001
"K_uu_weight[49, 47]",0.954,0.443,0.325,1.812,0.011,0.012,1516.778,1582.253,1.001
"K_uu_weight[49, 48]",0.971,0.448,0.333,1.841,0.011,0.012,1504.277,1582.253,1.001
"K_uu_weight[49, 49]",0.977,0.45,0.336,1.851,0.011,0.012,1502.823,1556.212,1.001
"K_uu_workout[0, 0]",0.028,0.031,0.002,0.084,0.001,0.002,1085.794,1224.729,1.007
"K_uu_workout[0, 1]",0.028,0.031,0.002,0.084,0.001,0.002,1086.135,1224.729,1.007
"K_uu_workout[0, 2]",0.028,0.031,0.003,0.085,0.001,0.002,1087.047,1224.729,1.007
"K_uu_workout[0, 3]",0.028,0.031,0.002,0.084,0.001,0.002,1088.662,1224.729,1.007
"K_uu_workout[0, 4]",0.028,0.031,0.002,0.084,0.001,0.002,1090.693,1225.197,1.007
"K_uu_workout[0, 5]",0.028,0.031,0.002,0.084,0.001,0.002,1094.216,1225.197,1.007
"K_uu_workout[0, 6]",0.028,0.03,0.002,0.084,0.001,0.002,1098.769,1224.635,1.007
"K_uu_workout[0, 7]",0.028,0.03,0.002,0.084,0.001,0.002,1103.272,1240.654,1.007
"K_uu_workout[0, 8]",0.028,0.03,0.003,0.084,0.001,0.002,1109.222,1209.434,1.007
"K_uu_workout[0, 9]",0.027,0.03,0.002,0.083,0.001,0.002,1113.72,1257.596,1.007
"K_uu_workout[0, 10]",0.027,0.03,0.002,0.083,0.001,0.002,1121.698,1257.596,1.007
"K_uu_workout[0, 11]",0.027,0.03,0.002,0.083,0.001,0.002,1130.921,1275.063,1.007
"K_uu_workout[0, 12]",0.027,0.03,0.002,0.082,0.001,0.002,1143.683,1275.063,1.007
"K_uu_workout[0, 13]",0.027,0.03,0.002,0.082,0.001,0.002,1156.133,1225.761,1.007
"K_uu_workout[0, 14]",0.027,0.03,0.002,0.082,0.001,0.002,1170.989,1258.443,1.007
"K_uu_workout[0, 15]",0.027,0.03,0.002,0.082,0.001,0.002,1182.713,1258.194,1.007
"K_uu_workout[0, 16]",0.026,0.03,0.002,0.081,0.001,0.002,1200.206,1310.578,1.007
"K_uu_workout[0, 17]",0.026,0.029,0.002,0.081,0.001,0.002,1217.367,1311.016,1.007
"K_uu_workout[0, 18]",0.026,0.029,0.001,0.08,0.001,0.002,1234.77,1311.016,1.006
"K_uu_workout[0, 19]",0.026,0.029,0.001,0.08,0.001,0.002,1254.146,1310.687,1.006
"K_uu_workout[0, 20]",0.026,0.029,0.002,0.08,0.001,0.002,1276.584,1347.254,1.006
"K_uu_workout[0, 21]",0.025,0.029,0.002,0.079,0.001,0.002,1298.171,1348.13,1.006
"K_uu_workout[0, 22]",0.025,0.029,0.002,0.079,0.001,0.002,1315.63,1347.838,1.006
"K_uu_workout[0, 23]",0.025,0.029,0.002,0.079,0.001,0.002,1324.69,1367.28,1.006
"K_uu_workout[0, 24]",0.025,0.028,0.001,0.078,0.001,0.002,1332.041,1385.158,1.006
"K_uu_workout[0, 25]",0.024,0.028,0.001,0.077,0.001,0.002,1339.62,1365.269,1.006
"K_uu_workout[0, 26]",0.024,0.028,0.001,0.076,0.001,0.002,1347.774,1345.46,1.006
"K_uu_workout[0, 27]",0.024,0.028,0.001,0.076,0.001,0.002,1354.359,1365.667,1.006
"K_uu_workout[0, 28]",0.024,0.028,0.0,0.074,0.001,0.002,1359.807,1347.006,1.006
"K_uu_workout[0, 29]",0.023,0.028,0.0,0.074,0.001,0.002,1364.622,1329.035,1.006
"K_uu_workout[0, 30]",0.023,0.028,0.001,0.074,0.001,0.002,1370.35,1328.922,1.006
"K_uu_workout[0, 31]",0.023,0.027,0.001,0.073,0.001,0.002,1372.656,1366.769,1.006
"K_uu_workout[0, 32]",0.023,0.027,0.001,0.073,0.001,0.002,1376.786,1366.055,1.005
"K_uu_workout[0, 33]",0.022,0.027,0.001,0.073,0.001,0.002,1378.194,1386.747,1.005
"K_uu_workout[0, 34]",0.022,0.027,0.001,0.072,0.001,0.002,1380.659,1386.728,1.005
"K_uu_workout[0, 35]",0.022,0.027,0.0,0.071,0.001,0.002,1381.467,1366.941,1.005
"K_uu_workout[0, 36]",0.022,0.026,0.0,0.071,0.001,0.002,1382.858,1348.083,1.005
"K_uu_workout[0, 37]",0.021,0.026,0.0,0.07,0.001,0.002,1383.24,1407.32,1.005
"K_uu_workout[0, 38]",0.021,0.026,0.0,0.068,0.001,0.002,1381.668,1450.618,1.005
"K_uu_workout[0, 39]",0.021,0.026,0.0,0.068,0.001,0.002,1380.005,1407.422,1.005
"K_uu_workout[0, 40]",0.02,0.026,0.0,0.067,0.001,0.002,1377.398,1407.331,1.004
"K_uu_workout[0, 41]",0.02,0.026,0.0,0.066,0.001,0.002,1374.108,1406.918,1.004
"K_uu_workout[0, 42]",0.02,0.025,0.0,0.065,0.001,0.002,1368.958,1427.904,1.004
"K_uu_workout[0, 43]",0.02,0.025,0.0,0.064,0.001,0.002,1364.19,1406.256,1.004
"K_uu_workout[0, 44]",0.019,0.025,0.0,0.063,0.001,0.002,1360.354,1406.218,1.004
"K_uu_workout[0, 45]",0.019,0.025,0.0,0.063,0.001,0.002,1355.254,1405.915,1.004
"K_uu_workout[0, 46]",0.019,0.025,0.0,0.062,0.001,0.002,1350.045,1365.087,1.004
"K_uu_workout[0, 47]",0.019,0.024,0.0,0.061,0.001,0.002,1343.808,1385.184,1.004
"K_uu_workout[0, 48]",0.018,0.024,0.0,0.06,0.001,0.001,1338.115,1405.987,1.003
"K_uu_workout[0, 49]",0.018,0.024,0.0,0.06,0.001,0.001,1331.135,1426.848,1.003
"K_uu_workout[1, 0]",0.028,0.031,0.002,0.084,0.001,0.002,1086.135,1224.729,1.007
"K_uu_workout[1, 1]",0.028,0.031,0.002,0.084,0.001,0.002,1085.794,1224.729,1.007
"K_uu_workout[1, 2]",0.028,0.031,0.002,0.084,0.001,0.002,1086.135,1224.729,1.007
"K_uu_workout[1, 3]",0.028,0.031,0.003,0.085,0.001,0.002,1087.047,1224.729,1.007
"K_uu_workout[1, 4]",0.028,0.031,0.002,0.084,0.001,0.002,1088.662,1224.729,1.007
"K_uu_workout[1, 5]",0.028,0.031,0.002,0.084,0.001,0.002,1090.693,1225.197,1.007
"K_uu_workout[1, 6]",0.028,0.031,0.002,0.084,0.001,0.002,1094.216,1225.197,1.007
"K_uu_workout[1, 7]",0.028,0.03,0.002,0.084,0.001,0.002,1098.769,1224.635,1.007
"K_uu_workout[1, 8]",0.028,0.03,0.002,0.084,0.001,0.002,1103.272,1240.654,1.007
"K_uu_workout[1, 9]",0.028,0.03,0.003,0.084,0.001,0.002,1109.222,1209.434,1.007
"K_uu_workout[1, 10]",0.027,0.03,0.002,0.083,0.001,0.002,1113.72,1257.596,1.007
"K_uu_workout[1, 11]",0.027,0.03,0.002,0.083,0.001,0.002,1121.698,1257.596,1.007
"K_uu_workout[1, 12]",0.027,0.03,0.002,0.083,0.001,0.002,1130.921,1275.063,1.007
"K_uu_workout[1, 13]",0.027,0.03,0.002,0.082,0.001,0.002,1143.683,1275.063,1.007
"K_uu_workout[1, 14]",0.027,0.03,0.002,0.082,0.001,0.002,1156.133,1225.761,1.007
"K_uu_workout[1, 15]",0.027,0.03,0.002,0.082,0.001,0.002,1170.989,1258.443,1.007
"K_uu_workout[1, 16]",0.027,0.03,0.002,0.082,0.001,0.002,1182.713,1258.194,1.007
"K_uu_workout[1, 17]",0.026,0.03,0.002,0.081,0.001,0.002,1200.206,1310.578,1.007
"K_uu_workout[1, 18]",0.026,0.029,0.002,0.081,0.001,0.002,1217.367,1311.016,1.007
"K_uu_workout[1, 19]",0.026,0.029,0.001,0.08,0.001,0.002,1234.77,1311.016,1.006
"K_uu_workout[1, 20]",0.026,0.029,0.001,0.08,0.001,0.002,1254.146,1310.687,1.006
"K_uu_workout[1, 21]",0.026,0.029,0.002,0.08,0.001,0.002,1276.584,1347.254,1.006
"K_uu_workout[1, 22]",0.025,0.029,0.002,0.079,0.001,0.002,1298.171,1348.13,1.006
"K_uu_workout[1, 23]",0.025,0.029,0.002,0.079,0.001,0.002,1315.63,1347.838,1.006
"K_uu_workout[1, 24]",0.025,0.029,0.002,0.079,0.001,0.002,1324.69,1367.28,1.006
"K_uu_workout[1, 25]",0.025,0.028,0.001,0.078,0.001,0.002,1332.041,1385.158,1.006
"K_uu_workout[1, 26]",0.024,0.028,0.001,0.077,0.001,0.002,1339.62,1365.269,1.006
"K_uu_workout[1, 27]",0.024,0.028,0.001,0.076,0.001,0.002,1347.774,1345.46,1.006
"K_uu_workout[1, 28]",0.024,0.028,0.001,0.076,0.001,0.002,1354.359,1365.667,1.006
"K_uu_workout[1, 29]",0.024,0.028,0.0,0.074,0.001,0.002,1359.807,1347.006,1.006
"K_uu_workout[1, 30]",0.023,0.028,0.0,0.074,0.001,0.002,1364.622,1329.035,1.006
"K_uu_workout[1, 31]",0.023,0.028,0.001,0.074,0.001,0.002,1370.35,1328.922,1.006
"K_uu_workout[1, 32]",0.023,0.027,0.001,0.073,0.001,0.002,1372.656,1366.769,1.006
"K_uu_workout[1, 33]",0.023,0.027,0.001,0.073,0.001,0.002,1376.786,1366.055,1.005
"K_uu_workout[1, 34]",0.022,0.027,0.001,0.073,0.001,0.002,1378.194,1386.747,1.005
"K_uu_workout[1, 35]",0.022,0.027,0.001,0.072,0.001,0.002,1380.659,1386.728,1.005
"K_uu_workout[1, 36]",0.022,0.027,0.0,0.071,0.001,0.002,1381.467,1366.941,1.005
"K_uu_workout[1, 37]",0.022,0.026,0.0,0.071,0.001,0.002,1382.858,1348.083,1.005
"K_uu_workout[1, 38]",0.021,0.026,0.0,0.07,0.001,0.002,1383.24,1407.32,1.005
"K_uu_workout[1, 39]",0.021,0.026,0.0,0.068,0.001,0.002,1381.668,1450.618,1.005
"K_uu_workout[1, 40]",0.021,0.026,0.0,0.068,0.001,0.002,1380.005,1407.422,1.005
"K_uu_workout[1, 41]",0.02,0.026,0.0,0.067,0.001,0.002,1377.398,1407.331,1.004
"K_uu_workout[1, 42]",0.02,0.026,0.0,0.066,0.001,0.002,1374.108,1406.918,1.004
"K_uu_workout[1, 43]",0.02,0.025,0.0,0.065,0.001,0.002,1368.958,1427.904,1.004
"K_uu_workout[1, 44]",0.02,0.025,0.0,0.064,0.001,0.002,1364.19,1406.256,1.004
"K_uu_workout[1, 45]",0.019,0.025,0.0,0.063,0.001,0.002,1360.354,1406.218,1.004
"K_uu_workout[1, 46]",0.019,0.025,0.0,0.063,0.001,0.002,1355.254,1405.915,1.004
"K_uu_workout[1, 47]",0.019,0.025,0.0,0.062,0.001,0.002,1350.045,1365.087,1.004
"K_uu_workout[1, 48]",0.019,0.024,0.0,0.061,0.001,0.002,1343.808,1385.184,1.004
"K_uu_workout[1, 49]",0.018,0.024,0.0,0.06,0.001,0.001,1338.115,1405.987,1.003
"K_uu_workout[2, 0]",0.028,0.031,0.003,0.085,0.001,0.002,1087.047,1224.729,1.007
"K_uu_workout[2, 1]",0.028,0.031,0.002,0.084,0.001,0.002,1086.135,1224.729,1.007
"K_uu_workout[2, 2]",0.028,0.031,0.002,0.084,0.001,0.002,1085.794,1224.729,1.007
"K_uu_workout[2, 3]",0.028,0.031,0.002,0.084,0.001,0.002,1086.135,1224.729,1.007
"K_uu_workout[2, 4]",0.028,0.031,0.003,0.085,0.001,0.002,1087.047,1224.729,1.007
"K_uu_workout[2, 5]",0.028,0.031,0.002,0.084,0.001,0.002,1088.662,1224.729,1.007
"K_uu_workout[2, 6]",0.028,0.031,0.002,0.084,0.001,0.002,1090.693,1225.197,1.007
"K_uu_workout[2, 7]",0.028,0.031,0.002,0.084,0.001,0.002,1094.216,1225.197,1.007
"K_uu_workout[2, 8]",0.028,0.03,0.002,0.084,0.001,0.002,1098.769,1224.635,1.007
"K_uu_workout[2, 9]",0.028,0.03,0.002,0.084,0.001,0.002,1103.272,1240.654,1.007
"K_uu_workout[2, 10]",0.028,0.03,0.003,0.084,0.001,0.002,1109.222,1209.434,1.007
"K_uu_workout[2, 11]",0.027,0.03,0.002,0.083,0.001,0.002,1113.72,1257.596,1.007
"K_uu_workout[2, 12]",0.027,0.03,0.002,0.083,0.001,0.002,1121.698,1257.596,1.007
"K_uu_workout[2, 13]",0.027,0.03,0.002,0.083,0.001,0.002,1130.921,1275.063,1.007
"K_uu_workout[2, 14]",0.027,0.03,0.002,0.082,0.001,0.002,1143.683,1275.063,1.007
"K_uu_workout[2, 15]",0.027,0.03,0.002,0.082,0.001,0.002,1156.133,1225.761,1.007
"K_uu_workout[2, 16]",0.027,0.03,0.002,0.082,0.001,0.002,1170.989,1258.443,1.007
"K_uu_workout[2, 17]",0.027,0.03,0.002,0.082,0.001,0.002,1182.713,1258.194,1.007
"K_uu_workout[2, 18]",0.026,0.03,0.002,0.081,0.001,0.002,1200.206,1310.578,1.007
"K_uu_workout[2, 19]",0.026,0.029,0.002,0.081,0.001,0.002,1217.367,1311.016,1.007
"K_uu_workout[2, 20]",0.026,0.029,0.001,0.08,0.001,0.002,1234.77,1311.016,1.006
"K_uu_workout[2, 21]",0.026,0.029,0.001,0.08,0.001,0.002,1254.146,1310.687,1.006
"K_uu_workout[2, 22]",0.026,0.029,0.002,0.08,0.001,0.002,1276.584,1347.254,1.006
"K_uu_workout[2, 23]",0.025,0.029,0.002,0.079,0.001,0.002,1298.171,1348.13,1.006
"K_uu_workout[2, 24]",0.025,0.029,0.002,0.079,0.001,0.002,1315.63,1347.838,1.006
"K_uu_workout[2, 25]",0.025,0.029,0.002,0.079,0.001,0.002,1324.69,1367.28,1.006
"K_uu_workout[2, 26]",0.025,0.028,0.001,0.078,0.001,0.002,1332.041,1385.158,1.006
"K_uu_workout[2, 27]",0.024,0.028,0.001,0.077,0.001,0.002,1339.62,1365.269,1.006
"K_uu_workout[2, 28]",0.024,0.028,0.001,0.076,0.001,0.002,1347.774,1345.46,1.006
"K_uu_workout[2, 29]",0.024,0.028,0.001,0.076,0.001,0.002,1354.359,1365.667,1.006
"K_uu_workout[2, 30]",0.024,0.028,0.0,0.074,0.001,0.002,1359.807,1347.006,1.006
"K_uu_workout[2, 31]",0.023,0.028,0.0,0.074,0.001,0.002,1364.622,1329.035,1.006
"K_uu_workout[2, 32]",0.023,0.028,0.001,0.074,0.001,0.002,1370.35,1328.922,1.006
"K_uu_workout[2, 33]",0.023,0.027,0.001,0.073,0.001,0.002,1372.656,1366.769,1.006
"K_uu_workout[2, 34]",0.023,0.027,0.001,0.073,0.001,0.002,1376.786,1366.055,1.005
"K_uu_workout[2, 35]",0.022,0.027,0.001,0.073,0.001,0.002,1378.194,1386.747,1.005
"K_uu_workout[2, 36]",0.022,0.027,0.001,0.072,0.001,0.002,1380.659,1386.728,1.005
"K_uu_workout[2, 37]",0.022,0.027,0.0,0.071,0.001,0.002,1381.467,1366.941,1.005
"K_uu_workout[2, 38]",0.022,0.026,0.0,0.071,0.001,0.002,1382.858,1348.083,1.005
"K_uu_workout[2, 39]",0.021,0.026,0.0,0.07,0.001,0.002,1383.24,1407.32,1.005
"K_uu_workout[2, 40]",0.021,0.026,0.0,0.068,0.001,0.002,1381.668,1450.618,1.005
"K_uu_workout[2, 41]",0.021,0.026,0.0,0.068,0.001,0.002,1380.005,1407.422,1.005
"K_uu_workout[2, 42]",0.02,0.026,0.0,0.067,0.001,0.002,1377.398,1407.331,1.004
"K_uu_workout[2, 43]",0.02,0.026,0.0,0.066,0.001,0.002,1374.108,1406.918,1.004
"K_uu_workout[2, 44]",0.02,0.025,0.0,0.065,0.001,0.002,1368.958,1427.904,1.004
"K_uu_workout[2, 45]",0.02,0.025,0.0,0.064,0.001,0.002,1364.19,1406.256,1.004
"K_uu_workout[2, 46]",0.019,0.025,0.0,0.063,0.001,0.002,1360.354,1406.218,1.004
"K_uu_workout[2, 47]",0.019,0.025,0.0,0.063,0.001,0.002,1355.254,1405.915,1.004
"K_uu_workout[2, 48]",0.019,0.025,0.0,0.062,0.001,0.002,1350.045,1365.087,1.004
"K_uu_workout[2, 49]",0.019,0.024,0.0,0.061,0.001,0.002,1343.808,1385.184,1.004
"K_uu_workout[3, 0]",0.028,0.031,0.002,0.084,0.001,0.002,1088.662,1224.729,1.007
"K_uu_workout[3, 1]",0.028,0.031,0.003,0.085,0.001,0.002,1087.047,1224.729,1.007
"K_uu_workout[3, 2]",0.028,0.031,0.002,0.084,0.001,0.002,1086.135,1224.729,1.007
"K_uu_workout[3, 3]",0.028,0.031,0.002,0.084,0.001,0.002,1085.794,1224.729,1.007
"K_uu_workout[3, 4]",0.028,0.031,0.002,0.084,0.001,0.002,1086.135,1224.729,1.007
"K_uu_workout[3, 5]",0.028,0.031,0.003,0.085,0.001,0.002,1087.047,1224.729,1.007
"K_uu_workout[3, 6]",0.028,0.031,0.002,0.084,0.001,0.002,1088.662,1224.729,1.007
"K_uu_workout[3, 7]",0.028,0.031,0.002,0.084,0.001,0.002,1090.693,1225.197,1.007
"K_uu_workout[3, 8]",0.028,0.031,0.002,0.084,0.001,0.002,1094.216,1225.197,1.007
"K_uu_workout[3, 9]",0.028,0.03,0.002,0.084,0.001,0.002,1098.769,1224.635,1.007
"K_uu_workout[3, 10]",0.028,0.03,0.002,0.084,0.001,0.002,1103.272,1240.654,1.007
"K_uu_workout[3, 11]",0.028,0.03,0.003,0.084,0.001,0.002,1109.222,1209.434,1.007
"K_uu_workout[3, 12]",0.027,0.03,0.002,0.083,0.001,0.002,1113.72,1257.596,1.007
"K_uu_workout[3, 13]",0.027,0.03,0.002,0.083,0.001,0.002,1121.698,1257.596,1.007
"K_uu_workout[3, 14]",0.027,0.03,0.002,0.083,0.001,0.002,1130.921,1275.063,1.007
"K_uu_workout[3, 15]",0.027,0.03,0.002,0.082,0.001,0.002,1143.683,1275.063,1.007
"K_uu_workout[3, 16]",0.027,0.03,0.002,0.082,0.001,0.002,1156.133,1225.761,1.007
"K_uu_workout[3, 17]",0.027,0.03,0.002,0.082,0.001,0.002,1170.989,1258.443,1.007
"K_uu_workout[3, 18]",0.027,0.03,0.002,0.082,0.001,0.002,1182.713,1258.194,1.007
"K_uu_workout[3, 19]",0.026,0.03,0.002,0.081,0.001,0.002,1200.206,1310.578,1.007
"K_uu_workout[3, 20]",0.026,0.029,0.002,0.081,0.001,0.002,1217.367,1311.016,1.007
"K_uu_workout[3, 21]",0.026,0.029,0.001,0.08,0.001,0.002,1234.77,1311.016,1.006
"K_uu_workout[3, 22]",0.026,0.029,0.001,0.08,0.001,0.002,1254.146,1310.687,1.006
"K_uu_workout[3, 23]",0.026,0.029,0.002,0.08,0.001,0.002,1276.584,1347.254,1.006
"K_uu_workout[3, 24]",0.025,0.029,0.002,0.079,0.001,0.002,1298.171,1348.13,1.006
"K_uu_workout[3, 25]",0.025,0.029,0.002,0.079,0.001,0.002,1315.63,1347.838,1.006
"K_uu_workout[3, 26]",0.025,0.029,0.002,0.079,0.001,0.002,1324.69,1367.28,1.006
"K_uu_workout[3, 27]",0.025,0.028,0.001,0.078,0.001,0.002,1332.041,1385.158,1.006
"K_uu_workout[3, 28]",0.024,0.028,0.001,0.077,0.001,0.002,1339.62,1365.269,1.006
"K_uu_workout[3, 29]",0.024,0.028,0.001,0.076,0.001,0.002,1347.774,1345.46,1.006
"K_uu_workout[3, 30]",0.024,0.028,0.001,0.076,0.001,0.002,1354.359,1365.667,1.006
"K_uu_workout[3, 31]",0.024,0.028,0.0,0.074,0.001,0.002,1359.807,1347.006,1.006
"K_uu_workout[3, 32]",0.023,0.028,0.0,0.074,0.001,0.002,1364.622,1329.035,1.006
"K_uu_workout[3, 33]",0.023,0.028,0.001,0.074,0.001,0.002,1370.35,1328.922,1.006
"K_uu_workout[3, 34]",0.023,0.027,0.001,0.073,0.001,0.002,1372.656,1366.769,1.006
"K_uu_workout[3, 35]",0.023,0.027,0.001,0.073,0.001,0.002,1376.786,1366.055,1.005
"K_uu_workout[3, 36]",0.022,0.027,0.001,0.073,0.001,0.002,1378.194,1386.747,1.005
"K_uu_workout[3, 37]",0.022,0.027,0.001,0.072,0.001,0.002,1380.659,1386.728,1.005
"K_uu_workout[3, 38]",0.022,0.027,0.0,0.071,0.001,0.002,1381.467,1366.941,1.005
"K_uu_workout[3, 39]",0.022,0.026,0.0,0.071,0.001,0.002,1382.858,1348.083,1.005
"K_uu_workout[3, 40]",0.021,0.026,0.0,0.07,0.001,0.002,1383.24,1407.32,1.005
"K_uu_workout[3, 41]",0.021,0.026,0.0,0.068,0.001,0.002,1381.668,1450.618,1.005
"K_uu_workout[3, 42]",0.021,0.026,0.0,0.068,0.001,0.002,1380.005,1407.422,1.005
"K_uu_workout[3, 43]",0.02,0.026,0.0,0.067,0.001,0.002,1377.398,1407.331,1.004
"K_uu_workout[3, 44]",0.02,0.026,0.0,0.066,0.001,0.002,1374.108,1406.918,1.004
"K_uu_workout[3, 45]",0.02,0.025,0.0,0.065,0.001,0.002,1368.958,1427.904,1.004
"K_uu_workout[3, 46]",0.02,0.025,0.0,0.064,0.001,0.002,1364.19,1406.256,1.004
"K_uu_workout[3, 47]",0.019,0.025,0.0,0.063,0.001,0.002,1360.354,1406.218,1.004
"K_uu_workout[3, 48]",0.019,0.025,0.0,0.063,0.001,0.002,1355.254,1405.915,1.004
"K_uu_workout[3, 49]",0.019,0.025,0.0,0.062,0.001,0.002,1350.045,1365.087,1.004
"K_uu_workout[4, 0]",0.028,0.031,0.002,0.084,0.001,0.002,1090.693,1225.197,1.007
"K_uu_workout[4, 1]",0.028,0.031,0.002,0.084,0.001,0.002,1088.662,1224.729,1.007
"K_uu_workout[4, 2]",0.028,0.031,0.003,0.085,0.001,0.002,1087.047,1224.729,1.007
"K_uu_workout[4, 3]",0.028,0.031,0.002,0.084,0.001,0.002,1086.135,1224.729,1.007
"K_uu_workout[4, 4]",0.028,0.031,0.002,0.084,0.001,0.002,1085.794,1224.729,1.007
"K_uu_workout[4, 5]",0.028,0.031,0.002,0.084,0.001,0.002,1086.135,1224.729,1.007
"K_uu_workout[4, 6]",0.028,0.031,0.003,0.085,0.001,0.002,1087.047,1224.729,1.007
"K_uu_workout[4, 7]",0.028,0.031,0.002,0.084,0.001,0.002,1088.662,1224.729,1.007
"K_uu_workout[4, 8]",0.028,0.031,0.002,0.084,0.001,0.002,1090.693,1225.197,1.007
"K_uu_workout[4, 9]",0.028,0.031,0.002,0.084,0.001,0.002,1094.216,1225.197,1.007
"K_uu_workout[4, 10]",0.028,0.03,0.002,0.084,0.001,0.002,1098.769,1224.635,1.007
"K_uu_workout[4, 11]",0.028,0.03,0.002,0.084,0.001,0.002,1103.272,1240.654,1.007
"K_uu_workout[4, 12]",0.028,0.03,0.003,0.084,0.001,0.002,1109.222,1209.434,1.007
"K_uu_workout[4, 13]",0.027,0.03,0.002,0.083,0.001,0.002,1113.72,1257.596,1.007
"K_uu_workout[4, 14]",0.027,0.03,0.002,0.083,0.001,0.002,1121.698,1257.596,1.007
"K_uu_workout[4, 15]",0.027,0.03,0.002,0.083,0.001,0.002,1130.921,1275.063,1.007
"K_uu_workout[4, 16]",0.027,0.03,0.002,0.082,0.001,0.002,1143.683,1275.063,1.007
"K_uu_workout[4, 17]",0.027,0.03,0.002,0.082,0.001,0.002,1156.133,1225.761,1.007
"K_uu_workout[4, 18]",0.027,0.03,0.002,0.082,0.001,0.002,1170.989,1258.443,1.007
"K_uu_workout[4, 19]",0.027,0.03,0.002,0.082,0.001,0.002,1182.713,1258.194,1.007
"K_uu_workout[4, 20]",0.026,0.03,0.002,0.081,0.001,0.002,1200.206,1310.578,1.007
"K_uu_workout[4, 21]",0.026,0.029,0.002,0.081,0.001,0.002,1217.367,1311.016,1.007
"K_uu_workout[4, 22]",0.026,0.029,0.001,0.08,0.001,0.002,1234.77,1311.016,1.006
"K_uu_workout[4, 23]",0.026,0.029,0.001,0.08,0.001,0.002,1254.146,1310.687,1.006
"K_uu_workout[4, 24]",0.026,0.029,0.002,0.08,0.001,0.002,1276.584,1347.254,1.006
"K_uu_workout[4, 25]",0.025,0.029,0.002,0.079,0.001,0.002,1298.171,1348.13,1.006
"K_uu_workout[4, 26]",0.025,0.029,0.002,0.079,0.001,0.002,1315.63,1347.838,1.006
"K_uu_workout[4, 27]",0.025,0.029,0.002,0.079,0.001,0.002,1324.69,1367.28,1.006
"K_uu_workout[4, 28]",0.025,0.028,0.001,0.078,0.001,0.002,1332.041,1385.158,1.006
"K_uu_workout[4, 29]",0.024,0.028,0.001,0.077,0.001,0.002,1339.62,1365.269,1.006
"K_uu_workout[4, 30]",0.024,0.028,0.001,0.076,0.001,0.002,1347.774,1345.46,1.006
"K_uu_workout[4, 31]",0.024,0.028,0.001,0.076,0.001,0.002,1354.359,1365.667,1.006
"K_uu_workout[4, 32]",0.024,0.028,0.0,0.074,0.001,0.002,1359.807,1347.006,1.006
"K_uu_workout[4, 33]",0.023,0.028,0.0,0.074,0.001,0.002,1364.622,1329.035,1.006
"K_uu_workout[4, 34]",0.023,0.028,0.001,0.074,0.001,0.002,1370.35,1328.922,1.006
"K_uu_workout[4, 35]",0.023,0.027,0.001,0.073,0.001,0.002,1372.656,1366.769,1.006
"K_uu_workout[4, 36]",0.023,0.027,0.001,0.073,0.001,0.002,1376.786,1366.055,1.005
"K_uu_workout[4, 37]",0.022,0.027,0.001,0.073,0.001,0.002,1378.194,1386.747,1.005
"K_uu_workout[4, 38]",0.022,0.027,0.001,0.072,0.001,0.002,1380.659,1386.728,1.005
"K_uu_workout[4, 39]",0.022,0.027,0.0,0.071,0.001,0.002,1381.467,1366.941,1.005
"K_uu_workout[4, 40]",0.022,0.026,0.0,0.071,0.001,0.002,1382.858,1348.083,1.005
"K_uu_workout[4, 41]",0.021,0.026,0.0,0.07,0.001,0.002,1383.24,1407.32,1.005
"K_uu_workout[4, 42]",0.021,0.026,0.0,0.068,0.001,0.002,1381.668,1450.618,1.005
"K_uu_workout[4, 43]",0.021,0.026,0.0,0.068,0.001,0.002,1380.005,1407.422,1.005
"K_uu_workout[4, 44]",0.02,0.026,0.0,0.067,0.001,0.002,1377.398,1407.331,1.004
"K_uu_workout[4, 45]",0.02,0.026,0.0,0.066,0.001,0.002,1374.108,1406.918,1.004
"K_uu_workout[4, 46]",0.02,0.025,0.0,0.065,0.001,0.002,1368.958,1427.904,1.004
"K_uu_workout[4, 47]",0.02,0.025,0.0,0.064,0.001,0.002,1364.19,1406.256,1.004
"K_uu_workout[4, 48]",0.019,0.025,0.0,0.063,0.001,0.002,1360.354,1406.218,1.004
"K_uu_workout[4, 49]",0.019,0.025,0.0,0.063,0.001,0.002,1355.254,1405.915,1.004
"K_uu_workout[5, 0]",0.028,0.031,0.002,0.084,0.001,0.002,1094.216,1225.197,1.007
"K_uu_workout[5, 1]",0.028,0.031,0.002,0.084,0.001,0.002,1090.693,1225.197,1.007
"K_uu_workout[5, 2]",0.028,0.031,0.002,0.084,0.001,0.002,1088.662,1224.729,1.007
"K_uu_workout[5, 3]",0.028,0.031,0.003,0.085,0.001,0.002,1087.047,1224.729,1.007
"K_uu_workout[5, 4]",0.028,0.031,0.002,0.084,0.001,0.002,1086.135,1224.729,1.007
"K_uu_workout[5, 5]",0.028,0.031,0.002,0.084,0.001,0.002,1085.794,1224.729,1.007
"K_uu_workout[5, 6]",0.028,0.031,0.002,0.084,0.001,0.002,1086.135,1224.729,1.007
"K_uu_workout[5, 7]",0.028,0.031,0.003,0.085,0.001,0.002,1087.047,1224.729,1.007
"K_uu_workout[5, 8]",0.028,0.031,0.002,0.084,0.001,0.002,1088.662,1224.729,1.007
"K_uu_workout[5, 9]",0.028,0.031,0.002,0.084,0.001,0.002,1090.693,1225.197,1.007
"K_uu_workout[5, 10]",0.028,0.031,0.002,0.084,0.001,0.002,1094.216,1225.197,1.007
"K_uu_workout[5, 11]",0.028,0.03,0.002,0.084,0.001,0.002,1098.769,1224.635,1.007
"K_uu_workout[5, 12]",0.028,0.03,0.002,0.084,0.001,0.002,1103.272,1240.654,1.007
"K_uu_workout[5, 13]",0.028,0.03,0.003,0.084,0.001,0.002,1109.222,1209.434,1.007
"K_uu_workout[5, 14]",0.027,0.03,0.002,0.083,0.001,0.002,1113.72,1257.596,1.007
"K_uu_workout[5, 15]",0.027,0.03,0.002,0.083,0.001,0.002,1121.698,1257.596,1.007
"K_uu_workout[5, 16]",0.027,0.03,0.002,0.083,0.001,0.002,1130.921,1275.063,1.007
"K_uu_workout[5, 17]",0.027,0.03,0.002,0.082,0.001,0.002,1143.683,1275.063,1.007
"K_uu_workout[5, 18]",0.027,0.03,0.002,0.082,0.001,0.002,1156.133,1225.761,1.007
"K_uu_workout[5, 19]",0.027,0.03,0.002,0.082,0.001,0.002,1170.989,1258.443,1.007
"K_uu_workout[5, 20]",0.027,0.03,0.002,0.082,0.001,0.002,1182.713,1258.194,1.007
"K_uu_workout[5, 21]",0.026,0.03,0.002,0.081,0.001,0.002,1200.206,1310.578,1.007
"K_uu_workout[5, 22]",0.026,0.029,0.002,0.081,0.001,0.002,1217.367,1311.016,1.007
"K_uu_workout[5, 23]",0.026,0.029,0.001,0.08,0.001,0.002,1234.77,1311.016,1.006
"K_uu_workout[5, 24]",0.026,0.029,0.001,0.08,0.001,0.002,1254.146,1310.687,1.006
"K_uu_workout[5, 25]",0.026,0.029,0.002,0.08,0.001,0.002,1276.584,1347.254,1.006
"K_uu_workout[5, 26]",0.025,0.029,0.002,0.079,0.001,0.002,1298.171,1348.13,1.006
"K_uu_workout[5, 27]",0.025,0.029,0.002,0.079,0.001,0.002,1315.63,1347.838,1.006
"K_uu_workout[5, 28]",0.025,0.029,0.002,0.079,0.001,0.002,1324.69,1367.28,1.006
"K_uu_workout[5, 29]",0.025,0.028,0.001,0.078,0.001,0.002,1332.041,1385.158,1.006
"K_uu_workout[5, 30]",0.024,0.028,0.001,0.077,0.001,0.002,1339.62,1365.269,1.006
"K_uu_workout[5, 31]",0.024,0.028,0.001,0.076,0.001,0.002,1347.774,1345.46,1.006
"K_uu_workout[5, 32]",0.024,0.028,0.001,0.076,0.001,0.002,1354.359,1365.667,1.006
"K_uu_workout[5, 33]",0.024,0.028,0.0,0.074,0.001,0.002,1359.807,1347.006,1.006
"K_uu_workout[5, 34]",0.023,0.028,0.0,0.074,0.001,0.002,1364.622,1329.035,1.006
"K_uu_workout[5, 35]",0.023,0.028,0.001,0.074,0.001,0.002,1370.35,1328.922,1.006
"K_uu_workout[5, 36]",0.023,0.027,0.001,0.073,0.001,0.002,1372.656,1366.769,1.006
"K_uu_workout[5, 37]",0.023,0.027,0.001,0.073,0.001,0.002,1376.786,1366.055,1.005
"K_uu_workout[5, 38]",0.022,0.027,0.001,0.073,0.001,0.002,1378.194,1386.747,1.005
"K_uu_workout[5, 39]",0.022,0.027,0.001,0.072,0.001,0.002,1380.659,1386.728,1.005
"K_uu_workout[5, 40]",0.022,0.027,0.0,0.071,0.001,0.002,1381.467,1366.941,1.005
"K_uu_workout[5, 41]",0.022,0.026,0.0,0.071,0.001,0.002,1382.858,1348.083,1.005
"K_uu_workout[5, 42]",0.021,0.026,0.0,0.07,0.001,0.002,1383.24,1407.32,1.005
"K_uu_workout[5, 43]",0.021,0.026,0.0,0.068,0.001,0.002,1381.668,1450.618,1.005
"K_uu_workout[5, 44]",0.021,0.026,0.0,0.068,0.001,0.002,1380.005,1407.422,1.005
"K_uu_workout[5, 45]",0.02,0.026,0.0,0.067,0.001,0.002,1377.398,1407.331,1.004
"K_uu_workout[5, 46]",0.02,0.026,0.0,0.066,0.001,0.002,1374.108,1406.918,1.004
"K_uu_workout[5, 47]",0.02,0.025,0.0,0.065,0.001,0.002,1368.958,1427.904,1.004
"K_uu_workout[5, 48]",0.02,0.025,0.0,0.064,0.001,0.002,1364.19,1406.256,1.004
"K_uu_workout[5, 49]",0.019,0.025,0.0,0.063,0.001,0.002,1360.354,1406.218,1.004
"K_uu_workout[6, 0]",0.028,0.03,0.002,0.084,0.001,0.002,1098.769,1224.635,1.007
"K_uu_workout[6, 1]",0.028,0.031,0.002,0.084,0.001,0.002,1094.216,1225.197,1.007
"K_uu_workout[6, 2]",0.028,0.031,0.002,0.084,0.001,0.002,1090.693,1225.197,1.007
"K_uu_workout[6, 3]",0.028,0.031,0.002,0.084,0.001,0.002,1088.662,1224.729,1.007
"K_uu_workout[6, 4]",0.028,0.031,0.003,0.085,0.001,0.002,1087.047,1224.729,1.007
"K_uu_workout[6, 5]",0.028,0.031,0.002,0.084,0.001,0.002,1086.135,1224.729,1.007
"K_uu_workout[6, 6]",0.028,0.031,0.002,0.084,0.001,0.002,1085.794,1224.729,1.007
"K_uu_workout[6, 7]",0.028,0.031,0.002,0.084,0.001,0.002,1086.135,1224.729,1.007
"K_uu_workout[6, 8]",0.028,0.031,0.003,0.085,0.001,0.002,1087.047,1224.729,1.007
"K_uu_workout[6, 9]",0.028,0.031,0.002,0.084,0.001,0.002,1088.662,1224.729,1.007
"K_uu_workout[6, 10]",0.028,0.031,0.002,0.084,0.001,0.002,1090.693,1225.197,1.007
"K_uu_workout[6, 11]",0.028,0.031,0.002,0.084,0.001,0.002,1094.216,1225.197,1.007
"K_uu_workout[6, 12]",0.028,0.03,0.002,0.084,0.001,0.002,1098.769,1224.635,1.007
"K_uu_workout[6, 13]",0.028,0.03,0.002,0.084,0.001,0.002,1103.272,1240.654,1.007
"K_uu_workout[6, 14]",0.028,0.03,0.003,0.084,0.001,0.002,1109.222,1209.434,1.007
"K_uu_workout[6, 15]",0.027,0.03,0.002,0.083,0.001,0.002,1113.72,1257.596,1.007
"K_uu_workout[6, 16]",0.027,0.03,0.002,0.083,0.001,0.002,1121.698,1257.596,1.007
"K_uu_workout[6, 17]",0.027,0.03,0.002,0.083,0.001,0.002,1130.921,1275.063,1.007
"K_uu_workout[6, 18]",0.027,0.03,0.002,0.082,0.001,0.002,1143.683,1275.063,1.007
"K_uu_workout[6, 19]",0.027,0.03,0.002,0.082,0.001,0.002,1156.133,1225.761,1.007
"K_uu_workout[6, 20]",0.027,0.03,0.002,0.082,0.001,0.002,1170.989,1258.443,1.007
"K_uu_workout[6, 21]",0.027,0.03,0.002,0.082,0.001,0.002,1182.713,1258.194,1.007
"K_uu_workout[6, 22]",0.026,0.03,0.002,0.081,0.001,0.002,1200.206,1310.578,1.007
"K_uu_workout[6, 23]",0.026,0.029,0.002,0.081,0.001,0.002,1217.367,1311.016,1.007
"K_uu_workout[6, 24]",0.026,0.029,0.001,0.08,0.001,0.002,1234.77,1311.016,1.006
"K_uu_workout[6, 25]",0.026,0.029,0.001,0.08,0.001,0.002,1254.146,1310.687,1.006
"K_uu_workout[6, 26]",0.026,0.029,0.002,0.08,0.001,0.002,1276.584,1347.254,1.006
"K_uu_workout[6, 27]",0.025,0.029,0.002,0.079,0.001,0.002,1298.171,1348.13,1.006
"K_uu_workout[6, 28]",0.025,0.029,0.002,0.079,0.001,0.002,1315.63,1347.838,1.006
"K_uu_workout[6, 29]",0.025,0.029,0.002,0.079,0.001,0.002,1324.69,1367.28,1.006
"K_uu_workout[6, 30]",0.025,0.028,0.001,0.078,0.001,0.002,1332.041,1385.158,1.006
"K_uu_workout[6, 31]",0.024,0.028,0.001,0.077,0.001,0.002,1339.62,1365.269,1.006
"K_uu_workout[6, 32]",0.024,0.028,0.001,0.076,0.001,0.002,1347.774,1345.46,1.006
"K_uu_workout[6, 33]",0.024,0.028,0.001,0.076,0.001,0.002,1354.359,1365.667,1.006
"K_uu_workout[6, 34]",0.024,0.028,0.0,0.074,0.001,0.002,1359.807,1347.006,1.006
"K_uu_workout[6, 35]",0.023,0.028,0.0,0.074,0.001,0.002,1364.622,1329.035,1.006
"K_uu_workout[6, 36]",0.023,0.028,0.001,0.074,0.001,0.002,1370.35,1328.922,1.006
"K_uu_workout[6, 37]",0.023,0.027,0.001,0.073,0.001,0.002,1372.656,1366.769,1.006
"K_uu_workout[6, 38]",0.023,0.027,0.001,0.073,0.001,0.002,1376.786,1366.055,1.005
"K_uu_workout[6, 39]",0.022,0.027,0.001,0.073,0.001,0.002,1378.194,1386.747,1.005
"K_uu_workout[6, 40]",0.022,0.027,0.001,0.072,0.001,0.002,1380.659,1386.728,1.005
"K_uu_workout[6, 41]",0.022,0.027,0.0,0.071,0.001,0.002,1381.467,1366.941,1.005
"K_uu_workout[6, 42]",0.022,0.026,0.0,0.071,0.001,0.002,1382.858,1348.083,1.005
"K_uu_workout[6, 43]",0.021,0.026,0.0,0.07,0.001,0.002,1383.24,1407.32,1.005
"K_uu_workout[6, 44]",0.021,0.026,0.0,0.068,0.001,0.002,1381.668,1450.618,1.005
"K_uu_workout[6, 45]",0.021,0.026,0.0,0.068,0.001,0.002,1380.005,1407.422,1.005
"K_uu_workout[6, 46]",0.02,0.026,0.0,0.067,0.001,0.002,1377.398,1407.331,1.004
"K_uu_workout[6, 47]",0.02,0.026,0.0,0.066,0.001,0.002,1374.108,1406.918,1.004
"K_uu_workout[6, 48]",0.02,0.025,0.0,0.065,0.001,0.002,1368.958,1427.904,1.004
"K_uu_workout[6, 49]",0.02,0.025,0.0,0.064,0.001,0.002,1364.19,1406.256,1.004
"K_uu_workout[7, 0]",0.028,0.03,0.002,0.084,0.001,0.002,1103.272,1240.654,1.007
"K_uu_workout[7, 1]",0.028,0.03,0.002,0.084,0.001,0.002,1098.769,1224.635,1.007
"K_uu_workout[7, 2]",0.028,0.031,0.002,0.084,0.001,0.002,1094.216,1225.197,1.007
"K_uu_workout[7, 3]",0.028,0.031,0.002,0.084,0.001,0.002,1090.693,1225.197,1.007
"K_uu_workout[7, 4]",0.028,0.031,0.002,0.084,0.001,0.002,1088.662,1224.729,1.007
"K_uu_workout[7, 5]",0.028,0.031,0.003,0.085,0.001,0.002,1087.047,1224.729,1.007
"K_uu_workout[7, 6]",0.028,0.031,0.002,0.084,0.001,0.002,1086.135,1224.729,1.007
"K_uu_workout[7, 7]",0.028,0.031,0.002,0.084,0.001,0.002,1085.794,1224.729,1.007
"K_uu_workout[7, 8]",0.028,0.031,0.002,0.084,0.001,0.002,1086.135,1224.729,1.007
"K_uu_workout[7, 9]",0.028,0.031,0.003,0.085,0.001,0.002,1087.047,1224.729,1.007
"K_uu_workout[7, 10]",0.028,0.031,0.002,0.084,0.001,0.002,1088.662,1224.729,1.007
"K_uu_workout[7, 11]",0.028,0.031,0.002,0.084,0.001,0.002,1090.693,1225.197,1.007
"K_uu_workout[7, 12]",0.028,0.031,0.002,0.084,0.001,0.002,1094.216,1225.197,1.007
"K_uu_workout[7, 13]",0.028,0.03,0.002,0.084,0.001,0.002,1098.769,1224.635,1.007
"K_uu_workout[7, 14]",0.028,0.03,0.002,0.084,0.001,0.002,1103.272,1240.654,1.007
"K_uu_workout[7, 15]",0.028,0.03,0.003,0.084,0.001,0.002,1109.222,1209.434,1.007
"K_uu_workout[7, 16]",0.027,0.03,0.002,0.083,0.001,0.002,1113.72,1257.596,1.007
"K_uu_workout[7, 17]",0.027,0.03,0.002,0.083,0.001,0.002,1121.698,1257.596,1.007
"K_uu_workout[7, 18]",0.027,0.03,0.002,0.083,0.001,0.002,1130.921,1275.063,1.007
"K_uu_workout[7, 19]",0.027,0.03,0.002,0.082,0.001,0.002,1143.683,1275.063,1.007
"K_uu_workout[7, 20]",0.027,0.03,0.002,0.082,0.001,0.002,1156.133,1225.761,1.007
"K_uu_workout[7, 21]",0.027,0.03,0.002,0.082,0.001,0.002,1170.989,1258.443,1.007
"K_uu_workout[7, 22]",0.027,0.03,0.002,0.082,0.001,0.002,1182.713,1258.194,1.007
"K_uu_workout[7, 23]",0.026,0.03,0.002,0.081,0.001,0.002,1200.206,1310.578,1.007
"K_uu_workout[7, 24]",0.026,0.029,0.002,0.081,0.001,0.002,1217.367,1311.016,1.007
"K_uu_workout[7, 25]",0.026,0.029,0.001,0.08,0.001,0.002,1234.77,1311.016,1.006
"K_uu_workout[7, 26]",0.026,0.029,0.001,0.08,0.001,0.002,1254.146,1310.687,1.006
"K_uu_workout[7, 27]",0.026,0.029,0.002,0.08,0.001,0.002,1276.584,1347.254,1.006
"K_uu_workout[7, 28]",0.025,0.029,0.002,0.079,0.001,0.002,1298.171,1348.13,1.006
"K_uu_workout[7, 29]",0.025,0.029,0.002,0.079,0.001,0.002,1315.63,1347.838,1.006
"K_uu_workout[7, 30]",0.025,0.029,0.002,0.079,0.001,0.002,1324.69,1367.28,1.006
"K_uu_workout[7, 31]",0.025,0.028,0.001,0.078,0.001,0.002,1332.041,1385.158,1.006
"K_uu_workout[7, 32]",0.024,0.028,0.001,0.077,0.001,0.002,1339.62,1365.269,1.006
"K_uu_workout[7, 33]",0.024,0.028,0.001,0.076,0.001,0.002,1347.774,1345.46,1.006
"K_uu_workout[7, 34]",0.024,0.028,0.001,0.076,0.001,0.002,1354.359,1365.667,1.006
"K_uu_workout[7, 35]",0.024,0.028,0.0,0.074,0.001,0.002,1359.807,1347.006,1.006
"K_uu_workout[7, 36]",0.023,0.028,0.0,0.074,0.001,0.002,1364.622,1329.035,1.006
"K_uu_workout[7, 37]",0.023,0.028,0.001,0.074,0.001,0.002,1370.35,1328.922,1.006
"K_uu_workout[7, 38]",0.023,0.027,0.001,0.073,0.001,0.002,1372.656,1366.769,1.006
"K_uu_workout[7, 39]",0.023,0.027,0.001,0.073,0.001,0.002,1376.786,1366.055,1.005
"K_uu_workout[7, 40]",0.022,0.027,0.001,0.073,0.001,0.002,1378.194,1386.747,1.005
"K_uu_workout[7, 41]",0.022,0.027,0.001,0.072,0.001,0.002,1380.659,1386.728,1.005
"K_uu_workout[7, 42]",0.022,0.027,0.0,0.071,0.001,0.002,1381.467,1366.941,1.005
"K_uu_workout[7, 43]",0.022,0.026,0.0,0.071,0.001,0.002,1382.858,1348.083,1.005
"K_uu_workout[7, 44]",0.021,0.026,0.0,0.07,0.001,0.002,1383.24,1407.32,1.005
"K_uu_workout[7, 45]",0.021,0.026,0.0,0.068,0.001,0.002,1381.668,1450.618,1.005
"K_uu_workout[7, 46]",0.021,0.026,0.0,0.068,0.001,0.002,1380.005,1407.422,1.005
"K_uu_workout[7, 47]",0.02,0.026,0.0,0.067,0.001,0.002,1377.398,1407.331,1.004
"K_uu_workout[7, 48]",0.02,0.026,0.0,0.066,0.001,0.002,1374.108,1406.918,1.004
"K_uu_workout[7, 49]",0.02,0.025,0.0,0.065,0.001,0.002,1368.958,1427.904,1.004
"K_uu_workout[8, 0]",0.028,0.03,0.003,0.084,0.001,0.002,1109.222,1209.434,1.007
"K_uu_workout[8, 1]",0.028,0.03,0.002,0.084,0.001,0.002,1103.272,1240.654,1.007
"K_uu_workout[8, 2]",0.028,0.03,0.002,0.084,0.001,0.002,1098.769,1224.635,1.007
"K_uu_workout[8, 3]",0.028,0.031,0.002,0.084,0.001,0.002,1094.216,1225.197,1.007
"K_uu_workout[8, 4]",0.028,0.031,0.002,0.084,0.001,0.002,1090.693,1225.197,1.007
"K_uu_workout[8, 5]",0.028,0.031,0.002,0.084,0.001,0.002,1088.662,1224.729,1.007
"K_uu_workout[8, 6]",0.028,0.031,0.003,0.085,0.001,0.002,1087.047,1224.729,1.007
"K_uu_workout[8, 7]",0.028,0.031,0.002,0.084,0.001,0.002,1086.135,1224.729,1.007
"K_uu_workout[8, 8]",0.028,0.031,0.002,0.084,0.001,0.002,1085.794,1224.729,1.007
"K_uu_workout[8, 9]",0.028,0.031,0.002,0.084,0.001,0.002,1086.135,1224.729,1.007
"K_uu_workout[8, 10]",0.028,0.031,0.003,0.085,0.001,0.002,1087.047,1224.729,1.007
"K_uu_workout[8, 11]",0.028,0.031,0.002,0.084,0.001,0.002,1088.662,1224.729,1.007
"K_uu_workout[8, 12]",0.028,0.031,0.002,0.084,0.001,0.002,1090.693,1225.197,1.007
"K_uu_workout[8, 13]",0.028,0.031,0.002,0.084,0.001,0.002,1094.216,1225.197,1.007
"K_uu_workout[8, 14]",0.028,0.03,0.002,0.084,0.001,0.002,1098.769,1224.635,1.007
"K_uu_workout[8, 15]",0.028,0.03,0.002,0.084,0.001,0.002,1103.272,1240.654,1.007
"K_uu_workout[8, 16]",0.028,0.03,0.003,0.084,0.001,0.002,1109.222,1209.434,1.007
"K_uu_workout[8, 17]",0.027,0.03,0.002,0.083,0.001,0.002,1113.72,1257.596,1.007
"K_uu_workout[8, 18]",0.027,0.03,0.002,0.083,0.001,0.002,1121.698,1257.596,1.007
"K_uu_workout[8, 19]",0.027,0.03,0.002,0.083,0.001,0.002,1130.921,1275.063,1.007
"K_uu_workout[8, 20]",0.027,0.03,0.002,0.082,0.001,0.002,1143.683,1275.063,1.007
"K_uu_workout[8, 21]",0.027,0.03,0.002,0.082,0.001,0.002,1156.133,1225.761,1.007
"K_uu_workout[8, 22]",0.027,0.03,0.002,0.082,0.001,0.002,1170.989,1258.443,1.007
"K_uu_workout[8, 23]",0.027,0.03,0.002,0.082,0.001,0.002,1182.713,1258.194,1.007
"K_uu_workout[8, 24]",0.026,0.03,0.002,0.081,0.001,0.002,1200.206,1310.578,1.007
"K_uu_workout[8, 25]",0.026,0.029,0.002,0.081,0.001,0.002,1217.367,1311.016,1.007
"K_uu_workout[8, 26]",0.026,0.029,0.001,0.08,0.001,0.002,1234.77,1311.016,1.006
"K_uu_workout[8, 27]",0.026,0.029,0.001,0.08,0.001,0.002,1254.146,1310.687,1.006
"K_uu_workout[8, 28]",0.026,0.029,0.002,0.08,0.001,0.002,1276.584,1347.254,1.006
"K_uu_workout[8, 29]",0.025,0.029,0.002,0.079,0.001,0.002,1298.171,1348.13,1.006
"K_uu_workout[8, 30]",0.025,0.029,0.002,0.079,0.001,0.002,1315.63,1347.838,1.006
"K_uu_workout[8, 31]",0.025,0.029,0.002,0.079,0.001,0.002,1324.69,1367.28,1.006
"K_uu_workout[8, 32]",0.025,0.028,0.001,0.078,0.001,0.002,1332.041,1385.158,1.006
"K_uu_workout[8, 33]",0.024,0.028,0.001,0.077,0.001,0.002,1339.62,1365.269,1.006
"K_uu_workout[8, 34]",0.024,0.028,0.001,0.076,0.001,0.002,1347.774,1345.46,1.006
"K_uu_workout[8, 35]",0.024,0.028,0.001,0.076,0.001,0.002,1354.359,1365.667,1.006
"K_uu_workout[8, 36]",0.024,0.028,0.0,0.074,0.001,0.002,1359.807,1347.006,1.006
"K_uu_workout[8, 37]",0.023,0.028,0.0,0.074,0.001,0.002,1364.622,1329.035,1.006
"K_uu_workout[8, 38]",0.023,0.028,0.001,0.074,0.001,0.002,1370.35,1328.922,1.006
"K_uu_workout[8, 39]",0.023,0.027,0.001,0.073,0.001,0.002,1372.656,1366.769,1.006
"K_uu_workout[8, 40]",0.023,0.027,0.001,0.073,0.001,0.002,1376.786,1366.055,1.005
"K_uu_workout[8, 41]",0.022,0.027,0.001,0.073,0.001,0.002,1378.194,1386.747,1.005
"K_uu_workout[8, 42]",0.022,0.027,0.001,0.072,0.001,0.002,1380.659,1386.728,1.005
"K_uu_workout[8, 43]",0.022,0.027,0.0,0.071,0.001,0.002,1381.467,1366.941,1.005
"K_uu_workout[8, 44]",0.022,0.026,0.0,0.071,0.001,0.002,1382.858,1348.083,1.005
"K_uu_workout[8, 45]",0.021,0.026,0.0,0.07,0.001,0.002,1383.24,1407.32,1.005
"K_uu_workout[8, 46]",0.021,0.026,0.0,0.068,0.001,0.002,1381.668,1450.618,1.005
"K_uu_workout[8, 47]",0.021,0.026,0.0,0.068,0.001,0.002,1380.005,1407.422,1.005
"K_uu_workout[8, 48]",0.02,0.026,0.0,0.067,0.001,0.002,1377.398,1407.331,1.004
"K_uu_workout[8, 49]",0.02,0.026,0.0,0.066,0.001,0.002,1374.108,1406.918,1.004
"K_uu_workout[9, 0]",0.027,0.03,0.002,0.083,0.001,0.002,1113.72,1257.596,1.007
"K_uu_workout[9, 1]",0.028,0.03,0.003,0.084,0.001,0.002,1109.222,1209.434,1.007
"K_uu_workout[9, 2]",0.028,0.03,0.002,0.084,0.001,0.002,1103.272,1240.654,1.007
"K_uu_workout[9, 3]",0.028,0.03,0.002,0.084,0.001,0.002,1098.769,1224.635,1.007
"K_uu_workout[9, 4]",0.028,0.031,0.002,0.084,0.001,0.002,1094.216,1225.197,1.007
"K_uu_workout[9, 5]",0.028,0.031,0.002,0.084,0.001,0.002,1090.693,1225.197,1.007
"K_uu_workout[9, 6]",0.028,0.031,0.002,0.084,0.001,0.002,1088.662,1224.729,1.007
"K_uu_workout[9, 7]",0.028,0.031,0.003,0.085,0.001,0.002,1087.047,1224.729,1.007
"K_uu_workout[9, 8]",0.028,0.031,0.002,0.084,0.001,0.002,1086.135,1224.729,1.007
"K_uu_workout[9, 9]",0.028,0.031,0.002,0.084,0.001,0.002,1085.794,1224.729,1.007
"K_uu_workout[9, 10]",0.028,0.031,0.002,0.084,0.001,0.002,1086.135,1224.729,1.007
"K_uu_workout[9, 11]",0.028,0.031,0.003,0.085,0.001,0.002,1087.047,1224.729,1.007
"K_uu_workout[9, 12]",0.028,0.031,0.002,0.084,0.001,0.002,1088.662,1224.729,1.007
"K_uu_workout[9, 13]",0.028,0.031,0.002,0.084,0.001,0.002,1090.693,1225.197,1.007
"K_uu_workout[9, 14]",0.028,0.031,0.002,0.084,0.001,0.002,1094.216,1225.197,1.007
"K_uu_workout[9, 15]",0.028,0.03,0.002,0.084,0.001,0.002,1098.769,1224.635,1.007
"K_uu_workout[9, 16]",0.028,0.03,0.002,0.084,0.001,0.002,1103.272,1240.654,1.007
"K_uu_workout[9, 17]",0.028,0.03,0.003,0.084,0.001,0.002,1109.222,1209.434,1.007
"K_uu_workout[9, 18]",0.027,0.03,0.002,0.083,0.001,0.002,1113.72,1257.596,1.007
"K_uu_workout[9, 19]",0.027,0.03,0.002,0.083,0.001,0.002,1121.698,1257.596,1.007
"K_uu_workout[9, 20]",0.027,0.03,0.002,0.083,0.001,0.002,1130.921,1275.063,1.007
"K_uu_workout[9, 21]",0.027,0.03,0.002,0.082,0.001,0.002,1143.683,1275.063,1.007
"K_uu_workout[9, 22]",0.027,0.03,0.002,0.082,0.001,0.002,1156.133,1225.761,1.007
"K_uu_workout[9, 23]",0.027,0.03,0.002,0.082,0.001,0.002,1170.989,1258.443,1.007
"K_uu_workout[9, 24]",0.027,0.03,0.002,0.082,0.001,0.002,1182.713,1258.194,1.007
"K_uu_workout[9, 25]",0.026,0.03,0.002,0.081,0.001,0.002,1200.206,1310.578,1.007
"K_uu_workout[9, 26]",0.026,0.029,0.002,0.081,0.001,0.002,1217.367,1311.016,1.007
"K_uu_workout[9, 27]",0.026,0.029,0.001,0.08,0.001,0.002,1234.77,1311.016,1.006
"K_uu_workout[9, 28]",0.026,0.029,0.001,0.08,0.001,0.002,1254.146,1310.687,1.006
"K_uu_workout[9, 29]",0.026,0.029,0.002,0.08,0.001,0.002,1276.584,1347.254,1.006
"K_uu_workout[9, 30]",0.025,0.029,0.002,0.079,0.001,0.002,1298.171,1348.13,1.006
"K_uu_workout[9, 31]",0.025,0.029,0.002,0.079,0.001,0.002,1315.63,1347.838,1.006
"K_uu_workout[9, 32]",0.025,0.029,0.002,0.079,0.001,0.002,1324.69,1367.28,1.006
"K_uu_workout[9, 33]",0.025,0.028,0.001,0.078,0.001,0.002,1332.041,1385.158,1.006
"K_uu_workout[9, 34]",0.024,0.028,0.001,0.077,0.001,0.002,1339.62,1365.269,1.006
"K_uu_workout[9, 35]",0.024,0.028,0.001,0.076,0.001,0.002,1347.774,1345.46,1.006
"K_uu_workout[9, 36]",0.024,0.028,0.001,0.076,0.001,0.002,1354.359,1365.667,1.006
"K_uu_workout[9, 37]",0.024,0.028,0.0,0.074,0.001,0.002,1359.807,1347.006,1.006
"K_uu_workout[9, 38]",0.023,0.028,0.0,0.074,0.001,0.002,1364.622,1329.035,1.006
"K_uu_workout[9, 39]",0.023,0.028,0.001,0.074,0.001,0.002,1370.35,1328.922,1.006
"K_uu_workout[9, 40]",0.023,0.027,0.001,0.073,0.001,0.002,1372.656,1366.769,1.006
"K_uu_workout[9, 41]",0.023,0.027,0.001,0.073,0.001,0.002,1376.786,1366.055,1.005
"K_uu_workout[9, 42]",0.022,0.027,0.001,0.073,0.001,0.002,1378.194,1386.747,1.005
"K_uu_workout[9, 43]",0.022,0.027,0.001,0.072,0.001,0.002,1380.659,1386.728,1.005
"K_uu_workout[9, 44]",0.022,0.027,0.0,0.071,0.001,0.002,1381.467,1366.941,1.005
"K_uu_workout[9, 45]",0.022,0.026,0.0,0.071,0.001,0.002,1382.858,1348.083,1.005
"K_uu_workout[9, 46]",0.021,0.026,0.0,0.07,0.001,0.002,1383.24,1407.32,1.005
"K_uu_workout[9, 47]",0.021,0.026,0.0,0.068,0.001,0.002,1381.668,1450.618,1.005
"K_uu_workout[9, 48]",0.021,0.026,0.0,0.068,0.001,0.002,1380.005,1407.422,1.005
"K_uu_workout[9, 49]",0.02,0.026,0.0,0.067,0.001,0.002,1377.398,1407.331,1.004
"K_uu_workout[10, 0]",0.027,0.03,0.002,0.083,0.001,0.002,1121.698,1257.596,1.007
"K_uu_workout[10, 1]",0.027,0.03,0.002,0.083,0.001,0.002,1113.72,1257.596,1.007
"K_uu_workout[10, 2]",0.028,0.03,0.003,0.084,0.001,0.002,1109.222,1209.434,1.007
"K_uu_workout[10, 3]",0.028,0.03,0.002,0.084,0.001,0.002,1103.272,1240.654,1.007
"K_uu_workout[10, 4]",0.028,0.03,0.002,0.084,0.001,0.002,1098.769,1224.635,1.007
"K_uu_workout[10, 5]",0.028,0.031,0.002,0.084,0.001,0.002,1094.216,1225.197,1.007
"K_uu_workout[10, 6]",0.028,0.031,0.002,0.084,0.001,0.002,1090.693,1225.197,1.007
"K_uu_workout[10, 7]",0.028,0.031,0.002,0.084,0.001,0.002,1088.662,1224.729,1.007
"K_uu_workout[10, 8]",0.028,0.031,0.003,0.085,0.001,0.002,1087.047,1224.729,1.007
"K_uu_workout[10, 9]",0.028,0.031,0.002,0.084,0.001,0.002,1086.135,1224.729,1.007
"K_uu_workout[10, 10]",0.028,0.031,0.002,0.084,0.001,0.002,1085.794,1224.729,1.007
"K_uu_workout[10, 11]",0.028,0.031,0.002,0.084,0.001,0.002,1086.135,1224.729,1.007
"K_uu_workout[10, 12]",0.028,0.031,0.003,0.085,0.001,0.002,1087.047,1224.729,1.007
"K_uu_workout[10, 13]",0.028,0.031,0.002,0.084,0.001,0.002,1088.662,1224.729,1.007
"K_uu_workout[10, 14]",0.028,0.031,0.002,0.084,0.001,0.002,1090.693,1225.197,1.007
"K_uu_workout[10, 15]",0.028,0.031,0.002,0.084,0.001,0.002,1094.216,1225.197,1.007
"K_uu_workout[10, 16]",0.028,0.03,0.002,0.084,0.001,0.002,1098.769,1224.635,1.007
"K_uu_workout[10, 17]",0.028,0.03,0.002,0.084,0.001,0.002,1103.272,1240.654,1.007
"K_uu_workout[10, 18]",0.028,0.03,0.003,0.084,0.001,0.002,1109.222,1209.434,1.007
"K_uu_workout[10, 19]",0.027,0.03,0.002,0.083,0.001,0.002,1113.72,1257.596,1.007
"K_uu_workout[10, 20]",0.027,0.03,0.002,0.083,0.001,0.002,1121.698,1257.596,1.007
"K_uu_workout[10, 21]",0.027,0.03,0.002,0.083,0.001,0.002,1130.921,1275.063,1.007
"K_uu_workout[10, 22]",0.027,0.03,0.002,0.082,0.001,0.002,1143.683,1275.063,1.007
"K_uu_workout[10, 23]",0.027,0.03,0.002,0.082,0.001,0.002,1156.133,1225.761,1.007
"K_uu_workout[10, 24]",0.027,0.03,0.002,0.082,0.001,0.002,1170.989,1258.443,1.007
"K_uu_workout[10, 25]",0.027,0.03,0.002,0.082,0.001,0.002,1182.713,1258.194,1.007
"K_uu_workout[10, 26]",0.026,0.03,0.002,0.081,0.001,0.002,1200.206,1310.578,1.007
"K_uu_workout[10, 27]",0.026,0.029,0.002,0.081,0.001,0.002,1217.367,1311.016,1.007
"K_uu_workout[10, 28]",0.026,0.029,0.001,0.08,0.001,0.002,1234.77,1311.016,1.006
"K_uu_workout[10, 29]",0.026,0.029,0.001,0.08,0.001,0.002,1254.146,1310.687,1.006
"K_uu_workout[10, 30]",0.026,0.029,0.002,0.08,0.001,0.002,1276.584,1347.254,1.006
"K_uu_workout[10, 31]",0.025,0.029,0.002,0.079,0.001,0.002,1298.171,1348.13,1.006
"K_uu_workout[10, 32]",0.025,0.029,0.002,0.079,0.001,0.002,1315.63,1347.838,1.006
"K_uu_workout[10, 33]",0.025,0.029,0.002,0.079,0.001,0.002,1324.69,1367.28,1.006
"K_uu_workout[10, 34]",0.025,0.028,0.001,0.078,0.001,0.002,1332.041,1385.158,1.006
"K_uu_workout[10, 35]",0.024,0.028,0.001,0.077,0.001,0.002,1339.62,1365.269,1.006
"K_uu_workout[10, 36]",0.024,0.028,0.001,0.076,0.001,0.002,1347.774,1345.46,1.006
"K_uu_workout[10, 37]",0.024,0.028,0.001,0.076,0.001,0.002,1354.359,1365.667,1.006
"K_uu_workout[10, 38]",0.024,0.028,0.0,0.074,0.001,0.002,1359.807,1347.006,1.006
"K_uu_workout[10, 39]",0.023,0.028,0.0,0.074,0.001,0.002,1364.622,1329.035,1.006
"K_uu_workout[10, 40]",0.023,0.028,0.001,0.074,0.001,0.002,1370.35,1328.922,1.006
"K_uu_workout[10, 41]",0.023,0.027,0.001,0.073,0.001,0.002,1372.656,1366.769,1.006
"K_uu_workout[10, 42]",0.023,0.027,0.001,0.073,0.001,0.002,1376.786,1366.055,1.005
"K_uu_workout[10, 43]",0.022,0.027,0.001,0.073,0.001,0.002,1378.194,1386.747,1.005
"K_uu_workout[10, 44]",0.022,0.027,0.001,0.072,0.001,0.002,1380.659,1386.728,1.005
"K_uu_workout[10, 45]",0.022,0.027,0.0,0.071,0.001,0.002,1381.467,1366.941,1.005
"K_uu_workout[10, 46]",0.022,0.026,0.0,0.071,0.001,0.002,1382.858,1348.083,1.005
"K_uu_workout[10, 47]",0.021,0.026,0.0,0.07,0.001,0.002,1383.24,1407.32,1.005
"K_uu_workout[10, 48]",0.021,0.026,0.0,0.068,0.001,0.002,1381.668,1450.618,1.005
"K_uu_workout[10, 49]",0.021,0.026,0.0,0.068,0.001,0.002,1380.005,1407.422,1.005
"K_uu_workout[11, 0]",0.027,0.03,0.002,0.083,0.001,0.002,1130.921,1275.063,1.007
"K_uu_workout[11, 1]",0.027,0.03,0.002,0.083,0.001,0.002,1121.698,1257.596,1.007
"K_uu_workout[11, 2]",0.027,0.03,0.002,0.083,0.001,0.002,1113.72,1257.596,1.007
"K_uu_workout[11, 3]",0.028,0.03,0.003,0.084,0.001,0.002,1109.222,1209.434,1.007
"K_uu_workout[11, 4]",0.028,0.03,0.002,0.084,0.001,0.002,1103.272,1240.654,1.007
"K_uu_workout[11, 5]",0.028,0.03,0.002,0.084,0.001,0.002,1098.769,1224.635,1.007
"K_uu_workout[11, 6]",0.028,0.031,0.002,0.084,0.001,0.002,1094.216,1225.197,1.007
"K_uu_workout[11, 7]",0.028,0.031,0.002,0.084,0.001,0.002,1090.693,1225.197,1.007
"K_uu_workout[11, 8]",0.028,0.031,0.002,0.084,0.001,0.002,1088.662,1224.729,1.007
"K_uu_workout[11, 9]",0.028,0.031,0.003,0.085,0.001,0.002,1087.047,1224.729,1.007
"K_uu_workout[11, 10]",0.028,0.031,0.002,0.084,0.001,0.002,1086.135,1224.729,1.007
"K_uu_workout[11, 11]",0.028,0.031,0.002,0.084,0.001,0.002,1085.794,1224.729,1.007
"K_uu_workout[11, 12]",0.028,0.031,0.002,0.084,0.001,0.002,1086.135,1224.729,1.007
"K_uu_workout[11, 13]",0.028,0.031,0.003,0.085,0.001,0.002,1087.047,1224.729,1.007
"K_uu_workout[11, 14]",0.028,0.031,0.002,0.084,0.001,0.002,1088.662,1224.729,1.007
"K_uu_workout[11, 15]",0.028,0.031,0.002,0.084,0.001,0.002,1090.693,1225.197,1.007
"K_uu_workout[11, 16]",0.028,0.031,0.002,0.084,0.001,0.002,1094.216,1225.197,1.007
"K_uu_workout[11, 17]",0.028,0.03,0.002,0.084,0.001,0.002,1098.769,1224.635,1.007
"K_uu_workout[11, 18]",0.028,0.03,0.002,0.084,0.001,0.002,1103.272,1240.654,1.007
"K_uu_workout[11, 19]",0.028,0.03,0.003,0.084,0.001,0.002,1109.222,1209.434,1.007
"K_uu_workout[11, 20]",0.027,0.03,0.002,0.083,0.001,0.002,1113.72,1257.596,1.007
"K_uu_workout[11, 21]",0.027,0.03,0.002,0.083,0.001,0.002,1121.698,1257.596,1.007
"K_uu_workout[11, 22]",0.027,0.03,0.002,0.083,0.001,0.002,1130.921,1275.063,1.007
"K_uu_workout[11, 23]",0.027,0.03,0.002,0.082,0.001,0.002,1143.683,1275.063,1.007
"K_uu_workout[11, 24]",0.027,0.03,0.002,0.082,0.001,0.002,1156.133,1225.761,1.007
"K_uu_workout[11, 25]",0.027,0.03,0.002,0.082,0.001,0.002,1170.989,1258.443,1.007
"K_uu_workout[11, 26]",0.027,0.03,0.002,0.082,0.001,0.002,1182.713,1258.194,1.007
"K_uu_workout[11, 27]",0.026,0.03,0.002,0.081,0.001,0.002,1200.206,1310.578,1.007
"K_uu_workout[11, 28]",0.026,0.029,0.002,0.081,0.001,0.002,1217.367,1311.016,1.007
"K_uu_workout[11, 29]",0.026,0.029,0.001,0.08,0.001,0.002,1234.77,1311.016,1.006
"K_uu_workout[11, 30]",0.026,0.029,0.001,0.08,0.001,0.002,1254.146,1310.687,1.006
"K_uu_workout[11, 31]",0.026,0.029,0.002,0.08,0.001,0.002,1276.584,1347.254,1.006
"K_uu_workout[11, 32]",0.025,0.029,0.002,0.079,0.001,0.002,1298.171,1348.13,1.006
"K_uu_workout[11, 33]",0.025,0.029,0.002,0.079,0.001,0.002,1315.63,1347.838,1.006
"K_uu_workout[11, 34]",0.025,0.029,0.002,0.079,0.001,0.002,1324.69,1367.28,1.006
"K_uu_workout[11, 35]",0.025,0.028,0.001,0.078,0.001,0.002,1332.041,1385.158,1.006
"K_uu_workout[11, 36]",0.024,0.028,0.001,0.077,0.001,0.002,1339.62,1365.269,1.006
"K_uu_workout[11, 37]",0.024,0.028,0.001,0.076,0.001,0.002,1347.774,1345.46,1.006
"K_uu_workout[11, 38]",0.024,0.028,0.001,0.076,0.001,0.002,1354.359,1365.667,1.006
"K_uu_workout[11, 39]",0.024,0.028,0.0,0.074,0.001,0.002,1359.807,1347.006,1.006
"K_uu_workout[11, 40]",0.023,0.028,0.0,0.074,0.001,0.002,1364.622,1329.035,1.006
"K_uu_workout[11, 41]",0.023,0.028,0.001,0.074,0.001,0.002,1370.35,1328.922,1.006
"K_uu_workout[11, 42]",0.023,0.027,0.001,0.073,0.001,0.002,1372.656,1366.769,1.006
"K_uu_workout[11, 43]",0.023,0.027,0.001,0.073,0.001,0.002,1376.786,1366.055,1.005
"K_uu_workout[11, 44]",0.022,0.027,0.001,0.073,0.001,0.002,1378.194,1386.747,1.005
"K_uu_workout[11, 45]",0.022,0.027,0.001,0.072,0.001,0.002,1380.659,1386.728,1.005
"K_uu_workout[11, 46]",0.022,0.027,0.0,0.071,0.001,0.002,1381.467,1366.941,1.005
"K_uu_workout[11, 47]",0.022,0.026,0.0,0.071,0.001,0.002,1382.858,1348.083,1.005
"K_uu_workout[11, 48]",0.021,0.026,0.0,0.07,0.001,0.002,1383.24,1407.32,1.005
"K_uu_workout[11, 49]",0.021,0.026,0.0,0.068,0.001,0.002,1381.668,1450.618,1.005
"K_uu_workout[12, 0]",0.027,0.03,0.002,0.082,0.001,0.002,1143.683,1275.063,1.007
"K_uu_workout[12, 1]",0.027,0.03,0.002,0.083,0.001,0.002,1130.921,1275.063,1.007
"K_uu_workout[12, 2]",0.027,0.03,0.002,0.083,0.001,0.002,1121.698,1257.596,1.007
"K_uu_workout[12, 3]",0.027,0.03,0.002,0.083,0.001,0.002,1113.72,1257.596,1.007
"K_uu_workout[12, 4]",0.028,0.03,0.003,0.084,0.001,0.002,1109.222,1209.434,1.007
"K_uu_workout[12, 5]",0.028,0.03,0.002,0.084,0.001,0.002,1103.272,1240.654,1.007
"K_uu_workout[12, 6]",0.028,0.03,0.002,0.084,0.001,0.002,1098.769,1224.635,1.007
"K_uu_workout[12, 7]",0.028,0.031,0.002,0.084,0.001,0.002,1094.216,1225.197,1.007
"K_uu_workout[12, 8]",0.028,0.031,0.002,0.084,0.001,0.002,1090.693,1225.197,1.007
"K_uu_workout[12, 9]",0.028,0.031,0.002,0.084,0.001,0.002,1088.662,1224.729,1.007
"K_uu_workout[12, 10]",0.028,0.031,0.003,0.085,0.001,0.002,1087.047,1224.729,1.007
"K_uu_workout[12, 11]",0.028,0.031,0.002,0.084,0.001,0.002,1086.135,1224.729,1.007
"K_uu_workout[12, 12]",0.028,0.031,0.002,0.084,0.001,0.002,1085.794,1224.729,1.007
"K_uu_workout[12, 13]",0.028,0.031,0.002,0.084,0.001,0.002,1086.135,1224.729,1.007
"K_uu_workout[12, 14]",0.028,0.031,0.003,0.085,0.001,0.002,1087.047,1224.729,1.007
"K_uu_workout[12, 15]",0.028,0.031,0.002,0.084,0.001,0.002,1088.662,1224.729,1.007
"K_uu_workout[12, 16]",0.028,0.031,0.002,0.084,0.001,0.002,1090.693,1225.197,1.007
"K_uu_workout[12, 17]",0.028,0.031,0.002,0.084,0.001,0.002,1094.216,1225.197,1.007
"K_uu_workout[12, 18]",0.028,0.03,0.002,0.084,0.001,0.002,1098.769,1224.635,1.007
"K_uu_workout[12, 19]",0.028,0.03,0.002,0.084,0.001,0.002,1103.272,1240.654,1.007
"K_uu_workout[12, 20]",0.028,0.03,0.003,0.084,0.001,0.002,1109.222,1209.434,1.007
"K_uu_workout[12, 21]",0.027,0.03,0.002,0.083,0.001,0.002,1113.72,1257.596,1.007
"K_uu_workout[12, 22]",0.027,0.03,0.002,0.083,0.001,0.002,1121.698,1257.596,1.007
"K_uu_workout[12, 23]",0.027,0.03,0.002,0.083,0.001,0.002,1130.921,1275.063,1.007
"K_uu_workout[12, 24]",0.027,0.03,0.002,0.082,0.001,0.002,1143.683,1275.063,1.007
"K_uu_workout[12, 25]",0.027,0.03,0.002,0.082,0.001,0.002,1156.133,1225.761,1.007
"K_uu_workout[12, 26]",0.027,0.03,0.002,0.082,0.001,0.002,1170.989,1258.443,1.007
"K_uu_workout[12, 27]",0.027,0.03,0.002,0.082,0.001,0.002,1182.713,1258.194,1.007
"K_uu_workout[12, 28]",0.026,0.03,0.002,0.081,0.001,0.002,1200.206,1310.578,1.007
"K_uu_workout[12, 29]",0.026,0.029,0.002,0.081,0.001,0.002,1217.367,1311.016,1.007
"K_uu_workout[12, 30]",0.026,0.029,0.001,0.08,0.001,0.002,1234.77,1311.016,1.006
"K_uu_workout[12, 31]",0.026,0.029,0.001,0.08,0.001,0.002,1254.146,1310.687,1.006
"K_uu_workout[12, 32]",0.026,0.029,0.002,0.08,0.001,0.002,1276.584,1347.254,1.006
"K_uu_workout[12, 33]",0.025,0.029,0.002,0.079,0.001,0.002,1298.171,1348.13,1.006
"K_uu_workout[12, 34]",0.025,0.029,0.002,0.079,0.001,0.002,1315.63,1347.838,1.006
"K_uu_workout[12, 35]",0.025,0.029,0.002,0.079,0.001,0.002,1324.69,1367.28,1.006
"K_uu_workout[12, 36]",0.025,0.028,0.001,0.078,0.001,0.002,1332.041,1385.158,1.006
"K_uu_workout[12, 37]",0.024,0.028,0.001,0.077,0.001,0.002,1339.62,1365.269,1.006
"K_uu_workout[12, 38]",0.024,0.028,0.001,0.076,0.001,0.002,1347.774,1345.46,1.006
"K_uu_workout[12, 39]",0.024,0.028,0.001,0.076,0.001,0.002,1354.359,1365.667,1.006
"K_uu_workout[12, 40]",0.024,0.028,0.0,0.074,0.001,0.002,1359.807,1347.006,1.006
"K_uu_workout[12, 41]",0.023,0.028,0.0,0.074,0.001,0.002,1364.622,1329.035,1.006
"K_uu_workout[12, 42]",0.023,0.028,0.001,0.074,0.001,0.002,1370.35,1328.922,1.006
"K_uu_workout[12, 43]",0.023,0.027,0.001,0.073,0.001,0.002,1372.656,1366.769,1.006
"K_uu_workout[12, 44]",0.023,0.027,0.001,0.073,0.001,0.002,1376.786,1366.055,1.005
"K_uu_workout[12, 45]",0.022,0.027,0.001,0.073,0.001,0.002,1378.194,1386.747,1.005
"K_uu_workout[12, 46]",0.022,0.027,0.001,0.072,0.001,0.002,1380.659,1386.728,1.005
"K_uu_workout[12, 47]",0.022,0.027,0.0,0.071,0.001,0.002,1381.467,1366.941,1.005
"K_uu_workout[12, 48]",0.022,0.026,0.0,0.071,0.001,0.002,1382.858,1348.083,1.005
"K_uu_workout[12, 49]",0.021,0.026,0.0,0.07,0.001,0.002,1383.24,1407.32,1.005
"K_uu_workout[13, 0]",0.027,0.03,0.002,0.082,0.001,0.002,1156.133,1225.761,1.007
"K_uu_workout[13, 1]",0.027,0.03,0.002,0.082,0.001,0.002,1143.683,1275.063,1.007
"K_uu_workout[13, 2]",0.027,0.03,0.002,0.083,0.001,0.002,1130.921,1275.063,1.007
"K_uu_workout[13, 3]",0.027,0.03,0.002,0.083,0.001,0.002,1121.698,1257.596,1.007
"K_uu_workout[13, 4]",0.027,0.03,0.002,0.083,0.001,0.002,1113.72,1257.596,1.007
"K_uu_workout[13, 5]",0.028,0.03,0.003,0.084,0.001,0.002,1109.222,1209.434,1.007
"K_uu_workout[13, 6]",0.028,0.03,0.002,0.084,0.001,0.002,1103.272,1240.654,1.007
"K_uu_workout[13, 7]",0.028,0.03,0.002,0.084,0.001,0.002,1098.769,1224.635,1.007
"K_uu_workout[13, 8]",0.028,0.031,0.002,0.084,0.001,0.002,1094.216,1225.197,1.007
"K_uu_workout[13, 9]",0.028,0.031,0.002,0.084,0.001,0.002,1090.693,1225.197,1.007
"K_uu_workout[13, 10]",0.028,0.031,0.002,0.084,0.001,0.002,1088.662,1224.729,1.007
"K_uu_workout[13, 11]",0.028,0.031,0.003,0.085,0.001,0.002,1087.047,1224.729,1.007
"K_uu_workout[13, 12]",0.028,0.031,0.002,0.084,0.001,0.002,1086.135,1224.729,1.007
"K_uu_workout[13, 13]",0.028,0.031,0.002,0.084,0.001,0.002,1085.794,1224.729,1.007
"K_uu_workout[13, 14]",0.028,0.031,0.002,0.084,0.001,0.002,1086.135,1224.729,1.007
"K_uu_workout[13, 15]",0.028,0.031,0.003,0.085,0.001,0.002,1087.047,1224.729,1.007
"K_uu_workout[13, 16]",0.028,0.031,0.002,0.084,0.001,0.002,1088.662,1224.729,1.007
"K_uu_workout[13, 17]",0.028,0.031,0.002,0.084,0.001,0.002,1090.693,1225.197,1.007
"K_uu_workout[13, 18]",0.028,0.031,0.002,0.084,0.001,0.002,1094.216,1225.197,1.007
"K_uu_workout[13, 19]",0.028,0.03,0.002,0.084,0.001,0.002,1098.769,1224.635,1.007
"K_uu_workout[13, 20]",0.028,0.03,0.002,0.084,0.001,0.002,1103.272,1240.654,1.007
"K_uu_workout[13, 21]",0.028,0.03,0.003,0.084,0.001,0.002,1109.222,1209.434,1.007
"K_uu_workout[13, 22]",0.027,0.03,0.002,0.083,0.001,0.002,1113.72,1257.596,1.007
"K_uu_workout[13, 23]",0.027,0.03,0.002,0.083,0.001,0.002,1121.698,1257.596,1.007
"K_uu_workout[13, 24]",0.027,0.03,0.002,0.083,0.001,0.002,1130.921,1275.063,1.007
"K_uu_workout[13, 25]",0.027,0.03,0.002,0.082,0.001,0.002,1143.683,1275.063,1.007
"K_uu_workout[13, 26]",0.027,0.03,0.002,0.082,0.001,0.002,1156.133,1225.761,1.007
"K_uu_workout[13, 27]",0.027,0.03,0.002,0.082,0.001,0.002,1170.989,1258.443,1.007
"K_uu_workout[13, 28]",0.027,0.03,0.002,0.082,0.001,0.002,1182.713,1258.194,1.007
"K_uu_workout[13, 29]",0.026,0.03,0.002,0.081,0.001,0.002,1200.206,1310.578,1.007
"K_uu_workout[13, 30]",0.026,0.029,0.002,0.081,0.001,0.002,1217.367,1311.016,1.007
"K_uu_workout[13, 31]",0.026,0.029,0.001,0.08,0.001,0.002,1234.77,1311.016,1.006
"K_uu_workout[13, 32]",0.026,0.029,0.001,0.08,0.001,0.002,1254.146,1310.687,1.006
"K_uu_workout[13, 33]",0.026,0.029,0.002,0.08,0.001,0.002,1276.584,1347.254,1.006
"K_uu_workout[13, 34]",0.025,0.029,0.002,0.079,0.001,0.002,1298.171,1348.13,1.006
"K_uu_workout[13, 35]",0.025,0.029,0.002,0.079,0.001,0.002,1315.63,1347.838,1.006
"K_uu_workout[13, 36]",0.025,0.029,0.002,0.079,0.001,0.002,1324.69,1367.28,1.006
"K_uu_workout[13, 37]",0.025,0.028,0.001,0.078,0.001,0.002,1332.041,1385.158,1.006
"K_uu_workout[13, 38]",0.024,0.028,0.001,0.077,0.001,0.002,1339.62,1365.269,1.006
"K_uu_workout[13, 39]",0.024,0.028,0.001,0.076,0.001,0.002,1347.774,1345.46,1.006
"K_uu_workout[13, 40]",0.024,0.028,0.001,0.076,0.001,0.002,1354.359,1365.667,1.006
"K_uu_workout[13, 41]",0.024,0.028,0.0,0.074,0.001,0.002,1359.807,1347.006,1.006
"K_uu_workout[13, 42]",0.023,0.028,0.0,0.074,0.001,0.002,1364.622,1329.035,1.006
"K_uu_workout[13, 43]",0.023,0.028,0.001,0.074,0.001,0.002,1370.35,1328.922,1.006
"K_uu_workout[13, 44]",0.023,0.027,0.001,0.073,0.001,0.002,1372.656,1366.769,1.006
"K_uu_workout[13, 45]",0.023,0.027,0.001,0.073,0.001,0.002,1376.786,1366.055,1.005
"K_uu_workout[13, 46]",0.022,0.027,0.001,0.073,0.001,0.002,1378.194,1386.747,1.005
"K_uu_workout[13, 47]",0.022,0.027,0.001,0.072,0.001,0.002,1380.659,1386.728,1.005
"K_uu_workout[13, 48]",0.022,0.027,0.0,0.071,0.001,0.002,1381.467,1366.941,1.005
"K_uu_workout[13, 49]",0.022,0.026,0.0,0.071,0.001,0.002,1382.858,1348.083,1.005
"K_uu_workout[14, 0]",0.027,0.03,0.002,0.082,0.001,0.002,1170.989,1258.443,1.007
"K_uu_workout[14, 1]",0.027,0.03,0.002,0.082,0.001,0.002,1156.133,1225.761,1.007
"K_uu_workout[14, 2]",0.027,0.03,0.002,0.082,0.001,0.002,1143.683,1275.063,1.007
"K_uu_workout[14, 3]",0.027,0.03,0.002,0.083,0.001,0.002,1130.921,1275.063,1.007
"K_uu_workout[14, 4]",0.027,0.03,0.002,0.083,0.001,0.002,1121.698,1257.596,1.007
"K_uu_workout[14, 5]",0.027,0.03,0.002,0.083,0.001,0.002,1113.72,1257.596,1.007
"K_uu_workout[14, 6]",0.028,0.03,0.003,0.084,0.001,0.002,1109.222,1209.434,1.007
"K_uu_workout[14, 7]",0.028,0.03,0.002,0.084,0.001,0.002,1103.272,1240.654,1.007
"K_uu_workout[14, 8]",0.028,0.03,0.002,0.084,0.001,0.002,1098.769,1224.635,1.007
"K_uu_workout[14, 9]",0.028,0.031,0.002,0.084,0.001,0.002,1094.216,1225.197,1.007
"K_uu_workout[14, 10]",0.028,0.031,0.002,0.084,0.001,0.002,1090.693,1225.197,1.007
"K_uu_workout[14, 11]",0.028,0.031,0.002,0.084,0.001,0.002,1088.662,1224.729,1.007
"K_uu_workout[14, 12]",0.028,0.031,0.003,0.085,0.001,0.002,1087.047,1224.729,1.007
"K_uu_workout[14, 13]",0.028,0.031,0.002,0.084,0.001,0.002,1086.135,1224.729,1.007
"K_uu_workout[14, 14]",0.028,0.031,0.002,0.084,0.001,0.002,1085.794,1224.729,1.007
"K_uu_workout[14, 15]",0.028,0.031,0.002,0.084,0.001,0.002,1086.135,1224.729,1.007
"K_uu_workout[14, 16]",0.028,0.031,0.003,0.085,0.001,0.002,1087.047,1224.729,1.007
"K_uu_workout[14, 17]",0.028,0.031,0.002,0.084,0.001,0.002,1088.662,1224.729,1.007
"K_uu_workout[14, 18]",0.028,0.031,0.002,0.084,0.001,0.002,1090.693,1225.197,1.007
"K_uu_workout[14, 19]",0.028,0.031,0.002,0.084,0.001,0.002,1094.216,1225.197,1.007
"K_uu_workout[14, 20]",0.028,0.03,0.002,0.084,0.001,0.002,1098.769,1224.635,1.007
"K_uu_workout[14, 21]",0.028,0.03,0.002,0.084,0.001,0.002,1103.272,1240.654,1.007
"K_uu_workout[14, 22]",0.028,0.03,0.003,0.084,0.001,0.002,1109.222,1209.434,1.007
"K_uu_workout[14, 23]",0.027,0.03,0.002,0.083,0.001,0.002,1113.72,1257.596,1.007
"K_uu_workout[14, 24]",0.027,0.03,0.002,0.083,0.001,0.002,1121.698,1257.596,1.007
"K_uu_workout[14, 25]",0.027,0.03,0.002,0.083,0.001,0.002,1130.921,1275.063,1.007
"K_uu_workout[14, 26]",0.027,0.03,0.002,0.082,0.001,0.002,1143.683,1275.063,1.007
"K_uu_workout[14, 27]",0.027,0.03,0.002,0.082,0.001,0.002,1156.133,1225.761,1.007
"K_uu_workout[14, 28]",0.027,0.03,0.002,0.082,0.001,0.002,1170.989,1258.443,1.007
"K_uu_workout[14, 29]",0.027,0.03,0.002,0.082,0.001,0.002,1182.713,1258.194,1.007
"K_uu_workout[14, 30]",0.026,0.03,0.002,0.081,0.001,0.002,1200.206,1310.578,1.007
"K_uu_workout[14, 31]",0.026,0.029,0.002,0.081,0.001,0.002,1217.367,1311.016,1.007
"K_uu_workout[14, 32]",0.026,0.029,0.001,0.08,0.001,0.002,1234.77,1311.016,1.006
"K_uu_workout[14, 33]",0.026,0.029,0.001,0.08,0.001,0.002,1254.146,1310.687,1.006
"K_uu_workout[14, 34]",0.026,0.029,0.002,0.08,0.001,0.002,1276.584,1347.254,1.006
"K_uu_workout[14, 35]",0.025,0.029,0.002,0.079,0.001,0.002,1298.171,1348.13,1.006
"K_uu_workout[14, 36]",0.025,0.029,0.002,0.079,0.001,0.002,1315.63,1347.838,1.006
"K_uu_workout[14, 37]",0.025,0.029,0.002,0.079,0.001,0.002,1324.69,1367.28,1.006
"K_uu_workout[14, 38]",0.025,0.028,0.001,0.078,0.001,0.002,1332.041,1385.158,1.006
"K_uu_workout[14, 39]",0.024,0.028,0.001,0.077,0.001,0.002,1339.62,1365.269,1.006
"K_uu_workout[14, 40]",0.024,0.028,0.001,0.076,0.001,0.002,1347.774,1345.46,1.006
"K_uu_workout[14, 41]",0.024,0.028,0.001,0.076,0.001,0.002,1354.359,1365.667,1.006
"K_uu_workout[14, 42]",0.024,0.028,0.0,0.074,0.001,0.002,1359.807,1347.006,1.006
"K_uu_workout[14, 43]",0.023,0.028,0.0,0.074,0.001,0.002,1364.622,1329.035,1.006
"K_uu_workout[14, 44]",0.023,0.028,0.001,0.074,0.001,0.002,1370.35,1328.922,1.006
"K_uu_workout[14, 45]",0.023,0.027,0.001,0.073,0.001,0.002,1372.656,1366.769,1.006
"K_uu_workout[14, 46]",0.023,0.027,0.001,0.073,0.001,0.002,1376.786,1366.055,1.005
"K_uu_workout[14, 47]",0.022,0.027,0.001,0.073,0.001,0.002,1378.194,1386.747,1.005
"K_uu_workout[14, 48]",0.022,0.027,0.001,0.072,0.001,0.002,1380.659,1386.728,1.005
"K_uu_workout[14, 49]",0.022,0.027,0.0,0.071,0.001,0.002,1381.467,1366.941,1.005
"K_uu_workout[15, 0]",0.027,0.03,0.002,0.082,0.001,0.002,1182.713,1258.194,1.007
"K_uu_workout[15, 1]",0.027,0.03,0.002,0.082,0.001,0.002,1170.989,1258.443,1.007
"K_uu_workout[15, 2]",0.027,0.03,0.002,0.082,0.001,0.002,1156.133,1225.761,1.007
"K_uu_workout[15, 3]",0.027,0.03,0.002,0.082,0.001,0.002,1143.683,1275.063,1.007
"K_uu_workout[15, 4]",0.027,0.03,0.002,0.083,0.001,0.002,1130.921,1275.063,1.007
"K_uu_workout[15, 5]",0.027,0.03,0.002,0.083,0.001,0.002,1121.698,1257.596,1.007
"K_uu_workout[15, 6]",0.027,0.03,0.002,0.083,0.001,0.002,1113.72,1257.596,1.007
"K_uu_workout[15, 7]",0.028,0.03,0.003,0.084,0.001,0.002,1109.222,1209.434,1.007
"K_uu_workout[15, 8]",0.028,0.03,0.002,0.084,0.001,0.002,1103.272,1240.654,1.007
"K_uu_workout[15, 9]",0.028,0.03,0.002,0.084,0.001,0.002,1098.769,1224.635,1.007
"K_uu_workout[15, 10]",0.028,0.031,0.002,0.084,0.001,0.002,1094.216,1225.197,1.007
"K_uu_workout[15, 11]",0.028,0.031,0.002,0.084,0.001,0.002,1090.693,1225.197,1.007
"K_uu_workout[15, 12]",0.028,0.031,0.002,0.084,0.001,0.002,1088.662,1224.729,1.007
"K_uu_workout[15, 13]",0.028,0.031,0.003,0.085,0.001,0.002,1087.047,1224.729,1.007
"K_uu_workout[15, 14]",0.028,0.031,0.002,0.084,0.001,0.002,1086.135,1224.729,1.007
"K_uu_workout[15, 15]",0.028,0.031,0.002,0.084,0.001,0.002,1085.794,1224.729,1.007
"K_uu_workout[15, 16]",0.028,0.031,0.002,0.084,0.001,0.002,1086.135,1224.729,1.007
"K_uu_workout[15, 17]",0.028,0.031,0.003,0.085,0.001,0.002,1087.047,1224.729,1.007
"K_uu_workout[15, 18]",0.028,0.031,0.002,0.084,0.001,0.002,1088.662,1224.729,1.007
"K_uu_workout[15, 19]",0.028,0.031,0.002,0.084,0.001,0.002,1090.693,1225.197,1.007
"K_uu_workout[15, 20]",0.028,0.031,0.002,0.084,0.001,0.002,1094.216,1225.197,1.007
"K_uu_workout[15, 21]",0.028,0.03,0.002,0.084,0.001,0.002,1098.769,1224.635,1.007
"K_uu_workout[15, 22]",0.028,0.03,0.002,0.084,0.001,0.002,1103.272,1240.654,1.007
"K_uu_workout[15, 23]",0.028,0.03,0.003,0.084,0.001,0.002,1109.222,1209.434,1.007
"K_uu_workout[15, 24]",0.027,0.03,0.002,0.083,0.001,0.002,1113.72,1257.596,1.007
"K_uu_workout[15, 25]",0.027,0.03,0.002,0.083,0.001,0.002,1121.698,1257.596,1.007
"K_uu_workout[15, 26]",0.027,0.03,0.002,0.083,0.001,0.002,1130.921,1275.063,1.007
"K_uu_workout[15, 27]",0.027,0.03,0.002,0.082,0.001,0.002,1143.683,1275.063,1.007
"K_uu_workout[15, 28]",0.027,0.03,0.002,0.082,0.001,0.002,1156.133,1225.761,1.007
"K_uu_workout[15, 29]",0.027,0.03,0.002,0.082,0.001,0.002,1170.989,1258.443,1.007
"K_uu_workout[15, 30]",0.027,0.03,0.002,0.082,0.001,0.002,1182.713,1258.194,1.007
"K_uu_workout[15, 31]",0.026,0.03,0.002,0.081,0.001,0.002,1200.206,1310.578,1.007
"K_uu_workout[15, 32]",0.026,0.029,0.002,0.081,0.001,0.002,1217.367,1311.016,1.007
"K_uu_workout[15, 33]",0.026,0.029,0.001,0.08,0.001,0.002,1234.77,1311.016,1.006
"K_uu_workout[15, 34]",0.026,0.029,0.001,0.08,0.001,0.002,1254.146,1310.687,1.006
"K_uu_workout[15, 35]",0.026,0.029,0.002,0.08,0.001,0.002,1276.584,1347.254,1.006
"K_uu_workout[15, 36]",0.025,0.029,0.002,0.079,0.001,0.002,1298.171,1348.13,1.006
"K_uu_workout[15, 37]",0.025,0.029,0.002,0.079,0.001,0.002,1315.63,1347.838,1.006
"K_uu_workout[15, 38]",0.025,0.029,0.002,0.079,0.001,0.002,1324.69,1367.28,1.006
"K_uu_workout[15, 39]",0.025,0.028,0.001,0.078,0.001,0.002,1332.041,1385.158,1.006
"K_uu_workout[15, 40]",0.024,0.028,0.001,0.077,0.001,0.002,1339.62,1365.269,1.006
"K_uu_workout[15, 41]",0.024,0.028,0.001,0.076,0.001,0.002,1347.774,1345.46,1.006
"K_uu_workout[15, 42]",0.024,0.028,0.001,0.076,0.001,0.002,1354.359,1365.667,1.006
"K_uu_workout[15, 43]",0.024,0.028,0.0,0.074,0.001,0.002,1359.807,1347.006,1.006
"K_uu_workout[15, 44]",0.023,0.028,0.0,0.074,0.001,0.002,1364.622,1329.035,1.006
"K_uu_workout[15, 45]",0.023,0.028,0.001,0.074,0.001,0.002,1370.35,1328.922,1.006
"K_uu_workout[15, 46]",0.023,0.027,0.001,0.073,0.001,0.002,1372.656,1366.769,1.006
"K_uu_workout[15, 47]",0.023,0.027,0.001,0.073,0.001,0.002,1376.786,1366.055,1.005
"K_uu_workout[15, 48]",0.022,0.027,0.001,0.073,0.001,0.002,1378.194,1386.747,1.005
"K_uu_workout[15, 49]",0.022,0.027,0.001,0.072,0.001,0.002,1380.659,1386.728,1.005
"K_uu_workout[16, 0]",0.026,0.03,0.002,0.081,0.001,0.002,1200.206,1310.578,1.007
"K_uu_workout[16, 1]",0.027,0.03,0.002,0.082,0.001,0.002,1182.713,1258.194,1.007
"K_uu_workout[16, 2]",0.027,0.03,0.002,0.082,0.001,0.002,1170.989,1258.443,1.007
"K_uu_workout[16, 3]",0.027,0.03,0.002,0.082,0.001,0.002,1156.133,1225.761,1.007
"K_uu_workout[16, 4]",0.027,0.03,0.002,0.082,0.001,0.002,1143.683,1275.063,1.007
"K_uu_workout[16, 5]",0.027,0.03,0.002,0.083,0.001,0.002,1130.921,1275.063,1.007
"K_uu_workout[16, 6]",0.027,0.03,0.002,0.083,0.001,0.002,1121.698,1257.596,1.007
"K_uu_workout[16, 7]",0.027,0.03,0.002,0.083,0.001,0.002,1113.72,1257.596,1.007
"K_uu_workout[16, 8]",0.028,0.03,0.003,0.084,0.001,0.002,1109.222,1209.434,1.007
"K_uu_workout[16, 9]",0.028,0.03,0.002,0.084,0.001,0.002,1103.272,1240.654,1.007
"K_uu_workout[16, 10]",0.028,0.03,0.002,0.084,0.001,0.002,1098.769,1224.635,1.007
"K_uu_workout[16, 11]",0.028,0.031,0.002,0.084,0.001,0.002,1094.216,1225.197,1.007
"K_uu_workout[16, 12]",0.028,0.031,0.002,0.084,0.001,0.002,1090.693,1225.197,1.007
"K_uu_workout[16, 13]",0.028,0.031,0.002,0.084,0.001,0.002,1088.662,1224.729,1.007
"K_uu_workout[16, 14]",0.028,0.031,0.003,0.085,0.001,0.002,1087.047,1224.729,1.007
"K_uu_workout[16, 15]",0.028,0.031,0.002,0.084,0.001,0.002,1086.135,1224.729,1.007
"K_uu_workout[16, 16]",0.028,0.031,0.002,0.084,0.001,0.002,1085.794,1224.729,1.007
"K_uu_workout[16, 17]",0.028,0.031,0.002,0.084,0.001,0.002,1086.135,1224.729,1.007
"K_uu_workout[16, 18]",0.028,0.031,0.003,0.085,0.001,0.002,1087.047,1224.729,1.007
"K_uu_workout[16, 19]",0.028,0.031,0.002,0.084,0.001,0.002,1088.662,1224.729,1.007
"K_uu_workout[16, 20]",0.028,0.031,0.002,0.084,0.001,0.002,1090.693,1225.197,1.007
"K_uu_workout[16, 21]",0.028,0.031,0.002,0.084,0.001,0.002,1094.216,1225.197,1.007
"K_uu_workout[16, 22]",0.028,0.03,0.002,0.084,0.001,0.002,1098.769,1224.635,1.007
"K_uu_workout[16, 23]",0.028,0.03,0.002,0.084,0.001,0.002,1103.272,1240.654,1.007
"K_uu_workout[16, 24]",0.028,0.03,0.003,0.084,0.001,0.002,1109.222,1209.434,1.007
"K_uu_workout[16, 25]",0.027,0.03,0.002,0.083,0.001,0.002,1113.72,1257.596,1.007
"K_uu_workout[16, 26]",0.027,0.03,0.002,0.083,0.001,0.002,1121.698,1257.596,1.007
"K_uu_workout[16, 27]",0.027,0.03,0.002,0.083,0.001,0.002,1130.921,1275.063,1.007
"K_uu_workout[16, 28]",0.027,0.03,0.002,0.082,0.001,0.002,1143.683,1275.063,1.007
"K_uu_workout[16, 29]",0.027,0.03,0.002,0.082,0.001,0.002,1156.133,1225.761,1.007
"K_uu_workout[16, 30]",0.027,0.03,0.002,0.082,0.001,0.002,1170.989,1258.443,1.007
"K_uu_workout[16, 31]",0.027,0.03,0.002,0.082,0.001,0.002,1182.713,1258.194,1.007
"K_uu_workout[16, 32]",0.026,0.03,0.002,0.081,0.001,0.002,1200.206,1310.578,1.007
"K_uu_workout[16, 33]",0.026,0.029,0.002,0.081,0.001,0.002,1217.367,1311.016,1.007
"K_uu_workout[16, 34]",0.026,0.029,0.001,0.08,0.001,0.002,1234.77,1311.016,1.006
"K_uu_workout[16, 35]",0.026,0.029,0.001,0.08,0.001,0.002,1254.146,1310.687,1.006
"K_uu_workout[16, 36]",0.026,0.029,0.002,0.08,0.001,0.002,1276.584,1347.254,1.006
"K_uu_workout[16, 37]",0.025,0.029,0.002,0.079,0.001,0.002,1298.171,1348.13,1.006
"K_uu_workout[16, 38]",0.025,0.029,0.002,0.079,0.001,0.002,1315.63,1347.838,1.006
"K_uu_workout[16, 39]",0.025,0.029,0.002,0.079,0.001,0.002,1324.69,1367.28,1.006
"K_uu_workout[16, 40]",0.025,0.028,0.001,0.078,0.001,0.002,1332.041,1385.158,1.006
"K_uu_workout[16, 41]",0.024,0.028,0.001,0.077,0.001,0.002,1339.62,1365.269,1.006
"K_uu_workout[16, 42]",0.024,0.028,0.001,0.076,0.001,0.002,1347.774,1345.46,1.006
"K_uu_workout[16, 43]",0.024,0.028,0.001,0.076,0.001,0.002,1354.359,1365.667,1.006
"K_uu_workout[16, 44]",0.024,0.028,0.0,0.074,0.001,0.002,1359.807,1347.006,1.006
"K_uu_workout[16, 45]",0.023,0.028,0.0,0.074,0.001,0.002,1364.622,1329.035,1.006
"K_uu_workout[16, 46]",0.023,0.028,0.001,0.074,0.001,0.002,1370.35,1328.922,1.006
"K_uu_workout[16, 47]",0.023,0.027,0.001,0.073,0.001,0.002,1372.656,1366.769,1.006
"K_uu_workout[16, 48]",0.023,0.027,0.001,0.073,0.001,0.002,1376.786,1366.055,1.005
"K_uu_workout[16, 49]",0.022,0.027,0.001,0.073,0.001,0.002,1378.194,1386.747,1.005
"K_uu_workout[17, 0]",0.026,0.029,0.002,0.081,0.001,0.002,1217.367,1311.016,1.007
"K_uu_workout[17, 1]",0.026,0.03,0.002,0.081,0.001,0.002,1200.206,1310.578,1.007
"K_uu_workout[17, 2]",0.027,0.03,0.002,0.082,0.001,0.002,1182.713,1258.194,1.007
"K_uu_workout[17, 3]",0.027,0.03,0.002,0.082,0.001,0.002,1170.989,1258.443,1.007
"K_uu_workout[17, 4]",0.027,0.03,0.002,0.082,0.001,0.002,1156.133,1225.761,1.007
"K_uu_workout[17, 5]",0.027,0.03,0.002,0.082,0.001,0.002,1143.683,1275.063,1.007
"K_uu_workout[17, 6]",0.027,0.03,0.002,0.083,0.001,0.002,1130.921,1275.063,1.007
"K_uu_workout[17, 7]",0.027,0.03,0.002,0.083,0.001,0.002,1121.698,1257.596,1.007
"K_uu_workout[17, 8]",0.027,0.03,0.002,0.083,0.001,0.002,1113.72,1257.596,1.007
"K_uu_workout[17, 9]",0.028,0.03,0.003,0.084,0.001,0.002,1109.222,1209.434,1.007
"K_uu_workout[17, 10]",0.028,0.03,0.002,0.084,0.001,0.002,1103.272,1240.654,1.007
"K_uu_workout[17, 11]",0.028,0.03,0.002,0.084,0.001,0.002,1098.769,1224.635,1.007
"K_uu_workout[17, 12]",0.028,0.031,0.002,0.084,0.001,0.002,1094.216,1225.197,1.007
"K_uu_workout[17, 13]",0.028,0.031,0.002,0.084,0.001,0.002,1090.693,1225.197,1.007
"K_uu_workout[17, 14]",0.028,0.031,0.002,0.084,0.001,0.002,1088.662,1224.729,1.007
"K_uu_workout[17, 15]",0.028,0.031,0.003,0.085,0.001,0.002,1087.047,1224.729,1.007
"K_uu_workout[17, 16]",0.028,0.031,0.002,0.084,0.001,0.002,1086.135,1224.729,1.007
"K_uu_workout[17, 17]",0.028,0.031,0.002,0.084,0.001,0.002,1085.794,1224.729,1.007
"K_uu_workout[17, 18]",0.028,0.031,0.002,0.084,0.001,0.002,1086.135,1224.729,1.007
"K_uu_workout[17, 19]",0.028,0.031,0.003,0.085,0.001,0.002,1087.047,1224.729,1.007
"K_uu_workout[17, 20]",0.028,0.031,0.002,0.084,0.001,0.002,1088.662,1224.729,1.007
"K_uu_workout[17, 21]",0.028,0.031,0.002,0.084,0.001,0.002,1090.693,1225.197,1.007
"K_uu_workout[17, 22]",0.028,0.031,0.002,0.084,0.001,0.002,1094.216,1225.197,1.007
"K_uu_workout[17, 23]",0.028,0.03,0.002,0.084,0.001,0.002,1098.769,1224.635,1.007
"K_uu_workout[17, 24]",0.028,0.03,0.002,0.084,0.001,0.002,1103.272,1240.654,1.007
"K_uu_workout[17, 25]",0.028,0.03,0.003,0.084,0.001,0.002,1109.222,1209.434,1.007
"K_uu_workout[17, 26]",0.027,0.03,0.002,0.083,0.001,0.002,1113.72,1257.596,1.007
"K_uu_workout[17, 27]",0.027,0.03,0.002,0.083,0.001,0.002,1121.698,1257.596,1.007
"K_uu_workout[17, 28]",0.027,0.03,0.002,0.083,0.001,0.002,1130.921,1275.063,1.007
"K_uu_workout[17, 29]",0.027,0.03,0.002,0.082,0.001,0.002,1143.683,1275.063,1.007
"K_uu_workout[17, 30]",0.027,0.03,0.002,0.082,0.001,0.002,1156.133,1225.761,1.007
"K_uu_workout[17, 31]",0.027,0.03,0.002,0.082,0.001,0.002,1170.989,1258.443,1.007
"K_uu_workout[17, 32]",0.027,0.03,0.002,0.082,0.001,0.002,1182.713,1258.194,1.007
"K_uu_workout[17, 33]",0.026,0.03,0.002,0.081,0.001,0.002,1200.206,1310.578,1.007
"K_uu_workout[17, 34]",0.026,0.029,0.002,0.081,0.001,0.002,1217.367,1311.016,1.007
"K_uu_workout[17, 35]",0.026,0.029,0.001,0.08,0.001,0.002,1234.77,1311.016,1.006
"K_uu_workout[17, 36]",0.026,0.029,0.001,0.08,0.001,0.002,1254.146,1310.687,1.006
"K_uu_workout[17, 37]",0.026,0.029,0.002,0.08,0.001,0.002,1276.584,1347.254,1.006
"K_uu_workout[17, 38]",0.025,0.029,0.002,0.079,0.001,0.002,1298.171,1348.13,1.006
"K_uu_workout[17, 39]",0.025,0.029,0.002,0.079,0.001,0.002,1315.63,1347.838,1.006
"K_uu_workout[17, 40]",0.025,0.029,0.002,0.079,0.001,0.002,1324.69,1367.28,1.006
"K_uu_workout[17, 41]",0.025,0.028,0.001,0.078,0.001,0.002,1332.041,1385.158,1.006
"K_uu_workout[17, 42]",0.024,0.028,0.001,0.077,0.001,0.002,1339.62,1365.269,1.006
"K_uu_workout[17, 43]",0.024,0.028,0.001,0.076,0.001,0.002,1347.774,1345.46,1.006
"K_uu_workout[17, 44]",0.024,0.028,0.001,0.076,0.001,0.002,1354.359,1365.667,1.006
"K_uu_workout[17, 45]",0.024,0.028,0.0,0.074,0.001,0.002,1359.807,1347.006,1.006
"K_uu_workout[17, 46]",0.023,0.028,0.0,0.074,0.001,0.002,1364.622,1329.035,1.006
"K_uu_workout[17, 47]",0.023,0.028,0.001,0.074,0.001,0.002,1370.35,1328.922,1.006
"K_uu_workout[17, 48]",0.023,0.027,0.001,0.073,0.001,0.002,1372.656,1366.769,1.006
"K_uu_workout[17, 49]",0.023,0.027,0.001,0.073,0.001,0.002,1376.786,1366.055,1.005
"K_uu_workout[18, 0]",0.026,0.029,0.001,0.08,0.001,0.002,1234.77,1311.016,1.006
"K_uu_workout[18, 1]",0.026,0.029,0.002,0.081,0.001,0.002,1217.367,1311.016,1.007
"K_uu_workout[18, 2]",0.026,0.03,0.002,0.081,0.001,0.002,1200.206,1310.578,1.007
"K_uu_workout[18, 3]",0.027,0.03,0.002,0.082,0.001,0.002,1182.713,1258.194,1.007
"K_uu_workout[18, 4]",0.027,0.03,0.002,0.082,0.001,0.002,1170.989,1258.443,1.007
"K_uu_workout[18, 5]",0.027,0.03,0.002,0.082,0.001,0.002,1156.133,1225.761,1.007
"K_uu_workout[18, 6]",0.027,0.03,0.002,0.082,0.001,0.002,1143.683,1275.063,1.007
"K_uu_workout[18, 7]",0.027,0.03,0.002,0.083,0.001,0.002,1130.921,1275.063,1.007
"K_uu_workout[18, 8]",0.027,0.03,0.002,0.083,0.001,0.002,1121.698,1257.596,1.007
"K_uu_workout[18, 9]",0.027,0.03,0.002,0.083,0.001,0.002,1113.72,1257.596,1.007
"K_uu_workout[18, 10]",0.028,0.03,0.003,0.084,0.001,0.002,1109.222,1209.434,1.007
"K_uu_workout[18, 11]",0.028,0.03,0.002,0.084,0.001,0.002,1103.272,1240.654,1.007
"K_uu_workout[18, 12]",0.028,0.03,0.002,0.084,0.001,0.002,1098.769,1224.635,1.007
"K_uu_workout[18, 13]",0.028,0.031,0.002,0.084,0.001,0.002,1094.216,1225.197,1.007
"K_uu_workout[18, 14]",0.028,0.031,0.002,0.084,0.001,0.002,1090.693,1225.197,1.007
"K_uu_workout[18, 15]",0.028,0.031,0.002,0.084,0.001,0.002,1088.662,1224.729,1.007
"K_uu_workout[18, 16]",0.028,0.031,0.003,0.085,0.001,0.002,1087.047,1224.729,1.007
"K_uu_workout[18, 17]",0.028,0.031,0.002,0.084,0.001,0.002,1086.135,1224.729,1.007
"K_uu_workout[18, 18]",0.028,0.031,0.002,0.084,0.001,0.002,1085.794,1224.729,1.007
"K_uu_workout[18, 19]",0.028,0.031,0.002,0.084,0.001,0.002,1086.135,1224.729,1.007
"K_uu_workout[18, 20]",0.028,0.031,0.003,0.085,0.001,0.002,1087.047,1224.729,1.007
"K_uu_workout[18, 21]",0.028,0.031,0.002,0.084,0.001,0.002,1088.662,1224.729,1.007
"K_uu_workout[18, 22]",0.028,0.031,0.002,0.084,0.001,0.002,1090.693,1225.197,1.007
"K_uu_workout[18, 23]",0.028,0.031,0.002,0.084,0.001,0.002,1094.216,1225.197,1.007
"K_uu_workout[18, 24]",0.028,0.03,0.002,0.084,0.001,0.002,1098.769,1224.635,1.007
"K_uu_workout[18, 25]",0.028,0.03,0.002,0.084,0.001,0.002,1103.272,1240.654,1.007
"K_uu_workout[18, 26]",0.028,0.03,0.003,0.084,0.001,0.002,1109.222,1209.434,1.007
"K_uu_workout[18, 27]",0.027,0.03,0.002,0.083,0.001,0.002,1113.72,1257.596,1.007
"K_uu_workout[18, 28]",0.027,0.03,0.002,0.083,0.001,0.002,1121.698,1257.596,1.007
"K_uu_workout[18, 29]",0.027,0.03,0.002,0.083,0.001,0.002,1130.921,1275.063,1.007
"K_uu_workout[18, 30]",0.027,0.03,0.002,0.082,0.001,0.002,1143.683,1275.063,1.007
"K_uu_workout[18, 31]",0.027,0.03,0.002,0.082,0.001,0.002,1156.133,1225.761,1.007
"K_uu_workout[18, 32]",0.027,0.03,0.002,0.082,0.001,0.002,1170.989,1258.443,1.007
"K_uu_workout[18, 33]",0.027,0.03,0.002,0.082,0.001,0.002,1182.713,1258.194,1.007
"K_uu_workout[18, 34]",0.026,0.03,0.002,0.081,0.001,0.002,1200.206,1310.578,1.007
"K_uu_workout[18, 35]",0.026,0.029,0.002,0.081,0.001,0.002,1217.367,1311.016,1.007
"K_uu_workout[18, 36]",0.026,0.029,0.001,0.08,0.001,0.002,1234.77,1311.016,1.006
"K_uu_workout[18, 37]",0.026,0.029,0.001,0.08,0.001,0.002,1254.146,1310.687,1.006
"K_uu_workout[18, 38]",0.026,0.029,0.002,0.08,0.001,0.002,1276.584,1347.254,1.006
"K_uu_workout[18, 39]",0.025,0.029,0.002,0.079,0.001,0.002,1298.171,1348.13,1.006
"K_uu_workout[18, 40]",0.025,0.029,0.002,0.079,0.001,0.002,1315.63,1347.838,1.006
"K_uu_workout[18, 41]",0.025,0.029,0.002,0.079,0.001,0.002,1324.69,1367.28,1.006
"K_uu_workout[18, 42]",0.025,0.028,0.001,0.078,0.001,0.002,1332.041,1385.158,1.006
"K_uu_workout[18, 43]",0.024,0.028,0.001,0.077,0.001,0.002,1339.62,1365.269,1.006
"K_uu_workout[18, 44]",0.024,0.028,0.001,0.076,0.001,0.002,1347.774,1345.46,1.006
"K_uu_workout[18, 45]",0.024,0.028,0.001,0.076,0.001,0.002,1354.359,1365.667,1.006
"K_uu_workout[18, 46]",0.024,0.028,0.0,0.074,0.001,0.002,1359.807,1347.006,1.006
"K_uu_workout[18, 47]",0.023,0.028,0.0,0.074,0.001,0.002,1364.622,1329.035,1.006
"K_uu_workout[18, 48]",0.023,0.028,0.001,0.074,0.001,0.002,1370.35,1328.922,1.006
"K_uu_workout[18, 49]",0.023,0.027,0.001,0.073,0.001,0.002,1372.656,1366.769,1.006
"K_uu_workout[19, 0]",0.026,0.029,0.001,0.08,0.001,0.002,1254.146,1310.687,1.006
"K_uu_workout[19, 1]",0.026,0.029,0.001,0.08,0.001,0.002,1234.77,1311.016,1.006
"K_uu_workout[19, 2]",0.026,0.029,0.002,0.081,0.001,0.002,1217.367,1311.016,1.007
"K_uu_workout[19, 3]",0.026,0.03,0.002,0.081,0.001,0.002,1200.206,1310.578,1.007
"K_uu_workout[19, 4]",0.027,0.03,0.002,0.082,0.001,0.002,1182.713,1258.194,1.007
"K_uu_workout[19, 5]",0.027,0.03,0.002,0.082,0.001,0.002,1170.989,1258.443,1.007
"K_uu_workout[19, 6]",0.027,0.03,0.002,0.082,0.001,0.002,1156.133,1225.761,1.007
"K_uu_workout[19, 7]",0.027,0.03,0.002,0.082,0.001,0.002,1143.683,1275.063,1.007
"K_uu_workout[19, 8]",0.027,0.03,0.002,0.083,0.001,0.002,1130.921,1275.063,1.007
"K_uu_workout[19, 9]",0.027,0.03,0.002,0.083,0.001,0.002,1121.698,1257.596,1.007
"K_uu_workout[19, 10]",0.027,0.03,0.002,0.083,0.001,0.002,1113.72,1257.596,1.007
"K_uu_workout[19, 11]",0.028,0.03,0.003,0.084,0.001,0.002,1109.222,1209.434,1.007
"K_uu_workout[19, 12]",0.028,0.03,0.002,0.084,0.001,0.002,1103.272,1240.654,1.007
"K_uu_workout[19, 13]",0.028,0.03,0.002,0.084,0.001,0.002,1098.769,1224.635,1.007
"K_uu_workout[19, 14]",0.028,0.031,0.002,0.084,0.001,0.002,1094.216,1225.197,1.007
"K_uu_workout[19, 15]",0.028,0.031,0.002,0.084,0.001,0.002,1090.693,1225.197,1.007
"K_uu_workout[19, 16]",0.028,0.031,0.002,0.084,0.001,0.002,1088.662,1224.729,1.007
"K_uu_workout[19, 17]",0.028,0.031,0.003,0.085,0.001,0.002,1087.047,1224.729,1.007
"K_uu_workout[19, 18]",0.028,0.031,0.002,0.084,0.001,0.002,1086.135,1224.729,1.007
"K_uu_workout[19, 19]",0.028,0.031,0.002,0.084,0.001,0.002,1085.794,1224.729,1.007
"K_uu_workout[19, 20]",0.028,0.031,0.002,0.084,0.001,0.002,1086.135,1224.729,1.007
"K_uu_workout[19, 21]",0.028,0.031,0.003,0.085,0.001,0.002,1087.047,1224.729,1.007
"K_uu_workout[19, 22]",0.028,0.031,0.002,0.084,0.001,0.002,1088.662,1224.729,1.007
"K_uu_workout[19, 23]",0.028,0.031,0.002,0.084,0.001,0.002,1090.693,1225.197,1.007
"K_uu_workout[19, 24]",0.028,0.031,0.002,0.084,0.001,0.002,1094.216,1225.197,1.007
"K_uu_workout[19, 25]",0.028,0.03,0.002,0.084,0.001,0.002,1098.769,1224.635,1.007
"K_uu_workout[19, 26]",0.028,0.03,0.002,0.084,0.001,0.002,1103.272,1240.654,1.007
"K_uu_workout[19, 27]",0.028,0.03,0.003,0.084,0.001,0.002,1109.222,1209.434,1.007
"K_uu_workout[19, 28]",0.027,0.03,0.002,0.083,0.001,0.002,1113.72,1257.596,1.007
"K_uu_workout[19, 29]",0.027,0.03,0.002,0.083,0.001,0.002,1121.698,1257.596,1.007
"K_uu_workout[19, 30]",0.027,0.03,0.002,0.083,0.001,0.002,1130.921,1275.063,1.007
"K_uu_workout[19, 31]",0.027,0.03,0.002,0.082,0.001,0.002,1143.683,1275.063,1.007
"K_uu_workout[19, 32]",0.027,0.03,0.002,0.082,0.001,0.002,1156.133,1225.761,1.007
"K_uu_workout[19, 33]",0.027,0.03,0.002,0.082,0.001,0.002,1170.989,1258.443,1.007
"K_uu_workout[19, 34]",0.027,0.03,0.002,0.082,0.001,0.002,1182.713,1258.194,1.007
"K_uu_workout[19, 35]",0.026,0.03,0.002,0.081,0.001,0.002,1200.206,1310.578,1.007
"K_uu_workout[19, 36]",0.026,0.029,0.002,0.081,0.001,0.002,1217.367,1311.016,1.007
"K_uu_workout[19, 37]",0.026,0.029,0.001,0.08,0.001,0.002,1234.77,1311.016,1.006
"K_uu_workout[19, 38]",0.026,0.029,0.001,0.08,0.001,0.002,1254.146,1310.687,1.006
"K_uu_workout[19, 39]",0.026,0.029,0.002,0.08,0.001,0.002,1276.584,1347.254,1.006
"K_uu_workout[19, 40]",0.025,0.029,0.002,0.079,0.001,0.002,1298.171,1348.13,1.006
"K_uu_workout[19, 41]",0.025,0.029,0.002,0.079,0.001,0.002,1315.63,1347.838,1.006
"K_uu_workout[19, 42]",0.025,0.029,0.002,0.079,0.001,0.002,1324.69,1367.28,1.006
"K_uu_workout[19, 43]",0.025,0.028,0.001,0.078,0.001,0.002,1332.041,1385.158,1.006
"K_uu_workout[19, 44]",0.024,0.028,0.001,0.077,0.001,0.002,1339.62,1365.269,1.006
"K_uu_workout[19, 45]",0.024,0.028,0.001,0.076,0.001,0.002,1347.774,1345.46,1.006
"K_uu_workout[19, 46]",0.024,0.028,0.001,0.076,0.001,0.002,1354.359,1365.667,1.006
"K_uu_workout[19, 47]",0.024,0.028,0.0,0.074,0.001,0.002,1359.807,1347.006,1.006
"K_uu_workout[19, 48]",0.023,0.028,0.0,0.074,0.001,0.002,1364.622,1329.035,1.006
"K_uu_workout[19, 49]",0.023,0.028,0.001,0.074,0.001,0.002,1370.35,1328.922,1.006
"K_uu_workout[20, 0]",0.026,0.029,0.002,0.08,0.001,0.002,1276.584,1347.254,1.006
"K_uu_workout[20, 1]",0.026,0.029,0.001,0.08,0.001,0.002,1254.146,1310.687,1.006
"K_uu_workout[20, 2]",0.026,0.029,0.001,0.08,0.001,0.002,1234.77,1311.016,1.006
"K_uu_workout[20, 3]",0.026,0.029,0.002,0.081,0.001,0.002,1217.367,1311.016,1.007
"K_uu_workout[20, 4]",0.026,0.03,0.002,0.081,0.001,0.002,1200.206,1310.578,1.007
"K_uu_workout[20, 5]",0.027,0.03,0.002,0.082,0.001,0.002,1182.713,1258.194,1.007
"K_uu_workout[20, 6]",0.027,0.03,0.002,0.082,0.001,0.002,1170.989,1258.443,1.007
"K_uu_workout[20, 7]",0.027,0.03,0.002,0.082,0.001,0.002,1156.133,1225.761,1.007
"K_uu_workout[20, 8]",0.027,0.03,0.002,0.082,0.001,0.002,1143.683,1275.063,1.007
"K_uu_workout[20, 9]",0.027,0.03,0.002,0.083,0.001,0.002,1130.921,1275.063,1.007
"K_uu_workout[20, 10]",0.027,0.03,0.002,0.083,0.001,0.002,1121.698,1257.596,1.007
"K_uu_workout[20, 11]",0.027,0.03,0.002,0.083,0.001,0.002,1113.72,1257.596,1.007
"K_uu_workout[20, 12]",0.028,0.03,0.003,0.084,0.001,0.002,1109.222,1209.434,1.007
"K_uu_workout[20, 13]",0.028,0.03,0.002,0.084,0.001,0.002,1103.272,1240.654,1.007
"K_uu_workout[20, 14]",0.028,0.03,0.002,0.084,0.001,0.002,1098.769,1224.635,1.007
"K_uu_workout[20, 15]",0.028,0.031,0.002,0.084,0.001,0.002,1094.216,1225.197,1.007
"K_uu_workout[20, 16]",0.028,0.031,0.002,0.084,0.001,0.002,1090.693,1225.197,1.007
"K_uu_workout[20, 17]",0.028,0.031,0.002,0.084,0.001,0.002,1088.662,1224.729,1.007
"K_uu_workout[20, 18]",0.028,0.031,0.003,0.085,0.001,0.002,1087.047,1224.729,1.007
"K_uu_workout[20, 19]",0.028,0.031,0.002,0.084,0.001,0.002,1086.135,1224.729,1.007
"K_uu_workout[20, 20]",0.028,0.031,0.002,0.084,0.001,0.002,1085.794,1224.729,1.007
"K_uu_workout[20, 21]",0.028,0.031,0.002,0.084,0.001,0.002,1086.135,1224.729,1.007
"K_uu_workout[20, 22]",0.028,0.031,0.003,0.085,0.001,0.002,1087.047,1224.729,1.007
"K_uu_workout[20, 23]",0.028,0.031,0.002,0.084,0.001,0.002,1088.662,1224.729,1.007
"K_uu_workout[20, 24]",0.028,0.031,0.002,0.084,0.001,0.002,1090.693,1225.197,1.007
"K_uu_workout[20, 25]",0.028,0.031,0.002,0.084,0.001,0.002,1094.216,1225.197,1.007
"K_uu_workout[20, 26]",0.028,0.03,0.002,0.084,0.001,0.002,1098.769,1224.635,1.007
"K_uu_workout[20, 27]",0.028,0.03,0.002,0.084,0.001,0.002,1103.272,1240.654,1.007
"K_uu_workout[20, 28]",0.028,0.03,0.003,0.084,0.001,0.002,1109.222,1209.434,1.007
"K_uu_workout[20, 29]",0.027,0.03,0.002,0.083,0.001,0.002,1113.72,1257.596,1.007
"K_uu_workout[20, 30]",0.027,0.03,0.002,0.083,0.001,0.002,1121.698,1257.596,1.007
"K_uu_workout[20, 31]",0.027,0.03,0.002,0.083,0.001,0.002,1130.921,1275.063,1.007
"K_uu_workout[20, 32]",0.027,0.03,0.002,0.082,0.001,0.002,1143.683,1275.063,1.007
"K_uu_workout[20, 33]",0.027,0.03,0.002,0.082,0.001,0.002,1156.133,1225.761,1.007
"K_uu_workout[20, 34]",0.027,0.03,0.002,0.082,0.001,0.002,1170.989,1258.443,1.007
"K_uu_workout[20, 35]",0.027,0.03,0.002,0.082,0.001,0.002,1182.713,1258.194,1.007
"K_uu_workout[20, 36]",0.026,0.03,0.002,0.081,0.001,0.002,1200.206,1310.578,1.007
"K_uu_workout[20, 37]",0.026,0.029,0.002,0.081,0.001,0.002,1217.367,1311.016,1.007
"K_uu_workout[20, 38]",0.026,0.029,0.001,0.08,0.001,0.002,1234.77,1311.016,1.006
"K_uu_workout[20, 39]",0.026,0.029,0.001,0.08,0.001,0.002,1254.146,1310.687,1.006
"K_uu_workout[20, 40]",0.026,0.029,0.002,0.08,0.001,0.002,1276.584,1347.254,1.006
"K_uu_workout[20, 41]",0.025,0.029,0.002,0.079,0.001,0.002,1298.171,1348.13,1.006
"K_uu_workout[20, 42]",0.025,0.029,0.002,0.079,0.001,0.002,1315.63,1347.838,1.006
"K_uu_workout[20, 43]",0.025,0.029,0.002,0.079,0.001,0.002,1324.69,1367.28,1.006
"K_uu_workout[20, 44]",0.025,0.028,0.001,0.078,0.001,0.002,1332.041,1385.158,1.006
"K_uu_workout[20, 45]",0.024,0.028,0.001,0.077,0.001,0.002,1339.62,1365.269,1.006
"K_uu_workout[20, 46]",0.024,0.028,0.001,0.076,0.001,0.002,1347.774,1345.46,1.006
"K_uu_workout[20, 47]",0.024,0.028,0.001,0.076,0.001,0.002,1354.359,1365.667,1.006
"K_uu_workout[20, 48]",0.024,0.028,0.0,0.074,0.001,0.002,1359.807,1347.006,1.006
"K_uu_workout[20, 49]",0.023,0.028,0.0,0.074,0.001,0.002,1364.622,1329.035,1.006
"K_uu_workout[21, 0]",0.025,0.029,0.002,0.079,0.001,0.002,1298.171,1348.13,1.006
"K_uu_workout[21, 1]",0.026,0.029,0.002,0.08,0.001,0.002,1276.584,1347.254,1.006
"K_uu_workout[21, 2]",0.026,0.029,0.001,0.08,0.001,0.002,1254.146,1310.687,1.006
"K_uu_workout[21, 3]",0.026,0.029,0.001,0.08,0.001,0.002,1234.77,1311.016,1.006
"K_uu_workout[21, 4]",0.026,0.029,0.002,0.081,0.001,0.002,1217.367,1311.016,1.007
"K_uu_workout[21, 5]",0.026,0.03,0.002,0.081,0.001,0.002,1200.206,1310.578,1.007
"K_uu_workout[21, 6]",0.027,0.03,0.002,0.082,0.001,0.002,1182.713,1258.194,1.007
"K_uu_workout[21, 7]",0.027,0.03,0.002,0.082,0.001,0.002,1170.989,1258.443,1.007
"K_uu_workout[21, 8]",0.027,0.03,0.002,0.082,0.001,0.002,1156.133,1225.761,1.007
"K_uu_workout[21, 9]",0.027,0.03,0.002,0.082,0.001,0.002,1143.683,1275.063,1.007
"K_uu_workout[21, 10]",0.027,0.03,0.002,0.083,0.001,0.002,1130.921,1275.063,1.007
"K_uu_workout[21, 11]",0.027,0.03,0.002,0.083,0.001,0.002,1121.698,1257.596,1.007
"K_uu_workout[21, 12]",0.027,0.03,0.002,0.083,0.001,0.002,1113.72,1257.596,1.007
"K_uu_workout[21, 13]",0.028,0.03,0.003,0.084,0.001,0.002,1109.222,1209.434,1.007
"K_uu_workout[21, 14]",0.028,0.03,0.002,0.084,0.001,0.002,1103.272,1240.654,1.007
"K_uu_workout[21, 15]",0.028,0.03,0.002,0.084,0.001,0.002,1098.769,1224.635,1.007
"K_uu_workout[21, 16]",0.028,0.031,0.002,0.084,0.001,0.002,1094.216,1225.197,1.007
"K_uu_workout[21, 17]",0.028,0.031,0.002,0.084,0.001,0.002,1090.693,1225.197,1.007
"K_uu_workout[21, 18]",0.028,0.031,0.002,0.084,0.001,0.002,1088.662,1224.729,1.007
"K_uu_workout[21, 19]",0.028,0.031,0.003,0.085,0.001,0.002,1087.047,1224.729,1.007
"K_uu_workout[21, 20]",0.028,0.031,0.002,0.084,0.001,0.002,1086.135,1224.729,1.007
"K_uu_workout[21, 21]",0.028,0.031,0.002,0.084,0.001,0.002,1085.794,1224.729,1.007
"K_uu_workout[21, 22]",0.028,0.031,0.002,0.084,0.001,0.002,1086.135,1224.729,1.007
"K_uu_workout[21, 23]",0.028,0.031,0.003,0.085,0.001,0.002,1087.047,1224.729,1.007
"K_uu_workout[21, 24]",0.028,0.031,0.002,0.084,0.001,0.002,1088.662,1224.729,1.007
"K_uu_workout[21, 25]",0.028,0.031,0.002,0.084,0.001,0.002,1090.693,1225.197,1.007
"K_uu_workout[21, 26]",0.028,0.031,0.002,0.084,0.001,0.002,1094.216,1225.197,1.007
"K_uu_workout[21, 27]",0.028,0.03,0.002,0.084,0.001,0.002,1098.769,1224.635,1.007
"K_uu_workout[21, 28]",0.028,0.03,0.002,0.084,0.001,0.002,1103.272,1240.654,1.007
"K_uu_workout[21, 29]",0.028,0.03,0.003,0.084,0.001,0.002,1109.222,1209.434,1.007
"K_uu_workout[21, 30]",0.027,0.03,0.002,0.083,0.001,0.002,1113.72,1257.596,1.007
"K_uu_workout[21, 31]",0.027,0.03,0.002,0.083,0.001,0.002,1121.698,1257.596,1.007
"K_uu_workout[21, 32]",0.027,0.03,0.002,0.083,0.001,0.002,1130.921,1275.063,1.007
"K_uu_workout[21, 33]",0.027,0.03,0.002,0.082,0.001,0.002,1143.683,1275.063,1.007
"K_uu_workout[21, 34]",0.027,0.03,0.002,0.082,0.001,0.002,1156.133,1225.761,1.007
"K_uu_workout[21, 35]",0.027,0.03,0.002,0.082,0.001,0.002,1170.989,1258.443,1.007
"K_uu_workout[21, 36]",0.027,0.03,0.002,0.082,0.001,0.002,1182.713,1258.194,1.007
"K_uu_workout[21, 37]",0.026,0.03,0.002,0.081,0.001,0.002,1200.206,1310.578,1.007
"K_uu_workout[21, 38]",0.026,0.029,0.002,0.081,0.001,0.002,1217.367,1311.016,1.007
"K_uu_workout[21, 39]",0.026,0.029,0.001,0.08,0.001,0.002,1234.77,1311.016,1.006
"K_uu_workout[21, 40]",0.026,0.029,0.001,0.08,0.001,0.002,1254.146,1310.687,1.006
"K_uu_workout[21, 41]",0.026,0.029,0.002,0.08,0.001,0.002,1276.584,1347.254,1.006
"K_uu_workout[21, 42]",0.025,0.029,0.002,0.079,0.001,0.002,1298.171,1348.13,1.006
"K_uu_workout[21, 43]",0.025,0.029,0.002,0.079,0.001,0.002,1315.63,1347.838,1.006
"K_uu_workout[21, 44]",0.025,0.029,0.002,0.079,0.001,0.002,1324.69,1367.28,1.006
"K_uu_workout[21, 45]",0.025,0.028,0.001,0.078,0.001,0.002,1332.041,1385.158,1.006
"K_uu_workout[21, 46]",0.024,0.028,0.001,0.077,0.001,0.002,1339.62,1365.269,1.006
"K_uu_workout[21, 47]",0.024,0.028,0.001,0.076,0.001,0.002,1347.774,1345.46,1.006
"K_uu_workout[21, 48]",0.024,0.028,0.001,0.076,0.001,0.002,1354.359,1365.667,1.006
"K_uu_workout[21, 49]",0.024,0.028,0.0,0.074,0.001,0.002,1359.807,1347.006,1.006
"K_uu_workout[22, 0]",0.025,0.029,0.002,0.079,0.001,0.002,1315.63,1347.838,1.006
"K_uu_workout[22, 1]",0.025,0.029,0.002,0.079,0.001,0.002,1298.171,1348.13,1.006
"K_uu_workout[22, 2]",0.026,0.029,0.002,0.08,0.001,0.002,1276.584,1347.254,1.006
"K_uu_workout[22, 3]",0.026,0.029,0.001,0.08,0.001,0.002,1254.146,1310.687,1.006
"K_uu_workout[22, 4]",0.026,0.029,0.001,0.08,0.001,0.002,1234.77,1311.016,1.006
"K_uu_workout[22, 5]",0.026,0.029,0.002,0.081,0.001,0.002,1217.367,1311.016,1.007
"K_uu_workout[22, 6]",0.026,0.03,0.002,0.081,0.001,0.002,1200.206,1310.578,1.007
"K_uu_workout[22, 7]",0.027,0.03,0.002,0.082,0.001,0.002,1182.713,1258.194,1.007
"K_uu_workout[22, 8]",0.027,0.03,0.002,0.082,0.001,0.002,1170.989,1258.443,1.007
"K_uu_workout[22, 9]",0.027,0.03,0.002,0.082,0.001,0.002,1156.133,1225.761,1.007
"K_uu_workout[22, 10]",0.027,0.03,0.002,0.082,0.001,0.002,1143.683,1275.063,1.007
"K_uu_workout[22, 11]",0.027,0.03,0.002,0.083,0.001,0.002,1130.921,1275.063,1.007
"K_uu_workout[22, 12]",0.027,0.03,0.002,0.083,0.001,0.002,1121.698,1257.596,1.007
"K_uu_workout[22, 13]",0.027,0.03,0.002,0.083,0.001,0.002,1113.72,1257.596,1.007
"K_uu_workout[22, 14]",0.028,0.03,0.003,0.084,0.001,0.002,1109.222,1209.434,1.007
"K_uu_workout[22, 15]",0.028,0.03,0.002,0.084,0.001,0.002,1103.272,1240.654,1.007
"K_uu_workout[22, 16]",0.028,0.03,0.002,0.084,0.001,0.002,1098.769,1224.635,1.007
"K_uu_workout[22, 17]",0.028,0.031,0.002,0.084,0.001,0.002,1094.216,1225.197,1.007
"K_uu_workout[22, 18]",0.028,0.031,0.002,0.084,0.001,0.002,1090.693,1225.197,1.007
"K_uu_workout[22, 19]",0.028,0.031,0.002,0.084,0.001,0.002,1088.662,1224.729,1.007
"K_uu_workout[22, 20]",0.028,0.031,0.003,0.085,0.001,0.002,1087.047,1224.729,1.007
"K_uu_workout[22, 21]",0.028,0.031,0.002,0.084,0.001,0.002,1086.135,1224.729,1.007
"K_uu_workout[22, 22]",0.028,0.031,0.002,0.084,0.001,0.002,1085.794,1224.729,1.007
"K_uu_workout[22, 23]",0.028,0.031,0.002,0.084,0.001,0.002,1086.135,1224.729,1.007
"K_uu_workout[22, 24]",0.028,0.031,0.003,0.085,0.001,0.002,1087.047,1224.729,1.007
"K_uu_workout[22, 25]",0.028,0.031,0.002,0.084,0.001,0.002,1088.662,1224.729,1.007
"K_uu_workout[22, 26]",0.028,0.031,0.002,0.084,0.001,0.002,1090.693,1225.197,1.007
"K_uu_workout[22, 27]",0.028,0.031,0.002,0.084,0.001,0.002,1094.216,1225.197,1.007
"K_uu_workout[22, 28]",0.028,0.03,0.002,0.084,0.001,0.002,1098.769,1224.635,1.007
"K_uu_workout[22, 29]",0.028,0.03,0.002,0.084,0.001,0.002,1103.272,1240.654,1.007
"K_uu_workout[22, 30]",0.028,0.03,0.003,0.084,0.001,0.002,1109.222,1209.434,1.007
"K_uu_workout[22, 31]",0.027,0.03,0.002,0.083,0.001,0.002,1113.72,1257.596,1.007
"K_uu_workout[22, 32]",0.027,0.03,0.002,0.083,0.001,0.002,1121.698,1257.596,1.007
"K_uu_workout[22, 33]",0.027,0.03,0.002,0.083,0.001,0.002,1130.921,1275.063,1.007
"K_uu_workout[22, 34]",0.027,0.03,0.002,0.082,0.001,0.002,1143.683,1275.063,1.007
"K_uu_workout[22, 35]",0.027,0.03,0.002,0.082,0.001,0.002,1156.133,1225.761,1.007
"K_uu_workout[22, 36]",0.027,0.03,0.002,0.082,0.001,0.002,1170.989,1258.443,1.007
"K_uu_workout[22, 37]",0.027,0.03,0.002,0.082,0.001,0.002,1182.713,1258.194,1.007
"K_uu_workout[22, 38]",0.026,0.03,0.002,0.081,0.001,0.002,1200.206,1310.578,1.007
"K_uu_workout[22, 39]",0.026,0.029,0.002,0.081,0.001,0.002,1217.367,1311.016,1.007
"K_uu_workout[22, 40]",0.026,0.029,0.001,0.08,0.001,0.002,1234.77,1311.016,1.006
"K_uu_workout[22, 41]",0.026,0.029,0.001,0.08,0.001,0.002,1254.146,1310.687,1.006
"K_uu_workout[22, 42]",0.026,0.029,0.002,0.08,0.001,0.002,1276.584,1347.254,1.006
"K_uu_workout[22, 43]",0.025,0.029,0.002,0.079,0.001,0.002,1298.171,1348.13,1.006
"K_uu_workout[22, 44]",0.025,0.029,0.002,0.079,0.001,0.002,1315.63,1347.838,1.006
"K_uu_workout[22, 45]",0.025,0.029,0.002,0.079,0.001,0.002,1324.69,1367.28,1.006
"K_uu_workout[22, 46]",0.025,0.028,0.001,0.078,0.001,0.002,1332.041,1385.158,1.006
"K_uu_workout[22, 47]",0.024,0.028,0.001,0.077,0.001,0.002,1339.62,1365.269,1.006
"K_uu_workout[22, 48]",0.024,0.028,0.001,0.076,0.001,0.002,1347.774,1345.46,1.006
"K_uu_workout[22, 49]",0.024,0.028,0.001,0.076,0.001,0.002,1354.359,1365.667,1.006
"K_uu_workout[23, 0]",0.025,0.029,0.002,0.079,0.001,0.002,1324.69,1367.28,1.006
"K_uu_workout[23, 1]",0.025,0.029,0.002,0.079,0.001,0.002,1315.63,1347.838,1.006
"K_uu_workout[23, 2]",0.025,0.029,0.002,0.079,0.001,0.002,1298.171,1348.13,1.006
"K_uu_workout[23, 3]",0.026,0.029,0.002,0.08,0.001,0.002,1276.584,1347.254,1.006
"K_uu_workout[23, 4]",0.026,0.029,0.001,0.08,0.001,0.002,1254.146,1310.687,1.006
"K_uu_workout[23, 5]",0.026,0.029,0.001,0.08,0.001,0.002,1234.77,1311.016,1.006
"K_uu_workout[23, 6]",0.026,0.029,0.002,0.081,0.001,0.002,1217.367,1311.016,1.007
"K_uu_workout[23, 7]",0.026,0.03,0.002,0.081,0.001,0.002,1200.206,1310.578,1.007
"K_uu_workout[23, 8]",0.027,0.03,0.002,0.082,0.001,0.002,1182.713,1258.194,1.007
"K_uu_workout[23, 9]",0.027,0.03,0.002,0.082,0.001,0.002,1170.989,1258.443,1.007
"K_uu_workout[23, 10]",0.027,0.03,0.002,0.082,0.001,0.002,1156.133,1225.761,1.007
"K_uu_workout[23, 11]",0.027,0.03,0.002,0.082,0.001,0.002,1143.683,1275.063,1.007
"K_uu_workout[23, 12]",0.027,0.03,0.002,0.083,0.001,0.002,1130.921,1275.063,1.007
"K_uu_workout[23, 13]",0.027,0.03,0.002,0.083,0.001,0.002,1121.698,1257.596,1.007
"K_uu_workout[23, 14]",0.027,0.03,0.002,0.083,0.001,0.002,1113.72,1257.596,1.007
"K_uu_workout[23, 15]",0.028,0.03,0.003,0.084,0.001,0.002,1109.222,1209.434,1.007
"K_uu_workout[23, 16]",0.028,0.03,0.002,0.084,0.001,0.002,1103.272,1240.654,1.007
"K_uu_workout[23, 17]",0.028,0.03,0.002,0.084,0.001,0.002,1098.769,1224.635,1.007
"K_uu_workout[23, 18]",0.028,0.031,0.002,0.084,0.001,0.002,1094.216,1225.197,1.007
"K_uu_workout[23, 19]",0.028,0.031,0.002,0.084,0.001,0.002,1090.693,1225.197,1.007
"K_uu_workout[23, 20]",0.028,0.031,0.002,0.084,0.001,0.002,1088.662,1224.729,1.007
"K_uu_workout[23, 21]",0.028,0.031,0.003,0.085,0.001,0.002,1087.047,1224.729,1.007
"K_uu_workout[23, 22]",0.028,0.031,0.002,0.084,0.001,0.002,1086.135,1224.729,1.007
"K_uu_workout[23, 23]",0.028,0.031,0.002,0.084,0.001,0.002,1085.794,1224.729,1.007
"K_uu_workout[23, 24]",0.028,0.031,0.002,0.084,0.001,0.002,1086.135,1224.729,1.007
"K_uu_workout[23, 25]",0.028,0.031,0.003,0.085,0.001,0.002,1087.047,1224.729,1.007
"K_uu_workout[23, 26]",0.028,0.031,0.002,0.084,0.001,0.002,1088.662,1224.729,1.007
"K_uu_workout[23, 27]",0.028,0.031,0.002,0.084,0.001,0.002,1090.693,1225.197,1.007
"K_uu_workout[23, 28]",0.028,0.031,0.002,0.084,0.001,0.002,1094.216,1225.197,1.007
"K_uu_workout[23, 29]",0.028,0.03,0.002,0.084,0.001,0.002,1098.769,1224.635,1.007
"K_uu_workout[23, 30]",0.028,0.03,0.002,0.084,0.001,0.002,1103.272,1240.654,1.007
"K_uu_workout[23, 31]",0.028,0.03,0.003,0.084,0.001,0.002,1109.222,1209.434,1.007
"K_uu_workout[23, 32]",0.027,0.03,0.002,0.083,0.001,0.002,1113.72,1257.596,1.007
"K_uu_workout[23, 33]",0.027,0.03,0.002,0.083,0.001,0.002,1121.698,1257.596,1.007
"K_uu_workout[23, 34]",0.027,0.03,0.002,0.083,0.001,0.002,1130.921,1275.063,1.007
"K_uu_workout[23, 35]",0.027,0.03,0.002,0.082,0.001,0.002,1143.683,1275.063,1.007
"K_uu_workout[23, 36]",0.027,0.03,0.002,0.082,0.001,0.002,1156.133,1225.761,1.007
"K_uu_workout[23, 37]",0.027,0.03,0.002,0.082,0.001,0.002,1170.989,1258.443,1.007
"K_uu_workout[23, 38]",0.027,0.03,0.002,0.082,0.001,0.002,1182.713,1258.194,1.007
"K_uu_workout[23, 39]",0.026,0.03,0.002,0.081,0.001,0.002,1200.206,1310.578,1.007
"K_uu_workout[23, 40]",0.026,0.029,0.002,0.081,0.001,0.002,1217.367,1311.016,1.007
"K_uu_workout[23, 41]",0.026,0.029,0.001,0.08,0.001,0.002,1234.77,1311.016,1.006
"K_uu_workout[23, 42]",0.026,0.029,0.001,0.08,0.001,0.002,1254.146,1310.687,1.006
"K_uu_workout[23, 43]",0.026,0.029,0.002,0.08,0.001,0.002,1276.584,1347.254,1.006
"K_uu_workout[23, 44]",0.025,0.029,0.002,0.079,0.001,0.002,1298.171,1348.13,1.006
"K_uu_workout[23, 45]",0.025,0.029,0.002,0.079,0.001,0.002,1315.63,1347.838,1.006
"K_uu_workout[23, 46]",0.025,0.029,0.002,0.079,0.001,0.002,1324.69,1367.28,1.006
"K_uu_workout[23, 47]",0.025,0.028,0.001,0.078,0.001,0.002,1332.041,1385.158,1.006
"K_uu_workout[23, 48]",0.024,0.028,0.001,0.077,0.001,0.002,1339.62,1365.269,1.006
"K_uu_workout[23, 49]",0.024,0.028,0.001,0.076,0.001,0.002,1347.774,1345.46,1.006
"K_uu_workout[24, 0]",0.025,0.028,0.001,0.078,0.001,0.002,1332.041,1385.158,1.006
"K_uu_workout[24, 1]",0.025,0.029,0.002,0.079,0.001,0.002,1324.69,1367.28,1.006
"K_uu_workout[24, 2]",0.025,0.029,0.002,0.079,0.001,0.002,1315.63,1347.838,1.006
"K_uu_workout[24, 3]",0.025,0.029,0.002,0.079,0.001,0.002,1298.171,1348.13,1.006
"K_uu_workout[24, 4]",0.026,0.029,0.002,0.08,0.001,0.002,1276.584,1347.254,1.006
"K_uu_workout[24, 5]",0.026,0.029,0.001,0.08,0.001,0.002,1254.146,1310.687,1.006
"K_uu_workout[24, 6]",0.026,0.029,0.001,0.08,0.001,0.002,1234.77,1311.016,1.006
"K_uu_workout[24, 7]",0.026,0.029,0.002,0.081,0.001,0.002,1217.367,1311.016,1.007
"K_uu_workout[24, 8]",0.026,0.03,0.002,0.081,0.001,0.002,1200.206,1310.578,1.007
"K_uu_workout[24, 9]",0.027,0.03,0.002,0.082,0.001,0.002,1182.713,1258.194,1.007
"K_uu_workout[24, 10]",0.027,0.03,0.002,0.082,0.001,0.002,1170.989,1258.443,1.007
"K_uu_workout[24, 11]",0.027,0.03,0.002,0.082,0.001,0.002,1156.133,1225.761,1.007
"K_uu_workout[24, 12]",0.027,0.03,0.002,0.082,0.001,0.002,1143.683,1275.063,1.007
"K_uu_workout[24, 13]",0.027,0.03,0.002,0.083,0.001,0.002,1130.921,1275.063,1.007
"K_uu_workout[24, 14]",0.027,0.03,0.002,0.083,0.001,0.002,1121.698,1257.596,1.007
"K_uu_workout[24, 15]",0.027,0.03,0.002,0.083,0.001,0.002,1113.72,1257.596,1.007
"K_uu_workout[24, 16]",0.028,0.03,0.003,0.084,0.001,0.002,1109.222,1209.434,1.007
"K_uu_workout[24, 17]",0.028,0.03,0.002,0.084,0.001,0.002,1103.272,1240.654,1.007
"K_uu_workout[24, 18]",0.028,0.03,0.002,0.084,0.001,0.002,1098.769,1224.635,1.007
"K_uu_workout[24, 19]",0.028,0.031,0.002,0.084,0.001,0.002,1094.216,1225.197,1.007
"K_uu_workout[24, 20]",0.028,0.031,0.002,0.084,0.001,0.002,1090.693,1225.197,1.007
"K_uu_workout[24, 21]",0.028,0.031,0.002,0.084,0.001,0.002,1088.662,1224.729,1.007
"K_uu_workout[24, 22]",0.028,0.031,0.003,0.085,0.001,0.002,1087.047,1224.729,1.007
"K_uu_workout[24, 23]",0.028,0.031,0.002,0.084,0.001,0.002,1086.135,1224.729,1.007
"K_uu_workout[24, 24]",0.028,0.031,0.002,0.084,0.001,0.002,1085.794,1224.729,1.007
"K_uu_workout[24, 25]",0.028,0.031,0.002,0.084,0.001,0.002,1086.135,1224.729,1.007
"K_uu_workout[24, 26]",0.028,0.031,0.003,0.085,0.001,0.002,1087.047,1224.729,1.007
"K_uu_workout[24, 27]",0.028,0.031,0.002,0.084,0.001,0.002,1088.662,1224.729,1.007
"K_uu_workout[24, 28]",0.028,0.031,0.002,0.084,0.001,0.002,1090.693,1225.197,1.007
"K_uu_workout[24, 29]",0.028,0.031,0.002,0.084,0.001,0.002,1094.216,1225.197,1.007
"K_uu_workout[24, 30]",0.028,0.03,0.002,0.084,0.001,0.002,1098.769,1224.635,1.007
"K_uu_workout[24, 31]",0.028,0.03,0.002,0.084,0.001,0.002,1103.272,1240.654,1.007
"K_uu_workout[24, 32]",0.028,0.03,0.003,0.084,0.001,0.002,1109.222,1209.434,1.007
"K_uu_workout[24, 33]",0.027,0.03,0.002,0.083,0.001,0.002,1113.72,1257.596,1.007
"K_uu_workout[24, 34]",0.027,0.03,0.002,0.083,0.001,0.002,1121.698,1257.596,1.007
"K_uu_workout[24, 35]",0.027,0.03,0.002,0.083,0.001,0.002,1130.921,1275.063,1.007
"K_uu_workout[24, 36]",0.027,0.03,0.002,0.082,0.001,0.002,1143.683,1275.063,1.007
"K_uu_workout[24, 37]",0.027,0.03,0.002,0.082,0.001,0.002,1156.133,1225.761,1.007
"K_uu_workout[24, 38]",0.027,0.03,0.002,0.082,0.001,0.002,1170.989,1258.443,1.007
"K_uu_workout[24, 39]",0.027,0.03,0.002,0.082,0.001,0.002,1182.713,1258.194,1.007
"K_uu_workout[24, 40]",0.026,0.03,0.002,0.081,0.001,0.002,1200.206,1310.578,1.007
"K_uu_workout[24, 41]",0.026,0.029,0.002,0.081,0.001,0.002,1217.367,1311.016,1.007
"K_uu_workout[24, 42]",0.026,0.029,0.001,0.08,0.001,0.002,1234.77,1311.016,1.006
"K_uu_workout[24, 43]",0.026,0.029,0.001,0.08,0.001,0.002,1254.146,1310.687,1.006
"K_uu_workout[24, 44]",0.026,0.029,0.002,0.08,0.001,0.002,1276.584,1347.254,1.006
"K_uu_workout[24, 45]",0.025,0.029,0.002,0.079,0.001,0.002,1298.171,1348.13,1.006
"K_uu_workout[24, 46]",0.025,0.029,0.002,0.079,0.001,0.002,1315.63,1347.838,1.006
"K_uu_workout[24, 47]",0.025,0.029,0.002,0.079,0.001,0.002,1324.69,1367.28,1.006
"K_uu_workout[24, 48]",0.025,0.028,0.001,0.078,0.001,0.002,1332.041,1385.158,1.006
"K_uu_workout[24, 49]",0.024,0.028,0.001,0.077,0.001,0.002,1339.62,1365.269,1.006
"K_uu_workout[25, 0]",0.024,0.028,0.001,0.077,0.001,0.002,1339.62,1365.269,1.006
"K_uu_workout[25, 1]",0.025,0.028,0.001,0.078,0.001,0.002,1332.041,1385.158,1.006
"K_uu_workout[25, 2]",0.025,0.029,0.002,0.079,0.001,0.002,1324.69,1367.28,1.006
"K_uu_workout[25, 3]",0.025,0.029,0.002,0.079,0.001,0.002,1315.63,1347.838,1.006
"K_uu_workout[25, 4]",0.025,0.029,0.002,0.079,0.001,0.002,1298.171,1348.13,1.006
"K_uu_workout[25, 5]",0.026,0.029,0.002,0.08,0.001,0.002,1276.584,1347.254,1.006
"K_uu_workout[25, 6]",0.026,0.029,0.001,0.08,0.001,0.002,1254.146,1310.687,1.006
"K_uu_workout[25, 7]",0.026,0.029,0.001,0.08,0.001,0.002,1234.77,1311.016,1.006
"K_uu_workout[25, 8]",0.026,0.029,0.002,0.081,0.001,0.002,1217.367,1311.016,1.007
"K_uu_workout[25, 9]",0.026,0.03,0.002,0.081,0.001,0.002,1200.206,1310.578,1.007
"K_uu_workout[25, 10]",0.027,0.03,0.002,0.082,0.001,0.002,1182.713,1258.194,1.007
"K_uu_workout[25, 11]",0.027,0.03,0.002,0.082,0.001,0.002,1170.989,1258.443,1.007
"K_uu_workout[25, 12]",0.027,0.03,0.002,0.082,0.001,0.002,1156.133,1225.761,1.007
"K_uu_workout[25, 13]",0.027,0.03,0.002,0.082,0.001,0.002,1143.683,1275.063,1.007
"K_uu_workout[25, 14]",0.027,0.03,0.002,0.083,0.001,0.002,1130.921,1275.063,1.007
"K_uu_workout[25, 15]",0.027,0.03,0.002,0.083,0.001,0.002,1121.698,1257.596,1.007
"K_uu_workout[25, 16]",0.027,0.03,0.002,0.083,0.001,0.002,1113.72,1257.596,1.007
"K_uu_workout[25, 17]",0.028,0.03,0.003,0.084,0.001,0.002,1109.222,1209.434,1.007
"K_uu_workout[25, 18]",0.028,0.03,0.002,0.084,0.001,0.002,1103.272,1240.654,1.007
"K_uu_workout[25, 19]",0.028,0.03,0.002,0.084,0.001,0.002,1098.769,1224.635,1.007
"K_uu_workout[25, 20]",0.028,0.031,0.002,0.084,0.001,0.002,1094.216,1225.197,1.007
"K_uu_workout[25, 21]",0.028,0.031,0.002,0.084,0.001,0.002,1090.693,1225.197,1.007
"K_uu_workout[25, 22]",0.028,0.031,0.002,0.084,0.001,0.002,1088.662,1224.729,1.007
"K_uu_workout[25, 23]",0.028,0.031,0.003,0.085,0.001,0.002,1087.047,1224.729,1.007
"K_uu_workout[25, 24]",0.028,0.031,0.002,0.084,0.001,0.002,1086.135,1224.729,1.007
"K_uu_workout[25, 25]",0.028,0.031,0.002,0.084,0.001,0.002,1085.794,1224.729,1.007
"K_uu_workout[25, 26]",0.028,0.031,0.002,0.084,0.001,0.002,1086.135,1224.729,1.007
"K_uu_workout[25, 27]",0.028,0.031,0.003,0.085,0.001,0.002,1087.047,1224.729,1.007
"K_uu_workout[25, 28]",0.028,0.031,0.002,0.084,0.001,0.002,1088.662,1224.729,1.007
"K_uu_workout[25, 29]",0.028,0.031,0.002,0.084,0.001,0.002,1090.693,1225.197,1.007
"K_uu_workout[25, 30]",0.028,0.031,0.002,0.084,0.001,0.002,1094.216,1225.197,1.007
"K_uu_workout[25, 31]",0.028,0.03,0.002,0.084,0.001,0.002,1098.769,1224.635,1.007
"K_uu_workout[25, 32]",0.028,0.03,0.002,0.084,0.001,0.002,1103.272,1240.654,1.007
"K_uu_workout[25, 33]",0.028,0.03,0.003,0.084,0.001,0.002,1109.222,1209.434,1.007
"K_uu_workout[25, 34]",0.027,0.03,0.002,0.083,0.001,0.002,1113.72,1257.596,1.007
"K_uu_workout[25, 35]",0.027,0.03,0.002,0.083,0.001,0.002,1121.698,1257.596,1.007
"K_uu_workout[25, 36]",0.027,0.03,0.002,0.083,0.001,0.002,1130.921,1275.063,1.007
"K_uu_workout[25, 37]",0.027,0.03,0.002,0.082,0.001,0.002,1143.683,1275.063,1.007
"K_uu_workout[25, 38]",0.027,0.03,0.002,0.082,0.001,0.002,1156.133,1225.761,1.007
"K_uu_workout[25, 39]",0.027,0.03,0.002,0.082,0.001,0.002,1170.989,1258.443,1.007
"K_uu_workout[25, 40]",0.027,0.03,0.002,0.082,0.001,0.002,1182.713,1258.194,1.007
"K_uu_workout[25, 41]",0.026,0.03,0.002,0.081,0.001,0.002,1200.206,1310.578,1.007
"K_uu_workout[25, 42]",0.026,0.029,0.002,0.081,0.001,0.002,1217.367,1311.016,1.007
"K_uu_workout[25, 43]",0.026,0.029,0.001,0.08,0.001,0.002,1234.77,1311.016,1.006
"K_uu_workout[25, 44]",0.026,0.029,0.001,0.08,0.001,0.002,1254.146,1310.687,1.006
"K_uu_workout[25, 45]",0.026,0.029,0.002,0.08,0.001,0.002,1276.584,1347.254,1.006
"K_uu_workout[25, 46]",0.025,0.029,0.002,0.079,0.001,0.002,1298.171,1348.13,1.006
"K_uu_workout[25, 47]",0.025,0.029,0.002,0.079,0.001,0.002,1315.63,1347.838,1.006
"K_uu_workout[25, 48]",0.025,0.029,0.002,0.079,0.001,0.002,1324.69,1367.28,1.006
"K_uu_workout[25, 49]",0.025,0.028,0.001,0.078,0.001,0.002,1332.041,1385.158,1.006
"K_uu_workout[26, 0]",0.024,0.028,0.001,0.076,0.001,0.002,1347.774,1345.46,1.006
"K_uu_workout[26, 1]",0.024,0.028,0.001,0.077,0.001,0.002,1339.62,1365.269,1.006
"K_uu_workout[26, 2]",0.025,0.028,0.001,0.078,0.001,0.002,1332.041,1385.158,1.006
"K_uu_workout[26, 3]",0.025,0.029,0.002,0.079,0.001,0.002,1324.69,1367.28,1.006
"K_uu_workout[26, 4]",0.025,0.029,0.002,0.079,0.001,0.002,1315.63,1347.838,1.006
"K_uu_workout[26, 5]",0.025,0.029,0.002,0.079,0.001,0.002,1298.171,1348.13,1.006
"K_uu_workout[26, 6]",0.026,0.029,0.002,0.08,0.001,0.002,1276.584,1347.254,1.006
"K_uu_workout[26, 7]",0.026,0.029,0.001,0.08,0.001,0.002,1254.146,1310.687,1.006
"K_uu_workout[26, 8]",0.026,0.029,0.001,0.08,0.001,0.002,1234.77,1311.016,1.006
"K_uu_workout[26, 9]",0.026,0.029,0.002,0.081,0.001,0.002,1217.367,1311.016,1.007
"K_uu_workout[26, 10]",0.026,0.03,0.002,0.081,0.001,0.002,1200.206,1310.578,1.007
"K_uu_workout[26, 11]",0.027,0.03,0.002,0.082,0.001,0.002,1182.713,1258.194,1.007
"K_uu_workout[26, 12]",0.027,0.03,0.002,0.082,0.001,0.002,1170.989,1258.443,1.007
"K_uu_workout[26, 13]",0.027,0.03,0.002,0.082,0.001,0.002,1156.133,1225.761,1.007
"K_uu_workout[26, 14]",0.027,0.03,0.002,0.082,0.001,0.002,1143.683,1275.063,1.007
"K_uu_workout[26, 15]",0.027,0.03,0.002,0.083,0.001,0.002,1130.921,1275.063,1.007
"K_uu_workout[26, 16]",0.027,0.03,0.002,0.083,0.001,0.002,1121.698,1257.596,1.007
"K_uu_workout[26, 17]",0.027,0.03,0.002,0.083,0.001,0.002,1113.72,1257.596,1.007
"K_uu_workout[26, 18]",0.028,0.03,0.003,0.084,0.001,0.002,1109.222,1209.434,1.007
"K_uu_workout[26, 19]",0.028,0.03,0.002,0.084,0.001,0.002,1103.272,1240.654,1.007
"K_uu_workout[26, 20]",0.028,0.03,0.002,0.084,0.001,0.002,1098.769,1224.635,1.007
"K_uu_workout[26, 21]",0.028,0.031,0.002,0.084,0.001,0.002,1094.216,1225.197,1.007
"K_uu_workout[26, 22]",0.028,0.031,0.002,0.084,0.001,0.002,1090.693,1225.197,1.007
"K_uu_workout[26, 23]",0.028,0.031,0.002,0.084,0.001,0.002,1088.662,1224.729,1.007
"K_uu_workout[26, 24]",0.028,0.031,0.003,0.085,0.001,0.002,1087.047,1224.729,1.007
"K_uu_workout[26, 25]",0.028,0.031,0.002,0.084,0.001,0.002,1086.135,1224.729,1.007
"K_uu_workout[26, 26]",0.028,0.031,0.002,0.084,0.001,0.002,1085.794,1224.729,1.007
"K_uu_workout[26, 27]",0.028,0.031,0.002,0.084,0.001,0.002,1086.135,1224.729,1.007
"K_uu_workout[26, 28]",0.028,0.031,0.003,0.085,0.001,0.002,1087.047,1224.729,1.007
"K_uu_workout[26, 29]",0.028,0.031,0.002,0.084,0.001,0.002,1088.662,1224.729,1.007
"K_uu_workout[26, 30]",0.028,0.031,0.002,0.084,0.001,0.002,1090.693,1225.197,1.007
"K_uu_workout[26, 31]",0.028,0.031,0.002,0.084,0.001,0.002,1094.216,1225.197,1.007
"K_uu_workout[26, 32]",0.028,0.03,0.002,0.084,0.001,0.002,1098.769,1224.635,1.007
"K_uu_workout[26, 33]",0.028,0.03,0.002,0.084,0.001,0.002,1103.272,1240.654,1.007
"K_uu_workout[26, 34]",0.028,0.03,0.003,0.084,0.001,0.002,1109.222,1209.434,1.007
"K_uu_workout[26, 35]",0.027,0.03,0.002,0.083,0.001,0.002,1113.72,1257.596,1.007
"K_uu_workout[26, 36]",0.027,0.03,0.002,0.083,0.001,0.002,1121.698,1257.596,1.007
"K_uu_workout[26, 37]",0.027,0.03,0.002,0.083,0.001,0.002,1130.921,1275.063,1.007
"K_uu_workout[26, 38]",0.027,0.03,0.002,0.082,0.001,0.002,1143.683,1275.063,1.007
"K_uu_workout[26, 39]",0.027,0.03,0.002,0.082,0.001,0.002,1156.133,1225.761,1.007
"K_uu_workout[26, 40]",0.027,0.03,0.002,0.082,0.001,0.002,1170.989,1258.443,1.007
"K_uu_workout[26, 41]",0.027,0.03,0.002,0.082,0.001,0.002,1182.713,1258.194,1.007
"K_uu_workout[26, 42]",0.026,0.03,0.002,0.081,0.001,0.002,1200.206,1310.578,1.007
"K_uu_workout[26, 43]",0.026,0.029,0.002,0.081,0.001,0.002,1217.367,1311.016,1.007
"K_uu_workout[26, 44]",0.026,0.029,0.001,0.08,0.001,0.002,1234.77,1311.016,1.006
"K_uu_workout[26, 45]",0.026,0.029,0.001,0.08,0.001,0.002,1254.146,1310.687,1.006
"K_uu_workout[26, 46]",0.026,0.029,0.002,0.08,0.001,0.002,1276.584,1347.254,1.006
"K_uu_workout[26, 47]",0.025,0.029,0.002,0.079,0.001,0.002,1298.171,1348.13,1.006
"K_uu_workout[26, 48]",0.025,0.029,0.002,0.079,0.001,0.002,1315.63,1347.838,1.006
"K_uu_workout[26, 49]",0.025,0.029,0.002,0.079,0.001,0.002,1324.69,1367.28,1.006
"K_uu_workout[27, 0]",0.024,0.028,0.001,0.076,0.001,0.002,1354.359,1365.667,1.006
"K_uu_workout[27, 1]",0.024,0.028,0.001,0.076,0.001,0.002,1347.774,1345.46,1.006
"K_uu_workout[27, 2]",0.024,0.028,0.001,0.077,0.001,0.002,1339.62,1365.269,1.006
"K_uu_workout[27, 3]",0.025,0.028,0.001,0.078,0.001,0.002,1332.041,1385.158,1.006
"K_uu_workout[27, 4]",0.025,0.029,0.002,0.079,0.001,0.002,1324.69,1367.28,1.006
"K_uu_workout[27, 5]",0.025,0.029,0.002,0.079,0.001,0.002,1315.63,1347.838,1.006
"K_uu_workout[27, 6]",0.025,0.029,0.002,0.079,0.001,0.002,1298.171,1348.13,1.006
"K_uu_workout[27, 7]",0.026,0.029,0.002,0.08,0.001,0.002,1276.584,1347.254,1.006
"K_uu_workout[27, 8]",0.026,0.029,0.001,0.08,0.001,0.002,1254.146,1310.687,1.006
"K_uu_workout[27, 9]",0.026,0.029,0.001,0.08,0.001,0.002,1234.77,1311.016,1.006
"K_uu_workout[27, 10]",0.026,0.029,0.002,0.081,0.001,0.002,1217.367,1311.016,1.007
"K_uu_workout[27, 11]",0.026,0.03,0.002,0.081,0.001,0.002,1200.206,1310.578,1.007
"K_uu_workout[27, 12]",0.027,0.03,0.002,0.082,0.001,0.002,1182.713,1258.194,1.007
"K_uu_workout[27, 13]",0.027,0.03,0.002,0.082,0.001,0.002,1170.989,1258.443,1.007
"K_uu_workout[27, 14]",0.027,0.03,0.002,0.082,0.001,0.002,1156.133,1225.761,1.007
"K_uu_workout[27, 15]",0.027,0.03,0.002,0.082,0.001,0.002,1143.683,1275.063,1.007
"K_uu_workout[27, 16]",0.027,0.03,0.002,0.083,0.001,0.002,1130.921,1275.063,1.007
"K_uu_workout[27, 17]",0.027,0.03,0.002,0.083,0.001,0.002,1121.698,1257.596,1.007
"K_uu_workout[27, 18]",0.027,0.03,0.002,0.083,0.001,0.002,1113.72,1257.596,1.007
"K_uu_workout[27, 19]",0.028,0.03,0.003,0.084,0.001,0.002,1109.222,1209.434,1.007
"K_uu_workout[27, 20]",0.028,0.03,0.002,0.084,0.001,0.002,1103.272,1240.654,1.007
"K_uu_workout[27, 21]",0.028,0.03,0.002,0.084,0.001,0.002,1098.769,1224.635,1.007
"K_uu_workout[27, 22]",0.028,0.031,0.002,0.084,0.001,0.002,1094.216,1225.197,1.007
"K_uu_workout[27, 23]",0.028,0.031,0.002,0.084,0.001,0.002,1090.693,1225.197,1.007
"K_uu_workout[27, 24]",0.028,0.031,0.002,0.084,0.001,0.002,1088.662,1224.729,1.007
"K_uu_workout[27, 25]",0.028,0.031,0.003,0.085,0.001,0.002,1087.047,1224.729,1.007
"K_uu_workout[27, 26]",0.028,0.031,0.002,0.084,0.001,0.002,1086.135,1224.729,1.007
"K_uu_workout[27, 27]",0.028,0.031,0.002,0.084,0.001,0.002,1085.794,1224.729,1.007
"K_uu_workout[27, 28]",0.028,0.031,0.002,0.084,0.001,0.002,1086.135,1224.729,1.007
"K_uu_workout[27, 29]",0.028,0.031,0.003,0.085,0.001,0.002,1087.047,1224.729,1.007
"K_uu_workout[27, 30]",0.028,0.031,0.002,0.084,0.001,0.002,1088.662,1224.729,1.007
"K_uu_workout[27, 31]",0.028,0.031,0.002,0.084,0.001,0.002,1090.693,1225.197,1.007
"K_uu_workout[27, 32]",0.028,0.031,0.002,0.084,0.001,0.002,1094.216,1225.197,1.007
"K_uu_workout[27, 33]",0.028,0.03,0.002,0.084,0.001,0.002,1098.769,1224.635,1.007
"K_uu_workout[27, 34]",0.028,0.03,0.002,0.084,0.001,0.002,1103.272,1240.654,1.007
"K_uu_workout[27, 35]",0.028,0.03,0.003,0.084,0.001,0.002,1109.222,1209.434,1.007
"K_uu_workout[27, 36]",0.027,0.03,0.002,0.083,0.001,0.002,1113.72,1257.596,1.007
"K_uu_workout[27, 37]",0.027,0.03,0.002,0.083,0.001,0.002,1121.698,1257.596,1.007
"K_uu_workout[27, 38]",0.027,0.03,0.002,0.083,0.001,0.002,1130.921,1275.063,1.007
"K_uu_workout[27, 39]",0.027,0.03,0.002,0.082,0.001,0.002,1143.683,1275.063,1.007
"K_uu_workout[27, 40]",0.027,0.03,0.002,0.082,0.001,0.002,1156.133,1225.761,1.007
"K_uu_workout[27, 41]",0.027,0.03,0.002,0.082,0.001,0.002,1170.989,1258.443,1.007
"K_uu_workout[27, 42]",0.027,0.03,0.002,0.082,0.001,0.002,1182.713,1258.194,1.007
"K_uu_workout[27, 43]",0.026,0.03,0.002,0.081,0.001,0.002,1200.206,1310.578,1.007
"K_uu_workout[27, 44]",0.026,0.029,0.002,0.081,0.001,0.002,1217.367,1311.016,1.007
"K_uu_workout[27, 45]",0.026,0.029,0.001,0.08,0.001,0.002,1234.77,1311.016,1.006
"K_uu_workout[27, 46]",0.026,0.029,0.001,0.08,0.001,0.002,1254.146,1310.687,1.006
"K_uu_workout[27, 47]",0.026,0.029,0.002,0.08,0.001,0.002,1276.584,1347.254,1.006
"K_uu_workout[27, 48]",0.025,0.029,0.002,0.079,0.001,0.002,1298.171,1348.13,1.006
"K_uu_workout[27, 49]",0.025,0.029,0.002,0.079,0.001,0.002,1315.63,1347.838,1.006
"K_uu_workout[28, 0]",0.024,0.028,0.0,0.074,0.001,0.002,1359.807,1347.006,1.006
"K_uu_workout[28, 1]",0.024,0.028,0.001,0.076,0.001,0.002,1354.359,1365.667,1.006
"K_uu_workout[28, 2]",0.024,0.028,0.001,0.076,0.001,0.002,1347.774,1345.46,1.006
"K_uu_workout[28, 3]",0.024,0.028,0.001,0.077,0.001,0.002,1339.62,1365.269,1.006
"K_uu_workout[28, 4]",0.025,0.028,0.001,0.078,0.001,0.002,1332.041,1385.158,1.006
"K_uu_workout[28, 5]",0.025,0.029,0.002,0.079,0.001,0.002,1324.69,1367.28,1.006
"K_uu_workout[28, 6]",0.025,0.029,0.002,0.079,0.001,0.002,1315.63,1347.838,1.006
"K_uu_workout[28, 7]",0.025,0.029,0.002,0.079,0.001,0.002,1298.171,1348.13,1.006
"K_uu_workout[28, 8]",0.026,0.029,0.002,0.08,0.001,0.002,1276.584,1347.254,1.006
"K_uu_workout[28, 9]",0.026,0.029,0.001,0.08,0.001,0.002,1254.146,1310.687,1.006
"K_uu_workout[28, 10]",0.026,0.029,0.001,0.08,0.001,0.002,1234.77,1311.016,1.006
"K_uu_workout[28, 11]",0.026,0.029,0.002,0.081,0.001,0.002,1217.367,1311.016,1.007
"K_uu_workout[28, 12]",0.026,0.03,0.002,0.081,0.001,0.002,1200.206,1310.578,1.007
"K_uu_workout[28, 13]",0.027,0.03,0.002,0.082,0.001,0.002,1182.713,1258.194,1.007
"K_uu_workout[28, 14]",0.027,0.03,0.002,0.082,0.001,0.002,1170.989,1258.443,1.007
"K_uu_workout[28, 15]",0.027,0.03,0.002,0.082,0.001,0.002,1156.133,1225.761,1.007
"K_uu_workout[28, 16]",0.027,0.03,0.002,0.082,0.001,0.002,1143.683,1275.063,1.007
"K_uu_workout[28, 17]",0.027,0.03,0.002,0.083,0.001,0.002,1130.921,1275.063,1.007
"K_uu_workout[28, 18]",0.027,0.03,0.002,0.083,0.001,0.002,1121.698,1257.596,1.007
"K_uu_workout[28, 19]",0.027,0.03,0.002,0.083,0.001,0.002,1113.72,1257.596,1.007
"K_uu_workout[28, 20]",0.028,0.03,0.003,0.084,0.001,0.002,1109.222,1209.434,1.007
"K_uu_workout[28, 21]",0.028,0.03,0.002,0.084,0.001,0.002,1103.272,1240.654,1.007
"K_uu_workout[28, 22]",0.028,0.03,0.002,0.084,0.001,0.002,1098.769,1224.635,1.007
"K_uu_workout[28, 23]",0.028,0.031,0.002,0.084,0.001,0.002,1094.216,1225.197,1.007
"K_uu_workout[28, 24]",0.028,0.031,0.002,0.084,0.001,0.002,1090.693,1225.197,1.007
"K_uu_workout[28, 25]",0.028,0.031,0.002,0.084,0.001,0.002,1088.662,1224.729,1.007
"K_uu_workout[28, 26]",0.028,0.031,0.003,0.085,0.001,0.002,1087.047,1224.729,1.007
"K_uu_workout[28, 27]",0.028,0.031,0.002,0.084,0.001,0.002,1086.135,1224.729,1.007
"K_uu_workout[28, 28]",0.028,0.031,0.002,0.084,0.001,0.002,1085.794,1224.729,1.007
"K_uu_workout[28, 29]",0.028,0.031,0.002,0.084,0.001,0.002,1086.135,1224.729,1.007
"K_uu_workout[28, 30]",0.028,0.031,0.003,0.085,0.001,0.002,1087.047,1224.729,1.007
"K_uu_workout[28, 31]",0.028,0.031,0.002,0.084,0.001,0.002,1088.662,1224.729,1.007
"K_uu_workout[28, 32]",0.028,0.031,0.002,0.084,0.001,0.002,1090.693,1225.197,1.007
"K_uu_workout[28, 33]",0.028,0.031,0.002,0.084,0.001,0.002,1094.216,1225.197,1.007
"K_uu_workout[28, 34]",0.028,0.03,0.002,0.084,0.001,0.002,1098.769,1224.635,1.007
"K_uu_workout[28, 35]",0.028,0.03,0.002,0.084,0.001,0.002,1103.272,1240.654,1.007
"K_uu_workout[28, 36]",0.028,0.03,0.003,0.084,0.001,0.002,1109.222,1209.434,1.007
"K_uu_workout[28, 37]",0.027,0.03,0.002,0.083,0.001,0.002,1113.72,1257.596,1.007
"K_uu_workout[28, 38]",0.027,0.03,0.002,0.083,0.001,0.002,1121.698,1257.596,1.007
"K_uu_workout[28, 39]",0.027,0.03,0.002,0.083,0.001,0.002,1130.921,1275.063,1.007
"K_uu_workout[28, 40]",0.027,0.03,0.002,0.082,0.001,0.002,1143.683,1275.063,1.007
"K_uu_workout[28, 41]",0.027,0.03,0.002,0.082,0.001,0.002,1156.133,1225.761,1.007
"K_uu_workout[28, 42]",0.027,0.03,0.002,0.082,0.001,0.002,1170.989,1258.443,1.007
"K_uu_workout[28, 43]",0.027,0.03,0.002,0.082,0.001,0.002,1182.713,1258.194,1.007
"K_uu_workout[28, 44]",0.026,0.03,0.002,0.081,0.001,0.002,1200.206,1310.578,1.007
"K_uu_workout[28, 45]",0.026,0.029,0.002,0.081,0.001,0.002,1217.367,1311.016,1.007
"K_uu_workout[28, 46]",0.026,0.029,0.001,0.08,0.001,0.002,1234.77,1311.016,1.006
"K_uu_workout[28, 47]",0.026,0.029,0.001,0.08,0.001,0.002,1254.146,1310.687,1.006
"K_uu_workout[28, 48]",0.026,0.029,0.002,0.08,0.001,0.002,1276.584,1347.254,1.006
"K_uu_workout[28, 49]",0.025,0.029,0.002,0.079,0.001,0.002,1298.171,1348.13,1.006
"K_uu_workout[29, 0]",0.023,0.028,0.0,0.074,0.001,0.002,1364.622,1329.035,1.006
"K_uu_workout[29, 1]",0.024,0.028,0.0,0.074,0.001,0.002,1359.807,1347.006,1.006
"K_uu_workout[29, 2]",0.024,0.028,0.001,0.076,0.001,0.002,1354.359,1365.667,1.006
"K_uu_workout[29, 3]",0.024,0.028,0.001,0.076,0.001,0.002,1347.774,1345.46,1.006
"K_uu_workout[29, 4]",0.024,0.028,0.001,0.077,0.001,0.002,1339.62,1365.269,1.006
"K_uu_workout[29, 5]",0.025,0.028,0.001,0.078,0.001,0.002,1332.041,1385.158,1.006
"K_uu_workout[29, 6]",0.025,0.029,0.002,0.079,0.001,0.002,1324.69,1367.28,1.006
"K_uu_workout[29, 7]",0.025,0.029,0.002,0.079,0.001,0.002,1315.63,1347.838,1.006
"K_uu_workout[29, 8]",0.025,0.029,0.002,0.079,0.001,0.002,1298.171,1348.13,1.006
"K_uu_workout[29, 9]",0.026,0.029,0.002,0.08,0.001,0.002,1276.584,1347.254,1.006
"K_uu_workout[29, 10]",0.026,0.029,0.001,0.08,0.001,0.002,1254.146,1310.687,1.006
"K_uu_workout[29, 11]",0.026,0.029,0.001,0.08,0.001,0.002,1234.77,1311.016,1.006
"K_uu_workout[29, 12]",0.026,0.029,0.002,0.081,0.001,0.002,1217.367,1311.016,1.007
"K_uu_workout[29, 13]",0.026,0.03,0.002,0.081,0.001,0.002,1200.206,1310.578,1.007
"K_uu_workout[29, 14]",0.027,0.03,0.002,0.082,0.001,0.002,1182.713,1258.194,1.007
"K_uu_workout[29, 15]",0.027,0.03,0.002,0.082,0.001,0.002,1170.989,1258.443,1.007
"K_uu_workout[29, 16]",0.027,0.03,0.002,0.082,0.001,0.002,1156.133,1225.761,1.007
"K_uu_workout[29, 17]",0.027,0.03,0.002,0.082,0.001,0.002,1143.683,1275.063,1.007
"K_uu_workout[29, 18]",0.027,0.03,0.002,0.083,0.001,0.002,1130.921,1275.063,1.007
"K_uu_workout[29, 19]",0.027,0.03,0.002,0.083,0.001,0.002,1121.698,1257.596,1.007
"K_uu_workout[29, 20]",0.027,0.03,0.002,0.083,0.001,0.002,1113.72,1257.596,1.007
"K_uu_workout[29, 21]",0.028,0.03,0.003,0.084,0.001,0.002,1109.222,1209.434,1.007
"K_uu_workout[29, 22]",0.028,0.03,0.002,0.084,0.001,0.002,1103.272,1240.654,1.007
"K_uu_workout[29, 23]",0.028,0.03,0.002,0.084,0.001,0.002,1098.769,1224.635,1.007
"K_uu_workout[29, 24]",0.028,0.031,0.002,0.084,0.001,0.002,1094.216,1225.197,1.007
"K_uu_workout[29, 25]",0.028,0.031,0.002,0.084,0.001,0.002,1090.693,1225.197,1.007
"K_uu_workout[29, 26]",0.028,0.031,0.002,0.084,0.001,0.002,1088.662,1224.729,1.007
"K_uu_workout[29, 27]",0.028,0.031,0.003,0.085,0.001,0.002,1087.047,1224.729,1.007
"K_uu_workout[29, 28]",0.028,0.031,0.002,0.084,0.001,0.002,1086.135,1224.729,1.007
"K_uu_workout[29, 29]",0.028,0.031,0.002,0.084,0.001,0.002,1085.794,1224.729,1.007
"K_uu_workout[29, 30]",0.028,0.031,0.002,0.084,0.001,0.002,1086.135,1224.729,1.007
"K_uu_workout[29, 31]",0.028,0.031,0.003,0.085,0.001,0.002,1087.047,1224.729,1.007
"K_uu_workout[29, 32]",0.028,0.031,0.002,0.084,0.001,0.002,1088.662,1224.729,1.007
"K_uu_workout[29, 33]",0.028,0.031,0.002,0.084,0.001,0.002,1090.693,1225.197,1.007
"K_uu_workout[29, 34]",0.028,0.031,0.002,0.084,0.001,0.002,1094.216,1225.197,1.007
"K_uu_workout[29, 35]",0.028,0.03,0.002,0.084,0.001,0.002,1098.769,1224.635,1.007
"K_uu_workout[29, 36]",0.028,0.03,0.002,0.084,0.001,0.002,1103.272,1240.654,1.007
"K_uu_workout[29, 37]",0.028,0.03,0.003,0.084,0.001,0.002,1109.222,1209.434,1.007
"K_uu_workout[29, 38]",0.027,0.03,0.002,0.083,0.001,0.002,1113.72,1257.596,1.007
"K_uu_workout[29, 39]",0.027,0.03,0.002,0.083,0.001,0.002,1121.698,1257.596,1.007
"K_uu_workout[29, 40]",0.027,0.03,0.002,0.083,0.001,0.002,1130.921,1275.063,1.007
"K_uu_workout[29, 41]",0.027,0.03,0.002,0.082,0.001,0.002,1143.683,1275.063,1.007
"K_uu_workout[29, 42]",0.027,0.03,0.002,0.082,0.001,0.002,1156.133,1225.761,1.007
"K_uu_workout[29, 43]",0.027,0.03,0.002,0.082,0.001,0.002,1170.989,1258.443,1.007
"K_uu_workout[29, 44]",0.027,0.03,0.002,0.082,0.001,0.002,1182.713,1258.194,1.007
"K_uu_workout[29, 45]",0.026,0.03,0.002,0.081,0.001,0.002,1200.206,1310.578,1.007
"K_uu_workout[29, 46]",0.026,0.029,0.002,0.081,0.001,0.002,1217.367,1311.016,1.007
"K_uu_workout[29, 47]",0.026,0.029,0.001,0.08,0.001,0.002,1234.77,1311.016,1.006
"K_uu_workout[29, 48]",0.026,0.029,0.001,0.08,0.001,0.002,1254.146,1310.687,1.006
"K_uu_workout[29, 49]",0.026,0.029,0.002,0.08,0.001,0.002,1276.584,1347.254,1.006
"K_uu_workout[30, 0]",0.023,0.028,0.001,0.074,0.001,0.002,1370.35,1328.922,1.006
"K_uu_workout[30, 1]",0.023,0.028,0.0,0.074,0.001,0.002,1364.622,1329.035,1.006
"K_uu_workout[30, 2]",0.024,0.028,0.0,0.074,0.001,0.002,1359.807,1347.006,1.006
"K_uu_workout[30, 3]",0.024,0.028,0.001,0.076,0.001,0.002,1354.359,1365.667,1.006
"K_uu_workout[30, 4]",0.024,0.028,0.001,0.076,0.001,0.002,1347.774,1345.46,1.006
"K_uu_workout[30, 5]",0.024,0.028,0.001,0.077,0.001,0.002,1339.62,1365.269,1.006
"K_uu_workout[30, 6]",0.025,0.028,0.001,0.078,0.001,0.002,1332.041,1385.158,1.006
"K_uu_workout[30, 7]",0.025,0.029,0.002,0.079,0.001,0.002,1324.69,1367.28,1.006
"K_uu_workout[30, 8]",0.025,0.029,0.002,0.079,0.001,0.002,1315.63,1347.838,1.006
"K_uu_workout[30, 9]",0.025,0.029,0.002,0.079,0.001,0.002,1298.171,1348.13,1.006
"K_uu_workout[30, 10]",0.026,0.029,0.002,0.08,0.001,0.002,1276.584,1347.254,1.006
"K_uu_workout[30, 11]",0.026,0.029,0.001,0.08,0.001,0.002,1254.146,1310.687,1.006
"K_uu_workout[30, 12]",0.026,0.029,0.001,0.08,0.001,0.002,1234.77,1311.016,1.006
"K_uu_workout[30, 13]",0.026,0.029,0.002,0.081,0.001,0.002,1217.367,1311.016,1.007
"K_uu_workout[30, 14]",0.026,0.03,0.002,0.081,0.001,0.002,1200.206,1310.578,1.007
"K_uu_workout[30, 15]",0.027,0.03,0.002,0.082,0.001,0.002,1182.713,1258.194,1.007
"K_uu_workout[30, 16]",0.027,0.03,0.002,0.082,0.001,0.002,1170.989,1258.443,1.007
"K_uu_workout[30, 17]",0.027,0.03,0.002,0.082,0.001,0.002,1156.133,1225.761,1.007
"K_uu_workout[30, 18]",0.027,0.03,0.002,0.082,0.001,0.002,1143.683,1275.063,1.007
"K_uu_workout[30, 19]",0.027,0.03,0.002,0.083,0.001,0.002,1130.921,1275.063,1.007
"K_uu_workout[30, 20]",0.027,0.03,0.002,0.083,0.001,0.002,1121.698,1257.596,1.007
"K_uu_workout[30, 21]",0.027,0.03,0.002,0.083,0.001,0.002,1113.72,1257.596,1.007
"K_uu_workout[30, 22]",0.028,0.03,0.003,0.084,0.001,0.002,1109.222,1209.434,1.007
"K_uu_workout[30, 23]",0.028,0.03,0.002,0.084,0.001,0.002,1103.272,1240.654,1.007
"K_uu_workout[30, 24]",0.028,0.03,0.002,0.084,0.001,0.002,1098.769,1224.635,1.007
"K_uu_workout[30, 25]",0.028,0.031,0.002,0.084,0.001,0.002,1094.216,1225.197,1.007
"K_uu_workout[30, 26]",0.028,0.031,0.002,0.084,0.001,0.002,1090.693,1225.197,1.007
"K_uu_workout[30, 27]",0.028,0.031,0.002,0.084,0.001,0.002,1088.662,1224.729,1.007
"K_uu_workout[30, 28]",0.028,0.031,0.003,0.085,0.001,0.002,1087.047,1224.729,1.007
"K_uu_workout[30, 29]",0.028,0.031,0.002,0.084,0.001,0.002,1086.135,1224.729,1.007
"K_uu_workout[30, 30]",0.028,0.031,0.002,0.084,0.001,0.002,1085.794,1224.729,1.007
"K_uu_workout[30, 31]",0.028,0.031,0.002,0.084,0.001,0.002,1086.135,1224.729,1.007
"K_uu_workout[30, 32]",0.028,0.031,0.003,0.085,0.001,0.002,1087.047,1224.729,1.007
"K_uu_workout[30, 33]",0.028,0.031,0.002,0.084,0.001,0.002,1088.662,1224.729,1.007
"K_uu_workout[30, 34]",0.028,0.031,0.002,0.084,0.001,0.002,1090.693,1225.197,1.007
"K_uu_workout[30, 35]",0.028,0.031,0.002,0.084,0.001,0.002,1094.216,1225.197,1.007
"K_uu_workout[30, 36]",0.028,0.03,0.002,0.084,0.001,0.002,1098.769,1224.635,1.007
"K_uu_workout[30, 37]",0.028,0.03,0.002,0.084,0.001,0.002,1103.272,1240.654,1.007
"K_uu_workout[30, 38]",0.028,0.03,0.003,0.084,0.001,0.002,1109.222,1209.434,1.007
"K_uu_workout[30, 39]",0.027,0.03,0.002,0.083,0.001,0.002,1113.72,1257.596,1.007
"K_uu_workout[30, 40]",0.027,0.03,0.002,0.083,0.001,0.002,1121.698,1257.596,1.007
"K_uu_workout[30, 41]",0.027,0.03,0.002,0.083,0.001,0.002,1130.921,1275.063,1.007
"K_uu_workout[30, 42]",0.027,0.03,0.002,0.082,0.001,0.002,1143.683,1275.063,1.007
"K_uu_workout[30, 43]",0.027,0.03,0.002,0.082,0.001,0.002,1156.133,1225.761,1.007
"K_uu_workout[30, 44]",0.027,0.03,0.002,0.082,0.001,0.002,1170.989,1258.443,1.007
"K_uu_workout[30, 45]",0.027,0.03,0.002,0.082,0.001,0.002,1182.713,1258.194,1.007
"K_uu_workout[30, 46]",0.026,0.03,0.002,0.081,0.001,0.002,1200.206,1310.578,1.007
"K_uu_workout[30, 47]",0.026,0.029,0.002,0.081,0.001,0.002,1217.367,1311.016,1.007
"K_uu_workout[30, 48]",0.026,0.029,0.001,0.08,0.001,0.002,1234.77,1311.016,1.006
"K_uu_workout[30, 49]",0.026,0.029,0.001,0.08,0.001,0.002,1254.146,1310.687,1.006
"K_uu_workout[31, 0]",0.023,0.027,0.001,0.073,0.001,0.002,1372.656,1366.769,1.006
"K_uu_workout[31, 1]",0.023,0.028,0.001,0.074,0.001,0.002,1370.35,1328.922,1.006
"K_uu_workout[31, 2]",0.023,0.028,0.0,0.074,0.001,0.002,1364.622,1329.035,1.006
"K_uu_workout[31, 3]",0.024,0.028,0.0,0.074,0.001,0.002,1359.807,1347.006,1.006
"K_uu_workout[31, 4]",0.024,0.028,0.001,0.076,0.001,0.002,1354.359,1365.667,1.006
"K_uu_workout[31, 5]",0.024,0.028,0.001,0.076,0.001,0.002,1347.774,1345.46,1.006
"K_uu_workout[31, 6]",0.024,0.028,0.001,0.077,0.001,0.002,1339.62,1365.269,1.006
"K_uu_workout[31, 7]",0.025,0.028,0.001,0.078,0.001,0.002,1332.041,1385.158,1.006
"K_uu_workout[31, 8]",0.025,0.029,0.002,0.079,0.001,0.002,1324.69,1367.28,1.006
"K_uu_workout[31, 9]",0.025,0.029,0.002,0.079,0.001,0.002,1315.63,1347.838,1.006
"K_uu_workout[31, 10]",0.025,0.029,0.002,0.079,0.001,0.002,1298.171,1348.13,1.006
"K_uu_workout[31, 11]",0.026,0.029,0.002,0.08,0.001,0.002,1276.584,1347.254,1.006
"K_uu_workout[31, 12]",0.026,0.029,0.001,0.08,0.001,0.002,1254.146,1310.687,1.006
"K_uu_workout[31, 13]",0.026,0.029,0.001,0.08,0.001,0.002,1234.77,1311.016,1.006
"K_uu_workout[31, 14]",0.026,0.029,0.002,0.081,0.001,0.002,1217.367,1311.016,1.007
"K_uu_workout[31, 15]",0.026,0.03,0.002,0.081,0.001,0.002,1200.206,1310.578,1.007
"K_uu_workout[31, 16]",0.027,0.03,0.002,0.082,0.001,0.002,1182.713,1258.194,1.007
"K_uu_workout[31, 17]",0.027,0.03,0.002,0.082,0.001,0.002,1170.989,1258.443,1.007
"K_uu_workout[31, 18]",0.027,0.03,0.002,0.082,0.001,0.002,1156.133,1225.761,1.007
"K_uu_workout[31, 19]",0.027,0.03,0.002,0.082,0.001,0.002,1143.683,1275.063,1.007
"K_uu_workout[31, 20]",0.027,0.03,0.002,0.083,0.001,0.002,1130.921,1275.063,1.007
"K_uu_workout[31, 21]",0.027,0.03,0.002,0.083,0.001,0.002,1121.698,1257.596,1.007
"K_uu_workout[31, 22]",0.027,0.03,0.002,0.083,0.001,0.002,1113.72,1257.596,1.007
"K_uu_workout[31, 23]",0.028,0.03,0.003,0.084,0.001,0.002,1109.222,1209.434,1.007
"K_uu_workout[31, 24]",0.028,0.03,0.002,0.084,0.001,0.002,1103.272,1240.654,1.007
"K_uu_workout[31, 25]",0.028,0.03,0.002,0.084,0.001,0.002,1098.769,1224.635,1.007
"K_uu_workout[31, 26]",0.028,0.031,0.002,0.084,0.001,0.002,1094.216,1225.197,1.007
"K_uu_workout[31, 27]",0.028,0.031,0.002,0.084,0.001,0.002,1090.693,1225.197,1.007
"K_uu_workout[31, 28]",0.028,0.031,0.002,0.084,0.001,0.002,1088.662,1224.729,1.007
"K_uu_workout[31, 29]",0.028,0.031,0.003,0.085,0.001,0.002,1087.047,1224.729,1.007
"K_uu_workout[31, 30]",0.028,0.031,0.002,0.084,0.001,0.002,1086.135,1224.729,1.007
"K_uu_workout[31, 31]",0.028,0.031,0.002,0.084,0.001,0.002,1085.794,1224.729,1.007
"K_uu_workout[31, 32]",0.028,0.031,0.002,0.084,0.001,0.002,1086.135,1224.729,1.007
"K_uu_workout[31, 33]",0.028,0.031,0.003,0.085,0.001,0.002,1087.047,1224.729,1.007
"K_uu_workout[31, 34]",0.028,0.031,0.002,0.084,0.001,0.002,1088.662,1224.729,1.007
"K_uu_workout[31, 35]",0.028,0.031,0.002,0.084,0.001,0.002,1090.693,1225.197,1.007
"K_uu_workout[31, 36]",0.028,0.031,0.002,0.084,0.001,0.002,1094.216,1225.197,1.007
"K_uu_workout[31, 37]",0.028,0.03,0.002,0.084,0.001,0.002,1098.769,1224.635,1.007
"K_uu_workout[31, 38]",0.028,0.03,0.002,0.084,0.001,0.002,1103.272,1240.654,1.007
"K_uu_workout[31, 39]",0.028,0.03,0.003,0.084,0.001,0.002,1109.222,1209.434,1.007
"K_uu_workout[31, 40]",0.027,0.03,0.002,0.083,0.001,0.002,1113.72,1257.596,1.007
"K_uu_workout[31, 41]",0.027,0.03,0.002,0.083,0.001,0.002,1121.698,1257.596,1.007
"K_uu_workout[31, 42]",0.027,0.03,0.002,0.083,0.001,0.002,1130.921,1275.063,1.007
"K_uu_workout[31, 43]",0.027,0.03,0.002,0.082,0.001,0.002,1143.683,1275.063,1.007
"K_uu_workout[31, 44]",0.027,0.03,0.002,0.082,0.001,0.002,1156.133,1225.761,1.007
"K_uu_workout[31, 45]",0.027,0.03,0.002,0.082,0.001,0.002,1170.989,1258.443,1.007
"K_uu_workout[31, 46]",0.027,0.03,0.002,0.082,0.001,0.002,1182.713,1258.194,1.007
"K_uu_workout[31, 47]",0.026,0.03,0.002,0.081,0.001,0.002,1200.206,1310.578,1.007
"K_uu_workout[31, 48]",0.026,0.029,0.002,0.081,0.001,0.002,1217.367,1311.016,1.007
"K_uu_workout[31, 49]",0.026,0.029,0.001,0.08,0.001,0.002,1234.77,1311.016,1.006
"K_uu_workout[32, 0]",0.023,0.027,0.001,0.073,0.001,0.002,1376.786,1366.055,1.005
"K_uu_workout[32, 1]",0.023,0.027,0.001,0.073,0.001,0.002,1372.656,1366.769,1.006
"K_uu_workout[32, 2]",0.023,0.028,0.001,0.074,0.001,0.002,1370.35,1328.922,1.006
"K_uu_workout[32, 3]",0.023,0.028,0.0,0.074,0.001,0.002,1364.622,1329.035,1.006
"K_uu_workout[32, 4]",0.024,0.028,0.0,0.074,0.001,0.002,1359.807,1347.006,1.006
"K_uu_workout[32, 5]",0.024,0.028,0.001,0.076,0.001,0.002,1354.359,1365.667,1.006
"K_uu_workout[32, 6]",0.024,0.028,0.001,0.076,0.001,0.002,1347.774,1345.46,1.006
"K_uu_workout[32, 7]",0.024,0.028,0.001,0.077,0.001,0.002,1339.62,1365.269,1.006
"K_uu_workout[32, 8]",0.025,0.028,0.001,0.078,0.001,0.002,1332.041,1385.158,1.006
"K_uu_workout[32, 9]",0.025,0.029,0.002,0.079,0.001,0.002,1324.69,1367.28,1.006
"K_uu_workout[32, 10]",0.025,0.029,0.002,0.079,0.001,0.002,1315.63,1347.838,1.006
"K_uu_workout[32, 11]",0.025,0.029,0.002,0.079,0.001,0.002,1298.171,1348.13,1.006
"K_uu_workout[32, 12]",0.026,0.029,0.002,0.08,0.001,0.002,1276.584,1347.254,1.006
"K_uu_workout[32, 13]",0.026,0.029,0.001,0.08,0.001,0.002,1254.146,1310.687,1.006
"K_uu_workout[32, 14]",0.026,0.029,0.001,0.08,0.001,0.002,1234.77,1311.016,1.006
"K_uu_workout[32, 15]",0.026,0.029,0.002,0.081,0.001,0.002,1217.367,1311.016,1.007
"K_uu_workout[32, 16]",0.026,0.03,0.002,0.081,0.001,0.002,1200.206,1310.578,1.007
"K_uu_workout[32, 17]",0.027,0.03,0.002,0.082,0.001,0.002,1182.713,1258.194,1.007
"K_uu_workout[32, 18]",0.027,0.03,0.002,0.082,0.001,0.002,1170.989,1258.443,1.007
"K_uu_workout[32, 19]",0.027,0.03,0.002,0.082,0.001,0.002,1156.133,1225.761,1.007
"K_uu_workout[32, 20]",0.027,0.03,0.002,0.082,0.001,0.002,1143.683,1275.063,1.007
"K_uu_workout[32, 21]",0.027,0.03,0.002,0.083,0.001,0.002,1130.921,1275.063,1.007
"K_uu_workout[32, 22]",0.027,0.03,0.002,0.083,0.001,0.002,1121.698,1257.596,1.007
"K_uu_workout[32, 23]",0.027,0.03,0.002,0.083,0.001,0.002,1113.72,1257.596,1.007
"K_uu_workout[32, 24]",0.028,0.03,0.003,0.084,0.001,0.002,1109.222,1209.434,1.007
"K_uu_workout[32, 25]",0.028,0.03,0.002,0.084,0.001,0.002,1103.272,1240.654,1.007
"K_uu_workout[32, 26]",0.028,0.03,0.002,0.084,0.001,0.002,1098.769,1224.635,1.007
"K_uu_workout[32, 27]",0.028,0.031,0.002,0.084,0.001,0.002,1094.216,1225.197,1.007
"K_uu_workout[32, 28]",0.028,0.031,0.002,0.084,0.001,0.002,1090.693,1225.197,1.007
"K_uu_workout[32, 29]",0.028,0.031,0.002,0.084,0.001,0.002,1088.662,1224.729,1.007
"K_uu_workout[32, 30]",0.028,0.031,0.003,0.085,0.001,0.002,1087.047,1224.729,1.007
"K_uu_workout[32, 31]",0.028,0.031,0.002,0.084,0.001,0.002,1086.135,1224.729,1.007
"K_uu_workout[32, 32]",0.028,0.031,0.002,0.084,0.001,0.002,1085.794,1224.729,1.007
"K_uu_workout[32, 33]",0.028,0.031,0.002,0.084,0.001,0.002,1086.135,1224.729,1.007
"K_uu_workout[32, 34]",0.028,0.031,0.003,0.085,0.001,0.002,1087.047,1224.729,1.007
"K_uu_workout[32, 35]",0.028,0.031,0.002,0.084,0.001,0.002,1088.662,1224.729,1.007
"K_uu_workout[32, 36]",0.028,0.031,0.002,0.084,0.001,0.002,1090.693,1225.197,1.007
"K_uu_workout[32, 37]",0.028,0.031,0.002,0.084,0.001,0.002,1094.216,1225.197,1.007
"K_uu_workout[32, 38]",0.028,0.03,0.002,0.084,0.001,0.002,1098.769,1224.635,1.007
"K_uu_workout[32, 39]",0.028,0.03,0.002,0.084,0.001,0.002,1103.272,1240.654,1.007
"K_uu_workout[32, 40]",0.028,0.03,0.003,0.084,0.001,0.002,1109.222,1209.434,1.007
"K_uu_workout[32, 41]",0.027,0.03,0.002,0.083,0.001,0.002,1113.72,1257.596,1.007
"K_uu_workout[32, 42]",0.027,0.03,0.002,0.083,0.001,0.002,1121.698,1257.596,1.007
"K_uu_workout[32, 43]",0.027,0.03,0.002,0.083,0.001,0.002,1130.921,1275.063,1.007
"K_uu_workout[32, 44]",0.027,0.03,0.002,0.082,0.001,0.002,1143.683,1275.063,1.007
"K_uu_workout[32, 45]",0.027,0.03,0.002,0.082,0.001,0.002,1156.133,1225.761,1.007
"K_uu_workout[32, 46]",0.027,0.03,0.002,0.082,0.001,0.002,1170.989,1258.443,1.007
"K_uu_workout[32, 47]",0.027,0.03,0.002,0.082,0.001,0.002,1182.713,1258.194,1.007
"K_uu_workout[32, 48]",0.026,0.03,0.002,0.081,0.001,0.002,1200.206,1310.578,1.007
"K_uu_workout[32, 49]",0.026,0.029,0.002,0.081,0.001,0.002,1217.367,1311.016,1.007
"K_uu_workout[33, 0]",0.022,0.027,0.001,0.073,0.001,0.002,1378.194,1386.747,1.005
"K_uu_workout[33, 1]",0.023,0.027,0.001,0.073,0.001,0.002,1376.786,1366.055,1.005
"K_uu_workout[33, 2]",0.023,0.027,0.001,0.073,0.001,0.002,1372.656,1366.769,1.006
"K_uu_workout[33, 3]",0.023,0.028,0.001,0.074,0.001,0.002,1370.35,1328.922,1.006
"K_uu_workout[33, 4]",0.023,0.028,0.0,0.074,0.001,0.002,1364.622,1329.035,1.006
"K_uu_workout[33, 5]",0.024,0.028,0.0,0.074,0.001,0.002,1359.807,1347.006,1.006
"K_uu_workout[33, 6]",0.024,0.028,0.001,0.076,0.001,0.002,1354.359,1365.667,1.006
"K_uu_workout[33, 7]",0.024,0.028,0.001,0.076,0.001,0.002,1347.774,1345.46,1.006
"K_uu_workout[33, 8]",0.024,0.028,0.001,0.077,0.001,0.002,1339.62,1365.269,1.006
"K_uu_workout[33, 9]",0.025,0.028,0.001,0.078,0.001,0.002,1332.041,1385.158,1.006
"K_uu_workout[33, 10]",0.025,0.029,0.002,0.079,0.001,0.002,1324.69,1367.28,1.006
"K_uu_workout[33, 11]",0.025,0.029,0.002,0.079,0.001,0.002,1315.63,1347.838,1.006
"K_uu_workout[33, 12]",0.025,0.029,0.002,0.079,0.001,0.002,1298.171,1348.13,1.006
"K_uu_workout[33, 13]",0.026,0.029,0.002,0.08,0.001,0.002,1276.584,1347.254,1.006
"K_uu_workout[33, 14]",0.026,0.029,0.001,0.08,0.001,0.002,1254.146,1310.687,1.006
"K_uu_workout[33, 15]",0.026,0.029,0.001,0.08,0.001,0.002,1234.77,1311.016,1.006
"K_uu_workout[33, 16]",0.026,0.029,0.002,0.081,0.001,0.002,1217.367,1311.016,1.007
"K_uu_workout[33, 17]",0.026,0.03,0.002,0.081,0.001,0.002,1200.206,1310.578,1.007
"K_uu_workout[33, 18]",0.027,0.03,0.002,0.082,0.001,0.002,1182.713,1258.194,1.007
"K_uu_workout[33, 19]",0.027,0.03,0.002,0.082,0.001,0.002,1170.989,1258.443,1.007
"K_uu_workout[33, 20]",0.027,0.03,0.002,0.082,0.001,0.002,1156.133,1225.761,1.007
"K_uu_workout[33, 21]",0.027,0.03,0.002,0.082,0.001,0.002,1143.683,1275.063,1.007
"K_uu_workout[33, 22]",0.027,0.03,0.002,0.083,0.001,0.002,1130.921,1275.063,1.007
"K_uu_workout[33, 23]",0.027,0.03,0.002,0.083,0.001,0.002,1121.698,1257.596,1.007
"K_uu_workout[33, 24]",0.027,0.03,0.002,0.083,0.001,0.002,1113.72,1257.596,1.007
"K_uu_workout[33, 25]",0.028,0.03,0.003,0.084,0.001,0.002,1109.222,1209.434,1.007
"K_uu_workout[33, 26]",0.028,0.03,0.002,0.084,0.001,0.002,1103.272,1240.654,1.007
"K_uu_workout[33, 27]",0.028,0.03,0.002,0.084,0.001,0.002,1098.769,1224.635,1.007
"K_uu_workout[33, 28]",0.028,0.031,0.002,0.084,0.001,0.002,1094.216,1225.197,1.007
"K_uu_workout[33, 29]",0.028,0.031,0.002,0.084,0.001,0.002,1090.693,1225.197,1.007
"K_uu_workout[33, 30]",0.028,0.031,0.002,0.084,0.001,0.002,1088.662,1224.729,1.007
"K_uu_workout[33, 31]",0.028,0.031,0.003,0.085,0.001,0.002,1087.047,1224.729,1.007
"K_uu_workout[33, 32]",0.028,0.031,0.002,0.084,0.001,0.002,1086.135,1224.729,1.007
"K_uu_workout[33, 33]",0.028,0.031,0.002,0.084,0.001,0.002,1085.794,1224.729,1.007
"K_uu_workout[33, 34]",0.028,0.031,0.002,0.084,0.001,0.002,1086.135,1224.729,1.007
"K_uu_workout[33, 35]",0.028,0.031,0.003,0.085,0.001,0.002,1087.047,1224.729,1.007
"K_uu_workout[33, 36]",0.028,0.031,0.002,0.084,0.001,0.002,1088.662,1224.729,1.007
"K_uu_workout[33, 37]",0.028,0.031,0.002,0.084,0.001,0.002,1090.693,1225.197,1.007
"K_uu_workout[33, 38]",0.028,0.031,0.002,0.084,0.001,0.002,1094.216,1225.197,1.007
"K_uu_workout[33, 39]",0.028,0.03,0.002,0.084,0.001,0.002,1098.769,1224.635,1.007
"K_uu_workout[33, 40]",0.028,0.03,0.002,0.084,0.001,0.002,1103.272,1240.654,1.007
"K_uu_workout[33, 41]",0.028,0.03,0.003,0.084,0.001,0.002,1109.222,1209.434,1.007
"K_uu_workout[33, 42]",0.027,0.03,0.002,0.083,0.001,0.002,1113.72,1257.596,1.007
"K_uu_workout[33, 43]",0.027,0.03,0.002,0.083,0.001,0.002,1121.698,1257.596,1.007
"K_uu_workout[33, 44]",0.027,0.03,0.002,0.083,0.001,0.002,1130.921,1275.063,1.007
"K_uu_workout[33, 45]",0.027,0.03,0.002,0.082,0.001,0.002,1143.683,1275.063,1.007
"K_uu_workout[33, 46]",0.027,0.03,0.002,0.082,0.001,0.002,1156.133,1225.761,1.007
"K_uu_workout[33, 47]",0.027,0.03,0.002,0.082,0.001,0.002,1170.989,1258.443,1.007
"K_uu_workout[33, 48]",0.027,0.03,0.002,0.082,0.001,0.002,1182.713,1258.194,1.007
"K_uu_workout[33, 49]",0.026,0.03,0.002,0.081,0.001,0.002,1200.206,1310.578,1.007
"K_uu_workout[34, 0]",0.022,0.027,0.001,0.072,0.001,0.002,1380.659,1386.728,1.005
"K_uu_workout[34, 1]",0.022,0.027,0.001,0.073,0.001,0.002,1378.194,1386.747,1.005
"K_uu_workout[34, 2]",0.023,0.027,0.001,0.073,0.001,0.002,1376.786,1366.055,1.005
"K_uu_workout[34, 3]",0.023,0.027,0.001,0.073,0.001,0.002,1372.656,1366.769,1.006
"K_uu_workout[34, 4]",0.023,0.028,0.001,0.074,0.001,0.002,1370.35,1328.922,1.006
"K_uu_workout[34, 5]",0.023,0.028,0.0,0.074,0.001,0.002,1364.622,1329.035,1.006
"K_uu_workout[34, 6]",0.024,0.028,0.0,0.074,0.001,0.002,1359.807,1347.006,1.006
"K_uu_workout[34, 7]",0.024,0.028,0.001,0.076,0.001,0.002,1354.359,1365.667,1.006
"K_uu_workout[34, 8]",0.024,0.028,0.001,0.076,0.001,0.002,1347.774,1345.46,1.006
"K_uu_workout[34, 9]",0.024,0.028,0.001,0.077,0.001,0.002,1339.62,1365.269,1.006
"K_uu_workout[34, 10]",0.025,0.028,0.001,0.078,0.001,0.002,1332.041,1385.158,1.006
"K_uu_workout[34, 11]",0.025,0.029,0.002,0.079,0.001,0.002,1324.69,1367.28,1.006
"K_uu_workout[34, 12]",0.025,0.029,0.002,0.079,0.001,0.002,1315.63,1347.838,1.006
"K_uu_workout[34, 13]",0.025,0.029,0.002,0.079,0.001,0.002,1298.171,1348.13,1.006
"K_uu_workout[34, 14]",0.026,0.029,0.002,0.08,0.001,0.002,1276.584,1347.254,1.006
"K_uu_workout[34, 15]",0.026,0.029,0.001,0.08,0.001,0.002,1254.146,1310.687,1.006
"K_uu_workout[34, 16]",0.026,0.029,0.001,0.08,0.001,0.002,1234.77,1311.016,1.006
"K_uu_workout[34, 17]",0.026,0.029,0.002,0.081,0.001,0.002,1217.367,1311.016,1.007
"K_uu_workout[34, 18]",0.026,0.03,0.002,0.081,0.001,0.002,1200.206,1310.578,1.007
"K_uu_workout[34, 19]",0.027,0.03,0.002,0.082,0.001,0.002,1182.713,1258.194,1.007
"K_uu_workout[34, 20]",0.027,0.03,0.002,0.082,0.001,0.002,1170.989,1258.443,1.007
"K_uu_workout[34, 21]",0.027,0.03,0.002,0.082,0.001,0.002,1156.133,1225.761,1.007
"K_uu_workout[34, 22]",0.027,0.03,0.002,0.082,0.001,0.002,1143.683,1275.063,1.007
"K_uu_workout[34, 23]",0.027,0.03,0.002,0.083,0.001,0.002,1130.921,1275.063,1.007
"K_uu_workout[34, 24]",0.027,0.03,0.002,0.083,0.001,0.002,1121.698,1257.596,1.007
"K_uu_workout[34, 25]",0.027,0.03,0.002,0.083,0.001,0.002,1113.72,1257.596,1.007
"K_uu_workout[34, 26]",0.028,0.03,0.003,0.084,0.001,0.002,1109.222,1209.434,1.007
"K_uu_workout[34, 27]",0.028,0.03,0.002,0.084,0.001,0.002,1103.272,1240.654,1.007
"K_uu_workout[34, 28]",0.028,0.03,0.002,0.084,0.001,0.002,1098.769,1224.635,1.007
"K_uu_workout[34, 29]",0.028,0.031,0.002,0.084,0.001,0.002,1094.216,1225.197,1.007
"K_uu_workout[34, 30]",0.028,0.031,0.002,0.084,0.001,0.002,1090.693,1225.197,1.007
"K_uu_workout[34, 31]",0.028,0.031,0.002,0.084,0.001,0.002,1088.662,1224.729,1.007
"K_uu_workout[34, 32]",0.028,0.031,0.003,0.085,0.001,0.002,1087.047,1224.729,1.007
"K_uu_workout[34, 33]",0.028,0.031,0.002,0.084,0.001,0.002,1086.135,1224.729,1.007
"K_uu_workout[34, 34]",0.028,0.031,0.002,0.084,0.001,0.002,1085.794,1224.729,1.007
"K_uu_workout[34, 35]",0.028,0.031,0.002,0.084,0.001,0.002,1086.135,1224.729,1.007
"K_uu_workout[34, 36]",0.028,0.031,0.003,0.085,0.001,0.002,1087.047,1224.729,1.007
"K_uu_workout[34, 37]",0.028,0.031,0.002,0.084,0.001,0.002,1088.662,1224.729,1.007
"K_uu_workout[34, 38]",0.028,0.031,0.002,0.084,0.001,0.002,1090.693,1225.197,1.007
"K_uu_workout[34, 39]",0.028,0.031,0.002,0.084,0.001,0.002,1094.216,1225.197,1.007
"K_uu_workout[34, 40]",0.028,0.03,0.002,0.084,0.001,0.002,1098.769,1224.635,1.007
"K_uu_workout[34, 41]",0.028,0.03,0.002,0.084,0.001,0.002,1103.272,1240.654,1.007
"K_uu_workout[34, 42]",0.028,0.03,0.003,0.084,0.001,0.002,1109.222,1209.434,1.007
"K_uu_workout[34, 43]",0.027,0.03,0.002,0.083,0.001,0.002,1113.72,1257.596,1.007
"K_uu_workout[34, 44]",0.027,0.03,0.002,0.083,0.001,0.002,1121.698,1257.596,1.007
"K_uu_workout[34, 45]",0.027,0.03,0.002,0.083,0.001,0.002,1130.921,1275.063,1.007
"K_uu_workout[34, 46]",0.027,0.03,0.002,0.082,0.001,0.002,1143.683,1275.063,1.007
"K_uu_workout[34, 47]",0.027,0.03,0.002,0.082,0.001,0.002,1156.133,1225.761,1.007
"K_uu_workout[34, 48]",0.027,0.03,0.002,0.082,0.001,0.002,1170.989,1258.443,1.007
"K_uu_workout[34, 49]",0.027,0.03,0.002,0.082,0.001,0.002,1182.713,1258.194,1.007
"K_uu_workout[35, 0]",0.022,0.027,0.0,0.071,0.001,0.002,1381.467,1366.941,1.005
"K_uu_workout[35, 1]",0.022,0.027,0.001,0.072,0.001,0.002,1380.659,1386.728,1.005
"K_uu_workout[35, 2]",0.022,0.027,0.001,0.073,0.001,0.002,1378.194,1386.747,1.005
"K_uu_workout[35, 3]",0.023,0.027,0.001,0.073,0.001,0.002,1376.786,1366.055,1.005
"K_uu_workout[35, 4]",0.023,0.027,0.001,0.073,0.001,0.002,1372.656,1366.769,1.006
"K_uu_workout[35, 5]",0.023,0.028,0.001,0.074,0.001,0.002,1370.35,1328.922,1.006
"K_uu_workout[35, 6]",0.023,0.028,0.0,0.074,0.001,0.002,1364.622,1329.035,1.006
"K_uu_workout[35, 7]",0.024,0.028,0.0,0.074,0.001,0.002,1359.807,1347.006,1.006
"K_uu_workout[35, 8]",0.024,0.028,0.001,0.076,0.001,0.002,1354.359,1365.667,1.006
"K_uu_workout[35, 9]",0.024,0.028,0.001,0.076,0.001,0.002,1347.774,1345.46,1.006
"K_uu_workout[35, 10]",0.024,0.028,0.001,0.077,0.001,0.002,1339.62,1365.269,1.006
"K_uu_workout[35, 11]",0.025,0.028,0.001,0.078,0.001,0.002,1332.041,1385.158,1.006
"K_uu_workout[35, 12]",0.025,0.029,0.002,0.079,0.001,0.002,1324.69,1367.28,1.006
"K_uu_workout[35, 13]",0.025,0.029,0.002,0.079,0.001,0.002,1315.63,1347.838,1.006
"K_uu_workout[35, 14]",0.025,0.029,0.002,0.079,0.001,0.002,1298.171,1348.13,1.006
"K_uu_workout[35, 15]",0.026,0.029,0.002,0.08,0.001,0.002,1276.584,1347.254,1.006
"K_uu_workout[35, 16]",0.026,0.029,0.001,0.08,0.001,0.002,1254.146,1310.687,1.006
"K_uu_workout[35, 17]",0.026,0.029,0.001,0.08,0.001,0.002,1234.77,1311.016,1.006
"K_uu_workout[35, 18]",0.026,0.029,0.002,0.081,0.001,0.002,1217.367,1311.016,1.007
"K_uu_workout[35, 19]",0.026,0.03,0.002,0.081,0.001,0.002,1200.206,1310.578,1.007
"K_uu_workout[35, 20]",0.027,0.03,0.002,0.082,0.001,0.002,1182.713,1258.194,1.007
"K_uu_workout[35, 21]",0.027,0.03,0.002,0.082,0.001,0.002,1170.989,1258.443,1.007
"K_uu_workout[35, 22]",0.027,0.03,0.002,0.082,0.001,0.002,1156.133,1225.761,1.007
"K_uu_workout[35, 23]",0.027,0.03,0.002,0.082,0.001,0.002,1143.683,1275.063,1.007
"K_uu_workout[35, 24]",0.027,0.03,0.002,0.083,0.001,0.002,1130.921,1275.063,1.007
"K_uu_workout[35, 25]",0.027,0.03,0.002,0.083,0.001,0.002,1121.698,1257.596,1.007
"K_uu_workout[35, 26]",0.027,0.03,0.002,0.083,0.001,0.002,1113.72,1257.596,1.007
"K_uu_workout[35, 27]",0.028,0.03,0.003,0.084,0.001,0.002,1109.222,1209.434,1.007
"K_uu_workout[35, 28]",0.028,0.03,0.002,0.084,0.001,0.002,1103.272,1240.654,1.007
"K_uu_workout[35, 29]",0.028,0.03,0.002,0.084,0.001,0.002,1098.769,1224.635,1.007
"K_uu_workout[35, 30]",0.028,0.031,0.002,0.084,0.001,0.002,1094.216,1225.197,1.007
"K_uu_workout[35, 31]",0.028,0.031,0.002,0.084,0.001,0.002,1090.693,1225.197,1.007
"K_uu_workout[35, 32]",0.028,0.031,0.002,0.084,0.001,0.002,1088.662,1224.729,1.007
"K_uu_workout[35, 33]",0.028,0.031,0.003,0.085,0.001,0.002,1087.047,1224.729,1.007
"K_uu_workout[35, 34]",0.028,0.031,0.002,0.084,0.001,0.002,1086.135,1224.729,1.007
"K_uu_workout[35, 35]",0.028,0.031,0.002,0.084,0.001,0.002,1085.794,1224.729,1.007
"K_uu_workout[35, 36]",0.028,0.031,0.002,0.084,0.001,0.002,1086.135,1224.729,1.007
"K_uu_workout[35, 37]",0.028,0.031,0.003,0.085,0.001,0.002,1087.047,1224.729,1.007
"K_uu_workout[35, 38]",0.028,0.031,0.002,0.084,0.001,0.002,1088.662,1224.729,1.007
"K_uu_workout[35, 39]",0.028,0.031,0.002,0.084,0.001,0.002,1090.693,1225.197,1.007
"K_uu_workout[35, 40]",0.028,0.031,0.002,0.084,0.001,0.002,1094.216,1225.197,1.007
"K_uu_workout[35, 41]",0.028,0.03,0.002,0.084,0.001,0.002,1098.769,1224.635,1.007
"K_uu_workout[35, 42]",0.028,0.03,0.002,0.084,0.001,0.002,1103.272,1240.654,1.007
"K_uu_workout[35, 43]",0.028,0.03,0.003,0.084,0.001,0.002,1109.222,1209.434,1.007
"K_uu_workout[35, 44]",0.027,0.03,0.002,0.083,0.001,0.002,1113.72,1257.596,1.007
"K_uu_workout[35, 45]",0.027,0.03,0.002,0.083,0.001,0.002,1121.698,1257.596,1.007
"K_uu_workout[35, 46]",0.027,0.03,0.002,0.083,0.001,0.002,1130.921,1275.063,1.007
"K_uu_workout[35, 47]",0.027,0.03,0.002,0.082,0.001,0.002,1143.683,1275.063,1.007
"K_uu_workout[35, 48]",0.027,0.03,0.002,0.082,0.001,0.002,1156.133,1225.761,1.007
"K_uu_workout[35, 49]",0.027,0.03,0.002,0.082,0.001,0.002,1170.989,1258.443,1.007
"K_uu_workout[36, 0]",0.022,0.026,0.0,0.071,0.001,0.002,1382.858,1348.083,1.005
"K_uu_workout[36, 1]",0.022,0.027,0.0,0.071,0.001,0.002,1381.467,1366.941,1.005
"K_uu_workout[36, 2]",0.022,0.027,0.001,0.072,0.001,0.002,1380.659,1386.728,1.005
"K_uu_workout[36, 3]",0.022,0.027,0.001,0.073,0.001,0.002,1378.194,1386.747,1.005
"K_uu_workout[36, 4]",0.023,0.027,0.001,0.073,0.001,0.002,1376.786,1366.055,1.005
"K_uu_workout[36, 5]",0.023,0.027,0.001,0.073,0.001,0.002,1372.656,1366.769,1.006
"K_uu_workout[36, 6]",0.023,0.028,0.001,0.074,0.001,0.002,1370.35,1328.922,1.006
"K_uu_workout[36, 7]",0.023,0.028,0.0,0.074,0.001,0.002,1364.622,1329.035,1.006
"K_uu_workout[36, 8]",0.024,0.028,0.0,0.074,0.001,0.002,1359.807,1347.006,1.006
"K_uu_workout[36, 9]",0.024,0.028,0.001,0.076,0.001,0.002,1354.359,1365.667,1.006
"K_uu_workout[36, 10]",0.024,0.028,0.001,0.076,0.001,0.002,1347.774,1345.46,1.006
"K_uu_workout[36, 11]",0.024,0.028,0.001,0.077,0.001,0.002,1339.62,1365.269,1.006
"K_uu_workout[36, 12]",0.025,0.028,0.001,0.078,0.001,0.002,1332.041,1385.158,1.006
"K_uu_workout[36, 13]",0.025,0.029,0.002,0.079,0.001,0.002,1324.69,1367.28,1.006
"K_uu_workout[36, 14]",0.025,0.029,0.002,0.079,0.001,0.002,1315.63,1347.838,1.006
"K_uu_workout[36, 15]",0.025,0.029,0.002,0.079,0.001,0.002,1298.171,1348.13,1.006
"K_uu_workout[36, 16]",0.026,0.029,0.002,0.08,0.001,0.002,1276.584,1347.254,1.006
"K_uu_workout[36, 17]",0.026,0.029,0.001,0.08,0.001,0.002,1254.146,1310.687,1.006
"K_uu_workout[36, 18]",0.026,0.029,0.001,0.08,0.001,0.002,1234.77,1311.016,1.006
"K_uu_workout[36, 19]",0.026,0.029,0.002,0.081,0.001,0.002,1217.367,1311.016,1.007
"K_uu_workout[36, 20]",0.026,0.03,0.002,0.081,0.001,0.002,1200.206,1310.578,1.007
"K_uu_workout[36, 21]",0.027,0.03,0.002,0.082,0.001,0.002,1182.713,1258.194,1.007
"K_uu_workout[36, 22]",0.027,0.03,0.002,0.082,0.001,0.002,1170.989,1258.443,1.007
"K_uu_workout[36, 23]",0.027,0.03,0.002,0.082,0.001,0.002,1156.133,1225.761,1.007
"K_uu_workout[36, 24]",0.027,0.03,0.002,0.082,0.001,0.002,1143.683,1275.063,1.007
"K_uu_workout[36, 25]",0.027,0.03,0.002,0.083,0.001,0.002,1130.921,1275.063,1.007
"K_uu_workout[36, 26]",0.027,0.03,0.002,0.083,0.001,0.002,1121.698,1257.596,1.007
"K_uu_workout[36, 27]",0.027,0.03,0.002,0.083,0.001,0.002,1113.72,1257.596,1.007
"K_uu_workout[36, 28]",0.028,0.03,0.003,0.084,0.001,0.002,1109.222,1209.434,1.007
"K_uu_workout[36, 29]",0.028,0.03,0.002,0.084,0.001,0.002,1103.272,1240.654,1.007
"K_uu_workout[36, 30]",0.028,0.03,0.002,0.084,0.001,0.002,1098.769,1224.635,1.007
"K_uu_workout[36, 31]",0.028,0.031,0.002,0.084,0.001,0.002,1094.216,1225.197,1.007
"K_uu_workout[36, 32]",0.028,0.031,0.002,0.084,0.001,0.002,1090.693,1225.197,1.007
"K_uu_workout[36, 33]",0.028,0.031,0.002,0.084,0.001,0.002,1088.662,1224.729,1.007
"K_uu_workout[36, 34]",0.028,0.031,0.003,0.085,0.001,0.002,1087.047,1224.729,1.007
"K_uu_workout[36, 35]",0.028,0.031,0.002,0.084,0.001,0.002,1086.135,1224.729,1.007
"K_uu_workout[36, 36]",0.028,0.031,0.002,0.084,0.001,0.002,1085.794,1224.729,1.007
"K_uu_workout[36, 37]",0.028,0.031,0.002,0.084,0.001,0.002,1086.135,1224.729,1.007
"K_uu_workout[36, 38]",0.028,0.031,0.003,0.085,0.001,0.002,1087.047,1224.729,1.007
"K_uu_workout[36, 39]",0.028,0.031,0.002,0.084,0.001,0.002,1088.662,1224.729,1.007
"K_uu_workout[36, 40]",0.028,0.031,0.002,0.084,0.001,0.002,1090.693,1225.197,1.007
"K_uu_workout[36, 41]",0.028,0.031,0.002,0.084,0.001,0.002,1094.216,1225.197,1.007
"K_uu_workout[36, 42]",0.028,0.03,0.002,0.084,0.001,0.002,1098.769,1224.635,1.007
"K_uu_workout[36, 43]",0.028,0.03,0.002,0.084,0.001,0.002,1103.272,1240.654,1.007
"K_uu_workout[36, 44]",0.028,0.03,0.003,0.084,0.001,0.002,1109.222,1209.434,1.007
"K_uu_workout[36, 45]",0.027,0.03,0.002,0.083,0.001,0.002,1113.72,1257.596,1.007
"K_uu_workout[36, 46]",0.027,0.03,0.002,0.083,0.001,0.002,1121.698,1257.596,1.007
"K_uu_workout[36, 47]",0.027,0.03,0.002,0.083,0.001,0.002,1130.921,1275.063,1.007
"K_uu_workout[36, 48]",0.027,0.03,0.002,0.082,0.001,0.002,1143.683,1275.063,1.007
"K_uu_workout[36, 49]",0.027,0.03,0.002,0.082,0.001,0.002,1156.133,1225.761,1.007
"K_uu_workout[37, 0]",0.021,0.026,0.0,0.07,0.001,0.002,1383.24,1407.32,1.005
"K_uu_workout[37, 1]",0.022,0.026,0.0,0.071,0.001,0.002,1382.858,1348.083,1.005
"K_uu_workout[37, 2]",0.022,0.027,0.0,0.071,0.001,0.002,1381.467,1366.941,1.005
"K_uu_workout[37, 3]",0.022,0.027,0.001,0.072,0.001,0.002,1380.659,1386.728,1.005
"K_uu_workout[37, 4]",0.022,0.027,0.001,0.073,0.001,0.002,1378.194,1386.747,1.005
"K_uu_workout[37, 5]",0.023,0.027,0.001,0.073,0.001,0.002,1376.786,1366.055,1.005
"K_uu_workout[37, 6]",0.023,0.027,0.001,0.073,0.001,0.002,1372.656,1366.769,1.006
"K_uu_workout[37, 7]",0.023,0.028,0.001,0.074,0.001,0.002,1370.35,1328.922,1.006
"K_uu_workout[37, 8]",0.023,0.028,0.0,0.074,0.001,0.002,1364.622,1329.035,1.006
"K_uu_workout[37, 9]",0.024,0.028,0.0,0.074,0.001,0.002,1359.807,1347.006,1.006
"K_uu_workout[37, 10]",0.024,0.028,0.001,0.076,0.001,0.002,1354.359,1365.667,1.006
"K_uu_workout[37, 11]",0.024,0.028,0.001,0.076,0.001,0.002,1347.774,1345.46,1.006
"K_uu_workout[37, 12]",0.024,0.028,0.001,0.077,0.001,0.002,1339.62,1365.269,1.006
"K_uu_workout[37, 13]",0.025,0.028,0.001,0.078,0.001,0.002,1332.041,1385.158,1.006
"K_uu_workout[37, 14]",0.025,0.029,0.002,0.079,0.001,0.002,1324.69,1367.28,1.006
"K_uu_workout[37, 15]",0.025,0.029,0.002,0.079,0.001,0.002,1315.63,1347.838,1.006
"K_uu_workout[37, 16]",0.025,0.029,0.002,0.079,0.001,0.002,1298.171,1348.13,1.006
"K_uu_workout[37, 17]",0.026,0.029,0.002,0.08,0.001,0.002,1276.584,1347.254,1.006
"K_uu_workout[37, 18]",0.026,0.029,0.001,0.08,0.001,0.002,1254.146,1310.687,1.006
"K_uu_workout[37, 19]",0.026,0.029,0.001,0.08,0.001,0.002,1234.77,1311.016,1.006
"K_uu_workout[37, 20]",0.026,0.029,0.002,0.081,0.001,0.002,1217.367,1311.016,1.007
"K_uu_workout[37, 21]",0.026,0.03,0.002,0.081,0.001,0.002,1200.206,1310.578,1.007
"K_uu_workout[37, 22]",0.027,0.03,0.002,0.082,0.001,0.002,1182.713,1258.194,1.007
"K_uu_workout[37, 23]",0.027,0.03,0.002,0.082,0.001,0.002,1170.989,1258.443,1.007
"K_uu_workout[37, 24]",0.027,0.03,0.002,0.082,0.001,0.002,1156.133,1225.761,1.007
"K_uu_workout[37, 25]",0.027,0.03,0.002,0.082,0.001,0.002,1143.683,1275.063,1.007
"K_uu_workout[37, 26]",0.027,0.03,0.002,0.083,0.001,0.002,1130.921,1275.063,1.007
"K_uu_workout[37, 27]",0.027,0.03,0.002,0.083,0.001,0.002,1121.698,1257.596,1.007
"K_uu_workout[37, 28]",0.027,0.03,0.002,0.083,0.001,0.002,1113.72,1257.596,1.007
"K_uu_workout[37, 29]",0.028,0.03,0.003,0.084,0.001,0.002,1109.222,1209.434,1.007
"K_uu_workout[37, 30]",0.028,0.03,0.002,0.084,0.001,0.002,1103.272,1240.654,1.007
"K_uu_workout[37, 31]",0.028,0.03,0.002,0.084,0.001,0.002,1098.769,1224.635,1.007
"K_uu_workout[37, 32]",0.028,0.031,0.002,0.084,0.001,0.002,1094.216,1225.197,1.007
"K_uu_workout[37, 33]",0.028,0.031,0.002,0.084,0.001,0.002,1090.693,1225.197,1.007
"K_uu_workout[37, 34]",0.028,0.031,0.002,0.084,0.001,0.002,1088.662,1224.729,1.007
"K_uu_workout[37, 35]",0.028,0.031,0.003,0.085,0.001,0.002,1087.047,1224.729,1.007
"K_uu_workout[37, 36]",0.028,0.031,0.002,0.084,0.001,0.002,1086.135,1224.729,1.007
"K_uu_workout[37, 37]",0.028,0.031,0.002,0.084,0.001,0.002,1085.794,1224.729,1.007
"K_uu_workout[37, 38]",0.028,0.031,0.002,0.084,0.001,0.002,1086.135,1224.729,1.007
"K_uu_workout[37, 39]",0.028,0.031,0.003,0.085,0.001,0.002,1087.047,1224.729,1.007
"K_uu_workout[37, 40]",0.028,0.031,0.002,0.084,0.001,0.002,1088.662,1224.729,1.007
"K_uu_workout[37, 41]",0.028,0.031,0.002,0.084,0.001,0.002,1090.693,1225.197,1.007
"K_uu_workout[37, 42]",0.028,0.031,0.002,0.084,0.001,0.002,1094.216,1225.197,1.007
"K_uu_workout[37, 43]",0.028,0.03,0.002,0.084,0.001,0.002,1098.769,1224.635,1.007
"K_uu_workout[37, 44]",0.028,0.03,0.002,0.084,0.001,0.002,1103.272,1240.654,1.007
"K_uu_workout[37, 45]",0.028,0.03,0.003,0.084,0.001,0.002,1109.222,1209.434,1.007
"K_uu_workout[37, 46]",0.027,0.03,0.002,0.083,0.001,0.002,1113.72,1257.596,1.007
"K_uu_workout[37, 47]",0.027,0.03,0.002,0.083,0.001,0.002,1121.698,1257.596,1.007
"K_uu_workout[37, 48]",0.027,0.03,0.002,0.083,0.001,0.002,1130.921,1275.063,1.007
"K_uu_workout[37, 49]",0.027,0.03,0.002,0.082,0.001,0.002,1143.683,1275.063,1.007
"K_uu_workout[38, 0]",0.021,0.026,0.0,0.068,0.001,0.002,1381.668,1450.618,1.005
"K_uu_workout[38, 1]",0.021,0.026,0.0,0.07,0.001,0.002,1383.24,1407.32,1.005
"K_uu_workout[38, 2]",0.022,0.026,0.0,0.071,0.001,0.002,1382.858,1348.083,1.005
"K_uu_workout[38, 3]",0.022,0.027,0.0,0.071,0.001,0.002,1381.467,1366.941,1.005
"K_uu_workout[38, 4]",0.022,0.027,0.001,0.072,0.001,0.002,1380.659,1386.728,1.005
"K_uu_workout[38, 5]",0.022,0.027,0.001,0.073,0.001,0.002,1378.194,1386.747,1.005
"K_uu_workout[38, 6]",0.023,0.027,0.001,0.073,0.001,0.002,1376.786,1366.055,1.005
"K_uu_workout[38, 7]",0.023,0.027,0.001,0.073,0.001,0.002,1372.656,1366.769,1.006
"K_uu_workout[38, 8]",0.023,0.028,0.001,0.074,0.001,0.002,1370.35,1328.922,1.006
"K_uu_workout[38, 9]",0.023,0.028,0.0,0.074,0.001,0.002,1364.622,1329.035,1.006
"K_uu_workout[38, 10]",0.024,0.028,0.0,0.074,0.001,0.002,1359.807,1347.006,1.006
"K_uu_workout[38, 11]",0.024,0.028,0.001,0.076,0.001,0.002,1354.359,1365.667,1.006
"K_uu_workout[38, 12]",0.024,0.028,0.001,0.076,0.001,0.002,1347.774,1345.46,1.006
"K_uu_workout[38, 13]",0.024,0.028,0.001,0.077,0.001,0.002,1339.62,1365.269,1.006
"K_uu_workout[38, 14]",0.025,0.028,0.001,0.078,0.001,0.002,1332.041,1385.158,1.006
"K_uu_workout[38, 15]",0.025,0.029,0.002,0.079,0.001,0.002,1324.69,1367.28,1.006
"K_uu_workout[38, 16]",0.025,0.029,0.002,0.079,0.001,0.002,1315.63,1347.838,1.006
"K_uu_workout[38, 17]",0.025,0.029,0.002,0.079,0.001,0.002,1298.171,1348.13,1.006
"K_uu_workout[38, 18]",0.026,0.029,0.002,0.08,0.001,0.002,1276.584,1347.254,1.006
"K_uu_workout[38, 19]",0.026,0.029,0.001,0.08,0.001,0.002,1254.146,1310.687,1.006
"K_uu_workout[38, 20]",0.026,0.029,0.001,0.08,0.001,0.002,1234.77,1311.016,1.006
"K_uu_workout[38, 21]",0.026,0.029,0.002,0.081,0.001,0.002,1217.367,1311.016,1.007
"K_uu_workout[38, 22]",0.026,0.03,0.002,0.081,0.001,0.002,1200.206,1310.578,1.007
"K_uu_workout[38, 23]",0.027,0.03,0.002,0.082,0.001,0.002,1182.713,1258.194,1.007
"K_uu_workout[38, 24]",0.027,0.03,0.002,0.082,0.001,0.002,1170.989,1258.443,1.007
"K_uu_workout[38, 25]",0.027,0.03,0.002,0.082,0.001,0.002,1156.133,1225.761,1.007
"K_uu_workout[38, 26]",0.027,0.03,0.002,0.082,0.001,0.002,1143.683,1275.063,1.007
"K_uu_workout[38, 27]",0.027,0.03,0.002,0.083,0.001,0.002,1130.921,1275.063,1.007
"K_uu_workout[38, 28]",0.027,0.03,0.002,0.083,0.001,0.002,1121.698,1257.596,1.007
"K_uu_workout[38, 29]",0.027,0.03,0.002,0.083,0.001,0.002,1113.72,1257.596,1.007
"K_uu_workout[38, 30]",0.028,0.03,0.003,0.084,0.001,0.002,1109.222,1209.434,1.007
"K_uu_workout[38, 31]",0.028,0.03,0.002,0.084,0.001,0.002,1103.272,1240.654,1.007
"K_uu_workout[38, 32]",0.028,0.03,0.002,0.084,0.001,0.002,1098.769,1224.635,1.007
"K_uu_workout[38, 33]",0.028,0.031,0.002,0.084,0.001,0.002,1094.216,1225.197,1.007
"K_uu_workout[38, 34]",0.028,0.031,0.002,0.084,0.001,0.002,1090.693,1225.197,1.007
"K_uu_workout[38, 35]",0.028,0.031,0.002,0.084,0.001,0.002,1088.662,1224.729,1.007
"K_uu_workout[38, 36]",0.028,0.031,0.003,0.085,0.001,0.002,1087.047,1224.729,1.007
"K_uu_workout[38, 37]",0.028,0.031,0.002,0.084,0.001,0.002,1086.135,1224.729,1.007
"K_uu_workout[38, 38]",0.028,0.031,0.002,0.084,0.001,0.002,1085.794,1224.729,1.007
"K_uu_workout[38, 39]",0.028,0.031,0.002,0.084,0.001,0.002,1086.135,1224.729,1.007
"K_uu_workout[38, 40]",0.028,0.031,0.003,0.085,0.001,0.002,1087.047,1224.729,1.007
"K_uu_workout[38, 41]",0.028,0.031,0.002,0.084,0.001,0.002,1088.662,1224.729,1.007
"K_uu_workout[38, 42]",0.028,0.031,0.002,0.084,0.001,0.002,1090.693,1225.197,1.007
"K_uu_workout[38, 43]",0.028,0.031,0.002,0.084,0.001,0.002,1094.216,1225.197,1.007
"K_uu_workout[38, 44]",0.028,0.03,0.002,0.084,0.001,0.002,1098.769,1224.635,1.007
"K_uu_workout[38, 45]",0.028,0.03,0.002,0.084,0.001,0.002,1103.272,1240.654,1.007
"K_uu_workout[38, 46]",0.028,0.03,0.003,0.084,0.001,0.002,1109.222,1209.434,1.007
"K_uu_workout[38, 47]",0.027,0.03,0.002,0.083,0.001,0.002,1113.72,1257.596,1.007
"K_uu_workout[38, 48]",0.027,0.03,0.002,0.083,0.001,0.002,1121.698,1257.596,1.007
"K_uu_workout[38, 49]",0.027,0.03,0.002,0.083,0.001,0.002,1130.921,1275.063,1.007
"K_uu_workout[39, 0]",0.021,0.026,0.0,0.068,0.001,0.002,1380.005,1407.422,1.005
"K_uu_workout[39, 1]",0.021,0.026,0.0,0.068,0.001,0.002,1381.668,1450.618,1.005
"K_uu_workout[39, 2]",0.021,0.026,0.0,0.07,0.001,0.002,1383.24,1407.32,1.005
"K_uu_workout[39, 3]",0.022,0.026,0.0,0.071,0.001,0.002,1382.858,1348.083,1.005
"K_uu_workout[39, 4]",0.022,0.027,0.0,0.071,0.001,0.002,1381.467,1366.941,1.005
"K_uu_workout[39, 5]",0.022,0.027,0.001,0.072,0.001,0.002,1380.659,1386.728,1.005
"K_uu_workout[39, 6]",0.022,0.027,0.001,0.073,0.001,0.002,1378.194,1386.747,1.005
"K_uu_workout[39, 7]",0.023,0.027,0.001,0.073,0.001,0.002,1376.786,1366.055,1.005
"K_uu_workout[39, 8]",0.023,0.027,0.001,0.073,0.001,0.002,1372.656,1366.769,1.006
"K_uu_workout[39, 9]",0.023,0.028,0.001,0.074,0.001,0.002,1370.35,1328.922,1.006
"K_uu_workout[39, 10]",0.023,0.028,0.0,0.074,0.001,0.002,1364.622,1329.035,1.006
"K_uu_workout[39, 11]",0.024,0.028,0.0,0.074,0.001,0.002,1359.807,1347.006,1.006
"K_uu_workout[39, 12]",0.024,0.028,0.001,0.076,0.001,0.002,1354.359,1365.667,1.006
"K_uu_workout[39, 13]",0.024,0.028,0.001,0.076,0.001,0.002,1347.774,1345.46,1.006
"K_uu_workout[39, 14]",0.024,0.028,0.001,0.077,0.001,0.002,1339.62,1365.269,1.006
"K_uu_workout[39, 15]",0.025,0.028,0.001,0.078,0.001,0.002,1332.041,1385.158,1.006
"K_uu_workout[39, 16]",0.025,0.029,0.002,0.079,0.001,0.002,1324.69,1367.28,1.006
"K_uu_workout[39, 17]",0.025,0.029,0.002,0.079,0.001,0.002,1315.63,1347.838,1.006
"K_uu_workout[39, 18]",0.025,0.029,0.002,0.079,0.001,0.002,1298.171,1348.13,1.006
"K_uu_workout[39, 19]",0.026,0.029,0.002,0.08,0.001,0.002,1276.584,1347.254,1.006
"K_uu_workout[39, 20]",0.026,0.029,0.001,0.08,0.001,0.002,1254.146,1310.687,1.006
"K_uu_workout[39, 21]",0.026,0.029,0.001,0.08,0.001,0.002,1234.77,1311.016,1.006
"K_uu_workout[39, 22]",0.026,0.029,0.002,0.081,0.001,0.002,1217.367,1311.016,1.007
"K_uu_workout[39, 23]",0.026,0.03,0.002,0.081,0.001,0.002,1200.206,1310.578,1.007
"K_uu_workout[39, 24]",0.027,0.03,0.002,0.082,0.001,0.002,1182.713,1258.194,1.007
"K_uu_workout[39, 25]",0.027,0.03,0.002,0.082,0.001,0.002,1170.989,1258.443,1.007
"K_uu_workout[39, 26]",0.027,0.03,0.002,0.082,0.001,0.002,1156.133,1225.761,1.007
"K_uu_workout[39, 27]",0.027,0.03,0.002,0.082,0.001,0.002,1143.683,1275.063,1.007
"K_uu_workout[39, 28]",0.027,0.03,0.002,0.083,0.001,0.002,1130.921,1275.063,1.007
"K_uu_workout[39, 29]",0.027,0.03,0.002,0.083,0.001,0.002,1121.698,1257.596,1.007
"K_uu_workout[39, 30]",0.027,0.03,0.002,0.083,0.001,0.002,1113.72,1257.596,1.007
"K_uu_workout[39, 31]",0.028,0.03,0.003,0.084,0.001,0.002,1109.222,1209.434,1.007
"K_uu_workout[39, 32]",0.028,0.03,0.002,0.084,0.001,0.002,1103.272,1240.654,1.007
"K_uu_workout[39, 33]",0.028,0.03,0.002,0.084,0.001,0.002,1098.769,1224.635,1.007
"K_uu_workout[39, 34]",0.028,0.031,0.002,0.084,0.001,0.002,1094.216,1225.197,1.007
"K_uu_workout[39, 35]",0.028,0.031,0.002,0.084,0.001,0.002,1090.693,1225.197,1.007
"K_uu_workout[39, 36]",0.028,0.031,0.002,0.084,0.001,0.002,1088.662,1224.729,1.007
"K_uu_workout[39, 37]",0.028,0.031,0.003,0.085,0.001,0.002,1087.047,1224.729,1.007
"K_uu_workout[39, 38]",0.028,0.031,0.002,0.084,0.001,0.002,1086.135,1224.729,1.007
"K_uu_workout[39, 39]",0.028,0.031,0.002,0.084,0.001,0.002,1085.794,1224.729,1.007
"K_uu_workout[39, 40]",0.028,0.031,0.002,0.084,0.001,0.002,1086.135,1224.729,1.007
"K_uu_workout[39, 41]",0.028,0.031,0.003,0.085,0.001,0.002,1087.047,1224.729,1.007
"K_uu_workout[39, 42]",0.028,0.031,0.002,0.084,0.001,0.002,1088.662,1224.729,1.007
"K_uu_workout[39, 43]",0.028,0.031,0.002,0.084,0.001,0.002,1090.693,1225.197,1.007
"K_uu_workout[39, 44]",0.028,0.031,0.002,0.084,0.001,0.002,1094.216,1225.197,1.007
"K_uu_workout[39, 45]",0.028,0.03,0.002,0.084,0.001,0.002,1098.769,1224.635,1.007
"K_uu_workout[39, 46]",0.028,0.03,0.002,0.084,0.001,0.002,1103.272,1240.654,1.007
"K_uu_workout[39, 47]",0.028,0.03,0.003,0.084,0.001,0.002,1109.222,1209.434,1.007
"K_uu_workout[39, 48]",0.027,0.03,0.002,0.083,0.001,0.002,1113.72,1257.596,1.007
"K_uu_workout[39, 49]",0.027,0.03,0.002,0.083,0.001,0.002,1121.698,1257.596,1.007
"K_uu_workout[40, 0]",0.02,0.026,0.0,0.067,0.001,0.002,1377.398,1407.331,1.004
"K_uu_workout[40, 1]",0.021,0.026,0.0,0.068,0.001,0.002,1380.005,1407.422,1.005
"K_uu_workout[40, 2]",0.021,0.026,0.0,0.068,0.001,0.002,1381.668,1450.618,1.005
"K_uu_workout[40, 3]",0.021,0.026,0.0,0.07,0.001,0.002,1383.24,1407.32,1.005
"K_uu_workout[40, 4]",0.022,0.026,0.0,0.071,0.001,0.002,1382.858,1348.083,1.005
"K_uu_workout[40, 5]",0.022,0.027,0.0,0.071,0.001,0.002,1381.467,1366.941,1.005
"K_uu_workout[40, 6]",0.022,0.027,0.001,0.072,0.001,0.002,1380.659,1386.728,1.005
"K_uu_workout[40, 7]",0.022,0.027,0.001,0.073,0.001,0.002,1378.194,1386.747,1.005
"K_uu_workout[40, 8]",0.023,0.027,0.001,0.073,0.001,0.002,1376.786,1366.055,1.005
"K_uu_workout[40, 9]",0.023,0.027,0.001,0.073,0.001,0.002,1372.656,1366.769,1.006
"K_uu_workout[40, 10]",0.023,0.028,0.001,0.074,0.001,0.002,1370.35,1328.922,1.006
"K_uu_workout[40, 11]",0.023,0.028,0.0,0.074,0.001,0.002,1364.622,1329.035,1.006
"K_uu_workout[40, 12]",0.024,0.028,0.0,0.074,0.001,0.002,1359.807,1347.006,1.006
"K_uu_workout[40, 13]",0.024,0.028,0.001,0.076,0.001,0.002,1354.359,1365.667,1.006
"K_uu_workout[40, 14]",0.024,0.028,0.001,0.076,0.001,0.002,1347.774,1345.46,1.006
"K_uu_workout[40, 15]",0.024,0.028,0.001,0.077,0.001,0.002,1339.62,1365.269,1.006
"K_uu_workout[40, 16]",0.025,0.028,0.001,0.078,0.001,0.002,1332.041,1385.158,1.006
"K_uu_workout[40, 17]",0.025,0.029,0.002,0.079,0.001,0.002,1324.69,1367.28,1.006
"K_uu_workout[40, 18]",0.025,0.029,0.002,0.079,0.001,0.002,1315.63,1347.838,1.006
"K_uu_workout[40, 19]",0.025,0.029,0.002,0.079,0.001,0.002,1298.171,1348.13,1.006
"K_uu_workout[40, 20]",0.026,0.029,0.002,0.08,0.001,0.002,1276.584,1347.254,1.006
"K_uu_workout[40, 21]",0.026,0.029,0.001,0.08,0.001,0.002,1254.146,1310.687,1.006
"K_uu_workout[40, 22]",0.026,0.029,0.001,0.08,0.001,0.002,1234.77,1311.016,1.006
"K_uu_workout[40, 23]",0.026,0.029,0.002,0.081,0.001,0.002,1217.367,1311.016,1.007
"K_uu_workout[40, 24]",0.026,0.03,0.002,0.081,0.001,0.002,1200.206,1310.578,1.007
"K_uu_workout[40, 25]",0.027,0.03,0.002,0.082,0.001,0.002,1182.713,1258.194,1.007
"K_uu_workout[40, 26]",0.027,0.03,0.002,0.082,0.001,0.002,1170.989,1258.443,1.007
"K_uu_workout[40, 27]",0.027,0.03,0.002,0.082,0.001,0.002,1156.133,1225.761,1.007
"K_uu_workout[40, 28]",0.027,0.03,0.002,0.082,0.001,0.002,1143.683,1275.063,1.007
"K_uu_workout[40, 29]",0.027,0.03,0.002,0.083,0.001,0.002,1130.921,1275.063,1.007
"K_uu_workout[40, 30]",0.027,0.03,0.002,0.083,0.001,0.002,1121.698,1257.596,1.007
"K_uu_workout[40, 31]",0.027,0.03,0.002,0.083,0.001,0.002,1113.72,1257.596,1.007
"K_uu_workout[40, 32]",0.028,0.03,0.003,0.084,0.001,0.002,1109.222,1209.434,1.007
"K_uu_workout[40, 33]",0.028,0.03,0.002,0.084,0.001,0.002,1103.272,1240.654,1.007
"K_uu_workout[40, 34]",0.028,0.03,0.002,0.084,0.001,0.002,1098.769,1224.635,1.007
"K_uu_workout[40, 35]",0.028,0.031,0.002,0.084,0.001,0.002,1094.216,1225.197,1.007
"K_uu_workout[40, 36]",0.028,0.031,0.002,0.084,0.001,0.002,1090.693,1225.197,1.007
"K_uu_workout[40, 37]",0.028,0.031,0.002,0.084,0.001,0.002,1088.662,1224.729,1.007
"K_uu_workout[40, 38]",0.028,0.031,0.003,0.085,0.001,0.002,1087.047,1224.729,1.007
"K_uu_workout[40, 39]",0.028,0.031,0.002,0.084,0.001,0.002,1086.135,1224.729,1.007
"K_uu_workout[40, 40]",0.028,0.031,0.002,0.084,0.001,0.002,1085.794,1224.729,1.007
"K_uu_workout[40, 41]",0.028,0.031,0.002,0.084,0.001,0.002,1086.135,1224.729,1.007
"K_uu_workout[40, 42]",0.028,0.031,0.003,0.085,0.001,0.002,1087.047,1224.729,1.007
"K_uu_workout[40, 43]",0.028,0.031,0.002,0.084,0.001,0.002,1088.662,1224.729,1.007
"K_uu_workout[40, 44]",0.028,0.031,0.002,0.084,0.001,0.002,1090.693,1225.197,1.007
"K_uu_workout[40, 45]",0.028,0.031,0.002,0.084,0.001,0.002,1094.216,1225.197,1.007
"K_uu_workout[40, 46]",0.028,0.03,0.002,0.084,0.001,0.002,1098.769,1224.635,1.007
"K_uu_workout[40, 47]",0.028,0.03,0.002,0.084,0.001,0.002,1103.272,1240.654,1.007
"K_uu_workout[40, 48]",0.028,0.03,0.003,0.084,0.001,0.002,1109.222,1209.434,1.007
"K_uu_workout[40, 49]",0.027,0.03,0.002,0.083,0.001,0.002,1113.72,1257.596,1.007
"K_uu_workout[41, 0]",0.02,0.026,0.0,0.066,0.001,0.002,1374.108,1406.918,1.004
"K_uu_workout[41, 1]",0.02,0.026,0.0,0.067,0.001,0.002,1377.398,1407.331,1.004
"K_uu_workout[41, 2]",0.021,0.026,0.0,0.068,0.001,0.002,1380.005,1407.422,1.005
"K_uu_workout[41, 3]",0.021,0.026,0.0,0.068,0.001,0.002,1381.668,1450.618,1.005
"K_uu_workout[41, 4]",0.021,0.026,0.0,0.07,0.001,0.002,1383.24,1407.32,1.005
"K_uu_workout[41, 5]",0.022,0.026,0.0,0.071,0.001,0.002,1382.858,1348.083,1.005
"K_uu_workout[41, 6]",0.022,0.027,0.0,0.071,0.001,0.002,1381.467,1366.941,1.005
"K_uu_workout[41, 7]",0.022,0.027,0.001,0.072,0.001,0.002,1380.659,1386.728,1.005
"K_uu_workout[41, 8]",0.022,0.027,0.001,0.073,0.001,0.002,1378.194,1386.747,1.005
"K_uu_workout[41, 9]",0.023,0.027,0.001,0.073,0.001,0.002,1376.786,1366.055,1.005
"K_uu_workout[41, 10]",0.023,0.027,0.001,0.073,0.001,0.002,1372.656,1366.769,1.006
"K_uu_workout[41, 11]",0.023,0.028,0.001,0.074,0.001,0.002,1370.35,1328.922,1.006
"K_uu_workout[41, 12]",0.023,0.028,0.0,0.074,0.001,0.002,1364.622,1329.035,1.006
"K_uu_workout[41, 13]",0.024,0.028,0.0,0.074,0.001,0.002,1359.807,1347.006,1.006
"K_uu_workout[41, 14]",0.024,0.028,0.001,0.076,0.001,0.002,1354.359,1365.667,1.006
"K_uu_workout[41, 15]",0.024,0.028,0.001,0.076,0.001,0.002,1347.774,1345.46,1.006
"K_uu_workout[41, 16]",0.024,0.028,0.001,0.077,0.001,0.002,1339.62,1365.269,1.006
"K_uu_workout[41, 17]",0.025,0.028,0.001,0.078,0.001,0.002,1332.041,1385.158,1.006
"K_uu_workout[41, 18]",0.025,0.029,0.002,0.079,0.001,0.002,1324.69,1367.28,1.006
"K_uu_workout[41, 19]",0.025,0.029,0.002,0.079,0.001,0.002,1315.63,1347.838,1.006
"K_uu_workout[41, 20]",0.025,0.029,0.002,0.079,0.001,0.002,1298.171,1348.13,1.006
"K_uu_workout[41, 21]",0.026,0.029,0.002,0.08,0.001,0.002,1276.584,1347.254,1.006
"K_uu_workout[41, 22]",0.026,0.029,0.001,0.08,0.001,0.002,1254.146,1310.687,1.006
"K_uu_workout[41, 23]",0.026,0.029,0.001,0.08,0.001,0.002,1234.77,1311.016,1.006
"K_uu_workout[41, 24]",0.026,0.029,0.002,0.081,0.001,0.002,1217.367,1311.016,1.007
"K_uu_workout[41, 25]",0.026,0.03,0.002,0.081,0.001,0.002,1200.206,1310.578,1.007
"K_uu_workout[41, 26]",0.027,0.03,0.002,0.082,0.001,0.002,1182.713,1258.194,1.007
"K_uu_workout[41, 27]",0.027,0.03,0.002,0.082,0.001,0.002,1170.989,1258.443,1.007
"K_uu_workout[41, 28]",0.027,0.03,0.002,0.082,0.001,0.002,1156.133,1225.761,1.007
"K_uu_workout[41, 29]",0.027,0.03,0.002,0.082,0.001,0.002,1143.683,1275.063,1.007
"K_uu_workout[41, 30]",0.027,0.03,0.002,0.083,0.001,0.002,1130.921,1275.063,1.007
"K_uu_workout[41, 31]",0.027,0.03,0.002,0.083,0.001,0.002,1121.698,1257.596,1.007
"K_uu_workout[41, 32]",0.027,0.03,0.002,0.083,0.001,0.002,1113.72,1257.596,1.007
"K_uu_workout[41, 33]",0.028,0.03,0.003,0.084,0.001,0.002,1109.222,1209.434,1.007
"K_uu_workout[41, 34]",0.028,0.03,0.002,0.084,0.001,0.002,1103.272,1240.654,1.007
"K_uu_workout[41, 35]",0.028,0.03,0.002,0.084,0.001,0.002,1098.769,1224.635,1.007
"K_uu_workout[41, 36]",0.028,0.031,0.002,0.084,0.001,0.002,1094.216,1225.197,1.007
"K_uu_workout[41, 37]",0.028,0.031,0.002,0.084,0.001,0.002,1090.693,1225.197,1.007
"K_uu_workout[41, 38]",0.028,0.031,0.002,0.084,0.001,0.002,1088.662,1224.729,1.007
"K_uu_workout[41, 39]",0.028,0.031,0.003,0.085,0.001,0.002,1087.047,1224.729,1.007
"K_uu_workout[41, 40]",0.028,0.031,0.002,0.084,0.001,0.002,1086.135,1224.729,1.007
"K_uu_workout[41, 41]",0.028,0.031,0.002,0.084,0.001,0.002,1085.794,1224.729,1.007
"K_uu_workout[41, 42]",0.028,0.031,0.002,0.084,0.001,0.002,1086.135,1224.729,1.007
"K_uu_workout[41, 43]",0.028,0.031,0.003,0.085,0.001,0.002,1087.047,1224.729,1.007
"K_uu_workout[41, 44]",0.028,0.031,0.002,0.084,0.001,0.002,1088.662,1224.729,1.007
"K_uu_workout[41, 45]",0.028,0.031,0.002,0.084,0.001,0.002,1090.693,1225.197,1.007
"K_uu_workout[41, 46]",0.028,0.031,0.002,0.084,0.001,0.002,1094.216,1225.197,1.007
"K_uu_workout[41, 47]",0.028,0.03,0.002,0.084,0.001,0.002,1098.769,1224.635,1.007
"K_uu_workout[41, 48]",0.028,0.03,0.002,0.084,0.001,0.002,1103.272,1240.654,1.007
"K_uu_workout[41, 49]",0.028,0.03,0.003,0.084,0.001,0.002,1109.222,1209.434,1.007
"K_uu_workout[42, 0]",0.02,0.025,0.0,0.065,0.001,0.002,1368.958,1427.904,1.004
"K_uu_workout[42, 1]",0.02,0.026,0.0,0.066,0.001,0.002,1374.108,1406.918,1.004
"K_uu_workout[42, 2]",0.02,0.026,0.0,0.067,0.001,0.002,1377.398,1407.331,1.004
"K_uu_workout[42, 3]",0.021,0.026,0.0,0.068,0.001,0.002,1380.005,1407.422,1.005
"K_uu_workout[42, 4]",0.021,0.026,0.0,0.068,0.001,0.002,1381.668,1450.618,1.005
"K_uu_workout[42, 5]",0.021,0.026,0.0,0.07,0.001,0.002,1383.24,1407.32,1.005
"K_uu_workout[42, 6]",0.022,0.026,0.0,0.071,0.001,0.002,1382.858,1348.083,1.005
"K_uu_workout[42, 7]",0.022,0.027,0.0,0.071,0.001,0.002,1381.467,1366.941,1.005
"K_uu_workout[42, 8]",0.022,0.027,0.001,0.072,0.001,0.002,1380.659,1386.728,1.005
"K_uu_workout[42, 9]",0.022,0.027,0.001,0.073,0.001,0.002,1378.194,1386.747,1.005
"K_uu_workout[42, 10]",0.023,0.027,0.001,0.073,0.001,0.002,1376.786,1366.055,1.005
"K_uu_workout[42, 11]",0.023,0.027,0.001,0.073,0.001,0.002,1372.656,1366.769,1.006
"K_uu_workout[42, 12]",0.023,0.028,0.001,0.074,0.001,0.002,1370.35,1328.922,1.006
"K_uu_workout[42, 13]",0.023,0.028,0.0,0.074,0.001,0.002,1364.622,1329.035,1.006
"K_uu_workout[42, 14]",0.024,0.028,0.0,0.074,0.001,0.002,1359.807,1347.006,1.006
"K_uu_workout[42, 15]",0.024,0.028,0.001,0.076,0.001,0.002,1354.359,1365.667,1.006
"K_uu_workout[42, 16]",0.024,0.028,0.001,0.076,0.001,0.002,1347.774,1345.46,1.006
"K_uu_workout[42, 17]",0.024,0.028,0.001,0.077,0.001,0.002,1339.62,1365.269,1.006
"K_uu_workout[42, 18]",0.025,0.028,0.001,0.078,0.001,0.002,1332.041,1385.158,1.006
"K_uu_workout[42, 19]",0.025,0.029,0.002,0.079,0.001,0.002,1324.69,1367.28,1.006
"K_uu_workout[42, 20]",0.025,0.029,0.002,0.079,0.001,0.002,1315.63,1347.838,1.006
"K_uu_workout[42, 21]",0.025,0.029,0.002,0.079,0.001,0.002,1298.171,1348.13,1.006
"K_uu_workout[42, 22]",0.026,0.029,0.002,0.08,0.001,0.002,1276.584,1347.254,1.006
"K_uu_workout[42, 23]",0.026,0.029,0.001,0.08,0.001,0.002,1254.146,1310.687,1.006
"K_uu_workout[42, 24]",0.026,0.029,0.001,0.08,0.001,0.002,1234.77,1311.016,1.006
"K_uu_workout[42, 25]",0.026,0.029,0.002,0.081,0.001,0.002,1217.367,1311.016,1.007
"K_uu_workout[42, 26]",0.026,0.03,0.002,0.081,0.001,0.002,1200.206,1310.578,1.007
"K_uu_workout[42, 27]",0.027,0.03,0.002,0.082,0.001,0.002,1182.713,1258.194,1.007
"K_uu_workout[42, 28]",0.027,0.03,0.002,0.082,0.001,0.002,1170.989,1258.443,1.007
"K_uu_workout[42, 29]",0.027,0.03,0.002,0.082,0.001,0.002,1156.133,1225.761,1.007
"K_uu_workout[42, 30]",0.027,0.03,0.002,0.082,0.001,0.002,1143.683,1275.063,1.007
"K_uu_workout[42, 31]",0.027,0.03,0.002,0.083,0.001,0.002,1130.921,1275.063,1.007
"K_uu_workout[42, 32]",0.027,0.03,0.002,0.083,0.001,0.002,1121.698,1257.596,1.007
"K_uu_workout[42, 33]",0.027,0.03,0.002,0.083,0.001,0.002,1113.72,1257.596,1.007
"K_uu_workout[42, 34]",0.028,0.03,0.003,0.084,0.001,0.002,1109.222,1209.434,1.007
"K_uu_workout[42, 35]",0.028,0.03,0.002,0.084,0.001,0.002,1103.272,1240.654,1.007
"K_uu_workout[42, 36]",0.028,0.03,0.002,0.084,0.001,0.002,1098.769,1224.635,1.007
"K_uu_workout[42, 37]",0.028,0.031,0.002,0.084,0.001,0.002,1094.216,1225.197,1.007
"K_uu_workout[42, 38]",0.028,0.031,0.002,0.084,0.001,0.002,1090.693,1225.197,1.007
"K_uu_workout[42, 39]",0.028,0.031,0.002,0.084,0.001,0.002,1088.662,1224.729,1.007
"K_uu_workout[42, 40]",0.028,0.031,0.003,0.085,0.001,0.002,1087.047,1224.729,1.007
"K_uu_workout[42, 41]",0.028,0.031,0.002,0.084,0.001,0.002,1086.135,1224.729,1.007
"K_uu_workout[42, 42]",0.028,0.031,0.002,0.084,0.001,0.002,1085.794,1224.729,1.007
"K_uu_workout[42, 43]",0.028,0.031,0.002,0.084,0.001,0.002,1086.135,1224.729,1.007
"K_uu_workout[42, 44]",0.028,0.031,0.003,0.085,0.001,0.002,1087.047,1224.729,1.007
"K_uu_workout[42, 45]",0.028,0.031,0.002,0.084,0.001,0.002,1088.662,1224.729,1.007
"K_uu_workout[42, 46]",0.028,0.031,0.002,0.084,0.001,0.002,1090.693,1225.197,1.007
"K_uu_workout[42, 47]",0.028,0.031,0.002,0.084,0.001,0.002,1094.216,1225.197,1.007
"K_uu_workout[42, 48]",0.028,0.03,0.002,0.084,0.001,0.002,1098.769,1224.635,1.007
"K_uu_workout[42, 49]",0.028,0.03,0.002,0.084,0.001,0.002,1103.272,1240.654,1.007
"K_uu_workout[43, 0]",0.02,0.025,0.0,0.064,0.001,0.002,1364.19,1406.256,1.004
"K_uu_workout[43, 1]",0.02,0.025,0.0,0.065,0.001,0.002,1368.958,1427.904,1.004
"K_uu_workout[43, 2]",0.02,0.026,0.0,0.066,0.001,0.002,1374.108,1406.918,1.004
"K_uu_workout[43, 3]",0.02,0.026,0.0,0.067,0.001,0.002,1377.398,1407.331,1.004
"K_uu_workout[43, 4]",0.021,0.026,0.0,0.068,0.001,0.002,1380.005,1407.422,1.005
"K_uu_workout[43, 5]",0.021,0.026,0.0,0.068,0.001,0.002,1381.668,1450.618,1.005
"K_uu_workout[43, 6]",0.021,0.026,0.0,0.07,0.001,0.002,1383.24,1407.32,1.005
"K_uu_workout[43, 7]",0.022,0.026,0.0,0.071,0.001,0.002,1382.858,1348.083,1.005
"K_uu_workout[43, 8]",0.022,0.027,0.0,0.071,0.001,0.002,1381.467,1366.941,1.005
"K_uu_workout[43, 9]",0.022,0.027,0.001,0.072,0.001,0.002,1380.659,1386.728,1.005
"K_uu_workout[43, 10]",0.022,0.027,0.001,0.073,0.001,0.002,1378.194,1386.747,1.005
"K_uu_workout[43, 11]",0.023,0.027,0.001,0.073,0.001,0.002,1376.786,1366.055,1.005
"K_uu_workout[43, 12]",0.023,0.027,0.001,0.073,0.001,0.002,1372.656,1366.769,1.006
"K_uu_workout[43, 13]",0.023,0.028,0.001,0.074,0.001,0.002,1370.35,1328.922,1.006
"K_uu_workout[43, 14]",0.023,0.028,0.0,0.074,0.001,0.002,1364.622,1329.035,1.006
"K_uu_workout[43, 15]",0.024,0.028,0.0,0.074,0.001,0.002,1359.807,1347.006,1.006
"K_uu_workout[43, 16]",0.024,0.028,0.001,0.076,0.001,0.002,1354.359,1365.667,1.006
"K_uu_workout[43, 17]",0.024,0.028,0.001,0.076,0.001,0.002,1347.774,1345.46,1.006
"K_uu_workout[43, 18]",0.024,0.028,0.001,0.077,0.001,0.002,1339.62,1365.269,1.006
"K_uu_workout[43, 19]",0.025,0.028,0.001,0.078,0.001,0.002,1332.041,1385.158,1.006
"K_uu_workout[43, 20]",0.025,0.029,0.002,0.079,0.001,0.002,1324.69,1367.28,1.006
"K_uu_workout[43, 21]",0.025,0.029,0.002,0.079,0.001,0.002,1315.63,1347.838,1.006
"K_uu_workout[43, 22]",0.025,0.029,0.002,0.079,0.001,0.002,1298.171,1348.13,1.006
"K_uu_workout[43, 23]",0.026,0.029,0.002,0.08,0.001,0.002,1276.584,1347.254,1.006
"K_uu_workout[43, 24]",0.026,0.029,0.001,0.08,0.001,0.002,1254.146,1310.687,1.006
"K_uu_workout[43, 25]",0.026,0.029,0.001,0.08,0.001,0.002,1234.77,1311.016,1.006
"K_uu_workout[43, 26]",0.026,0.029,0.002,0.081,0.001,0.002,1217.367,1311.016,1.007
"K_uu_workout[43, 27]",0.026,0.03,0.002,0.081,0.001,0.002,1200.206,1310.578,1.007
"K_uu_workout[43, 28]",0.027,0.03,0.002,0.082,0.001,0.002,1182.713,1258.194,1.007
"K_uu_workout[43, 29]",0.027,0.03,0.002,0.082,0.001,0.002,1170.989,1258.443,1.007
"K_uu_workout[43, 30]",0.027,0.03,0.002,0.082,0.001,0.002,1156.133,1225.761,1.007
"K_uu_workout[43, 31]",0.027,0.03,0.002,0.082,0.001,0.002,1143.683,1275.063,1.007
"K_uu_workout[43, 32]",0.027,0.03,0.002,0.083,0.001,0.002,1130.921,1275.063,1.007
"K_uu_workout[43, 33]",0.027,0.03,0.002,0.083,0.001,0.002,1121.698,1257.596,1.007
"K_uu_workout[43, 34]",0.027,0.03,0.002,0.083,0.001,0.002,1113.72,1257.596,1.007
"K_uu_workout[43, 35]",0.028,0.03,0.003,0.084,0.001,0.002,1109.222,1209.434,1.007
"K_uu_workout[43, 36]",0.028,0.03,0.002,0.084,0.001,0.002,1103.272,1240.654,1.007
"K_uu_workout[43, 37]",0.028,0.03,0.002,0.084,0.001,0.002,1098.769,1224.635,1.007
"K_uu_workout[43, 38]",0.028,0.031,0.002,0.084,0.001,0.002,1094.216,1225.197,1.007
"K_uu_workout[43, 39]",0.028,0.031,0.002,0.084,0.001,0.002,1090.693,1225.197,1.007
"K_uu_workout[43, 40]",0.028,0.031,0.002,0.084,0.001,0.002,1088.662,1224.729,1.007
"K_uu_workout[43, 41]",0.028,0.031,0.003,0.085,0.001,0.002,1087.047,1224.729,1.007
"K_uu_workout[43, 42]",0.028,0.031,0.002,0.084,0.001,0.002,1086.135,1224.729,1.007
"K_uu_workout[43, 43]",0.028,0.031,0.002,0.084,0.001,0.002,1085.794,1224.729,1.007
"K_uu_workout[43, 44]",0.028,0.031,0.002,0.084,0.001,0.002,1086.135,1224.729,1.007
"K_uu_workout[43, 45]",0.028,0.031,0.003,0.085,0.001,0.002,1087.047,1224.729,1.007
"K_uu_workout[43, 46]",0.028,0.031,0.002,0.084,0.001,0.002,1088.662,1224.729,1.007
"K_uu_workout[43, 47]",0.028,0.031,0.002,0.084,0.001,0.002,1090.693,1225.197,1.007
"K_uu_workout[43, 48]",0.028,0.031,0.002,0.084,0.001,0.002,1094.216,1225.197,1.007
"K_uu_workout[43, 49]",0.028,0.03,0.002,0.084,0.001,0.002,1098.769,1224.635,1.007
"K_uu_workout[44, 0]",0.019,0.025,0.0,0.063,0.001,0.002,1360.354,1406.218,1.004
"K_uu_workout[44, 1]",0.02,0.025,0.0,0.064,0.001,0.002,1364.19,1406.256,1.004
"K_uu_workout[44, 2]",0.02,0.025,0.0,0.065,0.001,0.002,1368.958,1427.904,1.004
"K_uu_workout[44, 3]",0.02,0.026,0.0,0.066,0.001,0.002,1374.108,1406.918,1.004
"K_uu_workout[44, 4]",0.02,0.026,0.0,0.067,0.001,0.002,1377.398,1407.331,1.004
"K_uu_workout[44, 5]",0.021,0.026,0.0,0.068,0.001,0.002,1380.005,1407.422,1.005
"K_uu_workout[44, 6]",0.021,0.026,0.0,0.068,0.001,0.002,1381.668,1450.618,1.005
"K_uu_workout[44, 7]",0.021,0.026,0.0,0.07,0.001,0.002,1383.24,1407.32,1.005
"K_uu_workout[44, 8]",0.022,0.026,0.0,0.071,0.001,0.002,1382.858,1348.083,1.005
"K_uu_workout[44, 9]",0.022,0.027,0.0,0.071,0.001,0.002,1381.467,1366.941,1.005
"K_uu_workout[44, 10]",0.022,0.027,0.001,0.072,0.001,0.002,1380.659,1386.728,1.005
"K_uu_workout[44, 11]",0.022,0.027,0.001,0.073,0.001,0.002,1378.194,1386.747,1.005
"K_uu_workout[44, 12]",0.023,0.027,0.001,0.073,0.001,0.002,1376.786,1366.055,1.005
"K_uu_workout[44, 13]",0.023,0.027,0.001,0.073,0.001,0.002,1372.656,1366.769,1.006
"K_uu_workout[44, 14]",0.023,0.028,0.001,0.074,0.001,0.002,1370.35,1328.922,1.006
"K_uu_workout[44, 15]",0.023,0.028,0.0,0.074,0.001,0.002,1364.622,1329.035,1.006
"K_uu_workout[44, 16]",0.024,0.028,0.0,0.074,0.001,0.002,1359.807,1347.006,1.006
"K_uu_workout[44, 17]",0.024,0.028,0.001,0.076,0.001,0.002,1354.359,1365.667,1.006
"K_uu_workout[44, 18]",0.024,0.028,0.001,0.076,0.001,0.002,1347.774,1345.46,1.006
"K_uu_workout[44, 19]",0.024,0.028,0.001,0.077,0.001,0.002,1339.62,1365.269,1.006
"K_uu_workout[44, 20]",0.025,0.028,0.001,0.078,0.001,0.002,1332.041,1385.158,1.006
"K_uu_workout[44, 21]",0.025,0.029,0.002,0.079,0.001,0.002,1324.69,1367.28,1.006
"K_uu_workout[44, 22]",0.025,0.029,0.002,0.079,0.001,0.002,1315.63,1347.838,1.006
"K_uu_workout[44, 23]",0.025,0.029,0.002,0.079,0.001,0.002,1298.171,1348.13,1.006
"K_uu_workout[44, 24]",0.026,0.029,0.002,0.08,0.001,0.002,1276.584,1347.254,1.006
"K_uu_workout[44, 25]",0.026,0.029,0.001,0.08,0.001,0.002,1254.146,1310.687,1.006
"K_uu_workout[44, 26]",0.026,0.029,0.001,0.08,0.001,0.002,1234.77,1311.016,1.006
"K_uu_workout[44, 27]",0.026,0.029,0.002,0.081,0.001,0.002,1217.367,1311.016,1.007
"K_uu_workout[44, 28]",0.026,0.03,0.002,0.081,0.001,0.002,1200.206,1310.578,1.007
"K_uu_workout[44, 29]",0.027,0.03,0.002,0.082,0.001,0.002,1182.713,1258.194,1.007
"K_uu_workout[44, 30]",0.027,0.03,0.002,0.082,0.001,0.002,1170.989,1258.443,1.007
"K_uu_workout[44, 31]",0.027,0.03,0.002,0.082,0.001,0.002,1156.133,1225.761,1.007
"K_uu_workout[44, 32]",0.027,0.03,0.002,0.082,0.001,0.002,1143.683,1275.063,1.007
"K_uu_workout[44, 33]",0.027,0.03,0.002,0.083,0.001,0.002,1130.921,1275.063,1.007
"K_uu_workout[44, 34]",0.027,0.03,0.002,0.083,0.001,0.002,1121.698,1257.596,1.007
"K_uu_workout[44, 35]",0.027,0.03,0.002,0.083,0.001,0.002,1113.72,1257.596,1.007
"K_uu_workout[44, 36]",0.028,0.03,0.003,0.084,0.001,0.002,1109.222,1209.434,1.007
"K_uu_workout[44, 37]",0.028,0.03,0.002,0.084,0.001,0.002,1103.272,1240.654,1.007
"K_uu_workout[44, 38]",0.028,0.03,0.002,0.084,0.001,0.002,1098.769,1224.635,1.007
"K_uu_workout[44, 39]",0.028,0.031,0.002,0.084,0.001,0.002,1094.216,1225.197,1.007
"K_uu_workout[44, 40]",0.028,0.031,0.002,0.084,0.001,0.002,1090.693,1225.197,1.007
"K_uu_workout[44, 41]",0.028,0.031,0.002,0.084,0.001,0.002,1088.662,1224.729,1.007
"K_uu_workout[44, 42]",0.028,0.031,0.003,0.085,0.001,0.002,1087.047,1224.729,1.007
"K_uu_workout[44, 43]",0.028,0.031,0.002,0.084,0.001,0.002,1086.135,1224.729,1.007
"K_uu_workout[44, 44]",0.028,0.031,0.002,0.084,0.001,0.002,1085.794,1224.729,1.007
"K_uu_workout[44, 45]",0.028,0.031,0.002,0.084,0.001,0.002,1086.135,1224.729,1.007
"K_uu_workout[44, 46]",0.028,0.031,0.003,0.085,0.001,0.002,1087.047,1224.729,1.007
"K_uu_workout[44, 47]",0.028,0.031,0.002,0.084,0.001,0.002,1088.662,1224.729,1.007
"K_uu_workout[44, 48]",0.028,0.031,0.002,0.084,0.001,0.002,1090.693,1225.197,1.007
"K_uu_workout[44, 49]",0.028,0.031,0.002,0.084,0.001,0.002,1094.216,1225.197,1.007
"K_uu_workout[45, 0]",0.019,0.025,0.0,0.063,0.001,0.002,1355.254,1405.915,1.004
"K_uu_workout[45, 1]",0.019,0.025,0.0,0.063,0.001,0.002,1360.354,1406.218,1.004
"K_uu_workout[45, 2]",0.02,0.025,0.0,0.064,0.001,0.002,1364.19,1406.256,1.004
"K_uu_workout[45, 3]",0.02,0.025,0.0,0.065,0.001,0.002,1368.958,1427.904,1.004
"K_uu_workout[45, 4]",0.02,0.026,0.0,0.066,0.001,0.002,1374.108,1406.918,1.004
"K_uu_workout[45, 5]",0.02,0.026,0.0,0.067,0.001,0.002,1377.398,1407.331,1.004
"K_uu_workout[45, 6]",0.021,0.026,0.0,0.068,0.001,0.002,1380.005,1407.422,1.005
"K_uu_workout[45, 7]",0.021,0.026,0.0,0.068,0.001,0.002,1381.668,1450.618,1.005
"K_uu_workout[45, 8]",0.021,0.026,0.0,0.07,0.001,0.002,1383.24,1407.32,1.005
"K_uu_workout[45, 9]",0.022,0.026,0.0,0.071,0.001,0.002,1382.858,1348.083,1.005
"K_uu_workout[45, 10]",0.022,0.027,0.0,0.071,0.001,0.002,1381.467,1366.941,1.005
"K_uu_workout[45, 11]",0.022,0.027,0.001,0.072,0.001,0.002,1380.659,1386.728,1.005
"K_uu_workout[45, 12]",0.022,0.027,0.001,0.073,0.001,0.002,1378.194,1386.747,1.005
"K_uu_workout[45, 13]",0.023,0.027,0.001,0.073,0.001,0.002,1376.786,1366.055,1.005
"K_uu_workout[45, 14]",0.023,0.027,0.001,0.073,0.001,0.002,1372.656,1366.769,1.006
"K_uu_workout[45, 15]",0.023,0.028,0.001,0.074,0.001,0.002,1370.35,1328.922,1.006
"K_uu_workout[45, 16]",0.023,0.028,0.0,0.074,0.001,0.002,1364.622,1329.035,1.006
"K_uu_workout[45, 17]",0.024,0.028,0.0,0.074,0.001,0.002,1359.807,1347.006,1.006
"K_uu_workout[45, 18]",0.024,0.028,0.001,0.076,0.001,0.002,1354.359,1365.667,1.006
"K_uu_workout[45, 19]",0.024,0.028,0.001,0.076,0.001,0.002,1347.774,1345.46,1.006
"K_uu_workout[45, 20]",0.024,0.028,0.001,0.077,0.001,0.002,1339.62,1365.269,1.006
"K_uu_workout[45, 21]",0.025,0.028,0.001,0.078,0.001,0.002,1332.041,1385.158,1.006
"K_uu_workout[45, 22]",0.025,0.029,0.002,0.079,0.001,0.002,1324.69,1367.28,1.006
"K_uu_workout[45, 23]",0.025,0.029,0.002,0.079,0.001,0.002,1315.63,1347.838,1.006
"K_uu_workout[45, 24]",0.025,0.029,0.002,0.079,0.001,0.002,1298.171,1348.13,1.006
"K_uu_workout[45, 25]",0.026,0.029,0.002,0.08,0.001,0.002,1276.584,1347.254,1.006
"K_uu_workout[45, 26]",0.026,0.029,0.001,0.08,0.001,0.002,1254.146,1310.687,1.006
"K_uu_workout[45, 27]",0.026,0.029,0.001,0.08,0.001,0.002,1234.77,1311.016,1.006
"K_uu_workout[45, 28]",0.026,0.029,0.002,0.081,0.001,0.002,1217.367,1311.016,1.007
"K_uu_workout[45, 29]",0.026,0.03,0.002,0.081,0.001,0.002,1200.206,1310.578,1.007
"K_uu_workout[45, 30]",0.027,0.03,0.002,0.082,0.001,0.002,1182.713,1258.194,1.007
"K_uu_workout[45, 31]",0.027,0.03,0.002,0.082,0.001,0.002,1170.989,1258.443,1.007
"K_uu_workout[45, 32]",0.027,0.03,0.002,0.082,0.001,0.002,1156.133,1225.761,1.007
"K_uu_workout[45, 33]",0.027,0.03,0.002,0.082,0.001,0.002,1143.683,1275.063,1.007
"K_uu_workout[45, 34]",0.027,0.03,0.002,0.083,0.001,0.002,1130.921,1275.063,1.007
"K_uu_workout[45, 35]",0.027,0.03,0.002,0.083,0.001,0.002,1121.698,1257.596,1.007
"K_uu_workout[45, 36]",0.027,0.03,0.002,0.083,0.001,0.002,1113.72,1257.596,1.007
"K_uu_workout[45, 37]",0.028,0.03,0.003,0.084,0.001,0.002,1109.222,1209.434,1.007
"K_uu_workout[45, 38]",0.028,0.03,0.002,0.084,0.001,0.002,1103.272,1240.654,1.007
"K_uu_workout[45, 39]",0.028,0.03,0.002,0.084,0.001,0.002,1098.769,1224.635,1.007
"K_uu_workout[45, 40]",0.028,0.031,0.002,0.084,0.001,0.002,1094.216,1225.197,1.007
"K_uu_workout[45, 41]",0.028,0.031,0.002,0.084,0.001,0.002,1090.693,1225.197,1.007
"K_uu_workout[45, 42]",0.028,0.031,0.002,0.084,0.001,0.002,1088.662,1224.729,1.007
"K_uu_workout[45, 43]",0.028,0.031,0.003,0.085,0.001,0.002,1087.047,1224.729,1.007
"K_uu_workout[45, 44]",0.028,0.031,0.002,0.084,0.001,0.002,1086.135,1224.729,1.007
"K_uu_workout[45, 45]",0.028,0.031,0.002,0.084,0.001,0.002,1085.794,1224.729,1.007
"K_uu_workout[45, 46]",0.028,0.031,0.002,0.084,0.001,0.002,1086.135,1224.729,1.007
"K_uu_workout[45, 47]",0.028,0.031,0.003,0.085,0.001,0.002,1087.047,1224.729,1.007
"K_uu_workout[45, 48]",0.028,0.031,0.002,0.084,0.001,0.002,1088.662,1224.729,1.007
"K_uu_workout[45, 49]",0.028,0.031,0.002,0.084,0.001,0.002,1090.693,1225.197,1.007
"K_uu_workout[46, 0]",0.019,0.025,0.0,0.062,0.001,0.002,1350.045,1365.087,1.004
"K_uu_workout[46, 1]",0.019,0.025,0.0,0.063,0.001,0.002,1355.254,1405.915,1.004
"K_uu_workout[46, 2]",0.019,0.025,0.0,0.063,0.001,0.002,1360.354,1406.218,1.004
"K_uu_workout[46, 3]",0.02,0.025,0.0,0.064,0.001,0.002,1364.19,1406.256,1.004
"K_uu_workout[46, 4]",0.02,0.025,0.0,0.065,0.001,0.002,1368.958,1427.904,1.004
"K_uu_workout[46, 5]",0.02,0.026,0.0,0.066,0.001,0.002,1374.108,1406.918,1.004
"K_uu_workout[46, 6]",0.02,0.026,0.0,0.067,0.001,0.002,1377.398,1407.331,1.004
"K_uu_workout[46, 7]",0.021,0.026,0.0,0.068,0.001,0.002,1380.005,1407.422,1.005
"K_uu_workout[46, 8]",0.021,0.026,0.0,0.068,0.001,0.002,1381.668,1450.618,1.005
"K_uu_workout[46, 9]",0.021,0.026,0.0,0.07,0.001,0.002,1383.24,1407.32,1.005
"K_uu_workout[46, 10]",0.022,0.026,0.0,0.071,0.001,0.002,1382.858,1348.083,1.005
"K_uu_workout[46, 11]",0.022,0.027,0.0,0.071,0.001,0.002,1381.467,1366.941,1.005
"K_uu_workout[46, 12]",0.022,0.027,0.001,0.072,0.001,0.002,1380.659,1386.728,1.005
"K_uu_workout[46, 13]",0.022,0.027,0.001,0.073,0.001,0.002,1378.194,1386.747,1.005
"K_uu_workout[46, 14]",0.023,0.027,0.001,0.073,0.001,0.002,1376.786,1366.055,1.005
"K_uu_workout[46, 15]",0.023,0.027,0.001,0.073,0.001,0.002,1372.656,1366.769,1.006
"K_uu_workout[46, 16]",0.023,0.028,0.001,0.074,0.001,0.002,1370.35,1328.922,1.006
"K_uu_workout[46, 17]",0.023,0.028,0.0,0.074,0.001,0.002,1364.622,1329.035,1.006
"K_uu_workout[46, 18]",0.024,0.028,0.0,0.074,0.001,0.002,1359.807,1347.006,1.006
"K_uu_workout[46, 19]",0.024,0.028,0.001,0.076,0.001,0.002,1354.359,1365.667,1.006
"K_uu_workout[46, 20]",0.024,0.028,0.001,0.076,0.001,0.002,1347.774,1345.46,1.006
"K_uu_workout[46, 21]",0.024,0.028,0.001,0.077,0.001,0.002,1339.62,1365.269,1.006
"K_uu_workout[46, 22]",0.025,0.028,0.001,0.078,0.001,0.002,1332.041,1385.158,1.006
"K_uu_workout[46, 23]",0.025,0.029,0.002,0.079,0.001,0.002,1324.69,1367.28,1.006
"K_uu_workout[46, 24]",0.025,0.029,0.002,0.079,0.001,0.002,1315.63,1347.838,1.006
"K_uu_workout[46, 25]",0.025,0.029,0.002,0.079,0.001,0.002,1298.171,1348.13,1.006
"K_uu_workout[46, 26]",0.026,0.029,0.002,0.08,0.001,0.002,1276.584,1347.254,1.006
"K_uu_workout[46, 27]",0.026,0.029,0.001,0.08,0.001,0.002,1254.146,1310.687,1.006
"K_uu_workout[46, 28]",0.026,0.029,0.001,0.08,0.001,0.002,1234.77,1311.016,1.006
"K_uu_workout[46, 29]",0.026,0.029,0.002,0.081,0.001,0.002,1217.367,1311.016,1.007
"K_uu_workout[46, 30]",0.026,0.03,0.002,0.081,0.001,0.002,1200.206,1310.578,1.007
"K_uu_workout[46, 31]",0.027,0.03,0.002,0.082,0.001,0.002,1182.713,1258.194,1.007
"K_uu_workout[46, 32]",0.027,0.03,0.002,0.082,0.001,0.002,1170.989,1258.443,1.007
"K_uu_workout[46, 33]",0.027,0.03,0.002,0.082,0.001,0.002,1156.133,1225.761,1.007
"K_uu_workout[46, 34]",0.027,0.03,0.002,0.082,0.001,0.002,1143.683,1275.063,1.007
"K_uu_workout[46, 35]",0.027,0.03,0.002,0.083,0.001,0.002,1130.921,1275.063,1.007
"K_uu_workout[46, 36]",0.027,0.03,0.002,0.083,0.001,0.002,1121.698,1257.596,1.007
"K_uu_workout[46, 37]",0.027,0.03,0.002,0.083,0.001,0.002,1113.72,1257.596,1.007
"K_uu_workout[46, 38]",0.028,0.03,0.003,0.084,0.001,0.002,1109.222,1209.434,1.007
"K_uu_workout[46, 39]",0.028,0.03,0.002,0.084,0.001,0.002,1103.272,1240.654,1.007
"K_uu_workout[46, 40]",0.028,0.03,0.002,0.084,0.001,0.002,1098.769,1224.635,1.007
"K_uu_workout[46, 41]",0.028,0.031,0.002,0.084,0.001,0.002,1094.216,1225.197,1.007
"K_uu_workout[46, 42]",0.028,0.031,0.002,0.084,0.001,0.002,1090.693,1225.197,1.007
"K_uu_workout[46, 43]",0.028,0.031,0.002,0.084,0.001,0.002,1088.662,1224.729,1.007
"K_uu_workout[46, 44]",0.028,0.031,0.003,0.085,0.001,0.002,1087.047,1224.729,1.007
"K_uu_workout[46, 45]",0.028,0.031,0.002,0.084,0.001,0.002,1086.135,1224.729,1.007
"K_uu_workout[46, 46]",0.028,0.031,0.002,0.084,0.001,0.002,1085.794,1224.729,1.007
"K_uu_workout[46, 47]",0.028,0.031,0.002,0.084,0.001,0.002,1086.135,1224.729,1.007
"K_uu_workout[46, 48]",0.028,0.031,0.003,0.085,0.001,0.002,1087.047,1224.729,1.007
"K_uu_workout[46, 49]",0.028,0.031,0.002,0.084,0.001,0.002,1088.662,1224.729,1.007
"K_uu_workout[47, 0]",0.019,0.024,0.0,0.061,0.001,0.002,1343.808,1385.184,1.004
"K_uu_workout[47, 1]",0.019,0.025,0.0,0.062,0.001,0.002,1350.045,1365.087,1.004
"K_uu_workout[47, 2]",0.019,0.025,0.0,0.063,0.001,0.002,1355.254,1405.915,1.004
"K_uu_workout[47, 3]",0.019,0.025,0.0,0.063,0.001,0.002,1360.354,1406.218,1.004
"K_uu_workout[47, 4]",0.02,0.025,0.0,0.064,0.001,0.002,1364.19,1406.256,1.004
"K_uu_workout[47, 5]",0.02,0.025,0.0,0.065,0.001,0.002,1368.958,1427.904,1.004
"K_uu_workout[47, 6]",0.02,0.026,0.0,0.066,0.001,0.002,1374.108,1406.918,1.004
"K_uu_workout[47, 7]",0.02,0.026,0.0,0.067,0.001,0.002,1377.398,1407.331,1.004
"K_uu_workout[47, 8]",0.021,0.026,0.0,0.068,0.001,0.002,1380.005,1407.422,1.005
"K_uu_workout[47, 9]",0.021,0.026,0.0,0.068,0.001,0.002,1381.668,1450.618,1.005
"K_uu_workout[47, 10]",0.021,0.026,0.0,0.07,0.001,0.002,1383.24,1407.32,1.005
"K_uu_workout[47, 11]",0.022,0.026,0.0,0.071,0.001,0.002,1382.858,1348.083,1.005
"K_uu_workout[47, 12]",0.022,0.027,0.0,0.071,0.001,0.002,1381.467,1366.941,1.005
"K_uu_workout[47, 13]",0.022,0.027,0.001,0.072,0.001,0.002,1380.659,1386.728,1.005
"K_uu_workout[47, 14]",0.022,0.027,0.001,0.073,0.001,0.002,1378.194,1386.747,1.005
"K_uu_workout[47, 15]",0.023,0.027,0.001,0.073,0.001,0.002,1376.786,1366.055,1.005
"K_uu_workout[47, 16]",0.023,0.027,0.001,0.073,0.001,0.002,1372.656,1366.769,1.006
"K_uu_workout[47, 17]",0.023,0.028,0.001,0.074,0.001,0.002,1370.35,1328.922,1.006
"K_uu_workout[47, 18]",0.023,0.028,0.0,0.074,0.001,0.002,1364.622,1329.035,1.006
"K_uu_workout[47, 19]",0.024,0.028,0.0,0.074,0.001,0.002,1359.807,1347.006,1.006
"K_uu_workout[47, 20]",0.024,0.028,0.001,0.076,0.001,0.002,1354.359,1365.667,1.006
"K_uu_workout[47, 21]",0.024,0.028,0.001,0.076,0.001,0.002,1347.774,1345.46,1.006
"K_uu_workout[47, 22]",0.024,0.028,0.001,0.077,0.001,0.002,1339.62,1365.269,1.006
"K_uu_workout[47, 23]",0.025,0.028,0.001,0.078,0.001,0.002,1332.041,1385.158,1.006
"K_uu_workout[47, 24]",0.025,0.029,0.002,0.079,0.001,0.002,1324.69,1367.28,1.006
"K_uu_workout[47, 25]",0.025,0.029,0.002,0.079,0.001,0.002,1315.63,1347.838,1.006
"K_uu_workout[47, 26]",0.025,0.029,0.002,0.079,0.001,0.002,1298.171,1348.13,1.006
"K_uu_workout[47, 27]",0.026,0.029,0.002,0.08,0.001,0.002,1276.584,1347.254,1.006
"K_uu_workout[47, 28]",0.026,0.029,0.001,0.08,0.001,0.002,1254.146,1310.687,1.006
"K_uu_workout[47, 29]",0.026,0.029,0.001,0.08,0.001,0.002,1234.77,1311.016,1.006
"K_uu_workout[47, 30]",0.026,0.029,0.002,0.081,0.001,0.002,1217.367,1311.016,1.007
"K_uu_workout[47, 31]",0.026,0.03,0.002,0.081,0.001,0.002,1200.206,1310.578,1.007
"K_uu_workout[47, 32]",0.027,0.03,0.002,0.082,0.001,0.002,1182.713,1258.194,1.007
"K_uu_workout[47, 33]",0.027,0.03,0.002,0.082,0.001,0.002,1170.989,1258.443,1.007
"K_uu_workout[47, 34]",0.027,0.03,0.002,0.082,0.001,0.002,1156.133,1225.761,1.007
"K_uu_workout[47, 35]",0.027,0.03,0.002,0.082,0.001,0.002,1143.683,1275.063,1.007
"K_uu_workout[47, 36]",0.027,0.03,0.002,0.083,0.001,0.002,1130.921,1275.063,1.007
"K_uu_workout[47, 37]",0.027,0.03,0.002,0.083,0.001,0.002,1121.698,1257.596,1.007
"K_uu_workout[47, 38]",0.027,0.03,0.002,0.083,0.001,0.002,1113.72,1257.596,1.007
"K_uu_workout[47, 39]",0.028,0.03,0.003,0.084,0.001,0.002,1109.222,1209.434,1.007
"K_uu_workout[47, 40]",0.028,0.03,0.002,0.084,0.001,0.002,1103.272,1240.654,1.007
"K_uu_workout[47, 41]",0.028,0.03,0.002,0.084,0.001,0.002,1098.769,1224.635,1.007
"K_uu_workout[47, 42]",0.028,0.031,0.002,0.084,0.001,0.002,1094.216,1225.197,1.007
"K_uu_workout[47, 43]",0.028,0.031,0.002,0.084,0.001,0.002,1090.693,1225.197,1.007
"K_uu_workout[47, 44]",0.028,0.031,0.002,0.084,0.001,0.002,1088.662,1224.729,1.007
"K_uu_workout[47, 45]",0.028,0.031,0.003,0.085,0.001,0.002,1087.047,1224.729,1.007
"K_uu_workout[47, 46]",0.028,0.031,0.002,0.084,0.001,0.002,1086.135,1224.729,1.007
"K_uu_workout[47, 47]",0.028,0.031,0.002,0.084,0.001,0.002,1085.794,1224.729,1.007
"K_uu_workout[47, 48]",0.028,0.031,0.002,0.084,0.001,0.002,1086.135,1224.729,1.007
"K_uu_workout[47, 49]",0.028,0.031,0.003,0.085,0.001,0.002,1087.047,1224.729,1.007
"K_uu_workout[48, 0]",0.018,0.024,0.0,0.06,0.001,0.001,1338.115,1405.987,1.003
"K_uu_workout[48, 1]",0.019,0.024,0.0,0.061,0.001,0.002,1343.808,1385.184,1.004
"K_uu_workout[48, 2]",0.019,0.025,0.0,0.062,0.001,0.002,1350.045,1365.087,1.004
"K_uu_workout[48, 3]",0.019,0.025,0.0,0.063,0.001,0.002,1355.254,1405.915,1.004
"K_uu_workout[48, 4]",0.019,0.025,0.0,0.063,0.001,0.002,1360.354,1406.218,1.004
"K_uu_workout[48, 5]",0.02,0.025,0.0,0.064,0.001,0.002,1364.19,1406.256,1.004
"K_uu_workout[48, 6]",0.02,0.025,0.0,0.065,0.001,0.002,1368.958,1427.904,1.004
"K_uu_workout[48, 7]",0.02,0.026,0.0,0.066,0.001,0.002,1374.108,1406.918,1.004
"K_uu_workout[48, 8]",0.02,0.026,0.0,0.067,0.001,0.002,1377.398,1407.331,1.004
"K_uu_workout[48, 9]",0.021,0.026,0.0,0.068,0.001,0.002,1380.005,1407.422,1.005
"K_uu_workout[48, 10]",0.021,0.026,0.0,0.068,0.001,0.002,1381.668,1450.618,1.005
"K_uu_workout[48, 11]",0.021,0.026,0.0,0.07,0.001,0.002,1383.24,1407.32,1.005
"K_uu_workout[48, 12]",0.022,0.026,0.0,0.071,0.001,0.002,1382.858,1348.083,1.005
"K_uu_workout[48, 13]",0.022,0.027,0.0,0.071,0.001,0.002,1381.467,1366.941,1.005
"K_uu_workout[48, 14]",0.022,0.027,0.001,0.072,0.001,0.002,1380.659,1386.728,1.005
"K_uu_workout[48, 15]",0.022,0.027,0.001,0.073,0.001,0.002,1378.194,1386.747,1.005
"K_uu_workout[48, 16]",0.023,0.027,0.001,0.073,0.001,0.002,1376.786,1366.055,1.005
"K_uu_workout[48, 17]",0.023,0.027,0.001,0.073,0.001,0.002,1372.656,1366.769,1.006
"K_uu_workout[48, 18]",0.023,0.028,0.001,0.074,0.001,0.002,1370.35,1328.922,1.006
"K_uu_workout[48, 19]",0.023,0.028,0.0,0.074,0.001,0.002,1364.622,1329.035,1.006
"K_uu_workout[48, 20]",0.024,0.028,0.0,0.074,0.001,0.002,1359.807,1347.006,1.006
"K_uu_workout[48, 21]",0.024,0.028,0.001,0.076,0.001,0.002,1354.359,1365.667,1.006
"K_uu_workout[48, 22]",0.024,0.028,0.001,0.076,0.001,0.002,1347.774,1345.46,1.006
"K_uu_workout[48, 23]",0.024,0.028,0.001,0.077,0.001,0.002,1339.62,1365.269,1.006
"K_uu_workout[48, 24]",0.025,0.028,0.001,0.078,0.001,0.002,1332.041,1385.158,1.006
"K_uu_workout[48, 25]",0.025,0.029,0.002,0.079,0.001,0.002,1324.69,1367.28,1.006
"K_uu_workout[48, 26]",0.025,0.029,0.002,0.079,0.001,0.002,1315.63,1347.838,1.006
"K_uu_workout[48, 27]",0.025,0.029,0.002,0.079,0.001,0.002,1298.171,1348.13,1.006
"K_uu_workout[48, 28]",0.026,0.029,0.002,0.08,0.001,0.002,1276.584,1347.254,1.006
"K_uu_workout[48, 29]",0.026,0.029,0.001,0.08,0.001,0.002,1254.146,1310.687,1.006
"K_uu_workout[48, 30]",0.026,0.029,0.001,0.08,0.001,0.002,1234.77,1311.016,1.006
"K_uu_workout[48, 31]",0.026,0.029,0.002,0.081,0.001,0.002,1217.367,1311.016,1.007
"K_uu_workout[48, 32]",0.026,0.03,0.002,0.081,0.001,0.002,1200.206,1310.578,1.007
"K_uu_workout[48, 33]",0.027,0.03,0.002,0.082,0.001,0.002,1182.713,1258.194,1.007
"K_uu_workout[48, 34]",0.027,0.03,0.002,0.082,0.001,0.002,1170.989,1258.443,1.007
"K_uu_workout[48, 35]",0.027,0.03,0.002,0.082,0.001,0.002,1156.133,1225.761,1.007
"K_uu_workout[48, 36]",0.027,0.03,0.002,0.082,0.001,0.002,1143.683,1275.063,1.007
"K_uu_workout[48, 37]",0.027,0.03,0.002,0.083,0.001,0.002,1130.921,1275.063,1.007
"K_uu_workout[48, 38]",0.027,0.03,0.002,0.083,0.001,0.002,1121.698,1257.596,1.007
"K_uu_workout[48, 39]",0.027,0.03,0.002,0.083,0.001,0.002,1113.72,1257.596,1.007
"K_uu_workout[48, 40]",0.028,0.03,0.003,0.084,0.001,0.002,1109.222,1209.434,1.007
"K_uu_workout[48, 41]",0.028,0.03,0.002,0.084,0.001,0.002,1103.272,1240.654,1.007
"K_uu_workout[48, 42]",0.028,0.03,0.002,0.084,0.001,0.002,1098.769,1224.635,1.007
"K_uu_workout[48, 43]",0.028,0.031,0.002,0.084,0.001,0.002,1094.216,1225.197,1.007
"K_uu_workout[48, 44]",0.028,0.031,0.002,0.084,0.001,0.002,1090.693,1225.197,1.007
"K_uu_workout[48, 45]",0.028,0.031,0.002,0.084,0.001,0.002,1088.662,1224.729,1.007
"K_uu_workout[48, 46]",0.028,0.031,0.003,0.085,0.001,0.002,1087.047,1224.729,1.007
"K_uu_workout[48, 47]",0.028,0.031,0.002,0.084,0.001,0.002,1086.135,1224.729,1.007
"K_uu_workout[48, 48]",0.028,0.031,0.002,0.084,0.001,0.002,1085.794,1224.729,1.007
"K_uu_workout[48, 49]",0.028,0.031,0.002,0.084,0.001,0.002,1086.135,1224.729,1.007
"K_uu_workout[49, 0]",0.018,0.024,0.0,0.06,0.001,0.001,1331.135,1426.848,1.003
"K_uu_workout[49, 1]",0.018,0.024,0.0,0.06,0.001,0.001,1338.115,1405.987,1.003
"K_uu_workout[49, 2]",0.019,0.024,0.0,0.061,0.001,0.002,1343.808,1385.184,1.004
"K_uu_workout[49, 3]",0.019,0.025,0.0,0.062,0.001,0.002,1350.045,1365.087,1.004
"K_uu_workout[49, 4]",0.019,0.025,0.0,0.063,0.001,0.002,1355.254,1405.915,1.004
"K_uu_workout[49, 5]",0.019,0.025,0.0,0.063,0.001,0.002,1360.354,1406.218,1.004
"K_uu_workout[49, 6]",0.02,0.025,0.0,0.064,0.001,0.002,1364.19,1406.256,1.004
"K_uu_workout[49, 7]",0.02,0.025,0.0,0.065,0.001,0.002,1368.958,1427.904,1.004
"K_uu_workout[49, 8]",0.02,0.026,0.0,0.066,0.001,0.002,1374.108,1406.918,1.004
"K_uu_workout[49, 9]",0.02,0.026,0.0,0.067,0.001,0.002,1377.398,1407.331,1.004
"K_uu_workout[49, 10]",0.021,0.026,0.0,0.068,0.001,0.002,1380.005,1407.422,1.005
"K_uu_workout[49, 11]",0.021,0.026,0.0,0.068,0.001,0.002,1381.668,1450.618,1.005
"K_uu_workout[49, 12]",0.021,0.026,0.0,0.07,0.001,0.002,1383.24,1407.32,1.005
"K_uu_workout[49, 13]",0.022,0.026,0.0,0.071,0.001,0.002,1382.858,1348.083,1.005
"K_uu_workout[49, 14]",0.022,0.027,0.0,0.071,0.001,0.002,1381.467,1366.941,1.005
"K_uu_workout[49, 15]",0.022,0.027,0.001,0.072,0.001,0.002,1380.659,1386.728,1.005
"K_uu_workout[49, 16]",0.022,0.027,0.001,0.073,0.001,0.002,1378.194,1386.747,1.005
"K_uu_workout[49, 17]",0.023,0.027,0.001,0.073,0.001,0.002,1376.786,1366.055,1.005
"K_uu_workout[49, 18]",0.023,0.027,0.001,0.073,0.001,0.002,1372.656,1366.769,1.006
"K_uu_workout[49, 19]",0.023,0.028,0.001,0.074,0.001,0.002,1370.35,1328.922,1.006
"K_uu_workout[49, 20]",0.023,0.028,0.0,0.074,0.001,0.002,1364.622,1329.035,1.006
"K_uu_workout[49, 21]",0.024,0.028,0.0,0.074,0.001,0.002,1359.807,1347.006,1.006
"K_uu_workout[49, 22]",0.024,0.028,0.001,0.076,0.001,0.002,1354.359,1365.667,1.006
"K_uu_workout[49, 23]",0.024,0.028,0.001,0.076,0.001,0.002,1347.774,1345.46,1.006
"K_uu_workout[49, 24]",0.024,0.028,0.001,0.077,0.001,0.002,1339.62,1365.269,1.006
"K_uu_workout[49, 25]",0.025,0.028,0.001,0.078,0.001,0.002,1332.041,1385.158,1.006
"K_uu_workout[49, 26]",0.025,0.029,0.002,0.079,0.001,0.002,1324.69,1367.28,1.006
"K_uu_workout[49, 27]",0.025,0.029,0.002,0.079,0.001,0.002,1315.63,1347.838,1.006
"K_uu_workout[49, 28]",0.025,0.029,0.002,0.079,0.001,0.002,1298.171,1348.13,1.006
"K_uu_workout[49, 29]",0.026,0.029,0.002,0.08,0.001,0.002,1276.584,1347.254,1.006
"K_uu_workout[49, 30]",0.026,0.029,0.001,0.08,0.001,0.002,1254.146,1310.687,1.006
"K_uu_workout[49, 31]",0.026,0.029,0.001,0.08,0.001,0.002,1234.77,1311.016,1.006
"K_uu_workout[49, 32]",0.026,0.029,0.002,0.081,0.001,0.002,1217.367,1311.016,1.007
"K_uu_workout[49, 33]",0.026,0.03,0.002,0.081,0.001,0.002,1200.206,1310.578,1.007
"K_uu_workout[49, 34]",0.027,0.03,0.002,0.082,0.001,0.002,1182.713,1258.194,1.007
"K_uu_workout[49, 35]",0.027,0.03,0.002,0.082,0.001,0.002,1170.989,1258.443,1.007
"K_uu_workout[49, 36]",0.027,0.03,0.002,0.082,0.001,0.002,1156.133,1225.761,1.007
"K_uu_workout[49, 37]",0.027,0.03,0.002,0.082,0.001,0.002,1143.683,1275.063,1.007
"K_uu_workout[49, 38]",0.027,0.03,0.002,0.083,0.001,0.002,1130.921,1275.063,1.007
"K_uu_workout[49, 39]",0.027,0.03,0.002,0.083,0.001,0.002,1121.698,1257.596,1.007
"K_uu_workout[49, 40]",0.027,0.03,0.002,0.083,0.001,0.002,1113.72,1257.596,1.007
"K_uu_workout[49, 41]",0.028,0.03,0.003,0.084,0.001,0.002,1109.222,1209.434,1.007
"K_uu_workout[49, 42]",0.028,0.03,0.002,0.084,0.001,0.002,1103.272,1240.654,1.007
"K_uu_workout[49, 43]",0.028,0.03,0.002,0.084,0.001,0.002,1098.769,1224.635,1.007
"K_uu_workout[49, 44]",0.028,0.031,0.002,0.084,0.001,0.002,1094.216,1225.197,1.007
"K_uu_workout[49, 45]",0.028,0.031,0.002,0.084,0.001,0.002,1090.693,1225.197,1.007
"K_uu_workout[49, 46]",0.028,0.031,0.002,0.084,0.001,0.002,1088.662,1224.729,1.007
"K_uu_workout[49, 47]",0.028,0.031,0.003,0.085,0.001,0.002,1087.047,1224.729,1.007
"K_uu_workout[49, 48]",0.028,0.031,0.002,0.084,0.001,0.002,1086.135,1224.729,1.007
"K_uu_workout[49, 49]",0.028,0.031,0.002,0.084,0.001,0.002,1085.794,1224.729,1.007
"L_uu_weight[0, 0]",0.965,0.215,0.597,1.374,0.005,0.004,1502.692,1556.212,1.001
"L_uu_weight[0, 1]",0.0,0.0,0.0,0.0,0.0,,2000.0,2000.0,
"L_uu_weight[0, 2]",0.0,0.0,0.0,0.0,0.0,,2000.0,2000.0,
"L_uu_weight[0, 3]",0.0,0.0,0.0,0.0,0.0,,2000.0,2000.0,
"L_uu_weight[0, 4]",0.0,0.0,0.0,0.0,0.0,,2000.0,2000.0,
"L_uu_weight[0, 5]",0.0,0.0,0.0,0.0,0.0,,2000.0,2000.0,
"L_uu_weight[0, 6]",0.0,0.0,0.0,0.0,0.0,,2000.0,2000.0,
"L_uu_weight[0, 7]",0.0,0.0,0.0,0.0,0.0,,2000.0,2000.0,
"L_uu_weight[0, 8]",0.0,0.0,0.0,0.0,0.0,,2000.0,2000.0,
"L_uu_weight[0, 9]",0.0,0.0,0.0,0.0,0.0,,2000.0,2000.0,
"L_uu_weight[0, 10]",0.0,0.0,0.0,0.0,0.0,,2000.0,2000.0,
"L_uu_weight[0, 11]",0.0,0.0,0.0,0.0,0.0,,2000.0,2000.0,
"L_uu_weight[0, 12]",0.0,0.0,0.0,0.0,0.0,,2000.0,2000.0,
"L_uu_weight[0, 13]",0.0,0.0,0.0,0.0,0.0,,2000.0,2000.0,
"L_uu_weight[0, 14]",0.0,0.0,0.0,0.0,0.0,,2000.0,2000.0,
"L_uu_weight[0, 15]",0.0,0.0,0.0,0.0,0.0,,2000.0,2000.0,
"L_uu_weight[0, 16]",0.0,0.0,0.0,0.0,0.0,,2000.0,2000.0,
"L_uu_weight[0, 17]",0.0,0.0,0.0,0.0,0.0,,2000.0,2000.0,
"L_uu_weight[0, 18]",0.0,0.0,0.0,0.0,0.0,,2000.0,2000.0,
"L_uu_weight[0, 19]",0.0,0.0,0.0,0.0,0.0,,2000.0,2000.0,
"L_uu_weight[0, 20]",0.0,0.0,0.0,0.0,0.0,,2000.0,2000.0,
"L_uu_weight[0, 21]",0.0,0.0,0.0,0.0,0.0,,2000.0,2000.0,
"L_uu_weight[0, 22]",0.0,0.0,0.0,0.0,0.0,,2000.0,2000.0,
"L_uu_weight[0, 23]",0.0,0.0,0.0,0.0,0.0,,2000.0,2000.0,
"L_uu_weight[0, 24]",0.0,0.0,0.0,0.0,0.0,,2000.0,2000.0,
"L_uu_weight[0, 25]",0.0,0.0,0.0,0.0,0.0,,2000.0,2000.0,
"L_uu_weight[0, 26]",0.0,0.0,0.0,0.0,0.0,,2000.0,2000.0,
"L_uu_weight[0, 27]",0.0,0.0,0.0,0.0,0.0,,2000.0,2000.0,
"L_uu_weight[0, 28]",0.0,0.0,0.0,0.0,0.0,,2000.0,2000.0,
"L_uu_weight[0, 29]",0.0,0.0,0.0,0.0,0.0,,2000.0,2000.0,
"L_uu_weight[0, 30]",0.0,0.0,0.0,0.0,0.0,,2000.0,2000.0,
"L_uu_weight[0, 31]",0.0,0.0,0.0,0.0,0.0,,2000.0,2000.0,
"L_uu_weight[0, 32]",0.0,0.0,0.0,0.0,0.0,,2000.0,2000.0,
"L_uu_weight[0, 33]",0.0,0.0,0.0,0.0,0.0,,2000.0,2000.0,
"L_uu_weight[0, 34]",0.0,0.0,0.0,0.0,0.0,,2000.0,2000.0,
"L_uu_weight[0, 35]",0.0,0.0,0.0,0.0,0.0,,2000.0,2000.0,
"L_uu_weight[0, 36]",0.0,0.0,0.0,0.0,0.0,,2000.0,2000.0,
"L_uu_weight[0, 37]",0.0,0.0,0.0,0.0,0.0,,2000.0,2000.0,
"L_uu_weight[0, 38]",0.0,0.0,0.0,0.0,0.0,,2000.0,2000.0,
"L_uu_weight[0, 39]",0.0,0.0,0.0,0.0,0.0,,2000.0,2000.0,
"L_uu_weight[0, 40]",0.0,0.0,0.0,0.0,0.0,,2000.0,2000.0,
"L_uu_weight[0, 41]",0.0,0.0,0.0,0.0,0.0,,2000.0,2000.0,
"L_uu_weight[0, 42]",0.0,0.0,0.0,0.0,0.0,,2000.0,2000.0,
"L_uu_weight[0, 43]",0.0,0.0,0.0,0.0,0.0,,2000.0,2000.0,
"L_uu_weight[0, 44]",0.0,0.0,0.0,0.0,0.0,,2000.0,2000.0,
"L_uu_weight[0, 45]",0.0,0.0,0.0,0.0,0.0,,2000.0,2000.0,
"L_uu_weight[0, 46]",0.0,0.0,0.0,0.0,0.0,,2000.0,2000.0,
"L_uu_weight[0, 47]",0.0,0.0,0.0,0.0,0.0,,2000.0,2000.0,
"L_uu_weight[0, 48]",0.0,0.0,0.0,0.0,0.0,,2000.0,2000.0,
"L_uu_weight[0, 49]",0.0,0.0,0.0,0.0,0.0,,2000.0,2000.0,
"L_uu_weight[1, 0]",0.959,0.214,0.593,1.368,0.005,0.004,1508.349,1582.253,1.001
"L_uu_weight[1, 1]",0.105,0.025,0.064,0.151,0.001,0.001,1125.036,1326.732,1.002
"L_uu_weight[1, 2]",0.0,0.0,0.0,0.0,0.0,,2000.0,2000.0,
"L_uu_weight[1, 3]",0.0,0.0,0.0,0.0,0.0,,2000.0,2000.0,
"L_uu_weight[1, 4]",0.0,0.0,0.0,0.0,0.0,,2000.0,2000.0,
"L_uu_weight[1, 5]",0.0,0.0,0.0,0.0,0.0,,2000.0,2000.0,
"L_uu_weight[1, 6]",0.0,0.0,0.0,0.0,0.0,,2000.0,2000.0,
"L_uu_weight[1, 7]",0.0,0.0,0.0,0.0,0.0,,2000.0,2000.0,
"L_uu_weight[1, 8]",0.0,0.0,0.0,0.0,0.0,,2000.0,2000.0,
"L_uu_weight[1, 9]",0.0,0.0,0.0,0.0,0.0,,2000.0,2000.0,
"L_uu_weight[1, 10]",0.0,0.0,0.0,0.0,0.0,,2000.0,2000.0,
"L_uu_weight[1, 11]",0.0,0.0,0.0,0.0,0.0,,2000.0,2000.0,
"L_uu_weight[1, 12]",0.0,0.0,0.0,0.0,0.0,,2000.0,2000.0,
"L_uu_weight[1, 13]",0.0,0.0,0.0,0.0,0.0,,2000.0,2000.0,
"L_uu_weight[1, 14]",0.0,0.0,0.0,0.0,0.0,,2000.0,2000.0,
"L_uu_weight[1, 15]",0.0,0.0,0.0,0.0,0.0,,2000.0,2000.0,
"L_uu_weight[1, 16]",0.0,0.0,0.0,0.0,0.0,,2000.0,2000.0,
"L_uu_weight[1, 17]",0.0,0.0,0.0,0.0,0.0,,2000.0,2000.0,
"L_uu_weight[1, 18]",0.0,0.0,0.0,0.0,0.0,,2000.0,2000.0,
"L_uu_weight[1, 19]",0.0,0.0,0.0,0.0,0.0,,2000.0,2000.0,
"L_uu_weight[1, 20]",0.0,0.0,0.0,0.0,0.0,,2000.0,2000.0,
"L_uu_weight[1, 21]",0.0,0.0,0.0,0.0,0.0,,2000.0,2000.0,
"L_uu_weight[1, 22]",0.0,0.0,0.0,0.0,0.0,,2000.0,2000.0,
"L_uu_weight[1, 23]",0.0,0.0,0.0,0.0,0.0,,2000.0,2000.0,
"L_uu_weight[1, 24]",0.0,0.0,0.0,0.0,0.0,,2000.0,2000.0,
"L_uu_weight[1, 25]",0.0,0.0,0.0,0.0,0.0,,2000.0,2000.0,
"L_uu_weight[1, 26]",0.0,0.0,0.0,0.0,0.0,,2000.0,2000.0,
"L_uu_weight[1, 27]",0.0,0.0,0.0,0.0,0.0,,2000.0,2000.0,
"L_uu_weight[1, 28]",0.0,0.0,0.0,0.0,0.0,,2000.0,2000.0,
"L_uu_weight[1, 29]",0.0,0.0,0.0,0.0,0.0,,2000.0,2000.0,
"L_uu_weight[1, 30]",0.0,0.0,0.0,0.0,0.0,,2000.0,2000.0,
"L_uu_weight[1, 31]",0.0,0.0,0.0,0.0,0.0,,2000.0,2000.0,
"L_uu_weight[1, 32]",0.0,0.0,0.0,0.0,0.0,,2000.0,2000.0,
"L_uu_weight[1, 33]",0.0,0.0,0.0,0.0,0.0,,2000.0,2000.0,
"L_uu_weight[1, 34]",0.0,0.0,0.0,0.0,0.0,,2000.0,2000.0,
"L_uu_weight[1, 35]",0.0,0.0,0.0,0.0,0.0,,2000.0,2000.0,
"L_uu_weight[1, 36]",0.0,0.0,0.0,0.0,0.0,,2000.0,2000.0,
"L_uu_weight[1, 37]",0.0,0.0,0.0,0.0,0.0,,2000.0,2000.0,
"L_uu_weight[1, 38]",0.0,0.0,0.0,0.0,0.0,,2000.0,2000.0,
"L_uu_weight[1, 39]",0.0,0.0,0.0,0.0,0.0,,2000.0,2000.0,
"L_uu_weight[1, 40]",0.0,0.0,0.0,0.0,0.0,,2000.0,2000.0,
"L_uu_weight[1, 41]",0.0,0.0,0.0,0.0,0.0,,2000.0,2000.0,
"L_uu_weight[1, 42]",0.0,0.0,0.0,0.0,0.0,,2000.0,2000.0,
"L_uu_weight[1, 43]",0.0,0.0,0.0,0.0,0.0,,2000.0,2000.0,
"L_uu_weight[1, 44]",0.0,0.0,0.0,0.0,0.0,,2000.0,2000.0,
"L_uu_weight[1, 45]",0.0,0.0,0.0,0.0,0.0,,2000.0,2000.0,
"L_uu_weight[1, 46]",0.0,0.0,0.0,0.0,0.0,,2000.0,2000.0,
"L_uu_weight[1, 47]",0.0,0.0,0.0,0.0,0.0,,2000.0,2000.0,
"L_uu_weight[1, 48]",0.0,0.0,0.0,0.0,0.0,,2000.0,2000.0,
"L_uu_weight[1, 49]",0.0,0.0,0.0,0.0,0.0,,2000.0,2000.0,
"L_uu_weight[2, 0]",0.941,0.212,0.565,1.337,0.005,0.004,1522.167,1637.989,1.001
"L_uu_weight[2, 1]",0.205,0.048,0.125,0.294,0.001,0.001,1127.276,1313.812,1.002
"L_uu_weight[2, 2]",0.029,0.007,0.018,0.041,0.0,0.0,1152.907,1341.634,1.0
"L_uu_weight[2, 3]",0.0,0.0,0.0,0.0,0.0,,2000.0,2000.0,
"L_uu_weight[2, 4]",0.0,0.0,0.0,0.0,0.0,,2000.0,2000.0,
"L_uu_weight[2, 5]",0.0,0.0,0.0,0.0,0.0,,2000.0,2000.0,
"L_uu_weight[2, 6]",0.0,0.0,0.0,0.0,0.0,,2000.0,2000.0,
"L_uu_weight[2, 7]",0.0,0.0,0.0,0.0,0.0,,2000.0,2000.0,
"L_uu_weight[2, 8]",0.0,0.0,0.0,0.0,0.0,,2000.0,2000.0,
"L_uu_weight[2, 9]",0.0,0.0,0.0,0.0,0.0,,2000.0,2000.0,
"L_uu_weight[2, 10]",0.0,0.0,0.0,0.0,0.0,,2000.0,2000.0,
"L_uu_weight[2, 11]",0.0,0.0,0.0,0.0,0.0,,2000.0,2000.0,
"L_uu_weight[2, 12]",0.0,0.0,0.0,0.0,0.0,,2000.0,2000.0,
"L_uu_weight[2, 13]",0.0,0.0,0.0,0.0,0.0,,2000.0,2000.0,
"L_uu_weight[2, 14]",0.0,0.0,0.0,0.0,0.0,,2000.0,2000.0,
"L_uu_weight[2, 15]",0.0,0.0,0.0,0.0,0.0,,2000.0,2000.0,
"L_uu_weight[2, 16]",0.0,0.0,0.0,0.0,0.0,,2000.0,2000.0,
"L_uu_weight[2, 17]",0.0,0.0,0.0,0.0,0.0,,2000.0,2000.0,
"L_uu_weight[2, 18]",0.0,0.0,0.0,0.0,0.0,,2000.0,2000.0,
"L_uu_weight[2, 19]",0.0,0.0,0.0,0.0,0.0,,2000.0,2000.0,
"L_uu_weight[2, 20]",0.0,0.0,0.0,0.0,0.0,,2000.0,2000.0,
"L_uu_weight[2, 21]",0.0,0.0,0.0,0.0,0.0,,2000.0,2000.0,
"L_uu_weight[2, 22]",0.0,0.0,0.0,0.0,0.0,,2000.0,2000.0,
"L_uu_weight[2, 23]",0.0,0.0,0.0,0.0,0.0,,2000.0,2000.0,
"L_uu_weight[2, 24]",0.0,0.0,0.0,0.0,0.0,,2000.0,2000.0,
"L_uu_weight[2, 25]",0.0,0.0,0.0,0.0,0.0,,2000.0,2000.0,
"L_uu_weight[2, 26]",0.0,0.0,0.0,0.0,0.0,,2000.0,2000.0,
"L_uu_weight[2, 27]",0.0,0.0,0.0,0.0,0.0,,2000.0,2000.0,
"L_uu_weight[2, 28]",0.0,0.0,0.0,0.0,0.0,,2000.0,2000.0,
"L_uu_weight[2, 29]",0.0,0.0,0.0,0.0,0.0,,2000.0,2000.0,
"L_uu_weight[2, 30]",0.0,0.0,0.0,0.0,0.0,,2000.0,2000.0,
"L_uu_weight[2, 31]",0.0,0.0,0.0,0.0,0.0,,2000.0,2000.0,
"L_uu_weight[2, 32]",0.0,0.0,0.0,0.0,0.0,,2000.0,2000.0,
"L_uu_weight[2, 33]",0.0,0.0,0.0,0.0,0.0,,2000.0,2000.0,
"L_uu_weight[2, 34]",0.0,0.0,0.0,0.0,0.0,,2000.0,2000.0,
"L_uu_weight[2, 35]",0.0,0.0,0.0,0.0,0.0,,2000.0,2000.0,
"L_uu_weight[2, 36]",0.0,0.0,0.0,0.0,0.0,,2000.0,2000.0,
"L_uu_weight[2, 37]",0.0,0.0,0.0,0.0,0.0,,2000.0,2000.0,
"L_uu_weight[2, 38]",0.0,0.0,0.0,0.0,0.0,,2000.0,2000.0,
"L_uu_weight[2, 39]",0.0,0.0,0.0,0.0,0.0,,2000.0,2000.0,
"L_uu_weight[2, 40]",0.0,0.0,0.0,0.0,0.0,,2000.0,2000.0,
"L_uu_weight[2, 41]",0.0,0.0,0.0,0.0,0.0,,2000.0,2000.0,
"L_uu_weight[2, 42]",0.0,0.0,0.0,0.0,0.0,,2000.0,2000.0,
"L_uu_weight[2, 43]",0.0,0.0,0.0,0.0,0.0,,2000.0,2000.0,
"L_uu_weight[2, 44]",0.0,0.0,0.0,0.0,0.0,,2000.0,2000.0,
"L_uu_weight[2, 45]",0.0,0.0,0.0,0.0,0.0,,2000.0,2000.0,
"L_uu_weight[2, 46]",0.0,0.0,0.0,0.0,0.0,,2000.0,2000.0,
"L_uu_weight[2, 47]",0.0,0.0,0.0,0.0,0.0,,2000.0,2000.0,
"L_uu_weight[2, 48]",0.0,0.0,0.0,0.0,0.0,,2000.0,2000.0,
"L_uu_weight[2, 49]",0.0,0.0,0.0,0.0,0.0,,2000.0,2000.0,
"L_uu_weight[3, 0]",0.913,0.21,0.553,1.32,0.005,0.004,1538.554,1630.207,1.001
"L_uu_weight[3, 1]",0.3,0.069,0.175,0.418,0.002,0.002,1151.034,1330.984,1.002
"L_uu_weight[3, 2]",0.054,0.016,0.029,0.083,0.001,0.001,1007.687,1023.636,1.004
"L_uu_weight[3, 3]",0.028,0.006,0.017,0.039,0.0,0.0,1214.112,1327.541,1.001
"L_uu_weight[3, 4]",0.0,0.0,0.0,0.0,0.0,,2000.0,2000.0,
"L_uu_weight[3, 5]",0.0,0.0,0.0,0.0,0.0,,2000.0,2000.0,
"L_uu_weight[3, 6]",0.0,0.0,0.0,0.0,0.0,,2000.0,2000.0,
"L_uu_weight[3, 7]",0.0,0.0,0.0,0.0,0.0,,2000.0,2000.0,
"L_uu_weight[3, 8]",0.0,0.0,0.0,0.0,0.0,,2000.0,2000.0,
"L_uu_weight[3, 9]",0.0,0.0,0.0,0.0,0.0,,2000.0,2000.0,
"L_uu_weight[3, 10]",0.0,0.0,0.0,0.0,0.0,,2000.0,2000.0,
"L_uu_weight[3, 11]",0.0,0.0,0.0,0.0,0.0,,2000.0,2000.0,
"L_uu_weight[3, 12]",0.0,0.0,0.0,0.0,0.0,,2000.0,2000.0,
"L_uu_weight[3, 13]",0.0,0.0,0.0,0.0,0.0,,2000.0,2000.0,
"L_uu_weight[3, 14]",0.0,0.0,0.0,0.0,0.0,,2000.0,2000.0,
"L_uu_weight[3, 15]",0.0,0.0,0.0,0.0,0.0,,2000.0,2000.0,
"L_uu_weight[3, 16]",0.0,0.0,0.0,0.0,0.0,,2000.0,2000.0,
"L_uu_weight[3, 17]",0.0,0.0,0.0,0.0,0.0,,2000.0,2000.0,
"L_uu_weight[3, 18]",0.0,0.0,0.0,0.0,0.0,,2000.0,2000.0,
"L_uu_weight[3, 19]",0.0,0.0,0.0,0.0,0.0,,2000.0,2000.0,
"L_uu_weight[3, 20]",0.0,0.0,0.0,0.0,0.0,,2000.0,2000.0,
"L_uu_weight[3, 21]",0.0,0.0,0.0,0.0,0.0,,2000.0,2000.0,
"L_uu_weight[3, 22]",0.0,0.0,0.0,0.0,0.0,,2000.0,2000.0,
"L_uu_weight[3, 23]",0.0,0.0,0.0,0.0,0.0,,2000.0,2000.0,
"L_uu_weight[3, 24]",0.0,0.0,0.0,0.0,0.0,,2000.0,2000.0,
"L_uu_weight[3, 25]",0.0,0.0,0.0,0.0,0.0,,2000.0,2000.0,
"L_uu_weight[3, 26]",0.0,0.0,0.0,0.0,0.0,,2000.0,2000.0,
"L_uu_weight[3, 27]",0.0,0.0,0.0,0.0,0.0,,2000.0,2000.0,
"L_uu_weight[3, 28]",0.0,0.0,0.0,0.0,0.0,,2000.0,2000.0,
"L_uu_weight[3, 29]",0.0,0.0,0.0,0.0,0.0,,2000.0,2000.0,
"L_uu_weight[3, 30]",0.0,0.0,0.0,0.0,0.0,,2000.0,2000.0,
"L_uu_weight[3, 31]",0.0,0.0,0.0,0.0,0.0,,2000.0,2000.0,
"L_uu_weight[3, 32]",0.0,0.0,0.0,0.0,0.0,,2000.0,2000.0,
"L_uu_weight[3, 33]",0.0,0.0,0.0,0.0,0.0,,2000.0,2000.0,
"L_uu_weight[3, 34]",0.0,0.0,0.0,0.0,0.0,,2000.0,2000.0,
"L_uu_weight[3, 35]",0.0,0.0,0.0,0.0,0.0,,2000.0,2000.0,
"L_uu_weight[3, 36]",0.0,0.0,0.0,0.0,0.0,,2000.0,2000.0,
"L_uu_weight[3, 37]",0.0,0.0,0.0,0.0,0.0,,2000.0,2000.0,
"L_uu_weight[3, 38]",0.0,0.0,0.0,0.0,0.0,,2000.0,2000.0,
"L_uu_weight[3, 39]",0.0,0.0,0.0,0.0,0.0,,2000.0,2000.0,
"L_uu_weight[3, 40]",0.0,0.0,0.0,0.0,0.0,,2000.0,2000.0,
"L_uu_weight[3, 41]",0.0,0.0,0.0,0.0,0.0,,2000.0,2000.0,
"L_uu_weight[3, 42]",0.0,0.0,0.0,0.0,0.0,,2000.0,2000.0,
"L_uu_weight[3, 43]",0.0,0.0,0.0,0.0,0.0,,2000.0,2000.0,
"L_uu_weight[3, 44]",0.0,0.0,0.0,0.0,0.0,,2000.0,2000.0,
"L_uu_weight[3, 45]",0.0,0.0,0.0,0.0,0.0,,2000.0,2000.0,
"L_uu_weight[3, 46]",0.0,0.0,0.0,0.0,0.0,,2000.0,2000.0,
"L_uu_weight[3, 47]",0.0,0.0,0.0,0.0,0.0,,2000.0,2000.0,
"L_uu_weight[3, 48]",0.0,0.0,0.0,0.0,0.0,,2000.0,2000.0,
"L_uu_weight[3, 49]",0.0,0.0,0.0,0.0,0.0,,2000.0,2000.0,
"L_uu_weight[4, 0]",0.876,0.207,0.508,1.266,0.005,0.004,1548.223,1615.83,1.002
"L_uu_weight[4, 1]",0.384,0.086,0.226,0.53,0.002,0.002,1188.206,1304.829,1.002
"L_uu_weight[4, 2]",0.088,0.03,0.046,0.146,0.001,0.001,986.814,1012.32,1.004
"L_uu_weight[4, 3]",0.052,0.013,0.029,0.075,0.0,0.0,1103.063,1272.616,1.002
"L_uu_weight[4, 4]",0.026,0.005,0.017,0.036,0.0,0.0,1264.815,1399.583,1.0
"L_uu_weight[4, 5]",0.0,0.0,0.0,0.0,0.0,,2000.0,2000.0,
"L_uu_weight[4, 6]",0.0,0.0,0.0,0.0,0.0,,2000.0,2000.0,
"L_uu_weight[4, 7]",0.0,0.0,0.0,0.0,0.0,,2000.0,2000.0,
"L_uu_weight[4, 8]",0.0,0.0,0.0,0.0,0.0,,2000.0,2000.0,
"L_uu_weight[4, 9]",0.0,0.0,0.0,0.0,0.0,,2000.0,2000.0,
"L_uu_weight[4, 10]",0.0,0.0,0.0,0.0,0.0,,2000.0,2000.0,
"L_uu_weight[4, 11]",0.0,0.0,0.0,0.0,0.0,,2000.0,2000.0,
"L_uu_weight[4, 12]",0.0,0.0,0.0,0.0,0.0,,2000.0,2000.0,
"L_uu_weight[4, 13]",0.0,0.0,0.0,0.0,0.0,,2000.0,2000.0,
"L_uu_weight[4, 14]",0.0,0.0,0.0,0.0,0.0,,2000.0,2000.0,
"L_uu_weight[4, 15]",0.0,0.0,0.0,0.0,0.0,,2000.0,2000.0,
"L_uu_weight[4, 16]",0.0,0.0,0.0,0.0,0.0,,2000.0,2000.0,
"L_uu_weight[4, 17]",0.0,0.0,0.0,0.0,0.0,,2000.0,2000.0,
"L_uu_weight[4, 18]",0.0,0.0,0.0,0.0,0.0,,2000.0,2000.0,
"L_uu_weight[4, 19]",0.0,0.0,0.0,0.0,0.0,,2000.0,2000.0,
"L_uu_weight[4, 20]",0.0,0.0,0.0,0.0,0.0,,2000.0,2000.0,
"L_uu_weight[4, 21]",0.0,0.0,0.0,0.0,0.0,,2000.0,2000.0,
"L_uu_weight[4, 22]",0.0,0.0,0.0,0.0,0.0,,2000.0,2000.0,
"L_uu_weight[4, 23]",0.0,0.0,0.0,0.0,0.0,,2000.0,2000.0,
"L_uu_weight[4, 24]",0.0,0.0,0.0,0.0,0.0,,2000.0,2000.0,
"L_uu_weight[4, 25]",0.0,0.0,0.0,0.0,0.0,,2000.0,2000.0,
"L_uu_weight[4, 26]",0.0,0.0,0.0,0.0,0.0,,2000.0,2000.0,
"L_uu_weight[4, 27]",0.0,0.0,0.0,0.0,0.0,,2000.0,2000.0,
"L_uu_weight[4, 28]",0.0,0.0,0.0,0.0,0.0,,2000.0,2000.0,
"L_uu_weight[4, 29]",0.0,0.0,0.0,0.0,0.0,,2000.0,2000.0,
"L_uu_weight[4, 30]",0.0,0.0,0.0,0.0,0.0,,2000.0,2000.0,
"L_uu_weight[4, 31]",0.0,0.0,0.0,0.0,0.0,,2000.0,2000.0,
"L_uu_weight[4, 32]",0.0,0.0,0.0,0.0,0.0,,2000.0,2000.0,
"L_uu_weight[4, 33]",0.0,0.0,0.0,0.0,0.0,,2000.0,2000.0,
"L_uu_weight[4, 34]",0.0,0.0,0.0,0.0,0.0,,2000.0,2000.0,
"L_uu_weight[4, 35]",0.0,0.0,0.0,0.0,0.0,,2000.0,2000.0,
"L_uu_weight[4, 36]",0.0,0.0,0.0,0.0,0.0,,2000.0,2000.0,
"L_uu_weight[4, 37]",0.0,0.0,0.0,0.0,0.0,,2000.0,2000.0,
"L_uu_weight[4, 38]",0.0,0.0,0.0,0.0,0.0,,2000.0,2000.0,
"L_uu_weight[4, 39]",0.0,0.0,0.0,0.0,0.0,,2000.0,2000.0,
"L_uu_weight[4, 40]",0.0,0.0,0.0,0.0,0.0,,2000.0,2000.0,
"L_uu_weight[4, 41]",0.0,0.0,0.0,0.0,0.0,,2000.0,2000.0,
"L_uu_weight[4, 42]",0.0,0.0,0.0,0.0,0.0,,2000.0,2000.0,
"L_uu_weight[4, 43]",0.0,0.0,0.0,0.0,0.0,,2000.0,2000.0,
"L_uu_weight[4, 44]",0.0,0.0,0.0,0.0,0.0,,2000.0,2000.0,
"L_uu_weight[4, 45]",0.0,0.0,0.0,0.0,0.0,,2000.0,2000.0,
"L_uu_weight[4, 46]",0.0,0.0,0.0,0.0,0.0,,2000.0,2000.0,
"L_uu_weight[4, 47]",0.0,0.0,0.0,0.0,0.0,,2000.0,2000.0,
"L_uu_weight[4, 48]",0.0,0.0,0.0,0.0,0.0,,2000.0,2000.0,
"L_uu_weight[4, 49]",0.0,0.0,0.0,0.0,0.0,,2000.0,2000.0,
"L_uu_weight[5, 0]",0.83,0.205,0.497,1.238,0.005,0.004,1504.628,1472.286,1.002
"L_uu_weight[5, 1]",0.456,0.098,0.289,0.64,0.003,0.002,1228.316,1345.426,1.002
"L_uu_weight[5, 2]",0.128,0.046,0.065,0.216,0.002,0.002,983.634,1001.712,1.003
"L_uu_weight[5, 3]",0.087,0.023,0.05,0.131,0.001,0.001,1094.017,1241.351,1.002
"L_uu_weight[5, 4]",0.044,0.01,0.027,0.062,0.0,0.0,1120.994,1251.342,1.002
"L_uu_weight[5, 5]",0.023,0.005,0.015,0.033,0.0,0.0,1245.188,1478.297,1.0
"L_uu_weight[5, 6]",0.0,0.0,0.0,0.0,0.0,,2000.0,2000.0,
"L_uu_weight[5, 7]",0.0,0.0,0.0,0.0,0.0,,2000.0,2000.0,
"L_uu_weight[5, 8]",0.0,0.0,0.0,0.0,0.0,,2000.0,2000.0,
"L_uu_weight[5, 9]",0.0,0.0,0.0,0.0,0.0,,2000.0,2000.0,
"L_uu_weight[5, 10]",0.0,0.0,0.0,0.0,0.0,,2000.0,2000.0,
"L_uu_weight[5, 11]",0.0,0.0,0.0,0.0,0.0,,2000.0,2000.0,
"L_uu_weight[5, 12]",0.0,0.0,0.0,0.0,0.0,,2000.0,2000.0,
"L_uu_weight[5, 13]",0.0,0.0,0.0,0.0,0.0,,2000.0,2000.0,
"L_uu_weight[5, 14]",0.0,0.0,0.0,0.0,0.0,,2000.0,2000.0,
"L_uu_weight[5, 15]",0.0,0.0,0.0,0.0,0.0,,2000.0,2000.0,
"L_uu_weight[5, 16]",0.0,0.0,0.0,0.0,0.0,,2000.0,2000.0,
"L_uu_weight[5, 17]",0.0,0.0,0.0,0.0,0.0,,2000.0,2000.0,
"L_uu_weight[5, 18]",0.0,0.0,0.0,0.0,0.0,,2000.0,2000.0,
"L_uu_weight[5, 19]",0.0,0.0,0.0,0.0,0.0,,2000.0,2000.0,
"L_uu_weight[5, 20]",0.0,0.0,0.0,0.0,0.0,,2000.0,2000.0,
"L_uu_weight[5, 21]",0.0,0.0,0.0,0.0,0.0,,2000.0,2000.0,
"L_uu_weight[5, 22]",0.0,0.0,0.0,0.0,0.0,,2000.0,2000.0,
"L_uu_weight[5, 23]",0.0,0.0,0.0,0.0,0.0,,2000.0,2000.0,
"L_uu_weight[5, 24]",0.0,0.0,0.0,0.0,0.0,,2000.0,2000.0,
"L_uu_weight[5, 25]",0.0,0.0,0.0,0.0,0.0,,2000.0,2000.0,
"L_uu_weight[5, 26]",0.0,0.0,0.0,0.0,0.0,,2000.0,2000.0,
"L_uu_weight[5, 27]",0.0,0.0,0.0,0.0,0.0,,2000.0,2000.0,
"L_uu_weight[5, 28]",0.0,0.0,0.0,0.0,0.0,,2000.0,2000.0,
"L_uu_weight[5, 29]",0.0,0.0,0.0,0.0,0.0,,2000.0,2000.0,
"L_uu_weight[5, 30]",0.0,0.0,0.0,0.0,0.0,,2000.0,2000.0,
"L_uu_weight[5, 31]",0.0,0.0,0.0,0.0,0.0,,2000.0,2000.0,
"L_uu_weight[5, 32]",0.0,0.0,0.0,0.0,0.0,,2000.0,2000.0,
"L_uu_weight[5, 33]",0.0,0.0,0.0,0.0,0.0,,2000.0,2000.0,
"L_uu_weight[5, 34]",0.0,0.0,0.0,0.0,0.0,,2000.0,2000.0,
"L_uu_weight[5, 35]",0.0,0.0,0.0,0.0,0.0,,2000.0,2000.0,
"L_uu_weight[5, 36]",0.0,0.0,0.0,0.0,0.0,,2000.0,2000.0,
"L_uu_weight[5, 37]",0.0,0.0,0.0,0.0,0.0,,2000.0,2000.0,
"L_uu_weight[5, 38]",0.0,0.0,0.0,0.0,0.0,,2000.0,2000.0,
"L_uu_weight[5, 39]",0.0,0.0,0.0,0.0,0.0,,2000.0,2000.0,
"L_uu_weight[5, 40]",0.0,0.0,0.0,0.0,0.0,,2000.0,2000.0,
"L_uu_weight[5, 41]",0.0,0.0,0.0,0.0,0.0,,2000.0,2000.0,
"L_uu_weight[5, 42]",0.0,0.0,0.0,0.0,0.0,,2000.0,2000.0,
"L_uu_weight[5, 43]",0.0,0.0,0.0,0.0,0.0,,2000.0,2000.0,
"L_uu_weight[5, 44]",0.0,0.0,0.0,0.0,0.0,,2000.0,2000.0,
"L_uu_weight[5, 45]",0.0,0.0,0.0,0.0,0.0,,2000.0,2000.0,
"L_uu_weight[5, 46]",0.0,0.0,0.0,0.0,0.0,,2000.0,2000.0,
"L_uu_weight[5, 47]",0.0,0.0,0.0,0.0,0.0,,2000.0,2000.0,
"L_uu_weight[5, 48]",0.0,0.0,0.0,0.0,0.0,,2000.0,2000.0,
"L_uu_weight[5, 49]",0.0,0.0,0.0,0.0,0.0,,2000.0,2000.0,
"L_uu_weight[6, 0]",0.777,0.202,0.454,1.192,0.005,0.004,1455.734,1534.022,1.003
"L_uu_weight[6, 1]",0.513,0.107,0.335,0.712,0.003,0.002,1273.165,1536.091,1.001
"L_uu_weight[6, 2]",0.169,0.061,0.085,0.287,0.002,0.002,989.766,1045.984,1.003
"L_uu_weight[6, 3]",0.127,0.034,0.074,0.192,0.001,0.001,1098.241,1272.616,1.002
"L_uu_weight[6, 4]",0.071,0.017,0.043,0.102,0.001,0.001,1083.856,1252.896,1.003
"L_uu_weight[6, 5]",0.038,0.01,0.023,0.056,0.0,0.0,1055.966,1158.971,1.003
"L_uu_weight[6, 6]",0.022,0.005,0.015,0.032,0.0,0.0,1231.412,1408.408,1.0
"L_uu_weight[6, 7]",0.0,0.0,0.0,0.0,0.0,,2000.0,2000.0,
"L_uu_weight[6, 8]",0.0,0.0,0.0,0.0,0.0,,2000.0,2000.0,
"L_uu_weight[6, 9]",0.0,0.0,0.0,0.0,0.0,,2000.0,2000.0,
"L_uu_weight[6, 10]",0.0,0.0,0.0,0.0,0.0,,2000.0,2000.0,
"L_uu_weight[6, 11]",0.0,0.0,0.0,0.0,0.0,,2000.0,2000.0,
"L_uu_weight[6, 12]",0.0,0.0,0.0,0.0,0.0,,2000.0,2000.0,
"L_uu_weight[6, 13]",0.0,0.0,0.0,0.0,0.0,,2000.0,2000.0,
"L_uu_weight[6, 14]",0.0,0.0,0.0,0.0,0.0,,2000.0,2000.0,
"L_uu_weight[6, 15]",0.0,0.0,0.0,0.0,0.0,,2000.0,2000.0,
"L_uu_weight[6, 16]",0.0,0.0,0.0,0.0,0.0,,2000.0,2000.0,
"L_uu_weight[6, 17]",0.0,0.0,0.0,0.0,0.0,,2000.0,2000.0,
"L_uu_weight[6, 18]",0.0,0.0,0.0,0.0,0.0,,2000.0,2000.0,
"L_uu_weight[6, 19]",0.0,0.0,0.0,0.0,0.0,,2000.0,2000.0,
"L_uu_weight[6, 20]",0.0,0.0,0.0,0.0,0.0,,2000.0,2000.0,
"L_uu_weight[6, 21]",0.0,0.0,0.0,0.0,0.0,,2000.0,2000.0,
"L_uu_weight[6, 22]",0.0,0.0,0.0,0.0,0.0,,2000.0,2000.0,
"L_uu_weight[6, 23]",0.0,0.0,0.0,0.0,0.0,,2000.0,2000.0,
"L_uu_weight[6, 24]",0.0,0.0,0.0,0.0,0.0,,2000.0,2000.0,
"L_uu_weight[6, 25]",0.0,0.0,0.0,0.0,0.0,,2000.0,2000.0,
"L_uu_weight[6, 26]",0.0,0.0,0.0,0.0,0.0,,2000.0,2000.0,
"L_uu_weight[6, 27]",0.0,0.0,0.0,0.0,0.0,,2000.0,2000.0,
"L_uu_weight[6, 28]",0.0,0.0,0.0,0.0,0.0,,2000.0,2000.0,
"L_uu_weight[6, 29]",0.0,0.0,0.0,0.0,0.0,,2000.0,2000.0,
"L_uu_weight[6, 30]",0.0,0.0,0.0,0.0,0.0,,2000.0,2000.0,
"L_uu_weight[6, 31]",0.0,0.0,0.0,0.0,0.0,,2000.0,2000.0,
"L_uu_weight[6, 32]",0.0,0.0,0.0,0.0,0.0,,2000.0,2000.0,
"L_uu_weight[6, 33]",0.0,0.0,0.0,0.0,0.0,,2000.0,2000.0,
"L_uu_weight[6, 34]",0.0,0.0,0.0,0.0,0.0,,2000.0,2000.0,
"L_uu_weight[6, 35]",0.0,0.0,0.0,0.0,0.0,,2000.0,2000.0,
"L_uu_weight[6, 36]",0.0,0.0,0.0,0.0,0.0,,2000.0,2000.0,
"L_uu_weight[6, 37]",0.0,0.0,0.0,0.0,0.0,,2000.0,2000.0,
"L_uu_weight[6, 38]",0.0,0.0,0.0,0.0,0.0,,2000.0,2000.0,
"L_uu_weight[6, 39]",0.0,0.0,0.0,0.0,0.0,,2000.0,2000.0,
"L_uu_weight[6, 40]",0.0,0.0,0.0,0.0,0.0,,2000.0,2000.0,
"L_uu_weight[6, 41]",0.0,0.0,0.0,0.0,0.0,,2000.0,2000.0,
"L_uu_weight[6, 42]",0.0,0.0,0.0,0.0,0.0,,2000.0,2000.0,
"L_uu_weight[6, 43]",0.0,0.0,0.0,0.0,0.0,,2000.0,2000.0,
"L_uu_weight[6, 44]",0.0,0.0,0.0,0.0,0.0,,2000.0,2000.0,
"L_uu_weight[6, 45]",0.0,0.0,0.0,0.0,0.0,,2000.0,2000.0,
"L_uu_weight[6, 46]",0.0,0.0,0.0,0.0,0.0,,2000.0,2000.0,
"L_uu_weight[6, 47]",0.0,0.0,0.0,0.0,0.0,,2000.0,2000.0,
"L_uu_weight[6, 48]",0.0,0.0,0.0,0.0,0.0,,2000.0,2000.0,
"L_uu_weight[6, 49]",0.0,0.0,0.0,0.0,0.0,,2000.0,2000.0,
"L_uu_weight[7, 0]",0.72,0.2,0.417,1.15,0.005,0.004,1402.521,1050.131,1.003
"L_uu_weight[7, 1]",0.555,0.115,0.363,0.77,0.003,0.002,1337.785,1467.315,1.0
"L_uu_weight[7, 2]",0.209,0.073,0.103,0.348,0.002,0.003,1003.987,1135.086,1.003
"L_uu_weight[7, 3]",0.169,0.044,0.094,0.25,0.001,0.001,1114.495,1307.569,1.002
"L_uu_weight[7, 4]",0.103,0.026,0.061,0.15,0.001,0.001,1064.911,1081.324,1.004
"L_uu_weight[7, 5]",0.061,0.018,0.036,0.096,0.001,0.001,1016.036,1023.796,1.004
"L_uu_weight[7, 6]",0.035,0.01,0.02,0.054,0.0,0.0,1043.284,1240.207,1.003
"L_uu_weight[7, 7]",0.022,0.005,0.014,0.031,0.0,0.0,1231.485,1433.284,1.0
"L_uu_weight[7, 8]",0.0,0.0,0.0,0.0,0.0,,2000.0,2000.0,
"L_uu_weight[7, 9]",0.0,0.0,0.0,0.0,0.0,,2000.0,2000.0,
"L_uu_weight[7, 10]",0.0,0.0,0.0,0.0,0.0,,2000.0,2000.0,
"L_uu_weight[7, 11]",0.0,0.0,0.0,0.0,0.0,,2000.0,2000.0,
"L_uu_weight[7, 12]",0.0,0.0,0.0,0.0,0.0,,2000.0,2000.0,
"L_uu_weight[7, 13]",0.0,0.0,0.0,0.0,0.0,,2000.0,2000.0,
"L_uu_weight[7, 14]",0.0,0.0,0.0,0.0,0.0,,2000.0,2000.0,
"L_uu_weight[7, 15]",0.0,0.0,0.0,0.0,0.0,,2000.0,2000.0,
"L_uu_weight[7, 16]",0.0,0.0,0.0,0.0,0.0,,2000.0,2000.0,
"L_uu_weight[7, 17]",0.0,0.0,0.0,0.0,0.0,,2000.0,2000.0,
"L_uu_weight[7, 18]",0.0,0.0,0.0,0.0,0.0,,2000.0,2000.0,
"L_uu_weight[7, 19]",0.0,0.0,0.0,0.0,0.0,,2000.0,2000.0,
"L_uu_weight[7, 20]",0.0,0.0,0.0,0.0,0.0,,2000.0,2000.0,
"L_uu_weight[7, 21]",0.0,0.0,0.0,0.0,0.0,,2000.0,2000.0,
"L_uu_weight[7, 22]",0.0,0.0,0.0,0.0,0.0,,2000.0,2000.0,
"L_uu_weight[7, 23]",0.0,0.0,0.0,0.0,0.0,,2000.0,2000.0,
"L_uu_weight[7, 24]",0.0,0.0,0.0,0.0,0.0,,2000.0,2000.0,
"L_uu_weight[7, 25]",0.0,0.0,0.0,0.0,0.0,,2000.0,2000.0,
"L_uu_weight[7, 26]",0.0,0.0,0.0,0.0,0.0,,2000.0,2000.0,
"L_uu_weight[7, 27]",0.0,0.0,0.0,0.0,0.0,,2000.0,2000.0,
"L_uu_weight[7, 28]",0.0,0.0,0.0,0.0,0.0,,2000.0,2000.0,
"L_uu_weight[7, 29]",0.0,0.0,0.0,0.0,0.0,,2000.0,2000.0,
"L_uu_weight[7, 30]",0.0,0.0,0.0,0.0,0.0,,2000.0,2000.0,
"L_uu_weight[7, 31]",0.0,0.0,0.0,0.0,0.0,,2000.0,2000.0,
"L_uu_weight[7, 32]",0.0,0.0,0.0,0.0,0.0,,2000.0,2000.0,
"L_uu_weight[7, 33]",0.0,0.0,0.0,0.0,0.0,,2000.0,2000.0,
"L_uu_weight[7, 34]",0.0,0.0,0.0,0.0,0.0,,2000.0,2000.0,
"L_uu_weight[7, 35]",0.0,0.0,0.0,0.0,0.0,,2000.0,2000.0,
"L_uu_weight[7, 36]",0.0,0.0,0.0,0.0,0.0,,2000.0,2000.0,
"L_uu_weight[7, 37]",0.0,0.0,0.0,0.0,0.0,,2000.0,2000.0,
"L_uu_weight[7, 38]",0.0,0.0,0.0,0.0,0.0,,2000.0,2000.0,
"L_uu_weight[7, 39]",0.0,0.0,0.0,0.0,0.0,,2000.0,2000.0,
"L_uu_weight[7, 40]",0.0,0.0,0.0,0.0,0.0,,2000.0,2000.0,
"L_uu_weight[7, 41]",0.0,0.0,0.0,0.0,0.0,,2000.0,2000.0,
"L_uu_weight[7, 42]",0.0,0.0,0.0,0.0,0.0,,2000.0,2000.0,
"L_uu_weight[7, 43]",0.0,0.0,0.0,0.0,0.0,,2000.0,2000.0,
"L_uu_weight[7, 44]",0.0,0.0,0.0,0.0,0.0,,2000.0,2000.0,
"L_uu_weight[7, 45]",0.0,0.0,0.0,0.0,0.0,,2000.0,2000.0,
"L_uu_weight[7, 46]",0.0,0.0,0.0,0.0,0.0,,2000.0,2000.0,
"L_uu_weight[7, 47]",0.0,0.0,0.0,0.0,0.0,,2000.0,2000.0,
"L_uu_weight[7, 48]",0.0,0.0,0.0,0.0,0.0,,2000.0,2000.0,
"L_uu_weight[7, 49]",0.0,0.0,0.0,0.0,0.0,,2000.0,2000.0,
"L_uu_weight[8, 0]",0.66,0.197,0.323,1.053,0.005,0.004,1327.924,1033.014,1.003
"L_uu_weight[8, 1]",0.581,0.121,0.371,0.807,0.003,0.002,1444.774,1500.621,1.001
"L_uu_weight[8, 2]",0.246,0.081,0.124,0.402,0.003,0.003,1027.363,1225.19,1.003
"L_uu_weight[8, 3]",0.212,0.053,0.12,0.309,0.002,0.001,1144.669,1343.806,1.001
"L_uu_weight[8, 4]",0.138,0.035,0.08,0.199,0.001,0.001,1062.797,1106.151,1.004
"L_uu_weight[8, 5]",0.089,0.028,0.049,0.141,0.001,0.001,1002.262,1012.737,1.004
"L_uu_weight[8, 6]",0.058,0.018,0.032,0.093,0.001,0.001,1017.059,1193.874,1.004
"L_uu_weight[8, 7]",0.034,0.009,0.02,0.052,0.0,0.0,1055.572,1209.754,1.003
"L_uu_weight[8, 8]",0.022,0.005,0.014,0.03,0.0,0.0,1228.705,1440.745,1.0
"L_uu_weight[8, 9]",0.0,0.0,0.0,0.0,0.0,,2000.0,2000.0,
"L_uu_weight[8, 10]",0.0,0.0,0.0,0.0,0.0,,2000.0,2000.0,
"L_uu_weight[8, 11]",0.0,0.0,0.0,0.0,0.0,,2000.0,2000.0,
"L_uu_weight[8, 12]",0.0,0.0,0.0,0.0,0.0,,2000.0,2000.0,
"L_uu_weight[8, 13]",0.0,0.0,0.0,0.0,0.0,,2000.0,2000.0,
"L_uu_weight[8, 14]",0.0,0.0,0.0,0.0,0.0,,2000.0,2000.0,
"L_uu_weight[8, 15]",0.0,0.0,0.0,0.0,0.0,,2000.0,2000.0,
"L_uu_weight[8, 16]",0.0,0.0,0.0,0.0,0.0,,2000.0,2000.0,
"L_uu_weight[8, 17]",0.0,0.0,0.0,0.0,0.0,,2000.0,2000.0,
"L_uu_weight[8, 18]",0.0,0.0,0.0,0.0,0.0,,2000.0,2000.0,
"L_uu_weight[8, 19]",0.0,0.0,0.0,0.0,0.0,,2000.0,2000.0,
"L_uu_weight[8, 20]",0.0,0.0,0.0,0.0,0.0,,2000.0,2000.0,
"L_uu_weight[8, 21]",0.0,0.0,0.0,0.0,0.0,,2000.0,2000.0,
"L_uu_weight[8, 22]",0.0,0.0,0.0,0.0,0.0,,2000.0,2000.0,
"L_uu_weight[8, 23]",0.0,0.0,0.0,0.0,0.0,,2000.0,2000.0,
"L_uu_weight[8, 24]",0.0,0.0,0.0,0.0,0.0,,2000.0,2000.0,
"L_uu_weight[8, 25]",0.0,0.0,0.0,0.0,0.0,,2000.0,2000.0,
"L_uu_weight[8, 26]",0.0,0.0,0.0,0.0,0.0,,2000.0,2000.0,
"L_uu_weight[8, 27]",0.0,0.0,0.0,0.0,0.0,,2000.0,2000.0,
"L_uu_weight[8, 28]",0.0,0.0,0.0,0.0,0.0,,2000.0,2000.0,
"L_uu_weight[8, 29]",0.0,0.0,0.0,0.0,0.0,,2000.0,2000.0,
"L_uu_weight[8, 30]",0.0,0.0,0.0,0.0,0.0,,2000.0,2000.0,
"L_uu_weight[8, 31]",0.0,0.0,0.0,0.0,0.0,,2000.0,2000.0,
"L_uu_weight[8, 32]",0.0,0.0,0.0,0.0,0.0,,2000.0,2000.0,
"L_uu_weight[8, 33]",0.0,0.0,0.0,0.0,0.0,,2000.0,2000.0,
"L_uu_weight[8, 34]",0.0,0.0,0.0,0.0,0.0,,2000.0,2000.0,
"L_uu_weight[8, 35]",0.0,0.0,0.0,0.0,0.0,,2000.0,2000.0,
"L_uu_weight[8, 36]",0.0,0.0,0.0,0.0,0.0,,2000.0,2000.0,
"L_uu_weight[8, 37]",0.0,0.0,0.0,0.0,0.0,,2000.0,2000.0,
"L_uu_weight[8, 38]",0.0,0.0,0.0,0.0,0.0,,2000.0,2000.0,
"L_uu_weight[8, 39]",0.0,0.0,0.0,0.0,0.0,,2000.0,2000.0,
"L_uu_weight[8, 40]",0.0,0.0,0.0,0.0,0.0,,2000.0,2000.0,
"L_uu_weight[8, 41]",0.0,0.0,0.0,0.0,0.0,,2000.0,2000.0,
"L_uu_weight[8, 42]",0.0,0.0,0.0,0.0,0.0,,2000.0,2000.0,
"L_uu_weight[8, 43]",0.0,0.0,0.0,0.0,0.0,,2000.0,2000.0,
"L_uu_weight[8, 44]",0.0,0.0,0.0,0.0,0.0,,2000.0,2000.0,
"L_uu_weight[8, 45]",0.0,0.0,0.0,0.0,0.0,,2000.0,2000.0,
"L_uu_weight[8, 46]",0.0,0.0,0.0,0.0,0.0,,2000.0,2000.0,
"L_uu_weight[8, 47]",0.0,0.0,0.0,0.0,0.0,,2000.0,2000.0,
"L_uu_weight[8, 48]",0.0,0.0,0.0,0.0,0.0,,2000.0,2000.0,
"L_uu_weight[8, 49]",0.0,0.0,0.0,0.0,0.0,,2000.0,2000.0,
"L_uu_weight[9, 0]",0.599,0.193,0.272,0.989,0.005,0.004,1213.544,1027.976,1.003
"L_uu_weight[9, 1]",0.593,0.129,0.38,0.852,0.003,0.003,1504.196,1508.657,1.001
"L_uu_weight[9, 2]",0.278,0.085,0.145,0.442,0.003,0.002,1064.095,1208.364,1.003
"L_uu_weight[9, 3]",0.252,0.06,0.153,0.369,0.002,0.001,1188.533,1389.551,1.001
"L_uu_weight[9, 4]",0.173,0.043,0.103,0.25,0.001,0.001,1070.142,1205.148,1.004
"L_uu_weight[9, 5]",0.12,0.038,0.066,0.193,0.001,0.002,998.737,1034.334,1.003
"L_uu_weight[9, 6]",0.085,0.028,0.046,0.14,0.001,0.001,1008.387,1240.207,1.003
"L_uu_weight[9, 7]",0.056,0.017,0.03,0.087,0.001,0.001,1033.372,1136.499,1.003
"L_uu_weight[9, 8]",0.033,0.009,0.018,0.049,0.0,0.0,1053.555,1180.164,1.003
"L_uu_weight[9, 9]",0.021,0.005,0.014,0.03,0.0,0.0,1232.49,1477.69,1.0
"L_uu_weight[9, 10]",0.0,0.0,0.0,0.0,0.0,,2000.0,2000.0,
"L_uu_weight[9, 11]",0.0,0.0,0.0,0.0,0.0,,2000.0,2000.0,
"L_uu_weight[9, 12]",0.0,0.0,0.0,0.0,0.0,,2000.0,2000.0,
"L_uu_weight[9, 13]",0.0,0.0,0.0,0.0,0.0,,2000.0,2000.0,
"L_uu_weight[9, 14]",0.0,0.0,0.0,0.0,0.0,,2000.0,2000.0,
"L_uu_weight[9, 15]",0.0,0.0,0.0,0.0,0.0,,2000.0,2000.0,
"L_uu_weight[9, 16]",0.0,0.0,0.0,0.0,0.0,,2000.0,2000.0,
"L_uu_weight[9, 17]",0.0,0.0,0.0,0.0,0.0,,2000.0,2000.0,
"L_uu_weight[9, 18]",0.0,0.0,0.0,0.0,0.0,,2000.0,2000.0,
"L_uu_weight[9, 19]",0.0,0.0,0.0,0.0,0.0,,2000.0,2000.0,
"L_uu_weight[9, 20]",0.0,0.0,0.0,0.0,0.0,,2000.0,2000.0,
"L_uu_weight[9, 21]",0.0,0.0,0.0,0.0,0.0,,2000.0,2000.0,
"L_uu_weight[9, 22]",0.0,0.0,0.0,0.0,0.0,,2000.0,2000.0,
"L_uu_weight[9, 23]",0.0,0.0,0.0,0.0,0.0,,2000.0,2000.0,
"L_uu_weight[9, 24]",0.0,0.0,0.0,0.0,0.0,,2000.0,2000.0,
"L_uu_weight[9, 25]",0.0,0.0,0.0,0.0,0.0,,2000.0,2000.0,
"L_uu_weight[9, 26]",0.0,0.0,0.0,0.0,0.0,,2000.0,2000.0,
"L_uu_weight[9, 27]",0.0,0.0,0.0,0.0,0.0,,2000.0,2000.0,
"L_uu_weight[9, 28]",0.0,0.0,0.0,0.0,0.0,,2000.0,2000.0,
"L_uu_weight[9, 29]",0.0,0.0,0.0,0.0,0.0,,2000.0,2000.0,
"L_uu_weight[9, 30]",0.0,0.0,0.0,0.0,0.0,,2000.0,2000.0,
"L_uu_weight[9, 31]",0.0,0.0,0.0,0.0,0.0,,2000.0,2000.0,
"L_uu_weight[9, 32]",0.0,0.0,0.0,0.0,0.0,,2000.0,2000.0,
"L_uu_weight[9, 33]",0.0,0.0,0.0,0.0,0.0,,2000.0,2000.0,
"L_uu_weight[9, 34]",0.0,0.0,0.0,0.0,0.0,,2000.0,2000.0,
"L_uu_weight[9, 35]",0.0,0.0,0.0,0.0,0.0,,2000.0,2000.0,
"L_uu_weight[9, 36]",0.0,0.0,0.0,0.0,0.0,,2000.0,2000.0,
"L_uu_weight[9, 37]",0.0,0.0,0.0,0.0,0.0,,2000.0,2000.0,
"L_uu_weight[9, 38]",0.0,0.0,0.0,0.0,0.0,,2000.0,2000.0,
"L_uu_weight[9, 39]",0.0,0.0,0.0,0.0,0.0,,2000.0,2000.0,
"L_uu_weight[9, 40]",0.0,0.0,0.0,0.0,0.0,,2000.0,2000.0,
"L_uu_weight[9, 41]",0.0,0.0,0.0,0.0,0.0,,2000.0,2000.0,
"L_uu_weight[9, 42]",0.0,0.0,0.0,0.0,0.0,,2000.0,2000.0,
"L_uu_weight[9, 43]",0.0,0.0,0.0,0.0,0.0,,2000.0,2000.0,
"L_uu_weight[9, 44]",0.0,0.0,0.0,0.0,0.0,,2000.0,2000.0,
"L_uu_weight[9, 45]",0.0,0.0,0.0,0.0,0.0,,2000.0,2000.0,
"L_uu_weight[9, 46]",0.0,0.0,0.0,0.0,0.0,,2000.0,2000.0,
"L_uu_weight[9, 47]",0.0,0.0,0.0,0.0,0.0,,2000.0,2000.0,
"L_uu_weight[9, 48]",0.0,0.0,0.0,0.0,0.0,,2000.0,2000.0,
"L_uu_weight[9, 49]",0.0,0.0,0.0,0.0,0.0,,2000.0,2000.0,
"L_uu_weight[10, 0]",0.538,0.188,0.208,0.908,0.005,0.004,1125.772,958.107,1.003
"L_uu_weight[10, 1]",0.591,0.137,0.35,0.862,0.003,0.003,1512.407,1210.018,1.002
"L_uu_weight[10, 2]",0.303,0.085,0.162,0.464,0.003,0.002,1113.624,1277.124,1.002
"L_uu_weight[10, 3]",0.288,0.065,0.183,0.415,0.002,0.001,1240.082,1321.998,1.0
"L_uu_weight[10, 4]",0.207,0.049,0.125,0.296,0.001,0.001,1093.107,1258.872,1.003
"L_uu_weight[10, 5]",0.152,0.048,0.085,0.246,0.002,0.002,1006.953,1120.781,1.003
"L_uu_weight[10, 6]",0.116,0.038,0.059,0.189,0.001,0.001,1013.311,1209.058,1.003
"L_uu_weight[10, 7]",0.083,0.026,0.044,0.131,0.001,0.001,1028.062,1084.513,1.003
"L_uu_weight[10, 8]",0.055,0.016,0.03,0.084,0.001,0.001,1032.691,1025.617,1.003
"L_uu_weight[10, 9]",0.032,0.009,0.019,0.048,0.0,0.0,1041.482,1188.178,1.003
"L_uu_weight[10, 10]",0.021,0.004,0.014,0.03,0.0,0.0,1232.571,1423.639,1.0
"L_uu_weight[10, 11]",0.0,0.0,0.0,0.0,0.0,,2000.0,2000.0,
"L_uu_weight[10, 12]",0.0,0.0,0.0,0.0,0.0,,2000.0,2000.0,
"L_uu_weight[10, 13]",0.0,0.0,0.0,0.0,0.0,,2000.0,2000.0,
"L_uu_weight[10, 14]",0.0,0.0,0.0,0.0,0.0,,2000.0,2000.0,
"L_uu_weight[10, 15]",0.0,0.0,0.0,0.0,0.0,,2000.0,2000.0,
"L_uu_weight[10, 16]",0.0,0.0,0.0,0.0,0.0,,2000.0,2000.0,
"L_uu_weight[10, 17]",0.0,0.0,0.0,0.0,0.0,,2000.0,2000.0,
"L_uu_weight[10, 18]",0.0,0.0,0.0,0.0,0.0,,2000.0,2000.0,
"L_uu_weight[10, 19]",0.0,0.0,0.0,0.0,0.0,,2000.0,2000.0,
"L_uu_weight[10, 20]",0.0,0.0,0.0,0.0,0.0,,2000.0,2000.0,
"L_uu_weight[10, 21]",0.0,0.0,0.0,0.0,0.0,,2000.0,2000.0,
"L_uu_weight[10, 22]",0.0,0.0,0.0,0.0,0.0,,2000.0,2000.0,
"L_uu_weight[10, 23]",0.0,0.0,0.0,0.0,0.0,,2000.0,2000.0,
"L_uu_weight[10, 24]",0.0,0.0,0.0,0.0,0.0,,2000.0,2000.0,
"L_uu_weight[10, 25]",0.0,0.0,0.0,0.0,0.0,,2000.0,2000.0,
"L_uu_weight[10, 26]",0.0,0.0,0.0,0.0,0.0,,2000.0,2000.0,
"L_uu_weight[10, 27]",0.0,0.0,0.0,0.0,0.0,,2000.0,2000.0,
"L_uu_weight[10, 28]",0.0,0.0,0.0,0.0,0.0,,2000.0,2000.0,
"L_uu_weight[10, 29]",0.0,0.0,0.0,0.0,0.0,,2000.0,2000.0,
"L_uu_weight[10, 30]",0.0,0.0,0.0,0.0,0.0,,2000.0,2000.0,
"L_uu_weight[10, 31]",0.0,0.0,0.0,0.0,0.0,,2000.0,2000.0,
"L_uu_weight[10, 32]",0.0,0.0,0.0,0.0,0.0,,2000.0,2000.0,
"L_uu_weight[10, 33]",0.0,0.0,0.0,0.0,0.0,,2000.0,2000.0,
"L_uu_weight[10, 34]",0.0,0.0,0.0,0.0,0.0,,2000.0,2000.0,
"L_uu_weight[10, 35]",0.0,0.0,0.0,0.0,0.0,,2000.0,2000.0,
"L_uu_weight[10, 36]",0.0,0.0,0.0,0.0,0.0,,2000.0,2000.0,
"L_uu_weight[10, 37]",0.0,0.0,0.0,0.0,0.0,,2000.0,2000.0,
"L_uu_weight[10, 38]",0.0,0.0,0.0,0.0,0.0,,2000.0,2000.0,
"L_uu_weight[10, 39]",0.0,0.0,0.0,0.0,0.0,,2000.0,2000.0,
"L_uu_weight[10, 40]",0.0,0.0,0.0,0.0,0.0,,2000.0,2000.0,
"L_uu_weight[10, 41]",0.0,0.0,0.0,0.0,0.0,,2000.0,2000.0,
"L_uu_weight[10, 42]",0.0,0.0,0.0,0.0,0.0,,2000.0,2000.0,
"L_uu_weight[10, 43]",0.0,0.0,0.0,0.0,0.0,,2000.0,2000.0,
"L_uu_weight[10, 44]",0.0,0.0,0.0,0.0,0.0,,2000.0,2000.0,
"L_uu_weight[10, 45]",0.0,0.0,0.0,0.0,0.0,,2000.0,2000.0,
"L_uu_weight[10, 46]",0.0,0.0,0.0,0.0,0.0,,2000.0,2000.0,
"L_uu_weight[10, 47]",0.0,0.0,0.0,0.0,0.0,,2000.0,2000.0,
"L_uu_weight[10, 48]",0.0,0.0,0.0,0.0,0.0,,2000.0,2000.0,
"L_uu_weight[10, 49]",0.0,0.0,0.0,0.0,0.0,,2000.0,2000.0,
"L_uu_weight[11, 0]",0.478,0.182,0.156,0.835,0.005,0.004,1076.084,915.015,1.003
"L_uu_weight[11, 1]",0.577,0.146,0.341,0.887,0.004,0.003,1424.333,1250.604,1.002
"L_uu_weight[11, 2]",0.321,0.082,0.186,0.48,0.002,0.002,1195.18,1393.068,1.001
"L_uu_weight[11, 3]",0.317,0.068,0.21,0.453,0.002,0.001,1284.788,1280.433,1.001
"L_uu_weight[11, 4]",0.237,0.054,0.146,0.334,0.002,0.001,1140.204,1365.635,1.002
"L_uu_weight[11, 5]",0.183,0.055,0.1,0.288,0.002,0.002,1023.445,1208.595,1.003
"L_uu_weight[11, 6]",0.148,0.048,0.073,0.238,0.002,0.001,1028.534,1193.424,1.003
"L_uu_weight[11, 7]",0.113,0.035,0.058,0.178,0.001,0.001,1028.671,1123.336,1.003
"L_uu_weight[11, 8]",0.08,0.024,0.043,0.125,0.001,0.001,1022.931,1013.52,1.003
"L_uu_weight[11, 9]",0.052,0.016,0.028,0.081,0.001,0.001,1010.535,1023.636,1.004
"L_uu_weight[11, 10]",0.031,0.009,0.018,0.047,0.0,0.0,1031.946,1192.824,1.004
"L_uu_weight[11, 11]",0.021,0.004,0.013,0.029,0.0,0.0,1226.495,1412.749,1.0
"L_uu_weight[11, 12]",0.0,0.0,0.0,0.0,0.0,,2000.0,2000.0,
"L_uu_weight[11, 13]",0.0,0.0,0.0,0.0,0.0,,2000.0,2000.0,
"L_uu_weight[11, 14]",0.0,0.0,0.0,0.0,0.0,,2000.0,2000.0,
"L_uu_weight[11, 15]",0.0,0.0,0.0,0.0,0.0,,2000.0,2000.0,
"L_uu_weight[11, 16]",0.0,0.0,0.0,0.0,0.0,,2000.0,2000.0,
"L_uu_weight[11, 17]",0.0,0.0,0.0,0.0,0.0,,2000.0,2000.0,
"L_uu_weight[11, 18]",0.0,0.0,0.0,0.0,0.0,,2000.0,2000.0,
"L_uu_weight[11, 19]",0.0,0.0,0.0,0.0,0.0,,2000.0,2000.0,
"L_uu_weight[11, 20]",0.0,0.0,0.0,0.0,0.0,,2000.0,2000.0,
"L_uu_weight[11, 21]",0.0,0.0,0.0,0.0,0.0,,2000.0,2000.0,
"L_uu_weight[11, 22]",0.0,0.0,0.0,0.0,0.0,,2000.0,2000.0,
"L_uu_weight[11, 23]",0.0,0.0,0.0,0.0,0.0,,2000.0,2000.0,
"L_uu_weight[11, 24]",0.0,0.0,0.0,0.0,0.0,,2000.0,2000.0,
"L_uu_weight[11, 25]",0.0,0.0,0.0,0.0,0.0,,2000.0,2000.0,
"L_uu_weight[11, 26]",0.0,0.0,0.0,0.0,0.0,,2000.0,2000.0,
"L_uu_weight[11, 27]",0.0,0.0,0.0,0.0,0.0,,2000.0,2000.0,
"L_uu_weight[11, 28]",0.0,0.0,0.0,0.0,0.0,,2000.0,2000.0,
"L_uu_weight[11, 29]",0.0,0.0,0.0,0.0,0.0,,2000.0,2000.0,
"L_uu_weight[11, 30]",0.0,0.0,0.0,0.0,0.0,,2000.0,2000.0,
"L_uu_weight[11, 31]",0.0,0.0,0.0,0.0,0.0,,2000.0,2000.0,
"L_uu_weight[11, 32]",0.0,0.0,0.0,0.0,0.0,,2000.0,2000.0,
"L_uu_weight[11, 33]",0.0,0.0,0.0,0.0,0.0,,2000.0,2000.0,
"L_uu_weight[11, 34]",0.0,0.0,0.0,0.0,0.0,,2000.0,2000.0,
"L_uu_weight[11, 35]",0.0,0.0,0.0,0.0,0.0,,2000.0,2000.0,
"L_uu_weight[11, 36]",0.0,0.0,0.0,0.0,0.0,,2000.0,2000.0,
"L_uu_weight[11, 37]",0.0,0.0,0.0,0.0,0.0,,2000.0,2000.0,
"L_uu_weight[11, 38]",0.0,0.0,0.0,0.0,0.0,,2000.0,2000.0,
"L_uu_weight[11, 39]",0.0,0.0,0.0,0.0,0.0,,2000.0,2000.0,
"L_uu_weight[11, 40]",0.0,0.0,0.0,0.0,0.0,,2000.0,2000.0,
"L_uu_weight[11, 41]",0.0,0.0,0.0,0.0,0.0,,2000.0,2000.0,
"L_uu_weight[11, 42]",0.0,0.0,0.0,0.0,0.0,,2000.0,2000.0,
"L_uu_weight[11, 43]",0.0,0.0,0.0,0.0,0.0,,2000.0,2000.0,
"L_uu_weight[11, 44]",0.0,0.0,0.0,0.0,0.0,,2000.0,2000.0,
"L_uu_weight[11, 45]",0.0,0.0,0.0,0.0,0.0,,2000.0,2000.0,
"L_uu_weight[11, 46]",0.0,0.0,0.0,0.0,0.0,,2000.0,2000.0,
"L_uu_weight[11, 47]",0.0,0.0,0.0,0.0,0.0,,2000.0,2000.0,
"L_uu_weight[11, 48]",0.0,0.0,0.0,0.0,0.0,,2000.0,2000.0,
"L_uu_weight[11, 49]",0.0,0.0,0.0,0.0,0.0,,2000.0,2000.0,
"L_uu_weight[12, 0]",0.421,0.175,0.096,0.739,0.005,0.004,1053.781,935.373,1.003
"L_uu_weight[12, 1]",0.554,0.155,0.296,0.877,0.004,0.003,1274.476,1029.649,1.003
"L_uu_weight[12, 2]",0.33,0.077,0.198,0.476,0.002,0.002,1292.431,1370.484,1.001
"L_uu_weight[12, 3]",0.339,0.071,0.22,0.476,0.002,0.001,1319.17,1516.436,1.002
"L_uu_weight[12, 4]",0.262,0.057,0.171,0.372,0.002,0.001,1201.642,1361.232,1.0
"L_uu_weight[12, 5]",0.212,0.06,0.118,0.326,0.002,0.002,1051.358,1256.096,1.003
"L_uu_weight[12, 6]",0.18,0.056,0.093,0.287,0.002,0.002,1055.007,1208.364,1.003
"L_uu_weight[12, 7]",0.146,0.044,0.075,0.228,0.001,0.001,1042.237,1194.325,1.003
"L_uu_weight[12, 8]",0.11,0.034,0.058,0.172,0.001,0.001,1022.357,1023.903,1.003
"L_uu_weight[12, 9]",0.077,0.024,0.042,0.123,0.001,0.001,1002.178,1024.545,1.004
"L_uu_weight[12, 10]",0.051,0.016,0.028,0.081,0.001,0.001,1002.149,1109.003,1.003
"L_uu_weight[12, 11]",0.031,0.009,0.017,0.046,0.0,0.0,1031.224,1208.364,1.004
"L_uu_weight[12, 12]",0.021,0.004,0.013,0.029,0.0,0.0,1223.329,1420.997,1.0
"L_uu_weight[12, 13]",0.0,0.0,0.0,0.0,0.0,,2000.0,2000.0,
"L_uu_weight[12, 14]",0.0,0.0,0.0,0.0,0.0,,2000.0,2000.0,
"L_uu_weight[12, 15]",0.0,0.0,0.0,0.0,0.0,,2000.0,2000.0,
"L_uu_weight[12, 16]",0.0,0.0,0.0,0.0,0.0,,2000.0,2000.0,
"L_uu_weight[12, 17]",0.0,0.0,0.0,0.0,0.0,,2000.0,2000.0,
"L_uu_weight[12, 18]",0.0,0.0,0.0,0.0,0.0,,2000.0,2000.0,
"L_uu_weight[12, 19]",0.0,0.0,0.0,0.0,0.0,,2000.0,2000.0,
"L_uu_weight[12, 20]",0.0,0.0,0.0,0.0,0.0,,2000.0,2000.0,
"L_uu_weight[12, 21]",0.0,0.0,0.0,0.0,0.0,,2000.0,2000.0,
"L_uu_weight[12, 22]",0.0,0.0,0.0,0.0,0.0,,2000.0,2000.0,
"L_uu_weight[12, 23]",0.0,0.0,0.0,0.0,0.0,,2000.0,2000.0,
"L_uu_weight[12, 24]",0.0,0.0,0.0,0.0,0.0,,2000.0,2000.0,
"L_uu_weight[12, 25]",0.0,0.0,0.0,0.0,0.0,,2000.0,2000.0,
"L_uu_weight[12, 26]",0.0,0.0,0.0,0.0,0.0,,2000.0,2000.0,
"L_uu_weight[12, 27]",0.0,0.0,0.0,0.0,0.0,,2000.0,2000.0,
"L_uu_weight[12, 28]",0.0,0.0,0.0,0.0,0.0,,2000.0,2000.0,
"L_uu_weight[12, 29]",0.0,0.0,0.0,0.0,0.0,,2000.0,2000.0,
"L_uu_weight[12, 30]",0.0,0.0,0.0,0.0,0.0,,2000.0,2000.0,
"L_uu_weight[12, 31]",0.0,0.0,0.0,0.0,0.0,,2000.0,2000.0,
"L_uu_weight[12, 32]",0.0,0.0,0.0,0.0,0.0,,2000.0,2000.0,
"L_uu_weight[12, 33]",0.0,0.0,0.0,0.0,0.0,,2000.0,2000.0,
"L_uu_weight[12, 34]",0.0,0.0,0.0,0.0,0.0,,2000.0,2000.0,
"L_uu_weight[12, 35]",0.0,0.0,0.0,0.0,0.0,,2000.0,2000.0,
"L_uu_weight[12, 36]",0.0,0.0,0.0,0.0,0.0,,2000.0,2000.0,
"L_uu_weight[12, 37]",0.0,0.0,0.0,0.0,0.0,,2000.0,2000.0,
"L_uu_weight[12, 38]",0.0,0.0,0.0,0.0,0.0,,2000.0,2000.0,
"L_uu_weight[12, 39]",0.0,0.0,0.0,0.0,0.0,,2000.0,2000.0,
"L_uu_weight[12, 40]",0.0,0.0,0.0,0.0,0.0,,2000.0,2000.0,
"L_uu_weight[12, 41]",0.0,0.0,0.0,0.0,0.0,,2000.0,2000.0,
"L_uu_weight[12, 42]",0.0,0.0,0.0,0.0,0.0,,2000.0,2000.0,
"L_uu_weight[12, 43]",0.0,0.0,0.0,0.0,0.0,,2000.0,2000.0,
"L_uu_weight[12, 44]",0.0,0.0,0.0,0.0,0.0,,2000.0,2000.0,
"L_uu_weight[12, 45]",0.0,0.0,0.0,0.0,0.0,,2000.0,2000.0,
"L_uu_weight[12, 46]",0.0,0.0,0.0,0.0,0.0,,2000.0,2000.0,
"L_uu_weight[12, 47]",0.0,0.0,0.0,0.0,0.0,,2000.0,2000.0,
"L_uu_weight[12, 48]",0.0,0.0,0.0,0.0,0.0,,2000.0,2000.0,
"L_uu_weight[12, 49]",0.0,0.0,0.0,0.0,0.0,,2000.0,2000.0,
"L_uu_weight[13, 0]",0.368,0.166,0.059,0.657,0.005,0.003,1022.971,889.906,1.003
"L_uu_weight[13, 1]",0.522,0.163,0.229,0.842,0.005,0.003,1140.373,931.777,1.003
"L_uu_weight[13, 2]",0.332,0.073,0.203,0.467,0.002,0.002,1367.809,1373.847,1.001
"L_uu_weight[13, 3]",0.352,0.075,0.223,0.497,0.002,0.001,1336.167,1323.914,1.003
"L_uu_weight[13, 4]",0.281,0.059,0.186,0.394,0.002,0.001,1275.587,1373.519,1.0
"L_uu_weight[13, 5]",0.236,0.062,0.14,0.36,0.002,0.002,1101.832,1289.577,1.003
"L_uu_weight[13, 6]",0.21,0.061,0.118,0.334,0.002,0.002,1088.984,1275.597,1.003
"L_uu_weight[13, 7]",0.178,0.052,0.095,0.276,0.002,0.002,1066.692,1242.006,1.003
"L_uu_weight[13, 8]",0.141,0.042,0.076,0.221,0.001,0.002,1029.118,1046.769,1.003
"L_uu_weight[13, 9]",0.105,0.034,0.057,0.17,0.001,0.001,1001.866,1034.662,1.003
"L_uu_weight[13, 10]",0.075,0.024,0.039,0.121,0.001,0.001,994.646,1070.329,1.004
"L_uu_weight[13, 11]",0.05,0.016,0.026,0.079,0.001,0.001,1007.141,1071.511,1.004
"L_uu_weight[13, 12]",0.03,0.009,0.017,0.046,0.0,0.0,1032.438,1150.527,1.004
"L_uu_weight[13, 13]",0.021,0.004,0.013,0.029,0.0,0.0,1224.164,1443.423,1.0
"L_uu_weight[13, 14]",0.0,0.0,0.0,0.0,0.0,,2000.0,2000.0,
"L_uu_weight[13, 15]",0.0,0.0,0.0,0.0,0.0,,2000.0,2000.0,
"L_uu_weight[13, 16]",0.0,0.0,0.0,0.0,0.0,,2000.0,2000.0,
"L_uu_weight[13, 17]",0.0,0.0,0.0,0.0,0.0,,2000.0,2000.0,
"L_uu_weight[13, 18]",0.0,0.0,0.0,0.0,0.0,,2000.0,2000.0,
"L_uu_weight[13, 19]",0.0,0.0,0.0,0.0,0.0,,2000.0,2000.0,
"L_uu_weight[13, 20]",0.0,0.0,0.0,0.0,0.0,,2000.0,2000.0,
"L_uu_weight[13, 21]",0.0,0.0,0.0,0.0,0.0,,2000.0,2000.0,
"L_uu_weight[13, 22]",0.0,0.0,0.0,0.0,0.0,,2000.0,2000.0,
"L_uu_weight[13, 23]",0.0,0.0,0.0,0.0,0.0,,2000.0,2000.0,
"L_uu_weight[13, 24]",0.0,0.0,0.0,0.0,0.0,,2000.0,2000.0,
"L_uu_weight[13, 25]",0.0,0.0,0.0,0.0,0.0,,2000.0,2000.0,
"L_uu_weight[13, 26]",0.0,0.0,0.0,0.0,0.0,,2000.0,2000.0,
"L_uu_weight[13, 27]",0.0,0.0,0.0,0.0,0.0,,2000.0,2000.0,
"L_uu_weight[13, 28]",0.0,0.0,0.0,0.0,0.0,,2000.0,2000.0,
"L_uu_weight[13, 29]",0.0,0.0,0.0,0.0,0.0,,2000.0,2000.0,
"L_uu_weight[13, 30]",0.0,0.0,0.0,0.0,0.0,,2000.0,2000.0,
"L_uu_weight[13, 31]",0.0,0.0,0.0,0.0,0.0,,2000.0,2000.0,
"L_uu_weight[13, 32]",0.0,0.0,0.0,0.0,0.0,,2000.0,2000.0,
"L_uu_weight[13, 33]",0.0,0.0,0.0,0.0,0.0,,2000.0,2000.0,
"L_uu_weight[13, 34]",0.0,0.0,0.0,0.0,0.0,,2000.0,2000.0,
"L_uu_weight[13, 35]",0.0,0.0,0.0,0.0,0.0,,2000.0,2000.0,
"L_uu_weight[13, 36]",0.0,0.0,0.0,0.0,0.0,,2000.0,2000.0,
"L_uu_weight[13, 37]",0.0,0.0,0.0,0.0,0.0,,2000.0,2000.0,
"L_uu_weight[13, 38]",0.0,0.0,0.0,0.0,0.0,,2000.0,2000.0,
"L_uu_weight[13, 39]",0.0,0.0,0.0,0.0,0.0,,2000.0,2000.0,
"L_uu_weight[13, 40]",0.0,0.0,0.0,0.0,0.0,,2000.0,2000.0,
"L_uu_weight[13, 41]",0.0,0.0,0.0,0.0,0.0,,2000.0,2000.0,
"L_uu_weight[13, 42]",0.0,0.0,0.0,0.0,0.0,,2000.0,2000.0,
"L_uu_weight[13, 43]",0.0,0.0,0.0,0.0,0.0,,2000.0,2000.0,
"L_uu_weight[13, 44]",0.0,0.0,0.0,0.0,0.0,,2000.0,2000.0,
"L_uu_weight[13, 45]",0.0,0.0,0.0,0.0,0.0,,2000.0,2000.0,
"L_uu_weight[13, 46]",0.0,0.0,0.0,0.0,0.0,,2000.0,2000.0,
"L_uu_weight[13, 47]",0.0,0.0,0.0,0.0,0.0,,2000.0,2000.0,
"L_uu_weight[13, 48]",0.0,0.0,0.0,0.0,0.0,,2000.0,2000.0,
"L_uu_weight[13, 49]",0.0,0.0,0.0,0.0,0.0,,2000.0,2000.0,
"L_uu_weight[14, 0]",0.319,0.156,0.034,0.59,0.004,0.003,1003.852,916.769,1.003
"L_uu_weight[14, 1]",0.486,0.168,0.202,0.832,0.005,0.003,1061.258,935.373,1.003
"L_uu_weight[14, 2]",0.327,0.071,0.204,0.46,0.002,0.001,1393.151,1423.171,1.002
"L_uu_weight[14, 3]",0.358,0.08,0.215,0.517,0.002,0.002,1328.96,1076.469,1.003
"L_uu_weight[14, 4]",0.294,0.062,0.196,0.414,0.002,0.001,1407.388,1514.925,1.001
"L_uu_weight[14, 5]",0.256,0.062,0.153,0.373,0.002,0.002,1179.402,1380.971,1.002
"L_uu_weight[14, 6]",0.236,0.064,0.132,0.36,0.002,0.002,1142.532,1329.691,1.002
"L_uu_weight[14, 7]",0.209,0.057,0.116,0.316,0.002,0.001,1101.054,1258.114,1.002
"L_uu_weight[14, 8]",0.173,0.05,0.096,0.266,0.002,0.002,1046.299,1209.213,1.003
"L_uu_weight[14, 9]",0.136,0.043,0.072,0.217,0.001,0.002,1008.942,1162.705,1.003
"L_uu_weight[14, 10]",0.102,0.034,0.052,0.167,0.001,0.001,994.391,1070.861,1.004
"L_uu_weight[14, 11]",0.073,0.024,0.038,0.119,0.001,0.001,998.538,1058.764,1.003
"L_uu_weight[14, 12]",0.049,0.016,0.025,0.077,0.001,0.001,1011.398,1013.468,1.004
"L_uu_weight[14, 13]",0.03,0.008,0.016,0.045,0.0,0.0,1032.821,1208.827,1.003
"L_uu_weight[14, 14]",0.02,0.004,0.013,0.029,0.0,0.0,1221.831,1485.692,1.0
"L_uu_weight[14, 15]",0.0,0.0,0.0,0.0,0.0,,2000.0,2000.0,
"L_uu_weight[14, 16]",0.0,0.0,0.0,0.0,0.0,,2000.0,2000.0,
"L_uu_weight[14, 17]",0.0,0.0,0.0,0.0,0.0,,2000.0,2000.0,
"L_uu_weight[14, 18]",0.0,0.0,0.0,0.0,0.0,,2000.0,2000.0,
"L_uu_weight[14, 19]",0.0,0.0,0.0,0.0,0.0,,2000.0,2000.0,
"L_uu_weight[14, 20]",0.0,0.0,0.0,0.0,0.0,,2000.0,2000.0,
"L_uu_weight[14, 21]",0.0,0.0,0.0,0.0,0.0,,2000.0,2000.0,
"L_uu_weight[14, 22]",0.0,0.0,0.0,0.0,0.0,,2000.0,2000.0,
"L_uu_weight[14, 23]",0.0,0.0,0.0,0.0,0.0,,2000.0,2000.0,
"L_uu_weight[14, 24]",0.0,0.0,0.0,0.0,0.0,,2000.0,2000.0,
"L_uu_weight[14, 25]",0.0,0.0,0.0,0.0,0.0,,2000.0,2000.0,
"L_uu_weight[14, 26]",0.0,0.0,0.0,0.0,0.0,,2000.0,2000.0,
"L_uu_weight[14, 27]",0.0,0.0,0.0,0.0,0.0,,2000.0,2000.0,
"L_uu_weight[14, 28]",0.0,0.0,0.0,0.0,0.0,,2000.0,2000.0,
"L_uu_weight[14, 29]",0.0,0.0,0.0,0.0,0.0,,2000.0,2000.0,
"L_uu_weight[14, 30]",0.0,0.0,0.0,0.0,0.0,,2000.0,2000.0,
"L_uu_weight[14, 31]",0.0,0.0,0.0,0.0,0.0,,2000.0,2000.0,
"L_uu_weight[14, 32]",0.0,0.0,0.0,0.0,0.0,,2000.0,2000.0,
"L_uu_weight[14, 33]",0.0,0.0,0.0,0.0,0.0,,2000.0,2000.0,
"L_uu_weight[14, 34]",0.0,0.0,0.0,0.0,0.0,,2000.0,2000.0,
"L_uu_weight[14, 35]",0.0,0.0,0.0,0.0,0.0,,2000.0,2000.0,
"L_uu_weight[14, 36]",0.0,0.0,0.0,0.0,0.0,,2000.0,2000.0,
"L_uu_weight[14, 37]",0.0,0.0,0.0,0.0,0.0,,2000.0,2000.0,
"L_uu_weight[14, 38]",0.0,0.0,0.0,0.0,0.0,,2000.0,2000.0,
"L_uu_weight[14, 39]",0.0,0.0,0.0,0.0,0.0,,2000.0,2000.0,
"L_uu_weight[14, 40]",0.0,0.0,0.0,0.0,0.0,,2000.0,2000.0,
"L_uu_weight[14, 41]",0.0,0.0,0.0,0.0,0.0,,2000.0,2000.0,
"L_uu_weight[14, 42]",0.0,0.0,0.0,0.0,0.0,,2000.0,2000.0,
"L_uu_weight[14, 43]",0.0,0.0,0.0,0.0,0.0,,2000.0,2000.0,
"L_uu_weight[14, 44]",0.0,0.0,0.0,0.0,0.0,,2000.0,2000.0,
"L_uu_weight[14, 45]",0.0,0.0,0.0,0.0,0.0,,2000.0,2000.0,
"L_uu_weight[14, 46]",0.0,0.0,0.0,0.0,0.0,,2000.0,2000.0,
"L_uu_weight[14, 47]",0.0,0.0,0.0,0.0,0.0,,2000.0,2000.0,
"L_uu_weight[14, 48]",0.0,0.0,0.0,0.0,0.0,,2000.0,2000.0,
"L_uu_weight[14, 49]",0.0,0.0,0.0,0.0,0.0,,2000.0,2000.0,
"L_uu_weight[15, 0]",0.273,0.145,0.014,0.519,0.004,0.003,993.555,954.683,1.003
"L_uu_weight[15, 1]",0.445,0.171,0.149,0.793,0.005,0.003,1028.15,857.206,1.003
"L_uu_weight[15, 2]",0.316,0.071,0.197,0.457,0.002,0.002,1414.934,1114.114,1.003
"L_uu_weight[15, 3]",0.356,0.086,0.205,0.537,0.002,0.002,1282.259,1075.176,1.003
"L_uu_weight[15, 4]",0.3,0.065,0.188,0.427,0.002,0.001,1515.701,1628.395,1.001
"L_uu_weight[15, 5]",0.269,0.06,0.171,0.383,0.002,0.001,1286.419,1315.617,1.001
"L_uu_weight[15, 6]",0.257,0.064,0.155,0.386,0.002,0.001,1220.24,1366.227,1.001
"L_uu_weight[15, 7]",0.236,0.059,0.134,0.349,0.002,0.001,1159.802,1312.673,1.001
"L_uu_weight[15, 8]",0.203,0.054,0.109,0.298,0.002,0.002,1077.509,1241.269,1.002
"L_uu_weight[15, 9]",0.166,0.05,0.091,0.262,0.002,0.002,1023.709,1223.761,1.003
"L_uu_weight[15, 10]",0.132,0.043,0.072,0.218,0.001,0.002,1000.095,1177.972,1.004
"L_uu_weight[15, 11]",0.1,0.034,0.051,0.164,0.001,0.001,998.634,1058.764,1.003
"L_uu_weight[15, 12]",0.072,0.024,0.036,0.116,0.001,0.001,1002.914,1024.117,1.003
"L_uu_weight[15, 13]",0.049,0.015,0.026,0.077,0.0,0.001,1016.959,1013.207,1.003
"L_uu_weight[15, 14]",0.03,0.008,0.016,0.045,0.0,0.0,1025.972,1135.221,1.004
"L_uu_weight[15, 15]",0.02,0.004,0.013,0.028,0.0,0.0,1216.222,1423.081,1.0
"L_uu_weight[15, 16]",0.0,0.0,0.0,0.0,0.0,,2000.0,2000.0,
"L_uu_weight[15, 17]",0.0,0.0,0.0,0.0,0.0,,2000.0,2000.0,
"L_uu_weight[15, 18]",0.0,0.0,0.0,0.0,0.0,,2000.0,2000.0,
"L_uu_weight[15, 19]",0.0,0.0,0.0,0.0,0.0,,2000.0,2000.0,
"L_uu_weight[15, 20]",0.0,0.0,0.0,0.0,0.0,,2000.0,2000.0,
"L_uu_weight[15, 21]",0.0,0.0,0.0,0.0,0.0,,2000.0,2000.0,
"L_uu_weight[15, 22]",0.0,0.0,0.0,0.0,0.0,,2000.0,2000.0,
"L_uu_weight[15, 23]",0.0,0.0,0.0,0.0,0.0,,2000.0,2000.0,
"L_uu_weight[15, 24]",0.0,0.0,0.0,0.0,0.0,,2000.0,2000.0,
"L_uu_weight[15, 25]",0.0,0.0,0.0,0.0,0.0,,2000.0,2000.0,
"L_uu_weight[15, 26]",0.0,0.0,0.0,0.0,0.0,,2000.0,2000.0,
"L_uu_weight[15, 27]",0.0,0.0,0.0,0.0,0.0,,2000.0,2000.0,
"L_uu_weight[15, 28]",0.0,0.0,0.0,0.0,0.0,,2000.0,2000.0,
"L_uu_weight[15, 29]",0.0,0.0,0.0,0.0,0.0,,2000.0,2000.0,
"L_uu_weight[15, 30]",0.0,0.0,0.0,0.0,0.0,,2000.0,2000.0,
"L_uu_weight[15, 31]",0.0,0.0,0.0,0.0,0.0,,2000.0,2000.0,
"L_uu_weight[15, 32]",0.0,0.0,0.0,0.0,0.0,,2000.0,2000.0,
"L_uu_weight[15, 33]",0.0,0.0,0.0,0.0,0.0,,2000.0,2000.0,
"L_uu_weight[15, 34]",0.0,0.0,0.0,0.0,0.0,,2000.0,2000.0,
"L_uu_weight[15, 35]",0.0,0.0,0.0,0.0,0.0,,2000.0,2000.0,
"L_uu_weight[15, 36]",0.0,0.0,0.0,0.0,0.0,,2000.0,2000.0,
"L_uu_weight[15, 37]",0.0,0.0,0.0,0.0,0.0,,2000.0,2000.0,
"L_uu_weight[15, 38]",0.0,0.0,0.0,0.0,0.0,,2000.0,2000.0,
"L_uu_weight[15, 39]",0.0,0.0,0.0,0.0,0.0,,2000.0,2000.0,
"L_uu_weight[15, 40]",0.0,0.0,0.0,0.0,0.0,,2000.0,2000.0,
"L_uu_weight[15, 41]",0.0,0.0,0.0,0.0,0.0,,2000.0,2000.0,
"L_uu_weight[15, 42]",0.0,0.0,0.0,0.0,0.0,,2000.0,2000.0,
"L_uu_weight[15, 43]",0.0,0.0,0.0,0.0,0.0,,2000.0,2000.0,
"L_uu_weight[15, 44]",0.0,0.0,0.0,0.0,0.0,,2000.0,2000.0,
"L_uu_weight[15, 45]",0.0,0.0,0.0,0.0,0.0,,2000.0,2000.0,
"L_uu_weight[15, 46]",0.0,0.0,0.0,0.0,0.0,,2000.0,2000.0,
"L_uu_weight[15, 47]",0.0,0.0,0.0,0.0,0.0,,2000.0,2000.0,
"L_uu_weight[15, 48]",0.0,0.0,0.0,0.0,0.0,,2000.0,2000.0,
"L_uu_weight[15, 49]",0.0,0.0,0.0,0.0,0.0,,2000.0,2000.0,
"L_uu_weight[16, 0]",0.233,0.133,0.005,0.458,0.004,0.003,981.386,886.855,1.003
"L_uu_weight[16, 1]",0.403,0.171,0.068,0.71,0.005,0.003,1008.692,916.769,1.003
"L_uu_weight[16, 2]",0.301,0.072,0.179,0.455,0.002,0.002,1361.647,1207.435,1.003
"L_uu_weight[16, 3]",0.347,0.093,0.175,0.532,0.003,0.002,1176.796,969.234,1.003
"L_uu_weight[16, 4]",0.3,0.071,0.185,0.445,0.002,0.001,1514.235,1464.038,1.002
"L_uu_weight[16, 5]",0.276,0.059,0.172,0.38,0.001,0.001,1416.81,1433.019,1.0
"L_uu_weight[16, 6]",0.272,0.063,0.164,0.391,0.002,0.001,1309.524,1293.983,1.001
"L_uu_weight[16, 7]",0.258,0.06,0.156,0.374,0.002,0.001,1229.7,1473.055,1.0
"L_uu_weight[16, 8]",0.229,0.057,0.134,0.337,0.002,0.001,1124.557,1294.996,1.002
"L_uu_weight[16, 9]",0.195,0.055,0.11,0.3,0.002,0.002,1049.351,1273.605,1.003
"L_uu_weight[16, 10]",0.162,0.051,0.088,0.261,0.002,0.002,1019.142,1193.799,1.004
"L_uu_weight[16, 11]",0.13,0.043,0.066,0.211,0.001,0.002,1005.851,1122.614,1.003
"L_uu_weight[16, 12]",0.099,0.034,0.049,0.162,0.001,0.001,1003.103,1024.117,1.004
"L_uu_weight[16, 13]",0.072,0.024,0.036,0.116,0.001,0.001,1003.695,1024.545,1.003
"L_uu_weight[16, 14]",0.048,0.015,0.026,0.077,0.0,0.001,1008.944,1070.447,1.003
"L_uu_weight[16, 15]",0.029,0.008,0.016,0.044,0.0,0.0,1020.319,1135.221,1.003
"L_uu_weight[16, 16]",0.02,0.004,0.013,0.028,0.0,0.0,1216.269,1421.565,1.0
"L_uu_weight[16, 17]",0.0,0.0,0.0,0.0,0.0,,2000.0,2000.0,
"L_uu_weight[16, 18]",0.0,0.0,0.0,0.0,0.0,,2000.0,2000.0,
"L_uu_weight[16, 19]",0.0,0.0,0.0,0.0,0.0,,2000.0,2000.0,
"L_uu_weight[16, 20]",0.0,0.0,0.0,0.0,0.0,,2000.0,2000.0,
"L_uu_weight[16, 21]",0.0,0.0,0.0,0.0,0.0,,2000.0,2000.0,
"L_uu_weight[16, 22]",0.0,0.0,0.0,0.0,0.0,,2000.0,2000.0,
"L_uu_weight[16, 23]",0.0,0.0,0.0,0.0,0.0,,2000.0,2000.0,
"L_uu_weight[16, 24]",0.0,0.0,0.0,0.0,0.0,,2000.0,2000.0,
"L_uu_weight[16, 25]",0.0,0.0,0.0,0.0,0.0,,2000.0,2000.0,
"L_uu_weight[16, 26]",0.0,0.0,0.0,0.0,0.0,,2000.0,2000.0,
"L_uu_weight[16, 27]",0.0,0.0,0.0,0.0,0.0,,2000.0,2000.0,
"L_uu_weight[16, 28]",0.0,0.0,0.0,0.0,0.0,,2000.0,2000.0,
"L_uu_weight[16, 29]",0.0,0.0,0.0,0.0,0.0,,2000.0,2000.0,
"L_uu_weight[16, 30]",0.0,0.0,0.0,0.0,0.0,,2000.0,2000.0,
"L_uu_weight[16, 31]",0.0,0.0,0.0,0.0,0.0,,2000.0,2000.0,
"L_uu_weight[16, 32]",0.0,0.0,0.0,0.0,0.0,,2000.0,2000.0,
"L_uu_weight[16, 33]",0.0,0.0,0.0,0.0,0.0,,2000.0,2000.0,
"L_uu_weight[16, 34]",0.0,0.0,0.0,0.0,0.0,,2000.0,2000.0,
"L_uu_weight[16, 35]",0.0,0.0,0.0,0.0,0.0,,2000.0,2000.0,
"L_uu_weight[16, 36]",0.0,0.0,0.0,0.0,0.0,,2000.0,2000.0,
"L_uu_weight[16, 37]",0.0,0.0,0.0,0.0,0.0,,2000.0,2000.0,
"L_uu_weight[16, 38]",0.0,0.0,0.0,0.0,0.0,,2000.0,2000.0,
"L_uu_weight[16, 39]",0.0,0.0,0.0,0.0,0.0,,2000.0,2000.0,
"L_uu_weight[16, 40]",0.0,0.0,0.0,0.0,0.0,,2000.0,2000.0,
"L_uu_weight[16, 41]",0.0,0.0,0.0,0.0,0.0,,2000.0,2000.0,
"L_uu_weight[16, 42]",0.0,0.0,0.0,0.0,0.0,,2000.0,2000.0,
"L_uu_weight[16, 43]",0.0,0.0,0.0,0.0,0.0,,2000.0,2000.0,
"L_uu_weight[16, 44]",0.0,0.0,0.0,0.0,0.0,,2000.0,2000.0,
"L_uu_weight[16, 45]",0.0,0.0,0.0,0.0,0.0,,2000.0,2000.0,
"L_uu_weight[16, 46]",0.0,0.0,0.0,0.0,0.0,,2000.0,2000.0,
"L_uu_weight[16, 47]",0.0,0.0,0.0,0.0,0.0,,2000.0,2000.0,
"L_uu_weight[16, 48]",0.0,0.0,0.0,0.0,0.0,,2000.0,2000.0,
"L_uu_weight[16, 49]",0.0,0.0,0.0,0.0,0.0,,2000.0,2000.0,
"L_uu_weight[17, 0]",0.197,0.121,0.008,0.412,0.003,0.003,978.833,990.511,1.003
"L_uu_weight[17, 1]",0.361,0.169,0.036,0.652,0.005,0.003,990.693,954.683,1.003
"L_uu_weight[17, 2]",0.281,0.075,0.147,0.437,0.002,0.002,1257.552,872.487,1.003
"L_uu_weight[17, 3]",0.333,0.099,0.157,0.534,0.003,0.002,1077.623,931.384,1.003
"L_uu_weight[17, 4]",0.294,0.077,0.169,0.453,0.002,0.002,1414.543,1187.96,1.003
"L_uu_weight[17, 5]",0.277,0.059,0.178,0.387,0.001,0.001,1614.303,1409.118,1.001
"L_uu_weight[17, 6]",0.281,0.062,0.172,0.396,0.002,0.001,1382.857,1391.871,1.002
"L_uu_weight[17, 7]",0.274,0.06,0.172,0.389,0.002,0.001,1300.703,1298.197,1.001
"L_uu_weight[17, 8]",0.251,0.057,0.149,0.353,0.002,0.001,1197.781,1226.563,1.001
"L_uu_weight[17, 9]",0.221,0.057,0.132,0.335,0.002,0.002,1093.031,1256.035,1.002
"L_uu_weight[17, 10]",0.19,0.056,0.105,0.299,0.002,0.002,1045.558,1208.904,1.004
"L_uu_weight[17, 11]",0.159,0.051,0.082,0.255,0.002,0.002,1022.828,1179.14,1.003
"L_uu_weight[17, 12]",0.128,0.043,0.064,0.208,0.001,0.002,1010.653,1046.938,1.003
"L_uu_weight[17, 13]",0.098,0.033,0.049,0.161,0.001,0.001,1002.547,1024.545,1.003
"L_uu_weight[17, 14]",0.071,0.024,0.035,0.115,0.001,0.001,1000.264,1012.633,1.003
"L_uu_weight[17, 15]",0.048,0.015,0.025,0.076,0.0,0.001,1000.502,1070.447,1.004
"L_uu_weight[17, 16]",0.029,0.008,0.017,0.045,0.0,0.0,1019.982,1149.42,1.003
"L_uu_weight[17, 17]",0.02,0.004,0.013,0.028,0.0,0.0,1215.877,1421.565,1.0
"L_uu_weight[17, 18]",0.0,0.0,0.0,0.0,0.0,,2000.0,2000.0,
"L_uu_weight[17, 19]",0.0,0.0,0.0,0.0,0.0,,2000.0,2000.0,
"L_uu_weight[17, 20]",0.0,0.0,0.0,0.0,0.0,,2000.0,2000.0,
"L_uu_weight[17, 21]",0.0,0.0,0.0,0.0,0.0,,2000.0,2000.0,
"L_uu_weight[17, 22]",0.0,0.0,0.0,0.0,0.0,,2000.0,2000.0,
"L_uu_weight[17, 23]",0.0,0.0,0.0,0.0,0.0,,2000.0,2000.0,
"L_uu_weight[17, 24]",0.0,0.0,0.0,0.0,0.0,,2000.0,2000.0,
"L_uu_weight[17, 25]",0.0,0.0,0.0,0.0,0.0,,2000.0,2000.0,
"L_uu_weight[17, 26]",0.0,0.0,0.0,0.0,0.0,,2000.0,2000.0,
"L_uu_weight[17, 27]",0.0,0.0,0.0,0.0,0.0,,2000.0,2000.0,
"L_uu_weight[17, 28]",0.0,0.0,0.0,0.0,0.0,,2000.0,2000.0,
"L_uu_weight[17, 29]",0.0,0.0,0.0,0.0,0.0,,2000.0,2000.0,
"L_uu_weight[17, 30]",0.0,0.0,0.0,0.0,0.0,,2000.0,2000.0,
"L_uu_weight[17, 31]",0.0,0.0,0.0,0.0,0.0,,2000.0,2000.0,
"L_uu_weight[17, 32]",0.0,0.0,0.0,0.0,0.0,,2000.0,2000.0,
"L_uu_weight[17, 33]",0.0,0.0,0.0,0.0,0.0,,2000.0,2000.0,
"L_uu_weight[17, 34]",0.0,0.0,0.0,0.0,0.0,,2000.0,2000.0,
"L_uu_weight[17, 35]",0.0,0.0,0.0,0.0,0.0,,2000.0,2000.0,
"L_uu_weight[17, 36]",0.0,0.0,0.0,0.0,0.0,,2000.0,2000.0,
"L_uu_weight[17, 37]",0.0,0.0,0.0,0.0,0.0,,2000.0,2000.0,
"L_uu_weight[17, 38]",0.0,0.0,0.0,0.0,0.0,,2000.0,2000.0,
"L_uu_weight[17, 39]",0.0,0.0,0.0,0.0,0.0,,2000.0,2000.0,
"L_uu_weight[17, 40]",0.0,0.0,0.0,0.0,0.0,,2000.0,2000.0,
"L_uu_weight[17, 41]",0.0,0.0,0.0,0.0,0.0,,2000.0,2000.0,
"L_uu_weight[17, 42]",0.0,0.0,0.0,0.0,0.0,,2000.0,2000.0,
"L_uu_weight[17, 43]",0.0,0.0,0.0,0.0,0.0,,2000.0,2000.0,
"L_uu_weight[17, 44]",0.0,0.0,0.0,0.0,0.0,,2000.0,2000.0,
"L_uu_weight[17, 45]",0.0,0.0,0.0,0.0,0.0,,2000.0,2000.0,
"L_uu_weight[17, 46]",0.0,0.0,0.0,0.0,0.0,,2000.0,2000.0,
"L_uu_weight[17, 47]",0.0,0.0,0.0,0.0,0.0,,2000.0,2000.0,
"L_uu_weight[17, 48]",0.0,0.0,0.0,0.0,0.0,,2000.0,2000.0,
"L_uu_weight[17, 49]",0.0,0.0,0.0,0.0,0.0,,2000.0,2000.0,
"L_uu_weight[18, 0]",0.165,0.109,0.002,0.356,0.003,0.002,971.799,946.04,1.003
"L_uu_weight[18, 1]",0.319,0.163,0.022,0.602,0.005,0.003,979.313,886.855,1.003
"L_uu_weight[18, 2]",0.259,0.077,0.112,0.411,0.002,0.002,1118.921,933.679,1.003
"L_uu_weight[18, 3]",0.314,0.105,0.116,0.515,0.003,0.002,1014.677,857.206,1.003
"L_uu_weight[18, 4]",0.283,0.083,0.142,0.451,0.002,0.002,1264.469,1042.626,1.003
"L_uu_weight[18, 5]",0.273,0.06,0.173,0.393,0.001,0.001,1616.781,1314.226,1.001
"L_uu_weight[18, 6]",0.284,0.062,0.176,0.401,0.002,0.001,1393.726,1343.64,1.003
"L_uu_weight[18, 7]",0.284,0.061,0.177,0.397,0.002,0.001,1333.641,1488.841,1.002
"L_uu_weight[18, 8]",0.268,0.057,0.175,0.379,0.002,0.001,1272.139,1509.235,1.001
"L_uu_weight[18, 9]",0.243,0.058,0.148,0.351,0.002,0.001,1166.666,1405.181,1.001
"L_uu_weight[18, 10]",0.216,0.059,0.128,0.335,0.002,0.002,1090.262,1292.683,1.002
"L_uu_weight[18, 11]",0.188,0.056,0.103,0.298,0.002,0.002,1058.209,1193.424,1.003
"L_uu_weight[18, 12]",0.158,0.051,0.08,0.252,0.002,0.002,1027.667,1193.799,1.003
"L_uu_weight[18, 13]",0.127,0.042,0.064,0.208,0.001,0.002,1009.167,1058.591,1.003
"L_uu_weight[18, 14]",0.097,0.033,0.048,0.16,0.001,0.001,997.103,1012.581,1.003
"L_uu_weight[18, 15]",0.07,0.024,0.036,0.115,0.001,0.001,993.953,1012.581,1.004
"L_uu_weight[18, 16]",0.047,0.015,0.024,0.075,0.0,0.001,1001.184,1024.117,1.004
"L_uu_weight[18, 17]",0.029,0.008,0.016,0.045,0.0,0.0,1022.71,1122.352,1.003
"L_uu_weight[18, 18]",0.02,0.004,0.013,0.028,0.0,0.0,1216.425,1443.423,1.0
"L_uu_weight[18, 19]",0.0,0.0,0.0,0.0,0.0,,2000.0,2000.0,
"L_uu_weight[18, 20]",0.0,0.0,0.0,0.0,0.0,,2000.0,2000.0,
"L_uu_weight[18, 21]",0.0,0.0,0.0,0.0,0.0,,2000.0,2000.0,
"L_uu_weight[18, 22]",0.0,0.0,0.0,0.0,0.0,,2000.0,2000.0,
"L_uu_weight[18, 23]",0.0,0.0,0.0,0.0,0.0,,2000.0,2000.0,
"L_uu_weight[18, 24]",0.0,0.0,0.0,0.0,0.0,,2000.0,2000.0,
"L_uu_weight[18, 25]",0.0,0.0,0.0,0.0,0.0,,2000.0,2000.0,
"L_uu_weight[18, 26]",0.0,0.0,0.0,0.0,0.0,,2000.0,2000.0,
"L_uu_weight[18, 27]",0.0,0.0,0.0,0.0,0.0,,2000.0,2000.0,
"L_uu_weight[18, 28]",0.0,0.0,0.0,0.0,0.0,,2000.0,2000.0,
"L_uu_weight[18, 29]",0.0,0.0,0.0,0.0,0.0,,2000.0,2000.0,
"L_uu_weight[18, 30]",0.0,0.0,0.0,0.0,0.0,,2000.0,2000.0,
"L_uu_weight[18, 31]",0.0,0.0,0.0,0.0,0.0,,2000.0,2000.0,
"L_uu_weight[18, 32]",0.0,0.0,0.0,0.0,0.0,,2000.0,2000.0,
"L_uu_weight[18, 33]",0.0,0.0,0.0,0.0,0.0,,2000.0,2000.0,
"L_uu_weight[18, 34]",0.0,0.0,0.0,0.0,0.0,,2000.0,2000.0,
"L_uu_weight[18, 35]",0.0,0.0,0.0,0.0,0.0,,2000.0,2000.0,
"L_uu_weight[18, 36]",0.0,0.0,0.0,0.0,0.0,,2000.0,2000.0,
"L_uu_weight[18, 37]",0.0,0.0,0.0,0.0,0.0,,2000.0,2000.0,
"L_uu_weight[18, 38]",0.0,0.0,0.0,0.0,0.0,,2000.0,2000.0,
"L_uu_weight[18, 39]",0.0,0.0,0.0,0.0,0.0,,2000.0,2000.0,
"L_uu_weight[18, 40]",0.0,0.0,0.0,0.0,0.0,,2000.0,2000.0,
"L_uu_weight[18, 41]",0.0,0.0,0.0,0.0,0.0,,2000.0,2000.0,
"L_uu_weight[18, 42]",0.0,0.0,0.0,0.0,0.0,,2000.0,2000.0,
"L_uu_weight[18, 43]",0.0,0.0,0.0,0.0,0.0,,2000.0,2000.0,
"L_uu_weight[18, 44]",0.0,0.0,0.0,0.0,0.0,,2000.0,2000.0,
"L_uu_weight[18, 45]",0.0,0.0,0.0,0.0,0.0,,2000.0,2000.0,
"L_uu_weight[18, 46]",0.0,0.0,0.0,0.0,0.0,,2000.0,2000.0,
"L_uu_weight[18, 47]",0.0,0.0,0.0,0.0,0.0,,2000.0,2000.0,
"L_uu_weight[18, 48]",0.0,0.0,0.0,0.0,0.0,,2000.0,2000.0,
"L_uu_weight[18, 49]",0.0,0.0,0.0,0.0,0.0,,2000.0,2000.0,
"L_uu_weight[19, 0]",0.137,0.097,0.001,0.31,0.003,0.002,967.536,937.037,1.002
"L_uu_weight[19, 1]",0.28,0.156,0.004,0.54,0.005,0.003,975.174,990.511,1.003
"L_uu_weight[19, 2]",0.236,0.079,0.08,0.383,0.002,0.002,1035.329,999.833,1.003
"L_uu_weight[19, 3]",0.292,0.109,0.088,0.497,0.003,0.002,982.187,907.841,1.003
"L_uu_weight[19, 4]",0.268,0.089,0.119,0.45,0.002,0.002,1100.259,960.168,1.003
"L_uu_weight[19, 5]",0.264,0.064,0.16,0.4,0.002,0.001,1497.916,1111.726,1.002
"L_uu_weight[19, 6]",0.281,0.063,0.178,0.41,0.002,0.001,1411.514,1015.356,1.003
"L_uu_weight[19, 7]",0.289,0.063,0.176,0.406,0.002,0.001,1317.21,1421.581,1.003
"L_uu_weight[19, 8]",0.278,0.058,0.178,0.387,0.002,0.001,1340.242,1551.863,1.002
"L_uu_weight[19, 9]",0.259,0.057,0.164,0.364,0.002,0.001,1262.585,1386.58,1.001
"L_uu_weight[19, 10]",0.238,0.059,0.142,0.352,0.002,0.001,1160.138,1318.154,1.002
"L_uu_weight[19, 11]",0.214,0.059,0.118,0.326,0.002,0.002,1100.281,1255.568,1.003
"L_uu_weight[19, 12]",0.187,0.056,0.098,0.29,0.002,0.002,1063.675,1241.188,1.003
"L_uu_weight[19, 13]",0.157,0.05,0.082,0.254,0.002,0.002,1025.121,1122.352,1.003
"L_uu_weight[19, 14]",0.126,0.042,0.062,0.206,0.001,0.002,1002.263,1095.595,1.003
"L_uu_weight[19, 15]",0.096,0.033,0.048,0.159,0.001,0.001,992.293,1012.581,1.004
"L_uu_weight[19, 16]",0.07,0.024,0.036,0.114,0.001,0.001,993.035,1023.956,1.004
"L_uu_weight[19, 17]",0.047,0.015,0.024,0.075,0.0,0.001,1001.523,1024.117,1.004
"L_uu_weight[19, 18]",0.029,0.008,0.016,0.045,0.0,0.0,1022.934,1108.62,1.003
"L_uu_weight[19, 19]",0.02,0.004,0.013,0.028,0.0,0.0,1215.335,1421.962,1.0
"L_uu_weight[19, 20]",0.0,0.0,0.0,0.0,0.0,,2000.0,2000.0,
"L_uu_weight[19, 21]",0.0,0.0,0.0,0.0,0.0,,2000.0,2000.0,
"L_uu_weight[19, 22]",0.0,0.0,0.0,0.0,0.0,,2000.0,2000.0,
"L_uu_weight[19, 23]",0.0,0.0,0.0,0.0,0.0,,2000.0,2000.0,
"L_uu_weight[19, 24]",0.0,0.0,0.0,0.0,0.0,,2000.0,2000.0,
"L_uu_weight[19, 25]",0.0,0.0,0.0,0.0,0.0,,2000.0,2000.0,
"L_uu_weight[19, 26]",0.0,0.0,0.0,0.0,0.0,,2000.0,2000.0,
"L_uu_weight[19, 27]",0.0,0.0,0.0,0.0,0.0,,2000.0,2000.0,
"L_uu_weight[19, 28]",0.0,0.0,0.0,0.0,0.0,,2000.0,2000.0,
"L_uu_weight[19, 29]",0.0,0.0,0.0,0.0,0.0,,2000.0,2000.0,
"L_uu_weight[19, 30]",0.0,0.0,0.0,0.0,0.0,,2000.0,2000.0,
"L_uu_weight[19, 31]",0.0,0.0,0.0,0.0,0.0,,2000.0,2000.0,
"L_uu_weight[19, 32]",0.0,0.0,0.0,0.0,0.0,,2000.0,2000.0,
"L_uu_weight[19, 33]",0.0,0.0,0.0,0.0,0.0,,2000.0,2000.0,
"L_uu_weight[19, 34]",0.0,0.0,0.0,0.0,0.0,,2000.0,2000.0,
"L_uu_weight[19, 35]",0.0,0.0,0.0,0.0,0.0,,2000.0,2000.0,
"L_uu_weight[19, 36]",0.0,0.0,0.0,0.0,0.0,,2000.0,2000.0,
"L_uu_weight[19, 37]",0.0,0.0,0.0,0.0,0.0,,2000.0,2000.0,
"L_uu_weight[19, 38]",0.0,0.0,0.0,0.0,0.0,,2000.0,2000.0,
"L_uu_weight[19, 39]",0.0,0.0,0.0,0.0,0.0,,2000.0,2000.0,
"L_uu_weight[19, 40]",0.0,0.0,0.0,0.0,0.0,,2000.0,2000.0,
"L_uu_weight[19, 41]",0.0,0.0,0.0,0.0,0.0,,2000.0,2000.0,
"L_uu_weight[19, 42]",0.0,0.0,0.0,0.0,0.0,,2000.0,2000.0,
"L_uu_weight[19, 43]",0.0,0.0,0.0,0.0,0.0,,2000.0,2000.0,
"L_uu_weight[19, 44]",0.0,0.0,0.0,0.0,0.0,,2000.0,2000.0,
"L_uu_weight[19, 45]",0.0,0.0,0.0,0.0,0.0,,2000.0,2000.0,
"L_uu_weight[19, 46]",0.0,0.0,0.0,0.0,0.0,,2000.0,2000.0,
"L_uu_weight[19, 47]",0.0,0.0,0.0,0.0,0.0,,2000.0,2000.0,
"L_uu_weight[19, 48]",0.0,0.0,0.0,0.0,0.0,,2000.0,2000.0,
"L_uu_weight[19, 49]",0.0,0.0,0.0,0.0,0.0,,2000.0,2000.0,
"L_uu_weight[20, 0]",0.114,0.086,0.0,0.267,0.002,0.002,964.261,932.445,1.002
"L_uu_weight[20, 1]",0.243,0.147,0.002,0.49,0.004,0.003,968.392,946.04,1.003
"L_uu_weight[20, 2]",0.212,0.079,0.058,0.36,0.003,0.002,991.841,954.683,1.003
"L_uu_weight[20, 3]",0.268,0.11,0.059,0.47,0.004,0.002,956.304,954.683,1.003
"L_uu_weight[20, 4]",0.25,0.093,0.096,0.444,0.003,0.002,1056.184,935.373,1.003
"L_uu_weight[20, 5]",0.251,0.068,0.138,0.393,0.002,0.002,1385.696,989.195,1.003
"L_uu_weight[20, 6]",0.273,0.066,0.158,0.41,0.002,0.001,1359.009,1130.632,1.003
"L_uu_weight[20, 7]",0.287,0.066,0.18,0.431,0.002,0.001,1295.95,1268.102,1.003
"L_uu_weight[20, 8]",0.283,0.061,0.184,0.405,0.002,0.001,1389.742,1384.09,1.002
"L_uu_weight[20, 9]",0.27,0.057,0.174,0.375,0.001,0.001,1356.144,1477.773,1.001
"L_uu_weight[20, 10]",0.254,0.058,0.158,0.364,0.002,0.001,1261.66,1288.662,1.002
"L_uu_weight[20, 11]",0.236,0.06,0.136,0.348,0.002,0.001,1172.44,1297.155,1.002
"L_uu_weight[20, 12]",0.213,0.059,0.118,0.325,0.002,0.002,1108.224,1255.86,1.002
"L_uu_weight[20, 13]",0.185,0.055,0.101,0.294,0.002,0.002,1054.408,1257.693,1.003
"L_uu_weight[20, 14]",0.155,0.05,0.082,0.252,0.002,0.002,1016.86,1240.615,1.003
"L_uu_weight[20, 15]",0.125,0.042,0.061,0.203,0.001,0.002,997.991,1095.595,1.003
"L_uu_weight[20, 16]",0.095,0.033,0.048,0.158,0.001,0.001,993.574,1023.956,1.003
"L_uu_weight[20, 17]",0.069,0.024,0.035,0.114,0.001,0.001,994.306,1012.789,1.004
"L_uu_weight[20, 18]",0.047,0.015,0.024,0.075,0.0,0.001,1003.139,1024.117,1.004
"L_uu_weight[20, 19]",0.029,0.008,0.016,0.045,0.0,0.0,1020.416,1108.875,1.003
"L_uu_weight[20, 20]",0.02,0.004,0.013,0.028,0.0,0.0,1211.079,1380.226,1.0
"L_uu_weight[20, 21]",0.0,0.0,0.0,0.0,0.0,,2000.0,2000.0,
"L_uu_weight[20, 22]",0.0,0.0,0.0,0.0,0.0,,2000.0,2000.0,
"L_uu_weight[20, 23]",0.0,0.0,0.0,0.0,0.0,,2000.0,2000.0,
"L_uu_weight[20, 24]",0.0,0.0,0.0,0.0,0.0,,2000.0,2000.0,
"L_uu_weight[20, 25]",0.0,0.0,0.0,0.0,0.0,,2000.0,2000.0,
"L_uu_weight[20, 26]",0.0,0.0,0.0,0.0,0.0,,2000.0,2000.0,
"L_uu_weight[20, 27]",0.0,0.0,0.0,0.0,0.0,,2000.0,2000.0,
"L_uu_weight[20, 28]",0.0,0.0,0.0,0.0,0.0,,2000.0,2000.0,
"L_uu_weight[20, 29]",0.0,0.0,0.0,0.0,0.0,,2000.0,2000.0,
"L_uu_weight[20, 30]",0.0,0.0,0.0,0.0,0.0,,2000.0,2000.0,
"L_uu_weight[20, 31]",0.0,0.0,0.0,0.0,0.0,,2000.0,2000.0,
"L_uu_weight[20, 32]",0.0,0.0,0.0,0.0,0.0,,2000.0,2000.0,
"L_uu_weight[20, 33]",0.0,0.0,0.0,0.0,0.0,,2000.0,2000.0,
"L_uu_weight[20, 34]",0.0,0.0,0.0,0.0,0.0,,2000.0,2000.0,
"L_uu_weight[20, 35]",0.0,0.0,0.0,0.0,0.0,,2000.0,2000.0,
"L_uu_weight[20, 36]",0.0,0.0,0.0,0.0,0.0,,2000.0,2000.0,
"L_uu_weight[20, 37]",0.0,0.0,0.0,0.0,0.0,,2000.0,2000.0,
"L_uu_weight[20, 38]",0.0,0.0,0.0,0.0,0.0,,2000.0,2000.0,
"L_uu_weight[20, 39]",0.0,0.0,0.0,0.0,0.0,,2000.0,2000.0,
"L_uu_weight[20, 40]",0.0,0.0,0.0,0.0,0.0,,2000.0,2000.0,
"L_uu_weight[20, 41]",0.0,0.0,0.0,0.0,0.0,,2000.0,2000.0,
"L_uu_weight[20, 42]",0.0,0.0,0.0,0.0,0.0,,2000.0,2000.0,
"L_uu_weight[20, 43]",0.0,0.0,0.0,0.0,0.0,,2000.0,2000.0,
"L_uu_weight[20, 44]",0.0,0.0,0.0,0.0,0.0,,2000.0,2000.0,
"L_uu_weight[20, 45]",0.0,0.0,0.0,0.0,0.0,,2000.0,2000.0,
"L_uu_weight[20, 46]",0.0,0.0,0.0,0.0,0.0,,2000.0,2000.0,
"L_uu_weight[20, 47]",0.0,0.0,0.0,0.0,0.0,,2000.0,2000.0,
"L_uu_weight[20, 48]",0.0,0.0,0.0,0.0,0.0,,2000.0,2000.0,
"L_uu_weight[20, 49]",0.0,0.0,0.0,0.0,0.0,,2000.0,2000.0,
"L_uu_weight[21, 0]",0.093,0.076,0.0,0.228,0.002,0.002,961.631,945.835,1.002
"L_uu_weight[21, 1]",0.208,0.137,0.001,0.445,0.004,0.003,964.943,937.037,1.003
"L_uu_weight[21, 2]",0.188,0.078,0.038,0.334,0.003,0.002,963.259,975.384,1.003
"L_uu_weight[21, 3]",0.243,0.11,0.041,0.445,0.004,0.002,948.408,886.855,1.003
"L_uu_weight[21, 4]",0.23,0.096,0.058,0.417,0.003,0.002,1022.848,873.721,1.003
"L_uu_weight[21, 5]",0.235,0.071,0.107,0.379,0.002,0.002,1291.572,998.832,1.004
"L_uu_weight[21, 6]",0.261,0.069,0.131,0.401,0.002,0.002,1235.442,871.584,1.003
"L_uu_weight[21, 7]",0.28,0.071,0.138,0.414,0.002,0.002,1206.871,1073.061,1.003
"L_uu_weight[21, 8]",0.282,0.065,0.169,0.413,0.002,0.001,1387.406,1024.789,1.002
"L_uu_weight[21, 9]",0.275,0.058,0.173,0.383,0.001,0.001,1502.53,1418.885,1.001
"L_uu_weight[21, 10]",0.265,0.057,0.165,0.367,0.001,0.001,1351.596,1394.54,1.002
"L_uu_weight[21, 11]",0.253,0.059,0.156,0.366,0.002,0.001,1268.956,1294.946,1.001
"L_uu_weight[21, 12]",0.235,0.059,0.137,0.348,0.002,0.001,1179.411,1430.115,1.001
"L_uu_weight[21, 13]",0.212,0.058,0.117,0.323,0.002,0.002,1097.194,1294.676,1.002
"L_uu_weight[21, 14]",0.184,0.055,0.102,0.294,0.002,0.002,1042.747,1223.682,1.003
"L_uu_weight[21, 15]",0.154,0.05,0.081,0.25,0.002,0.002,1011.409,1209.058,1.003
"L_uu_weight[21, 16]",0.124,0.042,0.062,0.204,0.001,0.002,998.628,1058.533,1.003
"L_uu_weight[21, 17]",0.095,0.033,0.048,0.158,0.001,0.001,995.032,1024.01,1.004
"L_uu_weight[21, 18]",0.069,0.024,0.035,0.114,0.001,0.001,995.624,1012.633,1.004
"L_uu_weight[21, 19]",0.046,0.015,0.024,0.075,0.0,0.001,1004.184,1024.117,1.003
"L_uu_weight[21, 20]",0.029,0.008,0.016,0.044,0.0,0.0,1016.812,1108.875,1.003
"L_uu_weight[21, 21]",0.02,0.004,0.013,0.028,0.0,0.0,1208.811,1421.565,1.0
"L_uu_weight[21, 22]",0.0,0.0,0.0,0.0,0.0,,2000.0,2000.0,
"L_uu_weight[21, 23]",0.0,0.0,0.0,0.0,0.0,,2000.0,2000.0,
"L_uu_weight[21, 24]",0.0,0.0,0.0,0.0,0.0,,2000.0,2000.0,
"L_uu_weight[21, 25]",0.0,0.0,0.0,0.0,0.0,,2000.0,2000.0,
"L_uu_weight[21, 26]",0.0,0.0,0.0,0.0,0.0,,2000.0,2000.0,
"L_uu_weight[21, 27]",0.0,0.0,0.0,0.0,0.0,,2000.0,2000.0,
"L_uu_weight[21, 28]",0.0,0.0,0.0,0.0,0.0,,2000.0,2000.0,
"L_uu_weight[21, 29]",0.0,0.0,0.0,0.0,0.0,,2000.0,2000.0,
"L_uu_weight[21, 30]",0.0,0.0,0.0,0.0,0.0,,2000.0,2000.0,
"L_uu_weight[21, 31]",0.0,0.0,0.0,0.0,0.0,,2000.0,2000.0,
"L_uu_weight[21, 32]",0.0,0.0,0.0,0.0,0.0,,2000.0,2000.0,
"L_uu_weight[21, 33]",0.0,0.0,0.0,0.0,0.0,,2000.0,2000.0,
"L_uu_weight[21, 34]",0.0,0.0,0.0,0.0,0.0,,2000.0,2000.0,
"L_uu_weight[21, 35]",0.0,0.0,0.0,0.0,0.0,,2000.0,2000.0,
"L_uu_weight[21, 36]",0.0,0.0,0.0,0.0,0.0,,2000.0,2000.0,
"L_uu_weight[21, 37]",0.0,0.0,0.0,0.0,0.0,,2000.0,2000.0,
"L_uu_weight[21, 38]",0.0,0.0,0.0,0.0,0.0,,2000.0,2000.0,
"L_uu_weight[21, 39]",0.0,0.0,0.0,0.0,0.0,,2000.0,2000.0,
"L_uu_weight[21, 40]",0.0,0.0,0.0,0.0,0.0,,2000.0,2000.0,
"L_uu_weight[21, 41]",0.0,0.0,0.0,0.0,0.0,,2000.0,2000.0,
"L_uu_weight[21, 42]",0.0,0.0,0.0,0.0,0.0,,2000.0,2000.0,
"L_uu_weight[21, 43]",0.0,0.0,0.0,0.0,0.0,,2000.0,2000.0,
"L_uu_weight[21, 44]",0.0,0.0,0.0,0.0,0.0,,2000.0,2000.0,
"L_uu_weight[21, 45]",0.0,0.0,0.0,0.0,0.0,,2000.0,2000.0,
"L_uu_weight[21, 46]",0.0,0.0,0.0,0.0,0.0,,2000.0,2000.0,
"L_uu_weight[21, 47]",0.0,0.0,0.0,0.0,0.0,,2000.0,2000.0,
"L_uu_weight[21, 48]",0.0,0.0,0.0,0.0,0.0,,2000.0,2000.0,
"L_uu_weight[21, 49]",0.0,0.0,0.0,0.0,0.0,,2000.0,2000.0,
"L_uu_weight[22, 0]",0.076,0.066,0.0,0.195,0.002,0.002,953.297,913.235,1.002
"L_uu_weight[22, 1]",0.177,0.125,0.0,0.398,0.003,0.003,959.546,945.835,1.003
"L_uu_weight[22, 2]",0.165,0.076,0.024,0.307,0.002,0.001,960.471,946.04,1.003
"L_uu_weight[22, 3]",0.217,0.108,0.016,0.406,0.003,0.002,950.652,990.511,1.003
"L_uu_weight[22, 4]",0.209,0.097,0.023,0.378,0.003,0.002,1000.415,999.833,1.003
"L_uu_weight[22, 5]",0.217,0.074,0.08,0.365,0.002,0.002,1125.486,907.694,1.003
"L_uu_weight[22, 6]",0.245,0.072,0.099,0.381,0.002,0.002,1116.148,889.765,1.003
"L_uu_weight[22, 7]",0.268,0.075,0.132,0.424,0.002,0.002,1112.804,933.02,1.003
"L_uu_weight[22, 8]",0.275,0.07,0.153,0.419,0.002,0.001,1275.719,1222.635,1.003
"L_uu_weight[22, 9]",0.274,0.061,0.17,0.396,0.002,0.001,1560.722,1205.948,1.002
"L_uu_weight[22, 10]",0.27,0.057,0.177,0.383,0.001,0.001,1468.596,1367.965,1.001
"L_uu_weight[22, 11]",0.264,0.058,0.161,0.368,0.001,0.001,1353.476,1338.426,1.001
"L_uu_weight[22, 12]",0.252,0.058,0.157,0.367,0.002,0.001,1273.628,1328.655,1.001
"L_uu_weight[22, 13]",0.234,0.058,0.139,0.348,0.002,0.001,1165.652,1369.216,1.001
"L_uu_weight[22, 14]",0.21,0.058,0.121,0.325,0.002,0.002,1082.223,1257.693,1.002
"L_uu_weight[22, 15]",0.182,0.055,0.098,0.289,0.002,0.002,1039.684,1178.628,1.003
"L_uu_weight[22, 16]",0.153,0.05,0.077,0.247,0.002,0.002,1013.503,1122.811,1.003
"L_uu_weight[22, 17]",0.123,0.043,0.062,0.204,0.001,0.002,1000.769,1058.533,1.003
"L_uu_weight[22, 18]",0.094,0.033,0.047,0.158,0.001,0.001,994.683,1012.633,1.004
"L_uu_weight[22, 19]",0.068,0.024,0.034,0.113,0.001,0.001,993.318,1012.633,1.004
"L_uu_weight[22, 20]",0.046,0.015,0.024,0.074,0.0,0.001,1002.099,1024.117,1.003
"L_uu_weight[22, 21]",0.028,0.008,0.015,0.044,0.0,0.0,1015.71,1122.417,1.003
"L_uu_weight[22, 22]",0.02,0.004,0.013,0.028,0.0,0.0,1209.588,1400.196,1.0
"L_uu_weight[22, 23]",0.0,0.0,0.0,0.0,0.0,,2000.0,2000.0,
"L_uu_weight[22, 24]",0.0,0.0,0.0,0.0,0.0,,2000.0,2000.0,
"L_uu_weight[22, 25]",0.0,0.0,0.0,0.0,0.0,,2000.0,2000.0,
"L_uu_weight[22, 26]",0.0,0.0,0.0,0.0,0.0,,2000.0,2000.0,
"L_uu_weight[22, 27]",0.0,0.0,0.0,0.0,0.0,,2000.0,2000.0,
"L_uu_weight[22, 28]",0.0,0.0,0.0,0.0,0.0,,2000.0,2000.0,
"L_uu_weight[22, 29]",0.0,0.0,0.0,0.0,0.0,,2000.0,2000.0,
"L_uu_weight[22, 30]",0.0,0.0,0.0,0.0,0.0,,2000.0,2000.0,
"L_uu_weight[22, 31]",0.0,0.0,0.0,0.0,0.0,,2000.0,2000.0,
"L_uu_weight[22, 32]",0.0,0.0,0.0,0.0,0.0,,2000.0,2000.0,
"L_uu_weight[22, 33]",0.0,0.0,0.0,0.0,0.0,,2000.0,2000.0,
"L_uu_weight[22, 34]",0.0,0.0,0.0,0.0,0.0,,2000.0,2000.0,
"L_uu_weight[22, 35]",0.0,0.0,0.0,0.0,0.0,,2000.0,2000.0,
"L_uu_weight[22, 36]",0.0,0.0,0.0,0.0,0.0,,2000.0,2000.0,
"L_uu_weight[22, 37]",0.0,0.0,0.0,0.0,0.0,,2000.0,2000.0,
"L_uu_weight[22, 38]",0.0,0.0,0.0,0.0,0.0,,2000.0,2000.0,
"L_uu_weight[22, 39]",0.0,0.0,0.0,0.0,0.0,,2000.0,2000.0,
"L_uu_weight[22, 40]",0.0,0.0,0.0,0.0,0.0,,2000.0,2000.0,
"L_uu_weight[22, 41]",0.0,0.0,0.0,0.0,0.0,,2000.0,2000.0,
"L_uu_weight[22, 42]",0.0,0.0,0.0,0.0,0.0,,2000.0,2000.0,
"L_uu_weight[22, 43]",0.0,0.0,0.0,0.0,0.0,,2000.0,2000.0,
"L_uu_weight[22, 44]",0.0,0.0,0.0,0.0,0.0,,2000.0,2000.0,
"L_uu_weight[22, 45]",0.0,0.0,0.0,0.0,0.0,,2000.0,2000.0,
"L_uu_weight[22, 46]",0.0,0.0,0.0,0.0,0.0,,2000.0,2000.0,
"L_uu_weight[22, 47]",0.0,0.0,0.0,0.0,0.0,,2000.0,2000.0,
"L_uu_weight[22, 48]",0.0,0.0,0.0,0.0,0.0,,2000.0,2000.0,
"L_uu_weight[22, 49]",0.0,0.0,0.0,0.0,0.0,,2000.0,2000.0,
"L_uu_weight[23, 0]",0.062,0.057,0.0,0.167,0.002,0.002,949.494,905.347,1.002
"L_uu_weight[23, 1]",0.15,0.114,0.0,0.352,0.003,0.003,960.456,945.835,1.002
"L_uu_weight[23, 2]",0.143,0.073,0.002,0.265,0.002,0.001,958.235,937.037,1.003
"L_uu_weight[23, 3]",0.192,0.105,0.004,0.367,0.003,0.002,952.193,946.04,1.003
"L_uu_weight[23, 4]",0.188,0.096,0.015,0.357,0.003,0.002,990.75,954.683,1.003
"L_uu_weight[23, 5]",0.197,0.076,0.051,0.345,0.002,0.002,1039.874,954.683,1.003
"L_uu_weight[23, 6]",0.227,0.075,0.084,0.375,0.002,0.002,1033.344,999.833,1.003
"L_uu_weight[23, 7]",0.253,0.08,0.103,0.409,0.002,0.002,1038.99,907.278,1.003
"L_uu_weight[23, 8]",0.265,0.076,0.133,0.42,0.002,0.002,1154.737,925.144,1.003
"L_uu_weight[23, 9]",0.268,0.066,0.161,0.409,0.002,0.001,1438.398,1140.426,1.002
"L_uu_weight[23, 10]",0.27,0.059,0.166,0.383,0.001,0.001,1548.242,1120.577,1.002
"L_uu_weight[23, 11]",0.269,0.057,0.167,0.375,0.001,0.001,1421.597,1394.798,1.001
"L_uu_weight[23, 12]",0.264,0.057,0.17,0.376,0.002,0.001,1350.854,1337.69,1.001
"L_uu_weight[23, 13]",0.251,0.058,0.158,0.365,0.002,0.001,1255.72,1380.657,1.0
"L_uu_weight[23, 14]",0.232,0.058,0.137,0.345,0.002,0.001,1145.517,1369.64,1.001
"L_uu_weight[23, 15]",0.208,0.058,0.119,0.324,0.002,0.002,1079.773,1209.908,1.002
"L_uu_weight[23, 16]",0.181,0.056,0.096,0.286,0.002,0.002,1043.275,1209.522,1.003
"L_uu_weight[23, 17]",0.152,0.05,0.078,0.249,0.002,0.002,1016.171,1122.352,1.003
"L_uu_weight[23, 18]",0.122,0.043,0.059,0.202,0.001,0.002,999.695,1046.544,1.003
"L_uu_weight[23, 19]",0.094,0.033,0.046,0.157,0.001,0.001,992.264,1012.581,1.004
"L_uu_weight[23, 20]",0.068,0.024,0.034,0.113,0.001,0.001,991.197,1023.796,1.004
"L_uu_weight[23, 21]",0.046,0.015,0.024,0.074,0.0,0.001,1000.857,1024.117,1.004
"L_uu_weight[23, 22]",0.028,0.008,0.016,0.044,0.0,0.0,1016.625,1108.875,1.003
"L_uu_weight[23, 23]",0.02,0.004,0.013,0.028,0.0,0.0,1210.703,1400.196,1.0
"L_uu_weight[23, 24]",0.0,0.0,0.0,0.0,0.0,,2000.0,2000.0,
"L_uu_weight[23, 25]",0.0,0.0,0.0,0.0,0.0,,2000.0,2000.0,
"L_uu_weight[23, 26]",0.0,0.0,0.0,0.0,0.0,,2000.0,2000.0,
"L_uu_weight[23, 27]",0.0,0.0,0.0,0.0,0.0,,2000.0,2000.0,
"L_uu_weight[23, 28]",0.0,0.0,0.0,0.0,0.0,,2000.0,2000.0,
"L_uu_weight[23, 29]",0.0,0.0,0.0,0.0,0.0,,2000.0,2000.0,
"L_uu_weight[23, 30]",0.0,0.0,0.0,0.0,0.0,,2000.0,2000.0,
"L_uu_weight[23, 31]",0.0,0.0,0.0,0.0,0.0,,2000.0,2000.0,
"L_uu_weight[23, 32]",0.0,0.0,0.0,0.0,0.0,,2000.0,2000.0,
"L_uu_weight[23, 33]",0.0,0.0,0.0,0.0,0.0,,2000.0,2000.0,
"L_uu_weight[23, 34]",0.0,0.0,0.0,0.0,0.0,,2000.0,2000.0,
"L_uu_weight[23, 35]",0.0,0.0,0.0,0.0,0.0,,2000.0,2000.0,
"L_uu_weight[23, 36]",0.0,0.0,0.0,0.0,0.0,,2000.0,2000.0,
"L_uu_weight[23, 37]",0.0,0.0,0.0,0.0,0.0,,2000.0,2000.0,
"L_uu_weight[23, 38]",0.0,0.0,0.0,0.0,0.0,,2000.0,2000.0,
"L_uu_weight[23, 39]",0.0,0.0,0.0,0.0,0.0,,2000.0,2000.0,
"L_uu_weight[23, 40]",0.0,0.0,0.0,0.0,0.0,,2000.0,2000.0,
"L_uu_weight[23, 41]",0.0,0.0,0.0,0.0,0.0,,2000.0,2000.0,
"L_uu_weight[23, 42]",0.0,0.0,0.0,0.0,0.0,,2000.0,2000.0,
"L_uu_weight[23, 43]",0.0,0.0,0.0,0.0,0.0,,2000.0,2000.0,
"L_uu_weight[23, 44]",0.0,0.0,0.0,0.0,0.0,,2000.0,2000.0,
"L_uu_weight[23, 45]",0.0,0.0,0.0,0.0,0.0,,2000.0,2000.0,
"L_uu_weight[23, 46]",0.0,0.0,0.0,0.0,0.0,,2000.0,2000.0,
"L_uu_weight[23, 47]",0.0,0.0,0.0,0.0,0.0,,2000.0,2000.0,
"L_uu_weight[23, 48]",0.0,0.0,0.0,0.0,0.0,,2000.0,2000.0,
"L_uu_weight[23, 49]",0.0,0.0,0.0,0.0,0.0,,2000.0,2000.0,
"L_uu_weight[24, 0]",0.05,0.049,0.0,0.139,0.001,0.001,945.471,905.347,1.002
"L_uu_weight[24, 1]",0.125,0.102,0.0,0.309,0.003,0.002,956.113,905.347,1.002
"L_uu_weight[24, 2]",0.123,0.069,0.0,0.236,0.002,0.001,956.795,932.445,1.003
"L_uu_weight[24, 3]",0.168,0.1,0.001,0.336,0.003,0.002,946.585,937.037,1.003
"L_uu_weight[24, 4]",0.167,0.093,0.004,0.326,0.003,0.002,975.08,975.384,1.003
"L_uu_weight[24, 5]",0.177,0.077,0.033,0.327,0.002,0.002,1019.59,886.855,1.003
"L_uu_weight[24, 6]",0.207,0.077,0.052,0.348,0.002,0.002,989.742,954.683,1.003
"L_uu_weight[24, 7]",0.235,0.083,0.076,0.391,0.003,0.002,1000.72,907.841,1.003
"L_uu_weight[24, 8]",0.25,0.081,0.105,0.41,0.002,0.002,1049.739,907.278,1.003
"L_uu_weight[24, 9]",0.258,0.071,0.134,0.404,0.002,0.002,1314.473,989.195,1.003
"L_uu_weight[24, 10]",0.264,0.063,0.156,0.394,0.002,0.001,1474.698,1224.716,1.002
"L_uu_weight[24, 11]",0.269,0.059,0.17,0.386,0.001,0.001,1447.701,1199.909,1.002
"L_uu_weight[24, 12]",0.269,0.058,0.169,0.378,0.001,0.001,1392.452,1468.826,1.003
"L_uu_weight[24, 13]",0.263,0.057,0.169,0.371,0.001,0.001,1327.948,1295.781,1.001
"L_uu_weight[24, 14]",0.249,0.057,0.154,0.358,0.002,0.001,1232.38,1280.97,1.0
"L_uu_weight[24, 15]",0.23,0.058,0.139,0.347,0.002,0.001,1139.944,1340.77,1.002
"L_uu_weight[24, 16]",0.207,0.058,0.111,0.315,0.002,0.002,1082.845,1240.697,1.003
"L_uu_weight[24, 17]",0.18,0.056,0.092,0.284,0.002,0.002,1047.268,1225.031,1.003
"L_uu_weight[24, 18]",0.151,0.05,0.077,0.248,0.002,0.002,1014.98,1149.558,1.003
"L_uu_weight[24, 19]",0.122,0.042,0.059,0.202,0.001,0.002,998.188,1046.32,1.003
"L_uu_weight[24, 20]",0.094,0.033,0.046,0.156,0.001,0.001,990.888,1023.796,1.004
"L_uu_weight[24, 21]",0.068,0.024,0.034,0.113,0.001,0.001,990.464,1012.633,1.004
"L_uu_weight[24, 22]",0.046,0.015,0.024,0.074,0.0,0.001,999.06,1024.117,1.004
"L_uu_weight[24, 23]",0.028,0.008,0.015,0.044,0.0,0.0,1017.702,1108.875,1.003
"L_uu_weight[24, 24]",0.02,0.004,0.013,0.028,0.0,0.0,1211.492,1400.196,1.0
"L_uu_weight[24, 25]",0.0,0.0,0.0,0.0,0.0,,2000.0,2000.0,
"L_uu_weight[24, 26]",0.0,0.0,0.0,0.0,0.0,,2000.0,2000.0,
"L_uu_weight[24, 27]",0.0,0.0,0.0,0.0,0.0,,2000.0,2000.0,
"L_uu_weight[24, 28]",0.0,0.0,0.0,0.0,0.0,,2000.0,2000.0,
"L_uu_weight[24, 29]",0.0,0.0,0.0,0.0,0.0,,2000.0,2000.0,
"L_uu_weight[24, 30]",0.0,0.0,0.0,0.0,0.0,,2000.0,2000.0,
"L_uu_weight[24, 31]",0.0,0.0,0.0,0.0,0.0,,2000.0,2000.0,
"L_uu_weight[24, 32]",0.0,0.0,0.0,0.0,0.0,,2000.0,2000.0,
"L_uu_weight[24, 33]",0.0,0.0,0.0,0.0,0.0,,2000.0,2000.0,
"L_uu_weight[24, 34]",0.0,0.0,0.0,0.0,0.0,,2000.0,2000.0,
"L_uu_weight[24, 35]",0.0,0.0,0.0,0.0,0.0,,2000.0,2000.0,
"L_uu_weight[24, 36]",0.0,0.0,0.0,0.0,0.0,,2000.0,2000.0,
"L_uu_weight[24, 37]",0.0,0.0,0.0,0.0,0.0,,2000.0,2000.0,
"L_uu_weight[24, 38]",0.0,0.0,0.0,0.0,0.0,,2000.0,2000.0,
"L_uu_weight[24, 39]",0.0,0.0,0.0,0.0,0.0,,2000.0,2000.0,
"L_uu_weight[24, 40]",0.0,0.0,0.0,0.0,0.0,,2000.0,2000.0,
"L_uu_weight[24, 41]",0.0,0.0,0.0,0.0,0.0,,2000.0,2000.0,
"L_uu_weight[24, 42]",0.0,0.0,0.0,0.0,0.0,,2000.0,2000.0,
"L_uu_weight[24, 43]",0.0,0.0,0.0,0.0,0.0,,2000.0,2000.0,
"L_uu_weight[24, 44]",0.0,0.0,0.0,0.0,0.0,,2000.0,2000.0,
"L_uu_weight[24, 45]",0.0,0.0,0.0,0.0,0.0,,2000.0,2000.0,
"L_uu_weight[24, 46]",0.0,0.0,0.0,0.0,0.0,,2000.0,2000.0,
"L_uu_weight[24, 47]",0.0,0.0,0.0,0.0,0.0,,2000.0,2000.0,
"L_uu_weight[24, 48]",0.0,0.0,0.0,0.0,0.0,,2000.0,2000.0,
"L_uu_weight[24, 49]",0.0,0.0,0.0,0.0,0.0,,2000.0,2000.0,
"L_uu_weight[25, 0]",0.04,0.041,0.0,0.117,0.001,0.001,941.366,878.947,1.002
"L_uu_weight[25, 1]",0.104,0.091,0.0,0.268,0.002,0.002,950.731,905.347,1.002
"L_uu_weight[25, 2]",0.105,0.064,0.0,0.211,0.002,0.001,955.797,945.835,1.003
"L_uu_weight[25, 3]",0.146,0.094,0.0,0.305,0.003,0.002,944.681,945.835,1.003
"L_uu_weight[25, 4]",0.147,0.09,0.001,0.301,0.003,0.002,969.827,946.04,1.003
"L_uu_weight[25, 5]",0.158,0.076,0.008,0.286,0.002,0.002,995.843,946.04,1.003
"L_uu_weight[25, 6]",0.187,0.077,0.038,0.328,0.002,0.002,968.356,975.384,1.003
"L_uu_weight[25, 7]",0.216,0.085,0.049,0.368,0.003,0.002,973.361,877.782,1.003
"L_uu_weight[25, 8]",0.233,0.085,0.078,0.396,0.003,0.002,997.803,924.606,1.003
"L_uu_weight[25, 9]",0.244,0.076,0.107,0.396,0.002,0.002,1135.344,998.832,1.003
"L_uu_weight[25, 10]",0.254,0.067,0.138,0.395,0.002,0.002,1370.819,938.631,1.003
"L_uu_weight[25, 11]",0.264,0.062,0.154,0.392,0.002,0.001,1403.484,1273.777,1.003
"L_uu_weight[25, 12]",0.27,0.06,0.173,0.392,0.002,0.001,1391.743,1123.593,1.003
"L_uu_weight[25, 13]",0.269,0.057,0.17,0.375,0.001,0.001,1384.657,1524.918,1.003
"L_uu_weight[25, 14]",0.261,0.056,0.167,0.368,0.001,0.001,1309.773,1508.406,1.001
"L_uu_weight[25, 15]",0.247,0.057,0.155,0.36,0.002,0.001,1230.955,1277.995,1.001
"L_uu_weight[25, 16]",0.229,0.059,0.131,0.339,0.002,0.001,1148.055,1305.148,1.002
"L_uu_weight[25, 17]",0.206,0.058,0.115,0.322,0.002,0.002,1088.468,1274.384,1.003
"L_uu_weight[25, 18]",0.179,0.056,0.091,0.283,0.002,0.002,1044.454,1208.364,1.003
"L_uu_weight[25, 19]",0.151,0.05,0.078,0.249,0.002,0.002,1012.449,1178.847,1.003
"L_uu_weight[25, 20]",0.121,0.042,0.059,0.202,0.001,0.002,995.489,1046.32,1.004
"L_uu_weight[25, 21]",0.093,0.033,0.046,0.156,0.001,0.001,989.908,1012.633,1.003
"L_uu_weight[25, 22]",0.068,0.024,0.034,0.113,0.001,0.001,990.02,1012.633,1.004
"L_uu_weight[25, 23]",0.046,0.015,0.024,0.074,0.0,0.001,998.987,1024.117,1.004
"L_uu_weight[25, 24]",0.028,0.008,0.015,0.043,0.0,0.0,1018.09,1108.875,1.003
"L_uu_weight[25, 25]",0.02,0.004,0.013,0.028,0.0,0.0,1210.871,1380.226,1.0
"L_uu_weight[25, 26]",0.0,0.0,0.0,0.0,0.0,,2000.0,2000.0,
"L_uu_weight[25, 27]",0.0,0.0,0.0,0.0,0.0,,2000.0,2000.0,
"L_uu_weight[25, 28]",0.0,0.0,0.0,0.0,0.0,,2000.0,2000.0,
"L_uu_weight[25, 29]",0.0,0.0,0.0,0.0,0.0,,2000.0,2000.0,
"L_uu_weight[25, 30]",0.0,0.0,0.0,0.0,0.0,,2000.0,2000.0,
"L_uu_weight[25, 31]",0.0,0.0,0.0,0.0,0.0,,2000.0,2000.0,
"L_uu_weight[25, 32]",0.0,0.0,0.0,0.0,0.0,,2000.0,2000.0,
"L_uu_weight[25, 33]",0.0,0.0,0.0,0.0,0.0,,2000.0,2000.0,
"L_uu_weight[25, 34]",0.0,0.0,0.0,0.0,0.0,,2000.0,2000.0,
"L_uu_weight[25, 35]",0.0,0.0,0.0,0.0,0.0,,2000.0,2000.0,
"L_uu_weight[25, 36]",0.0,0.0,0.0,0.0,0.0,,2000.0,2000.0,
"L_uu_weight[25, 37]",0.0,0.0,0.0,0.0,0.0,,2000.0,2000.0,
"L_uu_weight[25, 38]",0.0,0.0,0.0,0.0,0.0,,2000.0,2000.0,
"L_uu_weight[25, 39]",0.0,0.0,0.0,0.0,0.0,,2000.0,2000.0,
"L_uu_weight[25, 40]",0.0,0.0,0.0,0.0,0.0,,2000.0,2000.0,
"L_uu_weight[25, 41]",0.0,0.0,0.0,0.0,0.0,,2000.0,2000.0,
"L_uu_weight[25, 42]",0.0,0.0,0.0,0.0,0.0,,2000.0,2000.0,
"L_uu_weight[25, 43]",0.0,0.0,0.0,0.0,0.0,,2000.0,2000.0,
"L_uu_weight[25, 44]",0.0,0.0,0.0,0.0,0.0,,2000.0,2000.0,
"L_uu_weight[25, 45]",0.0,0.0,0.0,0.0,0.0,,2000.0,2000.0,
"L_uu_weight[25, 46]",0.0,0.0,0.0,0.0,0.0,,2000.0,2000.0,
"L_uu_weight[25, 47]",0.0,0.0,0.0,0.0,0.0,,2000.0,2000.0,
"L_uu_weight[25, 48]",0.0,0.0,0.0,0.0,0.0,,2000.0,2000.0,
"L_uu_weight[25, 49]",0.0,0.0,0.0,0.0,0.0,,2000.0,2000.0,
"L_uu_weight[26, 0]",0.032,0.035,0.0,0.097,0.001,0.001,940.552,878.947,1.002
"L_uu_weight[26, 1]",0.086,0.08,0.0,0.234,0.002,0.002,947.038,878.947,1.002
"L_uu_weight[26, 2]",0.089,0.059,0.0,0.188,0.002,0.001,949.809,905.347,1.002
"L_uu_weight[26, 3]",0.125,0.087,0.0,0.276,0.003,0.002,944.146,945.835,1.002
"L_uu_weight[26, 4]",0.128,0.085,0.0,0.276,0.002,0.002,964.423,937.037,1.003
"L_uu_weight[26, 5]",0.139,0.074,0.001,0.259,0.002,0.001,983.956,946.04,1.003
"L_uu_weight[26, 6]",0.167,0.076,0.016,0.3,0.002,0.002,961.648,946.04,1.003
"L_uu_weight[26, 7]",0.195,0.085,0.033,0.348,0.003,0.002,949.347,886.855,1.003
"L_uu_weight[26, 8]",0.214,0.088,0.052,0.378,0.003,0.002,967.879,999.833,1.003
"L_uu_weight[26, 9]",0.227,0.081,0.08,0.386,0.002,0.002,1043.389,907.694,1.003
"L_uu_weight[26, 10]",0.241,0.072,0.104,0.38,0.002,0.002,1203.837,907.278,1.003
"L_uu_weight[26, 11]",0.254,0.067,0.133,0.392,0.002,0.001,1236.806,951.931,1.003
"L_uu_weight[26, 12]",0.265,0.063,0.148,0.391,0.002,0.001,1345.263,1190.664,1.003
"L_uu_weight[26, 13]",0.269,0.059,0.168,0.39,0.002,0.001,1375.727,1214.501,1.004
"L_uu_weight[26, 14]",0.267,0.056,0.174,0.378,0.001,0.001,1381.466,1563.549,1.002
"L_uu_weight[26, 15]",0.259,0.056,0.159,0.359,0.001,0.001,1312.148,1350.728,1.001
"L_uu_weight[26, 16]",0.246,0.058,0.146,0.354,0.002,0.001,1240.767,1278.361,1.001
"L_uu_weight[26, 17]",0.228,0.059,0.131,0.34,0.002,0.001,1155.269,1330.478,1.001
"L_uu_weight[26, 18]",0.205,0.058,0.114,0.321,0.002,0.002,1086.605,1258.198,1.002
"L_uu_weight[26, 19]",0.179,0.056,0.093,0.286,0.002,0.002,1041.192,1193.424,1.003
"L_uu_weight[26, 20]",0.15,0.05,0.078,0.249,0.002,0.002,1010.579,1149.558,1.003
"L_uu_weight[26, 21]",0.121,0.043,0.059,0.202,0.001,0.002,995.192,1058.418,1.003
"L_uu_weight[26, 22]",0.093,0.033,0.046,0.156,0.001,0.001,990.56,1012.633,1.004
"L_uu_weight[26, 23]",0.067,0.024,0.034,0.113,0.001,0.001,990.941,1012.633,1.004
"L_uu_weight[26, 24]",0.046,0.015,0.024,0.074,0.0,0.001,999.643,1024.117,1.004
"L_uu_weight[26, 25]",0.028,0.008,0.015,0.043,0.0,0.0,1016.505,1096.093,1.003
"L_uu_weight[26, 26]",0.02,0.004,0.013,0.028,0.0,0.0,1209.183,1380.226,1.0
"L_uu_weight[26, 27]",0.0,0.0,0.0,0.0,0.0,,2000.0,2000.0,
"L_uu_weight[26, 28]",0.0,0.0,0.0,0.0,0.0,,2000.0,2000.0,
"L_uu_weight[26, 29]",0.0,0.0,0.0,0.0,0.0,,2000.0,2000.0,
"L_uu_weight[26, 30]",0.0,0.0,0.0,0.0,0.0,,2000.0,2000.0,
"L_uu_weight[26, 31]",0.0,0.0,0.0,0.0,0.0,,2000.0,2000.0,
"L_uu_weight[26, 32]",0.0,0.0,0.0,0.0,0.0,,2000.0,2000.0,
"L_uu_weight[26, 33]",0.0,0.0,0.0,0.0,0.0,,2000.0,2000.0,
"L_uu_weight[26, 34]",0.0,0.0,0.0,0.0,0.0,,2000.0,2000.0,
"L_uu_weight[26, 35]",0.0,0.0,0.0,0.0,0.0,,2000.0,2000.0,
"L_uu_weight[26, 36]",0.0,0.0,0.0,0.0,0.0,,2000.0,2000.0,
"L_uu_weight[26, 37]",0.0,0.0,0.0,0.0,0.0,,2000.0,2000.0,
"L_uu_weight[26, 38]",0.0,0.0,0.0,0.0,0.0,,2000.0,2000.0,
"L_uu_weight[26, 39]",0.0,0.0,0.0,0.0,0.0,,2000.0,2000.0,
"L_uu_weight[26, 40]",0.0,0.0,0.0,0.0,0.0,,2000.0,2000.0,
"L_uu_weight[26, 41]",0.0,0.0,0.0,0.0,0.0,,2000.0,2000.0,
"L_uu_weight[26, 42]",0.0,0.0,0.0,0.0,0.0,,2000.0,2000.0,
"L_uu_weight[26, 43]",0.0,0.0,0.0,0.0,0.0,,2000.0,2000.0,
"L_uu_weight[26, 44]",0.0,0.0,0.0,0.0,0.0,,2000.0,2000.0,
"L_uu_weight[26, 45]",0.0,0.0,0.0,0.0,0.0,,2000.0,2000.0,
"L_uu_weight[26, 46]",0.0,0.0,0.0,0.0,0.0,,2000.0,2000.0,
"L_uu_weight[26, 47]",0.0,0.0,0.0,0.0,0.0,,2000.0,2000.0,
"L_uu_weight[26, 48]",0.0,0.0,0.0,0.0,0.0,,2000.0,2000.0,
"L_uu_weight[26, 49]",0.0,0.0,0.0,0.0,0.0,,2000.0,2000.0,
"L_uu_weight[27, 0]",0.025,0.029,0.0,0.08,0.001,0.001,937.48,905.347,1.002
"L_uu_weight[27, 1]",0.07,0.07,0.0,0.2,0.002,0.002,942.224,878.947,1.002
"L_uu_weight[27, 2]",0.074,0.053,0.0,0.166,0.002,0.001,948.439,905.347,1.002
"L_uu_weight[27, 3]",0.106,0.08,0.0,0.247,0.002,0.002,944.724,905.347,1.002
"L_uu_weight[27, 4]",0.11,0.079,0.0,0.25,0.002,0.002,959.373,945.835,1.003
"L_uu_weight[27, 5]",0.121,0.07,0.0,0.237,0.002,0.001,977.436,932.445,1.003
"L_uu_weight[27, 6]",0.147,0.074,0.005,0.271,0.002,0.001,960.173,937.037,1.003
"L_uu_weight[27, 7]",0.175,0.084,0.017,0.322,0.003,0.002,944.403,990.511,1.003
"L_uu_weight[27, 8]",0.194,0.088,0.037,0.361,0.003,0.002,958.29,954.683,1.003
"L_uu_weight[27, 9]",0.209,0.083,0.052,0.367,0.003,0.002,1000.75,954.683,1.003
"L_uu_weight[27, 10]",0.225,0.076,0.077,0.37,0.002,0.002,1064.838,916.769,1.003
"L_uu_weight[27, 11]",0.241,0.071,0.112,0.386,0.002,0.002,1119.787,993.704,1.003
"L_uu_weight[27, 12]",0.256,0.068,0.135,0.397,0.002,0.002,1211.433,934.935,1.003
"L_uu_weight[27, 13]",0.265,0.063,0.144,0.388,0.002,0.001,1331.976,1174.381,1.003
"L_uu_weight[27, 14]",0.268,0.059,0.175,0.393,0.002,0.001,1404.423,1164.933,1.003
"L_uu_weight[27, 15]",0.266,0.056,0.174,0.376,0.001,0.001,1385.921,1503.021,1.002
"L_uu_weight[27, 16]",0.258,0.056,0.156,0.357,0.001,0.001,1334.233,1276.849,1.001
"L_uu_weight[27, 17]",0.245,0.058,0.152,0.36,0.002,0.001,1252.086,1313.672,1.001
"L_uu_weight[27, 18]",0.227,0.059,0.134,0.345,0.002,0.001,1152.425,1347.28,1.001
"L_uu_weight[27, 19]",0.204,0.058,0.115,0.321,0.002,0.002,1081.431,1224.872,1.002
"L_uu_weight[27, 20]",0.178,0.056,0.094,0.285,0.002,0.002,1038.788,1193.799,1.003
"L_uu_weight[27, 21]",0.15,0.05,0.077,0.248,0.002,0.002,1008.866,1178.628,1.003
"L_uu_weight[27, 22]",0.121,0.043,0.058,0.201,0.001,0.002,996.237,1046.32,1.004
"L_uu_weight[27, 23]",0.093,0.033,0.046,0.156,0.001,0.001,990.473,1012.633,1.004
"L_uu_weight[27, 24]",0.067,0.024,0.034,0.112,0.001,0.001,990.632,1012.633,1.004
"L_uu_weight[27, 25]",0.046,0.015,0.024,0.074,0.0,0.001,999.806,1024.117,1.004
"L_uu_weight[27, 26]",0.028,0.008,0.015,0.043,0.0,0.0,1015.839,1096.093,1.003
"L_uu_weight[27, 27]",0.02,0.004,0.013,0.028,0.0,0.0,1207.699,1380.226,1.0
"L_uu_weight[27, 28]",0.0,0.0,0.0,0.0,0.0,,2000.0,2000.0,
"L_uu_weight[27, 29]",0.0,0.0,0.0,0.0,0.0,,2000.0,2000.0,
"L_uu_weight[27, 30]",0.0,0.0,0.0,0.0,0.0,,2000.0,2000.0,
"L_uu_weight[27, 31]",0.0,0.0,0.0,0.0,0.0,,2000.0,2000.0,
"L_uu_weight[27, 32]",0.0,0.0,0.0,0.0,0.0,,2000.0,2000.0,
"L_uu_weight[27, 33]",0.0,0.0,0.0,0.0,0.0,,2000.0,2000.0,
"L_uu_weight[27, 34]",0.0,0.0,0.0,0.0,0.0,,2000.0,2000.0,
"L_uu_weight[27, 35]",0.0,0.0,0.0,0.0,0.0,,2000.0,2000.0,
"L_uu_weight[27, 36]",0.0,0.0,0.0,0.0,0.0,,2000.0,2000.0,
"L_uu_weight[27, 37]",0.0,0.0,0.0,0.0,0.0,,2000.0,2000.0,
"L_uu_weight[27, 38]",0.0,0.0,0.0,0.0,0.0,,2000.0,2000.0,
"L_uu_weight[27, 39]",0.0,0.0,0.0,0.0,0.0,,2000.0,2000.0,
"L_uu_weight[27, 40]",0.0,0.0,0.0,0.0,0.0,,2000.0,2000.0,
"L_uu_weight[27, 41]",0.0,0.0,0.0,0.0,0.0,,2000.0,2000.0,
"L_uu_weight[27, 42]",0.0,0.0,0.0,0.0,0.0,,2000.0,2000.0,
"L_uu_weight[27, 43]",0.0,0.0,0.0,0.0,0.0,,2000.0,2000.0,
"L_uu_weight[27, 44]",0.0,0.0,0.0,0.0,0.0,,2000.0,2000.0,
"L_uu_weight[27, 45]",0.0,0.0,0.0,0.0,0.0,,2000.0,2000.0,
"L_uu_weight[27, 46]",0.0,0.0,0.0,0.0,0.0,,2000.0,2000.0,
"L_uu_weight[27, 47]",0.0,0.0,0.0,0.0,0.0,,2000.0,2000.0,
"L_uu_weight[27, 48]",0.0,0.0,0.0,0.0,0.0,,2000.0,2000.0,
"L_uu_weight[27, 49]",0.0,0.0,0.0,0.0,0.0,,2000.0,2000.0,
"L_uu_weight[28, 0]",0.02,0.025,0.0,0.065,0.001,0.001,935.215,905.723,1.002
"L_uu_weight[28, 1]",0.057,0.061,0.0,0.17,0.002,0.002,937.914,905.347,1.002
"L_uu_weight[28, 2]",0.062,0.048,0.0,0.146,0.001,0.001,948.013,878.947,1.002
"L_uu_weight[28, 3]",0.09,0.072,0.0,0.219,0.002,0.002,945.261,905.347,1.002
"L_uu_weight[28, 4]",0.094,0.073,0.0,0.225,0.002,0.002,959.48,945.835,1.002
"L_uu_weight[28, 5]",0.104,0.066,0.0,0.218,0.002,0.001,971.396,945.835,1.003
"L_uu_weight[28, 6]",0.128,0.071,0.0,0.243,0.002,0.001,961.747,932.445,1.003
"L_uu_weight[28, 7]",0.155,0.082,0.001,0.288,0.003,0.001,946.964,946.04,1.003
"L_uu_weight[28, 8]",0.174,0.088,0.017,0.332,0.003,0.002,956.427,975.384,1.003
"L_uu_weight[28, 9]",0.19,0.085,0.027,0.345,0.003,0.002,986.602,886.855,1.003
"L_uu_weight[28, 10]",0.207,0.079,0.058,0.36,0.002,0.002,1017.884,954.683,1.003
"L_uu_weight[28, 11]",0.225,0.075,0.081,0.368,0.002,0.002,1032.131,890.106,1.003
"L_uu_weight[28, 12]",0.243,0.072,0.106,0.382,0.002,0.002,1095.236,993.704,1.003
"L_uu_weight[28, 13]",0.256,0.068,0.134,0.396,0.002,0.002,1206.231,989.195,1.003
"L_uu_weight[28, 14]",0.264,0.063,0.15,0.39,0.002,0.001,1357.734,1134.673,1.002
"L_uu_weight[28, 15]",0.266,0.058,0.167,0.381,0.001,0.001,1435.37,1099.236,1.003
"L_uu_weight[28, 16]",0.264,0.056,0.17,0.373,0.001,0.001,1412.986,1478.773,1.002
"L_uu_weight[28, 17]",0.257,0.056,0.157,0.359,0.001,0.001,1342.274,1302.03,1.001
"L_uu_weight[28, 18]",0.245,0.058,0.15,0.358,0.002,0.001,1247.408,1331.979,1.001
"L_uu_weight[28, 19]",0.227,0.059,0.127,0.338,0.002,0.001,1142.849,1331.045,1.001
"L_uu_weight[28, 20]",0.204,0.058,0.116,0.321,0.002,0.002,1077.239,1224.157,1.002
"L_uu_weight[28, 21]",0.178,0.056,0.094,0.285,0.002,0.002,1036.495,1208.749,1.003
"L_uu_weight[28, 22]",0.149,0.05,0.077,0.247,0.002,0.002,1010.928,1149.282,1.003
"L_uu_weight[28, 23]",0.12,0.043,0.059,0.2,0.001,0.002,996.702,1046.32,1.003
"L_uu_weight[28, 24]",0.093,0.033,0.045,0.156,0.001,0.001,990.591,1012.581,1.004
"L_uu_weight[28, 25]",0.067,0.024,0.033,0.112,0.001,0.001,990.391,1012.633,1.003
"L_uu_weight[28, 26]",0.045,0.015,0.024,0.074,0.0,0.001,999.808,1024.117,1.004
"L_uu_weight[28, 27]",0.028,0.008,0.015,0.043,0.0,0.0,1015.221,1096.093,1.003
"L_uu_weight[28, 28]",0.02,0.004,0.013,0.028,0.0,0.0,1207.205,1380.226,1.0
"L_uu_weight[28, 29]",0.0,0.0,0.0,0.0,0.0,,2000.0,2000.0,
"L_uu_weight[28, 30]",0.0,0.0,0.0,0.0,0.0,,2000.0,2000.0,
"L_uu_weight[28, 31]",0.0,0.0,0.0,0.0,0.0,,2000.0,2000.0,
"L_uu_weight[28, 32]",0.0,0.0,0.0,0.0,0.0,,2000.0,2000.0,
"L_uu_weight[28, 33]",0.0,0.0,0.0,0.0,0.0,,2000.0,2000.0,
"L_uu_weight[28, 34]",0.0,0.0,0.0,0.0,0.0,,2000.0,2000.0,
"L_uu_weight[28, 35]",0.0,0.0,0.0,0.0,0.0,,2000.0,2000.0,
"L_uu_weight[28, 36]",0.0,0.0,0.0,0.0,0.0,,2000.0,2000.0,
"L_uu_weight[28, 37]",0.0,0.0,0.0,0.0,0.0,,2000.0,2000.0,
"L_uu_weight[28, 38]",0.0,0.0,0.0,0.0,0.0,,2000.0,2000.0,
"L_uu_weight[28, 39]",0.0,0.0,0.0,0.0,0.0,,2000.0,2000.0,
"L_uu_weight[28, 40]",0.0,0.0,0.0,0.0,0.0,,2000.0,2000.0,
"L_uu_weight[28, 41]",0.0,0.0,0.0,0.0,0.0,,2000.0,2000.0,
"L_uu_weight[28, 42]",0.0,0.0,0.0,0.0,0.0,,2000.0,2000.0,
"L_uu_weight[28, 43]",0.0,0.0,0.0,0.0,0.0,,2000.0,2000.0,
"L_uu_weight[28, 44]",0.0,0.0,0.0,0.0,0.0,,2000.0,2000.0,
"L_uu_weight[28, 45]",0.0,0.0,0.0,0.0,0.0,,2000.0,2000.0,
"L_uu_weight[28, 46]",0.0,0.0,0.0,0.0,0.0,,2000.0,2000.0,
"L_uu_weight[28, 47]",0.0,0.0,0.0,0.0,0.0,,2000.0,2000.0,
"L_uu_weight[28, 48]",0.0,0.0,0.0,0.0,0.0,,2000.0,2000.0,
"L_uu_weight[28, 49]",0.0,0.0,0.0,0.0,0.0,,2000.0,2000.0,
"L_uu_weight[29, 0]",0.015,0.02,0.0,0.053,0.001,0.001,935.066,905.723,1.002
"L_uu_weight[29, 1]",0.046,0.052,0.0,0.144,0.001,0.002,936.408,905.347,1.002
"L_uu_weight[29, 2]",0.051,0.042,0.0,0.127,0.001,0.001,947.451,878.947,1.002
"L_uu_weight[29, 3]",0.075,0.065,0.0,0.193,0.002,0.001,942.738,878.947,1.002
"L_uu_weight[29, 4]",0.079,0.066,0.0,0.199,0.002,0.002,953.214,905.347,1.002
"L_uu_weight[29, 5]",0.089,0.061,0.0,0.196,0.002,0.001,963.551,913.235,1.002
"L_uu_weight[29, 6]",0.111,0.067,0.0,0.22,0.002,0.001,957.188,945.835,1.003
"L_uu_weight[29, 7]",0.135,0.078,0.001,0.264,0.002,0.001,944.088,932.445,1.003
"L_uu_weight[29, 8]",0.155,0.085,0.001,0.297,0.003,0.002,953.932,946.04,1.003
"L_uu_weight[29, 9]",0.17,0.084,0.009,0.315,0.003,0.002,976.365,946.04,1.003
"L_uu_weight[29, 10]",0.188,0.08,0.036,0.341,0.002,0.002,993.909,975.384,1.003
"L_uu_weight[29, 11]",0.208,0.077,0.053,0.349,0.002,0.002,992.444,877.782,1.003
"L_uu_weight[29, 12]",0.227,0.076,0.083,0.373,0.002,0.002,1017.045,890.106,1.003
"L_uu_weight[29, 13]",0.243,0.073,0.113,0.392,0.002,0.002,1103.898,993.704,1.003
"L_uu_weight[29, 14]",0.255,0.068,0.135,0.394,0.002,0.002,1250.248,989.195,1.003
"L_uu_weight[29, 15]",0.262,0.062,0.147,0.382,0.002,0.001,1398.013,1225.228,1.002
"L_uu_weight[29, 16]",0.265,0.058,0.173,0.385,0.001,0.001,1452.693,1149.954,1.002
"L_uu_weight[29, 17]",0.264,0.056,0.163,0.365,0.001,0.001,1411.462,1453.154,1.002
"L_uu_weight[29, 18]",0.257,0.056,0.158,0.36,0.001,0.001,1332.902,1340.48,1.001
"L_uu_weight[29, 19]",0.244,0.058,0.146,0.354,0.002,0.001,1234.032,1351.802,1.0
"L_uu_weight[29, 20]",0.226,0.059,0.13,0.34,0.002,0.001,1138.542,1291.701,1.001
"L_uu_weight[29, 21]",0.203,0.058,0.115,0.32,0.002,0.002,1074.973,1224.157,1.003
"L_uu_weight[29, 22]",0.177,0.056,0.089,0.281,0.002,0.002,1037.885,1208.749,1.003
"L_uu_weight[29, 23]",0.149,0.05,0.076,0.247,0.002,0.002,1010.601,1149.558,1.003
"L_uu_weight[29, 24]",0.12,0.043,0.058,0.2,0.001,0.002,995.803,1046.32,1.003
"L_uu_weight[29, 25]",0.092,0.033,0.045,0.155,0.001,0.001,989.54,1001.61,1.003
"L_uu_weight[29, 26]",0.067,0.024,0.033,0.112,0.001,0.001,989.666,1012.633,1.004
"L_uu_weight[29, 27]",0.045,0.015,0.024,0.074,0.0,0.001,998.527,1024.117,1.004
"L_uu_weight[29, 28]",0.028,0.008,0.015,0.043,0.0,0.0,1015.004,1096.093,1.003
"L_uu_weight[29, 29]",0.02,0.004,0.013,0.028,0.0,0.0,1206.974,1372.005,1.0
"L_uu_weight[29, 30]",0.0,0.0,0.0,0.0,0.0,,2000.0,2000.0,
"L_uu_weight[29, 31]",0.0,0.0,0.0,0.0,0.0,,2000.0,2000.0,
"L_uu_weight[29, 32]",0.0,0.0,0.0,0.0,0.0,,2000.0,2000.0,
"L_uu_weight[29, 33]",0.0,0.0,0.0,0.0,0.0,,2000.0,2000.0,
"L_uu_weight[29, 34]",0.0,0.0,0.0,0.0,0.0,,2000.0,2000.0,
"L_uu_weight[29, 35]",0.0,0.0,0.0,0.0,0.0,,2000.0,2000.0,
"L_uu_weight[29, 36]",0.0,0.0,0.0,0.0,0.0,,2000.0,2000.0,
"L_uu_weight[29, 37]",0.0,0.0,0.0,0.0,0.0,,2000.0,2000.0,
"L_uu_weight[29, 38]",0.0,0.0,0.0,0.0,0.0,,2000.0,2000.0,
"L_uu_weight[29, 39]",0.0,0.0,0.0,0.0,0.0,,2000.0,2000.0,
"L_uu_weight[29, 40]",0.0,0.0,0.0,0.0,0.0,,2000.0,2000.0,
"L_uu_weight[29, 41]",0.0,0.0,0.0,0.0,0.0,,2000.0,2000.0,
"L_uu_weight[29, 42]",0.0,0.0,0.0,0.0,0.0,,2000.0,2000.0,
"L_uu_weight[29, 43]",0.0,0.0,0.0,0.0,0.0,,2000.0,2000.0,
"L_uu_weight[29, 44]",0.0,0.0,0.0,0.0,0.0,,2000.0,2000.0,
"L_uu_weight[29, 45]",0.0,0.0,0.0,0.0,0.0,,2000.0,2000.0,
"L_uu_weight[29, 46]",0.0,0.0,0.0,0.0,0.0,,2000.0,2000.0,
"L_uu_weight[29, 47]",0.0,0.0,0.0,0.0,0.0,,2000.0,2000.0,
"L_uu_weight[29, 48]",0.0,0.0,0.0,0.0,0.0,,2000.0,2000.0,
"L_uu_weight[29, 49]",0.0,0.0,0.0,0.0,0.0,,2000.0,2000.0,
"L_uu_weight[30, 0]",0.012,0.017,0.0,0.042,0.0,0.001,934.28,905.723,1.002
"L_uu_weight[30, 1]",0.037,0.045,0.0,0.121,0.001,0.001,935.624,905.723,1.002
"L_uu_weight[30, 2]",0.042,0.037,0.0,0.109,0.001,0.001,945.648,905.347,1.002
"L_uu_weight[30, 3]",0.062,0.057,0.0,0.168,0.002,0.001,942.772,878.947,1.002
"L_uu_weight[30, 4]",0.067,0.06,0.0,0.175,0.002,0.002,948.375,905.347,1.002
"L_uu_weight[30, 5]",0.075,0.056,0.0,0.175,0.002,0.001,961.659,905.347,1.002
"L_uu_weight[30, 6]",0.095,0.062,0.0,0.198,0.002,0.001,950.42,905.347,1.002
"L_uu_weight[30, 7]",0.117,0.073,0.0,0.241,0.002,0.001,939.615,945.835,1.003
"L_uu_weight[30, 8]",0.136,0.082,0.001,0.274,0.002,0.001,949.315,937.037,1.003
"L_uu_weight[30, 9]",0.151,0.082,0.003,0.291,0.002,0.002,970.389,946.04,1.003
"L_uu_weight[30, 10]",0.169,0.08,0.009,0.305,0.002,0.002,977.352,946.04,1.003
"L_uu_weight[30, 11]",0.189,0.079,0.037,0.335,0.002,0.002,972.384,886.855,1.003
"L_uu_weight[30, 12]",0.209,0.079,0.057,0.355,0.003,0.002,981.717,963.346,1.003
"L_uu_weight[30, 13]",0.228,0.077,0.082,0.376,0.002,0.002,1025.181,890.106,1.003
"L_uu_weight[30, 14]",0.242,0.073,0.105,0.384,0.002,0.002,1130.454,993.704,1.003
"L_uu_weight[30, 15]",0.254,0.067,0.141,0.397,0.002,0.001,1291.924,1041.471,1.003
"L_uu_weight[30, 16]",0.261,0.061,0.156,0.389,0.002,0.001,1419.034,1220.444,1.002
"L_uu_weight[30, 17]",0.265,0.058,0.168,0.381,0.001,0.001,1438.135,1302.498,1.003
"L_uu_weight[30, 18]",0.263,0.056,0.164,0.366,0.001,0.001,1391.247,1496.427,1.002
"L_uu_weight[30, 19]",0.256,0.056,0.164,0.365,0.001,0.001,1317.387,1335.955,1.001
"L_uu_weight[30, 20]",0.244,0.058,0.151,0.358,0.002,0.001,1226.93,1353.367,1.001
"L_uu_weight[30, 21]",0.226,0.059,0.129,0.338,0.002,0.001,1138.899,1330.535,1.001
"L_uu_weight[30, 22]",0.203,0.059,0.114,0.32,0.002,0.002,1076.655,1274.384,1.003
"L_uu_weight[30, 23]",0.177,0.056,0.089,0.281,0.002,0.002,1038.15,1208.827,1.003
"L_uu_weight[30, 24]",0.149,0.05,0.073,0.244,0.002,0.002,1010.303,1149.282,1.003
"L_uu_weight[30, 25]",0.12,0.043,0.058,0.2,0.001,0.002,994.227,1046.32,1.003
"L_uu_weight[30, 26]",0.092,0.033,0.045,0.156,0.001,0.001,989.171,1001.61,1.003
"L_uu_weight[30, 27]",0.067,0.024,0.033,0.112,0.001,0.001,988.935,1012.633,1.004
"L_uu_weight[30, 28]",0.045,0.015,0.024,0.074,0.001,0.001,998.189,1024.117,1.004
"L_uu_weight[30, 29]",0.028,0.008,0.015,0.043,0.0,0.0,1015.332,1096.093,1.003
"L_uu_weight[30, 30]",0.02,0.004,0.013,0.028,0.0,0.0,1206.758,1372.005,1.0
"L_uu_weight[30, 31]",0.0,0.0,0.0,0.0,0.0,,2000.0,2000.0,
"L_uu_weight[30, 32]",0.0,0.0,0.0,0.0,0.0,,2000.0,2000.0,
"L_uu_weight[30, 33]",0.0,0.0,0.0,0.0,0.0,,2000.0,2000.0,
"L_uu_weight[30, 34]",0.0,0.0,0.0,0.0,0.0,,2000.0,2000.0,
"L_uu_weight[30, 35]",0.0,0.0,0.0,0.0,0.0,,2000.0,2000.0,
"L_uu_weight[30, 36]",0.0,0.0,0.0,0.0,0.0,,2000.0,2000.0,
"L_uu_weight[30, 37]",0.0,0.0,0.0,0.0,0.0,,2000.0,2000.0,
"L_uu_weight[30, 38]",0.0,0.0,0.0,0.0,0.0,,2000.0,2000.0,
"L_uu_weight[30, 39]",0.0,0.0,0.0,0.0,0.0,,2000.0,2000.0,
"L_uu_weight[30, 40]",0.0,0.0,0.0,0.0,0.0,,2000.0,2000.0,
"L_uu_weight[30, 41]",0.0,0.0,0.0,0.0,0.0,,2000.0,2000.0,
"L_uu_weight[30, 42]",0.0,0.0,0.0,0.0,0.0,,2000.0,2000.0,
"L_uu_weight[30, 43]",0.0,0.0,0.0,0.0,0.0,,2000.0,2000.0,
"L_uu_weight[30, 44]",0.0,0.0,0.0,0.0,0.0,,2000.0,2000.0,
"L_uu_weight[30, 45]",0.0,0.0,0.0,0.0,0.0,,2000.0,2000.0,
"L_uu_weight[30, 46]",0.0,0.0,0.0,0.0,0.0,,2000.0,2000.0,
"L_uu_weight[30, 47]",0.0,0.0,0.0,0.0,0.0,,2000.0,2000.0,
"L_uu_weight[30, 48]",0.0,0.0,0.0,0.0,0.0,,2000.0,2000.0,
"L_uu_weight[30, 49]",0.0,0.0,0.0,0.0,0.0,,2000.0,2000.0,
"L_uu_weight[31, 0]",0.009,0.014,0.0,0.034,0.0,0.001,933.007,905.723,1.002
"L_uu_weight[31, 1]",0.03,0.038,0.0,0.1,0.001,0.001,933.491,905.723,1.002
"L_uu_weight[31, 2]",0.034,0.032,0.0,0.093,0.001,0.001,943.079,905.347,1.002
"L_uu_weight[31, 3]",0.051,0.05,0.0,0.145,0.001,0.001,940.322,905.347,1.002
"L_uu_weight[31, 4]",0.055,0.053,0.0,0.154,0.001,0.001,944.736,878.947,1.002
"L_uu_weight[31, 5]",0.063,0.051,0.0,0.154,0.001,0.001,956.645,909.099,1.002
"L_uu_weight[31, 6]",0.08,0.057,0.0,0.178,0.002,0.001,950.535,905.347,1.002
"L_uu_weight[31, 7]",0.101,0.068,0.0,0.217,0.002,0.001,944.398,913.235,1.002
"L_uu_weight[31, 8]",0.118,0.077,0.0,0.251,0.002,0.001,948.245,945.835,1.003
"L_uu_weight[31, 9]",0.133,0.079,0.001,0.268,0.002,0.002,963.928,932.445,1.003
"L_uu_weight[31, 10]",0.15,0.078,0.001,0.278,0.002,0.002,974.317,937.037,1.003
"L_uu_weight[31, 11]",0.17,0.078,0.01,0.301,0.002,0.002,969.349,990.511,1.003
"L_uu_weight[31, 12]",0.191,0.08,0.037,0.335,0.003,0.002,958.325,886.855,1.003
"L_uu_weight[31, 13]",0.21,0.08,0.056,0.359,0.003,0.002,983.264,963.346,1.003
"L_uu_weight[31, 14]",0.227,0.077,0.081,0.377,0.002,0.002,1030.962,907.841,1.003
"L_uu_weight[31, 15]",0.241,0.072,0.107,0.382,0.002,0.002,1135.115,993.704,1.003
"L_uu_weight[31, 16]",0.253,0.066,0.137,0.391,0.002,0.001,1275.689,1033.166,1.003
"L_uu_weight[31, 17]",0.261,0.061,0.157,0.39,0.002,0.001,1405.024,1187.969,1.002
"L_uu_weight[31, 18]",0.265,0.058,0.168,0.382,0.001,0.001,1407.602,1157.884,1.003
"L_uu_weight[31, 19]",0.263,0.056,0.172,0.375,0.001,0.001,1370.975,1601.731,1.002
"L_uu_weight[31, 20]",0.256,0.056,0.156,0.357,0.001,0.001,1311.701,1333.196,1.001
"L_uu_weight[31, 21]",0.243,0.058,0.151,0.358,0.002,0.001,1227.131,1354.885,1.001
"L_uu_weight[31, 22]",0.225,0.059,0.129,0.338,0.002,0.001,1141.266,1312.773,1.001
"L_uu_weight[31, 23]",0.202,0.059,0.105,0.311,0.002,0.002,1078.021,1274.124,1.003
"L_uu_weight[31, 24]",0.176,0.056,0.089,0.281,0.002,0.002,1037.532,1209.213,1.003
"L_uu_weight[31, 25]",0.148,0.05,0.072,0.243,0.002,0.002,1008.859,1149.282,1.003
"L_uu_weight[31, 26]",0.12,0.043,0.057,0.2,0.001,0.002,993.87,1046.32,1.003
"L_uu_weight[31, 27]",0.092,0.033,0.045,0.156,0.001,0.001,989.634,1001.61,1.004
"L_uu_weight[31, 28]",0.067,0.024,0.033,0.112,0.001,0.001,988.64,1012.633,1.004
"L_uu_weight[31, 29]",0.045,0.015,0.024,0.074,0.001,0.001,999.033,1024.117,1.004
"L_uu_weight[31, 30]",0.028,0.008,0.015,0.043,0.0,0.0,1016.153,1096.093,1.003
"L_uu_weight[31, 31]",0.02,0.004,0.013,0.028,0.0,0.0,1206.94,1372.005,1.0
"L_uu_weight[31, 32]",0.0,0.0,0.0,0.0,0.0,,2000.0,2000.0,
"L_uu_weight[31, 33]",0.0,0.0,0.0,0.0,0.0,,2000.0,2000.0,
"L_uu_weight[31, 34]",0.0,0.0,0.0,0.0,0.0,,2000.0,2000.0,
"L_uu_weight[31, 35]",0.0,0.0,0.0,0.0,0.0,,2000.0,2000.0,
"L_uu_weight[31, 36]",0.0,0.0,0.0,0.0,0.0,,2000.0,2000.0,
"L_uu_weight[31, 37]",0.0,0.0,0.0,0.0,0.0,,2000.0,2000.0,
"L_uu_weight[31, 38]",0.0,0.0,0.0,0.0,0.0,,2000.0,2000.0,
"L_uu_weight[31, 39]",0.0,0.0,0.0,0.0,0.0,,2000.0,2000.0,
"L_uu_weight[31, 40]",0.0,0.0,0.0,0.0,0.0,,2000.0,2000.0,
"L_uu_weight[31, 41]",0.0,0.0,0.0,0.0,0.0,,2000.0,2000.0,
"L_uu_weight[31, 42]",0.0,0.0,0.0,0.0,0.0,,2000.0,2000.0,
"L_uu_weight[31, 43]",0.0,0.0,0.0,0.0,0.0,,2000.0,2000.0,
"L_uu_weight[31, 44]",0.0,0.0,0.0,0.0,0.0,,2000.0,2000.0,
"L_uu_weight[31, 45]",0.0,0.0,0.0,0.0,0.0,,2000.0,2000.0,
"L_uu_weight[31, 46]",0.0,0.0,0.0,0.0,0.0,,2000.0,2000.0,
"L_uu_weight[31, 47]",0.0,0.0,0.0,0.0,0.0,,2000.0,2000.0,
"L_uu_weight[31, 48]",0.0,0.0,0.0,0.0,0.0,,2000.0,2000.0,
"L_uu_weight[31, 49]",0.0,0.0,0.0,0.0,0.0,,2000.0,2000.0,
"L_uu_weight[32, 0]",0.007,0.011,0.0,0.027,0.0,0.0,931.413,905.723,1.002
"L_uu_weight[32, 1]",0.024,0.032,0.0,0.082,0.001,0.001,933.034,905.723,1.002
"L_uu_weight[32, 2]",0.027,0.028,0.0,0.079,0.001,0.001,938.549,905.723,1.002
"L_uu_weight[32, 3]",0.042,0.044,0.0,0.125,0.001,0.001,937.416,905.347,1.002
"L_uu_weight[32, 4]",0.046,0.047,0.0,0.133,0.001,0.001,941.266,878.947,1.002
"L_uu_weight[32, 5]",0.053,0.046,0.0,0.134,0.001,0.001,949.262,878.947,1.002
"L_uu_weight[32, 6]",0.067,0.052,0.0,0.158,0.001,0.001,951.121,909.099,1.002
"L_uu_weight[32, 7]",0.086,0.063,0.0,0.194,0.002,0.001,939.375,905.347,1.002
"L_uu_weight[32, 8]",0.101,0.072,0.0,0.228,0.002,0.001,943.515,913.235,1.002
"L_uu_weight[32, 9]",0.115,0.075,0.0,0.246,0.002,0.001,952.994,945.835,1.003
"L_uu_weight[32, 10]",0.131,0.075,0.001,0.256,0.002,0.001,969.552,932.445,1.003
"L_uu_weight[32, 11]",0.151,0.077,0.003,0.278,0.002,0.001,965.323,946.04,1.003
"L_uu_weight[32, 12]",0.171,0.08,0.029,0.323,0.003,0.002,955.618,975.384,1.003
"L_uu_weight[32, 13]",0.192,0.082,0.036,0.34,0.003,0.002,953.842,886.855,1.003
"L_uu_weight[32, 14]",0.21,0.08,0.052,0.357,0.003,0.002,988.391,954.683,1.003
"L_uu_weight[32, 15]",0.226,0.076,0.082,0.373,0.002,0.002,1039.314,890.106,1.003
"L_uu_weight[32, 16]",0.241,0.071,0.113,0.384,0.002,0.002,1129.357,993.704,1.003
"L_uu_weight[32, 17]",0.252,0.066,0.136,0.39,0.002,0.001,1260.782,1031.516,1.003
"L_uu_weight[32, 18]",0.261,0.061,0.157,0.391,0.002,0.001,1368.297,1174.545,1.002
"L_uu_weight[32, 19]",0.264,0.058,0.162,0.374,0.001,0.001,1385.285,1251.26,1.004
"L_uu_weight[32, 20]",0.263,0.056,0.17,0.373,0.001,0.001,1367.929,1523.478,1.002
"L_uu_weight[32, 21]",0.255,0.056,0.155,0.356,0.001,0.001,1317.424,1421.158,1.0
"L_uu_weight[32, 22]",0.243,0.058,0.152,0.358,0.002,0.001,1233.94,1331.99,1.001
"L_uu_weight[32, 23]",0.225,0.059,0.129,0.338,0.002,0.001,1143.826,1331.159,1.001
"L_uu_weight[32, 24]",0.202,0.059,0.105,0.311,0.002,0.002,1079.43,1274.124,1.003
"L_uu_weight[32, 25]",0.176,0.056,0.089,0.281,0.002,0.002,1036.25,1209.213,1.003
"L_uu_weight[32, 26]",0.148,0.05,0.072,0.243,0.002,0.002,1007.027,1149.282,1.003
"L_uu_weight[32, 27]",0.12,0.043,0.057,0.2,0.001,0.002,994.496,1046.32,1.004
"L_uu_weight[32, 28]",0.092,0.033,0.045,0.156,0.001,0.001,989.127,1001.61,1.004
"L_uu_weight[32, 29]",0.067,0.024,0.033,0.112,0.001,0.001,988.471,1012.633,1.004
"L_uu_weight[32, 30]",0.045,0.015,0.024,0.074,0.001,0.001,998.907,1023.956,1.004
"L_uu_weight[32, 31]",0.028,0.008,0.015,0.043,0.0,0.0,1015.921,1096.093,1.003
"L_uu_weight[32, 32]",0.02,0.004,0.013,0.028,0.0,0.0,1206.718,1372.005,1.0
"L_uu_weight[32, 33]",0.0,0.0,0.0,0.0,0.0,,2000.0,2000.0,
"L_uu_weight[32, 34]",0.0,0.0,0.0,0.0,0.0,,2000.0,2000.0,
"L_uu_weight[32, 35]",0.0,0.0,0.0,0.0,0.0,,2000.0,2000.0,
"L_uu_weight[32, 36]",0.0,0.0,0.0,0.0,0.0,,2000.0,2000.0,
"L_uu_weight[32, 37]",0.0,0.0,0.0,0.0,0.0,,2000.0,2000.0,
"L_uu_weight[32, 38]",0.0,0.0,0.0,0.0,0.0,,2000.0,2000.0,
"L_uu_weight[32, 39]",0.0,0.0,0.0,0.0,0.0,,2000.0,2000.0,
"L_uu_weight[32, 40]",0.0,0.0,0.0,0.0,0.0,,2000.0,2000.0,
"L_uu_weight[32, 41]",0.0,0.0,0.0,0.0,0.0,,2000.0,2000.0,
"L_uu_weight[32, 42]",0.0,0.0,0.0,0.0,0.0,,2000.0,2000.0,
"L_uu_weight[32, 43]",0.0,0.0,0.0,0.0,0.0,,2000.0,2000.0,
"L_uu_weight[32, 44]",0.0,0.0,0.0,0.0,0.0,,2000.0,2000.0,
"L_uu_weight[32, 45]",0.0,0.0,0.0,0.0,0.0,,2000.0,2000.0,
"L_uu_weight[32, 46]",0.0,0.0,0.0,0.0,0.0,,2000.0,2000.0,
"L_uu_weight[32, 47]",0.0,0.0,0.0,0.0,0.0,,2000.0,2000.0,
"L_uu_weight[32, 48]",0.0,0.0,0.0,0.0,0.0,,2000.0,2000.0,
"L_uu_weight[32, 49]",0.0,0.0,0.0,0.0,0.0,,2000.0,2000.0,
"L_uu_weight[33, 0]",0.006,0.009,0.0,0.021,0.0,0.0,930.795,905.723,1.002
"L_uu_weight[33, 1]",0.019,0.027,0.0,0.067,0.001,0.001,932.029,905.723,1.002
"L_uu_weight[33, 2]",0.022,0.024,0.0,0.067,0.001,0.001,935.511,905.723,1.002
"L_uu_weight[33, 3]",0.034,0.038,0.0,0.106,0.001,0.001,934.828,905.723,1.002
"L_uu_weight[33, 4]",0.038,0.041,0.0,0.115,0.001,0.001,936.426,905.347,1.002
"L_uu_weight[33, 5]",0.043,0.041,0.0,0.118,0.001,0.001,945.584,905.347,1.002
"L_uu_weight[33, 6]",0.056,0.046,0.0,0.138,0.001,0.001,950.107,878.947,1.002
"L_uu_weight[33, 7]",0.072,0.057,0.0,0.173,0.002,0.001,942.584,905.347,1.002
"L_uu_weight[33, 8]",0.086,0.066,0.0,0.204,0.002,0.001,943.476,905.347,1.002
"L_uu_weight[33, 9]",0.099,0.07,0.0,0.224,0.002,0.001,953.022,905.347,1.003
"L_uu_weight[33, 10]",0.114,0.072,0.0,0.236,0.002,0.001,960.54,945.835,1.003
"L_uu_weight[33, 11]",0.132,0.074,0.001,0.254,0.002,0.001,965.697,932.445,1.003
"L_uu_weight[33, 12]",0.152,0.078,0.001,0.279,0.002,0.001,958.247,946.04,1.003
"L_uu_weight[33, 13]",0.172,0.081,0.022,0.32,0.003,0.002,954.022,946.04,1.003
"L_uu_weight[33, 14]",0.191,0.082,0.038,0.345,0.003,0.002,959.789,886.855,1.003
"L_uu_weight[33, 15]",0.209,0.079,0.053,0.355,0.002,0.002,990.064,877.782,1.003
"L_uu_weight[33, 16]",0.226,0.075,0.082,0.369,0.002,0.002,1041.298,890.106,1.003
"L_uu_weight[33, 17]",0.24,0.071,0.114,0.384,0.002,0.002,1124.184,993.704,1.003
"L_uu_weight[33, 18]",0.252,0.066,0.141,0.394,0.002,0.001,1250.784,1033.166,1.003
"L_uu_weight[33, 19]",0.261,0.061,0.157,0.391,0.002,0.001,1351.571,1177.622,1.002
"L_uu_weight[33, 20]",0.264,0.058,0.165,0.377,0.001,0.001,1384.302,1251.556,1.003
"L_uu_weight[33, 21]",0.262,0.056,0.164,0.365,0.001,0.001,1378.313,1455.166,1.002
"L_uu_weight[33, 22]",0.255,0.056,0.153,0.354,0.001,0.001,1321.34,1358.166,1.001
"L_uu_weight[33, 23]",0.242,0.058,0.15,0.358,0.002,0.001,1237.277,1295.767,1.001
"L_uu_weight[33, 24]",0.224,0.059,0.129,0.339,0.002,0.001,1140.471,1312.663,1.001
"L_uu_weight[33, 25]",0.202,0.059,0.113,0.32,0.002,0.002,1078.343,1240.126,1.002
"L_uu_weight[33, 26]",0.176,0.056,0.089,0.281,0.002,0.002,1034.765,1209.213,1.003
"L_uu_weight[33, 27]",0.148,0.05,0.075,0.247,0.002,0.002,1007.625,1149.282,1.003
"L_uu_weight[33, 28]",0.119,0.043,0.057,0.2,0.001,0.002,994.59,1046.32,1.004
"L_uu_weight[33, 29]",0.092,0.033,0.045,0.155,0.001,0.001,989.375,1001.61,1.004
"L_uu_weight[33, 30]",0.067,0.024,0.033,0.112,0.001,0.001,988.689,1001.61,1.004
"L_uu_weight[33, 31]",0.045,0.015,0.024,0.074,0.001,0.001,999.183,1023.956,1.004
"L_uu_weight[33, 32]",0.028,0.008,0.015,0.043,0.0,0.0,1015.514,1096.093,1.003
"L_uu_weight[33, 33]",0.02,0.004,0.013,0.028,0.0,0.0,1206.389,1372.005,1.0
"L_uu_weight[33, 34]",0.0,0.0,0.0,0.0,0.0,,2000.0,2000.0,
"L_uu_weight[33, 35]",0.0,0.0,0.0,0.0,0.0,,2000.0,2000.0,
"L_uu_weight[33, 36]",0.0,0.0,0.0,0.0,0.0,,2000.0,2000.0,
"L_uu_weight[33, 37]",0.0,0.0,0.0,0.0,0.0,,2000.0,2000.0,
"L_uu_weight[33, 38]",0.0,0.0,0.0,0.0,0.0,,2000.0,2000.0,
"L_uu_weight[33, 39]",0.0,0.0,0.0,0.0,0.0,,2000.0,2000.0,
"L_uu_weight[33, 40]",0.0,0.0,0.0,0.0,0.0,,2000.0,2000.0,
"L_uu_weight[33, 41]",0.0,0.0,0.0,0.0,0.0,,2000.0,2000.0,
"L_uu_weight[33, 42]",0.0,0.0,0.0,0.0,0.0,,2000.0,2000.0,
"L_uu_weight[33, 43]",0.0,0.0,0.0,0.0,0.0,,2000.0,2000.0,
"L_uu_weight[33, 44]",0.0,0.0,0.0,0.0,0.0,,2000.0,2000.0,
"L_uu_weight[33, 45]",0.0,0.0,0.0,0.0,0.0,,2000.0,2000.0,
"L_uu_weight[33, 46]",0.0,0.0,0.0,0.0,0.0,,2000.0,2000.0,
"L_uu_weight[33, 47]",0.0,0.0,0.0,0.0,0.0,,2000.0,2000.0,
"L_uu_weight[33, 48]",0.0,0.0,0.0,0.0,0.0,,2000.0,2000.0,
"L_uu_weight[33, 49]",0.0,0.0,0.0,0.0,0.0,,2000.0,2000.0,
"L_uu_weight[34, 0]",0.004,0.007,0.0,0.016,0.0,0.0,930.289,905.723,1.002
"L_uu_weight[34, 1]",0.015,0.022,0.0,0.054,0.001,0.001,931.024,905.723,1.002
"L_uu_weight[34, 2]",0.017,0.02,0.0,0.056,0.001,0.001,932.492,905.723,1.002
"L_uu_weight[34, 3]",0.027,0.032,0.0,0.089,0.001,0.001,931.678,905.723,1.002
"L_uu_weight[34, 4]",0.031,0.036,0.0,0.097,0.001,0.001,935.184,905.723,1.002
"L_uu_weight[34, 5]",0.036,0.036,0.0,0.101,0.001,0.001,941.142,905.347,1.002
"L_uu_weight[34, 6]",0.046,0.041,0.0,0.12,0.001,0.001,946.552,905.347,1.002
"L_uu_weight[34, 7]",0.06,0.051,0.0,0.152,0.001,0.001,941.456,878.947,1.002
"L_uu_weight[34, 8]",0.073,0.06,0.0,0.182,0.002,0.001,941.648,905.347,1.002
"L_uu_weight[34, 9]",0.085,0.065,0.0,0.201,0.002,0.001,951.641,905.347,1.002
"L_uu_weight[34, 10]",0.098,0.067,0.0,0.216,0.002,0.001,959.084,905.347,1.003
"L_uu_weight[34, 11]",0.115,0.07,0.0,0.23,0.002,0.001,956.919,945.835,1.003
"L_uu_weight[34, 12]",0.134,0.075,0.001,0.258,0.002,0.001,955.943,937.037,1.003
"L_uu_weight[34, 13]",0.154,0.08,0.005,0.29,0.003,0.001,955.576,946.04,1.003
"L_uu_weight[34, 14]",0.172,0.082,0.025,0.326,0.003,0.002,962.16,946.04,1.003
"L_uu_weight[34, 15]",0.191,0.081,0.037,0.341,0.003,0.002,969.142,886.855,1.003
"L_uu_weight[34, 16]",0.209,0.078,0.056,0.354,0.002,0.002,995.453,877.782,1.003
"L_uu_weight[34, 17]",0.225,0.075,0.08,0.365,0.002,0.002,1031.19,890.106,1.003
"L_uu_weight[34, 18]",0.24,0.071,0.11,0.381,0.002,0.002,1120.021,993.704,1.003
"L_uu_weight[34, 19]",0.252,0.066,0.141,0.395,0.002,0.001,1251.195,1033.166,1.003
"L_uu_weight[34, 20]",0.26,0.061,0.152,0.385,0.002,0.001,1359.486,1177.622,1.003
"L_uu_weight[34, 21]",0.264,0.057,0.168,0.379,0.001,0.001,1401.098,1232.33,1.003
"L_uu_weight[34, 22]",0.262,0.056,0.167,0.368,0.001,0.001,1390.935,1459.928,1.002
"L_uu_weight[34, 23]",0.255,0.056,0.155,0.356,0.001,0.001,1324.139,1350.291,1.001
"L_uu_weight[34, 24]",0.242,0.058,0.145,0.353,0.002,0.001,1235.79,1331.557,1.001
"L_uu_weight[34, 25]",0.224,0.059,0.129,0.338,0.002,0.001,1139.039,1312.663,1.001
"L_uu_weight[34, 26]",0.202,0.059,0.113,0.32,0.002,0.002,1077.34,1274.384,1.002
"L_uu_weight[34, 27]",0.176,0.056,0.088,0.28,0.002,0.002,1034.044,1209.213,1.003
"L_uu_weight[34, 28]",0.148,0.05,0.075,0.246,0.002,0.002,1007.889,1149.282,1.003
"L_uu_weight[34, 29]",0.119,0.043,0.057,0.2,0.001,0.002,994.505,1046.32,1.003
"L_uu_weight[34, 30]",0.092,0.033,0.045,0.155,0.001,0.001,989.449,1001.61,1.004
"L_uu_weight[34, 31]",0.067,0.024,0.033,0.112,0.001,0.001,989.205,1001.61,1.004
"L_uu_weight[34, 32]",0.045,0.015,0.023,0.074,0.001,0.001,998.811,1023.956,1.004
"L_uu_weight[34, 33]",0.028,0.008,0.015,0.043,0.0,0.0,1015.125,1096.093,1.003
"L_uu_weight[34, 34]",0.02,0.004,0.013,0.028,0.0,0.0,1206.116,1372.005,1.0
"L_uu_weight[34, 35]",0.0,0.0,0.0,0.0,0.0,,2000.0,2000.0,
"L_uu_weight[34, 36]",0.0,0.0,0.0,0.0,0.0,,2000.0,2000.0,
"L_uu_weight[34, 37]",0.0,0.0,0.0,0.0,0.0,,2000.0,2000.0,
"L_uu_weight[34, 38]",0.0,0.0,0.0,0.0,0.0,,2000.0,2000.0,
"L_uu_weight[34, 39]",0.0,0.0,0.0,0.0,0.0,,2000.0,2000.0,
"L_uu_weight[34, 40]",0.0,0.0,0.0,0.0,0.0,,2000.0,2000.0,
"L_uu_weight[34, 41]",0.0,0.0,0.0,0.0,0.0,,2000.0,2000.0,
"L_uu_weight[34, 42]",0.0,0.0,0.0,0.0,0.0,,2000.0,2000.0,
"L_uu_weight[34, 43]",0.0,0.0,0.0,0.0,0.0,,2000.0,2000.0,
"L_uu_weight[34, 44]",0.0,0.0,0.0,0.0,0.0,,2000.0,2000.0,
"L_uu_weight[34, 45]",0.0,0.0,0.0,0.0,0.0,,2000.0,2000.0,
"L_uu_weight[34, 46]",0.0,0.0,0.0,0.0,0.0,,2000.0,2000.0,
"L_uu_weight[34, 47]",0.0,0.0,0.0,0.0,0.0,,2000.0,2000.0,
"L_uu_weight[34, 48]",0.0,0.0,0.0,0.0,0.0,,2000.0,2000.0,
"L_uu_weight[34, 49]",0.0,0.0,0.0,0.0,0.0,,2000.0,2000.0,
"L_uu_weight[35, 0]",0.003,0.006,0.0,0.013,0.0,0.0,929.96,888.798,1.002
"L_uu_weight[35, 1]",0.011,0.018,0.0,0.043,0.0,0.001,930.255,905.723,1.002
"L_uu_weight[35, 2]",0.014,0.017,0.0,0.046,0.0,0.001,932.022,905.723,1.002
"L_uu_weight[35, 3]",0.022,0.028,0.0,0.075,0.001,0.001,931.042,905.723,1.002
"L_uu_weight[35, 4]",0.025,0.031,0.0,0.082,0.001,0.001,935.077,905.723,1.002
"L_uu_weight[35, 5]",0.029,0.031,0.0,0.087,0.001,0.001,937.442,905.723,1.002
"L_uu_weight[35, 6]",0.038,0.036,0.0,0.104,0.001,0.001,944.519,905.347,1.002
"L_uu_weight[35, 7]",0.05,0.045,0.0,0.133,0.001,0.001,941.333,878.947,1.002
"L_uu_weight[35, 8]",0.061,0.054,0.0,0.16,0.001,0.001,941.538,878.947,1.002
"L_uu_weight[35, 9]",0.072,0.059,0.0,0.179,0.002,0.001,946.818,909.099,1.002
"L_uu_weight[35, 10]",0.084,0.062,0.0,0.193,0.002,0.001,955.513,905.347,1.002
"L_uu_weight[35, 11]",0.099,0.066,0.0,0.21,0.002,0.001,953.731,913.235,1.002
"L_uu_weight[35, 12]",0.117,0.072,0.0,0.236,0.002,0.001,953.735,945.835,1.003
"L_uu_weight[35, 13]",0.135,0.077,0.001,0.263,0.002,0.001,953.29,932.445,1.003
"L_uu_weight[35, 14]",0.154,0.08,0.003,0.289,0.002,0.001,956.318,946.04,1.003
"L_uu_weight[35, 15]",0.172,0.081,0.018,0.318,0.003,0.002,966.182,946.04,1.003
"L_uu_weight[35, 16]",0.19,0.08,0.039,0.34,0.003,0.002,969.629,886.855,1.003
"L_uu_weight[35, 17]",0.209,0.078,0.062,0.359,0.002,0.002,988.356,963.346,1.003
"L_uu_weight[35, 18]",0.226,0.075,0.082,0.368,0.002,0.002,1030.248,890.106,1.003
"L_uu_weight[35, 19]",0.241,0.071,0.107,0.379,0.002,0.002,1130.274,993.704,1.003
"L_uu_weight[35, 20]",0.252,0.066,0.14,0.394,0.002,0.001,1264.643,1033.166,1.003
"L_uu_weight[35, 21]",0.26,0.061,0.157,0.388,0.002,0.001,1379.15,1174.545,1.003
"L_uu_weight[35, 22]",0.263,0.057,0.164,0.375,0.001,0.001,1412.143,1254.892,1.003
"L_uu_weight[35, 23]",0.261,0.056,0.163,0.364,0.001,0.001,1391.748,1452.658,1.002
"L_uu_weight[35, 24]",0.254,0.056,0.156,0.357,0.001,0.001,1321.812,1367.353,1.001
"L_uu_weight[35, 25]",0.242,0.058,0.145,0.354,0.002,0.001,1231.673,1331.557,1.0
"L_uu_weight[35, 26]",0.224,0.059,0.128,0.337,0.002,0.001,1136.86,1312.883,1.001
"L_uu_weight[35, 27]",0.201,0.059,0.113,0.32,0.002,0.002,1075.248,1274.124,1.003
"L_uu_weight[35, 28]",0.176,0.056,0.088,0.28,0.002,0.002,1034.558,1209.213,1.003
"L_uu_weight[35, 29]",0.148,0.05,0.075,0.246,0.002,0.002,1008.34,1149.282,1.003
"L_uu_weight[35, 30]",0.119,0.043,0.057,0.2,0.001,0.002,994.532,1046.32,1.004
"L_uu_weight[35, 31]",0.092,0.033,0.045,0.155,0.001,0.001,988.839,1001.61,1.004
"L_uu_weight[35, 32]",0.067,0.024,0.033,0.112,0.001,0.001,988.536,1001.61,1.004
"L_uu_weight[35, 33]",0.045,0.015,0.023,0.074,0.001,0.001,997.918,1023.956,1.004
"L_uu_weight[35, 34]",0.028,0.008,0.015,0.043,0.0,0.0,1014.498,1096.093,1.003
"L_uu_weight[35, 35]",0.02,0.004,0.013,0.028,0.0,0.0,1205.87,1372.005,1.0
"L_uu_weight[35, 36]",0.0,0.0,0.0,0.0,0.0,,2000.0,2000.0,
"L_uu_weight[35, 37]",0.0,0.0,0.0,0.0,0.0,,2000.0,2000.0,
"L_uu_weight[35, 38]",0.0,0.0,0.0,0.0,0.0,,2000.0,2000.0,
"L_uu_weight[35, 39]",0.0,0.0,0.0,0.0,0.0,,2000.0,2000.0,
"L_uu_weight[35, 40]",0.0,0.0,0.0,0.0,0.0,,2000.0,2000.0,
"L_uu_weight[35, 41]",0.0,0.0,0.0,0.0,0.0,,2000.0,2000.0,
"L_uu_weight[35, 42]",0.0,0.0,0.0,0.0,0.0,,2000.0,2000.0,
"L_uu_weight[35, 43]",0.0,0.0,0.0,0.0,0.0,,2000.0,2000.0,
"L_uu_weight[35, 44]",0.0,0.0,0.0,0.0,0.0,,2000.0,2000.0,
"L_uu_weight[35, 45]",0.0,0.0,0.0,0.0,0.0,,2000.0,2000.0,
"L_uu_weight[35, 46]",0.0,0.0,0.0,0.0,0.0,,2000.0,2000.0,
"L_uu_weight[35, 47]",0.0,0.0,0.0,0.0,0.0,,2000.0,2000.0,
"L_uu_weight[35, 48]",0.0,0.0,0.0,0.0,0.0,,2000.0,2000.0,
"L_uu_weight[35, 49]",0.0,0.0,0.0,0.0,0.0,,2000.0,2000.0,
"L_uu_weight[36, 0]",0.002,0.005,0.0,0.01,0.0,0.0,929.73,888.798,1.002
"L_uu_weight[36, 1]",0.009,0.015,0.0,0.034,0.0,0.001,931.695,888.798,1.002
"L_uu_weight[36, 2]",0.011,0.014,0.0,0.038,0.0,0.0,933.846,905.723,1.002
"L_uu_weight[36, 3]",0.017,0.023,0.0,0.062,0.001,0.001,932.615,905.723,1.002
"L_uu_weight[36, 4]",0.02,0.026,0.0,0.068,0.001,0.001,933.145,905.723,1.002
"L_uu_weight[36, 5]",0.023,0.027,0.0,0.073,0.001,0.001,936.578,905.723,1.002
"L_uu_weight[36, 6]",0.031,0.031,0.0,0.089,0.001,0.001,939.127,905.723,1.002
"L_uu_weight[36, 7]",0.041,0.04,0.0,0.114,0.001,0.001,940.87,905.347,1.002
"L_uu_weight[36, 8]",0.051,0.048,0.0,0.14,0.001,0.001,941.262,878.947,1.002
"L_uu_weight[36, 9]",0.06,0.053,0.0,0.158,0.001,0.001,945.799,878.947,1.002
"L_uu_weight[36, 10]",0.071,0.057,0.0,0.171,0.002,0.001,954.525,909.099,1.002
"L_uu_weight[36, 11]",0.084,0.061,0.0,0.19,0.002,0.001,954.74,905.347,1.002
"L_uu_weight[36, 12]",0.101,0.067,0.0,0.213,0.002,0.001,950.874,913.235,1.002
"L_uu_weight[36, 13]",0.118,0.073,0.0,0.241,0.002,0.001,946.859,945.835,1.003
"L_uu_weight[36, 14]",0.135,0.078,0.002,0.268,0.002,0.001,954.708,932.445,1.003
"L_uu_weight[36, 15]",0.153,0.08,0.001,0.285,0.002,0.002,961.482,946.04,1.003
"L_uu_weight[36, 16]",0.172,0.08,0.012,0.309,0.003,0.002,967.169,946.04,1.003
"L_uu_weight[36, 17]",0.19,0.079,0.041,0.339,0.003,0.002,961.854,886.855,1.003
"L_uu_weight[36, 18]",0.209,0.078,0.059,0.357,0.002,0.002,984.409,954.683,1.003
"L_uu_weight[36, 19]",0.226,0.075,0.08,0.367,0.002,0.002,1038.294,890.106,1.003
"L_uu_weight[36, 20]",0.24,0.071,0.113,0.384,0.002,0.002,1140.43,993.704,1.003
"L_uu_weight[36, 21]",0.252,0.066,0.141,0.394,0.002,0.001,1277.37,1033.166,1.003
"L_uu_weight[36, 22]",0.26,0.061,0.157,0.387,0.002,0.001,1389.863,1220.444,1.002
"L_uu_weight[36, 23]",0.263,0.057,0.167,0.377,0.001,0.001,1409.224,1306.317,1.003
"L_uu_weight[36, 24]",0.261,0.056,0.163,0.363,0.001,0.001,1382.878,1474.944,1.002
"L_uu_weight[36, 25]",0.254,0.056,0.155,0.356,0.001,0.001,1319.203,1369.797,1.001
"L_uu_weight[36, 26]",0.241,0.058,0.148,0.357,0.002,0.001,1228.545,1412.484,1.001
"L_uu_weight[36, 27]",0.224,0.059,0.128,0.338,0.002,0.001,1136.729,1295.049,1.001
"L_uu_weight[36, 28]",0.201,0.059,0.113,0.319,0.002,0.002,1075.49,1274.124,1.003
"L_uu_weight[36, 29]",0.175,0.056,0.088,0.28,0.002,0.002,1035.673,1209.213,1.003
"L_uu_weight[36, 30]",0.148,0.051,0.071,0.242,0.002,0.002,1008.372,1149.282,1.003
"L_uu_weight[36, 31]",0.119,0.043,0.057,0.2,0.001,0.002,994.906,1046.32,1.004
"L_uu_weight[36, 32]",0.092,0.034,0.045,0.155,0.001,0.001,987.936,1001.61,1.004
"L_uu_weight[36, 33]",0.067,0.024,0.033,0.112,0.001,0.001,988.303,1001.61,1.004
"L_uu_weight[36, 34]",0.045,0.015,0.023,0.074,0.001,0.001,997.731,1023.956,1.004
"L_uu_weight[36, 35]",0.028,0.008,0.015,0.043,0.0,0.0,1014.75,1096.093,1.003
"L_uu_weight[36, 36]",0.02,0.004,0.013,0.028,0.0,0.0,1205.812,1372.005,1.0
"L_uu_weight[36, 37]",0.0,0.0,0.0,0.0,0.0,,2000.0,2000.0,
"L_uu_weight[36, 38]",0.0,0.0,0.0,0.0,0.0,,2000.0,2000.0,
"L_uu_weight[36, 39]",0.0,0.0,0.0,0.0,0.0,,2000.0,2000.0,
"L_uu_weight[36, 40]",0.0,0.0,0.0,0.0,0.0,,2000.0,2000.0,
"L_uu_weight[36, 41]",0.0,0.0,0.0,0.0,0.0,,2000.0,2000.0,
"L_uu_weight[36, 42]",0.0,0.0,0.0,0.0,0.0,,2000.0,2000.0,
"L_uu_weight[36, 43]",0.0,0.0,0.0,0.0,0.0,,2000.0,2000.0,
"L_uu_weight[36, 44]",0.0,0.0,0.0,0.0,0.0,,2000.0,2000.0,
"L_uu_weight[36, 45]",0.0,0.0,0.0,0.0,0.0,,2000.0,2000.0,
"L_uu_weight[36, 46]",0.0,0.0,0.0,0.0,0.0,,2000.0,2000.0,
"L_uu_weight[36, 47]",0.0,0.0,0.0,0.0,0.0,,2000.0,2000.0,
"L_uu_weight[36, 48]",0.0,0.0,0.0,0.0,0.0,,2000.0,2000.0,
"L_uu_weight[36, 49]",0.0,0.0,0.0,0.0,0.0,,2000.0,2000.0,
"L_uu_weight[37, 0]",0.002,0.004,0.0,0.008,0.0,0.0,928.531,888.798,1.002
"L_uu_weight[37, 1]",0.007,0.012,0.0,0.027,0.0,0.001,929.69,888.798,1.002
"L_uu_weight[37, 2]",0.008,0.012,0.0,0.03,0.0,0.0,931.733,905.723,1.002
"L_uu_weight[37, 3]",0.014,0.02,0.0,0.05,0.001,0.001,931.479,905.723,1.002
"L_uu_weight[37, 4]",0.016,0.022,0.0,0.056,0.001,0.001,931.734,905.723,1.002
"L_uu_weight[37, 5]",0.019,0.023,0.0,0.061,0.001,0.001,935.369,905.723,1.002
"L_uu_weight[37, 6]",0.025,0.027,0.0,0.076,0.001,0.001,935.439,905.723,1.002
"L_uu_weight[37, 7]",0.034,0.035,0.0,0.098,0.001,0.001,938.582,905.723,1.002
"L_uu_weight[37, 8]",0.042,0.042,0.0,0.121,0.001,0.001,938.476,905.347,1.002
"L_uu_weight[37, 9]",0.05,0.048,0.0,0.139,0.001,0.001,942.263,905.347,1.002
"L_uu_weight[37, 10]",0.059,0.051,0.0,0.151,0.001,0.001,948.216,878.947,1.002
"L_uu_weight[37, 11]",0.071,0.056,0.0,0.17,0.002,0.001,953.158,905.347,1.002
"L_uu_weight[37, 12]",0.086,0.062,0.0,0.192,0.002,0.001,948.589,905.347,1.002
"L_uu_weight[37, 13]",0.102,0.069,0.0,0.219,0.002,0.001,948.947,913.235,1.002
"L_uu_weight[37, 14]",0.118,0.074,0.0,0.245,0.002,0.001,946.336,945.835,1.003
"L_uu_weight[37, 15]",0.135,0.077,0.001,0.265,0.002,0.001,957.125,932.445,1.003
"L_uu_weight[37, 16]",0.153,0.079,0.005,0.286,0.002,0.002,962.503,946.04,1.003
"L_uu_weight[37, 17]",0.172,0.08,0.011,0.308,0.003,0.002,965.346,946.04,1.003
"L_uu_weight[37, 18]",0.191,0.08,0.041,0.339,0.003,0.002,961.408,886.855,1.003
"L_uu_weight[37, 19]",0.209,0.078,0.059,0.357,0.002,0.002,990.809,954.683,1.003
"L_uu_weight[37, 20]",0.226,0.075,0.083,0.371,0.002,0.002,1038.022,890.106,1.003
"L_uu_weight[37, 21]",0.24,0.07,0.115,0.385,0.002,0.002,1137.218,993.704,1.003
"L_uu_weight[37, 22]",0.252,0.065,0.136,0.388,0.002,0.001,1275.748,1033.166,1.003
"L_uu_weight[37, 23]",0.259,0.061,0.157,0.387,0.002,0.001,1385.617,1220.444,1.002
"L_uu_weight[37, 24]",0.263,0.057,0.167,0.377,0.001,0.001,1397.088,1306.317,1.003
"L_uu_weight[37, 25]",0.261,0.056,0.163,0.364,0.001,0.001,1373.343,1498.237,1.002
"L_uu_weight[37, 26]",0.254,0.056,0.151,0.352,0.001,0.001,1317.425,1357.07,1.001
"L_uu_weight[37, 27]",0.241,0.058,0.149,0.357,0.002,0.001,1226.566,1412.484,1.001
"L_uu_weight[37, 28]",0.223,0.059,0.128,0.338,0.002,0.001,1136.221,1313.049,1.001
"L_uu_weight[37, 29]",0.201,0.059,0.113,0.319,0.002,0.002,1076.375,1274.124,1.002
"L_uu_weight[37, 30]",0.175,0.056,0.088,0.281,0.002,0.002,1036.158,1209.213,1.003
"L_uu_weight[37, 31]",0.147,0.051,0.071,0.242,0.002,0.002,1007.992,1149.282,1.003
"L_uu_weight[37, 32]",0.119,0.043,0.057,0.2,0.001,0.002,994.935,1046.32,1.004
"L_uu_weight[37, 33]",0.092,0.034,0.045,0.155,0.001,0.001,987.694,1001.61,1.004
"L_uu_weight[37, 34]",0.067,0.024,0.033,0.112,0.001,0.001,988.356,1001.61,1.004
"L_uu_weight[37, 35]",0.045,0.015,0.023,0.074,0.001,0.001,997.902,1023.956,1.004
"L_uu_weight[37, 36]",0.028,0.008,0.015,0.043,0.0,0.0,1015.143,1096.093,1.003
"L_uu_weight[37, 37]",0.02,0.004,0.013,0.028,0.0,0.0,1206.131,1372.005,1.0
"L_uu_weight[37, 38]",0.0,0.0,0.0,0.0,0.0,,2000.0,2000.0,
"L_uu_weight[37, 39]",0.0,0.0,0.0,0.0,0.0,,2000.0,2000.0,
"L_uu_weight[37, 40]",0.0,0.0,0.0,0.0,0.0,,2000.0,2000.0,
"L_uu_weight[37, 41]",0.0,0.0,0.0,0.0,0.0,,2000.0,2000.0,
"L_uu_weight[37, 42]",0.0,0.0,0.0,0.0,0.0,,2000.0,2000.0,
"L_uu_weight[37, 43]",0.0,0.0,0.0,0.0,0.0,,2000.0,2000.0,
"L_uu_weight[37, 44]",0.0,0.0,0.0,0.0,0.0,,2000.0,2000.0,
"L_uu_weight[37, 45]",0.0,0.0,0.0,0.0,0.0,,2000.0,2000.0,
"L_uu_weight[37, 46]",0.0,0.0,0.0,0.0,0.0,,2000.0,2000.0,
"L_uu_weight[37, 47]",0.0,0.0,0.0,0.0,0.0,,2000.0,2000.0,
"L_uu_weight[37, 48]",0.0,0.0,0.0,0.0,0.0,,2000.0,2000.0,
"L_uu_weight[37, 49]",0.0,0.0,0.0,0.0,0.0,,2000.0,2000.0,
"L_uu_weight[38, 0]",0.001,0.003,0.0,0.006,0.0,0.0,928.046,888.798,1.002
"L_uu_weight[38, 1]",0.005,0.01,0.0,0.021,0.0,0.001,929.35,888.798,1.002
"L_uu_weight[38, 2]",0.007,0.01,0.0,0.025,0.0,0.0,932.294,888.798,1.002
"L_uu_weight[38, 3]",0.011,0.016,0.0,0.041,0.0,0.001,931.248,905.723,1.002
"L_uu_weight[38, 4]",0.013,0.019,0.0,0.046,0.0,0.001,931.489,905.723,1.002
"L_uu_weight[38, 5]",0.015,0.02,0.0,0.051,0.001,0.001,933.917,905.723,1.002
"L_uu_weight[38, 6]",0.02,0.023,0.0,0.064,0.001,0.001,933.93,905.723,1.002
"L_uu_weight[38, 7]",0.027,0.03,0.0,0.084,0.001,0.001,935.549,905.723,1.002
"L_uu_weight[38, 8]",0.034,0.037,0.0,0.104,0.001,0.001,936.065,905.723,1.002
"L_uu_weight[38, 9]",0.041,0.042,0.0,0.12,0.001,0.001,939.21,905.347,1.002
"L_uu_weight[38, 10]",0.049,0.046,0.0,0.134,0.001,0.001,946.252,905.347,1.002
"L_uu_weight[38, 11]",0.06,0.05,0.0,0.149,0.001,0.001,952.157,878.947,1.002
"L_uu_weight[38, 12]",0.073,0.056,0.0,0.173,0.002,0.001,949.389,909.099,1.002
"L_uu_weight[38, 13]",0.087,0.063,0.0,0.198,0.002,0.001,943.675,905.347,1.002
"L_uu_weight[38, 14]",0.102,0.069,0.0,0.222,0.002,0.001,946.062,905.347,1.002
"L_uu_weight[38, 15]",0.118,0.074,0.0,0.243,0.002,0.001,950.323,945.835,1.003
"L_uu_weight[38, 16]",0.135,0.076,0.001,0.261,0.002,0.001,960.42,932.445,1.003
"L_uu_weight[38, 17]",0.153,0.078,0.003,0.283,0.002,0.001,961.392,946.04,1.003
"L_uu_weight[38, 18]",0.172,0.08,0.025,0.321,0.003,0.002,961.89,946.04,1.003
"L_uu_weight[38, 19]",0.191,0.08,0.037,0.335,0.003,0.002,961.777,886.855,1.003
"L_uu_weight[38, 20]",0.209,0.078,0.057,0.355,0.002,0.002,994.453,877.782,1.003
"L_uu_weight[38, 21]",0.226,0.075,0.08,0.367,0.002,0.002,1040.602,890.106,1.003
"L_uu_weight[38, 22]",0.24,0.07,0.115,0.384,0.002,0.002,1131.715,993.704,1.003
"L_uu_weight[38, 23]",0.251,0.065,0.135,0.387,0.002,0.001,1267.965,1031.516,1.003
"L_uu_weight[38, 24]",0.259,0.06,0.157,0.388,0.002,0.001,1375.17,1220.444,1.002
"L_uu_weight[38, 25]",0.263,0.057,0.165,0.375,0.001,0.001,1385.03,1282.887,1.003
"L_uu_weight[38, 26]",0.261,0.056,0.164,0.365,0.001,0.001,1371.002,1498.908,1.002
"L_uu_weight[38, 27]",0.254,0.056,0.152,0.352,0.001,0.001,1316.997,1350.291,1.001
"L_uu_weight[38, 28]",0.241,0.058,0.144,0.352,0.002,0.001,1226.618,1373.495,1.001
"L_uu_weight[38, 29]",0.223,0.059,0.127,0.338,0.002,0.001,1135.932,1313.049,1.001
"L_uu_weight[38, 30]",0.201,0.059,0.112,0.319,0.002,0.002,1077.284,1274.124,1.002
"L_uu_weight[38, 31]",0.175,0.056,0.088,0.281,0.002,0.002,1035.186,1209.213,1.003
"L_uu_weight[38, 32]",0.147,0.051,0.071,0.242,0.002,0.002,1007.376,1149.282,1.003
"L_uu_weight[38, 33]",0.119,0.043,0.057,0.2,0.001,0.002,994.131,1046.32,1.004
"L_uu_weight[38, 34]",0.092,0.034,0.045,0.155,0.001,0.001,987.917,1001.61,1.004
"L_uu_weight[38, 35]",0.067,0.024,0.033,0.112,0.001,0.001,988.203,1001.61,1.004
"L_uu_weight[38, 36]",0.045,0.015,0.023,0.074,0.001,0.001,997.896,1023.956,1.004
"L_uu_weight[38, 37]",0.028,0.008,0.015,0.043,0.0,0.0,1015.307,1096.093,1.003
"L_uu_weight[38, 38]",0.02,0.004,0.013,0.028,0.0,0.0,1206.204,1372.005,1.0
"L_uu_weight[38, 39]",0.0,0.0,0.0,0.0,0.0,,2000.0,2000.0,
"L_uu_weight[38, 40]",0.0,0.0,0.0,0.0,0.0,,2000.0,2000.0,
"L_uu_weight[38, 41]",0.0,0.0,0.0,0.0,0.0,,2000.0,2000.0,
"L_uu_weight[38, 42]",0.0,0.0,0.0,0.0,0.0,,2000.0,2000.0,
"L_uu_weight[38, 43]",0.0,0.0,0.0,0.0,0.0,,2000.0,2000.0,
"L_uu_weight[38, 44]",0.0,0.0,0.0,0.0,0.0,,2000.0,2000.0,
"L_uu_weight[38, 45]",0.0,0.0,0.0,0.0,0.0,,2000.0,2000.0,
"L_uu_weight[38, 46]",0.0,0.0,0.0,0.0,0.0,,2000.0,2000.0,
"L_uu_weight[38, 47]",0.0,0.0,0.0,0.0,0.0,,2000.0,2000.0,
"L_uu_weight[38, 48]",0.0,0.0,0.0,0.0,0.0,,2000.0,2000.0,
"L_uu_weight[38, 49]",0.0,0.0,0.0,0.0,0.0,,2000.0,2000.0,
"L_uu_weight[39, 0]",0.001,0.002,0.0,0.004,0.0,0.0,926.262,888.798,1.002
"L_uu_weight[39, 1]",0.004,0.008,0.0,0.017,0.0,0.0,929.475,888.798,1.002
"L_uu_weight[39, 2]",0.005,0.008,0.0,0.019,0.0,0.0,930.574,888.798,1.002
"L_uu_weight[39, 3]",0.008,0.013,0.0,0.033,0.0,0.001,929.745,888.798,1.002
"L_uu_weight[39, 4]",0.01,0.016,0.0,0.037,0.0,0.001,930.309,905.723,1.002
"L_uu_weight[39, 5]",0.012,0.016,0.0,0.042,0.0,0.001,933.398,905.723,1.002
"L_uu_weight[39, 6]",0.016,0.02,0.0,0.053,0.001,0.001,933.712,905.723,1.002
"L_uu_weight[39, 7]",0.022,0.026,0.0,0.071,0.001,0.001,931.953,905.723,1.002
"L_uu_weight[39, 8]",0.028,0.032,0.0,0.089,0.001,0.001,932.896,905.723,1.002
"L_uu_weight[39, 9]",0.034,0.037,0.0,0.103,0.001,0.001,936.145,905.723,1.002
"L_uu_weight[39, 10]",0.041,0.041,0.0,0.116,0.001,0.001,941.043,905.347,1.002
"L_uu_weight[39, 11]",0.05,0.045,0.0,0.13,0.001,0.001,947.58,878.947,1.002
"L_uu_weight[39, 12]",0.061,0.051,0.0,0.152,0.001,0.001,948.466,878.947,1.002
"L_uu_weight[39, 13]",0.074,0.058,0.0,0.177,0.002,0.001,944.659,909.099,1.002
"L_uu_weight[39, 14]",0.087,0.064,0.0,0.201,0.002,0.001,942.771,905.347,1.002
"L_uu_weight[39, 15]",0.102,0.069,0.0,0.222,0.002,0.001,946.065,913.235,1.003
"L_uu_weight[39, 16]",0.118,0.073,0.0,0.24,0.002,0.001,951.738,945.835,1.003
"L_uu_weight[39, 17]",0.135,0.076,0.001,0.26,0.002,0.001,961.985,932.445,1.003
"L_uu_weight[39, 18]",0.153,0.079,0.005,0.287,0.002,0.001,957.446,946.04,1.003
"L_uu_weight[39, 19]",0.172,0.08,0.029,0.324,0.003,0.002,959.836,946.04,1.003
"L_uu_weight[39, 20]",0.191,0.08,0.038,0.338,0.003,0.002,964.983,886.855,1.003
"L_uu_weight[39, 21]",0.209,0.078,0.061,0.358,0.002,0.002,993.926,954.683,1.003
"L_uu_weight[39, 22]",0.225,0.075,0.08,0.366,0.002,0.002,1033.868,890.106,1.003
"L_uu_weight[39, 23]",0.24,0.07,0.116,0.385,0.002,0.002,1124.093,993.704,1.003
"L_uu_weight[39, 24]",0.251,0.065,0.139,0.391,0.002,0.001,1268.163,1031.516,1.003
"L_uu_weight[39, 25]",0.259,0.06,0.157,0.388,0.002,0.001,1370.073,1204.256,1.002
"L_uu_weight[39, 26]",0.262,0.057,0.164,0.375,0.001,0.001,1384.434,1322.388,1.003
"L_uu_weight[39, 27]",0.261,0.056,0.162,0.363,0.001,0.001,1373.091,1476.398,1.002
"L_uu_weight[39, 28]",0.253,0.056,0.152,0.352,0.001,0.001,1317.275,1350.291,1.001
"L_uu_weight[39, 29]",0.241,0.058,0.144,0.352,0.002,0.001,1228.731,1331.557,1.001
"L_uu_weight[39, 30]",0.223,0.059,0.128,0.338,0.002,0.001,1136.1,1313.049,1.001
"L_uu_weight[39, 31]",0.201,0.059,0.112,0.319,0.002,0.002,1076.945,1274.124,1.002
"L_uu_weight[39, 32]",0.175,0.056,0.088,0.281,0.002,0.002,1034.186,1209.213,1.003
"L_uu_weight[39, 33]",0.147,0.051,0.071,0.242,0.002,0.002,1006.986,1149.282,1.003
"L_uu_weight[39, 34]",0.119,0.043,0.057,0.201,0.001,0.002,994.275,1046.32,1.004
"L_uu_weight[39, 35]",0.092,0.034,0.045,0.155,0.001,0.001,988.119,1001.61,1.004
"L_uu_weight[39, 36]",0.067,0.024,0.033,0.112,0.001,0.001,988.582,1001.61,1.004
"L_uu_weight[39, 37]",0.045,0.015,0.023,0.074,0.001,0.001,997.98,1023.956,1.004
"L_uu_weight[39, 38]",0.028,0.008,0.015,0.043,0.0,0.0,1015.132,1096.093,1.003
"L_uu_weight[39, 39]",0.02,0.004,0.013,0.028,0.0,0.0,1206.121,1372.005,1.0
"L_uu_weight[39, 40]",0.0,0.0,0.0,0.0,0.0,,2000.0,2000.0,
"L_uu_weight[39, 41]",0.0,0.0,0.0,0.0,0.0,,2000.0,2000.0,
"L_uu_weight[39, 42]",0.0,0.0,0.0,0.0,0.0,,2000.0,2000.0,
"L_uu_weight[39, 43]",0.0,0.0,0.0,0.0,0.0,,2000.0,2000.0,
"L_uu_weight[39, 44]",0.0,0.0,0.0,0.0,0.0,,2000.0,2000.0,
"L_uu_weight[39, 45]",0.0,0.0,0.0,0.0,0.0,,2000.0,2000.0,
"L_uu_weight[39, 46]",0.0,0.0,0.0,0.0,0.0,,2000.0,2000.0,
"L_uu_weight[39, 47]",0.0,0.0,0.0,0.0,0.0,,2000.0,2000.0,
"L_uu_weight[39, 48]",0.0,0.0,0.0,0.0,0.0,,2000.0,2000.0,
"L_uu_weight[39, 49]",0.0,0.0,0.0,0.0,0.0,,2000.0,2000.0,
"L_uu_weight[40, 0]",0.001,0.002,0.0,0.003,0.0,0.0,925.222,888.798,1.002
"L_uu_weight[40, 1]",0.003,0.006,0.0,0.013,0.0,0.0,927.674,888.798,1.002
"L_uu_weight[40, 2]",0.004,0.007,0.0,0.016,0.0,0.0,930.095,888.798,1.002
"L_uu_weight[40, 3]",0.007,0.011,0.0,0.026,0.0,0.0,928.247,888.798,1.002
"L_uu_weight[40, 4]",0.008,0.013,0.0,0.03,0.0,0.001,930.086,888.798,1.002
"L_uu_weight[40, 5]",0.009,0.014,0.0,0.034,0.0,0.001,932.946,905.723,1.002
"L_uu_weight[40, 6]",0.013,0.017,0.0,0.044,0.0,0.001,933.592,905.723,1.002
"L_uu_weight[40, 7]",0.017,0.022,0.0,0.059,0.001,0.001,930.51,905.723,1.002
"L_uu_weight[40, 8]",0.022,0.027,0.0,0.075,0.001,0.001,931.567,905.723,1.002
"L_uu_weight[40, 9]",0.027,0.032,0.0,0.088,0.001,0.001,932.754,905.723,1.002
"L_uu_weight[40, 10]",0.033,0.036,0.0,0.099,0.001,0.001,935.941,905.723,1.002
"L_uu_weight[40, 11]",0.041,0.04,0.0,0.114,0.001,0.001,942.509,905.347,1.002
"L_uu_weight[40, 12]",0.051,0.046,0.0,0.133,0.001,0.001,947.649,878.947,1.002
"L_uu_weight[40, 13]",0.062,0.052,0.0,0.156,0.001,0.001,942.743,878.947,1.002
"L_uu_weight[40, 14]",0.074,0.059,0.0,0.18,0.002,0.001,942.776,909.099,1.002
"L_uu_weight[40, 15]",0.087,0.064,0.0,0.201,0.002,0.001,947.288,905.347,1.002
"L_uu_weight[40, 16]",0.101,0.069,0.0,0.22,0.002,0.001,950.169,913.235,1.003
"L_uu_weight[40, 17]",0.118,0.073,0.0,0.238,0.002,0.001,953.668,945.835,1.003
"L_uu_weight[40, 18]",0.135,0.076,0.001,0.26,0.002,0.001,958.891,932.445,1.003
"L_uu_weight[40, 19]",0.154,0.079,0.001,0.284,0.002,0.001,960.837,946.04,1.003
"L_uu_weight[40, 20]",0.172,0.08,0.026,0.322,0.003,0.002,959.461,946.04,1.003
"L_uu_weight[40, 21]",0.191,0.08,0.038,0.339,0.003,0.002,962.792,886.855,1.003
"L_uu_weight[40, 22]",0.209,0.078,0.06,0.357,0.002,0.002,990.28,954.683,1.003
"L_uu_weight[40, 23]",0.225,0.074,0.081,0.366,0.002,0.002,1031.614,890.106,1.003
"L_uu_weight[40, 24]",0.24,0.07,0.117,0.386,0.002,0.002,1121.734,993.704,1.003
"L_uu_weight[40, 25]",0.251,0.065,0.14,0.393,0.002,0.001,1266.792,1031.516,1.003
"L_uu_weight[40, 26]",0.259,0.06,0.157,0.388,0.002,0.001,1369.617,1201.944,1.002
"L_uu_weight[40, 27]",0.262,0.057,0.167,0.377,0.001,0.001,1388.447,1322.388,1.003
"L_uu_weight[40, 28]",0.261,0.056,0.163,0.363,0.001,0.001,1375.337,1476.133,1.002
"L_uu_weight[40, 29]",0.253,0.056,0.154,0.355,0.001,0.001,1318.009,1350.291,1.001
"L_uu_weight[40, 30]",0.241,0.058,0.144,0.352,0.002,0.001,1228.875,1331.557,1.0
"L_uu_weight[40, 31]",0.223,0.059,0.127,0.337,0.002,0.001,1136.142,1313.049,1.001
"L_uu_weight[40, 32]",0.201,0.059,0.112,0.319,0.002,0.002,1076.038,1274.124,1.002
"L_uu_weight[40, 33]",0.175,0.056,0.087,0.28,0.002,0.002,1033.811,1209.213,1.003
"L_uu_weight[40, 34]",0.147,0.051,0.074,0.246,0.002,0.002,1006.487,1149.282,1.003
"L_uu_weight[40, 35]",0.119,0.043,0.056,0.2,0.001,0.002,994.12,1046.32,1.004
"L_uu_weight[40, 36]",0.091,0.034,0.045,0.156,0.001,0.001,988.353,1001.61,1.004
"L_uu_weight[40, 37]",0.067,0.024,0.033,0.112,0.001,0.001,988.771,1001.61,1.004
"L_uu_weight[40, 38]",0.045,0.015,0.023,0.074,0.001,0.001,998.044,1023.956,1.004
"L_uu_weight[40, 39]",0.028,0.008,0.015,0.043,0.0,0.0,1015.022,1096.093,1.003
"L_uu_weight[40, 40]",0.02,0.004,0.013,0.028,0.0,0.0,1206.231,1372.005,1.0
"L_uu_weight[40, 41]",0.0,0.0,0.0,0.0,0.0,,2000.0,2000.0,
"L_uu_weight[40, 42]",0.0,0.0,0.0,0.0,0.0,,2000.0,2000.0,
"L_uu_weight[40, 43]",0.0,0.0,0.0,0.0,0.0,,2000.0,2000.0,
"L_uu_weight[40, 44]",0.0,0.0,0.0,0.0,0.0,,2000.0,2000.0,
"L_uu_weight[40, 45]",0.0,0.0,0.0,0.0,0.0,,2000.0,2000.0,
"L_uu_weight[40, 46]",0.0,0.0,0.0,0.0,0.0,,2000.0,2000.0,
"L_uu_weight[40, 47]",0.0,0.0,0.0,0.0,0.0,,2000.0,2000.0,
"L_uu_weight[40, 48]",0.0,0.0,0.0,0.0,0.0,,2000.0,2000.0,
"L_uu_weight[40, 49]",0.0,0.0,0.0,0.0,0.0,,2000.0,2000.0,
"L_uu_weight[41, 0]",0.001,0.001,0.0,0.002,0.0,0.0,926.041,917.334,1.002
"L_uu_weight[41, 1]",0.002,0.005,0.0,0.01,0.0,0.0,926.275,888.798,1.002
"L_uu_weight[41, 2]",0.003,0.005,0.0,0.012,0.0,0.0,928.994,888.798,1.002
"L_uu_weight[41, 3]",0.005,0.009,0.0,0.021,0.0,0.0,928.303,888.798,1.002
"L_uu_weight[41, 4]",0.006,0.011,0.0,0.024,0.0,0.001,930.717,888.798,1.002
"L_uu_weight[41, 5]",0.007,0.012,0.0,0.027,0.0,0.001,931.856,888.798,1.002
"L_uu_weight[41, 6]",0.01,0.014,0.0,0.036,0.0,0.001,931.851,905.723,1.002
"L_uu_weight[41, 7]",0.014,0.018,0.0,0.049,0.0,0.001,931.541,905.723,1.002
"L_uu_weight[41, 8]",0.018,0.023,0.0,0.063,0.001,0.001,929.257,905.723,1.002
"L_uu_weight[41, 9]",0.022,0.027,0.0,0.074,0.001,0.001,931.523,905.723,1.002
"L_uu_weight[41, 10]",0.027,0.031,0.0,0.085,0.001,0.001,934.074,905.723,1.002
"L_uu_weight[41, 11]",0.034,0.035,0.0,0.098,0.001,0.001,937.843,905.723,1.002
"L_uu_weight[41, 12]",0.042,0.04,0.0,0.115,0.001,0.001,945.284,905.347,1.002
"L_uu_weight[41, 13]",0.051,0.047,0.0,0.137,0.001,0.001,944.499,905.347,1.002
"L_uu_weight[41, 14]",0.062,0.053,0.0,0.16,0.001,0.001,941.884,878.947,1.002
"L_uu_weight[41, 15]",0.074,0.059,0.0,0.18,0.002,0.001,947.276,909.099,1.002
"L_uu_weight[41, 16]",0.087,0.064,0.0,0.199,0.002,0.001,948.313,905.347,1.002
"L_uu_weight[41, 17]",0.102,0.068,0.0,0.217,0.002,0.001,951.473,913.235,1.002
"L_uu_weight[41, 18]",0.118,0.073,0.0,0.239,0.002,0.001,953.705,945.835,1.003
"L_uu_weight[41, 19]",0.136,0.076,0.001,0.262,0.002,0.001,956.497,932.445,1.003
"L_uu_weight[41, 20]",0.154,0.079,0.005,0.289,0.002,0.001,960.069,946.04,1.003
"L_uu_weight[41, 21]",0.172,0.08,0.026,0.323,0.003,0.002,960.531,946.04,1.003
"L_uu_weight[41, 22]",0.191,0.08,0.041,0.341,0.003,0.002,958.394,886.855,1.003
"L_uu_weight[41, 23]",0.209,0.078,0.061,0.357,0.002,0.002,986.532,954.683,1.003
"L_uu_weight[41, 24]",0.225,0.074,0.082,0.366,0.002,0.002,1032.515,890.106,1.003
"L_uu_weight[41, 25]",0.24,0.07,0.11,0.379,0.002,0.002,1130.691,993.704,1.003
"L_uu_weight[41, 26]",0.251,0.065,0.139,0.391,0.002,0.001,1269.199,1033.166,1.003
"L_uu_weight[41, 27]",0.259,0.06,0.16,0.389,0.002,0.001,1372.964,1204.256,1.002
"L_uu_weight[41, 28]",0.262,0.057,0.167,0.377,0.001,0.001,1393.571,1323.124,1.003
"L_uu_weight[41, 29]",0.26,0.056,0.162,0.363,0.001,0.001,1375.885,1498.237,1.002
"L_uu_weight[41, 30]",0.253,0.056,0.154,0.356,0.001,0.001,1318.473,1367.353,1.001
"L_uu_weight[41, 31]",0.241,0.058,0.144,0.352,0.002,0.001,1229.054,1331.557,1.0
"L_uu_weight[41, 32]",0.223,0.059,0.127,0.338,0.002,0.001,1135.77,1313.049,1.001
"L_uu_weight[41, 33]",0.201,0.059,0.112,0.319,0.002,0.002,1075.456,1274.124,1.002
"L_uu_weight[41, 34]",0.175,0.056,0.087,0.28,0.002,0.002,1034.002,1209.213,1.003
"L_uu_weight[41, 35]",0.147,0.051,0.074,0.246,0.002,0.002,1006.837,1149.282,1.003
"L_uu_weight[41, 36]",0.119,0.043,0.056,0.2,0.001,0.002,994.195,1046.32,1.004
"L_uu_weight[41, 37]",0.091,0.034,0.044,0.155,0.001,0.001,988.569,1001.61,1.004
"L_uu_weight[41, 38]",0.066,0.024,0.033,0.112,0.001,0.001,988.226,1001.61,1.004
"L_uu_weight[41, 39]",0.045,0.015,0.023,0.074,0.001,0.001,997.612,1023.956,1.004
"L_uu_weight[41, 40]",0.028,0.008,0.015,0.043,0.0,0.0,1014.978,1083.238,1.003
"L_uu_weight[41, 41]",0.02,0.004,0.013,0.028,0.0,0.0,1206.348,1372.005,1.0
"L_uu_weight[41, 42]",0.0,0.0,0.0,0.0,0.0,,2000.0,2000.0,
"L_uu_weight[41, 43]",0.0,0.0,0.0,0.0,0.0,,2000.0,2000.0,
"L_uu_weight[41, 44]",0.0,0.0,0.0,0.0,0.0,,2000.0,2000.0,
"L_uu_weight[41, 45]",0.0,0.0,0.0,0.0,0.0,,2000.0,2000.0,
"L_uu_weight[41, 46]",0.0,0.0,0.0,0.0,0.0,,2000.0,2000.0,
"L_uu_weight[41, 47]",0.0,0.0,0.0,0.0,0.0,,2000.0,2000.0,
"L_uu_weight[41, 48]",0.0,0.0,0.0,0.0,0.0,,2000.0,2000.0,
"L_uu_weight[41, 49]",0.0,0.0,0.0,0.0,0.0,,2000.0,2000.0,
"L_uu_weight[42, 0]",0.0,0.001,0.0,0.002,0.0,0.0,925.792,917.334,1.002
"L_uu_weight[42, 1]",0.002,0.004,0.0,0.007,0.0,0.0,925.533,917.334,1.002
"L_uu_weight[42, 2]",0.002,0.004,0.0,0.009,0.0,0.0,929.326,888.798,1.002
"L_uu_weight[42, 3]",0.004,0.007,0.0,0.016,0.0,0.0,929.59,888.798,1.002
"L_uu_weight[42, 4]",0.005,0.009,0.0,0.019,0.0,0.0,929.755,888.798,1.002
"L_uu_weight[42, 5]",0.006,0.01,0.0,0.022,0.0,0.0,932.821,888.798,1.002
"L_uu_weight[42, 6]",0.008,0.012,0.0,0.029,0.0,0.0,933.139,888.798,1.002
"L_uu_weight[42, 7]",0.011,0.015,0.0,0.04,0.0,0.001,931.331,905.723,1.002
"L_uu_weight[42, 8]",0.014,0.02,0.0,0.052,0.001,0.001,931.23,905.723,1.002
"L_uu_weight[42, 9]",0.018,0.023,0.0,0.062,0.001,0.001,932.942,905.723,1.002
"L_uu_weight[42, 10]",0.022,0.027,0.0,0.072,0.001,0.001,935.212,905.723,1.002
"L_uu_weight[42, 11]",0.027,0.03,0.0,0.084,0.001,0.001,935.347,905.723,1.002
"L_uu_weight[42, 12]",0.034,0.035,0.0,0.1,0.001,0.001,939.237,905.723,1.002
"L_uu_weight[42, 13]",0.043,0.041,0.0,0.119,0.001,0.001,941.635,905.347,1.002
"L_uu_weight[42, 14]",0.052,0.048,0.0,0.139,0.001,0.001,943.559,905.347,1.002
"L_uu_weight[42, 15]",0.062,0.053,0.0,0.159,0.001,0.001,942.606,878.947,1.002
"L_uu_weight[42, 16]",0.074,0.058,0.0,0.178,0.002,0.001,948.169,909.099,1.002
"L_uu_weight[42, 17]",0.087,0.063,0.0,0.198,0.002,0.001,951.667,905.347,1.002
"L_uu_weight[42, 18]",0.102,0.068,0.0,0.217,0.002,0.001,951.984,913.235,1.002
"L_uu_weight[42, 19]",0.118,0.073,0.0,0.241,0.002,0.001,957.11,945.835,1.003
"L_uu_weight[42, 20]",0.136,0.077,0.001,0.264,0.002,0.001,955.488,932.445,1.003
"L_uu_weight[42, 21]",0.154,0.079,0.003,0.287,0.002,0.001,958.801,946.04,1.003
"L_uu_weight[42, 22]",0.172,0.08,0.018,0.315,0.003,0.002,957.989,946.04,1.003
"L_uu_weight[42, 23]",0.191,0.08,0.039,0.339,0.003,0.002,956.286,886.855,1.003
"L_uu_weight[42, 24]",0.209,0.078,0.062,0.357,0.002,0.002,987.005,954.683,1.003
"L_uu_weight[42, 25]",0.225,0.074,0.082,0.367,0.002,0.002,1038.375,890.106,1.003
"L_uu_weight[42, 26]",0.24,0.07,0.11,0.379,0.002,0.002,1143.741,993.704,1.003
"L_uu_weight[42, 27]",0.251,0.065,0.139,0.39,0.002,0.001,1272.429,1033.166,1.003
"L_uu_weight[42, 28]",0.259,0.06,0.157,0.387,0.002,0.001,1376.557,1220.444,1.002
"L_uu_weight[42, 29]",0.262,0.057,0.167,0.376,0.001,0.001,1393.553,1323.124,1.003
"L_uu_weight[42, 30]",0.26,0.056,0.162,0.363,0.001,0.001,1373.578,1498.237,1.002
"L_uu_weight[42, 31]",0.253,0.056,0.151,0.352,0.001,0.001,1318.371,1369.797,1.001
"L_uu_weight[42, 32]",0.24,0.058,0.144,0.352,0.002,0.001,1225.154,1331.557,1.0
"L_uu_weight[42, 33]",0.223,0.059,0.128,0.338,0.002,0.001,1134.494,1313.049,1.001
"L_uu_weight[42, 34]",0.201,0.059,0.112,0.319,0.002,0.002,1075.35,1274.124,1.003
"L_uu_weight[42, 35]",0.175,0.056,0.087,0.28,0.002,0.002,1034.783,1209.213,1.003
"L_uu_weight[42, 36]",0.147,0.051,0.074,0.246,0.002,0.002,1007.701,1149.282,1.003
"L_uu_weight[42, 37]",0.119,0.043,0.056,0.2,0.001,0.002,994.267,1046.32,1.004
"L_uu_weight[42, 38]",0.091,0.034,0.044,0.155,0.001,0.001,988.276,1001.61,1.004
"L_uu_weight[42, 39]",0.066,0.024,0.033,0.112,0.001,0.001,988.314,1001.61,1.004
"L_uu_weight[42, 40]",0.045,0.015,0.023,0.074,0.001,0.001,997.269,1023.956,1.004
"L_uu_weight[42, 41]",0.028,0.008,0.015,0.043,0.0,0.0,1015.177,1083.238,1.003
"L_uu_weight[42, 42]",0.02,0.004,0.013,0.028,0.0,0.0,1205.982,1372.005,1.0
"L_uu_weight[42, 43]",0.0,0.0,0.0,0.0,0.0,,2000.0,2000.0,
"L_uu_weight[42, 44]",0.0,0.0,0.0,0.0,0.0,,2000.0,2000.0,
"L_uu_weight[42, 45]",0.0,0.0,0.0,0.0,0.0,,2000.0,2000.0,
"L_uu_weight[42, 46]",0.0,0.0,0.0,0.0,0.0,,2000.0,2000.0,
"L_uu_weight[42, 47]",0.0,0.0,0.0,0.0,0.0,,2000.0,2000.0,
"L_uu_weight[42, 48]",0.0,0.0,0.0,0.0,0.0,,2000.0,2000.0,
"L_uu_weight[42, 49]",0.0,0.0,0.0,0.0,0.0,,2000.0,2000.0,
"L_uu_weight[43, 0]",0.0,0.001,0.0,0.001,0.0,0.0,925.895,917.334,1.002
"L_uu_weight[43, 1]",0.001,0.003,0.0,0.006,0.0,0.0,925.165,917.334,1.002
"L_uu_weight[43, 2]",0.002,0.003,0.0,0.007,0.0,0.0,927.929,888.798,1.002
"L_uu_weight[43, 3]",0.003,0.006,0.0,0.013,0.0,0.0,927.706,888.798,1.002
"L_uu_weight[43, 4]",0.004,0.007,0.0,0.015,0.0,0.0,928.66,888.798,1.002
"L_uu_weight[43, 5]",0.004,0.008,0.0,0.017,0.0,0.0,930.604,888.798,1.002
"L_uu_weight[43, 6]",0.006,0.01,0.0,0.023,0.0,0.0,930.954,888.798,1.002
"L_uu_weight[43, 7]",0.009,0.013,0.0,0.033,0.0,0.0,930.687,888.798,1.002
"L_uu_weight[43, 8]",0.011,0.017,0.0,0.042,0.0,0.001,930.683,905.723,1.002
"L_uu_weight[43, 9]",0.014,0.02,0.0,0.051,0.001,0.001,930.805,905.723,1.002
"L_uu_weight[43, 10]",0.018,0.023,0.0,0.06,0.001,0.001,933.293,905.723,1.002
"L_uu_weight[43, 11]",0.022,0.026,0.0,0.071,0.001,0.001,934.86,905.723,1.002
"L_uu_weight[43, 12]",0.028,0.031,0.0,0.085,0.001,0.001,935.617,905.723,1.002
"L_uu_weight[43, 13]",0.035,0.036,0.0,0.103,0.001,0.001,938.997,905.723,1.002
"L_uu_weight[43, 14]",0.043,0.042,0.0,0.121,0.001,0.001,938.717,905.347,1.002
"L_uu_weight[43, 15]",0.052,0.048,0.0,0.14,0.001,0.001,943.1,905.347,1.002
"L_uu_weight[43, 16]",0.062,0.053,0.0,0.157,0.001,0.001,946.619,878.947,1.002
"L_uu_weight[43, 17]",0.074,0.058,0.0,0.176,0.002,0.001,949.568,909.099,1.002
"L_uu_weight[43, 18]",0.087,0.063,0.0,0.197,0.002,0.001,949.98,905.347,1.002
"L_uu_weight[43, 19]",0.102,0.069,0.0,0.219,0.002,0.001,950.297,913.235,1.002
"L_uu_weight[43, 20]",0.119,0.073,0.0,0.243,0.002,0.001,953.542,945.835,1.003
"L_uu_weight[43, 21]",0.136,0.077,0.001,0.264,0.002,0.001,954.179,932.445,1.003
"L_uu_weight[43, 22]",0.154,0.079,0.001,0.283,0.002,0.001,956.607,946.04,1.003
"L_uu_weight[43, 23]",0.172,0.08,0.023,0.32,0.003,0.002,958.659,946.04,1.003
"L_uu_weight[43, 24]",0.191,0.079,0.041,0.34,0.003,0.002,958.243,886.855,1.003
"L_uu_weight[43, 25]",0.209,0.078,0.059,0.355,0.002,0.002,991.67,954.683,1.003
"L_uu_weight[43, 26]",0.225,0.074,0.082,0.366,0.002,0.002,1043.264,890.106,1.003
"L_uu_weight[43, 27]",0.24,0.07,0.117,0.386,0.002,0.002,1144.534,993.704,1.003
"L_uu_weight[43, 28]",0.251,0.065,0.141,0.39,0.002,0.001,1268.939,1031.516,1.003
"L_uu_weight[43, 29]",0.259,0.06,0.157,0.386,0.002,0.001,1376.292,1220.444,1.002
"L_uu_weight[43, 30]",0.262,0.057,0.167,0.376,0.001,0.001,1389.909,1277.652,1.003
"L_uu_weight[43, 31]",0.26,0.056,0.161,0.362,0.001,0.001,1371.136,1499.569,1.002
"L_uu_weight[43, 32]",0.253,0.056,0.151,0.352,0.002,0.001,1317.512,1369.797,1.001
"L_uu_weight[43, 33]",0.24,0.058,0.144,0.352,0.002,0.001,1225.289,1368.168,1.001
"L_uu_weight[43, 34]",0.223,0.059,0.128,0.338,0.002,0.001,1135.044,1313.049,1.001
"L_uu_weight[43, 35]",0.2,0.059,0.112,0.319,0.002,0.002,1075.588,1274.124,1.003
"L_uu_weight[43, 36]",0.175,0.056,0.087,0.28,0.002,0.002,1034.416,1209.213,1.003
"L_uu_weight[43, 37]",0.147,0.051,0.074,0.246,0.002,0.002,1008.067,1149.282,1.003
"L_uu_weight[43, 38]",0.119,0.043,0.056,0.2,0.001,0.002,994.712,1046.32,1.004
"L_uu_weight[43, 39]",0.091,0.034,0.045,0.155,0.001,0.001,988.278,1001.61,1.004
"L_uu_weight[43, 40]",0.066,0.024,0.033,0.112,0.001,0.001,988.172,1001.61,1.004
"L_uu_weight[43, 41]",0.045,0.015,0.023,0.074,0.001,0.001,997.455,1023.956,1.004
"L_uu_weight[43, 42]",0.028,0.008,0.015,0.044,0.0,0.0,1015.155,1083.238,1.003
"L_uu_weight[43, 43]",0.02,0.004,0.013,0.028,0.0,0.0,1205.847,1372.005,1.0
"L_uu_weight[43, 44]",0.0,0.0,0.0,0.0,0.0,,2000.0,2000.0,
"L_uu_weight[43, 45]",0.0,0.0,0.0,0.0,0.0,,2000.0,2000.0,
"L_uu_weight[43, 46]",0.0,0.0,0.0,0.0,0.0,,2000.0,2000.0,
"L_uu_weight[43, 47]",0.0,0.0,0.0,0.0,0.0,,2000.0,2000.0,
"L_uu_weight[43, 48]",0.0,0.0,0.0,0.0,0.0,,2000.0,2000.0,
"L_uu_weight[43, 49]",0.0,0.0,0.0,0.0,0.0,,2000.0,2000.0,
"L_uu_weight[44, 0]",0.0,0.001,0.0,0.001,0.0,0.0,926.514,936.108,1.002
"L_uu_weight[44, 1]",0.001,0.003,0.0,0.004,0.0,0.0,925.073,917.334,1.002
"L_uu_weight[44, 2]",0.001,0.003,0.0,0.006,0.0,0.0,927.584,917.334,1.002
"L_uu_weight[44, 3]",0.002,0.005,0.0,0.01,0.0,0.0,927.126,888.798,1.002
"L_uu_weight[44, 4]",0.003,0.006,0.0,0.012,0.0,0.0,928.348,888.798,1.002
"L_uu_weight[44, 5]",0.003,0.006,0.0,0.014,0.0,0.0,930.273,888.798,1.002
"L_uu_weight[44, 6]",0.005,0.008,0.0,0.019,0.0,0.0,929.776,888.798,1.002
"L_uu_weight[44, 7]",0.007,0.011,0.0,0.026,0.0,0.0,929.136,888.798,1.002
"L_uu_weight[44, 8]",0.009,0.014,0.0,0.034,0.0,0.001,929.901,888.798,1.002
"L_uu_weight[44, 9]",0.011,0.017,0.0,0.042,0.0,0.001,931.192,905.723,1.002
"L_uu_weight[44, 10]",0.014,0.019,0.0,0.049,0.001,0.001,932.844,905.723,1.002
"L_uu_weight[44, 11]",0.018,0.022,0.0,0.059,0.001,0.001,934.858,905.723,1.002
"L_uu_weight[44, 12]",0.023,0.026,0.0,0.072,0.001,0.001,933.221,905.723,1.002
"L_uu_weight[44, 13]",0.028,0.031,0.0,0.088,0.001,0.001,933.438,905.723,1.002
"L_uu_weight[44, 14]",0.035,0.037,0.0,0.105,0.001,0.001,936.097,905.723,1.002
"L_uu_weight[44, 15]",0.043,0.042,0.0,0.122,0.001,0.001,938.406,905.347,1.002
"L_uu_weight[44, 16]",0.052,0.047,0.0,0.138,0.001,0.001,942.942,905.347,1.002
"L_uu_weight[44, 17]",0.062,0.053,0.0,0.156,0.001,0.001,948.58,878.947,1.002
"L_uu_weight[44, 18]",0.074,0.058,0.0,0.177,0.002,0.001,950.585,909.099,1.002
"L_uu_weight[44, 19]",0.088,0.064,0.0,0.198,0.002,0.001,949.116,905.347,1.002
"L_uu_weight[44, 20]",0.102,0.069,0.0,0.221,0.002,0.001,949.423,913.235,1.002
"L_uu_weight[44, 21]",0.119,0.073,0.0,0.243,0.002,0.001,949.447,945.835,1.003
"L_uu_weight[44, 22]",0.136,0.077,0.001,0.263,0.002,0.001,952.307,932.445,1.003
"L_uu_weight[44, 23]",0.154,0.079,0.005,0.288,0.002,0.001,956.075,946.04,1.003
"L_uu_weight[44, 24]",0.172,0.08,0.025,0.322,0.003,0.002,960.463,946.04,1.003
"L_uu_weight[44, 25]",0.191,0.079,0.041,0.34,0.003,0.002,964.658,886.855,1.003
"L_uu_weight[44, 26]",0.209,0.078,0.061,0.358,0.002,0.002,992.218,954.683,1.003
"L_uu_weight[44, 27]",0.225,0.074,0.083,0.368,0.002,0.002,1040.514,890.106,1.003
"L_uu_weight[44, 28]",0.24,0.07,0.117,0.385,0.002,0.002,1137.389,993.704,1.003
"L_uu_weight[44, 29]",0.251,0.065,0.14,0.391,0.002,0.001,1267.823,1085.464,1.003
"L_uu_weight[44, 30]",0.259,0.06,0.157,0.386,0.002,0.001,1373.341,1220.444,1.002
"L_uu_weight[44, 31]",0.262,0.057,0.167,0.376,0.001,0.001,1387.701,1277.652,1.003
"L_uu_weight[44, 32]",0.26,0.056,0.161,0.362,0.001,0.001,1370.211,1499.569,1.002
"L_uu_weight[44, 33]",0.253,0.056,0.151,0.352,0.002,0.001,1317.595,1369.797,1.001
"L_uu_weight[44, 34]",0.24,0.058,0.143,0.352,0.002,0.001,1224.917,1368.168,1.001
"L_uu_weight[44, 35]",0.223,0.059,0.128,0.337,0.002,0.001,1134.536,1313.049,1.001
"L_uu_weight[44, 36]",0.2,0.059,0.112,0.319,0.002,0.002,1075.988,1274.124,1.003
"L_uu_weight[44, 37]",0.175,0.056,0.087,0.28,0.002,0.002,1033.793,1209.213,1.003
"L_uu_weight[44, 38]",0.147,0.051,0.07,0.242,0.002,0.002,1007.711,1149.282,1.003
"L_uu_weight[44, 39]",0.119,0.043,0.056,0.2,0.001,0.002,994.716,1046.32,1.004
"L_uu_weight[44, 40]",0.091,0.034,0.045,0.155,0.001,0.001,988.497,1001.61,1.004
"L_uu_weight[44, 41]",0.066,0.024,0.033,0.112,0.001,0.001,988.261,1001.61,1.004
"L_uu_weight[44, 42]",0.045,0.015,0.023,0.074,0.001,0.001,997.358,1023.956,1.004
"L_uu_weight[44, 43]",0.028,0.008,0.015,0.044,0.0,0.0,1015.31,1083.238,1.004
"L_uu_weight[44, 44]",0.02,0.004,0.013,0.028,0.0,0.0,1206.228,1372.005,1.0
"L_uu_weight[44, 45]",0.0,0.0,0.0,0.0,0.0,,2000.0,2000.0,
"L_uu_weight[44, 46]",0.0,0.0,0.0,0.0,0.0,,2000.0,2000.0,
"L_uu_weight[44, 47]",0.0,0.0,0.0,0.0,0.0,,2000.0,2000.0,
"L_uu_weight[44, 48]",0.0,0.0,0.0,0.0,0.0,,2000.0,2000.0,
"L_uu_weight[44, 49]",0.0,0.0,0.0,0.0,0.0,,2000.0,2000.0,
"L_uu_weight[45, 0]",0.0,0.001,0.0,0.001,0.0,0.0,926.497,936.108,1.002
"L_uu_weight[45, 1]",0.001,0.002,0.0,0.003,0.0,0.0,925.699,936.108,1.002
"L_uu_weight[45, 2]",0.001,0.002,0.0,0.004,0.0,0.0,926.214,917.334,1.002
"L_uu_weight[45, 3]",0.002,0.004,0.0,0.007,0.0,0.0,926.431,917.334,1.002
"L_uu_weight[45, 4]",0.002,0.005,0.0,0.009,0.0,0.0,926.127,888.798,1.002
"L_uu_weight[45, 5]",0.003,0.005,0.0,0.011,0.0,0.0,929.139,888.798,1.002
"L_uu_weight[45, 6]",0.004,0.006,0.0,0.015,0.0,0.0,930.163,888.798,1.002
"L_uu_weight[45, 7]",0.005,0.009,0.0,0.021,0.0,0.0,927.988,888.798,1.002
"L_uu_weight[45, 8]",0.007,0.011,0.0,0.028,0.0,0.0,928.612,888.798,1.002
"L_uu_weight[45, 9]",0.009,0.014,0.0,0.034,0.0,0.001,930.448,888.798,1.002
"L_uu_weight[45, 10]",0.011,0.016,0.0,0.041,0.0,0.001,932.311,905.723,1.002
"L_uu_weight[45, 11]",0.014,0.019,0.0,0.049,0.0,0.001,933.033,905.723,1.002
"L_uu_weight[45, 12]",0.018,0.023,0.0,0.061,0.001,0.001,933.108,905.723,1.002
"L_uu_weight[45, 13]",0.023,0.027,0.0,0.075,0.001,0.001,932.065,905.723,1.002
"L_uu_weight[45, 14]",0.029,0.032,0.0,0.09,0.001,0.001,933.06,905.723,1.002
"L_uu_weight[45, 15]",0.035,0.037,0.0,0.105,0.001,0.001,936.134,905.723,1.002
"L_uu_weight[45, 16]",0.043,0.042,0.0,0.121,0.001,0.001,940.967,905.347,1.002
"L_uu_weight[45, 17]",0.052,0.047,0.0,0.137,0.001,0.001,945.795,905.347,1.002
"L_uu_weight[45, 18]",0.062,0.053,0.0,0.156,0.001,0.001,948.878,878.947,1.002
"L_uu_weight[45, 19]",0.074,0.058,0.0,0.178,0.002,0.001,949.518,909.099,1.002
"L_uu_weight[45, 20]",0.088,0.064,0.0,0.2,0.002,0.001,946.458,905.347,1.002
"L_uu_weight[45, 21]",0.103,0.069,0.0,0.222,0.002,0.001,947.37,913.235,1.003
"L_uu_weight[45, 22]",0.119,0.073,0.0,0.242,0.002,0.001,948.05,945.835,1.003
"L_uu_weight[45, 23]",0.136,0.077,0.001,0.263,0.002,0.001,955.383,932.445,1.003
"L_uu_weight[45, 24]",0.154,0.079,0.005,0.288,0.002,0.001,957.315,946.04,1.003
"L_uu_weight[45, 25]",0.172,0.08,0.026,0.323,0.003,0.002,960.37,946.04,1.003
"L_uu_weight[45, 26]",0.191,0.079,0.037,0.336,0.003,0.002,966.497,886.855,1.003
"L_uu_weight[45, 27]",0.209,0.078,0.062,0.357,0.002,0.002,994.281,954.683,1.003
"L_uu_weight[45, 28]",0.225,0.074,0.083,0.367,0.002,0.002,1038.534,890.106,1.003
"L_uu_weight[45, 29]",0.24,0.07,0.108,0.377,0.002,0.002,1127.628,993.704,1.003
"L_uu_weight[45, 30]",0.251,0.065,0.14,0.39,0.002,0.001,1264.776,1031.516,1.003
"L_uu_weight[45, 31]",0.259,0.06,0.16,0.389,0.002,0.001,1371.627,1204.256,1.002
"L_uu_weight[45, 32]",0.262,0.057,0.167,0.377,0.001,0.001,1385.14,1314.004,1.003
"L_uu_weight[45, 33]",0.26,0.056,0.162,0.363,0.001,0.001,1370.129,1499.171,1.002
"L_uu_weight[45, 34]",0.253,0.056,0.15,0.352,0.002,0.001,1316.137,1350.291,1.001
"L_uu_weight[45, 35]",0.24,0.058,0.143,0.352,0.002,0.001,1225.159,1368.168,1.001
"L_uu_weight[45, 36]",0.223,0.059,0.128,0.337,0.002,0.001,1135.306,1313.049,1.001
"L_uu_weight[45, 37]",0.2,0.059,0.112,0.319,0.002,0.002,1076.22,1274.124,1.003
"L_uu_weight[45, 38]",0.175,0.056,0.087,0.28,0.002,0.002,1033.396,1209.213,1.003
"L_uu_weight[45, 39]",0.147,0.051,0.07,0.242,0.002,0.002,1007.615,1149.282,1.003
"L_uu_weight[45, 40]",0.119,0.043,0.057,0.2,0.001,0.002,994.099,1046.32,1.004
"L_uu_weight[45, 41]",0.091,0.034,0.045,0.155,0.001,0.001,988.662,1001.61,1.004
"L_uu_weight[45, 42]",0.066,0.024,0.033,0.112,0.001,0.001,988.219,1001.61,1.004
"L_uu_weight[45, 43]",0.045,0.015,0.023,0.074,0.001,0.001,997.519,1023.956,1.004
"L_uu_weight[45, 44]",0.028,0.008,0.015,0.044,0.0,0.0,1015.432,1083.238,1.004
"L_uu_weight[45, 45]",0.02,0.004,0.013,0.028,0.0,0.0,1206.097,1372.005,1.0
"L_uu_weight[45, 46]",0.0,0.0,0.0,0.0,0.0,,2000.0,2000.0,
"L_uu_weight[45, 47]",0.0,0.0,0.0,0.0,0.0,,2000.0,2000.0,
"L_uu_weight[45, 48]",0.0,0.0,0.0,0.0,0.0,,2000.0,2000.0,
"L_uu_weight[45, 49]",0.0,0.0,0.0,0.0,0.0,,2000.0,2000.0,
"L_uu_weight[46, 0]",0.0,0.0,0.0,0.0,0.0,0.0,925.98,936.108,1.002
"L_uu_weight[46, 1]",0.001,0.002,0.0,0.002,0.0,0.0,926.245,936.108,1.002
"L_uu_weight[46, 2]",0.001,0.002,0.0,0.003,0.0,0.0,925.344,917.334,1.002
"L_uu_weight[46, 3]",0.001,0.003,0.0,0.006,0.0,0.0,925.341,917.334,1.002
"L_uu_weight[46, 4]",0.002,0.004,0.0,0.007,0.0,0.0,925.552,917.334,1.002
"L_uu_weight[46, 5]",0.002,0.004,0.0,0.008,0.0,0.0,927.84,888.798,1.002
"L_uu_weight[46, 6]",0.003,0.005,0.0,0.012,0.0,0.0,929.213,888.798,1.002
"L_uu_weight[46, 7]",0.004,0.007,0.0,0.016,0.0,0.0,928.083,888.798,1.002
"L_uu_weight[46, 8]",0.005,0.009,0.0,0.022,0.0,0.0,928.326,888.798,1.002
"L_uu_weight[46, 9]",0.007,0.012,0.0,0.027,0.0,0.001,929.28,888.798,1.002
"L_uu_weight[46, 10]",0.009,0.014,0.0,0.033,0.0,0.001,931.313,888.798,1.002
"L_uu_weight[46, 11]",0.011,0.016,0.0,0.04,0.0,0.001,932.166,905.723,1.002
"L_uu_weight[46, 12]",0.014,0.019,0.0,0.05,0.0,0.001,932.213,905.723,1.002
"L_uu_weight[46, 13]",0.018,0.023,0.0,0.063,0.001,0.001,930.255,905.723,1.002
"L_uu_weight[46, 14]",0.023,0.028,0.0,0.076,0.001,0.001,930.904,905.723,1.002
"L_uu_weight[46, 15]",0.029,0.032,0.0,0.09,0.001,0.001,933.51,905.723,1.002
"L_uu_weight[46, 16]",0.035,0.037,0.0,0.104,0.001,0.001,936.396,905.723,1.002
"L_uu_weight[46, 17]",0.043,0.042,0.0,0.12,0.001,0.001,942.223,905.347,1.002
"L_uu_weight[46, 18]",0.052,0.047,0.0,0.137,0.001,0.001,947.368,905.347,1.002
"L_uu_weight[46, 19]",0.063,0.053,0.0,0.158,0.001,0.001,946.834,878.947,1.002
"L_uu_weight[46, 20]",0.075,0.059,0.0,0.18,0.002,0.001,946.492,909.099,1.002
"L_uu_weight[46, 21]",0.088,0.064,0.0,0.201,0.002,0.001,944.378,905.347,1.002
"L_uu_weight[46, 22]",0.103,0.069,0.0,0.221,0.002,0.001,945.069,913.235,1.003
"L_uu_weight[46, 23]",0.119,0.073,0.0,0.241,0.002,0.001,949.893,945.835,1.003
"L_uu_weight[46, 24]",0.136,0.077,0.001,0.263,0.002,0.001,958.92,932.445,1.003
"L_uu_weight[46, 25]",0.154,0.079,0.007,0.29,0.002,0.001,960.005,946.04,1.003
"L_uu_weight[46, 26]",0.172,0.08,0.029,0.324,0.003,0.002,961.458,946.04,1.003
"L_uu_weight[46, 27]",0.191,0.079,0.037,0.335,0.003,0.002,964.355,886.855,1.003
"L_uu_weight[46, 28]",0.209,0.078,0.062,0.357,0.002,0.002,988.767,954.683,1.003
"L_uu_weight[46, 29]",0.225,0.074,0.082,0.366,0.002,0.002,1036.497,890.106,1.003
"L_uu_weight[46, 30]",0.239,0.07,0.11,0.379,0.002,0.002,1126.857,993.704,1.003
"L_uu_weight[46, 31]",0.251,0.065,0.14,0.391,0.002,0.001,1267.222,1031.516,1.003
"L_uu_weight[46, 32]",0.259,0.06,0.157,0.386,0.002,0.001,1369.922,1204.256,1.002
"L_uu_weight[46, 33]",0.262,0.057,0.165,0.375,0.001,0.001,1387.862,1332.16,1.004
"L_uu_weight[46, 34]",0.26,0.056,0.162,0.363,0.001,0.001,1370.94,1499.171,1.002
"L_uu_weight[46, 35]",0.253,0.056,0.15,0.352,0.002,0.001,1316.385,1350.291,1.001
"L_uu_weight[46, 36]",0.24,0.058,0.143,0.352,0.002,0.001,1226.119,1368.168,1.0
"L_uu_weight[46, 37]",0.222,0.059,0.127,0.337,0.002,0.001,1134.846,1313.049,1.001
"L_uu_weight[46, 38]",0.2,0.059,0.112,0.319,0.002,0.002,1075.919,1274.124,1.002
"L_uu_weight[46, 39]",0.175,0.056,0.087,0.28,0.002,0.002,1033.336,1209.213,1.003
"L_uu_weight[46, 40]",0.147,0.051,0.074,0.246,0.002,0.002,1007.135,1149.282,1.003
"L_uu_weight[46, 41]",0.119,0.043,0.056,0.2,0.001,0.002,994.335,1046.32,1.004
"L_uu_weight[46, 42]",0.091,0.034,0.045,0.155,0.001,0.001,988.502,1001.61,1.004
"L_uu_weight[46, 43]",0.066,0.024,0.033,0.112,0.001,0.001,988.214,1001.61,1.004
"L_uu_weight[46, 44]",0.045,0.015,0.023,0.074,0.001,0.001,997.324,1023.956,1.004
"L_uu_weight[46, 45]",0.028,0.008,0.015,0.043,0.0,0.0,1015.34,1083.238,1.004
"L_uu_weight[46, 46]",0.02,0.004,0.013,0.028,0.0,0.0,1205.876,1372.005,1.0
"L_uu_weight[46, 47]",0.0,0.0,0.0,0.0,0.0,,2000.0,2000.0,
"L_uu_weight[46, 48]",0.0,0.0,0.0,0.0,0.0,,2000.0,2000.0,
"L_uu_weight[46, 49]",0.0,0.0,0.0,0.0,0.0,,2000.0,2000.0,
"L_uu_weight[47, 0]",0.0,0.0,0.0,0.0,0.0,0.0,924.44,936.108,1.002
"L_uu_weight[47, 1]",0.0,0.001,0.0,0.002,0.0,0.0,926.835,936.108,1.002
"L_uu_weight[47, 2]",0.001,0.001,0.0,0.002,0.0,0.0,925.132,936.108,1.002
"L_uu_weight[47, 3]",0.001,0.002,0.0,0.004,0.0,0.0,924.56,917.334,1.002
"L_uu_weight[47, 4]",0.001,0.003,0.0,0.005,0.0,0.0,924.932,917.334,1.002
"L_uu_weight[47, 5]",0.002,0.003,0.0,0.006,0.0,0.0,926.778,917.334,1.002
"L_uu_weight[47, 6]",0.002,0.004,0.0,0.009,0.0,0.0,928.243,888.798,1.002
"L_uu_weight[47, 7]",0.003,0.006,0.0,0.013,0.0,0.0,929.526,888.798,1.002
"L_uu_weight[47, 8]",0.004,0.008,0.0,0.017,0.0,0.0,928.071,888.798,1.002
"L_uu_weight[47, 9]",0.005,0.01,0.0,0.022,0.0,0.0,928.551,888.798,1.002
"L_uu_weight[47, 10]",0.007,0.011,0.0,0.026,0.0,0.001,930.669,888.798,1.002
"L_uu_weight[47, 11]",0.009,0.013,0.0,0.033,0.0,0.001,932.135,888.798,1.002
"L_uu_weight[47, 12]",0.011,0.016,0.0,0.041,0.0,0.001,931.853,905.723,1.002
"L_uu_weight[47, 13]",0.015,0.02,0.0,0.052,0.001,0.001,931.849,905.723,1.002
"L_uu_weight[47, 14]",0.019,0.024,0.0,0.064,0.001,0.001,929.229,905.723,1.002
"L_uu_weight[47, 15]",0.023,0.028,0.0,0.077,0.001,0.001,931.556,905.723,1.002
"L_uu_weight[47, 16]",0.029,0.032,0.0,0.089,0.001,0.001,933.517,905.723,1.002
"L_uu_weight[47, 17]",0.035,0.037,0.0,0.103,0.001,0.001,937.48,905.723,1.002
"L_uu_weight[47, 18]",0.043,0.042,0.0,0.12,0.001,0.001,943.916,905.347,1.002
"L_uu_weight[47, 19]",0.052,0.047,0.0,0.138,0.001,0.001,946.844,905.347,1.002
"L_uu_weight[47, 20]",0.063,0.053,0.0,0.159,0.001,0.001,943.227,878.947,1.002
"L_uu_weight[47, 21]",0.075,0.059,0.0,0.18,0.002,0.001,943.89,909.099,1.002
"L_uu_weight[47, 22]",0.088,0.064,0.0,0.201,0.002,0.001,943.327,905.347,1.002
"L_uu_weight[47, 23]",0.103,0.069,0.0,0.22,0.002,0.001,946.03,913.235,1.002
"L_uu_weight[47, 24]",0.119,0.073,0.0,0.24,0.002,0.001,951.39,945.835,1.003
"L_uu_weight[47, 25]",0.136,0.077,0.001,0.262,0.002,0.001,957.229,932.445,1.003
"L_uu_weight[47, 26]",0.154,0.079,0.005,0.288,0.002,0.001,962.444,946.04,1.003
"L_uu_weight[47, 27]",0.173,0.08,0.026,0.322,0.003,0.002,960.286,946.04,1.003
"L_uu_weight[47, 28]",0.191,0.079,0.038,0.337,0.003,0.002,959.365,886.855,1.003
"L_uu_weight[47, 29]",0.209,0.077,0.062,0.357,0.002,0.002,987.066,954.683,1.003
"L_uu_weight[47, 30]",0.225,0.074,0.082,0.366,0.002,0.002,1033.603,890.106,1.003
"L_uu_weight[47, 31]",0.239,0.07,0.117,0.385,0.002,0.002,1129.128,993.704,1.003
"L_uu_weight[47, 32]",0.251,0.065,0.141,0.391,0.002,0.001,1268.694,1031.516,1.003
"L_uu_weight[47, 33]",0.258,0.06,0.157,0.386,0.002,0.001,1372.292,1204.256,1.002
"L_uu_weight[47, 34]",0.262,0.057,0.165,0.374,0.001,0.001,1388.029,1332.16,1.004
"L_uu_weight[47, 35]",0.26,0.056,0.161,0.362,0.001,0.001,1371.027,1499.171,1.002
"L_uu_weight[47, 36]",0.253,0.056,0.15,0.352,0.002,0.001,1316.219,1367.353,1.001
"L_uu_weight[47, 37]",0.24,0.058,0.143,0.352,0.002,0.001,1224.984,1368.168,1.0
"L_uu_weight[47, 38]",0.222,0.059,0.127,0.337,0.002,0.001,1134.819,1313.049,1.001
"L_uu_weight[47, 39]",0.2,0.059,0.112,0.319,0.002,0.002,1075.832,1274.124,1.002
"L_uu_weight[47, 40]",0.175,0.056,0.087,0.28,0.002,0.002,1033.73,1209.213,1.003
"L_uu_weight[47, 41]",0.147,0.051,0.074,0.246,0.002,0.002,1006.901,1149.282,1.003
"L_uu_weight[47, 42]",0.119,0.043,0.056,0.2,0.001,0.002,994.219,1046.32,1.004
"L_uu_weight[47, 43]",0.091,0.034,0.045,0.155,0.001,0.001,988.241,1001.61,1.004
"L_uu_weight[47, 44]",0.066,0.024,0.033,0.112,0.001,0.001,988.085,1001.61,1.004
"L_uu_weight[47, 45]",0.045,0.015,0.023,0.074,0.001,0.001,997.252,1023.956,1.004
"L_uu_weight[47, 46]",0.028,0.008,0.015,0.043,0.0,0.0,1015.388,1083.238,1.004
"L_uu_weight[47, 47]",0.02,0.004,0.013,0.028,0.0,0.0,1205.844,1372.005,1.0
"L_uu_weight[47, 48]",0.0,0.0,0.0,0.0,0.0,,2000.0,2000.0,
"L_uu_weight[47, 49]",0.0,0.0,0.0,0.0,0.0,,2000.0,2000.0,
"L_uu_weight[48, 0]",0.0,0.0,0.0,0.0,0.0,0.0,924.564,936.108,1.002
"L_uu_weight[48, 1]",0.0,0.001,0.0,0.001,0.0,0.0,925.617,936.108,1.002
"L_uu_weight[48, 2]",0.0,0.001,0.0,0.002,0.0,0.0,924.843,936.108,1.002
"L_uu_weight[48, 3]",0.001,0.002,0.0,0.003,0.0,0.0,924.329,936.108,1.002
"L_uu_weight[48, 4]",0.001,0.002,0.0,0.004,0.0,0.0,925.446,917.334,1.002
"L_uu_weight[48, 5]",0.001,0.003,0.0,0.005,0.0,0.0,925.898,917.334,1.002
"L_uu_weight[48, 6]",0.002,0.003,0.0,0.007,0.0,0.0,927.276,917.334,1.002
"L_uu_weight[48, 7]",0.002,0.005,0.0,0.01,0.0,0.0,927.607,888.798,1.002
"L_uu_weight[48, 8]",0.003,0.006,0.0,0.014,0.0,0.0,929.152,888.798,1.002
"L_uu_weight[48, 9]",0.004,0.008,0.0,0.017,0.0,0.0,929.06,888.798,1.002
"L_uu_weight[48, 10]",0.005,0.009,0.0,0.021,0.0,0.0,930.265,888.798,1.002
"L_uu_weight[48, 11]",0.007,0.011,0.0,0.026,0.0,0.0,930.97,888.798,1.002
"L_uu_weight[48, 12]",0.009,0.013,0.0,0.034,0.0,0.001,932.367,888.798,1.002
"L_uu_weight[48, 13]",0.012,0.017,0.0,0.043,0.0,0.001,931.57,905.723,1.002
"L_uu_weight[48, 14]",0.015,0.02,0.0,0.053,0.001,0.001,931.025,905.723,1.002
"L_uu_weight[48, 15]",0.019,0.024,0.0,0.064,0.001,0.001,930.84,905.723,1.002
"L_uu_weight[48, 16]",0.023,0.028,0.0,0.076,0.001,0.001,931.854,905.723,1.002
"L_uu_weight[48, 17]",0.029,0.032,0.0,0.089,0.001,0.001,934.408,905.723,1.002
"L_uu_weight[48, 18]",0.035,0.037,0.0,0.104,0.001,0.001,939.15,905.723,1.002
"L_uu_weight[48, 19]",0.043,0.042,0.0,0.12,0.001,0.001,942.546,905.347,1.002
"L_uu_weight[48, 20]",0.052,0.048,0.0,0.139,0.001,0.001,944.83,905.347,1.002
"L_uu_weight[48, 21]",0.063,0.053,0.0,0.16,0.001,0.001,942.936,878.947,1.002
"L_uu_weight[48, 22]",0.075,0.059,0.0,0.18,0.002,0.001,945.016,909.099,1.002
"L_uu_weight[48, 23]",0.088,0.064,0.0,0.2,0.002,0.001,946.815,905.347,1.002
"L_uu_weight[48, 24]",0.103,0.069,0.0,0.219,0.002,0.001,949.433,913.235,1.002
"L_uu_weight[48, 25]",0.119,0.073,0.0,0.241,0.002,0.001,955.055,945.835,1.003
"L_uu_weight[48, 26]",0.136,0.077,0.001,0.263,0.002,0.001,956.31,932.445,1.003
"L_uu_weight[48, 27]",0.154,0.079,0.003,0.286,0.002,0.001,959.713,946.04,1.003
"L_uu_weight[48, 28]",0.173,0.08,0.026,0.322,0.003,0.002,958.03,946.04,1.003
"L_uu_weight[48, 29]",0.191,0.079,0.041,0.34,0.003,0.002,956.916,886.855,1.003
"L_uu_weight[48, 30]",0.209,0.077,0.061,0.356,0.002,0.002,987.754,954.683,1.003
"L_uu_weight[48, 31]",0.225,0.074,0.082,0.367,0.002,0.002,1034.63,890.106,1.003
"L_uu_weight[48, 32]",0.239,0.07,0.117,0.385,0.002,0.002,1135.041,993.704,1.003
"L_uu_weight[48, 33]",0.251,0.065,0.14,0.391,0.002,0.001,1270.264,1031.516,1.003
"L_uu_weight[48, 34]",0.258,0.06,0.156,0.385,0.002,0.001,1372.702,1204.256,1.002
"L_uu_weight[48, 35]",0.262,0.057,0.165,0.374,0.001,0.001,1387.084,1332.16,1.004
"L_uu_weight[48, 36]",0.26,0.056,0.161,0.361,0.001,0.001,1369.985,1499.171,1.002
"L_uu_weight[48, 37]",0.253,0.056,0.15,0.352,0.002,0.001,1316.339,1369.797,1.001
"L_uu_weight[48, 38]",0.24,0.058,0.143,0.352,0.002,0.001,1225.211,1368.168,1.0
"L_uu_weight[48, 39]",0.222,0.059,0.127,0.337,0.002,0.001,1134.638,1313.049,1.001
"L_uu_weight[48, 40]",0.2,0.059,0.112,0.319,0.002,0.002,1075.213,1274.124,1.002
"L_uu_weight[48, 41]",0.175,0.056,0.087,0.28,0.002,0.002,1033.66,1209.213,1.003
"L_uu_weight[48, 42]",0.147,0.051,0.074,0.246,0.002,0.002,1006.748,1149.282,1.003
"L_uu_weight[48, 43]",0.119,0.043,0.056,0.2,0.001,0.002,994.314,1046.32,1.004
"L_uu_weight[48, 44]",0.091,0.034,0.044,0.155,0.001,0.001,988.525,1001.61,1.004
"L_uu_weight[48, 45]",0.066,0.024,0.033,0.112,0.001,0.001,988.408,1001.61,1.004
"L_uu_weight[48, 46]",0.045,0.015,0.023,0.074,0.001,0.001,997.148,1023.956,1.004
"L_uu_weight[48, 47]",0.028,0.008,0.015,0.043,0.0,0.0,1015.343,1083.238,1.004
"L_uu_weight[48, 48]",0.02,0.004,0.013,0.028,0.0,0.0,1205.912,1372.005,1.0
"L_uu_weight[48, 49]",0.0,0.0,0.0,0.0,0.0,,2000.0,2000.0,
"L_uu_weight[49, 0]",0.0,0.0,0.0,0.0,0.0,0.0,924.46,936.108,1.002
"L_uu_weight[49, 1]",0.0,0.001,0.0,0.001,0.0,0.0,924.834,936.108,1.002
"L_uu_weight[49, 2]",0.0,0.001,0.0,0.001,0.0,0.0,925.376,936.108,1.002
"L_uu_weight[49, 3]",0.001,0.001,0.0,0.002,0.0,0.0,924.96,936.108,1.002
"L_uu_weight[49, 4]",0.001,0.002,0.0,0.003,0.0,0.0,925.81,936.108,1.002
"L_uu_weight[49, 5]",0.001,0.002,0.0,0.004,0.0,0.0,925.263,917.334,1.002
"L_uu_weight[49, 6]",0.001,0.003,0.0,0.005,0.0,0.0,926.406,917.334,1.002
"L_uu_weight[49, 7]",0.002,0.004,0.0,0.008,0.0,0.0,926.517,917.334,1.002
"L_uu_weight[49, 8]",0.002,0.005,0.0,0.011,0.0,0.0,926.911,888.798,1.002
"L_uu_weight[49, 9]",0.003,0.006,0.0,0.014,0.0,0.0,928.207,888.798,1.002
"L_uu_weight[49, 10]",0.004,0.008,0.0,0.017,0.0,0.0,929.718,888.798,1.002
"L_uu_weight[49, 11]",0.005,0.009,0.0,0.021,0.0,0.0,931.538,888.798,1.002
"L_uu_weight[49, 12]",0.007,0.011,0.0,0.027,0.0,0.0,930.926,888.798,1.002
"L_uu_weight[49, 13]",0.009,0.014,0.0,0.035,0.0,0.001,931.246,888.798,1.002
"L_uu_weight[49, 14]",0.012,0.017,0.0,0.044,0.0,0.001,930.304,905.723,1.002
"L_uu_weight[49, 15]",0.015,0.02,0.0,0.053,0.001,0.001,932.018,905.723,1.002
"L_uu_weight[49, 16]",0.019,0.024,0.0,0.063,0.001,0.001,934.117,905.723,1.002
"L_uu_weight[49, 17]",0.023,0.028,0.0,0.075,0.001,0.001,933.807,905.723,1.002
"L_uu_weight[49, 18]",0.029,0.032,0.0,0.088,0.001,0.001,934.488,905.723,1.002
"L_uu_weight[49, 19]",0.035,0.037,0.0,0.104,0.001,0.001,939.393,905.723,1.002
"L_uu_weight[49, 20]",0.043,0.042,0.0,0.122,0.001,0.001,940.959,905.347,1.002
"L_uu_weight[49, 21]",0.052,0.048,0.0,0.141,0.001,0.001,944.09,905.347,1.002
"L_uu_weight[49, 22]",0.063,0.053,0.0,0.16,0.001,0.001,942.703,878.947,1.002
"L_uu_weight[49, 23]",0.075,0.059,0.0,0.179,0.002,0.001,946.339,909.099,1.002
"L_uu_weight[49, 24]",0.088,0.064,0.0,0.199,0.002,0.001,948.662,905.347,1.002
"L_uu_weight[49, 25]",0.103,0.069,0.0,0.22,0.002,0.001,951.343,913.235,1.002
"L_uu_weight[49, 26]",0.119,0.073,0.0,0.242,0.002,0.001,957.692,945.835,1.003
"L_uu_weight[49, 27]",0.136,0.077,0.002,0.265,0.002,0.001,954.165,932.445,1.003
"L_uu_weight[49, 28]",0.154,0.079,0.005,0.288,0.002,0.001,955.723,946.04,1.003
"L_uu_weight[49, 29]",0.173,0.08,0.024,0.32,0.003,0.002,955.633,946.04,1.003
"L_uu_weight[49, 30]",0.191,0.079,0.041,0.34,0.003,0.002,956.881,886.855,1.003
"L_uu_weight[49, 31]",0.209,0.077,0.062,0.357,0.002,0.002,989.834,954.683,1.003
"L_uu_weight[49, 32]",0.225,0.074,0.082,0.366,0.002,0.002,1037.881,890.106,1.003
"L_uu_weight[49, 33]",0.239,0.07,0.118,0.385,0.002,0.002,1140.342,993.704,1.003
"L_uu_weight[49, 34]",0.251,0.065,0.14,0.39,0.002,0.001,1269.042,1031.516,1.003
"L_uu_weight[49, 35]",0.258,0.06,0.157,0.386,0.002,0.001,1371.534,1204.256,1.002
"L_uu_weight[49, 36]",0.262,0.057,0.165,0.374,0.001,0.001,1385.526,1277.652,1.003
"L_uu_weight[49, 37]",0.26,0.056,0.161,0.361,0.001,0.001,1370.055,1499.569,1.002
"L_uu_weight[49, 38]",0.253,0.056,0.15,0.352,0.002,0.001,1315.431,1369.797,1.001
"L_uu_weight[49, 39]",0.24,0.058,0.143,0.351,0.002,0.001,1224.482,1368.168,1.001
"L_uu_weight[49, 40]",0.222,0.059,0.127,0.337,0.002,0.001,1135.057,1313.049,1.001
"L_uu_weight[49, 41]",0.2,0.059,0.112,0.319,0.002,0.002,1075.582,1274.124,1.002
"L_uu_weight[49, 42]",0.175,0.056,0.086,0.28,0.002,0.002,1033.326,1209.213,1.003
"L_uu_weight[49, 43]",0.147,0.051,0.074,0.246,0.002,0.002,1006.889,1149.282,1.003
"L_uu_weight[49, 44]",0.119,0.043,0.056,0.2,0.001,0.002,994.462,1046.32,1.004
"L_uu_weight[49, 45]",0.091,0.034,0.044,0.155,0.001,0.001,988.588,1001.61,1.004
"L_uu_weight[49, 46]",0.066,0.024,0.033,0.112,0.001,0.001,988.337,1001.61,1.004
"L_uu_weight[49, 47]",0.045,0.015,0.023,0.074,0.001,0.001,997.105,1023.956,1.004
"L_uu_weight[49, 48]",0.028,0.008,0.015,0.043,0.0,0.0,1015.234,1083.238,1.004
"L_uu_weight[49, 49]",0.02,0.004,0.013,0.028,0.0,0.0,1205.867,1372.005,1.0
"L_uu_workout[0, 0]",0.151,0.073,0.051,0.292,0.002,0.002,1085.804,1224.729,1.007
"L_uu_workout[0, 1]",0.0,0.0,0.0,0.0,0.0,,2000.0,2000.0,
"L_uu_workout[0, 2]",0.0,0.0,0.0,0.0,0.0,,2000.0,2000.0,
"L_uu_workout[0, 3]",0.0,0.0,0.0,0.0,0.0,,2000.0,2000.0,
"L_uu_workout[0, 4]",0.0,0.0,0.0,0.0,0.0,,2000.0,2000.0,
"L_uu_workout[0, 5]",0.0,0.0,0.0,0.0,0.0,,2000.0,2000.0,
"L_uu_workout[0, 6]",0.0,0.0,0.0,0.0,0.0,,2000.0,2000.0,
"L_uu_workout[0, 7]",0.0,0.0,0.0,0.0,0.0,,2000.0,2000.0,
"L_uu_workout[0, 8]",0.0,0.0,0.0,0.0,0.0,,2000.0,2000.0,
"L_uu_workout[0, 9]",0.0,0.0,0.0,0.0,0.0,,2000.0,2000.0,
"L_uu_workout[0, 10]",0.0,0.0,0.0,0.0,0.0,,2000.0,2000.0,
"L_uu_workout[0, 11]",0.0,0.0,0.0,0.0,0.0,,2000.0,2000.0,
"L_uu_workout[0, 12]",0.0,0.0,0.0,0.0,0.0,,2000.0,2000.0,
"L_uu_workout[0, 13]",0.0,0.0,0.0,0.0,0.0,,2000.0,2000.0,
"L_uu_workout[0, 14]",0.0,0.0,0.0,0.0,0.0,,2000.0,2000.0,
"L_uu_workout[0, 15]",0.0,0.0,0.0,0.0,0.0,,2000.0,2000.0,
"L_uu_workout[0, 16]",0.0,0.0,0.0,0.0,0.0,,2000.0,2000.0,
"L_uu_workout[0, 17]",0.0,0.0,0.0,0.0,0.0,,2000.0,2000.0,
"L_uu_workout[0, 18]",0.0,0.0,0.0,0.0,0.0,,2000.0,2000.0,
"L_uu_workout[0, 19]",0.0,0.0,0.0,0.0,0.0,,2000.0,2000.0,
"L_uu_workout[0, 20]",0.0,0.0,0.0,0.0,0.0,,2000.0,2000.0,
"L_uu_workout[0, 21]",0.0,0.0,0.0,0.0,0.0,,2000.0,2000.0,
"L_uu_workout[0, 22]",0.0,0.0,0.0,0.0,0.0,,2000.0,2000.0,
"L_uu_workout[0, 23]",0.0,0.0,0.0,0.0,0.0,,2000.0,2000.0,
"L_uu_workout[0, 24]",0.0,0.0,0.0,0.0,0.0,,2000.0,2000.0,
"L_uu_workout[0, 25]",0.0,0.0,0.0,0.0,0.0,,2000.0,2000.0,
"L_uu_workout[0, 26]",0.0,0.0,0.0,0.0,0.0,,2000.0,2000.0,
"L_uu_workout[0, 27]",0.0,0.0,0.0,0.0,0.0,,2000.0,2000.0,
"L_uu_workout[0, 28]",0.0,0.0,0.0,0.0,0.0,,2000.0,2000.0,
"L_uu_workout[0, 29]",0.0,0.0,0.0,0.0,0.0,,2000.0,2000.0,
"L_uu_workout[0, 30]",0.0,0.0,0.0,0.0,0.0,,2000.0,2000.0,
"L_uu_workout[0, 31]",0.0,0.0,0.0,0.0,0.0,,2000.0,2000.0,
"L_uu_workout[0, 32]",0.0,0.0,0.0,0.0,0.0,,2000.0,2000.0,
"L_uu_workout[0, 33]",0.0,0.0,0.0,0.0,0.0,,2000.0,2000.0,
"L_uu_workout[0, 34]",0.0,0.0,0.0,0.0,0.0,,2000.0,2000.0,
"L_uu_workout[0, 35]",0.0,0.0,0.0,0.0,0.0,,2000.0,2000.0,
"L_uu_workout[0, 36]",0.0,0.0,0.0,0.0,0.0,,2000.0,2000.0,
"L_uu_workout[0, 37]",0.0,0.0,0.0,0.0,0.0,,2000.0,2000.0,
"L_uu_workout[0, 38]",0.0,0.0,0.0,0.0,0.0,,2000.0,2000.0,
"L_uu_workout[0, 39]",0.0,0.0,0.0,0.0,0.0,,2000.0,2000.0,
"L_uu_workout[0, 40]",0.0,0.0,0.0,0.0,0.0,,2000.0,2000.0,
"L_uu_workout[0, 41]",0.0,0.0,0.0,0.0,0.0,,2000.0,2000.0,
"L_uu_workout[0, 42]",0.0,0.0,0.0,0.0,0.0,,2000.0,2000.0,
"L_uu_workout[0, 43]",0.0,0.0,0.0,0.0,0.0,,2000.0,2000.0,
"L_uu_workout[0, 44]",0.0,0.0,0.0,0.0,0.0,,2000.0,2000.0,
"L_uu_workout[0, 45]",0.0,0.0,0.0,0.0,0.0,,2000.0,2000.0,
"L_uu_workout[0, 46]",0.0,0.0,0.0,0.0,0.0,,2000.0,2000.0,
"L_uu_workout[0, 47]",0.0,0.0,0.0,0.0,0.0,,2000.0,2000.0,
"L_uu_workout[0, 48]",0.0,0.0,0.0,0.0,0.0,,2000.0,2000.0,
"L_uu_workout[0, 49]",0.0,0.0,0.0,0.0,0.0,,2000.0,2000.0,
"L_uu_workout[1, 0]",0.15,0.073,0.05,0.291,0.002,0.002,1086.378,1224.729,1.007
"L_uu_workout[1, 1]",0.004,0.002,0.002,0.008,0.0,0.0,494.744,1117.739,1.009
"L_uu_workout[1, 2]",0.0,0.0,0.0,0.0,0.0,,2000.0,2000.0,
"L_uu_workout[1, 3]",0.0,0.0,0.0,0.0,0.0,,2000.0,2000.0,
"L_uu_workout[1, 4]",0.0,0.0,0.0,0.0,0.0,,2000.0,2000.0,
"L_uu_workout[1, 5]",0.0,0.0,0.0,0.0,0.0,,2000.0,2000.0,
"L_uu_workout[1, 6]",0.0,0.0,0.0,0.0,0.0,,2000.0,2000.0,
"L_uu_workout[1, 7]",0.0,0.0,0.0,0.0,0.0,,2000.0,2000.0,
"L_uu_workout[1, 8]",0.0,0.0,0.0,0.0,0.0,,2000.0,2000.0,
"L_uu_workout[1, 9]",0.0,0.0,0.0,0.0,0.0,,2000.0,2000.0,
"L_uu_workout[1, 10]",0.0,0.0,0.0,0.0,0.0,,2000.0,2000.0,
"L_uu_workout[1, 11]",0.0,0.0,0.0,0.0,0.0,,2000.0,2000.0,
"L_uu_workout[1, 12]",0.0,0.0,0.0,0.0,0.0,,2000.0,2000.0,
"L_uu_workout[1, 13]",0.0,0.0,0.0,0.0,0.0,,2000.0,2000.0,
"L_uu_workout[1, 14]",0.0,0.0,0.0,0.0,0.0,,2000.0,2000.0,
"L_uu_workout[1, 15]",0.0,0.0,0.0,0.0,0.0,,2000.0,2000.0,
"L_uu_workout[1, 16]",0.0,0.0,0.0,0.0,0.0,,2000.0,2000.0,
"L_uu_workout[1, 17]",0.0,0.0,0.0,0.0,0.0,,2000.0,2000.0,
"L_uu_workout[1, 18]",0.0,0.0,0.0,0.0,0.0,,2000.0,2000.0,
"L_uu_workout[1, 19]",0.0,0.0,0.0,0.0,0.0,,2000.0,2000.0,
"L_uu_workout[1, 20]",0.0,0.0,0.0,0.0,0.0,,2000.0,2000.0,
"L_uu_workout[1, 21]",0.0,0.0,0.0,0.0,0.0,,2000.0,2000.0,
"L_uu_workout[1, 22]",0.0,0.0,0.0,0.0,0.0,,2000.0,2000.0,
"L_uu_workout[1, 23]",0.0,0.0,0.0,0.0,0.0,,2000.0,2000.0,
"L_uu_workout[1, 24]",0.0,0.0,0.0,0.0,0.0,,2000.0,2000.0,
"L_uu_workout[1, 25]",0.0,0.0,0.0,0.0,0.0,,2000.0,2000.0,
"L_uu_workout[1, 26]",0.0,0.0,0.0,0.0,0.0,,2000.0,2000.0,
"L_uu_workout[1, 27]",0.0,0.0,0.0,0.0,0.0,,2000.0,2000.0,
"L_uu_workout[1, 28]",0.0,0.0,0.0,0.0,0.0,,2000.0,2000.0,
"L_uu_workout[1, 29]",0.0,0.0,0.0,0.0,0.0,,2000.0,2000.0,
"L_uu_workout[1, 30]",0.0,0.0,0.0,0.0,0.0,,2000.0,2000.0,
"L_uu_workout[1, 31]",0.0,0.0,0.0,0.0,0.0,,2000.0,2000.0,
"L_uu_workout[1, 32]",0.0,0.0,0.0,0.0,0.0,,2000.0,2000.0,
"L_uu_workout[1, 33]",0.0,0.0,0.0,0.0,0.0,,2000.0,2000.0,
"L_uu_workout[1, 34]",0.0,0.0,0.0,0.0,0.0,,2000.0,2000.0,
"L_uu_workout[1, 35]",0.0,0.0,0.0,0.0,0.0,,2000.0,2000.0,
"L_uu_workout[1, 36]",0.0,0.0,0.0,0.0,0.0,,2000.0,2000.0,
"L_uu_workout[1, 37]",0.0,0.0,0.0,0.0,0.0,,2000.0,2000.0,
"L_uu_workout[1, 38]",0.0,0.0,0.0,0.0,0.0,,2000.0,2000.0,
"L_uu_workout[1, 39]",0.0,0.0,0.0,0.0,0.0,,2000.0,2000.0,
"L_uu_workout[1, 40]",0.0,0.0,0.0,0.0,0.0,,2000.0,2000.0,
"L_uu_workout[1, 41]",0.0,0.0,0.0,0.0,0.0,,2000.0,2000.0,
"L_uu_workout[1, 42]",0.0,0.0,0.0,0.0,0.0,,2000.0,2000.0,
"L_uu_workout[1, 43]",0.0,0.0,0.0,0.0,0.0,,2000.0,2000.0,
"L_uu_workout[1, 44]",0.0,0.0,0.0,0.0,0.0,,2000.0,2000.0,
"L_uu_workout[1, 45]",0.0,0.0,0.0,0.0,0.0,,2000.0,2000.0,
"L_uu_workout[1, 46]",0.0,0.0,0.0,0.0,0.0,,2000.0,2000.0,
"L_uu_workout[1, 47]",0.0,0.0,0.0,0.0,0.0,,2000.0,2000.0,
"L_uu_workout[1, 48]",0.0,0.0,0.0,0.0,0.0,,2000.0,2000.0,
"L_uu_workout[1, 49]",0.0,0.0,0.0,0.0,0.0,,2000.0,2000.0,
"L_uu_workout[2, 0]",0.15,0.073,0.05,0.29,0.002,0.002,1088.388,1224.729,1.007
"L_uu_workout[2, 1]",0.006,0.004,0.001,0.012,0.0,0.0,390.605,803.043,1.009
"L_uu_workout[2, 2]",0.004,0.001,0.002,0.006,0.0,0.0,544.889,1043.753,1.009
"L_uu_workout[2, 3]",0.0,0.0,0.0,0.0,0.0,,2000.0,2000.0,
"L_uu_workout[2, 4]",0.0,0.0,0.0,0.0,0.0,,2000.0,2000.0,
"L_uu_workout[2, 5]",0.0,0.0,0.0,0.0,0.0,,2000.0,2000.0,
"L_uu_workout[2, 6]",0.0,0.0,0.0,0.0,0.0,,2000.0,2000.0,
"L_uu_workout[2, 7]",0.0,0.0,0.0,0.0,0.0,,2000.0,2000.0,
"L_uu_workout[2, 8]",0.0,0.0,0.0,0.0,0.0,,2000.0,2000.0,
"L_uu_workout[2, 9]",0.0,0.0,0.0,0.0,0.0,,2000.0,2000.0,
"L_uu_workout[2, 10]",0.0,0.0,0.0,0.0,0.0,,2000.0,2000.0,
"L_uu_workout[2, 11]",0.0,0.0,0.0,0.0,0.0,,2000.0,2000.0,
"L_uu_workout[2, 12]",0.0,0.0,0.0,0.0,0.0,,2000.0,2000.0,
"L_uu_workout[2, 13]",0.0,0.0,0.0,0.0,0.0,,2000.0,2000.0,
"L_uu_workout[2, 14]",0.0,0.0,0.0,0.0,0.0,,2000.0,2000.0,
"L_uu_workout[2, 15]",0.0,0.0,0.0,0.0,0.0,,2000.0,2000.0,
"L_uu_workout[2, 16]",0.0,0.0,0.0,0.0,0.0,,2000.0,2000.0,
"L_uu_workout[2, 17]",0.0,0.0,0.0,0.0,0.0,,2000.0,2000.0,
"L_uu_workout[2, 18]",0.0,0.0,0.0,0.0,0.0,,2000.0,2000.0,
"L_uu_workout[2, 19]",0.0,0.0,0.0,0.0,0.0,,2000.0,2000.0,
"L_uu_workout[2, 20]",0.0,0.0,0.0,0.0,0.0,,2000.0,2000.0,
"L_uu_workout[2, 21]",0.0,0.0,0.0,0.0,0.0,,2000.0,2000.0,
"L_uu_workout[2, 22]",0.0,0.0,0.0,0.0,0.0,,2000.0,2000.0,
"L_uu_workout[2, 23]",0.0,0.0,0.0,0.0,0.0,,2000.0,2000.0,
"L_uu_workout[2, 24]",0.0,0.0,0.0,0.0,0.0,,2000.0,2000.0,
"L_uu_workout[2, 25]",0.0,0.0,0.0,0.0,0.0,,2000.0,2000.0,
"L_uu_workout[2, 26]",0.0,0.0,0.0,0.0,0.0,,2000.0,2000.0,
"L_uu_workout[2, 27]",0.0,0.0,0.0,0.0,0.0,,2000.0,2000.0,
"L_uu_workout[2, 28]",0.0,0.0,0.0,0.0,0.0,,2000.0,2000.0,
"L_uu_workout[2, 29]",0.0,0.0,0.0,0.0,0.0,,2000.0,2000.0,
"L_uu_workout[2, 30]",0.0,0.0,0.0,0.0,0.0,,2000.0,2000.0,
"L_uu_workout[2, 31]",0.0,0.0,0.0,0.0,0.0,,2000.0,2000.0,
"L_uu_workout[2, 32]",0.0,0.0,0.0,0.0,0.0,,2000.0,2000.0,
"L_uu_workout[2, 33]",0.0,0.0,0.0,0.0,0.0,,2000.0,2000.0,
"L_uu_workout[2, 34]",0.0,0.0,0.0,0.0,0.0,,2000.0,2000.0,
"L_uu_workout[2, 35]",0.0,0.0,0.0,0.0,0.0,,2000.0,2000.0,
"L_uu_workout[2, 36]",0.0,0.0,0.0,0.0,0.0,,2000.0,2000.0,
"L_uu_workout[2, 37]",0.0,0.0,0.0,0.0,0.0,,2000.0,2000.0,
"L_uu_workout[2, 38]",0.0,0.0,0.0,0.0,0.0,,2000.0,2000.0,
"L_uu_workout[2, 39]",0.0,0.0,0.0,0.0,0.0,,2000.0,2000.0,
"L_uu_workout[2, 40]",0.0,0.0,0.0,0.0,0.0,,2000.0,2000.0,
"L_uu_workout[2, 41]",0.0,0.0,0.0,0.0,0.0,,2000.0,2000.0,
"L_uu_workout[2, 42]",0.0,0.0,0.0,0.0,0.0,,2000.0,2000.0,
"L_uu_workout[2, 43]",0.0,0.0,0.0,0.0,0.0,,2000.0,2000.0,
"L_uu_workout[2, 44]",0.0,0.0,0.0,0.0,0.0,,2000.0,2000.0,
"L_uu_workout[2, 45]",0.0,0.0,0.0,0.0,0.0,,2000.0,2000.0,
"L_uu_workout[2, 46]",0.0,0.0,0.0,0.0,0.0,,2000.0,2000.0,
"L_uu_workout[2, 47]",0.0,0.0,0.0,0.0,0.0,,2000.0,2000.0,
"L_uu_workout[2, 48]",0.0,0.0,0.0,0.0,0.0,,2000.0,2000.0,
"L_uu_workout[2, 49]",0.0,0.0,0.0,0.0,0.0,,2000.0,2000.0,
"L_uu_workout[3, 0]",0.15,0.073,0.05,0.29,0.002,0.002,1091.457,1225.197,1.007
"L_uu_workout[3, 1]",0.008,0.006,0.001,0.018,0.0,0.0,380.247,885.678,1.009
"L_uu_workout[3, 2]",0.004,0.002,0.001,0.007,0.0,0.0,390.419,849.925,1.01
"L_uu_workout[3, 3]",0.003,0.001,0.002,0.005,0.0,0.0,736.078,944.468,1.008
"L_uu_workout[3, 4]",0.0,0.0,0.0,0.0,0.0,,2000.0,2000.0,
"L_uu_workout[3, 5]",0.0,0.0,0.0,0.0,0.0,,2000.0,2000.0,
"L_uu_workout[3, 6]",0.0,0.0,0.0,0.0,0.0,,2000.0,2000.0,
"L_uu_workout[3, 7]",0.0,0.0,0.0,0.0,0.0,,2000.0,2000.0,
"L_uu_workout[3, 8]",0.0,0.0,0.0,0.0,0.0,,2000.0,2000.0,
"L_uu_workout[3, 9]",0.0,0.0,0.0,0.0,0.0,,2000.0,2000.0,
"L_uu_workout[3, 10]",0.0,0.0,0.0,0.0,0.0,,2000.0,2000.0,
"L_uu_workout[3, 11]",0.0,0.0,0.0,0.0,0.0,,2000.0,2000.0,
"L_uu_workout[3, 12]",0.0,0.0,0.0,0.0,0.0,,2000.0,2000.0,
"L_uu_workout[3, 13]",0.0,0.0,0.0,0.0,0.0,,2000.0,2000.0,
"L_uu_workout[3, 14]",0.0,0.0,0.0,0.0,0.0,,2000.0,2000.0,
"L_uu_workout[3, 15]",0.0,0.0,0.0,0.0,0.0,,2000.0,2000.0,
"L_uu_workout[3, 16]",0.0,0.0,0.0,0.0,0.0,,2000.0,2000.0,
"L_uu_workout[3, 17]",0.0,0.0,0.0,0.0,0.0,,2000.0,2000.0,
"L_uu_workout[3, 18]",0.0,0.0,0.0,0.0,0.0,,2000.0,2000.0,
"L_uu_workout[3, 19]",0.0,0.0,0.0,0.0,0.0,,2000.0,2000.0,
"L_uu_workout[3, 20]",0.0,0.0,0.0,0.0,0.0,,2000.0,2000.0,
"L_uu_workout[3, 21]",0.0,0.0,0.0,0.0,0.0,,2000.0,2000.0,
"L_uu_workout[3, 22]",0.0,0.0,0.0,0.0,0.0,,2000.0,2000.0,
"L_uu_workout[3, 23]",0.0,0.0,0.0,0.0,0.0,,2000.0,2000.0,
"L_uu_workout[3, 24]",0.0,0.0,0.0,0.0,0.0,,2000.0,2000.0,
"L_uu_workout[3, 25]",0.0,0.0,0.0,0.0,0.0,,2000.0,2000.0,
"L_uu_workout[3, 26]",0.0,0.0,0.0,0.0,0.0,,2000.0,2000.0,
"L_uu_workout[3, 27]",0.0,0.0,0.0,0.0,0.0,,2000.0,2000.0,
"L_uu_workout[3, 28]",0.0,0.0,0.0,0.0,0.0,,2000.0,2000.0,
"L_uu_workout[3, 29]",0.0,0.0,0.0,0.0,0.0,,2000.0,2000.0,
"L_uu_workout[3, 30]",0.0,0.0,0.0,0.0,0.0,,2000.0,2000.0,
"L_uu_workout[3, 31]",0.0,0.0,0.0,0.0,0.0,,2000.0,2000.0,
"L_uu_workout[3, 32]",0.0,0.0,0.0,0.0,0.0,,2000.0,2000.0,
"L_uu_workout[3, 33]",0.0,0.0,0.0,0.0,0.0,,2000.0,2000.0,
"L_uu_workout[3, 34]",0.0,0.0,0.0,0.0,0.0,,2000.0,2000.0,
"L_uu_workout[3, 35]",0.0,0.0,0.0,0.0,0.0,,2000.0,2000.0,
"L_uu_workout[3, 36]",0.0,0.0,0.0,0.0,0.0,,2000.0,2000.0,
"L_uu_workout[3, 37]",0.0,0.0,0.0,0.0,0.0,,2000.0,2000.0,
"L_uu_workout[3, 38]",0.0,0.0,0.0,0.0,0.0,,2000.0,2000.0,
"L_uu_workout[3, 39]",0.0,0.0,0.0,0.0,0.0,,2000.0,2000.0,
"L_uu_workout[3, 40]",0.0,0.0,0.0,0.0,0.0,,2000.0,2000.0,
"L_uu_workout[3, 41]",0.0,0.0,0.0,0.0,0.0,,2000.0,2000.0,
"L_uu_workout[3, 42]",0.0,0.0,0.0,0.0,0.0,,2000.0,2000.0,
"L_uu_workout[3, 43]",0.0,0.0,0.0,0.0,0.0,,2000.0,2000.0,
"L_uu_workout[3, 44]",0.0,0.0,0.0,0.0,0.0,,2000.0,2000.0,
"L_uu_workout[3, 45]",0.0,0.0,0.0,0.0,0.0,,2000.0,2000.0,
"L_uu_workout[3, 46]",0.0,0.0,0.0,0.0,0.0,,2000.0,2000.0,
"L_uu_workout[3, 47]",0.0,0.0,0.0,0.0,0.0,,2000.0,2000.0,
"L_uu_workout[3, 48]",0.0,0.0,0.0,0.0,0.0,,2000.0,2000.0,
"L_uu_workout[3, 49]",0.0,0.0,0.0,0.0,0.0,,2000.0,2000.0,
"L_uu_workout[4, 0]",0.15,0.073,0.05,0.289,0.002,0.002,1096.967,1224.635,1.007
"L_uu_workout[4, 1]",0.01,0.008,0.001,0.024,0.0,0.0,374.562,858.004,1.009
"L_uu_workout[4, 2]",0.005,0.003,0.001,0.01,0.0,0.0,384.014,835.529,1.011
"L_uu_workout[4, 3]",0.003,0.001,0.001,0.005,0.0,0.0,476.656,877.736,1.009
"L_uu_workout[4, 4]",0.003,0.001,0.002,0.005,0.0,0.0,855.149,1178.395,1.007
"L_uu_workout[4, 5]",0.0,0.0,0.0,0.0,0.0,,2000.0,2000.0,
"L_uu_workout[4, 6]",0.0,0.0,0.0,0.0,0.0,,2000.0,2000.0,
"L_uu_workout[4, 7]",0.0,0.0,0.0,0.0,0.0,,2000.0,2000.0,
"L_uu_workout[4, 8]",0.0,0.0,0.0,0.0,0.0,,2000.0,2000.0,
"L_uu_workout[4, 9]",0.0,0.0,0.0,0.0,0.0,,2000.0,2000.0,
"L_uu_workout[4, 10]",0.0,0.0,0.0,0.0,0.0,,2000.0,2000.0,
"L_uu_workout[4, 11]",0.0,0.0,0.0,0.0,0.0,,2000.0,2000.0,
"L_uu_workout[4, 12]",0.0,0.0,0.0,0.0,0.0,,2000.0,2000.0,
"L_uu_workout[4, 13]",0.0,0.0,0.0,0.0,0.0,,2000.0,2000.0,
"L_uu_workout[4, 14]",0.0,0.0,0.0,0.0,0.0,,2000.0,2000.0,
"L_uu_workout[4, 15]",0.0,0.0,0.0,0.0,0.0,,2000.0,2000.0,
"L_uu_workout[4, 16]",0.0,0.0,0.0,0.0,0.0,,2000.0,2000.0,
"L_uu_workout[4, 17]",0.0,0.0,0.0,0.0,0.0,,2000.0,2000.0,
"L_uu_workout[4, 18]",0.0,0.0,0.0,0.0,0.0,,2000.0,2000.0,
"L_uu_workout[4, 19]",0.0,0.0,0.0,0.0,0.0,,2000.0,2000.0,
"L_uu_workout[4, 20]",0.0,0.0,0.0,0.0,0.0,,2000.0,2000.0,
"L_uu_workout[4, 21]",0.0,0.0,0.0,0.0,0.0,,2000.0,2000.0,
"L_uu_workout[4, 22]",0.0,0.0,0.0,0.0,0.0,,2000.0,2000.0,
"L_uu_workout[4, 23]",0.0,0.0,0.0,0.0,0.0,,2000.0,2000.0,
"L_uu_workout[4, 24]",0.0,0.0,0.0,0.0,0.0,,2000.0,2000.0,
"L_uu_workout[4, 25]",0.0,0.0,0.0,0.0,0.0,,2000.0,2000.0,
"L_uu_workout[4, 26]",0.0,0.0,0.0,0.0,0.0,,2000.0,2000.0,
"L_uu_workout[4, 27]",0.0,0.0,0.0,0.0,0.0,,2000.0,2000.0,
"L_uu_workout[4, 28]",0.0,0.0,0.0,0.0,0.0,,2000.0,2000.0,
"L_uu_workout[4, 29]",0.0,0.0,0.0,0.0,0.0,,2000.0,2000.0,
"L_uu_workout[4, 30]",0.0,0.0,0.0,0.0,0.0,,2000.0,2000.0,
"L_uu_workout[4, 31]",0.0,0.0,0.0,0.0,0.0,,2000.0,2000.0,
"L_uu_workout[4, 32]",0.0,0.0,0.0,0.0,0.0,,2000.0,2000.0,
"L_uu_workout[4, 33]",0.0,0.0,0.0,0.0,0.0,,2000.0,2000.0,
"L_uu_workout[4, 34]",0.0,0.0,0.0,0.0,0.0,,2000.0,2000.0,
"L_uu_workout[4, 35]",0.0,0.0,0.0,0.0,0.0,,2000.0,2000.0,
"L_uu_workout[4, 36]",0.0,0.0,0.0,0.0,0.0,,2000.0,2000.0,
"L_uu_workout[4, 37]",0.0,0.0,0.0,0.0,0.0,,2000.0,2000.0,
"L_uu_workout[4, 38]",0.0,0.0,0.0,0.0,0.0,,2000.0,2000.0,
"L_uu_workout[4, 39]",0.0,0.0,0.0,0.0,0.0,,2000.0,2000.0,
"L_uu_workout[4, 40]",0.0,0.0,0.0,0.0,0.0,,2000.0,2000.0,
"L_uu_workout[4, 41]",0.0,0.0,0.0,0.0,0.0,,2000.0,2000.0,
"L_uu_workout[4, 42]",0.0,0.0,0.0,0.0,0.0,,2000.0,2000.0,
"L_uu_workout[4, 43]",0.0,0.0,0.0,0.0,0.0,,2000.0,2000.0,
"L_uu_workout[4, 44]",0.0,0.0,0.0,0.0,0.0,,2000.0,2000.0,
"L_uu_workout[4, 45]",0.0,0.0,0.0,0.0,0.0,,2000.0,2000.0,
"L_uu_workout[4, 46]",0.0,0.0,0.0,0.0,0.0,,2000.0,2000.0,
"L_uu_workout[4, 47]",0.0,0.0,0.0,0.0,0.0,,2000.0,2000.0,
"L_uu_workout[4, 48]",0.0,0.0,0.0,0.0,0.0,,2000.0,2000.0,
"L_uu_workout[4, 49]",0.0,0.0,0.0,0.0,0.0,,2000.0,2000.0,
"L_uu_workout[5, 0]",0.15,0.073,0.05,0.289,0.002,0.002,1103.455,1240.654,1.007
"L_uu_workout[5, 1]",0.013,0.009,0.001,0.029,0.0,0.0,370.98,843.298,1.009
"L_uu_workout[5, 2]",0.007,0.003,0.001,0.012,0.0,0.0,380.043,824.992,1.011
"L_uu_workout[5, 3]",0.004,0.001,0.001,0.006,0.0,0.0,464.497,843.588,1.009
"L_uu_workout[5, 4]",0.002,0.001,0.001,0.004,0.0,0.0,566.754,806.399,1.008
"L_uu_workout[5, 5]",0.003,0.001,0.002,0.004,0.0,0.0,893.336,1256.086,1.007
"L_uu_workout[5, 6]",0.0,0.0,0.0,0.0,0.0,,2000.0,2000.0,
"L_uu_workout[5, 7]",0.0,0.0,0.0,0.0,0.0,,2000.0,2000.0,
"L_uu_workout[5, 8]",0.0,0.0,0.0,0.0,0.0,,2000.0,2000.0,
"L_uu_workout[5, 9]",0.0,0.0,0.0,0.0,0.0,,2000.0,2000.0,
"L_uu_workout[5, 10]",0.0,0.0,0.0,0.0,0.0,,2000.0,2000.0,
"L_uu_workout[5, 11]",0.0,0.0,0.0,0.0,0.0,,2000.0,2000.0,
"L_uu_workout[5, 12]",0.0,0.0,0.0,0.0,0.0,,2000.0,2000.0,
"L_uu_workout[5, 13]",0.0,0.0,0.0,0.0,0.0,,2000.0,2000.0,
"L_uu_workout[5, 14]",0.0,0.0,0.0,0.0,0.0,,2000.0,2000.0,
"L_uu_workout[5, 15]",0.0,0.0,0.0,0.0,0.0,,2000.0,2000.0,
"L_uu_workout[5, 16]",0.0,0.0,0.0,0.0,0.0,,2000.0,2000.0,
"L_uu_workout[5, 17]",0.0,0.0,0.0,0.0,0.0,,2000.0,2000.0,
"L_uu_workout[5, 18]",0.0,0.0,0.0,0.0,0.0,,2000.0,2000.0,
"L_uu_workout[5, 19]",0.0,0.0,0.0,0.0,0.0,,2000.0,2000.0,
"L_uu_workout[5, 20]",0.0,0.0,0.0,0.0,0.0,,2000.0,2000.0,
"L_uu_workout[5, 21]",0.0,0.0,0.0,0.0,0.0,,2000.0,2000.0,
"L_uu_workout[5, 22]",0.0,0.0,0.0,0.0,0.0,,2000.0,2000.0,
"L_uu_workout[5, 23]",0.0,0.0,0.0,0.0,0.0,,2000.0,2000.0,
"L_uu_workout[5, 24]",0.0,0.0,0.0,0.0,0.0,,2000.0,2000.0,
"L_uu_workout[5, 25]",0.0,0.0,0.0,0.0,0.0,,2000.0,2000.0,
"L_uu_workout[5, 26]",0.0,0.0,0.0,0.0,0.0,,2000.0,2000.0,
"L_uu_workout[5, 27]",0.0,0.0,0.0,0.0,0.0,,2000.0,2000.0,
"L_uu_workout[5, 28]",0.0,0.0,0.0,0.0,0.0,,2000.0,2000.0,
"L_uu_workout[5, 29]",0.0,0.0,0.0,0.0,0.0,,2000.0,2000.0,
"L_uu_workout[5, 30]",0.0,0.0,0.0,0.0,0.0,,2000.0,2000.0,
"L_uu_workout[5, 31]",0.0,0.0,0.0,0.0,0.0,,2000.0,2000.0,
"L_uu_workout[5, 32]",0.0,0.0,0.0,0.0,0.0,,2000.0,2000.0,
"L_uu_workout[5, 33]",0.0,0.0,0.0,0.0,0.0,,2000.0,2000.0,
"L_uu_workout[5, 34]",0.0,0.0,0.0,0.0,0.0,,2000.0,2000.0,
"L_uu_workout[5, 35]",0.0,0.0,0.0,0.0,0.0,,2000.0,2000.0,
"L_uu_workout[5, 36]",0.0,0.0,0.0,0.0,0.0,,2000.0,2000.0,
"L_uu_workout[5, 37]",0.0,0.0,0.0,0.0,0.0,,2000.0,2000.0,
"L_uu_workout[5, 38]",0.0,0.0,0.0,0.0,0.0,,2000.0,2000.0,
"L_uu_workout[5, 39]",0.0,0.0,0.0,0.0,0.0,,2000.0,2000.0,
"L_uu_workout[5, 40]",0.0,0.0,0.0,0.0,0.0,,2000.0,2000.0,
"L_uu_workout[5, 41]",0.0,0.0,0.0,0.0,0.0,,2000.0,2000.0,
"L_uu_workout[5, 42]",0.0,0.0,0.0,0.0,0.0,,2000.0,2000.0,
"L_uu_workout[5, 43]",0.0,0.0,0.0,0.0,0.0,,2000.0,2000.0,
"L_uu_workout[5, 44]",0.0,0.0,0.0,0.0,0.0,,2000.0,2000.0,
"L_uu_workout[5, 45]",0.0,0.0,0.0,0.0,0.0,,2000.0,2000.0,
"L_uu_workout[5, 46]",0.0,0.0,0.0,0.0,0.0,,2000.0,2000.0,
"L_uu_workout[5, 47]",0.0,0.0,0.0,0.0,0.0,,2000.0,2000.0,
"L_uu_workout[5, 48]",0.0,0.0,0.0,0.0,0.0,,2000.0,2000.0,
"L_uu_workout[5, 49]",0.0,0.0,0.0,0.0,0.0,,2000.0,2000.0,
"L_uu_workout[6, 0]",0.149,0.073,0.05,0.289,0.002,0.002,1110.684,1257.596,1.007
"L_uu_workout[6, 1]",0.015,0.011,0.001,0.035,0.001,0.0,368.276,824.992,1.009
"L_uu_workout[6, 2]",0.008,0.004,0.001,0.015,0.0,0.0,378.437,824.992,1.011
"L_uu_workout[6, 3]",0.005,0.002,0.002,0.008,0.0,0.0,457.651,853.858,1.009
"L_uu_workout[6, 4]",0.003,0.001,0.001,0.005,0.0,0.0,544.839,807.194,1.008
"L_uu_workout[6, 5]",0.002,0.001,0.001,0.003,0.0,0.0,602.56,937.831,1.007
"L_uu_workout[6, 6]",0.003,0.001,0.001,0.004,0.0,0.0,887.847,1289.05,1.007
"L_uu_workout[6, 7]",0.0,0.0,0.0,0.0,0.0,,2000.0,2000.0,
"L_uu_workout[6, 8]",0.0,0.0,0.0,0.0,0.0,,2000.0,2000.0,
"L_uu_workout[6, 9]",0.0,0.0,0.0,0.0,0.0,,2000.0,2000.0,
"L_uu_workout[6, 10]",0.0,0.0,0.0,0.0,0.0,,2000.0,2000.0,
"L_uu_workout[6, 11]",0.0,0.0,0.0,0.0,0.0,,2000.0,2000.0,
"L_uu_workout[6, 12]",0.0,0.0,0.0,0.0,0.0,,2000.0,2000.0,
"L_uu_workout[6, 13]",0.0,0.0,0.0,0.0,0.0,,2000.0,2000.0,
"L_uu_workout[6, 14]",0.0,0.0,0.0,0.0,0.0,,2000.0,2000.0,
"L_uu_workout[6, 15]",0.0,0.0,0.0,0.0,0.0,,2000.0,2000.0,
"L_uu_workout[6, 16]",0.0,0.0,0.0,0.0,0.0,,2000.0,2000.0,
"L_uu_workout[6, 17]",0.0,0.0,0.0,0.0,0.0,,2000.0,2000.0,
"L_uu_workout[6, 18]",0.0,0.0,0.0,0.0,0.0,,2000.0,2000.0,
"L_uu_workout[6, 19]",0.0,0.0,0.0,0.0,0.0,,2000.0,2000.0,
"L_uu_workout[6, 20]",0.0,0.0,0.0,0.0,0.0,,2000.0,2000.0,
"L_uu_workout[6, 21]",0.0,0.0,0.0,0.0,0.0,,2000.0,2000.0,
"L_uu_workout[6, 22]",0.0,0.0,0.0,0.0,0.0,,2000.0,2000.0,
"L_uu_workout[6, 23]",0.0,0.0,0.0,0.0,0.0,,2000.0,2000.0,
"L_uu_workout[6, 24]",0.0,0.0,0.0,0.0,0.0,,2000.0,2000.0,
"L_uu_workout[6, 25]",0.0,0.0,0.0,0.0,0.0,,2000.0,2000.0,
"L_uu_workout[6, 26]",0.0,0.0,0.0,0.0,0.0,,2000.0,2000.0,
"L_uu_workout[6, 27]",0.0,0.0,0.0,0.0,0.0,,2000.0,2000.0,
"L_uu_workout[6, 28]",0.0,0.0,0.0,0.0,0.0,,2000.0,2000.0,
"L_uu_workout[6, 29]",0.0,0.0,0.0,0.0,0.0,,2000.0,2000.0,
"L_uu_workout[6, 30]",0.0,0.0,0.0,0.0,0.0,,2000.0,2000.0,
"L_uu_workout[6, 31]",0.0,0.0,0.0,0.0,0.0,,2000.0,2000.0,
"L_uu_workout[6, 32]",0.0,0.0,0.0,0.0,0.0,,2000.0,2000.0,
"L_uu_workout[6, 33]",0.0,0.0,0.0,0.0,0.0,,2000.0,2000.0,
"L_uu_workout[6, 34]",0.0,0.0,0.0,0.0,0.0,,2000.0,2000.0,
"L_uu_workout[6, 35]",0.0,0.0,0.0,0.0,0.0,,2000.0,2000.0,
"L_uu_workout[6, 36]",0.0,0.0,0.0,0.0,0.0,,2000.0,2000.0,
"L_uu_workout[6, 37]",0.0,0.0,0.0,0.0,0.0,,2000.0,2000.0,
"L_uu_workout[6, 38]",0.0,0.0,0.0,0.0,0.0,,2000.0,2000.0,
"L_uu_workout[6, 39]",0.0,0.0,0.0,0.0,0.0,,2000.0,2000.0,
"L_uu_workout[6, 40]",0.0,0.0,0.0,0.0,0.0,,2000.0,2000.0,
"L_uu_workout[6, 41]",0.0,0.0,0.0,0.0,0.0,,2000.0,2000.0,
"L_uu_workout[6, 42]",0.0,0.0,0.0,0.0,0.0,,2000.0,2000.0,
"L_uu_workout[6, 43]",0.0,0.0,0.0,0.0,0.0,,2000.0,2000.0,
"L_uu_workout[6, 44]",0.0,0.0,0.0,0.0,0.0,,2000.0,2000.0,
"L_uu_workout[6, 45]",0.0,0.0,0.0,0.0,0.0,,2000.0,2000.0,
"L_uu_workout[6, 46]",0.0,0.0,0.0,0.0,0.0,,2000.0,2000.0,
"L_uu_workout[6, 47]",0.0,0.0,0.0,0.0,0.0,,2000.0,2000.0,
"L_uu_workout[6, 48]",0.0,0.0,0.0,0.0,0.0,,2000.0,2000.0,
"L_uu_workout[6, 49]",0.0,0.0,0.0,0.0,0.0,,2000.0,2000.0,
"L_uu_workout[7, 0]",0.149,0.073,0.05,0.289,0.002,0.002,1120.874,1257.596,1.007
"L_uu_workout[7, 1]",0.017,0.013,0.001,0.04,0.001,0.0,366.542,824.992,1.009
"L_uu_workout[7, 2]",0.01,0.005,0.002,0.017,0.0,0.0,377.137,824.992,1.011
"L_uu_workout[7, 3]",0.005,0.002,0.002,0.01,0.0,0.0,452.818,853.858,1.009
"L_uu_workout[7, 4]",0.003,0.001,0.001,0.006,0.0,0.0,530.309,821.164,1.007
"L_uu_workout[7, 5]",0.002,0.001,0.001,0.004,0.0,0.0,567.564,905.816,1.007
"L_uu_workout[7, 6]",0.002,0.001,0.001,0.003,0.0,0.0,580.285,1007.853,1.007
"L_uu_workout[7, 7]",0.003,0.001,0.001,0.004,0.0,0.0,863.023,1292.597,1.007
"L_uu_workout[7, 8]",0.0,0.0,0.0,0.0,0.0,,2000.0,2000.0,
"L_uu_workout[7, 9]",0.0,0.0,0.0,0.0,0.0,,2000.0,2000.0,
"L_uu_workout[7, 10]",0.0,0.0,0.0,0.0,0.0,,2000.0,2000.0,
"L_uu_workout[7, 11]",0.0,0.0,0.0,0.0,0.0,,2000.0,2000.0,
"L_uu_workout[7, 12]",0.0,0.0,0.0,0.0,0.0,,2000.0,2000.0,
"L_uu_workout[7, 13]",0.0,0.0,0.0,0.0,0.0,,2000.0,2000.0,
"L_uu_workout[7, 14]",0.0,0.0,0.0,0.0,0.0,,2000.0,2000.0,
"L_uu_workout[7, 15]",0.0,0.0,0.0,0.0,0.0,,2000.0,2000.0,
"L_uu_workout[7, 16]",0.0,0.0,0.0,0.0,0.0,,2000.0,2000.0,
"L_uu_workout[7, 17]",0.0,0.0,0.0,0.0,0.0,,2000.0,2000.0,
"L_uu_workout[7, 18]",0.0,0.0,0.0,0.0,0.0,,2000.0,2000.0,
"L_uu_workout[7, 19]",0.0,0.0,0.0,0.0,0.0,,2000.0,2000.0,
"L_uu_workout[7, 20]",0.0,0.0,0.0,0.0,0.0,,2000.0,2000.0,
"L_uu_workout[7, 21]",0.0,0.0,0.0,0.0,0.0,,2000.0,2000.0,
"L_uu_workout[7, 22]",0.0,0.0,0.0,0.0,0.0,,2000.0,2000.0,
"L_uu_workout[7, 23]",0.0,0.0,0.0,0.0,0.0,,2000.0,2000.0,
"L_uu_workout[7, 24]",0.0,0.0,0.0,0.0,0.0,,2000.0,2000.0,
"L_uu_workout[7, 25]",0.0,0.0,0.0,0.0,0.0,,2000.0,2000.0,
"L_uu_workout[7, 26]",0.0,0.0,0.0,0.0,0.0,,2000.0,2000.0,
"L_uu_workout[7, 27]",0.0,0.0,0.0,0.0,0.0,,2000.0,2000.0,
"L_uu_workout[7, 28]",0.0,0.0,0.0,0.0,0.0,,2000.0,2000.0,
"L_uu_workout[7, 29]",0.0,0.0,0.0,0.0,0.0,,2000.0,2000.0,
"L_uu_workout[7, 30]",0.0,0.0,0.0,0.0,0.0,,2000.0,2000.0,
"L_uu_workout[7, 31]",0.0,0.0,0.0,0.0,0.0,,2000.0,2000.0,
"L_uu_workout[7, 32]",0.0,0.0,0.0,0.0,0.0,,2000.0,2000.0,
"L_uu_workout[7, 33]",0.0,0.0,0.0,0.0,0.0,,2000.0,2000.0,
"L_uu_workout[7, 34]",0.0,0.0,0.0,0.0,0.0,,2000.0,2000.0,
"L_uu_workout[7, 35]",0.0,0.0,0.0,0.0,0.0,,2000.0,2000.0,
"L_uu_workout[7, 36]",0.0,0.0,0.0,0.0,0.0,,2000.0,2000.0,
"L_uu_workout[7, 37]",0.0,0.0,0.0,0.0,0.0,,2000.0,2000.0,
"L_uu_workout[7, 38]",0.0,0.0,0.0,0.0,0.0,,2000.0,2000.0,
"L_uu_workout[7, 39]",0.0,0.0,0.0,0.0,0.0,,2000.0,2000.0,
"L_uu_workout[7, 40]",0.0,0.0,0.0,0.0,0.0,,2000.0,2000.0,
"L_uu_workout[7, 41]",0.0,0.0,0.0,0.0,0.0,,2000.0,2000.0,
"L_uu_workout[7, 42]",0.0,0.0,0.0,0.0,0.0,,2000.0,2000.0,
"L_uu_workout[7, 43]",0.0,0.0,0.0,0.0,0.0,,2000.0,2000.0,
"L_uu_workout[7, 44]",0.0,0.0,0.0,0.0,0.0,,2000.0,2000.0,
"L_uu_workout[7, 45]",0.0,0.0,0.0,0.0,0.0,,2000.0,2000.0,
"L_uu_workout[7, 46]",0.0,0.0,0.0,0.0,0.0,,2000.0,2000.0,
"L_uu_workout[7, 47]",0.0,0.0,0.0,0.0,0.0,,2000.0,2000.0,
"L_uu_workout[7, 48]",0.0,0.0,0.0,0.0,0.0,,2000.0,2000.0,
"L_uu_workout[7, 49]",0.0,0.0,0.0,0.0,0.0,,2000.0,2000.0,
"L_uu_workout[8, 0]",0.148,0.073,0.049,0.287,0.002,0.002,1135.292,1275.063,1.007
"L_uu_workout[8, 1]",0.019,0.015,0.001,0.046,0.001,0.0,365.414,824.992,1.009
"L_uu_workout[8, 2]",0.011,0.005,0.002,0.02,0.0,0.0,376.246,824.992,1.011
"L_uu_workout[8, 3]",0.006,0.003,0.002,0.011,0.0,0.0,450.473,850.524,1.009
"L_uu_workout[8, 4]",0.004,0.002,0.002,0.007,0.0,0.0,516.569,821.631,1.007
"L_uu_workout[8, 5]",0.003,0.001,0.001,0.005,0.0,0.0,541.504,930.418,1.007
"L_uu_workout[8, 6]",0.002,0.001,0.001,0.004,0.0,0.0,538.717,1108.701,1.007
"L_uu_workout[8, 7]",0.001,0.001,0.001,0.003,0.0,0.0,534.889,1168.963,1.008
"L_uu_workout[8, 8]",0.002,0.001,0.001,0.004,0.0,0.0,837.773,1339.697,1.008
"L_uu_workout[8, 9]",0.0,0.0,0.0,0.0,0.0,,2000.0,2000.0,
"L_uu_workout[8, 10]",0.0,0.0,0.0,0.0,0.0,,2000.0,2000.0,
"L_uu_workout[8, 11]",0.0,0.0,0.0,0.0,0.0,,2000.0,2000.0,
"L_uu_workout[8, 12]",0.0,0.0,0.0,0.0,0.0,,2000.0,2000.0,
"L_uu_workout[8, 13]",0.0,0.0,0.0,0.0,0.0,,2000.0,2000.0,
"L_uu_workout[8, 14]",0.0,0.0,0.0,0.0,0.0,,2000.0,2000.0,
"L_uu_workout[8, 15]",0.0,0.0,0.0,0.0,0.0,,2000.0,2000.0,
"L_uu_workout[8, 16]",0.0,0.0,0.0,0.0,0.0,,2000.0,2000.0,
"L_uu_workout[8, 17]",0.0,0.0,0.0,0.0,0.0,,2000.0,2000.0,
"L_uu_workout[8, 18]",0.0,0.0,0.0,0.0,0.0,,2000.0,2000.0,
"L_uu_workout[8, 19]",0.0,0.0,0.0,0.0,0.0,,2000.0,2000.0,
"L_uu_workout[8, 20]",0.0,0.0,0.0,0.0,0.0,,2000.0,2000.0,
"L_uu_workout[8, 21]",0.0,0.0,0.0,0.0,0.0,,2000.0,2000.0,
"L_uu_workout[8, 22]",0.0,0.0,0.0,0.0,0.0,,2000.0,2000.0,
"L_uu_workout[8, 23]",0.0,0.0,0.0,0.0,0.0,,2000.0,2000.0,
"L_uu_workout[8, 24]",0.0,0.0,0.0,0.0,0.0,,2000.0,2000.0,
"L_uu_workout[8, 25]",0.0,0.0,0.0,0.0,0.0,,2000.0,2000.0,
"L_uu_workout[8, 26]",0.0,0.0,0.0,0.0,0.0,,2000.0,2000.0,
"L_uu_workout[8, 27]",0.0,0.0,0.0,0.0,0.0,,2000.0,2000.0,
"L_uu_workout[8, 28]",0.0,0.0,0.0,0.0,0.0,,2000.0,2000.0,
"L_uu_workout[8, 29]",0.0,0.0,0.0,0.0,0.0,,2000.0,2000.0,
"L_uu_workout[8, 30]",0.0,0.0,0.0,0.0,0.0,,2000.0,2000.0,
"L_uu_workout[8, 31]",0.0,0.0,0.0,0.0,0.0,,2000.0,2000.0,
"L_uu_workout[8, 32]",0.0,0.0,0.0,0.0,0.0,,2000.0,2000.0,
"L_uu_workout[8, 33]",0.0,0.0,0.0,0.0,0.0,,2000.0,2000.0,
"L_uu_workout[8, 34]",0.0,0.0,0.0,0.0,0.0,,2000.0,2000.0,
"L_uu_workout[8, 35]",0.0,0.0,0.0,0.0,0.0,,2000.0,2000.0,
"L_uu_workout[8, 36]",0.0,0.0,0.0,0.0,0.0,,2000.0,2000.0,
"L_uu_workout[8, 37]",0.0,0.0,0.0,0.0,0.0,,2000.0,2000.0,
"L_uu_workout[8, 38]",0.0,0.0,0.0,0.0,0.0,,2000.0,2000.0,
"L_uu_workout[8, 39]",0.0,0.0,0.0,0.0,0.0,,2000.0,2000.0,
"L_uu_workout[8, 40]",0.0,0.0,0.0,0.0,0.0,,2000.0,2000.0,
"L_uu_workout[8, 41]",0.0,0.0,0.0,0.0,0.0,,2000.0,2000.0,
"L_uu_workout[8, 42]",0.0,0.0,0.0,0.0,0.0,,2000.0,2000.0,
"L_uu_workout[8, 43]",0.0,0.0,0.0,0.0,0.0,,2000.0,2000.0,
"L_uu_workout[8, 44]",0.0,0.0,0.0,0.0,0.0,,2000.0,2000.0,
"L_uu_workout[8, 45]",0.0,0.0,0.0,0.0,0.0,,2000.0,2000.0,
"L_uu_workout[8, 46]",0.0,0.0,0.0,0.0,0.0,,2000.0,2000.0,
"L_uu_workout[8, 47]",0.0,0.0,0.0,0.0,0.0,,2000.0,2000.0,
"L_uu_workout[8, 48]",0.0,0.0,0.0,0.0,0.0,,2000.0,2000.0,
"L_uu_workout[8, 49]",0.0,0.0,0.0,0.0,0.0,,2000.0,2000.0,
"L_uu_workout[9, 0]",0.147,0.073,0.049,0.287,0.002,0.002,1153.414,1225.761,1.007
"L_uu_workout[9, 1]",0.022,0.016,0.002,0.051,0.001,0.001,364.037,798.902,1.009
"L_uu_workout[9, 2]",0.012,0.006,0.002,0.023,0.0,0.0,376.222,824.992,1.011
"L_uu_workout[9, 3]",0.007,0.003,0.002,0.013,0.0,0.0,449.084,850.524,1.009
"L_uu_workout[9, 4]",0.005,0.002,0.002,0.008,0.0,0.0,506.123,821.631,1.007
"L_uu_workout[9, 5]",0.003,0.002,0.001,0.006,0.0,0.0,522.771,930.418,1.007
"L_uu_workout[9, 6]",0.002,0.001,0.001,0.005,0.0,0.0,514.013,1071.386,1.007
"L_uu_workout[9, 7]",0.002,0.001,0.001,0.003,0.0,0.0,508.143,1097.924,1.007
"L_uu_workout[9, 8]",0.001,0.001,0.001,0.002,0.0,0.0,500.473,1199.522,1.008
"L_uu_workout[9, 9]",0.002,0.001,0.001,0.004,0.0,0.0,815.784,1339.565,1.008
"L_uu_workout[9, 10]",0.0,0.0,0.0,0.0,0.0,,2000.0,2000.0,
"L_uu_workout[9, 11]",0.0,0.0,0.0,0.0,0.0,,2000.0,2000.0,
"L_uu_workout[9, 12]",0.0,0.0,0.0,0.0,0.0,,2000.0,2000.0,
"L_uu_workout[9, 13]",0.0,0.0,0.0,0.0,0.0,,2000.0,2000.0,
"L_uu_workout[9, 14]",0.0,0.0,0.0,0.0,0.0,,2000.0,2000.0,
"L_uu_workout[9, 15]",0.0,0.0,0.0,0.0,0.0,,2000.0,2000.0,
"L_uu_workout[9, 16]",0.0,0.0,0.0,0.0,0.0,,2000.0,2000.0,
"L_uu_workout[9, 17]",0.0,0.0,0.0,0.0,0.0,,2000.0,2000.0,
"L_uu_workout[9, 18]",0.0,0.0,0.0,0.0,0.0,,2000.0,2000.0,
"L_uu_workout[9, 19]",0.0,0.0,0.0,0.0,0.0,,2000.0,2000.0,
"L_uu_workout[9, 20]",0.0,0.0,0.0,0.0,0.0,,2000.0,2000.0,
"L_uu_workout[9, 21]",0.0,0.0,0.0,0.0,0.0,,2000.0,2000.0,
"L_uu_workout[9, 22]",0.0,0.0,0.0,0.0,0.0,,2000.0,2000.0,
"L_uu_workout[9, 23]",0.0,0.0,0.0,0.0,0.0,,2000.0,2000.0,
"L_uu_workout[9, 24]",0.0,0.0,0.0,0.0,0.0,,2000.0,2000.0,
"L_uu_workout[9, 25]",0.0,0.0,0.0,0.0,0.0,,2000.0,2000.0,
"L_uu_workout[9, 26]",0.0,0.0,0.0,0.0,0.0,,2000.0,2000.0,
"L_uu_workout[9, 27]",0.0,0.0,0.0,0.0,0.0,,2000.0,2000.0,
"L_uu_workout[9, 28]",0.0,0.0,0.0,0.0,0.0,,2000.0,2000.0,
"L_uu_workout[9, 29]",0.0,0.0,0.0,0.0,0.0,,2000.0,2000.0,
"L_uu_workout[9, 30]",0.0,0.0,0.0,0.0,0.0,,2000.0,2000.0,
"L_uu_workout[9, 31]",0.0,0.0,0.0,0.0,0.0,,2000.0,2000.0,
"L_uu_workout[9, 32]",0.0,0.0,0.0,0.0,0.0,,2000.0,2000.0,
"L_uu_workout[9, 33]",0.0,0.0,0.0,0.0,0.0,,2000.0,2000.0,
"L_uu_workout[9, 34]",0.0,0.0,0.0,0.0,0.0,,2000.0,2000.0,
"L_uu_workout[9, 35]",0.0,0.0,0.0,0.0,0.0,,2000.0,2000.0,
"L_uu_workout[9, 36]",0.0,0.0,0.0,0.0,0.0,,2000.0,2000.0,
"L_uu_workout[9, 37]",0.0,0.0,0.0,0.0,0.0,,2000.0,2000.0,
"L_uu_workout[9, 38]",0.0,0.0,0.0,0.0,0.0,,2000.0,2000.0,
"L_uu_workout[9, 39]",0.0,0.0,0.0,0.0,0.0,,2000.0,2000.0,
"L_uu_workout[9, 40]",0.0,0.0,0.0,0.0,0.0,,2000.0,2000.0,
"L_uu_workout[9, 41]",0.0,0.0,0.0,0.0,0.0,,2000.0,2000.0,
"L_uu_workout[9, 42]",0.0,0.0,0.0,0.0,0.0,,2000.0,2000.0,
"L_uu_workout[9, 43]",0.0,0.0,0.0,0.0,0.0,,2000.0,2000.0,
"L_uu_workout[9, 44]",0.0,0.0,0.0,0.0,0.0,,2000.0,2000.0,
"L_uu_workout[9, 45]",0.0,0.0,0.0,0.0,0.0,,2000.0,2000.0,
"L_uu_workout[9, 46]",0.0,0.0,0.0,0.0,0.0,,2000.0,2000.0,
"L_uu_workout[9, 47]",0.0,0.0,0.0,0.0,0.0,,2000.0,2000.0,
"L_uu_workout[9, 48]",0.0,0.0,0.0,0.0,0.0,,2000.0,2000.0,
"L_uu_workout[9, 49]",0.0,0.0,0.0,0.0,0.0,,2000.0,2000.0,
"L_uu_workout[10, 0]",0.147,0.072,0.049,0.286,0.002,0.002,1172.467,1241.427,1.007
"L_uu_workout[10, 1]",0.024,0.018,0.002,0.055,0.001,0.001,363.139,798.902,1.009
"L_uu_workout[10, 2]",0.014,0.007,0.002,0.025,0.0,0.0,376.101,824.992,1.011
"L_uu_workout[10, 3]",0.008,0.003,0.003,0.015,0.0,0.0,449.753,850.524,1.008
"L_uu_workout[10, 4]",0.005,0.002,0.002,0.01,0.0,0.0,499.478,821.631,1.007
"L_uu_workout[10, 5]",0.004,0.002,0.001,0.007,0.0,0.0,508.302,930.418,1.007
"L_uu_workout[10, 6]",0.003,0.002,0.001,0.006,0.0,0.0,503.649,1071.774,1.007
"L_uu_workout[10, 7]",0.002,0.001,0.001,0.004,0.0,0.0,494.988,1125.615,1.007
"L_uu_workout[10, 8]",0.002,0.001,0.001,0.003,0.0,0.0,487.518,1174.468,1.008
"L_uu_workout[10, 9]",0.001,0.001,0.001,0.002,0.0,0.0,477.82,1196.75,1.008
"L_uu_workout[10, 10]",0.002,0.001,0.001,0.004,0.0,0.0,799.23,1450.942,1.008
"L_uu_workout[10, 11]",0.0,0.0,0.0,0.0,0.0,,2000.0,2000.0,
"L_uu_workout[10, 12]",0.0,0.0,0.0,0.0,0.0,,2000.0,2000.0,
"L_uu_workout[10, 13]",0.0,0.0,0.0,0.0,0.0,,2000.0,2000.0,
"L_uu_workout[10, 14]",0.0,0.0,0.0,0.0,0.0,,2000.0,2000.0,
"L_uu_workout[10, 15]",0.0,0.0,0.0,0.0,0.0,,2000.0,2000.0,
"L_uu_workout[10, 16]",0.0,0.0,0.0,0.0,0.0,,2000.0,2000.0,
"L_uu_workout[10, 17]",0.0,0.0,0.0,0.0,0.0,,2000.0,2000.0,
"L_uu_workout[10, 18]",0.0,0.0,0.0,0.0,0.0,,2000.0,2000.0,
"L_uu_workout[10, 19]",0.0,0.0,0.0,0.0,0.0,,2000.0,2000.0,
"L_uu_workout[10, 20]",0.0,0.0,0.0,0.0,0.0,,2000.0,2000.0,
"L_uu_workout[10, 21]",0.0,0.0,0.0,0.0,0.0,,2000.0,2000.0,
"L_uu_workout[10, 22]",0.0,0.0,0.0,0.0,0.0,,2000.0,2000.0,
"L_uu_workout[10, 23]",0.0,0.0,0.0,0.0,0.0,,2000.0,2000.0,
"L_uu_workout[10, 24]",0.0,0.0,0.0,0.0,0.0,,2000.0,2000.0,
"L_uu_workout[10, 25]",0.0,0.0,0.0,0.0,0.0,,2000.0,2000.0,
"L_uu_workout[10, 26]",0.0,0.0,0.0,0.0,0.0,,2000.0,2000.0,
"L_uu_workout[10, 27]",0.0,0.0,0.0,0.0,0.0,,2000.0,2000.0,
"L_uu_workout[10, 28]",0.0,0.0,0.0,0.0,0.0,,2000.0,2000.0,
"L_uu_workout[10, 29]",0.0,0.0,0.0,0.0,0.0,,2000.0,2000.0,
"L_uu_workout[10, 30]",0.0,0.0,0.0,0.0,0.0,,2000.0,2000.0,
"L_uu_workout[10, 31]",0.0,0.0,0.0,0.0,0.0,,2000.0,2000.0,
"L_uu_workout[10, 32]",0.0,0.0,0.0,0.0,0.0,,2000.0,2000.0,
"L_uu_workout[10, 33]",0.0,0.0,0.0,0.0,0.0,,2000.0,2000.0,
"L_uu_workout[10, 34]",0.0,0.0,0.0,0.0,0.0,,2000.0,2000.0,
"L_uu_workout[10, 35]",0.0,0.0,0.0,0.0,0.0,,2000.0,2000.0,
"L_uu_workout[10, 36]",0.0,0.0,0.0,0.0,0.0,,2000.0,2000.0,
"L_uu_workout[10, 37]",0.0,0.0,0.0,0.0,0.0,,2000.0,2000.0,
"L_uu_workout[10, 38]",0.0,0.0,0.0,0.0,0.0,,2000.0,2000.0,
"L_uu_workout[10, 39]",0.0,0.0,0.0,0.0,0.0,,2000.0,2000.0,
"L_uu_workout[10, 40]",0.0,0.0,0.0,0.0,0.0,,2000.0,2000.0,
"L_uu_workout[10, 41]",0.0,0.0,0.0,0.0,0.0,,2000.0,2000.0,
"L_uu_workout[10, 42]",0.0,0.0,0.0,0.0,0.0,,2000.0,2000.0,
"L_uu_workout[10, 43]",0.0,0.0,0.0,0.0,0.0,,2000.0,2000.0,
"L_uu_workout[10, 44]",0.0,0.0,0.0,0.0,0.0,,2000.0,2000.0,
"L_uu_workout[10, 45]",0.0,0.0,0.0,0.0,0.0,,2000.0,2000.0,
"L_uu_workout[10, 46]",0.0,0.0,0.0,0.0,0.0,,2000.0,2000.0,
"L_uu_workout[10, 47]",0.0,0.0,0.0,0.0,0.0,,2000.0,2000.0,
"L_uu_workout[10, 48]",0.0,0.0,0.0,0.0,0.0,,2000.0,2000.0,
"L_uu_workout[10, 49]",0.0,0.0,0.0,0.0,0.0,,2000.0,2000.0,
"L_uu_workout[11, 0]",0.146,0.072,0.048,0.286,0.002,0.002,1192.1,1258.194,1.007
"L_uu_workout[11, 1]",0.026,0.019,0.002,0.06,0.001,0.001,362.21,798.902,1.009
"L_uu_workout[11, 2]",0.015,0.007,0.002,0.027,0.0,0.0,375.782,824.992,1.011
"L_uu_workout[11, 3]",0.009,0.004,0.003,0.016,0.0,0.0,448.559,850.524,1.008
"L_uu_workout[11, 4]",0.006,0.003,0.002,0.011,0.0,0.0,495.295,817.511,1.007
"L_uu_workout[11, 5]",0.004,0.002,0.002,0.008,0.0,0.0,498.007,930.418,1.007
"L_uu_workout[11, 6]",0.003,0.002,0.001,0.007,0.0,0.0,497.881,1024.25,1.007
"L_uu_workout[11, 7]",0.003,0.002,0.001,0.005,0.0,0.0,484.069,1074.754,1.007
"L_uu_workout[11, 8]",0.002,0.001,0.001,0.004,0.0,0.0,473.733,1113.075,1.008
"L_uu_workout[11, 9]",0.002,0.001,0.001,0.003,0.0,0.0,465.635,1162.171,1.008
"L_uu_workout[11, 10]",0.001,0.001,0.0,0.002,0.0,0.0,459.164,1148.14,1.009
"L_uu_workout[11, 11]",0.002,0.001,0.001,0.004,0.0,0.0,789.74,1417.196,1.008
"L_uu_workout[11, 12]",0.0,0.0,0.0,0.0,0.0,,2000.0,2000.0,
"L_uu_workout[11, 13]",0.0,0.0,0.0,0.0,0.0,,2000.0,2000.0,
"L_uu_workout[11, 14]",0.0,0.0,0.0,0.0,0.0,,2000.0,2000.0,
"L_uu_workout[11, 15]",0.0,0.0,0.0,0.0,0.0,,2000.0,2000.0,
"L_uu_workout[11, 16]",0.0,0.0,0.0,0.0,0.0,,2000.0,2000.0,
"L_uu_workout[11, 17]",0.0,0.0,0.0,0.0,0.0,,2000.0,2000.0,
"L_uu_workout[11, 18]",0.0,0.0,0.0,0.0,0.0,,2000.0,2000.0,
"L_uu_workout[11, 19]",0.0,0.0,0.0,0.0,0.0,,2000.0,2000.0,
"L_uu_workout[11, 20]",0.0,0.0,0.0,0.0,0.0,,2000.0,2000.0,
"L_uu_workout[11, 21]",0.0,0.0,0.0,0.0,0.0,,2000.0,2000.0,
"L_uu_workout[11, 22]",0.0,0.0,0.0,0.0,0.0,,2000.0,2000.0,
"L_uu_workout[11, 23]",0.0,0.0,0.0,0.0,0.0,,2000.0,2000.0,
"L_uu_workout[11, 24]",0.0,0.0,0.0,0.0,0.0,,2000.0,2000.0,
"L_uu_workout[11, 25]",0.0,0.0,0.0,0.0,0.0,,2000.0,2000.0,
"L_uu_workout[11, 26]",0.0,0.0,0.0,0.0,0.0,,2000.0,2000.0,
"L_uu_workout[11, 27]",0.0,0.0,0.0,0.0,0.0,,2000.0,2000.0,
"L_uu_workout[11, 28]",0.0,0.0,0.0,0.0,0.0,,2000.0,2000.0,
"L_uu_workout[11, 29]",0.0,0.0,0.0,0.0,0.0,,2000.0,2000.0,
"L_uu_workout[11, 30]",0.0,0.0,0.0,0.0,0.0,,2000.0,2000.0,
"L_uu_workout[11, 31]",0.0,0.0,0.0,0.0,0.0,,2000.0,2000.0,
"L_uu_workout[11, 32]",0.0,0.0,0.0,0.0,0.0,,2000.0,2000.0,
"L_uu_workout[11, 33]",0.0,0.0,0.0,0.0,0.0,,2000.0,2000.0,
"L_uu_workout[11, 34]",0.0,0.0,0.0,0.0,0.0,,2000.0,2000.0,
"L_uu_workout[11, 35]",0.0,0.0,0.0,0.0,0.0,,2000.0,2000.0,
"L_uu_workout[11, 36]",0.0,0.0,0.0,0.0,0.0,,2000.0,2000.0,
"L_uu_workout[11, 37]",0.0,0.0,0.0,0.0,0.0,,2000.0,2000.0,
"L_uu_workout[11, 38]",0.0,0.0,0.0,0.0,0.0,,2000.0,2000.0,
"L_uu_workout[11, 39]",0.0,0.0,0.0,0.0,0.0,,2000.0,2000.0,
"L_uu_workout[11, 40]",0.0,0.0,0.0,0.0,0.0,,2000.0,2000.0,
"L_uu_workout[11, 41]",0.0,0.0,0.0,0.0,0.0,,2000.0,2000.0,
"L_uu_workout[11, 42]",0.0,0.0,0.0,0.0,0.0,,2000.0,2000.0,
"L_uu_workout[11, 43]",0.0,0.0,0.0,0.0,0.0,,2000.0,2000.0,
"L_uu_workout[11, 44]",0.0,0.0,0.0,0.0,0.0,,2000.0,2000.0,
"L_uu_workout[11, 45]",0.0,0.0,0.0,0.0,0.0,,2000.0,2000.0,
"L_uu_workout[11, 46]",0.0,0.0,0.0,0.0,0.0,,2000.0,2000.0,
"L_uu_workout[11, 47]",0.0,0.0,0.0,0.0,0.0,,2000.0,2000.0,
"L_uu_workout[11, 48]",0.0,0.0,0.0,0.0,0.0,,2000.0,2000.0,
"L_uu_workout[11, 49]",0.0,0.0,0.0,0.0,0.0,,2000.0,2000.0,
"L_uu_workout[12, 0]",0.145,0.072,0.047,0.285,0.002,0.002,1216.912,1311.016,1.007
"L_uu_workout[12, 1]",0.028,0.021,0.002,0.065,0.001,0.001,360.733,798.902,1.009
"L_uu_workout[12, 2]",0.016,0.008,0.002,0.03,0.0,0.0,376.234,790.157,1.011
"L_uu_workout[12, 3]",0.01,0.004,0.003,0.018,0.0,0.0,447.636,850.524,1.008
"L_uu_workout[12, 4]",0.007,0.003,0.002,0.012,0.0,0.0,490.505,823.799,1.007
"L_uu_workout[12, 5]",0.005,0.003,0.002,0.009,0.0,0.0,492.415,912.408,1.007
"L_uu_workout[12, 6]",0.004,0.002,0.001,0.008,0.0,0.0,491.694,1019.367,1.007
"L_uu_workout[12, 7]",0.003,0.002,0.001,0.007,0.0,0.0,475.142,1074.754,1.007
"L_uu_workout[12, 8]",0.002,0.001,0.001,0.005,0.0,0.0,463.406,1028.221,1.008
"L_uu_workout[12, 9]",0.002,0.001,0.001,0.004,0.0,0.0,454.763,1071.413,1.008
"L_uu_workout[12, 10]",0.002,0.001,0.001,0.003,0.0,0.0,448.783,1134.717,1.008
"L_uu_workout[12, 11]",0.001,0.001,0.0,0.002,0.0,0.0,444.597,1074.283,1.009
"L_uu_workout[12, 12]",0.002,0.001,0.001,0.004,0.0,0.0,784.039,1462.941,1.008
"L_uu_workout[12, 13]",0.0,0.0,0.0,0.0,0.0,,2000.0,2000.0,
"L_uu_workout[12, 14]",0.0,0.0,0.0,0.0,0.0,,2000.0,2000.0,
"L_uu_workout[12, 15]",0.0,0.0,0.0,0.0,0.0,,2000.0,2000.0,
"L_uu_workout[12, 16]",0.0,0.0,0.0,0.0,0.0,,2000.0,2000.0,
"L_uu_workout[12, 17]",0.0,0.0,0.0,0.0,0.0,,2000.0,2000.0,
"L_uu_workout[12, 18]",0.0,0.0,0.0,0.0,0.0,,2000.0,2000.0,
"L_uu_workout[12, 19]",0.0,0.0,0.0,0.0,0.0,,2000.0,2000.0,
"L_uu_workout[12, 20]",0.0,0.0,0.0,0.0,0.0,,2000.0,2000.0,
"L_uu_workout[12, 21]",0.0,0.0,0.0,0.0,0.0,,2000.0,2000.0,
"L_uu_workout[12, 22]",0.0,0.0,0.0,0.0,0.0,,2000.0,2000.0,
"L_uu_workout[12, 23]",0.0,0.0,0.0,0.0,0.0,,2000.0,2000.0,
"L_uu_workout[12, 24]",0.0,0.0,0.0,0.0,0.0,,2000.0,2000.0,
"L_uu_workout[12, 25]",0.0,0.0,0.0,0.0,0.0,,2000.0,2000.0,
"L_uu_workout[12, 26]",0.0,0.0,0.0,0.0,0.0,,2000.0,2000.0,
"L_uu_workout[12, 27]",0.0,0.0,0.0,0.0,0.0,,2000.0,2000.0,
"L_uu_workout[12, 28]",0.0,0.0,0.0,0.0,0.0,,2000.0,2000.0,
"L_uu_workout[12, 29]",0.0,0.0,0.0,0.0,0.0,,2000.0,2000.0,
"L_uu_workout[12, 30]",0.0,0.0,0.0,0.0,0.0,,2000.0,2000.0,
"L_uu_workout[12, 31]",0.0,0.0,0.0,0.0,0.0,,2000.0,2000.0,
"L_uu_workout[12, 32]",0.0,0.0,0.0,0.0,0.0,,2000.0,2000.0,
"L_uu_workout[12, 33]",0.0,0.0,0.0,0.0,0.0,,2000.0,2000.0,
"L_uu_workout[12, 34]",0.0,0.0,0.0,0.0,0.0,,2000.0,2000.0,
"L_uu_workout[12, 35]",0.0,0.0,0.0,0.0,0.0,,2000.0,2000.0,
"L_uu_workout[12, 36]",0.0,0.0,0.0,0.0,0.0,,2000.0,2000.0,
"L_uu_workout[12, 37]",0.0,0.0,0.0,0.0,0.0,,2000.0,2000.0,
"L_uu_workout[12, 38]",0.0,0.0,0.0,0.0,0.0,,2000.0,2000.0,
"L_uu_workout[12, 39]",0.0,0.0,0.0,0.0,0.0,,2000.0,2000.0,
"L_uu_workout[12, 40]",0.0,0.0,0.0,0.0,0.0,,2000.0,2000.0,
"L_uu_workout[12, 41]",0.0,0.0,0.0,0.0,0.0,,2000.0,2000.0,
"L_uu_workout[12, 42]",0.0,0.0,0.0,0.0,0.0,,2000.0,2000.0,
"L_uu_workout[12, 43]",0.0,0.0,0.0,0.0,0.0,,2000.0,2000.0,
"L_uu_workout[12, 44]",0.0,0.0,0.0,0.0,0.0,,2000.0,2000.0,
"L_uu_workout[12, 45]",0.0,0.0,0.0,0.0,0.0,,2000.0,2000.0,
"L_uu_workout[12, 46]",0.0,0.0,0.0,0.0,0.0,,2000.0,2000.0,
"L_uu_workout[12, 47]",0.0,0.0,0.0,0.0,0.0,,2000.0,2000.0,
"L_uu_workout[12, 48]",0.0,0.0,0.0,0.0,0.0,,2000.0,2000.0,
"L_uu_workout[12, 49]",0.0,0.0,0.0,0.0,0.0,,2000.0,2000.0,
"L_uu_workout[13, 0]",0.144,0.072,0.048,0.286,0.002,0.002,1242.62,1310.797,1.006
"L_uu_workout[13, 1]",0.03,0.022,0.002,0.069,0.001,0.001,359.35,798.902,1.009
"L_uu_workout[13, 2]",0.018,0.008,0.003,0.032,0.0,0.0,376.637,790.157,1.011
"L_uu_workout[13, 3]",0.011,0.005,0.004,0.02,0.0,0.0,447.609,850.524,1.008
"L_uu_workout[13, 4]",0.007,0.004,0.003,0.013,0.0,0.0,486.746,823.799,1.007
"L_uu_workout[13, 5]",0.006,0.003,0.002,0.011,0.0,0.0,488.836,912.408,1.007
"L_uu_workout[13, 6]",0.004,0.003,0.002,0.009,0.0,0.0,484.581,998.468,1.007
"L_uu_workout[13, 7]",0.004,0.002,0.001,0.008,0.0,0.0,468.23,1028.446,1.007
"L_uu_workout[13, 8]",0.003,0.002,0.001,0.006,0.0,0.0,455.914,1035.454,1.008
"L_uu_workout[13, 9]",0.002,0.001,0.001,0.005,0.0,0.0,446.97,1038.182,1.008
"L_uu_workout[13, 10]",0.002,0.001,0.001,0.004,0.0,0.0,440.032,1061.7,1.008
"L_uu_workout[13, 11]",0.002,0.001,0.0,0.003,0.0,0.0,433.442,984.541,1.009
"L_uu_workout[13, 12]",0.001,0.001,0.0,0.002,0.0,0.0,433.273,967.899,1.009
"L_uu_workout[13, 13]",0.002,0.001,0.001,0.004,0.0,0.0,782.648,1408.695,1.008
"L_uu_workout[13, 14]",0.0,0.0,0.0,0.0,0.0,,2000.0,2000.0,
"L_uu_workout[13, 15]",0.0,0.0,0.0,0.0,0.0,,2000.0,2000.0,
"L_uu_workout[13, 16]",0.0,0.0,0.0,0.0,0.0,,2000.0,2000.0,
"L_uu_workout[13, 17]",0.0,0.0,0.0,0.0,0.0,,2000.0,2000.0,
"L_uu_workout[13, 18]",0.0,0.0,0.0,0.0,0.0,,2000.0,2000.0,
"L_uu_workout[13, 19]",0.0,0.0,0.0,0.0,0.0,,2000.0,2000.0,
"L_uu_workout[13, 20]",0.0,0.0,0.0,0.0,0.0,,2000.0,2000.0,
"L_uu_workout[13, 21]",0.0,0.0,0.0,0.0,0.0,,2000.0,2000.0,
"L_uu_workout[13, 22]",0.0,0.0,0.0,0.0,0.0,,2000.0,2000.0,
"L_uu_workout[13, 23]",0.0,0.0,0.0,0.0,0.0,,2000.0,2000.0,
"L_uu_workout[13, 24]",0.0,0.0,0.0,0.0,0.0,,2000.0,2000.0,
"L_uu_workout[13, 25]",0.0,0.0,0.0,0.0,0.0,,2000.0,2000.0,
"L_uu_workout[13, 26]",0.0,0.0,0.0,0.0,0.0,,2000.0,2000.0,
"L_uu_workout[13, 27]",0.0,0.0,0.0,0.0,0.0,,2000.0,2000.0,
"L_uu_workout[13, 28]",0.0,0.0,0.0,0.0,0.0,,2000.0,2000.0,
"L_uu_workout[13, 29]",0.0,0.0,0.0,0.0,0.0,,2000.0,2000.0,
"L_uu_workout[13, 30]",0.0,0.0,0.0,0.0,0.0,,2000.0,2000.0,
"L_uu_workout[13, 31]",0.0,0.0,0.0,0.0,0.0,,2000.0,2000.0,
"L_uu_workout[13, 32]",0.0,0.0,0.0,0.0,0.0,,2000.0,2000.0,
"L_uu_workout[13, 33]",0.0,0.0,0.0,0.0,0.0,,2000.0,2000.0,
"L_uu_workout[13, 34]",0.0,0.0,0.0,0.0,0.0,,2000.0,2000.0,
"L_uu_workout[13, 35]",0.0,0.0,0.0,0.0,0.0,,2000.0,2000.0,
"L_uu_workout[13, 36]",0.0,0.0,0.0,0.0,0.0,,2000.0,2000.0,
"L_uu_workout[13, 37]",0.0,0.0,0.0,0.0,0.0,,2000.0,2000.0,
"L_uu_workout[13, 38]",0.0,0.0,0.0,0.0,0.0,,2000.0,2000.0,
"L_uu_workout[13, 39]",0.0,0.0,0.0,0.0,0.0,,2000.0,2000.0,
"L_uu_workout[13, 40]",0.0,0.0,0.0,0.0,0.0,,2000.0,2000.0,
"L_uu_workout[13, 41]",0.0,0.0,0.0,0.0,0.0,,2000.0,2000.0,
"L_uu_workout[13, 42]",0.0,0.0,0.0,0.0,0.0,,2000.0,2000.0,
"L_uu_workout[13, 43]",0.0,0.0,0.0,0.0,0.0,,2000.0,2000.0,
"L_uu_workout[13, 44]",0.0,0.0,0.0,0.0,0.0,,2000.0,2000.0,
"L_uu_workout[13, 45]",0.0,0.0,0.0,0.0,0.0,,2000.0,2000.0,
"L_uu_workout[13, 46]",0.0,0.0,0.0,0.0,0.0,,2000.0,2000.0,
"L_uu_workout[13, 47]",0.0,0.0,0.0,0.0,0.0,,2000.0,2000.0,
"L_uu_workout[13, 48]",0.0,0.0,0.0,0.0,0.0,,2000.0,2000.0,
"L_uu_workout[13, 49]",0.0,0.0,0.0,0.0,0.0,,2000.0,2000.0,
"L_uu_workout[14, 0]",0.143,0.072,0.047,0.284,0.002,0.002,1271.631,1310.523,1.006
"L_uu_workout[14, 1]",0.032,0.023,0.002,0.074,0.001,0.001,358.026,798.902,1.009
"L_uu_workout[14, 2]",0.019,0.009,0.003,0.035,0.0,0.0,377.151,790.157,1.011
"L_uu_workout[14, 3]",0.012,0.005,0.004,0.021,0.0,0.0,447.653,850.524,1.008
"L_uu_workout[14, 4]",0.008,0.004,0.003,0.014,0.0,0.0,482.508,823.799,1.007
"L_uu_workout[14, 5]",0.006,0.004,0.002,0.012,0.0,0.0,484.868,912.408,1.007
"L_uu_workout[14, 6]",0.005,0.003,0.002,0.011,0.0,0.0,478.815,981.044,1.007
"L_uu_workout[14, 7]",0.004,0.003,0.001,0.009,0.0,0.0,463.363,1057.814,1.007
"L_uu_workout[14, 8]",0.003,0.002,0.001,0.007,0.0,0.0,450.64,1025.865,1.008
"L_uu_workout[14, 9]",0.003,0.002,0.001,0.006,0.0,0.0,441.77,1051.791,1.008
"L_uu_workout[14, 10]",0.002,0.001,0.001,0.005,0.0,0.0,433.593,978.433,1.008
"L_uu_workout[14, 11]",0.002,0.001,0.001,0.004,0.0,0.0,427.671,944.49,1.008
"L_uu_workout[14, 12]",0.001,0.001,0.0,0.003,0.0,0.0,424.36,899.422,1.009
"L_uu_workout[14, 13]",0.001,0.001,0.0,0.002,0.0,0.0,426.159,903.693,1.009
"L_uu_workout[14, 14]",0.002,0.001,0.001,0.004,0.0,0.0,784.252,1366.4,1.008
"L_uu_workout[14, 15]",0.0,0.0,0.0,0.0,0.0,,2000.0,2000.0,
"L_uu_workout[14, 16]",0.0,0.0,0.0,0.0,0.0,,2000.0,2000.0,
"L_uu_workout[14, 17]",0.0,0.0,0.0,0.0,0.0,,2000.0,2000.0,
"L_uu_workout[14, 18]",0.0,0.0,0.0,0.0,0.0,,2000.0,2000.0,
"L_uu_workout[14, 19]",0.0,0.0,0.0,0.0,0.0,,2000.0,2000.0,
"L_uu_workout[14, 20]",0.0,0.0,0.0,0.0,0.0,,2000.0,2000.0,
"L_uu_workout[14, 21]",0.0,0.0,0.0,0.0,0.0,,2000.0,2000.0,
"L_uu_workout[14, 22]",0.0,0.0,0.0,0.0,0.0,,2000.0,2000.0,
"L_uu_workout[14, 23]",0.0,0.0,0.0,0.0,0.0,,2000.0,2000.0,
"L_uu_workout[14, 24]",0.0,0.0,0.0,0.0,0.0,,2000.0,2000.0,
"L_uu_workout[14, 25]",0.0,0.0,0.0,0.0,0.0,,2000.0,2000.0,
"L_uu_workout[14, 26]",0.0,0.0,0.0,0.0,0.0,,2000.0,2000.0,
"L_uu_workout[14, 27]",0.0,0.0,0.0,0.0,0.0,,2000.0,2000.0,
"L_uu_workout[14, 28]",0.0,0.0,0.0,0.0,0.0,,2000.0,2000.0,
"L_uu_workout[14, 29]",0.0,0.0,0.0,0.0,0.0,,2000.0,2000.0,
"L_uu_workout[14, 30]",0.0,0.0,0.0,0.0,0.0,,2000.0,2000.0,
"L_uu_workout[14, 31]",0.0,0.0,0.0,0.0,0.0,,2000.0,2000.0,
"L_uu_workout[14, 32]",0.0,0.0,0.0,0.0,0.0,,2000.0,2000.0,
"L_uu_workout[14, 33]",0.0,0.0,0.0,0.0,0.0,,2000.0,2000.0,
"L_uu_workout[14, 34]",0.0,0.0,0.0,0.0,0.0,,2000.0,2000.0,
"L_uu_workout[14, 35]",0.0,0.0,0.0,0.0,0.0,,2000.0,2000.0,
"L_uu_workout[14, 36]",0.0,0.0,0.0,0.0,0.0,,2000.0,2000.0,
"L_uu_workout[14, 37]",0.0,0.0,0.0,0.0,0.0,,2000.0,2000.0,
"L_uu_workout[14, 38]",0.0,0.0,0.0,0.0,0.0,,2000.0,2000.0,
"L_uu_workout[14, 39]",0.0,0.0,0.0,0.0,0.0,,2000.0,2000.0,
"L_uu_workout[14, 40]",0.0,0.0,0.0,0.0,0.0,,2000.0,2000.0,
"L_uu_workout[14, 41]",0.0,0.0,0.0,0.0,0.0,,2000.0,2000.0,
"L_uu_workout[14, 42]",0.0,0.0,0.0,0.0,0.0,,2000.0,2000.0,
"L_uu_workout[14, 43]",0.0,0.0,0.0,0.0,0.0,,2000.0,2000.0,
"L_uu_workout[14, 44]",0.0,0.0,0.0,0.0,0.0,,2000.0,2000.0,
"L_uu_workout[14, 45]",0.0,0.0,0.0,0.0,0.0,,2000.0,2000.0,
"L_uu_workout[14, 46]",0.0,0.0,0.0,0.0,0.0,,2000.0,2000.0,
"L_uu_workout[14, 47]",0.0,0.0,0.0,0.0,0.0,,2000.0,2000.0,
"L_uu_workout[14, 48]",0.0,0.0,0.0,0.0,0.0,,2000.0,2000.0,
"L_uu_workout[14, 49]",0.0,0.0,0.0,0.0,0.0,,2000.0,2000.0,
"L_uu_workout[15, 0]",0.142,0.072,0.047,0.283,0.002,0.002,1301.781,1348.13,1.006
"L_uu_workout[15, 1]",0.033,0.024,0.002,0.077,0.001,0.001,356.071,798.902,1.01
"L_uu_workout[15, 2]",0.02,0.01,0.004,0.038,0.0,0.0,377.451,790.157,1.011
"L_uu_workout[15, 3]",0.012,0.005,0.004,0.023,0.0,0.0,447.298,850.524,1.008
"L_uu_workout[15, 4]",0.009,0.004,0.003,0.016,0.0,0.0,479.105,823.799,1.007
"L_uu_workout[15, 5]",0.007,0.004,0.002,0.014,0.0,0.0,482.197,912.408,1.007
"L_uu_workout[15, 6]",0.005,0.004,0.002,0.012,0.0,0.0,474.245,1012.395,1.007
"L_uu_workout[15, 7]",0.005,0.003,0.001,0.011,0.0,0.0,458.437,1034.8,1.007
"L_uu_workout[15, 8]",0.004,0.003,0.001,0.009,0.0,0.0,446.372,1025.865,1.008
"L_uu_workout[15, 9]",0.003,0.002,0.001,0.007,0.0,0.0,437.105,1061.7,1.008
"L_uu_workout[15, 10]",0.003,0.002,0.001,0.006,0.0,0.0,428.839,944.594,1.008
"L_uu_workout[15, 11]",0.002,0.001,0.001,0.004,0.0,0.0,422.884,899.422,1.008
"L_uu_workout[15, 12]",0.002,0.001,0.001,0.003,0.0,0.0,417.571,827.32,1.008
"L_uu_workout[15, 13]",0.001,0.001,0.0,0.003,0.0,0.0,417.726,835.191,1.009
"L_uu_workout[15, 14]",0.001,0.001,0.0,0.002,0.0,0.0,420.326,835.191,1.009
"L_uu_workout[15, 15]",0.002,0.001,0.001,0.004,0.0,0.0,787.531,1311.248,1.008
"L_uu_workout[15, 16]",0.0,0.0,0.0,0.0,0.0,,2000.0,2000.0,
"L_uu_workout[15, 17]",0.0,0.0,0.0,0.0,0.0,,2000.0,2000.0,
"L_uu_workout[15, 18]",0.0,0.0,0.0,0.0,0.0,,2000.0,2000.0,
"L_uu_workout[15, 19]",0.0,0.0,0.0,0.0,0.0,,2000.0,2000.0,
"L_uu_workout[15, 20]",0.0,0.0,0.0,0.0,0.0,,2000.0,2000.0,
"L_uu_workout[15, 21]",0.0,0.0,0.0,0.0,0.0,,2000.0,2000.0,
"L_uu_workout[15, 22]",0.0,0.0,0.0,0.0,0.0,,2000.0,2000.0,
"L_uu_workout[15, 23]",0.0,0.0,0.0,0.0,0.0,,2000.0,2000.0,
"L_uu_workout[15, 24]",0.0,0.0,0.0,0.0,0.0,,2000.0,2000.0,
"L_uu_workout[15, 25]",0.0,0.0,0.0,0.0,0.0,,2000.0,2000.0,
"L_uu_workout[15, 26]",0.0,0.0,0.0,0.0,0.0,,2000.0,2000.0,
"L_uu_workout[15, 27]",0.0,0.0,0.0,0.0,0.0,,2000.0,2000.0,
"L_uu_workout[15, 28]",0.0,0.0,0.0,0.0,0.0,,2000.0,2000.0,
"L_uu_workout[15, 29]",0.0,0.0,0.0,0.0,0.0,,2000.0,2000.0,
"L_uu_workout[15, 30]",0.0,0.0,0.0,0.0,0.0,,2000.0,2000.0,
"L_uu_workout[15, 31]",0.0,0.0,0.0,0.0,0.0,,2000.0,2000.0,
"L_uu_workout[15, 32]",0.0,0.0,0.0,0.0,0.0,,2000.0,2000.0,
"L_uu_workout[15, 33]",0.0,0.0,0.0,0.0,0.0,,2000.0,2000.0,
"L_uu_workout[15, 34]",0.0,0.0,0.0,0.0,0.0,,2000.0,2000.0,
"L_uu_workout[15, 35]",0.0,0.0,0.0,0.0,0.0,,2000.0,2000.0,
"L_uu_workout[15, 36]",0.0,0.0,0.0,0.0,0.0,,2000.0,2000.0,
"L_uu_workout[15, 37]",0.0,0.0,0.0,0.0,0.0,,2000.0,2000.0,
"L_uu_workout[15, 38]",0.0,0.0,0.0,0.0,0.0,,2000.0,2000.0,
"L_uu_workout[15, 39]",0.0,0.0,0.0,0.0,0.0,,2000.0,2000.0,
"L_uu_workout[15, 40]",0.0,0.0,0.0,0.0,0.0,,2000.0,2000.0,
"L_uu_workout[15, 41]",0.0,0.0,0.0,0.0,0.0,,2000.0,2000.0,
"L_uu_workout[15, 42]",0.0,0.0,0.0,0.0,0.0,,2000.0,2000.0,
"L_uu_workout[15, 43]",0.0,0.0,0.0,0.0,0.0,,2000.0,2000.0,
"L_uu_workout[15, 44]",0.0,0.0,0.0,0.0,0.0,,2000.0,2000.0,
"L_uu_workout[15, 45]",0.0,0.0,0.0,0.0,0.0,,2000.0,2000.0,
"L_uu_workout[15, 46]",0.0,0.0,0.0,0.0,0.0,,2000.0,2000.0,
"L_uu_workout[15, 47]",0.0,0.0,0.0,0.0,0.0,,2000.0,2000.0,
"L_uu_workout[15, 48]",0.0,0.0,0.0,0.0,0.0,,2000.0,2000.0,
"L_uu_workout[15, 49]",0.0,0.0,0.0,0.0,0.0,,2000.0,2000.0,
"L_uu_workout[16, 0]",0.141,0.072,0.045,0.282,0.002,0.002,1321.031,1347.838,1.006
"L_uu_workout[16, 1]",0.035,0.025,0.003,0.082,0.001,0.001,354.962,798.902,1.01
"L_uu_workout[16, 2]",0.021,0.01,0.004,0.04,0.001,0.0,378.536,790.157,1.011
"L_uu_workout[16, 3]",0.013,0.006,0.004,0.024,0.0,0.0,448.153,850.524,1.008
"L_uu_workout[16, 4]",0.009,0.005,0.003,0.017,0.0,0.0,477.064,823.799,1.007
"L_uu_workout[16, 5]",0.007,0.005,0.002,0.015,0.0,0.0,480.235,912.408,1.007
"L_uu_workout[16, 6]",0.006,0.004,0.002,0.014,0.0,0.0,469.931,999.647,1.007
"L_uu_workout[16, 7]",0.005,0.004,0.002,0.012,0.0,0.0,454.847,1025.378,1.007
"L_uu_workout[16, 8]",0.004,0.003,0.001,0.01,0.0,0.0,443.121,1038.182,1.008
"L_uu_workout[16, 9]",0.004,0.002,0.001,0.008,0.0,0.0,434.329,978.433,1.008
"L_uu_workout[16, 10]",0.003,0.002,0.001,0.007,0.0,0.0,425.269,925.205,1.008
"L_uu_workout[16, 11]",0.003,0.002,0.001,0.005,0.0,0.0,419.713,878.506,1.008
"L_uu_workout[16, 12]",0.002,0.001,0.001,0.004,0.0,0.0,416.729,835.191,1.008
"L_uu_workout[16, 13]",0.002,0.001,0.0,0.003,0.0,0.0,412.924,798.922,1.008
"L_uu_workout[16, 14]",0.001,0.001,0.0,0.003,0.0,0.0,413.684,776.999,1.008
"L_uu_workout[16, 15]",0.001,0.001,0.0,0.002,0.0,0.0,415.44,776.999,1.009
"L_uu_workout[16, 16]",0.002,0.001,0.001,0.004,0.0,0.0,791.122,1276.066,1.008
"L_uu_workout[16, 17]",0.0,0.0,0.0,0.0,0.0,,2000.0,2000.0,
"L_uu_workout[16, 18]",0.0,0.0,0.0,0.0,0.0,,2000.0,2000.0,
"L_uu_workout[16, 19]",0.0,0.0,0.0,0.0,0.0,,2000.0,2000.0,
"L_uu_workout[16, 20]",0.0,0.0,0.0,0.0,0.0,,2000.0,2000.0,
"L_uu_workout[16, 21]",0.0,0.0,0.0,0.0,0.0,,2000.0,2000.0,
"L_uu_workout[16, 22]",0.0,0.0,0.0,0.0,0.0,,2000.0,2000.0,
"L_uu_workout[16, 23]",0.0,0.0,0.0,0.0,0.0,,2000.0,2000.0,
"L_uu_workout[16, 24]",0.0,0.0,0.0,0.0,0.0,,2000.0,2000.0,
"L_uu_workout[16, 25]",0.0,0.0,0.0,0.0,0.0,,2000.0,2000.0,
"L_uu_workout[16, 26]",0.0,0.0,0.0,0.0,0.0,,2000.0,2000.0,
"L_uu_workout[16, 27]",0.0,0.0,0.0,0.0,0.0,,2000.0,2000.0,
"L_uu_workout[16, 28]",0.0,0.0,0.0,0.0,0.0,,2000.0,2000.0,
"L_uu_workout[16, 29]",0.0,0.0,0.0,0.0,0.0,,2000.0,2000.0,
"L_uu_workout[16, 30]",0.0,0.0,0.0,0.0,0.0,,2000.0,2000.0,
"L_uu_workout[16, 31]",0.0,0.0,0.0,0.0,0.0,,2000.0,2000.0,
"L_uu_workout[16, 32]",0.0,0.0,0.0,0.0,0.0,,2000.0,2000.0,
"L_uu_workout[16, 33]",0.0,0.0,0.0,0.0,0.0,,2000.0,2000.0,
"L_uu_workout[16, 34]",0.0,0.0,0.0,0.0,0.0,,2000.0,2000.0,
"L_uu_workout[16, 35]",0.0,0.0,0.0,0.0,0.0,,2000.0,2000.0,
"L_uu_workout[16, 36]",0.0,0.0,0.0,0.0,0.0,,2000.0,2000.0,
"L_uu_workout[16, 37]",0.0,0.0,0.0,0.0,0.0,,2000.0,2000.0,
"L_uu_workout[16, 38]",0.0,0.0,0.0,0.0,0.0,,2000.0,2000.0,
"L_uu_workout[16, 39]",0.0,0.0,0.0,0.0,0.0,,2000.0,2000.0,
"L_uu_workout[16, 40]",0.0,0.0,0.0,0.0,0.0,,2000.0,2000.0,
"L_uu_workout[16, 41]",0.0,0.0,0.0,0.0,0.0,,2000.0,2000.0,
"L_uu_workout[16, 42]",0.0,0.0,0.0,0.0,0.0,,2000.0,2000.0,
"L_uu_workout[16, 43]",0.0,0.0,0.0,0.0,0.0,,2000.0,2000.0,
"L_uu_workout[16, 44]",0.0,0.0,0.0,0.0,0.0,,2000.0,2000.0,
"L_uu_workout[16, 45]",0.0,0.0,0.0,0.0,0.0,,2000.0,2000.0,
"L_uu_workout[16, 46]",0.0,0.0,0.0,0.0,0.0,,2000.0,2000.0,
"L_uu_workout[16, 47]",0.0,0.0,0.0,0.0,0.0,,2000.0,2000.0,
"L_uu_workout[16, 48]",0.0,0.0,0.0,0.0,0.0,,2000.0,2000.0,
"L_uu_workout[16, 49]",0.0,0.0,0.0,0.0,0.0,,2000.0,2000.0,
"L_uu_workout[17, 0]",0.14,0.071,0.044,0.281,0.002,0.002,1332.476,1385.158,1.006
"L_uu_workout[17, 1]",0.037,0.026,0.003,0.085,0.001,0.001,353.623,798.902,1.01
"L_uu_workout[17, 2]",0.022,0.011,0.004,0.042,0.001,0.0,379.865,790.157,1.011
"L_uu_workout[17, 3]",0.014,0.006,0.005,0.026,0.0,0.0,449.539,850.524,1.008
"L_uu_workout[17, 4]",0.01,0.005,0.003,0.018,0.0,0.0,475.446,823.799,1.007
"L_uu_workout[17, 5]",0.008,0.005,0.003,0.016,0.0,0.0,478.689,912.408,1.007
"L_uu_workout[17, 6]",0.007,0.005,0.002,0.015,0.0,0.0,466.544,999.647,1.007
"L_uu_workout[17, 7]",0.006,0.004,0.002,0.013,0.0,0.0,451.558,1025.378,1.007
"L_uu_workout[17, 8]",0.005,0.003,0.001,0.011,0.0,0.0,440.131,1049.637,1.008
"L_uu_workout[17, 9]",0.004,0.003,0.001,0.009,0.0,0.0,431.643,978.433,1.008
"L_uu_workout[17, 10]",0.003,0.002,0.001,0.008,0.0,0.0,423.011,899.422,1.008
"L_uu_workout[17, 11]",0.003,0.002,0.001,0.006,0.0,0.0,417.11,827.32,1.008
"L_uu_workout[17, 12]",0.002,0.001,0.001,0.005,0.0,0.0,412.787,805.591,1.008
"L_uu_workout[17, 13]",0.002,0.001,0.001,0.004,0.0,0.0,409.283,776.999,1.008
"L_uu_workout[17, 14]",0.002,0.001,0.0,0.003,0.0,0.0,406.606,741.212,1.008
"L_uu_workout[17, 15]",0.001,0.001,0.0,0.002,0.0,0.0,406.683,797.271,1.008
"L_uu_workout[17, 16]",0.001,0.0,0.0,0.002,0.0,0.0,409.593,770.906,1.009
"L_uu_workout[17, 17]",0.002,0.001,0.001,0.004,0.0,0.0,794.767,1312.149,1.007
"L_uu_workout[17, 18]",0.0,0.0,0.0,0.0,0.0,,2000.0,2000.0,
"L_uu_workout[17, 19]",0.0,0.0,0.0,0.0,0.0,,2000.0,2000.0,
"L_uu_workout[17, 20]",0.0,0.0,0.0,0.0,0.0,,2000.0,2000.0,
"L_uu_workout[17, 21]",0.0,0.0,0.0,0.0,0.0,,2000.0,2000.0,
"L_uu_workout[17, 22]",0.0,0.0,0.0,0.0,0.0,,2000.0,2000.0,
"L_uu_workout[17, 23]",0.0,0.0,0.0,0.0,0.0,,2000.0,2000.0,
"L_uu_workout[17, 24]",0.0,0.0,0.0,0.0,0.0,,2000.0,2000.0,
"L_uu_workout[17, 25]",0.0,0.0,0.0,0.0,0.0,,2000.0,2000.0,
"L_uu_workout[17, 26]",0.0,0.0,0.0,0.0,0.0,,2000.0,2000.0,
"L_uu_workout[17, 27]",0.0,0.0,0.0,0.0,0.0,,2000.0,2000.0,
"L_uu_workout[17, 28]",0.0,0.0,0.0,0.0,0.0,,2000.0,2000.0,
"L_uu_workout[17, 29]",0.0,0.0,0.0,0.0,0.0,,2000.0,2000.0,
"L_uu_workout[17, 30]",0.0,0.0,0.0,0.0,0.0,,2000.0,2000.0,
"L_uu_workout[17, 31]",0.0,0.0,0.0,0.0,0.0,,2000.0,2000.0,
"L_uu_workout[17, 32]",0.0,0.0,0.0,0.0,0.0,,2000.0,2000.0,
"L_uu_workout[17, 33]",0.0,0.0,0.0,0.0,0.0,,2000.0,2000.0,
"L_uu_workout[17, 34]",0.0,0.0,0.0,0.0,0.0,,2000.0,2000.0,
"L_uu_workout[17, 35]",0.0,0.0,0.0,0.0,0.0,,2000.0,2000.0,
"L_uu_workout[17, 36]",0.0,0.0,0.0,0.0,0.0,,2000.0,2000.0,
"L_uu_workout[17, 37]",0.0,0.0,0.0,0.0,0.0,,2000.0,2000.0,
"L_uu_workout[17, 38]",0.0,0.0,0.0,0.0,0.0,,2000.0,2000.0,
"L_uu_workout[17, 39]",0.0,0.0,0.0,0.0,0.0,,2000.0,2000.0,
"L_uu_workout[17, 40]",0.0,0.0,0.0,0.0,0.0,,2000.0,2000.0,
"L_uu_workout[17, 41]",0.0,0.0,0.0,0.0,0.0,,2000.0,2000.0,
"L_uu_workout[17, 42]",0.0,0.0,0.0,0.0,0.0,,2000.0,2000.0,
"L_uu_workout[17, 43]",0.0,0.0,0.0,0.0,0.0,,2000.0,2000.0,
"L_uu_workout[17, 44]",0.0,0.0,0.0,0.0,0.0,,2000.0,2000.0,
"L_uu_workout[17, 45]",0.0,0.0,0.0,0.0,0.0,,2000.0,2000.0,
"L_uu_workout[17, 46]",0.0,0.0,0.0,0.0,0.0,,2000.0,2000.0,
"L_uu_workout[17, 47]",0.0,0.0,0.0,0.0,0.0,,2000.0,2000.0,
"L_uu_workout[17, 48]",0.0,0.0,0.0,0.0,0.0,,2000.0,2000.0,
"L_uu_workout[17, 49]",0.0,0.0,0.0,0.0,0.0,,2000.0,2000.0,
"L_uu_workout[18, 0]",0.139,0.071,0.047,0.284,0.002,0.002,1342.515,1364.849,1.006
"L_uu_workout[18, 1]",0.038,0.027,0.003,0.088,0.001,0.001,352.282,798.902,1.01
"L_uu_workout[18, 2]",0.024,0.011,0.005,0.045,0.001,0.0,380.09,790.157,1.011
"L_uu_workout[18, 3]",0.015,0.006,0.005,0.027,0.0,0.0,450.987,850.524,1.008
"L_uu_workout[18, 4]",0.011,0.006,0.003,0.02,0.0,0.0,474.466,817.511,1.007
"L_uu_workout[18, 5]",0.008,0.006,0.003,0.018,0.0,0.0,476.875,912.408,1.007
"L_uu_workout[18, 6]",0.007,0.005,0.002,0.017,0.0,0.0,463.876,999.647,1.007
"L_uu_workout[18, 7]",0.006,0.005,0.002,0.015,0.0,0.0,448.723,1048.9,1.007
"L_uu_workout[18, 8]",0.005,0.004,0.001,0.013,0.0,0.0,438.024,1049.637,1.008
"L_uu_workout[18, 9]",0.005,0.003,0.001,0.011,0.0,0.0,429.229,944.527,1.008
"L_uu_workout[18, 10]",0.004,0.003,0.001,0.009,0.0,0.0,420.707,878.506,1.008
"L_uu_workout[18, 11]",0.003,0.002,0.001,0.007,0.0,0.0,414.854,834.232,1.008
"L_uu_workout[18, 12]",0.003,0.002,0.001,0.006,0.0,0.0,409.75,776.999,1.008
"L_uu_workout[18, 13]",0.002,0.001,0.001,0.005,0.0,0.0,404.371,741.212,1.008
"L_uu_workout[18, 14]",0.002,0.001,0.0,0.004,0.0,0.0,401.075,783.562,1.008
"L_uu_workout[18, 15]",0.002,0.001,0.0,0.003,0.0,0.0,399.485,783.562,1.008
"L_uu_workout[18, 16]",0.001,0.001,0.0,0.002,0.0,0.0,400.013,831.765,1.008
"L_uu_workout[18, 17]",0.001,0.0,0.0,0.002,0.0,0.0,404.176,832.169,1.009
"L_uu_workout[18, 18]",0.002,0.001,0.001,0.004,0.0,0.0,798.994,1312.149,1.007
"L_uu_workout[18, 19]",0.0,0.0,0.0,0.0,0.0,,2000.0,2000.0,
"L_uu_workout[18, 20]",0.0,0.0,0.0,0.0,0.0,,2000.0,2000.0,
"L_uu_workout[18, 21]",0.0,0.0,0.0,0.0,0.0,,2000.0,2000.0,
"L_uu_workout[18, 22]",0.0,0.0,0.0,0.0,0.0,,2000.0,2000.0,
"L_uu_workout[18, 23]",0.0,0.0,0.0,0.0,0.0,,2000.0,2000.0,
"L_uu_workout[18, 24]",0.0,0.0,0.0,0.0,0.0,,2000.0,2000.0,
"L_uu_workout[18, 25]",0.0,0.0,0.0,0.0,0.0,,2000.0,2000.0,
"L_uu_workout[18, 26]",0.0,0.0,0.0,0.0,0.0,,2000.0,2000.0,
"L_uu_workout[18, 27]",0.0,0.0,0.0,0.0,0.0,,2000.0,2000.0,
"L_uu_workout[18, 28]",0.0,0.0,0.0,0.0,0.0,,2000.0,2000.0,
"L_uu_workout[18, 29]",0.0,0.0,0.0,0.0,0.0,,2000.0,2000.0,
"L_uu_workout[18, 30]",0.0,0.0,0.0,0.0,0.0,,2000.0,2000.0,
"L_uu_workout[18, 31]",0.0,0.0,0.0,0.0,0.0,,2000.0,2000.0,
"L_uu_workout[18, 32]",0.0,0.0,0.0,0.0,0.0,,2000.0,2000.0,
"L_uu_workout[18, 33]",0.0,0.0,0.0,0.0,0.0,,2000.0,2000.0,
"L_uu_workout[18, 34]",0.0,0.0,0.0,0.0,0.0,,2000.0,2000.0,
"L_uu_workout[18, 35]",0.0,0.0,0.0,0.0,0.0,,2000.0,2000.0,
"L_uu_workout[18, 36]",0.0,0.0,0.0,0.0,0.0,,2000.0,2000.0,
"L_uu_workout[18, 37]",0.0,0.0,0.0,0.0,0.0,,2000.0,2000.0,
"L_uu_workout[18, 38]",0.0,0.0,0.0,0.0,0.0,,2000.0,2000.0,
"L_uu_workout[18, 39]",0.0,0.0,0.0,0.0,0.0,,2000.0,2000.0,
"L_uu_workout[18, 40]",0.0,0.0,0.0,0.0,0.0,,2000.0,2000.0,
"L_uu_workout[18, 41]",0.0,0.0,0.0,0.0,0.0,,2000.0,2000.0,
"L_uu_workout[18, 42]",0.0,0.0,0.0,0.0,0.0,,2000.0,2000.0,
"L_uu_workout[18, 43]",0.0,0.0,0.0,0.0,0.0,,2000.0,2000.0,
"L_uu_workout[18, 44]",0.0,0.0,0.0,0.0,0.0,,2000.0,2000.0,
"L_uu_workout[18, 45]",0.0,0.0,0.0,0.0,0.0,,2000.0,2000.0,
"L_uu_workout[18, 46]",0.0,0.0,0.0,0.0,0.0,,2000.0,2000.0,
"L_uu_workout[18, 47]",0.0,0.0,0.0,0.0,0.0,,2000.0,2000.0,
"L_uu_workout[18, 48]",0.0,0.0,0.0,0.0,0.0,,2000.0,2000.0,
"L_uu_workout[18, 49]",0.0,0.0,0.0,0.0,0.0,,2000.0,2000.0,
"L_uu_workout[19, 0]",0.138,0.071,0.045,0.281,0.002,0.002,1352.984,1365.047,1.006
"L_uu_workout[19, 1]",0.04,0.028,0.003,0.091,0.001,0.001,350.932,798.902,1.01
"L_uu_workout[19, 2]",0.025,0.012,0.005,0.047,0.001,0.0,380.871,790.157,1.011
"L_uu_workout[19, 3]",0.016,0.007,0.005,0.029,0.0,0.0,452.791,850.524,1.008
"L_uu_workout[19, 4]",0.011,0.006,0.004,0.021,0.0,0.0,474.022,817.511,1.007
"L_uu_workout[19, 5]",0.009,0.006,0.003,0.019,0.0,0.0,475.304,912.408,1.007
"L_uu_workout[19, 6]",0.008,0.006,0.002,0.018,0.0,0.0,460.866,999.647,1.007
"L_uu_workout[19, 7]",0.007,0.005,0.002,0.017,0.0,0.0,445.879,1048.9,1.007
"L_uu_workout[19, 8]",0.006,0.004,0.001,0.014,0.0,0.0,435.629,1042.848,1.008
"L_uu_workout[19, 9]",0.005,0.004,0.001,0.012,0.0,0.0,427.036,926.204,1.008
"L_uu_workout[19, 10]",0.004,0.003,0.001,0.01,0.0,0.0,418.961,877.554,1.008
"L_uu_workout[19, 11]",0.004,0.003,0.001,0.008,0.0,0.0,412.758,785.236,1.008
"L_uu_workout[19, 12]",0.003,0.002,0.001,0.007,0.0,0.0,407.761,734.946,1.008
"L_uu_workout[19, 13]",0.003,0.002,0.001,0.006,0.0,0.0,401.663,770.906,1.008
"L_uu_workout[19, 14]",0.002,0.001,0.0,0.005,0.0,0.0,397.357,783.562,1.008
"L_uu_workout[19, 15]",0.002,0.001,0.0,0.004,0.0,0.0,397.22,831.765,1.008
"L_uu_workout[19, 16]",0.002,0.001,0.0,0.003,0.0,0.0,395.856,832.109,1.008
"L_uu_workout[19, 17]",0.001,0.001,0.0,0.002,0.0,0.0,396.744,824.803,1.008
"L_uu_workout[19, 18]",0.001,0.0,0.0,0.002,0.0,0.0,400.879,824.803,1.009
"L_uu_workout[19, 19]",0.002,0.001,0.001,0.004,0.0,0.0,802.01,1311.298,1.007
"L_uu_workout[19, 20]",0.0,0.0,0.0,0.0,0.0,,2000.0,2000.0,
"L_uu_workout[19, 21]",0.0,0.0,0.0,0.0,0.0,,2000.0,2000.0,
"L_uu_workout[19, 22]",0.0,0.0,0.0,0.0,0.0,,2000.0,2000.0,
"L_uu_workout[19, 23]",0.0,0.0,0.0,0.0,0.0,,2000.0,2000.0,
"L_uu_workout[19, 24]",0.0,0.0,0.0,0.0,0.0,,2000.0,2000.0,
"L_uu_workout[19, 25]",0.0,0.0,0.0,0.0,0.0,,2000.0,2000.0,
"L_uu_workout[19, 26]",0.0,0.0,0.0,0.0,0.0,,2000.0,2000.0,
"L_uu_workout[19, 27]",0.0,0.0,0.0,0.0,0.0,,2000.0,2000.0,
"L_uu_workout[19, 28]",0.0,0.0,0.0,0.0,0.0,,2000.0,2000.0,
"L_uu_workout[19, 29]",0.0,0.0,0.0,0.0,0.0,,2000.0,2000.0,
"L_uu_workout[19, 30]",0.0,0.0,0.0,0.0,0.0,,2000.0,2000.0,
"L_uu_workout[19, 31]",0.0,0.0,0.0,0.0,0.0,,2000.0,2000.0,
"L_uu_workout[19, 32]",0.0,0.0,0.0,0.0,0.0,,2000.0,2000.0,
"L_uu_workout[19, 33]",0.0,0.0,0.0,0.0,0.0,,2000.0,2000.0,
"L_uu_workout[19, 34]",0.0,0.0,0.0,0.0,0.0,,2000.0,2000.0,
"L_uu_workout[19, 35]",0.0,0.0,0.0,0.0,0.0,,2000.0,2000.0,
"L_uu_workout[19, 36]",0.0,0.0,0.0,0.0,0.0,,2000.0,2000.0,
"L_uu_workout[19, 37]",0.0,0.0,0.0,0.0,0.0,,2000.0,2000.0,
"L_uu_workout[19, 38]",0.0,0.0,0.0,0.0,0.0,,2000.0,2000.0,
"L_uu_workout[19, 39]",0.0,0.0,0.0,0.0,0.0,,2000.0,2000.0,
"L_uu_workout[19, 40]",0.0,0.0,0.0,0.0,0.0,,2000.0,2000.0,
"L_uu_workout[19, 41]",0.0,0.0,0.0,0.0,0.0,,2000.0,2000.0,
"L_uu_workout[19, 42]",0.0,0.0,0.0,0.0,0.0,,2000.0,2000.0,
"L_uu_workout[19, 43]",0.0,0.0,0.0,0.0,0.0,,2000.0,2000.0,
"L_uu_workout[19, 44]",0.0,0.0,0.0,0.0,0.0,,2000.0,2000.0,
"L_uu_workout[19, 45]",0.0,0.0,0.0,0.0,0.0,,2000.0,2000.0,
"L_uu_workout[19, 46]",0.0,0.0,0.0,0.0,0.0,,2000.0,2000.0,
"L_uu_workout[19, 47]",0.0,0.0,0.0,0.0,0.0,,2000.0,2000.0,
"L_uu_workout[19, 48]",0.0,0.0,0.0,0.0,0.0,,2000.0,2000.0,
"L_uu_workout[19, 49]",0.0,0.0,0.0,0.0,0.0,,2000.0,2000.0,
"L_uu_workout[20, 0]",0.136,0.071,0.044,0.281,0.002,0.002,1361.105,1347.006,1.006
"L_uu_workout[20, 1]",0.041,0.029,0.003,0.093,0.001,0.001,350.007,799.467,1.01
"L_uu_workout[20, 2]",0.026,0.012,0.005,0.048,0.001,0.0,381.461,790.157,1.011
"L_uu_workout[20, 3]",0.016,0.007,0.005,0.03,0.0,0.0,455.393,850.524,1.008
"L_uu_workout[20, 4]",0.012,0.006,0.004,0.022,0.0,0.0,473.554,817.511,1.007
"L_uu_workout[20, 5]",0.01,0.006,0.003,0.02,0.0,0.0,473.392,912.408,1.007
"L_uu_workout[20, 6]",0.008,0.006,0.002,0.019,0.0,0.0,458.34,999.647,1.007
"L_uu_workout[20, 7]",0.007,0.006,0.002,0.018,0.0,0.0,443.838,1048.9,1.008
"L_uu_workout[20, 8]",0.006,0.005,0.002,0.016,0.0,0.0,433.899,1042.848,1.007
"L_uu_workout[20, 9]",0.006,0.004,0.001,0.013,0.0,0.0,425.402,925.205,1.008
"L_uu_workout[20, 10]",0.005,0.004,0.001,0.011,0.0,0.0,417.61,886.422,1.008
"L_uu_workout[20, 11]",0.004,0.003,0.001,0.009,0.0,0.0,411.123,788.669,1.008
"L_uu_workout[20, 12]",0.004,0.002,0.001,0.008,0.0,0.0,405.877,741.212,1.008
"L_uu_workout[20, 13]",0.003,0.002,0.001,0.006,0.0,0.0,399.277,783.562,1.008
"L_uu_workout[20, 14]",0.003,0.002,0.001,0.005,0.0,0.0,396.916,831.765,1.008
"L_uu_workout[20, 15]",0.002,0.001,0.0,0.004,0.0,0.0,394.491,832.109,1.008
"L_uu_workout[20, 16]",0.002,0.001,0.0,0.004,0.0,0.0,393.556,817.576,1.008
"L_uu_workout[20, 17]",0.001,0.001,0.0,0.003,0.0,0.0,391.498,817.576,1.008
"L_uu_workout[20, 18]",0.001,0.001,0.0,0.002,0.0,0.0,394.258,817.576,1.008
"L_uu_workout[20, 19]",0.001,0.0,0.0,0.002,0.0,0.0,400.034,817.576,1.009
"L_uu_workout[20, 20]",0.002,0.001,0.001,0.004,0.0,0.0,803.262,1301.339,1.007
"L_uu_workout[20, 21]",0.0,0.0,0.0,0.0,0.0,,2000.0,2000.0,
"L_uu_workout[20, 22]",0.0,0.0,0.0,0.0,0.0,,2000.0,2000.0,
"L_uu_workout[20, 23]",0.0,0.0,0.0,0.0,0.0,,2000.0,2000.0,
"L_uu_workout[20, 24]",0.0,0.0,0.0,0.0,0.0,,2000.0,2000.0,
"L_uu_workout[20, 25]",0.0,0.0,0.0,0.0,0.0,,2000.0,2000.0,
"L_uu_workout[20, 26]",0.0,0.0,0.0,0.0,0.0,,2000.0,2000.0,
"L_uu_workout[20, 27]",0.0,0.0,0.0,0.0,0.0,,2000.0,2000.0,
"L_uu_workout[20, 28]",0.0,0.0,0.0,0.0,0.0,,2000.0,2000.0,
"L_uu_workout[20, 29]",0.0,0.0,0.0,0.0,0.0,,2000.0,2000.0,
"L_uu_workout[20, 30]",0.0,0.0,0.0,0.0,0.0,,2000.0,2000.0,
"L_uu_workout[20, 31]",0.0,0.0,0.0,0.0,0.0,,2000.0,2000.0,
"L_uu_workout[20, 32]",0.0,0.0,0.0,0.0,0.0,,2000.0,2000.0,
"L_uu_workout[20, 33]",0.0,0.0,0.0,0.0,0.0,,2000.0,2000.0,
"L_uu_workout[20, 34]",0.0,0.0,0.0,0.0,0.0,,2000.0,2000.0,
"L_uu_workout[20, 35]",0.0,0.0,0.0,0.0,0.0,,2000.0,2000.0,
"L_uu_workout[20, 36]",0.0,0.0,0.0,0.0,0.0,,2000.0,2000.0,
"L_uu_workout[20, 37]",0.0,0.0,0.0,0.0,0.0,,2000.0,2000.0,
"L_uu_workout[20, 38]",0.0,0.0,0.0,0.0,0.0,,2000.0,2000.0,
"L_uu_workout[20, 39]",0.0,0.0,0.0,0.0,0.0,,2000.0,2000.0,
"L_uu_workout[20, 40]",0.0,0.0,0.0,0.0,0.0,,2000.0,2000.0,
"L_uu_workout[20, 41]",0.0,0.0,0.0,0.0,0.0,,2000.0,2000.0,
"L_uu_workout[20, 42]",0.0,0.0,0.0,0.0,0.0,,2000.0,2000.0,
"L_uu_workout[20, 43]",0.0,0.0,0.0,0.0,0.0,,2000.0,2000.0,
"L_uu_workout[20, 44]",0.0,0.0,0.0,0.0,0.0,,2000.0,2000.0,
"L_uu_workout[20, 45]",0.0,0.0,0.0,0.0,0.0,,2000.0,2000.0,
"L_uu_workout[20, 46]",0.0,0.0,0.0,0.0,0.0,,2000.0,2000.0,
"L_uu_workout[20, 47]",0.0,0.0,0.0,0.0,0.0,,2000.0,2000.0,
"L_uu_workout[20, 48]",0.0,0.0,0.0,0.0,0.0,,2000.0,2000.0,
"L_uu_workout[20, 49]",0.0,0.0,0.0,0.0,0.0,,2000.0,2000.0,
"L_uu_workout[21, 0]",0.135,0.071,0.042,0.279,0.002,0.002,1368.527,1328.922,1.006
"L_uu_workout[21, 1]",0.043,0.029,0.003,0.096,0.001,0.001,349.22,799.467,1.01
"L_uu_workout[21, 2]",0.027,0.013,0.005,0.051,0.001,0.0,381.933,790.157,1.011
"L_uu_workout[21, 3]",0.017,0.007,0.006,0.032,0.0,0.0,457.449,850.524,1.008
"L_uu_workout[21, 4]",0.012,0.007,0.004,0.023,0.0,0.0,473.551,793.006,1.007
"L_uu_workout[21, 5]",0.01,0.007,0.003,0.022,0.0,0.0,470.966,912.408,1.007
"L_uu_workout[21, 6]",0.009,0.007,0.002,0.021,0.0,0.0,455.967,999.647,1.007
"L_uu_workout[21, 7]",0.008,0.006,0.002,0.019,0.0,0.0,441.704,1026.697,1.008
"L_uu_workout[21, 8]",0.007,0.005,0.002,0.017,0.0,0.0,432.205,978.433,1.007
"L_uu_workout[21, 9]",0.006,0.005,0.001,0.015,0.0,0.0,423.846,898.841,1.008
"L_uu_workout[21, 10]",0.005,0.004,0.001,0.012,0.0,0.0,416.146,854.144,1.008
"L_uu_workout[21, 11]",0.005,0.003,0.001,0.01,0.0,0.0,409.782,734.946,1.007
"L_uu_workout[21, 12]",0.004,0.003,0.001,0.009,0.0,0.0,403.637,764.897,1.007
"L_uu_workout[21, 13]",0.003,0.002,0.001,0.007,0.0,0.0,397.855,783.281,1.008
"L_uu_workout[21, 14]",0.003,0.002,0.001,0.006,0.0,0.0,394.025,783.631,1.008
"L_uu_workout[21, 15]",0.003,0.002,0.0,0.005,0.0,0.0,391.762,824.803,1.008
"L_uu_workout[21, 16]",0.002,0.001,0.0,0.004,0.0,0.0,390.473,777.19,1.008
"L_uu_workout[21, 17]",0.002,0.001,0.0,0.003,0.0,0.0,391.189,824.908,1.008
"L_uu_workout[21, 18]",0.001,0.001,0.0,0.003,0.0,0.0,391.102,817.932,1.008
"L_uu_workout[21, 19]",0.001,0.001,0.0,0.002,0.0,0.0,393.603,817.932,1.008
"L_uu_workout[21, 20]",0.001,0.0,0.0,0.002,0.0,0.0,399.747,817.932,1.009
"L_uu_workout[21, 21]",0.002,0.001,0.001,0.004,0.0,0.0,805.437,1187.981,1.007
"L_uu_workout[21, 22]",0.0,0.0,0.0,0.0,0.0,,2000.0,2000.0,
"L_uu_workout[21, 23]",0.0,0.0,0.0,0.0,0.0,,2000.0,2000.0,
"L_uu_workout[21, 24]",0.0,0.0,0.0,0.0,0.0,,2000.0,2000.0,
"L_uu_workout[21, 25]",0.0,0.0,0.0,0.0,0.0,,2000.0,2000.0,
"L_uu_workout[21, 26]",0.0,0.0,0.0,0.0,0.0,,2000.0,2000.0,
"L_uu_workout[21, 27]",0.0,0.0,0.0,0.0,0.0,,2000.0,2000.0,
"L_uu_workout[21, 28]",0.0,0.0,0.0,0.0,0.0,,2000.0,2000.0,
"L_uu_workout[21, 29]",0.0,0.0,0.0,0.0,0.0,,2000.0,2000.0,
"L_uu_workout[21, 30]",0.0,0.0,0.0,0.0,0.0,,2000.0,2000.0,
"L_uu_workout[21, 31]",0.0,0.0,0.0,0.0,0.0,,2000.0,2000.0,
"L_uu_workout[21, 32]",0.0,0.0,0.0,0.0,0.0,,2000.0,2000.0,
"L_uu_workout[21, 33]",0.0,0.0,0.0,0.0,0.0,,2000.0,2000.0,
"L_uu_workout[21, 34]",0.0,0.0,0.0,0.0,0.0,,2000.0,2000.0,
"L_uu_workout[21, 35]",0.0,0.0,0.0,0.0,0.0,,2000.0,2000.0,
"L_uu_workout[21, 36]",0.0,0.0,0.0,0.0,0.0,,2000.0,2000.0,
"L_uu_workout[21, 37]",0.0,0.0,0.0,0.0,0.0,,2000.0,2000.0,
"L_uu_workout[21, 38]",0.0,0.0,0.0,0.0,0.0,,2000.0,2000.0,
"L_uu_workout[21, 39]",0.0,0.0,0.0,0.0,0.0,,2000.0,2000.0,
"L_uu_workout[21, 40]",0.0,0.0,0.0,0.0,0.0,,2000.0,2000.0,
"L_uu_workout[21, 41]",0.0,0.0,0.0,0.0,0.0,,2000.0,2000.0,
"L_uu_workout[21, 42]",0.0,0.0,0.0,0.0,0.0,,2000.0,2000.0,
"L_uu_workout[21, 43]",0.0,0.0,0.0,0.0,0.0,,2000.0,2000.0,
"L_uu_workout[21, 44]",0.0,0.0,0.0,0.0,0.0,,2000.0,2000.0,
"L_uu_workout[21, 45]",0.0,0.0,0.0,0.0,0.0,,2000.0,2000.0,
"L_uu_workout[21, 46]",0.0,0.0,0.0,0.0,0.0,,2000.0,2000.0,
"L_uu_workout[21, 47]",0.0,0.0,0.0,0.0,0.0,,2000.0,2000.0,
"L_uu_workout[21, 48]",0.0,0.0,0.0,0.0,0.0,,2000.0,2000.0,
"L_uu_workout[21, 49]",0.0,0.0,0.0,0.0,0.0,,2000.0,2000.0,
"L_uu_workout[22, 0]",0.134,0.071,0.041,0.278,0.002,0.002,1373.46,1366.769,1.006
"L_uu_workout[22, 1]",0.044,0.03,0.003,0.099,0.001,0.001,347.949,799.467,1.011
"L_uu_workout[22, 2]",0.028,0.013,0.006,0.052,0.001,0.0,383.34,790.157,1.011
"L_uu_workout[22, 3]",0.018,0.008,0.006,0.033,0.0,0.0,462.212,850.524,1.008
"L_uu_workout[22, 4]",0.013,0.007,0.004,0.024,0.0,0.0,474.03,791.442,1.007
"L_uu_workout[22, 5]",0.011,0.007,0.003,0.023,0.0,0.0,469.206,912.408,1.007
"L_uu_workout[22, 6]",0.009,0.007,0.003,0.023,0.0,0.0,453.873,999.647,1.007
"L_uu_workout[22, 7]",0.008,0.007,0.002,0.021,0.0,0.0,439.595,1009.299,1.008
"L_uu_workout[22, 8]",0.008,0.006,0.002,0.018,0.0,0.0,430.533,1027.471,1.008
"L_uu_workout[22, 9]",0.007,0.005,0.001,0.016,0.0,0.0,422.296,911.536,1.008
"L_uu_workout[22, 10]",0.006,0.004,0.001,0.014,0.0,0.0,414.396,795.854,1.008
"L_uu_workout[22, 11]",0.005,0.004,0.001,0.011,0.0,0.0,408.555,734.946,1.007
"L_uu_workout[22, 12]",0.005,0.003,0.001,0.01,0.0,0.0,402.106,783.562,1.007
"L_uu_workout[22, 13]",0.004,0.003,0.001,0.008,0.0,0.0,395.729,831.765,1.007
"L_uu_workout[22, 14]",0.003,0.002,0.001,0.007,0.0,0.0,392.133,824.803,1.008
"L_uu_workout[22, 15]",0.003,0.002,0.001,0.006,0.0,0.0,389.382,777.19,1.008
"L_uu_workout[22, 16]",0.002,0.002,0.0,0.005,0.0,0.0,388.693,824.908,1.008
"L_uu_workout[22, 17]",0.002,0.001,0.0,0.004,0.0,0.0,389.48,817.773,1.008
"L_uu_workout[22, 18]",0.002,0.001,0.0,0.003,0.0,0.0,388.982,823.945,1.008
"L_uu_workout[22, 19]",0.001,0.001,0.0,0.003,0.0,0.0,390.423,810.756,1.008
"L_uu_workout[22, 20]",0.001,0.001,0.0,0.002,0.0,0.0,392.692,824.488,1.008
"L_uu_workout[22, 21]",0.001,0.0,0.0,0.002,0.0,0.0,399.105,824.488,1.009
"L_uu_workout[22, 22]",0.002,0.001,0.001,0.004,0.0,0.0,806.436,1248.934,1.007
"L_uu_workout[22, 23]",0.0,0.0,0.0,0.0,0.0,,2000.0,2000.0,
"L_uu_workout[22, 24]",0.0,0.0,0.0,0.0,0.0,,2000.0,2000.0,
"L_uu_workout[22, 25]",0.0,0.0,0.0,0.0,0.0,,2000.0,2000.0,
"L_uu_workout[22, 26]",0.0,0.0,0.0,0.0,0.0,,2000.0,2000.0,
"L_uu_workout[22, 27]",0.0,0.0,0.0,0.0,0.0,,2000.0,2000.0,
"L_uu_workout[22, 28]",0.0,0.0,0.0,0.0,0.0,,2000.0,2000.0,
"L_uu_workout[22, 29]",0.0,0.0,0.0,0.0,0.0,,2000.0,2000.0,
"L_uu_workout[22, 30]",0.0,0.0,0.0,0.0,0.0,,2000.0,2000.0,
"L_uu_workout[22, 31]",0.0,0.0,0.0,0.0,0.0,,2000.0,2000.0,
"L_uu_workout[22, 32]",0.0,0.0,0.0,0.0,0.0,,2000.0,2000.0,
"L_uu_workout[22, 33]",0.0,0.0,0.0,0.0,0.0,,2000.0,2000.0,
"L_uu_workout[22, 34]",0.0,0.0,0.0,0.0,0.0,,2000.0,2000.0,
"L_uu_workout[22, 35]",0.0,0.0,0.0,0.0,0.0,,2000.0,2000.0,
"L_uu_workout[22, 36]",0.0,0.0,0.0,0.0,0.0,,2000.0,2000.0,
"L_uu_workout[22, 37]",0.0,0.0,0.0,0.0,0.0,,2000.0,2000.0,
"L_uu_workout[22, 38]",0.0,0.0,0.0,0.0,0.0,,2000.0,2000.0,
"L_uu_workout[22, 39]",0.0,0.0,0.0,0.0,0.0,,2000.0,2000.0,
"L_uu_workout[22, 40]",0.0,0.0,0.0,0.0,0.0,,2000.0,2000.0,
"L_uu_workout[22, 41]",0.0,0.0,0.0,0.0,0.0,,2000.0,2000.0,
"L_uu_workout[22, 42]",0.0,0.0,0.0,0.0,0.0,,2000.0,2000.0,
"L_uu_workout[22, 43]",0.0,0.0,0.0,0.0,0.0,,2000.0,2000.0,
"L_uu_workout[22, 44]",0.0,0.0,0.0,0.0,0.0,,2000.0,2000.0,
"L_uu_workout[22, 45]",0.0,0.0,0.0,0.0,0.0,,2000.0,2000.0,
"L_uu_workout[22, 46]",0.0,0.0,0.0,0.0,0.0,,2000.0,2000.0,
"L_uu_workout[22, 47]",0.0,0.0,0.0,0.0,0.0,,2000.0,2000.0,
"L_uu_workout[22, 48]",0.0,0.0,0.0,0.0,0.0,,2000.0,2000.0,
"L_uu_workout[22, 49]",0.0,0.0,0.0,0.0,0.0,,2000.0,2000.0,
"L_uu_workout[23, 0]",0.132,0.071,0.041,0.278,0.002,0.002,1378.455,1386.179,1.005
"L_uu_workout[23, 1]",0.045,0.031,0.003,0.1,0.002,0.001,346.388,799.467,1.011
"L_uu_workout[23, 2]",0.029,0.014,0.006,0.054,0.001,0.0,383.949,790.157,1.011
"L_uu_workout[23, 3]",0.018,0.008,0.007,0.034,0.0,0.0,466.628,850.524,1.008
"L_uu_workout[23, 4]",0.014,0.007,0.004,0.025,0.0,0.0,475.001,753.832,1.007
"L_uu_workout[23, 5]",0.011,0.008,0.003,0.024,0.0,0.0,467.22,930.418,1.007
"L_uu_workout[23, 6]",0.01,0.008,0.003,0.024,0.0,0.0,452.263,999.647,1.007
"L_uu_workout[23, 7]",0.009,0.007,0.002,0.022,0.0,0.0,438.034,1009.299,1.008
"L_uu_workout[23, 8]",0.008,0.006,0.002,0.02,0.0,0.0,428.733,983.398,1.008
"L_uu_workout[23, 9]",0.007,0.006,0.001,0.017,0.0,0.0,420.662,894.759,1.008
"L_uu_workout[23, 10]",0.006,0.005,0.001,0.015,0.0,0.0,413.236,778.942,1.008
"L_uu_workout[23, 11]",0.006,0.004,0.001,0.013,0.0,0.0,406.964,734.946,1.007
"L_uu_workout[23, 12]",0.005,0.004,0.001,0.011,0.0,0.0,399.654,783.562,1.007
"L_uu_workout[23, 13]",0.004,0.003,0.001,0.009,0.0,0.0,394.272,783.316,1.007
"L_uu_workout[23, 14]",0.004,0.003,0.001,0.008,0.0,0.0,389.895,782.967,1.008
"L_uu_workout[23, 15]",0.003,0.002,0.001,0.007,0.0,0.0,388.211,777.19,1.008
"L_uu_workout[23, 16]",0.003,0.002,0.0,0.006,0.0,0.0,387.796,817.773,1.008
"L_uu_workout[23, 17]",0.002,0.002,0.0,0.005,0.0,0.0,386.622,834.373,1.008
"L_uu_workout[23, 18]",0.002,0.001,0.0,0.004,0.0,0.0,388.335,834.373,1.008
"L_uu_workout[23, 19]",0.002,0.001,0.0,0.003,0.0,0.0,388.985,841.755,1.008
"L_uu_workout[23, 20]",0.001,0.001,0.0,0.003,0.0,0.0,390.219,841.755,1.008
"L_uu_workout[23, 21]",0.001,0.001,0.0,0.002,0.0,0.0,393.67,841.811,1.008
"L_uu_workout[23, 22]",0.001,0.0,0.0,0.002,0.0,0.0,399.293,841.811,1.009
"L_uu_workout[23, 23]",0.002,0.001,0.001,0.004,0.0,0.0,806.458,1285.771,1.008
"L_uu_workout[23, 24]",0.0,0.0,0.0,0.0,0.0,,2000.0,2000.0,
"L_uu_workout[23, 25]",0.0,0.0,0.0,0.0,0.0,,2000.0,2000.0,
"L_uu_workout[23, 26]",0.0,0.0,0.0,0.0,0.0,,2000.0,2000.0,
"L_uu_workout[23, 27]",0.0,0.0,0.0,0.0,0.0,,2000.0,2000.0,
"L_uu_workout[23, 28]",0.0,0.0,0.0,0.0,0.0,,2000.0,2000.0,
"L_uu_workout[23, 29]",0.0,0.0,0.0,0.0,0.0,,2000.0,2000.0,
"L_uu_workout[23, 30]",0.0,0.0,0.0,0.0,0.0,,2000.0,2000.0,
"L_uu_workout[23, 31]",0.0,0.0,0.0,0.0,0.0,,2000.0,2000.0,
"L_uu_workout[23, 32]",0.0,0.0,0.0,0.0,0.0,,2000.0,2000.0,
"L_uu_workout[23, 33]",0.0,0.0,0.0,0.0,0.0,,2000.0,2000.0,
"L_uu_workout[23, 34]",0.0,0.0,0.0,0.0,0.0,,2000.0,2000.0,
"L_uu_workout[23, 35]",0.0,0.0,0.0,0.0,0.0,,2000.0,2000.0,
"L_uu_workout[23, 36]",0.0,0.0,0.0,0.0,0.0,,2000.0,2000.0,
"L_uu_workout[23, 37]",0.0,0.0,0.0,0.0,0.0,,2000.0,2000.0,
"L_uu_workout[23, 38]",0.0,0.0,0.0,0.0,0.0,,2000.0,2000.0,
"L_uu_workout[23, 39]",0.0,0.0,0.0,0.0,0.0,,2000.0,2000.0,
"L_uu_workout[23, 40]",0.0,0.0,0.0,0.0,0.0,,2000.0,2000.0,
"L_uu_workout[23, 41]",0.0,0.0,0.0,0.0,0.0,,2000.0,2000.0,
"L_uu_workout[23, 42]",0.0,0.0,0.0,0.0,0.0,,2000.0,2000.0,
"L_uu_workout[23, 43]",0.0,0.0,0.0,0.0,0.0,,2000.0,2000.0,
"L_uu_workout[23, 44]",0.0,0.0,0.0,0.0,0.0,,2000.0,2000.0,
"L_uu_workout[23, 45]",0.0,0.0,0.0,0.0,0.0,,2000.0,2000.0,
"L_uu_workout[23, 46]",0.0,0.0,0.0,0.0,0.0,,2000.0,2000.0,
"L_uu_workout[23, 47]",0.0,0.0,0.0,0.0,0.0,,2000.0,2000.0,
"L_uu_workout[23, 48]",0.0,0.0,0.0,0.0,0.0,,2000.0,2000.0,
"L_uu_workout[23, 49]",0.0,0.0,0.0,0.0,0.0,,2000.0,2000.0,
"L_uu_workout[24, 0]",0.131,0.071,0.04,0.277,0.002,0.002,1380.718,1386.728,1.005
"L_uu_workout[24, 1]",0.046,0.031,0.003,0.102,0.002,0.001,345.73,799.467,1.011
"L_uu_workout[24, 2]",0.029,0.014,0.006,0.055,0.001,0.0,385.91,790.157,1.011
"L_uu_workout[24, 3]",0.019,0.008,0.006,0.035,0.0,0.0,472.269,850.524,1.008
"L_uu_workout[24, 4]",0.014,0.007,0.004,0.026,0.0,0.0,476.375,753.832,1.007
"L_uu_workout[24, 5]",0.012,0.008,0.004,0.025,0.0,0.0,465.193,930.418,1.007
"L_uu_workout[24, 6]",0.011,0.008,0.003,0.025,0.0,0.0,450.406,999.647,1.008
"L_uu_workout[24, 7]",0.01,0.008,0.002,0.024,0.0,0.0,436.221,1009.299,1.008
"L_uu_workout[24, 8]",0.009,0.007,0.002,0.021,0.0,0.0,427.067,983.398,1.008
"L_uu_workout[24, 9]",0.008,0.006,0.002,0.019,0.0,0.0,419.689,861.552,1.008
"L_uu_workout[24, 10]",0.007,0.005,0.001,0.016,0.0,0.0,411.792,778.942,1.008
"L_uu_workout[24, 11]",0.006,0.005,0.001,0.014,0.0,0.0,405.765,764.897,1.007
"L_uu_workout[24, 12]",0.005,0.004,0.001,0.012,0.0,0.0,397.103,783.562,1.007
"L_uu_workout[24, 13]",0.005,0.003,0.001,0.01,0.0,0.0,392.141,832.109,1.007
"L_uu_workout[24, 14]",0.004,0.003,0.001,0.009,0.0,0.0,387.691,776.579,1.007
"L_uu_workout[24, 15]",0.004,0.003,0.001,0.008,0.0,0.0,388.062,824.908,1.008
"L_uu_workout[24, 16]",0.003,0.002,0.001,0.007,0.0,0.0,387.31,827.121,1.008
"L_uu_workout[24, 17]",0.003,0.002,0.0,0.006,0.0,0.0,386.23,849.268,1.008
"L_uu_workout[24, 18]",0.002,0.001,0.0,0.005,0.0,0.0,386.512,819.901,1.008
"L_uu_workout[24, 19]",0.002,0.001,0.0,0.004,0.0,0.0,387.35,792.127,1.008
"L_uu_workout[24, 20]",0.002,0.001,0.0,0.003,0.0,0.0,389.709,785.269,1.008
"L_uu_workout[24, 21]",0.001,0.001,0.0,0.003,0.0,0.0,390.787,785.269,1.008
"L_uu_workout[24, 22]",0.001,0.001,0.0,0.002,0.0,0.0,393.049,834.018,1.008
"L_uu_workout[24, 23]",0.001,0.0,0.0,0.002,0.0,0.0,399.194,857.291,1.009
"L_uu_workout[24, 24]",0.002,0.001,0.001,0.004,0.0,0.0,807.15,1285.693,1.008
"L_uu_workout[24, 25]",0.0,0.0,0.0,0.0,0.0,,2000.0,2000.0,
"L_uu_workout[24, 26]",0.0,0.0,0.0,0.0,0.0,,2000.0,2000.0,
"L_uu_workout[24, 27]",0.0,0.0,0.0,0.0,0.0,,2000.0,2000.0,
"L_uu_workout[24, 28]",0.0,0.0,0.0,0.0,0.0,,2000.0,2000.0,
"L_uu_workout[24, 29]",0.0,0.0,0.0,0.0,0.0,,2000.0,2000.0,
"L_uu_workout[24, 30]",0.0,0.0,0.0,0.0,0.0,,2000.0,2000.0,
"L_uu_workout[24, 31]",0.0,0.0,0.0,0.0,0.0,,2000.0,2000.0,
"L_uu_workout[24, 32]",0.0,0.0,0.0,0.0,0.0,,2000.0,2000.0,
"L_uu_workout[24, 33]",0.0,0.0,0.0,0.0,0.0,,2000.0,2000.0,
"L_uu_workout[24, 34]",0.0,0.0,0.0,0.0,0.0,,2000.0,2000.0,
"L_uu_workout[24, 35]",0.0,0.0,0.0,0.0,0.0,,2000.0,2000.0,
"L_uu_workout[24, 36]",0.0,0.0,0.0,0.0,0.0,,2000.0,2000.0,
"L_uu_workout[24, 37]",0.0,0.0,0.0,0.0,0.0,,2000.0,2000.0,
"L_uu_workout[24, 38]",0.0,0.0,0.0,0.0,0.0,,2000.0,2000.0,
"L_uu_workout[24, 39]",0.0,0.0,0.0,0.0,0.0,,2000.0,2000.0,
"L_uu_workout[24, 40]",0.0,0.0,0.0,0.0,0.0,,2000.0,2000.0,
"L_uu_workout[24, 41]",0.0,0.0,0.0,0.0,0.0,,2000.0,2000.0,
"L_uu_workout[24, 42]",0.0,0.0,0.0,0.0,0.0,,2000.0,2000.0,
"L_uu_workout[24, 43]",0.0,0.0,0.0,0.0,0.0,,2000.0,2000.0,
"L_uu_workout[24, 44]",0.0,0.0,0.0,0.0,0.0,,2000.0,2000.0,
"L_uu_workout[24, 45]",0.0,0.0,0.0,0.0,0.0,,2000.0,2000.0,
"L_uu_workout[24, 46]",0.0,0.0,0.0,0.0,0.0,,2000.0,2000.0,
"L_uu_workout[24, 47]",0.0,0.0,0.0,0.0,0.0,,2000.0,2000.0,
"L_uu_workout[24, 48]",0.0,0.0,0.0,0.0,0.0,,2000.0,2000.0,
"L_uu_workout[24, 49]",0.0,0.0,0.0,0.0,0.0,,2000.0,2000.0,
"L_uu_workout[25, 0]",0.13,0.071,0.039,0.276,0.002,0.002,1381.8,1367.085,1.005
"L_uu_workout[25, 1]",0.047,0.032,0.003,0.104,0.002,0.001,345.093,799.467,1.011
"L_uu_workout[25, 2]",0.03,0.014,0.005,0.056,0.001,0.0,387.966,770.591,1.011
"L_uu_workout[25, 3]",0.02,0.008,0.007,0.036,0.0,0.0,476.632,746.269,1.008
"L_uu_workout[25, 4]",0.015,0.008,0.004,0.027,0.0,0.0,476.843,753.832,1.007
"L_uu_workout[25, 5]",0.012,0.008,0.004,0.027,0.0,0.0,463.477,930.418,1.007
"L_uu_workout[25, 6]",0.011,0.008,0.003,0.027,0.0,0.0,448.619,999.647,1.008
"L_uu_workout[25, 7]",0.01,0.008,0.002,0.025,0.0,0.0,434.377,1009.299,1.008
"L_uu_workout[25, 8]",0.009,0.007,0.002,0.023,0.0,0.0,425.499,931.089,1.008
"L_uu_workout[25, 9]",0.008,0.006,0.002,0.02,0.0,0.0,418.509,861.552,1.008
"L_uu_workout[25, 10]",0.008,0.006,0.001,0.018,0.0,0.0,410.443,788.669,1.008
"L_uu_workout[25, 11]",0.007,0.005,0.001,0.015,0.0,0.0,404.421,752.795,1.007
"L_uu_workout[25, 12]",0.006,0.004,0.001,0.013,0.0,0.0,395.173,783.281,1.007
"L_uu_workout[25, 13]",0.005,0.004,0.001,0.011,0.0,0.0,390.227,824.803,1.007
"L_uu_workout[25, 14]",0.005,0.003,0.001,0.01,0.0,0.0,386.506,777.19,1.007
"L_uu_workout[25, 15]",0.004,0.003,0.001,0.009,0.0,0.0,386.652,811.41,1.008
"L_uu_workout[25, 16]",0.004,0.002,0.001,0.008,0.0,0.0,386.663,834.373,1.007
"L_uu_workout[25, 17]",0.003,0.002,0.001,0.007,0.0,0.0,385.467,812.851,1.008
"L_uu_workout[25, 18]",0.003,0.002,0.0,0.006,0.0,0.0,385.936,785.269,1.008
"L_uu_workout[25, 19]",0.002,0.001,0.0,0.005,0.0,0.0,387.592,785.269,1.008
"L_uu_workout[25, 20]",0.002,0.001,0.0,0.004,0.0,0.0,388.808,765.797,1.008
"L_uu_workout[25, 21]",0.002,0.001,0.0,0.003,0.0,0.0,389.766,765.797,1.008
"L_uu_workout[25, 22]",0.001,0.001,0.0,0.003,0.0,0.0,390.704,812.078,1.008
"L_uu_workout[25, 23]",0.001,0.001,0.0,0.002,0.0,0.0,393.367,812.078,1.008
"L_uu_workout[25, 24]",0.001,0.0,0.0,0.002,0.0,0.0,398.41,865.207,1.009
"L_uu_workout[25, 25]",0.002,0.001,0.001,0.004,0.0,0.0,807.765,1358.723,1.008
"L_uu_workout[25, 26]",0.0,0.0,0.0,0.0,0.0,,2000.0,2000.0,
"L_uu_workout[25, 27]",0.0,0.0,0.0,0.0,0.0,,2000.0,2000.0,
"L_uu_workout[25, 28]",0.0,0.0,0.0,0.0,0.0,,2000.0,2000.0,
"L_uu_workout[25, 29]",0.0,0.0,0.0,0.0,0.0,,2000.0,2000.0,
"L_uu_workout[25, 30]",0.0,0.0,0.0,0.0,0.0,,2000.0,2000.0,
"L_uu_workout[25, 31]",0.0,0.0,0.0,0.0,0.0,,2000.0,2000.0,
"L_uu_workout[25, 32]",0.0,0.0,0.0,0.0,0.0,,2000.0,2000.0,
"L_uu_workout[25, 33]",0.0,0.0,0.0,0.0,0.0,,2000.0,2000.0,
"L_uu_workout[25, 34]",0.0,0.0,0.0,0.0,0.0,,2000.0,2000.0,
"L_uu_workout[25, 35]",0.0,0.0,0.0,0.0,0.0,,2000.0,2000.0,
"L_uu_workout[25, 36]",0.0,0.0,0.0,0.0,0.0,,2000.0,2000.0,
"L_uu_workout[25, 37]",0.0,0.0,0.0,0.0,0.0,,2000.0,2000.0,
"L_uu_workout[25, 38]",0.0,0.0,0.0,0.0,0.0,,2000.0,2000.0,
"L_uu_workout[25, 39]",0.0,0.0,0.0,0.0,0.0,,2000.0,2000.0,
"L_uu_workout[25, 40]",0.0,0.0,0.0,0.0,0.0,,2000.0,2000.0,
"L_uu_workout[25, 41]",0.0,0.0,0.0,0.0,0.0,,2000.0,2000.0,
"L_uu_workout[25, 42]",0.0,0.0,0.0,0.0,0.0,,2000.0,2000.0,
"L_uu_workout[25, 43]",0.0,0.0,0.0,0.0,0.0,,2000.0,2000.0,
"L_uu_workout[25, 44]",0.0,0.0,0.0,0.0,0.0,,2000.0,2000.0,
"L_uu_workout[25, 45]",0.0,0.0,0.0,0.0,0.0,,2000.0,2000.0,
"L_uu_workout[25, 46]",0.0,0.0,0.0,0.0,0.0,,2000.0,2000.0,
"L_uu_workout[25, 47]",0.0,0.0,0.0,0.0,0.0,,2000.0,2000.0,
"L_uu_workout[25, 48]",0.0,0.0,0.0,0.0,0.0,,2000.0,2000.0,
"L_uu_workout[25, 49]",0.0,0.0,0.0,0.0,0.0,,2000.0,2000.0,
"L_uu_workout[26, 0]",0.128,0.07,0.035,0.272,0.002,0.002,1383.818,1387.077,1.005
"L_uu_workout[26, 1]",0.048,0.032,0.003,0.105,0.002,0.001,344.004,799.467,1.011
"L_uu_workout[26, 2]",0.031,0.015,0.005,0.057,0.001,0.0,390.309,771.117,1.011
"L_uu_workout[26, 3]",0.02,0.009,0.005,0.035,0.0,0.0,482.65,700.746,1.008
"L_uu_workout[26, 4]",0.015,0.008,0.005,0.028,0.0,0.0,477.783,784.215,1.007
"L_uu_workout[26, 5]",0.013,0.008,0.004,0.028,0.0,0.0,461.213,930.418,1.007
"L_uu_workout[26, 6]",0.012,0.009,0.003,0.028,0.0,0.0,446.795,999.647,1.008
"L_uu_workout[26, 7]",0.011,0.008,0.003,0.027,0.0,0.0,432.958,1026.975,1.008
"L_uu_workout[26, 8]",0.01,0.008,0.002,0.024,0.0,0.0,423.856,931.089,1.008
"L_uu_workout[26, 9]",0.009,0.007,0.002,0.022,0.0,0.0,417.288,861.552,1.008
"L_uu_workout[26, 10]",0.008,0.006,0.001,0.019,0.0,0.0,409.487,734.946,1.008
"L_uu_workout[26, 11]",0.007,0.005,0.001,0.016,0.0,0.0,403.146,761.208,1.007
"L_uu_workout[26, 12]",0.006,0.005,0.001,0.014,0.0,0.0,393.254,831.765,1.007
"L_uu_workout[26, 13]",0.006,0.004,0.001,0.013,0.0,0.0,388.374,824.803,1.007
"L_uu_workout[26, 14]",0.005,0.004,0.001,0.011,0.0,0.0,386.397,824.908,1.007
"L_uu_workout[26, 15]",0.004,0.003,0.001,0.01,0.0,0.0,385.491,827.121,1.007
"L_uu_workout[26, 16]",0.004,0.003,0.001,0.009,0.0,0.0,385.993,849.268,1.007
"L_uu_workout[26, 17]",0.003,0.002,0.001,0.008,0.0,0.0,385.05,812.851,1.008
"L_uu_workout[26, 18]",0.003,0.002,0.0,0.007,0.0,0.0,385.695,778.843,1.008
"L_uu_workout[26, 19]",0.003,0.002,0.0,0.006,0.0,0.0,386.615,760.18,1.008
"L_uu_workout[26, 20]",0.002,0.001,0.0,0.005,0.0,0.0,387.956,765.797,1.008
"L_uu_workout[26, 21]",0.002,0.001,0.0,0.004,0.0,0.0,389.043,765.797,1.008
"L_uu_workout[26, 22]",0.002,0.001,0.0,0.003,0.0,0.0,391.377,765.797,1.008
"L_uu_workout[26, 23]",0.001,0.001,0.0,0.003,0.0,0.0,393.599,812.078,1.008
"L_uu_workout[26, 24]",0.001,0.001,0.0,0.002,0.0,0.0,394.051,805.207,1.008
"L_uu_workout[26, 25]",0.001,0.0,0.0,0.002,0.0,0.0,397.917,819.841,1.009
"L_uu_workout[26, 26]",0.002,0.001,0.001,0.004,0.0,0.0,807.05,1339.047,1.008
"L_uu_workout[26, 27]",0.0,0.0,0.0,0.0,0.0,,2000.0,2000.0,
"L_uu_workout[26, 28]",0.0,0.0,0.0,0.0,0.0,,2000.0,2000.0,
"L_uu_workout[26, 29]",0.0,0.0,0.0,0.0,0.0,,2000.0,2000.0,
"L_uu_workout[26, 30]",0.0,0.0,0.0,0.0,0.0,,2000.0,2000.0,
"L_uu_workout[26, 31]",0.0,0.0,0.0,0.0,0.0,,2000.0,2000.0,
"L_uu_workout[26, 32]",0.0,0.0,0.0,0.0,0.0,,2000.0,2000.0,
"L_uu_workout[26, 33]",0.0,0.0,0.0,0.0,0.0,,2000.0,2000.0,
"L_uu_workout[26, 34]",0.0,0.0,0.0,0.0,0.0,,2000.0,2000.0,
"L_uu_workout[26, 35]",0.0,0.0,0.0,0.0,0.0,,2000.0,2000.0,
"L_uu_workout[26, 36]",0.0,0.0,0.0,0.0,0.0,,2000.0,2000.0,
"L_uu_workout[26, 37]",0.0,0.0,0.0,0.0,0.0,,2000.0,2000.0,
"L_uu_workout[26, 38]",0.0,0.0,0.0,0.0,0.0,,2000.0,2000.0,
"L_uu_workout[26, 39]",0.0,0.0,0.0,0.0,0.0,,2000.0,2000.0,
"L_uu_workout[26, 40]",0.0,0.0,0.0,0.0,0.0,,2000.0,2000.0,
"L_uu_workout[26, 41]",0.0,0.0,0.0,0.0,0.0,,2000.0,2000.0,
"L_uu_workout[26, 42]",0.0,0.0,0.0,0.0,0.0,,2000.0,2000.0,
"L_uu_workout[26, 43]",0.0,0.0,0.0,0.0,0.0,,2000.0,2000.0,
"L_uu_workout[26, 44]",0.0,0.0,0.0,0.0,0.0,,2000.0,2000.0,
"L_uu_workout[26, 45]",0.0,0.0,0.0,0.0,0.0,,2000.0,2000.0,
"L_uu_workout[26, 46]",0.0,0.0,0.0,0.0,0.0,,2000.0,2000.0,
"L_uu_workout[26, 47]",0.0,0.0,0.0,0.0,0.0,,2000.0,2000.0,
"L_uu_workout[26, 48]",0.0,0.0,0.0,0.0,0.0,,2000.0,2000.0,
"L_uu_workout[26, 49]",0.0,0.0,0.0,0.0,0.0,,2000.0,2000.0,
"L_uu_workout[27, 0]",0.127,0.07,0.032,0.27,0.002,0.002,1381.543,1450.618,1.005
"L_uu_workout[27, 1]",0.049,0.032,0.003,0.106,0.002,0.001,344.343,799.467,1.011
"L_uu_workout[27, 2]",0.032,0.015,0.005,0.058,0.001,0.0,393.483,771.117,1.011
"L_uu_workout[27, 3]",0.021,0.009,0.005,0.036,0.0,0.0,490.38,700.746,1.008
"L_uu_workout[27, 4]",0.016,0.008,0.005,0.03,0.0,0.0,479.139,784.215,1.007
"L_uu_workout[27, 5]",0.013,0.009,0.004,0.029,0.0,0.0,460.211,930.418,1.008
"L_uu_workout[27, 6]",0.012,0.009,0.003,0.029,0.0,0.0,445.221,999.647,1.008
"L_uu_workout[27, 7]",0.011,0.009,0.003,0.028,0.0,0.0,431.395,1026.975,1.008
"L_uu_workout[27, 8]",0.01,0.008,0.002,0.026,0.0,0.0,422.691,895.175,1.008
"L_uu_workout[27, 9]",0.009,0.007,0.002,0.023,0.0,0.0,415.961,862.156,1.008
"L_uu_workout[27, 10]",0.009,0.006,0.001,0.02,0.0,0.0,408.431,734.946,1.008
"L_uu_workout[27, 11]",0.008,0.006,0.001,0.018,0.0,0.0,401.498,783.562,1.007
"L_uu_workout[27, 12]",0.007,0.005,0.001,0.015,0.0,0.0,391.63,783.316,1.007
"L_uu_workout[27, 13]",0.006,0.005,0.001,0.014,0.0,0.0,386.846,770.294,1.007
"L_uu_workout[27, 14]",0.006,0.004,0.001,0.012,0.0,0.0,385.438,824.908,1.007
"L_uu_workout[27, 15]",0.005,0.004,0.001,0.011,0.0,0.0,384.356,834.373,1.007
"L_uu_workout[27, 16]",0.004,0.003,0.001,0.01,0.0,0.0,384.339,812.851,1.007
"L_uu_workout[27, 17]",0.004,0.003,0.001,0.009,0.0,0.0,384.025,778.843,1.007
"L_uu_workout[27, 18]",0.003,0.002,0.001,0.007,0.0,0.0,384.504,760.18,1.008
"L_uu_workout[27, 19]",0.003,0.002,0.0,0.006,0.0,0.0,385.589,760.18,1.008
"L_uu_workout[27, 20]",0.002,0.002,0.0,0.005,0.0,0.0,387.137,760.18,1.008
"L_uu_workout[27, 21]",0.002,0.001,0.0,0.005,0.0,0.0,388.752,765.797,1.008
"L_uu_workout[27, 22]",0.002,0.001,0.0,0.004,0.0,0.0,390.33,765.797,1.008
"L_uu_workout[27, 23]",0.002,0.001,0.0,0.003,0.0,0.0,391.85,812.078,1.008
"L_uu_workout[27, 24]",0.001,0.001,0.0,0.003,0.0,0.0,394.13,812.078,1.008
"L_uu_workout[27, 25]",0.001,0.001,0.0,0.002,0.0,0.0,395.903,812.22,1.008
"L_uu_workout[27, 26]",0.001,0.0,0.0,0.002,0.0,0.0,398.057,819.841,1.009
"L_uu_workout[27, 27]",0.002,0.001,0.001,0.004,0.0,0.0,807.023,1339.047,1.008
"L_uu_workout[27, 28]",0.0,0.0,0.0,0.0,0.0,,2000.0,2000.0,
"L_uu_workout[27, 29]",0.0,0.0,0.0,0.0,0.0,,2000.0,2000.0,
"L_uu_workout[27, 30]",0.0,0.0,0.0,0.0,0.0,,2000.0,2000.0,
"L_uu_workout[27, 31]",0.0,0.0,0.0,0.0,0.0,,2000.0,2000.0,
"L_uu_workout[27, 32]",0.0,0.0,0.0,0.0,0.0,,2000.0,2000.0,
"L_uu_workout[27, 33]",0.0,0.0,0.0,0.0,0.0,,2000.0,2000.0,
"L_uu_workout[27, 34]",0.0,0.0,0.0,0.0,0.0,,2000.0,2000.0,
"L_uu_workout[27, 35]",0.0,0.0,0.0,0.0,0.0,,2000.0,2000.0,
"L_uu_workout[27, 36]",0.0,0.0,0.0,0.0,0.0,,2000.0,2000.0,
"L_uu_workout[27, 37]",0.0,0.0,0.0,0.0,0.0,,2000.0,2000.0,
"L_uu_workout[27, 38]",0.0,0.0,0.0,0.0,0.0,,2000.0,2000.0,
"L_uu_workout[27, 39]",0.0,0.0,0.0,0.0,0.0,,2000.0,2000.0,
"L_uu_workout[27, 40]",0.0,0.0,0.0,0.0,0.0,,2000.0,2000.0,
"L_uu_workout[27, 41]",0.0,0.0,0.0,0.0,0.0,,2000.0,2000.0,
"L_uu_workout[27, 42]",0.0,0.0,0.0,0.0,0.0,,2000.0,2000.0,
"L_uu_workout[27, 43]",0.0,0.0,0.0,0.0,0.0,,2000.0,2000.0,
"L_uu_workout[27, 44]",0.0,0.0,0.0,0.0,0.0,,2000.0,2000.0,
"L_uu_workout[27, 45]",0.0,0.0,0.0,0.0,0.0,,2000.0,2000.0,
"L_uu_workout[27, 46]",0.0,0.0,0.0,0.0,0.0,,2000.0,2000.0,
"L_uu_workout[27, 47]",0.0,0.0,0.0,0.0,0.0,,2000.0,2000.0,
"L_uu_workout[27, 48]",0.0,0.0,0.0,0.0,0.0,,2000.0,2000.0,
"L_uu_workout[27, 49]",0.0,0.0,0.0,0.0,0.0,,2000.0,2000.0,
"L_uu_workout[28, 0]",0.125,0.07,0.026,0.264,0.002,0.002,1378.485,1407.551,1.004
"L_uu_workout[28, 1]",0.05,0.033,0.004,0.109,0.002,0.001,344.574,799.467,1.012
"L_uu_workout[28, 2]",0.033,0.016,0.006,0.061,0.001,0.0,398.216,771.117,1.011
"L_uu_workout[28, 3]",0.021,0.009,0.006,0.037,0.0,0.0,497.639,700.746,1.008
"L_uu_workout[28, 4]",0.016,0.008,0.005,0.03,0.0,0.0,481.282,790.853,1.008
"L_uu_workout[28, 5]",0.014,0.009,0.004,0.03,0.0,0.0,458.344,930.418,1.008
"L_uu_workout[28, 6]",0.013,0.009,0.003,0.03,0.0,0.0,443.816,999.647,1.008
"L_uu_workout[28, 7]",0.012,0.009,0.003,0.029,0.0,0.0,430.066,1026.975,1.008
"L_uu_workout[28, 8]",0.011,0.008,0.002,0.027,0.0,0.0,421.109,878.434,1.008
"L_uu_workout[28, 9]",0.01,0.008,0.002,0.024,0.0,0.0,414.143,824.538,1.008
"L_uu_workout[28, 10]",0.009,0.007,0.002,0.022,0.0,0.0,407.368,734.946,1.008
"L_uu_workout[28, 11]",0.008,0.006,0.001,0.019,0.0,0.0,398.67,783.562,1.008
"L_uu_workout[28, 12]",0.007,0.006,0.001,0.017,0.0,0.0,390.564,783.631,1.007
"L_uu_workout[28, 13]",0.007,0.005,0.001,0.015,0.0,0.0,385.499,777.19,1.007
"L_uu_workout[28, 14]",0.006,0.004,0.001,0.013,0.0,0.0,383.846,811.41,1.007
"L_uu_workout[28, 15]",0.005,0.004,0.001,0.012,0.0,0.0,383.776,849.268,1.007
"L_uu_workout[28, 16]",0.005,0.004,0.001,0.011,0.0,0.0,383.812,812.851,1.007
"L_uu_workout[28, 17]",0.004,0.003,0.001,0.01,0.0,0.0,383.367,760.18,1.007
"L_uu_workout[28, 18]",0.004,0.003,0.0,0.008,0.0,0.0,384.018,760.18,1.008
"L_uu_workout[28, 19]",0.003,0.002,0.0,0.007,0.0,0.0,384.697,760.18,1.008
"L_uu_workout[28, 20]",0.003,0.002,0.0,0.006,0.0,0.0,387.733,760.18,1.008
"L_uu_workout[28, 21]",0.002,0.002,0.0,0.005,0.0,0.0,389.37,760.18,1.008
"L_uu_workout[28, 22]",0.002,0.001,0.0,0.004,0.0,0.0,390.84,765.797,1.008
"L_uu_workout[28, 23]",0.002,0.001,0.0,0.004,0.0,0.0,391.972,765.797,1.008
"L_uu_workout[28, 24]",0.002,0.001,0.0,0.003,0.0,0.0,393.369,812.078,1.008
"L_uu_workout[28, 25]",0.001,0.001,0.0,0.003,0.0,0.0,395.38,805.207,1.008
"L_uu_workout[28, 26]",0.001,0.001,0.0,0.002,0.0,0.0,396.312,812.22,1.008
"L_uu_workout[28, 27]",0.001,0.0,0.0,0.002,0.0,0.0,398.211,834.529,1.009
"L_uu_workout[28, 28]",0.002,0.001,0.001,0.004,0.0,0.0,807.481,1339.047,1.008
"L_uu_workout[28, 29]",0.0,0.0,0.0,0.0,0.0,,2000.0,2000.0,
"L_uu_workout[28, 30]",0.0,0.0,0.0,0.0,0.0,,2000.0,2000.0,
"L_uu_workout[28, 31]",0.0,0.0,0.0,0.0,0.0,,2000.0,2000.0,
"L_uu_workout[28, 32]",0.0,0.0,0.0,0.0,0.0,,2000.0,2000.0,
"L_uu_workout[28, 33]",0.0,0.0,0.0,0.0,0.0,,2000.0,2000.0,
"L_uu_workout[28, 34]",0.0,0.0,0.0,0.0,0.0,,2000.0,2000.0,
"L_uu_workout[28, 35]",0.0,0.0,0.0,0.0,0.0,,2000.0,2000.0,
"L_uu_workout[28, 36]",0.0,0.0,0.0,0.0,0.0,,2000.0,2000.0,
"L_uu_workout[28, 37]",0.0,0.0,0.0,0.0,0.0,,2000.0,2000.0,
"L_uu_workout[28, 38]",0.0,0.0,0.0,0.0,0.0,,2000.0,2000.0,
"L_uu_workout[28, 39]",0.0,0.0,0.0,0.0,0.0,,2000.0,2000.0,
"L_uu_workout[28, 40]",0.0,0.0,0.0,0.0,0.0,,2000.0,2000.0,
"L_uu_workout[28, 41]",0.0,0.0,0.0,0.0,0.0,,2000.0,2000.0,
"L_uu_workout[28, 42]",0.0,0.0,0.0,0.0,0.0,,2000.0,2000.0,
"L_uu_workout[28, 43]",0.0,0.0,0.0,0.0,0.0,,2000.0,2000.0,
"L_uu_workout[28, 44]",0.0,0.0,0.0,0.0,0.0,,2000.0,2000.0,
"L_uu_workout[28, 45]",0.0,0.0,0.0,0.0,0.0,,2000.0,2000.0,
"L_uu_workout[28, 46]",0.0,0.0,0.0,0.0,0.0,,2000.0,2000.0,
"L_uu_workout[28, 47]",0.0,0.0,0.0,0.0,0.0,,2000.0,2000.0,
"L_uu_workout[28, 48]",0.0,0.0,0.0,0.0,0.0,,2000.0,2000.0,
"L_uu_workout[28, 49]",0.0,0.0,0.0,0.0,0.0,,2000.0,2000.0,
"L_uu_workout[29, 0]",0.124,0.07,0.024,0.262,0.002,0.002,1374.101,1406.918,1.004
"L_uu_workout[29, 1]",0.051,0.033,0.004,0.11,0.002,0.001,345.3,799.467,1.012
"L_uu_workout[29, 2]",0.033,0.016,0.006,0.062,0.001,0.0,404.105,802.765,1.011
"L_uu_workout[29, 3]",0.022,0.009,0.007,0.039,0.0,0.0,505.807,700.746,1.008
"L_uu_workout[29, 4]",0.017,0.008,0.006,0.031,0.0,0.0,484.213,790.853,1.008
"L_uu_workout[29, 5]",0.014,0.009,0.004,0.031,0.0,0.0,456.842,930.418,1.008
"L_uu_workout[29, 6]",0.013,0.01,0.003,0.031,0.0,0.0,442.412,999.647,1.008
"L_uu_workout[29, 7]",0.012,0.009,0.003,0.03,0.0,0.0,428.701,1026.975,1.008
"L_uu_workout[29, 8]",0.011,0.009,0.002,0.028,0.0,0.0,419.404,878.434,1.008
"L_uu_workout[29, 9]",0.011,0.008,0.002,0.026,0.0,0.0,412.621,824.538,1.008
"L_uu_workout[29, 10]",0.01,0.007,0.002,0.023,0.0,0.0,406.141,734.946,1.008
"L_uu_workout[29, 11]",0.009,0.007,0.001,0.02,0.0,0.0,396.806,783.562,1.008
"L_uu_workout[29, 12]",0.008,0.006,0.001,0.018,0.0,0.0,389.211,832.109,1.008
"L_uu_workout[29, 13]",0.007,0.005,0.001,0.016,0.0,0.0,384.254,777.19,1.008
"L_uu_workout[29, 14]",0.006,0.005,0.001,0.014,0.0,0.0,382.589,811.41,1.008
"L_uu_workout[29, 15]",0.006,0.004,0.001,0.013,0.0,0.0,382.613,849.268,1.007
"L_uu_workout[29, 16]",0.005,0.004,0.001,0.012,0.0,0.0,381.983,779.283,1.007
"L_uu_workout[29, 17]",0.005,0.003,0.001,0.011,0.0,0.0,382.606,760.18,1.007
"L_uu_workout[29, 18]",0.004,0.003,0.001,0.009,0.0,0.0,382.944,760.18,1.008
"L_uu_workout[29, 19]",0.004,0.003,0.0,0.008,0.0,0.0,384.907,730.616,1.008
"L_uu_workout[29, 20]",0.003,0.002,0.0,0.007,0.0,0.0,386.708,730.616,1.008
"L_uu_workout[29, 21]",0.003,0.002,0.0,0.006,0.0,0.0,389.393,730.616,1.008
"L_uu_workout[29, 22]",0.002,0.002,0.0,0.005,0.0,0.0,390.636,766.775,1.008
"L_uu_workout[29, 23]",0.002,0.001,0.0,0.004,0.0,0.0,392.912,805.207,1.008
"L_uu_workout[29, 24]",0.002,0.001,0.0,0.004,0.0,0.0,394.678,812.078,1.008
"L_uu_workout[29, 25]",0.002,0.001,0.0,0.003,0.0,0.0,394.689,812.078,1.008
"L_uu_workout[29, 26]",0.001,0.001,0.0,0.003,0.0,0.0,397.326,812.22,1.008
"L_uu_workout[29, 27]",0.001,0.001,0.0,0.002,0.0,0.0,397.371,812.896,1.008
"L_uu_workout[29, 28]",0.001,0.0,0.0,0.002,0.0,0.0,398.842,803.502,1.009
"L_uu_workout[29, 29]",0.002,0.001,0.001,0.004,0.0,0.0,806.617,1339.047,1.008
"L_uu_workout[29, 30]",0.0,0.0,0.0,0.0,0.0,,2000.0,2000.0,
"L_uu_workout[29, 31]",0.0,0.0,0.0,0.0,0.0,,2000.0,2000.0,
"L_uu_workout[29, 32]",0.0,0.0,0.0,0.0,0.0,,2000.0,2000.0,
"L_uu_workout[29, 33]",0.0,0.0,0.0,0.0,0.0,,2000.0,2000.0,
"L_uu_workout[29, 34]",0.0,0.0,0.0,0.0,0.0,,2000.0,2000.0,
"L_uu_workout[29, 35]",0.0,0.0,0.0,0.0,0.0,,2000.0,2000.0,
"L_uu_workout[29, 36]",0.0,0.0,0.0,0.0,0.0,,2000.0,2000.0,
"L_uu_workout[29, 37]",0.0,0.0,0.0,0.0,0.0,,2000.0,2000.0,
"L_uu_workout[29, 38]",0.0,0.0,0.0,0.0,0.0,,2000.0,2000.0,
"L_uu_workout[29, 39]",0.0,0.0,0.0,0.0,0.0,,2000.0,2000.0,
"L_uu_workout[29, 40]",0.0,0.0,0.0,0.0,0.0,,2000.0,2000.0,
"L_uu_workout[29, 41]",0.0,0.0,0.0,0.0,0.0,,2000.0,2000.0,
"L_uu_workout[29, 42]",0.0,0.0,0.0,0.0,0.0,,2000.0,2000.0,
"L_uu_workout[29, 43]",0.0,0.0,0.0,0.0,0.0,,2000.0,2000.0,
"L_uu_workout[29, 44]",0.0,0.0,0.0,0.0,0.0,,2000.0,2000.0,
"L_uu_workout[29, 45]",0.0,0.0,0.0,0.0,0.0,,2000.0,2000.0,
"L_uu_workout[29, 46]",0.0,0.0,0.0,0.0,0.0,,2000.0,2000.0,
"L_uu_workout[29, 47]",0.0,0.0,0.0,0.0,0.0,,2000.0,2000.0,
"L_uu_workout[29, 48]",0.0,0.0,0.0,0.0,0.0,,2000.0,2000.0,
"L_uu_workout[29, 49]",0.0,0.0,0.0,0.0,0.0,,2000.0,2000.0,
"L_uu_workout[30, 0]",0.122,0.07,0.022,0.259,0.002,0.002,1367.007,1406.642,1.004
"L_uu_workout[30, 1]",0.051,0.033,0.004,0.111,0.002,0.001,346.565,799.467,1.012
"L_uu_workout[30, 2]",0.034,0.016,0.006,0.063,0.001,0.0,412.563,802.765,1.011
"L_uu_workout[30, 3]",0.022,0.009,0.007,0.04,0.0,0.0,513.704,706.49,1.008
"L_uu_workout[30, 4]",0.017,0.008,0.005,0.032,0.0,0.0,486.207,757.975,1.008
"L_uu_workout[30, 5]",0.015,0.009,0.005,0.031,0.0,0.0,455.071,921.699,1.008
"L_uu_workout[30, 6]",0.013,0.01,0.004,0.032,0.0,0.0,441.443,999.647,1.008
"L_uu_workout[30, 7]",0.013,0.01,0.003,0.031,0.0,0.0,427.232,1026.975,1.008
"L_uu_workout[30, 8]",0.012,0.009,0.002,0.029,0.0,0.0,418.121,878.434,1.008
"L_uu_workout[30, 9]",0.011,0.008,0.002,0.027,0.0,0.0,411.024,795.992,1.008
"L_uu_workout[30, 10]",0.01,0.008,0.002,0.024,0.0,0.0,404.996,734.946,1.008
"L_uu_workout[30, 11]",0.009,0.007,0.001,0.021,0.0,0.0,395.131,783.562,1.008
"L_uu_workout[30, 12]",0.009,0.006,0.001,0.019,0.0,0.0,388.234,824.803,1.008
"L_uu_workout[30, 13]",0.008,0.006,0.001,0.017,0.0,0.0,383.623,777.19,1.008
"L_uu_workout[30, 14]",0.007,0.005,0.001,0.015,0.0,0.0,381.378,827.121,1.008
"L_uu_workout[30, 15]",0.006,0.005,0.001,0.014,0.0,0.0,380.662,812.851,1.007
"L_uu_workout[30, 16]",0.006,0.004,0.001,0.013,0.0,0.0,380.886,779.283,1.007
"L_uu_workout[30, 17]",0.005,0.004,0.001,0.012,0.0,0.0,382.453,760.18,1.007
"L_uu_workout[30, 18]",0.004,0.003,0.001,0.01,0.0,0.0,381.799,730.616,1.008
"L_uu_workout[30, 19]",0.004,0.003,0.001,0.009,0.0,0.0,383.768,730.616,1.008
"L_uu_workout[30, 20]",0.004,0.003,0.0,0.008,0.0,0.0,386.844,723.096,1.008
"L_uu_workout[30, 21]",0.003,0.002,0.0,0.007,0.0,0.0,389.209,806.116,1.008
"L_uu_workout[30, 22]",0.003,0.002,0.0,0.006,0.0,0.0,390.75,812.91,1.008
"L_uu_workout[30, 23]",0.002,0.002,0.0,0.005,0.0,0.0,392.749,805.769,1.008
"L_uu_workout[30, 24]",0.002,0.001,0.0,0.004,0.0,0.0,394.402,805.207,1.008
"L_uu_workout[30, 25]",0.002,0.001,0.0,0.004,0.0,0.0,395.046,805.207,1.008
"L_uu_workout[30, 26]",0.001,0.001,0.0,0.003,0.0,0.0,396.149,812.22,1.008
"L_uu_workout[30, 27]",0.001,0.001,0.0,0.003,0.0,0.0,397.423,812.22,1.008
"L_uu_workout[30, 28]",0.001,0.001,0.0,0.002,0.0,0.0,398.489,798.902,1.008
"L_uu_workout[30, 29]",0.001,0.0,0.0,0.002,0.0,0.0,399.362,824.992,1.009
"L_uu_workout[30, 30]",0.002,0.001,0.001,0.004,0.0,0.0,807.007,1320.458,1.008
"L_uu_workout[30, 31]",0.0,0.0,0.0,0.0,0.0,,2000.0,2000.0,
"L_uu_workout[30, 32]",0.0,0.0,0.0,0.0,0.0,,2000.0,2000.0,
"L_uu_workout[30, 33]",0.0,0.0,0.0,0.0,0.0,,2000.0,2000.0,
"L_uu_workout[30, 34]",0.0,0.0,0.0,0.0,0.0,,2000.0,2000.0,
"L_uu_workout[30, 35]",0.0,0.0,0.0,0.0,0.0,,2000.0,2000.0,
"L_uu_workout[30, 36]",0.0,0.0,0.0,0.0,0.0,,2000.0,2000.0,
"L_uu_workout[30, 37]",0.0,0.0,0.0,0.0,0.0,,2000.0,2000.0,
"L_uu_workout[30, 38]",0.0,0.0,0.0,0.0,0.0,,2000.0,2000.0,
"L_uu_workout[30, 39]",0.0,0.0,0.0,0.0,0.0,,2000.0,2000.0,
"L_uu_workout[30, 40]",0.0,0.0,0.0,0.0,0.0,,2000.0,2000.0,
"L_uu_workout[30, 41]",0.0,0.0,0.0,0.0,0.0,,2000.0,2000.0,
"L_uu_workout[30, 42]",0.0,0.0,0.0,0.0,0.0,,2000.0,2000.0,
"L_uu_workout[30, 43]",0.0,0.0,0.0,0.0,0.0,,2000.0,2000.0,
"L_uu_workout[30, 44]",0.0,0.0,0.0,0.0,0.0,,2000.0,2000.0,
"L_uu_workout[30, 45]",0.0,0.0,0.0,0.0,0.0,,2000.0,2000.0,
"L_uu_workout[30, 46]",0.0,0.0,0.0,0.0,0.0,,2000.0,2000.0,
"L_uu_workout[30, 47]",0.0,0.0,0.0,0.0,0.0,,2000.0,2000.0,
"L_uu_workout[30, 48]",0.0,0.0,0.0,0.0,0.0,,2000.0,2000.0,
"L_uu_workout[30, 49]",0.0,0.0,0.0,0.0,0.0,,2000.0,2000.0,
"L_uu_workout[31, 0]",0.121,0.07,0.021,0.257,0.002,0.002,1361.101,1427.485,1.004
"L_uu_workout[31, 1]",0.052,0.033,0.004,0.112,0.002,0.001,347.374,806.241,1.012
"L_uu_workout[31, 2]",0.034,0.017,0.006,0.064,0.001,0.0,422.814,802.765,1.01
"L_uu_workout[31, 3]",0.023,0.01,0.008,0.041,0.0,0.0,525.227,700.307,1.008
"L_uu_workout[31, 4]",0.017,0.008,0.005,0.032,0.0,0.0,491.143,734.678,1.008
"L_uu_workout[31, 5]",0.015,0.009,0.004,0.032,0.0,0.0,453.497,948.067,1.008
"L_uu_workout[31, 6]",0.014,0.01,0.004,0.033,0.0,0.0,440.267,999.647,1.008
"L_uu_workout[31, 7]",0.013,0.01,0.003,0.032,0.0,0.0,425.788,1026.975,1.008
"L_uu_workout[31, 8]",0.012,0.01,0.002,0.031,0.0,0.0,416.492,878.434,1.008
"L_uu_workout[31, 9]",0.012,0.009,0.002,0.028,0.0,0.0,409.016,795.992,1.008
"L_uu_workout[31, 10]",0.011,0.008,0.002,0.025,0.0,0.0,402.27,741.212,1.008
"L_uu_workout[31, 11]",0.01,0.007,0.001,0.022,0.0,0.0,392.5,783.281,1.008
"L_uu_workout[31, 12]",0.009,0.007,0.001,0.02,0.0,0.0,386.181,824.803,1.008
"L_uu_workout[31, 13]",0.008,0.006,0.001,0.018,0.0,0.0,382.455,824.908,1.008
"L_uu_workout[31, 14]",0.007,0.006,0.001,0.017,0.0,0.0,380.286,834.373,1.008
"L_uu_workout[31, 15]",0.007,0.005,0.001,0.015,0.0,0.0,379.37,812.851,1.007
"L_uu_workout[31, 16]",0.006,0.005,0.001,0.014,0.0,0.0,379.698,760.18,1.007
"L_uu_workout[31, 17]",0.005,0.004,0.001,0.013,0.0,0.0,380.892,730.616,1.008
"L_uu_workout[31, 18]",0.005,0.004,0.001,0.011,0.0,0.0,381.273,730.616,1.008
"L_uu_workout[31, 19]",0.004,0.003,0.001,0.01,0.0,0.0,383.085,723.096,1.008
"L_uu_workout[31, 20]",0.004,0.003,0.0,0.009,0.0,0.0,385.594,769.763,1.008
"L_uu_workout[31, 21]",0.003,0.003,0.0,0.008,0.0,0.0,388.288,769.763,1.008
"L_uu_workout[31, 22]",0.003,0.002,0.0,0.007,0.0,0.0,390.44,806.116,1.008
"L_uu_workout[31, 23]",0.003,0.002,0.0,0.006,0.0,0.0,392.517,812.91,1.008
"L_uu_workout[31, 24]",0.002,0.002,0.0,0.005,0.0,0.0,393.521,819.664,1.008
"L_uu_workout[31, 25]",0.002,0.001,0.0,0.004,0.0,0.0,395.751,805.207,1.008
"L_uu_workout[31, 26]",0.002,0.001,0.0,0.004,0.0,0.0,395.249,805.207,1.008
"L_uu_workout[31, 27]",0.001,0.001,0.0,0.003,0.0,0.0,396.9,812.22,1.008
"L_uu_workout[31, 28]",0.001,0.001,0.0,0.003,0.0,0.0,398.126,812.896,1.008
"L_uu_workout[31, 29]",0.001,0.001,0.0,0.002,0.0,0.0,398.779,798.902,1.008
"L_uu_workout[31, 30]",0.001,0.0,0.0,0.002,0.0,0.0,400.537,818.026,1.009
"L_uu_workout[31, 31]",0.002,0.001,0.001,0.004,0.0,0.0,807.394,1364.313,1.008
"L_uu_workout[31, 32]",0.0,0.0,0.0,0.0,0.0,,2000.0,2000.0,
"L_uu_workout[31, 33]",0.0,0.0,0.0,0.0,0.0,,2000.0,2000.0,
"L_uu_workout[31, 34]",0.0,0.0,0.0,0.0,0.0,,2000.0,2000.0,
"L_uu_workout[31, 35]",0.0,0.0,0.0,0.0,0.0,,2000.0,2000.0,
"L_uu_workout[31, 36]",0.0,0.0,0.0,0.0,0.0,,2000.0,2000.0,
"L_uu_workout[31, 37]",0.0,0.0,0.0,0.0,0.0,,2000.0,2000.0,
"L_uu_workout[31, 38]",0.0,0.0,0.0,0.0,0.0,,2000.0,2000.0,
"L_uu_workout[31, 39]",0.0,0.0,0.0,0.0,0.0,,2000.0,2000.0,
"L_uu_workout[31, 40]",0.0,0.0,0.0,0.0,0.0,,2000.0,2000.0,
"L_uu_workout[31, 41]",0.0,0.0,0.0,0.0,0.0,,2000.0,2000.0,
"L_uu_workout[31, 42]",0.0,0.0,0.0,0.0,0.0,,2000.0,2000.0,
"L_uu_workout[31, 43]",0.0,0.0,0.0,0.0,0.0,,2000.0,2000.0,
"L_uu_workout[31, 44]",0.0,0.0,0.0,0.0,0.0,,2000.0,2000.0,
"L_uu_workout[31, 45]",0.0,0.0,0.0,0.0,0.0,,2000.0,2000.0,
"L_uu_workout[31, 46]",0.0,0.0,0.0,0.0,0.0,,2000.0,2000.0,
"L_uu_workout[31, 47]",0.0,0.0,0.0,0.0,0.0,,2000.0,2000.0,
"L_uu_workout[31, 48]",0.0,0.0,0.0,0.0,0.0,,2000.0,2000.0,
"L_uu_workout[31, 49]",0.0,0.0,0.0,0.0,0.0,,2000.0,2000.0,
"L_uu_workout[32, 0]",0.119,0.07,0.018,0.254,0.002,0.002,1353.847,1385.097,1.004
"L_uu_workout[32, 1]",0.052,0.034,0.004,0.113,0.002,0.001,347.972,765.407,1.012
"L_uu_workout[32, 2]",0.035,0.017,0.006,0.065,0.001,0.0,433.976,802.384,1.01
"L_uu_workout[32, 3]",0.023,0.01,0.008,0.042,0.0,0.0,538.941,720.033,1.008
"L_uu_workout[32, 4]",0.018,0.008,0.006,0.033,0.0,0.0,496.155,740.71,1.008
"L_uu_workout[32, 5]",0.015,0.009,0.005,0.033,0.0,0.0,452.411,948.067,1.008
"L_uu_workout[32, 6]",0.014,0.01,0.004,0.034,0.0,0.0,439.462,999.647,1.008
"L_uu_workout[32, 7]",0.014,0.01,0.003,0.033,0.0,0.0,425.285,1026.975,1.008
"L_uu_workout[32, 8]",0.013,0.01,0.003,0.032,0.0,0.0,413.002,878.434,1.008
"L_uu_workout[32, 9]",0.012,0.009,0.002,0.029,0.0,0.0,405.684,789.39,1.008
"L_uu_workout[32, 10]",0.011,0.008,0.002,0.026,0.0,0.0,399.073,741.212,1.008
"L_uu_workout[32, 11]",0.01,0.008,0.001,0.024,0.0,0.0,390.305,831.765,1.008
"L_uu_workout[32, 12]",0.01,0.007,0.001,0.021,0.0,0.0,384.071,782.967,1.008
"L_uu_workout[32, 13]",0.009,0.006,0.001,0.019,0.0,0.0,380.955,824.908,1.008
"L_uu_workout[32, 14]",0.008,0.006,0.001,0.018,0.0,0.0,378.62,849.268,1.008
"L_uu_workout[32, 15]",0.007,0.005,0.001,0.017,0.0,0.0,378.65,785.717,1.008
"L_uu_workout[32, 16]",0.007,0.005,0.001,0.015,0.0,0.0,379.311,760.18,1.008
"L_uu_workout[32, 17]",0.006,0.005,0.001,0.014,0.0,0.0,379.155,730.616,1.008
"L_uu_workout[32, 18]",0.005,0.004,0.001,0.012,0.0,0.0,379.886,706.622,1.008
"L_uu_workout[32, 19]",0.005,0.004,0.001,0.011,0.0,0.0,383.122,769.763,1.008
"L_uu_workout[32, 20]",0.004,0.003,0.001,0.01,0.0,0.0,385.075,769.763,1.008
"L_uu_workout[32, 21]",0.004,0.003,0.0,0.009,0.0,0.0,387.512,769.763,1.008
"L_uu_workout[32, 22]",0.003,0.003,0.0,0.008,0.0,0.0,390.389,769.763,1.008
"L_uu_workout[32, 23]",0.003,0.002,0.0,0.007,0.0,0.0,391.659,812.91,1.008
"L_uu_workout[32, 24]",0.003,0.002,0.0,0.006,0.0,0.0,392.84,812.91,1.008
"L_uu_workout[32, 25]",0.002,0.002,0.0,0.005,0.0,0.0,394.16,819.664,1.008
"L_uu_workout[32, 26]",0.002,0.001,0.0,0.004,0.0,0.0,395.239,805.207,1.008
"L_uu_workout[32, 27]",0.002,0.001,0.0,0.004,0.0,0.0,395.696,799.102,1.008
"L_uu_workout[32, 28]",0.001,0.001,0.0,0.003,0.0,0.0,397.432,812.22,1.008
"L_uu_workout[32, 29]",0.001,0.001,0.0,0.002,0.0,0.0,398.213,798.902,1.008
"L_uu_workout[32, 30]",0.001,0.001,0.0,0.002,0.0,0.0,399.226,824.992,1.008
"L_uu_workout[32, 31]",0.001,0.0,0.0,0.002,0.0,0.0,402.071,850.442,1.009
"L_uu_workout[32, 32]",0.002,0.001,0.001,0.004,0.0,0.0,808.192,1405.192,1.008
"L_uu_workout[32, 33]",0.0,0.0,0.0,0.0,0.0,,2000.0,2000.0,
"L_uu_workout[32, 34]",0.0,0.0,0.0,0.0,0.0,,2000.0,2000.0,
"L_uu_workout[32, 35]",0.0,0.0,0.0,0.0,0.0,,2000.0,2000.0,
"L_uu_workout[32, 36]",0.0,0.0,0.0,0.0,0.0,,2000.0,2000.0,
"L_uu_workout[32, 37]",0.0,0.0,0.0,0.0,0.0,,2000.0,2000.0,
"L_uu_workout[32, 38]",0.0,0.0,0.0,0.0,0.0,,2000.0,2000.0,
"L_uu_workout[32, 39]",0.0,0.0,0.0,0.0,0.0,,2000.0,2000.0,
"L_uu_workout[32, 40]",0.0,0.0,0.0,0.0,0.0,,2000.0,2000.0,
"L_uu_workout[32, 41]",0.0,0.0,0.0,0.0,0.0,,2000.0,2000.0,
"L_uu_workout[32, 42]",0.0,0.0,0.0,0.0,0.0,,2000.0,2000.0,
"L_uu_workout[32, 43]",0.0,0.0,0.0,0.0,0.0,,2000.0,2000.0,
"L_uu_workout[32, 44]",0.0,0.0,0.0,0.0,0.0,,2000.0,2000.0,
"L_uu_workout[32, 45]",0.0,0.0,0.0,0.0,0.0,,2000.0,2000.0,
"L_uu_workout[32, 46]",0.0,0.0,0.0,0.0,0.0,,2000.0,2000.0,
"L_uu_workout[32, 47]",0.0,0.0,0.0,0.0,0.0,,2000.0,2000.0,
"L_uu_workout[32, 48]",0.0,0.0,0.0,0.0,0.0,,2000.0,2000.0,
"L_uu_workout[32, 49]",0.0,0.0,0.0,0.0,0.0,,2000.0,2000.0,
"L_uu_workout[33, 0]",0.118,0.07,0.016,0.251,0.002,0.002,1346.001,1365.087,1.004
"L_uu_workout[33, 1]",0.053,0.034,0.004,0.114,0.002,0.001,349.454,765.407,1.012
"L_uu_workout[33, 2]",0.036,0.017,0.006,0.067,0.001,0.001,448.417,826.795,1.01
"L_uu_workout[33, 3]",0.024,0.01,0.009,0.043,0.0,0.0,552.209,772.018,1.008
"L_uu_workout[33, 4]",0.018,0.008,0.006,0.033,0.0,0.0,502.432,762.166,1.008
"L_uu_workout[33, 5]",0.016,0.009,0.005,0.033,0.0,0.0,451.154,889.132,1.008
"L_uu_workout[33, 6]",0.015,0.01,0.004,0.034,0.0,0.0,436.887,999.647,1.008
"L_uu_workout[33, 7]",0.014,0.011,0.003,0.034,0.0,0.0,422.164,1026.975,1.009
"L_uu_workout[33, 8]",0.013,0.01,0.003,0.032,0.0,0.0,408.749,862.468,1.009
"L_uu_workout[33, 9]",0.013,0.009,0.002,0.03,0.0,0.0,401.866,789.39,1.008
"L_uu_workout[33, 10]",0.012,0.009,0.002,0.028,0.0,0.0,396.323,752.795,1.008
"L_uu_workout[33, 11]",0.011,0.008,0.002,0.025,0.0,0.0,387.873,831.765,1.008
"L_uu_workout[33, 12]",0.01,0.007,0.001,0.023,0.0,0.0,382.02,770.294,1.008
"L_uu_workout[33, 13]",0.009,0.007,0.001,0.02,0.0,0.0,379.045,810.962,1.008
"L_uu_workout[33, 14]",0.008,0.006,0.001,0.019,0.0,0.0,377.2,849.268,1.008
"L_uu_workout[33, 15]",0.008,0.006,0.001,0.018,0.0,0.0,377.228,779.283,1.008
"L_uu_workout[33, 16]",0.007,0.005,0.001,0.016,0.0,0.0,377.689,760.18,1.008
"L_uu_workout[33, 17]",0.006,0.005,0.001,0.015,0.0,0.0,377.818,730.616,1.008
"L_uu_workout[33, 18]",0.006,0.004,0.001,0.014,0.0,0.0,378.289,731.474,1.008
"L_uu_workout[33, 19]",0.005,0.004,0.001,0.012,0.0,0.0,382.048,769.763,1.008
"L_uu_workout[33, 20]",0.005,0.004,0.001,0.011,0.0,0.0,384.13,769.763,1.008
"L_uu_workout[33, 21]",0.004,0.003,0.001,0.01,0.0,0.0,386.757,769.763,1.008
"L_uu_workout[33, 22]",0.004,0.003,0.0,0.009,0.0,0.0,389.219,769.763,1.008
"L_uu_workout[33, 23]",0.003,0.003,0.0,0.008,0.0,0.0,392.007,813.587,1.008
"L_uu_workout[33, 24]",0.003,0.002,0.0,0.007,0.0,0.0,392.719,812.91,1.008
"L_uu_workout[33, 25]",0.003,0.002,0.0,0.006,0.0,0.0,394.299,820.067,1.008
"L_uu_workout[33, 26]",0.002,0.002,0.0,0.005,0.0,0.0,395.062,805.207,1.008
"L_uu_workout[33, 27]",0.002,0.001,0.0,0.004,0.0,0.0,395.668,799.102,1.008
"L_uu_workout[33, 28]",0.002,0.001,0.0,0.004,0.0,0.0,396.411,812.22,1.008
"L_uu_workout[33, 29]",0.001,0.001,0.0,0.003,0.0,0.0,397.96,798.902,1.008
"L_uu_workout[33, 30]",0.001,0.001,0.0,0.002,0.0,0.0,398.835,790.157,1.008
"L_uu_workout[33, 31]",0.001,0.001,0.0,0.002,0.0,0.0,399.813,824.992,1.008
"L_uu_workout[33, 32]",0.001,0.0,0.0,0.002,0.0,0.0,402.086,842.989,1.009
"L_uu_workout[33, 33]",0.002,0.001,0.001,0.004,0.0,0.0,807.899,1405.192,1.008
"L_uu_workout[33, 34]",0.0,0.0,0.0,0.0,0.0,,2000.0,2000.0,
"L_uu_workout[33, 35]",0.0,0.0,0.0,0.0,0.0,,2000.0,2000.0,
"L_uu_workout[33, 36]",0.0,0.0,0.0,0.0,0.0,,2000.0,2000.0,
"L_uu_workout[33, 37]",0.0,0.0,0.0,0.0,0.0,,2000.0,2000.0,
"L_uu_workout[33, 38]",0.0,0.0,0.0,0.0,0.0,,2000.0,2000.0,
"L_uu_workout[33, 39]",0.0,0.0,0.0,0.0,0.0,,2000.0,2000.0,
"L_uu_workout[33, 40]",0.0,0.0,0.0,0.0,0.0,,2000.0,2000.0,
"L_uu_workout[33, 41]",0.0,0.0,0.0,0.0,0.0,,2000.0,2000.0,
"L_uu_workout[33, 42]",0.0,0.0,0.0,0.0,0.0,,2000.0,2000.0,
"L_uu_workout[33, 43]",0.0,0.0,0.0,0.0,0.0,,2000.0,2000.0,
"L_uu_workout[33, 44]",0.0,0.0,0.0,0.0,0.0,,2000.0,2000.0,
"L_uu_workout[33, 45]",0.0,0.0,0.0,0.0,0.0,,2000.0,2000.0,
"L_uu_workout[33, 46]",0.0,0.0,0.0,0.0,0.0,,2000.0,2000.0,
"L_uu_workout[33, 47]",0.0,0.0,0.0,0.0,0.0,,2000.0,2000.0,
"L_uu_workout[33, 48]",0.0,0.0,0.0,0.0,0.0,,2000.0,2000.0,
"L_uu_workout[33, 49]",0.0,0.0,0.0,0.0,0.0,,2000.0,2000.0,
"L_uu_workout[34, 0]",0.116,0.07,0.014,0.249,0.002,0.002,1337.646,1405.987,1.003
"L_uu_workout[34, 1]",0.053,0.034,0.005,0.114,0.002,0.001,350.636,765.407,1.012
"L_uu_workout[34, 2]",0.036,0.018,0.006,0.068,0.001,0.001,463.19,826.291,1.01
"L_uu_workout[34, 3]",0.024,0.01,0.007,0.043,0.0,0.0,565.493,772.018,1.008
"L_uu_workout[34, 4]",0.018,0.008,0.007,0.034,0.0,0.0,511.912,749.947,1.009
"L_uu_workout[34, 5]",0.016,0.01,0.005,0.034,0.0,0.0,449.583,928.961,1.008
"L_uu_workout[34, 6]",0.015,0.011,0.004,0.035,0.0,0.0,434.083,999.647,1.009
"L_uu_workout[34, 7]",0.014,0.011,0.003,0.035,0.0,0.0,418.858,1026.975,1.009
"L_uu_workout[34, 8]",0.014,0.01,0.003,0.033,0.0,0.0,405.854,862.468,1.009
"L_uu_workout[34, 9]",0.013,0.01,0.002,0.031,0.0,0.0,398.259,778.942,1.009
"L_uu_workout[34, 10]",0.012,0.009,0.002,0.029,0.0,0.0,392.751,797.271,1.008
"L_uu_workout[34, 11]",0.011,0.008,0.002,0.026,0.0,0.0,385.057,831.765,1.008
"L_uu_workout[34, 12]",0.011,0.008,0.001,0.024,0.0,0.0,379.212,770.294,1.008
"L_uu_workout[34, 13]",0.01,0.007,0.001,0.021,0.0,0.0,377.267,811.41,1.008
"L_uu_workout[34, 14]",0.009,0.007,0.001,0.02,0.0,0.0,375.21,849.268,1.008
"L_uu_workout[34, 15]",0.008,0.006,0.001,0.019,0.0,0.0,375.859,779.283,1.008
"L_uu_workout[34, 16]",0.007,0.006,0.001,0.017,0.0,0.0,376.35,730.616,1.008
"L_uu_workout[34, 17]",0.007,0.005,0.001,0.016,0.0,0.0,376.838,706.622,1.008
"L_uu_workout[34, 18]",0.006,0.005,0.001,0.015,0.0,0.0,377.689,731.474,1.008
"L_uu_workout[34, 19]",0.006,0.004,0.001,0.013,0.0,0.0,380.74,769.763,1.008
"L_uu_workout[34, 20]",0.005,0.004,0.001,0.012,0.0,0.0,383.439,769.763,1.008
"L_uu_workout[34, 21]",0.005,0.004,0.0,0.011,0.0,0.0,386.931,769.763,1.008
"L_uu_workout[34, 22]",0.004,0.003,0.0,0.01,0.0,0.0,388.688,799.953,1.008
"L_uu_workout[34, 23]",0.004,0.003,0.0,0.009,0.0,0.0,390.799,799.953,1.008
"L_uu_workout[34, 24]",0.003,0.003,0.0,0.007,0.0,0.0,392.448,806.688,1.008
"L_uu_workout[34, 25]",0.003,0.002,0.0,0.007,0.0,0.0,393.772,806.688,1.008
"L_uu_workout[34, 26]",0.003,0.002,0.0,0.006,0.0,0.0,394.551,812.799,1.008
"L_uu_workout[34, 27]",0.002,0.002,0.0,0.005,0.0,0.0,394.816,799.102,1.008
"L_uu_workout[34, 28]",0.002,0.001,0.0,0.004,0.0,0.0,395.805,812.761,1.008
"L_uu_workout[34, 29]",0.002,0.001,0.0,0.004,0.0,0.0,396.68,812.22,1.008
"L_uu_workout[34, 30]",0.001,0.001,0.0,0.003,0.0,0.0,397.964,798.902,1.008
"L_uu_workout[34, 31]",0.001,0.001,0.0,0.002,0.0,0.0,399.327,824.992,1.008
"L_uu_workout[34, 32]",0.001,0.001,0.0,0.002,0.0,0.0,400.339,824.851,1.008
"L_uu_workout[34, 33]",0.001,0.0,0.0,0.002,0.0,0.0,402.162,838.806,1.009
"L_uu_workout[34, 34]",0.002,0.001,0.001,0.004,0.0,0.0,808.566,1440.225,1.008
"L_uu_workout[34, 35]",0.0,0.0,0.0,0.0,0.0,,2000.0,2000.0,
"L_uu_workout[34, 36]",0.0,0.0,0.0,0.0,0.0,,2000.0,2000.0,
"L_uu_workout[34, 37]",0.0,0.0,0.0,0.0,0.0,,2000.0,2000.0,
"L_uu_workout[34, 38]",0.0,0.0,0.0,0.0,0.0,,2000.0,2000.0,
"L_uu_workout[34, 39]",0.0,0.0,0.0,0.0,0.0,,2000.0,2000.0,
"L_uu_workout[34, 40]",0.0,0.0,0.0,0.0,0.0,,2000.0,2000.0,
"L_uu_workout[34, 41]",0.0,0.0,0.0,0.0,0.0,,2000.0,2000.0,
"L_uu_workout[34, 42]",0.0,0.0,0.0,0.0,0.0,,2000.0,2000.0,
"L_uu_workout[34, 43]",0.0,0.0,0.0,0.0,0.0,,2000.0,2000.0,
"L_uu_workout[34, 44]",0.0,0.0,0.0,0.0,0.0,,2000.0,2000.0,
"L_uu_workout[34, 45]",0.0,0.0,0.0,0.0,0.0,,2000.0,2000.0,
"L_uu_workout[34, 46]",0.0,0.0,0.0,0.0,0.0,,2000.0,2000.0,
"L_uu_workout[34, 47]",0.0,0.0,0.0,0.0,0.0,,2000.0,2000.0,
"L_uu_workout[34, 48]",0.0,0.0,0.0,0.0,0.0,,2000.0,2000.0,
"L_uu_workout[34, 49]",0.0,0.0,0.0,0.0,0.0,,2000.0,2000.0,
"L_uu_workout[35, 0]",0.114,0.07,0.013,0.247,0.002,0.002,1327.916,1405.447,1.003
"L_uu_workout[35, 1]",0.054,0.034,0.004,0.115,0.002,0.001,352.269,755.765,1.012
"L_uu_workout[35, 2]",0.036,0.018,0.006,0.069,0.001,0.001,481.792,849.457,1.01
"L_uu_workout[35, 3]",0.024,0.01,0.008,0.044,0.0,0.0,581.631,811.643,1.008
"L_uu_workout[35, 4]",0.019,0.009,0.007,0.034,0.0,0.0,522.004,749.947,1.009
"L_uu_workout[35, 5]",0.016,0.01,0.005,0.034,0.0,0.0,450.253,890.376,1.009
"L_uu_workout[35, 6]",0.015,0.011,0.004,0.036,0.0,0.0,431.177,999.647,1.009
"L_uu_workout[35, 7]",0.015,0.011,0.004,0.036,0.001,0.0,415.1,1026.975,1.009
"L_uu_workout[35, 8]",0.014,0.011,0.003,0.034,0.0,0.0,402.044,862.468,1.009
"L_uu_workout[35, 9]",0.014,0.01,0.002,0.032,0.0,0.0,394.705,778.942,1.009
"L_uu_workout[35, 10]",0.013,0.009,0.002,0.03,0.0,0.0,389.783,797.271,1.008
"L_uu_workout[35, 11]",0.012,0.009,0.002,0.027,0.0,0.0,381.722,783.316,1.008
"L_uu_workout[35, 12]",0.011,0.008,0.001,0.025,0.0,0.0,377.337,777.19,1.008
"L_uu_workout[35, 13]",0.01,0.007,0.001,0.022,0.0,0.0,375.1,827.121,1.008
"L_uu_workout[35, 14]",0.009,0.007,0.001,0.021,0.0,0.0,373.561,812.851,1.008
"L_uu_workout[35, 15]",0.009,0.006,0.001,0.02,0.0,0.0,373.937,760.18,1.008
"L_uu_workout[35, 16]",0.008,0.006,0.001,0.018,0.0,0.0,375.006,730.616,1.008
"L_uu_workout[35, 17]",0.007,0.006,0.001,0.017,0.0,0.0,375.106,706.622,1.008
"L_uu_workout[35, 18]",0.007,0.005,0.001,0.016,0.0,0.0,375.985,769.763,1.008
"L_uu_workout[35, 19]",0.006,0.005,0.001,0.014,0.0,0.0,380.027,744.853,1.008
"L_uu_workout[35, 20]",0.005,0.004,0.001,0.013,0.0,0.0,382.332,756.816,1.008
"L_uu_workout[35, 21]",0.005,0.004,0.001,0.012,0.0,0.0,386.619,786.555,1.008
"L_uu_workout[35, 22]",0.004,0.004,0.001,0.011,0.0,0.0,387.594,792.685,1.008
"L_uu_workout[35, 23]",0.004,0.003,0.0,0.01,0.0,0.0,390.007,792.685,1.008
"L_uu_workout[35, 24]",0.004,0.003,0.0,0.008,0.0,0.0,392.455,806.688,1.008
"L_uu_workout[35, 25]",0.003,0.003,0.0,0.008,0.0,0.0,393.368,806.688,1.008
"L_uu_workout[35, 26]",0.003,0.002,0.0,0.007,0.0,0.0,393.798,813.341,1.007
"L_uu_workout[35, 27]",0.003,0.002,0.0,0.006,0.0,0.0,394.056,799.102,1.008
"L_uu_workout[35, 28]",0.002,0.002,0.0,0.005,0.0,0.0,394.721,799.102,1.008
"L_uu_workout[35, 29]",0.002,0.001,0.0,0.004,0.0,0.0,395.649,812.761,1.008
"L_uu_workout[35, 30]",0.002,0.001,0.0,0.004,0.0,0.0,397.147,798.902,1.008
"L_uu_workout[35, 31]",0.001,0.001,0.0,0.003,0.0,0.0,398.061,790.157,1.008
"L_uu_workout[35, 32]",0.001,0.001,0.0,0.002,0.0,0.0,399.868,824.992,1.008
"L_uu_workout[35, 33]",0.001,0.001,0.0,0.002,0.0,0.0,400.562,839.672,1.008
"L_uu_workout[35, 34]",0.001,0.0,0.0,0.002,0.0,0.0,402.968,816.466,1.009
"L_uu_workout[35, 35]",0.002,0.001,0.001,0.004,0.0,0.0,809.036,1440.225,1.008
"L_uu_workout[35, 36]",0.0,0.0,0.0,0.0,0.0,,2000.0,2000.0,
"L_uu_workout[35, 37]",0.0,0.0,0.0,0.0,0.0,,2000.0,2000.0,
"L_uu_workout[35, 38]",0.0,0.0,0.0,0.0,0.0,,2000.0,2000.0,
"L_uu_workout[35, 39]",0.0,0.0,0.0,0.0,0.0,,2000.0,2000.0,
"L_uu_workout[35, 40]",0.0,0.0,0.0,0.0,0.0,,2000.0,2000.0,
"L_uu_workout[35, 41]",0.0,0.0,0.0,0.0,0.0,,2000.0,2000.0,
"L_uu_workout[35, 42]",0.0,0.0,0.0,0.0,0.0,,2000.0,2000.0,
"L_uu_workout[35, 43]",0.0,0.0,0.0,0.0,0.0,,2000.0,2000.0,
"L_uu_workout[35, 44]",0.0,0.0,0.0,0.0,0.0,,2000.0,2000.0,
"L_uu_workout[35, 45]",0.0,0.0,0.0,0.0,0.0,,2000.0,2000.0,
"L_uu_workout[35, 46]",0.0,0.0,0.0,0.0,0.0,,2000.0,2000.0,
"L_uu_workout[35, 47]",0.0,0.0,0.0,0.0,0.0,,2000.0,2000.0,
"L_uu_workout[35, 48]",0.0,0.0,0.0,0.0,0.0,,2000.0,2000.0,
"L_uu_workout[35, 49]",0.0,0.0,0.0,0.0,0.0,,2000.0,2000.0,
"L_uu_workout[36, 0]",0.113,0.07,0.012,0.245,0.002,0.002,1318.762,1405.08,1.003
"L_uu_workout[36, 1]",0.054,0.034,0.005,0.115,0.002,0.001,355.462,797.194,1.012
"L_uu_workout[36, 2]",0.037,0.018,0.007,0.071,0.001,0.001,502.971,810.193,1.01
"L_uu_workout[36, 3]",0.025,0.01,0.009,0.046,0.0,0.0,607.392,887.324,1.008
"L_uu_workout[36, 4]",0.019,0.009,0.008,0.035,0.0,0.0,532.381,788.838,1.009
"L_uu_workout[36, 5]",0.017,0.01,0.005,0.034,0.0,0.0,449.784,886.561,1.009
"L_uu_workout[36, 6]",0.016,0.011,0.004,0.036,0.0,0.0,429.473,1021.107,1.009
"L_uu_workout[36, 7]",0.015,0.011,0.004,0.036,0.001,0.0,412.988,1026.975,1.009
"L_uu_workout[36, 8]",0.015,0.011,0.003,0.035,0.001,0.0,398.933,862.468,1.009
"L_uu_workout[36, 9]",0.014,0.01,0.002,0.033,0.0,0.0,392.602,789.39,1.009
"L_uu_workout[36, 10]",0.013,0.01,0.002,0.031,0.0,0.0,385.875,797.271,1.009
"L_uu_workout[36, 11]",0.012,0.009,0.002,0.028,0.0,0.0,379.613,783.631,1.008
"L_uu_workout[36, 12]",0.011,0.008,0.001,0.026,0.0,0.0,375.421,777.19,1.008
"L_uu_workout[36, 13]",0.011,0.008,0.001,0.024,0.0,0.0,373.759,827.121,1.008
"L_uu_workout[36, 14]",0.01,0.007,0.001,0.022,0.0,0.0,371.716,812.851,1.008
"L_uu_workout[36, 15]",0.009,0.007,0.001,0.021,0.0,0.0,371.861,760.18,1.008
"L_uu_workout[36, 16]",0.008,0.006,0.001,0.02,0.0,0.0,373.527,730.616,1.008
"L_uu_workout[36, 17]",0.008,0.006,0.001,0.018,0.0,0.0,373.505,707.175,1.008
"L_uu_workout[36, 18]",0.007,0.006,0.001,0.017,0.0,0.0,374.852,769.763,1.008
"L_uu_workout[36, 19]",0.006,0.005,0.001,0.015,0.0,0.0,378.112,744.853,1.008
"L_uu_workout[36, 20]",0.006,0.005,0.001,0.014,0.0,0.0,381.392,756.816,1.008
"L_uu_workout[36, 21]",0.005,0.004,0.001,0.013,0.0,0.0,384.673,754.984,1.008
"L_uu_workout[36, 22]",0.005,0.004,0.001,0.012,0.0,0.0,387.221,763.609,1.008
"L_uu_workout[36, 23]",0.004,0.004,0.0,0.01,0.0,0.0,388.867,770.224,1.008
"L_uu_workout[36, 24]",0.004,0.003,0.0,0.009,0.0,0.0,392.312,770.224,1.008
"L_uu_workout[36, 25]",0.004,0.003,0.0,0.008,0.0,0.0,392.62,783.886,1.008
"L_uu_workout[36, 26]",0.003,0.003,0.0,0.007,0.0,0.0,393.174,806.688,1.007
"L_uu_workout[36, 27]",0.003,0.002,0.0,0.007,0.0,0.0,393.623,813.341,1.007
"L_uu_workout[36, 28]",0.002,0.002,0.0,0.006,0.0,0.0,394.071,799.102,1.007
"L_uu_workout[36, 29]",0.002,0.002,0.0,0.005,0.0,0.0,394.748,812.761,1.008
"L_uu_workout[36, 30]",0.002,0.001,0.0,0.004,0.0,0.0,395.836,799.467,1.008
"L_uu_workout[36, 31]",0.002,0.001,0.0,0.004,0.0,0.0,397.501,790.157,1.008
"L_uu_workout[36, 32]",0.001,0.001,0.0,0.003,0.0,0.0,399.302,824.992,1.008
"L_uu_workout[36, 33]",0.001,0.001,0.0,0.002,0.0,0.0,400.617,854.016,1.008
"L_uu_workout[36, 34]",0.001,0.001,0.0,0.002,0.0,0.0,402.087,839.672,1.008
"L_uu_workout[36, 35]",0.001,0.0,0.0,0.002,0.0,0.0,403.32,768.065,1.009
"L_uu_workout[36, 36]",0.002,0.001,0.001,0.004,0.0,0.0,809.856,1440.225,1.008
"L_uu_workout[36, 37]",0.0,0.0,0.0,0.0,0.0,,2000.0,2000.0,
"L_uu_workout[36, 38]",0.0,0.0,0.0,0.0,0.0,,2000.0,2000.0,
"L_uu_workout[36, 39]",0.0,0.0,0.0,0.0,0.0,,2000.0,2000.0,
"L_uu_workout[36, 40]",0.0,0.0,0.0,0.0,0.0,,2000.0,2000.0,
"L_uu_workout[36, 41]",0.0,0.0,0.0,0.0,0.0,,2000.0,2000.0,
"L_uu_workout[36, 42]",0.0,0.0,0.0,0.0,0.0,,2000.0,2000.0,
"L_uu_workout[36, 43]",0.0,0.0,0.0,0.0,0.0,,2000.0,2000.0,
"L_uu_workout[36, 44]",0.0,0.0,0.0,0.0,0.0,,2000.0,2000.0,
"L_uu_workout[36, 45]",0.0,0.0,0.0,0.0,0.0,,2000.0,2000.0,
"L_uu_workout[36, 46]",0.0,0.0,0.0,0.0,0.0,,2000.0,2000.0,
"L_uu_workout[36, 47]",0.0,0.0,0.0,0.0,0.0,,2000.0,2000.0,
"L_uu_workout[36, 48]",0.0,0.0,0.0,0.0,0.0,,2000.0,2000.0,
"L_uu_workout[36, 49]",0.0,0.0,0.0,0.0,0.0,,2000.0,2000.0,
"L_uu_workout[37, 0]",0.111,0.07,0.011,0.242,0.002,0.002,1308.193,1318.698,1.003
"L_uu_workout[37, 1]",0.054,0.034,0.005,0.116,0.002,0.001,359.069,800.15,1.012
"L_uu_workout[37, 2]",0.037,0.019,0.007,0.072,0.001,0.001,529.559,900.482,1.009
"L_uu_workout[37, 3]",0.025,0.011,0.009,0.046,0.0,0.0,635.031,904.161,1.008
"L_uu_workout[37, 4]",0.019,0.009,0.008,0.036,0.0,0.0,544.186,745.029,1.009
"L_uu_workout[37, 5]",0.017,0.01,0.006,0.034,0.0,0.0,448.772,912.922,1.009
"L_uu_workout[37, 6]",0.016,0.011,0.005,0.036,0.0,0.0,426.596,1021.107,1.009
"L_uu_workout[37, 7]",0.016,0.011,0.004,0.037,0.001,0.0,410.698,1026.975,1.009
"L_uu_workout[37, 8]",0.015,0.011,0.003,0.035,0.001,0.0,396.02,862.468,1.009
"L_uu_workout[37, 9]",0.014,0.011,0.002,0.034,0.001,0.0,389.364,757.721,1.009
"L_uu_workout[37, 10]",0.014,0.01,0.002,0.031,0.0,0.0,382.819,770.906,1.009
"L_uu_workout[37, 11]",0.013,0.009,0.002,0.029,0.0,0.0,377.594,832.109,1.009
"L_uu_workout[37, 12]",0.012,0.008,0.002,0.027,0.0,0.0,373.53,777.19,1.008
"L_uu_workout[37, 13]",0.011,0.008,0.001,0.025,0.0,0.0,371.733,827.121,1.008
"L_uu_workout[37, 14]",0.01,0.007,0.001,0.023,0.0,0.0,370.048,812.851,1.008
"L_uu_workout[37, 15]",0.01,0.007,0.001,0.022,0.0,0.0,369.828,760.18,1.008
"L_uu_workout[37, 16]",0.009,0.007,0.001,0.021,0.0,0.0,370.347,706.622,1.008
"L_uu_workout[37, 17]",0.008,0.006,0.001,0.019,0.0,0.0,372.094,731.474,1.008
"L_uu_workout[37, 18]",0.008,0.006,0.001,0.018,0.0,0.0,373.612,744.853,1.008
"L_uu_workout[37, 19]",0.007,0.005,0.001,0.017,0.0,0.0,376.363,738.316,1.008
"L_uu_workout[37, 20]",0.006,0.005,0.001,0.015,0.0,0.0,380.153,736.512,1.008
"L_uu_workout[37, 21]",0.006,0.005,0.001,0.014,0.0,0.0,383.721,736.512,1.008
"L_uu_workout[37, 22]",0.005,0.004,0.001,0.013,0.0,0.0,386.293,763.609,1.008
"L_uu_workout[37, 23]",0.005,0.004,0.0,0.012,0.0,0.0,388.687,770.224,1.008
"L_uu_workout[37, 24]",0.004,0.004,0.0,0.01,0.0,0.0,391.842,770.224,1.008
"L_uu_workout[37, 25]",0.004,0.003,0.0,0.009,0.0,0.0,392.287,783.886,1.007
"L_uu_workout[37, 26]",0.004,0.003,0.0,0.008,0.0,0.0,392.599,806.688,1.007
"L_uu_workout[37, 27]",0.003,0.002,0.0,0.007,0.0,0.0,393.21,813.341,1.007
"L_uu_workout[37, 28]",0.003,0.002,0.0,0.006,0.0,0.0,392.846,799.102,1.007
"L_uu_workout[37, 29]",0.002,0.002,0.0,0.006,0.0,0.0,393.937,812.761,1.007
"L_uu_workout[37, 30]",0.002,0.002,0.0,0.005,0.0,0.0,394.548,798.815,1.007
"L_uu_workout[37, 31]",0.002,0.001,0.0,0.004,0.0,0.0,396.003,798.902,1.008
"L_uu_workout[37, 32]",0.002,0.001,0.0,0.004,0.0,0.0,397.912,824.992,1.008
"L_uu_workout[37, 33]",0.001,0.001,0.0,0.003,0.0,0.0,400.037,824.992,1.008
"L_uu_workout[37, 34]",0.001,0.001,0.0,0.002,0.0,0.0,400.904,839.672,1.008
"L_uu_workout[37, 35]",0.001,0.001,0.0,0.002,0.0,0.0,402.988,810.373,1.008
"L_uu_workout[37, 36]",0.001,0.0,0.0,0.002,0.0,0.0,404.421,768.065,1.009
"L_uu_workout[37, 37]",0.002,0.001,0.001,0.004,0.0,0.0,809.64,1462.941,1.008
"L_uu_workout[37, 38]",0.0,0.0,0.0,0.0,0.0,,2000.0,2000.0,
"L_uu_workout[37, 39]",0.0,0.0,0.0,0.0,0.0,,2000.0,2000.0,
"L_uu_workout[37, 40]",0.0,0.0,0.0,0.0,0.0,,2000.0,2000.0,
"L_uu_workout[37, 41]",0.0,0.0,0.0,0.0,0.0,,2000.0,2000.0,
"L_uu_workout[37, 42]",0.0,0.0,0.0,0.0,0.0,,2000.0,2000.0,
"L_uu_workout[37, 43]",0.0,0.0,0.0,0.0,0.0,,2000.0,2000.0,
"L_uu_workout[37, 44]",0.0,0.0,0.0,0.0,0.0,,2000.0,2000.0,
"L_uu_workout[37, 45]",0.0,0.0,0.0,0.0,0.0,,2000.0,2000.0,
"L_uu_workout[37, 46]",0.0,0.0,0.0,0.0,0.0,,2000.0,2000.0,
"L_uu_workout[37, 47]",0.0,0.0,0.0,0.0,0.0,,2000.0,2000.0,
"L_uu_workout[37, 48]",0.0,0.0,0.0,0.0,0.0,,2000.0,2000.0,
"L_uu_workout[37, 49]",0.0,0.0,0.0,0.0,0.0,,2000.0,2000.0,
"L_uu_workout[38, 0]",0.11,0.069,0.009,0.241,0.002,0.002,1298.542,1334.489,1.003
"L_uu_workout[38, 1]",0.054,0.034,0.005,0.116,0.002,0.001,362.586,800.15,1.012
"L_uu_workout[38, 2]",0.038,0.019,0.007,0.073,0.001,0.001,560.434,1006.519,1.009
"L_uu_workout[38, 3]",0.025,0.011,0.009,0.047,0.0,0.0,669.461,970.57,1.008
"L_uu_workout[38, 4]",0.02,0.009,0.007,0.035,0.0,0.0,558.028,795.562,1.009
"L_uu_workout[38, 5]",0.017,0.01,0.006,0.034,0.0,0.0,449.076,904.051,1.009
"L_uu_workout[38, 6]",0.016,0.011,0.005,0.036,0.0,0.0,424.58,1036.498,1.009
"L_uu_workout[38, 7]",0.016,0.011,0.004,0.037,0.001,0.0,408.28,1026.975,1.009
"L_uu_workout[38, 8]",0.015,0.011,0.003,0.036,0.001,0.0,394.068,862.468,1.009
"L_uu_workout[38, 9]",0.015,0.011,0.002,0.034,0.001,0.0,386.524,757.721,1.009
"L_uu_workout[38, 10]",0.014,0.01,0.002,0.032,0.0,0.0,380.268,770.906,1.009
"L_uu_workout[38, 11]",0.013,0.009,0.002,0.03,0.0,0.0,375.359,832.109,1.009
"L_uu_workout[38, 12]",0.012,0.009,0.002,0.028,0.0,0.0,372.295,777.19,1.009
"L_uu_workout[38, 13]",0.012,0.008,0.001,0.026,0.0,0.0,370.29,834.373,1.008
"L_uu_workout[38, 14]",0.011,0.008,0.001,0.024,0.0,0.0,368.29,785.717,1.008
"L_uu_workout[38, 15]",0.01,0.007,0.001,0.023,0.0,0.0,367.809,760.18,1.008
"L_uu_workout[38, 16]",0.009,0.007,0.001,0.022,0.0,0.0,368.386,706.622,1.008
"L_uu_workout[38, 17]",0.009,0.007,0.001,0.02,0.0,0.0,370.564,731.474,1.008
"L_uu_workout[38, 18]",0.008,0.006,0.001,0.019,0.0,0.0,371.912,744.853,1.008
"L_uu_workout[38, 19]",0.007,0.006,0.001,0.018,0.0,0.0,374.934,738.316,1.008
"L_uu_workout[38, 20]",0.007,0.005,0.001,0.016,0.0,0.0,378.771,736.512,1.008
"L_uu_workout[38, 21]",0.006,0.005,0.001,0.015,0.0,0.0,382.864,734.283,1.008
"L_uu_workout[38, 22]",0.006,0.005,0.001,0.014,0.0,0.0,384.923,746.122,1.008
"L_uu_workout[38, 23]",0.005,0.004,0.001,0.013,0.0,0.0,387.769,770.224,1.008
"L_uu_workout[38, 24]",0.005,0.004,0.001,0.011,0.0,0.0,391.033,770.224,1.008
"L_uu_workout[38, 25]",0.004,0.004,0.0,0.01,0.0,0.0,391.423,783.886,1.007
"L_uu_workout[38, 26]",0.004,0.003,0.0,0.009,0.0,0.0,391.845,783.886,1.007
"L_uu_workout[38, 27]",0.003,0.003,0.0,0.008,0.0,0.0,392.216,813.341,1.007
"L_uu_workout[38, 28]",0.003,0.002,0.0,0.007,0.0,0.0,392.441,799.102,1.007
"L_uu_workout[38, 29]",0.003,0.002,0.0,0.006,0.0,0.0,392.912,812.761,1.007
"L_uu_workout[38, 30]",0.002,0.002,0.0,0.006,0.0,0.0,393.598,798.815,1.007
"L_uu_workout[38, 31]",0.002,0.002,0.0,0.005,0.0,0.0,394.519,799.467,1.007
"L_uu_workout[38, 32]",0.002,0.001,0.0,0.004,0.0,0.0,396.656,790.157,1.007
"L_uu_workout[38, 33]",0.002,0.001,0.0,0.003,0.0,0.0,398.415,824.992,1.008
"L_uu_workout[38, 34]",0.001,0.001,0.0,0.003,0.0,0.0,400.994,854.016,1.008
"L_uu_workout[38, 35]",0.001,0.001,0.0,0.002,0.0,0.0,401.91,839.672,1.008
"L_uu_workout[38, 36]",0.001,0.001,0.0,0.002,0.0,0.0,404.205,816.6,1.008
"L_uu_workout[38, 37]",0.001,0.0,0.0,0.002,0.0,0.0,404.416,797.759,1.009
"L_uu_workout[38, 38]",0.002,0.001,0.001,0.004,0.0,0.0,809.379,1462.941,1.008
"L_uu_workout[38, 39]",0.0,0.0,0.0,0.0,0.0,,2000.0,2000.0,
"L_uu_workout[38, 40]",0.0,0.0,0.0,0.0,0.0,,2000.0,2000.0,
"L_uu_workout[38, 41]",0.0,0.0,0.0,0.0,0.0,,2000.0,2000.0,
"L_uu_workout[38, 42]",0.0,0.0,0.0,0.0,0.0,,2000.0,2000.0,
"L_uu_workout[38, 43]",0.0,0.0,0.0,0.0,0.0,,2000.0,2000.0,
"L_uu_workout[38, 44]",0.0,0.0,0.0,0.0,0.0,,2000.0,2000.0,
"L_uu_workout[38, 45]",0.0,0.0,0.0,0.0,0.0,,2000.0,2000.0,
"L_uu_workout[38, 46]",0.0,0.0,0.0,0.0,0.0,,2000.0,2000.0,
"L_uu_workout[38, 47]",0.0,0.0,0.0,0.0,0.0,,2000.0,2000.0,
"L_uu_workout[38, 48]",0.0,0.0,0.0,0.0,0.0,,2000.0,2000.0,
"L_uu_workout[38, 49]",0.0,0.0,0.0,0.0,0.0,,2000.0,2000.0,
"L_uu_workout[39, 0]",0.108,0.069,0.008,0.24,0.002,0.002,1289.612,1384.911,1.003
"L_uu_workout[39, 1]",0.054,0.034,0.005,0.116,0.002,0.001,367.45,807.651,1.012
"L_uu_workout[39, 2]",0.038,0.019,0.007,0.075,0.001,0.001,595.716,1090.937,1.009
"L_uu_workout[39, 3]",0.025,0.011,0.008,0.047,0.0,0.0,713.538,1094.63,1.008
"L_uu_workout[39, 4]",0.02,0.009,0.007,0.036,0.0,0.0,574.879,841.944,1.009
"L_uu_workout[39, 5]",0.017,0.01,0.006,0.035,0.0,0.0,449.512,845.994,1.009
"L_uu_workout[39, 6]",0.017,0.011,0.005,0.037,0.0,0.0,422.711,991.625,1.01
"L_uu_workout[39, 7]",0.016,0.012,0.004,0.037,0.001,0.0,405.369,1026.975,1.01
"L_uu_workout[39, 8]",0.016,0.012,0.003,0.037,0.001,0.0,391.479,862.468,1.01
"L_uu_workout[39, 9]",0.015,0.011,0.003,0.035,0.001,0.0,384.976,757.721,1.009
"L_uu_workout[39, 10]",0.015,0.01,0.002,0.033,0.0,0.0,377.761,783.562,1.009
"L_uu_workout[39, 11]",0.014,0.01,0.002,0.031,0.0,0.0,373.063,832.109,1.009
"L_uu_workout[39, 12]",0.013,0.009,0.002,0.029,0.0,0.0,369.554,824.908,1.009
"L_uu_workout[39, 13]",0.012,0.008,0.001,0.027,0.0,0.0,368.043,834.373,1.008
"L_uu_workout[39, 14]",0.011,0.008,0.001,0.025,0.0,0.0,366.761,778.843,1.008
"L_uu_workout[39, 15]",0.01,0.008,0.001,0.024,0.0,0.0,364.469,730.616,1.008
"L_uu_workout[39, 16]",0.01,0.007,0.001,0.023,0.0,0.0,366.336,706.622,1.008
"L_uu_workout[39, 17]",0.009,0.007,0.001,0.021,0.0,0.0,368.299,769.763,1.008
"L_uu_workout[39, 18]",0.008,0.006,0.001,0.02,0.0,0.0,369.83,744.853,1.008
"L_uu_workout[39, 19]",0.008,0.006,0.001,0.019,0.0,0.0,373.439,738.316,1.008
"L_uu_workout[39, 20]",0.007,0.006,0.001,0.017,0.0,0.0,378.112,734.283,1.008
"L_uu_workout[39, 21]",0.007,0.005,0.001,0.016,0.0,0.0,381.169,734.283,1.008
"L_uu_workout[39, 22]",0.006,0.005,0.001,0.015,0.0,0.0,383.646,746.122,1.008
"L_uu_workout[39, 23]",0.006,0.005,0.001,0.014,0.0,0.0,386.659,770.224,1.008
"L_uu_workout[39, 24]",0.005,0.004,0.001,0.012,0.0,0.0,389.273,770.224,1.008
"L_uu_workout[39, 25]",0.005,0.004,0.001,0.011,0.0,0.0,390.875,770.224,1.007
"L_uu_workout[39, 26]",0.004,0.004,0.0,0.01,0.0,0.0,390.623,783.886,1.007
"L_uu_workout[39, 27]",0.004,0.003,0.0,0.009,0.0,0.0,391.42,783.886,1.007
"L_uu_workout[39, 28]",0.003,0.003,0.0,0.008,0.0,0.0,391.568,813.341,1.007
"L_uu_workout[39, 29]",0.003,0.002,0.0,0.007,0.0,0.0,392.369,792.916,1.007
"L_uu_workout[39, 30]",0.003,0.002,0.0,0.006,0.0,0.0,392.995,798.815,1.007
"L_uu_workout[39, 31]",0.002,0.002,0.0,0.006,0.0,0.0,393.855,799.467,1.007
"L_uu_workout[39, 32]",0.002,0.002,0.0,0.005,0.0,0.0,395.29,790.157,1.007
"L_uu_workout[39, 33]",0.002,0.001,0.0,0.004,0.0,0.0,396.97,824.992,1.007
"L_uu_workout[39, 34]",0.002,0.001,0.0,0.003,0.0,0.0,399.201,839.553,1.008
"L_uu_workout[39, 35]",0.001,0.001,0.0,0.003,0.0,0.0,401.604,858.112,1.008
"L_uu_workout[39, 36]",0.001,0.001,0.0,0.002,0.0,0.0,402.866,810.373,1.008
"L_uu_workout[39, 37]",0.001,0.001,0.0,0.002,0.0,0.0,404.568,816.6,1.008
"L_uu_workout[39, 38]",0.001,0.0,0.0,0.002,0.0,0.0,404.92,782.606,1.008
"L_uu_workout[39, 39]",0.002,0.001,0.001,0.004,0.0,0.0,809.644,1451.938,1.008
"L_uu_workout[39, 40]",0.0,0.0,0.0,0.0,0.0,,2000.0,2000.0,
"L_uu_workout[39, 41]",0.0,0.0,0.0,0.0,0.0,,2000.0,2000.0,
"L_uu_workout[39, 42]",0.0,0.0,0.0,0.0,0.0,,2000.0,2000.0,
"L_uu_workout[39, 43]",0.0,0.0,0.0,0.0,0.0,,2000.0,2000.0,
"L_uu_workout[39, 44]",0.0,0.0,0.0,0.0,0.0,,2000.0,2000.0,
"L_uu_workout[39, 45]",0.0,0.0,0.0,0.0,0.0,,2000.0,2000.0,
"L_uu_workout[39, 46]",0.0,0.0,0.0,0.0,0.0,,2000.0,2000.0,
"L_uu_workout[39, 47]",0.0,0.0,0.0,0.0,0.0,,2000.0,2000.0,
"L_uu_workout[39, 48]",0.0,0.0,0.0,0.0,0.0,,2000.0,2000.0,
"L_uu_workout[39, 49]",0.0,0.0,0.0,0.0,0.0,,2000.0,2000.0,
"L_uu_workout[40, 0]",0.107,0.069,0.009,0.241,0.002,0.002,1278.768,1365.688,1.003
"L_uu_workout[40, 1]",0.054,0.035,0.005,0.116,0.002,0.001,372.682,823.948,1.012
"L_uu_workout[40, 2]",0.038,0.02,0.008,0.076,0.001,0.001,635.318,1105.921,1.008
"L_uu_workout[40, 3]",0.026,0.011,0.008,0.047,0.0,0.0,767.981,1148.436,1.007
"L_uu_workout[40, 4]",0.02,0.009,0.009,0.037,0.0,0.0,595.674,967.513,1.009
"L_uu_workout[40, 5]",0.018,0.009,0.006,0.035,0.0,0.0,451.526,834.056,1.01
"L_uu_workout[40, 6]",0.017,0.011,0.005,0.037,0.0,0.0,419.976,991.625,1.01
"L_uu_workout[40, 7]",0.017,0.012,0.004,0.038,0.001,0.0,403.567,1026.975,1.01
"L_uu_workout[40, 8]",0.016,0.012,0.003,0.038,0.001,0.0,388.893,862.468,1.01
"L_uu_workout[40, 9]",0.016,0.011,0.003,0.036,0.001,0.0,382.248,757.721,1.01
"L_uu_workout[40, 10]",0.015,0.011,0.002,0.034,0.001,0.0,375.92,783.562,1.009
"L_uu_workout[40, 11]",0.014,0.01,0.002,0.032,0.0,0.0,371.633,824.803,1.009
"L_uu_workout[40, 12]",0.013,0.009,0.002,0.03,0.0,0.0,367.653,824.908,1.009
"L_uu_workout[40, 13]",0.012,0.009,0.001,0.028,0.0,0.0,364.449,849.268,1.009
"L_uu_workout[40, 14]",0.012,0.008,0.001,0.025,0.0,0.0,363.305,779.283,1.008
"L_uu_workout[40, 15]",0.011,0.008,0.001,0.024,0.0,0.0,362.697,730.616,1.008
"L_uu_workout[40, 16]",0.01,0.007,0.001,0.024,0.0,0.0,364.744,707.175,1.008
"L_uu_workout[40, 17]",0.009,0.007,0.001,0.022,0.0,0.0,366.541,744.853,1.008
"L_uu_workout[40, 18]",0.009,0.007,0.001,0.021,0.0,0.0,367.461,738.316,1.008
"L_uu_workout[40, 19]",0.008,0.006,0.001,0.02,0.0,0.0,371.605,736.512,1.008
"L_uu_workout[40, 20]",0.008,0.006,0.001,0.018,0.0,0.0,375.476,734.283,1.008
"L_uu_workout[40, 21]",0.007,0.006,0.001,0.017,0.0,0.0,380.528,734.283,1.008
"L_uu_workout[40, 22]",0.007,0.005,0.001,0.016,0.0,0.0,383.504,736.956,1.008
"L_uu_workout[40, 23]",0.006,0.005,0.001,0.015,0.0,0.0,385.569,746.122,1.008
"L_uu_workout[40, 24]",0.006,0.005,0.001,0.013,0.0,0.0,388.918,770.224,1.008
"L_uu_workout[40, 25]",0.005,0.004,0.001,0.012,0.0,0.0,390.006,770.224,1.008
"L_uu_workout[40, 26]",0.005,0.004,0.001,0.011,0.0,0.0,390.151,783.886,1.007
"L_uu_workout[40, 27]",0.004,0.003,0.0,0.01,0.0,0.0,390.566,783.886,1.007
"L_uu_workout[40, 28]",0.004,0.003,0.0,0.009,0.0,0.0,390.868,813.341,1.007
"L_uu_workout[40, 29]",0.003,0.003,0.0,0.008,0.0,0.0,391.663,792.916,1.007
"L_uu_workout[40, 30]",0.003,0.002,0.0,0.007,0.0,0.0,392.957,812.761,1.007
"L_uu_workout[40, 31]",0.003,0.002,0.0,0.006,0.0,0.0,393.78,798.815,1.007
"L_uu_workout[40, 32]",0.002,0.002,0.0,0.005,0.0,0.0,394.954,806.241,1.007
"L_uu_workout[40, 33]",0.002,0.002,0.0,0.005,0.0,0.0,396.294,824.992,1.007
"L_uu_workout[40, 34]",0.002,0.001,0.0,0.004,0.0,0.0,397.795,839.553,1.007
"L_uu_workout[40, 35]",0.002,0.001,0.0,0.003,0.0,0.0,399.917,842.989,1.008
"L_uu_workout[40, 36]",0.001,0.001,0.0,0.003,0.0,0.0,402.336,854.354,1.008
"L_uu_workout[40, 37]",0.001,0.001,0.0,0.002,0.0,0.0,403.097,816.6,1.008
"L_uu_workout[40, 38]",0.001,0.001,0.0,0.002,0.0,0.0,405.258,816.6,1.008
"L_uu_workout[40, 39]",0.001,0.0,0.0,0.002,0.0,0.0,404.919,752.219,1.008
"L_uu_workout[40, 40]",0.002,0.001,0.001,0.004,0.0,0.0,809.669,1451.938,1.008
"L_uu_workout[40, 41]",0.0,0.0,0.0,0.0,0.0,,2000.0,2000.0,
"L_uu_workout[40, 42]",0.0,0.0,0.0,0.0,0.0,,2000.0,2000.0,
"L_uu_workout[40, 43]",0.0,0.0,0.0,0.0,0.0,,2000.0,2000.0,
"L_uu_workout[40, 44]",0.0,0.0,0.0,0.0,0.0,,2000.0,2000.0,
"L_uu_workout[40, 45]",0.0,0.0,0.0,0.0,0.0,,2000.0,2000.0,
"L_uu_workout[40, 46]",0.0,0.0,0.0,0.0,0.0,,2000.0,2000.0,
"L_uu_workout[40, 47]",0.0,0.0,0.0,0.0,0.0,,2000.0,2000.0,
"L_uu_workout[40, 48]",0.0,0.0,0.0,0.0,0.0,,2000.0,2000.0,
"L_uu_workout[40, 49]",0.0,0.0,0.0,0.0,0.0,,2000.0,2000.0,
"L_uu_workout[41, 0]",0.105,0.069,0.008,0.239,0.002,0.002,1268.325,1365.688,1.002
"L_uu_workout[41, 1]",0.055,0.035,0.005,0.117,0.002,0.001,378.23,832.121,1.012
"L_uu_workout[41, 2]",0.038,0.02,0.008,0.077,0.001,0.001,678.664,1174.848,1.008
"L_uu_workout[41, 3]",0.026,0.011,0.009,0.049,0.0,0.0,829.267,1287.936,1.007
"L_uu_workout[41, 4]",0.02,0.009,0.009,0.037,0.0,0.0,622.411,986.751,1.009
"L_uu_workout[41, 5]",0.018,0.009,0.006,0.035,0.0,0.0,452.246,875.41,1.01
"L_uu_workout[41, 6]",0.017,0.011,0.005,0.037,0.0,0.0,419.207,991.625,1.01
"L_uu_workout[41, 7]",0.017,0.012,0.004,0.038,0.001,0.0,401.714,1006.498,1.01
"L_uu_workout[41, 8]",0.016,0.012,0.003,0.038,0.001,0.0,387.595,862.468,1.01
"L_uu_workout[41, 9]",0.016,0.011,0.003,0.036,0.001,0.0,379.805,757.721,1.01
"L_uu_workout[41, 10]",0.015,0.011,0.002,0.034,0.001,0.0,374.933,783.562,1.009
"L_uu_workout[41, 11]",0.015,0.01,0.002,0.032,0.0,0.0,368.476,824.803,1.009
"L_uu_workout[41, 12]",0.014,0.009,0.002,0.03,0.0,0.0,365.889,824.908,1.009
"L_uu_workout[41, 13]",0.013,0.009,0.001,0.029,0.0,0.0,362.336,849.268,1.009
"L_uu_workout[41, 14]",0.012,0.008,0.001,0.026,0.0,0.0,361.369,779.283,1.009
"L_uu_workout[41, 15]",0.011,0.008,0.001,0.025,0.0,0.0,361.389,730.616,1.008
"L_uu_workout[41, 16]",0.011,0.008,0.001,0.024,0.0,0.0,362.019,707.175,1.008
"L_uu_workout[41, 17]",0.01,0.007,0.001,0.023,0.0,0.0,364.216,744.853,1.008
"L_uu_workout[41, 18]",0.009,0.007,0.001,0.022,0.0,0.0,365.804,738.316,1.008
"L_uu_workout[41, 19]",0.009,0.007,0.001,0.021,0.0,0.0,369.768,736.512,1.008
"L_uu_workout[41, 20]",0.008,0.006,0.001,0.019,0.0,0.0,373.959,734.283,1.008
"L_uu_workout[41, 21]",0.008,0.006,0.001,0.018,0.0,0.0,378.964,734.283,1.008
"L_uu_workout[41, 22]",0.007,0.006,0.001,0.017,0.0,0.0,382.819,734.283,1.008
"L_uu_workout[41, 23]",0.006,0.005,0.001,0.016,0.0,0.0,385.442,746.122,1.008
"L_uu_workout[41, 24]",0.006,0.005,0.001,0.014,0.0,0.0,387.938,770.224,1.008
"L_uu_workout[41, 25]",0.005,0.005,0.0,0.013,0.0,0.0,389.13,770.224,1.008
"L_uu_workout[41, 26]",0.005,0.004,0.001,0.012,0.0,0.0,389.22,783.886,1.008
"L_uu_workout[41, 27]",0.005,0.004,0.0,0.011,0.0,0.0,390.12,783.886,1.007
"L_uu_workout[41, 28]",0.004,0.003,0.0,0.01,0.0,0.0,390.526,813.341,1.007
"L_uu_workout[41, 29]",0.004,0.003,0.0,0.009,0.0,0.0,391.137,792.916,1.007
"L_uu_workout[41, 30]",0.003,0.003,0.0,0.008,0.0,0.0,392.403,792.916,1.007
"L_uu_workout[41, 31]",0.003,0.002,0.0,0.007,0.0,0.0,393.414,798.815,1.007
"L_uu_workout[41, 32]",0.003,0.002,0.0,0.006,0.0,0.0,394.599,806.241,1.007
"L_uu_workout[41, 33]",0.002,0.002,0.0,0.005,0.0,0.0,395.768,790.157,1.007
"L_uu_workout[41, 34]",0.002,0.002,0.0,0.005,0.0,0.0,397.391,824.992,1.007
"L_uu_workout[41, 35]",0.002,0.001,0.0,0.004,0.0,0.0,398.57,854.031,1.007
"L_uu_workout[41, 36]",0.002,0.001,0.0,0.003,0.0,0.0,400.637,854.354,1.008
"L_uu_workout[41, 37]",0.001,0.001,0.0,0.003,0.0,0.0,402.591,831.883,1.008
"L_uu_workout[41, 38]",0.001,0.001,0.0,0.002,0.0,0.0,403.861,796.451,1.008
"L_uu_workout[41, 39]",0.001,0.001,0.0,0.002,0.0,0.0,405.003,776.736,1.008
"L_uu_workout[41, 40]",0.001,0.0,0.0,0.002,0.0,0.0,404.769,786.189,1.008
"L_uu_workout[41, 41]",0.002,0.001,0.001,0.004,0.0,0.0,809.597,1451.938,1.008
"L_uu_workout[41, 42]",0.0,0.0,0.0,0.0,0.0,,2000.0,2000.0,
"L_uu_workout[41, 43]",0.0,0.0,0.0,0.0,0.0,,2000.0,2000.0,
"L_uu_workout[41, 44]",0.0,0.0,0.0,0.0,0.0,,2000.0,2000.0,
"L_uu_workout[41, 45]",0.0,0.0,0.0,0.0,0.0,,2000.0,2000.0,
"L_uu_workout[41, 46]",0.0,0.0,0.0,0.0,0.0,,2000.0,2000.0,
"L_uu_workout[41, 47]",0.0,0.0,0.0,0.0,0.0,,2000.0,2000.0,
"L_uu_workout[41, 48]",0.0,0.0,0.0,0.0,0.0,,2000.0,2000.0,
"L_uu_workout[41, 49]",0.0,0.0,0.0,0.0,0.0,,2000.0,2000.0,
"L_uu_workout[42, 0]",0.104,0.069,0.005,0.234,0.002,0.002,1258.819,1336.777,1.002
"L_uu_workout[42, 1]",0.055,0.035,0.005,0.116,0.002,0.001,385.193,831.905,1.012
"L_uu_workout[42, 2]",0.039,0.02,0.007,0.077,0.001,0.001,745.753,1117.637,1.008
"L_uu_workout[42, 3]",0.026,0.012,0.008,0.049,0.0,0.0,890.438,1424.721,1.007
"L_uu_workout[42, 4]",0.02,0.009,0.009,0.038,0.0,0.0,642.555,961.211,1.009
"L_uu_workout[42, 5]",0.018,0.009,0.006,0.035,0.0,0.0,455.662,893.025,1.01
"L_uu_workout[42, 6]",0.017,0.011,0.005,0.037,0.0,0.0,417.202,991.369,1.01
"L_uu_workout[42, 7]",0.017,0.012,0.004,0.039,0.001,0.0,399.971,1031.18,1.01
"L_uu_workout[42, 8]",0.017,0.012,0.003,0.039,0.001,0.0,385.579,862.468,1.01
"L_uu_workout[42, 9]",0.016,0.012,0.003,0.037,0.001,0.0,378.491,757.721,1.01
"L_uu_workout[42, 10]",0.016,0.011,0.002,0.035,0.001,0.0,373.217,783.562,1.01
"L_uu_workout[42, 11]",0.015,0.01,0.002,0.033,0.0,0.0,365.546,824.803,1.01
"L_uu_workout[42, 12]",0.014,0.01,0.002,0.031,0.0,0.0,363.44,817.932,1.009
"L_uu_workout[42, 13]",0.013,0.009,0.001,0.029,0.0,0.0,360.796,849.268,1.009
"L_uu_workout[42, 14]",0.012,0.009,0.001,0.027,0.0,0.0,359.521,760.18,1.009
"L_uu_workout[42, 15]",0.012,0.008,0.001,0.026,0.0,0.0,359.61,730.616,1.009
"L_uu_workout[42, 16]",0.011,0.008,0.001,0.025,0.0,0.0,360.424,731.474,1.008
"L_uu_workout[42, 17]",0.01,0.008,0.001,0.024,0.0,0.0,361.963,744.853,1.008
"L_uu_workout[42, 18]",0.01,0.007,0.001,0.023,0.0,0.0,364.278,738.316,1.008
"L_uu_workout[42, 19]",0.009,0.007,0.001,0.022,0.0,0.0,367.798,734.283,1.008
"L_uu_workout[42, 20]",0.008,0.007,0.001,0.021,0.0,0.0,371.915,734.283,1.008
"L_uu_workout[42, 21]",0.008,0.006,0.001,0.019,0.0,0.0,377.221,732.241,1.008
"L_uu_workout[42, 22]",0.007,0.006,0.001,0.018,0.0,0.0,381.12,732.241,1.008
"L_uu_workout[42, 23]",0.007,0.006,0.001,0.017,0.0,0.0,385.082,746.122,1.008
"L_uu_workout[42, 24]",0.006,0.005,0.001,0.016,0.0,0.0,387.187,770.224,1.008
"L_uu_workout[42, 25]",0.006,0.005,0.001,0.014,0.0,0.0,387.924,770.224,1.008
"L_uu_workout[42, 26]",0.005,0.005,0.001,0.013,0.0,0.0,388.461,783.886,1.008
"L_uu_workout[42, 27]",0.005,0.004,0.001,0.012,0.0,0.0,389.589,783.886,1.007
"L_uu_workout[42, 28]",0.004,0.004,0.0,0.011,0.0,0.0,390.29,789.605,1.007
"L_uu_workout[42, 29]",0.004,0.003,0.0,0.01,0.0,0.0,390.685,792.916,1.007
"L_uu_workout[42, 30]",0.004,0.003,0.0,0.009,0.0,0.0,391.985,792.916,1.007
"L_uu_workout[42, 31]",0.003,0.003,0.0,0.008,0.0,0.0,392.914,798.815,1.007
"L_uu_workout[42, 32]",0.003,0.002,0.0,0.007,0.0,0.0,394.032,799.467,1.007
"L_uu_workout[42, 33]",0.003,0.002,0.0,0.006,0.0,0.0,395.473,790.157,1.007
"L_uu_workout[42, 34]",0.002,0.002,0.0,0.005,0.0,0.0,396.804,824.992,1.007
"L_uu_workout[42, 35]",0.002,0.002,0.0,0.005,0.0,0.0,398.428,839.553,1.007
"L_uu_workout[42, 36]",0.002,0.001,0.0,0.004,0.0,0.0,399.87,842.53,1.007
"L_uu_workout[42, 37]",0.002,0.001,0.0,0.003,0.0,0.0,401.603,861.479,1.007
"L_uu_workout[42, 38]",0.001,0.001,0.0,0.003,0.0,0.0,402.668,796.451,1.008
"L_uu_workout[42, 39]",0.001,0.001,0.0,0.002,0.0,0.0,404.202,796.451,1.008
"L_uu_workout[42, 40]",0.001,0.001,0.0,0.002,0.0,0.0,404.632,797.089,1.008
"L_uu_workout[42, 41]",0.001,0.0,0.0,0.002,0.0,0.0,404.975,786.189,1.008
"L_uu_workout[42, 42]",0.002,0.001,0.001,0.004,0.0,0.0,809.595,1408.695,1.008
"L_uu_workout[42, 43]",0.0,0.0,0.0,0.0,0.0,,2000.0,2000.0,
"L_uu_workout[42, 44]",0.0,0.0,0.0,0.0,0.0,,2000.0,2000.0,
"L_uu_workout[42, 45]",0.0,0.0,0.0,0.0,0.0,,2000.0,2000.0,
"L_uu_workout[42, 46]",0.0,0.0,0.0,0.0,0.0,,2000.0,2000.0,
"L_uu_workout[42, 47]",0.0,0.0,0.0,0.0,0.0,,2000.0,2000.0,
"L_uu_workout[42, 48]",0.0,0.0,0.0,0.0,0.0,,2000.0,2000.0,
"L_uu_workout[42, 49]",0.0,0.0,0.0,0.0,0.0,,2000.0,2000.0,
"L_uu_workout[43, 0]",0.102,0.069,0.007,0.235,0.002,0.002,1247.757,1156.442,1.002
"L_uu_workout[43, 1]",0.055,0.035,0.005,0.117,0.002,0.001,393.441,823.068,1.012
"L_uu_workout[43, 2]",0.039,0.021,0.007,0.079,0.001,0.001,813.335,1136.021,1.007
"L_uu_workout[43, 3]",0.026,0.012,0.007,0.049,0.0,0.0,956.5,1436.157,1.007
"L_uu_workout[43, 4]",0.02,0.009,0.008,0.037,0.0,0.0,672.244,1168.009,1.009
"L_uu_workout[43, 5]",0.018,0.009,0.007,0.035,0.0,0.0,463.515,913.272,1.01
"L_uu_workout[43, 6]",0.017,0.011,0.005,0.037,0.0,0.0,416.256,1134.796,1.01
"L_uu_workout[43, 7]",0.017,0.012,0.004,0.039,0.001,0.0,399.056,1031.18,1.01
"L_uu_workout[43, 8]",0.017,0.012,0.003,0.039,0.001,0.0,384.09,826.392,1.01
"L_uu_workout[43, 9]",0.017,0.012,0.003,0.038,0.001,0.0,377.753,757.721,1.01
"L_uu_workout[43, 10]",0.016,0.011,0.002,0.035,0.001,0.0,371.33,783.562,1.01
"L_uu_workout[43, 11]",0.015,0.01,0.002,0.034,0.001,0.0,364.526,824.803,1.01
"L_uu_workout[43, 12]",0.014,0.01,0.002,0.032,0.0,0.0,361.983,817.932,1.009
"L_uu_workout[43, 13]",0.014,0.009,0.002,0.03,0.0,0.0,359.336,849.268,1.009
"L_uu_workout[43, 14]",0.013,0.009,0.001,0.028,0.0,0.0,357.291,760.18,1.009
"L_uu_workout[43, 15]",0.012,0.008,0.001,0.027,0.0,0.0,357.842,730.616,1.009
"L_uu_workout[43, 16]",0.011,0.008,0.001,0.026,0.0,0.0,358.642,731.474,1.009
"L_uu_workout[43, 17]",0.011,0.008,0.001,0.025,0.0,0.0,360.193,744.853,1.008
"L_uu_workout[43, 18]",0.01,0.007,0.001,0.024,0.0,0.0,362.186,738.316,1.008
"L_uu_workout[43, 19]",0.01,0.007,0.001,0.023,0.0,0.0,366.283,734.283,1.008
"L_uu_workout[43, 20]",0.009,0.007,0.001,0.022,0.0,0.0,370.146,722.46,1.008
"L_uu_workout[43, 21]",0.008,0.007,0.001,0.02,0.0,0.0,375.726,722.46,1.008
"L_uu_workout[43, 22]",0.008,0.006,0.001,0.019,0.0,0.0,379.489,767.698,1.008
"L_uu_workout[43, 23]",0.007,0.006,0.001,0.018,0.0,0.0,383.308,767.861,1.008
"L_uu_workout[43, 24]",0.007,0.006,0.001,0.017,0.0,0.0,386.111,723.429,1.008
"L_uu_workout[43, 25]",0.006,0.005,0.001,0.015,0.0,0.0,387.392,770.224,1.008
"L_uu_workout[43, 26]",0.006,0.005,0.001,0.014,0.0,0.0,387.861,770.224,1.008
"L_uu_workout[43, 27]",0.005,0.005,0.001,0.013,0.0,0.0,388.934,783.886,1.007
"L_uu_workout[43, 28]",0.005,0.004,0.001,0.012,0.0,0.0,389.662,789.605,1.007
"L_uu_workout[43, 29]",0.004,0.004,0.0,0.011,0.0,0.0,390.173,813.341,1.007
"L_uu_workout[43, 30]",0.004,0.003,0.0,0.01,0.0,0.0,391.532,792.916,1.007
"L_uu_workout[43, 31]",0.004,0.003,0.0,0.009,0.0,0.0,392.581,792.634,1.007
"L_uu_workout[43, 32]",0.003,0.003,0.0,0.008,0.0,0.0,393.632,799.467,1.007
"L_uu_workout[43, 33]",0.003,0.002,0.0,0.007,0.0,0.0,394.99,806.241,1.007
"L_uu_workout[43, 34]",0.003,0.002,0.0,0.006,0.0,0.0,396.15,824.992,1.007
"L_uu_workout[43, 35]",0.002,0.002,0.0,0.005,0.0,0.0,397.696,839.553,1.007
"L_uu_workout[43, 36]",0.002,0.002,0.0,0.005,0.0,0.0,399.089,842.53,1.007
"L_uu_workout[43, 37]",0.002,0.001,0.0,0.004,0.0,0.0,400.406,854.354,1.007
"L_uu_workout[43, 38]",0.002,0.001,0.0,0.003,0.0,0.0,401.88,810.258,1.007
"L_uu_workout[43, 39]",0.001,0.001,0.0,0.003,0.0,0.0,403.053,817.18,1.008
"L_uu_workout[43, 40]",0.001,0.001,0.0,0.002,0.0,0.0,403.761,797.089,1.008
"L_uu_workout[43, 41]",0.001,0.001,0.0,0.002,0.0,0.0,404.744,797.055,1.008
"L_uu_workout[43, 42]",0.001,0.0,0.0,0.002,0.0,0.0,404.386,803.821,1.008
"L_uu_workout[43, 43]",0.002,0.001,0.001,0.004,0.0,0.0,809.228,1408.695,1.008
"L_uu_workout[43, 44]",0.0,0.0,0.0,0.0,0.0,,2000.0,2000.0,
"L_uu_workout[43, 45]",0.0,0.0,0.0,0.0,0.0,,2000.0,2000.0,
"L_uu_workout[43, 46]",0.0,0.0,0.0,0.0,0.0,,2000.0,2000.0,
"L_uu_workout[43, 47]",0.0,0.0,0.0,0.0,0.0,,2000.0,2000.0,
"L_uu_workout[43, 48]",0.0,0.0,0.0,0.0,0.0,,2000.0,2000.0,
"L_uu_workout[43, 49]",0.0,0.0,0.0,0.0,0.0,,2000.0,2000.0,
"L_uu_workout[44, 0]",0.101,0.069,0.003,0.23,0.002,0.002,1238.039,1156.442,1.002
"L_uu_workout[44, 1]",0.054,0.035,0.005,0.117,0.002,0.001,405.272,939.659,1.012
"L_uu_workout[44, 2]",0.039,0.021,0.007,0.08,0.001,0.001,847.175,1353.26,1.007
"L_uu_workout[44, 3]",0.026,0.012,0.007,0.05,0.0,0.0,1034.083,1435.929,1.006
"L_uu_workout[44, 4]",0.021,0.009,0.009,0.038,0.0,0.0,711.315,1155.493,1.009
"L_uu_workout[44, 5]",0.018,0.009,0.007,0.036,0.0,0.0,474.738,904.321,1.011
"L_uu_workout[44, 6]",0.018,0.011,0.005,0.038,0.0,0.0,417.211,1032.524,1.011
"L_uu_workout[44, 7]",0.017,0.012,0.004,0.04,0.001,0.0,398.727,1054.545,1.011
"L_uu_workout[44, 8]",0.017,0.012,0.003,0.039,0.001,0.0,383.055,826.392,1.011
"L_uu_workout[44, 9]",0.017,0.012,0.003,0.038,0.001,0.0,377.829,764.847,1.01
"L_uu_workout[44, 10]",0.016,0.011,0.002,0.036,0.001,0.0,369.89,783.562,1.01
"L_uu_workout[44, 11]",0.016,0.011,0.002,0.034,0.001,0.0,363.691,824.803,1.01
"L_uu_workout[44, 12]",0.015,0.01,0.002,0.032,0.0,0.0,360.002,817.932,1.01
"L_uu_workout[44, 13]",0.014,0.009,0.002,0.031,0.0,0.0,356.867,812.851,1.01
"L_uu_workout[44, 14]",0.013,0.009,0.001,0.029,0.0,0.0,355.748,760.18,1.009
"L_uu_workout[44, 15]",0.013,0.009,0.001,0.027,0.0,0.0,355.654,706.622,1.009
"L_uu_workout[44, 16]",0.012,0.008,0.001,0.027,0.0,0.0,356.849,749.558,1.009
"L_uu_workout[44, 17]",0.011,0.008,0.001,0.026,0.0,0.0,358.851,738.316,1.009
"L_uu_workout[44, 18]",0.011,0.008,0.001,0.025,0.0,0.0,360.622,736.512,1.009
"L_uu_workout[44, 19]",0.01,0.007,0.001,0.024,0.0,0.0,364.752,722.46,1.008
"L_uu_workout[44, 20]",0.009,0.007,0.001,0.022,0.0,0.0,368.514,722.46,1.008
"L_uu_workout[44, 21]",0.009,0.007,0.001,0.021,0.0,0.0,372.823,715.641,1.008
"L_uu_workout[44, 22]",0.008,0.007,0.001,0.02,0.0,0.0,377.496,767.698,1.008
"L_uu_workout[44, 23]",0.008,0.006,0.001,0.019,0.0,0.0,381.152,721.651,1.008
"L_uu_workout[44, 24]",0.007,0.006,0.001,0.018,0.0,0.0,385.314,744.338,1.008
"L_uu_workout[44, 25]",0.007,0.006,0.001,0.016,0.0,0.0,386.825,761.233,1.008
"L_uu_workout[44, 26]",0.006,0.005,0.001,0.015,0.0,0.0,387.67,770.224,1.008
"L_uu_workout[44, 27]",0.006,0.005,0.001,0.014,0.0,0.0,387.942,783.886,1.007
"L_uu_workout[44, 28]",0.005,0.004,0.0,0.013,0.0,0.0,388.889,789.605,1.007
"L_uu_workout[44, 29]",0.005,0.004,0.001,0.012,0.0,0.0,389.544,813.341,1.007
"L_uu_workout[44, 30]",0.004,0.004,0.0,0.011,0.0,0.0,390.961,792.916,1.007
"L_uu_workout[44, 31]",0.004,0.003,0.0,0.01,0.0,0.0,392.248,792.634,1.007
"L_uu_workout[44, 32]",0.004,0.003,0.0,0.009,0.0,0.0,393.343,799.467,1.007
"L_uu_workout[44, 33]",0.003,0.003,0.0,0.008,0.0,0.0,394.609,806.241,1.007
"L_uu_workout[44, 34]",0.003,0.002,0.0,0.007,0.0,0.0,395.623,824.992,1.007
"L_uu_workout[44, 35]",0.003,0.002,0.0,0.006,0.0,0.0,397.064,839.553,1.007
"L_uu_workout[44, 36]",0.002,0.002,0.0,0.005,0.0,0.0,398.531,854.031,1.007
"L_uu_workout[44, 37]",0.002,0.002,0.0,0.005,0.0,0.0,399.832,853.883,1.007
"L_uu_workout[44, 38]",0.002,0.001,0.0,0.004,0.0,0.0,400.797,809.832,1.007
"L_uu_workout[44, 39]",0.002,0.001,0.0,0.003,0.0,0.0,402.186,823.695,1.007
"L_uu_workout[44, 40]",0.001,0.001,0.0,0.003,0.0,0.0,403.325,817.18,1.008
"L_uu_workout[44, 41]",0.001,0.001,0.0,0.002,0.0,0.0,403.043,797.089,1.008
"L_uu_workout[44, 42]",0.001,0.001,0.0,0.002,0.0,0.0,403.872,810.668,1.008
"L_uu_workout[44, 43]",0.001,0.0,0.0,0.001,0.0,0.0,403.579,817.597,1.008
"L_uu_workout[44, 44]",0.002,0.001,0.001,0.004,0.0,0.0,808.545,1408.695,1.008
"L_uu_workout[44, 45]",0.0,0.0,0.0,0.0,0.0,,2000.0,2000.0,
"L_uu_workout[44, 46]",0.0,0.0,0.0,0.0,0.0,,2000.0,2000.0,
"L_uu_workout[44, 47]",0.0,0.0,0.0,0.0,0.0,,2000.0,2000.0,
"L_uu_workout[44, 48]",0.0,0.0,0.0,0.0,0.0,,2000.0,2000.0,
"L_uu_workout[44, 49]",0.0,0.0,0.0,0.0,0.0,,2000.0,2000.0,
"L_uu_workout[45, 0]",0.099,0.069,0.003,0.228,0.002,0.002,1228.085,1128.88,1.002
"L_uu_workout[45, 1]",0.054,0.035,0.006,0.118,0.002,0.001,416.5,937.501,1.011
"L_uu_workout[45, 2]",0.039,0.021,0.006,0.08,0.001,0.001,884.726,1423.081,1.007
"L_uu_workout[45, 3]",0.027,0.012,0.007,0.05,0.0,0.0,1083.617,1566.996,1.006
"L_uu_workout[45, 4]",0.021,0.009,0.009,0.039,0.0,0.0,759.877,1221.111,1.009
"L_uu_workout[45, 5]",0.018,0.009,0.007,0.035,0.0,0.0,487.409,950.877,1.011
"L_uu_workout[45, 6]",0.018,0.011,0.006,0.038,0.0,0.0,420.494,1094.031,1.011
"L_uu_workout[45, 7]",0.018,0.012,0.004,0.04,0.001,0.0,396.459,1054.663,1.011
"L_uu_workout[45, 8]",0.018,0.012,0.004,0.04,0.001,0.0,382.959,826.392,1.011
"L_uu_workout[45, 9]",0.017,0.012,0.003,0.039,0.001,0.0,377.522,740.405,1.01
"L_uu_workout[45, 10]",0.017,0.011,0.002,0.037,0.001,0.0,369.702,832.134,1.01
"L_uu_workout[45, 11]",0.016,0.011,0.002,0.035,0.001,0.0,363.34,817.576,1.01
"L_uu_workout[45, 12]",0.015,0.01,0.002,0.033,0.0,0.0,357.428,838.463,1.01
"L_uu_workout[45, 13]",0.014,0.009,0.002,0.031,0.0,0.0,355.153,812.851,1.01
"L_uu_workout[45, 14]",0.014,0.009,0.001,0.029,0.0,0.0,354.36,760.18,1.009
"L_uu_workout[45, 15]",0.013,0.009,0.001,0.028,0.0,0.0,353.762,706.622,1.009
"L_uu_workout[45, 16]",0.012,0.008,0.001,0.027,0.0,0.0,355.467,769.763,1.009
"L_uu_workout[45, 17]",0.012,0.008,0.001,0.026,0.0,0.0,356.869,738.316,1.009
"L_uu_workout[45, 18]",0.011,0.008,0.001,0.025,0.0,0.0,358.976,736.512,1.009
"L_uu_workout[45, 19]",0.01,0.008,0.001,0.024,0.0,0.0,362.603,722.46,1.009
"L_uu_workout[45, 20]",0.01,0.007,0.001,0.023,0.0,0.0,367.176,722.46,1.008
"L_uu_workout[45, 21]",0.009,0.007,0.001,0.022,0.0,0.0,371.008,715.641,1.008
"L_uu_workout[45, 22]",0.009,0.007,0.001,0.021,0.0,0.0,376.045,714.817,1.008
"L_uu_workout[45, 23]",0.008,0.007,0.001,0.02,0.0,0.0,379.829,721.651,1.008
"L_uu_workout[45, 24]",0.008,0.006,0.001,0.019,0.0,0.0,382.802,744.338,1.008
"L_uu_workout[45, 25]",0.007,0.006,0.001,0.017,0.0,0.0,385.53,761.233,1.008
"L_uu_workout[45, 26]",0.007,0.006,0.001,0.016,0.0,0.0,386.519,761.233,1.008
"L_uu_workout[45, 27]",0.006,0.005,0.001,0.015,0.0,0.0,387.299,783.886,1.007
"L_uu_workout[45, 28]",0.006,0.005,0.0,0.014,0.0,0.0,388.165,783.886,1.007
"L_uu_workout[45, 29]",0.005,0.004,0.001,0.013,0.0,0.0,388.965,789.605,1.007
"L_uu_workout[45, 30]",0.005,0.004,0.0,0.012,0.0,0.0,390.259,792.916,1.007
"L_uu_workout[45, 31]",0.004,0.004,0.0,0.011,0.0,0.0,391.718,792.634,1.007
"L_uu_workout[45, 32]",0.004,0.003,0.0,0.01,0.0,0.0,392.697,799.467,1.007
"L_uu_workout[45, 33]",0.004,0.003,0.0,0.009,0.0,0.0,394.114,806.241,1.007
"L_uu_workout[45, 34]",0.003,0.003,0.0,0.008,0.0,0.0,395.306,790.157,1.007
"L_uu_workout[45, 35]",0.003,0.002,0.0,0.007,0.0,0.0,396.518,824.992,1.007
"L_uu_workout[45, 36]",0.003,0.002,0.0,0.006,0.0,0.0,397.913,839.553,1.007
"L_uu_workout[45, 37]",0.002,0.002,0.0,0.005,0.0,0.0,399.092,850.057,1.007
"L_uu_workout[45, 38]",0.002,0.002,0.0,0.005,0.0,0.0,400.179,853.883,1.007
"L_uu_workout[45, 39]",0.002,0.001,0.0,0.004,0.0,0.0,401.22,809.832,1.007
"L_uu_workout[45, 40]",0.002,0.001,0.0,0.003,0.0,0.0,402.317,817.18,1.007
"L_uu_workout[45, 41]",0.001,0.001,0.0,0.003,0.0,0.0,403.198,824.258,1.007
"L_uu_workout[45, 42]",0.001,0.001,0.0,0.002,0.0,0.0,402.467,824.258,1.008
"L_uu_workout[45, 43]",0.001,0.001,0.0,0.002,0.0,0.0,403.364,831.89,1.008
"L_uu_workout[45, 44]",0.001,0.0,0.0,0.001,0.0,0.0,403.332,797.468,1.008
"L_uu_workout[45, 45]",0.002,0.001,0.001,0.004,0.0,0.0,807.522,1408.695,1.008
"L_uu_workout[45, 46]",0.0,0.0,0.0,0.0,0.0,,2000.0,2000.0,
"L_uu_workout[45, 47]",0.0,0.0,0.0,0.0,0.0,,2000.0,2000.0,
"L_uu_workout[45, 48]",0.0,0.0,0.0,0.0,0.0,,2000.0,2000.0,
"L_uu_workout[45, 49]",0.0,0.0,0.0,0.0,0.0,,2000.0,2000.0,
"L_uu_workout[46, 0]",0.098,0.068,0.0,0.224,0.002,0.002,1212.378,1128.88,1.002
"L_uu_workout[46, 1]",0.054,0.035,0.006,0.118,0.002,0.001,428.612,891.508,1.011
"L_uu_workout[46, 2]",0.039,0.021,0.006,0.081,0.001,0.001,920.64,1445.377,1.006
"L_uu_workout[46, 3]",0.027,0.013,0.006,0.051,0.0,0.0,1139.677,1525.015,1.006
"L_uu_workout[46, 4]",0.021,0.009,0.009,0.039,0.0,0.0,821.095,1342.488,1.009
"L_uu_workout[46, 5]",0.019,0.009,0.007,0.035,0.0,0.0,500.5,945.361,1.011
"L_uu_workout[46, 6]",0.018,0.011,0.005,0.038,0.0,0.0,424.816,1139.913,1.011
"L_uu_workout[46, 7]",0.018,0.012,0.004,0.04,0.001,0.0,397.662,1054.663,1.011
"L_uu_workout[46, 8]",0.018,0.012,0.004,0.041,0.001,0.0,382.518,839.628,1.011
"L_uu_workout[46, 9]",0.017,0.012,0.003,0.039,0.001,0.0,375.683,740.405,1.011
"L_uu_workout[46, 10]",0.017,0.012,0.003,0.037,0.001,0.0,369.614,832.134,1.01
"L_uu_workout[46, 11]",0.016,0.011,0.002,0.035,0.001,0.0,362.39,817.576,1.01
"L_uu_workout[46, 12]",0.016,0.01,0.002,0.033,0.001,0.0,355.88,838.463,1.01
"L_uu_workout[46, 13]",0.015,0.01,0.002,0.032,0.0,0.0,353.593,812.851,1.01
"L_uu_workout[46, 14]",0.014,0.009,0.002,0.03,0.0,0.0,352.24,760.18,1.01
"L_uu_workout[46, 15]",0.013,0.009,0.001,0.028,0.0,0.0,352.638,706.622,1.009
"L_uu_workout[46, 16]",0.013,0.009,0.001,0.027,0.0,0.0,353.412,744.853,1.009
"L_uu_workout[46, 17]",0.012,0.008,0.001,0.027,0.0,0.0,355.185,738.316,1.009
"L_uu_workout[46, 18]",0.011,0.008,0.001,0.026,0.0,0.0,357.41,770.296,1.009
"L_uu_workout[46, 19]",0.011,0.008,0.001,0.025,0.0,0.0,361.017,722.46,1.009
"L_uu_workout[46, 20]",0.01,0.008,0.001,0.024,0.0,0.0,364.784,715.641,1.008
"L_uu_workout[46, 21]",0.01,0.007,0.001,0.023,0.0,0.0,369.0,715.641,1.008
"L_uu_workout[46, 22]",0.009,0.007,0.001,0.022,0.0,0.0,372.956,714.817,1.008
"L_uu_workout[46, 23]",0.009,0.007,0.001,0.021,0.0,0.0,377.803,715.416,1.008
"L_uu_workout[46, 24]",0.008,0.007,0.001,0.02,0.0,0.0,380.239,744.338,1.008
"L_uu_workout[46, 25]",0.007,0.006,0.001,0.018,0.0,0.0,383.492,761.233,1.008
"L_uu_workout[46, 26]",0.007,0.006,0.001,0.017,0.0,0.0,385.07,761.233,1.008
"L_uu_workout[46, 27]",0.006,0.006,0.0,0.016,0.0,0.0,386.606,734.754,1.007
"L_uu_workout[46, 28]",0.006,0.005,0.0,0.015,0.0,0.0,387.605,783.886,1.007
"L_uu_workout[46, 29]",0.006,0.005,0.001,0.014,0.0,0.0,388.372,789.605,1.007
"L_uu_workout[46, 30]",0.005,0.004,0.001,0.013,0.0,0.0,389.511,792.916,1.007
"L_uu_workout[46, 31]",0.005,0.004,0.0,0.012,0.0,0.0,391.289,792.634,1.007
"L_uu_workout[46, 32]",0.004,0.004,0.0,0.011,0.0,0.0,392.437,779.726,1.007
"L_uu_workout[46, 33]",0.004,0.003,0.0,0.01,0.0,0.0,393.61,806.241,1.007
"L_uu_workout[46, 34]",0.004,0.003,0.0,0.009,0.0,0.0,394.858,806.241,1.007
"L_uu_workout[46, 35]",0.003,0.003,0.0,0.008,0.0,0.0,396.155,824.992,1.007
"L_uu_workout[46, 36]",0.003,0.002,0.0,0.007,0.0,0.0,397.471,839.553,1.007
"L_uu_workout[46, 37]",0.003,0.002,0.0,0.006,0.0,0.0,398.719,850.057,1.007
"L_uu_workout[46, 38]",0.002,0.002,0.0,0.005,0.0,0.0,399.719,853.883,1.007
"L_uu_workout[46, 39]",0.002,0.002,0.0,0.005,0.0,0.0,400.338,809.832,1.007
"L_uu_workout[46, 40]",0.002,0.001,0.0,0.004,0.0,0.0,401.459,816.747,1.007
"L_uu_workout[46, 41]",0.001,0.001,0.0,0.003,0.0,0.0,402.032,816.747,1.007
"L_uu_workout[46, 42]",0.001,0.001,0.0,0.003,0.0,0.0,402.687,823.817,1.007
"L_uu_workout[46, 43]",0.001,0.001,0.0,0.002,0.0,0.0,402.722,817.632,1.008
"L_uu_workout[46, 44]",0.001,0.001,0.0,0.002,0.0,0.0,402.347,839.686,1.008
"L_uu_workout[46, 45]",0.001,0.0,0.0,0.001,0.0,0.0,402.842,797.468,1.008
"L_uu_workout[46, 46]",0.002,0.001,0.001,0.004,0.0,0.0,806.665,1441.855,1.008
"L_uu_workout[46, 47]",0.0,0.0,0.0,0.0,0.0,,2000.0,2000.0,
"L_uu_workout[46, 48]",0.0,0.0,0.0,0.0,0.0,,2000.0,2000.0,
"L_uu_workout[46, 49]",0.0,0.0,0.0,0.0,0.0,,2000.0,2000.0,
"L_uu_workout[47, 0]",0.096,0.068,0.0,0.223,0.002,0.002,1195.954,1037.344,1.002
"L_uu_workout[47, 1]",0.054,0.035,0.005,0.118,0.001,0.001,445.554,1007.761,1.011
"L_uu_workout[47, 2]",0.039,0.022,0.006,0.081,0.001,0.001,955.813,1466.976,1.006
"L_uu_workout[47, 3]",0.027,0.013,0.006,0.052,0.0,0.0,1185.001,1501.695,1.005
"L_uu_workout[47, 4]",0.021,0.009,0.009,0.039,0.0,0.0,883.334,1371.521,1.009
"L_uu_workout[47, 5]",0.019,0.009,0.007,0.036,0.0,0.0,518.43,1076.056,1.011
"L_uu_workout[47, 6]",0.018,0.011,0.005,0.038,0.0,0.0,428.576,1139.913,1.011
"L_uu_workout[47, 7]",0.018,0.012,0.004,0.04,0.001,0.0,400.107,1078.125,1.011
"L_uu_workout[47, 8]",0.018,0.012,0.004,0.041,0.001,0.0,381.554,890.982,1.011
"L_uu_workout[47, 9]",0.018,0.012,0.003,0.04,0.001,0.0,375.111,740.405,1.011
"L_uu_workout[47, 10]",0.017,0.012,0.003,0.038,0.001,0.0,368.506,810.85,1.011
"L_uu_workout[47, 11]",0.017,0.011,0.002,0.036,0.001,0.0,362.924,817.576,1.011
"L_uu_workout[47, 12]",0.016,0.01,0.002,0.034,0.001,0.0,356.213,838.463,1.01
"L_uu_workout[47, 13]",0.015,0.01,0.002,0.032,0.0,0.0,353.016,812.851,1.01
"L_uu_workout[47, 14]",0.014,0.009,0.001,0.031,0.0,0.0,350.938,760.18,1.01
"L_uu_workout[47, 15]",0.014,0.009,0.001,0.029,0.0,0.0,350.874,706.622,1.01
"L_uu_workout[47, 16]",0.013,0.009,0.001,0.028,0.0,0.0,351.39,744.853,1.009
"L_uu_workout[47, 17]",0.012,0.008,0.001,0.027,0.0,0.0,352.302,738.316,1.009
"L_uu_workout[47, 18]",0.012,0.008,0.001,0.026,0.0,0.0,354.917,734.283,1.009
"L_uu_workout[47, 19]",0.011,0.008,0.001,0.026,0.0,0.0,358.904,722.46,1.009
"L_uu_workout[47, 20]",0.011,0.008,0.001,0.025,0.0,0.0,362.739,715.641,1.009
"L_uu_workout[47, 21]",0.01,0.008,0.001,0.024,0.0,0.0,366.669,760.639,1.008
"L_uu_workout[47, 22]",0.009,0.007,0.001,0.023,0.0,0.0,370.163,709.701,1.008
"L_uu_workout[47, 23]",0.009,0.007,0.001,0.022,0.0,0.0,375.891,715.416,1.008
"L_uu_workout[47, 24]",0.008,0.007,0.001,0.02,0.0,0.0,378.237,744.338,1.008
"L_uu_workout[47, 25]",0.008,0.006,0.001,0.019,0.0,0.0,380.71,744.338,1.008
"L_uu_workout[47, 26]",0.007,0.006,0.001,0.019,0.0,0.0,383.416,761.233,1.008
"L_uu_workout[47, 27]",0.007,0.006,0.001,0.017,0.0,0.0,385.276,734.754,1.008
"L_uu_workout[47, 28]",0.006,0.005,0.0,0.016,0.0,0.0,387.045,783.886,1.007
"L_uu_workout[47, 29]",0.006,0.005,0.0,0.015,0.0,0.0,387.844,789.605,1.007
"L_uu_workout[47, 30]",0.006,0.005,0.001,0.014,0.0,0.0,388.916,792.916,1.007
"L_uu_workout[47, 31]",0.005,0.004,0.001,0.013,0.0,0.0,390.76,792.634,1.007
"L_uu_workout[47, 32]",0.005,0.004,0.0,0.012,0.0,0.0,391.866,779.726,1.007
"L_uu_workout[47, 33]",0.004,0.004,0.0,0.011,0.0,0.0,393.295,806.241,1.007
"L_uu_workout[47, 34]",0.004,0.003,0.0,0.01,0.0,0.0,394.386,806.241,1.007
"L_uu_workout[47, 35]",0.003,0.003,0.0,0.009,0.0,0.0,395.779,824.992,1.007
"L_uu_workout[47, 36]",0.003,0.003,0.0,0.008,0.0,0.0,396.937,839.553,1.007
"L_uu_workout[47, 37]",0.003,0.002,0.0,0.007,0.0,0.0,398.061,850.057,1.007
"L_uu_workout[47, 38]",0.003,0.002,0.0,0.006,0.0,0.0,399.286,853.883,1.007
"L_uu_workout[47, 39]",0.002,0.002,0.0,0.005,0.0,0.0,399.8,809.832,1.007
"L_uu_workout[47, 40]",0.002,0.002,0.0,0.005,0.0,0.0,400.342,809.832,1.007
"L_uu_workout[47, 41]",0.002,0.001,0.0,0.004,0.0,0.0,401.183,816.747,1.007
"L_uu_workout[47, 42]",0.001,0.001,0.0,0.003,0.0,0.0,401.921,823.817,1.007
"L_uu_workout[47, 43]",0.001,0.001,0.0,0.003,0.0,0.0,402.626,823.817,1.007
"L_uu_workout[47, 44]",0.001,0.001,0.0,0.002,0.0,0.0,401.978,817.632,1.008
"L_uu_workout[47, 45]",0.001,0.001,0.0,0.002,0.0,0.0,401.511,831.765,1.008
"L_uu_workout[47, 46]",0.001,0.0,0.0,0.001,0.0,0.0,402.086,832.342,1.008
"L_uu_workout[47, 47]",0.002,0.001,0.001,0.004,0.0,0.0,806.126,1389.671,1.008
"L_uu_workout[47, 48]",0.0,0.0,0.0,0.0,0.0,,2000.0,2000.0,
"L_uu_workout[47, 49]",0.0,0.0,0.0,0.0,0.0,,2000.0,2000.0,
"L_uu_workout[48, 0]",0.095,0.068,0.0,0.222,0.002,0.002,1177.585,1037.344,1.002
"L_uu_workout[48, 1]",0.054,0.035,0.005,0.118,0.001,0.001,462.237,1071.706,1.011
"L_uu_workout[48, 2]",0.039,0.022,0.005,0.082,0.001,0.001,991.998,1467.586,1.006
"L_uu_workout[48, 3]",0.027,0.013,0.006,0.053,0.0,0.0,1229.355,1478.863,1.005
"L_uu_workout[48, 4]",0.021,0.009,0.009,0.04,0.0,0.0,937.814,1336.467,1.008
"L_uu_workout[48, 5]",0.019,0.009,0.008,0.036,0.0,0.0,538.414,1147.314,1.011
"L_uu_workout[48, 6]",0.018,0.011,0.006,0.038,0.0,0.0,433.907,1139.913,1.011
"L_uu_workout[48, 7]",0.018,0.012,0.005,0.04,0.001,0.0,402.496,1064.508,1.011
"L_uu_workout[48, 8]",0.018,0.012,0.004,0.041,0.001,0.0,383.823,890.982,1.011
"L_uu_workout[48, 9]",0.018,0.012,0.003,0.04,0.001,0.0,375.786,755.38,1.011
"L_uu_workout[48, 10]",0.017,0.012,0.003,0.039,0.001,0.0,368.55,810.85,1.011
"L_uu_workout[48, 11]",0.017,0.011,0.002,0.036,0.001,0.0,362.009,817.576,1.011
"L_uu_workout[48, 12]",0.016,0.01,0.002,0.034,0.001,0.0,355.735,823.945,1.011
"L_uu_workout[48, 13]",0.015,0.01,0.002,0.033,0.0,0.0,351.275,812.851,1.01
"L_uu_workout[48, 14]",0.015,0.009,0.002,0.031,0.0,0.0,350.058,760.18,1.01
"L_uu_workout[48, 15]",0.014,0.009,0.001,0.029,0.0,0.0,349.351,707.175,1.01
"L_uu_workout[48, 16]",0.013,0.009,0.001,0.028,0.0,0.0,348.985,744.853,1.01
"L_uu_workout[48, 17]",0.013,0.009,0.001,0.028,0.0,0.0,350.261,738.316,1.009
"L_uu_workout[48, 18]",0.012,0.008,0.001,0.027,0.0,0.0,352.686,722.46,1.009
"L_uu_workout[48, 19]",0.011,0.008,0.001,0.026,0.0,0.0,356.344,722.46,1.009
"L_uu_workout[48, 20]",0.011,0.008,0.001,0.025,0.0,0.0,360.372,715.641,1.009
"L_uu_workout[48, 21]",0.01,0.008,0.001,0.025,0.0,0.0,364.939,760.639,1.009
"L_uu_workout[48, 22]",0.01,0.008,0.001,0.024,0.0,0.0,367.898,709.701,1.008
"L_uu_workout[48, 23]",0.009,0.007,0.001,0.023,0.0,0.0,372.719,715.416,1.008
"L_uu_workout[48, 24]",0.009,0.007,0.001,0.022,0.0,0.0,376.203,744.338,1.008
"L_uu_workout[48, 25]",0.008,0.007,0.001,0.02,0.0,0.0,378.544,744.338,1.008
"L_uu_workout[48, 26]",0.008,0.006,0.001,0.019,0.0,0.0,380.901,761.233,1.008
"L_uu_workout[48, 27]",0.007,0.006,0.001,0.018,0.0,0.0,383.66,734.754,1.008
"L_uu_workout[48, 28]",0.007,0.006,0.001,0.017,0.0,0.0,385.671,783.886,1.007
"L_uu_workout[48, 29]",0.006,0.005,0.0,0.016,0.0,0.0,387.431,789.605,1.007
"L_uu_workout[48, 30]",0.006,0.005,0.0,0.015,0.0,0.0,388.662,781.787,1.007
"L_uu_workout[48, 31]",0.005,0.005,0.001,0.014,0.0,0.0,389.999,792.634,1.007
"L_uu_workout[48, 32]",0.005,0.004,0.0,0.013,0.0,0.0,391.435,792.634,1.007
"L_uu_workout[48, 33]",0.005,0.004,0.0,0.011,0.0,0.0,392.866,799.467,1.007
"L_uu_workout[48, 34]",0.004,0.004,0.0,0.01,0.0,0.0,393.987,806.241,1.007
"L_uu_workout[48, 35]",0.004,0.003,0.0,0.01,0.0,0.0,395.314,824.992,1.007
"L_uu_workout[48, 36]",0.003,0.003,0.0,0.009,0.0,0.0,396.552,839.553,1.007
"L_uu_workout[48, 37]",0.003,0.003,0.0,0.008,0.0,0.0,397.71,850.057,1.007
"L_uu_workout[48, 38]",0.003,0.002,0.0,0.007,0.0,0.0,398.694,850.057,1.007
"L_uu_workout[48, 39]",0.002,0.002,0.0,0.006,0.0,0.0,399.451,809.832,1.007
"L_uu_workout[48, 40]",0.002,0.002,0.0,0.005,0.0,0.0,400.068,809.832,1.007
"L_uu_workout[48, 41]",0.002,0.002,0.0,0.005,0.0,0.0,400.555,816.747,1.007
"L_uu_workout[48, 42]",0.002,0.001,0.0,0.004,0.0,0.0,401.031,816.747,1.007
"L_uu_workout[48, 43]",0.001,0.001,0.0,0.003,0.0,0.0,401.467,823.757,1.007
"L_uu_workout[48, 44]",0.001,0.001,0.0,0.003,0.0,0.0,402.242,831.752,1.007
"L_uu_workout[48, 45]",0.001,0.001,0.0,0.002,0.0,0.0,400.883,817.463,1.008
"L_uu_workout[48, 46]",0.001,0.001,0.0,0.002,0.0,0.0,401.458,831.765,1.008
"L_uu_workout[48, 47]",0.001,0.0,0.0,0.001,0.0,0.0,401.584,831.765,1.008
"L_uu_workout[48, 48]",0.002,0.001,0.001,0.004,0.0,0.0,805.553,1389.671,1.008
"L_uu_workout[48, 49]",0.0,0.0,0.0,0.0,0.0,,2000.0,2000.0,
"L_uu_workout[49, 0]",0.093,0.068,0.0,0.219,0.002,0.002,1159.632,1037.344,1.002
"L_uu_workout[49, 1]",0.054,0.035,0.005,0.118,0.001,0.001,482.536,1120.63,1.01
"L_uu_workout[49, 2]",0.039,0.022,0.003,0.081,0.001,0.001,1026.983,1447.815,1.005
"L_uu_workout[49, 3]",0.027,0.013,0.006,0.053,0.0,0.0,1266.146,1478.863,1.005
"L_uu_workout[49, 4]",0.021,0.009,0.009,0.04,0.0,0.0,991.885,1303.024,1.008
"L_uu_workout[49, 5]",0.019,0.009,0.008,0.036,0.0,0.0,559.776,1310.278,1.011
"L_uu_workout[49, 6]",0.018,0.01,0.006,0.038,0.0,0.0,439.323,1152.956,1.012
"L_uu_workout[49, 7]",0.018,0.012,0.005,0.04,0.001,0.0,406.325,1076.425,1.012
"L_uu_workout[49, 8]",0.018,0.012,0.004,0.041,0.001,0.0,386.581,890.982,1.011
"L_uu_workout[49, 9]",0.018,0.012,0.003,0.041,0.001,0.0,376.365,783.164,1.011
"L_uu_workout[49, 10]",0.018,0.012,0.003,0.039,0.001,0.0,369.731,810.85,1.011
"L_uu_workout[49, 11]",0.017,0.011,0.002,0.037,0.001,0.0,362.048,810.702,1.011
"L_uu_workout[49, 12]",0.016,0.011,0.002,0.034,0.001,0.0,355.575,823.945,1.011
"L_uu_workout[49, 13]",0.016,0.01,0.002,0.033,0.0,0.0,350.613,785.717,1.011
"L_uu_workout[49, 14]",0.015,0.009,0.002,0.032,0.0,0.0,348.752,760.18,1.01
"L_uu_workout[49, 15]",0.014,0.009,0.001,0.03,0.0,0.0,347.106,707.175,1.01
"L_uu_workout[49, 16]",0.014,0.009,0.001,0.029,0.0,0.0,347.575,744.853,1.01
"L_uu_workout[49, 17]",0.013,0.009,0.001,0.028,0.0,0.0,348.178,738.316,1.01
"L_uu_workout[49, 18]",0.012,0.008,0.001,0.028,0.0,0.0,350.564,722.46,1.009
"L_uu_workout[49, 19]",0.012,0.008,0.001,0.027,0.0,0.0,354.209,722.46,1.009
"L_uu_workout[49, 20]",0.011,0.008,0.001,0.026,0.0,0.0,358.429,715.641,1.009
"L_uu_workout[49, 21]",0.011,0.008,0.001,0.025,0.0,0.0,362.899,709.701,1.009
"L_uu_workout[49, 22]",0.01,0.008,0.001,0.025,0.0,0.0,366.144,709.701,1.009
"L_uu_workout[49, 23]",0.01,0.008,0.001,0.023,0.0,0.0,369.984,737.068,1.008
"L_uu_workout[49, 24]",0.009,0.007,0.001,0.023,0.0,0.0,373.901,744.338,1.008
"L_uu_workout[49, 25]",0.009,0.007,0.001,0.021,0.0,0.0,376.959,744.338,1.008
"L_uu_workout[49, 26]",0.008,0.007,0.001,0.02,0.0,0.0,378.724,761.233,1.008
"L_uu_workout[49, 27]",0.008,0.006,0.001,0.019,0.0,0.0,381.367,734.754,1.008
"L_uu_workout[49, 28]",0.007,0.006,0.001,0.018,0.0,0.0,384.049,774.574,1.008
"L_uu_workout[49, 29]",0.007,0.006,0.001,0.017,0.0,0.0,386.246,789.605,1.007
"L_uu_workout[49, 30]",0.006,0.005,0.001,0.016,0.0,0.0,387.57,781.787,1.007
"L_uu_workout[49, 31]",0.006,0.005,0.001,0.015,0.0,0.0,389.291,792.916,1.007
"L_uu_workout[49, 32]",0.005,0.005,0.0,0.013,0.0,0.0,390.928,792.634,1.007
"L_uu_workout[49, 33]",0.005,0.004,0.0,0.012,0.0,0.0,392.128,799.467,1.007
"L_uu_workout[49, 34]",0.005,0.004,0.0,0.011,0.0,0.0,393.541,806.241,1.007
"L_uu_workout[49, 35]",0.004,0.004,0.0,0.01,0.0,0.0,394.906,824.992,1.007
"L_uu_workout[49, 36]",0.004,0.003,0.0,0.009,0.0,0.0,396.097,824.992,1.007
"L_uu_workout[49, 37]",0.003,0.003,0.0,0.008,0.0,0.0,397.245,839.553,1.007
"L_uu_workout[49, 38]",0.003,0.003,0.0,0.008,0.0,0.0,398.319,850.057,1.007
"L_uu_workout[49, 39]",0.003,0.002,0.0,0.007,0.0,0.0,399.038,813.749,1.007
"L_uu_workout[49, 40]",0.002,0.002,0.0,0.006,0.0,0.0,399.569,809.832,1.007
"L_uu_workout[49, 41]",0.002,0.002,0.0,0.005,0.0,0.0,400.124,816.747,1.007
"L_uu_workout[49, 42]",0.002,0.002,0.0,0.005,0.0,0.0,400.189,816.747,1.007
"L_uu_workout[49, 43]",0.002,0.001,0.0,0.004,0.0,0.0,401.006,823.757,1.007
"L_uu_workout[49, 44]",0.001,0.001,0.0,0.003,0.0,0.0,401.199,823.757,1.007
"L_uu_workout[49, 45]",0.001,0.001,0.0,0.003,0.0,0.0,400.748,831.752,1.007
"L_uu_workout[49, 46]",0.001,0.001,0.0,0.002,0.0,0.0,400.607,817.463,1.008
"L_uu_workout[49, 47]",0.001,0.001,0.0,0.002,0.0,0.0,401.183,831.765,1.008
"L_uu_workout[49, 48]",0.001,0.0,0.0,0.001,0.0,0.0,400.337,831.765,1.008
"L_uu_workout[49, 49]",0.002,0.001,0.001,0.004,0.0,0.0,804.565,1389.671,1.008
a_weight[0],-1.759,54.42,-103.343,98.386,1.208,1.211,2057.085,1401.133,1.001
a_weight[1],-0.449,90.87,-168.08,172.072,1.856,2.046,2419.54,1722.805,1.001
a_weight[2],0.259,91.031,-179.447,165.571,1.856,2.103,2426.926,1394.721,1.0
a_weight[3],-3.11,98.239,-193.864,172.089,1.871,2.602,2760.604,1274.259,1.0
a_weight[4],2.091,97.305,-180.276,186.193,1.828,2.446,2869.743,1514.573,1.003
a_weight[5],0.89,99.197,-177.52,204.003,1.737,2.536,3286.232,1446.738,1.001
a_weight[6],2.376,97.297,-186.681,178.153,1.648,2.508,3450.632,1565.162,1.0
a_weight[7],-0.147,96.331,-183.312,183.342,1.867,2.323,2704.957,1494.325,1.002
a_weight[8],1.059,95.672,-187.999,178.862,1.791,2.388,2864.094,1595.174,0.999
a_weight[9],-0.993,101.763,-184.116,191.818,2.1,2.451,2383.837,1579.017,1.005
a_weight[10],0.302,107.259,-207.754,199.704,1.987,2.788,2943.55,1423.678,1.002
a_weight[11],-2.303,98.672,-179.266,198.488,1.951,2.577,2572.446,1233.914,1.002
a_weight[12],-0.663,103.96,-207.283,192.125,1.975,2.55,2791.196,1440.464,0.999
a_weight[13],-1.55,98.765,-196.04,182.621,1.821,2.424,2949.452,1549.256,1.001
a_weight[14],1.409,98.041,-201.036,170.02,2.001,2.511,2428.353,1375.235,1.004
a_weight[15],0.494,102.206,-182.419,206.37,2.026,2.629,2563.579,1358.596,1.003
a_weight[16],-2.25,102.646,-199.177,182.743,1.887,2.83,2913.63,1653.591,0.999
a_weight[17],1.182,102.009,-193.968,180.675,2.141,2.255,2298.478,1269.759,1.0
a_weight[18],0.176,101.426,-186.238,201.122,2.128,2.6,2367.968,1272.582,1.0
a_weight[19],0.278,100.073,-188.811,189.734,2.054,2.325,2370.027,1663.601,1.001
a_weight[20],-1.596,101.741,-207.565,185.501,1.824,2.612,3106.371,1540.652,1.01
a_weight[21],1.315,101.681,-178.484,210.72,2.033,2.438,2535.65,1457.218,1.003
a_weight[22],-0.569,101.124,-188.163,203.752,1.799,2.943,3093.367,1082.83,1.003
a_weight[23],-1.829,98.521,-194.79,174.937,1.741,2.477,3160.381,1523.924,1.001
a_weight[24],0.239,97.002,-187.293,169.867,1.807,2.213,2892.485,1746.8,1.0
a_weight[25],-0.137,99.905,-182.387,181.654,1.922,2.574,2700.734,1489.684,1.001
a_weight[26],0.503,97.679,-184.802,179.965,1.794,2.252,2976.791,1571.969,1.003
a_weight[27],-1.066,95.346,-176.266,176.458,1.882,2.016,2586.723,1577.784,1.002
a_weight[28],5.146,93.745,-173.75,168.04,1.764,2.324,2878.751,1567.074,1.004
a_weight[29],-0.749,95.515,-182.092,171.796,1.8,2.297,2837.537,1621.664,1.0
a_weight[30],1.074,96.925,-197.539,163.772,1.885,2.652,2655.619,1514.405,1.003
a_weight[31],-0.345,100.278,-196.566,174.619,1.931,2.574,2683.738,1428.002,1.002
a_weight[32],-2.05,103.088,-193.137,191.695,1.781,3.323,3361.288,1232.667,1.006
a_weight[33],1.396,98.027,-176.246,200.212,1.923,2.342,2610.979,1461.082,1.0
a_weight[34],0.073,98.955,-187.204,176.783,2.001,3.11,2504.609,1410.932,1.001
a_weight[35],2.549,103.445,-191.552,199.493,2.079,3.088,2508.721,1373.202,1.004
a_weight[36],0.718,99.087,-191.942,179.022,1.723,2.348,3329.17,1596.621,1.002
a_weight[37],-2.041,104.385,-184.318,205.566,1.939,2.982,2934.795,1398.175,0.998
a_weight[38],-0.956,100.389,-174.671,202.424,1.719,2.607,3405.404,1434.934,1.006
a_weight[39],-2.505,98.582,-182.102,188.146,1.919,2.274,2670.931,1490.306,1.001
a_weight[40],-0.801,103.508,-191.97,202.488,1.973,2.56,2799.49,1449.065,1.002
a_weight[41],-1.031,100.278,-181.317,189.98,1.918,2.906,2717.315,1380.597,1.001
a_weight[42],2.614,98.41,-190.441,183.106,1.822,2.708,2911.922,1489.479,1.004
a_weight[43],0.23,100.531,-169.022,211.382,1.763,2.787,3265.704,1471.525,1.001
a_weight[44],0.06,96.774,-176.537,193.102,1.737,2.416,3100.595,1573.741,1.001
a_weight[45],-1.42,96.278,-180.581,174.336,1.776,2.227,2903.686,1624.346,1.001
a_weight[46],0.88,98.23,-176.793,195.43,1.967,2.554,2546.827,1410.157,1.002
a_weight[47],1.187,92.703,-168.936,181.459,1.534,2.327,3610.069,1607.849,1.0
a_weight[48],-0.916,90.846,-175.929,168.043,1.645,2.177,3062.648,1490.014,1.004
a_weight[49],1.531,53.911,-103.408,98.586,0.989,1.308,2996.655,1423.609,1.001
a_workout[0],-6.475,517.413,-977.76,975.436,10.386,14.505,2453.182,1577.547,1.004
a_workout[1],-0.697,570.903,-1085.7,1132.2,12.442,16.263,2112.092,1325.203,1.006
a_workout[2],-3.659,564.525,-1048.93,1117.71,10.44,14.576,2966.393,1347.626,1.007
a_workout[3],-3.932,576.52,-1087.83,1117.31,10.21,15.701,3235.578,1499.714,1.006
a_workout[4],-4.358,600.778,-1068.73,1273.5,10.805,16.827,3554.762,1328.307,1.003
a_workout[5],26.051,582.61,-993.253,1278.69,10.635,14.623,3083.942,1498.822,1.007
a_workout[6],-19.7,587.006,-1013.1,1155.57,10.158,15.323,3397.006,1808.542,1.001
a_workout[7],-0.498,592.95,-1172.09,1036.16,10.563,16.079,3113.838,1246.788,1.004
a_workout[8],29.195,585.723,-1063.73,1169.62,10.832,13.893,3085.15,1410.962,1.006
a_workout[9],-21.631,588.541,-1116.34,1158.93,10.688,17.529,3015.0,1416.94,1.007
a_workout[10],-3.516,593.986,-1146.48,1099.71,11.116,13.806,2877.575,1684.969,1.001
a_workout[11],10.933,549.81,-990.176,1098.1,10.257,13.745,2885.48,1647.893,0.999
a_workout[12],-17.896,593.076,-1159.87,1108.14,10.337,13.859,3332.137,1588.487,1.002
a_workout[13],2.841,567.031,-1086.79,1146.77,9.478,14.547,3594.437,1682.89,1.003
a_workout[14],-34.502,596.572,-1179.27,1152.97,10.715,14.305,3183.526,1541.479,1.001
a_workout[15],-12.58,596.926,-1199.02,1090.59,11.433,16.551,2682.403,1489.956,1.003
a_workout[16],2.274,596.449,-1155.88,1153.29,11.554,16.741,2676.103,1364.006,1.003
a_workout[17],3.417,580.017,-1134.83,1123.25,10.425,15.673,3146.513,1739.718,1.005
a_workout[18],4.355,601.83,-1125.0,1167.26,9.854,15.197,3807.167,1434.375,1.003
a_workout[19],-26.319,629.882,-1253.74,1205.18,12.357,18.445,2684.901,1396.277,1.001
a_workout[20],11.227,642.19,-1242.11,1211.0,11.728,21.344,3096.112,1385.694,1.004
a_workout[21],10.12,601.116,-1046.61,1237.67,9.768,16.855,3891.554,1605.586,1.002
a_workout[22],17.535,586.302,-1114.99,1142.94,12.116,16.901,2459.146,1394.9,1.003
a_workout[23],-7.169,609.483,-1076.0,1201.3,11.086,15.54,3044.11,1685.17,1.003
a_workout[24],6.117,600.749,-1114.73,1243.35,11.295,14.294,2914.532,1490.121,1.003
a_workout[25],11.046,595.028,-1147.84,1118.51,11.011,15.153,2943.056,1542.8,1.002
a_workout[26],3.398,604.88,-1102.01,1189.24,10.969,16.456,3227.049,1519.409,1.002
a_workout[27],9.826,598.327,-1175.91,1079.44,10.692,15.76,3893.716,1594.945,1.004
a_workout[28],23.311,591.783,-1167.89,1136.88,10.611,14.245,3208.735,1607.077,1.003
a_workout[29],-10.837,595.856,-1036.63,1236.79,11.115,15.804,2954.625,1524.901,1.001
a_workout[30],-5.26,610.679,-1289.67,1043.65,10.865,19.608,3378.663,1301.387,1.001
a_workout[31],12.248,606.361,-1109.32,1220.38,11.351,14.839,2841.549,1613.194,1.0
a_workout[32],-18.796,587.378,-1124.81,1166.2,10.166,14.027,3406.645,1613.046,1.0
a_workout[33],-1.756,587.806,-1106.72,1220.7,11.722,14.989,2621.352,1383.177,1.002
a_workout[34],32.61,585.739,-1140.77,1132.26,11.185,13.841,2793.591,1490.058,1.003
a_workout[35],4.211,605.304,-1204.63,1105.5,10.117,17.067,3596.99,1422.042,1.003
a_workout[36],9.732,588.151,-1105.52,1129.27,11.106,14.518,2833.048,1242.673,1.001
a_workout[37],6.214,597.185,-1153.99,1083.2,9.48,16.95,4011.313,1182.272,1.002
a_workout[38],4.044,568.828,-1052.41,1167.08,10.139,15.786,3246.401,1511.617,1.001
a_workout[39],-8.011,610.254,-1238.06,1137.07,10.85,17.746,3472.045,1340.776,0.999
a_workout[40],-3.271,593.42,-1249.77,1063.38,10.474,15.731,3305.287,1564.08,1.007
a_workout[41],-1.795,599.663,-1181.67,1123.47,10.037,18.867,3567.716,1452.932,1.004
a_workout[42],7.303,606.871,-1111.93,1179.38,10.783,16.026,3220.962,1489.278,1.001
a_workout[43],29.044,589.411,-1094.91,1166.14,9.38,15.273,3853.886,1713.224,1.002
a_workout[44],-6.411,589.571,-1120.6,1137.24,10.236,15.59,3345.6,1433.587,1.001
a_workout[45],-11.12,581.718,-1039.41,1086.52,10.48,17.734,3207.648,1625.679,1.0
a_workout[46],-33.462,594.328,-1234.06,1035.49,11.679,17.908,2708.724,1284.503,1.006
a_workout[47],-9.191,572.325,-988.062,1168.83,10.795,14.432,2827.218,1285.776,1.004
a_workout[48],-16.504,542.672,-1076.66,1021.85,9.695,14.282,3056.663,1316.316,1.002
a_workout[49],-5.126,500.722,-920.3,982.164,8.629,13.594,3458.517,1535.501,1.002
f_workout[0],-0.15,0.002,-0.154,-0.147,0.0,0.0,2145.049,2010.802,1.0
f_workout[1],-0.15,0.002,-0.153,-0.147,0.0,0.0,2144.786,2010.851,1.0
f_workout[2],-0.15,0.002,-0.153,-0.147,0.0,0.0,2143.697,1969.042,1.0
f_workout[3],-0.15,0.002,-0.153,-0.147,0.0,0.0,2141.479,1969.042,1.0
f_workout[4],-0.15,0.002,-0.153,-0.147,0.0,0.0,2137.659,1929.227,1.0
f_workout[5],-0.15,0.002,-0.153,-0.147,0.0,0.0,2136.496,1890.965,1.0
f_workout[6],-0.15,0.002,-0.153,-0.147,0.0,0.0,2129.349,1854.175,0.999
f_workout[7],-0.15,0.002,-0.153,-0.147,0.0,0.0,2126.706,1849.541,0.999
f_workout[8],-0.15,0.002,-0.153,-0.147,0.0,0.0,2124.563,1854.836,0.999
f_workout[9],-0.15,0.001,-0.153,-0.147,0.0,0.0,2119.082,1854.638,0.999
f_workout[10],-0.15,0.001,-0.153,-0.147,0.0,0.0,2107.143,1819.409,0.999
f_workout[11],-0.15,0.001,-0.153,-0.147,0.0,0.0,2103.654,1785.163,0.999
f_workout[12],-0.15,0.001,-0.153,-0.148,0.0,0.0,2092.789,1855.047,0.999
f_workout[13],-0.15,0.001,-0.153,-0.148,0.0,0.0,2081.875,1854.822,0.999
f_workout[14],-0.15,0.001,-0.152,-0.148,0.0,0.0,2077.59,1814.251,0.999
f_workout[15],-0.15,0.001,-0.152,-0.148,0.0,0.0,2073.855,1784.901,0.999
f_workout[16],-0.15,0.001,-0.152,-0.148,0.0,0.0,2071.942,1785.009,0.999
f_workout[17],-0.15,0.001,-0.152,-0.148,0.0,0.0,2070.208,1785.143,0.999
f_workout[18],-0.15,0.001,-0.152,-0.148,0.0,0.0,2065.956,1785.225,0.999
f_workout[19],-0.15,0.001,-0.152,-0.148,0.0,0.0,2061.693,1785.369,0.999
f_workout[20],-0.15,0.001,-0.152,-0.148,0.0,0.0,2060.389,1787.151,0.999
f_workout[21],-0.15,0.001,-0.152,-0.148,0.0,0.0,2058.309,1754.121,0.999
f_workout[22],-0.15,0.001,-0.152,-0.148,0.0,0.0,2055.142,1787.033,0.999
f_workout[23],-0.15,0.001,-0.152,-0.148,0.0,0.0,2048.298,1821.299,0.999
f_workout[24],-0.15,0.001,-0.152,-0.148,0.0,0.0,2042.119,1893.284,1.0
f_workout[25],-0.15,0.001,-0.152,-0.148,0.0,0.0,2039.593,1893.176,1.0
f_workout[26],-0.15,0.001,-0.152,-0.148,0.0,0.0,2038.854,1871.149,1.0
f_workout[27],-0.15,0.001,-0.152,-0.148,0.0,0.0,2039.509,1834.877,1.0
f_workout[28],-0.15,0.001,-0.152,-0.148,0.0,0.0,2044.154,1839.24,1.0
f_workout[29],-0.15,0.001,-0.152,-0.148,0.0,0.0,2046.259,1838.682,1.0
f_workout[30],-0.15,0.001,-0.152,-0.149,0.0,0.0,2052.35,1802.605,1.0
f_workout[31],-0.15,0.001,-0.152,-0.149,0.0,0.0,2054.823,1803.141,1.0
f_workout[32],-0.15,0.001,-0.152,-0.149,0.0,0.0,2056.138,1842.682,1.0
f_workout[33],-0.15,0.001,-0.152,-0.149,0.0,0.0,2062.812,1799.791,1.0
f_workout[34],-0.15,0.001,-0.152,-0.149,0.0,0.0,2067.588,1832.608,1.0
f_workout[35],-0.15,0.001,-0.152,-0.149,0.0,0.0,2073.377,1843.33,1.0
f_workout[36],-0.15,0.001,-0.152,-0.148,0.0,0.0,2073.939,1815.385,1.0
f_workout[37],-0.15,0.001,-0.152,-0.149,0.0,0.0,2074.277,1718.634,1.0
f_workout[38],-0.15,0.001,-0.152,-0.148,0.0,0.0,2074.527,1707.982,1.0
f_workout[39],-0.15,0.001,-0.152,-0.148,0.0,0.0,2076.229,1772.098,1.001
f_workout[40],-0.15,0.001,-0.152,-0.148,0.0,0.0,2076.433,1806.705,1.001
f_workout[41],-0.15,0.001,-0.152,-0.148,0.0,0.0,2075.767,1841.472,1.001
f_workout[42],-0.15,0.001,-0.152,-0.149,0.0,0.0,2078.741,1772.793,1.001
f_workout[43],-0.15,0.001,-0.152,-0.148,0.0,0.0,2081.424,1738.948,1.001
f_workout[44],-0.15,0.001,-0.152,-0.148,0.0,0.0,2084.634,1774.353,1.001
f_workout[45],-0.15,0.001,-0.152,-0.148,0.0,0.0,2085.633,1842.864,1.001
f_workout[46],-0.15,0.001,-0.153,-0.149,0.0,0.0,2088.802,1844.324,1.001
f_workout[47],-0.15,0.001,-0.152,-0.149,0.0,0.0,2088.986,1879.664,1.001
f_workout[48],-0.15,0.001,-0.152,-0.149,0.0,0.0,2091.314,1775.207,1.001
f_workout[49],-0.15,0.001,-0.152,-0.149,0.0,0.0,2090.667,1776.338,1.001
f_workout[50],-0.15,0.001,-0.152,-0.148,0.0,0.0,2090.15,1776.338,1.001
f_workout[51],-0.15,0.001,-0.152,-0.148,0.0,0.0,2095.729,1777.194,1.001
f_workout[52],-0.15,0.001,-0.152,-0.148,0.0,0.0,2097.35,1776.869,1.001
f_workout[53],-0.15,0.001,-0.152,-0.148,0.0,0.0,2099.577,1777.303,1.001
f_workout[54],-0.15,0.001,-0.152,-0.148,0.0,0.0,2103.503,1843.553,1.002
f_workout[55],-0.15,0.001,-0.152,-0.148,0.0,0.0,2103.757,1844.023,1.002
f_workout[56],-0.15,0.001,-0.152,-0.148,0.0,0.0,2104.151,1775.456,1.002
f_workout[57],-0.15,0.001,-0.152,-0.148,0.0,0.0,2104.153,1776.238,1.002
f_workout[58],-0.15,0.001,-0.152,-0.148,0.0,0.0,2103.211,1776.371,1.002
f_workout[59],-0.15,0.001,-0.152,-0.148,0.0,0.0,2103.685,1809.744,1.002
f_workout[60],-0.15,0.001,-0.152,-0.149,0.0,0.0,2103.35,1808.73,1.002
f_workout[61],-0.15,0.001,-0.152,-0.149,0.0,0.0,2103.269,1808.73,1.002
f_workout[62],-0.15,0.001,-0.152,-0.149,0.0,0.0,2102.689,1844.274,1.002
f_workout[63],-0.15,0.001,-0.153,-0.149,0.0,0.0,2100.616,1880.24,1.002
f_workout[64],-0.15,0.001,-0.153,-0.149,0.0,0.0,2094.624,1971.997,1.002
f_workout[65],-0.15,0.001,-0.152,-0.148,0.0,0.0,2092.434,1983.829,1.002
f_workout[66],-0.15,0.001,-0.152,-0.148,0.0,0.0,2080.347,1971.626,1.002
f_workout[67],-0.15,0.001,-0.152,-0.148,0.0,0.0,2076.943,1932.677,1.002
f_workout[68],-0.15,0.001,-0.152,-0.148,0.0,0.0,2074.087,1893.871,1.002
f_workout[69],-0.15,0.001,-0.152,-0.148,0.0,0.0,2071.12,1894.123,1.002
f_workout[70],-0.15,0.001,-0.152,-0.148,0.0,0.0,2069.116,1932.941,1.002
f_workout[71],-0.15,0.001,-0.153,-0.148,0.0,0.0,2065.682,1932.897,1.001
f_workout[72],-0.15,0.001,-0.153,-0.148,0.0,0.0,2064.982,1932.897,1.001
f_workout[73],-0.15,0.001,-0.152,-0.148,0.0,0.0,2065.426,1859.033,1.001
f_workout[74],-0.15,0.001,-0.153,-0.148,0.0,0.0,2065.554,1855.972,1.001
f_workout[75],-0.15,0.001,-0.152,-0.148,0.0,0.0,2066.599,1855.972,1.001
f_workout[76],-0.15,0.001,-0.152,-0.148,0.0,0.0,2066.727,1792.304,1.001
f_workout[77],-0.15,0.001,-0.152,-0.148,0.0,0.0,2067.167,1825.482,1.001
f_workout[78],-0.15,0.001,-0.152,-0.148,0.0,0.0,2067.563,1792.71,1.001
f_workout[79],-0.15,0.001,-0.152,-0.148,0.0,0.0,2068.254,1859.413,1.001
f_workout[80],-0.15,0.001,-0.152,-0.148,0.0,0.0,2067.569,1857.118,1.001
f_workout[81],-0.15,0.001,-0.152,-0.148,0.0,0.0,2069.826,1854.524,1.001
f_workout[82],-0.15,0.001,-0.152,-0.148,0.0,0.0,2073.85,1890.858,1.001
f_workout[83],-0.15,0.001,-0.152,-0.148,0.0,0.0,2076.506,1896.109,1.001
f_workout[84],-0.15,0.001,-0.152,-0.148,0.0,0.0,2081.112,1853.514,1.001
f_workout[85],-0.15,0.001,-0.152,-0.148,0.0,0.0,2083.815,1853.514,1.001
f_workout[86],-0.15,0.001,-0.152,-0.148,0.0,0.0,2088.198,1858.585,1.0
f_workout[87],-0.15,0.001,-0.153,-0.148,0.0,0.0,2098.436,1854.016,1.0
f_workout[88],-0.15,0.001,-0.152,-0.148,0.0,0.0,2101.289,1853.46,1.0
f_workout[89],-0.15,0.001,-0.152,-0.148,0.0,0.0,2110.751,1928.793,1.0
f_workout[90],-0.15,0.001,-0.153,-0.148,0.0,0.0,2117.684,1969.89,0.999
f_workout[91],-0.15,0.001,-0.152,-0.148,0.0,0.0,2113.003,1970.865,0.999
f_workout[92],-0.15,0.001,-0.152,-0.148,0.0,0.0,2111.578,1970.541,0.999
f_workout[93],-0.15,0.001,-0.152,-0.148,0.0,0.0,2109.485,1971.214,0.999
f_workout[94],-0.15,0.001,-0.152,-0.148,0.0,0.0,2108.372,1931.668,0.999
f_workout[95],-0.15,0.001,-0.152,-0.148,0.0,0.0,2104.029,1931.624,0.999
f_workout[96],-0.15,0.001,-0.152,-0.148,0.0,0.0,2100.966,1931.624,0.999
f_workout[97],-0.15,0.001,-0.152,-0.148,0.0,0.0,2079.195,1931.183,0.999
f_workout[98],-0.15,0.001,-0.152,-0.148,0.0,0.0,2074.634,1892.43,0.999
f_workout[99],-0.15,0.001,-0.152,-0.148,0.0,0.0,2071.819,1930.743,0.999
f_workout[100],-0.15,0.001,-0.152,-0.148,0.0,0.0,2040.953,1918.238,0.999
f_workout[101],-0.15,0.001,-0.152,-0.148,0.0,0.0,2033.717,1933.339,0.999
f_workout[102],-0.15,0.001,-0.152,-0.148,0.0,0.0,2028.628,1933.471,0.999
f_workout[103],-0.15,0.001,-0.152,-0.148,0.0,0.0,2016.101,1886.513,0.999
f_workout[104],-0.15,0.001,-0.152,-0.148,0.0,0.0,2009.014,1881.907,0.999
f_workout[105],-0.15,0.001,-0.152,-0.148,0.0,0.0,2004.207,1809.544,0.999
f_workout[106],-0.15,0.001,-0.152,-0.148,0.0,0.0,1994.228,1817.356,0.999
f_workout[107],-0.15,0.001,-0.152,-0.148,0.0,0.0,1988.105,1774.068,0.999
f_workout[108],-0.15,0.001,-0.152,-0.148,0.0,0.0,1982.485,1774.068,0.999
f_workout[109],-0.15,0.001,-0.152,-0.148,0.0,0.0,1968.048,1711.878,0.999
f_workout[110],-0.15,0.001,-0.152,-0.148,0.0,0.0,1954.322,1743.371,0.999
f_workout[111],-0.15,0.001,-0.152,-0.148,0.0,0.0,1949.229,1743.579,0.999
f_workout[112],-0.15,0.001,-0.152,-0.148,0.0,0.0,1943.967,1742.699,0.999
f_workout[113],-0.15,0.001,-0.152,-0.148,0.0,0.0,1933.774,1680.728,0.999
f_workout[114],-0.15,0.001,-0.152,-0.148,0.0,0.0,1929.295,1681.353,0.999
f_workout[115],-0.15,0.001,-0.152,-0.148,0.0,0.0,1924.449,1712.424,0.999
f_workout[116],-0.15,0.001,-0.152,-0.148,0.0,0.0,1908.8,1677.955,0.999
f_workout[117],-0.15,0.001,-0.152,-0.148,0.0,0.0,1880.906,1739.055,0.999
f_workout[118],-0.15,0.001,-0.152,-0.148,0.0,0.0,1876.622,1725.533,0.999
f_workout[119],-0.15,0.001,-0.152,-0.148,0.0,0.0,1864.541,1591.562,1.0
f_workout[120],-0.15,0.001,-0.152,-0.148,0.0,0.0,1863.358,1617.458,1.0
f_workout[121],-0.15,0.001,-0.153,-0.148,0.0,0.0,1863.522,1565.816,1.0
f_workout[122],-0.15,0.001,-0.153,-0.148,0.0,0.0,1870.737,1532.673,1.0
f_workout[123],-0.15,0.001,-0.153,-0.148,0.0,0.0,1873.831,1506.923,1.0
f_workout[124],-0.15,0.001,-0.153,-0.147,0.0,0.0,1885.552,1497.201,1.0
f_workout[125],-0.15,0.001,-0.153,-0.147,0.0,0.0,1890.282,1494.634,1.0
f_workout[126],-0.15,0.002,-0.153,-0.147,0.0,0.0,1895.876,1452.991,1.0
f_workout[127],-0.15,0.002,-0.153,-0.147,0.0,0.0,1907.884,1391.953,1.0
f_workout[128],-0.15,0.002,-0.153,-0.147,0.0,0.0,1915.971,1399.666,1.0
f_workout[129],-0.15,0.002,-0.153,-0.147,0.0,0.0,1920.491,1543.715,1.001
f_workout[130],-0.15,0.002,-0.153,-0.147,0.0,0.0,1935.723,1625.661,1.001
f_workout[131],-0.15,0.002,-0.153,-0.147,0.0,0.0,1941.86,1624.74,1.001
f_workout[132],-0.15,0.002,-0.153,-0.146,0.0,0.0,1964.901,1835.377,1.001
f_workout[133],-0.15,0.002,-0.154,-0.146,0.0,0.0,1983.491,1878.984,1.001
f_workout[134],-0.15,0.002,-0.153,-0.146,0.0,0.0,1990.859,1930.623,1.001
f_workout[135],-0.15,0.002,-0.154,-0.145,0.0,0.0,2077.454,1950.239,1.001
f_weight[0],-1.566,0.364,-2.254,-0.868,0.007,0.009,2572.548,1348.133,1.002
f_weight[1],-1.853,0.171,-2.168,-1.534,0.004,0.003,2170.891,1922.14,1.001
f_weight[2],-1.854,0.159,-2.147,-1.559,0.003,0.003,2273.818,1845.783,1.0
f_weight[3],-1.851,0.145,-2.114,-1.584,0.003,0.002,2358.252,1748.479,1.0
f_weight[4],-1.845,0.133,-2.092,-1.607,0.003,0.002,2450.381,1715.987,1.0
f_weight[5],-1.837,0.125,-2.073,-1.616,0.002,0.002,2503.694,1747.329,1.0
f_weight[6],-1.824,0.115,-2.022,-1.593,0.002,0.002,2460.716,1748.374,1.0
f_weight[7],-1.815,0.111,-2.006,-1.591,0.002,0.002,2457.384,1814.594,1.0
f_weight[8],-1.777,0.098,-1.958,-1.592,0.002,0.002,2384.814,1820.396,1.0
f_weight[9],-1.756,0.094,-1.925,-1.575,0.002,0.002,2334.07,1821.121,1.0
f_weight[10],-1.728,0.09,-1.892,-1.557,0.002,0.002,2257.621,1822.138,1.0
f_weight[11],-1.681,0.085,-1.836,-1.52,0.002,0.002,2048.792,1695.743,1.0
f_weight[12],-1.681,0.085,-1.836,-1.52,0.002,0.002,2048.792,1695.743,1.0
f_weight[13],-1.595,0.079,-1.739,-1.446,0.002,0.002,1793.977,1687.76,1.0
f_weight[14],-1.562,0.077,-1.715,-1.426,0.002,0.001,1742.664,1792.53,1.001
f_weight[15],-1.513,0.075,-1.653,-1.373,0.002,0.001,1705.729,1766.581,1.001
f_weight[16],-1.468,0.074,-1.605,-1.331,0.002,0.001,1725.485,1726.333,1.002
f_weight[17],-1.461,0.073,-1.597,-1.324,0.002,0.001,1727.084,1727.474,1.002
f_weight[18],-1.445,0.073,-1.587,-1.315,0.002,0.001,1742.683,1662.529,1.002
f_weight[19],-1.396,0.072,-1.53,-1.265,0.002,0.001,1790.543,1656.183,1.002
f_weight[20],-1.37,0.071,-1.507,-1.243,0.002,0.001,1822.173,1693.1,1.002
f_weight[21],-1.353,0.071,-1.488,-1.226,0.002,0.001,1848.057,1829.634,1.002
f_weight[22],-1.308,0.07,-1.445,-1.187,0.002,0.001,1917.975,1833.998,1.001
f_weight[23],-1.29,0.07,-1.42,-1.162,0.002,0.001,1952.495,1804.659,1.001
f_weight[24],-1.262,0.069,-1.39,-1.134,0.002,0.001,2004.989,1797.304,1.001
f_weight[25],-1.233,0.069,-1.366,-1.11,0.002,0.001,2061.591,1766.688,1.0
f_weight[26],-1.194,0.068,-1.322,-1.068,0.001,0.001,2141.94,1797.531,1.0
f_weight[27],-1.154,0.068,-1.277,-1.027,0.001,0.001,2179.965,1835.303,1.0
f_weight[28],-1.134,0.068,-1.257,-1.006,0.001,0.001,2179.371,1835.303,1.0
f_weight[29],-1.082,0.068,-1.197,-0.946,0.001,0.001,2182.921,1855.947,1.001
f_weight[30],-1.04,0.067,-1.154,-0.905,0.001,0.001,2183.765,1821.096,1.001
f_weight[31],-0.975,0.067,-1.089,-0.841,0.001,0.001,2180.263,1750.43,1.002
f_weight[32],-0.953,0.067,-1.066,-0.818,0.001,0.001,2176.847,1804.409,1.002
f_weight[33],-0.92,0.067,-1.04,-0.793,0.001,0.001,2174.528,1770.572,1.002
f_weight[34],-0.897,0.067,-1.014,-0.767,0.001,0.001,2173.862,1758.499,1.002
f_weight[35],-0.886,0.067,-1.002,-0.755,0.001,0.001,2174.532,1758.499,1.002
f_weight[36],-0.863,0.067,-0.982,-0.735,0.001,0.001,2172.377,1791.423,1.002
f_weight[37],-0.806,0.067,-0.929,-0.682,0.001,0.001,2164.594,1824.862,1.001
f_weight[38],-0.701,0.067,-0.828,-0.58,0.001,0.001,2155.318,1873.727,1.002
f_weight[39],-0.678,0.067,-0.806,-0.557,0.001,0.001,2152.352,1755.428,1.002
f_weight[40],-0.63,0.067,-0.76,-0.511,0.001,0.001,2152.308,1754.26,1.002
f_weight[41],-0.595,0.067,-0.726,-0.475,0.001,0.001,2154.55,1856.239,1.003
f_weight[42],-0.523,0.067,-0.642,-0.395,0.001,0.001,2156.588,1844.087,1.002
f_weight[43],-0.487,0.067,-0.613,-0.363,0.001,0.001,2159.195,1847.967,1.002
f_weight[44],-0.463,0.067,-0.585,-0.336,0.001,0.001,2157.779,1815.313,1.002
f_weight[45],-0.427,0.067,-0.558,-0.307,0.001,0.001,2162.272,1850.013,1.002
f_weight[46],-0.354,0.067,-0.479,-0.228,0.001,0.001,2172.676,1813.513,1.002
f_weight[47],-0.27,0.067,-0.397,-0.143,0.001,0.001,2186.441,1888.397,1.002
f_weight[48],-0.222,0.068,-0.347,-0.09,0.001,0.001,2200.275,1850.889,1.001
f_weight[49],-0.187,0.068,-0.316,-0.057,0.001,0.001,2208.758,1815.895,1.001
f_weight[50],-0.151,0.068,-0.277,-0.018,0.001,0.001,2219.909,1816.185,1.0
f_weight[51],-0.127,0.068,-0.256,0.004,0.001,0.001,2224.914,1608.695,1.001
f_weight[52],-0.092,0.069,-0.225,0.038,0.001,0.001,2235.493,1754.168,1.001
f_weight[53],-0.08,0.069,-0.209,0.054,0.001,0.001,2240.624,1754.168,1.001
f_weight[54],0.012,0.07,-0.127,0.139,0.001,0.001,2277.051,1695.207,0.999
f_weight[55],0.058,0.071,-0.083,0.185,0.001,0.001,2287.701,1723.969,1.0
f_weight[56],0.103,0.072,-0.035,0.236,0.001,0.001,2299.751,1786.838,1.0
f_weight[57],0.287,0.075,0.134,0.418,0.002,0.001,2330.044,1755.476,1.0
f_weight[58],0.348,0.076,0.191,0.479,0.002,0.001,2346.13,1823.202,1.0
f_weight[59],0.359,0.076,0.199,0.489,0.002,0.001,2348.407,1823.202,1.0
f_weight[60],0.437,0.078,0.276,0.572,0.002,0.001,2364.991,1907.797,1.0
f_weight[61],0.502,0.079,0.353,0.65,0.002,0.001,2382.121,1823.305,1.0
f_weight[62],0.529,0.08,0.381,0.678,0.002,0.001,2384.581,1725.922,1.0
f_weight[63],0.572,0.08,0.422,0.722,0.002,0.001,2365.85,1759.02,1.0
f_weight[64],0.613,0.081,0.449,0.755,0.002,0.001,2346.493,1729.254,1.0
f_weight[65],0.63,0.081,0.472,0.777,0.002,0.001,2346.88,1735.0,1.0
f_weight[66],0.645,0.081,0.488,0.792,0.002,0.001,2348.798,1766.61,1.0
f_weight[67],0.645,0.081,0.488,0.792,0.002,0.001,2348.798,1766.61,1.0
f_weight[68],0.766,0.083,0.61,0.922,0.002,0.002,2287.527,1729.366,1.001
f_weight[69],0.875,0.083,0.718,1.03,0.002,0.002,2137.417,1626.907,1.001
f_weight[70],0.927,0.083,0.775,1.082,0.002,0.002,2017.565,1617.039,1.002
f_weight[71],0.939,0.083,0.791,1.095,0.002,0.002,1993.754,1563.817,1.002
f_weight[72],0.945,0.083,0.798,1.102,0.002,0.002,1980.281,1539.235,1.002
f_weight[73],0.953,0.083,0.804,1.107,0.002,0.002,1954.902,1629.039,1.003
f_weight[74],0.962,0.083,0.818,1.123,0.002,0.002,1933.027,1822.764,1.002
f_weight[75],0.97,0.082,0.819,1.123,0.002,0.002,1920.291,1790.215,1.002
f_weight[76],0.978,0.082,0.825,1.129,0.002,0.002,1910.361,1728.683,1.002
f_weight[77],0.984,0.081,0.839,1.142,0.002,0.001,1903.509,1637.958,1.002
f_weight[78],0.987,0.081,0.832,1.134,0.002,0.001,1908.882,1554.814,1.001
f_weight[79],0.988,0.08,0.83,1.13,0.002,0.001,1922.202,1661.727,1.001
f_weight[80],0.974,0.078,0.843,1.134,0.002,0.001,2006.03,1554.513,1.001
f_weight[81],0.958,0.077,0.811,1.096,0.002,0.001,2039.879,1610.332,1.0
f_weight[82],0.94,0.076,0.799,1.083,0.002,0.001,2084.502,1680.005,1.001
f_weight[83],0.938,0.076,0.797,1.081,0.002,0.001,2089.799,1680.58,1.001
f_weight[84],0.932,0.076,0.796,1.079,0.002,0.001,2101.825,1680.005,1.001
f_weight[85],0.93,0.076,0.791,1.074,0.002,0.001,2109.958,1651.572,1.001
f_weight[86],0.921,0.075,0.782,1.064,0.002,0.001,2125.793,1651.572,1.001
f_weight[87],0.915,0.075,0.778,1.059,0.002,0.001,2136.821,1681.347,1.001
f_weight[88],0.893,0.075,0.76,1.038,0.002,0.001,2170.717,1569.366,1.001
f_weight[89],0.873,0.075,0.74,1.024,0.002,0.001,2191.084,1677.657,1.001
f_weight[90],0.869,0.075,0.737,1.022,0.002,0.001,2198.368,1677.657,1.0
f_weight[91],0.855,0.075,0.704,0.991,0.002,0.001,2213.843,1803.081,1.001
f_weight[92],0.828,0.076,0.679,0.966,0.002,0.001,2211.297,1736.831,1.001
f_weight[93],0.805,0.077,0.658,0.945,0.002,0.001,2201.6,1770.212,1.002
f_weight[94],0.793,0.077,0.647,0.934,0.002,0.001,2185.599,1840.77,1.002
f_weight[95],0.789,0.077,0.644,0.931,0.002,0.001,2180.383,1840.77,1.002
f_weight[96],0.781,0.077,0.639,0.924,0.002,0.001,2172.232,1879.315,1.002
f_weight[97],0.744,0.079,0.596,0.891,0.002,0.002,2114.792,1915.924,1.001
f_weight[98],0.731,0.079,0.581,0.878,0.002,0.002,2091.604,1953.766,1.002
f_weight[99],0.683,0.081,0.532,0.831,0.002,0.002,1994.015,1980.163,1.002
f_weight[100],0.604,0.083,0.456,0.756,0.002,0.002,1851.069,1828.357,1.001
f_weight[101],0.593,0.083,0.446,0.749,0.002,0.002,1833.985,1828.242,1.001
f_weight[102],0.57,0.083,0.418,0.722,0.002,0.002,1803.127,1912.501,1.001
f_weight[103],0.558,0.083,0.398,0.701,0.002,0.002,1790.681,1952.96,1.001
f_weight[104],0.541,0.082,0.377,0.68,0.002,0.002,1774.831,1913.394,1.001
f_weight[105],0.489,0.077,0.355,0.64,0.002,0.002,1756.431,1830.435,1.001
f_weight[106],0.478,0.075,0.347,0.621,0.002,0.001,1767.413,1890.912,1.001
f_weight[107],0.473,0.074,0.341,0.611,0.002,0.001,1771.072,1865.973,1.001
f_weight[108],0.472,0.074,0.34,0.61,0.002,0.001,1770.935,1830.514,1.001
f_weight[109],0.471,0.073,0.337,0.605,0.002,0.001,1778.512,1802.462,1.001
f_weight[110],0.469,0.073,0.335,0.601,0.002,0.001,1783.643,1810.258,1.001
f_weight[111],0.468,0.072,0.334,0.6,0.002,0.001,1790.358,1809.481,1.001
f_weight[112],0.467,0.072,0.332,0.597,0.002,0.001,1794.098,1810.74,1.001
f_weight[113],0.466,0.071,0.325,0.588,0.002,0.001,1833.581,1847.315,1.001
f_weight[114],0.465,0.07,0.335,0.594,0.002,0.001,1833.848,1768.311,1.001
f_weight[115],0.464,0.07,0.338,0.593,0.002,0.001,1838.92,1718.429,1.001
f_weight[116],0.465,0.069,0.337,0.59,0.002,0.001,1845.424,1602.21,1.001
f_weight[117],0.465,0.069,0.337,0.59,0.002,0.001,1845.424,1602.21,1.001
f_weight[118],0.465,0.069,0.337,0.589,0.002,0.001,1847.222,1566.191,1.001
f_weight[119],0.466,0.068,0.345,0.597,0.002,0.001,1861.477,1647.321,1.001
f_weight[120],0.468,0.068,0.348,0.599,0.002,0.001,1874.846,1560.597,1.001
f_weight[121],0.469,0.067,0.348,0.597,0.002,0.001,1877.092,1554.375,1.001
f_weight[122],0.472,0.067,0.356,0.605,0.002,0.001,1883.883,1635.799,1.001
f_weight[123],0.473,0.067,0.358,0.606,0.002,0.001,1886.041,1645.166,1.001
f_weight[124],0.474,0.067,0.359,0.608,0.002,0.001,1885.861,1643.669,1.001
f_weight[125],0.481,0.067,0.365,0.614,0.002,0.001,1886.648,1645.018,1.001
f_weight[126],0.484,0.067,0.363,0.613,0.002,0.001,1900.562,1615.598,1.001
f_weight[127],0.485,0.067,0.369,0.618,0.002,0.001,1893.728,1675.472,1.001
f_weight[128],0.485,0.067,0.369,0.618,0.002,0.001,1893.728,1675.472,1.001
f_weight[129],0.485,0.067,0.369,0.618,0.002,0.001,1893.728,1675.472,1.001
f_weight[130],0.499,0.067,0.381,0.635,0.002,0.001,1883.1,1884.785,1.001
f_weight[131],0.51,0.068,0.381,0.639,0.002,0.001,1881.811,1851.217,1.001
f_weight[132],0.516,0.068,0.387,0.645,0.002,0.001,1884.358,1869.192,1.001
f_weight[133],0.55,0.073,0.421,0.693,0.002,0.001,1895.09,1874.824,1.001
f_weight[134],0.558,0.075,0.43,0.708,0.002,0.001,1888.321,1932.448,1.001
f_weight[135],0.57,0.078,0.424,0.712,0.002,0.001,1898.658,1836.71,1.0
f_weight[136],0.578,0.079,0.425,0.719,0.002,0.001,1895.061,1910.72,1.0
f_weight[137],0.592,0.083,0.447,0.759,0.002,0.001,1908.279,1929.208,1.0
f_weight[138],0.6,0.086,0.449,0.77,0.002,0.001,1934.748,1901.209,1.0
f_weight[139],0.609,0.088,0.449,0.783,0.002,0.001,1952.219,1900.886,1.0
f_weight[140],0.62,0.092,0.446,0.797,0.002,0.002,1982.165,1935.013,1.0
f_weight[141],0.629,0.096,0.448,0.813,0.002,0.002,2000.388,1935.697,1.0
f_weight[142],0.637,0.099,0.459,0.835,0.002,0.002,2025.416,1938.002,1.0
f_weight[143],0.64,0.101,0.457,0.837,0.002,0.002,2033.995,1980.904,1.0
f_weight[144],0.652,0.106,0.456,0.859,0.002,0.002,2065.775,1925.6,1.0
f_weight[145],0.678,0.12,0.43,0.885,0.003,0.002,2154.389,1717.644,1.0
f_weight[146],0.767,0.191,0.409,1.133,0.004,0.003,2468.897,1854.756,1.0
log_lik_weight[0],-0.779,0.996,-2.673,0.182,0.027,0.037,1612.24,1238.128,1.004
log_lik_weight[1],-2.209,0.824,-3.765,-0.771,0.018,0.015,2116.57,1959.211,1.001
log_lik_weight[2],-0.194,0.265,-0.711,0.139,0.006,0.007,2110.998,1914.737,1.001
log_lik_weight[3],-3.297,0.826,-4.87,-1.808,0.017,0.015,2360.455,1900.907,1.0
log_lik_weight[4],-0.469,0.335,-1.098,0.056,0.007,0.006,2329.029,1923.427,1.001
log_lik_weight[5],-0.316,0.264,-0.819,0.095,0.005,0.005,2353.165,2028.797,1.0
log_lik_weight[6],-1.215,0.446,-2.008,-0.409,0.009,0.008,2434.843,1851.217,1.0
log_lik_weight[7],-0.006,0.09,-0.176,0.15,0.002,0.002,1888.5,1818.557,1.0
log_lik_weight[8],-0.088,0.134,-0.366,0.119,0.003,0.003,2440.012,1736.981,1.001
log_lik_weight[9],-0.008,0.089,-0.173,0.158,0.002,0.002,2220.492,1619.231,1.001
log_lik_weight[10],-0.771,0.286,-1.298,-0.253,0.006,0.005,2257.435,1883.267,1.001
log_lik_weight[11],-0.863,0.296,-1.448,-0.378,0.007,0.005,2038.595,1940.493,1.0
log_lik_weight[12],-0.863,0.296,-1.448,-0.378,0.007,0.005,2038.595,1940.493,1.0
log_lik_weight[13],0.008,0.076,-0.134,0.151,0.002,0.002,2504.344,1658.855,1.002
log_lik_weight[14],0.007,0.078,-0.138,0.157,0.002,0.002,2164.391,1776.87,1.001
log_lik_weight[15],-1.898,0.37,-2.537,-1.151,0.008,0.007,2168.007,1846.496,1.002
log_lik_weight[16],-0.159,0.129,-0.418,0.058,0.003,0.002,1709.821,1979.831,1.001
log_lik_weight[17],-2.88,0.453,-3.725,-2.036,0.009,0.009,2333.583,1793.73,1.002
log_lik_weight[18],-0.089,0.11,-0.323,0.089,0.003,0.002,1763.321,1967.579,1.0
log_lik_weight[19],-0.16,0.127,-0.398,0.069,0.003,0.002,1725.867,2001.655,1.001
log_lik_weight[20],-0.225,0.139,-0.477,0.023,0.003,0.003,2055.334,1855.854,1.001
log_lik_weight[21],-0.194,0.131,-0.448,0.022,0.003,0.003,2153.007,1726.405,1.001
log_lik_weight[22],-0.956,0.251,-1.419,-0.489,0.005,0.004,2195.1,1792.595,1.002
log_lik_weight[23],-0.762,0.231,-1.176,-0.327,0.005,0.004,1799.503,1831.99,1.0
log_lik_weight[24],-0.162,0.12,-0.387,0.045,0.003,0.002,2327.615,1677.936,1.001
log_lik_weight[25],-0.033,0.086,-0.202,0.117,0.002,0.002,2596.918,1631.75,1.001
log_lik_weight[26],0.01,0.076,-0.129,0.158,0.002,0.002,2364.089,1667.285,1.003
log_lik_weight[27],-0.197,0.13,-0.451,0.028,0.003,0.002,2008.536,1866.536,1.001
log_lik_weight[28],-0.115,0.111,-0.333,0.08,0.003,0.002,2045.969,1867.124,1.001
log_lik_weight[29],-0.525,0.187,-0.88,-0.198,0.004,0.003,2181.864,1894.022,1.002
log_lik_weight[30],-0.445,0.174,-0.764,-0.129,0.004,0.003,2180.001,1927.937,1.002
log_lik_weight[31],0.01,0.076,-0.126,0.162,0.002,0.002,2399.074,1552.751,1.003
log_lik_weight[32],-0.259,0.137,-0.503,-0.022,0.003,0.002,2264.131,1906.553,1.002
log_lik_weight[33],0.021,0.07,-0.109,0.157,0.001,0.002,2725.281,1706.822,1.002
log_lik_weight[34],-2.842,0.444,-3.684,-2.038,0.009,0.008,2441.964,1998.15,1.003
log_lik_weight[35],-0.635,0.201,-0.994,-0.257,0.004,0.003,2174.296,1841.35,1.001
log_lik_weight[36],-0.528,0.186,-0.892,-0.213,0.004,0.003,2163.718,1801.45,1.001
log_lik_weight[37],-2.021,0.363,-2.739,-1.376,0.007,0.006,2345.838,2016.412,1.001
log_lik_weight[38],-0.195,0.123,-0.411,0.028,0.003,0.002,2307.456,1792.975,1.002
log_lik_weight[39],-0.898,0.236,-1.339,-0.462,0.005,0.004,2164.456,1749.521,1.002
log_lik_weight[40],-1.881,0.346,-2.534,-1.244,0.007,0.006,2305.531,2042.612,1.003
log_lik_weight[41],-0.046,0.089,-0.208,0.119,0.002,0.002,2618.926,2006.651,1.001
log_lik_weight[42],-0.161,0.119,-0.379,0.054,0.003,0.003,2195.096,1751.322,1.002
log_lik_weight[43],-0.224,0.132,-0.481,-0.002,0.003,0.003,2161.979,1642.83,1.002
log_lik_weight[44],-0.271,0.141,-0.538,-0.03,0.003,0.003,2144.438,1853.103,1.002
log_lik_weight[45],-0.378,0.159,-0.668,-0.085,0.003,0.003,2163.876,1888.387,1.001
log_lik_weight[46],-0.747,0.215,-1.131,-0.338,0.005,0.004,2210.795,1926.791,1.002
log_lik_weight[47],-0.222,0.131,-0.474,0.0,0.003,0.003,2174.642,1890.248,1.0
log_lik_weight[48],-3.301,0.484,-4.257,-2.432,0.009,0.009,2610.24,1837.317,0.999
log_lik_weight[49],-0.12,0.11,-0.331,0.067,0.002,0.002,2227.521,1888.856,1.0
log_lik_weight[50],-0.176,0.123,-0.41,0.035,0.003,0.002,2200.063,1795.347,1.0
log_lik_weight[51],-0.54,0.191,-0.888,-0.181,0.004,0.004,2185.182,1725.224,1.0
log_lik_weight[52],-0.648,0.208,-1.06,-0.29,0.004,0.004,2186.531,1757.111,1.0
log_lik_weight[53],-0.174,0.123,-0.405,0.038,0.003,0.002,2212.437,1871.014,1.0
log_lik_weight[54],-0.023,0.088,-0.192,0.133,0.002,0.002,2550.142,1879.517,1.002
log_lik_weight[55],-0.27,0.149,-0.547,-0.006,0.003,0.003,2291.397,1699.492,0.999
log_lik_weight[56],0.02,0.072,-0.104,0.171,0.001,0.002,2592.932,1451.129,1.002
log_lik_weight[57],-0.713,0.236,-1.13,-0.272,0.005,0.005,2356.918,1723.449,1.0
log_lik_weight[58],-0.476,0.199,-0.828,-0.111,0.004,0.004,2346.03,1827.938,1.0
log_lik_weight[59],-0.253,0.156,-0.553,0.013,0.003,0.003,2274.853,1832.528,1.0
log_lik_weight[60],-0.399,0.19,-0.767,-0.077,0.004,0.004,2270.358,1956.77,1.0
log_lik_weight[61],0.017,0.073,-0.119,0.158,0.001,0.002,2546.433,1492.859,1.0
log_lik_weight[62],-0.385,0.191,-0.723,-0.043,0.004,0.004,2344.097,1757.865,1.0
log_lik_weight[63],-0.494,0.215,-0.871,-0.106,0.004,0.004,2328.118,1818.748,1.0
log_lik_weight[64],0.015,0.073,-0.13,0.153,0.001,0.002,2516.508,1524.79,1.001
log_lik_weight[65],-0.656,0.247,-1.087,-0.201,0.005,0.005,2315.241,1819.71,1.0
log_lik_weight[66],-2.372,0.442,-3.244,-1.588,0.009,0.007,2540.537,1864.37,1.001
log_lik_weight[67],-0.422,0.202,-0.808,-0.071,0.004,0.004,2306.33,1736.729,1.0
log_lik_weight[68],-0.174,0.145,-0.449,0.078,0.003,0.003,2209.973,1863.311,1.001
log_lik_weight[69],-0.203,0.154,-0.502,0.052,0.003,0.003,2324.232,1903.421,1.0
log_lik_weight[70],-0.001,0.083,-0.151,0.154,0.002,0.002,1996.939,1424.247,1.004
log_lik_weight[71],0.005,0.08,-0.141,0.155,0.002,0.002,2028.679,1653.101,1.004
log_lik_weight[72],-0.199,0.152,-0.516,0.038,0.003,0.003,2230.34,1699.421,1.001
log_lik_weight[73],-0.361,0.194,-0.739,-0.04,0.004,0.004,2095.792,1819.802,1.002
log_lik_weight[74],-0.359,0.191,-0.716,-0.024,0.004,0.004,1899.865,1685.201,1.002
log_lik_weight[75],-0.039,0.097,-0.241,0.12,0.002,0.002,2295.835,1939.908,1.001
log_lik_weight[76],-0.841,0.284,-1.393,-0.362,0.006,0.005,1909.02,1696.212,1.001
log_lik_weight[77],-0.072,0.113,-0.285,0.128,0.003,0.002,1884.548,1684.409,1.001
log_lik_weight[78],-1.472,0.349,-2.107,-0.838,0.008,0.006,2065.642,1969.077,1.001
log_lik_weight[79],-0.301,0.174,-0.612,0.033,0.004,0.003,1863.836,1722.13,1.0
log_lik_weight[80],-0.719,0.243,-1.174,-0.282,0.005,0.004,2027.868,2027.74,0.999
log_lik_weight[81],-0.024,0.091,-0.191,0.144,0.002,0.002,2107.274,1579.874,1.001
log_lik_weight[82],-1.224,0.317,-1.86,-0.686,0.007,0.006,2111.332,1558.174,1.001
log_lik_weight[83],-0.01,0.082,-0.153,0.157,0.002,0.001,2383.068,1926.089,1.001
log_lik_weight[84],-0.853,0.256,-1.323,-0.379,0.006,0.004,2153.931,1998.343,0.999
log_lik_weight[85],0.019,0.071,-0.117,0.152,0.001,0.001,2369.148,1500.553,1.002
log_lik_weight[86],-0.286,0.161,-0.604,-0.008,0.004,0.003,2109.117,1808.717,1.001
log_lik_weight[87],-0.146,0.126,-0.391,0.067,0.003,0.002,2310.305,1913.498,1.0
log_lik_weight[88],-0.201,0.141,-0.471,0.044,0.003,0.003,2173.102,1709.259,1.002
log_lik_weight[89],-0.586,0.215,-0.989,-0.195,0.005,0.004,2212.471,1913.761,1.0
log_lik_weight[90],-0.404,0.184,-0.764,-0.09,0.004,0.003,2199.71,1910.809,1.001
log_lik_weight[91],-0.003,0.08,-0.137,0.165,0.002,0.002,2542.302,1877.08,1.001
log_lik_weight[92],-0.038,0.093,-0.202,0.148,0.002,0.002,2486.823,1915.266,1.001
log_lik_weight[93],-0.574,0.219,-0.977,-0.174,0.005,0.004,2219.53,1954.542,1.001
log_lik_weight[94],-1.507,0.346,-2.173,-0.887,0.007,0.006,2316.165,1840.658,1.001
log_lik_weight[95],-0.933,0.275,-1.495,-0.459,0.006,0.005,2227.624,1840.463,1.001
log_lik_weight[96],-0.003,0.081,-0.149,0.153,0.002,0.002,2541.576,1739.377,1.001
log_lik_weight[97],-2.279,0.43,-3.053,-1.438,0.009,0.007,2325.01,2015.252,1.001
log_lik_weight[98],-0.034,0.098,-0.204,0.147,0.002,0.002,2300.751,2060.132,1.0
log_lik_weight[99],0.007,0.079,-0.137,0.152,0.002,0.002,2543.875,1800.593,1.002
log_lik_weight[100],-0.116,0.126,-0.342,0.112,0.003,0.003,1982.183,1821.714,1.001
log_lik_weight[101],-0.102,0.121,-0.32,0.12,0.003,0.003,1993.509,1835.346,1.001
log_lik_weight[102],-0.856,0.29,-1.354,-0.325,0.007,0.007,1834.462,1816.2,1.002
log_lik_weight[103],-0.294,0.181,-0.608,-0.005,0.004,0.005,1797.92,1868.431,1.001
log_lik_weight[104],-0.015,0.092,-0.185,0.14,0.002,0.003,2255.157,1883.255,1.001
log_lik_weight[105],-0.061,0.104,-0.264,0.121,0.002,0.002,2076.221,1797.399,1.002
log_lik_weight[106],-0.629,0.22,-1.039,-0.236,0.005,0.004,1784.585,1838.682,1.001
log_lik_weight[107],-0.007,0.081,-0.157,0.145,0.002,0.002,2297.67,1745.051,1.001
log_lik_weight[108],-1.69,0.344,-2.353,-1.087,0.008,0.006,1902.533,1676.448,1.002
log_lik_weight[109],0.02,0.072,-0.116,0.151,0.001,0.002,2513.951,1681.907,1.001
log_lik_weight[110],-0.039,0.095,-0.221,0.133,0.002,0.002,2155.999,1594.372,1.001
log_lik_weight[111],-0.037,0.094,-0.222,0.129,0.002,0.002,2160.791,1613.169,1.001
log_lik_weight[112],-0.596,0.206,-0.997,-0.241,0.005,0.004,1806.411,1758.813,1.001
log_lik_weight[113],-0.08,0.102,-0.273,0.092,0.002,0.002,2070.442,1844.436,1.001
log_lik_weight[114],-0.724,0.228,-1.123,-0.309,0.005,0.004,1820.405,1743.279,1.002
log_lik_weight[115],-0.333,0.158,-0.625,-0.06,0.004,0.003,1834.991,1576.639,1.002
log_lik_weight[116],-0.081,0.1,-0.268,0.093,0.002,0.002,2091.208,1920.928,1.001
log_lik_weight[117],-0.117,0.113,-0.344,0.071,0.003,0.002,2009.665,1490.183,1.001
log_lik_weight[118],-0.241,0.139,-0.498,0.01,0.003,0.003,1932.765,1687.293,1.001
log_lik_weight[119],-0.119,0.112,-0.334,0.081,0.003,0.002,2021.446,1492.705,1.001
log_lik_weight[120],-2.174,0.388,-2.91,-1.47,0.008,0.007,2077.793,1459.595,1.001
log_lik_weight[121],-0.948,0.25,-1.415,-0.515,0.006,0.005,1865.338,1635.342,1.001
log_lik_weight[122],-0.127,0.112,-0.339,0.071,0.003,0.002,2019.699,1827.644,1.001
log_lik_weight[123],-0.07,0.094,-0.247,0.095,0.002,0.002,2187.11,1936.83,1.002
log_lik_weight[124],-0.257,0.139,-0.528,-0.02,0.003,0.003,1927.556,1770.548,1.001
log_lik_weight[125],-1.128,0.26,-1.636,-0.679,0.006,0.004,1955.67,1726.595,1.002
log_lik_weight[126],0.003,0.074,-0.141,0.137,0.001,0.002,2488.59,1709.873,1.002
log_lik_weight[127],-0.152,0.113,-0.359,0.05,0.003,0.002,1983.702,1861.715,1.002
log_lik_weight[128],-0.052,0.094,-0.22,0.124,0.002,0.002,2104.017,1791.702,1.0
log_lik_weight[129],-0.055,0.09,-0.221,0.11,0.002,0.002,2244.061,1864.787,1.003
log_lik_weight[130],-0.067,0.099,-0.257,0.103,0.002,0.002,2061.864,1884.738,1.0
log_lik_weight[131],-0.394,0.165,-0.719,-0.108,0.004,0.003,1800.063,1977.887,1.002
log_lik_weight[132],-0.788,0.229,-1.22,-0.367,0.005,0.004,1837.896,1845.449,1.002
log_lik_weight[133],-0.683,0.228,-1.107,-0.269,0.005,0.004,1829.613,1972.45,1.0
log_lik_weight[134],-0.452,0.192,-0.839,-0.133,0.004,0.003,1915.393,1878.199,1.0
log_lik_weight[135],-0.312,0.171,-0.634,-0.018,0.004,0.003,1938.787,1938.151,1.0
log_lik_weight[136],-0.41,0.196,-0.787,-0.079,0.005,0.003,1860.115,1871.583,1.001
log_lik_weight[137],-0.214,0.158,-0.524,0.046,0.004,0.003,1976.334,2042.976,1.0
log_lik_weight[138],-0.23,0.167,-0.561,0.042,0.004,0.003,1986.11,1840.623,1.0
log_lik_weight[139],-0.405,0.216,-0.831,-0.048,0.005,0.004,1971.438,1820.276,1.0
log_lik_weight[140],-0.004,0.087,-0.166,0.158,0.002,0.002,2457.246,1788.342,1.0
log_lik_weight[141],-0.074,0.124,-0.321,0.126,0.003,0.003,2033.458,1908.432,1.001
log_lik_weight[142],-0.012,0.092,-0.17,0.161,0.002,0.002,2051.741,1828.276,1.0
log_lik_weight[143],-0.065,0.124,-0.305,0.132,0.003,0.003,2019.319,1903.525,1.001
log_lik_weight[144],-0.143,0.165,-0.439,0.136,0.004,0.003,2062.365,2031.232,1.001
log_lik_weight[145],-0.418,0.291,-0.973,0.036,0.006,0.006,2190.64,1801.063,1.0
log_lik_weight[146],-0.574,0.504,-1.487,0.116,0.01,0.011,2495.757,2077.992,1.0
log_lik_workout[0],3.481,0.05,3.39,3.551,0.001,0.002,2093.469,2057.577,1.0
log_lik_workout[1],3.483,0.047,3.397,3.55,0.001,0.002,2094.223,1914.808,1.0
log_lik_workout[2],3.484,0.046,3.404,3.551,0.001,0.002,2092.65,1838.159,1.0
log_lik_workout[3],3.485,0.045,3.407,3.551,0.001,0.002,2094.292,1745.709,1.0
log_lik_workout[4],3.486,0.043,3.41,3.551,0.001,0.002,2089.668,1714.79,1.0
log_lik_workout[5],3.487,0.042,3.413,3.551,0.001,0.002,2087.921,1750.718,1.0
log_lik_workout[6],3.489,0.04,3.419,3.552,0.001,0.002,2154.987,1714.096,1.0
log_lik_workout[7],3.49,0.039,3.42,3.549,0.001,0.002,2135.399,1716.369,1.001
log_lik_workout[8],3.491,0.038,3.425,3.552,0.001,0.002,2121.598,1729.551,1.001
log_lik_workout[9],3.491,0.037,3.426,3.55,0.001,0.001,2100.155,1820.863,1.001
log_lik_workout[10],3.493,0.035,3.435,3.551,0.001,0.001,2044.008,1836.979,1.001
log_lik_workout[11],3.494,0.035,3.436,3.551,0.001,0.001,2025.947,1645.972,1.001
log_lik_workout[12],3.496,0.033,3.438,3.55,0.001,0.001,1979.988,1450.899,1.0
log_lik_workout[13],3.497,0.032,3.442,3.551,0.001,0.001,1958.104,1242.925,1.0
log_lik_workout[14],3.497,0.031,3.442,3.551,0.001,0.001,1947.641,1195.777,1.0
log_lik_workout[15],3.497,0.031,3.445,3.554,0.001,0.001,1941.646,1166.952,1.001
log_lik_workout[16],3.498,0.031,3.447,3.555,0.001,0.001,1934.73,1171.787,1.001
log_lik_workout[17],3.498,0.03,3.448,3.555,0.001,0.001,1926.655,1172.287,1.001
log_lik_workout[18],3.498,0.03,3.447,3.553,0.001,0.001,1905.886,1128.478,1.001
log_lik_workout[19],3.499,0.03,3.448,3.554,0.001,0.001,1894.155,1101.776,1.001
log_lik_workout[20],3.499,0.03,3.449,3.553,0.001,0.001,1886.172,1040.802,1.001
log_lik_workout[21],3.499,0.029,3.447,3.552,0.001,0.001,1878.885,1064.91,1.001
log_lik_workout[22],3.499,0.029,3.447,3.551,0.001,0.001,1868.873,1088.21,1.001
log_lik_workout[23],3.5,0.029,3.448,3.552,0.001,0.001,1866.83,1032.911,1.0
log_lik_workout[24],3.501,0.028,3.453,3.555,0.001,0.001,1784.546,1118.568,1.0
log_lik_workout[25],3.501,0.028,3.45,3.551,0.001,0.001,1776.335,1118.568,1.0
log_lik_workout[26],3.501,0.028,3.45,3.551,0.001,0.001,1750.522,1140.643,1.0
log_lik_workout[27],3.501,0.028,3.451,3.551,0.001,0.001,1746.407,1154.803,1.0
log_lik_workout[28],3.501,0.028,3.451,3.55,0.001,0.001,1738.586,1263.139,1.0
log_lik_workout[29],3.501,0.028,3.451,3.55,0.001,0.001,1738.608,1198.979,1.0
log_lik_workout[30],3.501,0.028,3.451,3.55,0.001,0.001,1737.027,1169.938,0.999
log_lik_workout[31],3.501,0.028,3.452,3.55,0.001,0.001,1746.449,1155.644,1.0
log_lik_workout[32],3.501,0.028,3.45,3.549,0.001,0.001,1740.922,1128.306,1.0
log_lik_workout[33],3.501,0.028,3.451,3.549,0.001,0.001,1741.106,1141.614,1.0
log_lik_workout[34],3.501,0.028,3.45,3.548,0.001,0.001,1750.408,1142.159,0.999
log_lik_workout[35],3.501,0.027,3.451,3.549,0.001,0.001,1775.913,1130.644,0.999
log_lik_workout[36],-11.87,1.204,-13.884,-9.599,0.027,0.032,1473.128,604.027,1.005
log_lik_workout[37],3.501,0.027,3.452,3.549,0.001,0.001,1797.451,1130.986,0.999
log_lik_workout[38],3.501,0.027,3.452,3.549,0.001,0.001,1808.236,1173.263,0.999
log_lik_workout[39],3.501,0.027,3.453,3.549,0.001,0.001,1843.86,1218.71,0.999
log_lik_workout[40],3.501,0.027,3.453,3.549,0.001,0.001,1854.575,1188.774,0.999
log_lik_workout[41],3.501,0.027,3.452,3.549,0.001,0.001,1852.641,1204.389,0.999
log_lik_workout[42],3.501,0.027,3.453,3.549,0.001,0.001,1852.397,1189.122,0.999
log_lik_workout[43],3.501,0.027,3.453,3.55,0.001,0.001,1852.185,1189.198,0.999
log_lik_workout[44],3.501,0.027,3.452,3.55,0.001,0.001,1853.197,1232.557,0.999
log_lik_workout[45],3.501,0.027,3.452,3.55,0.001,0.001,1853.385,1304.86,0.999
log_lik_workout[46],3.501,0.027,3.451,3.55,0.001,0.001,1856.297,1342.457,0.999
log_lik_workout[47],3.501,0.027,3.452,3.55,0.001,0.001,1856.183,1342.457,0.999
log_lik_workout[48],3.501,0.027,3.448,3.547,0.001,0.001,1855.818,1251.809,0.999
log_lik_workout[49],3.501,0.027,3.452,3.551,0.001,0.001,1854.326,1236.596,0.999
log_lik_workout[50],3.501,0.027,3.452,3.551,0.001,0.001,1852.098,1236.596,0.999
log_lik_workout[51],3.501,0.027,3.45,3.549,0.001,0.001,1848.272,1156.998,0.999
log_lik_workout[52],3.501,0.027,3.449,3.549,0.001,0.001,1847.176,1170.604,0.999
log_lik_workout[53],3.501,0.027,3.452,3.552,0.001,0.001,1832.297,1171.442,0.999
log_lik_workout[54],-11.87,1.204,-13.884,-9.599,0.027,0.032,1473.049,611.033,1.005
log_lik_workout[55],3.501,0.027,3.448,3.549,0.001,0.001,1813.228,1257.556,0.999
log_lik_workout[56],3.501,0.028,3.448,3.549,0.001,0.001,1806.309,1356.294,0.999
log_lik_workout[57],3.501,0.028,3.449,3.55,0.001,0.001,1799.866,1274.425,0.999
log_lik_workout[58],3.5,0.028,3.447,3.549,0.001,0.001,1792.85,1221.166,0.999
log_lik_workout[59],3.5,0.028,3.447,3.549,0.001,0.001,1790.379,1221.023,0.999
log_lik_workout[60],3.5,0.028,3.448,3.549,0.001,0.001,1776.203,1212.481,0.999
log_lik_workout[61],3.5,0.028,3.448,3.549,0.001,0.001,1770.955,1260.752,0.999
log_lik_workout[62],3.5,0.028,3.448,3.549,0.001,0.001,1763.198,1260.752,0.999
log_lik_workout[63],3.5,0.028,3.447,3.549,0.001,0.001,1751.117,1273.802,0.999
log_lik_workout[64],3.5,0.028,3.447,3.549,0.001,0.001,1736.566,1251.571,1.0
log_lik_workout[65],3.5,0.028,3.447,3.549,0.001,0.001,1728.591,1285.185,1.0
log_lik_workout[66],3.5,0.028,3.446,3.549,0.001,0.001,1683.58,1258.309,1.0
log_lik_workout[67],-11.87,1.204,-13.885,-9.599,0.027,0.032,1473.258,610.965,1.005
log_lik_workout[68],3.5,0.028,3.446,3.549,0.001,0.001,1659.069,1259.35,1.001
log_lik_workout[69],3.5,0.028,3.446,3.549,0.001,0.001,1651.609,1259.272,1.001
log_lik_workout[70],3.499,0.028,3.447,3.55,0.001,0.001,1645.733,1273.961,1.0
log_lik_workout[71],3.499,0.028,3.447,3.551,0.001,0.001,1641.314,1309.54,1.0
log_lik_workout[72],3.499,0.029,3.448,3.551,0.001,0.001,1638.074,1291.835,1.0
log_lik_workout[73],3.499,0.029,3.447,3.55,0.001,0.001,1635.239,1273.615,1.0
log_lik_workout[74],3.499,0.029,3.447,3.55,0.001,0.001,1631.974,1291.043,1.0
log_lik_workout[75],3.499,0.029,3.447,3.55,0.001,0.001,1626.455,1293.798,1.0
log_lik_workout[76],3.499,0.029,3.446,3.549,0.001,0.001,1585.361,1339.785,0.999
log_lik_workout[77],3.499,0.029,3.446,3.549,0.001,0.001,1581.255,1339.468,0.999
log_lik_workout[78],3.499,0.029,3.446,3.549,0.001,0.001,1564.043,1347.873,0.999
log_lik_workout[79],3.499,0.029,3.447,3.549,0.001,0.001,1558.735,1244.459,0.999
log_lik_workout[80],3.499,0.029,3.446,3.549,0.001,0.001,1547.355,1314.468,0.999
log_lik_workout[81],3.499,0.029,3.445,3.549,0.001,0.001,1524.942,1262.943,0.999
log_lik_workout[82],3.499,0.029,3.446,3.549,0.001,0.001,1527.313,1278.841,0.999
log_lik_workout[83],3.499,0.029,3.446,3.549,0.001,0.001,1534.723,1278.056,0.999
log_lik_workout[84],3.499,0.029,3.446,3.549,0.001,0.001,1541.163,1314.325,0.999
log_lik_workout[85],3.499,0.029,3.446,3.549,0.001,0.001,1539.314,1314.325,0.999
log_lik_workout[86],3.499,0.029,3.447,3.55,0.001,0.001,1551.175,1305.677,0.999
log_lik_workout[87],3.499,0.029,3.447,3.55,0.001,0.001,1573.286,1289.186,0.999
log_lik_workout[88],3.499,0.029,3.447,3.55,0.001,0.001,1584.347,1271.337,0.999
log_lik_workout[89],3.499,0.029,3.446,3.55,0.001,0.001,1612.138,1281.432,0.999
log_lik_workout[90],3.499,0.029,3.447,3.55,0.001,0.001,1632.08,1160.818,0.999
log_lik_workout[91],3.5,0.029,3.446,3.549,0.001,0.001,1761.918,1152.351,1.0
log_lik_workout[92],3.5,0.029,3.448,3.55,0.001,0.001,1778.542,1152.351,1.0
log_lik_workout[93],3.5,0.029,3.448,3.551,0.001,0.001,1787.15,1098.917,1.0
log_lik_workout[94],3.5,0.029,3.449,3.552,0.001,0.001,1787.074,1073.121,1.0
log_lik_workout[95],3.5,0.029,3.448,3.552,0.001,0.001,1792.394,1073.121,1.0
log_lik_workout[96],3.5,0.029,3.448,3.552,0.001,0.001,1795.098,1073.121,1.0
log_lik_workout[97],3.5,0.028,3.446,3.549,0.001,0.001,1799.82,1015.436,1.0
log_lik_workout[98],3.5,0.028,3.446,3.549,0.001,0.001,1799.136,1028.085,1.0
log_lik_workout[99],3.5,0.028,3.446,3.549,0.001,0.001,1798.71,1028.085,1.0
log_lik_workout[100],3.5,0.028,3.447,3.551,0.001,0.001,1762.867,1113.524,1.0
log_lik_workout[101],3.5,0.028,3.448,3.552,0.001,0.001,1754.358,1050.435,1.0
log_lik_workout[102],3.5,0.028,3.448,3.551,0.001,0.001,1752.234,1050.43,1.0
log_lik_workout[103],3.5,0.028,3.449,3.551,0.001,0.001,1744.991,1092.114,1.0
log_lik_workout[104],3.5,0.028,3.449,3.551,0.001,0.001,1743.014,1141.066,1.0
log_lik_workout[105],3.5,0.028,3.449,3.552,0.001,0.001,1741.535,1101.037,1.0
log_lik_workout[106],3.5,0.028,3.448,3.55,0.001,0.001,1739.316,1078.024,1.0
log_lik_workout[107],3.5,0.028,3.448,3.55,0.001,0.001,1734.911,1078.024,1.0
log_lik_workout[108],3.5,0.028,3.447,3.549,0.001,0.001,1726.724,1065.63,1.0
log_lik_workout[109],3.5,0.028,3.447,3.55,0.001,0.001,1713.522,1103.401,1.0
log_lik_workout[110],3.5,0.028,3.447,3.55,0.001,0.001,1706.361,1065.848,1.0
log_lik_workout[111],3.5,0.028,3.447,3.55,0.001,0.001,1708.856,1065.306,1.0
log_lik_workout[112],3.5,0.029,3.447,3.55,0.001,0.001,1698.624,1041.421,1.0
log_lik_workout[113],3.5,0.029,3.447,3.55,0.001,0.001,1687.147,1052.782,1.0
log_lik_workout[114],3.5,0.029,3.447,3.55,0.001,0.001,1681.855,1052.782,1.0
log_lik_workout[115],3.5,0.029,3.45,3.554,0.001,0.001,1676.267,1041.456,1.0
log_lik_workout[116],3.499,0.029,3.449,3.553,0.001,0.001,1655.564,1053.575,1.0
log_lik_workout[117],3.499,0.03,3.443,3.548,0.001,0.001,1627.114,1242.519,1.0
log_lik_workout[118],3.498,0.03,3.446,3.551,0.001,0.001,1621.055,1226.597,1.0
log_lik_workout[119],3.497,0.031,3.442,3.55,0.001,0.001,1601.339,1228.735,1.0
log_lik_workout[120],3.497,0.031,3.442,3.551,0.001,0.001,1599.612,1213.211,1.0
log_lik_workout[121],3.497,0.031,3.438,3.548,0.001,0.001,1595.913,1240.919,1.0
log_lik_workout[122],3.494,0.034,3.431,3.549,0.001,0.001,1621.795,1523.333,1.0
log_lik_workout[123],3.494,0.034,3.43,3.549,0.001,0.001,1625.807,1547.219,1.0
log_lik_workout[124],3.492,0.036,3.426,3.551,0.001,0.001,1637.646,1765.443,1.0
log_lik_workout[125],3.492,0.037,3.424,3.55,0.001,0.001,1644.979,1768.683,1.0
log_lik_workout[126],3.491,0.037,3.42,3.55,0.001,0.001,1650.488,1767.46,1.0
log_lik_workout[127],3.49,0.039,3.422,3.555,0.001,0.001,1667.199,1766.827,1.0
log_lik_workout[128],3.489,0.04,3.418,3.554,0.001,0.001,1689.698,1771.614,1.0
log_lik_workout[129],3.488,0.041,3.417,3.555,0.001,0.001,1695.356,1820.564,1.0
log_lik_workout[130],3.486,0.043,3.403,3.548,0.001,0.001,1727.443,1820.677,1.0
log_lik_workout[131],3.486,0.044,3.408,3.557,0.001,0.002,1733.461,1893.268,1.0
log_lik_workout[132],3.483,0.048,3.397,3.556,0.001,0.002,1784.538,1868.271,1.0
log_lik_workout[133],3.48,0.051,3.391,3.558,0.001,0.002,1786.133,1881.096,1.0
log_lik_workout[134],3.479,0.052,3.389,3.559,0.001,0.002,1797.928,1851.704,0.999
log_lik_workout[135],3.462,0.078,3.328,3.555,0.002,0.003,1931.65,2017.534,0.999
beta_scaled,,,,,,,,,
f_weight_stored[0],-1.566,0.364,-2.254,-0.868,0.007,0.009,2572.548,1348.133,1.002
f_weight_stored[1],-1.853,0.171,-2.168,-1.534,0.004,0.003,2170.891,1922.14,1.001
f_weight_stored[2],-1.854,0.159,-2.147,-1.559,0.003,0.003,2273.818,1845.783,1.0
f_weight_stored[3],-1.851,0.145,-2.114,-1.584,0.003,0.002,2358.252,1748.479,1.0
f_weight_stored[4],-1.845,0.133,-2.092,-1.607,0.003,0.002,2450.381,1715.987,1.0
f_weight_stored[5],-1.837,0.125,-2.073,-1.616,0.002,0.002,2503.694,1747.329,1.0
f_weight_stored[6],-1.824,0.115,-2.022,-1.593,0.002,0.002,2460.716,1748.374,1.0
f_weight_stored[7],-1.815,0.111,-2.006,-1.591,0.002,0.002,2457.384,1814.594,1.0
f_weight_stored[8],-1.777,0.098,-1.958,-1.592,0.002,0.002,2384.814,1820.396,1.0
f_weight_stored[9],-1.756,0.094,-1.925,-1.575,0.002,0.002,2334.07,1821.121,1.0
f_weight_stored[10],-1.728,0.09,-1.892,-1.557,0.002,0.002,2257.621,1822.138,1.0
f_weight_stored[11],-1.681,0.085,-1.836,-1.52,0.002,0.002,2048.792,1695.743,1.0
f_weight_stored[12],-1.681,0.085,-1.836,-1.52,0.002,0.002,2048.792,1695.743,1.0
f_weight_stored[13],-1.595,0.079,-1.739,-1.446,0.002,0.002,1793.977,1687.76,1.0
f_weight_stored[14],-1.562,0.077,-1.715,-1.426,0.002,0.001,1742.664,1792.53,1.001
f_weight_stored[15],-1.513,0.075,-1.653,-1.373,0.002,0.001,1705.729,1766.581,1.001
f_weight_stored[16],-1.468,0.074,-1.605,-1.331,0.002,0.001,1725.485,1726.333,1.002
f_weight_stored[17],-1.461,0.073,-1.597,-1.324,0.002,0.001,1727.084,1727.474,1.002
f_weight_stored[18],-1.445,0.073,-1.587,-1.315,0.002,0.001,1742.683,1662.529,1.002
f_weight_stored[19],-1.396,0.072,-1.53,-1.265,0.002,0.001,1790.543,1656.183,1.002
f_weight_stored[20],-1.37,0.071,-1.507,-1.243,0.002,0.001,1822.173,1693.1,1.002
f_weight_stored[21],-1.353,0.071,-1.488,-1.226,0.002,0.001,1848.057,1829.634,1.002
f_weight_stored[22],-1.308,0.07,-1.445,-1.187,0.002,0.001,1917.975,1833.998,1.001
f_weight_stored[23],-1.29,0.07,-1.42,-1.162,0.002,0.001,1952.495,1804.659,1.001
f_weight_stored[24],-1.262,0.069,-1.39,-1.134,0.002,0.001,2004.989,1797.304,1.001
f_weight_stored[25],-1.233,0.069,-1.366,-1.11,0.002,0.001,2061.591,1766.688,1.0
f_weight_stored[26],-1.194,0.068,-1.322,-1.068,0.001,0.001,2141.94,1797.531,1.0
f_weight_stored[27],-1.154,0.068,-1.277,-1.027,0.001,0.001,2179.965,1835.303,1.0
f_weight_stored[28],-1.134,0.068,-1.257,-1.006,0.001,0.001,2179.371,1835.303,1.0
f_weight_stored[29],-1.082,0.068,-1.197,-0.946,0.001,0.001,2182.921,1855.947,1.001
f_weight_stored[30],-1.04,0.067,-1.154,-0.905,0.001,0.001,2183.765,1821.096,1.001
f_weight_stored[31],-0.975,0.067,-1.089,-0.841,0.001,0.001,2180.263,1750.43,1.002
f_weight_stored[32],-0.953,0.067,-1.066,-0.818,0.001,0.001,2176.847,1804.409,1.002
f_weight_stored[33],-0.92,0.067,-1.04,-0.793,0.001,0.001,2174.528,1770.572,1.002
f_weight_stored[34],-0.897,0.067,-1.014,-0.767,0.001,0.001,2173.862,1758.499,1.002
f_weight_stored[35],-0.886,0.067,-1.002,-0.755,0.001,0.001,2174.532,1758.499,1.002
f_weight_stored[36],-0.863,0.067,-0.982,-0.735,0.001,0.001,2172.377,1791.423,1.002
f_weight_stored[37],-0.806,0.067,-0.929,-0.682,0.001,0.001,2164.594,1824.862,1.001
f_weight_stored[38],-0.701,0.067,-0.828,-0.58,0.001,0.001,2155.318,1873.727,1.002
f_weight_stored[39],-0.678,0.067,-0.806,-0.557,0.001,0.001,2152.352,1755.428,1.002
f_weight_stored[40],-0.63,0.067,-0.76,-0.511,0.001,0.001,2152.308,1754.26,1.002
f_weight_stored[41],-0.595,0.067,-0.726,-0.475,0.001,0.001,2154.55,1856.239,1.003
f_weight_stored[42],-0.523,0.067,-0.642,-0.395,0.001,0.001,2156.588,1844.087,1.002
f_weight_stored[43],-0.487,0.067,-0.613,-0.363,0.001,0.001,2159.195,1847.967,1.002
f_weight_stored[44],-0.463,0.067,-0.585,-0.336,0.001,0.001,2157.779,1815.313,1.002
f_weight_stored[45],-0.427,0.067,-0.558,-0.307,0.001,0.001,2162.272,1850.013,1.002
f_weight_stored[46],-0.354,0.067,-0.479,-0.228,0.001,0.001,2172.676,1813.513,1.002
f_weight_stored[47],-0.27,0.067,-0.397,-0.143,0.001,0.001,2186.441,1888.397,1.002
f_weight_stored[48],-0.222,0.068,-0.347,-0.09,0.001,0.001,2200.275,1850.889,1.001
f_weight_stored[49],-0.187,0.068,-0.316,-0.057,0.001,0.001,2208.758,1815.895,1.001
f_weight_stored[50],-0.151,0.068,-0.277,-0.018,0.001,0.001,2219.909,1816.185,1.0
f_weight_stored[51],-0.127,0.068,-0.256,0.004,0.001,0.001,2224.914,1608.695,1.001
f_weight_stored[52],-0.092,0.069,-0.225,0.038,0.001,0.001,2235.493,1754.168,1.001
f_weight_stored[53],-0.08,0.069,-0.209,0.054,0.001,0.001,2240.624,1754.168,1.001
f_weight_stored[54],0.012,0.07,-0.127,0.139,0.001,0.001,2277.051,1695.207,0.999
f_weight_stored[55],0.058,0.071,-0.083,0.185,0.001,0.001,2287.701,1723.969,1.0
f_weight_stored[56],0.103,0.072,-0.035,0.236,0.001,0.001,2299.751,1786.838,1.0
f_weight_stored[57],0.287,0.075,0.134,0.418,0.002,0.001,2330.044,1755.476,1.0
f_weight_stored[58],0.348,0.076,0.191,0.479,0.002,0.001,2346.13,1823.202,1.0
f_weight_stored[59],0.359,0.076,0.199,0.489,0.002,0.001,2348.407,1823.202,1.0
f_weight_stored[60],0.437,0.078,0.276,0.572,0.002,0.001,2364.991,1907.797,1.0
f_weight_stored[61],0.502,0.079,0.353,0.65,0.002,0.001,2382.121,1823.305,1.0
f_weight_stored[62],0.529,0.08,0.381,0.678,0.002,0.001,2384.581,1725.922,1.0
f_weight_stored[63],0.572,0.08,0.422,0.722,0.002,0.001,2365.85,1759.02,1.0
f_weight_stored[64],0.613,0.081,0.449,0.755,0.002,0.001,2346.493,1729.254,1.0
f_weight_stored[65],0.63,0.081,0.472,0.777,0.002,0.001,2346.88,1735.0,1.0
f_weight_stored[66],0.645,0.081,0.488,0.792,0.002,0.001,2348.798,1766.61,1.0
f_weight_stored[67],0.645,0.081,0.488,0.792,0.002,0.001,2348.798,1766.61,1.0
f_weight_stored[68],0.766,0.083,0.61,0.922,0.002,0.002,2287.527,1729.366,1.001
f_weight_stored[69],0.875,0.083,0.718,1.03,0.002,0.002,2137.417,1626.907,1.001
f_weight_stored[70],0.927,0.083,0.775,1.082,0.002,0.002,2017.565,1617.039,1.002
f_weight_stored[71],0.939,0.083,0.791,1.095,0.002,0.002,1993.754,1563.817,1.002
f_weight_stored[72],0.945,0.083,0.798,1.102,0.002,0.002,1980.281,1539.235,1.002
f_weight_stored[73],0.953,0.083,0.804,1.107,0.002,0.002,1954.902,1629.039,1.003
f_weight_stored[74],0.962,0.083,0.818,1.123,0.002,0.002,1933.027,1822.764,1.002
f_weight_stored[75],0.97,0.082,0.819,1.123,0.002,0.002,1920.291,1790.215,1.002
f_weight_stored[76],0.978,0.082,0.825,1.129,0.002,0.002,1910.361,1728.683,1.002
f_weight_stored[77],0.984,0.081,0.839,1.142,0.002,0.001,1903.509,1637.958,1.002
f_weight_stored[78],0.987,0.081,0.832,1.134,0.002,0.001,1908.882,1554.814,1.001
f_weight_stored[79],0.988,0.08,0.83,1.13,0.002,0.001,1922.202,1661.727,1.001
f_weight_stored[80],0.974,0.078,0.843,1.134,0.002,0.001,2006.03,1554.513,1.001
f_weight_stored[81],0.958,0.077,0.811,1.096,0.002,0.001,2039.879,1610.332,1.0
f_weight_stored[82],0.94,0.076,0.799,1.083,0.002,0.001,2084.502,1680.005,1.001
f_weight_stored[83],0.938,0.076,0.797,1.081,0.002,0.001,2089.799,1680.58,1.001
f_weight_stored[84],0.932,0.076,0.796,1.079,0.002,0.001,2101.825,1680.005,1.001
f_weight_stored[85],0.93,0.076,0.791,1.074,0.002,0.001,2109.958,1651.572,1.001
f_weight_stored[86],0.921,0.075,0.782,1.064,0.002,0.001,2125.793,1651.572,1.001
f_weight_stored[87],0.915,0.075,0.778,1.059,0.002,0.001,2136.821,1681.347,1.001
f_weight_stored[88],0.893,0.075,0.76,1.038,0.002,0.001,2170.717,1569.366,1.001
f_weight_stored[89],0.873,0.075,0.74,1.024,0.002,0.001,2191.084,1677.657,1.001
f_weight_stored[90],0.869,0.075,0.737,1.022,0.002,0.001,2198.368,1677.657,1.0
f_weight_stored[91],0.855,0.075,0.704,0.991,0.002,0.001,2213.843,1803.081,1.001
f_weight_stored[92],0.828,0.076,0.679,0.966,0.002,0.001,2211.297,1736.831,1.001
f_weight_stored[93],0.805,0.077,0.658,0.945,0.002,0.001,2201.6,1770.212,1.002
f_weight_stored[94],0.793,0.077,0.647,0.934,0.002,0.001,2185.599,1840.77,1.002
f_weight_stored[95],0.789,0.077,0.644,0.931,0.002,0.001,2180.383,1840.77,1.002
f_weight_stored[96],0.781,0.077,0.639,0.924,0.002,0.001,2172.232,1879.315,1.002
f_weight_stored[97],0.744,0.079,0.596,0.891,0.002,0.002,2114.792,1915.924,1.001
f_weight_stored[98],0.731,0.079,0.581,0.878,0.002,0.002,2091.604,1953.766,1.002
f_weight_stored[99],0.683,0.081,0.532,0.831,0.002,0.002,1994.015,1980.163,1.002
f_weight_stored[100],0.604,0.083,0.456,0.756,0.002,0.002,1851.069,1828.357,1.001
f_weight_stored[101],0.593,0.083,0.446,0.749,0.002,0.002,1833.985,1828.242,1.001
f_weight_stored[102],0.57,0.083,0.418,0.722,0.002,0.002,1803.127,1912.501,1.001
f_weight_stored[103],0.558,0.083,0.398,0.701,0.002,0.002,1790.681,1952.96,1.001
f_weight_stored[104],0.541,0.082,0.377,0.68,0.002,0.002,1774.831,1913.394,1.001
f_weight_stored[105],0.489,0.077,0.355,0.64,0.002,0.002,1756.431,1830.435,1.001
f_weight_stored[106],0.478,0.075,0.347,0.621,0.002,0.001,1767.413,1890.912,1.001
f_weight_stored[107],0.473,0.074,0.341,0.611,0.002,0.001,1771.072,1865.973,1.001
f_weight_stored[108],0.472,0.074,0.34,0.61,0.002,0.001,1770.935,1830.514,1.001
f_weight_stored[109],0.471,0.073,0.337,0.605,0.002,0.001,1778.512,1802.462,1.001
f_weight_stored[110],0.469,0.073,0.335,0.601,0.002,0.001,1783.643,1810.258,1.001
f_weight_stored[111],0.468,0.072,0.334,0.6,0.002,0.001,1790.358,1809.481,1.001
f_weight_stored[112],0.467,0.072,0.332,0.597,0.002,0.001,1794.098,1810.74,1.001
f_weight_stored[113],0.466,0.071,0.325,0.588,0.002,0.001,1833.581,1847.315,1.001
f_weight_stored[114],0.465,0.07,0.335,0.594,0.002,0.001,1833.848,1768.311,1.001
f_weight_stored[115],0.464,0.07,0.338,0.593,0.002,0.001,1838.92,1718.429,1.001
f_weight_stored[116],0.465,0.069,0.337,0.59,0.002,0.001,1845.424,1602.21,1.001
f_weight_stored[117],0.465,0.069,0.337,0.59,0.002,0.001,1845.424,1602.21,1.001
f_weight_stored[118],0.465,0.069,0.337,0.589,0.002,0.001,1847.222,1566.191,1.001
f_weight_stored[119],0.466,0.068,0.345,0.597,0.002,0.001,1861.477,1647.321,1.001
f_weight_stored[120],0.468,0.068,0.348,0.599,0.002,0.001,1874.846,1560.597,1.001
f_weight_stored[121],0.469,0.067,0.348,0.597,0.002,0.001,1877.092,1554.375,1.001
f_weight_stored[122],0.472,0.067,0.356,0.605,0.002,0.001,1883.883,1635.799,1.001
f_weight_stored[123],0.473,0.067,0.358,0.606,0.002,0.001,1886.041,1645.166,1.001
f_weight_stored[124],0.474,0.067,0.359,0.608,0.002,0.001,1885.861,1643.669,1.001
f_weight_stored[125],0.481,0.067,0.365,0.614,0.002,0.001,1886.648,1645.018,1.001
f_weight_stored[126],0.484,0.067,0.363,0.613,0.002,0.001,1900.562,1615.598,1.001
f_weight_stored[127],0.485,0.067,0.369,0.618,0.002,0.001,1893.728,1675.472,1.001
f_weight_stored[128],0.485,0.067,0.369,0.618,0.002,0.001,1893.728,1675.472,1.001
f_weight_stored[129],0.485,0.067,0.369,0.618,0.002,0.001,1893.728,1675.472,1.001
f_weight_stored[130],0.499,0.067,0.381,0.635,0.002,0.001,1883.1,1884.785,1.001
f_weight_stored[131],0.51,0.068,0.381,0.639,0.002,0.001,1881.811,1851.217,1.001
f_weight_stored[132],0.516,0.068,0.387,0.645,0.002,0.001,1884.358,1869.192,1.001
f_weight_stored[133],0.55,0.073,0.421,0.693,0.002,0.001,1895.09,1874.824,1.001
f_weight_stored[134],0.558,0.075,0.43,0.708,0.002,0.001,1888.321,1932.448,1.001
f_weight_stored[135],0.57,0.078,0.424,0.712,0.002,0.001,1898.658,1836.71,1.0
f_weight_stored[136],0.578,0.079,0.425,0.719,0.002,0.001,1895.061,1910.72,1.0
f_weight_stored[137],0.592,0.083,0.447,0.759,0.002,0.001,1908.279,1929.208,1.0
f_weight_stored[138],0.6,0.086,0.449,0.77,0.002,0.001,1934.748,1901.209,1.0
f_weight_stored[139],0.609,0.088,0.449,0.783,0.002,0.001,1952.219,1900.886,1.0
f_weight_stored[140],0.62,0.092,0.446,0.797,0.002,0.002,1982.165,1935.013,1.0
f_weight_stored[141],0.629,0.096,0.448,0.813,0.002,0.002,2000.388,1935.697,1.0
f_weight_stored[142],0.637,0.099,0.459,0.835,0.002,0.002,2025.416,1938.002,1.0
f_weight_stored[143],0.64,0.101,0.457,0.837,0.002,0.002,2033.995,1980.904,1.0
f_weight_stored[144],0.652,0.106,0.456,0.859,0.002,0.002,2065.775,1925.6,1.0
f_weight_stored[145],0.678,0.12,0.43,0.885,0.003,0.002,2154.389,1717.644,1.0
f_weight_stored[146],0.767,0.191,0.409,1.133,0.004,0.003,2468.897,1854.756,1.0
f_workout_stored[0],-0.15,0.002,-0.154,-0.147,0.0,0.0,2145.049,2010.802,1.0
f_workout_stored[1],-0.15,0.002,-0.153,-0.147,0.0,0.0,2144.786,2010.851,1.0
f_workout_stored[2],-0.15,0.002,-0.153,-0.147,0.0,0.0,2143.697,1969.042,1.0
f_workout_stored[3],-0.15,0.002,-0.153,-0.147,0.0,0.0,2141.479,1969.042,1.0
f_workout_stored[4],-0.15,0.002,-0.153,-0.147,0.0,0.0,2137.659,1929.227,1.0
f_workout_stored[5],-0.15,0.002,-0.153,-0.147,0.0,0.0,2136.496,1890.965,1.0
f_workout_stored[6],-0.15,0.002,-0.153,-0.147,0.0,0.0,2129.349,1854.175,0.999
f_workout_stored[7],-0.15,0.002,-0.153,-0.147,0.0,0.0,2126.706,1849.541,0.999
f_workout_stored[8],-0.15,0.002,-0.153,-0.147,0.0,0.0,2124.563,1854.836,0.999
f_workout_stored[9],-0.15,0.001,-0.153,-0.147,0.0,0.0,2119.082,1854.638,0.999
f_workout_stored[10],-0.15,0.001,-0.153,-0.147,0.0,0.0,2107.143,1819.409,0.999
f_workout_stored[11],-0.15,0.001,-0.153,-0.147,0.0,0.0,2103.654,1785.163,0.999
f_workout_stored[12],-0.15,0.001,-0.153,-0.148,0.0,0.0,2092.789,1855.047,0.999
f_workout_stored[13],-0.15,0.001,-0.153,-0.148,0.0,0.0,2081.875,1854.822,0.999
f_workout_stored[14],-0.15,0.001,-0.152,-0.148,0.0,0.0,2077.59,1814.251,0.999
f_workout_stored[15],-0.15,0.001,-0.152,-0.148,0.0,0.0,2073.855,1784.901,0.999
f_workout_stored[16],-0.15,0.001,-0.152,-0.148,0.0,0.0,2071.942,1785.009,0.999
f_workout_stored[17],-0.15,0.001,-0.152,-0.148,0.0,0.0,2070.208,1785.143,0.999
f_workout_stored[18],-0.15,0.001,-0.152,-0.148,0.0,0.0,2065.956,1785.225,0.999
f_workout_stored[19],-0.15,0.001,-0.152,-0.148,0.0,0.0,2061.693,1785.369,0.999
f_workout_stored[20],-0.15,0.001,-0.152,-0.148,0.0,0.0,2060.389,1787.151,0.999
f_workout_stored[21],-0.15,0.001,-0.152,-0.148,0.0,0.0,2058.309,1754.121,0.999
f_workout_stored[22],-0.15,0.001,-0.152,-0.148,0.0,0.0,2055.142,1787.033,0.999
f_workout_stored[23],-0.15,0.001,-0.152,-0.148,0.0,0.0,2048.298,1821.299,0.999
f_workout_stored[24],-0.15,0.001,-0.152,-0.148,0.0,0.0,2042.119,1893.284,1.0
f_workout_stored[25],-0.15,0.001,-0.152,-0.148,0.0,0.0,2039.593,1893.176,1.0
f_workout_stored[26],-0.15,0.001,-0.152,-0.148,0.0,0.0,2038.854,1871.149,1.0
f_workout_stored[27],-0.15,0.001,-0.152,-0.148,0.0,0.0,2039.509,1834.877,1.0
f_workout_stored[28],-0.15,0.001,-0.152,-0.148,0.0,0.0,2044.154,1839.24,1.0
f_workout_stored[29],-0.15,0.001,-0.152,-0.148,0.0,0.0,2046.259,1838.682,1.0
f_workout_stored[30],-0.15,0.001,-0.152,-0.149,0.0,0.0,2052.35,1802.605,1.0
f_workout_stored[31],-0.15,0.001,-0.152,-0.149,0.0,0.0,2054.823,1803.141,1.0
f_workout_stored[32],-0.15,0.001,-0.152,-0.149,0.0,0.0,2056.138,1842.682,1.0
f_workout_stored[33],-0.15,0.001,-0.152,-0.149,0.0,0.0,2062.812,1799.791,1.0
f_workout_stored[34],-0.15,0.001,-0.152,-0.149,0.0,0.0,2067.588,1832.608,1.0
f_workout_stored[35],-0.15,0.001,-0.152,-0.149,0.0,0.0,2073.377,1843.33,1.0
f_workout_stored[36],-0.15,0.001,-0.152,-0.148,0.0,0.0,2073.939,1815.385,1.0
f_workout_stored[37],-0.15,0.001,-0.152,-0.149,0.0,0.0,2074.277,1718.634,1.0
f_workout_stored[38],-0.15,0.001,-0.152,-0.148,0.0,0.0,2074.527,1707.982,1.0
f_workout_stored[39],-0.15,0.001,-0.152,-0.148,0.0,0.0,2076.229,1772.098,1.001
f_workout_stored[40],-0.15,0.001,-0.152,-0.148,0.0,0.0,2076.433,1806.705,1.001
f_workout_stored[41],-0.15,0.001,-0.152,-0.148,0.0,0.0,2075.767,1841.472,1.001
f_workout_stored[42],-0.15,0.001,-0.152,-0.149,0.0,0.0,2078.741,1772.793,1.001
f_workout_stored[43],-0.15,0.001,-0.152,-0.148,0.0,0.0,2081.424,1738.948,1.001
f_workout_stored[44],-0.15,0.001,-0.152,-0.148,0.0,0.0,2084.634,1774.353,1.001
f_workout_stored[45],-0.15,0.001,-0.152,-0.148,0.0,0.0,2085.633,1842.864,1.001
f_workout_stored[46],-0.15,0.001,-0.153,-0.149,0.0,0.0,2088.802,1844.324,1.001
f_workout_stored[47],-0.15,0.001,-0.152,-0.149,0.0,0.0,2088.986,1879.664,1.001
f_workout_stored[48],-0.15,0.001,-0.152,-0.149,0.0,0.0,2091.314,1775.207,1.001
f_workout_stored[49],-0.15,0.001,-0.152,-0.149,0.0,0.0,2090.667,1776.338,1.001
f_workout_stored[50],-0.15,0.001,-0.152,-0.148,0.0,0.0,2090.15,1776.338,1.001
f_workout_stored[51],-0.15,0.001,-0.152,-0.148,0.0,0.0,2095.729,1777.194,1.001
f_workout_stored[52],-0.15,0.001,-0.152,-0.148,0.0,0.0,2097.35,1776.869,1.001
f_workout_stored[53],-0.15,0.001,-0.152,-0.148,0.0,0.0,2099.577,1777.303,1.001
f_workout_stored[54],-0.15,0.001,-0.152,-0.148,0.0,0.0,2103.503,1843.553,1.002
f_workout_stored[55],-0.15,0.001,-0.152,-0.148,0.0,0.0,2103.757,1844.023,1.002
f_workout_stored[56],-0.15,0.001,-0.152,-0.148,0.0,0.0,2104.151,1775.456,1.002
f_workout_stored[57],-0.15,0.001,-0.152,-0.148,0.0,0.0,2104.153,1776.238,1.002
f_workout_stored[58],-0.15,0.001,-0.152,-0.148,0.0,0.0,2103.211,1776.371,1.002
f_workout_stored[59],-0.15,0.001,-0.152,-0.148,0.0,0.0,2103.685,1809.744,1.002
f_workout_stored[60],-0.15,0.001,-0.152,-0.149,0.0,0.0,2103.35,1808.73,1.002
f_workout_stored[61],-0.15,0.001,-0.152,-0.149,0.0,0.0,2103.269,1808.73,1.002
f_workout_stored[62],-0.15,0.001,-0.152,-0.149,0.0,0.0,2102.689,1844.274,1.002
f_workout_stored[63],-0.15,0.001,-0.153,-0.149,0.0,0.0,2100.616,1880.24,1.002
f_workout_stored[64],-0.15,0.001,-0.153,-0.149,0.0,0.0,2094.624,1971.997,1.002
f_workout_stored[65],-0.15,0.001,-0.152,-0.148,0.0,0.0,2092.434,1983.829,1.002
f_workout_stored[66],-0.15,0.001,-0.152,-0.148,0.0,0.0,2080.347,1971.626,1.002
f_workout_stored[67],-0.15,0.001,-0.152,-0.148,0.0,0.0,2076.943,1932.677,1.002
f_workout_stored[68],-0.15,0.001,-0.152,-0.148,0.0,0.0,2074.087,1893.871,1.002
f_workout_stored[69],-0.15,0.001,-0.152,-0.148,0.0,0.0,2071.12,1894.123,1.002
f_workout_stored[70],-0.15,0.001,-0.152,-0.148,0.0,0.0,2069.116,1932.941,1.002
f_workout_stored[71],-0.15,0.001,-0.153,-0.148,0.0,0.0,2065.682,1932.897,1.001
f_workout_stored[72],-0.15,0.001,-0.153,-0.148,0.0,0.0,2064.982,1932.897,1.001
f_workout_stored[73],-0.15,0.001,-0.152,-0.148,0.0,0.0,2065.426,1859.033,1.001
f_workout_stored[74],-0.15,0.001,-0.153,-0.148,0.0,0.0,2065.554,1855.972,1.001
f_workout_stored[75],-0.15,0.001,-0.152,-0.148,0.0,0.0,2066.599,1855.972,1.001
f_workout_stored[76],-0.15,0.001,-0.152,-0.148,0.0,0.0,2066.727,1792.304,1.001
f_workout_stored[77],-0.15,0.001,-0.152,-0.148,0.0,0.0,2067.167,1825.482,1.001
f_workout_stored[78],-0.15,0.001,-0.152,-0.148,0.0,0.0,2067.563,1792.71,1.001
f_workout_stored[79],-0.15,0.001,-0.152,-0.148,0.0,0.0,2068.254,1859.413,1.001
f_workout_stored[80],-0.15,0.001,-0.152,-0.148,0.0,0.0,2067.569,1857.118,1.001
f_workout_stored[81],-0.15,0.001,-0.152,-0.148,0.0,0.0,2069.826,1854.524,1.001
f_workout_stored[82],-0.15,0.001,-0.152,-0.148,0.0,0.0,2073.85,1890.858,1.001
f_workout_stored[83],-0.15,0.001,-0.152,-0.148,0.0,0.0,2076.506,1896.109,1.001
f_workout_stored[84],-0.15,0.001,-0.152,-0.148,0.0,0.0,2081.112,1853.514,1.001
f_workout_stored[85],-0.15,0.001,-0.152,-0.148,0.0,0.0,2083.815,1853.514,1.001
f_workout_stored[86],-0.15,0.001,-0.152,-0.148,0.0,0.0,2088.198,1858.585,1.0
f_workout_stored[87],-0.15,0.001,-0.153,-0.148,0.0,0.0,2098.436,1854.016,1.0
f_workout_stored[88],-0.15,0.001,-0.152,-0.148,0.0,0.0,2101.289,1853.46,1.0
f_workout_stored[89],-0.15,0.001,-0.152,-0.148,0.0,0.0,2110.751,1928.793,1.0
f_workout_stored[90],-0.15,0.001,-0.153,-0.148,0.0,0.0,2117.684,1969.89,0.999
f_workout_stored[91],-0.15,0.001,-0.152,-0.148,0.0,0.0,2113.003,1970.865,0.999
f_workout_stored[92],-0.15,0.001,-0.152,-0.148,0.0,0.0,2111.578,1970.541,0.999
f_workout_stored[93],-0.15,0.001,-0.152,-0.148,0.0,0.0,2109.485,1971.214,0.999
f_workout_stored[94],-0.15,0.001,-0.152,-0.148,0.0,0.0,2108.372,1931.668,0.999
f_workout_stored[95],-0.15,0.001,-0.152,-0.148,0.0,0.0,2104.029,1931.624,0.999
f_workout_stored[96],-0.15,0.001,-0.152,-0.148,0.0,0.0,2100.966,1931.624,0.999
f_workout_stored[97],-0.15,0.001,-0.152,-0.148,0.0,0.0,2079.195,1931.183,0.999
f_workout_stored[98],-0.15,0.001,-0.152,-0.148,0.0,0.0,2074.634,1892.43,0.999
f_workout_stored[99],-0.15,0.001,-0.152,-0.148,0.0,0.0,2071.819,1930.743,0.999
f_workout_stored[100],-0.15,0.001,-0.152,-0.148,0.0,0.0,2040.953,1918.238,0.999
f_workout_stored[101],-0.15,0.001,-0.152,-0.148,0.0,0.0,2033.717,1933.339,0.999
f_workout_stored[102],-0.15,0.001,-0.152,-0.148,0.0,0.0,2028.628,1933.471,0.999
f_workout_stored[103],-0.15,0.001,-0.152,-0.148,0.0,0.0,2016.101,1886.513,0.999
f_workout_stored[104],-0.15,0.001,-0.152,-0.148,0.0,0.0,2009.014,1881.907,0.999
f_workout_stored[105],-0.15,0.001,-0.152,-0.148,0.0,0.0,2004.207,1809.544,0.999
f_workout_stored[106],-0.15,0.001,-0.152,-0.148,0.0,0.0,1994.228,1817.356,0.999
f_workout_stored[107],-0.15,0.001,-0.152,-0.148,0.0,0.0,1988.105,1774.068,0.999
f_workout_stored[108],-0.15,0.001,-0.152,-0.148,0.0,0.0,1982.485,1774.068,0.999
f_workout_stored[109],-0.15,0.001,-0.152,-0.148,0.0,0.0,1968.048,1711.878,0.999
f_workout_stored[110],-0.15,0.001,-0.152,-0.148,0.0,0.0,1954.322,1743.371,0.999
f_workout_stored[111],-0.15,0.001,-0.152,-0.148,0.0,0.0,1949.229,1743.579,0.999
f_workout_stored[112],-0.15,0.001,-0.152,-0.148,0.0,0.0,1943.967,1742.699,0.999
f_workout_stored[113],-0.15,0.001,-0.152,-0.148,0.0,0.0,1933.774,1680.728,0.999
f_workout_stored[114],-0.15,0.001,-0.152,-0.148,0.0,0.0,1929.295,1681.353,0.999
f_workout_stored[115],-0.15,0.001,-0.152,-0.148,0.0,0.0,1924.449,1712.424,0.999
f_workout_stored[116],-0.15,0.001,-0.152,-0.148,0.0,0.0,1908.8,1677.955,0.999
f_workout_stored[117],-0.15,0.001,-0.152,-0.148,0.0,0.0,1880.906,1739.055,0.999
f_workout_stored[118],-0.15,0.001,-0.152,-0.148,0.0,0.0,1876.622,1725.533,0.999
f_workout_stored[119],-0.15,0.001,-0.152,-0.148,0.0,0.0,1864.541,1591.562,1.0
f_workout_stored[120],-0.15,0.001,-0.152,-0.148,0.0,0.0,1863.358,1617.458,1.0
f_workout_stored[121],-0.15,0.001,-0.153,-0.148,0.0,0.0,1863.522,1565.816,1.0
f_workout_stored[122],-0.15,0.001,-0.153,-0.148,0.0,0.0,1870.737,1532.673,1.0
f_workout_stored[123],-0.15,0.001,-0.153,-0.148,0.0,0.0,1873.831,1506.923,1.0
f_workout_stored[124],-0.15,0.001,-0.153,-0.147,0.0,0.0,1885.552,1497.201,1.0
f_workout_stored[125],-0.15,0.001,-0.153,-0.147,0.0,0.0,1890.282,1494.634,1.0
f_workout_stored[126],-0.15,0.002,-0.153,-0.147,0.0,0.0,1895.876,1452.991,1.0
f_workout_stored[127],-0.15,0.002,-0.153,-0.147,0.0,0.0,1907.884,1391.953,1.0
f_workout_stored[128],-0.15,0.002,-0.153,-0.147,0.0,0.0,1915.971,1399.666,1.0
f_workout_stored[129],-0.15,0.002,-0.153,-0.147,0.0,0.0,1920.491,1543.715,1.001
f_workout_stored[130],-0.15,0.002,-0.153,-0.147,0.0,0.0,1935.723,1625.661,1.001
f_workout_stored[131],-0.15,0.002,-0.153,-0.147,0.0,0.0,1941.86,1624.74,1.001
f_workout_stored[132],-0.15,0.002,-0.153,-0.146,0.0,0.0,1964.901,1835.377,1.001
f_workout_stored[133],-0.15,0.002,-0.154,-0.146,0.0,0.0,1983.491,1878.984,1.001
f_workout_stored[134],-0.15,0.002,-0.153,-0.146,0.0,0.0,1990.859,1930.623,1.001
f_workout_stored[135],-0.15,0.002,-0.154,-0.145,0.0,0.0,2077.454,1950.239,1.001
beta_original_units,-3.002,18.62,-37.587,32.665,0.301,0.467,3826.89,1404.831,1.003
