,mean,sd,hdi_3%,hdi_97%,mcse_mean,mcse_sd,ess_bulk,ess_tail,r_hat
alpha_weight,0.978,0.21,0.606,1.379,0.005,0.004,1605.732,1528.315,1.0
rho_weight,0.193,0.032,0.135,0.253,0.001,0.001,1182.266,1363.76,1.001
alpha_workout,0.247,0.112,0.099,0.469,0.003,0.003,1223.189,1471.148,1.003
rho_workout,1.59,0.854,0.456,3.318,0.039,0.033,501.592,791.062,1.005
beta,-0.254,0.908,-2.034,1.362,0.018,0.022,2613.665,1399.277,1.001
sigma_weight,0.377,0.026,0.324,0.42,0.0,0.001,3081.018,1569.641,1.001
sigma_workout,0.01,0.0,0.01,0.01,0.0,0.0,1693.47,857.759,1.002
nu_weight,24.956,14.022,6.078,51.594,0.269,0.375,2720.287,1672.348,1.0
nu_workout,1.091,0.082,1.0,1.248,0.001,0.002,1931.002,1025.778,1.001
"eta_inducing_raw[0, 0]",-1.663,0.467,-2.501,-0.781,0.01,0.011,2095.74,1411.646,0.999
"eta_inducing_raw[0, 1]",-1.22,0.49,-2.067,-0.392,0.014,0.011,1219.642,1490.39,1.002
"eta_inducing_raw[1, 0]",-0.557,0.745,-1.953,0.836,0.016,0.017,2182.784,1222.629,1.003
"eta_inducing_raw[1, 1]",-0.053,0.761,-1.325,1.516,0.017,0.018,2096.168,1180.213,1.003
"eta_inducing_raw[2, 0]",-0.655,0.959,-2.461,1.154,0.019,0.019,2586.318,1453.646,1.001
"eta_inducing_raw[2, 1]",-0.032,0.895,-1.762,1.549,0.017,0.022,2928.068,1381.571,1.002
"eta_inducing_raw[3, 0]",-0.778,0.921,-2.398,0.944,0.016,0.023,3444.904,1533.651,1.0
"eta_inducing_raw[3, 1]",-0.031,0.95,-1.8,1.786,0.02,0.024,2284.369,1223.706,1.001
"eta_inducing_raw[4, 0]",-0.657,0.919,-2.404,1.064,0.018,0.021,2634.003,1264.996,1.001
"eta_inducing_raw[4, 1]",-0.078,0.958,-1.77,1.697,0.017,0.022,3374.3,1608.32,1.0
"eta_inducing_raw[5, 0]",-0.538,0.956,-2.324,1.265,0.018,0.023,2826.715,1485.0,1.0
"eta_inducing_raw[5, 1]",-0.109,0.986,-1.96,1.633,0.017,0.023,3475.492,1466.634,1.0
"eta_inducing_raw[6, 0]",-0.39,0.964,-2.176,1.401,0.017,0.023,3112.655,1380.899,1.002
"eta_inducing_raw[6, 1]",-0.086,0.963,-1.851,1.739,0.016,0.024,3705.988,1518.664,0.999
"eta_inducing_raw[7, 0]",-0.259,0.973,-2.131,1.511,0.016,0.025,3789.603,1752.264,1.002
"eta_inducing_raw[7, 1]",-0.096,1.018,-2.178,1.687,0.018,0.024,3299.649,1518.43,1.002
"eta_inducing_raw[8, 0]",-0.103,0.943,-1.777,1.769,0.018,0.024,2923.783,1408.854,1.0
"eta_inducing_raw[8, 1]",-0.121,0.982,-1.996,1.655,0.015,0.029,4500.792,1456.415,1.0
"eta_inducing_raw[9, 0]",0.043,0.968,-1.748,1.867,0.018,0.024,3115.902,1367.756,1.005
"eta_inducing_raw[9, 1]",-0.143,0.985,-1.85,1.689,0.019,0.027,2784.112,1351.301,1.009
"eta_inducing_raw[10, 0]",0.195,0.998,-1.725,1.991,0.015,0.023,4185.041,1497.895,1.002
"eta_inducing_raw[10, 1]",-0.201,0.977,-1.996,1.684,0.016,0.023,3724.873,1381.18,1.003
"eta_inducing_raw[11, 0]",0.31,1.013,-1.679,2.049,0.017,0.024,3555.744,1500.309,1.0
"eta_inducing_raw[11, 1]",-0.183,0.997,-1.915,1.841,0.018,0.023,3057.291,1523.727,1.002
"eta_inducing_raw[12, 0]",0.354,0.952,-1.344,2.111,0.017,0.022,3327.906,1514.419,1.0
"eta_inducing_raw[12, 1]",-0.207,0.972,-2.001,1.603,0.018,0.021,2881.439,1734.235,1.002
"eta_inducing_raw[13, 0]",0.498,0.991,-1.445,2.285,0.016,0.023,3623.999,1505.91,1.0
"eta_inducing_raw[13, 1]",-0.171,0.996,-1.837,1.78,0.016,0.023,3880.113,1609.609,1.004
"eta_inducing_raw[14, 0]",0.49,0.9,-1.316,2.019,0.016,0.022,3209.339,1653.552,0.999
"eta_inducing_raw[14, 1]",-0.165,0.965,-2.037,1.532,0.017,0.023,3159.294,1542.138,1.002
"eta_inducing_raw[15, 0]",0.498,0.961,-1.308,2.139,0.015,0.029,4231.382,1653.954,1.005
"eta_inducing_raw[15, 1]",-0.197,0.966,-2.068,1.566,0.015,0.025,4035.84,1261.656,1.008
"eta_inducing_raw[16, 0]",0.48,0.983,-1.345,2.302,0.018,0.026,2994.196,1423.144,0.999
"eta_inducing_raw[16, 1]",-0.175,0.976,-2.142,1.573,0.019,0.023,2655.68,1460.674,0.999
"eta_inducing_raw[17, 0]",0.408,0.93,-1.364,2.117,0.015,0.021,3918.597,1740.179,1.0
"eta_inducing_raw[17, 1]",-0.199,1.0,-2.02,1.688,0.016,0.024,3829.155,1456.081,1.001
"eta_inducing_raw[18, 0]",0.397,0.943,-1.31,2.22,0.016,0.023,3648.775,1376.564,0.999
"eta_inducing_raw[18, 1]",-0.143,0.99,-2.144,1.558,0.016,0.023,3997.583,1451.724,1.004
"eta_inducing_raw[19, 0]",0.317,0.951,-1.562,2.035,0.016,0.024,3458.964,1306.823,1.002
"eta_inducing_raw[19, 1]",-0.129,0.952,-1.997,1.566,0.016,0.025,3723.604,1457.725,1.001
"eta_inducing_raw[20, 0]",0.267,0.945,-1.509,2.077,0.017,0.023,2999.169,1452.073,1.004
"eta_inducing_raw[20, 1]",-0.174,0.97,-1.923,1.747,0.015,0.025,4061.837,1298.282,1.0
"eta_inducing_raw[21, 0]",0.209,1.004,-1.678,2.081,0.019,0.03,2803.322,1317.937,1.005
"eta_inducing_raw[21, 1]",-0.14,0.967,-1.849,1.737,0.015,0.02,3890.878,1676.083,1.003
"eta_inducing_raw[22, 0]",0.129,0.978,-1.834,1.865,0.018,0.024,3079.266,1442.173,1.002
"eta_inducing_raw[22, 1]",-0.133,0.988,-1.921,1.74,0.016,0.024,3625.836,1339.65,1.0
"eta_inducing_raw[23, 0]",0.042,0.973,-1.738,1.889,0.019,0.023,2567.044,1364.903,1.005
"eta_inducing_raw[23, 1]",-0.117,1.006,-1.871,1.878,0.017,0.029,3763.318,1248.859,1.002
"eta_inducing_raw[24, 0]",-0.002,0.955,-1.731,1.678,0.018,0.018,2685.528,1624.28,1.001
"eta_inducing_raw[24, 1]",-0.12,0.973,-1.926,1.698,0.015,0.024,4259.249,1508.001,1.001
"eta_inducing_raw[25, 0]",-0.068,0.978,-1.832,1.787,0.019,0.022,2746.582,1500.769,1.001
"eta_inducing_raw[25, 1]",-0.121,0.989,-1.953,1.736,0.018,0.024,3203.111,1478.277,1.003
"eta_inducing_raw[26, 0]",-0.134,0.974,-2.04,1.606,0.017,0.023,3327.399,1400.67,1.006
"eta_inducing_raw[26, 1]",-0.129,0.982,-1.972,1.703,0.016,0.024,3766.574,1453.093,1.003
"eta_inducing_raw[27, 0]",-0.17,0.983,-1.905,1.76,0.017,0.025,3358.239,1321.76,1.002
"eta_inducing_raw[27, 1]",-0.12,1.021,-2.009,1.78,0.018,0.027,3207.595,1384.778,1.002
"eta_inducing_raw[28, 0]",-0.135,0.956,-1.961,1.594,0.016,0.025,3474.0,1317.769,1.0
"eta_inducing_raw[28, 1]",-0.106,0.966,-1.907,1.62,0.016,0.02,3484.569,1501.926,1.0
"eta_inducing_raw[29, 0]",-0.171,0.935,-1.982,1.45,0.017,0.022,2944.414,1554.348,1.004
"eta_inducing_raw[29, 1]",-0.102,0.964,-2.013,1.59,0.017,0.028,3280.635,1453.717,1.001
"eta_inducing_raw[30, 0]",-0.1,0.962,-1.888,1.67,0.016,0.028,3716.017,1438.258,1.004
"eta_inducing_raw[30, 1]",-0.109,1.028,-1.977,1.787,0.017,0.025,3538.087,1493.858,1.004
"eta_inducing_raw[31, 0]",-0.008,0.92,-1.829,1.666,0.018,0.021,2655.444,1480.434,1.004
"eta_inducing_raw[31, 1]",-0.098,0.998,-1.834,1.863,0.017,0.024,3521.462,1425.945,1.006
"eta_inducing_raw[32, 0]",0.043,0.917,-1.751,1.647,0.018,0.021,2692.714,1532.467,1.001
"eta_inducing_raw[32, 1]",-0.093,0.988,-1.923,1.812,0.018,0.025,3124.421,1515.738,1.003
"eta_inducing_raw[33, 0]",0.153,0.953,-1.618,1.905,0.017,0.021,3214.409,1389.356,1.001
"eta_inducing_raw[33, 1]",-0.095,0.978,-1.883,1.769,0.016,0.026,3549.353,1442.891,1.002
"eta_inducing_raw[34, 0]",0.273,0.947,-1.442,2.099,0.015,0.027,4210.03,1452.503,1.0
"eta_inducing_raw[34, 1]",-0.104,0.961,-2.011,1.622,0.017,0.025,3204.296,1534.923,1.0
"eta_inducing_raw[35, 0]",0.297,0.925,-1.421,1.977,0.017,0.02,2991.739,1699.513,1.002
"eta_inducing_raw[35, 1]",-0.106,0.98,-1.922,1.752,0.016,0.023,3670.275,1507.773,1.003
"eta_inducing_raw[36, 0]",0.354,0.907,-1.39,2.056,0.016,0.022,3218.607,1304.921,1.002
"eta_inducing_raw[36, 1]",-0.085,1.004,-2.026,1.79,0.017,0.025,3371.746,1340.438,1.002
"eta_inducing_raw[37, 0]",0.377,0.941,-1.594,1.961,0.016,0.024,3454.333,1421.829,1.0
"eta_inducing_raw[37, 1]",-0.062,0.987,-1.894,1.817,0.017,0.023,3576.433,1547.977,1.001
"eta_inducing_raw[38, 0]",0.356,0.935,-1.404,2.087,0.017,0.02,2999.601,1451.258,1.0
"eta_inducing_raw[38, 1]",-0.059,1.049,-2.108,1.782,0.017,0.032,3867.986,1005.393,1.008
"eta_inducing_raw[39, 0]",0.393,0.925,-1.351,2.122,0.017,0.024,3143.674,1196.579,1.001
"eta_inducing_raw[39, 1]",-0.045,0.992,-1.781,1.819,0.017,0.024,3388.989,1373.917,1.001
"eta_inducing_raw[40, 0]",0.361,0.92,-1.275,2.064,0.018,0.024,2616.83,1304.564,1.001
"eta_inducing_raw[40, 1]",-0.062,0.985,-1.895,1.784,0.016,0.023,3655.312,1485.51,1.004
"eta_inducing_raw[41, 0]",0.318,0.943,-1.559,2.013,0.017,0.023,3212.535,1360.409,1.004
"eta_inducing_raw[41, 1]",-0.045,0.991,-2.084,1.668,0.017,0.026,3531.533,1237.407,1.0
"eta_inducing_raw[42, 0]",0.25,0.965,-1.643,1.969,0.017,0.022,3138.854,1514.36,1.005
"eta_inducing_raw[42, 1]",-0.049,1.016,-1.965,1.819,0.017,0.025,3387.822,1281.786,1.002
"eta_inducing_raw[43, 0]",0.22,0.97,-1.627,2.046,0.016,0.022,3657.085,1728.674,1.002
"eta_inducing_raw[43, 1]",-0.044,1.027,-1.834,1.999,0.014,0.027,5066.078,1365.911,1.005
"eta_inducing_raw[44, 0]",0.139,0.975,-1.654,1.981,0.018,0.025,3033.999,1512.405,1.004
"eta_inducing_raw[44, 1]",-0.027,1.008,-1.905,1.803,0.017,0.026,3286.54,1485.821,1.001
"eta_inducing_raw[45, 0]",0.113,1.002,-1.7,1.973,0.017,0.022,3317.775,1584.624,1.004
"eta_inducing_raw[45, 1]",-0.033,0.987,-1.879,1.815,0.017,0.028,3321.061,1168.241,1.0
"eta_inducing_raw[46, 0]",0.061,0.963,-1.701,1.86,0.018,0.022,2764.308,1401.133,1.001
"eta_inducing_raw[46, 1]",-0.019,0.999,-1.846,1.913,0.016,0.025,4059.246,1459.339,1.001
"eta_inducing_raw[47, 0]",0.092,1.019,-1.789,2.13,0.016,0.028,4340.502,1503.447,1.0
"eta_inducing_raw[47, 1]",-0.026,1.061,-2.114,1.793,0.018,0.028,3593.089,1457.977,1.006
"eta_inducing_raw[48, 0]",0.039,1.017,-1.86,1.957,0.017,0.024,3412.553,1377.822,1.0
"eta_inducing_raw[48, 1]",-0.028,0.997,-2.064,1.644,0.016,0.024,3866.148,1566.669,1.004
"eta_inducing_raw[49, 0]",0.016,1.018,-1.732,1.993,0.017,0.027,3737.495,1596.835,1.001
"eta_inducing_raw[49, 1]",-0.044,1.005,-1.769,1.995,0.016,0.024,3714.445,1330.407,1.003
"eta_inducing[0, 0]",-1.663,0.467,-2.501,-0.781,0.01,0.011,2095.74,1411.646,0.999
"eta_inducing[0, 1]",-1.22,0.49,-2.067,-0.392,0.014,0.011,1219.642,1490.39,1.002
"eta_inducing[1, 0]",-0.557,0.745,-1.953,0.836,0.016,0.017,2182.784,1222.629,1.003
"eta_inducing[1, 1]",-0.053,0.761,-1.325,1.516,0.017,0.018,2096.168,1180.213,1.003
"eta_inducing[2, 0]",-0.655,0.959,-2.461,1.154,0.019,0.019,2586.318,1453.646,1.001
"eta_inducing[2, 1]",-0.032,0.895,-1.762,1.549,0.017,0.022,2928.068,1381.571,1.002
"eta_inducing[3, 0]",-0.778,0.921,-2.398,0.944,0.016,0.023,3444.904,1533.651,1.0
"eta_inducing[3, 1]",-0.031,0.95,-1.8,1.786,0.02,0.024,2284.369,1223.706,1.001
"eta_inducing[4, 0]",-0.657,0.919,-2.404,1.064,0.018,0.021,2634.003,1264.996,1.001
"eta_inducing[4, 1]",-0.078,0.958,-1.77,1.697,0.017,0.022,3374.3,1608.32,1.0
"eta_inducing[5, 0]",-0.538,0.956,-2.324,1.265,0.018,0.023,2826.715,1485.0,1.0
"eta_inducing[5, 1]",-0.109,0.986,-1.96,1.633,0.017,0.023,3475.492,1466.634,1.0
"eta_inducing[6, 0]",-0.39,0.964,-2.176,1.401,0.017,0.023,3112.655,1380.899,1.002
"eta_inducing[6, 1]",-0.086,0.963,-1.851,1.739,0.016,0.024,3705.988,1518.664,0.999
"eta_inducing[7, 0]",-0.259,0.973,-2.131,1.511,0.016,0.025,3789.603,1752.264,1.002
"eta_inducing[7, 1]",-0.096,1.018,-2.178,1.687,0.018,0.024,3299.649,1518.43,1.002
"eta_inducing[8, 0]",-0.103,0.943,-1.777,1.769,0.018,0.024,2923.783,1408.854,1.0
"eta_inducing[8, 1]",-0.121,0.982,-1.996,1.655,0.015,0.029,4500.792,1456.415,1.0
"eta_inducing[9, 0]",0.043,0.968,-1.748,1.867,0.018,0.024,3115.902,1367.756,1.005
"eta_inducing[9, 1]",-0.143,0.985,-1.85,1.689,0.019,0.027,2784.112,1351.301,1.009
"eta_inducing[10, 0]",0.195,0.998,-1.725,1.991,0.015,0.023,4185.041,1497.895,1.002
"eta_inducing[10, 1]",-0.201,0.977,-1.996,1.684,0.016,0.023,3724.873,1381.18,1.003
"eta_inducing[11, 0]",0.31,1.013,-1.679,2.049,0.017,0.024,3555.744,1500.309,1.0
"eta_inducing[11, 1]",-0.183,0.997,-1.915,1.841,0.018,0.023,3057.291,1523.727,1.002
"eta_inducing[12, 0]",0.354,0.952,-1.344,2.111,0.017,0.022,3327.906,1514.419,1.0
"eta_inducing[12, 1]",-0.207,0.972,-2.001,1.603,0.018,0.021,2881.439,1734.235,1.002
"eta_inducing[13, 0]",0.498,0.991,-1.445,2.285,0.016,0.023,3623.999,1505.91,1.0
"eta_inducing[13, 1]",-0.171,0.996,-1.837,1.78,0.016,0.023,3880.113,1609.609,1.004
"eta_inducing[14, 0]",0.49,0.9,-1.316,2.019,0.016,0.022,3209.339,1653.552,0.999
"eta_inducing[14, 1]",-0.165,0.965,-2.037,1.532,0.017,0.023,3159.294,1542.138,1.002
"eta_inducing[15, 0]",0.498,0.961,-1.308,2.139,0.015,0.029,4231.382,1653.954,1.005
"eta_inducing[15, 1]",-0.197,0.966,-2.068,1.566,0.015,0.025,4035.84,1261.656,1.008
"eta_inducing[16, 0]",0.48,0.983,-1.345,2.302,0.018,0.026,2994.196,1423.144,0.999
"eta_inducing[16, 1]",-0.175,0.976,-2.142,1.573,0.019,0.023,2655.68,1460.674,0.999
"eta_inducing[17, 0]",0.408,0.93,-1.364,2.117,0.015,0.021,3918.597,1740.179,1.0
"eta_inducing[17, 1]",-0.199,1.0,-2.02,1.688,0.016,0.024,3829.155,1456.081,1.001
"eta_inducing[18, 0]",0.397,0.943,-1.31,2.22,0.016,0.023,3648.775,1376.564,0.999
"eta_inducing[18, 1]",-0.143,0.99,-2.144,1.558,0.016,0.023,3997.583,1451.724,1.004
"eta_inducing[19, 0]",0.317,0.951,-1.562,2.035,0.016,0.024,3458.964,1306.823,1.002
"eta_inducing[19, 1]",-0.129,0.952,-1.997,1.566,0.016,0.025,3723.604,1457.725,1.001
"eta_inducing[20, 0]",0.267,0.945,-1.509,2.077,0.017,0.023,2999.169,1452.073,1.004
"eta_inducing[20, 1]",-0.174,0.97,-1.923,1.747,0.015,0.025,4061.837,1298.282,1.0
"eta_inducing[21, 0]",0.209,1.004,-1.678,2.081,0.019,0.03,2803.322,1317.937,1.005
"eta_inducing[21, 1]",-0.14,0.967,-1.849,1.737,0.015,0.02,3890.878,1676.083,1.003
"eta_inducing[22, 0]",0.129,0.978,-1.834,1.865,0.018,0.024,3079.266,1442.173,1.002
"eta_inducing[22, 1]",-0.133,0.988,-1.921,1.74,0.016,0.024,3625.836,1339.65,1.0
"eta_inducing[23, 0]",0.042,0.973,-1.738,1.889,0.019,0.023,2567.044,1364.903,1.005
"eta_inducing[23, 1]",-0.117,1.006,-1.871,1.878,0.017,0.029,3763.318,1248.859,1.002
"eta_inducing[24, 0]",-0.002,0.955,-1.731,1.678,0.018,0.018,2685.528,1624.28,1.001
"eta_inducing[24, 1]",-0.12,0.973,-1.926,1.698,0.015,0.024,4259.249,1508.001,1.001
"eta_inducing[25, 0]",-0.068,0.978,-1.832,1.787,0.019,0.022,2746.582,1500.769,1.001
"eta_inducing[25, 1]",-0.121,0.989,-1.953,1.736,0.018,0.024,3203.111,1478.277,1.003
"eta_inducing[26, 0]",-0.134,0.974,-2.04,1.606,0.017,0.023,3327.399,1400.67,1.006
"eta_inducing[26, 1]",-0.129,0.982,-1.972,1.703,0.016,0.024,3766.574,1453.093,1.003
"eta_inducing[27, 0]",-0.17,0.983,-1.905,1.76,0.017,0.025,3358.239,1321.76,1.002
"eta_inducing[27, 1]",-0.12,1.021,-2.009,1.78,0.018,0.027,3207.595,1384.778,1.002
"eta_inducing[28, 0]",-0.135,0.956,-1.961,1.594,0.016,0.025,3474.0,1317.769,1.0
"eta_inducing[28, 1]",-0.106,0.966,-1.907,1.62,0.016,0.02,3484.569,1501.926,1.0
"eta_inducing[29, 0]",-0.171,0.935,-1.982,1.45,0.017,0.022,2944.414,1554.348,1.004
"eta_inducing[29, 1]",-0.102,0.964,-2.013,1.59,0.017,0.028,3280.635,1453.717,1.001
"eta_inducing[30, 0]",-0.1,0.962,-1.888,1.67,0.016,0.028,3716.017,1438.258,1.004
"eta_inducing[30, 1]",-0.109,1.028,-1.977,1.787,0.017,0.025,3538.087,1493.858,1.004
"eta_inducing[31, 0]",-0.008,0.92,-1.829,1.666,0.018,0.021,2655.444,1480.434,1.004
"eta_inducing[31, 1]",-0.098,0.998,-1.834,1.863,0.017,0.024,3521.462,1425.945,1.006
"eta_inducing[32, 0]",0.043,0.917,-1.751,1.647,0.018,0.021,2692.714,1532.467,1.001
"eta_inducing[32, 1]",-0.093,0.988,-1.923,1.812,0.018,0.025,3124.421,1515.738,1.003
"eta_inducing[33, 0]",0.153,0.953,-1.618,1.905,0.017,0.021,3214.409,1389.356,1.001
"eta_inducing[33, 1]",-0.095,0.978,-1.883,1.769,0.016,0.026,3549.353,1442.891,1.002
"eta_inducing[34, 0]",0.273,0.947,-1.442,2.099,0.015,0.027,4210.03,1452.503,1.0
"eta_inducing[34, 1]",-0.104,0.961,-2.011,1.622,0.017,0.025,3204.296,1534.923,1.0
"eta_inducing[35, 0]",0.297,0.925,-1.421,1.977,0.017,0.02,2991.739,1699.513,1.002
"eta_inducing[35, 1]",-0.106,0.98,-1.922,1.752,0.016,0.023,3670.275,1507.773,1.003
"eta_inducing[36, 0]",0.354,0.907,-1.39,2.056,0.016,0.022,3218.607,1304.921,1.002
"eta_inducing[36, 1]",-0.085,1.004,-2.026,1.79,0.017,0.025,3371.746,1340.438,1.002
"eta_inducing[37, 0]",0.377,0.941,-1.594,1.961,0.016,0.024,3454.333,1421.829,1.0
"eta_inducing[37, 1]",-0.062,0.987,-1.894,1.817,0.017,0.023,3576.433,1547.977,1.001
"eta_inducing[38, 0]",0.356,0.935,-1.404,2.087,0.017,0.02,2999.601,1451.258,1.0
"eta_inducing[38, 1]",-0.059,1.049,-2.108,1.782,0.017,0.032,3867.986,1005.393,1.008
"eta_inducing[39, 0]",0.393,0.925,-1.351,2.122,0.017,0.024,3143.674,1196.579,1.001
"eta_inducing[39, 1]",-0.045,0.992,-1.781,1.819,0.017,0.024,3388.989,1373.917,1.001
"eta_inducing[40, 0]",0.361,0.92,-1.275,2.064,0.018,0.024,2616.83,1304.564,1.001
"eta_inducing[40, 1]",-0.062,0.985,-1.895,1.784,0.016,0.023,3655.312,1485.51,1.004
"eta_inducing[41, 0]",0.318,0.943,-1.559,2.013,0.017,0.023,3212.535,1360.409,1.004
"eta_inducing[41, 1]",-0.045,0.991,-2.084,1.668,0.017,0.026,3531.533,1237.407,1.0
"eta_inducing[42, 0]",0.25,0.965,-1.643,1.969,0.017,0.022,3138.854,1514.36,1.005
"eta_inducing[42, 1]",-0.049,1.016,-1.965,1.819,0.017,0.025,3387.822,1281.786,1.002
"eta_inducing[43, 0]",0.22,0.97,-1.627,2.046,0.016,0.022,3657.085,1728.674,1.002
"eta_inducing[43, 1]",-0.044,1.027,-1.834,1.999,0.014,0.027,5066.078,1365.911,1.005
"eta_inducing[44, 0]",0.139,0.975,-1.654,1.981,0.018,0.025,3033.999,1512.405,1.004
"eta_inducing[44, 1]",-0.027,1.008,-1.905,1.803,0.017,0.026,3286.54,1485.821,1.001
"eta_inducing[45, 0]",0.113,1.002,-1.7,1.973,0.017,0.022,3317.775,1584.624,1.004
"eta_inducing[45, 1]",-0.033,0.987,-1.879,1.815,0.017,0.028,3321.061,1168.241,1.0
"eta_inducing[46, 0]",0.061,0.963,-1.701,1.86,0.018,0.022,2764.308,1401.133,1.001
"eta_inducing[46, 1]",-0.019,0.999,-1.846,1.913,0.016,0.025,4059.246,1459.339,1.001
"eta_inducing[47, 0]",0.092,1.019,-1.789,2.13,0.016,0.028,4340.502,1503.447,1.0
"eta_inducing[47, 1]",-0.026,1.061,-2.114,1.793,0.018,0.028,3593.089,1457.977,1.006
"eta_inducing[48, 0]",0.039,1.017,-1.86,1.957,0.017,0.024,3412.553,1377.822,1.0
"eta_inducing[48, 1]",-0.028,0.997,-2.064,1.644,0.016,0.024,3866.148,1566.669,1.004
"eta_inducing[49, 0]",0.016,1.018,-1.732,1.993,0.017,0.027,3737.495,1596.835,1.001
"eta_inducing[49, 1]",-0.044,1.005,-1.769,1.995,0.016,0.024,3714.445,1330.407,1.003
"K_uu_weight[0, 0]",1.001,0.445,0.311,1.813,0.011,0.012,1605.742,1528.315,1.0
"K_uu_weight[0, 1]",0.995,0.443,0.309,1.8,0.011,0.012,1604.006,1553.939,1.0
"K_uu_weight[0, 2]",0.978,0.438,0.301,1.768,0.011,0.011,1597.61,1515.176,1.0
"K_uu_weight[0, 3]",0.95,0.429,0.291,1.722,0.01,0.011,1590.899,1539.244,1.0
"K_uu_weight[0, 4]",0.912,0.417,0.276,1.673,0.01,0.011,1578.433,1514.381,1.0
"K_uu_weight[0, 5]",0.866,0.403,0.256,1.597,0.01,0.011,1560.265,1515.004,1.0
"K_uu_weight[0, 6]",0.813,0.387,0.255,1.535,0.009,0.01,1535.929,1401.988,1.001
"K_uu_weight[0, 7]",0.755,0.369,0.203,1.417,0.009,0.01,1506.308,1333.87,1.001
"K_uu_weight[0, 8]",0.694,0.351,0.154,1.302,0.009,0.01,1478.502,1387.78,1.001
"K_uu_weight[0, 9]",0.632,0.332,0.134,1.203,0.008,0.009,1448.036,1408.263,1.001
"K_uu_weight[0, 10]",0.569,0.313,0.09,1.086,0.008,0.009,1414.467,1308.678,1.001
"K_uu_weight[0, 11]",0.508,0.293,0.068,0.996,0.007,0.009,1384.289,1286.967,1.001
"K_uu_weight[0, 12]",0.449,0.273,0.046,0.906,0.007,0.008,1358.295,1278.435,1.001
"K_uu_weight[0, 13]",0.394,0.252,0.034,0.825,0.006,0.008,1335.216,1402.432,1.001
"K_uu_weight[0, 14]",0.343,0.232,0.02,0.74,0.006,0.007,1316.46,1538.556,1.001
"K_uu_weight[0, 15]",0.296,0.212,0.011,0.659,0.005,0.007,1298.927,1540.552,1.002
"K_uu_weight[0, 16]",0.253,0.192,0.006,0.582,0.005,0.007,1282.823,1492.087,1.002
"K_uu_weight[0, 17]",0.215,0.174,0.004,0.517,0.005,0.006,1272.438,1425.477,1.002
"K_uu_weight[0, 18]",0.181,0.155,0.002,0.449,0.004,0.006,1261.066,1446.533,1.002
"K_uu_weight[0, 19]",0.152,0.138,0.001,0.389,0.004,0.006,1254.277,1426.407,1.002
"K_uu_weight[0, 20]",0.127,0.122,0.0,0.337,0.003,0.005,1244.742,1426.901,1.002
"K_uu_weight[0, 21]",0.105,0.108,0.0,0.288,0.003,0.005,1238.785,1448.927,1.002
"K_uu_weight[0, 22]",0.086,0.094,0.0,0.247,0.002,0.005,1232.122,1448.927,1.002
"K_uu_weight[0, 23]",0.07,0.082,0.0,0.207,0.002,0.005,1227.075,1427.167,1.002
"K_uu_weight[0, 24]",0.057,0.071,0.0,0.172,0.002,0.004,1222.348,1405.923,1.002
"K_uu_weight[0, 25]",0.046,0.061,0.0,0.142,0.002,0.004,1217.353,1406.052,1.002
"K_uu_weight[0, 26]",0.037,0.053,0.0,0.117,0.001,0.004,1214.424,1385.707,1.002
"K_uu_weight[0, 27]",0.03,0.045,0.0,0.097,0.001,0.004,1210.356,1385.707,1.002
"K_uu_weight[0, 28]",0.024,0.038,0.0,0.08,0.001,0.004,1208.035,1385.707,1.002
"K_uu_weight[0, 29]",0.019,0.033,0.0,0.065,0.001,0.003,1206.341,1385.707,1.002
"K_uu_weight[0, 30]",0.015,0.028,0.0,0.052,0.001,0.003,1203.435,1365.793,1.002
"K_uu_weight[0, 31]",0.012,0.024,0.0,0.042,0.001,0.003,1201.357,1346.443,1.002
"K_uu_weight[0, 32]",0.009,0.02,0.0,0.033,0.001,0.003,1199.831,1346.443,1.002
"K_uu_weight[0, 33]",0.007,0.017,0.0,0.026,0.0,0.003,1198.038,1365.793,1.002
"K_uu_weight[0, 34]",0.005,0.014,0.0,0.02,0.0,0.002,1196.829,1346.268,1.002
"K_uu_weight[0, 35]",0.004,0.012,0.0,0.016,0.0,0.002,1196.187,1365.673,1.002
"K_uu_weight[0, 36]",0.003,0.01,0.0,0.012,0.0,0.002,1194.398,1365.673,1.002
"K_uu_weight[0, 37]",0.003,0.009,0.0,0.009,0.0,0.002,1193.862,1346.327,1.002
"K_uu_weight[0, 38]",0.002,0.008,0.0,0.007,0.0,0.002,1193.362,1346.327,1.002
"K_uu_weight[0, 39]",0.001,0.006,0.0,0.006,0.0,0.001,1192.806,1346.327,1.002
"K_uu_weight[0, 40]",0.001,0.005,0.0,0.004,0.0,0.001,1190.49,1346.327,1.002
"K_uu_weight[0, 41]",0.001,0.005,0.0,0.003,0.0,0.001,1189.313,1346.327,1.002
"K_uu_weight[0, 42]",0.001,0.004,0.0,0.002,0.0,0.001,1188.224,1346.385,1.002
"K_uu_weight[0, 43]",0.001,0.003,0.0,0.002,0.0,0.001,1187.605,1346.385,1.002
"K_uu_weight[0, 44]",0.0,0.003,0.0,0.001,0.0,0.001,1186.811,1346.385,1.002
"K_uu_weight[0, 45]",0.0,0.002,0.0,0.001,0.0,0.001,1186.517,1346.385,1.002
"K_uu_weight[0, 46]",0.0,0.002,0.0,0.001,0.0,0.001,1185.845,1346.385,1.002
"K_uu_weight[0, 47]",0.0,0.002,0.0,0.0,0.0,0.001,1185.886,1346.385,1.002
"K_uu_weight[0, 48]",0.0,0.001,0.0,0.0,0.0,0.0,1186.0,1346.385,1.002
"K_uu_weight[0, 49]",0.0,0.001,0.0,0.0,0.0,0.0,1186.266,1346.385,1.002
"K_uu_weight[1, 0]",0.995,0.443,0.309,1.8,0.011,0.012,1604.006,1553.939,1.0
"K_uu_weight[1, 1]",1.001,0.445,0.311,1.813,0.011,0.012,1605.742,1528.315,1.0
"K_uu_weight[1, 2]",0.995,0.443,0.309,1.8,0.011,0.012,1604.006,1553.939,1.0
"K_uu_weight[1, 3]",0.978,0.438,0.301,1.768,0.011,0.011,1597.61,1515.176,1.0
"K_uu_weight[1, 4]",0.95,0.429,0.291,1.722,0.01,0.011,1590.899,1539.244,1.0
"K_uu_weight[1, 5]",0.912,0.417,0.276,1.673,0.01,0.011,1578.433,1514.381,1.0
"K_uu_weight[1, 6]",0.866,0.403,0.256,1.597,0.01,0.011,1560.265,1515.004,1.0
"K_uu_weight[1, 7]",0.813,0.387,0.255,1.535,0.009,0.01,1535.929,1401.988,1.001
"K_uu_weight[1, 8]",0.755,0.369,0.203,1.417,0.009,0.01,1506.308,1333.87,1.001
"K_uu_weight[1, 9]",0.694,0.351,0.154,1.302,0.009,0.01,1478.502,1387.78,1.001
"K_uu_weight[1, 10]",0.632,0.332,0.134,1.203,0.008,0.009,1448.036,1408.263,1.001
"K_uu_weight[1, 11]",0.569,0.313,0.09,1.086,0.008,0.009,1414.467,1308.678,1.001
"K_uu_weight[1, 12]",0.508,0.293,0.068,0.996,0.007,0.009,1384.289,1286.967,1.001
"K_uu_weight[1, 13]",0.449,0.273,0.046,0.906,0.007,0.008,1358.295,1278.435,1.001
"K_uu_weight[1, 14]",0.394,0.252,0.034,0.825,0.006,0.008,1335.216,1402.432,1.001
"K_uu_weight[1, 15]",0.343,0.232,0.02,0.74,0.006,0.007,1316.46,1538.556,1.001
"K_uu_weight[1, 16]",0.296,0.212,0.011,0.659,0.005,0.007,1298.927,1540.552,1.002
"K_uu_weight[1, 17]",0.253,0.192,0.006,0.582,0.005,0.007,1282.823,1492.087,1.002
"K_uu_weight[1, 18]",0.215,0.174,0.004,0.517,0.005,0.006,1272.438,1425.477,1.002
"K_uu_weight[1, 19]",0.181,0.155,0.002,0.449,0.004,0.006,1261.066,1446.533,1.002
"K_uu_weight[1, 20]",0.152,0.138,0.001,0.389,0.004,0.006,1254.277,1426.407,1.002
"K_uu_weight[1, 21]",0.127,0.122,0.0,0.337,0.003,0.005,1244.742,1426.901,1.002
"K_uu_weight[1, 22]",0.105,0.108,0.0,0.288,0.003,0.005,1238.785,1448.927,1.002
"K_uu_weight[1, 23]",0.086,0.094,0.0,0.247,0.002,0.005,1232.122,1448.927,1.002
"K_uu_weight[1, 24]",0.07,0.082,0.0,0.207,0.002,0.005,1227.075,1427.167,1.002
"K_uu_weight[1, 25]",0.057,0.071,0.0,0.172,0.002,0.004,1222.348,1405.923,1.002
"K_uu_weight[1, 26]",0.046,0.061,0.0,0.142,0.002,0.004,1217.353,1406.052,1.002
"K_uu_weight[1, 27]",0.037,0.053,0.0,0.117,0.001,0.004,1214.424,1385.707,1.002
"K_uu_weight[1, 28]",0.03,0.045,0.0,0.097,0.001,0.004,1210.356,1385.707,1.002
"K_uu_weight[1, 29]",0.024,0.038,0.0,0.08,0.001,0.004,1208.035,1385.707,1.002
"K_uu_weight[1, 30]",0.019,0.033,0.0,0.065,0.001,0.003,1206.341,1385.707,1.002
"K_uu_weight[1, 31]",0.015,0.028,0.0,0.052,0.001,0.003,1203.435,1365.793,1.002
"K_uu_weight[1, 32]",0.012,0.024,0.0,0.042,0.001,0.003,1201.357,1346.443,1.002
"K_uu_weight[1, 33]",0.009,0.02,0.0,0.033,0.001,0.003,1199.831,1346.443,1.002
"K_uu_weight[1, 34]",0.007,0.017,0.0,0.026,0.0,0.003,1198.038,1365.793,1.002
"K_uu_weight[1, 35]",0.005,0.014,0.0,0.02,0.0,0.002,1196.829,1346.268,1.002
"K_uu_weight[1, 36]",0.004,0.012,0.0,0.016,0.0,0.002,1196.187,1365.673,1.002
"K_uu_weight[1, 37]",0.003,0.01,0.0,0.012,0.0,0.002,1194.398,1365.673,1.002
"K_uu_weight[1, 38]",0.003,0.009,0.0,0.009,0.0,0.002,1193.862,1346.327,1.002
"K_uu_weight[1, 39]",0.002,0.008,0.0,0.007,0.0,0.002,1193.362,1346.327,1.002
"K_uu_weight[1, 40]",0.001,0.006,0.0,0.006,0.0,0.001,1192.806,1346.327,1.002
"K_uu_weight[1, 41]",0.001,0.005,0.0,0.004,0.0,0.001,1190.49,1346.327,1.002
"K_uu_weight[1, 42]",0.001,0.005,0.0,0.003,0.0,0.001,1189.313,1346.327,1.002
"K_uu_weight[1, 43]",0.001,0.004,0.0,0.002,0.0,0.001,1188.224,1346.385,1.002
"K_uu_weight[1, 44]",0.001,0.003,0.0,0.002,0.0,0.001,1187.605,1346.385,1.002
"K_uu_weight[1, 45]",0.0,0.003,0.0,0.001,0.0,0.001,1186.811,1346.385,1.002
"K_uu_weight[1, 46]",0.0,0.002,0.0,0.001,0.0,0.001,1186.517,1346.385,1.002
"K_uu_weight[1, 47]",0.0,0.002,0.0,0.001,0.0,0.001,1185.845,1346.385,1.002
"K_uu_weight[1, 48]",0.0,0.002,0.0,0.0,0.0,0.001,1185.886,1346.385,1.002
"K_uu_weight[1, 49]",0.0,0.001,0.0,0.0,0.0,0.0,1186.0,1346.385,1.002
"K_uu_weight[2, 0]",0.978,0.438,0.301,1.768,0.011,0.011,1597.61,1515.176,1.0
"K_uu_weight[2, 1]",0.995,0.443,0.309,1.8,0.011,0.012,1604.006,1553.939,1.0
"K_uu_weight[2, 2]",1.001,0.445,0.311,1.813,0.011,0.012,1605.742,1528.315,1.0
"K_uu_weight[2, 3]",0.995,0.443,0.309,1.8,0.011,0.012,1604.006,1553.939,1.0
"K_uu_weight[2, 4]",0.978,0.438,0.301,1.768,0.011,0.011,1597.61,1515.176,1.0
"K_uu_weight[2, 5]",0.95,0.429,0.291,1.722,0.01,0.011,1590.899,1539.244,1.0
"K_uu_weight[2, 6]",0.912,0.417,0.276,1.673,0.01,0.011,1578.433,1514.381,1.0
"K_uu_weight[2, 7]",0.866,0.403,0.256,1.597,0.01,0.011,1560.265,1515.004,1.0
"K_uu_weight[2, 8]",0.813,0.387,0.255,1.535,0.009,0.01,1535.929,1401.988,1.001
"K_uu_weight[2, 9]",0.755,0.369,0.203,1.417,0.009,0.01,1506.308,1333.87,1.001
"K_uu_weight[2, 10]",0.694,0.351,0.154,1.302,0.009,0.01,1478.502,1387.78,1.001
"K_uu_weight[2, 11]",0.632,0.332,0.134,1.203,0.008,0.009,1448.036,1408.263,1.001
"K_uu_weight[2, 12]",0.569,0.313,0.09,1.086,0.008,0.009,1414.467,1308.678,1.001
"K_uu_weight[2, 13]",0.508,0.293,0.068,0.996,0.007,0.009,1384.289,1286.967,1.001
"K_uu_weight[2, 14]",0.449,0.273,0.046,0.906,0.007,0.008,1358.295,1278.435,1.001
"K_uu_weight[2, 15]",0.394,0.252,0.034,0.825,0.006,0.008,1335.216,1402.432,1.001
"K_uu_weight[2, 16]",0.343,0.232,0.02,0.74,0.006,0.007,1316.46,1538.556,1.001
"K_uu_weight[2, 17]",0.296,0.212,0.011,0.659,0.005,0.007,1298.927,1540.552,1.002
"K_uu_weight[2, 18]",0.253,0.192,0.006,0.582,0.005,0.007,1282.823,1492.087,1.002
"K_uu_weight[2, 19]",0.215,0.174,0.004,0.517,0.005,0.006,1272.438,1425.477,1.002
"K_uu_weight[2, 20]",0.181,0.155,0.002,0.449,0.004,0.006,1261.066,1446.533,1.002
"K_uu_weight[2, 21]",0.152,0.138,0.001,0.389,0.004,0.006,1254.277,1426.407,1.002
"K_uu_weight[2, 22]",0.127,0.122,0.0,0.337,0.003,0.005,1244.742,1426.901,1.002
"K_uu_weight[2, 23]",0.105,0.108,0.0,0.288,0.003,0.005,1238.785,1448.927,1.002
"K_uu_weight[2, 24]",0.086,0.094,0.0,0.247,0.002,0.005,1232.122,1448.927,1.002
"K_uu_weight[2, 25]",0.07,0.082,0.0,0.207,0.002,0.005,1227.075,1427.167,1.002
"K_uu_weight[2, 26]",0.057,0.071,0.0,0.172,0.002,0.004,1222.348,1405.923,1.002
"K_uu_weight[2, 27]",0.046,0.061,0.0,0.142,0.002,0.004,1217.353,1406.052,1.002
"K_uu_weight[2, 28]",0.037,0.053,0.0,0.117,0.001,0.004,1214.424,1385.707,1.002
"K_uu_weight[2, 29]",0.03,0.045,0.0,0.097,0.001,0.004,1210.356,1385.707,1.002
"K_uu_weight[2, 30]",0.024,0.038,0.0,0.08,0.001,0.004,1208.035,1385.707,1.002
"K_uu_weight[2, 31]",0.019,0.033,0.0,0.065,0.001,0.003,1206.341,1385.707,1.002
"K_uu_weight[2, 32]",0.015,0.028,0.0,0.052,0.001,0.003,1203.435,1365.793,1.002
"K_uu_weight[2, 33]",0.012,0.024,0.0,0.042,0.001,0.003,1201.357,1346.443,1.002
"K_uu_weight[2, 34]",0.009,0.02,0.0,0.033,0.001,0.003,1199.831,1346.443,1.002
"K_uu_weight[2, 35]",0.007,0.017,0.0,0.026,0.0,0.003,1198.038,1365.793,1.002
"K_uu_weight[2, 36]",0.005,0.014,0.0,0.02,0.0,0.002,1196.829,1346.268,1.002
"K_uu_weight[2, 37]",0.004,0.012,0.0,0.016,0.0,0.002,1196.187,1365.673,1.002
"K_uu_weight[2, 38]",0.003,0.01,0.0,0.012,0.0,0.002,1194.398,1365.673,1.002
"K_uu_weight[2, 39]",0.003,0.009,0.0,0.009,0.0,0.002,1193.862,1346.327,1.002
"K_uu_weight[2, 40]",0.002,0.008,0.0,0.007,0.0,0.002,1193.362,1346.327,1.002
"K_uu_weight[2, 41]",0.001,0.006,0.0,0.006,0.0,0.001,1192.806,1346.327,1.002
"K_uu_weight[2, 42]",0.001,0.005,0.0,0.004,0.0,0.001,1190.49,1346.327,1.002
"K_uu_weight[2, 43]",0.001,0.005,0.0,0.003,0.0,0.001,1189.313,1346.327,1.002
"K_uu_weight[2, 44]",0.001,0.004,0.0,0.002,0.0,0.001,1188.224,1346.385,1.002
"K_uu_weight[2, 45]",0.001,0.003,0.0,0.002,0.0,0.001,1187.605,1346.385,1.002
"K_uu_weight[2, 46]",0.0,0.003,0.0,0.001,0.0,0.001,1186.811,1346.385,1.002
"K_uu_weight[2, 47]",0.0,0.002,0.0,0.001,0.0,0.001,1186.517,1346.385,1.002
"K_uu_weight[2, 48]",0.0,0.002,0.0,0.001,0.0,0.001,1185.845,1346.385,1.002
"K_uu_weight[2, 49]",0.0,0.002,0.0,0.0,0.0,0.001,1185.886,1346.385,1.002
"K_uu_weight[3, 0]",0.95,0.429,0.291,1.722,0.01,0.011,1590.899,1539.244,1.0
"K_uu_weight[3, 1]",0.978,0.438,0.301,1.768,0.011,0.011,1597.61,1515.176,1.0
"K_uu_weight[3, 2]",0.995,0.443,0.309,1.8,0.011,0.012,1604.006,1553.939,1.0
"K_uu_weight[3, 3]",1.001,0.445,0.311,1.813,0.011,0.012,1605.742,1528.315,1.0
"K_uu_weight[3, 4]",0.995,0.443,0.309,1.8,0.011,0.012,1604.006,1553.939,1.0
"K_uu_weight[3, 5]",0.978,0.438,0.301,1.768,0.011,0.011,1597.61,1515.176,1.0
"K_uu_weight[3, 6]",0.95,0.429,0.291,1.722,0.01,0.011,1590.899,1539.244,1.0
"K_uu_weight[3, 7]",0.912,0.417,0.276,1.673,0.01,0.011,1578.433,1514.381,1.0
"K_uu_weight[3, 8]",0.866,0.403,0.256,1.597,0.01,0.011,1560.265,1515.004,1.0
"K_uu_weight[3, 9]",0.813,0.387,0.255,1.535,0.009,0.01,1535.929,1401.988,1.001
"K_uu_weight[3, 10]",0.755,0.369,0.203,1.417,0.009,0.01,1506.308,1333.87,1.001
"K_uu_weight[3, 11]",0.694,0.351,0.154,1.302,0.009,0.01,1478.502,1387.78,1.001
"K_uu_weight[3, 12]",0.632,0.332,0.134,1.203,0.008,0.009,1448.036,1408.263,1.001
"K_uu_weight[3, 13]",0.569,0.313,0.09,1.086,0.008,0.009,1414.467,1308.678,1.001
"K_uu_weight[3, 14]",0.508,0.293,0.068,0.996,0.007,0.009,1384.289,1286.967,1.001
"K_uu_weight[3, 15]",0.449,0.273,0.046,0.906,0.007,0.008,1358.295,1278.435,1.001
"K_uu_weight[3, 16]",0.394,0.252,0.034,0.825,0.006,0.008,1335.216,1402.432,1.001
"K_uu_weight[3, 17]",0.343,0.232,0.02,0.74,0.006,0.007,1316.46,1538.556,1.001
"K_uu_weight[3, 18]",0.296,0.212,0.011,0.659,0.005,0.007,1298.927,1540.552,1.002
"K_uu_weight[3, 19]",0.253,0.192,0.006,0.582,0.005,0.007,1282.823,1492.087,1.002
"K_uu_weight[3, 20]",0.215,0.174,0.004,0.517,0.005,0.006,1272.438,1425.477,1.002
"K_uu_weight[3, 21]",0.181,0.155,0.002,0.449,0.004,0.006,1261.066,1446.533,1.002
"K_uu_weight[3, 22]",0.152,0.138,0.001,0.389,0.004,0.006,1254.277,1426.407,1.002
"K_uu_weight[3, 23]",0.127,0.122,0.0,0.337,0.003,0.005,1244.742,1426.901,1.002
"K_uu_weight[3, 24]",0.105,0.108,0.0,0.288,0.003,0.005,1238.785,1448.927,1.002
"K_uu_weight[3, 25]",0.086,0.094,0.0,0.247,0.002,0.005,1232.122,1448.927,1.002
"K_uu_weight[3, 26]",0.07,0.082,0.0,0.207,0.002,0.005,1227.075,1427.167,1.002
"K_uu_weight[3, 27]",0.057,0.071,0.0,0.172,0.002,0.004,1222.348,1405.923,1.002
"K_uu_weight[3, 28]",0.046,0.061,0.0,0.142,0.002,0.004,1217.353,1406.052,1.002
"K_uu_weight[3, 29]",0.037,0.053,0.0,0.117,0.001,0.004,1214.424,1385.707,1.002
"K_uu_weight[3, 30]",0.03,0.045,0.0,0.097,0.001,0.004,1210.356,1385.707,1.002
"K_uu_weight[3, 31]",0.024,0.038,0.0,0.08,0.001,0.004,1208.035,1385.707,1.002
"K_uu_weight[3, 32]",0.019,0.033,0.0,0.065,0.001,0.003,1206.341,1385.707,1.002
"K_uu_weight[3, 33]",0.015,0.028,0.0,0.052,0.001,0.003,1203.435,1365.793,1.002
"K_uu_weight[3, 34]",0.012,0.024,0.0,0.042,0.001,0.003,1201.357,1346.443,1.002
"K_uu_weight[3, 35]",0.009,0.02,0.0,0.033,0.001,0.003,1199.831,1346.443,1.002
"K_uu_weight[3, 36]",0.007,0.017,0.0,0.026,0.0,0.003,1198.038,1365.793,1.002
"K_uu_weight[3, 37]",0.005,0.014,0.0,0.02,0.0,0.002,1196.829,1346.268,1.002
"K_uu_weight[3, 38]",0.004,0.012,0.0,0.016,0.0,0.002,1196.187,1365.673,1.002
"K_uu_weight[3, 39]",0.003,0.01,0.0,0.012,0.0,0.002,1194.398,1365.673,1.002
"K_uu_weight[3, 40]",0.003,0.009,0.0,0.009,0.0,0.002,1193.862,1346.327,1.002
"K_uu_weight[3, 41]",0.002,0.008,0.0,0.007,0.0,0.002,1193.362,1346.327,1.002
"K_uu_weight[3, 42]",0.001,0.006,0.0,0.006,0.0,0.001,1192.806,1346.327,1.002
"K_uu_weight[3, 43]",0.001,0.005,0.0,0.004,0.0,0.001,1190.49,1346.327,1.002
"K_uu_weight[3, 44]",0.001,0.005,0.0,0.003,0.0,0.001,1189.313,1346.327,1.002
"K_uu_weight[3, 45]",0.001,0.004,0.0,0.002,0.0,0.001,1188.224,1346.385,1.002
"K_uu_weight[3, 46]",0.001,0.003,0.0,0.002,0.0,0.001,1187.605,1346.385,1.002
"K_uu_weight[3, 47]",0.0,0.003,0.0,0.001,0.0,0.001,1186.811,1346.385,1.002
"K_uu_weight[3, 48]",0.0,0.002,0.0,0.001,0.0,0.001,1186.517,1346.385,1.002
"K_uu_weight[3, 49]",0.0,0.002,0.0,0.001,0.0,0.001,1185.845,1346.385,1.002
"K_uu_weight[4, 0]",0.912,0.417,0.276,1.673,0.01,0.011,1578.433,1514.381,1.0
"K_uu_weight[4, 1]",0.95,0.429,0.291,1.722,0.01,0.011,1590.899,1539.244,1.0
"K_uu_weight[4, 2]",0.978,0.438,0.301,1.768,0.011,0.011,1597.61,1515.176,1.0
"K_uu_weight[4, 3]",0.995,0.443,0.309,1.8,0.011,0.012,1604.006,1553.939,1.0
"K_uu_weight[4, 4]",1.001,0.445,0.311,1.813,0.011,0.012,1605.742,1528.315,1.0
"K_uu_weight[4, 5]",0.995,0.443,0.309,1.8,0.011,0.012,1604.006,1553.939,1.0
"K_uu_weight[4, 6]",0.978,0.438,0.301,1.768,0.011,0.011,1597.61,1515.176,1.0
"K_uu_weight[4, 7]",0.95,0.429,0.291,1.722,0.01,0.011,1590.899,1539.244,1.0
"K_uu_weight[4, 8]",0.912,0.417,0.276,1.673,0.01,0.011,1578.433,1514.381,1.0
"K_uu_weight[4, 9]",0.866,0.403,0.256,1.597,0.01,0.011,1560.265,1515.004,1.0
"K_uu_weight[4, 10]",0.813,0.387,0.255,1.535,0.009,0.01,1535.929,1401.988,1.001
"K_uu_weight[4, 11]",0.755,0.369,0.203,1.417,0.009,0.01,1506.308,1333.87,1.001
"K_uu_weight[4, 12]",0.694,0.351,0.154,1.302,0.009,0.01,1478.502,1387.78,1.001
"K_uu_weight[4, 13]",0.632,0.332,0.134,1.203,0.008,0.009,1448.036,1408.263,1.001
"K_uu_weight[4, 14]",0.569,0.313,0.09,1.086,0.008,0.009,1414.467,1308.678,1.001
"K_uu_weight[4, 15]",0.508,0.293,0.068,0.996,0.007,0.009,1384.289,1286.967,1.001
"K_uu_weight[4, 16]",0.449,0.273,0.046,0.906,0.007,0.008,1358.295,1278.435,1.001
"K_uu_weight[4, 17]",0.394,0.252,0.034,0.825,0.006,0.008,1335.216,1402.432,1.001
"K_uu_weight[4, 18]",0.343,0.232,0.02,0.74,0.006,0.007,1316.46,1538.556,1.001
"K_uu_weight[4, 19]",0.296,0.212,0.011,0.659,0.005,0.007,1298.927,1540.552,1.002
"K_uu_weight[4, 20]",0.253,0.192,0.006,0.582,0.005,0.007,1282.823,1492.087,1.002
"K_uu_weight[4, 21]",0.215,0.174,0.004,0.517,0.005,0.006,1272.438,1425.477,1.002
"K_uu_weight[4, 22]",0.181,0.155,0.002,0.449,0.004,0.006,1261.066,1446.533,1.002
"K_uu_weight[4, 23]",0.152,0.138,0.001,0.389,0.004,0.006,1254.277,1426.407,1.002
"K_uu_weight[4, 24]",0.127,0.122,0.0,0.337,0.003,0.005,1244.742,1426.901,1.002
"K_uu_weight[4, 25]",0.105,0.108,0.0,0.288,0.003,0.005,1238.785,1448.927,1.002
"K_uu_weight[4, 26]",0.086,0.094,0.0,0.247,0.002,0.005,1232.122,1448.927,1.002
"K_uu_weight[4, 27]",0.07,0.082,0.0,0.207,0.002,0.005,1227.075,1427.167,1.002
"K_uu_weight[4, 28]",0.057,0.071,0.0,0.172,0.002,0.004,1222.348,1405.923,1.002
"K_uu_weight[4, 29]",0.046,0.061,0.0,0.142,0.002,0.004,1217.353,1406.052,1.002
"K_uu_weight[4, 30]",0.037,0.053,0.0,0.117,0.001,0.004,1214.424,1385.707,1.002
"K_uu_weight[4, 31]",0.03,0.045,0.0,0.097,0.001,0.004,1210.356,1385.707,1.002
"K_uu_weight[4, 32]",0.024,0.038,0.0,0.08,0.001,0.004,1208.035,1385.707,1.002
"K_uu_weight[4, 33]",0.019,0.033,0.0,0.065,0.001,0.003,1206.341,1385.707,1.002
"K_uu_weight[4, 34]",0.015,0.028,0.0,0.052,0.001,0.003,1203.435,1365.793,1.002
"K_uu_weight[4, 35]",0.012,0.024,0.0,0.042,0.001,0.003,1201.357,1346.443,1.002
"K_uu_weight[4, 36]",0.009,0.02,0.0,0.033,0.001,0.003,1199.831,1346.443,1.002
"K_uu_weight[4, 37]",0.007,0.017,0.0,0.026,0.0,0.003,1198.038,1365.793,1.002
"K_uu_weight[4, 38]",0.005,0.014,0.0,0.02,0.0,0.002,1196.829,1346.268,1.002
"K_uu_weight[4, 39]",0.004,0.012,0.0,0.016,0.0,0.002,1196.187,1365.673,1.002
"K_uu_weight[4, 40]",0.003,0.01,0.0,0.012,0.0,0.002,1194.398,1365.673,1.002
"K_uu_weight[4, 41]",0.003,0.009,0.0,0.009,0.0,0.002,1193.862,1346.327,1.002
"K_uu_weight[4, 42]",0.002,0.008,0.0,0.007,0.0,0.002,1193.362,1346.327,1.002
"K_uu_weight[4, 43]",0.001,0.006,0.0,0.006,0.0,0.001,1192.806,1346.327,1.002
"K_uu_weight[4, 44]",0.001,0.005,0.0,0.004,0.0,0.001,1190.49,1346.327,1.002
"K_uu_weight[4, 45]",0.001,0.005,0.0,0.003,0.0,0.001,1189.313,1346.327,1.002
"K_uu_weight[4, 46]",0.001,0.004,0.0,0.002,0.0,0.001,1188.224,1346.385,1.002
"K_uu_weight[4, 47]",0.001,0.003,0.0,0.002,0.0,0.001,1187.605,1346.385,1.002
"K_uu_weight[4, 48]",0.0,0.003,0.0,0.001,0.0,0.001,1186.811,1346.385,1.002
"K_uu_weight[4, 49]",0.0,0.002,0.0,0.001,0.0,0.001,1186.517,1346.385,1.002
"K_uu_weight[5, 0]",0.866,0.403,0.256,1.597,0.01,0.011,1560.265,1515.004,1.0
"K_uu_weight[5, 1]",0.912,0.417,0.276,1.673,0.01,0.011,1578.433,1514.381,1.0
"K_uu_weight[5, 2]",0.95,0.429,0.291,1.722,0.01,0.011,1590.899,1539.244,1.0
"K_uu_weight[5, 3]",0.978,0.438,0.301,1.768,0.011,0.011,1597.61,1515.176,1.0
"K_uu_weight[5, 4]",0.995,0.443,0.309,1.8,0.011,0.012,1604.006,1553.939,1.0
"K_uu_weight[5, 5]",1.001,0.445,0.311,1.813,0.011,0.012,1605.742,1528.315,1.0
"K_uu_weight[5, 6]",0.995,0.443,0.309,1.8,0.011,0.012,1604.006,1553.939,1.0
"K_uu_weight[5, 7]",0.978,0.438,0.301,1.768,0.011,0.011,1597.61,1515.176,1.0
"K_uu_weight[5, 8]",0.95,0.429,0.291,1.722,0.01,0.011,1590.899,1539.244,1.0
"K_uu_weight[5, 9]",0.912,0.417,0.276,1.673,0.01,0.011,1578.433,1514.381,1.0
"K_uu_weight[5, 10]",0.866,0.403,0.256,1.597,0.01,0.011,1560.265,1515.004,1.0
"K_uu_weight[5, 11]",0.813,0.387,0.255,1.535,0.009,0.01,1535.929,1401.988,1.001
"K_uu_weight[5, 12]",0.755,0.369,0.203,1.417,0.009,0.01,1506.308,1333.87,1.001
"K_uu_weight[5, 13]",0.694,0.351,0.154,1.302,0.009,0.01,1478.502,1387.78,1.001
"K_uu_weight[5, 14]",0.632,0.332,0.134,1.203,0.008,0.009,1448.036,1408.263,1.001
"K_uu_weight[5, 15]",0.569,0.313,0.09,1.086,0.008,0.009,1414.467,1308.678,1.001
"K_uu_weight[5, 16]",0.508,0.293,0.068,0.996,0.007,0.009,1384.289,1286.967,1.001
"K_uu_weight[5, 17]",0.449,0.273,0.046,0.906,0.007,0.008,1358.295,1278.435,1.001
"K_uu_weight[5, 18]",0.394,0.252,0.034,0.825,0.006,0.008,1335.216,1402.432,1.001
"K_uu_weight[5, 19]",0.343,0.232,0.02,0.74,0.006,0.007,1316.46,1538.556,1.001
"K_uu_weight[5, 20]",0.296,0.212,0.011,0.659,0.005,0.007,1298.927,1540.552,1.002
"K_uu_weight[5, 21]",0.253,0.192,0.006,0.582,0.005,0.007,1282.823,1492.087,1.002
"K_uu_weight[5, 22]",0.215,0.174,0.004,0.517,0.005,0.006,1272.438,1425.477,1.002
"K_uu_weight[5, 23]",0.181,0.155,0.002,0.449,0.004,0.006,1261.066,1446.533,1.002
"K_uu_weight[5, 24]",0.152,0.138,0.001,0.389,0.004,0.006,1254.277,1426.407,1.002
"K_uu_weight[5, 25]",0.127,0.122,0.0,0.337,0.003,0.005,1244.742,1426.901,1.002
"K_uu_weight[5, 26]",0.105,0.108,0.0,0.288,0.003,0.005,1238.785,1448.927,1.002
"K_uu_weight[5, 27]",0.086,0.094,0.0,0.247,0.002,0.005,1232.122,1448.927,1.002
"K_uu_weight[5, 28]",0.07,0.082,0.0,0.207,0.002,0.005,1227.075,1427.167,1.002
"K_uu_weight[5, 29]",0.057,0.071,0.0,0.172,0.002,0.004,1222.348,1405.923,1.002
"K_uu_weight[5, 30]",0.046,0.061,0.0,0.142,0.002,0.004,1217.353,1406.052,1.002
"K_uu_weight[5, 31]",0.037,0.053,0.0,0.117,0.001,0.004,1214.424,1385.707,1.002
"K_uu_weight[5, 32]",0.03,0.045,0.0,0.097,0.001,0.004,1210.356,1385.707,1.002
"K_uu_weight[5, 33]",0.024,0.038,0.0,0.08,0.001,0.004,1208.035,1385.707,1.002
"K_uu_weight[5, 34]",0.019,0.033,0.0,0.065,0.001,0.003,1206.341,1385.707,1.002
"K_uu_weight[5, 35]",0.015,0.028,0.0,0.052,0.001,0.003,1203.435,1365.793,1.002
"K_uu_weight[5, 36]",0.012,0.024,0.0,0.042,0.001,0.003,1201.357,1346.443,1.002
"K_uu_weight[5, 37]",0.009,0.02,0.0,0.033,0.001,0.003,1199.831,1346.443,1.002
"K_uu_weight[5, 38]",0.007,0.017,0.0,0.026,0.0,0.003,1198.038,1365.793,1.002
"K_uu_weight[5, 39]",0.005,0.014,0.0,0.02,0.0,0.002,1196.829,1346.268,1.002
"K_uu_weight[5, 40]",0.004,0.012,0.0,0.016,0.0,0.002,1196.187,1365.673,1.002
"K_uu_weight[5, 41]",0.003,0.01,0.0,0.012,0.0,0.002,1194.398,1365.673,1.002
"K_uu_weight[5, 42]",0.003,0.009,0.0,0.009,0.0,0.002,1193.862,1346.327,1.002
"K_uu_weight[5, 43]",0.002,0.008,0.0,0.007,0.0,0.002,1193.362,1346.327,1.002
"K_uu_weight[5, 44]",0.001,0.006,0.0,0.006,0.0,0.001,1192.806,1346.327,1.002
"K_uu_weight[5, 45]",0.001,0.005,0.0,0.004,0.0,0.001,1190.49,1346.327,1.002
"K_uu_weight[5, 46]",0.001,0.005,0.0,0.003,0.0,0.001,1189.313,1346.327,1.002
"K_uu_weight[5, 47]",0.001,0.004,0.0,0.002,0.0,0.001,1188.224,1346.385,1.002
"K_uu_weight[5, 48]",0.001,0.003,0.0,0.002,0.0,0.001,1187.605,1346.385,1.002
"K_uu_weight[5, 49]",0.0,0.003,0.0,0.001,0.0,0.001,1186.811,1346.385,1.002
"K_uu_weight[6, 0]",0.813,0.387,0.255,1.535,0.009,0.01,1535.929,1401.988,1.001
"K_uu_weight[6, 1]",0.866,0.403,0.256,1.597,0.01,0.011,1560.265,1515.004,1.0
"K_uu_weight[6, 2]",0.912,0.417,0.276,1.673,0.01,0.011,1578.433,1514.381,1.0
"K_uu_weight[6, 3]",0.95,0.429,0.291,1.722,0.01,0.011,1590.899,1539.244,1.0
"K_uu_weight[6, 4]",0.978,0.438,0.301,1.768,0.011,0.011,1597.61,1515.176,1.0
"K_uu_weight[6, 5]",0.995,0.443,0.309,1.8,0.011,0.012,1604.006,1553.939,1.0
"K_uu_weight[6, 6]",1.001,0.445,0.311,1.813,0.011,0.012,1605.742,1528.315,1.0
"K_uu_weight[6, 7]",0.995,0.443,0.309,1.8,0.011,0.012,1604.006,1553.939,1.0
"K_uu_weight[6, 8]",0.978,0.438,0.301,1.768,0.011,0.011,1597.61,1515.176,1.0
"K_uu_weight[6, 9]",0.95,0.429,0.291,1.722,0.01,0.011,1590.899,1539.244,1.0
"K_uu_weight[6, 10]",0.912,0.417,0.276,1.673,0.01,0.011,1578.433,1514.381,1.0
"K_uu_weight[6, 11]",0.866,0.403,0.256,1.597,0.01,0.011,1560.265,1515.004,1.0
"K_uu_weight[6, 12]",0.813,0.387,0.255,1.535,0.009,0.01,1535.929,1401.988,1.001
"K_uu_weight[6, 13]",0.755,0.369,0.203,1.417,0.009,0.01,1506.308,1333.87,1.001
"K_uu_weight[6, 14]",0.694,0.351,0.154,1.302,0.009,0.01,1478.502,1387.78,1.001
"K_uu_weight[6, 15]",0.632,0.332,0.134,1.203,0.008,0.009,1448.036,1408.263,1.001
"K_uu_weight[6, 16]",0.569,0.313,0.09,1.086,0.008,0.009,1414.467,1308.678,1.001
"K_uu_weight[6, 17]",0.508,0.293,0.068,0.996,0.007,0.009,1384.289,1286.967,1.001
"K_uu_weight[6, 18]",0.449,0.273,0.046,0.906,0.007,0.008,1358.295,1278.435,1.001
"K_uu_weight[6, 19]",0.394,0.252,0.034,0.825,0.006,0.008,1335.216,1402.432,1.001
"K_uu_weight[6, 20]",0.343,0.232,0.02,0.74,0.006,0.007,1316.46,1538.556,1.001
"K_uu_weight[6, 21]",0.296,0.212,0.011,0.659,0.005,0.007,1298.927,1540.552,1.002
"K_uu_weight[6, 22]",0.253,0.192,0.006,0.582,0.005,0.007,1282.823,1492.087,1.002
"K_uu_weight[6, 23]",0.215,0.174,0.004,0.517,0.005,0.006,1272.438,1425.477,1.002
"K_uu_weight[6, 24]",0.181,0.155,0.002,0.449,0.004,0.006,1261.066,1446.533,1.002
"K_uu_weight[6, 25]",0.152,0.138,0.001,0.389,0.004,0.006,1254.277,1426.407,1.002
"K_uu_weight[6, 26]",0.127,0.122,0.0,0.337,0.003,0.005,1244.742,1426.901,1.002
"K_uu_weight[6, 27]",0.105,0.108,0.0,0.288,0.003,0.005,1238.785,1448.927,1.002
"K_uu_weight[6, 28]",0.086,0.094,0.0,0.247,0.002,0.005,1232.122,1448.927,1.002
"K_uu_weight[6, 29]",0.07,0.082,0.0,0.207,0.002,0.005,1227.075,1427.167,1.002
"K_uu_weight[6, 30]",0.057,0.071,0.0,0.172,0.002,0.004,1222.348,1405.923,1.002
"K_uu_weight[6, 31]",0.046,0.061,0.0,0.142,0.002,0.004,1217.353,1406.052,1.002
"K_uu_weight[6, 32]",0.037,0.053,0.0,0.117,0.001,0.004,1214.424,1385.707,1.002
"K_uu_weight[6, 33]",0.03,0.045,0.0,0.097,0.001,0.004,1210.356,1385.707,1.002
"K_uu_weight[6, 34]",0.024,0.038,0.0,0.08,0.001,0.004,1208.035,1385.707,1.002
"K_uu_weight[6, 35]",0.019,0.033,0.0,0.065,0.001,0.003,1206.341,1385.707,1.002
"K_uu_weight[6, 36]",0.015,0.028,0.0,0.052,0.001,0.003,1203.435,1365.793,1.002
"K_uu_weight[6, 37]",0.012,0.024,0.0,0.042,0.001,0.003,1201.357,1346.443,1.002
"K_uu_weight[6, 38]",0.009,0.02,0.0,0.033,0.001,0.003,1199.831,1346.443,1.002
"K_uu_weight[6, 39]",0.007,0.017,0.0,0.026,0.0,0.003,1198.038,1365.793,1.002
"K_uu_weight[6, 40]",0.005,0.014,0.0,0.02,0.0,0.002,1196.829,1346.268,1.002
"K_uu_weight[6, 41]",0.004,0.012,0.0,0.016,0.0,0.002,1196.187,1365.673,1.002
"K_uu_weight[6, 42]",0.003,0.01,0.0,0.012,0.0,0.002,1194.398,1365.673,1.002
"K_uu_weight[6, 43]",0.003,0.009,0.0,0.009,0.0,0.002,1193.862,1346.327,1.002
"K_uu_weight[6, 44]",0.002,0.008,0.0,0.007,0.0,0.002,1193.362,1346.327,1.002
"K_uu_weight[6, 45]",0.001,0.006,0.0,0.006,0.0,0.001,1192.806,1346.327,1.002
"K_uu_weight[6, 46]",0.001,0.005,0.0,0.004,0.0,0.001,1190.49,1346.327,1.002
"K_uu_weight[6, 47]",0.001,0.005,0.0,0.003,0.0,0.001,1189.313,1346.327,1.002
"K_uu_weight[6, 48]",0.001,0.004,0.0,0.002,0.0,0.001,1188.224,1346.385,1.002
"K_uu_weight[6, 49]",0.001,0.003,0.0,0.002,0.0,0.001,1187.605,1346.385,1.002
"K_uu_weight[7, 0]",0.755,0.369,0.203,1.417,0.009,0.01,1506.308,1333.87,1.001
"K_uu_weight[7, 1]",0.813,0.387,0.255,1.535,0.009,0.01,1535.929,1401.988,1.001
"K_uu_weight[7, 2]",0.866,0.403,0.256,1.597,0.01,0.011,1560.265,1515.004,1.0
"K_uu_weight[7, 3]",0.912,0.417,0.276,1.673,0.01,0.011,1578.433,1514.381,1.0
"K_uu_weight[7, 4]",0.95,0.429,0.291,1.722,0.01,0.011,1590.899,1539.244,1.0
"K_uu_weight[7, 5]",0.978,0.438,0.301,1.768,0.011,0.011,1597.61,1515.176,1.0
"K_uu_weight[7, 6]",0.995,0.443,0.309,1.8,0.011,0.012,1604.006,1553.939,1.0
"K_uu_weight[7, 7]",1.001,0.445,0.311,1.813,0.011,0.012,1605.742,1528.315,1.0
"K_uu_weight[7, 8]",0.995,0.443,0.309,1.8,0.011,0.012,1604.006,1553.939,1.0
"K_uu_weight[7, 9]",0.978,0.438,0.301,1.768,0.011,0.011,1597.61,1515.176,1.0
"K_uu_weight[7, 10]",0.95,0.429,0.291,1.722,0.01,0.011,1590.899,1539.244,1.0
"K_uu_weight[7, 11]",0.912,0.417,0.276,1.673,0.01,0.011,1578.433,1514.381,1.0
"K_uu_weight[7, 12]",0.866,0.403,0.256,1.597,0.01,0.011,1560.265,1515.004,1.0
"K_uu_weight[7, 13]",0.813,0.387,0.255,1.535,0.009,0.01,1535.929,1401.988,1.001
"K_uu_weight[7, 14]",0.755,0.369,0.203,1.417,0.009,0.01,1506.308,1333.87,1.001
"K_uu_weight[7, 15]",0.694,0.351,0.154,1.302,0.009,0.01,1478.502,1387.78,1.001
"K_uu_weight[7, 16]",0.632,0.332,0.134,1.203,0.008,0.009,1448.036,1408.263,1.001
"K_uu_weight[7, 17]",0.569,0.313,0.09,1.086,0.008,0.009,1414.467,1308.678,1.001
"K_uu_weight[7, 18]",0.508,0.293,0.068,0.996,0.007,0.009,1384.289,1286.967,1.001
"K_uu_weight[7, 19]",0.449,0.273,0.046,0.906,0.007,0.008,1358.295,1278.435,1.001
"K_uu_weight[7, 20]",0.394,0.252,0.034,0.825,0.006,0.008,1335.216,1402.432,1.001
"K_uu_weight[7, 21]",0.343,0.232,0.02,0.74,0.006,0.007,1316.46,1538.556,1.001
"K_uu_weight[7, 22]",0.296,0.212,0.011,0.659,0.005,0.007,1298.927,1540.552,1.002
"K_uu_weight[7, 23]",0.253,0.192,0.006,0.582,0.005,0.007,1282.823,1492.087,1.002
"K_uu_weight[7, 24]",0.215,0.174,0.004,0.517,0.005,0.006,1272.438,1425.477,1.002
"K_uu_weight[7, 25]",0.181,0.155,0.002,0.449,0.004,0.006,1261.066,1446.533,1.002
"K_uu_weight[7, 26]",0.152,0.138,0.001,0.389,0.004,0.006,1254.277,1426.407,1.002
"K_uu_weight[7, 27]",0.127,0.122,0.0,0.337,0.003,0.005,1244.742,1426.901,1.002
"K_uu_weight[7, 28]",0.105,0.108,0.0,0.288,0.003,0.005,1238.785,1448.927,1.002
"K_uu_weight[7, 29]",0.086,0.094,0.0,0.247,0.002,0.005,1232.122,1448.927,1.002
"K_uu_weight[7, 30]",0.07,0.082,0.0,0.207,0.002,0.005,1227.075,1427.167,1.002
"K_uu_weight[7, 31]",0.057,0.071,0.0,0.172,0.002,0.004,1222.348,1405.923,1.002
"K_uu_weight[7, 32]",0.046,0.061,0.0,0.142,0.002,0.004,1217.353,1406.052,1.002
"K_uu_weight[7, 33]",0.037,0.053,0.0,0.117,0.001,0.004,1214.424,1385.707,1.002
"K_uu_weight[7, 34]",0.03,0.045,0.0,0.097,0.001,0.004,1210.356,1385.707,1.002
"K_uu_weight[7, 35]",0.024,0.038,0.0,0.08,0.001,0.004,1208.035,1385.707,1.002
"K_uu_weight[7, 36]",0.019,0.033,0.0,0.065,0.001,0.003,1206.341,1385.707,1.002
"K_uu_weight[7, 37]",0.015,0.028,0.0,0.052,0.001,0.003,1203.435,1365.793,1.002
"K_uu_weight[7, 38]",0.012,0.024,0.0,0.042,0.001,0.003,1201.357,1346.443,1.002
"K_uu_weight[7, 39]",0.009,0.02,0.0,0.033,0.001,0.003,1199.831,1346.443,1.002
"K_uu_weight[7, 40]",0.007,0.017,0.0,0.026,0.0,0.003,1198.038,1365.793,1.002
"K_uu_weight[7, 41]",0.005,0.014,0.0,0.02,0.0,0.002,1196.829,1346.268,1.002
"K_uu_weight[7, 42]",0.004,0.012,0.0,0.016,0.0,0.002,1196.187,1365.673,1.002
"K_uu_weight[7, 43]",0.003,0.01,0.0,0.012,0.0,0.002,1194.398,1365.673,1.002
"K_uu_weight[7, 44]",0.003,0.009,0.0,0.009,0.0,0.002,1193.862,1346.327,1.002
"K_uu_weight[7, 45]",0.002,0.008,0.0,0.007,0.0,0.002,1193.362,1346.327,1.002
"K_uu_weight[7, 46]",0.001,0.006,0.0,0.006,0.0,0.001,1192.806,1346.327,1.002
"K_uu_weight[7, 47]",0.001,0.005,0.0,0.004,0.0,0.001,1190.49,1346.327,1.002
"K_uu_weight[7, 48]",0.001,0.005,0.0,0.003,0.0,0.001,1189.313,1346.327,1.002
"K_uu_weight[7, 49]",0.001,0.004,0.0,0.002,0.0,0.001,1188.224,1346.385,1.002
"K_uu_weight[8, 0]",0.694,0.351,0.154,1.302,0.009,0.01,1478.502,1387.78,1.001
"K_uu_weight[8, 1]",0.755,0.369,0.203,1.417,0.009,0.01,1506.308,1333.87,1.001
"K_uu_weight[8, 2]",0.813,0.387,0.255,1.535,0.009,0.01,1535.929,1401.988,1.001
"K_uu_weight[8, 3]",0.866,0.403,0.256,1.597,0.01,0.011,1560.265,1515.004,1.0
"K_uu_weight[8, 4]",0.912,0.417,0.276,1.673,0.01,0.011,1578.433,1514.381,1.0
"K_uu_weight[8, 5]",0.95,0.429,0.291,1.722,0.01,0.011,1590.899,1539.244,1.0
"K_uu_weight[8, 6]",0.978,0.438,0.301,1.768,0.011,0.011,1597.61,1515.176,1.0
"K_uu_weight[8, 7]",0.995,0.443,0.309,1.8,0.011,0.012,1604.006,1553.939,1.0
"K_uu_weight[8, 8]",1.001,0.445,0.311,1.813,0.011,0.012,1605.742,1528.315,1.0
"K_uu_weight[8, 9]",0.995,0.443,0.309,1.8,0.011,0.012,1604.006,1553.939,1.0
"K_uu_weight[8, 10]",0.978,0.438,0.301,1.768,0.011,0.011,1597.61,1515.176,1.0
"K_uu_weight[8, 11]",0.95,0.429,0.291,1.722,0.01,0.011,1590.899,1539.244,1.0
"K_uu_weight[8, 12]",0.912,0.417,0.276,1.673,0.01,0.011,1578.433,1514.381,1.0
"K_uu_weight[8, 13]",0.866,0.403,0.256,1.597,0.01,0.011,1560.265,1515.004,1.0
"K_uu_weight[8, 14]",0.813,0.387,0.255,1.535,0.009,0.01,1535.929,1401.988,1.001
"K_uu_weight[8, 15]",0.755,0.369,0.203,1.417,0.009,0.01,1506.308,1333.87,1.001
"K_uu_weight[8, 16]",0.694,0.351,0.154,1.302,0.009,0.01,1478.502,1387.78,1.001
"K_uu_weight[8, 17]",0.632,0.332,0.134,1.203,0.008,0.009,1448.036,1408.263,1.001
"K_uu_weight[8, 18]",0.569,0.313,0.09,1.086,0.008,0.009,1414.467,1308.678,1.001
"K_uu_weight[8, 19]",0.508,0.293,0.068,0.996,0.007,0.009,1384.289,1286.967,1.001
"K_uu_weight[8, 20]",0.449,0.273,0.046,0.906,0.007,0.008,1358.295,1278.435,1.001
"K_uu_weight[8, 21]",0.394,0.252,0.034,0.825,0.006,0.008,1335.216,1402.432,1.001
"K_uu_weight[8, 22]",0.343,0.232,0.02,0.74,0.006,0.007,1316.46,1538.556,1.001
"K_uu_weight[8, 23]",0.296,0.212,0.011,0.659,0.005,0.007,1298.927,1540.552,1.002
"K_uu_weight[8, 24]",0.253,0.192,0.006,0.582,0.005,0.007,1282.823,1492.087,1.002
"K_uu_weight[8, 25]",0.215,0.174,0.004,0.517,0.005,0.006,1272.438,1425.477,1.002
"K_uu_weight[8, 26]",0.181,0.155,0.002,0.449,0.004,0.006,1261.066,1446.533,1.002
"K_uu_weight[8, 27]",0.152,0.138,0.001,0.389,0.004,0.006,1254.277,1426.407,1.002
"K_uu_weight[8, 28]",0.127,0.122,0.0,0.337,0.003,0.005,1244.742,1426.901,1.002
"K_uu_weight[8, 29]",0.105,0.108,0.0,0.288,0.003,0.005,1238.785,1448.927,1.002
"K_uu_weight[8, 30]",0.086,0.094,0.0,0.247,0.002,0.005,1232.122,1448.927,1.002
"K_uu_weight[8, 31]",0.07,0.082,0.0,0.207,0.002,0.005,1227.075,1427.167,1.002
"K_uu_weight[8, 32]",0.057,0.071,0.0,0.172,0.002,0.004,1222.348,1405.923,1.002
"K_uu_weight[8, 33]",0.046,0.061,0.0,0.142,0.002,0.004,1217.353,1406.052,1.002
"K_uu_weight[8, 34]",0.037,0.053,0.0,0.117,0.001,0.004,1214.424,1385.707,1.002
"K_uu_weight[8, 35]",0.03,0.045,0.0,0.097,0.001,0.004,1210.356,1385.707,1.002
"K_uu_weight[8, 36]",0.024,0.038,0.0,0.08,0.001,0.004,1208.035,1385.707,1.002
"K_uu_weight[8, 37]",0.019,0.033,0.0,0.065,0.001,0.003,1206.341,1385.707,1.002
"K_uu_weight[8, 38]",0.015,0.028,0.0,0.052,0.001,0.003,1203.435,1365.793,1.002
"K_uu_weight[8, 39]",0.012,0.024,0.0,0.042,0.001,0.003,1201.357,1346.443,1.002
"K_uu_weight[8, 40]",0.009,0.02,0.0,0.033,0.001,0.003,1199.831,1346.443,1.002
"K_uu_weight[8, 41]",0.007,0.017,0.0,0.026,0.0,0.003,1198.038,1365.793,1.002
"K_uu_weight[8, 42]",0.005,0.014,0.0,0.02,0.0,0.002,1196.829,1346.268,1.002
"K_uu_weight[8, 43]",0.004,0.012,0.0,0.016,0.0,0.002,1196.187,1365.673,1.002
"K_uu_weight[8, 44]",0.003,0.01,0.0,0.012,0.0,0.002,1194.398,1365.673,1.002
"K_uu_weight[8, 45]",0.003,0.009,0.0,0.009,0.0,0.002,1193.862,1346.327,1.002
"K_uu_weight[8, 46]",0.002,0.008,0.0,0.007,0.0,0.002,1193.362,1346.327,1.002
"K_uu_weight[8, 47]",0.001,0.006,0.0,0.006,0.0,0.001,1192.806,1346.327,1.002
"K_uu_weight[8, 48]",0.001,0.005,0.0,0.004,0.0,0.001,1190.49,1346.327,1.002
"K_uu_weight[8, 49]",0.001,0.005,0.0,0.003,0.0,0.001,1189.313,1346.327,1.002
"K_uu_weight[9, 0]",0.632,0.332,0.134,1.203,0.008,0.009,1448.036,1408.263,1.001
"K_uu_weight[9, 1]",0.694,0.351,0.154,1.302,0.009,0.01,1478.502,1387.78,1.001
"K_uu_weight[9, 2]",0.755,0.369,0.203,1.417,0.009,0.01,1506.308,1333.87,1.001
"K_uu_weight[9, 3]",0.813,0.387,0.255,1.535,0.009,0.01,1535.929,1401.988,1.001
"K_uu_weight[9, 4]",0.866,0.403,0.256,1.597,0.01,0.011,1560.265,1515.004,1.0
"K_uu_weight[9, 5]",0.912,0.417,0.276,1.673,0.01,0.011,1578.433,1514.381,1.0
"K_uu_weight[9, 6]",0.95,0.429,0.291,1.722,0.01,0.011,1590.899,1539.244,1.0
"K_uu_weight[9, 7]",0.978,0.438,0.301,1.768,0.011,0.011,1597.61,1515.176,1.0
"K_uu_weight[9, 8]",0.995,0.443,0.309,1.8,0.011,0.012,1604.006,1553.939,1.0
"K_uu_weight[9, 9]",1.001,0.445,0.311,1.813,0.011,0.012,1605.742,1528.315,1.0
"K_uu_weight[9, 10]",0.995,0.443,0.309,1.8,0.011,0.012,1604.006,1553.939,1.0
"K_uu_weight[9, 11]",0.978,0.438,0.301,1.768,0.011,0.011,1597.61,1515.176,1.0
"K_uu_weight[9, 12]",0.95,0.429,0.291,1.722,0.01,0.011,1590.899,1539.244,1.0
"K_uu_weight[9, 13]",0.912,0.417,0.276,1.673,0.01,0.011,1578.433,1514.381,1.0
"K_uu_weight[9, 14]",0.866,0.403,0.256,1.597,0.01,0.011,1560.265,1515.004,1.0
"K_uu_weight[9, 15]",0.813,0.387,0.255,1.535,0.009,0.01,1535.929,1401.988,1.001
"K_uu_weight[9, 16]",0.755,0.369,0.203,1.417,0.009,0.01,1506.308,1333.87,1.001
"K_uu_weight[9, 17]",0.694,0.351,0.154,1.302,0.009,0.01,1478.502,1387.78,1.001
"K_uu_weight[9, 18]",0.632,0.332,0.134,1.203,0.008,0.009,1448.036,1408.263,1.001
"K_uu_weight[9, 19]",0.569,0.313,0.09,1.086,0.008,0.009,1414.467,1308.678,1.001
"K_uu_weight[9, 20]",0.508,0.293,0.068,0.996,0.007,0.009,1384.289,1286.967,1.001
"K_uu_weight[9, 21]",0.449,0.273,0.046,0.906,0.007,0.008,1358.295,1278.435,1.001
"K_uu_weight[9, 22]",0.394,0.252,0.034,0.825,0.006,0.008,1335.216,1402.432,1.001
"K_uu_weight[9, 23]",0.343,0.232,0.02,0.74,0.006,0.007,1316.46,1538.556,1.001
"K_uu_weight[9, 24]",0.296,0.212,0.011,0.659,0.005,0.007,1298.927,1540.552,1.002
"K_uu_weight[9, 25]",0.253,0.192,0.006,0.582,0.005,0.007,1282.823,1492.087,1.002
"K_uu_weight[9, 26]",0.215,0.174,0.004,0.517,0.005,0.006,1272.438,1425.477,1.002
"K_uu_weight[9, 27]",0.181,0.155,0.002,0.449,0.004,0.006,1261.066,1446.533,1.002
"K_uu_weight[9, 28]",0.152,0.138,0.001,0.389,0.004,0.006,1254.277,1426.407,1.002
"K_uu_weight[9, 29]",0.127,0.122,0.0,0.337,0.003,0.005,1244.742,1426.901,1.002
"K_uu_weight[9, 30]",0.105,0.108,0.0,0.288,0.003,0.005,1238.785,1448.927,1.002
"K_uu_weight[9, 31]",0.086,0.094,0.0,0.247,0.002,0.005,1232.122,1448.927,1.002
"K_uu_weight[9, 32]",0.07,0.082,0.0,0.207,0.002,0.005,1227.075,1427.167,1.002
"K_uu_weight[9, 33]",0.057,0.071,0.0,0.172,0.002,0.004,1222.348,1405.923,1.002
"K_uu_weight[9, 34]",0.046,0.061,0.0,0.142,0.002,0.004,1217.353,1406.052,1.002
"K_uu_weight[9, 35]",0.037,0.053,0.0,0.117,0.001,0.004,1214.424,1385.707,1.002
"K_uu_weight[9, 36]",0.03,0.045,0.0,0.097,0.001,0.004,1210.356,1385.707,1.002
"K_uu_weight[9, 37]",0.024,0.038,0.0,0.08,0.001,0.004,1208.035,1385.707,1.002
"K_uu_weight[9, 38]",0.019,0.033,0.0,0.065,0.001,0.003,1206.341,1385.707,1.002
"K_uu_weight[9, 39]",0.015,0.028,0.0,0.052,0.001,0.003,1203.435,1365.793,1.002
"K_uu_weight[9, 40]",0.012,0.024,0.0,0.042,0.001,0.003,1201.357,1346.443,1.002
"K_uu_weight[9, 41]",0.009,0.02,0.0,0.033,0.001,0.003,1199.831,1346.443,1.002
"K_uu_weight[9, 42]",0.007,0.017,0.0,0.026,0.0,0.003,1198.038,1365.793,1.002
"K_uu_weight[9, 43]",0.005,0.014,0.0,0.02,0.0,0.002,1196.829,1346.268,1.002
"K_uu_weight[9, 44]",0.004,0.012,0.0,0.016,0.0,0.002,1196.187,1365.673,1.002
"K_uu_weight[9, 45]",0.003,0.01,0.0,0.012,0.0,0.002,1194.398,1365.673,1.002
"K_uu_weight[9, 46]",0.003,0.009,0.0,0.009,0.0,0.002,1193.862,1346.327,1.002
"K_uu_weight[9, 47]",0.002,0.008,0.0,0.007,0.0,0.002,1193.362,1346.327,1.002
"K_uu_weight[9, 48]",0.001,0.006,0.0,0.006,0.0,0.001,1192.806,1346.327,1.002
"K_uu_weight[9, 49]",0.001,0.005,0.0,0.004,0.0,0.001,1190.49,1346.327,1.002
"K_uu_weight[10, 0]",0.569,0.313,0.09,1.086,0.008,0.009,1414.467,1308.678,1.001
"K_uu_weight[10, 1]",0.632,0.332,0.134,1.203,0.008,0.009,1448.036,1408.263,1.001
"K_uu_weight[10, 2]",0.694,0.351,0.154,1.302,0.009,0.01,1478.502,1387.78,1.001
"K_uu_weight[10, 3]",0.755,0.369,0.203,1.417,0.009,0.01,1506.308,1333.87,1.001
"K_uu_weight[10, 4]",0.813,0.387,0.255,1.535,0.009,0.01,1535.929,1401.988,1.001
"K_uu_weight[10, 5]",0.866,0.403,0.256,1.597,0.01,0.011,1560.265,1515.004,1.0
"K_uu_weight[10, 6]",0.912,0.417,0.276,1.673,0.01,0.011,1578.433,1514.381,1.0
"K_uu_weight[10, 7]",0.95,0.429,0.291,1.722,0.01,0.011,1590.899,1539.244,1.0
"K_uu_weight[10, 8]",0.978,0.438,0.301,1.768,0.011,0.011,1597.61,1515.176,1.0
"K_uu_weight[10, 9]",0.995,0.443,0.309,1.8,0.011,0.012,1604.006,1553.939,1.0
"K_uu_weight[10, 10]",1.001,0.445,0.311,1.813,0.011,0.012,1605.742,1528.315,1.0
"K_uu_weight[10, 11]",0.995,0.443,0.309,1.8,0.011,0.012,1604.006,1553.939,1.0
"K_uu_weight[10, 12]",0.978,0.438,0.301,1.768,0.011,0.011,1597.61,1515.176,1.0
"K_uu_weight[10, 13]",0.95,0.429,0.291,1.722,0.01,0.011,1590.899,1539.244,1.0
"K_uu_weight[10, 14]",0.912,0.417,0.276,1.673,0.01,0.011,1578.433,1514.381,1.0
"K_uu_weight[10, 15]",0.866,0.403,0.256,1.597,0.01,0.011,1560.265,1515.004,1.0
"K_uu_weight[10, 16]",0.813,0.387,0.255,1.535,0.009,0.01,1535.929,1401.988,1.001
"K_uu_weight[10, 17]",0.755,0.369,0.203,1.417,0.009,0.01,1506.308,1333.87,1.001
"K_uu_weight[10, 18]",0.694,0.351,0.154,1.302,0.009,0.01,1478.502,1387.78,1.001
"K_uu_weight[10, 19]",0.632,0.332,0.134,1.203,0.008,0.009,1448.036,1408.263,1.001
"K_uu_weight[10, 20]",0.569,0.313,0.09,1.086,0.008,0.009,1414.467,1308.678,1.001
"K_uu_weight[10, 21]",0.508,0.293,0.068,0.996,0.007,0.009,1384.289,1286.967,1.001
"K_uu_weight[10, 22]",0.449,0.273,0.046,0.906,0.007,0.008,1358.295,1278.435,1.001
"K_uu_weight[10, 23]",0.394,0.252,0.034,0.825,0.006,0.008,1335.216,1402.432,1.001
"K_uu_weight[10, 24]",0.343,0.232,0.02,0.74,0.006,0.007,1316.46,1538.556,1.001
"K_uu_weight[10, 25]",0.296,0.212,0.011,0.659,0.005,0.007,1298.927,1540.552,1.002
"K_uu_weight[10, 26]",0.253,0.192,0.006,0.582,0.005,0.007,1282.823,1492.087,1.002
"K_uu_weight[10, 27]",0.215,0.174,0.004,0.517,0.005,0.006,1272.438,1425.477,1.002
"K_uu_weight[10, 28]",0.181,0.155,0.002,0.449,0.004,0.006,1261.066,1446.533,1.002
"K_uu_weight[10, 29]",0.152,0.138,0.001,0.389,0.004,0.006,1254.277,1426.407,1.002
"K_uu_weight[10, 30]",0.127,0.122,0.0,0.337,0.003,0.005,1244.742,1426.901,1.002
"K_uu_weight[10, 31]",0.105,0.108,0.0,0.288,0.003,0.005,1238.785,1448.927,1.002
"K_uu_weight[10, 32]",0.086,0.094,0.0,0.247,0.002,0.005,1232.122,1448.927,1.002
"K_uu_weight[10, 33]",0.07,0.082,0.0,0.207,0.002,0.005,1227.075,1427.167,1.002
"K_uu_weight[10, 34]",0.057,0.071,0.0,0.172,0.002,0.004,1222.348,1405.923,1.002
"K_uu_weight[10, 35]",0.046,0.061,0.0,0.142,0.002,0.004,1217.353,1406.052,1.002
"K_uu_weight[10, 36]",0.037,0.053,0.0,0.117,0.001,0.004,1214.424,1385.707,1.002
"K_uu_weight[10, 37]",0.03,0.045,0.0,0.097,0.001,0.004,1210.356,1385.707,1.002
"K_uu_weight[10, 38]",0.024,0.038,0.0,0.08,0.001,0.004,1208.035,1385.707,1.002
"K_uu_weight[10, 39]",0.019,0.033,0.0,0.065,0.001,0.003,1206.341,1385.707,1.002
"K_uu_weight[10, 40]",0.015,0.028,0.0,0.052,0.001,0.003,1203.435,1365.793,1.002
"K_uu_weight[10, 41]",0.012,0.024,0.0,0.042,0.001,0.003,1201.357,1346.443,1.002
"K_uu_weight[10, 42]",0.009,0.02,0.0,0.033,0.001,0.003,1199.831,1346.443,1.002
"K_uu_weight[10, 43]",0.007,0.017,0.0,0.026,0.0,0.003,1198.038,1365.793,1.002
"K_uu_weight[10, 44]",0.005,0.014,0.0,0.02,0.0,0.002,1196.829,1346.268,1.002
"K_uu_weight[10, 45]",0.004,0.012,0.0,0.016,0.0,0.002,1196.187,1365.673,1.002
"K_uu_weight[10, 46]",0.003,0.01,0.0,0.012,0.0,0.002,1194.398,1365.673,1.002
"K_uu_weight[10, 47]",0.003,0.009,0.0,0.009,0.0,0.002,1193.862,1346.327,1.002
"K_uu_weight[10, 48]",0.002,0.008,0.0,0.007,0.0,0.002,1193.362,1346.327,1.002
"K_uu_weight[10, 49]",0.001,0.006,0.0,0.006,0.0,0.001,1192.806,1346.327,1.002
"K_uu_weight[11, 0]",0.508,0.293,0.068,0.996,0.007,0.009,1384.289,1286.967,1.001
"K_uu_weight[11, 1]",0.569,0.313,0.09,1.086,0.008,0.009,1414.467,1308.678,1.001
"K_uu_weight[11, 2]",0.632,0.332,0.134,1.203,0.008,0.009,1448.036,1408.263,1.001
"K_uu_weight[11, 3]",0.694,0.351,0.154,1.302,0.009,0.01,1478.502,1387.78,1.001
"K_uu_weight[11, 4]",0.755,0.369,0.203,1.417,0.009,0.01,1506.308,1333.87,1.001
"K_uu_weight[11, 5]",0.813,0.387,0.255,1.535,0.009,0.01,1535.929,1401.988,1.001
"K_uu_weight[11, 6]",0.866,0.403,0.256,1.597,0.01,0.011,1560.265,1515.004,1.0
"K_uu_weight[11, 7]",0.912,0.417,0.276,1.673,0.01,0.011,1578.433,1514.381,1.0
"K_uu_weight[11, 8]",0.95,0.429,0.291,1.722,0.01,0.011,1590.899,1539.244,1.0
"K_uu_weight[11, 9]",0.978,0.438,0.301,1.768,0.011,0.011,1597.61,1515.176,1.0
"K_uu_weight[11, 10]",0.995,0.443,0.309,1.8,0.011,0.012,1604.006,1553.939,1.0
"K_uu_weight[11, 11]",1.001,0.445,0.311,1.813,0.011,0.012,1605.742,1528.315,1.0
"K_uu_weight[11, 12]",0.995,0.443,0.309,1.8,0.011,0.012,1604.006,1553.939,1.0
"K_uu_weight[11, 13]",0.978,0.438,0.301,1.768,0.011,0.011,1597.61,1515.176,1.0
"K_uu_weight[11, 14]",0.95,0.429,0.291,1.722,0.01,0.011,1590.899,1539.244,1.0
"K_uu_weight[11, 15]",0.912,0.417,0.276,1.673,0.01,0.011,1578.433,1514.381,1.0
"K_uu_weight[11, 16]",0.866,0.403,0.256,1.597,0.01,0.011,1560.265,1515.004,1.0
"K_uu_weight[11, 17]",0.813,0.387,0.255,1.535,0.009,0.01,1535.929,1401.988,1.001
"K_uu_weight[11, 18]",0.755,0.369,0.203,1.417,0.009,0.01,1506.308,1333.87,1.001
"K_uu_weight[11, 19]",0.694,0.351,0.154,1.302,0.009,0.01,1478.502,1387.78,1.001
"K_uu_weight[11, 20]",0.632,0.332,0.134,1.203,0.008,0.009,1448.036,1408.263,1.001
"K_uu_weight[11, 21]",0.569,0.313,0.09,1.086,0.008,0.009,1414.467,1308.678,1.001
"K_uu_weight[11, 22]",0.508,0.293,0.068,0.996,0.007,0.009,1384.289,1286.967,1.001
"K_uu_weight[11, 23]",0.449,0.273,0.046,0.906,0.007,0.008,1358.295,1278.435,1.001
"K_uu_weight[11, 24]",0.394,0.252,0.034,0.825,0.006,0.008,1335.216,1402.432,1.001
"K_uu_weight[11, 25]",0.343,0.232,0.02,0.74,0.006,0.007,1316.46,1538.556,1.001
"K_uu_weight[11, 26]",0.296,0.212,0.011,0.659,0.005,0.007,1298.927,1540.552,1.002
"K_uu_weight[11, 27]",0.253,0.192,0.006,0.582,0.005,0.007,1282.823,1492.087,1.002
"K_uu_weight[11, 28]",0.215,0.174,0.004,0.517,0.005,0.006,1272.438,1425.477,1.002
"K_uu_weight[11, 29]",0.181,0.155,0.002,0.449,0.004,0.006,1261.066,1446.533,1.002
"K_uu_weight[11, 30]",0.152,0.138,0.001,0.389,0.004,0.006,1254.277,1426.407,1.002
"K_uu_weight[11, 31]",0.127,0.122,0.0,0.337,0.003,0.005,1244.742,1426.901,1.002
"K_uu_weight[11, 32]",0.105,0.108,0.0,0.288,0.003,0.005,1238.785,1448.927,1.002
"K_uu_weight[11, 33]",0.086,0.094,0.0,0.247,0.002,0.005,1232.122,1448.927,1.002
"K_uu_weight[11, 34]",0.07,0.082,0.0,0.207,0.002,0.005,1227.075,1427.167,1.002
"K_uu_weight[11, 35]",0.057,0.071,0.0,0.172,0.002,0.004,1222.348,1405.923,1.002
"K_uu_weight[11, 36]",0.046,0.061,0.0,0.142,0.002,0.004,1217.353,1406.052,1.002
"K_uu_weight[11, 37]",0.037,0.053,0.0,0.117,0.001,0.004,1214.424,1385.707,1.002
"K_uu_weight[11, 38]",0.03,0.045,0.0,0.097,0.001,0.004,1210.356,1385.707,1.002
"K_uu_weight[11, 39]",0.024,0.038,0.0,0.08,0.001,0.004,1208.035,1385.707,1.002
"K_uu_weight[11, 40]",0.019,0.033,0.0,0.065,0.001,0.003,1206.341,1385.707,1.002
"K_uu_weight[11, 41]",0.015,0.028,0.0,0.052,0.001,0.003,1203.435,1365.793,1.002
"K_uu_weight[11, 42]",0.012,0.024,0.0,0.042,0.001,0.003,1201.357,1346.443,1.002
"K_uu_weight[11, 43]",0.009,0.02,0.0,0.033,0.001,0.003,1199.831,1346.443,1.002
"K_uu_weight[11, 44]",0.007,0.017,0.0,0.026,0.0,0.003,1198.038,1365.793,1.002
"K_uu_weight[11, 45]",0.005,0.014,0.0,0.02,0.0,0.002,1196.829,1346.268,1.002
"K_uu_weight[11, 46]",0.004,0.012,0.0,0.016,0.0,0.002,1196.187,1365.673,1.002
"K_uu_weight[11, 47]",0.003,0.01,0.0,0.012,0.0,0.002,1194.398,1365.673,1.002
"K_uu_weight[11, 48]",0.003,0.009,0.0,0.009,0.0,0.002,1193.862,1346.327,1.002
"K_uu_weight[11, 49]",0.002,0.008,0.0,0.007,0.0,0.002,1193.362,1346.327,1.002
"K_uu_weight[12, 0]",0.449,0.273,0.046,0.906,0.007,0.008,1358.295,1278.435,1.001
"K_uu_weight[12, 1]",0.508,0.293,0.068,0.996,0.007,0.009,1384.289,1286.967,1.001
"K_uu_weight[12, 2]",0.569,0.313,0.09,1.086,0.008,0.009,1414.467,1308.678,1.001
"K_uu_weight[12, 3]",0.632,0.332,0.134,1.203,0.008,0.009,1448.036,1408.263,1.001
"K_uu_weight[12, 4]",0.694,0.351,0.154,1.302,0.009,0.01,1478.502,1387.78,1.001
"K_uu_weight[12, 5]",0.755,0.369,0.203,1.417,0.009,0.01,1506.308,1333.87,1.001
"K_uu_weight[12, 6]",0.813,0.387,0.255,1.535,0.009,0.01,1535.929,1401.988,1.001
"K_uu_weight[12, 7]",0.866,0.403,0.256,1.597,0.01,0.011,1560.265,1515.004,1.0
"K_uu_weight[12, 8]",0.912,0.417,0.276,1.673,0.01,0.011,1578.433,1514.381,1.0
"K_uu_weight[12, 9]",0.95,0.429,0.291,1.722,0.01,0.011,1590.899,1539.244,1.0
"K_uu_weight[12, 10]",0.978,0.438,0.301,1.768,0.011,0.011,1597.61,1515.176,1.0
"K_uu_weight[12, 11]",0.995,0.443,0.309,1.8,0.011,0.012,1604.006,1553.939,1.0
"K_uu_weight[12, 12]",1.001,0.445,0.311,1.813,0.011,0.012,1605.742,1528.315,1.0
"K_uu_weight[12, 13]",0.995,0.443,0.309,1.8,0.011,0.012,1604.006,1553.939,1.0
"K_uu_weight[12, 14]",0.978,0.438,0.301,1.768,0.011,0.011,1597.61,1515.176,1.0
"K_uu_weight[12, 15]",0.95,0.429,0.291,1.722,0.01,0.011,1590.899,1539.244,1.0
"K_uu_weight[12, 16]",0.912,0.417,0.276,1.673,0.01,0.011,1578.433,1514.381,1.0
"K_uu_weight[12, 17]",0.866,0.403,0.256,1.597,0.01,0.011,1560.265,1515.004,1.0
"K_uu_weight[12, 18]",0.813,0.387,0.255,1.535,0.009,0.01,1535.929,1401.988,1.001
"K_uu_weight[12, 19]",0.755,0.369,0.203,1.417,0.009,0.01,1506.308,1333.87,1.001
"K_uu_weight[12, 20]",0.694,0.351,0.154,1.302,0.009,0.01,1478.502,1387.78,1.001
"K_uu_weight[12, 21]",0.632,0.332,0.134,1.203,0.008,0.009,1448.036,1408.263,1.001
"K_uu_weight[12, 22]",0.569,0.313,0.09,1.086,0.008,0.009,1414.467,1308.678,1.001
"K_uu_weight[12, 23]",0.508,0.293,0.068,0.996,0.007,0.009,1384.289,1286.967,1.001
"K_uu_weight[12, 24]",0.449,0.273,0.046,0.906,0.007,0.008,1358.295,1278.435,1.001
"K_uu_weight[12, 25]",0.394,0.252,0.034,0.825,0.006,0.008,1335.216,1402.432,1.001
"K_uu_weight[12, 26]",0.343,0.232,0.02,0.74,0.006,0.007,1316.46,1538.556,1.001
"K_uu_weight[12, 27]",0.296,0.212,0.011,0.659,0.005,0.007,1298.927,1540.552,1.002
"K_uu_weight[12, 28]",0.253,0.192,0.006,0.582,0.005,0.007,1282.823,1492.087,1.002
"K_uu_weight[12, 29]",0.215,0.174,0.004,0.517,0.005,0.006,1272.438,1425.477,1.002
"K_uu_weight[12, 30]",0.181,0.155,0.002,0.449,0.004,0.006,1261.066,1446.533,1.002
"K_uu_weight[12, 31]",0.152,0.138,0.001,0.389,0.004,0.006,1254.277,1426.407,1.002
"K_uu_weight[12, 32]",0.127,0.122,0.0,0.337,0.003,0.005,1244.742,1426.901,1.002
"K_uu_weight[12, 33]",0.105,0.108,0.0,0.288,0.003,0.005,1238.785,1448.927,1.002
"K_uu_weight[12, 34]",0.086,0.094,0.0,0.247,0.002,0.005,1232.122,1448.927,1.002
"K_uu_weight[12, 35]",0.07,0.082,0.0,0.207,0.002,0.005,1227.075,1427.167,1.002
"K_uu_weight[12, 36]",0.057,0.071,0.0,0.172,0.002,0.004,1222.348,1405.923,1.002
"K_uu_weight[12, 37]",0.046,0.061,0.0,0.142,0.002,0.004,1217.353,1406.052,1.002
"K_uu_weight[12, 38]",0.037,0.053,0.0,0.117,0.001,0.004,1214.424,1385.707,1.002
"K_uu_weight[12, 39]",0.03,0.045,0.0,0.097,0.001,0.004,1210.356,1385.707,1.002
"K_uu_weight[12, 40]",0.024,0.038,0.0,0.08,0.001,0.004,1208.035,1385.707,1.002
"K_uu_weight[12, 41]",0.019,0.033,0.0,0.065,0.001,0.003,1206.341,1385.707,1.002
"K_uu_weight[12, 42]",0.015,0.028,0.0,0.052,0.001,0.003,1203.435,1365.793,1.002
"K_uu_weight[12, 43]",0.012,0.024,0.0,0.042,0.001,0.003,1201.357,1346.443,1.002
"K_uu_weight[12, 44]",0.009,0.02,0.0,0.033,0.001,0.003,1199.831,1346.443,1.002
"K_uu_weight[12, 45]",0.007,0.017,0.0,0.026,0.0,0.003,1198.038,1365.793,1.002
"K_uu_weight[12, 46]",0.005,0.014,0.0,0.02,0.0,0.002,1196.829,1346.268,1.002
"K_uu_weight[12, 47]",0.004,0.012,0.0,0.016,0.0,0.002,1196.187,1365.673,1.002
"K_uu_weight[12, 48]",0.003,0.01,0.0,0.012,0.0,0.002,1194.398,1365.673,1.002
"K_uu_weight[12, 49]",0.003,0.009,0.0,0.009,0.0,0.002,1193.862,1346.327,1.002
"K_uu_weight[13, 0]",0.394,0.252,0.034,0.825,0.006,0.008,1335.216,1402.432,1.001
"K_uu_weight[13, 1]",0.449,0.273,0.046,0.906,0.007,0.008,1358.295,1278.435,1.001
"K_uu_weight[13, 2]",0.508,0.293,0.068,0.996,0.007,0.009,1384.289,1286.967,1.001
"K_uu_weight[13, 3]",0.569,0.313,0.09,1.086,0.008,0.009,1414.467,1308.678,1.001
"K_uu_weight[13, 4]",0.632,0.332,0.134,1.203,0.008,0.009,1448.036,1408.263,1.001
"K_uu_weight[13, 5]",0.694,0.351,0.154,1.302,0.009,0.01,1478.502,1387.78,1.001
"K_uu_weight[13, 6]",0.755,0.369,0.203,1.417,0.009,0.01,1506.308,1333.87,1.001
"K_uu_weight[13, 7]",0.813,0.387,0.255,1.535,0.009,0.01,1535.929,1401.988,1.001
"K_uu_weight[13, 8]",0.866,0.403,0.256,1.597,0.01,0.011,1560.265,1515.004,1.0
"K_uu_weight[13, 9]",0.912,0.417,0.276,1.673,0.01,0.011,1578.433,1514.381,1.0
"K_uu_weight[13, 10]",0.95,0.429,0.291,1.722,0.01,0.011,1590.899,1539.244,1.0
"K_uu_weight[13, 11]",0.978,0.438,0.301,1.768,0.011,0.011,1597.61,1515.176,1.0
"K_uu_weight[13, 12]",0.995,0.443,0.309,1.8,0.011,0.012,1604.006,1553.939,1.0
"K_uu_weight[13, 13]",1.001,0.445,0.311,1.813,0.011,0.012,1605.742,1528.315,1.0
"K_uu_weight[13, 14]",0.995,0.443,0.309,1.8,0.011,0.012,1604.006,1553.939,1.0
"K_uu_weight[13, 15]",0.978,0.438,0.301,1.768,0.011,0.011,1597.61,1515.176,1.0
"K_uu_weight[13, 16]",0.95,0.429,0.291,1.722,0.01,0.011,1590.899,1539.244,1.0
"K_uu_weight[13, 17]",0.912,0.417,0.276,1.673,0.01,0.011,1578.433,1514.381,1.0
"K_uu_weight[13, 18]",0.866,0.403,0.256,1.597,0.01,0.011,1560.265,1515.004,1.0
"K_uu_weight[13, 19]",0.813,0.387,0.255,1.535,0.009,0.01,1535.929,1401.988,1.001
"K_uu_weight[13, 20]",0.755,0.369,0.203,1.417,0.009,0.01,1506.308,1333.87,1.001
"K_uu_weight[13, 21]",0.694,0.351,0.154,1.302,0.009,0.01,1478.502,1387.78,1.001
"K_uu_weight[13, 22]",0.632,0.332,0.134,1.203,0.008,0.009,1448.036,1408.263,1.001
"K_uu_weight[13, 23]",0.569,0.313,0.09,1.086,0.008,0.009,1414.467,1308.678,1.001
"K_uu_weight[13, 24]",0.508,0.293,0.068,0.996,0.007,0.009,1384.289,1286.967,1.001
"K_uu_weight[13, 25]",0.449,0.273,0.046,0.906,0.007,0.008,1358.295,1278.435,1.001
"K_uu_weight[13, 26]",0.394,0.252,0.034,0.825,0.006,0.008,1335.216,1402.432,1.001
"K_uu_weight[13, 27]",0.343,0.232,0.02,0.74,0.006,0.007,1316.46,1538.556,1.001
"K_uu_weight[13, 28]",0.296,0.212,0.011,0.659,0.005,0.007,1298.927,1540.552,1.002
"K_uu_weight[13, 29]",0.253,0.192,0.006,0.582,0.005,0.007,1282.823,1492.087,1.002
"K_uu_weight[13, 30]",0.215,0.174,0.004,0.517,0.005,0.006,1272.438,1425.477,1.002
"K_uu_weight[13, 31]",0.181,0.155,0.002,0.449,0.004,0.006,1261.066,1446.533,1.002
"K_uu_weight[13, 32]",0.152,0.138,0.001,0.389,0.004,0.006,1254.277,1426.407,1.002
"K_uu_weight[13, 33]",0.127,0.122,0.0,0.337,0.003,0.005,1244.742,1426.901,1.002
"K_uu_weight[13, 34]",0.105,0.108,0.0,0.288,0.003,0.005,1238.785,1448.927,1.002
"K_uu_weight[13, 35]",0.086,0.094,0.0,0.247,0.002,0.005,1232.122,1448.927,1.002
"K_uu_weight[13, 36]",0.07,0.082,0.0,0.207,0.002,0.005,1227.075,1427.167,1.002
"K_uu_weight[13, 37]",0.057,0.071,0.0,0.172,0.002,0.004,1222.348,1405.923,1.002
"K_uu_weight[13, 38]",0.046,0.061,0.0,0.142,0.002,0.004,1217.353,1406.052,1.002
"K_uu_weight[13, 39]",0.037,0.053,0.0,0.117,0.001,0.004,1214.424,1385.707,1.002
"K_uu_weight[13, 40]",0.03,0.045,0.0,0.097,0.001,0.004,1210.356,1385.707,1.002
"K_uu_weight[13, 41]",0.024,0.038,0.0,0.08,0.001,0.004,1208.035,1385.707,1.002
"K_uu_weight[13, 42]",0.019,0.033,0.0,0.065,0.001,0.003,1206.341,1385.707,1.002
"K_uu_weight[13, 43]",0.015,0.028,0.0,0.052,0.001,0.003,1203.435,1365.793,1.002
"K_uu_weight[13, 44]",0.012,0.024,0.0,0.042,0.001,0.003,1201.357,1346.443,1.002
"K_uu_weight[13, 45]",0.009,0.02,0.0,0.033,0.001,0.003,1199.831,1346.443,1.002
"K_uu_weight[13, 46]",0.007,0.017,0.0,0.026,0.0,0.003,1198.038,1365.793,1.002
"K_uu_weight[13, 47]",0.005,0.014,0.0,0.02,0.0,0.002,1196.829,1346.268,1.002
"K_uu_weight[13, 48]",0.004,0.012,0.0,0.016,0.0,0.002,1196.187,1365.673,1.002
"K_uu_weight[13, 49]",0.003,0.01,0.0,0.012,0.0,0.002,1194.398,1365.673,1.002
"K_uu_weight[14, 0]",0.343,0.232,0.02,0.74,0.006,0.007,1316.46,1538.556,1.001
"K_uu_weight[14, 1]",0.394,0.252,0.034,0.825,0.006,0.008,1335.216,1402.432,1.001
"K_uu_weight[14, 2]",0.449,0.273,0.046,0.906,0.007,0.008,1358.295,1278.435,1.001
"K_uu_weight[14, 3]",0.508,0.293,0.068,0.996,0.007,0.009,1384.289,1286.967,1.001
"K_uu_weight[14, 4]",0.569,0.313,0.09,1.086,0.008,0.009,1414.467,1308.678,1.001
"K_uu_weight[14, 5]",0.632,0.332,0.134,1.203,0.008,0.009,1448.036,1408.263,1.001
"K_uu_weight[14, 6]",0.694,0.351,0.154,1.302,0.009,0.01,1478.502,1387.78,1.001
"K_uu_weight[14, 7]",0.755,0.369,0.203,1.417,0.009,0.01,1506.308,1333.87,1.001
"K_uu_weight[14, 8]",0.813,0.387,0.255,1.535,0.009,0.01,1535.929,1401.988,1.001
"K_uu_weight[14, 9]",0.866,0.403,0.256,1.597,0.01,0.011,1560.265,1515.004,1.0
"K_uu_weight[14, 10]",0.912,0.417,0.276,1.673,0.01,0.011,1578.433,1514.381,1.0
"K_uu_weight[14, 11]",0.95,0.429,0.291,1.722,0.01,0.011,1590.899,1539.244,1.0
"K_uu_weight[14, 12]",0.978,0.438,0.301,1.768,0.011,0.011,1597.61,1515.176,1.0
"K_uu_weight[14, 13]",0.995,0.443,0.309,1.8,0.011,0.012,1604.006,1553.939,1.0
"K_uu_weight[14, 14]",1.001,0.445,0.311,1.813,0.011,0.012,1605.742,1528.315,1.0
"K_uu_weight[14, 15]",0.995,0.443,0.309,1.8,0.011,0.012,1604.006,1553.939,1.0
"K_uu_weight[14, 16]",0.978,0.438,0.301,1.768,0.011,0.011,1597.61,1515.176,1.0
"K_uu_weight[14, 17]",0.95,0.429,0.291,1.722,0.01,0.011,1590.899,1539.244,1.0
"K_uu_weight[14, 18]",0.912,0.417,0.276,1.673,0.01,0.011,1578.433,1514.381,1.0
"K_uu_weight[14, 19]",0.866,0.403,0.256,1.597,0.01,0.011,1560.265,1515.004,1.0
"K_uu_weight[14, 20]",0.813,0.387,0.255,1.535,0.009,0.01,1535.929,1401.988,1.001
"K_uu_weight[14, 21]",0.755,0.369,0.203,1.417,0.009,0.01,1506.308,1333.87,1.001
"K_uu_weight[14, 22]",0.694,0.351,0.154,1.302,0.009,0.01,1478.502,1387.78,1.001
"K_uu_weight[14, 23]",0.632,0.332,0.134,1.203,0.008,0.009,1448.036,1408.263,1.001
"K_uu_weight[14, 24]",0.569,0.313,0.09,1.086,0.008,0.009,1414.467,1308.678,1.001
"K_uu_weight[14, 25]",0.508,0.293,0.068,0.996,0.007,0.009,1384.289,1286.967,1.001
"K_uu_weight[14, 26]",0.449,0.273,0.046,0.906,0.007,0.008,1358.295,1278.435,1.001
"K_uu_weight[14, 27]",0.394,0.252,0.034,0.825,0.006,0.008,1335.216,1402.432,1.001
"K_uu_weight[14, 28]",0.343,0.232,0.02,0.74,0.006,0.007,1316.46,1538.556,1.001
"K_uu_weight[14, 29]",0.296,0.212,0.011,0.659,0.005,0.007,1298.927,1540.552,1.002
"K_uu_weight[14, 30]",0.253,0.192,0.006,0.582,0.005,0.007,1282.823,1492.087,1.002
"K_uu_weight[14, 31]",0.215,0.174,0.004,0.517,0.005,0.006,1272.438,1425.477,1.002
"K_uu_weight[14, 32]",0.181,0.155,0.002,0.449,0.004,0.006,1261.066,1446.533,1.002
"K_uu_weight[14, 33]",0.152,0.138,0.001,0.389,0.004,0.006,1254.277,1426.407,1.002
"K_uu_weight[14, 34]",0.127,0.122,0.0,0.337,0.003,0.005,1244.742,1426.901,1.002
"K_uu_weight[14, 35]",0.105,0.108,0.0,0.288,0.003,0.005,1238.785,1448.927,1.002
"K_uu_weight[14, 36]",0.086,0.094,0.0,0.247,0.002,0.005,1232.122,1448.927,1.002
"K_uu_weight[14, 37]",0.07,0.082,0.0,0.207,0.002,0.005,1227.075,1427.167,1.002
"K_uu_weight[14, 38]",0.057,0.071,0.0,0.172,0.002,0.004,1222.348,1405.923,1.002
"K_uu_weight[14, 39]",0.046,0.061,0.0,0.142,0.002,0.004,1217.353,1406.052,1.002
"K_uu_weight[14, 40]",0.037,0.053,0.0,0.117,0.001,0.004,1214.424,1385.707,1.002
"K_uu_weight[14, 41]",0.03,0.045,0.0,0.097,0.001,0.004,1210.356,1385.707,1.002
"K_uu_weight[14, 42]",0.024,0.038,0.0,0.08,0.001,0.004,1208.035,1385.707,1.002
"K_uu_weight[14, 43]",0.019,0.033,0.0,0.065,0.001,0.003,1206.341,1385.707,1.002
"K_uu_weight[14, 44]",0.015,0.028,0.0,0.052,0.001,0.003,1203.435,1365.793,1.002
"K_uu_weight[14, 45]",0.012,0.024,0.0,0.042,0.001,0.003,1201.357,1346.443,1.002
"K_uu_weight[14, 46]",0.009,0.02,0.0,0.033,0.001,0.003,1199.831,1346.443,1.002
"K_uu_weight[14, 47]",0.007,0.017,0.0,0.026,0.0,0.003,1198.038,1365.793,1.002
"K_uu_weight[14, 48]",0.005,0.014,0.0,0.02,0.0,0.002,1196.829,1346.268,1.002
"K_uu_weight[14, 49]",0.004,0.012,0.0,0.016,0.0,0.002,1196.187,1365.673,1.002
"K_uu_weight[15, 0]",0.296,0.212,0.011,0.659,0.005,0.007,1298.927,1540.552,1.002
"K_uu_weight[15, 1]",0.343,0.232,0.02,0.74,0.006,0.007,1316.46,1538.556,1.001
"K_uu_weight[15, 2]",0.394,0.252,0.034,0.825,0.006,0.008,1335.216,1402.432,1.001
"K_uu_weight[15, 3]",0.449,0.273,0.046,0.906,0.007,0.008,1358.295,1278.435,1.001
"K_uu_weight[15, 4]",0.508,0.293,0.068,0.996,0.007,0.009,1384.289,1286.967,1.001
"K_uu_weight[15, 5]",0.569,0.313,0.09,1.086,0.008,0.009,1414.467,1308.678,1.001
"K_uu_weight[15, 6]",0.632,0.332,0.134,1.203,0.008,0.009,1448.036,1408.263,1.001
"K_uu_weight[15, 7]",0.694,0.351,0.154,1.302,0.009,0.01,1478.502,1387.78,1.001
"K_uu_weight[15, 8]",0.755,0.369,0.203,1.417,0.009,0.01,1506.308,1333.87,1.001
"K_uu_weight[15, 9]",0.813,0.387,0.255,1.535,0.009,0.01,1535.929,1401.988,1.001
"K_uu_weight[15, 10]",0.866,0.403,0.256,1.597,0.01,0.011,1560.265,1515.004,1.0
"K_uu_weight[15, 11]",0.912,0.417,0.276,1.673,0.01,0.011,1578.433,1514.381,1.0
"K_uu_weight[15, 12]",0.95,0.429,0.291,1.722,0.01,0.011,1590.899,1539.244,1.0
"K_uu_weight[15, 13]",0.978,0.438,0.301,1.768,0.011,0.011,1597.61,1515.176,1.0
"K_uu_weight[15, 14]",0.995,0.443,0.309,1.8,0.011,0.012,1604.006,1553.939,1.0
"K_uu_weight[15, 15]",1.001,0.445,0.311,1.813,0.011,0.012,1605.742,1528.315,1.0
"K_uu_weight[15, 16]",0.995,0.443,0.309,1.8,0.011,0.012,1604.006,1553.939,1.0
"K_uu_weight[15, 17]",0.978,0.438,0.301,1.768,0.011,0.011,1597.61,1515.176,1.0
"K_uu_weight[15, 18]",0.95,0.429,0.291,1.722,0.01,0.011,1590.899,1539.244,1.0
"K_uu_weight[15, 19]",0.912,0.417,0.276,1.673,0.01,0.011,1578.433,1514.381,1.0
"K_uu_weight[15, 20]",0.866,0.403,0.256,1.597,0.01,0.011,1560.265,1515.004,1.0
"K_uu_weight[15, 21]",0.813,0.387,0.255,1.535,0.009,0.01,1535.929,1401.988,1.001
"K_uu_weight[15, 22]",0.755,0.369,0.203,1.417,0.009,0.01,1506.308,1333.87,1.001
"K_uu_weight[15, 23]",0.694,0.351,0.154,1.302,0.009,0.01,1478.502,1387.78,1.001
"K_uu_weight[15, 24]",0.632,0.332,0.134,1.203,0.008,0.009,1448.036,1408.263,1.001
"K_uu_weight[15, 25]",0.569,0.313,0.09,1.086,0.008,0.009,1414.467,1308.678,1.001
"K_uu_weight[15, 26]",0.508,0.293,0.068,0.996,0.007,0.009,1384.289,1286.967,1.001
"K_uu_weight[15, 27]",0.449,0.273,0.046,0.906,0.007,0.008,1358.295,1278.435,1.001
"K_uu_weight[15, 28]",0.394,0.252,0.034,0.825,0.006,0.008,1335.216,1402.432,1.001
"K_uu_weight[15, 29]",0.343,0.232,0.02,0.74,0.006,0.007,1316.46,1538.556,1.001
"K_uu_weight[15, 30]",0.296,0.212,0.011,0.659,0.005,0.007,1298.927,1540.552,1.002
"K_uu_weight[15, 31]",0.253,0.192,0.006,0.582,0.005,0.007,1282.823,1492.087,1.002
"K_uu_weight[15, 32]",0.215,0.174,0.004,0.517,0.005,0.006,1272.438,1425.477,1.002
"K_uu_weight[15, 33]",0.181,0.155,0.002,0.449,0.004,0.006,1261.066,1446.533,1.002
"K_uu_weight[15, 34]",0.152,0.138,0.001,0.389,0.004,0.006,1254.277,1426.407,1.002
"K_uu_weight[15, 35]",0.127,0.122,0.0,0.337,0.003,0.005,1244.742,1426.901,1.002
"K_uu_weight[15, 36]",0.105,0.108,0.0,0.288,0.003,0.005,1238.785,1448.927,1.002
"K_uu_weight[15, 37]",0.086,0.094,0.0,0.247,0.002,0.005,1232.122,1448.927,1.002
"K_uu_weight[15, 38]",0.07,0.082,0.0,0.207,0.002,0.005,1227.075,1427.167,1.002
"K_uu_weight[15, 39]",0.057,0.071,0.0,0.172,0.002,0.004,1222.348,1405.923,1.002
"K_uu_weight[15, 40]",0.046,0.061,0.0,0.142,0.002,0.004,1217.353,1406.052,1.002
"K_uu_weight[15, 41]",0.037,0.053,0.0,0.117,0.001,0.004,1214.424,1385.707,1.002
"K_uu_weight[15, 42]",0.03,0.045,0.0,0.097,0.001,0.004,1210.356,1385.707,1.002
"K_uu_weight[15, 43]",0.024,0.038,0.0,0.08,0.001,0.004,1208.035,1385.707,1.002
"K_uu_weight[15, 44]",0.019,0.033,0.0,0.065,0.001,0.003,1206.341,1385.707,1.002
"K_uu_weight[15, 45]",0.015,0.028,0.0,0.052,0.001,0.003,1203.435,1365.793,1.002
"K_uu_weight[15, 46]",0.012,0.024,0.0,0.042,0.001,0.003,1201.357,1346.443,1.002
"K_uu_weight[15, 47]",0.009,0.02,0.0,0.033,0.001,0.003,1199.831,1346.443,1.002
"K_uu_weight[15, 48]",0.007,0.017,0.0,0.026,0.0,0.003,1198.038,1365.793,1.002
"K_uu_weight[15, 49]",0.005,0.014,0.0,0.02,0.0,0.002,1196.829,1346.268,1.002
"K_uu_weight[16, 0]",0.253,0.192,0.006,0.582,0.005,0.007,1282.823,1492.087,1.002
"K_uu_weight[16, 1]",0.296,0.212,0.011,0.659,0.005,0.007,1298.927,1540.552,1.002
"K_uu_weight[16, 2]",0.343,0.232,0.02,0.74,0.006,0.007,1316.46,1538.556,1.001
"K_uu_weight[16, 3]",0.394,0.252,0.034,0.825,0.006,0.008,1335.216,1402.432,1.001
"K_uu_weight[16, 4]",0.449,0.273,0.046,0.906,0.007,0.008,1358.295,1278.435,1.001
"K_uu_weight[16, 5]",0.508,0.293,0.068,0.996,0.007,0.009,1384.289,1286.967,1.001
"K_uu_weight[16, 6]",0.569,0.313,0.09,1.086,0.008,0.009,1414.467,1308.678,1.001
"K_uu_weight[16, 7]",0.632,0.332,0.134,1.203,0.008,0.009,1448.036,1408.263,1.001
"K_uu_weight[16, 8]",0.694,0.351,0.154,1.302,0.009,0.01,1478.502,1387.78,1.001
"K_uu_weight[16, 9]",0.755,0.369,0.203,1.417,0.009,0.01,1506.308,1333.87,1.001
"K_uu_weight[16, 10]",0.813,0.387,0.255,1.535,0.009,0.01,1535.929,1401.988,1.001
"K_uu_weight[16, 11]",0.866,0.403,0.256,1.597,0.01,0.011,1560.265,1515.004,1.0
"K_uu_weight[16, 12]",0.912,0.417,0.276,1.673,0.01,0.011,1578.433,1514.381,1.0
"K_uu_weight[16, 13]",0.95,0.429,0.291,1.722,0.01,0.011,1590.899,1539.244,1.0
"K_uu_weight[16, 14]",0.978,0.438,0.301,1.768,0.011,0.011,1597.61,1515.176,1.0
"K_uu_weight[16, 15]",0.995,0.443,0.309,1.8,0.011,0.012,1604.006,1553.939,1.0
"K_uu_weight[16, 16]",1.001,0.445,0.311,1.813,0.011,0.012,1605.742,1528.315,1.0
"K_uu_weight[16, 17]",0.995,0.443,0.309,1.8,0.011,0.012,1604.006,1553.939,1.0
"K_uu_weight[16, 18]",0.978,0.438,0.301,1.768,0.011,0.011,1597.61,1515.176,1.0
"K_uu_weight[16, 19]",0.95,0.429,0.291,1.722,0.01,0.011,1590.899,1539.244,1.0
"K_uu_weight[16, 20]",0.912,0.417,0.276,1.673,0.01,0.011,1578.433,1514.381,1.0
"K_uu_weight[16, 21]",0.866,0.403,0.256,1.597,0.01,0.011,1560.265,1515.004,1.0
"K_uu_weight[16, 22]",0.813,0.387,0.255,1.535,0.009,0.01,1535.929,1401.988,1.001
"K_uu_weight[16, 23]",0.755,0.369,0.203,1.417,0.009,0.01,1506.308,1333.87,1.001
"K_uu_weight[16, 24]",0.694,0.351,0.154,1.302,0.009,0.01,1478.502,1387.78,1.001
"K_uu_weight[16, 25]",0.632,0.332,0.134,1.203,0.008,0.009,1448.036,1408.263,1.001
"K_uu_weight[16, 26]",0.569,0.313,0.09,1.086,0.008,0.009,1414.467,1308.678,1.001
"K_uu_weight[16, 27]",0.508,0.293,0.068,0.996,0.007,0.009,1384.289,1286.967,1.001
"K_uu_weight[16, 28]",0.449,0.273,0.046,0.906,0.007,0.008,1358.295,1278.435,1.001
"K_uu_weight[16, 29]",0.394,0.252,0.034,0.825,0.006,0.008,1335.216,1402.432,1.001
"K_uu_weight[16, 30]",0.343,0.232,0.02,0.74,0.006,0.007,1316.46,1538.556,1.001
"K_uu_weight[16, 31]",0.296,0.212,0.011,0.659,0.005,0.007,1298.927,1540.552,1.002
"K_uu_weight[16, 32]",0.253,0.192,0.006,0.582,0.005,0.007,1282.823,1492.087,1.002
"K_uu_weight[16, 33]",0.215,0.174,0.004,0.517,0.005,0.006,1272.438,1425.477,1.002
"K_uu_weight[16, 34]",0.181,0.155,0.002,0.449,0.004,0.006,1261.066,1446.533,1.002
"K_uu_weight[16, 35]",0.152,0.138,0.001,0.389,0.004,0.006,1254.277,1426.407,1.002
"K_uu_weight[16, 36]",0.127,0.122,0.0,0.337,0.003,0.005,1244.742,1426.901,1.002
"K_uu_weight[16, 37]",0.105,0.108,0.0,0.288,0.003,0.005,1238.785,1448.927,1.002
"K_uu_weight[16, 38]",0.086,0.094,0.0,0.247,0.002,0.005,1232.122,1448.927,1.002
"K_uu_weight[16, 39]",0.07,0.082,0.0,0.207,0.002,0.005,1227.075,1427.167,1.002
"K_uu_weight[16, 40]",0.057,0.071,0.0,0.172,0.002,0.004,1222.348,1405.923,1.002
"K_uu_weight[16, 41]",0.046,0.061,0.0,0.142,0.002,0.004,1217.353,1406.052,1.002
"K_uu_weight[16, 42]",0.037,0.053,0.0,0.117,0.001,0.004,1214.424,1385.707,1.002
"K_uu_weight[16, 43]",0.03,0.045,0.0,0.097,0.001,0.004,1210.356,1385.707,1.002
"K_uu_weight[16, 44]",0.024,0.038,0.0,0.08,0.001,0.004,1208.035,1385.707,1.002
"K_uu_weight[16, 45]",0.019,0.033,0.0,0.065,0.001,0.003,1206.341,1385.707,1.002
"K_uu_weight[16, 46]",0.015,0.028,0.0,0.052,0.001,0.003,1203.435,1365.793,1.002
"K_uu_weight[16, 47]",0.012,0.024,0.0,0.042,0.001,0.003,1201.357,1346.443,1.002
"K_uu_weight[16, 48]",0.009,0.02,0.0,0.033,0.001,0.003,1199.831,1346.443,1.002
"K_uu_weight[16, 49]",0.007,0.017,0.0,0.026,0.0,0.003,1198.038,1365.793,1.002
"K_uu_weight[17, 0]",0.215,0.174,0.004,0.517,0.005,0.006,1272.438,1425.477,1.002
"K_uu_weight[17, 1]",0.253,0.192,0.006,0.582,0.005,0.007,1282.823,1492.087,1.002
"K_uu_weight[17, 2]",0.296,0.212,0.011,0.659,0.005,0.007,1298.927,1540.552,1.002
"K_uu_weight[17, 3]",0.343,0.232,0.02,0.74,0.006,0.007,1316.46,1538.556,1.001
"K_uu_weight[17, 4]",0.394,0.252,0.034,0.825,0.006,0.008,1335.216,1402.432,1.001
"K_uu_weight[17, 5]",0.449,0.273,0.046,0.906,0.007,0.008,1358.295,1278.435,1.001
"K_uu_weight[17, 6]",0.508,0.293,0.068,0.996,0.007,0.009,1384.289,1286.967,1.001
"K_uu_weight[17, 7]",0.569,0.313,0.09,1.086,0.008,0.009,1414.467,1308.678,1.001
"K_uu_weight[17, 8]",0.632,0.332,0.134,1.203,0.008,0.009,1448.036,1408.263,1.001
"K_uu_weight[17, 9]",0.694,0.351,0.154,1.302,0.009,0.01,1478.502,1387.78,1.001
"K_uu_weight[17, 10]",0.755,0.369,0.203,1.417,0.009,0.01,1506.308,1333.87,1.001
"K_uu_weight[17, 11]",0.813,0.387,0.255,1.535,0.009,0.01,1535.929,1401.988,1.001
"K_uu_weight[17, 12]",0.866,0.403,0.256,1.597,0.01,0.011,1560.265,1515.004,1.0
"K_uu_weight[17, 13]",0.912,0.417,0.276,1.673,0.01,0.011,1578.433,1514.381,1.0
"K_uu_weight[17, 14]",0.95,0.429,0.291,1.722,0.01,0.011,1590.899,1539.244,1.0
"K_uu_weight[17, 15]",0.978,0.438,0.301,1.768,0.011,0.011,1597.61,1515.176,1.0
"K_uu_weight[17, 16]",0.995,0.443,0.309,1.8,0.011,0.012,1604.006,1553.939,1.0
"K_uu_weight[17, 17]",1.001,0.445,0.311,1.813,0.011,0.012,1605.742,1528.315,1.0
"K_uu_weight[17, 18]",0.995,0.443,0.309,1.8,0.011,0.012,1604.006,1553.939,1.0
"K_uu_weight[17, 19]",0.978,0.438,0.301,1.768,0.011,0.011,1597.61,1515.176,1.0
"K_uu_weight[17, 20]",0.95,0.429,0.291,1.722,0.01,0.011,1590.899,1539.244,1.0
"K_uu_weight[17, 21]",0.912,0.417,0.276,1.673,0.01,0.011,1578.433,1514.381,1.0
"K_uu_weight[17, 22]",0.866,0.403,0.256,1.597,0.01,0.011,1560.265,1515.004,1.0
"K_uu_weight[17, 23]",0.813,0.387,0.255,1.535,0.009,0.01,1535.929,1401.988,1.001
"K_uu_weight[17, 24]",0.755,0.369,0.203,1.417,0.009,0.01,1506.308,1333.87,1.001
"K_uu_weight[17, 25]",0.694,0.351,0.154,1.302,0.009,0.01,1478.502,1387.78,1.001
"K_uu_weight[17, 26]",0.632,0.332,0.134,1.203,0.008,0.009,1448.036,1408.263,1.001
"K_uu_weight[17, 27]",0.569,0.313,0.09,1.086,0.008,0.009,1414.467,1308.678,1.001
"K_uu_weight[17, 28]",0.508,0.293,0.068,0.996,0.007,0.009,1384.289,1286.967,1.001
"K_uu_weight[17, 29]",0.449,0.273,0.046,0.906,0.007,0.008,1358.295,1278.435,1.001
"K_uu_weight[17, 30]",0.394,0.252,0.034,0.825,0.006,0.008,1335.216,1402.432,1.001
"K_uu_weight[17, 31]",0.343,0.232,0.02,0.74,0.006,0.007,1316.46,1538.556,1.001
"K_uu_weight[17, 32]",0.296,0.212,0.011,0.659,0.005,0.007,1298.927,1540.552,1.002
"K_uu_weight[17, 33]",0.253,0.192,0.006,0.582,0.005,0.007,1282.823,1492.087,1.002
"K_uu_weight[17, 34]",0.215,0.174,0.004,0.517,0.005,0.006,1272.438,1425.477,1.002
"K_uu_weight[17, 35]",0.181,0.155,0.002,0.449,0.004,0.006,1261.066,1446.533,1.002
"K_uu_weight[17, 36]",0.152,0.138,0.001,0.389,0.004,0.006,1254.277,1426.407,1.002
"K_uu_weight[17, 37]",0.127,0.122,0.0,0.337,0.003,0.005,1244.742,1426.901,1.002
"K_uu_weight[17, 38]",0.105,0.108,0.0,0.288,0.003,0.005,1238.785,1448.927,1.002
"K_uu_weight[17, 39]",0.086,0.094,0.0,0.247,0.002,0.005,1232.122,1448.927,1.002
"K_uu_weight[17, 40]",0.07,0.082,0.0,0.207,0.002,0.005,1227.075,1427.167,1.002
"K_uu_weight[17, 41]",0.057,0.071,0.0,0.172,0.002,0.004,1222.348,1405.923,1.002
"K_uu_weight[17, 42]",0.046,0.061,0.0,0.142,0.002,0.004,1217.353,1406.052,1.002
"K_uu_weight[17, 43]",0.037,0.053,0.0,0.117,0.001,0.004,1214.424,1385.707,1.002
"K_uu_weight[17, 44]",0.03,0.045,0.0,0.097,0.001,0.004,1210.356,1385.707,1.002
"K_uu_weight[17, 45]",0.024,0.038,0.0,0.08,0.001,0.004,1208.035,1385.707,1.002
"K_uu_weight[17, 46]",0.019,0.033,0.0,0.065,0.001,0.003,1206.341,1385.707,1.002
"K_uu_weight[17, 47]",0.015,0.028,0.0,0.052,0.001,0.003,1203.435,1365.793,1.002
"K_uu_weight[17, 48]",0.012,0.024,0.0,0.042,0.001,0.003,1201.357,1346.443,1.002
"K_uu_weight[17, 49]",0.009,0.02,0.0,0.033,0.001,0.003,1199.831,1346.443,1.002
"K_uu_weight[18, 0]",0.181,0.155,0.002,0.449,0.004,0.006,1261.066,1446.533,1.002
"K_uu_weight[18, 1]",0.215,0.174,0.004,0.517,0.005,0.006,1272.438,1425.477,1.002
"K_uu_weight[18, 2]",0.253,0.192,0.006,0.582,0.005,0.007,1282.823,1492.087,1.002
"K_uu_weight[18, 3]",0.296,0.212,0.011,0.659,0.005,0.007,1298.927,1540.552,1.002
"K_uu_weight[18, 4]",0.343,0.232,0.02,0.74,0.006,0.007,1316.46,1538.556,1.001
"K_uu_weight[18, 5]",0.394,0.252,0.034,0.825,0.006,0.008,1335.216,1402.432,1.001
"K_uu_weight[18, 6]",0.449,0.273,0.046,0.906,0.007,0.008,1358.295,1278.435,1.001
"K_uu_weight[18, 7]",0.508,0.293,0.068,0.996,0.007,0.009,1384.289,1286.967,1.001
"K_uu_weight[18, 8]",0.569,0.313,0.09,1.086,0.008,0.009,1414.467,1308.678,1.001
"K_uu_weight[18, 9]",0.632,0.332,0.134,1.203,0.008,0.009,1448.036,1408.263,1.001
"K_uu_weight[18, 10]",0.694,0.351,0.154,1.302,0.009,0.01,1478.502,1387.78,1.001
"K_uu_weight[18, 11]",0.755,0.369,0.203,1.417,0.009,0.01,1506.308,1333.87,1.001
"K_uu_weight[18, 12]",0.813,0.387,0.255,1.535,0.009,0.01,1535.929,1401.988,1.001
"K_uu_weight[18, 13]",0.866,0.403,0.256,1.597,0.01,0.011,1560.265,1515.004,1.0
"K_uu_weight[18, 14]",0.912,0.417,0.276,1.673,0.01,0.011,1578.433,1514.381,1.0
"K_uu_weight[18, 15]",0.95,0.429,0.291,1.722,0.01,0.011,1590.899,1539.244,1.0
"K_uu_weight[18, 16]",0.978,0.438,0.301,1.768,0.011,0.011,1597.61,1515.176,1.0
"K_uu_weight[18, 17]",0.995,0.443,0.309,1.8,0.011,0.012,1604.006,1553.939,1.0
"K_uu_weight[18, 18]",1.001,0.445,0.311,1.813,0.011,0.012,1605.742,1528.315,1.0
"K_uu_weight[18, 19]",0.995,0.443,0.309,1.8,0.011,0.012,1604.006,1553.939,1.0
"K_uu_weight[18, 20]",0.978,0.438,0.301,1.768,0.011,0.011,1597.61,1515.176,1.0
"K_uu_weight[18, 21]",0.95,0.429,0.291,1.722,0.01,0.011,1590.899,1539.244,1.0
"K_uu_weight[18, 22]",0.912,0.417,0.276,1.673,0.01,0.011,1578.433,1514.381,1.0
"K_uu_weight[18, 23]",0.866,0.403,0.256,1.597,0.01,0.011,1560.265,1515.004,1.0
"K_uu_weight[18, 24]",0.813,0.387,0.255,1.535,0.009,0.01,1535.929,1401.988,1.001
"K_uu_weight[18, 25]",0.755,0.369,0.203,1.417,0.009,0.01,1506.308,1333.87,1.001
"K_uu_weight[18, 26]",0.694,0.351,0.154,1.302,0.009,0.01,1478.502,1387.78,1.001
"K_uu_weight[18, 27]",0.632,0.332,0.134,1.203,0.008,0.009,1448.036,1408.263,1.001
"K_uu_weight[18, 28]",0.569,0.313,0.09,1.086,0.008,0.009,1414.467,1308.678,1.001
"K_uu_weight[18, 29]",0.508,0.293,0.068,0.996,0.007,0.009,1384.289,1286.967,1.001
"K_uu_weight[18, 30]",0.449,0.273,0.046,0.906,0.007,0.008,1358.295,1278.435,1.001
"K_uu_weight[18, 31]",0.394,0.252,0.034,0.825,0.006,0.008,1335.216,1402.432,1.001
"K_uu_weight[18, 32]",0.343,0.232,0.02,0.74,0.006,0.007,1316.46,1538.556,1.001
"K_uu_weight[18, 33]",0.296,0.212,0.011,0.659,0.005,0.007,1298.927,1540.552,1.002
"K_uu_weight[18, 34]",0.253,0.192,0.006,0.582,0.005,0.007,1282.823,1492.087,1.002
"K_uu_weight[18, 35]",0.215,0.174,0.004,0.517,0.005,0.006,1272.438,1425.477,1.002
"K_uu_weight[18, 36]",0.181,0.155,0.002,0.449,0.004,0.006,1261.066,1446.533,1.002
"K_uu_weight[18, 37]",0.152,0.138,0.001,0.389,0.004,0.006,1254.277,1426.407,1.002
"K_uu_weight[18, 38]",0.127,0.122,0.0,0.337,0.003,0.005,1244.742,1426.901,1.002
"K_uu_weight[18, 39]",0.105,0.108,0.0,0.288,0.003,0.005,1238.785,1448.927,1.002
"K_uu_weight[18, 40]",0.086,0.094,0.0,0.247,0.002,0.005,1232.122,1448.927,1.002
"K_uu_weight[18, 41]",0.07,0.082,0.0,0.207,0.002,0.005,1227.075,1427.167,1.002
"K_uu_weight[18, 42]",0.057,0.071,0.0,0.172,0.002,0.004,1222.348,1405.923,1.002
"K_uu_weight[18, 43]",0.046,0.061,0.0,0.142,0.002,0.004,1217.353,1406.052,1.002
"K_uu_weight[18, 44]",0.037,0.053,0.0,0.117,0.001,0.004,1214.424,1385.707,1.002
"K_uu_weight[18, 45]",0.03,0.045,0.0,0.097,0.001,0.004,1210.356,1385.707,1.002
"K_uu_weight[18, 46]",0.024,0.038,0.0,0.08,0.001,0.004,1208.035,1385.707,1.002
"K_uu_weight[18, 47]",0.019,0.033,0.0,0.065,0.001,0.003,1206.341,1385.707,1.002
"K_uu_weight[18, 48]",0.015,0.028,0.0,0.052,0.001,0.003,1203.435,1365.793,1.002
"K_uu_weight[18, 49]",0.012,0.024,0.0,0.042,0.001,0.003,1201.357,1346.443,1.002
"K_uu_weight[19, 0]",0.152,0.138,0.001,0.389,0.004,0.006,1254.277,1426.407,1.002
"K_uu_weight[19, 1]",0.181,0.155,0.002,0.449,0.004,0.006,1261.066,1446.533,1.002
"K_uu_weight[19, 2]",0.215,0.174,0.004,0.517,0.005,0.006,1272.438,1425.477,1.002
"K_uu_weight[19, 3]",0.253,0.192,0.006,0.582,0.005,0.007,1282.823,1492.087,1.002
"K_uu_weight[19, 4]",0.296,0.212,0.011,0.659,0.005,0.007,1298.927,1540.552,1.002
"K_uu_weight[19, 5]",0.343,0.232,0.02,0.74,0.006,0.007,1316.46,1538.556,1.001
"K_uu_weight[19, 6]",0.394,0.252,0.034,0.825,0.006,0.008,1335.216,1402.432,1.001
"K_uu_weight[19, 7]",0.449,0.273,0.046,0.906,0.007,0.008,1358.295,1278.435,1.001
"K_uu_weight[19, 8]",0.508,0.293,0.068,0.996,0.007,0.009,1384.289,1286.967,1.001
"K_uu_weight[19, 9]",0.569,0.313,0.09,1.086,0.008,0.009,1414.467,1308.678,1.001
"K_uu_weight[19, 10]",0.632,0.332,0.134,1.203,0.008,0.009,1448.036,1408.263,1.001
"K_uu_weight[19, 11]",0.694,0.351,0.154,1.302,0.009,0.01,1478.502,1387.78,1.001
"K_uu_weight[19, 12]",0.755,0.369,0.203,1.417,0.009,0.01,1506.308,1333.87,1.001
"K_uu_weight[19, 13]",0.813,0.387,0.255,1.535,0.009,0.01,1535.929,1401.988,1.001
"K_uu_weight[19, 14]",0.866,0.403,0.256,1.597,0.01,0.011,1560.265,1515.004,1.0
"K_uu_weight[19, 15]",0.912,0.417,0.276,1.673,0.01,0.011,1578.433,1514.381,1.0
"K_uu_weight[19, 16]",0.95,0.429,0.291,1.722,0.01,0.011,1590.899,1539.244,1.0
"K_uu_weight[19, 17]",0.978,0.438,0.301,1.768,0.011,0.011,1597.61,1515.176,1.0
"K_uu_weight[19, 18]",0.995,0.443,0.309,1.8,0.011,0.012,1604.006,1553.939,1.0
"K_uu_weight[19, 19]",1.001,0.445,0.311,1.813,0.011,0.012,1605.742,1528.315,1.0
"K_uu_weight[19, 20]",0.995,0.443,0.309,1.8,0.011,0.012,1604.006,1553.939,1.0
"K_uu_weight[19, 21]",0.978,0.438,0.301,1.768,0.011,0.011,1597.61,1515.176,1.0
"K_uu_weight[19, 22]",0.95,0.429,0.291,1.722,0.01,0.011,1590.899,1539.244,1.0
"K_uu_weight[19, 23]",0.912,0.417,0.276,1.673,0.01,0.011,1578.433,1514.381,1.0
"K_uu_weight[19, 24]",0.866,0.403,0.256,1.597,0.01,0.011,1560.265,1515.004,1.0
"K_uu_weight[19, 25]",0.813,0.387,0.255,1.535,0.009,0.01,1535.929,1401.988,1.001
"K_uu_weight[19, 26]",0.755,0.369,0.203,1.417,0.009,0.01,1506.308,1333.87,1.001
"K_uu_weight[19, 27]",0.694,0.351,0.154,1.302,0.009,0.01,1478.502,1387.78,1.001
"K_uu_weight[19, 28]",0.632,0.332,0.134,1.203,0.008,0.009,1448.036,1408.263,1.001
"K_uu_weight[19, 29]",0.569,0.313,0.09,1.086,0.008,0.009,1414.467,1308.678,1.001
"K_uu_weight[19, 30]",0.508,0.293,0.068,0.996,0.007,0.009,1384.289,1286.967,1.001
"K_uu_weight[19, 31]",0.449,0.273,0.046,0.906,0.007,0.008,1358.295,1278.435,1.001
"K_uu_weight[19, 32]",0.394,0.252,0.034,0.825,0.006,0.008,1335.216,1402.432,1.001
"K_uu_weight[19, 33]",0.343,0.232,0.02,0.74,0.006,0.007,1316.46,1538.556,1.001
"K_uu_weight[19, 34]",0.296,0.212,0.011,0.659,0.005,0.007,1298.927,1540.552,1.002
"K_uu_weight[19, 35]",0.253,0.192,0.006,0.582,0.005,0.007,1282.823,1492.087,1.002
"K_uu_weight[19, 36]",0.215,0.174,0.004,0.517,0.005,0.006,1272.438,1425.477,1.002
"K_uu_weight[19, 37]",0.181,0.155,0.002,0.449,0.004,0.006,1261.066,1446.533,1.002
"K_uu_weight[19, 38]",0.152,0.138,0.001,0.389,0.004,0.006,1254.277,1426.407,1.002
"K_uu_weight[19, 39]",0.127,0.122,0.0,0.337,0.003,0.005,1244.742,1426.901,1.002
"K_uu_weight[19, 40]",0.105,0.108,0.0,0.288,0.003,0.005,1238.785,1448.927,1.002
"K_uu_weight[19, 41]",0.086,0.094,0.0,0.247,0.002,0.005,1232.122,1448.927,1.002
"K_uu_weight[19, 42]",0.07,0.082,0.0,0.207,0.002,0.005,1227.075,1427.167,1.002
"K_uu_weight[19, 43]",0.057,0.071,0.0,0.172,0.002,0.004,1222.348,1405.923,1.002
"K_uu_weight[19, 44]",0.046,0.061,0.0,0.142,0.002,0.004,1217.353,1406.052,1.002
"K_uu_weight[19, 45]",0.037,0.053,0.0,0.117,0.001,0.004,1214.424,1385.707,1.002
"K_uu_weight[19, 46]",0.03,0.045,0.0,0.097,0.001,0.004,1210.356,1385.707,1.002
"K_uu_weight[19, 47]",0.024,0.038,0.0,0.08,0.001,0.004,1208.035,1385.707,1.002
"K_uu_weight[19, 48]",0.019,0.033,0.0,0.065,0.001,0.003,1206.341,1385.707,1.002
"K_uu_weight[19, 49]",0.015,0.028,0.0,0.052,0.001,0.003,1203.435,1365.793,1.002
"K_uu_weight[20, 0]",0.127,0.122,0.0,0.337,0.003,0.005,1244.742,1426.901,1.002
"K_uu_weight[20, 1]",0.152,0.138,0.001,0.389,0.004,0.006,1254.277,1426.407,1.002
"K_uu_weight[20, 2]",0.181,0.155,0.002,0.449,0.004,0.006,1261.066,1446.533,1.002
"K_uu_weight[20, 3]",0.215,0.174,0.004,0.517,0.005,0.006,1272.438,1425.477,1.002
"K_uu_weight[20, 4]",0.253,0.192,0.006,0.582,0.005,0.007,1282.823,1492.087,1.002
"K_uu_weight[20, 5]",0.296,0.212,0.011,0.659,0.005,0.007,1298.927,1540.552,1.002
"K_uu_weight[20, 6]",0.343,0.232,0.02,0.74,0.006,0.007,1316.46,1538.556,1.001
"K_uu_weight[20, 7]",0.394,0.252,0.034,0.825,0.006,0.008,1335.216,1402.432,1.001
"K_uu_weight[20, 8]",0.449,0.273,0.046,0.906,0.007,0.008,1358.295,1278.435,1.001
"K_uu_weight[20, 9]",0.508,0.293,0.068,0.996,0.007,0.009,1384.289,1286.967,1.001
"K_uu_weight[20, 10]",0.569,0.313,0.09,1.086,0.008,0.009,1414.467,1308.678,1.001
"K_uu_weight[20, 11]",0.632,0.332,0.134,1.203,0.008,0.009,1448.036,1408.263,1.001
"K_uu_weight[20, 12]",0.694,0.351,0.154,1.302,0.009,0.01,1478.502,1387.78,1.001
"K_uu_weight[20, 13]",0.755,0.369,0.203,1.417,0.009,0.01,1506.308,1333.87,1.001
"K_uu_weight[20, 14]",0.813,0.387,0.255,1.535,0.009,0.01,1535.929,1401.988,1.001
"K_uu_weight[20, 15]",0.866,0.403,0.256,1.597,0.01,0.011,1560.265,1515.004,1.0
"K_uu_weight[20, 16]",0.912,0.417,0.276,1.673,0.01,0.011,1578.433,1514.381,1.0
"K_uu_weight[20, 17]",0.95,0.429,0.291,1.722,0.01,0.011,1590.899,1539.244,1.0
"K_uu_weight[20, 18]",0.978,0.438,0.301,1.768,0.011,0.011,1597.61,1515.176,1.0
"K_uu_weight[20, 19]",0.995,0.443,0.309,1.8,0.011,0.012,1604.006,1553.939,1.0
"K_uu_weight[20, 20]",1.001,0.445,0.311,1.813,0.011,0.012,1605.742,1528.315,1.0
"K_uu_weight[20, 21]",0.995,0.443,0.309,1.8,0.011,0.012,1604.006,1553.939,1.0
"K_uu_weight[20, 22]",0.978,0.438,0.301,1.768,0.011,0.011,1597.61,1515.176,1.0
"K_uu_weight[20, 23]",0.95,0.429,0.291,1.722,0.01,0.011,1590.899,1539.244,1.0
"K_uu_weight[20, 24]",0.912,0.417,0.276,1.673,0.01,0.011,1578.433,1514.381,1.0
"K_uu_weight[20, 25]",0.866,0.403,0.256,1.597,0.01,0.011,1560.265,1515.004,1.0
"K_uu_weight[20, 26]",0.813,0.387,0.255,1.535,0.009,0.01,1535.929,1401.988,1.001
"K_uu_weight[20, 27]",0.755,0.369,0.203,1.417,0.009,0.01,1506.308,1333.87,1.001
"K_uu_weight[20, 28]",0.694,0.351,0.154,1.302,0.009,0.01,1478.502,1387.78,1.001
"K_uu_weight[20, 29]",0.632,0.332,0.134,1.203,0.008,0.009,1448.036,1408.263,1.001
"K_uu_weight[20, 30]",0.569,0.313,0.09,1.086,0.008,0.009,1414.467,1308.678,1.001
"K_uu_weight[20, 31]",0.508,0.293,0.068,0.996,0.007,0.009,1384.289,1286.967,1.001
"K_uu_weight[20, 32]",0.449,0.273,0.046,0.906,0.007,0.008,1358.295,1278.435,1.001
"K_uu_weight[20, 33]",0.394,0.252,0.034,0.825,0.006,0.008,1335.216,1402.432,1.001
"K_uu_weight[20, 34]",0.343,0.232,0.02,0.74,0.006,0.007,1316.46,1538.556,1.001
"K_uu_weight[20, 35]",0.296,0.212,0.011,0.659,0.005,0.007,1298.927,1540.552,1.002
"K_uu_weight[20, 36]",0.253,0.192,0.006,0.582,0.005,0.007,1282.823,1492.087,1.002
"K_uu_weight[20, 37]",0.215,0.174,0.004,0.517,0.005,0.006,1272.438,1425.477,1.002
"K_uu_weight[20, 38]",0.181,0.155,0.002,0.449,0.004,0.006,1261.066,1446.533,1.002
"K_uu_weight[20, 39]",0.152,0.138,0.001,0.389,0.004,0.006,1254.277,1426.407,1.002
"K_uu_weight[20, 40]",0.127,0.122,0.0,0.337,0.003,0.005,1244.742,1426.901,1.002
"K_uu_weight[20, 41]",0.105,0.108,0.0,0.288,0.003,0.005,1238.785,1448.927,1.002
"K_uu_weight[20, 42]",0.086,0.094,0.0,0.247,0.002,0.005,1232.122,1448.927,1.002
"K_uu_weight[20, 43]",0.07,0.082,0.0,0.207,0.002,0.005,1227.075,1427.167,1.002
"K_uu_weight[20, 44]",0.057,0.071,0.0,0.172,0.002,0.004,1222.348,1405.923,1.002
"K_uu_weight[20, 45]",0.046,0.061,0.0,0.142,0.002,0.004,1217.353,1406.052,1.002
"K_uu_weight[20, 46]",0.037,0.053,0.0,0.117,0.001,0.004,1214.424,1385.707,1.002
"K_uu_weight[20, 47]",0.03,0.045,0.0,0.097,0.001,0.004,1210.356,1385.707,1.002
"K_uu_weight[20, 48]",0.024,0.038,0.0,0.08,0.001,0.004,1208.035,1385.707,1.002
"K_uu_weight[20, 49]",0.019,0.033,0.0,0.065,0.001,0.003,1206.341,1385.707,1.002
"K_uu_weight[21, 0]",0.105,0.108,0.0,0.288,0.003,0.005,1238.785,1448.927,1.002
"K_uu_weight[21, 1]",0.127,0.122,0.0,0.337,0.003,0.005,1244.742,1426.901,1.002
"K_uu_weight[21, 2]",0.152,0.138,0.001,0.389,0.004,0.006,1254.277,1426.407,1.002
"K_uu_weight[21, 3]",0.181,0.155,0.002,0.449,0.004,0.006,1261.066,1446.533,1.002
"K_uu_weight[21, 4]",0.215,0.174,0.004,0.517,0.005,0.006,1272.438,1425.477,1.002
"K_uu_weight[21, 5]",0.253,0.192,0.006,0.582,0.005,0.007,1282.823,1492.087,1.002
"K_uu_weight[21, 6]",0.296,0.212,0.011,0.659,0.005,0.007,1298.927,1540.552,1.002
"K_uu_weight[21, 7]",0.343,0.232,0.02,0.74,0.006,0.007,1316.46,1538.556,1.001
"K_uu_weight[21, 8]",0.394,0.252,0.034,0.825,0.006,0.008,1335.216,1402.432,1.001
"K_uu_weight[21, 9]",0.449,0.273,0.046,0.906,0.007,0.008,1358.295,1278.435,1.001
"K_uu_weight[21, 10]",0.508,0.293,0.068,0.996,0.007,0.009,1384.289,1286.967,1.001
"K_uu_weight[21, 11]",0.569,0.313,0.09,1.086,0.008,0.009,1414.467,1308.678,1.001
"K_uu_weight[21, 12]",0.632,0.332,0.134,1.203,0.008,0.009,1448.036,1408.263,1.001
"K_uu_weight[21, 13]",0.694,0.351,0.154,1.302,0.009,0.01,1478.502,1387.78,1.001
"K_uu_weight[21, 14]",0.755,0.369,0.203,1.417,0.009,0.01,1506.308,1333.87,1.001
"K_uu_weight[21, 15]",0.813,0.387,0.255,1.535,0.009,0.01,1535.929,1401.988,1.001
"K_uu_weight[21, 16]",0.866,0.403,0.256,1.597,0.01,0.011,1560.265,1515.004,1.0
"K_uu_weight[21, 17]",0.912,0.417,0.276,1.673,0.01,0.011,1578.433,1514.381,1.0
"K_uu_weight[21, 18]",0.95,0.429,0.291,1.722,0.01,0.011,1590.899,1539.244,1.0
"K_uu_weight[21, 19]",0.978,0.438,0.301,1.768,0.011,0.011,1597.61,1515.176,1.0
"K_uu_weight[21, 20]",0.995,0.443,0.309,1.8,0.011,0.012,1604.006,1553.939,1.0
"K_uu_weight[21, 21]",1.001,0.445,0.311,1.813,0.011,0.012,1605.742,1528.315,1.0
"K_uu_weight[21, 22]",0.995,0.443,0.309,1.8,0.011,0.012,1604.006,1553.939,1.0
"K_uu_weight[21, 23]",0.978,0.438,0.301,1.768,0.011,0.011,1597.61,1515.176,1.0
"K_uu_weight[21, 24]",0.95,0.429,0.291,1.722,0.01,0.011,1590.899,1539.244,1.0
"K_uu_weight[21, 25]",0.912,0.417,0.276,1.673,0.01,0.011,1578.433,1514.381,1.0
"K_uu_weight[21, 26]",0.866,0.403,0.256,1.597,0.01,0.011,1560.265,1515.004,1.0
"K_uu_weight[21, 27]",0.813,0.387,0.255,1.535,0.009,0.01,1535.929,1401.988,1.001
"K_uu_weight[21, 28]",0.755,0.369,0.203,1.417,0.009,0.01,1506.308,1333.87,1.001
"K_uu_weight[21, 29]",0.694,0.351,0.154,1.302,0.009,0.01,1478.502,1387.78,1.001
"K_uu_weight[21, 30]",0.632,0.332,0.134,1.203,0.008,0.009,1448.036,1408.263,1.001
"K_uu_weight[21, 31]",0.569,0.313,0.09,1.086,0.008,0.009,1414.467,1308.678,1.001
"K_uu_weight[21, 32]",0.508,0.293,0.068,0.996,0.007,0.009,1384.289,1286.967,1.001
"K_uu_weight[21, 33]",0.449,0.273,0.046,0.906,0.007,0.008,1358.295,1278.435,1.001
"K_uu_weight[21, 34]",0.394,0.252,0.034,0.825,0.006,0.008,1335.216,1402.432,1.001
"K_uu_weight[21, 35]",0.343,0.232,0.02,0.74,0.006,0.007,1316.46,1538.556,1.001
"K_uu_weight[21, 36]",0.296,0.212,0.011,0.659,0.005,0.007,1298.927,1540.552,1.002
"K_uu_weight[21, 37]",0.253,0.192,0.006,0.582,0.005,0.007,1282.823,1492.087,1.002
"K_uu_weight[21, 38]",0.215,0.174,0.004,0.517,0.005,0.006,1272.438,1425.477,1.002
"K_uu_weight[21, 39]",0.181,0.155,0.002,0.449,0.004,0.006,1261.066,1446.533,1.002
"K_uu_weight[21, 40]",0.152,0.138,0.001,0.389,0.004,0.006,1254.277,1426.407,1.002
"K_uu_weight[21, 41]",0.127,0.122,0.0,0.337,0.003,0.005,1244.742,1426.901,1.002
"K_uu_weight[21, 42]",0.105,0.108,0.0,0.288,0.003,0.005,1238.785,1448.927,1.002
"K_uu_weight[21, 43]",0.086,0.094,0.0,0.247,0.002,0.005,1232.122,1448.927,1.002
"K_uu_weight[21, 44]",0.07,0.082,0.0,0.207,0.002,0.005,1227.075,1427.167,1.002
"K_uu_weight[21, 45]",0.057,0.071,0.0,0.172,0.002,0.004,1222.348,1405.923,1.002
"K_uu_weight[21, 46]",0.046,0.061,0.0,0.142,0.002,0.004,1217.353,1406.052,1.002
"K_uu_weight[21, 47]",0.037,0.053,0.0,0.117,0.001,0.004,1214.424,1385.707,1.002
"K_uu_weight[21, 48]",0.03,0.045,0.0,0.097,0.001,0.004,1210.356,1385.707,1.002
"K_uu_weight[21, 49]",0.024,0.038,0.0,0.08,0.001,0.004,1208.035,1385.707,1.002
"K_uu_weight[22, 0]",0.086,0.094,0.0,0.247,0.002,0.005,1232.122,1448.927,1.002
"K_uu_weight[22, 1]",0.105,0.108,0.0,0.288,0.003,0.005,1238.785,1448.927,1.002
"K_uu_weight[22, 2]",0.127,0.122,0.0,0.337,0.003,0.005,1244.742,1426.901,1.002
"K_uu_weight[22, 3]",0.152,0.138,0.001,0.389,0.004,0.006,1254.277,1426.407,1.002
"K_uu_weight[22, 4]",0.181,0.155,0.002,0.449,0.004,0.006,1261.066,1446.533,1.002
"K_uu_weight[22, 5]",0.215,0.174,0.004,0.517,0.005,0.006,1272.438,1425.477,1.002
"K_uu_weight[22, 6]",0.253,0.192,0.006,0.582,0.005,0.007,1282.823,1492.087,1.002
"K_uu_weight[22, 7]",0.296,0.212,0.011,0.659,0.005,0.007,1298.927,1540.552,1.002
"K_uu_weight[22, 8]",0.343,0.232,0.02,0.74,0.006,0.007,1316.46,1538.556,1.001
"K_uu_weight[22, 9]",0.394,0.252,0.034,0.825,0.006,0.008,1335.216,1402.432,1.001
"K_uu_weight[22, 10]",0.449,0.273,0.046,0.906,0.007,0.008,1358.295,1278.435,1.001
"K_uu_weight[22, 11]",0.508,0.293,0.068,0.996,0.007,0.009,1384.289,1286.967,1.001
"K_uu_weight[22, 12]",0.569,0.313,0.09,1.086,0.008,0.009,1414.467,1308.678,1.001
"K_uu_weight[22, 13]",0.632,0.332,0.134,1.203,0.008,0.009,1448.036,1408.263,1.001
"K_uu_weight[22, 14]",0.694,0.351,0.154,1.302,0.009,0.01,1478.502,1387.78,1.001
"K_uu_weight[22, 15]",0.755,0.369,0.203,1.417,0.009,0.01,1506.308,1333.87,1.001
"K_uu_weight[22, 16]",0.813,0.387,0.255,1.535,0.009,0.01,1535.929,1401.988,1.001
"K_uu_weight[22, 17]",0.866,0.403,0.256,1.597,0.01,0.011,1560.265,1515.004,1.0
"K_uu_weight[22, 18]",0.912,0.417,0.276,1.673,0.01,0.011,1578.433,1514.381,1.0
"K_uu_weight[22, 19]",0.95,0.429,0.291,1.722,0.01,0.011,1590.899,1539.244,1.0
"K_uu_weight[22, 20]",0.978,0.438,0.301,1.768,0.011,0.011,1597.61,1515.176,1.0
"K_uu_weight[22, 21]",0.995,0.443,0.309,1.8,0.011,0.012,1604.006,1553.939,1.0
"K_uu_weight[22, 22]",1.001,0.445,0.311,1.813,0.011,0.012,1605.742,1528.315,1.0
"K_uu_weight[22, 23]",0.995,0.443,0.309,1.8,0.011,0.012,1604.006,1553.939,1.0
"K_uu_weight[22, 24]",0.978,0.438,0.301,1.768,0.011,0.011,1597.61,1515.176,1.0
"K_uu_weight[22, 25]",0.95,0.429,0.291,1.722,0.01,0.011,1590.899,1539.244,1.0
"K_uu_weight[22, 26]",0.912,0.417,0.276,1.673,0.01,0.011,1578.433,1514.381,1.0
"K_uu_weight[22, 27]",0.866,0.403,0.256,1.597,0.01,0.011,1560.265,1515.004,1.0
"K_uu_weight[22, 28]",0.813,0.387,0.255,1.535,0.009,0.01,1535.929,1401.988,1.001
"K_uu_weight[22, 29]",0.755,0.369,0.203,1.417,0.009,0.01,1506.308,1333.87,1.001
"K_uu_weight[22, 30]",0.694,0.351,0.154,1.302,0.009,0.01,1478.502,1387.78,1.001
"K_uu_weight[22, 31]",0.632,0.332,0.134,1.203,0.008,0.009,1448.036,1408.263,1.001
"K_uu_weight[22, 32]",0.569,0.313,0.09,1.086,0.008,0.009,1414.467,1308.678,1.001
"K_uu_weight[22, 33]",0.508,0.293,0.068,0.996,0.007,0.009,1384.289,1286.967,1.001
"K_uu_weight[22, 34]",0.449,0.273,0.046,0.906,0.007,0.008,1358.295,1278.435,1.001
"K_uu_weight[22, 35]",0.394,0.252,0.034,0.825,0.006,0.008,1335.216,1402.432,1.001
"K_uu_weight[22, 36]",0.343,0.232,0.02,0.74,0.006,0.007,1316.46,1538.556,1.001
"K_uu_weight[22, 37]",0.296,0.212,0.011,0.659,0.005,0.007,1298.927,1540.552,1.002
"K_uu_weight[22, 38]",0.253,0.192,0.006,0.582,0.005,0.007,1282.823,1492.087,1.002
"K_uu_weight[22, 39]",0.215,0.174,0.004,0.517,0.005,0.006,1272.438,1425.477,1.002
"K_uu_weight[22, 40]",0.181,0.155,0.002,0.449,0.004,0.006,1261.066,1446.533,1.002
"K_uu_weight[22, 41]",0.152,0.138,0.001,0.389,0.004,0.006,1254.277,1426.407,1.002
"K_uu_weight[22, 42]",0.127,0.122,0.0,0.337,0.003,0.005,1244.742,1426.901,1.002
"K_uu_weight[22, 43]",0.105,0.108,0.0,0.288,0.003,0.005,1238.785,1448.927,1.002
"K_uu_weight[22, 44]",0.086,0.094,0.0,0.247,0.002,0.005,1232.122,1448.927,1.002
"K_uu_weight[22, 45]",0.07,0.082,0.0,0.207,0.002,0.005,1227.075,1427.167,1.002
"K_uu_weight[22, 46]",0.057,0.071,0.0,0.172,0.002,0.004,1222.348,1405.923,1.002
"K_uu_weight[22, 47]",0.046,0.061,0.0,0.142,0.002,0.004,1217.353,1406.052,1.002
"K_uu_weight[22, 48]",0.037,0.053,0.0,0.117,0.001,0.004,1214.424,1385.707,1.002
"K_uu_weight[22, 49]",0.03,0.045,0.0,0.097,0.001,0.004,1210.356,1385.707,1.002
"K_uu_weight[23, 0]",0.07,0.082,0.0,0.207,0.002,0.005,1227.075,1427.167,1.002
"K_uu_weight[23, 1]",0.086,0.094,0.0,0.247,0.002,0.005,1232.122,1448.927,1.002
"K_uu_weight[23, 2]",0.105,0.108,0.0,0.288,0.003,0.005,1238.785,1448.927,1.002
"K_uu_weight[23, 3]",0.127,0.122,0.0,0.337,0.003,0.005,1244.742,1426.901,1.002
"K_uu_weight[23, 4]",0.152,0.138,0.001,0.389,0.004,0.006,1254.277,1426.407,1.002
"K_uu_weight[23, 5]",0.181,0.155,0.002,0.449,0.004,0.006,1261.066,1446.533,1.002
"K_uu_weight[23, 6]",0.215,0.174,0.004,0.517,0.005,0.006,1272.438,1425.477,1.002
"K_uu_weight[23, 7]",0.253,0.192,0.006,0.582,0.005,0.007,1282.823,1492.087,1.002
"K_uu_weight[23, 8]",0.296,0.212,0.011,0.659,0.005,0.007,1298.927,1540.552,1.002
"K_uu_weight[23, 9]",0.343,0.232,0.02,0.74,0.006,0.007,1316.46,1538.556,1.001
"K_uu_weight[23, 10]",0.394,0.252,0.034,0.825,0.006,0.008,1335.216,1402.432,1.001
"K_uu_weight[23, 11]",0.449,0.273,0.046,0.906,0.007,0.008,1358.295,1278.435,1.001
"K_uu_weight[23, 12]",0.508,0.293,0.068,0.996,0.007,0.009,1384.289,1286.967,1.001
"K_uu_weight[23, 13]",0.569,0.313,0.09,1.086,0.008,0.009,1414.467,1308.678,1.001
"K_uu_weight[23, 14]",0.632,0.332,0.134,1.203,0.008,0.009,1448.036,1408.263,1.001
"K_uu_weight[23, 15]",0.694,0.351,0.154,1.302,0.009,0.01,1478.502,1387.78,1.001
"K_uu_weight[23, 16]",0.755,0.369,0.203,1.417,0.009,0.01,1506.308,1333.87,1.001
"K_uu_weight[23, 17]",0.813,0.387,0.255,1.535,0.009,0.01,1535.929,1401.988,1.001
"K_uu_weight[23, 18]",0.866,0.403,0.256,1.597,0.01,0.011,1560.265,1515.004,1.0
"K_uu_weight[23, 19]",0.912,0.417,0.276,1.673,0.01,0.011,1578.433,1514.381,1.0
"K_uu_weight[23, 20]",0.95,0.429,0.291,1.722,0.01,0.011,1590.899,1539.244,1.0
"K_uu_weight[23, 21]",0.978,0.438,0.301,1.768,0.011,0.011,1597.61,1515.176,1.0
"K_uu_weight[23, 22]",0.995,0.443,0.309,1.8,0.011,0.012,1604.006,1553.939,1.0
"K_uu_weight[23, 23]",1.001,0.445,0.311,1.813,0.011,0.012,1605.742,1528.315,1.0
"K_uu_weight[23, 24]",0.995,0.443,0.309,1.8,0.011,0.012,1604.006,1553.939,1.0
"K_uu_weight[23, 25]",0.978,0.438,0.301,1.768,0.011,0.011,1597.61,1515.176,1.0
"K_uu_weight[23, 26]",0.95,0.429,0.291,1.722,0.01,0.011,1590.899,1539.244,1.0
"K_uu_weight[23, 27]",0.912,0.417,0.276,1.673,0.01,0.011,1578.433,1514.381,1.0
"K_uu_weight[23, 28]",0.866,0.403,0.256,1.597,0.01,0.011,1560.265,1515.004,1.0
"K_uu_weight[23, 29]",0.813,0.387,0.255,1.535,0.009,0.01,1535.929,1401.988,1.001
"K_uu_weight[23, 30]",0.755,0.369,0.203,1.417,0.009,0.01,1506.308,1333.87,1.001
"K_uu_weight[23, 31]",0.694,0.351,0.154,1.302,0.009,0.01,1478.502,1387.78,1.001
"K_uu_weight[23, 32]",0.632,0.332,0.134,1.203,0.008,0.009,1448.036,1408.263,1.001
"K_uu_weight[23, 33]",0.569,0.313,0.09,1.086,0.008,0.009,1414.467,1308.678,1.001
"K_uu_weight[23, 34]",0.508,0.293,0.068,0.996,0.007,0.009,1384.289,1286.967,1.001
"K_uu_weight[23, 35]",0.449,0.273,0.046,0.906,0.007,0.008,1358.295,1278.435,1.001
"K_uu_weight[23, 36]",0.394,0.252,0.034,0.825,0.006,0.008,1335.216,1402.432,1.001
"K_uu_weight[23, 37]",0.343,0.232,0.02,0.74,0.006,0.007,1316.46,1538.556,1.001
"K_uu_weight[23, 38]",0.296,0.212,0.011,0.659,0.005,0.007,1298.927,1540.552,1.002
"K_uu_weight[23, 39]",0.253,0.192,0.006,0.582,0.005,0.007,1282.823,1492.087,1.002
"K_uu_weight[23, 40]",0.215,0.174,0.004,0.517,0.005,0.006,1272.438,1425.477,1.002
"K_uu_weight[23, 41]",0.181,0.155,0.002,0.449,0.004,0.006,1261.066,1446.533,1.002
"K_uu_weight[23, 42]",0.152,0.138,0.001,0.389,0.004,0.006,1254.277,1426.407,1.002
"K_uu_weight[23, 43]",0.127,0.122,0.0,0.337,0.003,0.005,1244.742,1426.901,1.002
"K_uu_weight[23, 44]",0.105,0.108,0.0,0.288,0.003,0.005,1238.785,1448.927,1.002
"K_uu_weight[23, 45]",0.086,0.094,0.0,0.247,0.002,0.005,1232.122,1448.927,1.002
"K_uu_weight[23, 46]",0.07,0.082,0.0,0.207,0.002,0.005,1227.075,1427.167,1.002
"K_uu_weight[23, 47]",0.057,0.071,0.0,0.172,0.002,0.004,1222.348,1405.923,1.002
"K_uu_weight[23, 48]",0.046,0.061,0.0,0.142,0.002,0.004,1217.353,1406.052,1.002
"K_uu_weight[23, 49]",0.037,0.053,0.0,0.117,0.001,0.004,1214.424,1385.707,1.002
"K_uu_weight[24, 0]",0.057,0.071,0.0,0.172,0.002,0.004,1222.348,1405.923,1.002
"K_uu_weight[24, 1]",0.07,0.082,0.0,0.207,0.002,0.005,1227.075,1427.167,1.002
"K_uu_weight[24, 2]",0.086,0.094,0.0,0.247,0.002,0.005,1232.122,1448.927,1.002
"K_uu_weight[24, 3]",0.105,0.108,0.0,0.288,0.003,0.005,1238.785,1448.927,1.002
"K_uu_weight[24, 4]",0.127,0.122,0.0,0.337,0.003,0.005,1244.742,1426.901,1.002
"K_uu_weight[24, 5]",0.152,0.138,0.001,0.389,0.004,0.006,1254.277,1426.407,1.002
"K_uu_weight[24, 6]",0.181,0.155,0.002,0.449,0.004,0.006,1261.066,1446.533,1.002
"K_uu_weight[24, 7]",0.215,0.174,0.004,0.517,0.005,0.006,1272.438,1425.477,1.002
"K_uu_weight[24, 8]",0.253,0.192,0.006,0.582,0.005,0.007,1282.823,1492.087,1.002
"K_uu_weight[24, 9]",0.296,0.212,0.011,0.659,0.005,0.007,1298.927,1540.552,1.002
"K_uu_weight[24, 10]",0.343,0.232,0.02,0.74,0.006,0.007,1316.46,1538.556,1.001
"K_uu_weight[24, 11]",0.394,0.252,0.034,0.825,0.006,0.008,1335.216,1402.432,1.001
"K_uu_weight[24, 12]",0.449,0.273,0.046,0.906,0.007,0.008,1358.295,1278.435,1.001
"K_uu_weight[24, 13]",0.508,0.293,0.068,0.996,0.007,0.009,1384.289,1286.967,1.001
"K_uu_weight[24, 14]",0.569,0.313,0.09,1.086,0.008,0.009,1414.467,1308.678,1.001
"K_uu_weight[24, 15]",0.632,0.332,0.134,1.203,0.008,0.009,1448.036,1408.263,1.001
"K_uu_weight[24, 16]",0.694,0.351,0.154,1.302,0.009,0.01,1478.502,1387.78,1.001
"K_uu_weight[24, 17]",0.755,0.369,0.203,1.417,0.009,0.01,1506.308,1333.87,1.001
"K_uu_weight[24, 18]",0.813,0.387,0.255,1.535,0.009,0.01,1535.929,1401.988,1.001
"K_uu_weight[24, 19]",0.866,0.403,0.256,1.597,0.01,0.011,1560.265,1515.004,1.0
"K_uu_weight[24, 20]",0.912,0.417,0.276,1.673,0.01,0.011,1578.433,1514.381,1.0
"K_uu_weight[24, 21]",0.95,0.429,0.291,1.722,0.01,0.011,1590.899,1539.244,1.0
"K_uu_weight[24, 22]",0.978,0.438,0.301,1.768,0.011,0.011,1597.61,1515.176,1.0
"K_uu_weight[24, 23]",0.995,0.443,0.309,1.8,0.011,0.012,1604.006,1553.939,1.0
"K_uu_weight[24, 24]",1.001,0.445,0.311,1.813,0.011,0.012,1605.742,1528.315,1.0
"K_uu_weight[24, 25]",0.995,0.443,0.309,1.8,0.011,0.012,1604.006,1553.939,1.0
"K_uu_weight[24, 26]",0.978,0.438,0.301,1.768,0.011,0.011,1597.61,1515.176,1.0
"K_uu_weight[24, 27]",0.95,0.429,0.291,1.722,0.01,0.011,1590.899,1539.244,1.0
"K_uu_weight[24, 28]",0.912,0.417,0.276,1.673,0.01,0.011,1578.433,1514.381,1.0
"K_uu_weight[24, 29]",0.866,0.403,0.256,1.597,0.01,0.011,1560.265,1515.004,1.0
"K_uu_weight[24, 30]",0.813,0.387,0.255,1.535,0.009,0.01,1535.929,1401.988,1.001
"K_uu_weight[24, 31]",0.755,0.369,0.203,1.417,0.009,0.01,1506.308,1333.87,1.001
"K_uu_weight[24, 32]",0.694,0.351,0.154,1.302,0.009,0.01,1478.502,1387.78,1.001
"K_uu_weight[24, 33]",0.632,0.332,0.134,1.203,0.008,0.009,1448.036,1408.263,1.001
"K_uu_weight[24, 34]",0.569,0.313,0.09,1.086,0.008,0.009,1414.467,1308.678,1.001
"K_uu_weight[24, 35]",0.508,0.293,0.068,0.996,0.007,0.009,1384.289,1286.967,1.001
"K_uu_weight[24, 36]",0.449,0.273,0.046,0.906,0.007,0.008,1358.295,1278.435,1.001
"K_uu_weight[24, 37]",0.394,0.252,0.034,0.825,0.006,0.008,1335.216,1402.432,1.001
"K_uu_weight[24, 38]",0.343,0.232,0.02,0.74,0.006,0.007,1316.46,1538.556,1.001
"K_uu_weight[24, 39]",0.296,0.212,0.011,0.659,0.005,0.007,1298.927,1540.552,1.002
"K_uu_weight[24, 40]",0.253,0.192,0.006,0.582,0.005,0.007,1282.823,1492.087,1.002
"K_uu_weight[24, 41]",0.215,0.174,0.004,0.517,0.005,0.006,1272.438,1425.477,1.002
"K_uu_weight[24, 42]",0.181,0.155,0.002,0.449,0.004,0.006,1261.066,1446.533,1.002
"K_uu_weight[24, 43]",0.152,0.138,0.001,0.389,0.004,0.006,1254.277,1426.407,1.002
"K_uu_weight[24, 44]",0.127,0.122,0.0,0.337,0.003,0.005,1244.742,1426.901,1.002
"K_uu_weight[24, 45]",0.105,0.108,0.0,0.288,0.003,0.005,1238.785,1448.927,1.002
"K_uu_weight[24, 46]",0.086,0.094,0.0,0.247,0.002,0.005,1232.122,1448.927,1.002
"K_uu_weight[24, 47]",0.07,0.082,0.0,0.207,0.002,0.005,1227.075,1427.167,1.002
"K_uu_weight[24, 48]",0.057,0.071,0.0,0.172,0.002,0.004,1222.348,1405.923,1.002
"K_uu_weight[24, 49]",0.046,0.061,0.0,0.142,0.002,0.004,1217.353,1406.052,1.002
"K_uu_weight[25, 0]",0.046,0.061,0.0,0.142,0.002,0.004,1217.353,1406.052,1.002
"K_uu_weight[25, 1]",0.057,0.071,0.0,0.172,0.002,0.004,1222.348,1405.923,1.002
"K_uu_weight[25, 2]",0.07,0.082,0.0,0.207,0.002,0.005,1227.075,1427.167,1.002
"K_uu_weight[25, 3]",0.086,0.094,0.0,0.247,0.002,0.005,1232.122,1448.927,1.002
"K_uu_weight[25, 4]",0.105,0.108,0.0,0.288,0.003,0.005,1238.785,1448.927,1.002
"K_uu_weight[25, 5]",0.127,0.122,0.0,0.337,0.003,0.005,1244.742,1426.901,1.002
"K_uu_weight[25, 6]",0.152,0.138,0.001,0.389,0.004,0.006,1254.277,1426.407,1.002
"K_uu_weight[25, 7]",0.181,0.155,0.002,0.449,0.004,0.006,1261.066,1446.533,1.002
"K_uu_weight[25, 8]",0.215,0.174,0.004,0.517,0.005,0.006,1272.438,1425.477,1.002
"K_uu_weight[25, 9]",0.253,0.192,0.006,0.582,0.005,0.007,1282.823,1492.087,1.002
"K_uu_weight[25, 10]",0.296,0.212,0.011,0.659,0.005,0.007,1298.927,1540.552,1.002
"K_uu_weight[25, 11]",0.343,0.232,0.02,0.74,0.006,0.007,1316.46,1538.556,1.001
"K_uu_weight[25, 12]",0.394,0.252,0.034,0.825,0.006,0.008,1335.216,1402.432,1.001
"K_uu_weight[25, 13]",0.449,0.273,0.046,0.906,0.007,0.008,1358.295,1278.435,1.001
"K_uu_weight[25, 14]",0.508,0.293,0.068,0.996,0.007,0.009,1384.289,1286.967,1.001
"K_uu_weight[25, 15]",0.569,0.313,0.09,1.086,0.008,0.009,1414.467,1308.678,1.001
"K_uu_weight[25, 16]",0.632,0.332,0.134,1.203,0.008,0.009,1448.036,1408.263,1.001
"K_uu_weight[25, 17]",0.694,0.351,0.154,1.302,0.009,0.01,1478.502,1387.78,1.001
"K_uu_weight[25, 18]",0.755,0.369,0.203,1.417,0.009,0.01,1506.308,1333.87,1.001
"K_uu_weight[25, 19]",0.813,0.387,0.255,1.535,0.009,0.01,1535.929,1401.988,1.001
"K_uu_weight[25, 20]",0.866,0.403,0.256,1.597,0.01,0.011,1560.265,1515.004,1.0
"K_uu_weight[25, 21]",0.912,0.417,0.276,1.673,0.01,0.011,1578.433,1514.381,1.0
"K_uu_weight[25, 22]",0.95,0.429,0.291,1.722,0.01,0.011,1590.899,1539.244,1.0
"K_uu_weight[25, 23]",0.978,0.438,0.301,1.768,0.011,0.011,1597.61,1515.176,1.0
"K_uu_weight[25, 24]",0.995,0.443,0.309,1.8,0.011,0.012,1604.006,1553.939,1.0
"K_uu_weight[25, 25]",1.001,0.445,0.311,1.813,0.011,0.012,1605.742,1528.315,1.0
"K_uu_weight[25, 26]",0.995,0.443,0.309,1.8,0.011,0.012,1604.006,1553.939,1.0
"K_uu_weight[25, 27]",0.978,0.438,0.301,1.768,0.011,0.011,1597.61,1515.176,1.0
"K_uu_weight[25, 28]",0.95,0.429,0.291,1.722,0.01,0.011,1590.899,1539.244,1.0
"K_uu_weight[25, 29]",0.912,0.417,0.276,1.673,0.01,0.011,1578.433,1514.381,1.0
"K_uu_weight[25, 30]",0.866,0.403,0.256,1.597,0.01,0.011,1560.265,1515.004,1.0
"K_uu_weight[25, 31]",0.813,0.387,0.255,1.535,0.009,0.01,1535.929,1401.988,1.001
"K_uu_weight[25, 32]",0.755,0.369,0.203,1.417,0.009,0.01,1506.308,1333.87,1.001
"K_uu_weight[25, 33]",0.694,0.351,0.154,1.302,0.009,0.01,1478.502,1387.78,1.001
"K_uu_weight[25, 34]",0.632,0.332,0.134,1.203,0.008,0.009,1448.036,1408.263,1.001
"K_uu_weight[25, 35]",0.569,0.313,0.09,1.086,0.008,0.009,1414.467,1308.678,1.001
"K_uu_weight[25, 36]",0.508,0.293,0.068,0.996,0.007,0.009,1384.289,1286.967,1.001
"K_uu_weight[25, 37]",0.449,0.273,0.046,0.906,0.007,0.008,1358.295,1278.435,1.001
"K_uu_weight[25, 38]",0.394,0.252,0.034,0.825,0.006,0.008,1335.216,1402.432,1.001
"K_uu_weight[25, 39]",0.343,0.232,0.02,0.74,0.006,0.007,1316.46,1538.556,1.001
"K_uu_weight[25, 40]",0.296,0.212,0.011,0.659,0.005,0.007,1298.927,1540.552,1.002
"K_uu_weight[25, 41]",0.253,0.192,0.006,0.582,0.005,0.007,1282.823,1492.087,1.002
"K_uu_weight[25, 42]",0.215,0.174,0.004,0.517,0.005,0.006,1272.438,1425.477,1.002
"K_uu_weight[25, 43]",0.181,0.155,0.002,0.449,0.004,0.006,1261.066,1446.533,1.002
"K_uu_weight[25, 44]",0.152,0.138,0.001,0.389,0.004,0.006,1254.277,1426.407,1.002
"K_uu_weight[25, 45]",0.127,0.122,0.0,0.337,0.003,0.005,1244.742,1426.901,1.002
"K_uu_weight[25, 46]",0.105,0.108,0.0,0.288,0.003,0.005,1238.785,1448.927,1.002
"K_uu_weight[25, 47]",0.086,0.094,0.0,0.247,0.002,0.005,1232.122,1448.927,1.002
"K_uu_weight[25, 48]",0.07,0.082,0.0,0.207,0.002,0.005,1227.075,1427.167,1.002
"K_uu_weight[25, 49]",0.057,0.071,0.0,0.172,0.002,0.004,1222.348,1405.923,1.002
"K_uu_weight[26, 0]",0.037,0.053,0.0,0.117,0.001,0.004,1214.424,1385.707,1.002
"K_uu_weight[26, 1]",0.046,0.061,0.0,0.142,0.002,0.004,1217.353,1406.052,1.002
"K_uu_weight[26, 2]",0.057,0.071,0.0,0.172,0.002,0.004,1222.348,1405.923,1.002
"K_uu_weight[26, 3]",0.07,0.082,0.0,0.207,0.002,0.005,1227.075,1427.167,1.002
"K_uu_weight[26, 4]",0.086,0.094,0.0,0.247,0.002,0.005,1232.122,1448.927,1.002
"K_uu_weight[26, 5]",0.105,0.108,0.0,0.288,0.003,0.005,1238.785,1448.927,1.002
"K_uu_weight[26, 6]",0.127,0.122,0.0,0.337,0.003,0.005,1244.742,1426.901,1.002
"K_uu_weight[26, 7]",0.152,0.138,0.001,0.389,0.004,0.006,1254.277,1426.407,1.002
"K_uu_weight[26, 8]",0.181,0.155,0.002,0.449,0.004,0.006,1261.066,1446.533,1.002
"K_uu_weight[26, 9]",0.215,0.174,0.004,0.517,0.005,0.006,1272.438,1425.477,1.002
"K_uu_weight[26, 10]",0.253,0.192,0.006,0.582,0.005,0.007,1282.823,1492.087,1.002
"K_uu_weight[26, 11]",0.296,0.212,0.011,0.659,0.005,0.007,1298.927,1540.552,1.002
"K_uu_weight[26, 12]",0.343,0.232,0.02,0.74,0.006,0.007,1316.46,1538.556,1.001
"K_uu_weight[26, 13]",0.394,0.252,0.034,0.825,0.006,0.008,1335.216,1402.432,1.001
"K_uu_weight[26, 14]",0.449,0.273,0.046,0.906,0.007,0.008,1358.295,1278.435,1.001
"K_uu_weight[26, 15]",0.508,0.293,0.068,0.996,0.007,0.009,1384.289,1286.967,1.001
"K_uu_weight[26, 16]",0.569,0.313,0.09,1.086,0.008,0.009,1414.467,1308.678,1.001
"K_uu_weight[26, 17]",0.632,0.332,0.134,1.203,0.008,0.009,1448.036,1408.263,1.001
"K_uu_weight[26, 18]",0.694,0.351,0.154,1.302,0.009,0.01,1478.502,1387.78,1.001
"K_uu_weight[26, 19]",0.755,0.369,0.203,1.417,0.009,0.01,1506.308,1333.87,1.001
"K_uu_weight[26, 20]",0.813,0.387,0.255,1.535,0.009,0.01,1535.929,1401.988,1.001
"K_uu_weight[26, 21]",0.866,0.403,0.256,1.597,0.01,0.011,1560.265,1515.004,1.0
"K_uu_weight[26, 22]",0.912,0.417,0.276,1.673,0.01,0.011,1578.433,1514.381,1.0
"K_uu_weight[26, 23]",0.95,0.429,0.291,1.722,0.01,0.011,1590.899,1539.244,1.0
"K_uu_weight[26, 24]",0.978,0.438,0.301,1.768,0.011,0.011,1597.61,1515.176,1.0
"K_uu_weight[26, 25]",0.995,0.443,0.309,1.8,0.011,0.012,1604.006,1553.939,1.0
"K_uu_weight[26, 26]",1.001,0.445,0.311,1.813,0.011,0.012,1605.742,1528.315,1.0
"K_uu_weight[26, 27]",0.995,0.443,0.309,1.8,0.011,0.012,1604.006,1553.939,1.0
"K_uu_weight[26, 28]",0.978,0.438,0.301,1.768,0.011,0.011,1597.61,1515.176,1.0
"K_uu_weight[26, 29]",0.95,0.429,0.291,1.722,0.01,0.011,1590.899,1539.244,1.0
"K_uu_weight[26, 30]",0.912,0.417,0.276,1.673,0.01,0.011,1578.433,1514.381,1.0
"K_uu_weight[26, 31]",0.866,0.403,0.256,1.597,0.01,0.011,1560.265,1515.004,1.0
"K_uu_weight[26, 32]",0.813,0.387,0.255,1.535,0.009,0.01,1535.929,1401.988,1.001
"K_uu_weight[26, 33]",0.755,0.369,0.203,1.417,0.009,0.01,1506.308,1333.87,1.001
"K_uu_weight[26, 34]",0.694,0.351,0.154,1.302,0.009,0.01,1478.502,1387.78,1.001
"K_uu_weight[26, 35]",0.632,0.332,0.134,1.203,0.008,0.009,1448.036,1408.263,1.001
"K_uu_weight[26, 36]",0.569,0.313,0.09,1.086,0.008,0.009,1414.467,1308.678,1.001
"K_uu_weight[26, 37]",0.508,0.293,0.068,0.996,0.007,0.009,1384.289,1286.967,1.001
"K_uu_weight[26, 38]",0.449,0.273,0.046,0.906,0.007,0.008,1358.295,1278.435,1.001
"K_uu_weight[26, 39]",0.394,0.252,0.034,0.825,0.006,0.008,1335.216,1402.432,1.001
"K_uu_weight[26, 40]",0.343,0.232,0.02,0.74,0.006,0.007,1316.46,1538.556,1.001
"K_uu_weight[26, 41]",0.296,0.212,0.011,0.659,0.005,0.007,1298.927,1540.552,1.002
"K_uu_weight[26, 42]",0.253,0.192,0.006,0.582,0.005,0.007,1282.823,1492.087,1.002
"K_uu_weight[26, 43]",0.215,0.174,0.004,0.517,0.005,0.006,1272.438,1425.477,1.002
"K_uu_weight[26, 44]",0.181,0.155,0.002,0.449,0.004,0.006,1261.066,1446.533,1.002
"K_uu_weight[26, 45]",0.152,0.138,0.001,0.389,0.004,0.006,1254.277,1426.407,1.002
"K_uu_weight[26, 46]",0.127,0.122,0.0,0.337,0.003,0.005,1244.742,1426.901,1.002
"K_uu_weight[26, 47]",0.105,0.108,0.0,0.288,0.003,0.005,1238.785,1448.927,1.002
"K_uu_weight[26, 48]",0.086,0.094,0.0,0.247,0.002,0.005,1232.122,1448.927,1.002
"K_uu_weight[26, 49]",0.07,0.082,0.0,0.207,0.002,0.005,1227.075,1427.167,1.002
"K_uu_weight[27, 0]",0.03,0.045,0.0,0.097,0.001,0.004,1210.356,1385.707,1.002
"K_uu_weight[27, 1]",0.037,0.053,0.0,0.117,0.001,0.004,1214.424,1385.707,1.002
"K_uu_weight[27, 2]",0.046,0.061,0.0,0.142,0.002,0.004,1217.353,1406.052,1.002
"K_uu_weight[27, 3]",0.057,0.071,0.0,0.172,0.002,0.004,1222.348,1405.923,1.002
"K_uu_weight[27, 4]",0.07,0.082,0.0,0.207,0.002,0.005,1227.075,1427.167,1.002
"K_uu_weight[27, 5]",0.086,0.094,0.0,0.247,0.002,0.005,1232.122,1448.927,1.002
"K_uu_weight[27, 6]",0.105,0.108,0.0,0.288,0.003,0.005,1238.785,1448.927,1.002
"K_uu_weight[27, 7]",0.127,0.122,0.0,0.337,0.003,0.005,1244.742,1426.901,1.002
"K_uu_weight[27, 8]",0.152,0.138,0.001,0.389,0.004,0.006,1254.277,1426.407,1.002
"K_uu_weight[27, 9]",0.181,0.155,0.002,0.449,0.004,0.006,1261.066,1446.533,1.002
"K_uu_weight[27, 10]",0.215,0.174,0.004,0.517,0.005,0.006,1272.438,1425.477,1.002
"K_uu_weight[27, 11]",0.253,0.192,0.006,0.582,0.005,0.007,1282.823,1492.087,1.002
"K_uu_weight[27, 12]",0.296,0.212,0.011,0.659,0.005,0.007,1298.927,1540.552,1.002
"K_uu_weight[27, 13]",0.343,0.232,0.02,0.74,0.006,0.007,1316.46,1538.556,1.001
"K_uu_weight[27, 14]",0.394,0.252,0.034,0.825,0.006,0.008,1335.216,1402.432,1.001
"K_uu_weight[27, 15]",0.449,0.273,0.046,0.906,0.007,0.008,1358.295,1278.435,1.001
"K_uu_weight[27, 16]",0.508,0.293,0.068,0.996,0.007,0.009,1384.289,1286.967,1.001
"K_uu_weight[27, 17]",0.569,0.313,0.09,1.086,0.008,0.009,1414.467,1308.678,1.001
"K_uu_weight[27, 18]",0.632,0.332,0.134,1.203,0.008,0.009,1448.036,1408.263,1.001
"K_uu_weight[27, 19]",0.694,0.351,0.154,1.302,0.009,0.01,1478.502,1387.78,1.001
"K_uu_weight[27, 20]",0.755,0.369,0.203,1.417,0.009,0.01,1506.308,1333.87,1.001
"K_uu_weight[27, 21]",0.813,0.387,0.255,1.535,0.009,0.01,1535.929,1401.988,1.001
"K_uu_weight[27, 22]",0.866,0.403,0.256,1.597,0.01,0.011,1560.265,1515.004,1.0
"K_uu_weight[27, 23]",0.912,0.417,0.276,1.673,0.01,0.011,1578.433,1514.381,1.0
"K_uu_weight[27, 24]",0.95,0.429,0.291,1.722,0.01,0.011,1590.899,1539.244,1.0
"K_uu_weight[27, 25]",0.978,0.438,0.301,1.768,0.011,0.011,1597.61,1515.176,1.0
"K_uu_weight[27, 26]",0.995,0.443,0.309,1.8,0.011,0.012,1604.006,1553.939,1.0
"K_uu_weight[27, 27]",1.001,0.445,0.311,1.813,0.011,0.012,1605.742,1528.315,1.0
"K_uu_weight[27, 28]",0.995,0.443,0.309,1.8,0.011,0.012,1604.006,1553.939,1.0
"K_uu_weight[27, 29]",0.978,0.438,0.301,1.768,0.011,0.011,1597.61,1515.176,1.0
"K_uu_weight[27, 30]",0.95,0.429,0.291,1.722,0.01,0.011,1590.899,1539.244,1.0
"K_uu_weight[27, 31]",0.912,0.417,0.276,1.673,0.01,0.011,1578.433,1514.381,1.0
"K_uu_weight[27, 32]",0.866,0.403,0.256,1.597,0.01,0.011,1560.265,1515.004,1.0
"K_uu_weight[27, 33]",0.813,0.387,0.255,1.535,0.009,0.01,1535.929,1401.988,1.001
"K_uu_weight[27, 34]",0.755,0.369,0.203,1.417,0.009,0.01,1506.308,1333.87,1.001
"K_uu_weight[27, 35]",0.694,0.351,0.154,1.302,0.009,0.01,1478.502,1387.78,1.001
"K_uu_weight[27, 36]",0.632,0.332,0.134,1.203,0.008,0.009,1448.036,1408.263,1.001
"K_uu_weight[27, 37]",0.569,0.313,0.09,1.086,0.008,0.009,1414.467,1308.678,1.001
"K_uu_weight[27, 38]",0.508,0.293,0.068,0.996,0.007,0.009,1384.289,1286.967,1.001
"K_uu_weight[27, 39]",0.449,0.273,0.046,0.906,0.007,0.008,1358.295,1278.435,1.001
"K_uu_weight[27, 40]",0.394,0.252,0.034,0.825,0.006,0.008,1335.216,1402.432,1.001
"K_uu_weight[27, 41]",0.343,0.232,0.02,0.74,0.006,0.007,1316.46,1538.556,1.001
"K_uu_weight[27, 42]",0.296,0.212,0.011,0.659,0.005,0.007,1298.927,1540.552,1.002
"K_uu_weight[27, 43]",0.253,0.192,0.006,0.582,0.005,0.007,1282.823,1492.087,1.002
"K_uu_weight[27, 44]",0.215,0.174,0.004,0.517,0.005,0.006,1272.438,1425.477,1.002
"K_uu_weight[27, 45]",0.181,0.155,0.002,0.449,0.004,0.006,1261.066,1446.533,1.002
"K_uu_weight[27, 46]",0.152,0.138,0.001,0.389,0.004,0.006,1254.277,1426.407,1.002
"K_uu_weight[27, 47]",0.127,0.122,0.0,0.337,0.003,0.005,1244.742,1426.901,1.002
"K_uu_weight[27, 48]",0.105,0.108,0.0,0.288,0.003,0.005,1238.785,1448.927,1.002
"K_uu_weight[27, 49]",0.086,0.094,0.0,0.247,0.002,0.005,1232.122,1448.927,1.002
"K_uu_weight[28, 0]",0.024,0.038,0.0,0.08,0.001,0.004,1208.035,1385.707,1.002
"K_uu_weight[28, 1]",0.03,0.045,0.0,0.097,0.001,0.004,1210.356,1385.707,1.002
"K_uu_weight[28, 2]",0.037,0.053,0.0,0.117,0.001,0.004,1214.424,1385.707,1.002
"K_uu_weight[28, 3]",0.046,0.061,0.0,0.142,0.002,0.004,1217.353,1406.052,1.002
"K_uu_weight[28, 4]",0.057,0.071,0.0,0.172,0.002,0.004,1222.348,1405.923,1.002
"K_uu_weight[28, 5]",0.07,0.082,0.0,0.207,0.002,0.005,1227.075,1427.167,1.002
"K_uu_weight[28, 6]",0.086,0.094,0.0,0.247,0.002,0.005,1232.122,1448.927,1.002
"K_uu_weight[28, 7]",0.105,0.108,0.0,0.288,0.003,0.005,1238.785,1448.927,1.002
"K_uu_weight[28, 8]",0.127,0.122,0.0,0.337,0.003,0.005,1244.742,1426.901,1.002
"K_uu_weight[28, 9]",0.152,0.138,0.001,0.389,0.004,0.006,1254.277,1426.407,1.002
"K_uu_weight[28, 10]",0.181,0.155,0.002,0.449,0.004,0.006,1261.066,1446.533,1.002
"K_uu_weight[28, 11]",0.215,0.174,0.004,0.517,0.005,0.006,1272.438,1425.477,1.002
"K_uu_weight[28, 12]",0.253,0.192,0.006,0.582,0.005,0.007,1282.823,1492.087,1.002
"K_uu_weight[28, 13]",0.296,0.212,0.011,0.659,0.005,0.007,1298.927,1540.552,1.002
"K_uu_weight[28, 14]",0.343,0.232,0.02,0.74,0.006,0.007,1316.46,1538.556,1.001
"K_uu_weight[28, 15]",0.394,0.252,0.034,0.825,0.006,0.008,1335.216,1402.432,1.001
"K_uu_weight[28, 16]",0.449,0.273,0.046,0.906,0.007,0.008,1358.295,1278.435,1.001
"K_uu_weight[28, 17]",0.508,0.293,0.068,0.996,0.007,0.009,1384.289,1286.967,1.001
"K_uu_weight[28, 18]",0.569,0.313,0.09,1.086,0.008,0.009,1414.467,1308.678,1.001
"K_uu_weight[28, 19]",0.632,0.332,0.134,1.203,0.008,0.009,1448.036,1408.263,1.001
"K_uu_weight[28, 20]",0.694,0.351,0.154,1.302,0.009,0.01,1478.502,1387.78,1.001
"K_uu_weight[28, 21]",0.755,0.369,0.203,1.417,0.009,0.01,1506.308,1333.87,1.001
"K_uu_weight[28, 22]",0.813,0.387,0.255,1.535,0.009,0.01,1535.929,1401.988,1.001
"K_uu_weight[28, 23]",0.866,0.403,0.256,1.597,0.01,0.011,1560.265,1515.004,1.0
"K_uu_weight[28, 24]",0.912,0.417,0.276,1.673,0.01,0.011,1578.433,1514.381,1.0
"K_uu_weight[28, 25]",0.95,0.429,0.291,1.722,0.01,0.011,1590.899,1539.244,1.0
"K_uu_weight[28, 26]",0.978,0.438,0.301,1.768,0.011,0.011,1597.61,1515.176,1.0
"K_uu_weight[28, 27]",0.995,0.443,0.309,1.8,0.011,0.012,1604.006,1553.939,1.0
"K_uu_weight[28, 28]",1.001,0.445,0.311,1.813,0.011,0.012,1605.742,1528.315,1.0
"K_uu_weight[28, 29]",0.995,0.443,0.309,1.8,0.011,0.012,1604.006,1553.939,1.0
"K_uu_weight[28, 30]",0.978,0.438,0.301,1.768,0.011,0.011,1597.61,1515.176,1.0
"K_uu_weight[28, 31]",0.95,0.429,0.291,1.722,0.01,0.011,1590.899,1539.244,1.0
"K_uu_weight[28, 32]",0.912,0.417,0.276,1.673,0.01,0.011,1578.433,1514.381,1.0
"K_uu_weight[28, 33]",0.866,0.403,0.256,1.597,0.01,0.011,1560.265,1515.004,1.0
"K_uu_weight[28, 34]",0.813,0.387,0.255,1.535,0.009,0.01,1535.929,1401.988,1.001
"K_uu_weight[28, 35]",0.755,0.369,0.203,1.417,0.009,0.01,1506.308,1333.87,1.001
"K_uu_weight[28, 36]",0.694,0.351,0.154,1.302,0.009,0.01,1478.502,1387.78,1.001
"K_uu_weight[28, 37]",0.632,0.332,0.134,1.203,0.008,0.009,1448.036,1408.263,1.001
"K_uu_weight[28, 38]",0.569,0.313,0.09,1.086,0.008,0.009,1414.467,1308.678,1.001
"K_uu_weight[28, 39]",0.508,0.293,0.068,0.996,0.007,0.009,1384.289,1286.967,1.001
"K_uu_weight[28, 40]",0.449,0.273,0.046,0.906,0.007,0.008,1358.295,1278.435,1.001
"K_uu_weight[28, 41]",0.394,0.252,0.034,0.825,0.006,0.008,1335.216,1402.432,1.001
"K_uu_weight[28, 42]",0.343,0.232,0.02,0.74,0.006,0.007,1316.46,1538.556,1.001
"K_uu_weight[28, 43]",0.296,0.212,0.011,0.659,0.005,0.007,1298.927,1540.552,1.002
"K_uu_weight[28, 44]",0.253,0.192,0.006,0.582,0.005,0.007,1282.823,1492.087,1.002
"K_uu_weight[28, 45]",0.215,0.174,0.004,0.517,0.005,0.006,1272.438,1425.477,1.002
"K_uu_weight[28, 46]",0.181,0.155,0.002,0.449,0.004,0.006,1261.066,1446.533,1.002
"K_uu_weight[28, 47]",0.152,0.138,0.001,0.389,0.004,0.006,1254.277,1426.407,1.002
"K_uu_weight[28, 48]",0.127,0.122,0.0,0.337,0.003,0.005,1244.742,1426.901,1.002
"K_uu_weight[28, 49]",0.105,0.108,0.0,0.288,0.003,0.005,1238.785,1448.927,1.002
"K_uu_weight[29, 0]",0.019,0.033,0.0,0.065,0.001,0.003,1206.341,1385.707,1.002
"K_uu_weight[29, 1]",0.024,0.038,0.0,0.08,0.001,0.004,1208.035,1385.707,1.002
"K_uu_weight[29, 2]",0.03,0.045,0.0,0.097,0.001,0.004,1210.356,1385.707,1.002
"K_uu_weight[29, 3]",0.037,0.053,0.0,0.117,0.001,0.004,1214.424,1385.707,1.002
"K_uu_weight[29, 4]",0.046,0.061,0.0,0.142,0.002,0.004,1217.353,1406.052,1.002
"K_uu_weight[29, 5]",0.057,0.071,0.0,0.172,0.002,0.004,1222.348,1405.923,1.002
"K_uu_weight[29, 6]",0.07,0.082,0.0,0.207,0.002,0.005,1227.075,1427.167,1.002
"K_uu_weight[29, 7]",0.086,0.094,0.0,0.247,0.002,0.005,1232.122,1448.927,1.002
"K_uu_weight[29, 8]",0.105,0.108,0.0,0.288,0.003,0.005,1238.785,1448.927,1.002
"K_uu_weight[29, 9]",0.127,0.122,0.0,0.337,0.003,0.005,1244.742,1426.901,1.002
"K_uu_weight[29, 10]",0.152,0.138,0.001,0.389,0.004,0.006,1254.277,1426.407,1.002
"K_uu_weight[29, 11]",0.181,0.155,0.002,0.449,0.004,0.006,1261.066,1446.533,1.002
"K_uu_weight[29, 12]",0.215,0.174,0.004,0.517,0.005,0.006,1272.438,1425.477,1.002
"K_uu_weight[29, 13]",0.253,0.192,0.006,0.582,0.005,0.007,1282.823,1492.087,1.002
"K_uu_weight[29, 14]",0.296,0.212,0.011,0.659,0.005,0.007,1298.927,1540.552,1.002
"K_uu_weight[29, 15]",0.343,0.232,0.02,0.74,0.006,0.007,1316.46,1538.556,1.001
"K_uu_weight[29, 16]",0.394,0.252,0.034,0.825,0.006,0.008,1335.216,1402.432,1.001
"K_uu_weight[29, 17]",0.449,0.273,0.046,0.906,0.007,0.008,1358.295,1278.435,1.001
"K_uu_weight[29, 18]",0.508,0.293,0.068,0.996,0.007,0.009,1384.289,1286.967,1.001
"K_uu_weight[29, 19]",0.569,0.313,0.09,1.086,0.008,0.009,1414.467,1308.678,1.001
"K_uu_weight[29, 20]",0.632,0.332,0.134,1.203,0.008,0.009,1448.036,1408.263,1.001
"K_uu_weight[29, 21]",0.694,0.351,0.154,1.302,0.009,0.01,1478.502,1387.78,1.001
"K_uu_weight[29, 22]",0.755,0.369,0.203,1.417,0.009,0.01,1506.308,1333.87,1.001
"K_uu_weight[29, 23]",0.813,0.387,0.255,1.535,0.009,0.01,1535.929,1401.988,1.001
"K_uu_weight[29, 24]",0.866,0.403,0.256,1.597,0.01,0.011,1560.265,1515.004,1.0
"K_uu_weight[29, 25]",0.912,0.417,0.276,1.673,0.01,0.011,1578.433,1514.381,1.0
"K_uu_weight[29, 26]",0.95,0.429,0.291,1.722,0.01,0.011,1590.899,1539.244,1.0
"K_uu_weight[29, 27]",0.978,0.438,0.301,1.768,0.011,0.011,1597.61,1515.176,1.0
"K_uu_weight[29, 28]",0.995,0.443,0.309,1.8,0.011,0.012,1604.006,1553.939,1.0
"K_uu_weight[29, 29]",1.001,0.445,0.311,1.813,0.011,0.012,1605.742,1528.315,1.0
"K_uu_weight[29, 30]",0.995,0.443,0.309,1.8,0.011,0.012,1604.006,1553.939,1.0
"K_uu_weight[29, 31]",0.978,0.438,0.301,1.768,0.011,0.011,1597.61,1515.176,1.0
"K_uu_weight[29, 32]",0.95,0.429,0.291,1.722,0.01,0.011,1590.899,1539.244,1.0
"K_uu_weight[29, 33]",0.912,0.417,0.276,1.673,0.01,0.011,1578.433,1514.381,1.0
"K_uu_weight[29, 34]",0.866,0.403,0.256,1.597,0.01,0.011,1560.265,1515.004,1.0
"K_uu_weight[29, 35]",0.813,0.387,0.255,1.535,0.009,0.01,1535.929,1401.988,1.001
"K_uu_weight[29, 36]",0.755,0.369,0.203,1.417,0.009,0.01,1506.308,1333.87,1.001
"K_uu_weight[29, 37]",0.694,0.351,0.154,1.302,0.009,0.01,1478.502,1387.78,1.001
"K_uu_weight[29, 38]",0.632,0.332,0.134,1.203,0.008,0.009,1448.036,1408.263,1.001
"K_uu_weight[29, 39]",0.569,0.313,0.09,1.086,0.008,0.009,1414.467,1308.678,1.001
"K_uu_weight[29, 40]",0.508,0.293,0.068,0.996,0.007,0.009,1384.289,1286.967,1.001
"K_uu_weight[29, 41]",0.449,0.273,0.046,0.906,0.007,0.008,1358.295,1278.435,1.001
"K_uu_weight[29, 42]",0.394,0.252,0.034,0.825,0.006,0.008,1335.216,1402.432,1.001
"K_uu_weight[29, 43]",0.343,0.232,0.02,0.74,0.006,0.007,1316.46,1538.556,1.001
"K_uu_weight[29, 44]",0.296,0.212,0.011,0.659,0.005,0.007,1298.927,1540.552,1.002
"K_uu_weight[29, 45]",0.253,0.192,0.006,0.582,0.005,0.007,1282.823,1492.087,1.002
"K_uu_weight[29, 46]",0.215,0.174,0.004,0.517,0.005,0.006,1272.438,1425.477,1.002
"K_uu_weight[29, 47]",0.181,0.155,0.002,0.449,0.004,0.006,1261.066,1446.533,1.002
"K_uu_weight[29, 48]",0.152,0.138,0.001,0.389,0.004,0.006,1254.277,1426.407,1.002
"K_uu_weight[29, 49]",0.127,0.122,0.0,0.337,0.003,0.005,1244.742,1426.901,1.002
"K_uu_weight[30, 0]",0.015,0.028,0.0,0.052,0.001,0.003,1203.435,1365.793,1.002
"K_uu_weight[30, 1]",0.019,0.033,0.0,0.065,0.001,0.003,1206.341,1385.707,1.002
"K_uu_weight[30, 2]",0.024,0.038,0.0,0.08,0.001,0.004,1208.035,1385.707,1.002
"K_uu_weight[30, 3]",0.03,0.045,0.0,0.097,0.001,0.004,1210.356,1385.707,1.002
"K_uu_weight[30, 4]",0.037,0.053,0.0,0.117,0.001,0.004,1214.424,1385.707,1.002
"K_uu_weight[30, 5]",0.046,0.061,0.0,0.142,0.002,0.004,1217.353,1406.052,1.002
"K_uu_weight[30, 6]",0.057,0.071,0.0,0.172,0.002,0.004,1222.348,1405.923,1.002
"K_uu_weight[30, 7]",0.07,0.082,0.0,0.207,0.002,0.005,1227.075,1427.167,1.002
"K_uu_weight[30, 8]",0.086,0.094,0.0,0.247,0.002,0.005,1232.122,1448.927,1.002
"K_uu_weight[30, 9]",0.105,0.108,0.0,0.288,0.003,0.005,1238.785,1448.927,1.002
"K_uu_weight[30, 10]",0.127,0.122,0.0,0.337,0.003,0.005,1244.742,1426.901,1.002
"K_uu_weight[30, 11]",0.152,0.138,0.001,0.389,0.004,0.006,1254.277,1426.407,1.002
"K_uu_weight[30, 12]",0.181,0.155,0.002,0.449,0.004,0.006,1261.066,1446.533,1.002
"K_uu_weight[30, 13]",0.215,0.174,0.004,0.517,0.005,0.006,1272.438,1425.477,1.002
"K_uu_weight[30, 14]",0.253,0.192,0.006,0.582,0.005,0.007,1282.823,1492.087,1.002
"K_uu_weight[30, 15]",0.296,0.212,0.011,0.659,0.005,0.007,1298.927,1540.552,1.002
"K_uu_weight[30, 16]",0.343,0.232,0.02,0.74,0.006,0.007,1316.46,1538.556,1.001
"K_uu_weight[30, 17]",0.394,0.252,0.034,0.825,0.006,0.008,1335.216,1402.432,1.001
"K_uu_weight[30, 18]",0.449,0.273,0.046,0.906,0.007,0.008,1358.295,1278.435,1.001
"K_uu_weight[30, 19]",0.508,0.293,0.068,0.996,0.007,0.009,1384.289,1286.967,1.001
"K_uu_weight[30, 20]",0.569,0.313,0.09,1.086,0.008,0.009,1414.467,1308.678,1.001
"K_uu_weight[30, 21]",0.632,0.332,0.134,1.203,0.008,0.009,1448.036,1408.263,1.001
"K_uu_weight[30, 22]",0.694,0.351,0.154,1.302,0.009,0.01,1478.502,1387.78,1.001
"K_uu_weight[30, 23]",0.755,0.369,0.203,1.417,0.009,0.01,1506.308,1333.87,1.001
"K_uu_weight[30, 24]",0.813,0.387,0.255,1.535,0.009,0.01,1535.929,1401.988,1.001
"K_uu_weight[30, 25]",0.866,0.403,0.256,1.597,0.01,0.011,1560.265,1515.004,1.0
"K_uu_weight[30, 26]",0.912,0.417,0.276,1.673,0.01,0.011,1578.433,1514.381,1.0
"K_uu_weight[30, 27]",0.95,0.429,0.291,1.722,0.01,0.011,1590.899,1539.244,1.0
"K_uu_weight[30, 28]",0.978,0.438,0.301,1.768,0.011,0.011,1597.61,1515.176,1.0
"K_uu_weight[30, 29]",0.995,0.443,0.309,1.8,0.011,0.012,1604.006,1553.939,1.0
"K_uu_weight[30, 30]",1.001,0.445,0.311,1.813,0.011,0.012,1605.742,1528.315,1.0
"K_uu_weight[30, 31]",0.995,0.443,0.309,1.8,0.011,0.012,1604.006,1553.939,1.0
"K_uu_weight[30, 32]",0.978,0.438,0.301,1.768,0.011,0.011,1597.61,1515.176,1.0
"K_uu_weight[30, 33]",0.95,0.429,0.291,1.722,0.01,0.011,1590.899,1539.244,1.0
"K_uu_weight[30, 34]",0.912,0.417,0.276,1.673,0.01,0.011,1578.433,1514.381,1.0
"K_uu_weight[30, 35]",0.866,0.403,0.256,1.597,0.01,0.011,1560.265,1515.004,1.0
"K_uu_weight[30, 36]",0.813,0.387,0.255,1.535,0.009,0.01,1535.929,1401.988,1.001
"K_uu_weight[30, 37]",0.755,0.369,0.203,1.417,0.009,0.01,1506.308,1333.87,1.001
"K_uu_weight[30, 38]",0.694,0.351,0.154,1.302,0.009,0.01,1478.502,1387.78,1.001
"K_uu_weight[30, 39]",0.632,0.332,0.134,1.203,0.008,0.009,1448.036,1408.263,1.001
"K_uu_weight[30, 40]",0.569,0.313,0.09,1.086,0.008,0.009,1414.467,1308.678,1.001
"K_uu_weight[30, 41]",0.508,0.293,0.068,0.996,0.007,0.009,1384.289,1286.967,1.001
"K_uu_weight[30, 42]",0.449,0.273,0.046,0.906,0.007,0.008,1358.295,1278.435,1.001
"K_uu_weight[30, 43]",0.394,0.252,0.034,0.825,0.006,0.008,1335.216,1402.432,1.001
"K_uu_weight[30, 44]",0.343,0.232,0.02,0.74,0.006,0.007,1316.46,1538.556,1.001
"K_uu_weight[30, 45]",0.296,0.212,0.011,0.659,0.005,0.007,1298.927,1540.552,1.002
"K_uu_weight[30, 46]",0.253,0.192,0.006,0.582,0.005,0.007,1282.823,1492.087,1.002
"K_uu_weight[30, 47]",0.215,0.174,0.004,0.517,0.005,0.006,1272.438,1425.477,1.002
"K_uu_weight[30, 48]",0.181,0.155,0.002,0.449,0.004,0.006,1261.066,1446.533,1.002
"K_uu_weight[30, 49]",0.152,0.138,0.001,0.389,0.004,0.006,1254.277,1426.407,1.002
"K_uu_weight[31, 0]",0.012,0.024,0.0,0.042,0.001,0.003,1201.357,1346.443,1.002
"K_uu_weight[31, 1]",0.015,0.028,0.0,0.052,0.001,0.003,1203.435,1365.793,1.002
"K_uu_weight[31, 2]",0.019,0.033,0.0,0.065,0.001,0.003,1206.341,1385.707,1.002
"K_uu_weight[31, 3]",0.024,0.038,0.0,0.08,0.001,0.004,1208.035,1385.707,1.002
"K_uu_weight[31, 4]",0.03,0.045,0.0,0.097,0.001,0.004,1210.356,1385.707,1.002
"K_uu_weight[31, 5]",0.037,0.053,0.0,0.117,0.001,0.004,1214.424,1385.707,1.002
"K_uu_weight[31, 6]",0.046,0.061,0.0,0.142,0.002,0.004,1217.353,1406.052,1.002
"K_uu_weight[31, 7]",0.057,0.071,0.0,0.172,0.002,0.004,1222.348,1405.923,1.002
"K_uu_weight[31, 8]",0.07,0.082,0.0,0.207,0.002,0.005,1227.075,1427.167,1.002
"K_uu_weight[31, 9]",0.086,0.094,0.0,0.247,0.002,0.005,1232.122,1448.927,1.002
"K_uu_weight[31, 10]",0.105,0.108,0.0,0.288,0.003,0.005,1238.785,1448.927,1.002
"K_uu_weight[31, 11]",0.127,0.122,0.0,0.337,0.003,0.005,1244.742,1426.901,1.002
"K_uu_weight[31, 12]",0.152,0.138,0.001,0.389,0.004,0.006,1254.277,1426.407,1.002
"K_uu_weight[31, 13]",0.181,0.155,0.002,0.449,0.004,0.006,1261.066,1446.533,1.002
"K_uu_weight[31, 14]",0.215,0.174,0.004,0.517,0.005,0.006,1272.438,1425.477,1.002
"K_uu_weight[31, 15]",0.253,0.192,0.006,0.582,0.005,0.007,1282.823,1492.087,1.002
"K_uu_weight[31, 16]",0.296,0.212,0.011,0.659,0.005,0.007,1298.927,1540.552,1.002
"K_uu_weight[31, 17]",0.343,0.232,0.02,0.74,0.006,0.007,1316.46,1538.556,1.001
"K_uu_weight[31, 18]",0.394,0.252,0.034,0.825,0.006,0.008,1335.216,1402.432,1.001
"K_uu_weight[31, 19]",0.449,0.273,0.046,0.906,0.007,0.008,1358.295,1278.435,1.001
"K_uu_weight[31, 20]",0.508,0.293,0.068,0.996,0.007,0.009,1384.289,1286.967,1.001
"K_uu_weight[31, 21]",0.569,0.313,0.09,1.086,0.008,0.009,1414.467,1308.678,1.001
"K_uu_weight[31, 22]",0.632,0.332,0.134,1.203,0.008,0.009,1448.036,1408.263,1.001
"K_uu_weight[31, 23]",0.694,0.351,0.154,1.302,0.009,0.01,1478.502,1387.78,1.001
"K_uu_weight[31, 24]",0.755,0.369,0.203,1.417,0.009,0.01,1506.308,1333.87,1.001
"K_uu_weight[31, 25]",0.813,0.387,0.255,1.535,0.009,0.01,1535.929,1401.988,1.001
"K_uu_weight[31, 26]",0.866,0.403,0.256,1.597,0.01,0.011,1560.265,1515.004,1.0
"K_uu_weight[31, 27]",0.912,0.417,0.276,1.673,0.01,0.011,1578.433,1514.381,1.0
"K_uu_weight[31, 28]",0.95,0.429,0.291,1.722,0.01,0.011,1590.899,1539.244,1.0
"K_uu_weight[31, 29]",0.978,0.438,0.301,1.768,0.011,0.011,1597.61,1515.176,1.0
"K_uu_weight[31, 30]",0.995,0.443,0.309,1.8,0.011,0.012,1604.006,1553.939,1.0
"K_uu_weight[31, 31]",1.001,0.445,0.311,1.813,0.011,0.012,1605.742,1528.315,1.0
"K_uu_weight[31, 32]",0.995,0.443,0.309,1.8,0.011,0.012,1604.006,1553.939,1.0
"K_uu_weight[31, 33]",0.978,0.438,0.301,1.768,0.011,0.011,1597.61,1515.176,1.0
"K_uu_weight[31, 34]",0.95,0.429,0.291,1.722,0.01,0.011,1590.899,1539.244,1.0
"K_uu_weight[31, 35]",0.912,0.417,0.276,1.673,0.01,0.011,1578.433,1514.381,1.0
"K_uu_weight[31, 36]",0.866,0.403,0.256,1.597,0.01,0.011,1560.265,1515.004,1.0
"K_uu_weight[31, 37]",0.813,0.387,0.255,1.535,0.009,0.01,1535.929,1401.988,1.001
"K_uu_weight[31, 38]",0.755,0.369,0.203,1.417,0.009,0.01,1506.308,1333.87,1.001
"K_uu_weight[31, 39]",0.694,0.351,0.154,1.302,0.009,0.01,1478.502,1387.78,1.001
"K_uu_weight[31, 40]",0.632,0.332,0.134,1.203,0.008,0.009,1448.036,1408.263,1.001
"K_uu_weight[31, 41]",0.569,0.313,0.09,1.086,0.008,0.009,1414.467,1308.678,1.001
"K_uu_weight[31, 42]",0.508,0.293,0.068,0.996,0.007,0.009,1384.289,1286.967,1.001
"K_uu_weight[31, 43]",0.449,0.273,0.046,0.906,0.007,0.008,1358.295,1278.435,1.001
"K_uu_weight[31, 44]",0.394,0.252,0.034,0.825,0.006,0.008,1335.216,1402.432,1.001
"K_uu_weight[31, 45]",0.343,0.232,0.02,0.74,0.006,0.007,1316.46,1538.556,1.001
"K_uu_weight[31, 46]",0.296,0.212,0.011,0.659,0.005,0.007,1298.927,1540.552,1.002
"K_uu_weight[31, 47]",0.253,0.192,0.006,0.582,0.005,0.007,1282.823,1492.087,1.002
"K_uu_weight[31, 48]",0.215,0.174,0.004,0.517,0.005,0.006,1272.438,1425.477,1.002
"K_uu_weight[31, 49]",0.181,0.155,0.002,0.449,0.004,0.006,1261.066,1446.533,1.002
"K_uu_weight[32, 0]",0.009,0.02,0.0,0.033,0.001,0.003,1199.831,1346.443,1.002
"K_uu_weight[32, 1]",0.012,0.024,0.0,0.042,0.001,0.003,1201.357,1346.443,1.002
"K_uu_weight[32, 2]",0.015,0.028,0.0,0.052,0.001,0.003,1203.435,1365.793,1.002
"K_uu_weight[32, 3]",0.019,0.033,0.0,0.065,0.001,0.003,1206.341,1385.707,1.002
"K_uu_weight[32, 4]",0.024,0.038,0.0,0.08,0.001,0.004,1208.035,1385.707,1.002
"K_uu_weight[32, 5]",0.03,0.045,0.0,0.097,0.001,0.004,1210.356,1385.707,1.002
"K_uu_weight[32, 6]",0.037,0.053,0.0,0.117,0.001,0.004,1214.424,1385.707,1.002
"K_uu_weight[32, 7]",0.046,0.061,0.0,0.142,0.002,0.004,1217.353,1406.052,1.002
"K_uu_weight[32, 8]",0.057,0.071,0.0,0.172,0.002,0.004,1222.348,1405.923,1.002
"K_uu_weight[32, 9]",0.07,0.082,0.0,0.207,0.002,0.005,1227.075,1427.167,1.002
"K_uu_weight[32, 10]",0.086,0.094,0.0,0.247,0.002,0.005,1232.122,1448.927,1.002
"K_uu_weight[32, 11]",0.105,0.108,0.0,0.288,0.003,0.005,1238.785,1448.927,1.002
"K_uu_weight[32, 12]",0.127,0.122,0.0,0.337,0.003,0.005,1244.742,1426.901,1.002
"K_uu_weight[32, 13]",0.152,0.138,0.001,0.389,0.004,0.006,1254.277,1426.407,1.002
"K_uu_weight[32, 14]",0.181,0.155,0.002,0.449,0.004,0.006,1261.066,1446.533,1.002
"K_uu_weight[32, 15]",0.215,0.174,0.004,0.517,0.005,0.006,1272.438,1425.477,1.002
"K_uu_weight[32, 16]",0.253,0.192,0.006,0.582,0.005,0.007,1282.823,1492.087,1.002
"K_uu_weight[32, 17]",0.296,0.212,0.011,0.659,0.005,0.007,1298.927,1540.552,1.002
"K_uu_weight[32, 18]",0.343,0.232,0.02,0.74,0.006,0.007,1316.46,1538.556,1.001
"K_uu_weight[32, 19]",0.394,0.252,0.034,0.825,0.006,0.008,1335.216,1402.432,1.001
"K_uu_weight[32, 20]",0.449,0.273,0.046,0.906,0.007,0.008,1358.295,1278.435,1.001
"K_uu_weight[32, 21]",0.508,0.293,0.068,0.996,0.007,0.009,1384.289,1286.967,1.001
"K_uu_weight[32, 22]",0.569,0.313,0.09,1.086,0.008,0.009,1414.467,1308.678,1.001
"K_uu_weight[32, 23]",0.632,0.332,0.134,1.203,0.008,0.009,1448.036,1408.263,1.001
"K_uu_weight[32, 24]",0.694,0.351,0.154,1.302,0.009,0.01,1478.502,1387.78,1.001
"K_uu_weight[32, 25]",0.755,0.369,0.203,1.417,0.009,0.01,1506.308,1333.87,1.001
"K_uu_weight[32, 26]",0.813,0.387,0.255,1.535,0.009,0.01,1535.929,1401.988,1.001
"K_uu_weight[32, 27]",0.866,0.403,0.256,1.597,0.01,0.011,1560.265,1515.004,1.0
"K_uu_weight[32, 28]",0.912,0.417,0.276,1.673,0.01,0.011,1578.433,1514.381,1.0
"K_uu_weight[32, 29]",0.95,0.429,0.291,1.722,0.01,0.011,1590.899,1539.244,1.0
"K_uu_weight[32, 30]",0.978,0.438,0.301,1.768,0.011,0.011,1597.61,1515.176,1.0
"K_uu_weight[32, 31]",0.995,0.443,0.309,1.8,0.011,0.012,1604.006,1553.939,1.0
"K_uu_weight[32, 32]",1.001,0.445,0.311,1.813,0.011,0.012,1605.742,1528.315,1.0
"K_uu_weight[32, 33]",0.995,0.443,0.309,1.8,0.011,0.012,1604.006,1553.939,1.0
"K_uu_weight[32, 34]",0.978,0.438,0.301,1.768,0.011,0.011,1597.61,1515.176,1.0
"K_uu_weight[32, 35]",0.95,0.429,0.291,1.722,0.01,0.011,1590.899,1539.244,1.0
"K_uu_weight[32, 36]",0.912,0.417,0.276,1.673,0.01,0.011,1578.433,1514.381,1.0
"K_uu_weight[32, 37]",0.866,0.403,0.256,1.597,0.01,0.011,1560.265,1515.004,1.0
"K_uu_weight[32, 38]",0.813,0.387,0.255,1.535,0.009,0.01,1535.929,1401.988,1.001
"K_uu_weight[32, 39]",0.755,0.369,0.203,1.417,0.009,0.01,1506.308,1333.87,1.001
"K_uu_weight[32, 40]",0.694,0.351,0.154,1.302,0.009,0.01,1478.502,1387.78,1.001
"K_uu_weight[32, 41]",0.632,0.332,0.134,1.203,0.008,0.009,1448.036,1408.263,1.001
"K_uu_weight[32, 42]",0.569,0.313,0.09,1.086,0.008,0.009,1414.467,1308.678,1.001
"K_uu_weight[32, 43]",0.508,0.293,0.068,0.996,0.007,0.009,1384.289,1286.967,1.001
"K_uu_weight[32, 44]",0.449,0.273,0.046,0.906,0.007,0.008,1358.295,1278.435,1.001
"K_uu_weight[32, 45]",0.394,0.252,0.034,0.825,0.006,0.008,1335.216,1402.432,1.001
"K_uu_weight[32, 46]",0.343,0.232,0.02,0.74,0.006,0.007,1316.46,1538.556,1.001
"K_uu_weight[32, 47]",0.296,0.212,0.011,0.659,0.005,0.007,1298.927,1540.552,1.002
"K_uu_weight[32, 48]",0.253,0.192,0.006,0.582,0.005,0.007,1282.823,1492.087,1.002
"K_uu_weight[32, 49]",0.215,0.174,0.004,0.517,0.005,0.006,1272.438,1425.477,1.002
"K_uu_weight[33, 0]",0.007,0.017,0.0,0.026,0.0,0.003,1198.038,1365.793,1.002
"K_uu_weight[33, 1]",0.009,0.02,0.0,0.033,0.001,0.003,1199.831,1346.443,1.002
"K_uu_weight[33, 2]",0.012,0.024,0.0,0.042,0.001,0.003,1201.357,1346.443,1.002
"K_uu_weight[33, 3]",0.015,0.028,0.0,0.052,0.001,0.003,1203.435,1365.793,1.002
"K_uu_weight[33, 4]",0.019,0.033,0.0,0.065,0.001,0.003,1206.341,1385.707,1.002
"K_uu_weight[33, 5]",0.024,0.038,0.0,0.08,0.001,0.004,1208.035,1385.707,1.002
"K_uu_weight[33, 6]",0.03,0.045,0.0,0.097,0.001,0.004,1210.356,1385.707,1.002
"K_uu_weight[33, 7]",0.037,0.053,0.0,0.117,0.001,0.004,1214.424,1385.707,1.002
"K_uu_weight[33, 8]",0.046,0.061,0.0,0.142,0.002,0.004,1217.353,1406.052,1.002
"K_uu_weight[33, 9]",0.057,0.071,0.0,0.172,0.002,0.004,1222.348,1405.923,1.002
"K_uu_weight[33, 10]",0.07,0.082,0.0,0.207,0.002,0.005,1227.075,1427.167,1.002
"K_uu_weight[33, 11]",0.086,0.094,0.0,0.247,0.002,0.005,1232.122,1448.927,1.002
"K_uu_weight[33, 12]",0.105,0.108,0.0,0.288,0.003,0.005,1238.785,1448.927,1.002
"K_uu_weight[33, 13]",0.127,0.122,0.0,0.337,0.003,0.005,1244.742,1426.901,1.002
"K_uu_weight[33, 14]",0.152,0.138,0.001,0.389,0.004,0.006,1254.277,1426.407,1.002
"K_uu_weight[33, 15]",0.181,0.155,0.002,0.449,0.004,0.006,1261.066,1446.533,1.002
"K_uu_weight[33, 16]",0.215,0.174,0.004,0.517,0.005,0.006,1272.438,1425.477,1.002
"K_uu_weight[33, 17]",0.253,0.192,0.006,0.582,0.005,0.007,1282.823,1492.087,1.002
"K_uu_weight[33, 18]",0.296,0.212,0.011,0.659,0.005,0.007,1298.927,1540.552,1.002
"K_uu_weight[33, 19]",0.343,0.232,0.02,0.74,0.006,0.007,1316.46,1538.556,1.001
"K_uu_weight[33, 20]",0.394,0.252,0.034,0.825,0.006,0.008,1335.216,1402.432,1.001
"K_uu_weight[33, 21]",0.449,0.273,0.046,0.906,0.007,0.008,1358.295,1278.435,1.001
"K_uu_weight[33, 22]",0.508,0.293,0.068,0.996,0.007,0.009,1384.289,1286.967,1.001
"K_uu_weight[33, 23]",0.569,0.313,0.09,1.086,0.008,0.009,1414.467,1308.678,1.001
"K_uu_weight[33, 24]",0.632,0.332,0.134,1.203,0.008,0.009,1448.036,1408.263,1.001
"K_uu_weight[33, 25]",0.694,0.351,0.154,1.302,0.009,0.01,1478.502,1387.78,1.001
"K_uu_weight[33, 26]",0.755,0.369,0.203,1.417,0.009,0.01,1506.308,1333.87,1.001
"K_uu_weight[33, 27]",0.813,0.387,0.255,1.535,0.009,0.01,1535.929,1401.988,1.001
"K_uu_weight[33, 28]",0.866,0.403,0.256,1.597,0.01,0.011,1560.265,1515.004,1.0
"K_uu_weight[33, 29]",0.912,0.417,0.276,1.673,0.01,0.011,1578.433,1514.381,1.0
"K_uu_weight[33, 30]",0.95,0.429,0.291,1.722,0.01,0.011,1590.899,1539.244,1.0
"K_uu_weight[33, 31]",0.978,0.438,0.301,1.768,0.011,0.011,1597.61,1515.176,1.0
"K_uu_weight[33, 32]",0.995,0.443,0.309,1.8,0.011,0.012,1604.006,1553.939,1.0
"K_uu_weight[33, 33]",1.001,0.445,0.311,1.813,0.011,0.012,1605.742,1528.315,1.0
"K_uu_weight[33, 34]",0.995,0.443,0.309,1.8,0.011,0.012,1604.006,1553.939,1.0
"K_uu_weight[33, 35]",0.978,0.438,0.301,1.768,0.011,0.011,1597.61,1515.176,1.0
"K_uu_weight[33, 36]",0.95,0.429,0.291,1.722,0.01,0.011,1590.899,1539.244,1.0
"K_uu_weight[33, 37]",0.912,0.417,0.276,1.673,0.01,0.011,1578.433,1514.381,1.0
"K_uu_weight[33, 38]",0.866,0.403,0.256,1.597,0.01,0.011,1560.265,1515.004,1.0
"K_uu_weight[33, 39]",0.813,0.387,0.255,1.535,0.009,0.01,1535.929,1401.988,1.001
"K_uu_weight[33, 40]",0.755,0.369,0.203,1.417,0.009,0.01,1506.308,1333.87,1.001
"K_uu_weight[33, 41]",0.694,0.351,0.154,1.302,0.009,0.01,1478.502,1387.78,1.001
"K_uu_weight[33, 42]",0.632,0.332,0.134,1.203,0.008,0.009,1448.036,1408.263,1.001
"K_uu_weight[33, 43]",0.569,0.313,0.09,1.086,0.008,0.009,1414.467,1308.678,1.001
"K_uu_weight[33, 44]",0.508,0.293,0.068,0.996,0.007,0.009,1384.289,1286.967,1.001
"K_uu_weight[33, 45]",0.449,0.273,0.046,0.906,0.007,0.008,1358.295,1278.435,1.001
"K_uu_weight[33, 46]",0.394,0.252,0.034,0.825,0.006,0.008,1335.216,1402.432,1.001
"K_uu_weight[33, 47]",0.343,0.232,0.02,0.74,0.006,0.007,1316.46,1538.556,1.001
"K_uu_weight[33, 48]",0.296,0.212,0.011,0.659,0.005,0.007,1298.927,1540.552,1.002
"K_uu_weight[33, 49]",0.253,0.192,0.006,0.582,0.005,0.007,1282.823,1492.087,1.002
"K_uu_weight[34, 0]",0.005,0.014,0.0,0.02,0.0,0.002,1196.829,1346.268,1.002
"K_uu_weight[34, 1]",0.007,0.017,0.0,0.026,0.0,0.003,1198.038,1365.793,1.002
"K_uu_weight[34, 2]",0.009,0.02,0.0,0.033,0.001,0.003,1199.831,1346.443,1.002
"K_uu_weight[34, 3]",0.012,0.024,0.0,0.042,0.001,0.003,1201.357,1346.443,1.002
"K_uu_weight[34, 4]",0.015,0.028,0.0,0.052,0.001,0.003,1203.435,1365.793,1.002
"K_uu_weight[34, 5]",0.019,0.033,0.0,0.065,0.001,0.003,1206.341,1385.707,1.002
"K_uu_weight[34, 6]",0.024,0.038,0.0,0.08,0.001,0.004,1208.035,1385.707,1.002
"K_uu_weight[34, 7]",0.03,0.045,0.0,0.097,0.001,0.004,1210.356,1385.707,1.002
"K_uu_weight[34, 8]",0.037,0.053,0.0,0.117,0.001,0.004,1214.424,1385.707,1.002
"K_uu_weight[34, 9]",0.046,0.061,0.0,0.142,0.002,0.004,1217.353,1406.052,1.002
"K_uu_weight[34, 10]",0.057,0.071,0.0,0.172,0.002,0.004,1222.348,1405.923,1.002
"K_uu_weight[34, 11]",0.07,0.082,0.0,0.207,0.002,0.005,1227.075,1427.167,1.002
"K_uu_weight[34, 12]",0.086,0.094,0.0,0.247,0.002,0.005,1232.122,1448.927,1.002
"K_uu_weight[34, 13]",0.105,0.108,0.0,0.288,0.003,0.005,1238.785,1448.927,1.002
"K_uu_weight[34, 14]",0.127,0.122,0.0,0.337,0.003,0.005,1244.742,1426.901,1.002
"K_uu_weight[34, 15]",0.152,0.138,0.001,0.389,0.004,0.006,1254.277,1426.407,1.002
"K_uu_weight[34, 16]",0.181,0.155,0.002,0.449,0.004,0.006,1261.066,1446.533,1.002
"K_uu_weight[34, 17]",0.215,0.174,0.004,0.517,0.005,0.006,1272.438,1425.477,1.002
"K_uu_weight[34, 18]",0.253,0.192,0.006,0.582,0.005,0.007,1282.823,1492.087,1.002
"K_uu_weight[34, 19]",0.296,0.212,0.011,0.659,0.005,0.007,1298.927,1540.552,1.002
"K_uu_weight[34, 20]",0.343,0.232,0.02,0.74,0.006,0.007,1316.46,1538.556,1.001
"K_uu_weight[34, 21]",0.394,0.252,0.034,0.825,0.006,0.008,1335.216,1402.432,1.001
"K_uu_weight[34, 22]",0.449,0.273,0.046,0.906,0.007,0.008,1358.295,1278.435,1.001
"K_uu_weight[34, 23]",0.508,0.293,0.068,0.996,0.007,0.009,1384.289,1286.967,1.001
"K_uu_weight[34, 24]",0.569,0.313,0.09,1.086,0.008,0.009,1414.467,1308.678,1.001
"K_uu_weight[34, 25]",0.632,0.332,0.134,1.203,0.008,0.009,1448.036,1408.263,1.001
"K_uu_weight[34, 26]",0.694,0.351,0.154,1.302,0.009,0.01,1478.502,1387.78,1.001
"K_uu_weight[34, 27]",0.755,0.369,0.203,1.417,0.009,0.01,1506.308,1333.87,1.001
"K_uu_weight[34, 28]",0.813,0.387,0.255,1.535,0.009,0.01,1535.929,1401.988,1.001
"K_uu_weight[34, 29]",0.866,0.403,0.256,1.597,0.01,0.011,1560.265,1515.004,1.0
"K_uu_weight[34, 30]",0.912,0.417,0.276,1.673,0.01,0.011,1578.433,1514.381,1.0
"K_uu_weight[34, 31]",0.95,0.429,0.291,1.722,0.01,0.011,1590.899,1539.244,1.0
"K_uu_weight[34, 32]",0.978,0.438,0.301,1.768,0.011,0.011,1597.61,1515.176,1.0
"K_uu_weight[34, 33]",0.995,0.443,0.309,1.8,0.011,0.012,1604.006,1553.939,1.0
"K_uu_weight[34, 34]",1.001,0.445,0.311,1.813,0.011,0.012,1605.742,1528.315,1.0
"K_uu_weight[34, 35]",0.995,0.443,0.309,1.8,0.011,0.012,1604.006,1553.939,1.0
"K_uu_weight[34, 36]",0.978,0.438,0.301,1.768,0.011,0.011,1597.61,1515.176,1.0
"K_uu_weight[34, 37]",0.95,0.429,0.291,1.722,0.01,0.011,1590.899,1539.244,1.0
"K_uu_weight[34, 38]",0.912,0.417,0.276,1.673,0.01,0.011,1578.433,1514.381,1.0
"K_uu_weight[34, 39]",0.866,0.403,0.256,1.597,0.01,0.011,1560.265,1515.004,1.0
"K_uu_weight[34, 40]",0.813,0.387,0.255,1.535,0.009,0.01,1535.929,1401.988,1.001
"K_uu_weight[34, 41]",0.755,0.369,0.203,1.417,0.009,0.01,1506.308,1333.87,1.001
"K_uu_weight[34, 42]",0.694,0.351,0.154,1.302,0.009,0.01,1478.502,1387.78,1.001
"K_uu_weight[34, 43]",0.632,0.332,0.134,1.203,0.008,0.009,1448.036,1408.263,1.001
"K_uu_weight[34, 44]",0.569,0.313,0.09,1.086,0.008,0.009,1414.467,1308.678,1.001
"K_uu_weight[34, 45]",0.508,0.293,0.068,0.996,0.007,0.009,1384.289,1286.967,1.001
"K_uu_weight[34, 46]",0.449,0.273,0.046,0.906,0.007,0.008,1358.295,1278.435,1.001
"K_uu_weight[34, 47]",0.394,0.252,0.034,0.825,0.006,0.008,1335.216,1402.432,1.001
"K_uu_weight[34, 48]",0.343,0.232,0.02,0.74,0.006,0.007,1316.46,1538.556,1.001
"K_uu_weight[34, 49]",0.296,0.212,0.011,0.659,0.005,0.007,1298.927,1540.552,1.002
"K_uu_weight[35, 0]",0.004,0.012,0.0,0.016,0.0,0.002,1196.187,1365.673,1.002
"K_uu_weight[35, 1]",0.005,0.014,0.0,0.02,0.0,0.002,1196.829,1346.268,1.002
"K_uu_weight[35, 2]",0.007,0.017,0.0,0.026,0.0,0.003,1198.038,1365.793,1.002
"K_uu_weight[35, 3]",0.009,0.02,0.0,0.033,0.001,0.003,1199.831,1346.443,1.002
"K_uu_weight[35, 4]",0.012,0.024,0.0,0.042,0.001,0.003,1201.357,1346.443,1.002
"K_uu_weight[35, 5]",0.015,0.028,0.0,0.052,0.001,0.003,1203.435,1365.793,1.002
"K_uu_weight[35, 6]",0.019,0.033,0.0,0.065,0.001,0.003,1206.341,1385.707,1.002
"K_uu_weight[35, 7]",0.024,0.038,0.0,0.08,0.001,0.004,1208.035,1385.707,1.002
"K_uu_weight[35, 8]",0.03,0.045,0.0,0.097,0.001,0.004,1210.356,1385.707,1.002
"K_uu_weight[35, 9]",0.037,0.053,0.0,0.117,0.001,0.004,1214.424,1385.707,1.002
"K_uu_weight[35, 10]",0.046,0.061,0.0,0.142,0.002,0.004,1217.353,1406.052,1.002
"K_uu_weight[35, 11]",0.057,0.071,0.0,0.172,0.002,0.004,1222.348,1405.923,1.002
"K_uu_weight[35, 12]",0.07,0.082,0.0,0.207,0.002,0.005,1227.075,1427.167,1.002
"K_uu_weight[35, 13]",0.086,0.094,0.0,0.247,0.002,0.005,1232.122,1448.927,1.002
"K_uu_weight[35, 14]",0.105,0.108,0.0,0.288,0.003,0.005,1238.785,1448.927,1.002
"K_uu_weight[35, 15]",0.127,0.122,0.0,0.337,0.003,0.005,1244.742,1426.901,1.002
"K_uu_weight[35, 16]",0.152,0.138,0.001,0.389,0.004,0.006,1254.277,1426.407,1.002
"K_uu_weight[35, 17]",0.181,0.155,0.002,0.449,0.004,0.006,1261.066,1446.533,1.002
"K_uu_weight[35, 18]",0.215,0.174,0.004,0.517,0.005,0.006,1272.438,1425.477,1.002
"K_uu_weight[35, 19]",0.253,0.192,0.006,0.582,0.005,0.007,1282.823,1492.087,1.002
"K_uu_weight[35, 20]",0.296,0.212,0.011,0.659,0.005,0.007,1298.927,1540.552,1.002
"K_uu_weight[35, 21]",0.343,0.232,0.02,0.74,0.006,0.007,1316.46,1538.556,1.001
"K_uu_weight[35, 22]",0.394,0.252,0.034,0.825,0.006,0.008,1335.216,1402.432,1.001
"K_uu_weight[35, 23]",0.449,0.273,0.046,0.906,0.007,0.008,1358.295,1278.435,1.001
"K_uu_weight[35, 24]",0.508,0.293,0.068,0.996,0.007,0.009,1384.289,1286.967,1.001
"K_uu_weight[35, 25]",0.569,0.313,0.09,1.086,0.008,0.009,1414.467,1308.678,1.001
"K_uu_weight[35, 26]",0.632,0.332,0.134,1.203,0.008,0.009,1448.036,1408.263,1.001
"K_uu_weight[35, 27]",0.694,0.351,0.154,1.302,0.009,0.01,1478.502,1387.78,1.001
"K_uu_weight[35, 28]",0.755,0.369,0.203,1.417,0.009,0.01,1506.308,1333.87,1.001
"K_uu_weight[35, 29]",0.813,0.387,0.255,1.535,0.009,0.01,1535.929,1401.988,1.001
"K_uu_weight[35, 30]",0.866,0.403,0.256,1.597,0.01,0.011,1560.265,1515.004,1.0
"K_uu_weight[35, 31]",0.912,0.417,0.276,1.673,0.01,0.011,1578.433,1514.381,1.0
"K_uu_weight[35, 32]",0.95,0.429,0.291,1.722,0.01,0.011,1590.899,1539.244,1.0
"K_uu_weight[35, 33]",0.978,0.438,0.301,1.768,0.011,0.011,1597.61,1515.176,1.0
"K_uu_weight[35, 34]",0.995,0.443,0.309,1.8,0.011,0.012,1604.006,1553.939,1.0
"K_uu_weight[35, 35]",1.001,0.445,0.311,1.813,0.011,0.012,1605.742,1528.315,1.0
"K_uu_weight[35, 36]",0.995,0.443,0.309,1.8,0.011,0.012,1604.006,1553.939,1.0
"K_uu_weight[35, 37]",0.978,0.438,0.301,1.768,0.011,0.011,1597.61,1515.176,1.0
"K_uu_weight[35, 38]",0.95,0.429,0.291,1.722,0.01,0.011,1590.899,1539.244,1.0
"K_uu_weight[35, 39]",0.912,0.417,0.276,1.673,0.01,0.011,1578.433,1514.381,1.0
"K_uu_weight[35, 40]",0.866,0.403,0.256,1.597,0.01,0.011,1560.265,1515.004,1.0
"K_uu_weight[35, 41]",0.813,0.387,0.255,1.535,0.009,0.01,1535.929,1401.988,1.001
"K_uu_weight[35, 42]",0.755,0.369,0.203,1.417,0.009,0.01,1506.308,1333.87,1.001
"K_uu_weight[35, 43]",0.694,0.351,0.154,1.302,0.009,0.01,1478.502,1387.78,1.001
"K_uu_weight[35, 44]",0.632,0.332,0.134,1.203,0.008,0.009,1448.036,1408.263,1.001
"K_uu_weight[35, 45]",0.569,0.313,0.09,1.086,0.008,0.009,1414.467,1308.678,1.001
"K_uu_weight[35, 46]",0.508,0.293,0.068,0.996,0.007,0.009,1384.289,1286.967,1.001
"K_uu_weight[35, 47]",0.449,0.273,0.046,0.906,0.007,0.008,1358.295,1278.435,1.001
"K_uu_weight[35, 48]",0.394,0.252,0.034,0.825,0.006,0.008,1335.216,1402.432,1.001
"K_uu_weight[35, 49]",0.343,0.232,0.02,0.74,0.006,0.007,1316.46,1538.556,1.001
"K_uu_weight[36, 0]",0.003,0.01,0.0,0.012,0.0,0.002,1194.398,1365.673,1.002
"K_uu_weight[36, 1]",0.004,0.012,0.0,0.016,0.0,0.002,1196.187,1365.673,1.002
"K_uu_weight[36, 2]",0.005,0.014,0.0,0.02,0.0,0.002,1196.829,1346.268,1.002
"K_uu_weight[36, 3]",0.007,0.017,0.0,0.026,0.0,0.003,1198.038,1365.793,1.002
"K_uu_weight[36, 4]",0.009,0.02,0.0,0.033,0.001,0.003,1199.831,1346.443,1.002
"K_uu_weight[36, 5]",0.012,0.024,0.0,0.042,0.001,0.003,1201.357,1346.443,1.002
"K_uu_weight[36, 6]",0.015,0.028,0.0,0.052,0.001,0.003,1203.435,1365.793,1.002
"K_uu_weight[36, 7]",0.019,0.033,0.0,0.065,0.001,0.003,1206.341,1385.707,1.002
"K_uu_weight[36, 8]",0.024,0.038,0.0,0.08,0.001,0.004,1208.035,1385.707,1.002
"K_uu_weight[36, 9]",0.03,0.045,0.0,0.097,0.001,0.004,1210.356,1385.707,1.002
"K_uu_weight[36, 10]",0.037,0.053,0.0,0.117,0.001,0.004,1214.424,1385.707,1.002
"K_uu_weight[36, 11]",0.046,0.061,0.0,0.142,0.002,0.004,1217.353,1406.052,1.002
"K_uu_weight[36, 12]",0.057,0.071,0.0,0.172,0.002,0.004,1222.348,1405.923,1.002
"K_uu_weight[36, 13]",0.07,0.082,0.0,0.207,0.002,0.005,1227.075,1427.167,1.002
"K_uu_weight[36, 14]",0.086,0.094,0.0,0.247,0.002,0.005,1232.122,1448.927,1.002
"K_uu_weight[36, 15]",0.105,0.108,0.0,0.288,0.003,0.005,1238.785,1448.927,1.002
"K_uu_weight[36, 16]",0.127,0.122,0.0,0.337,0.003,0.005,1244.742,1426.901,1.002
"K_uu_weight[36, 17]",0.152,0.138,0.001,0.389,0.004,0.006,1254.277,1426.407,1.002
"K_uu_weight[36, 18]",0.181,0.155,0.002,0.449,0.004,0.006,1261.066,1446.533,1.002
"K_uu_weight[36, 19]",0.215,0.174,0.004,0.517,0.005,0.006,1272.438,1425.477,1.002
"K_uu_weight[36, 20]",0.253,0.192,0.006,0.582,0.005,0.007,1282.823,1492.087,1.002
"K_uu_weight[36, 21]",0.296,0.212,0.011,0.659,0.005,0.007,1298.927,1540.552,1.002
"K_uu_weight[36, 22]",0.343,0.232,0.02,0.74,0.006,0.007,1316.46,1538.556,1.001
"K_uu_weight[36, 23]",0.394,0.252,0.034,0.825,0.006,0.008,1335.216,1402.432,1.001
"K_uu_weight[36, 24]",0.449,0.273,0.046,0.906,0.007,0.008,1358.295,1278.435,1.001
"K_uu_weight[36, 25]",0.508,0.293,0.068,0.996,0.007,0.009,1384.289,1286.967,1.001
"K_uu_weight[36, 26]",0.569,0.313,0.09,1.086,0.008,0.009,1414.467,1308.678,1.001
"K_uu_weight[36, 27]",0.632,0.332,0.134,1.203,0.008,0.009,1448.036,1408.263,1.001
"K_uu_weight[36, 28]",0.694,0.351,0.154,1.302,0.009,0.01,1478.502,1387.78,1.001
"K_uu_weight[36, 29]",0.755,0.369,0.203,1.417,0.009,0.01,1506.308,1333.87,1.001
"K_uu_weight[36, 30]",0.813,0.387,0.255,1.535,0.009,0.01,1535.929,1401.988,1.001
"K_uu_weight[36, 31]",0.866,0.403,0.256,1.597,0.01,0.011,1560.265,1515.004,1.0
"K_uu_weight[36, 32]",0.912,0.417,0.276,1.673,0.01,0.011,1578.433,1514.381,1.0
"K_uu_weight[36, 33]",0.95,0.429,0.291,1.722,0.01,0.011,1590.899,1539.244,1.0
"K_uu_weight[36, 34]",0.978,0.438,0.301,1.768,0.011,0.011,1597.61,1515.176,1.0
"K_uu_weight[36, 35]",0.995,0.443,0.309,1.8,0.011,0.012,1604.006,1553.939,1.0
"K_uu_weight[36, 36]",1.001,0.445,0.311,1.813,0.011,0.012,1605.742,1528.315,1.0
"K_uu_weight[36, 37]",0.995,0.443,0.309,1.8,0.011,0.012,1604.006,1553.939,1.0
"K_uu_weight[36, 38]",0.978,0.438,0.301,1.768,0.011,0.011,1597.61,1515.176,1.0
"K_uu_weight[36, 39]",0.95,0.429,0.291,1.722,0.01,0.011,1590.899,1539.244,1.0
"K_uu_weight[36, 40]",0.912,0.417,0.276,1.673,0.01,0.011,1578.433,1514.381,1.0
"K_uu_weight[36, 41]",0.866,0.403,0.256,1.597,0.01,0.011,1560.265,1515.004,1.0
"K_uu_weight[36, 42]",0.813,0.387,0.255,1.535,0.009,0.01,1535.929,1401.988,1.001
"K_uu_weight[36, 43]",0.755,0.369,0.203,1.417,0.009,0.01,1506.308,1333.87,1.001
"K_uu_weight[36, 44]",0.694,0.351,0.154,1.302,0.009,0.01,1478.502,1387.78,1.001
"K_uu_weight[36, 45]",0.632,0.332,0.134,1.203,0.008,0.009,1448.036,1408.263,1.001
"K_uu_weight[36, 46]",0.569,0.313,0.09,1.086,0.008,0.009,1414.467,1308.678,1.001
"K_uu_weight[36, 47]",0.508,0.293,0.068,0.996,0.007,0.009,1384.289,1286.967,1.001
"K_uu_weight[36, 48]",0.449,0.273,0.046,0.906,0.007,0.008,1358.295,1278.435,1.001
"K_uu_weight[36, 49]",0.394,0.252,0.034,0.825,0.006,0.008,1335.216,1402.432,1.001
"K_uu_weight[37, 0]",0.003,0.009,0.0,0.009,0.0,0.002,1193.862,1346.327,1.002
"K_uu_weight[37, 1]",0.003,0.01,0.0,0.012,0.0,0.002,1194.398,1365.673,1.002
"K_uu_weight[37, 2]",0.004,0.012,0.0,0.016,0.0,0.002,1196.187,1365.673,1.002
"K_uu_weight[37, 3]",0.005,0.014,0.0,0.02,0.0,0.002,1196.829,1346.268,1.002
"K_uu_weight[37, 4]",0.007,0.017,0.0,0.026,0.0,0.003,1198.038,1365.793,1.002
"K_uu_weight[37, 5]",0.009,0.02,0.0,0.033,0.001,0.003,1199.831,1346.443,1.002
"K_uu_weight[37, 6]",0.012,0.024,0.0,0.042,0.001,0.003,1201.357,1346.443,1.002
"K_uu_weight[37, 7]",0.015,0.028,0.0,0.052,0.001,0.003,1203.435,1365.793,1.002
"K_uu_weight[37, 8]",0.019,0.033,0.0,0.065,0.001,0.003,1206.341,1385.707,1.002
"K_uu_weight[37, 9]",0.024,0.038,0.0,0.08,0.001,0.004,1208.035,1385.707,1.002
"K_uu_weight[37, 10]",0.03,0.045,0.0,0.097,0.001,0.004,1210.356,1385.707,1.002
"K_uu_weight[37, 11]",0.037,0.053,0.0,0.117,0.001,0.004,1214.424,1385.707,1.002
"K_uu_weight[37, 12]",0.046,0.061,0.0,0.142,0.002,0.004,1217.353,1406.052,1.002
"K_uu_weight[37, 13]",0.057,0.071,0.0,0.172,0.002,0.004,1222.348,1405.923,1.002
"K_uu_weight[37, 14]",0.07,0.082,0.0,0.207,0.002,0.005,1227.075,1427.167,1.002
"K_uu_weight[37, 15]",0.086,0.094,0.0,0.247,0.002,0.005,1232.122,1448.927,1.002
"K_uu_weight[37, 16]",0.105,0.108,0.0,0.288,0.003,0.005,1238.785,1448.927,1.002
"K_uu_weight[37, 17]",0.127,0.122,0.0,0.337,0.003,0.005,1244.742,1426.901,1.002
"K_uu_weight[37, 18]",0.152,0.138,0.001,0.389,0.004,0.006,1254.277,1426.407,1.002
"K_uu_weight[37, 19]",0.181,0.155,0.002,0.449,0.004,0.006,1261.066,1446.533,1.002
"K_uu_weight[37, 20]",0.215,0.174,0.004,0.517,0.005,0.006,1272.438,1425.477,1.002
"K_uu_weight[37, 21]",0.253,0.192,0.006,0.582,0.005,0.007,1282.823,1492.087,1.002
"K_uu_weight[37, 22]",0.296,0.212,0.011,0.659,0.005,0.007,1298.927,1540.552,1.002
"K_uu_weight[37, 23]",0.343,0.232,0.02,0.74,0.006,0.007,1316.46,1538.556,1.001
"K_uu_weight[37, 24]",0.394,0.252,0.034,0.825,0.006,0.008,1335.216,1402.432,1.001
"K_uu_weight[37, 25]",0.449,0.273,0.046,0.906,0.007,0.008,1358.295,1278.435,1.001
"K_uu_weight[37, 26]",0.508,0.293,0.068,0.996,0.007,0.009,1384.289,1286.967,1.001
"K_uu_weight[37, 27]",0.569,0.313,0.09,1.086,0.008,0.009,1414.467,1308.678,1.001
"K_uu_weight[37, 28]",0.632,0.332,0.134,1.203,0.008,0.009,1448.036,1408.263,1.001
"K_uu_weight[37, 29]",0.694,0.351,0.154,1.302,0.009,0.01,1478.502,1387.78,1.001
"K_uu_weight[37, 30]",0.755,0.369,0.203,1.417,0.009,0.01,1506.308,1333.87,1.001
"K_uu_weight[37, 31]",0.813,0.387,0.255,1.535,0.009,0.01,1535.929,1401.988,1.001
"K_uu_weight[37, 32]",0.866,0.403,0.256,1.597,0.01,0.011,1560.265,1515.004,1.0
"K_uu_weight[37, 33]",0.912,0.417,0.276,1.673,0.01,0.011,1578.433,1514.381,1.0
"K_uu_weight[37, 34]",0.95,0.429,0.291,1.722,0.01,0.011,1590.899,1539.244,1.0
"K_uu_weight[37, 35]",0.978,0.438,0.301,1.768,0.011,0.011,1597.61,1515.176,1.0
"K_uu_weight[37, 36]",0.995,0.443,0.309,1.8,0.011,0.012,1604.006,1553.939,1.0
"K_uu_weight[37, 37]",1.001,0.445,0.311,1.813,0.011,0.012,1605.742,1528.315,1.0
"K_uu_weight[37, 38]",0.995,0.443,0.309,1.8,0.011,0.012,1604.006,1553.939,1.0
"K_uu_weight[37, 39]",0.978,0.438,0.301,1.768,0.011,0.011,1597.61,1515.176,1.0
"K_uu_weight[37, 40]",0.95,0.429,0.291,1.722,0.01,0.011,1590.899,1539.244,1.0
"K_uu_weight[37, 41]",0.912,0.417,0.276,1.673,0.01,0.011,1578.433,1514.381,1.0
"K_uu_weight[37, 42]",0.866,0.403,0.256,1.597,0.01,0.011,1560.265,1515.004,1.0
"K_uu_weight[37, 43]",0.813,0.387,0.255,1.535,0.009,0.01,1535.929,1401.988,1.001
"K_uu_weight[37, 44]",0.755,0.369,0.203,1.417,0.009,0.01,1506.308,1333.87,1.001
"K_uu_weight[37, 45]",0.694,0.351,0.154,1.302,0.009,0.01,1478.502,1387.78,1.001
"K_uu_weight[37, 46]",0.632,0.332,0.134,1.203,0.008,0.009,1448.036,1408.263,1.001
"K_uu_weight[37, 47]",0.569,0.313,0.09,1.086,0.008,0.009,1414.467,1308.678,1.001
"K_uu_weight[37, 48]",0.508,0.293,0.068,0.996,0.007,0.009,1384.289,1286.967,1.001
"K_uu_weight[37, 49]",0.449,0.273,0.046,0.906,0.007,0.008,1358.295,1278.435,1.001
"K_uu_weight[38, 0]",0.002,0.008,0.0,0.007,0.0,0.002,1193.362,1346.327,1.002
"K_uu_weight[38, 1]",0.003,0.009,0.0,0.009,0.0,0.002,1193.862,1346.327,1.002
"K_uu_weight[38, 2]",0.003,0.01,0.0,0.012,0.0,0.002,1194.398,1365.673,1.002
"K_uu_weight[38, 3]",0.004,0.012,0.0,0.016,0.0,0.002,1196.187,1365.673,1.002
"K_uu_weight[38, 4]",0.005,0.014,0.0,0.02,0.0,0.002,1196.829,1346.268,1.002
"K_uu_weight[38, 5]",0.007,0.017,0.0,0.026,0.0,0.003,1198.038,1365.793,1.002
"K_uu_weight[38, 6]",0.009,0.02,0.0,0.033,0.001,0.003,1199.831,1346.443,1.002
"K_uu_weight[38, 7]",0.012,0.024,0.0,0.042,0.001,0.003,1201.357,1346.443,1.002
"K_uu_weight[38, 8]",0.015,0.028,0.0,0.052,0.001,0.003,1203.435,1365.793,1.002
"K_uu_weight[38, 9]",0.019,0.033,0.0,0.065,0.001,0.003,1206.341,1385.707,1.002
"K_uu_weight[38, 10]",0.024,0.038,0.0,0.08,0.001,0.004,1208.035,1385.707,1.002
"K_uu_weight[38, 11]",0.03,0.045,0.0,0.097,0.001,0.004,1210.356,1385.707,1.002
"K_uu_weight[38, 12]",0.037,0.053,0.0,0.117,0.001,0.004,1214.424,1385.707,1.002
"K_uu_weight[38, 13]",0.046,0.061,0.0,0.142,0.002,0.004,1217.353,1406.052,1.002
"K_uu_weight[38, 14]",0.057,0.071,0.0,0.172,0.002,0.004,1222.348,1405.923,1.002
"K_uu_weight[38, 15]",0.07,0.082,0.0,0.207,0.002,0.005,1227.075,1427.167,1.002
"K_uu_weight[38, 16]",0.086,0.094,0.0,0.247,0.002,0.005,1232.122,1448.927,1.002
"K_uu_weight[38, 17]",0.105,0.108,0.0,0.288,0.003,0.005,1238.785,1448.927,1.002
"K_uu_weight[38, 18]",0.127,0.122,0.0,0.337,0.003,0.005,1244.742,1426.901,1.002
"K_uu_weight[38, 19]",0.152,0.138,0.001,0.389,0.004,0.006,1254.277,1426.407,1.002
"K_uu_weight[38, 20]",0.181,0.155,0.002,0.449,0.004,0.006,1261.066,1446.533,1.002
"K_uu_weight[38, 21]",0.215,0.174,0.004,0.517,0.005,0.006,1272.438,1425.477,1.002
"K_uu_weight[38, 22]",0.253,0.192,0.006,0.582,0.005,0.007,1282.823,1492.087,1.002
"K_uu_weight[38, 23]",0.296,0.212,0.011,0.659,0.005,0.007,1298.927,1540.552,1.002
"K_uu_weight[38, 24]",0.343,0.232,0.02,0.74,0.006,0.007,1316.46,1538.556,1.001
"K_uu_weight[38, 25]",0.394,0.252,0.034,0.825,0.006,0.008,1335.216,1402.432,1.001
"K_uu_weight[38, 26]",0.449,0.273,0.046,0.906,0.007,0.008,1358.295,1278.435,1.001
"K_uu_weight[38, 27]",0.508,0.293,0.068,0.996,0.007,0.009,1384.289,1286.967,1.001
"K_uu_weight[38, 28]",0.569,0.313,0.09,1.086,0.008,0.009,1414.467,1308.678,1.001
"K_uu_weight[38, 29]",0.632,0.332,0.134,1.203,0.008,0.009,1448.036,1408.263,1.001
"K_uu_weight[38, 30]",0.694,0.351,0.154,1.302,0.009,0.01,1478.502,1387.78,1.001
"K_uu_weight[38, 31]",0.755,0.369,0.203,1.417,0.009,0.01,1506.308,1333.87,1.001
"K_uu_weight[38, 32]",0.813,0.387,0.255,1.535,0.009,0.01,1535.929,1401.988,1.001
"K_uu_weight[38, 33]",0.866,0.403,0.256,1.597,0.01,0.011,1560.265,1515.004,1.0
"K_uu_weight[38, 34]",0.912,0.417,0.276,1.673,0.01,0.011,1578.433,1514.381,1.0
"K_uu_weight[38, 35]",0.95,0.429,0.291,1.722,0.01,0.011,1590.899,1539.244,1.0
"K_uu_weight[38, 36]",0.978,0.438,0.301,1.768,0.011,0.011,1597.61,1515.176,1.0
"K_uu_weight[38, 37]",0.995,0.443,0.309,1.8,0.011,0.012,1604.006,1553.939,1.0
"K_uu_weight[38, 38]",1.001,0.445,0.311,1.813,0.011,0.012,1605.742,1528.315,1.0
"K_uu_weight[38, 39]",0.995,0.443,0.309,1.8,0.011,0.012,1604.006,1553.939,1.0
"K_uu_weight[38, 40]",0.978,0.438,0.301,1.768,0.011,0.011,1597.61,1515.176,1.0
"K_uu_weight[38, 41]",0.95,0.429,0.291,1.722,0.01,0.011,1590.899,1539.244,1.0
"K_uu_weight[38, 42]",0.912,0.417,0.276,1.673,0.01,0.011,1578.433,1514.381,1.0
"K_uu_weight[38, 43]",0.866,0.403,0.256,1.597,0.01,0.011,1560.265,1515.004,1.0
"K_uu_weight[38, 44]",0.813,0.387,0.255,1.535,0.009,0.01,1535.929,1401.988,1.001
"K_uu_weight[38, 45]",0.755,0.369,0.203,1.417,0.009,0.01,1506.308,1333.87,1.001
"K_uu_weight[38, 46]",0.694,0.351,0.154,1.302,0.009,0.01,1478.502,1387.78,1.001
"K_uu_weight[38, 47]",0.632,0.332,0.134,1.203,0.008,0.009,1448.036,1408.263,1.001
"K_uu_weight[38, 48]",0.569,0.313,0.09,1.086,0.008,0.009,1414.467,1308.678,1.001
"K_uu_weight[38, 49]",0.508,0.293,0.068,0.996,0.007,0.009,1384.289,1286.967,1.001
"K_uu_weight[39, 0]",0.001,0.006,0.0,0.006,0.0,0.001,1192.806,1346.327,1.002
"K_uu_weight[39, 1]",0.002,0.008,0.0,0.007,0.0,0.002,1193.362,1346.327,1.002
"K_uu_weight[39, 2]",0.003,0.009,0.0,0.009,0.0,0.002,1193.862,1346.327,1.002
"K_uu_weight[39, 3]",0.003,0.01,0.0,0.012,0.0,0.002,1194.398,1365.673,1.002
"K_uu_weight[39, 4]",0.004,0.012,0.0,0.016,0.0,0.002,1196.187,1365.673,1.002
"K_uu_weight[39, 5]",0.005,0.014,0.0,0.02,0.0,0.002,1196.829,1346.268,1.002
"K_uu_weight[39, 6]",0.007,0.017,0.0,0.026,0.0,0.003,1198.038,1365.793,1.002
"K_uu_weight[39, 7]",0.009,0.02,0.0,0.033,0.001,0.003,1199.831,1346.443,1.002
"K_uu_weight[39, 8]",0.012,0.024,0.0,0.042,0.001,0.003,1201.357,1346.443,1.002
"K_uu_weight[39, 9]",0.015,0.028,0.0,0.052,0.001,0.003,1203.435,1365.793,1.002
"K_uu_weight[39, 10]",0.019,0.033,0.0,0.065,0.001,0.003,1206.341,1385.707,1.002
"K_uu_weight[39, 11]",0.024,0.038,0.0,0.08,0.001,0.004,1208.035,1385.707,1.002
"K_uu_weight[39, 12]",0.03,0.045,0.0,0.097,0.001,0.004,1210.356,1385.707,1.002
"K_uu_weight[39, 13]",0.037,0.053,0.0,0.117,0.001,0.004,1214.424,1385.707,1.002
"K_uu_weight[39, 14]",0.046,0.061,0.0,0.142,0.002,0.004,1217.353,1406.052,1.002
"K_uu_weight[39, 15]",0.057,0.071,0.0,0.172,0.002,0.004,1222.348,1405.923,1.002
"K_uu_weight[39, 16]",0.07,0.082,0.0,0.207,0.002,0.005,1227.075,1427.167,1.002
"K_uu_weight[39, 17]",0.086,0.094,0.0,0.247,0.002,0.005,1232.122,1448.927,1.002
"K_uu_weight[39, 18]",0.105,0.108,0.0,0.288,0.003,0.005,1238.785,1448.927,1.002
"K_uu_weight[39, 19]",0.127,0.122,0.0,0.337,0.003,0.005,1244.742,1426.901,1.002
"K_uu_weight[39, 20]",0.152,0.138,0.001,0.389,0.004,0.006,1254.277,1426.407,1.002
"K_uu_weight[39, 21]",0.181,0.155,0.002,0.449,0.004,0.006,1261.066,1446.533,1.002
"K_uu_weight[39, 22]",0.215,0.174,0.004,0.517,0.005,0.006,1272.438,1425.477,1.002
"K_uu_weight[39, 23]",0.253,0.192,0.006,0.582,0.005,0.007,1282.823,1492.087,1.002
"K_uu_weight[39, 24]",0.296,0.212,0.011,0.659,0.005,0.007,1298.927,1540.552,1.002
"K_uu_weight[39, 25]",0.343,0.232,0.02,0.74,0.006,0.007,1316.46,1538.556,1.001
"K_uu_weight[39, 26]",0.394,0.252,0.034,0.825,0.006,0.008,1335.216,1402.432,1.001
"K_uu_weight[39, 27]",0.449,0.273,0.046,0.906,0.007,0.008,1358.295,1278.435,1.001
"K_uu_weight[39, 28]",0.508,0.293,0.068,0.996,0.007,0.009,1384.289,1286.967,1.001
"K_uu_weight[39, 29]",0.569,0.313,0.09,1.086,0.008,0.009,1414.467,1308.678,1.001
"K_uu_weight[39, 30]",0.632,0.332,0.134,1.203,0.008,0.009,1448.036,1408.263,1.001
"K_uu_weight[39, 31]",0.694,0.351,0.154,1.302,0.009,0.01,1478.502,1387.78,1.001
"K_uu_weight[39, 32]",0.755,0.369,0.203,1.417,0.009,0.01,1506.308,1333.87,1.001
"K_uu_weight[39, 33]",0.813,0.387,0.255,1.535,0.009,0.01,1535.929,1401.988,1.001
"K_uu_weight[39, 34]",0.866,0.403,0.256,1.597,0.01,0.011,1560.265,1515.004,1.0
"K_uu_weight[39, 35]",0.912,0.417,0.276,1.673,0.01,0.011,1578.433,1514.381,1.0
"K_uu_weight[39, 36]",0.95,0.429,0.291,1.722,0.01,0.011,1590.899,1539.244,1.0
"K_uu_weight[39, 37]",0.978,0.438,0.301,1.768,0.011,0.011,1597.61,1515.176,1.0
"K_uu_weight[39, 38]",0.995,0.443,0.309,1.8,0.011,0.012,1604.006,1553.939,1.0
"K_uu_weight[39, 39]",1.001,0.445,0.311,1.813,0.011,0.012,1605.742,1528.315,1.0
"K_uu_weight[39, 40]",0.995,0.443,0.309,1.8,0.011,0.012,1604.006,1553.939,1.0
"K_uu_weight[39, 41]",0.978,0.438,0.301,1.768,0.011,0.011,1597.61,1515.176,1.0
"K_uu_weight[39, 42]",0.95,0.429,0.291,1.722,0.01,0.011,1590.899,1539.244,1.0
"K_uu_weight[39, 43]",0.912,0.417,0.276,1.673,0.01,0.011,1578.433,1514.381,1.0
"K_uu_weight[39, 44]",0.866,0.403,0.256,1.597,0.01,0.011,1560.265,1515.004,1.0
"K_uu_weight[39, 45]",0.813,0.387,0.255,1.535,0.009,0.01,1535.929,1401.988,1.001
"K_uu_weight[39, 46]",0.755,0.369,0.203,1.417,0.009,0.01,1506.308,1333.87,1.001
"K_uu_weight[39, 47]",0.694,0.351,0.154,1.302,0.009,0.01,1478.502,1387.78,1.001
"K_uu_weight[39, 48]",0.632,0.332,0.134,1.203,0.008,0.009,1448.036,1408.263,1.001
"K_uu_weight[39, 49]",0.569,0.313,0.09,1.086,0.008,0.009,1414.467,1308.678,1.001
"K_uu_weight[40, 0]",0.001,0.005,0.0,0.004,0.0,0.001,1190.49,1346.327,1.002
"K_uu_weight[40, 1]",0.001,0.006,0.0,0.006,0.0,0.001,1192.806,1346.327,1.002
"K_uu_weight[40, 2]",0.002,0.008,0.0,0.007,0.0,0.002,1193.362,1346.327,1.002
"K_uu_weight[40, 3]",0.003,0.009,0.0,0.009,0.0,0.002,1193.862,1346.327,1.002
"K_uu_weight[40, 4]",0.003,0.01,0.0,0.012,0.0,0.002,1194.398,1365.673,1.002
"K_uu_weight[40, 5]",0.004,0.012,0.0,0.016,0.0,0.002,1196.187,1365.673,1.002
"K_uu_weight[40, 6]",0.005,0.014,0.0,0.02,0.0,0.002,1196.829,1346.268,1.002
"K_uu_weight[40, 7]",0.007,0.017,0.0,0.026,0.0,0.003,1198.038,1365.793,1.002
"K_uu_weight[40, 8]",0.009,0.02,0.0,0.033,0.001,0.003,1199.831,1346.443,1.002
"K_uu_weight[40, 9]",0.012,0.024,0.0,0.042,0.001,0.003,1201.357,1346.443,1.002
"K_uu_weight[40, 10]",0.015,0.028,0.0,0.052,0.001,0.003,1203.435,1365.793,1.002
"K_uu_weight[40, 11]",0.019,0.033,0.0,0.065,0.001,0.003,1206.341,1385.707,1.002
"K_uu_weight[40, 12]",0.024,0.038,0.0,0.08,0.001,0.004,1208.035,1385.707,1.002
"K_uu_weight[40, 13]",0.03,0.045,0.0,0.097,0.001,0.004,1210.356,1385.707,1.002
"K_uu_weight[40, 14]",0.037,0.053,0.0,0.117,0.001,0.004,1214.424,1385.707,1.002
"K_uu_weight[40, 15]",0.046,0.061,0.0,0.142,0.002,0.004,1217.353,1406.052,1.002
"K_uu_weight[40, 16]",0.057,0.071,0.0,0.172,0.002,0.004,1222.348,1405.923,1.002
"K_uu_weight[40, 17]",0.07,0.082,0.0,0.207,0.002,0.005,1227.075,1427.167,1.002
"K_uu_weight[40, 18]",0.086,0.094,0.0,0.247,0.002,0.005,1232.122,1448.927,1.002
"K_uu_weight[40, 19]",0.105,0.108,0.0,0.288,0.003,0.005,1238.785,1448.927,1.002
"K_uu_weight[40, 20]",0.127,0.122,0.0,0.337,0.003,0.005,1244.742,1426.901,1.002
"K_uu_weight[40, 21]",0.152,0.138,0.001,0.389,0.004,0.006,1254.277,1426.407,1.002
"K_uu_weight[40, 22]",0.181,0.155,0.002,0.449,0.004,0.006,1261.066,1446.533,1.002
"K_uu_weight[40, 23]",0.215,0.174,0.004,0.517,0.005,0.006,1272.438,1425.477,1.002
"K_uu_weight[40, 24]",0.253,0.192,0.006,0.582,0.005,0.007,1282.823,1492.087,1.002
"K_uu_weight[40, 25]",0.296,0.212,0.011,0.659,0.005,0.007,1298.927,1540.552,1.002
"K_uu_weight[40, 26]",0.343,0.232,0.02,0.74,0.006,0.007,1316.46,1538.556,1.001
"K_uu_weight[40, 27]",0.394,0.252,0.034,0.825,0.006,0.008,1335.216,1402.432,1.001
"K_uu_weight[40, 28]",0.449,0.273,0.046,0.906,0.007,0.008,1358.295,1278.435,1.001
"K_uu_weight[40, 29]",0.508,0.293,0.068,0.996,0.007,0.009,1384.289,1286.967,1.001
"K_uu_weight[40, 30]",0.569,0.313,0.09,1.086,0.008,0.009,1414.467,1308.678,1.001
"K_uu_weight[40, 31]",0.632,0.332,0.134,1.203,0.008,0.009,1448.036,1408.263,1.001
"K_uu_weight[40, 32]",0.694,0.351,0.154,1.302,0.009,0.01,1478.502,1387.78,1.001
"K_uu_weight[40, 33]",0.755,0.369,0.203,1.417,0.009,0.01,1506.308,1333.87,1.001
"K_uu_weight[40, 34]",0.813,0.387,0.255,1.535,0.009,0.01,1535.929,1401.988,1.001
"K_uu_weight[40, 35]",0.866,0.403,0.256,1.597,0.01,0.011,1560.265,1515.004,1.0
"K_uu_weight[40, 36]",0.912,0.417,0.276,1.673,0.01,0.011,1578.433,1514.381,1.0
"K_uu_weight[40, 37]",0.95,0.429,0.291,1.722,0.01,0.011,1590.899,1539.244,1.0
"K_uu_weight[40, 38]",0.978,0.438,0.301,1.768,0.011,0.011,1597.61,1515.176,1.0
"K_uu_weight[40, 39]",0.995,0.443,0.309,1.8,0.011,0.012,1604.006,1553.939,1.0
"K_uu_weight[40, 40]",1.001,0.445,0.311,1.813,0.011,0.012,1605.742,1528.315,1.0
"K_uu_weight[40, 41]",0.995,0.443,0.309,1.8,0.011,0.012,1604.006,1553.939,1.0
"K_uu_weight[40, 42]",0.978,0.438,0.301,1.768,0.011,0.011,1597.61,1515.176,1.0
"K_uu_weight[40, 43]",0.95,0.429,0.291,1.722,0.01,0.011,1590.899,1539.244,1.0
"K_uu_weight[40, 44]",0.912,0.417,0.276,1.673,0.01,0.011,1578.433,1514.381,1.0
"K_uu_weight[40, 45]",0.866,0.403,0.256,1.597,0.01,0.011,1560.265,1515.004,1.0
"K_uu_weight[40, 46]",0.813,0.387,0.255,1.535,0.009,0.01,1535.929,1401.988,1.001
"K_uu_weight[40, 47]",0.755,0.369,0.203,1.417,0.009,0.01,1506.308,1333.87,1.001
"K_uu_weight[40, 48]",0.694,0.351,0.154,1.302,0.009,0.01,1478.502,1387.78,1.001
"K_uu_weight[40, 49]",0.632,0.332,0.134,1.203,0.008,0.009,1448.036,1408.263,1.001
"K_uu_weight[41, 0]",0.001,0.005,0.0,0.003,0.0,0.001,1189.313,1346.327,1.002
"K_uu_weight[41, 1]",0.001,0.005,0.0,0.004,0.0,0.001,1190.49,1346.327,1.002
"K_uu_weight[41, 2]",0.001,0.006,0.0,0.006,0.0,0.001,1192.806,1346.327,1.002
"K_uu_weight[41, 3]",0.002,0.008,0.0,0.007,0.0,0.002,1193.362,1346.327,1.002
"K_uu_weight[41, 4]",0.003,0.009,0.0,0.009,0.0,0.002,1193.862,1346.327,1.002
"K_uu_weight[41, 5]",0.003,0.01,0.0,0.012,0.0,0.002,1194.398,1365.673,1.002
"K_uu_weight[41, 6]",0.004,0.012,0.0,0.016,0.0,0.002,1196.187,1365.673,1.002
"K_uu_weight[41, 7]",0.005,0.014,0.0,0.02,0.0,0.002,1196.829,1346.268,1.002
"K_uu_weight[41, 8]",0.007,0.017,0.0,0.026,0.0,0.003,1198.038,1365.793,1.002
"K_uu_weight[41, 9]",0.009,0.02,0.0,0.033,0.001,0.003,1199.831,1346.443,1.002
"K_uu_weight[41, 10]",0.012,0.024,0.0,0.042,0.001,0.003,1201.357,1346.443,1.002
"K_uu_weight[41, 11]",0.015,0.028,0.0,0.052,0.001,0.003,1203.435,1365.793,1.002
"K_uu_weight[41, 12]",0.019,0.033,0.0,0.065,0.001,0.003,1206.341,1385.707,1.002
"K_uu_weight[41, 13]",0.024,0.038,0.0,0.08,0.001,0.004,1208.035,1385.707,1.002
"K_uu_weight[41, 14]",0.03,0.045,0.0,0.097,0.001,0.004,1210.356,1385.707,1.002
"K_uu_weight[41, 15]",0.037,0.053,0.0,0.117,0.001,0.004,1214.424,1385.707,1.002
"K_uu_weight[41, 16]",0.046,0.061,0.0,0.142,0.002,0.004,1217.353,1406.052,1.002
"K_uu_weight[41, 17]",0.057,0.071,0.0,0.172,0.002,0.004,1222.348,1405.923,1.002
"K_uu_weight[41, 18]",0.07,0.082,0.0,0.207,0.002,0.005,1227.075,1427.167,1.002
"K_uu_weight[41, 19]",0.086,0.094,0.0,0.247,0.002,0.005,1232.122,1448.927,1.002
"K_uu_weight[41, 20]",0.105,0.108,0.0,0.288,0.003,0.005,1238.785,1448.927,1.002
"K_uu_weight[41, 21]",0.127,0.122,0.0,0.337,0.003,0.005,1244.742,1426.901,1.002
"K_uu_weight[41, 22]",0.152,0.138,0.001,0.389,0.004,0.006,1254.277,1426.407,1.002
"K_uu_weight[41, 23]",0.181,0.155,0.002,0.449,0.004,0.006,1261.066,1446.533,1.002
"K_uu_weight[41, 24]",0.215,0.174,0.004,0.517,0.005,0.006,1272.438,1425.477,1.002
"K_uu_weight[41, 25]",0.253,0.192,0.006,0.582,0.005,0.007,1282.823,1492.087,1.002
"K_uu_weight[41, 26]",0.296,0.212,0.011,0.659,0.005,0.007,1298.927,1540.552,1.002
"K_uu_weight[41, 27]",0.343,0.232,0.02,0.74,0.006,0.007,1316.46,1538.556,1.001
"K_uu_weight[41, 28]",0.394,0.252,0.034,0.825,0.006,0.008,1335.216,1402.432,1.001
"K_uu_weight[41, 29]",0.449,0.273,0.046,0.906,0.007,0.008,1358.295,1278.435,1.001
"K_uu_weight[41, 30]",0.508,0.293,0.068,0.996,0.007,0.009,1384.289,1286.967,1.001
"K_uu_weight[41, 31]",0.569,0.313,0.09,1.086,0.008,0.009,1414.467,1308.678,1.001
"K_uu_weight[41, 32]",0.632,0.332,0.134,1.203,0.008,0.009,1448.036,1408.263,1.001
"K_uu_weight[41, 33]",0.694,0.351,0.154,1.302,0.009,0.01,1478.502,1387.78,1.001
"K_uu_weight[41, 34]",0.755,0.369,0.203,1.417,0.009,0.01,1506.308,1333.87,1.001
"K_uu_weight[41, 35]",0.813,0.387,0.255,1.535,0.009,0.01,1535.929,1401.988,1.001
"K_uu_weight[41, 36]",0.866,0.403,0.256,1.597,0.01,0.011,1560.265,1515.004,1.0
"K_uu_weight[41, 37]",0.912,0.417,0.276,1.673,0.01,0.011,1578.433,1514.381,1.0
"K_uu_weight[41, 38]",0.95,0.429,0.291,1.722,0.01,0.011,1590.899,1539.244,1.0
"K_uu_weight[41, 39]",0.978,0.438,0.301,1.768,0.011,0.011,1597.61,1515.176,1.0
"K_uu_weight[41, 40]",0.995,0.443,0.309,1.8,0.011,0.012,1604.006,1553.939,1.0
"K_uu_weight[41, 41]",1.001,0.445,0.311,1.813,0.011,0.012,1605.742,1528.315,1.0
"K_uu_weight[41, 42]",0.995,0.443,0.309,1.8,0.011,0.012,1604.006,1553.939,1.0
"K_uu_weight[41, 43]",0.978,0.438,0.301,1.768,0.011,0.011,1597.61,1515.176,1.0
"K_uu_weight[41, 44]",0.95,0.429,0.291,1.722,0.01,0.011,1590.899,1539.244,1.0
"K_uu_weight[41, 45]",0.912,0.417,0.276,1.673,0.01,0.011,1578.433,1514.381,1.0
"K_uu_weight[41, 46]",0.866,0.403,0.256,1.597,0.01,0.011,1560.265,1515.004,1.0
"K_uu_weight[41, 47]",0.813,0.387,0.255,1.535,0.009,0.01,1535.929,1401.988,1.001
"K_uu_weight[41, 48]",0.755,0.369,0.203,1.417,0.009,0.01,1506.308,1333.87,1.001
"K_uu_weight[41, 49]",0.694,0.351,0.154,1.302,0.009,0.01,1478.502,1387.78,1.001
"K_uu_weight[42, 0]",0.001,0.004,0.0,0.002,0.0,0.001,1188.224,1346.385,1.002
"K_uu_weight[42, 1]",0.001,0.005,0.0,0.003,0.0,0.001,1189.313,1346.327,1.002
"K_uu_weight[42, 2]",0.001,0.005,0.0,0.004,0.0,0.001,1190.49,1346.327,1.002
"K_uu_weight[42, 3]",0.001,0.006,0.0,0.006,0.0,0.001,1192.806,1346.327,1.002
"K_uu_weight[42, 4]",0.002,0.008,0.0,0.007,0.0,0.002,1193.362,1346.327,1.002
"K_uu_weight[42, 5]",0.003,0.009,0.0,0.009,0.0,0.002,1193.862,1346.327,1.002
"K_uu_weight[42, 6]",0.003,0.01,0.0,0.012,0.0,0.002,1194.398,1365.673,1.002
"K_uu_weight[42, 7]",0.004,0.012,0.0,0.016,0.0,0.002,1196.187,1365.673,1.002
"K_uu_weight[42, 8]",0.005,0.014,0.0,0.02,0.0,0.002,1196.829,1346.268,1.002
"K_uu_weight[42, 9]",0.007,0.017,0.0,0.026,0.0,0.003,1198.038,1365.793,1.002
"K_uu_weight[42, 10]",0.009,0.02,0.0,0.033,0.001,0.003,1199.831,1346.443,1.002
"K_uu_weight[42, 11]",0.012,0.024,0.0,0.042,0.001,0.003,1201.357,1346.443,1.002
"K_uu_weight[42, 12]",0.015,0.028,0.0,0.052,0.001,0.003,1203.435,1365.793,1.002
"K_uu_weight[42, 13]",0.019,0.033,0.0,0.065,0.001,0.003,1206.341,1385.707,1.002
"K_uu_weight[42, 14]",0.024,0.038,0.0,0.08,0.001,0.004,1208.035,1385.707,1.002
"K_uu_weight[42, 15]",0.03,0.045,0.0,0.097,0.001,0.004,1210.356,1385.707,1.002
"K_uu_weight[42, 16]",0.037,0.053,0.0,0.117,0.001,0.004,1214.424,1385.707,1.002
"K_uu_weight[42, 17]",0.046,0.061,0.0,0.142,0.002,0.004,1217.353,1406.052,1.002
"K_uu_weight[42, 18]",0.057,0.071,0.0,0.172,0.002,0.004,1222.348,1405.923,1.002
"K_uu_weight[42, 19]",0.07,0.082,0.0,0.207,0.002,0.005,1227.075,1427.167,1.002
"K_uu_weight[42, 20]",0.086,0.094,0.0,0.247,0.002,0.005,1232.122,1448.927,1.002
"K_uu_weight[42, 21]",0.105,0.108,0.0,0.288,0.003,0.005,1238.785,1448.927,1.002
"K_uu_weight[42, 22]",0.127,0.122,0.0,0.337,0.003,0.005,1244.742,1426.901,1.002
"K_uu_weight[42, 23]",0.152,0.138,0.001,0.389,0.004,0.006,1254.277,1426.407,1.002
"K_uu_weight[42, 24]",0.181,0.155,0.002,0.449,0.004,0.006,1261.066,1446.533,1.002
"K_uu_weight[42, 25]",0.215,0.174,0.004,0.517,0.005,0.006,1272.438,1425.477,1.002
"K_uu_weight[42, 26]",0.253,0.192,0.006,0.582,0.005,0.007,1282.823,1492.087,1.002
"K_uu_weight[42, 27]",0.296,0.212,0.011,0.659,0.005,0.007,1298.927,1540.552,1.002
"K_uu_weight[42, 28]",0.343,0.232,0.02,0.74,0.006,0.007,1316.46,1538.556,1.001
"K_uu_weight[42, 29]",0.394,0.252,0.034,0.825,0.006,0.008,1335.216,1402.432,1.001
"K_uu_weight[42, 30]",0.449,0.273,0.046,0.906,0.007,0.008,1358.295,1278.435,1.001
"K_uu_weight[42, 31]",0.508,0.293,0.068,0.996,0.007,0.009,1384.289,1286.967,1.001
"K_uu_weight[42, 32]",0.569,0.313,0.09,1.086,0.008,0.009,1414.467,1308.678,1.001
"K_uu_weight[42, 33]",0.632,0.332,0.134,1.203,0.008,0.009,1448.036,1408.263,1.001
"K_uu_weight[42, 34]",0.694,0.351,0.154,1.302,0.009,0.01,1478.502,1387.78,1.001
"K_uu_weight[42, 35]",0.755,0.369,0.203,1.417,0.009,0.01,1506.308,1333.87,1.001
"K_uu_weight[42, 36]",0.813,0.387,0.255,1.535,0.009,0.01,1535.929,1401.988,1.001
"K_uu_weight[42, 37]",0.866,0.403,0.256,1.597,0.01,0.011,1560.265,1515.004,1.0
"K_uu_weight[42, 38]",0.912,0.417,0.276,1.673,0.01,0.011,1578.433,1514.381,1.0
"K_uu_weight[42, 39]",0.95,0.429,0.291,1.722,0.01,0.011,1590.899,1539.244,1.0
"K_uu_weight[42, 40]",0.978,0.438,0.301,1.768,0.011,0.011,1597.61,1515.176,1.0
"K_uu_weight[42, 41]",0.995,0.443,0.309,1.8,0.011,0.012,1604.006,1553.939,1.0
"K_uu_weight[42, 42]",1.001,0.445,0.311,1.813,0.011,0.012,1605.742,1528.315,1.0
"K_uu_weight[42, 43]",0.995,0.443,0.309,1.8,0.011,0.012,1604.006,1553.939,1.0
"K_uu_weight[42, 44]",0.978,0.438,0.301,1.768,0.011,0.011,1597.61,1515.176,1.0
"K_uu_weight[42, 45]",0.95,0.429,0.291,1.722,0.01,0.011,1590.899,1539.244,1.0
"K_uu_weight[42, 46]",0.912,0.417,0.276,1.673,0.01,0.011,1578.433,1514.381,1.0
"K_uu_weight[42, 47]",0.866,0.403,0.256,1.597,0.01,0.011,1560.265,1515.004,1.0
"K_uu_weight[42, 48]",0.813,0.387,0.255,1.535,0.009,0.01,1535.929,1401.988,1.001
"K_uu_weight[42, 49]",0.755,0.369,0.203,1.417,0.009,0.01,1506.308,1333.87,1.001
"K_uu_weight[43, 0]",0.001,0.003,0.0,0.002,0.0,0.001,1187.605,1346.385,1.002
"K_uu_weight[43, 1]",0.001,0.004,0.0,0.002,0.0,0.001,1188.224,1346.385,1.002
"K_uu_weight[43, 2]",0.001,0.005,0.0,0.003,0.0,0.001,1189.313,1346.327,1.002
"K_uu_weight[43, 3]",0.001,0.005,0.0,0.004,0.0,0.001,1190.49,1346.327,1.002
"K_uu_weight[43, 4]",0.001,0.006,0.0,0.006,0.0,0.001,1192.806,1346.327,1.002
"K_uu_weight[43, 5]",0.002,0.008,0.0,0.007,0.0,0.002,1193.362,1346.327,1.002
"K_uu_weight[43, 6]",0.003,0.009,0.0,0.009,0.0,0.002,1193.862,1346.327,1.002
"K_uu_weight[43, 7]",0.003,0.01,0.0,0.012,0.0,0.002,1194.398,1365.673,1.002
"K_uu_weight[43, 8]",0.004,0.012,0.0,0.016,0.0,0.002,1196.187,1365.673,1.002
"K_uu_weight[43, 9]",0.005,0.014,0.0,0.02,0.0,0.002,1196.829,1346.268,1.002
"K_uu_weight[43, 10]",0.007,0.017,0.0,0.026,0.0,0.003,1198.038,1365.793,1.002
"K_uu_weight[43, 11]",0.009,0.02,0.0,0.033,0.001,0.003,1199.831,1346.443,1.002
"K_uu_weight[43, 12]",0.012,0.024,0.0,0.042,0.001,0.003,1201.357,1346.443,1.002
"K_uu_weight[43, 13]",0.015,0.028,0.0,0.052,0.001,0.003,1203.435,1365.793,1.002
"K_uu_weight[43, 14]",0.019,0.033,0.0,0.065,0.001,0.003,1206.341,1385.707,1.002
"K_uu_weight[43, 15]",0.024,0.038,0.0,0.08,0.001,0.004,1208.035,1385.707,1.002
"K_uu_weight[43, 16]",0.03,0.045,0.0,0.097,0.001,0.004,1210.356,1385.707,1.002
"K_uu_weight[43, 17]",0.037,0.053,0.0,0.117,0.001,0.004,1214.424,1385.707,1.002
"K_uu_weight[43, 18]",0.046,0.061,0.0,0.142,0.002,0.004,1217.353,1406.052,1.002
"K_uu_weight[43, 19]",0.057,0.071,0.0,0.172,0.002,0.004,1222.348,1405.923,1.002
"K_uu_weight[43, 20]",0.07,0.082,0.0,0.207,0.002,0.005,1227.075,1427.167,1.002
"K_uu_weight[43, 21]",0.086,0.094,0.0,0.247,0.002,0.005,1232.122,1448.927,1.002
"K_uu_weight[43, 22]",0.105,0.108,0.0,0.288,0.003,0.005,1238.785,1448.927,1.002
"K_uu_weight[43, 23]",0.127,0.122,0.0,0.337,0.003,0.005,1244.742,1426.901,1.002
"K_uu_weight[43, 24]",0.152,0.138,0.001,0.389,0.004,0.006,1254.277,1426.407,1.002
"K_uu_weight[43, 25]",0.181,0.155,0.002,0.449,0.004,0.006,1261.066,1446.533,1.002
"K_uu_weight[43, 26]",0.215,0.174,0.004,0.517,0.005,0.006,1272.438,1425.477,1.002
"K_uu_weight[43, 27]",0.253,0.192,0.006,0.582,0.005,0.007,1282.823,1492.087,1.002
"K_uu_weight[43, 28]",0.296,0.212,0.011,0.659,0.005,0.007,1298.927,1540.552,1.002
"K_uu_weight[43, 29]",0.343,0.232,0.02,0.74,0.006,0.007,1316.46,1538.556,1.001
"K_uu_weight[43, 30]",0.394,0.252,0.034,0.825,0.006,0.008,1335.216,1402.432,1.001
"K_uu_weight[43, 31]",0.449,0.273,0.046,0.906,0.007,0.008,1358.295,1278.435,1.001
"K_uu_weight[43, 32]",0.508,0.293,0.068,0.996,0.007,0.009,1384.289,1286.967,1.001
"K_uu_weight[43, 33]",0.569,0.313,0.09,1.086,0.008,0.009,1414.467,1308.678,1.001
"K_uu_weight[43, 34]",0.632,0.332,0.134,1.203,0.008,0.009,1448.036,1408.263,1.001
"K_uu_weight[43, 35]",0.694,0.351,0.154,1.302,0.009,0.01,1478.502,1387.78,1.001
"K_uu_weight[43, 36]",0.755,0.369,0.203,1.417,0.009,0.01,1506.308,1333.87,1.001
"K_uu_weight[43, 37]",0.813,0.387,0.255,1.535,0.009,0.01,1535.929,1401.988,1.001
"K_uu_weight[43, 38]",0.866,0.403,0.256,1.597,0.01,0.011,1560.265,1515.004,1.0
"K_uu_weight[43, 39]",0.912,0.417,0.276,1.673,0.01,0.011,1578.433,1514.381,1.0
"K_uu_weight[43, 40]",0.95,0.429,0.291,1.722,0.01,0.011,1590.899,1539.244,1.0
"K_uu_weight[43, 41]",0.978,0.438,0.301,1.768,0.011,0.011,1597.61,1515.176,1.0
"K_uu_weight[43, 42]",0.995,0.443,0.309,1.8,0.011,0.012,1604.006,1553.939,1.0
"K_uu_weight[43, 43]",1.001,0.445,0.311,1.813,0.011,0.012,1605.742,1528.315,1.0
"K_uu_weight[43, 44]",0.995,0.443,0.309,1.8,0.011,0.012,1604.006,1553.939,1.0
"K_uu_weight[43, 45]",0.978,0.438,0.301,1.768,0.011,0.011,1597.61,1515.176,1.0
"K_uu_weight[43, 46]",0.95,0.429,0.291,1.722,0.01,0.011,1590.899,1539.244,1.0
"K_uu_weight[43, 47]",0.912,0.417,0.276,1.673,0.01,0.011,1578.433,1514.381,1.0
"K_uu_weight[43, 48]",0.866,0.403,0.256,1.597,0.01,0.011,1560.265,1515.004,1.0
"K_uu_weight[43, 49]",0.813,0.387,0.255,1.535,0.009,0.01,1535.929,1401.988,1.001
"K_uu_weight[44, 0]",0.0,0.003,0.0,0.001,0.0,0.001,1186.811,1346.385,1.002
"K_uu_weight[44, 1]",0.001,0.003,0.0,0.002,0.0,0.001,1187.605,1346.385,1.002
"K_uu_weight[44, 2]",0.001,0.004,0.0,0.002,0.0,0.001,1188.224,1346.385,1.002
"K_uu_weight[44, 3]",0.001,0.005,0.0,0.003,0.0,0.001,1189.313,1346.327,1.002
"K_uu_weight[44, 4]",0.001,0.005,0.0,0.004,0.0,0.001,1190.49,1346.327,1.002
"K_uu_weight[44, 5]",0.001,0.006,0.0,0.006,0.0,0.001,1192.806,1346.327,1.002
"K_uu_weight[44, 6]",0.002,0.008,0.0,0.007,0.0,0.002,1193.362,1346.327,1.002
"K_uu_weight[44, 7]",0.003,0.009,0.0,0.009,0.0,0.002,1193.862,1346.327,1.002
"K_uu_weight[44, 8]",0.003,0.01,0.0,0.012,0.0,0.002,1194.398,1365.673,1.002
"K_uu_weight[44, 9]",0.004,0.012,0.0,0.016,0.0,0.002,1196.187,1365.673,1.002
"K_uu_weight[44, 10]",0.005,0.014,0.0,0.02,0.0,0.002,1196.829,1346.268,1.002
"K_uu_weight[44, 11]",0.007,0.017,0.0,0.026,0.0,0.003,1198.038,1365.793,1.002
"K_uu_weight[44, 12]",0.009,0.02,0.0,0.033,0.001,0.003,1199.831,1346.443,1.002
"K_uu_weight[44, 13]",0.012,0.024,0.0,0.042,0.001,0.003,1201.357,1346.443,1.002
"K_uu_weight[44, 14]",0.015,0.028,0.0,0.052,0.001,0.003,1203.435,1365.793,1.002
"K_uu_weight[44, 15]",0.019,0.033,0.0,0.065,0.001,0.003,1206.341,1385.707,1.002
"K_uu_weight[44, 16]",0.024,0.038,0.0,0.08,0.001,0.004,1208.035,1385.707,1.002
"K_uu_weight[44, 17]",0.03,0.045,0.0,0.097,0.001,0.004,1210.356,1385.707,1.002
"K_uu_weight[44, 18]",0.037,0.053,0.0,0.117,0.001,0.004,1214.424,1385.707,1.002
"K_uu_weight[44, 19]",0.046,0.061,0.0,0.142,0.002,0.004,1217.353,1406.052,1.002
"K_uu_weight[44, 20]",0.057,0.071,0.0,0.172,0.002,0.004,1222.348,1405.923,1.002
"K_uu_weight[44, 21]",0.07,0.082,0.0,0.207,0.002,0.005,1227.075,1427.167,1.002
"K_uu_weight[44, 22]",0.086,0.094,0.0,0.247,0.002,0.005,1232.122,1448.927,1.002
"K_uu_weight[44, 23]",0.105,0.108,0.0,0.288,0.003,0.005,1238.785,1448.927,1.002
"K_uu_weight[44, 24]",0.127,0.122,0.0,0.337,0.003,0.005,1244.742,1426.901,1.002
"K_uu_weight[44, 25]",0.152,0.138,0.001,0.389,0.004,0.006,1254.277,1426.407,1.002
"K_uu_weight[44, 26]",0.181,0.155,0.002,0.449,0.004,0.006,1261.066,1446.533,1.002
"K_uu_weight[44, 27]",0.215,0.174,0.004,0.517,0.005,0.006,1272.438,1425.477,1.002
"K_uu_weight[44, 28]",0.253,0.192,0.006,0.582,0.005,0.007,1282.823,1492.087,1.002
"K_uu_weight[44, 29]",0.296,0.212,0.011,0.659,0.005,0.007,1298.927,1540.552,1.002
"K_uu_weight[44, 30]",0.343,0.232,0.02,0.74,0.006,0.007,1316.46,1538.556,1.001
"K_uu_weight[44, 31]",0.394,0.252,0.034,0.825,0.006,0.008,1335.216,1402.432,1.001
"K_uu_weight[44, 32]",0.449,0.273,0.046,0.906,0.007,0.008,1358.295,1278.435,1.001
"K_uu_weight[44, 33]",0.508,0.293,0.068,0.996,0.007,0.009,1384.289,1286.967,1.001
"K_uu_weight[44, 34]",0.569,0.313,0.09,1.086,0.008,0.009,1414.467,1308.678,1.001
"K_uu_weight[44, 35]",0.632,0.332,0.134,1.203,0.008,0.009,1448.036,1408.263,1.001
"K_uu_weight[44, 36]",0.694,0.351,0.154,1.302,0.009,0.01,1478.502,1387.78,1.001
"K_uu_weight[44, 37]",0.755,0.369,0.203,1.417,0.009,0.01,1506.308,1333.87,1.001
"K_uu_weight[44, 38]",0.813,0.387,0.255,1.535,0.009,0.01,1535.929,1401.988,1.001
"K_uu_weight[44, 39]",0.866,0.403,0.256,1.597,0.01,0.011,1560.265,1515.004,1.0
"K_uu_weight[44, 40]",0.912,0.417,0.276,1.673,0.01,0.011,1578.433,1514.381,1.0
"K_uu_weight[44, 41]",0.95,0.429,0.291,1.722,0.01,0.011,1590.899,1539.244,1.0
"K_uu_weight[44, 42]",0.978,0.438,0.301,1.768,0.011,0.011,1597.61,1515.176,1.0
"K_uu_weight[44, 43]",0.995,0.443,0.309,1.8,0.011,0.012,1604.006,1553.939,1.0
"K_uu_weight[44, 44]",1.001,0.445,0.311,1.813,0.011,0.012,1605.742,1528.315,1.0
"K_uu_weight[44, 45]",0.995,0.443,0.309,1.8,0.011,0.012,1604.006,1553.939,1.0
"K_uu_weight[44, 46]",0.978,0.438,0.301,1.768,0.011,0.011,1597.61,1515.176,1.0
"K_uu_weight[44, 47]",0.95,0.429,0.291,1.722,0.01,0.011,1590.899,1539.244,1.0
"K_uu_weight[44, 48]",0.912,0.417,0.276,1.673,0.01,0.011,1578.433,1514.381,1.0
"K_uu_weight[44, 49]",0.866,0.403,0.256,1.597,0.01,0.011,1560.265,1515.004,1.0
"K_uu_weight[45, 0]",0.0,0.002,0.0,0.001,0.0,0.001,1186.517,1346.385,1.002
"K_uu_weight[45, 1]",0.0,0.003,0.0,0.001,0.0,0.001,1186.811,1346.385,1.002
"K_uu_weight[45, 2]",0.001,0.003,0.0,0.002,0.0,0.001,1187.605,1346.385,1.002
"K_uu_weight[45, 3]",0.001,0.004,0.0,0.002,0.0,0.001,1188.224,1346.385,1.002
"K_uu_weight[45, 4]",0.001,0.005,0.0,0.003,0.0,0.001,1189.313,1346.327,1.002
"K_uu_weight[45, 5]",0.001,0.005,0.0,0.004,0.0,0.001,1190.49,1346.327,1.002
"K_uu_weight[45, 6]",0.001,0.006,0.0,0.006,0.0,0.001,1192.806,1346.327,1.002
"K_uu_weight[45, 7]",0.002,0.008,0.0,0.007,0.0,0.002,1193.362,1346.327,1.002
"K_uu_weight[45, 8]",0.003,0.009,0.0,0.009,0.0,0.002,1193.862,1346.327,1.002
"K_uu_weight[45, 9]",0.003,0.01,0.0,0.012,0.0,0.002,1194.398,1365.673,1.002
"K_uu_weight[45, 10]",0.004,0.012,0.0,0.016,0.0,0.002,1196.187,1365.673,1.002
"K_uu_weight[45, 11]",0.005,0.014,0.0,0.02,0.0,0.002,1196.829,1346.268,1.002
"K_uu_weight[45, 12]",0.007,0.017,0.0,0.026,0.0,0.003,1198.038,1365.793,1.002
"K_uu_weight[45, 13]",0.009,0.02,0.0,0.033,0.001,0.003,1199.831,1346.443,1.002
"K_uu_weight[45, 14]",0.012,0.024,0.0,0.042,0.001,0.003,1201.357,1346.443,1.002
"K_uu_weight[45, 15]",0.015,0.028,0.0,0.052,0.001,0.003,1203.435,1365.793,1.002
"K_uu_weight[45, 16]",0.019,0.033,0.0,0.065,0.001,0.003,1206.341,1385.707,1.002
"K_uu_weight[45, 17]",0.024,0.038,0.0,0.08,0.001,0.004,1208.035,1385.707,1.002
"K_uu_weight[45, 18]",0.03,0.045,0.0,0.097,0.001,0.004,1210.356,1385.707,1.002
"K_uu_weight[45, 19]",0.037,0.053,0.0,0.117,0.001,0.004,1214.424,1385.707,1.002
"K_uu_weight[45, 20]",0.046,0.061,0.0,0.142,0.002,0.004,1217.353,1406.052,1.002
"K_uu_weight[45, 21]",0.057,0.071,0.0,0.172,0.002,0.004,1222.348,1405.923,1.002
"K_uu_weight[45, 22]",0.07,0.082,0.0,0.207,0.002,0.005,1227.075,1427.167,1.002
"K_uu_weight[45, 23]",0.086,0.094,0.0,0.247,0.002,0.005,1232.122,1448.927,1.002
"K_uu_weight[45, 24]",0.105,0.108,0.0,0.288,0.003,0.005,1238.785,1448.927,1.002
"K_uu_weight[45, 25]",0.127,0.122,0.0,0.337,0.003,0.005,1244.742,1426.901,1.002
"K_uu_weight[45, 26]",0.152,0.138,0.001,0.389,0.004,0.006,1254.277,1426.407,1.002
"K_uu_weight[45, 27]",0.181,0.155,0.002,0.449,0.004,0.006,1261.066,1446.533,1.002
"K_uu_weight[45, 28]",0.215,0.174,0.004,0.517,0.005,0.006,1272.438,1425.477,1.002
"K_uu_weight[45, 29]",0.253,0.192,0.006,0.582,0.005,0.007,1282.823,1492.087,1.002
"K_uu_weight[45, 30]",0.296,0.212,0.011,0.659,0.005,0.007,1298.927,1540.552,1.002
"K_uu_weight[45, 31]",0.343,0.232,0.02,0.74,0.006,0.007,1316.46,1538.556,1.001
"K_uu_weight[45, 32]",0.394,0.252,0.034,0.825,0.006,0.008,1335.216,1402.432,1.001
"K_uu_weight[45, 33]",0.449,0.273,0.046,0.906,0.007,0.008,1358.295,1278.435,1.001
"K_uu_weight[45, 34]",0.508,0.293,0.068,0.996,0.007,0.009,1384.289,1286.967,1.001
"K_uu_weight[45, 35]",0.569,0.313,0.09,1.086,0.008,0.009,1414.467,1308.678,1.001
"K_uu_weight[45, 36]",0.632,0.332,0.134,1.203,0.008,0.009,1448.036,1408.263,1.001
"K_uu_weight[45, 37]",0.694,0.351,0.154,1.302,0.009,0.01,1478.502,1387.78,1.001
"K_uu_weight[45, 38]",0.755,0.369,0.203,1.417,0.009,0.01,1506.308,1333.87,1.001
"K_uu_weight[45, 39]",0.813,0.387,0.255,1.535,0.009,0.01,1535.929,1401.988,1.001
"K_uu_weight[45, 40]",0.866,0.403,0.256,1.597,0.01,0.011,1560.265,1515.004,1.0
"K_uu_weight[45, 41]",0.912,0.417,0.276,1.673,0.01,0.011,1578.433,1514.381,1.0
"K_uu_weight[45, 42]",0.95,0.429,0.291,1.722,0.01,0.011,1590.899,1539.244,1.0
"K_uu_weight[45, 43]",0.978,0.438,0.301,1.768,0.011,0.011,1597.61,1515.176,1.0
"K_uu_weight[45, 44]",0.995,0.443,0.309,1.8,0.011,0.012,1604.006,1553.939,1.0
"K_uu_weight[45, 45]",1.001,0.445,0.311,1.813,0.011,0.012,1605.742,1528.315,1.0
"K_uu_weight[45, 46]",0.995,0.443,0.309,1.8,0.011,0.012,1604.006,1553.939,1.0
"K_uu_weight[45, 47]",0.978,0.438,0.301,1.768,0.011,0.011,1597.61,1515.176,1.0
"K_uu_weight[45, 48]",0.95,0.429,0.291,1.722,0.01,0.011,1590.899,1539.244,1.0
"K_uu_weight[45, 49]",0.912,0.417,0.276,1.673,0.01,0.011,1578.433,1514.381,1.0
"K_uu_weight[46, 0]",0.0,0.002,0.0,0.001,0.0,0.001,1185.845,1346.385,1.002
"K_uu_weight[46, 1]",0.0,0.002,0.0,0.001,0.0,0.001,1186.517,1346.385,1.002
"K_uu_weight[46, 2]",0.0,0.003,0.0,0.001,0.0,0.001,1186.811,1346.385,1.002
"K_uu_weight[46, 3]",0.001,0.003,0.0,0.002,0.0,0.001,1187.605,1346.385,1.002
"K_uu_weight[46, 4]",0.001,0.004,0.0,0.002,0.0,0.001,1188.224,1346.385,1.002
"K_uu_weight[46, 5]",0.001,0.005,0.0,0.003,0.0,0.001,1189.313,1346.327,1.002
"K_uu_weight[46, 6]",0.001,0.005,0.0,0.004,0.0,0.001,1190.49,1346.327,1.002
"K_uu_weight[46, 7]",0.001,0.006,0.0,0.006,0.0,0.001,1192.806,1346.327,1.002
"K_uu_weight[46, 8]",0.002,0.008,0.0,0.007,0.0,0.002,1193.362,1346.327,1.002
"K_uu_weight[46, 9]",0.003,0.009,0.0,0.009,0.0,0.002,1193.862,1346.327,1.002
"K_uu_weight[46, 10]",0.003,0.01,0.0,0.012,0.0,0.002,1194.398,1365.673,1.002
"K_uu_weight[46, 11]",0.004,0.012,0.0,0.016,0.0,0.002,1196.187,1365.673,1.002
"K_uu_weight[46, 12]",0.005,0.014,0.0,0.02,0.0,0.002,1196.829,1346.268,1.002
"K_uu_weight[46, 13]",0.007,0.017,0.0,0.026,0.0,0.003,1198.038,1365.793,1.002
"K_uu_weight[46, 14]",0.009,0.02,0.0,0.033,0.001,0.003,1199.831,1346.443,1.002
"K_uu_weight[46, 15]",0.012,0.024,0.0,0.042,0.001,0.003,1201.357,1346.443,1.002
"K_uu_weight[46, 16]",0.015,0.028,0.0,0.052,0.001,0.003,1203.435,1365.793,1.002
"K_uu_weight[46, 17]",0.019,0.033,0.0,0.065,0.001,0.003,1206.341,1385.707,1.002
"K_uu_weight[46, 18]",0.024,0.038,0.0,0.08,0.001,0.004,1208.035,1385.707,1.002
"K_uu_weight[46, 19]",0.03,0.045,0.0,0.097,0.001,0.004,1210.356,1385.707,1.002
"K_uu_weight[46, 20]",0.037,0.053,0.0,0.117,0.001,0.004,1214.424,1385.707,1.002
"K_uu_weight[46, 21]",0.046,0.061,0.0,0.142,0.002,0.004,1217.353,1406.052,1.002
"K_uu_weight[46, 22]",0.057,0.071,0.0,0.172,0.002,0.004,1222.348,1405.923,1.002
"K_uu_weight[46, 23]",0.07,0.082,0.0,0.207,0.002,0.005,1227.075,1427.167,1.002
"K_uu_weight[46, 24]",0.086,0.094,0.0,0.247,0.002,0.005,1232.122,1448.927,1.002
"K_uu_weight[46, 25]",0.105,0.108,0.0,0.288,0.003,0.005,1238.785,1448.927,1.002
"K_uu_weight[46, 26]",0.127,0.122,0.0,0.337,0.003,0.005,1244.742,1426.901,1.002
"K_uu_weight[46, 27]",0.152,0.138,0.001,0.389,0.004,0.006,1254.277,1426.407,1.002
"K_uu_weight[46, 28]",0.181,0.155,0.002,0.449,0.004,0.006,1261.066,1446.533,1.002
"K_uu_weight[46, 29]",0.215,0.174,0.004,0.517,0.005,0.006,1272.438,1425.477,1.002
"K_uu_weight[46, 30]",0.253,0.192,0.006,0.582,0.005,0.007,1282.823,1492.087,1.002
"K_uu_weight[46, 31]",0.296,0.212,0.011,0.659,0.005,0.007,1298.927,1540.552,1.002
"K_uu_weight[46, 32]",0.343,0.232,0.02,0.74,0.006,0.007,1316.46,1538.556,1.001
"K_uu_weight[46, 33]",0.394,0.252,0.034,0.825,0.006,0.008,1335.216,1402.432,1.001
"K_uu_weight[46, 34]",0.449,0.273,0.046,0.906,0.007,0.008,1358.295,1278.435,1.001
"K_uu_weight[46, 35]",0.508,0.293,0.068,0.996,0.007,0.009,1384.289,1286.967,1.001
"K_uu_weight[46, 36]",0.569,0.313,0.09,1.086,0.008,0.009,1414.467,1308.678,1.001
"K_uu_weight[46, 37]",0.632,0.332,0.134,1.203,0.008,0.009,1448.036,1408.263,1.001
"K_uu_weight[46, 38]",0.694,0.351,0.154,1.302,0.009,0.01,1478.502,1387.78,1.001
"K_uu_weight[46, 39]",0.755,0.369,0.203,1.417,0.009,0.01,1506.308,1333.87,1.001
"K_uu_weight[46, 40]",0.813,0.387,0.255,1.535,0.009,0.01,1535.929,1401.988,1.001
"K_uu_weight[46, 41]",0.866,0.403,0.256,1.597,0.01,0.011,1560.265,1515.004,1.0
"K_uu_weight[46, 42]",0.912,0.417,0.276,1.673,0.01,0.011,1578.433,1514.381,1.0
"K_uu_weight[46, 43]",0.95,0.429,0.291,1.722,0.01,0.011,1590.899,1539.244,1.0
"K_uu_weight[46, 44]",0.978,0.438,0.301,1.768,0.011,0.011,1597.61,1515.176,1.0
"K_uu_weight[46, 45]",0.995,0.443,0.309,1.8,0.011,0.012,1604.006,1553.939,1.0
"K_uu_weight[46, 46]",1.001,0.445,0.311,1.813,0.011,0.012,1605.742,1528.315,1.0
"K_uu_weight[46, 47]",0.995,0.443,0.309,1.8,0.011,0.012,1604.006,1553.939,1.0
"K_uu_weight[46, 48]",0.978,0.438,0.301,1.768,0.011,0.011,1597.61,1515.176,1.0
"K_uu_weight[46, 49]",0.95,0.429,0.291,1.722,0.01,0.011,1590.899,1539.244,1.0
"K_uu_weight[47, 0]",0.0,0.002,0.0,0.0,0.0,0.001,1185.886,1346.385,1.002
"K_uu_weight[47, 1]",0.0,0.002,0.0,0.001,0.0,0.001,1185.845,1346.385,1.002
"K_uu_weight[47, 2]",0.0,0.002,0.0,0.001,0.0,0.001,1186.517,1346.385,1.002
"K_uu_weight[47, 3]",0.0,0.003,0.0,0.001,0.0,0.001,1186.811,1346.385,1.002
"K_uu_weight[47, 4]",0.001,0.003,0.0,0.002,0.0,0.001,1187.605,1346.385,1.002
"K_uu_weight[47, 5]",0.001,0.004,0.0,0.002,0.0,0.001,1188.224,1346.385,1.002
"K_uu_weight[47, 6]",0.001,0.005,0.0,0.003,0.0,0.001,1189.313,1346.327,1.002
"K_uu_weight[47, 7]",0.001,0.005,0.0,0.004,0.0,0.001,1190.49,1346.327,1.002
"K_uu_weight[47, 8]",0.001,0.006,0.0,0.006,0.0,0.001,1192.806,1346.327,1.002
"K_uu_weight[47, 9]",0.002,0.008,0.0,0.007,0.0,0.002,1193.362,1346.327,1.002
"K_uu_weight[47, 10]",0.003,0.009,0.0,0.009,0.0,0.002,1193.862,1346.327,1.002
"K_uu_weight[47, 11]",0.003,0.01,0.0,0.012,0.0,0.002,1194.398,1365.673,1.002
"K_uu_weight[47, 12]",0.004,0.012,0.0,0.016,0.0,0.002,1196.187,1365.673,1.002
"K_uu_weight[47, 13]",0.005,0.014,0.0,0.02,0.0,0.002,1196.829,1346.268,1.002
"K_uu_weight[47, 14]",0.007,0.017,0.0,0.026,0.0,0.003,1198.038,1365.793,1.002
"K_uu_weight[47, 15]",0.009,0.02,0.0,0.033,0.001,0.003,1199.831,1346.443,1.002
"K_uu_weight[47, 16]",0.012,0.024,0.0,0.042,0.001,0.003,1201.357,1346.443,1.002
"K_uu_weight[47, 17]",0.015,0.028,0.0,0.052,0.001,0.003,1203.435,1365.793,1.002
"K_uu_weight[47, 18]",0.019,0.033,0.0,0.065,0.001,0.003,1206.341,1385.707,1.002
"K_uu_weight[47, 19]",0.024,0.038,0.0,0.08,0.001,0.004,1208.035,1385.707,1.002
"K_uu_weight[47, 20]",0.03,0.045,0.0,0.097,0.001,0.004,1210.356,1385.707,1.002
"K_uu_weight[47, 21]",0.037,0.053,0.0,0.117,0.001,0.004,1214.424,1385.707,1.002
"K_uu_weight[47, 22]",0.046,0.061,0.0,0.142,0.002,0.004,1217.353,1406.052,1.002
"K_uu_weight[47, 23]",0.057,0.071,0.0,0.172,0.002,0.004,1222.348,1405.923,1.002
"K_uu_weight[47, 24]",0.07,0.082,0.0,0.207,0.002,0.005,1227.075,1427.167,1.002
"K_uu_weight[47, 25]",0.086,0.094,0.0,0.247,0.002,0.005,1232.122,1448.927,1.002
"K_uu_weight[47, 26]",0.105,0.108,0.0,0.288,0.003,0.005,1238.785,1448.927,1.002
"K_uu_weight[47, 27]",0.127,0.122,0.0,0.337,0.003,0.005,1244.742,1426.901,1.002
"K_uu_weight[47, 28]",0.152,0.138,0.001,0.389,0.004,0.006,1254.277,1426.407,1.002
"K_uu_weight[47, 29]",0.181,0.155,0.002,0.449,0.004,0.006,1261.066,1446.533,1.002
"K_uu_weight[47, 30]",0.215,0.174,0.004,0.517,0.005,0.006,1272.438,1425.477,1.002
"K_uu_weight[47, 31]",0.253,0.192,0.006,0.582,0.005,0.007,1282.823,1492.087,1.002
"K_uu_weight[47, 32]",0.296,0.212,0.011,0.659,0.005,0.007,1298.927,1540.552,1.002
"K_uu_weight[47, 33]",0.343,0.232,0.02,0.74,0.006,0.007,1316.46,1538.556,1.001
"K_uu_weight[47, 34]",0.394,0.252,0.034,0.825,0.006,0.008,1335.216,1402.432,1.001
"K_uu_weight[47, 35]",0.449,0.273,0.046,0.906,0.007,0.008,1358.295,1278.435,1.001
"K_uu_weight[47, 36]",0.508,0.293,0.068,0.996,0.007,0.009,1384.289,1286.967,1.001
"K_uu_weight[47, 37]",0.569,0.313,0.09,1.086,0.008,0.009,1414.467,1308.678,1.001
"K_uu_weight[47, 38]",0.632,0.332,0.134,1.203,0.008,0.009,1448.036,1408.263,1.001
"K_uu_weight[47, 39]",0.694,0.351,0.154,1.302,0.009,0.01,1478.502,1387.78,1.001
"K_uu_weight[47, 40]",0.755,0.369,0.203,1.417,0.009,0.01,1506.308,1333.87,1.001
"K_uu_weight[47, 41]",0.813,0.387,0.255,1.535,0.009,0.01,1535.929,1401.988,1.001
"K_uu_weight[47, 42]",0.866,0.403,0.256,1.597,0.01,0.011,1560.265,1515.004,1.0
"K_uu_weight[47, 43]",0.912,0.417,0.276,1.673,0.01,0.011,1578.433,1514.381,1.0
"K_uu_weight[47, 44]",0.95,0.429,0.291,1.722,0.01,0.011,1590.899,1539.244,1.0
"K_uu_weight[47, 45]",0.978,0.438,0.301,1.768,0.011,0.011,1597.61,1515.176,1.0
"K_uu_weight[47, 46]",0.995,0.443,0.309,1.8,0.011,0.012,1604.006,1553.939,1.0
"K_uu_weight[47, 47]",1.001,0.445,0.311,1.813,0.011,0.012,1605.742,1528.315,1.0
"K_uu_weight[47, 48]",0.995,0.443,0.309,1.8,0.011,0.012,1604.006,1553.939,1.0
"K_uu_weight[47, 49]",0.978,0.438,0.301,1.768,0.011,0.011,1597.61,1515.176,1.0
"K_uu_weight[48, 0]",0.0,0.001,0.0,0.0,0.0,0.0,1186.0,1346.385,1.002
"K_uu_weight[48, 1]",0.0,0.002,0.0,0.0,0.0,0.001,1185.886,1346.385,1.002
"K_uu_weight[48, 2]",0.0,0.002,0.0,0.001,0.0,0.001,1185.845,1346.385,1.002
"K_uu_weight[48, 3]",0.0,0.002,0.0,0.001,0.0,0.001,1186.517,1346.385,1.002
"K_uu_weight[48, 4]",0.0,0.003,0.0,0.001,0.0,0.001,1186.811,1346.385,1.002
"K_uu_weight[48, 5]",0.001,0.003,0.0,0.002,0.0,0.001,1187.605,1346.385,1.002
"K_uu_weight[48, 6]",0.001,0.004,0.0,0.002,0.0,0.001,1188.224,1346.385,1.002
"K_uu_weight[48, 7]",0.001,0.005,0.0,0.003,0.0,0.001,1189.313,1346.327,1.002
"K_uu_weight[48, 8]",0.001,0.005,0.0,0.004,0.0,0.001,1190.49,1346.327,1.002
"K_uu_weight[48, 9]",0.001,0.006,0.0,0.006,0.0,0.001,1192.806,1346.327,1.002
"K_uu_weight[48, 10]",0.002,0.008,0.0,0.007,0.0,0.002,1193.362,1346.327,1.002
"K_uu_weight[48, 11]",0.003,0.009,0.0,0.009,0.0,0.002,1193.862,1346.327,1.002
"K_uu_weight[48, 12]",0.003,0.01,0.0,0.012,0.0,0.002,1194.398,1365.673,1.002
"K_uu_weight[48, 13]",0.004,0.012,0.0,0.016,0.0,0.002,1196.187,1365.673,1.002
"K_uu_weight[48, 14]",0.005,0.014,0.0,0.02,0.0,0.002,1196.829,1346.268,1.002
"K_uu_weight[48, 15]",0.007,0.017,0.0,0.026,0.0,0.003,1198.038,1365.793,1.002
"K_uu_weight[48, 16]",0.009,0.02,0.0,0.033,0.001,0.003,1199.831,1346.443,1.002
"K_uu_weight[48, 17]",0.012,0.024,0.0,0.042,0.001,0.003,1201.357,1346.443,1.002
"K_uu_weight[48, 18]",0.015,0.028,0.0,0.052,0.001,0.003,1203.435,1365.793,1.002
"K_uu_weight[48, 19]",0.019,0.033,0.0,0.065,0.001,0.003,1206.341,1385.707,1.002
"K_uu_weight[48, 20]",0.024,0.038,0.0,0.08,0.001,0.004,1208.035,1385.707,1.002
"K_uu_weight[48, 21]",0.03,0.045,0.0,0.097,0.001,0.004,1210.356,1385.707,1.002
"K_uu_weight[48, 22]",0.037,0.053,0.0,0.117,0.001,0.004,1214.424,1385.707,1.002
"K_uu_weight[48, 23]",0.046,0.061,0.0,0.142,0.002,0.004,1217.353,1406.052,1.002
"K_uu_weight[48, 24]",0.057,0.071,0.0,0.172,0.002,0.004,1222.348,1405.923,1.002
"K_uu_weight[48, 25]",0.07,0.082,0.0,0.207,0.002,0.005,1227.075,1427.167,1.002
"K_uu_weight[48, 26]",0.086,0.094,0.0,0.247,0.002,0.005,1232.122,1448.927,1.002
"K_uu_weight[48, 27]",0.105,0.108,0.0,0.288,0.003,0.005,1238.785,1448.927,1.002
"K_uu_weight[48, 28]",0.127,0.122,0.0,0.337,0.003,0.005,1244.742,1426.901,1.002
"K_uu_weight[48, 29]",0.152,0.138,0.001,0.389,0.004,0.006,1254.277,1426.407,1.002
"K_uu_weight[48, 30]",0.181,0.155,0.002,0.449,0.004,0.006,1261.066,1446.533,1.002
"K_uu_weight[48, 31]",0.215,0.174,0.004,0.517,0.005,0.006,1272.438,1425.477,1.002
"K_uu_weight[48, 32]",0.253,0.192,0.006,0.582,0.005,0.007,1282.823,1492.087,1.002
"K_uu_weight[48, 33]",0.296,0.212,0.011,0.659,0.005,0.007,1298.927,1540.552,1.002
"K_uu_weight[48, 34]",0.343,0.232,0.02,0.74,0.006,0.007,1316.46,1538.556,1.001
"K_uu_weight[48, 35]",0.394,0.252,0.034,0.825,0.006,0.008,1335.216,1402.432,1.001
"K_uu_weight[48, 36]",0.449,0.273,0.046,0.906,0.007,0.008,1358.295,1278.435,1.001
"K_uu_weight[48, 37]",0.508,0.293,0.068,0.996,0.007,0.009,1384.289,1286.967,1.001
"K_uu_weight[48, 38]",0.569,0.313,0.09,1.086,0.008,0.009,1414.467,1308.678,1.001
"K_uu_weight[48, 39]",0.632,0.332,0.134,1.203,0.008,0.009,1448.036,1408.263,1.001
"K_uu_weight[48, 40]",0.694,0.351,0.154,1.302,0.009,0.01,1478.502,1387.78,1.001
"K_uu_weight[48, 41]",0.755,0.369,0.203,1.417,0.009,0.01,1506.308,1333.87,1.001
"K_uu_weight[48, 42]",0.813,0.387,0.255,1.535,0.009,0.01,1535.929,1401.988,1.001
"K_uu_weight[48, 43]",0.866,0.403,0.256,1.597,0.01,0.011,1560.265,1515.004,1.0
"K_uu_weight[48, 44]",0.912,0.417,0.276,1.673,0.01,0.011,1578.433,1514.381,1.0
"K_uu_weight[48, 45]",0.95,0.429,0.291,1.722,0.01,0.011,1590.899,1539.244,1.0
"K_uu_weight[48, 46]",0.978,0.438,0.301,1.768,0.011,0.011,1597.61,1515.176,1.0
"K_uu_weight[48, 47]",0.995,0.443,0.309,1.8,0.011,0.012,1604.006,1553.939,1.0
"K_uu_weight[48, 48]",1.001,0.445,0.311,1.813,0.011,0.012,1605.742,1528.315,1.0
"K_uu_weight[48, 49]",0.995,0.443,0.309,1.8,0.011,0.012,1604.006,1553.939,1.0
"K_uu_weight[49, 0]",0.0,0.001,0.0,0.0,0.0,0.0,1186.266,1346.385,1.002
"K_uu_weight[49, 1]",0.0,0.001,0.0,0.0,0.0,0.0,1186.0,1346.385,1.002
"K_uu_weight[49, 2]",0.0,0.002,0.0,0.0,0.0,0.001,1185.886,1346.385,1.002
"K_uu_weight[49, 3]",0.0,0.002,0.0,0.001,0.0,0.001,1185.845,1346.385,1.002
"K_uu_weight[49, 4]",0.0,0.002,0.0,0.001,0.0,0.001,1186.517,1346.385,1.002
"K_uu_weight[49, 5]",0.0,0.003,0.0,0.001,0.0,0.001,1186.811,1346.385,1.002
"K_uu_weight[49, 6]",0.001,0.003,0.0,0.002,0.0,0.001,1187.605,1346.385,1.002
"K_uu_weight[49, 7]",0.001,0.004,0.0,0.002,0.0,0.001,1188.224,1346.385,1.002
"K_uu_weight[49, 8]",0.001,0.005,0.0,0.003,0.0,0.001,1189.313,1346.327,1.002
"K_uu_weight[49, 9]",0.001,0.005,0.0,0.004,0.0,0.001,1190.49,1346.327,1.002
"K_uu_weight[49, 10]",0.001,0.006,0.0,0.006,0.0,0.001,1192.806,1346.327,1.002
"K_uu_weight[49, 11]",0.002,0.008,0.0,0.007,0.0,0.002,1193.362,1346.327,1.002
"K_uu_weight[49, 12]",0.003,0.009,0.0,0.009,0.0,0.002,1193.862,1346.327,1.002
"K_uu_weight[49, 13]",0.003,0.01,0.0,0.012,0.0,0.002,1194.398,1365.673,1.002
"K_uu_weight[49, 14]",0.004,0.012,0.0,0.016,0.0,0.002,1196.187,1365.673,1.002
"K_uu_weight[49, 15]",0.005,0.014,0.0,0.02,0.0,0.002,1196.829,1346.268,1.002
"K_uu_weight[49, 16]",0.007,0.017,0.0,0.026,0.0,0.003,1198.038,1365.793,1.002
"K_uu_weight[49, 17]",0.009,0.02,0.0,0.033,0.001,0.003,1199.831,1346.443,1.002
"K_uu_weight[49, 18]",0.012,0.024,0.0,0.042,0.001,0.003,1201.357,1346.443,1.002
"K_uu_weight[49, 19]",0.015,0.028,0.0,0.052,0.001,0.003,1203.435,1365.793,1.002
"K_uu_weight[49, 20]",0.019,0.033,0.0,0.065,0.001,0.003,1206.341,1385.707,1.002
"K_uu_weight[49, 21]",0.024,0.038,0.0,0.08,0.001,0.004,1208.035,1385.707,1.002
"K_uu_weight[49, 22]",0.03,0.045,0.0,0.097,0.001,0.004,1210.356,1385.707,1.002
"K_uu_weight[49, 23]",0.037,0.053,0.0,0.117,0.001,0.004,1214.424,1385.707,1.002
"K_uu_weight[49, 24]",0.046,0.061,0.0,0.142,0.002,0.004,1217.353,1406.052,1.002
"K_uu_weight[49, 25]",0.057,0.071,0.0,0.172,0.002,0.004,1222.348,1405.923,1.002
"K_uu_weight[49, 26]",0.07,0.082,0.0,0.207,0.002,0.005,1227.075,1427.167,1.002
"K_uu_weight[49, 27]",0.086,0.094,0.0,0.247,0.002,0.005,1232.122,1448.927,1.002
"K_uu_weight[49, 28]",0.105,0.108,0.0,0.288,0.003,0.005,1238.785,1448.927,1.002
"K_uu_weight[49, 29]",0.127,0.122,0.0,0.337,0.003,0.005,1244.742,1426.901,1.002
"K_uu_weight[49, 30]",0.152,0.138,0.001,0.389,0.004,0.006,1254.277,1426.407,1.002
"K_uu_weight[49, 31]",0.181,0.155,0.002,0.449,0.004,0.006,1261.066,1446.533,1.002
"K_uu_weight[49, 32]",0.215,0.174,0.004,0.517,0.005,0.006,1272.438,1425.477,1.002
"K_uu_weight[49, 33]",0.253,0.192,0.006,0.582,0.005,0.007,1282.823,1492.087,1.002
"K_uu_weight[49, 34]",0.296,0.212,0.011,0.659,0.005,0.007,1298.927,1540.552,1.002
"K_uu_weight[49, 35]",0.343,0.232,0.02,0.74,0.006,0.007,1316.46,1538.556,1.001
"K_uu_weight[49, 36]",0.394,0.252,0.034,0.825,0.006,0.008,1335.216,1402.432,1.001
"K_uu_weight[49, 37]",0.449,0.273,0.046,0.906,0.007,0.008,1358.295,1278.435,1.001
"K_uu_weight[49, 38]",0.508,0.293,0.068,0.996,0.007,0.009,1384.289,1286.967,1.001
"K_uu_weight[49, 39]",0.569,0.313,0.09,1.086,0.008,0.009,1414.467,1308.678,1.001
"K_uu_weight[49, 40]",0.632,0.332,0.134,1.203,0.008,0.009,1448.036,1408.263,1.001
"K_uu_weight[49, 41]",0.694,0.351,0.154,1.302,0.009,0.01,1478.502,1387.78,1.001
"K_uu_weight[49, 42]",0.755,0.369,0.203,1.417,0.009,0.01,1506.308,1333.87,1.001
"K_uu_weight[49, 43]",0.813,0.387,0.255,1.535,0.009,0.01,1535.929,1401.988,1.001
"K_uu_weight[49, 44]",0.866,0.403,0.256,1.597,0.01,0.011,1560.265,1515.004,1.0
"K_uu_weight[49, 45]",0.912,0.417,0.276,1.673,0.01,0.011,1578.433,1514.381,1.0
"K_uu_weight[49, 46]",0.95,0.429,0.291,1.722,0.01,0.011,1590.899,1539.244,1.0
"K_uu_weight[49, 47]",0.978,0.438,0.301,1.768,0.011,0.011,1597.61,1515.176,1.0
"K_uu_weight[49, 48]",0.995,0.443,0.309,1.8,0.011,0.012,1604.006,1553.939,1.0
"K_uu_weight[49, 49]",1.001,0.445,0.311,1.813,0.011,0.012,1605.742,1528.315,1.0
"K_uu_workout[0, 0]",0.073,0.075,0.005,0.207,0.002,0.003,1223.192,1471.148,1.003
"K_uu_workout[0, 1]",0.073,0.075,0.005,0.207,0.002,0.003,1223.326,1471.148,1.003
"K_uu_workout[0, 2]",0.073,0.075,0.005,0.207,0.002,0.003,1223.672,1471.148,1.003
"K_uu_workout[0, 3]",0.073,0.075,0.005,0.207,0.002,0.003,1224.341,1471.148,1.003
"K_uu_workout[0, 4]",0.073,0.075,0.005,0.207,0.002,0.003,1225.174,1471.148,1.003
"K_uu_workout[0, 5]",0.073,0.075,0.007,0.209,0.002,0.003,1226.26,1471.148,1.003
"K_uu_workout[0, 6]",0.073,0.075,0.007,0.208,0.002,0.003,1227.847,1471.148,1.003
"K_uu_workout[0, 7]",0.073,0.075,0.007,0.208,0.002,0.003,1229.971,1471.148,1.003
"K_uu_workout[0, 8]",0.073,0.075,0.007,0.208,0.002,0.003,1232.094,1471.148,1.003
"K_uu_workout[0, 9]",0.073,0.075,0.005,0.205,0.002,0.003,1234.81,1471.148,1.003
"K_uu_workout[0, 10]",0.072,0.075,0.005,0.205,0.002,0.003,1238.053,1471.148,1.003
"K_uu_workout[0, 11]",0.072,0.074,0.005,0.204,0.002,0.003,1241.317,1471.148,1.003
"K_uu_workout[0, 12]",0.072,0.074,0.007,0.205,0.002,0.003,1243.609,1471.148,1.003
"K_uu_workout[0, 13]",0.072,0.074,0.007,0.205,0.002,0.003,1247.402,1471.148,1.003
"K_uu_workout[0, 14]",0.072,0.074,0.005,0.202,0.002,0.003,1250.908,1471.103,1.003
"K_uu_workout[0, 15]",0.071,0.074,0.005,0.201,0.002,0.003,1254.911,1471.103,1.003
"K_uu_workout[0, 16]",0.071,0.074,0.005,0.199,0.002,0.003,1258.708,1471.103,1.003
"K_uu_workout[0, 17]",0.071,0.073,0.005,0.198,0.002,0.003,1263.079,1471.103,1.003
"K_uu_workout[0, 18]",0.07,0.073,0.005,0.198,0.002,0.003,1267.3,1471.103,1.003
"K_uu_workout[0, 19]",0.07,0.073,0.005,0.198,0.002,0.003,1270.664,1457.295,1.003
"K_uu_workout[0, 20]",0.07,0.073,0.006,0.198,0.002,0.003,1274.343,1457.295,1.003
"K_uu_workout[0, 21]",0.069,0.073,0.006,0.197,0.002,0.003,1277.424,1457.295,1.003
"K_uu_workout[0, 22]",0.069,0.072,0.005,0.195,0.002,0.003,1281.649,1457.295,1.003
"K_uu_workout[0, 23]",0.069,0.072,0.005,0.195,0.002,0.003,1284.017,1457.295,1.003
"K_uu_workout[0, 24]",0.068,0.072,0.005,0.194,0.002,0.003,1288.151,1457.295,1.003
"K_uu_workout[0, 25]",0.068,0.072,0.006,0.195,0.002,0.003,1291.417,1457.295,1.003
"K_uu_workout[0, 26]",0.067,0.072,0.004,0.192,0.002,0.003,1294.524,1457.447,1.003
"K_uu_workout[0, 27]",0.067,0.071,0.004,0.192,0.002,0.003,1298.749,1457.447,1.003
"K_uu_workout[0, 28]",0.066,0.071,0.005,0.193,0.002,0.003,1302.531,1457.447,1.003
"K_uu_workout[0, 29]",0.066,0.071,0.005,0.193,0.002,0.003,1305.688,1448.868,1.003
"K_uu_workout[0, 30]",0.065,0.071,0.005,0.191,0.002,0.003,1308.282,1448.868,1.003
"K_uu_workout[0, 31]",0.065,0.07,0.005,0.191,0.002,0.003,1313.388,1448.868,1.003
"K_uu_workout[0, 32]",0.064,0.07,0.001,0.184,0.002,0.003,1315.413,1448.868,1.003
"K_uu_workout[0, 33]",0.064,0.07,0.001,0.184,0.002,0.003,1317.191,1449.141,1.003
"K_uu_workout[0, 34]",0.063,0.07,0.001,0.184,0.002,0.003,1319.285,1449.141,1.003
"K_uu_workout[0, 35]",0.063,0.069,0.001,0.183,0.002,0.003,1320.512,1449.141,1.003
"K_uu_workout[0, 36]",0.062,0.069,0.001,0.183,0.002,0.003,1321.522,1449.141,1.002
"K_uu_workout[0, 37]",0.062,0.069,0.001,0.182,0.002,0.003,1322.403,1427.176,1.002
"K_uu_workout[0, 38]",0.061,0.068,0.001,0.181,0.002,0.003,1322.284,1427.176,1.002
"K_uu_workout[0, 39]",0.061,0.068,0.0,0.179,0.002,0.003,1320.414,1405.821,1.002
"K_uu_workout[0, 40]",0.06,0.068,0.002,0.18,0.002,0.003,1320.251,1405.821,1.002
"K_uu_workout[0, 41]",0.06,0.068,0.001,0.178,0.002,0.003,1320.99,1405.821,1.002
"K_uu_workout[0, 42]",0.059,0.067,0.001,0.178,0.002,0.003,1320.132,1405.821,1.001
"K_uu_workout[0, 43]",0.059,0.067,0.002,0.179,0.002,0.003,1318.984,1405.821,1.001
"K_uu_workout[0, 44]",0.058,0.067,0.003,0.178,0.002,0.003,1316.531,1385.332,1.001
"K_uu_workout[0, 45]",0.058,0.066,0.002,0.176,0.002,0.003,1314.933,1385.332,1.001
"K_uu_workout[0, 46]",0.057,0.066,0.002,0.175,0.002,0.003,1310.772,1385.332,1.001
"K_uu_workout[0, 47]",0.057,0.066,0.002,0.173,0.002,0.003,1306.928,1385.332,1.001
"K_uu_workout[0, 48]",0.056,0.065,0.002,0.172,0.002,0.003,1302.899,1385.332,1.001
"K_uu_workout[0, 49]",0.055,0.065,0.002,0.171,0.002,0.003,1298.65,1385.332,1.001
"K_uu_workout[1, 0]",0.073,0.075,0.005,0.207,0.002,0.003,1223.326,1471.148,1.003
"K_uu_workout[1, 1]",0.073,0.075,0.005,0.207,0.002,0.003,1223.192,1471.148,1.003
"K_uu_workout[1, 2]",0.073,0.075,0.005,0.207,0.002,0.003,1223.326,1471.148,1.003
"K_uu_workout[1, 3]",0.073,0.075,0.005,0.207,0.002,0.003,1223.672,1471.148,1.003
"K_uu_workout[1, 4]",0.073,0.075,0.005,0.207,0.002,0.003,1224.341,1471.148,1.003
"K_uu_workout[1, 5]",0.073,0.075,0.005,0.207,0.002,0.003,1225.174,1471.148,1.003
"K_uu_workout[1, 6]",0.073,0.075,0.007,0.209,0.002,0.003,1226.26,1471.148,1.003
"K_uu_workout[1, 7]",0.073,0.075,0.007,0.208,0.002,0.003,1227.847,1471.148,1.003
"K_uu_workout[1, 8]",0.073,0.075,0.007,0.208,0.002,0.003,1229.971,1471.148,1.003
"K_uu_workout[1, 9]",0.073,0.075,0.007,0.208,0.002,0.003,1232.094,1471.148,1.003
"K_uu_workout[1, 10]",0.073,0.075,0.005,0.205,0.002,0.003,1234.81,1471.148,1.003
"K_uu_workout[1, 11]",0.072,0.075,0.005,0.205,0.002,0.003,1238.053,1471.148,1.003
"K_uu_workout[1, 12]",0.072,0.074,0.005,0.204,0.002,0.003,1241.317,1471.148,1.003
"K_uu_workout[1, 13]",0.072,0.074,0.007,0.205,0.002,0.003,1243.609,1471.148,1.003
"K_uu_workout[1, 14]",0.072,0.074,0.007,0.205,0.002,0.003,1247.402,1471.148,1.003
"K_uu_workout[1, 15]",0.072,0.074,0.005,0.202,0.002,0.003,1250.908,1471.103,1.003
"K_uu_workout[1, 16]",0.071,0.074,0.005,0.201,0.002,0.003,1254.911,1471.103,1.003
"K_uu_workout[1, 17]",0.071,0.074,0.005,0.199,0.002,0.003,1258.708,1471.103,1.003
"K_uu_workout[1, 18]",0.071,0.073,0.005,0.198,0.002,0.003,1263.079,1471.103,1.003
"K_uu_workout[1, 19]",0.07,0.073,0.005,0.198,0.002,0.003,1267.3,1471.103,1.003
"K_uu_workout[1, 20]",0.07,0.073,0.005,0.198,0.002,0.003,1270.664,1457.295,1.003
"K_uu_workout[1, 21]",0.07,0.073,0.006,0.198,0.002,0.003,1274.343,1457.295,1.003
"K_uu_workout[1, 22]",0.069,0.073,0.006,0.197,0.002,0.003,1277.424,1457.295,1.003
"K_uu_workout[1, 23]",0.069,0.072,0.005,0.195,0.002,0.003,1281.649,1457.295,1.003
"K_uu_workout[1, 24]",0.069,0.072,0.005,0.195,0.002,0.003,1284.017,1457.295,1.003
"K_uu_workout[1, 25]",0.068,0.072,0.005,0.194,0.002,0.003,1288.151,1457.295,1.003
"K_uu_workout[1, 26]",0.068,0.072,0.006,0.195,0.002,0.003,1291.417,1457.295,1.003
"K_uu_workout[1, 27]",0.067,0.072,0.004,0.192,0.002,0.003,1294.524,1457.447,1.003
"K_uu_workout[1, 28]",0.067,0.071,0.004,0.192,0.002,0.003,1298.749,1457.447,1.003
"K_uu_workout[1, 29]",0.066,0.071,0.005,0.193,0.002,0.003,1302.531,1457.447,1.003
"K_uu_workout[1, 30]",0.066,0.071,0.005,0.193,0.002,0.003,1305.688,1448.868,1.003
"K_uu_workout[1, 31]",0.065,0.071,0.005,0.191,0.002,0.003,1308.282,1448.868,1.003
"K_uu_workout[1, 32]",0.065,0.07,0.005,0.191,0.002,0.003,1313.388,1448.868,1.003
"K_uu_workout[1, 33]",0.064,0.07,0.001,0.184,0.002,0.003,1315.413,1448.868,1.003
"K_uu_workout[1, 34]",0.064,0.07,0.001,0.184,0.002,0.003,1317.191,1449.141,1.003
"K_uu_workout[1, 35]",0.063,0.07,0.001,0.184,0.002,0.003,1319.285,1449.141,1.003
"K_uu_workout[1, 36]",0.063,0.069,0.001,0.183,0.002,0.003,1320.512,1449.141,1.003
"K_uu_workout[1, 37]",0.062,0.069,0.001,0.183,0.002,0.003,1321.522,1449.141,1.002
"K_uu_workout[1, 38]",0.062,0.069,0.001,0.182,0.002,0.003,1322.403,1427.176,1.002
"K_uu_workout[1, 39]",0.061,0.068,0.001,0.181,0.002,0.003,1322.284,1427.176,1.002
"K_uu_workout[1, 40]",0.061,0.068,0.0,0.179,0.002,0.003,1320.414,1405.821,1.002
"K_uu_workout[1, 41]",0.06,0.068,0.002,0.18,0.002,0.003,1320.251,1405.821,1.002
"K_uu_workout[1, 42]",0.06,0.068,0.001,0.178,0.002,0.003,1320.99,1405.821,1.002
"K_uu_workout[1, 43]",0.059,0.067,0.001,0.178,0.002,0.003,1320.132,1405.821,1.001
"K_uu_workout[1, 44]",0.059,0.067,0.002,0.179,0.002,0.003,1318.984,1405.821,1.001
"K_uu_workout[1, 45]",0.058,0.067,0.003,0.178,0.002,0.003,1316.531,1385.332,1.001
"K_uu_workout[1, 46]",0.058,0.066,0.002,0.176,0.002,0.003,1314.933,1385.332,1.001
"K_uu_workout[1, 47]",0.057,0.066,0.002,0.175,0.002,0.003,1310.772,1385.332,1.001
"K_uu_workout[1, 48]",0.057,0.066,0.002,0.173,0.002,0.003,1306.928,1385.332,1.001
"K_uu_workout[1, 49]",0.056,0.065,0.002,0.172,0.002,0.003,1302.899,1385.332,1.001
"K_uu_workout[2, 0]",0.073,0.075,0.005,0.207,0.002,0.003,1223.672,1471.148,1.003
"K_uu_workout[2, 1]",0.073,0.075,0.005,0.207,0.002,0.003,1223.326,1471.148,1.003
"K_uu_workout[2, 2]",0.073,0.075,0.005,0.207,0.002,0.003,1223.192,1471.148,1.003
"K_uu_workout[2, 3]",0.073,0.075,0.005,0.207,0.002,0.003,1223.326,1471.148,1.003
"K_uu_workout[2, 4]",0.073,0.075,0.005,0.207,0.002,0.003,1223.672,1471.148,1.003
"K_uu_workout[2, 5]",0.073,0.075,0.005,0.207,0.002,0.003,1224.341,1471.148,1.003
"K_uu_workout[2, 6]",0.073,0.075,0.005,0.207,0.002,0.003,1225.174,1471.148,1.003
"K_uu_workout[2, 7]",0.073,0.075,0.007,0.209,0.002,0.003,1226.26,1471.148,1.003
"K_uu_workout[2, 8]",0.073,0.075,0.007,0.208,0.002,0.003,1227.847,1471.148,1.003
"K_uu_workout[2, 9]",0.073,0.075,0.007,0.208,0.002,0.003,1229.971,1471.148,1.003
"K_uu_workout[2, 10]",0.073,0.075,0.007,0.208,0.002,0.003,1232.094,1471.148,1.003
"K_uu_workout[2, 11]",0.073,0.075,0.005,0.205,0.002,0.003,1234.81,1471.148,1.003
"K_uu_workout[2, 12]",0.072,0.075,0.005,0.205,0.002,0.003,1238.053,1471.148,1.003
"K_uu_workout[2, 13]",0.072,0.074,0.005,0.204,0.002,0.003,1241.317,1471.148,1.003
"K_uu_workout[2, 14]",0.072,0.074,0.007,0.205,0.002,0.003,1243.609,1471.148,1.003
"K_uu_workout[2, 15]",0.072,0.074,0.007,0.205,0.002,0.003,1247.402,1471.148,1.003
"K_uu_workout[2, 16]",0.072,0.074,0.005,0.202,0.002,0.003,1250.908,1471.103,1.003
"K_uu_workout[2, 17]",0.071,0.074,0.005,0.201,0.002,0.003,1254.911,1471.103,1.003
"K_uu_workout[2, 18]",0.071,0.074,0.005,0.199,0.002,0.003,1258.708,1471.103,1.003
"K_uu_workout[2, 19]",0.071,0.073,0.005,0.198,0.002,0.003,1263.079,1471.103,1.003
"K_uu_workout[2, 20]",0.07,0.073,0.005,0.198,0.002,0.003,1267.3,1471.103,1.003
"K_uu_workout[2, 21]",0.07,0.073,0.005,0.198,0.002,0.003,1270.664,1457.295,1.003
"K_uu_workout[2, 22]",0.07,0.073,0.006,0.198,0.002,0.003,1274.343,1457.295,1.003
"K_uu_workout[2, 23]",0.069,0.073,0.006,0.197,0.002,0.003,1277.424,1457.295,1.003
"K_uu_workout[2, 24]",0.069,0.072,0.005,0.195,0.002,0.003,1281.649,1457.295,1.003
"K_uu_workout[2, 25]",0.069,0.072,0.005,0.195,0.002,0.003,1284.017,1457.295,1.003
"K_uu_workout[2, 26]",0.068,0.072,0.005,0.194,0.002,0.003,1288.151,1457.295,1.003
"K_uu_workout[2, 27]",0.068,0.072,0.006,0.195,0.002,0.003,1291.417,1457.295,1.003
"K_uu_workout[2, 28]",0.067,0.072,0.004,0.192,0.002,0.003,1294.524,1457.447,1.003
"K_uu_workout[2, 29]",0.067,0.071,0.004,0.192,0.002,0.003,1298.749,1457.447,1.003
"K_uu_workout[2, 30]",0.066,0.071,0.005,0.193,0.002,0.003,1302.531,1457.447,1.003
"K_uu_workout[2, 31]",0.066,0.071,0.005,0.193,0.002,0.003,1305.688,1448.868,1.003
"K_uu_workout[2, 32]",0.065,0.071,0.005,0.191,0.002,0.003,1308.282,1448.868,1.003
"K_uu_workout[2, 33]",0.065,0.07,0.005,0.191,0.002,0.003,1313.388,1448.868,1.003
"K_uu_workout[2, 34]",0.064,0.07,0.001,0.184,0.002,0.003,1315.413,1448.868,1.003
"K_uu_workout[2, 35]",0.064,0.07,0.001,0.184,0.002,0.003,1317.191,1449.141,1.003
"K_uu_workout[2, 36]",0.063,0.07,0.001,0.184,0.002,0.003,1319.285,1449.141,1.003
"K_uu_workout[2, 37]",0.063,0.069,0.001,0.183,0.002,0.003,1320.512,1449.141,1.003
"K_uu_workout[2, 38]",0.062,0.069,0.001,0.183,0.002,0.003,1321.522,1449.141,1.002
"K_uu_workout[2, 39]",0.062,0.069,0.001,0.182,0.002,0.003,1322.403,1427.176,1.002
"K_uu_workout[2, 40]",0.061,0.068,0.001,0.181,0.002,0.003,1322.284,1427.176,1.002
"K_uu_workout[2, 41]",0.061,0.068,0.0,0.179,0.002,0.003,1320.414,1405.821,1.002
"K_uu_workout[2, 42]",0.06,0.068,0.002,0.18,0.002,0.003,1320.251,1405.821,1.002
"K_uu_workout[2, 43]",0.06,0.068,0.001,0.178,0.002,0.003,1320.99,1405.821,1.002
"K_uu_workout[2, 44]",0.059,0.067,0.001,0.178,0.002,0.003,1320.132,1405.821,1.001
"K_uu_workout[2, 45]",0.059,0.067,0.002,0.179,0.002,0.003,1318.984,1405.821,1.001
"K_uu_workout[2, 46]",0.058,0.067,0.003,0.178,0.002,0.003,1316.531,1385.332,1.001
"K_uu_workout[2, 47]",0.058,0.066,0.002,0.176,0.002,0.003,1314.933,1385.332,1.001
"K_uu_workout[2, 48]",0.057,0.066,0.002,0.175,0.002,0.003,1310.772,1385.332,1.001
"K_uu_workout[2, 49]",0.057,0.066,0.002,0.173,0.002,0.003,1306.928,1385.332,1.001
"K_uu_workout[3, 0]",0.073,0.075,0.005,0.207,0.002,0.003,1224.341,1471.148,1.003
"K_uu_workout[3, 1]",0.073,0.075,0.005,0.207,0.002,0.003,1223.672,1471.148,1.003
"K_uu_workout[3, 2]",0.073,0.075,0.005,0.207,0.002,0.003,1223.326,1471.148,1.003
"K_uu_workout[3, 3]",0.073,0.075,0.005,0.207,0.002,0.003,1223.192,1471.148,1.003
"K_uu_workout[3, 4]",0.073,0.075,0.005,0.207,0.002,0.003,1223.326,1471.148,1.003
"K_uu_workout[3, 5]",0.073,0.075,0.005,0.207,0.002,0.003,1223.672,1471.148,1.003
"K_uu_workout[3, 6]",0.073,0.075,0.005,0.207,0.002,0.003,1224.341,1471.148,1.003
"K_uu_workout[3, 7]",0.073,0.075,0.005,0.207,0.002,0.003,1225.174,1471.148,1.003
"K_uu_workout[3, 8]",0.073,0.075,0.007,0.209,0.002,0.003,1226.26,1471.148,1.003
"K_uu_workout[3, 9]",0.073,0.075,0.007,0.208,0.002,0.003,1227.847,1471.148,1.003
"K_uu_workout[3, 10]",0.073,0.075,0.007,0.208,0.002,0.003,1229.971,1471.148,1.003
"K_uu_workout[3, 11]",0.073,0.075,0.007,0.208,0.002,0.003,1232.094,1471.148,1.003
"K_uu_workout[3, 12]",0.073,0.075,0.005,0.205,0.002,0.003,1234.81,1471.148,1.003
"K_uu_workout[3, 13]",0.072,0.075,0.005,0.205,0.002,0.003,1238.053,1471.148,1.003
"K_uu_workout[3, 14]",0.072,0.074,0.005,0.204,0.002,0.003,1241.317,1471.148,1.003
"K_uu_workout[3, 15]",0.072,0.074,0.007,0.205,0.002,0.003,1243.609,1471.148,1.003
"K_uu_workout[3, 16]",0.072,0.074,0.007,0.205,0.002,0.003,1247.402,1471.148,1.003
"K_uu_workout[3, 17]",0.072,0.074,0.005,0.202,0.002,0.003,1250.908,1471.103,1.003
"K_uu_workout[3, 18]",0.071,0.074,0.005,0.201,0.002,0.003,1254.911,1471.103,1.003
"K_uu_workout[3, 19]",0.071,0.074,0.005,0.199,0.002,0.003,1258.708,1471.103,1.003
"K_uu_workout[3, 20]",0.071,0.073,0.005,0.198,0.002,0.003,1263.079,1471.103,1.003
"K_uu_workout[3, 21]",0.07,0.073,0.005,0.198,0.002,0.003,1267.3,1471.103,1.003
"K_uu_workout[3, 22]",0.07,0.073,0.005,0.198,0.002,0.003,1270.664,1457.295,1.003
"K_uu_workout[3, 23]",0.07,0.073,0.006,0.198,0.002,0.003,1274.343,1457.295,1.003
"K_uu_workout[3, 24]",0.069,0.073,0.006,0.197,0.002,0.003,1277.424,1457.295,1.003
"K_uu_workout[3, 25]",0.069,0.072,0.005,0.195,0.002,0.003,1281.649,1457.295,1.003
"K_uu_workout[3, 26]",0.069,0.072,0.005,0.195,0.002,0.003,1284.017,1457.295,1.003
"K_uu_workout[3, 27]",0.068,0.072,0.005,0.194,0.002,0.003,1288.151,1457.295,1.003
"K_uu_workout[3, 28]",0.068,0.072,0.006,0.195,0.002,0.003,1291.417,1457.295,1.003
"K_uu_workout[3, 29]",0.067,0.072,0.004,0.192,0.002,0.003,1294.524,1457.447,1.003
"K_uu_workout[3, 30]",0.067,0.071,0.004,0.192,0.002,0.003,1298.749,1457.447,1.003
"K_uu_workout[3, 31]",0.066,0.071,0.005,0.193,0.002,0.003,1302.531,1457.447,1.003
"K_uu_workout[3, 32]",0.066,0.071,0.005,0.193,0.002,0.003,1305.688,1448.868,1.003
"K_uu_workout[3, 33]",0.065,0.071,0.005,0.191,0.002,0.003,1308.282,1448.868,1.003
"K_uu_workout[3, 34]",0.065,0.07,0.005,0.191,0.002,0.003,1313.388,1448.868,1.003
"K_uu_workout[3, 35]",0.064,0.07,0.001,0.184,0.002,0.003,1315.413,1448.868,1.003
"K_uu_workout[3, 36]",0.064,0.07,0.001,0.184,0.002,0.003,1317.191,1449.141,1.003
"K_uu_workout[3, 37]",0.063,0.07,0.001,0.184,0.002,0.003,1319.285,1449.141,1.003
"K_uu_workout[3, 38]",0.063,0.069,0.001,0.183,0.002,0.003,1320.512,1449.141,1.003
"K_uu_workout[3, 39]",0.062,0.069,0.001,0.183,0.002,0.003,1321.522,1449.141,1.002
"K_uu_workout[3, 40]",0.062,0.069,0.001,0.182,0.002,0.003,1322.403,1427.176,1.002
"K_uu_workout[3, 41]",0.061,0.068,0.001,0.181,0.002,0.003,1322.284,1427.176,1.002
"K_uu_workout[3, 42]",0.061,0.068,0.0,0.179,0.002,0.003,1320.414,1405.821,1.002
"K_uu_workout[3, 43]",0.06,0.068,0.002,0.18,0.002,0.003,1320.251,1405.821,1.002
"K_uu_workout[3, 44]",0.06,0.068,0.001,0.178,0.002,0.003,1320.99,1405.821,1.002
"K_uu_workout[3, 45]",0.059,0.067,0.001,0.178,0.002,0.003,1320.132,1405.821,1.001
"K_uu_workout[3, 46]",0.059,0.067,0.002,0.179,0.002,0.003,1318.984,1405.821,1.001
"K_uu_workout[3, 47]",0.058,0.067,0.003,0.178,0.002,0.003,1316.531,1385.332,1.001
"K_uu_workout[3, 48]",0.058,0.066,0.002,0.176,0.002,0.003,1314.933,1385.332,1.001
"K_uu_workout[3, 49]",0.057,0.066,0.002,0.175,0.002,0.003,1310.772,1385.332,1.001
"K_uu_workout[4, 0]",0.073,0.075,0.005,0.207,0.002,0.003,1225.174,1471.148,1.003
"K_uu_workout[4, 1]",0.073,0.075,0.005,0.207,0.002,0.003,1224.341,1471.148,1.003
"K_uu_workout[4, 2]",0.073,0.075,0.005,0.207,0.002,0.003,1223.672,1471.148,1.003
"K_uu_workout[4, 3]",0.073,0.075,0.005,0.207,0.002,0.003,1223.326,1471.148,1.003
"K_uu_workout[4, 4]",0.073,0.075,0.005,0.207,0.002,0.003,1223.192,1471.148,1.003
"K_uu_workout[4, 5]",0.073,0.075,0.005,0.207,0.002,0.003,1223.326,1471.148,1.003
"K_uu_workout[4, 6]",0.073,0.075,0.005,0.207,0.002,0.003,1223.672,1471.148,1.003
"K_uu_workout[4, 7]",0.073,0.075,0.005,0.207,0.002,0.003,1224.341,1471.148,1.003
"K_uu_workout[4, 8]",0.073,0.075,0.005,0.207,0.002,0.003,1225.174,1471.148,1.003
"K_uu_workout[4, 9]",0.073,0.075,0.007,0.209,0.002,0.003,1226.26,1471.148,1.003
"K_uu_workout[4, 10]",0.073,0.075,0.007,0.208,0.002,0.003,1227.847,1471.148,1.003
"K_uu_workout[4, 11]",0.073,0.075,0.007,0.208,0.002,0.003,1229.971,1471.148,1.003
"K_uu_workout[4, 12]",0.073,0.075,0.007,0.208,0.002,0.003,1232.094,1471.148,1.003
"K_uu_workout[4, 13]",0.073,0.075,0.005,0.205,0.002,0.003,1234.81,1471.148,1.003
"K_uu_workout[4, 14]",0.072,0.075,0.005,0.205,0.002,0.003,1238.053,1471.148,1.003
"K_uu_workout[4, 15]",0.072,0.074,0.005,0.204,0.002,0.003,1241.317,1471.148,1.003
"K_uu_workout[4, 16]",0.072,0.074,0.007,0.205,0.002,0.003,1243.609,1471.148,1.003
"K_uu_workout[4, 17]",0.072,0.074,0.007,0.205,0.002,0.003,1247.402,1471.148,1.003
"K_uu_workout[4, 18]",0.072,0.074,0.005,0.202,0.002,0.003,1250.908,1471.103,1.003
"K_uu_workout[4, 19]",0.071,0.074,0.005,0.201,0.002,0.003,1254.911,1471.103,1.003
"K_uu_workout[4, 20]",0.071,0.074,0.005,0.199,0.002,0.003,1258.708,1471.103,1.003
"K_uu_workout[4, 21]",0.071,0.073,0.005,0.198,0.002,0.003,1263.079,1471.103,1.003
"K_uu_workout[4, 22]",0.07,0.073,0.005,0.198,0.002,0.003,1267.3,1471.103,1.003
"K_uu_workout[4, 23]",0.07,0.073,0.005,0.198,0.002,0.003,1270.664,1457.295,1.003
"K_uu_workout[4, 24]",0.07,0.073,0.006,0.198,0.002,0.003,1274.343,1457.295,1.003
"K_uu_workout[4, 25]",0.069,0.073,0.006,0.197,0.002,0.003,1277.424,1457.295,1.003
"K_uu_workout[4, 26]",0.069,0.072,0.005,0.195,0.002,0.003,1281.649,1457.295,1.003
"K_uu_workout[4, 27]",0.069,0.072,0.005,0.195,0.002,0.003,1284.017,1457.295,1.003
"K_uu_workout[4, 28]",0.068,0.072,0.005,0.194,0.002,0.003,1288.151,1457.295,1.003
"K_uu_workout[4, 29]",0.068,0.072,0.006,0.195,0.002,0.003,1291.417,1457.295,1.003
"K_uu_workout[4, 30]",0.067,0.072,0.004,0.192,0.002,0.003,1294.524,1457.447,1.003
"K_uu_workout[4, 31]",0.067,0.071,0.004,0.192,0.002,0.003,1298.749,1457.447,1.003
"K_uu_workout[4, 32]",0.066,0.071,0.005,0.193,0.002,0.003,1302.531,1457.447,1.003
"K_uu_workout[4, 33]",0.066,0.071,0.005,0.193,0.002,0.003,1305.688,1448.868,1.003
"K_uu_workout[4, 34]",0.065,0.071,0.005,0.191,0.002,0.003,1308.282,1448.868,1.003
"K_uu_workout[4, 35]",0.065,0.07,0.005,0.191,0.002,0.003,1313.388,1448.868,1.003
"K_uu_workout[4, 36]",0.064,0.07,0.001,0.184,0.002,0.003,1315.413,1448.868,1.003
"K_uu_workout[4, 37]",0.064,0.07,0.001,0.184,0.002,0.003,1317.191,1449.141,1.003
"K_uu_workout[4, 38]",0.063,0.07,0.001,0.184,0.002,0.003,1319.285,1449.141,1.003
"K_uu_workout[4, 39]",0.063,0.069,0.001,0.183,0.002,0.003,1320.512,1449.141,1.003
"K_uu_workout[4, 40]",0.062,0.069,0.001,0.183,0.002,0.003,1321.522,1449.141,1.002
"K_uu_workout[4, 41]",0.062,0.069,0.001,0.182,0.002,0.003,1322.403,1427.176,1.002
"K_uu_workout[4, 42]",0.061,0.068,0.001,0.181,0.002,0.003,1322.284,1427.176,1.002
"K_uu_workout[4, 43]",0.061,0.068,0.0,0.179,0.002,0.003,1320.414,1405.821,1.002
"K_uu_workout[4, 44]",0.06,0.068,0.002,0.18,0.002,0.003,1320.251,1405.821,1.002
"K_uu_workout[4, 45]",0.06,0.068,0.001,0.178,0.002,0.003,1320.99,1405.821,1.002
"K_uu_workout[4, 46]",0.059,0.067,0.001,0.178,0.002,0.003,1320.132,1405.821,1.001
"K_uu_workout[4, 47]",0.059,0.067,0.002,0.179,0.002,0.003,1318.984,1405.821,1.001
"K_uu_workout[4, 48]",0.058,0.067,0.003,0.178,0.002,0.003,1316.531,1385.332,1.001
"K_uu_workout[4, 49]",0.058,0.066,0.002,0.176,0.002,0.003,1314.933,1385.332,1.001
"K_uu_workout[5, 0]",0.073,0.075,0.007,0.209,0.002,0.003,1226.26,1471.148,1.003
"K_uu_workout[5, 1]",0.073,0.075,0.005,0.207,0.002,0.003,1225.174,1471.148,1.003
"K_uu_workout[5, 2]",0.073,0.075,0.005,0.207,0.002,0.003,1224.341,1471.148,1.003
"K_uu_workout[5, 3]",0.073,0.075,0.005,0.207,0.002,0.003,1223.672,1471.148,1.003
"K_uu_workout[5, 4]",0.073,0.075,0.005,0.207,0.002,0.003,1223.326,1471.148,1.003
"K_uu_workout[5, 5]",0.073,0.075,0.005,0.207,0.002,0.003,1223.192,1471.148,1.003
"K_uu_workout[5, 6]",0.073,0.075,0.005,0.207,0.002,0.003,1223.326,1471.148,1.003
"K_uu_workout[5, 7]",0.073,0.075,0.005,0.207,0.002,0.003,1223.672,1471.148,1.003
"K_uu_workout[5, 8]",0.073,0.075,0.005,0.207,0.002,0.003,1224.341,1471.148,1.003
"K_uu_workout[5, 9]",0.073,0.075,0.005,0.207,0.002,0.003,1225.174,1471.148,1.003
"K_uu_workout[5, 10]",0.073,0.075,0.007,0.209,0.002,0.003,1226.26,1471.148,1.003
"K_uu_workout[5, 11]",0.073,0.075,0.007,0.208,0.002,0.003,1227.847,1471.148,1.003
"K_uu_workout[5, 12]",0.073,0.075,0.007,0.208,0.002,0.003,1229.971,1471.148,1.003
"K_uu_workout[5, 13]",0.073,0.075,0.007,0.208,0.002,0.003,1232.094,1471.148,1.003
"K_uu_workout[5, 14]",0.073,0.075,0.005,0.205,0.002,0.003,1234.81,1471.148,1.003
"K_uu_workout[5, 15]",0.072,0.075,0.005,0.205,0.002,0.003,1238.053,1471.148,1.003
"K_uu_workout[5, 16]",0.072,0.074,0.005,0.204,0.002,0.003,1241.317,1471.148,1.003
"K_uu_workout[5, 17]",0.072,0.074,0.007,0.205,0.002,0.003,1243.609,1471.148,1.003
"K_uu_workout[5, 18]",0.072,0.074,0.007,0.205,0.002,0.003,1247.402,1471.148,1.003
"K_uu_workout[5, 19]",0.072,0.074,0.005,0.202,0.002,0.003,1250.908,1471.103,1.003
"K_uu_workout[5, 20]",0.071,0.074,0.005,0.201,0.002,0.003,1254.911,1471.103,1.003
"K_uu_workout[5, 21]",0.071,0.074,0.005,0.199,0.002,0.003,1258.708,1471.103,1.003
"K_uu_workout[5, 22]",0.071,0.073,0.005,0.198,0.002,0.003,1263.079,1471.103,1.003
"K_uu_workout[5, 23]",0.07,0.073,0.005,0.198,0.002,0.003,1267.3,1471.103,1.003
"K_uu_workout[5, 24]",0.07,0.073,0.005,0.198,0.002,0.003,1270.664,1457.295,1.003
"K_uu_workout[5, 25]",0.07,0.073,0.006,0.198,0.002,0.003,1274.343,1457.295,1.003
"K_uu_workout[5, 26]",0.069,0.073,0.006,0.197,0.002,0.003,1277.424,1457.295,1.003
"K_uu_workout[5, 27]",0.069,0.072,0.005,0.195,0.002,0.003,1281.649,1457.295,1.003
"K_uu_workout[5, 28]",0.069,0.072,0.005,0.195,0.002,0.003,1284.017,1457.295,1.003
"K_uu_workout[5, 29]",0.068,0.072,0.005,0.194,0.002,0.003,1288.151,1457.295,1.003
"K_uu_workout[5, 30]",0.068,0.072,0.006,0.195,0.002,0.003,1291.417,1457.295,1.003
"K_uu_workout[5, 31]",0.067,0.072,0.004,0.192,0.002,0.003,1294.524,1457.447,1.003
"K_uu_workout[5, 32]",0.067,0.071,0.004,0.192,0.002,0.003,1298.749,1457.447,1.003
"K_uu_workout[5, 33]",0.066,0.071,0.005,0.193,0.002,0.003,1302.531,1457.447,1.003
"K_uu_workout[5, 34]",0.066,0.071,0.005,0.193,0.002,0.003,1305.688,1448.868,1.003
"K_uu_workout[5, 35]",0.065,0.071,0.005,0.191,0.002,0.003,1308.282,1448.868,1.003
"K_uu_workout[5, 36]",0.065,0.07,0.005,0.191,0.002,0.003,1313.388,1448.868,1.003
"K_uu_workout[5, 37]",0.064,0.07,0.001,0.184,0.002,0.003,1315.413,1448.868,1.003
"K_uu_workout[5, 38]",0.064,0.07,0.001,0.184,0.002,0.003,1317.191,1449.141,1.003
"K_uu_workout[5, 39]",0.063,0.07,0.001,0.184,0.002,0.003,1319.285,1449.141,1.003
"K_uu_workout[5, 40]",0.063,0.069,0.001,0.183,0.002,0.003,1320.512,1449.141,1.003
"K_uu_workout[5, 41]",0.062,0.069,0.001,0.183,0.002,0.003,1321.522,1449.141,1.002
"K_uu_workout[5, 42]",0.062,0.069,0.001,0.182,0.002,0.003,1322.403,1427.176,1.002
"K_uu_workout[5, 43]",0.061,0.068,0.001,0.181,0.002,0.003,1322.284,1427.176,1.002
"K_uu_workout[5, 44]",0.061,0.068,0.0,0.179,0.002,0.003,1320.414,1405.821,1.002
"K_uu_workout[5, 45]",0.06,0.068,0.002,0.18,0.002,0.003,1320.251,1405.821,1.002
"K_uu_workout[5, 46]",0.06,0.068,0.001,0.178,0.002,0.003,1320.99,1405.821,1.002
"K_uu_workout[5, 47]",0.059,0.067,0.001,0.178,0.002,0.003,1320.132,1405.821,1.001
"K_uu_workout[5, 48]",0.059,0.067,0.002,0.179,0.002,0.003,1318.984,1405.821,1.001
"K_uu_workout[5, 49]",0.058,0.067,0.003,0.178,0.002,0.003,1316.531,1385.332,1.001
"K_uu_workout[6, 0]",0.073,0.075,0.007,0.208,0.002,0.003,1227.847,1471.148,1.003
"K_uu_workout[6, 1]",0.073,0.075,0.007,0.209,0.002,0.003,1226.26,1471.148,1.003
"K_uu_workout[6, 2]",0.073,0.075,0.005,0.207,0.002,0.003,1225.174,1471.148,1.003
"K_uu_workout[6, 3]",0.073,0.075,0.005,0.207,0.002,0.003,1224.341,1471.148,1.003
"K_uu_workout[6, 4]",0.073,0.075,0.005,0.207,0.002,0.003,1223.672,1471.148,1.003
"K_uu_workout[6, 5]",0.073,0.075,0.005,0.207,0.002,0.003,1223.326,1471.148,1.003
"K_uu_workout[6, 6]",0.073,0.075,0.005,0.207,0.002,0.003,1223.192,1471.148,1.003
"K_uu_workout[6, 7]",0.073,0.075,0.005,0.207,0.002,0.003,1223.326,1471.148,1.003
"K_uu_workout[6, 8]",0.073,0.075,0.005,0.207,0.002,0.003,1223.672,1471.148,1.003
"K_uu_workout[6, 9]",0.073,0.075,0.005,0.207,0.002,0.003,1224.341,1471.148,1.003
"K_uu_workout[6, 10]",0.073,0.075,0.005,0.207,0.002,0.003,1225.174,1471.148,1.003
"K_uu_workout[6, 11]",0.073,0.075,0.007,0.209,0.002,0.003,1226.26,1471.148,1.003
"K_uu_workout[6, 12]",0.073,0.075,0.007,0.208,0.002,0.003,1227.847,1471.148,1.003
"K_uu_workout[6, 13]",0.073,0.075,0.007,0.208,0.002,0.003,1229.971,1471.148,1.003
"K_uu_workout[6, 14]",0.073,0.075,0.007,0.208,0.002,0.003,1232.094,1471.148,1.003
"K_uu_workout[6, 15]",0.073,0.075,0.005,0.205,0.002,0.003,1234.81,1471.148,1.003
"K_uu_workout[6, 16]",0.072,0.075,0.005,0.205,0.002,0.003,1238.053,1471.148,1.003
"K_uu_workout[6, 17]",0.072,0.074,0.005,0.204,0.002,0.003,1241.317,1471.148,1.003
"K_uu_workout[6, 18]",0.072,0.074,0.007,0.205,0.002,0.003,1243.609,1471.148,1.003
"K_uu_workout[6, 19]",0.072,0.074,0.007,0.205,0.002,0.003,1247.402,1471.148,1.003
"K_uu_workout[6, 20]",0.072,0.074,0.005,0.202,0.002,0.003,1250.908,1471.103,1.003
"K_uu_workout[6, 21]",0.071,0.074,0.005,0.201,0.002,0.003,1254.911,1471.103,1.003
"K_uu_workout[6, 22]",0.071,0.074,0.005,0.199,0.002,0.003,1258.708,1471.103,1.003
"K_uu_workout[6, 23]",0.071,0.073,0.005,0.198,0.002,0.003,1263.079,1471.103,1.003
"K_uu_workout[6, 24]",0.07,0.073,0.005,0.198,0.002,0.003,1267.3,1471.103,1.003
"K_uu_workout[6, 25]",0.07,0.073,0.005,0.198,0.002,0.003,1270.664,1457.295,1.003
"K_uu_workout[6, 26]",0.07,0.073,0.006,0.198,0.002,0.003,1274.343,1457.295,1.003
"K_uu_workout[6, 27]",0.069,0.073,0.006,0.197,0.002,0.003,1277.424,1457.295,1.003
"K_uu_workout[6, 28]",0.069,0.072,0.005,0.195,0.002,0.003,1281.649,1457.295,1.003
"K_uu_workout[6, 29]",0.069,0.072,0.005,0.195,0.002,0.003,1284.017,1457.295,1.003
"K_uu_workout[6, 30]",0.068,0.072,0.005,0.194,0.002,0.003,1288.151,1457.295,1.003
"K_uu_workout[6, 31]",0.068,0.072,0.006,0.195,0.002,0.003,1291.417,1457.295,1.003
"K_uu_workout[6, 32]",0.067,0.072,0.004,0.192,0.002,0.003,1294.524,1457.447,1.003
"K_uu_workout[6, 33]",0.067,0.071,0.004,0.192,0.002,0.003,1298.749,1457.447,1.003
"K_uu_workout[6, 34]",0.066,0.071,0.005,0.193,0.002,0.003,1302.531,1457.447,1.003
"K_uu_workout[6, 35]",0.066,0.071,0.005,0.193,0.002,0.003,1305.688,1448.868,1.003
"K_uu_workout[6, 36]",0.065,0.071,0.005,0.191,0.002,0.003,1308.282,1448.868,1.003
"K_uu_workout[6, 37]",0.065,0.07,0.005,0.191,0.002,0.003,1313.388,1448.868,1.003
"K_uu_workout[6, 38]",0.064,0.07,0.001,0.184,0.002,0.003,1315.413,1448.868,1.003
"K_uu_workout[6, 39]",0.064,0.07,0.001,0.184,0.002,0.003,1317.191,1449.141,1.003
"K_uu_workout[6, 40]",0.063,0.07,0.001,0.184,0.002,0.003,1319.285,1449.141,1.003
"K_uu_workout[6, 41]",0.063,0.069,0.001,0.183,0.002,0.003,1320.512,1449.141,1.003
"K_uu_workout[6, 42]",0.062,0.069,0.001,0.183,0.002,0.003,1321.522,1449.141,1.002
"K_uu_workout[6, 43]",0.062,0.069,0.001,0.182,0.002,0.003,1322.403,1427.176,1.002
"K_uu_workout[6, 44]",0.061,0.068,0.001,0.181,0.002,0.003,1322.284,1427.176,1.002
"K_uu_workout[6, 45]",0.061,0.068,0.0,0.179,0.002,0.003,1320.414,1405.821,1.002
"K_uu_workout[6, 46]",0.06,0.068,0.002,0.18,0.002,0.003,1320.251,1405.821,1.002
"K_uu_workout[6, 47]",0.06,0.068,0.001,0.178,0.002,0.003,1320.99,1405.821,1.002
"K_uu_workout[6, 48]",0.059,0.067,0.001,0.178,0.002,0.003,1320.132,1405.821,1.001
"K_uu_workout[6, 49]",0.059,0.067,0.002,0.179,0.002,0.003,1318.984,1405.821,1.001
"K_uu_workout[7, 0]",0.073,0.075,0.007,0.208,0.002,0.003,1229.971,1471.148,1.003
"K_uu_workout[7, 1]",0.073,0.075,0.007,0.208,0.002,0.003,1227.847,1471.148,1.003
"K_uu_workout[7, 2]",0.073,0.075,0.007,0.209,0.002,0.003,1226.26,1471.148,1.003
"K_uu_workout[7, 3]",0.073,0.075,0.005,0.207,0.002,0.003,1225.174,1471.148,1.003
"K_uu_workout[7, 4]",0.073,0.075,0.005,0.207,0.002,0.003,1224.341,1471.148,1.003
"K_uu_workout[7, 5]",0.073,0.075,0.005,0.207,0.002,0.003,1223.672,1471.148,1.003
"K_uu_workout[7, 6]",0.073,0.075,0.005,0.207,0.002,0.003,1223.326,1471.148,1.003
"K_uu_workout[7, 7]",0.073,0.075,0.005,0.207,0.002,0.003,1223.192,1471.148,1.003
"K_uu_workout[7, 8]",0.073,0.075,0.005,0.207,0.002,0.003,1223.326,1471.148,1.003
"K_uu_workout[7, 9]",0.073,0.075,0.005,0.207,0.002,0.003,1223.672,1471.148,1.003
"K_uu_workout[7, 10]",0.073,0.075,0.005,0.207,0.002,0.003,1224.341,1471.148,1.003
"K_uu_workout[7, 11]",0.073,0.075,0.005,0.207,0.002,0.003,1225.174,1471.148,1.003
"K_uu_workout[7, 12]",0.073,0.075,0.007,0.209,0.002,0.003,1226.26,1471.148,1.003
"K_uu_workout[7, 13]",0.073,0.075,0.007,0.208,0.002,0.003,1227.847,1471.148,1.003
"K_uu_workout[7, 14]",0.073,0.075,0.007,0.208,0.002,0.003,1229.971,1471.148,1.003
"K_uu_workout[7, 15]",0.073,0.075,0.007,0.208,0.002,0.003,1232.094,1471.148,1.003
"K_uu_workout[7, 16]",0.073,0.075,0.005,0.205,0.002,0.003,1234.81,1471.148,1.003
"K_uu_workout[7, 17]",0.072,0.075,0.005,0.205,0.002,0.003,1238.053,1471.148,1.003
"K_uu_workout[7, 18]",0.072,0.074,0.005,0.204,0.002,0.003,1241.317,1471.148,1.003
"K_uu_workout[7, 19]",0.072,0.074,0.007,0.205,0.002,0.003,1243.609,1471.148,1.003
"K_uu_workout[7, 20]",0.072,0.074,0.007,0.205,0.002,0.003,1247.402,1471.148,1.003
"K_uu_workout[7, 21]",0.072,0.074,0.005,0.202,0.002,0.003,1250.908,1471.103,1.003
"K_uu_workout[7, 22]",0.071,0.074,0.005,0.201,0.002,0.003,1254.911,1471.103,1.003
"K_uu_workout[7, 23]",0.071,0.074,0.005,0.199,0.002,0.003,1258.708,1471.103,1.003
"K_uu_workout[7, 24]",0.071,0.073,0.005,0.198,0.002,0.003,1263.079,1471.103,1.003
"K_uu_workout[7, 25]",0.07,0.073,0.005,0.198,0.002,0.003,1267.3,1471.103,1.003
"K_uu_workout[7, 26]",0.07,0.073,0.005,0.198,0.002,0.003,1270.664,1457.295,1.003
"K_uu_workout[7, 27]",0.07,0.073,0.006,0.198,0.002,0.003,1274.343,1457.295,1.003
"K_uu_workout[7, 28]",0.069,0.073,0.006,0.197,0.002,0.003,1277.424,1457.295,1.003
"K_uu_workout[7, 29]",0.069,0.072,0.005,0.195,0.002,0.003,1281.649,1457.295,1.003
"K_uu_workout[7, 30]",0.069,0.072,0.005,0.195,0.002,0.003,1284.017,1457.295,1.003
"K_uu_workout[7, 31]",0.068,0.072,0.005,0.194,0.002,0.003,1288.151,1457.295,1.003
"K_uu_workout[7, 32]",0.068,0.072,0.006,0.195,0.002,0.003,1291.417,1457.295,1.003
"K_uu_workout[7, 33]",0.067,0.072,0.004,0.192,0.002,0.003,1294.524,1457.447,1.003
"K_uu_workout[7, 34]",0.067,0.071,0.004,0.192,0.002,0.003,1298.749,1457.447,1.003
"K_uu_workout[7, 35]",0.066,0.071,0.005,0.193,0.002,0.003,1302.531,1457.447,1.003
"K_uu_workout[7, 36]",0.066,0.071,0.005,0.193,0.002,0.003,1305.688,1448.868,1.003
"K_uu_workout[7, 37]",0.065,0.071,0.005,0.191,0.002,0.003,1308.282,1448.868,1.003
"K_uu_workout[7, 38]",0.065,0.07,0.005,0.191,0.002,0.003,1313.388,1448.868,1.003
"K_uu_workout[7, 39]",0.064,0.07,0.001,0.184,0.002,0.003,1315.413,1448.868,1.003
"K_uu_workout[7, 40]",0.064,0.07,0.001,0.184,0.002,0.003,1317.191,1449.141,1.003
"K_uu_workout[7, 41]",0.063,0.07,0.001,0.184,0.002,0.003,1319.285,1449.141,1.003
"K_uu_workout[7, 42]",0.063,0.069,0.001,0.183,0.002,0.003,1320.512,1449.141,1.003
"K_uu_workout[7, 43]",0.062,0.069,0.001,0.183,0.002,0.003,1321.522,1449.141,1.002
"K_uu_workout[7, 44]",0.062,0.069,0.001,0.182,0.002,0.003,1322.403,1427.176,1.002
"K_uu_workout[7, 45]",0.061,0.068,0.001,0.181,0.002,0.003,1322.284,1427.176,1.002
"K_uu_workout[7, 46]",0.061,0.068,0.0,0.179,0.002,0.003,1320.414,1405.821,1.002
"K_uu_workout[7, 47]",0.06,0.068,0.002,0.18,0.002,0.003,1320.251,1405.821,1.002
"K_uu_workout[7, 48]",0.06,0.068,0.001,0.178,0.002,0.003,1320.99,1405.821,1.002
"K_uu_workout[7, 49]",0.059,0.067,0.001,0.178,0.002,0.003,1320.132,1405.821,1.001
"K_uu_workout[8, 0]",0.073,0.075,0.007,0.208,0.002,0.003,1232.094,1471.148,1.003
"K_uu_workout[8, 1]",0.073,0.075,0.007,0.208,0.002,0.003,1229.971,1471.148,1.003
"K_uu_workout[8, 2]",0.073,0.075,0.007,0.208,0.002,0.003,1227.847,1471.148,1.003
"K_uu_workout[8, 3]",0.073,0.075,0.007,0.209,0.002,0.003,1226.26,1471.148,1.003
"K_uu_workout[8, 4]",0.073,0.075,0.005,0.207,0.002,0.003,1225.174,1471.148,1.003
"K_uu_workout[8, 5]",0.073,0.075,0.005,0.207,0.002,0.003,1224.341,1471.148,1.003
"K_uu_workout[8, 6]",0.073,0.075,0.005,0.207,0.002,0.003,1223.672,1471.148,1.003
"K_uu_workout[8, 7]",0.073,0.075,0.005,0.207,0.002,0.003,1223.326,1471.148,1.003
"K_uu_workout[8, 8]",0.073,0.075,0.005,0.207,0.002,0.003,1223.192,1471.148,1.003
"K_uu_workout[8, 9]",0.073,0.075,0.005,0.207,0.002,0.003,1223.326,1471.148,1.003
"K_uu_workout[8, 10]",0.073,0.075,0.005,0.207,0.002,0.003,1223.672,1471.148,1.003
"K_uu_workout[8, 11]",0.073,0.075,0.005,0.207,0.002,0.003,1224.341,1471.148,1.003
"K_uu_workout[8, 12]",0.073,0.075,0.005,0.207,0.002,0.003,1225.174,1471.148,1.003
"K_uu_workout[8, 13]",0.073,0.075,0.007,0.209,0.002,0.003,1226.26,1471.148,1.003
"K_uu_workout[8, 14]",0.073,0.075,0.007,0.208,0.002,0.003,1227.847,1471.148,1.003
"K_uu_workout[8, 15]",0.073,0.075,0.007,0.208,0.002,0.003,1229.971,1471.148,1.003
"K_uu_workout[8, 16]",0.073,0.075,0.007,0.208,0.002,0.003,1232.094,1471.148,1.003
"K_uu_workout[8, 17]",0.073,0.075,0.005,0.205,0.002,0.003,1234.81,1471.148,1.003
"K_uu_workout[8, 18]",0.072,0.075,0.005,0.205,0.002,0.003,1238.053,1471.148,1.003
"K_uu_workout[8, 19]",0.072,0.074,0.005,0.204,0.002,0.003,1241.317,1471.148,1.003
"K_uu_workout[8, 20]",0.072,0.074,0.007,0.205,0.002,0.003,1243.609,1471.148,1.003
"K_uu_workout[8, 21]",0.072,0.074,0.007,0.205,0.002,0.003,1247.402,1471.148,1.003
"K_uu_workout[8, 22]",0.072,0.074,0.005,0.202,0.002,0.003,1250.908,1471.103,1.003
"K_uu_workout[8, 23]",0.071,0.074,0.005,0.201,0.002,0.003,1254.911,1471.103,1.003
"K_uu_workout[8, 24]",0.071,0.074,0.005,0.199,0.002,0.003,1258.708,1471.103,1.003
"K_uu_workout[8, 25]",0.071,0.073,0.005,0.198,0.002,0.003,1263.079,1471.103,1.003
"K_uu_workout[8, 26]",0.07,0.073,0.005,0.198,0.002,0.003,1267.3,1471.103,1.003
"K_uu_workout[8, 27]",0.07,0.073,0.005,0.198,0.002,0.003,1270.664,1457.295,1.003
"K_uu_workout[8, 28]",0.07,0.073,0.006,0.198,0.002,0.003,1274.343,1457.295,1.003
"K_uu_workout[8, 29]",0.069,0.073,0.006,0.197,0.002,0.003,1277.424,1457.295,1.003
"K_uu_workout[8, 30]",0.069,0.072,0.005,0.195,0.002,0.003,1281.649,1457.295,1.003
"K_uu_workout[8, 31]",0.069,0.072,0.005,0.195,0.002,0.003,1284.017,1457.295,1.003
"K_uu_workout[8, 32]",0.068,0.072,0.005,0.194,0.002,0.003,1288.151,1457.295,1.003
"K_uu_workout[8, 33]",0.068,0.072,0.006,0.195,0.002,0.003,1291.417,1457.295,1.003
"K_uu_workout[8, 34]",0.067,0.072,0.004,0.192,0.002,0.003,1294.524,1457.447,1.003
"K_uu_workout[8, 35]",0.067,0.071,0.004,0.192,0.002,0.003,1298.749,1457.447,1.003
"K_uu_workout[8, 36]",0.066,0.071,0.005,0.193,0.002,0.003,1302.531,1457.447,1.003
"K_uu_workout[8, 37]",0.066,0.071,0.005,0.193,0.002,0.003,1305.688,1448.868,1.003
"K_uu_workout[8, 38]",0.065,0.071,0.005,0.191,0.002,0.003,1308.282,1448.868,1.003
"K_uu_workout[8, 39]",0.065,0.07,0.005,0.191,0.002,0.003,1313.388,1448.868,1.003
"K_uu_workout[8, 40]",0.064,0.07,0.001,0.184,0.002,0.003,1315.413,1448.868,1.003
"K_uu_workout[8, 41]",0.064,0.07,0.001,0.184,0.002,0.003,1317.191,1449.141,1.003
"K_uu_workout[8, 42]",0.063,0.07,0.001,0.184,0.002,0.003,1319.285,1449.141,1.003
"K_uu_workout[8, 43]",0.063,0.069,0.001,0.183,0.002,0.003,1320.512,1449.141,1.003
"K_uu_workout[8, 44]",0.062,0.069,0.001,0.183,0.002,0.003,1321.522,1449.141,1.002
"K_uu_workout[8, 45]",0.062,0.069,0.001,0.182,0.002,0.003,1322.403,1427.176,1.002
"K_uu_workout[8, 46]",0.061,0.068,0.001,0.181,0.002,0.003,1322.284,1427.176,1.002
"K_uu_workout[8, 47]",0.061,0.068,0.0,0.179,0.002,0.003,1320.414,1405.821,1.002
"K_uu_workout[8, 48]",0.06,0.068,0.002,0.18,0.002,0.003,1320.251,1405.821,1.002
"K_uu_workout[8, 49]",0.06,0.068,0.001,0.178,0.002,0.003,1320.99,1405.821,1.002
"K_uu_workout[9, 0]",0.073,0.075,0.005,0.205,0.002,0.003,1234.81,1471.148,1.003
"K_uu_workout[9, 1]",0.073,0.075,0.007,0.208,0.002,0.003,1232.094,1471.148,1.003
"K_uu_workout[9, 2]",0.073,0.075,0.007,0.208,0.002,0.003,1229.971,1471.148,1.003
"K_uu_workout[9, 3]",0.073,0.075,0.007,0.208,0.002,0.003,1227.847,1471.148,1.003
"K_uu_workout[9, 4]",0.073,0.075,0.007,0.209,0.002,0.003,1226.26,1471.148,1.003
"K_uu_workout[9, 5]",0.073,0.075,0.005,0.207,0.002,0.003,1225.174,1471.148,1.003
"K_uu_workout[9, 6]",0.073,0.075,0.005,0.207,0.002,0.003,1224.341,1471.148,1.003
"K_uu_workout[9, 7]",0.073,0.075,0.005,0.207,0.002,0.003,1223.672,1471.148,1.003
"K_uu_workout[9, 8]",0.073,0.075,0.005,0.207,0.002,0.003,1223.326,1471.148,1.003
"K_uu_workout[9, 9]",0.073,0.075,0.005,0.207,0.002,0.003,1223.192,1471.148,1.003
"K_uu_workout[9, 10]",0.073,0.075,0.005,0.207,0.002,0.003,1223.326,1471.148,1.003
"K_uu_workout[9, 11]",0.073,0.075,0.005,0.207,0.002,0.003,1223.672,1471.148,1.003
"K_uu_workout[9, 12]",0.073,0.075,0.005,0.207,0.002,0.003,1224.341,1471.148,1.003
"K_uu_workout[9, 13]",0.073,0.075,0.005,0.207,0.002,0.003,1225.174,1471.148,1.003
"K_uu_workout[9, 14]",0.073,0.075,0.007,0.209,0.002,0.003,1226.26,1471.148,1.003
"K_uu_workout[9, 15]",0.073,0.075,0.007,0.208,0.002,0.003,1227.847,1471.148,1.003
"K_uu_workout[9, 16]",0.073,0.075,0.007,0.208,0.002,0.003,1229.971,1471.148,1.003
"K_uu_workout[9, 17]",0.073,0.075,0.007,0.208,0.002,0.003,1232.094,1471.148,1.003
"K_uu_workout[9, 18]",0.073,0.075,0.005,0.205,0.002,0.003,1234.81,1471.148,1.003
"K_uu_workout[9, 19]",0.072,0.075,0.005,0.205,0.002,0.003,1238.053,1471.148,1.003
"K_uu_workout[9, 20]",0.072,0.074,0.005,0.204,0.002,0.003,1241.317,1471.148,1.003
"K_uu_workout[9, 21]",0.072,0.074,0.007,0.205,0.002,0.003,1243.609,1471.148,1.003
"K_uu_workout[9, 22]",0.072,0.074,0.007,0.205,0.002,0.003,1247.402,1471.148,1.003
"K_uu_workout[9, 23]",0.072,0.074,0.005,0.202,0.002,0.003,1250.908,1471.103,1.003
"K_uu_workout[9, 24]",0.071,0.074,0.005,0.201,0.002,0.003,1254.911,1471.103,1.003
"K_uu_workout[9, 25]",0.071,0.074,0.005,0.199,0.002,0.003,1258.708,1471.103,1.003
"K_uu_workout[9, 26]",0.071,0.073,0.005,0.198,0.002,0.003,1263.079,1471.103,1.003
"K_uu_workout[9, 27]",0.07,0.073,0.005,0.198,0.002,0.003,1267.3,1471.103,1.003
"K_uu_workout[9, 28]",0.07,0.073,0.005,0.198,0.002,0.003,1270.664,1457.295,1.003
"K_uu_workout[9, 29]",0.07,0.073,0.006,0.198,0.002,0.003,1274.343,1457.295,1.003
"K_uu_workout[9, 30]",0.069,0.073,0.006,0.197,0.002,0.003,1277.424,1457.295,1.003
"K_uu_workout[9, 31]",0.069,0.072,0.005,0.195,0.002,0.003,1281.649,1457.295,1.003
"K_uu_workout[9, 32]",0.069,0.072,0.005,0.195,0.002,0.003,1284.017,1457.295,1.003
"K_uu_workout[9, 33]",0.068,0.072,0.005,0.194,0.002,0.003,1288.151,1457.295,1.003
"K_uu_workout[9, 34]",0.068,0.072,0.006,0.195,0.002,0.003,1291.417,1457.295,1.003
"K_uu_workout[9, 35]",0.067,0.072,0.004,0.192,0.002,0.003,1294.524,1457.447,1.003
"K_uu_workout[9, 36]",0.067,0.071,0.004,0.192,0.002,0.003,1298.749,1457.447,1.003
"K_uu_workout[9, 37]",0.066,0.071,0.005,0.193,0.002,0.003,1302.531,1457.447,1.003
"K_uu_workout[9, 38]",0.066,0.071,0.005,0.193,0.002,0.003,1305.688,1448.868,1.003
"K_uu_workout[9, 39]",0.065,0.071,0.005,0.191,0.002,0.003,1308.282,1448.868,1.003
"K_uu_workout[9, 40]",0.065,0.07,0.005,0.191,0.002,0.003,1313.388,1448.868,1.003
"K_uu_workout[9, 41]",0.064,0.07,0.001,0.184,0.002,0.003,1315.413,1448.868,1.003
"K_uu_workout[9, 42]",0.064,0.07,0.001,0.184,0.002,0.003,1317.191,1449.141,1.003
"K_uu_workout[9, 43]",0.063,0.07,0.001,0.184,0.002,0.003,1319.285,1449.141,1.003
"K_uu_workout[9, 44]",0.063,0.069,0.001,0.183,0.002,0.003,1320.512,1449.141,1.003
"K_uu_workout[9, 45]",0.062,0.069,0.001,0.183,0.002,0.003,1321.522,1449.141,1.002
"K_uu_workout[9, 46]",0.062,0.069,0.001,0.182,0.002,0.003,1322.403,1427.176,1.002
"K_uu_workout[9, 47]",0.061,0.068,0.001,0.181,0.002,0.003,1322.284,1427.176,1.002
"K_uu_workout[9, 48]",0.061,0.068,0.0,0.179,0.002,0.003,1320.414,1405.821,1.002
"K_uu_workout[9, 49]",0.06,0.068,0.002,0.18,0.002,0.003,1320.251,1405.821,1.002
"K_uu_workout[10, 0]",0.072,0.075,0.005,0.205,0.002,0.003,1238.053,1471.148,1.003
"K_uu_workout[10, 1]",0.073,0.075,0.005,0.205,0.002,0.003,1234.81,1471.148,1.003
"K_uu_workout[10, 2]",0.073,0.075,0.007,0.208,0.002,0.003,1232.094,1471.148,1.003
"K_uu_workout[10, 3]",0.073,0.075,0.007,0.208,0.002,0.003,1229.971,1471.148,1.003
"K_uu_workout[10, 4]",0.073,0.075,0.007,0.208,0.002,0.003,1227.847,1471.148,1.003
"K_uu_workout[10, 5]",0.073,0.075,0.007,0.209,0.002,0.003,1226.26,1471.148,1.003
"K_uu_workout[10, 6]",0.073,0.075,0.005,0.207,0.002,0.003,1225.174,1471.148,1.003
"K_uu_workout[10, 7]",0.073,0.075,0.005,0.207,0.002,0.003,1224.341,1471.148,1.003
"K_uu_workout[10, 8]",0.073,0.075,0.005,0.207,0.002,0.003,1223.672,1471.148,1.003
"K_uu_workout[10, 9]",0.073,0.075,0.005,0.207,0.002,0.003,1223.326,1471.148,1.003
"K_uu_workout[10, 10]",0.073,0.075,0.005,0.207,0.002,0.003,1223.192,1471.148,1.003
"K_uu_workout[10, 11]",0.073,0.075,0.005,0.207,0.002,0.003,1223.326,1471.148,1.003
"K_uu_workout[10, 12]",0.073,0.075,0.005,0.207,0.002,0.003,1223.672,1471.148,1.003
"K_uu_workout[10, 13]",0.073,0.075,0.005,0.207,0.002,0.003,1224.341,1471.148,1.003
"K_uu_workout[10, 14]",0.073,0.075,0.005,0.207,0.002,0.003,1225.174,1471.148,1.003
"K_uu_workout[10, 15]",0.073,0.075,0.007,0.209,0.002,0.003,1226.26,1471.148,1.003
"K_uu_workout[10, 16]",0.073,0.075,0.007,0.208,0.002,0.003,1227.847,1471.148,1.003
"K_uu_workout[10, 17]",0.073,0.075,0.007,0.208,0.002,0.003,1229.971,1471.148,1.003
"K_uu_workout[10, 18]",0.073,0.075,0.007,0.208,0.002,0.003,1232.094,1471.148,1.003
"K_uu_workout[10, 19]",0.073,0.075,0.005,0.205,0.002,0.003,1234.81,1471.148,1.003
"K_uu_workout[10, 20]",0.072,0.075,0.005,0.205,0.002,0.003,1238.053,1471.148,1.003
"K_uu_workout[10, 21]",0.072,0.074,0.005,0.204,0.002,0.003,1241.317,1471.148,1.003
"K_uu_workout[10, 22]",0.072,0.074,0.007,0.205,0.002,0.003,1243.609,1471.148,1.003
"K_uu_workout[10, 23]",0.072,0.074,0.007,0.205,0.002,0.003,1247.402,1471.148,1.003
"K_uu_workout[10, 24]",0.072,0.074,0.005,0.202,0.002,0.003,1250.908,1471.103,1.003
"K_uu_workout[10, 25]",0.071,0.074,0.005,0.201,0.002,0.003,1254.911,1471.103,1.003
"K_uu_workout[10, 26]",0.071,0.074,0.005,0.199,0.002,0.003,1258.708,1471.103,1.003
"K_uu_workout[10, 27]",0.071,0.073,0.005,0.198,0.002,0.003,1263.079,1471.103,1.003
"K_uu_workout[10, 28]",0.07,0.073,0.005,0.198,0.002,0.003,1267.3,1471.103,1.003
"K_uu_workout[10, 29]",0.07,0.073,0.005,0.198,0.002,0.003,1270.664,1457.295,1.003
"K_uu_workout[10, 30]",0.07,0.073,0.006,0.198,0.002,0.003,1274.343,1457.295,1.003
"K_uu_workout[10, 31]",0.069,0.073,0.006,0.197,0.002,0.003,1277.424,1457.295,1.003
"K_uu_workout[10, 32]",0.069,0.072,0.005,0.195,0.002,0.003,1281.649,1457.295,1.003
"K_uu_workout[10, 33]",0.069,0.072,0.005,0.195,0.002,0.003,1284.017,1457.295,1.003
"K_uu_workout[10, 34]",0.068,0.072,0.005,0.194,0.002,0.003,1288.151,1457.295,1.003
"K_uu_workout[10, 35]",0.068,0.072,0.006,0.195,0.002,0.003,1291.417,1457.295,1.003
"K_uu_workout[10, 36]",0.067,0.072,0.004,0.192,0.002,0.003,1294.524,1457.447,1.003
"K_uu_workout[10, 37]",0.067,0.071,0.004,0.192,0.002,0.003,1298.749,1457.447,1.003
"K_uu_workout[10, 38]",0.066,0.071,0.005,0.193,0.002,0.003,1302.531,1457.447,1.003
"K_uu_workout[10, 39]",0.066,0.071,0.005,0.193,0.002,0.003,1305.688,1448.868,1.003
"K_uu_workout[10, 40]",0.065,0.071,0.005,0.191,0.002,0.003,1308.282,1448.868,1.003
"K_uu_workout[10, 41]",0.065,0.07,0.005,0.191,0.002,0.003,1313.388,1448.868,1.003
"K_uu_workout[10, 42]",0.064,0.07,0.001,0.184,0.002,0.003,1315.413,1448.868,1.003
"K_uu_workout[10, 43]",0.064,0.07,0.001,0.184,0.002,0.003,1317.191,1449.141,1.003
"K_uu_workout[10, 44]",0.063,0.07,0.001,0.184,0.002,0.003,1319.285,1449.141,1.003
"K_uu_workout[10, 45]",0.063,0.069,0.001,0.183,0.002,0.003,1320.512,1449.141,1.003
"K_uu_workout[10, 46]",0.062,0.069,0.001,0.183,0.002,0.003,1321.522,1449.141,1.002
"K_uu_workout[10, 47]",0.062,0.069,0.001,0.182,0.002,0.003,1322.403,1427.176,1.002
"K_uu_workout[10, 48]",0.061,0.068,0.001,0.181,0.002,0.003,1322.284,1427.176,1.002
"K_uu_workout[10, 49]",0.061,0.068,0.0,0.179,0.002,0.003,1320.414,1405.821,1.002
"K_uu_workout[11, 0]",0.072,0.074,0.005,0.204,0.002,0.003,1241.317,1471.148,1.003
"K_uu_workout[11, 1]",0.072,0.075,0.005,0.205,0.002,0.003,1238.053,1471.148,1.003
"K_uu_workout[11, 2]",0.073,0.075,0.005,0.205,0.002,0.003,1234.81,1471.148,1.003
"K_uu_workout[11, 3]",0.073,0.075,0.007,0.208,0.002,0.003,1232.094,1471.148,1.003
"K_uu_workout[11, 4]",0.073,0.075,0.007,0.208,0.002,0.003,1229.971,1471.148,1.003
"K_uu_workout[11, 5]",0.073,0.075,0.007,0.208,0.002,0.003,1227.847,1471.148,1.003
"K_uu_workout[11, 6]",0.073,0.075,0.007,0.209,0.002,0.003,1226.26,1471.148,1.003
"K_uu_workout[11, 7]",0.073,0.075,0.005,0.207,0.002,0.003,1225.174,1471.148,1.003
"K_uu_workout[11, 8]",0.073,0.075,0.005,0.207,0.002,0.003,1224.341,1471.148,1.003
"K_uu_workout[11, 9]",0.073,0.075,0.005,0.207,0.002,0.003,1223.672,1471.148,1.003
"K_uu_workout[11, 10]",0.073,0.075,0.005,0.207,0.002,0.003,1223.326,1471.148,1.003
"K_uu_workout[11, 11]",0.073,0.075,0.005,0.207,0.002,0.003,1223.192,1471.148,1.003
"K_uu_workout[11, 12]",0.073,0.075,0.005,0.207,0.002,0.003,1223.326,1471.148,1.003
"K_uu_workout[11, 13]",0.073,0.075,0.005,0.207,0.002,0.003,1223.672,1471.148,1.003
"K_uu_workout[11, 14]",0.073,0.075,0.005,0.207,0.002,0.003,1224.341,1471.148,1.003
"K_uu_workout[11, 15]",0.073,0.075,0.005,0.207,0.002,0.003,1225.174,1471.148,1.003
"K_uu_workout[11, 16]",0.073,0.075,0.007,0.209,0.002,0.003,1226.26,1471.148,1.003
"K_uu_workout[11, 17]",0.073,0.075,0.007,0.208,0.002,0.003,1227.847,1471.148,1.003
"K_uu_workout[11, 18]",0.073,0.075,0.007,0.208,0.002,0.003,1229.971,1471.148,1.003
"K_uu_workout[11, 19]",0.073,0.075,0.007,0.208,0.002,0.003,1232.094,1471.148,1.003
"K_uu_workout[11, 20]",0.073,0.075,0.005,0.205,0.002,0.003,1234.81,1471.148,1.003
"K_uu_workout[11, 21]",0.072,0.075,0.005,0.205,0.002,0.003,1238.053,1471.148,1.003
"K_uu_workout[11, 22]",0.072,0.074,0.005,0.204,0.002,0.003,1241.317,1471.148,1.003
"K_uu_workout[11, 23]",0.072,0.074,0.007,0.205,0.002,0.003,1243.609,1471.148,1.003
"K_uu_workout[11, 24]",0.072,0.074,0.007,0.205,0.002,0.003,1247.402,1471.148,1.003
"K_uu_workout[11, 25]",0.072,0.074,0.005,0.202,0.002,0.003,1250.908,1471.103,1.003
"K_uu_workout[11, 26]",0.071,0.074,0.005,0.201,0.002,0.003,1254.911,1471.103,1.003
"K_uu_workout[11, 27]",0.071,0.074,0.005,0.199,0.002,0.003,1258.708,1471.103,1.003
"K_uu_workout[11, 28]",0.071,0.073,0.005,0.198,0.002,0.003,1263.079,1471.103,1.003
"K_uu_workout[11, 29]",0.07,0.073,0.005,0.198,0.002,0.003,1267.3,1471.103,1.003
"K_uu_workout[11, 30]",0.07,0.073,0.005,0.198,0.002,0.003,1270.664,1457.295,1.003
"K_uu_workout[11, 31]",0.07,0.073,0.006,0.198,0.002,0.003,1274.343,1457.295,1.003
"K_uu_workout[11, 32]",0.069,0.073,0.006,0.197,0.002,0.003,1277.424,1457.295,1.003
"K_uu_workout[11, 33]",0.069,0.072,0.005,0.195,0.002,0.003,1281.649,1457.295,1.003
"K_uu_workout[11, 34]",0.069,0.072,0.005,0.195,0.002,0.003,1284.017,1457.295,1.003
"K_uu_workout[11, 35]",0.068,0.072,0.005,0.194,0.002,0.003,1288.151,1457.295,1.003
"K_uu_workout[11, 36]",0.068,0.072,0.006,0.195,0.002,0.003,1291.417,1457.295,1.003
"K_uu_workout[11, 37]",0.067,0.072,0.004,0.192,0.002,0.003,1294.524,1457.447,1.003
"K_uu_workout[11, 38]",0.067,0.071,0.004,0.192,0.002,0.003,1298.749,1457.447,1.003
"K_uu_workout[11, 39]",0.066,0.071,0.005,0.193,0.002,0.003,1302.531,1457.447,1.003
"K_uu_workout[11, 40]",0.066,0.071,0.005,0.193,0.002,0.003,1305.688,1448.868,1.003
"K_uu_workout[11, 41]",0.065,0.071,0.005,0.191,0.002,0.003,1308.282,1448.868,1.003
"K_uu_workout[11, 42]",0.065,0.07,0.005,0.191,0.002,0.003,1313.388,1448.868,1.003
"K_uu_workout[11, 43]",0.064,0.07,0.001,0.184,0.002,0.003,1315.413,1448.868,1.003
"K_uu_workout[11, 44]",0.064,0.07,0.001,0.184,0.002,0.003,1317.191,1449.141,1.003
"K_uu_workout[11, 45]",0.063,0.07,0.001,0.184,0.002,0.003,1319.285,1449.141,1.003
"K_uu_workout[11, 46]",0.063,0.069,0.001,0.183,0.002,0.003,1320.512,1449.141,1.003
"K_uu_workout[11, 47]",0.062,0.069,0.001,0.183,0.002,0.003,1321.522,1449.141,1.002
"K_uu_workout[11, 48]",0.062,0.069,0.001,0.182,0.002,0.003,1322.403,1427.176,1.002
"K_uu_workout[11, 49]",0.061,0.068,0.001,0.181,0.002,0.003,1322.284,1427.176,1.002
"K_uu_workout[12, 0]",0.072,0.074,0.007,0.205,0.002,0.003,1243.609,1471.148,1.003
"K_uu_workout[12, 1]",0.072,0.074,0.005,0.204,0.002,0.003,1241.317,1471.148,1.003
"K_uu_workout[12, 2]",0.072,0.075,0.005,0.205,0.002,0.003,1238.053,1471.148,1.003
"K_uu_workout[12, 3]",0.073,0.075,0.005,0.205,0.002,0.003,1234.81,1471.148,1.003
"K_uu_workout[12, 4]",0.073,0.075,0.007,0.208,0.002,0.003,1232.094,1471.148,1.003
"K_uu_workout[12, 5]",0.073,0.075,0.007,0.208,0.002,0.003,1229.971,1471.148,1.003
"K_uu_workout[12, 6]",0.073,0.075,0.007,0.208,0.002,0.003,1227.847,1471.148,1.003
"K_uu_workout[12, 7]",0.073,0.075,0.007,0.209,0.002,0.003,1226.26,1471.148,1.003
"K_uu_workout[12, 8]",0.073,0.075,0.005,0.207,0.002,0.003,1225.174,1471.148,1.003
"K_uu_workout[12, 9]",0.073,0.075,0.005,0.207,0.002,0.003,1224.341,1471.148,1.003
"K_uu_workout[12, 10]",0.073,0.075,0.005,0.207,0.002,0.003,1223.672,1471.148,1.003
"K_uu_workout[12, 11]",0.073,0.075,0.005,0.207,0.002,0.003,1223.326,1471.148,1.003
"K_uu_workout[12, 12]",0.073,0.075,0.005,0.207,0.002,0.003,1223.192,1471.148,1.003
"K_uu_workout[12, 13]",0.073,0.075,0.005,0.207,0.002,0.003,1223.326,1471.148,1.003
"K_uu_workout[12, 14]",0.073,0.075,0.005,0.207,0.002,0.003,1223.672,1471.148,1.003
"K_uu_workout[12, 15]",0.073,0.075,0.005,0.207,0.002,0.003,1224.341,1471.148,1.003
"K_uu_workout[12, 16]",0.073,0.075,0.005,0.207,0.002,0.003,1225.174,1471.148,1.003
"K_uu_workout[12, 17]",0.073,0.075,0.007,0.209,0.002,0.003,1226.26,1471.148,1.003
"K_uu_workout[12, 18]",0.073,0.075,0.007,0.208,0.002,0.003,1227.847,1471.148,1.003
"K_uu_workout[12, 19]",0.073,0.075,0.007,0.208,0.002,0.003,1229.971,1471.148,1.003
"K_uu_workout[12, 20]",0.073,0.075,0.007,0.208,0.002,0.003,1232.094,1471.148,1.003
"K_uu_workout[12, 21]",0.073,0.075,0.005,0.205,0.002,0.003,1234.81,1471.148,1.003
"K_uu_workout[12, 22]",0.072,0.075,0.005,0.205,0.002,0.003,1238.053,1471.148,1.003
"K_uu_workout[12, 23]",0.072,0.074,0.005,0.204,0.002,0.003,1241.317,1471.148,1.003
"K_uu_workout[12, 24]",0.072,0.074,0.007,0.205,0.002,0.003,1243.609,1471.148,1.003
"K_uu_workout[12, 25]",0.072,0.074,0.007,0.205,0.002,0.003,1247.402,1471.148,1.003
"K_uu_workout[12, 26]",0.072,0.074,0.005,0.202,0.002,0.003,1250.908,1471.103,1.003
"K_uu_workout[12, 27]",0.071,0.074,0.005,0.201,0.002,0.003,1254.911,1471.103,1.003
"K_uu_workout[12, 28]",0.071,0.074,0.005,0.199,0.002,0.003,1258.708,1471.103,1.003
"K_uu_workout[12, 29]",0.071,0.073,0.005,0.198,0.002,0.003,1263.079,1471.103,1.003
"K_uu_workout[12, 30]",0.07,0.073,0.005,0.198,0.002,0.003,1267.3,1471.103,1.003
"K_uu_workout[12, 31]",0.07,0.073,0.005,0.198,0.002,0.003,1270.664,1457.295,1.003
"K_uu_workout[12, 32]",0.07,0.073,0.006,0.198,0.002,0.003,1274.343,1457.295,1.003
"K_uu_workout[12, 33]",0.069,0.073,0.006,0.197,0.002,0.003,1277.424,1457.295,1.003
"K_uu_workout[12, 34]",0.069,0.072,0.005,0.195,0.002,0.003,1281.649,1457.295,1.003
"K_uu_workout[12, 35]",0.069,0.072,0.005,0.195,0.002,0.003,1284.017,1457.295,1.003
"K_uu_workout[12, 36]",0.068,0.072,0.005,0.194,0.002,0.003,1288.151,1457.295,1.003
"K_uu_workout[12, 37]",0.068,0.072,0.006,0.195,0.002,0.003,1291.417,1457.295,1.003
"K_uu_workout[12, 38]",0.067,0.072,0.004,0.192,0.002,0.003,1294.524,1457.447,1.003
"K_uu_workout[12, 39]",0.067,0.071,0.004,0.192,0.002,0.003,1298.749,1457.447,1.003
"K_uu_workout[12, 40]",0.066,0.071,0.005,0.193,0.002,0.003,1302.531,1457.447,1.003
"K_uu_workout[12, 41]",0.066,0.071,0.005,0.193,0.002,0.003,1305.688,1448.868,1.003
"K_uu_workout[12, 42]",0.065,0.071,0.005,0.191,0.002,0.003,1308.282,1448.868,1.003
"K_uu_workout[12, 43]",0.065,0.07,0.005,0.191,0.002,0.003,1313.388,1448.868,1.003
"K_uu_workout[12, 44]",0.064,0.07,0.001,0.184,0.002,0.003,1315.413,1448.868,1.003
"K_uu_workout[12, 45]",0.064,0.07,0.001,0.184,0.002,0.003,1317.191,1449.141,1.003
"K_uu_workout[12, 46]",0.063,0.07,0.001,0.184,0.002,0.003,1319.285,1449.141,1.003
"K_uu_workout[12, 47]",0.063,0.069,0.001,0.183,0.002,0.003,1320.512,1449.141,1.003
"K_uu_workout[12, 48]",0.062,0.069,0.001,0.183,0.002,0.003,1321.522,1449.141,1.002
"K_uu_workout[12, 49]",0.062,0.069,0.001,0.182,0.002,0.003,1322.403,1427.176,1.002
"K_uu_workout[13, 0]",0.072,0.074,0.007,0.205,0.002,0.003,1247.402,1471.148,1.003
"K_uu_workout[13, 1]",0.072,0.074,0.007,0.205,0.002,0.003,1243.609,1471.148,1.003
"K_uu_workout[13, 2]",0.072,0.074,0.005,0.204,0.002,0.003,1241.317,1471.148,1.003
"K_uu_workout[13, 3]",0.072,0.075,0.005,0.205,0.002,0.003,1238.053,1471.148,1.003
"K_uu_workout[13, 4]",0.073,0.075,0.005,0.205,0.002,0.003,1234.81,1471.148,1.003
"K_uu_workout[13, 5]",0.073,0.075,0.007,0.208,0.002,0.003,1232.094,1471.148,1.003
"K_uu_workout[13, 6]",0.073,0.075,0.007,0.208,0.002,0.003,1229.971,1471.148,1.003
"K_uu_workout[13, 7]",0.073,0.075,0.007,0.208,0.002,0.003,1227.847,1471.148,1.003
"K_uu_workout[13, 8]",0.073,0.075,0.007,0.209,0.002,0.003,1226.26,1471.148,1.003
"K_uu_workout[13, 9]",0.073,0.075,0.005,0.207,0.002,0.003,1225.174,1471.148,1.003
"K_uu_workout[13, 10]",0.073,0.075,0.005,0.207,0.002,0.003,1224.341,1471.148,1.003
"K_uu_workout[13, 11]",0.073,0.075,0.005,0.207,0.002,0.003,1223.672,1471.148,1.003
"K_uu_workout[13, 12]",0.073,0.075,0.005,0.207,0.002,0.003,1223.326,1471.148,1.003
"K_uu_workout[13, 13]",0.073,0.075,0.005,0.207,0.002,0.003,1223.192,1471.148,1.003
"K_uu_workout[13, 14]",0.073,0.075,0.005,0.207,0.002,0.003,1223.326,1471.148,1.003
"K_uu_workout[13, 15]",0.073,0.075,0.005,0.207,0.002,0.003,1223.672,1471.148,1.003
"K_uu_workout[13, 16]",0.073,0.075,0.005,0.207,0.002,0.003,1224.341,1471.148,1.003
"K_uu_workout[13, 17]",0.073,0.075,0.005,0.207,0.002,0.003,1225.174,1471.148,1.003
"K_uu_workout[13, 18]",0.073,0.075,0.007,0.209,0.002,0.003,1226.26,1471.148,1.003
"K_uu_workout[13, 19]",0.073,0.075,0.007,0.208,0.002,0.003,1227.847,1471.148,1.003
"K_uu_workout[13, 20]",0.073,0.075,0.007,0.208,0.002,0.003,1229.971,1471.148,1.003
"K_uu_workout[13, 21]",0.073,0.075,0.007,0.208,0.002,0.003,1232.094,1471.148,1.003
"K_uu_workout[13, 22]",0.073,0.075,0.005,0.205,0.002,0.003,1234.81,1471.148,1.003
"K_uu_workout[13, 23]",0.072,0.075,0.005,0.205,0.002,0.003,1238.053,1471.148,1.003
"K_uu_workout[13, 24]",0.072,0.074,0.005,0.204,0.002,0.003,1241.317,1471.148,1.003
"K_uu_workout[13, 25]",0.072,0.074,0.007,0.205,0.002,0.003,1243.609,1471.148,1.003
"K_uu_workout[13, 26]",0.072,0.074,0.007,0.205,0.002,0.003,1247.402,1471.148,1.003
"K_uu_workout[13, 27]",0.072,0.074,0.005,0.202,0.002,0.003,1250.908,1471.103,1.003
"K_uu_workout[13, 28]",0.071,0.074,0.005,0.201,0.002,0.003,1254.911,1471.103,1.003
"K_uu_workout[13, 29]",0.071,0.074,0.005,0.199,0.002,0.003,1258.708,1471.103,1.003
"K_uu_workout[13, 30]",0.071,0.073,0.005,0.198,0.002,0.003,1263.079,1471.103,1.003
"K_uu_workout[13, 31]",0.07,0.073,0.005,0.198,0.002,0.003,1267.3,1471.103,1.003
"K_uu_workout[13, 32]",0.07,0.073,0.005,0.198,0.002,0.003,1270.664,1457.295,1.003
"K_uu_workout[13, 33]",0.07,0.073,0.006,0.198,0.002,0.003,1274.343,1457.295,1.003
"K_uu_workout[13, 34]",0.069,0.073,0.006,0.197,0.002,0.003,1277.424,1457.295,1.003
"K_uu_workout[13, 35]",0.069,0.072,0.005,0.195,0.002,0.003,1281.649,1457.295,1.003
"K_uu_workout[13, 36]",0.069,0.072,0.005,0.195,0.002,0.003,1284.017,1457.295,1.003
"K_uu_workout[13, 37]",0.068,0.072,0.005,0.194,0.002,0.003,1288.151,1457.295,1.003
"K_uu_workout[13, 38]",0.068,0.072,0.006,0.195,0.002,0.003,1291.417,1457.295,1.003
"K_uu_workout[13, 39]",0.067,0.072,0.004,0.192,0.002,0.003,1294.524,1457.447,1.003
"K_uu_workout[13, 40]",0.067,0.071,0.004,0.192,0.002,0.003,1298.749,1457.447,1.003
"K_uu_workout[13, 41]",0.066,0.071,0.005,0.193,0.002,0.003,1302.531,1457.447,1.003
"K_uu_workout[13, 42]",0.066,0.071,0.005,0.193,0.002,0.003,1305.688,1448.868,1.003
"K_uu_workout[13, 43]",0.065,0.071,0.005,0.191,0.002,0.003,1308.282,1448.868,1.003
"K_uu_workout[13, 44]",0.065,0.07,0.005,0.191,0.002,0.003,1313.388,1448.868,1.003
"K_uu_workout[13, 45]",0.064,0.07,0.001,0.184,0.002,0.003,1315.413,1448.868,1.003
"K_uu_workout[13, 46]",0.064,0.07,0.001,0.184,0.002,0.003,1317.191,1449.141,1.003
"K_uu_workout[13, 47]",0.063,0.07,0.001,0.184,0.002,0.003,1319.285,1449.141,1.003
"K_uu_workout[13, 48]",0.063,0.069,0.001,0.183,0.002,0.003,1320.512,1449.141,1.003
"K_uu_workout[13, 49]",0.062,0.069,0.001,0.183,0.002,0.003,1321.522,1449.141,1.002
"K_uu_workout[14, 0]",0.072,0.074,0.005,0.202,0.002,0.003,1250.908,1471.103,1.003
"K_uu_workout[14, 1]",0.072,0.074,0.007,0.205,0.002,0.003,1247.402,1471.148,1.003
"K_uu_workout[14, 2]",0.072,0.074,0.007,0.205,0.002,0.003,1243.609,1471.148,1.003
"K_uu_workout[14, 3]",0.072,0.074,0.005,0.204,0.002,0.003,1241.317,1471.148,1.003
"K_uu_workout[14, 4]",0.072,0.075,0.005,0.205,0.002,0.003,1238.053,1471.148,1.003
"K_uu_workout[14, 5]",0.073,0.075,0.005,0.205,0.002,0.003,1234.81,1471.148,1.003
"K_uu_workout[14, 6]",0.073,0.075,0.007,0.208,0.002,0.003,1232.094,1471.148,1.003
"K_uu_workout[14, 7]",0.073,0.075,0.007,0.208,0.002,0.003,1229.971,1471.148,1.003
"K_uu_workout[14, 8]",0.073,0.075,0.007,0.208,0.002,0.003,1227.847,1471.148,1.003
"K_uu_workout[14, 9]",0.073,0.075,0.007,0.209,0.002,0.003,1226.26,1471.148,1.003
"K_uu_workout[14, 10]",0.073,0.075,0.005,0.207,0.002,0.003,1225.174,1471.148,1.003
"K_uu_workout[14, 11]",0.073,0.075,0.005,0.207,0.002,0.003,1224.341,1471.148,1.003
"K_uu_workout[14, 12]",0.073,0.075,0.005,0.207,0.002,0.003,1223.672,1471.148,1.003
"K_uu_workout[14, 13]",0.073,0.075,0.005,0.207,0.002,0.003,1223.326,1471.148,1.003
"K_uu_workout[14, 14]",0.073,0.075,0.005,0.207,0.002,0.003,1223.192,1471.148,1.003
"K_uu_workout[14, 15]",0.073,0.075,0.005,0.207,0.002,0.003,1223.326,1471.148,1.003
"K_uu_workout[14, 16]",0.073,0.075,0.005,0.207,0.002,0.003,1223.672,1471.148,1.003
"K_uu_workout[14, 17]",0.073,0.075,0.005,0.207,0.002,0.003,1224.341,1471.148,1.003
"K_uu_workout[14, 18]",0.073,0.075,0.005,0.207,0.002,0.003,1225.174,1471.148,1.003
"K_uu_workout[14, 19]",0.073,0.075,0.007,0.209,0.002,0.003,1226.26,1471.148,1.003
"K_uu_workout[14, 20]",0.073,0.075,0.007,0.208,0.002,0.003,1227.847,1471.148,1.003
"K_uu_workout[14, 21]",0.073,0.075,0.007,0.208,0.002,0.003,1229.971,1471.148,1.003
"K_uu_workout[14, 22]",0.073,0.075,0.007,0.208,0.002,0.003,1232.094,1471.148,1.003
"K_uu_workout[14, 23]",0.073,0.075,0.005,0.205,0.002,0.003,1234.81,1471.148,1.003
"K_uu_workout[14, 24]",0.072,0.075,0.005,0.205,0.002,0.003,1238.053,1471.148,1.003
"K_uu_workout[14, 25]",0.072,0.074,0.005,0.204,0.002,0.003,1241.317,1471.148,1.003
"K_uu_workout[14, 26]",0.072,0.074,0.007,0.205,0.002,0.003,1243.609,1471.148,1.003
"K_uu_workout[14, 27]",0.072,0.074,0.007,0.205,0.002,0.003,1247.402,1471.148,1.003
"K_uu_workout[14, 28]",0.072,0.074,0.005,0.202,0.002,0.003,1250.908,1471.103,1.003
"K_uu_workout[14, 29]",0.071,0.074,0.005,0.201,0.002,0.003,1254.911,1471.103,1.003
"K_uu_workout[14, 30]",0.071,0.074,0.005,0.199,0.002,0.003,1258.708,1471.103,1.003
"K_uu_workout[14, 31]",0.071,0.073,0.005,0.198,0.002,0.003,1263.079,1471.103,1.003
"K_uu_workout[14, 32]",0.07,0.073,0.005,0.198,0.002,0.003,1267.3,1471.103,1.003
"K_uu_workout[14, 33]",0.07,0.073,0.005,0.198,0.002,0.003,1270.664,1457.295,1.003
"K_uu_workout[14, 34]",0.07,0.073,0.006,0.198,0.002,0.003,1274.343,1457.295,1.003
"K_uu_workout[14, 35]",0.069,0.073,0.006,0.197,0.002,0.003,1277.424,1457.295,1.003
"K_uu_workout[14, 36]",0.069,0.072,0.005,0.195,0.002,0.003,1281.649,1457.295,1.003
"K_uu_workout[14, 37]",0.069,0.072,0.005,0.195,0.002,0.003,1284.017,1457.295,1.003
"K_uu_workout[14, 38]",0.068,0.072,0.005,0.194,0.002,0.003,1288.151,1457.295,1.003
"K_uu_workout[14, 39]",0.068,0.072,0.006,0.195,0.002,0.003,1291.417,1457.295,1.003
"K_uu_workout[14, 40]",0.067,0.072,0.004,0.192,0.002,0.003,1294.524,1457.447,1.003
"K_uu_workout[14, 41]",0.067,0.071,0.004,0.192,0.002,0.003,1298.749,1457.447,1.003
"K_uu_workout[14, 42]",0.066,0.071,0.005,0.193,0.002,0.003,1302.531,1457.447,1.003
"K_uu_workout[14, 43]",0.066,0.071,0.005,0.193,0.002,0.003,1305.688,1448.868,1.003
"K_uu_workout[14, 44]",0.065,0.071,0.005,0.191,0.002,0.003,1308.282,1448.868,1.003
"K_uu_workout[14, 45]",0.065,0.07,0.005,0.191,0.002,0.003,1313.388,1448.868,1.003
"K_uu_workout[14, 46]",0.064,0.07,0.001,0.184,0.002,0.003,1315.413,1448.868,1.003
"K_uu_workout[14, 47]",0.064,0.07,0.001,0.184,0.002,0.003,1317.191,1449.141,1.003
"K_uu_workout[14, 48]",0.063,0.07,0.001,0.184,0.002,0.003,1319.285,1449.141,1.003
"K_uu_workout[14, 49]",0.063,0.069,0.001,0.183,0.002,0.003,1320.512,1449.141,1.003
"K_uu_workout[15, 0]",0.071,0.074,0.005,0.201,0.002,0.003,1254.911,1471.103,1.003
"K_uu_workout[15, 1]",0.072,0.074,0.005,0.202,0.002,0.003,1250.908,1471.103,1.003
"K_uu_workout[15, 2]",0.072,0.074,0.007,0.205,0.002,0.003,1247.402,1471.148,1.003
"K_uu_workout[15, 3]",0.072,0.074,0.007,0.205,0.002,0.003,1243.609,1471.148,1.003
"K_uu_workout[15, 4]",0.072,0.074,0.005,0.204,0.002,0.003,1241.317,1471.148,1.003
"K_uu_workout[15, 5]",0.072,0.075,0.005,0.205,0.002,0.003,1238.053,1471.148,1.003
"K_uu_workout[15, 6]",0.073,0.075,0.005,0.205,0.002,0.003,1234.81,1471.148,1.003
"K_uu_workout[15, 7]",0.073,0.075,0.007,0.208,0.002,0.003,1232.094,1471.148,1.003
"K_uu_workout[15, 8]",0.073,0.075,0.007,0.208,0.002,0.003,1229.971,1471.148,1.003
"K_uu_workout[15, 9]",0.073,0.075,0.007,0.208,0.002,0.003,1227.847,1471.148,1.003
"K_uu_workout[15, 10]",0.073,0.075,0.007,0.209,0.002,0.003,1226.26,1471.148,1.003
"K_uu_workout[15, 11]",0.073,0.075,0.005,0.207,0.002,0.003,1225.174,1471.148,1.003
"K_uu_workout[15, 12]",0.073,0.075,0.005,0.207,0.002,0.003,1224.341,1471.148,1.003
"K_uu_workout[15, 13]",0.073,0.075,0.005,0.207,0.002,0.003,1223.672,1471.148,1.003
"K_uu_workout[15, 14]",0.073,0.075,0.005,0.207,0.002,0.003,1223.326,1471.148,1.003
"K_uu_workout[15, 15]",0.073,0.075,0.005,0.207,0.002,0.003,1223.192,1471.148,1.003
"K_uu_workout[15, 16]",0.073,0.075,0.005,0.207,0.002,0.003,1223.326,1471.148,1.003
"K_uu_workout[15, 17]",0.073,0.075,0.005,0.207,0.002,0.003,1223.672,1471.148,1.003
"K_uu_workout[15, 18]",0.073,0.075,0.005,0.207,0.002,0.003,1224.341,1471.148,1.003
"K_uu_workout[15, 19]",0.073,0.075,0.005,0.207,0.002,0.003,1225.174,1471.148,1.003
"K_uu_workout[15, 20]",0.073,0.075,0.007,0.209,0.002,0.003,1226.26,1471.148,1.003
"K_uu_workout[15, 21]",0.073,0.075,0.007,0.208,0.002,0.003,1227.847,1471.148,1.003
"K_uu_workout[15, 22]",0.073,0.075,0.007,0.208,0.002,0.003,1229.971,1471.148,1.003
"K_uu_workout[15, 23]",0.073,0.075,0.007,0.208,0.002,0.003,1232.094,1471.148,1.003
"K_uu_workout[15, 24]",0.073,0.075,0.005,0.205,0.002,0.003,1234.81,1471.148,1.003
"K_uu_workout[15, 25]",0.072,0.075,0.005,0.205,0.002,0.003,1238.053,1471.148,1.003
"K_uu_workout[15, 26]",0.072,0.074,0.005,0.204,0.002,0.003,1241.317,1471.148,1.003
"K_uu_workout[15, 27]",0.072,0.074,0.007,0.205,0.002,0.003,1243.609,1471.148,1.003
"K_uu_workout[15, 28]",0.072,0.074,0.007,0.205,0.002,0.003,1247.402,1471.148,1.003
"K_uu_workout[15, 29]",0.072,0.074,0.005,0.202,0.002,0.003,1250.908,1471.103,1.003
"K_uu_workout[15, 30]",0.071,0.074,0.005,0.201,0.002,0.003,1254.911,1471.103,1.003
"K_uu_workout[15, 31]",0.071,0.074,0.005,0.199,0.002,0.003,1258.708,1471.103,1.003
"K_uu_workout[15, 32]",0.071,0.073,0.005,0.198,0.002,0.003,1263.079,1471.103,1.003
"K_uu_workout[15, 33]",0.07,0.073,0.005,0.198,0.002,0.003,1267.3,1471.103,1.003
"K_uu_workout[15, 34]",0.07,0.073,0.005,0.198,0.002,0.003,1270.664,1457.295,1.003
"K_uu_workout[15, 35]",0.07,0.073,0.006,0.198,0.002,0.003,1274.343,1457.295,1.003
"K_uu_workout[15, 36]",0.069,0.073,0.006,0.197,0.002,0.003,1277.424,1457.295,1.003
"K_uu_workout[15, 37]",0.069,0.072,0.005,0.195,0.002,0.003,1281.649,1457.295,1.003
"K_uu_workout[15, 38]",0.069,0.072,0.005,0.195,0.002,0.003,1284.017,1457.295,1.003
"K_uu_workout[15, 39]",0.068,0.072,0.005,0.194,0.002,0.003,1288.151,1457.295,1.003
"K_uu_workout[15, 40]",0.068,0.072,0.006,0.195,0.002,0.003,1291.417,1457.295,1.003
"K_uu_workout[15, 41]",0.067,0.072,0.004,0.192,0.002,0.003,1294.524,1457.447,1.003
"K_uu_workout[15, 42]",0.067,0.071,0.004,0.192,0.002,0.003,1298.749,1457.447,1.003
"K_uu_workout[15, 43]",0.066,0.071,0.005,0.193,0.002,0.003,1302.531,1457.447,1.003
"K_uu_workout[15, 44]",0.066,0.071,0.005,0.193,0.002,0.003,1305.688,1448.868,1.003
"K_uu_workout[15, 45]",0.065,0.071,0.005,0.191,0.002,0.003,1308.282,1448.868,1.003
"K_uu_workout[15, 46]",0.065,0.07,0.005,0.191,0.002,0.003,1313.388,1448.868,1.003
"K_uu_workout[15, 47]",0.064,0.07,0.001,0.184,0.002,0.003,1315.413,1448.868,1.003
"K_uu_workout[15, 48]",0.064,0.07,0.001,0.184,0.002,0.003,1317.191,1449.141,1.003
"K_uu_workout[15, 49]",0.063,0.07,0.001,0.184,0.002,0.003,1319.285,1449.141,1.003
"K_uu_workout[16, 0]",0.071,0.074,0.005,0.199,0.002,0.003,1258.708,1471.103,1.003
"K_uu_workout[16, 1]",0.071,0.074,0.005,0.201,0.002,0.003,1254.911,1471.103,1.003
"K_uu_workout[16, 2]",0.072,0.074,0.005,0.202,0.002,0.003,1250.908,1471.103,1.003
"K_uu_workout[16, 3]",0.072,0.074,0.007,0.205,0.002,0.003,1247.402,1471.148,1.003
"K_uu_workout[16, 4]",0.072,0.074,0.007,0.205,0.002,0.003,1243.609,1471.148,1.003
"K_uu_workout[16, 5]",0.072,0.074,0.005,0.204,0.002,0.003,1241.317,1471.148,1.003
"K_uu_workout[16, 6]",0.072,0.075,0.005,0.205,0.002,0.003,1238.053,1471.148,1.003
"K_uu_workout[16, 7]",0.073,0.075,0.005,0.205,0.002,0.003,1234.81,1471.148,1.003
"K_uu_workout[16, 8]",0.073,0.075,0.007,0.208,0.002,0.003,1232.094,1471.148,1.003
"K_uu_workout[16, 9]",0.073,0.075,0.007,0.208,0.002,0.003,1229.971,1471.148,1.003
"K_uu_workout[16, 10]",0.073,0.075,0.007,0.208,0.002,0.003,1227.847,1471.148,1.003
"K_uu_workout[16, 11]",0.073,0.075,0.007,0.209,0.002,0.003,1226.26,1471.148,1.003
"K_uu_workout[16, 12]",0.073,0.075,0.005,0.207,0.002,0.003,1225.174,1471.148,1.003
"K_uu_workout[16, 13]",0.073,0.075,0.005,0.207,0.002,0.003,1224.341,1471.148,1.003
"K_uu_workout[16, 14]",0.073,0.075,0.005,0.207,0.002,0.003,1223.672,1471.148,1.003
"K_uu_workout[16, 15]",0.073,0.075,0.005,0.207,0.002,0.003,1223.326,1471.148,1.003
"K_uu_workout[16, 16]",0.073,0.075,0.005,0.207,0.002,0.003,1223.192,1471.148,1.003
"K_uu_workout[16, 17]",0.073,0.075,0.005,0.207,0.002,0.003,1223.326,1471.148,1.003
"K_uu_workout[16, 18]",0.073,0.075,0.005,0.207,0.002,0.003,1223.672,1471.148,1.003
"K_uu_workout[16, 19]",0.073,0.075,0.005,0.207,0.002,0.003,1224.341,1471.148,1.003
"K_uu_workout[16, 20]",0.073,0.075,0.005,0.207,0.002,0.003,1225.174,1471.148,1.003
"K_uu_workout[16, 21]",0.073,0.075,0.007,0.209,0.002,0.003,1226.26,1471.148,1.003
"K_uu_workout[16, 22]",0.073,0.075,0.007,0.208,0.002,0.003,1227.847,1471.148,1.003
"K_uu_workout[16, 23]",0.073,0.075,0.007,0.208,0.002,0.003,1229.971,1471.148,1.003
"K_uu_workout[16, 24]",0.073,0.075,0.007,0.208,0.002,0.003,1232.094,1471.148,1.003
"K_uu_workout[16, 25]",0.073,0.075,0.005,0.205,0.002,0.003,1234.81,1471.148,1.003
"K_uu_workout[16, 26]",0.072,0.075,0.005,0.205,0.002,0.003,1238.053,1471.148,1.003
"K_uu_workout[16, 27]",0.072,0.074,0.005,0.204,0.002,0.003,1241.317,1471.148,1.003
"K_uu_workout[16, 28]",0.072,0.074,0.007,0.205,0.002,0.003,1243.609,1471.148,1.003
"K_uu_workout[16, 29]",0.072,0.074,0.007,0.205,0.002,0.003,1247.402,1471.148,1.003
"K_uu_workout[16, 30]",0.072,0.074,0.005,0.202,0.002,0.003,1250.908,1471.103,1.003
"K_uu_workout[16, 31]",0.071,0.074,0.005,0.201,0.002,0.003,1254.911,1471.103,1.003
"K_uu_workout[16, 32]",0.071,0.074,0.005,0.199,0.002,0.003,1258.708,1471.103,1.003
"K_uu_workout[16, 33]",0.071,0.073,0.005,0.198,0.002,0.003,1263.079,1471.103,1.003
"K_uu_workout[16, 34]",0.07,0.073,0.005,0.198,0.002,0.003,1267.3,1471.103,1.003
"K_uu_workout[16, 35]",0.07,0.073,0.005,0.198,0.002,0.003,1270.664,1457.295,1.003
"K_uu_workout[16, 36]",0.07,0.073,0.006,0.198,0.002,0.003,1274.343,1457.295,1.003
"K_uu_workout[16, 37]",0.069,0.073,0.006,0.197,0.002,0.003,1277.424,1457.295,1.003
"K_uu_workout[16, 38]",0.069,0.072,0.005,0.195,0.002,0.003,1281.649,1457.295,1.003
"K_uu_workout[16, 39]",0.069,0.072,0.005,0.195,0.002,0.003,1284.017,1457.295,1.003
"K_uu_workout[16, 40]",0.068,0.072,0.005,0.194,0.002,0.003,1288.151,1457.295,1.003
"K_uu_workout[16, 41]",0.068,0.072,0.006,0.195,0.002,0.003,1291.417,1457.295,1.003
"K_uu_workout[16, 42]",0.067,0.072,0.004,0.192,0.002,0.003,1294.524,1457.447,1.003
"K_uu_workout[16, 43]",0.067,0.071,0.004,0.192,0.002,0.003,1298.749,1457.447,1.003
"K_uu_workout[16, 44]",0.066,0.071,0.005,0.193,0.002,0.003,1302.531,1457.447,1.003
"K_uu_workout[16, 45]",0.066,0.071,0.005,0.193,0.002,0.003,1305.688,1448.868,1.003
"K_uu_workout[16, 46]",0.065,0.071,0.005,0.191,0.002,0.003,1308.282,1448.868,1.003
"K_uu_workout[16, 47]",0.065,0.07,0.005,0.191,0.002,0.003,1313.388,1448.868,1.003
"K_uu_workout[16, 48]",0.064,0.07,0.001,0.184,0.002,0.003,1315.413,1448.868,1.003
"K_uu_workout[16, 49]",0.064,0.07,0.001,0.184,0.002,0.003,1317.191,1449.141,1.003
"K_uu_workout[17, 0]",0.071,0.073,0.005,0.198,0.002,0.003,1263.079,1471.103,1.003
"K_uu_workout[17, 1]",0.071,0.074,0.005,0.199,0.002,0.003,1258.708,1471.103,1.003
"K_uu_workout[17, 2]",0.071,0.074,0.005,0.201,0.002,0.003,1254.911,1471.103,1.003
"K_uu_workout[17, 3]",0.072,0.074,0.005,0.202,0.002,0.003,1250.908,1471.103,1.003
"K_uu_workout[17, 4]",0.072,0.074,0.007,0.205,0.002,0.003,1247.402,1471.148,1.003
"K_uu_workout[17, 5]",0.072,0.074,0.007,0.205,0.002,0.003,1243.609,1471.148,1.003
"K_uu_workout[17, 6]",0.072,0.074,0.005,0.204,0.002,0.003,1241.317,1471.148,1.003
"K_uu_workout[17, 7]",0.072,0.075,0.005,0.205,0.002,0.003,1238.053,1471.148,1.003
"K_uu_workout[17, 8]",0.073,0.075,0.005,0.205,0.002,0.003,1234.81,1471.148,1.003
"K_uu_workout[17, 9]",0.073,0.075,0.007,0.208,0.002,0.003,1232.094,1471.148,1.003
"K_uu_workout[17, 10]",0.073,0.075,0.007,0.208,0.002,0.003,1229.971,1471.148,1.003
"K_uu_workout[17, 11]",0.073,0.075,0.007,0.208,0.002,0.003,1227.847,1471.148,1.003
"K_uu_workout[17, 12]",0.073,0.075,0.007,0.209,0.002,0.003,1226.26,1471.148,1.003
"K_uu_workout[17, 13]",0.073,0.075,0.005,0.207,0.002,0.003,1225.174,1471.148,1.003
"K_uu_workout[17, 14]",0.073,0.075,0.005,0.207,0.002,0.003,1224.341,1471.148,1.003
"K_uu_workout[17, 15]",0.073,0.075,0.005,0.207,0.002,0.003,1223.672,1471.148,1.003
"K_uu_workout[17, 16]",0.073,0.075,0.005,0.207,0.002,0.003,1223.326,1471.148,1.003
"K_uu_workout[17, 17]",0.073,0.075,0.005,0.207,0.002,0.003,1223.192,1471.148,1.003
"K_uu_workout[17, 18]",0.073,0.075,0.005,0.207,0.002,0.003,1223.326,1471.148,1.003
"K_uu_workout[17, 19]",0.073,0.075,0.005,0.207,0.002,0.003,1223.672,1471.148,1.003
"K_uu_workout[17, 20]",0.073,0.075,0.005,0.207,0.002,0.003,1224.341,1471.148,1.003
"K_uu_workout[17, 21]",0.073,0.075,0.005,0.207,0.002,0.003,1225.174,1471.148,1.003
"K_uu_workout[17, 22]",0.073,0.075,0.007,0.209,0.002,0.003,1226.26,1471.148,1.003
"K_uu_workout[17, 23]",0.073,0.075,0.007,0.208,0.002,0.003,1227.847,1471.148,1.003
"K_uu_workout[17, 24]",0.073,0.075,0.007,0.208,0.002,0.003,1229.971,1471.148,1.003
"K_uu_workout[17, 25]",0.073,0.075,0.007,0.208,0.002,0.003,1232.094,1471.148,1.003
"K_uu_workout[17, 26]",0.073,0.075,0.005,0.205,0.002,0.003,1234.81,1471.148,1.003
"K_uu_workout[17, 27]",0.072,0.075,0.005,0.205,0.002,0.003,1238.053,1471.148,1.003
"K_uu_workout[17, 28]",0.072,0.074,0.005,0.204,0.002,0.003,1241.317,1471.148,1.003
"K_uu_workout[17, 29]",0.072,0.074,0.007,0.205,0.002,0.003,1243.609,1471.148,1.003
"K_uu_workout[17, 30]",0.072,0.074,0.007,0.205,0.002,0.003,1247.402,1471.148,1.003
"K_uu_workout[17, 31]",0.072,0.074,0.005,0.202,0.002,0.003,1250.908,1471.103,1.003
"K_uu_workout[17, 32]",0.071,0.074,0.005,0.201,0.002,0.003,1254.911,1471.103,1.003
"K_uu_workout[17, 33]",0.071,0.074,0.005,0.199,0.002,0.003,1258.708,1471.103,1.003
"K_uu_workout[17, 34]",0.071,0.073,0.005,0.198,0.002,0.003,1263.079,1471.103,1.003
"K_uu_workout[17, 35]",0.07,0.073,0.005,0.198,0.002,0.003,1267.3,1471.103,1.003
"K_uu_workout[17, 36]",0.07,0.073,0.005,0.198,0.002,0.003,1270.664,1457.295,1.003
"K_uu_workout[17, 37]",0.07,0.073,0.006,0.198,0.002,0.003,1274.343,1457.295,1.003
"K_uu_workout[17, 38]",0.069,0.073,0.006,0.197,0.002,0.003,1277.424,1457.295,1.003
"K_uu_workout[17, 39]",0.069,0.072,0.005,0.195,0.002,0.003,1281.649,1457.295,1.003
"K_uu_workout[17, 40]",0.069,0.072,0.005,0.195,0.002,0.003,1284.017,1457.295,1.003
"K_uu_workout[17, 41]",0.068,0.072,0.005,0.194,0.002,0.003,1288.151,1457.295,1.003
"K_uu_workout[17, 42]",0.068,0.072,0.006,0.195,0.002,0.003,1291.417,1457.295,1.003
"K_uu_workout[17, 43]",0.067,0.072,0.004,0.192,0.002,0.003,1294.524,1457.447,1.003
"K_uu_workout[17, 44]",0.067,0.071,0.004,0.192,0.002,0.003,1298.749,1457.447,1.003
"K_uu_workout[17, 45]",0.066,0.071,0.005,0.193,0.002,0.003,1302.531,1457.447,1.003
"K_uu_workout[17, 46]",0.066,0.071,0.005,0.193,0.002,0.003,1305.688,1448.868,1.003
"K_uu_workout[17, 47]",0.065,0.071,0.005,0.191,0.002,0.003,1308.282,1448.868,1.003
"K_uu_workout[17, 48]",0.065,0.07,0.005,0.191,0.002,0.003,1313.388,1448.868,1.003
"K_uu_workout[17, 49]",0.064,0.07,0.001,0.184,0.002,0.003,1315.413,1448.868,1.003
"K_uu_workout[18, 0]",0.07,0.073,0.005,0.198,0.002,0.003,1267.3,1471.103,1.003
"K_uu_workout[18, 1]",0.071,0.073,0.005,0.198,0.002,0.003,1263.079,1471.103,1.003
"K_uu_workout[18, 2]",0.071,0.074,0.005,0.199,0.002,0.003,1258.708,1471.103,1.003
"K_uu_workout[18, 3]",0.071,0.074,0.005,0.201,0.002,0.003,1254.911,1471.103,1.003
"K_uu_workout[18, 4]",0.072,0.074,0.005,0.202,0.002,0.003,1250.908,1471.103,1.003
"K_uu_workout[18, 5]",0.072,0.074,0.007,0.205,0.002,0.003,1247.402,1471.148,1.003
"K_uu_workout[18, 6]",0.072,0.074,0.007,0.205,0.002,0.003,1243.609,1471.148,1.003
"K_uu_workout[18, 7]",0.072,0.074,0.005,0.204,0.002,0.003,1241.317,1471.148,1.003
"K_uu_workout[18, 8]",0.072,0.075,0.005,0.205,0.002,0.003,1238.053,1471.148,1.003
"K_uu_workout[18, 9]",0.073,0.075,0.005,0.205,0.002,0.003,1234.81,1471.148,1.003
"K_uu_workout[18, 10]",0.073,0.075,0.007,0.208,0.002,0.003,1232.094,1471.148,1.003
"K_uu_workout[18, 11]",0.073,0.075,0.007,0.208,0.002,0.003,1229.971,1471.148,1.003
"K_uu_workout[18, 12]",0.073,0.075,0.007,0.208,0.002,0.003,1227.847,1471.148,1.003
"K_uu_workout[18, 13]",0.073,0.075,0.007,0.209,0.002,0.003,1226.26,1471.148,1.003
"K_uu_workout[18, 14]",0.073,0.075,0.005,0.207,0.002,0.003,1225.174,1471.148,1.003
"K_uu_workout[18, 15]",0.073,0.075,0.005,0.207,0.002,0.003,1224.341,1471.148,1.003
"K_uu_workout[18, 16]",0.073,0.075,0.005,0.207,0.002,0.003,1223.672,1471.148,1.003
"K_uu_workout[18, 17]",0.073,0.075,0.005,0.207,0.002,0.003,1223.326,1471.148,1.003
"K_uu_workout[18, 18]",0.073,0.075,0.005,0.207,0.002,0.003,1223.192,1471.148,1.003
"K_uu_workout[18, 19]",0.073,0.075,0.005,0.207,0.002,0.003,1223.326,1471.148,1.003
"K_uu_workout[18, 20]",0.073,0.075,0.005,0.207,0.002,0.003,1223.672,1471.148,1.003
"K_uu_workout[18, 21]",0.073,0.075,0.005,0.207,0.002,0.003,1224.341,1471.148,1.003
"K_uu_workout[18, 22]",0.073,0.075,0.005,0.207,0.002,0.003,1225.174,1471.148,1.003
"K_uu_workout[18, 23]",0.073,0.075,0.007,0.209,0.002,0.003,1226.26,1471.148,1.003
"K_uu_workout[18, 24]",0.073,0.075,0.007,0.208,0.002,0.003,1227.847,1471.148,1.003
"K_uu_workout[18, 25]",0.073,0.075,0.007,0.208,0.002,0.003,1229.971,1471.148,1.003
"K_uu_workout[18, 26]",0.073,0.075,0.007,0.208,0.002,0.003,1232.094,1471.148,1.003
"K_uu_workout[18, 27]",0.073,0.075,0.005,0.205,0.002,0.003,1234.81,1471.148,1.003
"K_uu_workout[18, 28]",0.072,0.075,0.005,0.205,0.002,0.003,1238.053,1471.148,1.003
"K_uu_workout[18, 29]",0.072,0.074,0.005,0.204,0.002,0.003,1241.317,1471.148,1.003
"K_uu_workout[18, 30]",0.072,0.074,0.007,0.205,0.002,0.003,1243.609,1471.148,1.003
"K_uu_workout[18, 31]",0.072,0.074,0.007,0.205,0.002,0.003,1247.402,1471.148,1.003
"K_uu_workout[18, 32]",0.072,0.074,0.005,0.202,0.002,0.003,1250.908,1471.103,1.003
"K_uu_workout[18, 33]",0.071,0.074,0.005,0.201,0.002,0.003,1254.911,1471.103,1.003
"K_uu_workout[18, 34]",0.071,0.074,0.005,0.199,0.002,0.003,1258.708,1471.103,1.003
"K_uu_workout[18, 35]",0.071,0.073,0.005,0.198,0.002,0.003,1263.079,1471.103,1.003
"K_uu_workout[18, 36]",0.07,0.073,0.005,0.198,0.002,0.003,1267.3,1471.103,1.003
"K_uu_workout[18, 37]",0.07,0.073,0.005,0.198,0.002,0.003,1270.664,1457.295,1.003
"K_uu_workout[18, 38]",0.07,0.073,0.006,0.198,0.002,0.003,1274.343,1457.295,1.003
"K_uu_workout[18, 39]",0.069,0.073,0.006,0.197,0.002,0.003,1277.424,1457.295,1.003
"K_uu_workout[18, 40]",0.069,0.072,0.005,0.195,0.002,0.003,1281.649,1457.295,1.003
"K_uu_workout[18, 41]",0.069,0.072,0.005,0.195,0.002,0.003,1284.017,1457.295,1.003
"K_uu_workout[18, 42]",0.068,0.072,0.005,0.194,0.002,0.003,1288.151,1457.295,1.003
"K_uu_workout[18, 43]",0.068,0.072,0.006,0.195,0.002,0.003,1291.417,1457.295,1.003
"K_uu_workout[18, 44]",0.067,0.072,0.004,0.192,0.002,0.003,1294.524,1457.447,1.003
"K_uu_workout[18, 45]",0.067,0.071,0.004,0.192,0.002,0.003,1298.749,1457.447,1.003
"K_uu_workout[18, 46]",0.066,0.071,0.005,0.193,0.002,0.003,1302.531,1457.447,1.003
"K_uu_workout[18, 47]",0.066,0.071,0.005,0.193,0.002,0.003,1305.688,1448.868,1.003
"K_uu_workout[18, 48]",0.065,0.071,0.005,0.191,0.002,0.003,1308.282,1448.868,1.003
"K_uu_workout[18, 49]",0.065,0.07,0.005,0.191,0.002,0.003,1313.388,1448.868,1.003
"K_uu_workout[19, 0]",0.07,0.073,0.005,0.198,0.002,0.003,1270.664,1457.295,1.003
"K_uu_workout[19, 1]",0.07,0.073,0.005,0.198,0.002,0.003,1267.3,1471.103,1.003
"K_uu_workout[19, 2]",0.071,0.073,0.005,0.198,0.002,0.003,1263.079,1471.103,1.003
"K_uu_workout[19, 3]",0.071,0.074,0.005,0.199,0.002,0.003,1258.708,1471.103,1.003
"K_uu_workout[19, 4]",0.071,0.074,0.005,0.201,0.002,0.003,1254.911,1471.103,1.003
"K_uu_workout[19, 5]",0.072,0.074,0.005,0.202,0.002,0.003,1250.908,1471.103,1.003
"K_uu_workout[19, 6]",0.072,0.074,0.007,0.205,0.002,0.003,1247.402,1471.148,1.003
"K_uu_workout[19, 7]",0.072,0.074,0.007,0.205,0.002,0.003,1243.609,1471.148,1.003
"K_uu_workout[19, 8]",0.072,0.074,0.005,0.204,0.002,0.003,1241.317,1471.148,1.003
"K_uu_workout[19, 9]",0.072,0.075,0.005,0.205,0.002,0.003,1238.053,1471.148,1.003
"K_uu_workout[19, 10]",0.073,0.075,0.005,0.205,0.002,0.003,1234.81,1471.148,1.003
"K_uu_workout[19, 11]",0.073,0.075,0.007,0.208,0.002,0.003,1232.094,1471.148,1.003
"K_uu_workout[19, 12]",0.073,0.075,0.007,0.208,0.002,0.003,1229.971,1471.148,1.003
"K_uu_workout[19, 13]",0.073,0.075,0.007,0.208,0.002,0.003,1227.847,1471.148,1.003
"K_uu_workout[19, 14]",0.073,0.075,0.007,0.209,0.002,0.003,1226.26,1471.148,1.003
"K_uu_workout[19, 15]",0.073,0.075,0.005,0.207,0.002,0.003,1225.174,1471.148,1.003
"K_uu_workout[19, 16]",0.073,0.075,0.005,0.207,0.002,0.003,1224.341,1471.148,1.003
"K_uu_workout[19, 17]",0.073,0.075,0.005,0.207,0.002,0.003,1223.672,1471.148,1.003
"K_uu_workout[19, 18]",0.073,0.075,0.005,0.207,0.002,0.003,1223.326,1471.148,1.003
"K_uu_workout[19, 19]",0.073,0.075,0.005,0.207,0.002,0.003,1223.192,1471.148,1.003
"K_uu_workout[19, 20]",0.073,0.075,0.005,0.207,0.002,0.003,1223.326,1471.148,1.003
"K_uu_workout[19, 21]",0.073,0.075,0.005,0.207,0.002,0.003,1223.672,1471.148,1.003
"K_uu_workout[19, 22]",0.073,0.075,0.005,0.207,0.002,0.003,1224.341,1471.148,1.003
"K_uu_workout[19, 23]",0.073,0.075,0.005,0.207,0.002,0.003,1225.174,1471.148,1.003
"K_uu_workout[19, 24]",0.073,0.075,0.007,0.209,0.002,0.003,1226.26,1471.148,1.003
"K_uu_workout[19, 25]",0.073,0.075,0.007,0.208,0.002,0.003,1227.847,1471.148,1.003
"K_uu_workout[19, 26]",0.073,0.075,0.007,0.208,0.002,0.003,1229.971,1471.148,1.003
"K_uu_workout[19, 27]",0.073,0.075,0.007,0.208,0.002,0.003,1232.094,1471.148,1.003
"K_uu_workout[19, 28]",0.073,0.075,0.005,0.205,0.002,0.003,1234.81,1471.148,1.003
"K_uu_workout[19, 29]",0.072,0.075,0.005,0.205,0.002,0.003,1238.053,1471.148,1.003
"K_uu_workout[19, 30]",0.072,0.074,0.005,0.204,0.002,0.003,1241.317,1471.148,1.003
"K_uu_workout[19, 31]",0.072,0.074,0.007,0.205,0.002,0.003,1243.609,1471.148,1.003
"K_uu_workout[19, 32]",0.072,0.074,0.007,0.205,0.002,0.003,1247.402,1471.148,1.003
"K_uu_workout[19, 33]",0.072,0.074,0.005,0.202,0.002,0.003,1250.908,1471.103,1.003
"K_uu_workout[19, 34]",0.071,0.074,0.005,0.201,0.002,0.003,1254.911,1471.103,1.003
"K_uu_workout[19, 35]",0.071,0.074,0.005,0.199,0.002,0.003,1258.708,1471.103,1.003
"K_uu_workout[19, 36]",0.071,0.073,0.005,0.198,0.002,0.003,1263.079,1471.103,1.003
"K_uu_workout[19, 37]",0.07,0.073,0.005,0.198,0.002,0.003,1267.3,1471.103,1.003
"K_uu_workout[19, 38]",0.07,0.073,0.005,0.198,0.002,0.003,1270.664,1457.295,1.003
"K_uu_workout[19, 39]",0.07,0.073,0.006,0.198,0.002,0.003,1274.343,1457.295,1.003
"K_uu_workout[19, 40]",0.069,0.073,0.006,0.197,0.002,0.003,1277.424,1457.295,1.003
"K_uu_workout[19, 41]",0.069,0.072,0.005,0.195,0.002,0.003,1281.649,1457.295,1.003
"K_uu_workout[19, 42]",0.069,0.072,0.005,0.195,0.002,0.003,1284.017,1457.295,1.003
"K_uu_workout[19, 43]",0.068,0.072,0.005,0.194,0.002,0.003,1288.151,1457.295,1.003
"K_uu_workout[19, 44]",0.068,0.072,0.006,0.195,0.002,0.003,1291.417,1457.295,1.003
"K_uu_workout[19, 45]",0.067,0.072,0.004,0.192,0.002,0.003,1294.524,1457.447,1.003
"K_uu_workout[19, 46]",0.067,0.071,0.004,0.192,0.002,0.003,1298.749,1457.447,1.003
"K_uu_workout[19, 47]",0.066,0.071,0.005,0.193,0.002,0.003,1302.531,1457.447,1.003
"K_uu_workout[19, 48]",0.066,0.071,0.005,0.193,0.002,0.003,1305.688,1448.868,1.003
"K_uu_workout[19, 49]",0.065,0.071,0.005,0.191,0.002,0.003,1308.282,1448.868,1.003
"K_uu_workout[20, 0]",0.07,0.073,0.006,0.198,0.002,0.003,1274.343,1457.295,1.003
"K_uu_workout[20, 1]",0.07,0.073,0.005,0.198,0.002,0.003,1270.664,1457.295,1.003
"K_uu_workout[20, 2]",0.07,0.073,0.005,0.198,0.002,0.003,1267.3,1471.103,1.003
"K_uu_workout[20, 3]",0.071,0.073,0.005,0.198,0.002,0.003,1263.079,1471.103,1.003
"K_uu_workout[20, 4]",0.071,0.074,0.005,0.199,0.002,0.003,1258.708,1471.103,1.003
"K_uu_workout[20, 5]",0.071,0.074,0.005,0.201,0.002,0.003,1254.911,1471.103,1.003
"K_uu_workout[20, 6]",0.072,0.074,0.005,0.202,0.002,0.003,1250.908,1471.103,1.003
"K_uu_workout[20, 7]",0.072,0.074,0.007,0.205,0.002,0.003,1247.402,1471.148,1.003
"K_uu_workout[20, 8]",0.072,0.074,0.007,0.205,0.002,0.003,1243.609,1471.148,1.003
"K_uu_workout[20, 9]",0.072,0.074,0.005,0.204,0.002,0.003,1241.317,1471.148,1.003
"K_uu_workout[20, 10]",0.072,0.075,0.005,0.205,0.002,0.003,1238.053,1471.148,1.003
"K_uu_workout[20, 11]",0.073,0.075,0.005,0.205,0.002,0.003,1234.81,1471.148,1.003
"K_uu_workout[20, 12]",0.073,0.075,0.007,0.208,0.002,0.003,1232.094,1471.148,1.003
"K_uu_workout[20, 13]",0.073,0.075,0.007,0.208,0.002,0.003,1229.971,1471.148,1.003
"K_uu_workout[20, 14]",0.073,0.075,0.007,0.208,0.002,0.003,1227.847,1471.148,1.003
"K_uu_workout[20, 15]",0.073,0.075,0.007,0.209,0.002,0.003,1226.26,1471.148,1.003
"K_uu_workout[20, 16]",0.073,0.075,0.005,0.207,0.002,0.003,1225.174,1471.148,1.003
"K_uu_workout[20, 17]",0.073,0.075,0.005,0.207,0.002,0.003,1224.341,1471.148,1.003
"K_uu_workout[20, 18]",0.073,0.075,0.005,0.207,0.002,0.003,1223.672,1471.148,1.003
"K_uu_workout[20, 19]",0.073,0.075,0.005,0.207,0.002,0.003,1223.326,1471.148,1.003
"K_uu_workout[20, 20]",0.073,0.075,0.005,0.207,0.002,0.003,1223.192,1471.148,1.003
"K_uu_workout[20, 21]",0.073,0.075,0.005,0.207,0.002,0.003,1223.326,1471.148,1.003
"K_uu_workout[20, 22]",0.073,0.075,0.005,0.207,0.002,0.003,1223.672,1471.148,1.003
"K_uu_workout[20, 23]",0.073,0.075,0.005,0.207,0.002,0.003,1224.341,1471.148,1.003
"K_uu_workout[20, 24]",0.073,0.075,0.005,0.207,0.002,0.003,1225.174,1471.148,1.003
"K_uu_workout[20, 25]",0.073,0.075,0.007,0.209,0.002,0.003,1226.26,1471.148,1.003
"K_uu_workout[20, 26]",0.073,0.075,0.007,0.208,0.002,0.003,1227.847,1471.148,1.003
"K_uu_workout[20, 27]",0.073,0.075,0.007,0.208,0.002,0.003,1229.971,1471.148,1.003
"K_uu_workout[20, 28]",0.073,0.075,0.007,0.208,0.002,0.003,1232.094,1471.148,1.003
"K_uu_workout[20, 29]",0.073,0.075,0.005,0.205,0.002,0.003,1234.81,1471.148,1.003
"K_uu_workout[20, 30]",0.072,0.075,0.005,0.205,0.002,0.003,1238.053,1471.148,1.003
"K_uu_workout[20, 31]",0.072,0.074,0.005,0.204,0.002,0.003,1241.317,1471.148,1.003
"K_uu_workout[20, 32]",0.072,0.074,0.007,0.205,0.002,0.003,1243.609,1471.148,1.003
"K_uu_workout[20, 33]",0.072,0.074,0.007,0.205,0.002,0.003,1247.402,1471.148,1.003
"K_uu_workout[20, 34]",0.072,0.074,0.005,0.202,0.002,0.003,1250.908,1471.103,1.003
"K_uu_workout[20, 35]",0.071,0.074,0.005,0.201,0.002,0.003,1254.911,1471.103,1.003
"K_uu_workout[20, 36]",0.071,0.074,0.005,0.199,0.002,0.003,1258.708,1471.103,1.003
"K_uu_workout[20, 37]",0.071,0.073,0.005,0.198,0.002,0.003,1263.079,1471.103,1.003
"K_uu_workout[20, 38]",0.07,0.073,0.005,0.198,0.002,0.003,1267.3,1471.103,1.003
"K_uu_workout[20, 39]",0.07,0.073,0.005,0.198,0.002,0.003,1270.664,1457.295,1.003
"K_uu_workout[20, 40]",0.07,0.073,0.006,0.198,0.002,0.003,1274.343,1457.295,1.003
"K_uu_workout[20, 41]",0.069,0.073,0.006,0.197,0.002,0.003,1277.424,1457.295,1.003
"K_uu_workout[20, 42]",0.069,0.072,0.005,0.195,0.002,0.003,1281.649,1457.295,1.003
"K_uu_workout[20, 43]",0.069,0.072,0.005,0.195,0.002,0.003,1284.017,1457.295,1.003
"K_uu_workout[20, 44]",0.068,0.072,0.005,0.194,0.002,0.003,1288.151,1457.295,1.003
"K_uu_workout[20, 45]",0.068,0.072,0.006,0.195,0.002,0.003,1291.417,1457.295,1.003
"K_uu_workout[20, 46]",0.067,0.072,0.004,0.192,0.002,0.003,1294.524,1457.447,1.003
"K_uu_workout[20, 47]",0.067,0.071,0.004,0.192,0.002,0.003,1298.749,1457.447,1.003
"K_uu_workout[20, 48]",0.066,0.071,0.005,0.193,0.002,0.003,1302.531,1457.447,1.003
"K_uu_workout[20, 49]",0.066,0.071,0.005,0.193,0.002,0.003,1305.688,1448.868,1.003
"K_uu_workout[21, 0]",0.069,0.073,0.006,0.197,0.002,0.003,1277.424,1457.295,1.003
"K_uu_workout[21, 1]",0.07,0.073,0.006,0.198,0.002,0.003,1274.343,1457.295,1.003
"K_uu_workout[21, 2]",0.07,0.073,0.005,0.198,0.002,0.003,1270.664,1457.295,1.003
"K_uu_workout[21, 3]",0.07,0.073,0.005,0.198,0.002,0.003,1267.3,1471.103,1.003
"K_uu_workout[21, 4]",0.071,0.073,0.005,0.198,0.002,0.003,1263.079,1471.103,1.003
"K_uu_workout[21, 5]",0.071,0.074,0.005,0.199,0.002,0.003,1258.708,1471.103,1.003
"K_uu_workout[21, 6]",0.071,0.074,0.005,0.201,0.002,0.003,1254.911,1471.103,1.003
"K_uu_workout[21, 7]",0.072,0.074,0.005,0.202,0.002,0.003,1250.908,1471.103,1.003
"K_uu_workout[21, 8]",0.072,0.074,0.007,0.205,0.002,0.003,1247.402,1471.148,1.003
"K_uu_workout[21, 9]",0.072,0.074,0.007,0.205,0.002,0.003,1243.609,1471.148,1.003
"K_uu_workout[21, 10]",0.072,0.074,0.005,0.204,0.002,0.003,1241.317,1471.148,1.003
"K_uu_workout[21, 11]",0.072,0.075,0.005,0.205,0.002,0.003,1238.053,1471.148,1.003
"K_uu_workout[21, 12]",0.073,0.075,0.005,0.205,0.002,0.003,1234.81,1471.148,1.003
"K_uu_workout[21, 13]",0.073,0.075,0.007,0.208,0.002,0.003,1232.094,1471.148,1.003
"K_uu_workout[21, 14]",0.073,0.075,0.007,0.208,0.002,0.003,1229.971,1471.148,1.003
"K_uu_workout[21, 15]",0.073,0.075,0.007,0.208,0.002,0.003,1227.847,1471.148,1.003
"K_uu_workout[21, 16]",0.073,0.075,0.007,0.209,0.002,0.003,1226.26,1471.148,1.003
"K_uu_workout[21, 17]",0.073,0.075,0.005,0.207,0.002,0.003,1225.174,1471.148,1.003
"K_uu_workout[21, 18]",0.073,0.075,0.005,0.207,0.002,0.003,1224.341,1471.148,1.003
"K_uu_workout[21, 19]",0.073,0.075,0.005,0.207,0.002,0.003,1223.672,1471.148,1.003
"K_uu_workout[21, 20]",0.073,0.075,0.005,0.207,0.002,0.003,1223.326,1471.148,1.003
"K_uu_workout[21, 21]",0.073,0.075,0.005,0.207,0.002,0.003,1223.192,1471.148,1.003
"K_uu_workout[21, 22]",0.073,0.075,0.005,0.207,0.002,0.003,1223.326,1471.148,1.003
"K_uu_workout[21, 23]",0.073,0.075,0.005,0.207,0.002,0.003,1223.672,1471.148,1.003
"K_uu_workout[21, 24]",0.073,0.075,0.005,0.207,0.002,0.003,1224.341,1471.148,1.003
"K_uu_workout[21, 25]",0.073,0.075,0.005,0.207,0.002,0.003,1225.174,1471.148,1.003
"K_uu_workout[21, 26]",0.073,0.075,0.007,0.209,0.002,0.003,1226.26,1471.148,1.003
"K_uu_workout[21, 27]",0.073,0.075,0.007,0.208,0.002,0.003,1227.847,1471.148,1.003
"K_uu_workout[21, 28]",0.073,0.075,0.007,0.208,0.002,0.003,1229.971,1471.148,1.003
"K_uu_workout[21, 29]",0.073,0.075,0.007,0.208,0.002,0.003,1232.094,1471.148,1.003
"K_uu_workout[21, 30]",0.073,0.075,0.005,0.205,0.002,0.003,1234.81,1471.148,1.003
"K_uu_workout[21, 31]",0.072,0.075,0.005,0.205,0.002,0.003,1238.053,1471.148,1.003
"K_uu_workout[21, 32]",0.072,0.074,0.005,0.204,0.002,0.003,1241.317,1471.148,1.003
"K_uu_workout[21, 33]",0.072,0.074,0.007,0.205,0.002,0.003,1243.609,1471.148,1.003
"K_uu_workout[21, 34]",0.072,0.074,0.007,0.205,0.002,0.003,1247.402,1471.148,1.003
"K_uu_workout[21, 35]",0.072,0.074,0.005,0.202,0.002,0.003,1250.908,1471.103,1.003
"K_uu_workout[21, 36]",0.071,0.074,0.005,0.201,0.002,0.003,1254.911,1471.103,1.003
"K_uu_workout[21, 37]",0.071,0.074,0.005,0.199,0.002,0.003,1258.708,1471.103,1.003
"K_uu_workout[21, 38]",0.071,0.073,0.005,0.198,0.002,0.003,1263.079,1471.103,1.003
"K_uu_workout[21, 39]",0.07,0.073,0.005,0.198,0.002,0.003,1267.3,1471.103,1.003
"K_uu_workout[21, 40]",0.07,0.073,0.005,0.198,0.002,0.003,1270.664,1457.295,1.003
"K_uu_workout[21, 41]",0.07,0.073,0.006,0.198,0.002,0.003,1274.343,1457.295,1.003
"K_uu_workout[21, 42]",0.069,0.073,0.006,0.197,0.002,0.003,1277.424,1457.295,1.003
"K_uu_workout[21, 43]",0.069,0.072,0.005,0.195,0.002,0.003,1281.649,1457.295,1.003
"K_uu_workout[21, 44]",0.069,0.072,0.005,0.195,0.002,0.003,1284.017,1457.295,1.003
"K_uu_workout[21, 45]",0.068,0.072,0.005,0.194,0.002,0.003,1288.151,1457.295,1.003
"K_uu_workout[21, 46]",0.068,0.072,0.006,0.195,0.002,0.003,1291.417,1457.295,1.003
"K_uu_workout[21, 47]",0.067,0.072,0.004,0.192,0.002,0.003,1294.524,1457.447,1.003
"K_uu_workout[21, 48]",0.067,0.071,0.004,0.192,0.002,0.003,1298.749,1457.447,1.003
"K_uu_workout[21, 49]",0.066,0.071,0.005,0.193,0.002,0.003,1302.531,1457.447,1.003
"K_uu_workout[22, 0]",0.069,0.072,0.005,0.195,0.002,0.003,1281.649,1457.295,1.003
"K_uu_workout[22, 1]",0.069,0.073,0.006,0.197,0.002,0.003,1277.424,1457.295,1.003
"K_uu_workout[22, 2]",0.07,0.073,0.006,0.198,0.002,0.003,1274.343,1457.295,1.003
"K_uu_workout[22, 3]",0.07,0.073,0.005,0.198,0.002,0.003,1270.664,1457.295,1.003
"K_uu_workout[22, 4]",0.07,0.073,0.005,0.198,0.002,0.003,1267.3,1471.103,1.003
"K_uu_workout[22, 5]",0.071,0.073,0.005,0.198,0.002,0.003,1263.079,1471.103,1.003
"K_uu_workout[22, 6]",0.071,0.074,0.005,0.199,0.002,0.003,1258.708,1471.103,1.003
"K_uu_workout[22, 7]",0.071,0.074,0.005,0.201,0.002,0.003,1254.911,1471.103,1.003
"K_uu_workout[22, 8]",0.072,0.074,0.005,0.202,0.002,0.003,1250.908,1471.103,1.003
"K_uu_workout[22, 9]",0.072,0.074,0.007,0.205,0.002,0.003,1247.402,1471.148,1.003
"K_uu_workout[22, 10]",0.072,0.074,0.007,0.205,0.002,0.003,1243.609,1471.148,1.003
"K_uu_workout[22, 11]",0.072,0.074,0.005,0.204,0.002,0.003,1241.317,1471.148,1.003
"K_uu_workout[22, 12]",0.072,0.075,0.005,0.205,0.002,0.003,1238.053,1471.148,1.003
"K_uu_workout[22, 13]",0.073,0.075,0.005,0.205,0.002,0.003,1234.81,1471.148,1.003
"K_uu_workout[22, 14]",0.073,0.075,0.007,0.208,0.002,0.003,1232.094,1471.148,1.003
"K_uu_workout[22, 15]",0.073,0.075,0.007,0.208,0.002,0.003,1229.971,1471.148,1.003
"K_uu_workout[22, 16]",0.073,0.075,0.007,0.208,0.002,0.003,1227.847,1471.148,1.003
"K_uu_workout[22, 17]",0.073,0.075,0.007,0.209,0.002,0.003,1226.26,1471.148,1.003
"K_uu_workout[22, 18]",0.073,0.075,0.005,0.207,0.002,0.003,1225.174,1471.148,1.003
"K_uu_workout[22, 19]",0.073,0.075,0.005,0.207,0.002,0.003,1224.341,1471.148,1.003
"K_uu_workout[22, 20]",0.073,0.075,0.005,0.207,0.002,0.003,1223.672,1471.148,1.003
"K_uu_workout[22, 21]",0.073,0.075,0.005,0.207,0.002,0.003,1223.326,1471.148,1.003
"K_uu_workout[22, 22]",0.073,0.075,0.005,0.207,0.002,0.003,1223.192,1471.148,1.003
"K_uu_workout[22, 23]",0.073,0.075,0.005,0.207,0.002,0.003,1223.326,1471.148,1.003
"K_uu_workout[22, 24]",0.073,0.075,0.005,0.207,0.002,0.003,1223.672,1471.148,1.003
"K_uu_workout[22, 25]",0.073,0.075,0.005,0.207,0.002,0.003,1224.341,1471.148,1.003
"K_uu_workout[22, 26]",0.073,0.075,0.005,0.207,0.002,0.003,1225.174,1471.148,1.003
"K_uu_workout[22, 27]",0.073,0.075,0.007,0.209,0.002,0.003,1226.26,1471.148,1.003
"K_uu_workout[22, 28]",0.073,0.075,0.007,0.208,0.002,0.003,1227.847,1471.148,1.003
"K_uu_workout[22, 29]",0.073,0.075,0.007,0.208,0.002,0.003,1229.971,1471.148,1.003
"K_uu_workout[22, 30]",0.073,0.075,0.007,0.208,0.002,0.003,1232.094,1471.148,1.003
"K_uu_workout[22, 31]",0.073,0.075,0.005,0.205,0.002,0.003,1234.81,1471.148,1.003
"K_uu_workout[22, 32]",0.072,0.075,0.005,0.205,0.002,0.003,1238.053,1471.148,1.003
"K_uu_workout[22, 33]",0.072,0.074,0.005,0.204,0.002,0.003,1241.317,1471.148,1.003
"K_uu_workout[22, 34]",0.072,0.074,0.007,0.205,0.002,0.003,1243.609,1471.148,1.003
"K_uu_workout[22, 35]",0.072,0.074,0.007,0.205,0.002,0.003,1247.402,1471.148,1.003
"K_uu_workout[22, 36]",0.072,0.074,0.005,0.202,0.002,0.003,1250.908,1471.103,1.003
"K_uu_workout[22, 37]",0.071,0.074,0.005,0.201,0.002,0.003,1254.911,1471.103,1.003
"K_uu_workout[22, 38]",0.071,0.074,0.005,0.199,0.002,0.003,1258.708,1471.103,1.003
"K_uu_workout[22, 39]",0.071,0.073,0.005,0.198,0.002,0.003,1263.079,1471.103,1.003
"K_uu_workout[22, 40]",0.07,0.073,0.005,0.198,0.002,0.003,1267.3,1471.103,1.003
"K_uu_workout[22, 41]",0.07,0.073,0.005,0.198,0.002,0.003,1270.664,1457.295,1.003
"K_uu_workout[22, 42]",0.07,0.073,0.006,0.198,0.002,0.003,1274.343,1457.295,1.003
"K_uu_workout[22, 43]",0.069,0.073,0.006,0.197,0.002,0.003,1277.424,1457.295,1.003
"K_uu_workout[22, 44]",0.069,0.072,0.005,0.195,0.002,0.003,1281.649,1457.295,1.003
"K_uu_workout[22, 45]",0.069,0.072,0.005,0.195,0.002,0.003,1284.017,1457.295,1.003
"K_uu_workout[22, 46]",0.068,0.072,0.005,0.194,0.002,0.003,1288.151,1457.295,1.003
"K_uu_workout[22, 47]",0.068,0.072,0.006,0.195,0.002,0.003,1291.417,1457.295,1.003
"K_uu_workout[22, 48]",0.067,0.072,0.004,0.192,0.002,0.003,1294.524,1457.447,1.003
"K_uu_workout[22, 49]",0.067,0.071,0.004,0.192,0.002,0.003,1298.749,1457.447,1.003
"K_uu_workout[23, 0]",0.069,0.072,0.005,0.195,0.002,0.003,1284.017,1457.295,1.003
"K_uu_workout[23, 1]",0.069,0.072,0.005,0.195,0.002,0.003,1281.649,1457.295,1.003
"K_uu_workout[23, 2]",0.069,0.073,0.006,0.197,0.002,0.003,1277.424,1457.295,1.003
"K_uu_workout[23, 3]",0.07,0.073,0.006,0.198,0.002,0.003,1274.343,1457.295,1.003
"K_uu_workout[23, 4]",0.07,0.073,0.005,0.198,0.002,0.003,1270.664,1457.295,1.003
"K_uu_workout[23, 5]",0.07,0.073,0.005,0.198,0.002,0.003,1267.3,1471.103,1.003
"K_uu_workout[23, 6]",0.071,0.073,0.005,0.198,0.002,0.003,1263.079,1471.103,1.003
"K_uu_workout[23, 7]",0.071,0.074,0.005,0.199,0.002,0.003,1258.708,1471.103,1.003
"K_uu_workout[23, 8]",0.071,0.074,0.005,0.201,0.002,0.003,1254.911,1471.103,1.003
"K_uu_workout[23, 9]",0.072,0.074,0.005,0.202,0.002,0.003,1250.908,1471.103,1.003
"K_uu_workout[23, 10]",0.072,0.074,0.007,0.205,0.002,0.003,1247.402,1471.148,1.003
"K_uu_workout[23, 11]",0.072,0.074,0.007,0.205,0.002,0.003,1243.609,1471.148,1.003
"K_uu_workout[23, 12]",0.072,0.074,0.005,0.204,0.002,0.003,1241.317,1471.148,1.003
"K_uu_workout[23, 13]",0.072,0.075,0.005,0.205,0.002,0.003,1238.053,1471.148,1.003
"K_uu_workout[23, 14]",0.073,0.075,0.005,0.205,0.002,0.003,1234.81,1471.148,1.003
"K_uu_workout[23, 15]",0.073,0.075,0.007,0.208,0.002,0.003,1232.094,1471.148,1.003
"K_uu_workout[23, 16]",0.073,0.075,0.007,0.208,0.002,0.003,1229.971,1471.148,1.003
"K_uu_workout[23, 17]",0.073,0.075,0.007,0.208,0.002,0.003,1227.847,1471.148,1.003
"K_uu_workout[23, 18]",0.073,0.075,0.007,0.209,0.002,0.003,1226.26,1471.148,1.003
"K_uu_workout[23, 19]",0.073,0.075,0.005,0.207,0.002,0.003,1225.174,1471.148,1.003
"K_uu_workout[23, 20]",0.073,0.075,0.005,0.207,0.002,0.003,1224.341,1471.148,1.003
"K_uu_workout[23, 21]",0.073,0.075,0.005,0.207,0.002,0.003,1223.672,1471.148,1.003
"K_uu_workout[23, 22]",0.073,0.075,0.005,0.207,0.002,0.003,1223.326,1471.148,1.003
"K_uu_workout[23, 23]",0.073,0.075,0.005,0.207,0.002,0.003,1223.192,1471.148,1.003
"K_uu_workout[23, 24]",0.073,0.075,0.005,0.207,0.002,0.003,1223.326,1471.148,1.003
"K_uu_workout[23, 25]",0.073,0.075,0.005,0.207,0.002,0.003,1223.672,1471.148,1.003
"K_uu_workout[23, 26]",0.073,0.075,0.005,0.207,0.002,0.003,1224.341,1471.148,1.003
"K_uu_workout[23, 27]",0.073,0.075,0.005,0.207,0.002,0.003,1225.174,1471.148,1.003
"K_uu_workout[23, 28]",0.073,0.075,0.007,0.209,0.002,0.003,1226.26,1471.148,1.003
"K_uu_workout[23, 29]",0.073,0.075,0.007,0.208,0.002,0.003,1227.847,1471.148,1.003
"K_uu_workout[23, 30]",0.073,0.075,0.007,0.208,0.002,0.003,1229.971,1471.148,1.003
"K_uu_workout[23, 31]",0.073,0.075,0.007,0.208,0.002,0.003,1232.094,1471.148,1.003
"K_uu_workout[23, 32]",0.073,0.075,0.005,0.205,0.002,0.003,1234.81,1471.148,1.003
"K_uu_workout[23, 33]",0.072,0.075,0.005,0.205,0.002,0.003,1238.053,1471.148,1.003
"K_uu_workout[23, 34]",0.072,0.074,0.005,0.204,0.002,0.003,1241.317,1471.148,1.003
"K_uu_workout[23, 35]",0.072,0.074,0.007,0.205,0.002,0.003,1243.609,1471.148,1.003
"K_uu_workout[23, 36]",0.072,0.074,0.007,0.205,0.002,0.003,1247.402,1471.148,1.003
"K_uu_workout[23, 37]",0.072,0.074,0.005,0.202,0.002,0.003,1250.908,1471.103,1.003
"K_uu_workout[23, 38]",0.071,0.074,0.005,0.201,0.002,0.003,1254.911,1471.103,1.003
"K_uu_workout[23, 39]",0.071,0.074,0.005,0.199,0.002,0.003,1258.708,1471.103,1.003
"K_uu_workout[23, 40]",0.071,0.073,0.005,0.198,0.002,0.003,1263.079,1471.103,1.003
"K_uu_workout[23, 41]",0.07,0.073,0.005,0.198,0.002,0.003,1267.3,1471.103,1.003
"K_uu_workout[23, 42]",0.07,0.073,0.005,0.198,0.002,0.003,1270.664,1457.295,1.003
"K_uu_workout[23, 43]",0.07,0.073,0.006,0.198,0.002,0.003,1274.343,1457.295,1.003
"K_uu_workout[23, 44]",0.069,0.073,0.006,0.197,0.002,0.003,1277.424,1457.295,1.003
"K_uu_workout[23, 45]",0.069,0.072,0.005,0.195,0.002,0.003,1281.649,1457.295,1.003
"K_uu_workout[23, 46]",0.069,0.072,0.005,0.195,0.002,0.003,1284.017,1457.295,1.003
"K_uu_workout[23, 47]",0.068,0.072,0.005,0.194,0.002,0.003,1288.151,1457.295,1.003
"K_uu_workout[23, 48]",0.068,0.072,0.006,0.195,0.002,0.003,1291.417,1457.295,1.003
"K_uu_workout[23, 49]",0.067,0.072,0.004,0.192,0.002,0.003,1294.524,1457.447,1.003
"K_uu_workout[24, 0]",0.068,0.072,0.005,0.194,0.002,0.003,1288.151,1457.295,1.003
"K_uu_workout[24, 1]",0.069,0.072,0.005,0.195,0.002,0.003,1284.017,1457.295,1.003
"K_uu_workout[24, 2]",0.069,0.072,0.005,0.195,0.002,0.003,1281.649,1457.295,1.003
"K_uu_workout[24, 3]",0.069,0.073,0.006,0.197,0.002,0.003,1277.424,1457.295,1.003
"K_uu_workout[24, 4]",0.07,0.073,0.006,0.198,0.002,0.003,1274.343,1457.295,1.003
"K_uu_workout[24, 5]",0.07,0.073,0.005,0.198,0.002,0.003,1270.664,1457.295,1.003
"K_uu_workout[24, 6]",0.07,0.073,0.005,0.198,0.002,0.003,1267.3,1471.103,1.003
"K_uu_workout[24, 7]",0.071,0.073,0.005,0.198,0.002,0.003,1263.079,1471.103,1.003
"K_uu_workout[24, 8]",0.071,0.074,0.005,0.199,0.002,0.003,1258.708,1471.103,1.003
"K_uu_workout[24, 9]",0.071,0.074,0.005,0.201,0.002,0.003,1254.911,1471.103,1.003
"K_uu_workout[24, 10]",0.072,0.074,0.005,0.202,0.002,0.003,1250.908,1471.103,1.003
"K_uu_workout[24, 11]",0.072,0.074,0.007,0.205,0.002,0.003,1247.402,1471.148,1.003
"K_uu_workout[24, 12]",0.072,0.074,0.007,0.205,0.002,0.003,1243.609,1471.148,1.003
"K_uu_workout[24, 13]",0.072,0.074,0.005,0.204,0.002,0.003,1241.317,1471.148,1.003
"K_uu_workout[24, 14]",0.072,0.075,0.005,0.205,0.002,0.003,1238.053,1471.148,1.003
"K_uu_workout[24, 15]",0.073,0.075,0.005,0.205,0.002,0.003,1234.81,1471.148,1.003
"K_uu_workout[24, 16]",0.073,0.075,0.007,0.208,0.002,0.003,1232.094,1471.148,1.003
"K_uu_workout[24, 17]",0.073,0.075,0.007,0.208,0.002,0.003,1229.971,1471.148,1.003
"K_uu_workout[24, 18]",0.073,0.075,0.007,0.208,0.002,0.003,1227.847,1471.148,1.003
"K_uu_workout[24, 19]",0.073,0.075,0.007,0.209,0.002,0.003,1226.26,1471.148,1.003
"K_uu_workout[24, 20]",0.073,0.075,0.005,0.207,0.002,0.003,1225.174,1471.148,1.003
"K_uu_workout[24, 21]",0.073,0.075,0.005,0.207,0.002,0.003,1224.341,1471.148,1.003
"K_uu_workout[24, 22]",0.073,0.075,0.005,0.207,0.002,0.003,1223.672,1471.148,1.003
"K_uu_workout[24, 23]",0.073,0.075,0.005,0.207,0.002,0.003,1223.326,1471.148,1.003
"K_uu_workout[24, 24]",0.073,0.075,0.005,0.207,0.002,0.003,1223.192,1471.148,1.003
"K_uu_workout[24, 25]",0.073,0.075,0.005,0.207,0.002,0.003,1223.326,1471.148,1.003
"K_uu_workout[24, 26]",0.073,0.075,0.005,0.207,0.002,0.003,1223.672,1471.148,1.003
"K_uu_workout[24, 27]",0.073,0.075,0.005,0.207,0.002,0.003,1224.341,1471.148,1.003
"K_uu_workout[24, 28]",0.073,0.075,0.005,0.207,0.002,0.003,1225.174,1471.148,1.003
"K_uu_workout[24, 29]",0.073,0.075,0.007,0.209,0.002,0.003,1226.26,1471.148,1.003
"K_uu_workout[24, 30]",0.073,0.075,0.007,0.208,0.002,0.003,1227.847,1471.148,1.003
"K_uu_workout[24, 31]",0.073,0.075,0.007,0.208,0.002,0.003,1229.971,1471.148,1.003
"K_uu_workout[24, 32]",0.073,0.075,0.007,0.208,0.002,0.003,1232.094,1471.148,1.003
"K_uu_workout[24, 33]",0.073,0.075,0.005,0.205,0.002,0.003,1234.81,1471.148,1.003
"K_uu_workout[24, 34]",0.072,0.075,0.005,0.205,0.002,0.003,1238.053,1471.148,1.003
"K_uu_workout[24, 35]",0.072,0.074,0.005,0.204,0.002,0.003,1241.317,1471.148,1.003
"K_uu_workout[24, 36]",0.072,0.074,0.007,0.205,0.002,0.003,1243.609,1471.148,1.003
"K_uu_workout[24, 37]",0.072,0.074,0.007,0.205,0.002,0.003,1247.402,1471.148,1.003
"K_uu_workout[24, 38]",0.072,0.074,0.005,0.202,0.002,0.003,1250.908,1471.103,1.003
"K_uu_workout[24, 39]",0.071,0.074,0.005,0.201,0.002,0.003,1254.911,1471.103,1.003
"K_uu_workout[24, 40]",0.071,0.074,0.005,0.199,0.002,0.003,1258.708,1471.103,1.003
"K_uu_workout[24, 41]",0.071,0.073,0.005,0.198,0.002,0.003,1263.079,1471.103,1.003
"K_uu_workout[24, 42]",0.07,0.073,0.005,0.198,0.002,0.003,1267.3,1471.103,1.003
"K_uu_workout[24, 43]",0.07,0.073,0.005,0.198,0.002,0.003,1270.664,1457.295,1.003
"K_uu_workout[24, 44]",0.07,0.073,0.006,0.198,0.002,0.003,1274.343,1457.295,1.003
"K_uu_workout[24, 45]",0.069,0.073,0.006,0.197,0.002,0.003,1277.424,1457.295,1.003
"K_uu_workout[24, 46]",0.069,0.072,0.005,0.195,0.002,0.003,1281.649,1457.295,1.003
"K_uu_workout[24, 47]",0.069,0.072,0.005,0.195,0.002,0.003,1284.017,1457.295,1.003
"K_uu_workout[24, 48]",0.068,0.072,0.005,0.194,0.002,0.003,1288.151,1457.295,1.003
"K_uu_workout[24, 49]",0.068,0.072,0.006,0.195,0.002,0.003,1291.417,1457.295,1.003
"K_uu_workout[25, 0]",0.068,0.072,0.006,0.195,0.002,0.003,1291.417,1457.295,1.003
"K_uu_workout[25, 1]",0.068,0.072,0.005,0.194,0.002,0.003,1288.151,1457.295,1.003
"K_uu_workout[25, 2]",0.069,0.072,0.005,0.195,0.002,0.003,1284.017,1457.295,1.003
"K_uu_workout[25, 3]",0.069,0.072,0.005,0.195,0.002,0.003,1281.649,1457.295,1.003
"K_uu_workout[25, 4]",0.069,0.073,0.006,0.197,0.002,0.003,1277.424,1457.295,1.003
"K_uu_workout[25, 5]",0.07,0.073,0.006,0.198,0.002,0.003,1274.343,1457.295,1.003
"K_uu_workout[25, 6]",0.07,0.073,0.005,0.198,0.002,0.003,1270.664,1457.295,1.003
"K_uu_workout[25, 7]",0.07,0.073,0.005,0.198,0.002,0.003,1267.3,1471.103,1.003
"K_uu_workout[25, 8]",0.071,0.073,0.005,0.198,0.002,0.003,1263.079,1471.103,1.003
"K_uu_workout[25, 9]",0.071,0.074,0.005,0.199,0.002,0.003,1258.708,1471.103,1.003
"K_uu_workout[25, 10]",0.071,0.074,0.005,0.201,0.002,0.003,1254.911,1471.103,1.003
"K_uu_workout[25, 11]",0.072,0.074,0.005,0.202,0.002,0.003,1250.908,1471.103,1.003
"K_uu_workout[25, 12]",0.072,0.074,0.007,0.205,0.002,0.003,1247.402,1471.148,1.003
"K_uu_workout[25, 13]",0.072,0.074,0.007,0.205,0.002,0.003,1243.609,1471.148,1.003
"K_uu_workout[25, 14]",0.072,0.074,0.005,0.204,0.002,0.003,1241.317,1471.148,1.003
"K_uu_workout[25, 15]",0.072,0.075,0.005,0.205,0.002,0.003,1238.053,1471.148,1.003
"K_uu_workout[25, 16]",0.073,0.075,0.005,0.205,0.002,0.003,1234.81,1471.148,1.003
"K_uu_workout[25, 17]",0.073,0.075,0.007,0.208,0.002,0.003,1232.094,1471.148,1.003
"K_uu_workout[25, 18]",0.073,0.075,0.007,0.208,0.002,0.003,1229.971,1471.148,1.003
"K_uu_workout[25, 19]",0.073,0.075,0.007,0.208,0.002,0.003,1227.847,1471.148,1.003
"K_uu_workout[25, 20]",0.073,0.075,0.007,0.209,0.002,0.003,1226.26,1471.148,1.003
"K_uu_workout[25, 21]",0.073,0.075,0.005,0.207,0.002,0.003,1225.174,1471.148,1.003
"K_uu_workout[25, 22]",0.073,0.075,0.005,0.207,0.002,0.003,1224.341,1471.148,1.003
"K_uu_workout[25, 23]",0.073,0.075,0.005,0.207,0.002,0.003,1223.672,1471.148,1.003
"K_uu_workout[25, 24]",0.073,0.075,0.005,0.207,0.002,0.003,1223.326,1471.148,1.003
"K_uu_workout[25, 25]",0.073,0.075,0.005,0.207,0.002,0.003,1223.192,1471.148,1.003
"K_uu_workout[25, 26]",0.073,0.075,0.005,0.207,0.002,0.003,1223.326,1471.148,1.003
"K_uu_workout[25, 27]",0.073,0.075,0.005,0.207,0.002,0.003,1223.672,1471.148,1.003
"K_uu_workout[25, 28]",0.073,0.075,0.005,0.207,0.002,0.003,1224.341,1471.148,1.003
"K_uu_workout[25, 29]",0.073,0.075,0.005,0.207,0.002,0.003,1225.174,1471.148,1.003
"K_uu_workout[25, 30]",0.073,0.075,0.007,0.209,0.002,0.003,1226.26,1471.148,1.003
"K_uu_workout[25, 31]",0.073,0.075,0.007,0.208,0.002,0.003,1227.847,1471.148,1.003
"K_uu_workout[25, 32]",0.073,0.075,0.007,0.208,0.002,0.003,1229.971,1471.148,1.003
"K_uu_workout[25, 33]",0.073,0.075,0.007,0.208,0.002,0.003,1232.094,1471.148,1.003
"K_uu_workout[25, 34]",0.073,0.075,0.005,0.205,0.002,0.003,1234.81,1471.148,1.003
"K_uu_workout[25, 35]",0.072,0.075,0.005,0.205,0.002,0.003,1238.053,1471.148,1.003
"K_uu_workout[25, 36]",0.072,0.074,0.005,0.204,0.002,0.003,1241.317,1471.148,1.003
"K_uu_workout[25, 37]",0.072,0.074,0.007,0.205,0.002,0.003,1243.609,1471.148,1.003
"K_uu_workout[25, 38]",0.072,0.074,0.007,0.205,0.002,0.003,1247.402,1471.148,1.003
"K_uu_workout[25, 39]",0.072,0.074,0.005,0.202,0.002,0.003,1250.908,1471.103,1.003
"K_uu_workout[25, 40]",0.071,0.074,0.005,0.201,0.002,0.003,1254.911,1471.103,1.003
"K_uu_workout[25, 41]",0.071,0.074,0.005,0.199,0.002,0.003,1258.708,1471.103,1.003
"K_uu_workout[25, 42]",0.071,0.073,0.005,0.198,0.002,0.003,1263.079,1471.103,1.003
"K_uu_workout[25, 43]",0.07,0.073,0.005,0.198,0.002,0.003,1267.3,1471.103,1.003
"K_uu_workout[25, 44]",0.07,0.073,0.005,0.198,0.002,0.003,1270.664,1457.295,1.003
"K_uu_workout[25, 45]",0.07,0.073,0.006,0.198,0.002,0.003,1274.343,1457.295,1.003
"K_uu_workout[25, 46]",0.069,0.073,0.006,0.197,0.002,0.003,1277.424,1457.295,1.003
"K_uu_workout[25, 47]",0.069,0.072,0.005,0.195,0.002,0.003,1281.649,1457.295,1.003
"K_uu_workout[25, 48]",0.069,0.072,0.005,0.195,0.002,0.003,1284.017,1457.295,1.003
"K_uu_workout[25, 49]",0.068,0.072,0.005,0.194,0.002,0.003,1288.151,1457.295,1.003
"K_uu_workout[26, 0]",0.067,0.072,0.004,0.192,0.002,0.003,1294.524,1457.447,1.003
"K_uu_workout[26, 1]",0.068,0.072,0.006,0.195,0.002,0.003,1291.417,1457.295,1.003
"K_uu_workout[26, 2]",0.068,0.072,0.005,0.194,0.002,0.003,1288.151,1457.295,1.003
"K_uu_workout[26, 3]",0.069,0.072,0.005,0.195,0.002,0.003,1284.017,1457.295,1.003
"K_uu_workout[26, 4]",0.069,0.072,0.005,0.195,0.002,0.003,1281.649,1457.295,1.003
"K_uu_workout[26, 5]",0.069,0.073,0.006,0.197,0.002,0.003,1277.424,1457.295,1.003
"K_uu_workout[26, 6]",0.07,0.073,0.006,0.198,0.002,0.003,1274.343,1457.295,1.003
"K_uu_workout[26, 7]",0.07,0.073,0.005,0.198,0.002,0.003,1270.664,1457.295,1.003
"K_uu_workout[26, 8]",0.07,0.073,0.005,0.198,0.002,0.003,1267.3,1471.103,1.003
"K_uu_workout[26, 9]",0.071,0.073,0.005,0.198,0.002,0.003,1263.079,1471.103,1.003
"K_uu_workout[26, 10]",0.071,0.074,0.005,0.199,0.002,0.003,1258.708,1471.103,1.003
"K_uu_workout[26, 11]",0.071,0.074,0.005,0.201,0.002,0.003,1254.911,1471.103,1.003
"K_uu_workout[26, 12]",0.072,0.074,0.005,0.202,0.002,0.003,1250.908,1471.103,1.003
"K_uu_workout[26, 13]",0.072,0.074,0.007,0.205,0.002,0.003,1247.402,1471.148,1.003
"K_uu_workout[26, 14]",0.072,0.074,0.007,0.205,0.002,0.003,1243.609,1471.148,1.003
"K_uu_workout[26, 15]",0.072,0.074,0.005,0.204,0.002,0.003,1241.317,1471.148,1.003
"K_uu_workout[26, 16]",0.072,0.075,0.005,0.205,0.002,0.003,1238.053,1471.148,1.003
"K_uu_workout[26, 17]",0.073,0.075,0.005,0.205,0.002,0.003,1234.81,1471.148,1.003
"K_uu_workout[26, 18]",0.073,0.075,0.007,0.208,0.002,0.003,1232.094,1471.148,1.003
"K_uu_workout[26, 19]",0.073,0.075,0.007,0.208,0.002,0.003,1229.971,1471.148,1.003
"K_uu_workout[26, 20]",0.073,0.075,0.007,0.208,0.002,0.003,1227.847,1471.148,1.003
"K_uu_workout[26, 21]",0.073,0.075,0.007,0.209,0.002,0.003,1226.26,1471.148,1.003
"K_uu_workout[26, 22]",0.073,0.075,0.005,0.207,0.002,0.003,1225.174,1471.148,1.003
"K_uu_workout[26, 23]",0.073,0.075,0.005,0.207,0.002,0.003,1224.341,1471.148,1.003
"K_uu_workout[26, 24]",0.073,0.075,0.005,0.207,0.002,0.003,1223.672,1471.148,1.003
"K_uu_workout[26, 25]",0.073,0.075,0.005,0.207,0.002,0.003,1223.326,1471.148,1.003
"K_uu_workout[26, 26]",0.073,0.075,0.005,0.207,0.002,0.003,1223.192,1471.148,1.003
"K_uu_workout[26, 27]",0.073,0.075,0.005,0.207,0.002,0.003,1223.326,1471.148,1.003
"K_uu_workout[26, 28]",0.073,0.075,0.005,0.207,0.002,0.003,1223.672,1471.148,1.003
"K_uu_workout[26, 29]",0.073,0.075,0.005,0.207,0.002,0.003,1224.341,1471.148,1.003
"K_uu_workout[26, 30]",0.073,0.075,0.005,0.207,0.002,0.003,1225.174,1471.148,1.003
"K_uu_workout[26, 31]",0.073,0.075,0.007,0.209,0.002,0.003,1226.26,1471.148,1.003
"K_uu_workout[26, 32]",0.073,0.075,0.007,0.208,0.002,0.003,1227.847,1471.148,1.003
"K_uu_workout[26, 33]",0.073,0.075,0.007,0.208,0.002,0.003,1229.971,1471.148,1.003
"K_uu_workout[26, 34]",0.073,0.075,0.007,0.208,0.002,0.003,1232.094,1471.148,1.003
"K_uu_workout[26, 35]",0.073,0.075,0.005,0.205,0.002,0.003,1234.81,1471.148,1.003
"K_uu_workout[26, 36]",0.072,0.075,0.005,0.205,0.002,0.003,1238.053,1471.148,1.003
"K_uu_workout[26, 37]",0.072,0.074,0.005,0.204,0.002,0.003,1241.317,1471.148,1.003
"K_uu_workout[26, 38]",0.072,0.074,0.007,0.205,0.002,0.003,1243.609,1471.148,1.003
"K_uu_workout[26, 39]",0.072,0.074,0.007,0.205,0.002,0.003,1247.402,1471.148,1.003
"K_uu_workout[26, 40]",0.072,0.074,0.005,0.202,0.002,0.003,1250.908,1471.103,1.003
"K_uu_workout[26, 41]",0.071,0.074,0.005,0.201,0.002,0.003,1254.911,1471.103,1.003
"K_uu_workout[26, 42]",0.071,0.074,0.005,0.199,0.002,0.003,1258.708,1471.103,1.003
"K_uu_workout[26, 43]",0.071,0.073,0.005,0.198,0.002,0.003,1263.079,1471.103,1.003
"K_uu_workout[26, 44]",0.07,0.073,0.005,0.198,0.002,0.003,1267.3,1471.103,1.003
"K_uu_workout[26, 45]",0.07,0.073,0.005,0.198,0.002,0.003,1270.664,1457.295,1.003
"K_uu_workout[26, 46]",0.07,0.073,0.006,0.198,0.002,0.003,1274.343,1457.295,1.003
"K_uu_workout[26, 47]",0.069,0.073,0.006,0.197,0.002,0.003,1277.424,1457.295,1.003
"K_uu_workout[26, 48]",0.069,0.072,0.005,0.195,0.002,0.003,1281.649,1457.295,1.003
"K_uu_workout[26, 49]",0.069,0.072,0.005,0.195,0.002,0.003,1284.017,1457.295,1.003
"K_uu_workout[27, 0]",0.067,0.071,0.004,0.192,0.002,0.003,1298.749,1457.447,1.003
"K_uu_workout[27, 1]",0.067,0.072,0.004,0.192,0.002,0.003,1294.524,1457.447,1.003
"K_uu_workout[27, 2]",0.068,0.072,0.006,0.195,0.002,0.003,1291.417,1457.295,1.003
"K_uu_workout[27, 3]",0.068,0.072,0.005,0.194,0.002,0.003,1288.151,1457.295,1.003
"K_uu_workout[27, 4]",0.069,0.072,0.005,0.195,0.002,0.003,1284.017,1457.295,1.003
"K_uu_workout[27, 5]",0.069,0.072,0.005,0.195,0.002,0.003,1281.649,1457.295,1.003
"K_uu_workout[27, 6]",0.069,0.073,0.006,0.197,0.002,0.003,1277.424,1457.295,1.003
"K_uu_workout[27, 7]",0.07,0.073,0.006,0.198,0.002,0.003,1274.343,1457.295,1.003
"K_uu_workout[27, 8]",0.07,0.073,0.005,0.198,0.002,0.003,1270.664,1457.295,1.003
"K_uu_workout[27, 9]",0.07,0.073,0.005,0.198,0.002,0.003,1267.3,1471.103,1.003
"K_uu_workout[27, 10]",0.071,0.073,0.005,0.198,0.002,0.003,1263.079,1471.103,1.003
"K_uu_workout[27, 11]",0.071,0.074,0.005,0.199,0.002,0.003,1258.708,1471.103,1.003
"K_uu_workout[27, 12]",0.071,0.074,0.005,0.201,0.002,0.003,1254.911,1471.103,1.003
"K_uu_workout[27, 13]",0.072,0.074,0.005,0.202,0.002,0.003,1250.908,1471.103,1.003
"K_uu_workout[27, 14]",0.072,0.074,0.007,0.205,0.002,0.003,1247.402,1471.148,1.003
"K_uu_workout[27, 15]",0.072,0.074,0.007,0.205,0.002,0.003,1243.609,1471.148,1.003
"K_uu_workout[27, 16]",0.072,0.074,0.005,0.204,0.002,0.003,1241.317,1471.148,1.003
"K_uu_workout[27, 17]",0.072,0.075,0.005,0.205,0.002,0.003,1238.053,1471.148,1.003
"K_uu_workout[27, 18]",0.073,0.075,0.005,0.205,0.002,0.003,1234.81,1471.148,1.003
"K_uu_workout[27, 19]",0.073,0.075,0.007,0.208,0.002,0.003,1232.094,1471.148,1.003
"K_uu_workout[27, 20]",0.073,0.075,0.007,0.208,0.002,0.003,1229.971,1471.148,1.003
"K_uu_workout[27, 21]",0.073,0.075,0.007,0.208,0.002,0.003,1227.847,1471.148,1.003
"K_uu_workout[27, 22]",0.073,0.075,0.007,0.209,0.002,0.003,1226.26,1471.148,1.003
"K_uu_workout[27, 23]",0.073,0.075,0.005,0.207,0.002,0.003,1225.174,1471.148,1.003
"K_uu_workout[27, 24]",0.073,0.075,0.005,0.207,0.002,0.003,1224.341,1471.148,1.003
"K_uu_workout[27, 25]",0.073,0.075,0.005,0.207,0.002,0.003,1223.672,1471.148,1.003
"K_uu_workout[27, 26]",0.073,0.075,0.005,0.207,0.002,0.003,1223.326,1471.148,1.003
"K_uu_workout[27, 27]",0.073,0.075,0.005,0.207,0.002,0.003,1223.192,1471.148,1.003
"K_uu_workout[27, 28]",0.073,0.075,0.005,0.207,0.002,0.003,1223.326,1471.148,1.003
"K_uu_workout[27, 29]",0.073,0.075,0.005,0.207,0.002,0.003,1223.672,1471.148,1.003
"K_uu_workout[27, 30]",0.073,0.075,0.005,0.207,0.002,0.003,1224.341,1471.148,1.003
"K_uu_workout[27, 31]",0.073,0.075,0.005,0.207,0.002,0.003,1225.174,1471.148,1.003
"K_uu_workout[27, 32]",0.073,0.075,0.007,0.209,0.002,0.003,1226.26,1471.148,1.003
"K_uu_workout[27, 33]",0.073,0.075,0.007,0.208,0.002,0.003,1227.847,1471.148,1.003
"K_uu_workout[27, 34]",0.073,0.075,0.007,0.208,0.002,0.003,1229.971,1471.148,1.003
"K_uu_workout[27, 35]",0.073,0.075,0.007,0.208,0.002,0.003,1232.094,1471.148,1.003
"K_uu_workout[27, 36]",0.073,0.075,0.005,0.205,0.002,0.003,1234.81,1471.148,1.003
"K_uu_workout[27, 37]",0.072,0.075,0.005,0.205,0.002,0.003,1238.053,1471.148,1.003
"K_uu_workout[27, 38]",0.072,0.074,0.005,0.204,0.002,0.003,1241.317,1471.148,1.003
"K_uu_workout[27, 39]",0.072,0.074,0.007,0.205,0.002,0.003,1243.609,1471.148,1.003
"K_uu_workout[27, 40]",0.072,0.074,0.007,0.205,0.002,0.003,1247.402,1471.148,1.003
"K_uu_workout[27, 41]",0.072,0.074,0.005,0.202,0.002,0.003,1250.908,1471.103,1.003
"K_uu_workout[27, 42]",0.071,0.074,0.005,0.201,0.002,0.003,1254.911,1471.103,1.003
"K_uu_workout[27, 43]",0.071,0.074,0.005,0.199,0.002,0.003,1258.708,1471.103,1.003
"K_uu_workout[27, 44]",0.071,0.073,0.005,0.198,0.002,0.003,1263.079,1471.103,1.003
"K_uu_workout[27, 45]",0.07,0.073,0.005,0.198,0.002,0.003,1267.3,1471.103,1.003
"K_uu_workout[27, 46]",0.07,0.073,0.005,0.198,0.002,0.003,1270.664,1457.295,1.003
"K_uu_workout[27, 47]",0.07,0.073,0.006,0.198,0.002,0.003,1274.343,1457.295,1.003
"K_uu_workout[27, 48]",0.069,0.073,0.006,0.197,0.002,0.003,1277.424,1457.295,1.003
"K_uu_workout[27, 49]",0.069,0.072,0.005,0.195,0.002,0.003,1281.649,1457.295,1.003
"K_uu_workout[28, 0]",0.066,0.071,0.005,0.193,0.002,0.003,1302.531,1457.447,1.003
"K_uu_workout[28, 1]",0.067,0.071,0.004,0.192,0.002,0.003,1298.749,1457.447,1.003
"K_uu_workout[28, 2]",0.067,0.072,0.004,0.192,0.002,0.003,1294.524,1457.447,1.003
"K_uu_workout[28, 3]",0.068,0.072,0.006,0.195,0.002,0.003,1291.417,1457.295,1.003
"K_uu_workout[28, 4]",0.068,0.072,0.005,0.194,0.002,0.003,1288.151,1457.295,1.003
"K_uu_workout[28, 5]",0.069,0.072,0.005,0.195,0.002,0.003,1284.017,1457.295,1.003
"K_uu_workout[28, 6]",0.069,0.072,0.005,0.195,0.002,0.003,1281.649,1457.295,1.003
"K_uu_workout[28, 7]",0.069,0.073,0.006,0.197,0.002,0.003,1277.424,1457.295,1.003
"K_uu_workout[28, 8]",0.07,0.073,0.006,0.198,0.002,0.003,1274.343,1457.295,1.003
"K_uu_workout[28, 9]",0.07,0.073,0.005,0.198,0.002,0.003,1270.664,1457.295,1.003
"K_uu_workout[28, 10]",0.07,0.073,0.005,0.198,0.002,0.003,1267.3,1471.103,1.003
"K_uu_workout[28, 11]",0.071,0.073,0.005,0.198,0.002,0.003,1263.079,1471.103,1.003
"K_uu_workout[28, 12]",0.071,0.074,0.005,0.199,0.002,0.003,1258.708,1471.103,1.003
"K_uu_workout[28, 13]",0.071,0.074,0.005,0.201,0.002,0.003,1254.911,1471.103,1.003
"K_uu_workout[28, 14]",0.072,0.074,0.005,0.202,0.002,0.003,1250.908,1471.103,1.003
"K_uu_workout[28, 15]",0.072,0.074,0.007,0.205,0.002,0.003,1247.402,1471.148,1.003
"K_uu_workout[28, 16]",0.072,0.074,0.007,0.205,0.002,0.003,1243.609,1471.148,1.003
"K_uu_workout[28, 17]",0.072,0.074,0.005,0.204,0.002,0.003,1241.317,1471.148,1.003
"K_uu_workout[28, 18]",0.072,0.075,0.005,0.205,0.002,0.003,1238.053,1471.148,1.003
"K_uu_workout[28, 19]",0.073,0.075,0.005,0.205,0.002,0.003,1234.81,1471.148,1.003
"K_uu_workout[28, 20]",0.073,0.075,0.007,0.208,0.002,0.003,1232.094,1471.148,1.003
"K_uu_workout[28, 21]",0.073,0.075,0.007,0.208,0.002,0.003,1229.971,1471.148,1.003
"K_uu_workout[28, 22]",0.073,0.075,0.007,0.208,0.002,0.003,1227.847,1471.148,1.003
"K_uu_workout[28, 23]",0.073,0.075,0.007,0.209,0.002,0.003,1226.26,1471.148,1.003
"K_uu_workout[28, 24]",0.073,0.075,0.005,0.207,0.002,0.003,1225.174,1471.148,1.003
"K_uu_workout[28, 25]",0.073,0.075,0.005,0.207,0.002,0.003,1224.341,1471.148,1.003
"K_uu_workout[28, 26]",0.073,0.075,0.005,0.207,0.002,0.003,1223.672,1471.148,1.003
"K_uu_workout[28, 27]",0.073,0.075,0.005,0.207,0.002,0.003,1223.326,1471.148,1.003
"K_uu_workout[28, 28]",0.073,0.075,0.005,0.207,0.002,0.003,1223.192,1471.148,1.003
"K_uu_workout[28, 29]",0.073,0.075,0.005,0.207,0.002,0.003,1223.326,1471.148,1.003
"K_uu_workout[28, 30]",0.073,0.075,0.005,0.207,0.002,0.003,1223.672,1471.148,1.003
"K_uu_workout[28, 31]",0.073,0.075,0.005,0.207,0.002,0.003,1224.341,1471.148,1.003
"K_uu_workout[28, 32]",0.073,0.075,0.005,0.207,0.002,0.003,1225.174,1471.148,1.003
"K_uu_workout[28, 33]",0.073,0.075,0.007,0.209,0.002,0.003,1226.26,1471.148,1.003
"K_uu_workout[28, 34]",0.073,0.075,0.007,0.208,0.002,0.003,1227.847,1471.148,1.003
"K_uu_workout[28, 35]",0.073,0.075,0.007,0.208,0.002,0.003,1229.971,1471.148,1.003
"K_uu_workout[28, 36]",0.073,0.075,0.007,0.208,0.002,0.003,1232.094,1471.148,1.003
"K_uu_workout[28, 37]",0.073,0.075,0.005,0.205,0.002,0.003,1234.81,1471.148,1.003
"K_uu_workout[28, 38]",0.072,0.075,0.005,0.205,0.002,0.003,1238.053,1471.148,1.003
"K_uu_workout[28, 39]",0.072,0.074,0.005,0.204,0.002,0.003,1241.317,1471.148,1.003
"K_uu_workout[28, 40]",0.072,0.074,0.007,0.205,0.002,0.003,1243.609,1471.148,1.003
"K_uu_workout[28, 41]",0.072,0.074,0.007,0.205,0.002,0.003,1247.402,1471.148,1.003
"K_uu_workout[28, 42]",0.072,0.074,0.005,0.202,0.002,0.003,1250.908,1471.103,1.003
"K_uu_workout[28, 43]",0.071,0.074,0.005,0.201,0.002,0.003,1254.911,1471.103,1.003
"K_uu_workout[28, 44]",0.071,0.074,0.005,0.199,0.002,0.003,1258.708,1471.103,1.003
"K_uu_workout[28, 45]",0.071,0.073,0.005,0.198,0.002,0.003,1263.079,1471.103,1.003
"K_uu_workout[28, 46]",0.07,0.073,0.005,0.198,0.002,0.003,1267.3,1471.103,1.003
"K_uu_workout[28, 47]",0.07,0.073,0.005,0.198,0.002,0.003,1270.664,1457.295,1.003
"K_uu_workout[28, 48]",0.07,0.073,0.006,0.198,0.002,0.003,1274.343,1457.295,1.003
"K_uu_workout[28, 49]",0.069,0.073,0.006,0.197,0.002,0.003,1277.424,1457.295,1.003
"K_uu_workout[29, 0]",0.066,0.071,0.005,0.193,0.002,0.003,1305.688,1448.868,1.003
"K_uu_workout[29, 1]",0.066,0.071,0.005,0.193,0.002,0.003,1302.531,1457.447,1.003
"K_uu_workout[29, 2]",0.067,0.071,0.004,0.192,0.002,0.003,1298.749,1457.447,1.003
"K_uu_workout[29, 3]",0.067,0.072,0.004,0.192,0.002,0.003,1294.524,1457.447,1.003
"K_uu_workout[29, 4]",0.068,0.072,0.006,0.195,0.002,0.003,1291.417,1457.295,1.003
"K_uu_workout[29, 5]",0.068,0.072,0.005,0.194,0.002,0.003,1288.151,1457.295,1.003
"K_uu_workout[29, 6]",0.069,0.072,0.005,0.195,0.002,0.003,1284.017,1457.295,1.003
"K_uu_workout[29, 7]",0.069,0.072,0.005,0.195,0.002,0.003,1281.649,1457.295,1.003
"K_uu_workout[29, 8]",0.069,0.073,0.006,0.197,0.002,0.003,1277.424,1457.295,1.003
"K_uu_workout[29, 9]",0.07,0.073,0.006,0.198,0.002,0.003,1274.343,1457.295,1.003
"K_uu_workout[29, 10]",0.07,0.073,0.005,0.198,0.002,0.003,1270.664,1457.295,1.003
"K_uu_workout[29, 11]",0.07,0.073,0.005,0.198,0.002,0.003,1267.3,1471.103,1.003
"K_uu_workout[29, 12]",0.071,0.073,0.005,0.198,0.002,0.003,1263.079,1471.103,1.003
"K_uu_workout[29, 13]",0.071,0.074,0.005,0.199,0.002,0.003,1258.708,1471.103,1.003
"K_uu_workout[29, 14]",0.071,0.074,0.005,0.201,0.002,0.003,1254.911,1471.103,1.003
"K_uu_workout[29, 15]",0.072,0.074,0.005,0.202,0.002,0.003,1250.908,1471.103,1.003
"K_uu_workout[29, 16]",0.072,0.074,0.007,0.205,0.002,0.003,1247.402,1471.148,1.003
"K_uu_workout[29, 17]",0.072,0.074,0.007,0.205,0.002,0.003,1243.609,1471.148,1.003
"K_uu_workout[29, 18]",0.072,0.074,0.005,0.204,0.002,0.003,1241.317,1471.148,1.003
"K_uu_workout[29, 19]",0.072,0.075,0.005,0.205,0.002,0.003,1238.053,1471.148,1.003
"K_uu_workout[29, 20]",0.073,0.075,0.005,0.205,0.002,0.003,1234.81,1471.148,1.003
"K_uu_workout[29, 21]",0.073,0.075,0.007,0.208,0.002,0.003,1232.094,1471.148,1.003
"K_uu_workout[29, 22]",0.073,0.075,0.007,0.208,0.002,0.003,1229.971,1471.148,1.003
"K_uu_workout[29, 23]",0.073,0.075,0.007,0.208,0.002,0.003,1227.847,1471.148,1.003
"K_uu_workout[29, 24]",0.073,0.075,0.007,0.209,0.002,0.003,1226.26,1471.148,1.003
"K_uu_workout[29, 25]",0.073,0.075,0.005,0.207,0.002,0.003,1225.174,1471.148,1.003
"K_uu_workout[29, 26]",0.073,0.075,0.005,0.207,0.002,0.003,1224.341,1471.148,1.003
"K_uu_workout[29, 27]",0.073,0.075,0.005,0.207,0.002,0.003,1223.672,1471.148,1.003
"K_uu_workout[29, 28]",0.073,0.075,0.005,0.207,0.002,0.003,1223.326,1471.148,1.003
"K_uu_workout[29, 29]",0.073,0.075,0.005,0.207,0.002,0.003,1223.192,1471.148,1.003
"K_uu_workout[29, 30]",0.073,0.075,0.005,0.207,0.002,0.003,1223.326,1471.148,1.003
"K_uu_workout[29, 31]",0.073,0.075,0.005,0.207,0.002,0.003,1223.672,1471.148,1.003
"K_uu_workout[29, 32]",0.073,0.075,0.005,0.207,0.002,0.003,1224.341,1471.148,1.003
"K_uu_workout[29, 33]",0.073,0.075,0.005,0.207,0.002,0.003,1225.174,1471.148,1.003
"K_uu_workout[29, 34]",0.073,0.075,0.007,0.209,0.002,0.003,1226.26,1471.148,1.003
"K_uu_workout[29, 35]",0.073,0.075,0.007,0.208,0.002,0.003,1227.847,1471.148,1.003
"K_uu_workout[29, 36]",0.073,0.075,0.007,0.208,0.002,0.003,1229.971,1471.148,1.003
"K_uu_workout[29, 37]",0.073,0.075,0.007,0.208,0.002,0.003,1232.094,1471.148,1.003
"K_uu_workout[29, 38]",0.073,0.075,0.005,0.205,0.002,0.003,1234.81,1471.148,1.003
"K_uu_workout[29, 39]",0.072,0.075,0.005,0.205,0.002,0.003,1238.053,1471.148,1.003
"K_uu_workout[29, 40]",0.072,0.074,0.005,0.204,0.002,0.003,1241.317,1471.148,1.003
"K_uu_workout[29, 41]",0.072,0.074,0.007,0.205,0.002,0.003,1243.609,1471.148,1.003
"K_uu_workout[29, 42]",0.072,0.074,0.007,0.205,0.002,0.003,1247.402,1471.148,1.003
"K_uu_workout[29, 43]",0.072,0.074,0.005,0.202,0.002,0.003,1250.908,1471.103,1.003
"K_uu_workout[29, 44]",0.071,0.074,0.005,0.201,0.002,0.003,1254.911,1471.103,1.003
"K_uu_workout[29, 45]",0.071,0.074,0.005,0.199,0.002,0.003,1258.708,1471.103,1.003
"K_uu_workout[29, 46]",0.071,0.073,0.005,0.198,0.002,0.003,1263.079,1471.103,1.003
"K_uu_workout[29, 47]",0.07,0.073,0.005,0.198,0.002,0.003,1267.3,1471.103,1.003
"K_uu_workout[29, 48]",0.07,0.073,0.005,0.198,0.002,0.003,1270.664,1457.295,1.003
"K_uu_workout[29, 49]",0.07,0.073,0.006,0.198,0.002,0.003,1274.343,1457.295,1.003
"K_uu_workout[30, 0]",0.065,0.071,0.005,0.191,0.002,0.003,1308.282,1448.868,1.003
"K_uu_workout[30, 1]",0.066,0.071,0.005,0.193,0.002,0.003,1305.688,1448.868,1.003
"K_uu_workout[30, 2]",0.066,0.071,0.005,0.193,0.002,0.003,1302.531,1457.447,1.003
"K_uu_workout[30, 3]",0.067,0.071,0.004,0.192,0.002,0.003,1298.749,1457.447,1.003
"K_uu_workout[30, 4]",0.067,0.072,0.004,0.192,0.002,0.003,1294.524,1457.447,1.003
"K_uu_workout[30, 5]",0.068,0.072,0.006,0.195,0.002,0.003,1291.417,1457.295,1.003
"K_uu_workout[30, 6]",0.068,0.072,0.005,0.194,0.002,0.003,1288.151,1457.295,1.003
"K_uu_workout[30, 7]",0.069,0.072,0.005,0.195,0.002,0.003,1284.017,1457.295,1.003
"K_uu_workout[30, 8]",0.069,0.072,0.005,0.195,0.002,0.003,1281.649,1457.295,1.003
"K_uu_workout[30, 9]",0.069,0.073,0.006,0.197,0.002,0.003,1277.424,1457.295,1.003
"K_uu_workout[30, 10]",0.07,0.073,0.006,0.198,0.002,0.003,1274.343,1457.295,1.003
"K_uu_workout[30, 11]",0.07,0.073,0.005,0.198,0.002,0.003,1270.664,1457.295,1.003
"K_uu_workout[30, 12]",0.07,0.073,0.005,0.198,0.002,0.003,1267.3,1471.103,1.003
"K_uu_workout[30, 13]",0.071,0.073,0.005,0.198,0.002,0.003,1263.079,1471.103,1.003
"K_uu_workout[30, 14]",0.071,0.074,0.005,0.199,0.002,0.003,1258.708,1471.103,1.003
"K_uu_workout[30, 15]",0.071,0.074,0.005,0.201,0.002,0.003,1254.911,1471.103,1.003
"K_uu_workout[30, 16]",0.072,0.074,0.005,0.202,0.002,0.003,1250.908,1471.103,1.003
"K_uu_workout[30, 17]",0.072,0.074,0.007,0.205,0.002,0.003,1247.402,1471.148,1.003
"K_uu_workout[30, 18]",0.072,0.074,0.007,0.205,0.002,0.003,1243.609,1471.148,1.003
"K_uu_workout[30, 19]",0.072,0.074,0.005,0.204,0.002,0.003,1241.317,1471.148,1.003
"K_uu_workout[30, 20]",0.072,0.075,0.005,0.205,0.002,0.003,1238.053,1471.148,1.003
"K_uu_workout[30, 21]",0.073,0.075,0.005,0.205,0.002,0.003,1234.81,1471.148,1.003
"K_uu_workout[30, 22]",0.073,0.075,0.007,0.208,0.002,0.003,1232.094,1471.148,1.003
"K_uu_workout[30, 23]",0.073,0.075,0.007,0.208,0.002,0.003,1229.971,1471.148,1.003
"K_uu_workout[30, 24]",0.073,0.075,0.007,0.208,0.002,0.003,1227.847,1471.148,1.003
"K_uu_workout[30, 25]",0.073,0.075,0.007,0.209,0.002,0.003,1226.26,1471.148,1.003
"K_uu_workout[30, 26]",0.073,0.075,0.005,0.207,0.002,0.003,1225.174,1471.148,1.003
"K_uu_workout[30, 27]",0.073,0.075,0.005,0.207,0.002,0.003,1224.341,1471.148,1.003
"K_uu_workout[30, 28]",0.073,0.075,0.005,0.207,0.002,0.003,1223.672,1471.148,1.003
"K_uu_workout[30, 29]",0.073,0.075,0.005,0.207,0.002,0.003,1223.326,1471.148,1.003
"K_uu_workout[30, 30]",0.073,0.075,0.005,0.207,0.002,0.003,1223.192,1471.148,1.003
"K_uu_workout[30, 31]",0.073,0.075,0.005,0.207,0.002,0.003,1223.326,1471.148,1.003
"K_uu_workout[30, 32]",0.073,0.075,0.005,0.207,0.002,0.003,1223.672,1471.148,1.003
"K_uu_workout[30, 33]",0.073,0.075,0.005,0.207,0.002,0.003,1224.341,1471.148,1.003
"K_uu_workout[30, 34]",0.073,0.075,0.005,0.207,0.002,0.003,1225.174,1471.148,1.003
"K_uu_workout[30, 35]",0.073,0.075,0.007,0.209,0.002,0.003,1226.26,1471.148,1.003
"K_uu_workout[30, 36]",0.073,0.075,0.007,0.208,0.002,0.003,1227.847,1471.148,1.003
"K_uu_workout[30, 37]",0.073,0.075,0.007,0.208,0.002,0.003,1229.971,1471.148,1.003
"K_uu_workout[30, 38]",0.073,0.075,0.007,0.208,0.002,0.003,1232.094,1471.148,1.003
"K_uu_workout[30, 39]",0.073,0.075,0.005,0.205,0.002,0.003,1234.81,1471.148,1.003
"K_uu_workout[30, 40]",0.072,0.075,0.005,0.205,0.002,0.003,1238.053,1471.148,1.003
"K_uu_workout[30, 41]",0.072,0.074,0.005,0.204,0.002,0.003,1241.317,1471.148,1.003
"K_uu_workout[30, 42]",0.072,0.074,0.007,0.205,0.002,0.003,1243.609,1471.148,1.003
"K_uu_workout[30, 43]",0.072,0.074,0.007,0.205,0.002,0.003,1247.402,1471.148,1.003
"K_uu_workout[30, 44]",0.072,0.074,0.005,0.202,0.002,0.003,1250.908,1471.103,1.003
"K_uu_workout[30, 45]",0.071,0.074,0.005,0.201,0.002,0.003,1254.911,1471.103,1.003
"K_uu_workout[30, 46]",0.071,0.074,0.005,0.199,0.002,0.003,1258.708,1471.103,1.003
"K_uu_workout[30, 47]",0.071,0.073,0.005,0.198,0.002,0.003,1263.079,1471.103,1.003
"K_uu_workout[30, 48]",0.07,0.073,0.005,0.198,0.002,0.003,1267.3,1471.103,1.003
"K_uu_workout[30, 49]",0.07,0.073,0.005,0.198,0.002,0.003,1270.664,1457.295,1.003
"K_uu_workout[31, 0]",0.065,0.07,0.005,0.191,0.002,0.003,1313.388,1448.868,1.003
"K_uu_workout[31, 1]",0.065,0.071,0.005,0.191,0.002,0.003,1308.282,1448.868,1.003
"K_uu_workout[31, 2]",0.066,0.071,0.005,0.193,0.002,0.003,1305.688,1448.868,1.003
"K_uu_workout[31, 3]",0.066,0.071,0.005,0.193,0.002,0.003,1302.531,1457.447,1.003
"K_uu_workout[31, 4]",0.067,0.071,0.004,0.192,0.002,0.003,1298.749,1457.447,1.003
"K_uu_workout[31, 5]",0.067,0.072,0.004,0.192,0.002,0.003,1294.524,1457.447,1.003
"K_uu_workout[31, 6]",0.068,0.072,0.006,0.195,0.002,0.003,1291.417,1457.295,1.003
"K_uu_workout[31, 7]",0.068,0.072,0.005,0.194,0.002,0.003,1288.151,1457.295,1.003
"K_uu_workout[31, 8]",0.069,0.072,0.005,0.195,0.002,0.003,1284.017,1457.295,1.003
"K_uu_workout[31, 9]",0.069,0.072,0.005,0.195,0.002,0.003,1281.649,1457.295,1.003
"K_uu_workout[31, 10]",0.069,0.073,0.006,0.197,0.002,0.003,1277.424,1457.295,1.003
"K_uu_workout[31, 11]",0.07,0.073,0.006,0.198,0.002,0.003,1274.343,1457.295,1.003
"K_uu_workout[31, 12]",0.07,0.073,0.005,0.198,0.002,0.003,1270.664,1457.295,1.003
"K_uu_workout[31, 13]",0.07,0.073,0.005,0.198,0.002,0.003,1267.3,1471.103,1.003
"K_uu_workout[31, 14]",0.071,0.073,0.005,0.198,0.002,0.003,1263.079,1471.103,1.003
"K_uu_workout[31, 15]",0.071,0.074,0.005,0.199,0.002,0.003,1258.708,1471.103,1.003
"K_uu_workout[31, 16]",0.071,0.074,0.005,0.201,0.002,0.003,1254.911,1471.103,1.003
"K_uu_workout[31, 17]",0.072,0.074,0.005,0.202,0.002,0.003,1250.908,1471.103,1.003
"K_uu_workout[31, 18]",0.072,0.074,0.007,0.205,0.002,0.003,1247.402,1471.148,1.003
"K_uu_workout[31, 19]",0.072,0.074,0.007,0.205,0.002,0.003,1243.609,1471.148,1.003
"K_uu_workout[31, 20]",0.072,0.074,0.005,0.204,0.002,0.003,1241.317,1471.148,1.003
"K_uu_workout[31, 21]",0.072,0.075,0.005,0.205,0.002,0.003,1238.053,1471.148,1.003
"K_uu_workout[31, 22]",0.073,0.075,0.005,0.205,0.002,0.003,1234.81,1471.148,1.003
"K_uu_workout[31, 23]",0.073,0.075,0.007,0.208,0.002,0.003,1232.094,1471.148,1.003
"K_uu_workout[31, 24]",0.073,0.075,0.007,0.208,0.002,0.003,1229.971,1471.148,1.003
"K_uu_workout[31, 25]",0.073,0.075,0.007,0.208,0.002,0.003,1227.847,1471.148,1.003
"K_uu_workout[31, 26]",0.073,0.075,0.007,0.209,0.002,0.003,1226.26,1471.148,1.003
"K_uu_workout[31, 27]",0.073,0.075,0.005,0.207,0.002,0.003,1225.174,1471.148,1.003
"K_uu_workout[31, 28]",0.073,0.075,0.005,0.207,0.002,0.003,1224.341,1471.148,1.003
"K_uu_workout[31, 29]",0.073,0.075,0.005,0.207,0.002,0.003,1223.672,1471.148,1.003
"K_uu_workout[31, 30]",0.073,0.075,0.005,0.207,0.002,0.003,1223.326,1471.148,1.003
"K_uu_workout[31, 31]",0.073,0.075,0.005,0.207,0.002,0.003,1223.192,1471.148,1.003
"K_uu_workout[31, 32]",0.073,0.075,0.005,0.207,0.002,0.003,1223.326,1471.148,1.003
"K_uu_workout[31, 33]",0.073,0.075,0.005,0.207,0.002,0.003,1223.672,1471.148,1.003
"K_uu_workout[31, 34]",0.073,0.075,0.005,0.207,0.002,0.003,1224.341,1471.148,1.003
"K_uu_workout[31, 35]",0.073,0.075,0.005,0.207,0.002,0.003,1225.174,1471.148,1.003
"K_uu_workout[31, 36]",0.073,0.075,0.007,0.209,0.002,0.003,1226.26,1471.148,1.003
"K_uu_workout[31, 37]",0.073,0.075,0.007,0.208,0.002,0.003,1227.847,1471.148,1.003
"K_uu_workout[31, 38]",0.073,0.075,0.007,0.208,0.002,0.003,1229.971,1471.148,1.003
"K_uu_workout[31, 39]",0.073,0.075,0.007,0.208,0.002,0.003,1232.094,1471.148,1.003
"K_uu_workout[31, 40]",0.073,0.075,0.005,0.205,0.002,0.003,1234.81,1471.148,1.003
"K_uu_workout[31, 41]",0.072,0.075,0.005,0.205,0.002,0.003,1238.053,1471.148,1.003
"K_uu_workout[31, 42]",0.072,0.074,0.005,0.204,0.002,0.003,1241.317,1471.148,1.003
"K_uu_workout[31, 43]",0.072,0.074,0.007,0.205,0.002,0.003,1243.609,1471.148,1.003
"K_uu_workout[31, 44]",0.072,0.074,0.007,0.205,0.002,0.003,1247.402,1471.148,1.003
"K_uu_workout[31, 45]",0.072,0.074,0.005,0.202,0.002,0.003,1250.908,1471.103,1.003
"K_uu_workout[31, 46]",0.071,0.074,0.005,0.201,0.002,0.003,1254.911,1471.103,1.003
"K_uu_workout[31, 47]",0.071,0.074,0.005,0.199,0.002,0.003,1258.708,1471.103,1.003
"K_uu_workout[31, 48]",0.071,0.073,0.005,0.198,0.002,0.003,1263.079,1471.103,1.003
"K_uu_workout[31, 49]",0.07,0.073,0.005,0.198,0.002,0.003,1267.3,1471.103,1.003
"K_uu_workout[32, 0]",0.064,0.07,0.001,0.184,0.002,0.003,1315.413,1448.868,1.003
"K_uu_workout[32, 1]",0.065,0.07,0.005,0.191,0.002,0.003,1313.388,1448.868,1.003
"K_uu_workout[32, 2]",0.065,0.071,0.005,0.191,0.002,0.003,1308.282,1448.868,1.003
"K_uu_workout[32, 3]",0.066,0.071,0.005,0.193,0.002,0.003,1305.688,1448.868,1.003
"K_uu_workout[32, 4]",0.066,0.071,0.005,0.193,0.002,0.003,1302.531,1457.447,1.003
"K_uu_workout[32, 5]",0.067,0.071,0.004,0.192,0.002,0.003,1298.749,1457.447,1.003
"K_uu_workout[32, 6]",0.067,0.072,0.004,0.192,0.002,0.003,1294.524,1457.447,1.003
"K_uu_workout[32, 7]",0.068,0.072,0.006,0.195,0.002,0.003,1291.417,1457.295,1.003
"K_uu_workout[32, 8]",0.068,0.072,0.005,0.194,0.002,0.003,1288.151,1457.295,1.003
"K_uu_workout[32, 9]",0.069,0.072,0.005,0.195,0.002,0.003,1284.017,1457.295,1.003
"K_uu_workout[32, 10]",0.069,0.072,0.005,0.195,0.002,0.003,1281.649,1457.295,1.003
"K_uu_workout[32, 11]",0.069,0.073,0.006,0.197,0.002,0.003,1277.424,1457.295,1.003
"K_uu_workout[32, 12]",0.07,0.073,0.006,0.198,0.002,0.003,1274.343,1457.295,1.003
"K_uu_workout[32, 13]",0.07,0.073,0.005,0.198,0.002,0.003,1270.664,1457.295,1.003
"K_uu_workout[32, 14]",0.07,0.073,0.005,0.198,0.002,0.003,1267.3,1471.103,1.003
"K_uu_workout[32, 15]",0.071,0.073,0.005,0.198,0.002,0.003,1263.079,1471.103,1.003
"K_uu_workout[32, 16]",0.071,0.074,0.005,0.199,0.002,0.003,1258.708,1471.103,1.003
"K_uu_workout[32, 17]",0.071,0.074,0.005,0.201,0.002,0.003,1254.911,1471.103,1.003
"K_uu_workout[32, 18]",0.072,0.074,0.005,0.202,0.002,0.003,1250.908,1471.103,1.003
"K_uu_workout[32, 19]",0.072,0.074,0.007,0.205,0.002,0.003,1247.402,1471.148,1.003
"K_uu_workout[32, 20]",0.072,0.074,0.007,0.205,0.002,0.003,1243.609,1471.148,1.003
"K_uu_workout[32, 21]",0.072,0.074,0.005,0.204,0.002,0.003,1241.317,1471.148,1.003
"K_uu_workout[32, 22]",0.072,0.075,0.005,0.205,0.002,0.003,1238.053,1471.148,1.003
"K_uu_workout[32, 23]",0.073,0.075,0.005,0.205,0.002,0.003,1234.81,1471.148,1.003
"K_uu_workout[32, 24]",0.073,0.075,0.007,0.208,0.002,0.003,1232.094,1471.148,1.003
"K_uu_workout[32, 25]",0.073,0.075,0.007,0.208,0.002,0.003,1229.971,1471.148,1.003
"K_uu_workout[32, 26]",0.073,0.075,0.007,0.208,0.002,0.003,1227.847,1471.148,1.003
"K_uu_workout[32, 27]",0.073,0.075,0.007,0.209,0.002,0.003,1226.26,1471.148,1.003
"K_uu_workout[32, 28]",0.073,0.075,0.005,0.207,0.002,0.003,1225.174,1471.148,1.003
"K_uu_workout[32, 29]",0.073,0.075,0.005,0.207,0.002,0.003,1224.341,1471.148,1.003
"K_uu_workout[32, 30]",0.073,0.075,0.005,0.207,0.002,0.003,1223.672,1471.148,1.003
"K_uu_workout[32, 31]",0.073,0.075,0.005,0.207,0.002,0.003,1223.326,1471.148,1.003
"K_uu_workout[32, 32]",0.073,0.075,0.005,0.207,0.002,0.003,1223.192,1471.148,1.003
"K_uu_workout[32, 33]",0.073,0.075,0.005,0.207,0.002,0.003,1223.326,1471.148,1.003
"K_uu_workout[32, 34]",0.073,0.075,0.005,0.207,0.002,0.003,1223.672,1471.148,1.003
"K_uu_workout[32, 35]",0.073,0.075,0.005,0.207,0.002,0.003,1224.341,1471.148,1.003
"K_uu_workout[32, 36]",0.073,0.075,0.005,0.207,0.002,0.003,1225.174,1471.148,1.003
"K_uu_workout[32, 37]",0.073,0.075,0.007,0.209,0.002,0.003,1226.26,1471.148,1.003
"K_uu_workout[32, 38]",0.073,0.075,0.007,0.208,0.002,0.003,1227.847,1471.148,1.003
"K_uu_workout[32, 39]",0.073,0.075,0.007,0.208,0.002,0.003,1229.971,1471.148,1.003
"K_uu_workout[32, 40]",0.073,0.075,0.007,0.208,0.002,0.003,1232.094,1471.148,1.003
"K_uu_workout[32, 41]",0.073,0.075,0.005,0.205,0.002,0.003,1234.81,1471.148,1.003
"K_uu_workout[32, 42]",0.072,0.075,0.005,0.205,0.002,0.003,1238.053,1471.148,1.003
"K_uu_workout[32, 43]",0.072,0.074,0.005,0.204,0.002,0.003,1241.317,1471.148,1.003
"K_uu_workout[32, 44]",0.072,0.074,0.007,0.205,0.002,0.003,1243.609,1471.148,1.003
"K_uu_workout[32, 45]",0.072,0.074,0.007,0.205,0.002,0.003,1247.402,1471.148,1.003
"K_uu_workout[32, 46]",0.072,0.074,0.005,0.202,0.002,0.003,1250.908,1471.103,1.003
"K_uu_workout[32, 47]",0.071,0.074,0.005,0.201,0.002,0.003,1254.911,1471.103,1.003
"K_uu_workout[32, 48]",0.071,0.074,0.005,0.199,0.002,0.003,1258.708,1471.103,1.003
"K_uu_workout[32, 49]",0.071,0.073,0.005,0.198,0.002,0.003,1263.079,1471.103,1.003
"K_uu_workout[33, 0]",0.064,0.07,0.001,0.184,0.002,0.003,1317.191,1449.141,1.003
"K_uu_workout[33, 1]",0.064,0.07,0.001,0.184,0.002,0.003,1315.413,1448.868,1.003
"K_uu_workout[33, 2]",0.065,0.07,0.005,0.191,0.002,0.003,1313.388,1448.868,1.003
"K_uu_workout[33, 3]",0.065,0.071,0.005,0.191,0.002,0.003,1308.282,1448.868,1.003
"K_uu_workout[33, 4]",0.066,0.071,0.005,0.193,0.002,0.003,1305.688,1448.868,1.003
"K_uu_workout[33, 5]",0.066,0.071,0.005,0.193,0.002,0.003,1302.531,1457.447,1.003
"K_uu_workout[33, 6]",0.067,0.071,0.004,0.192,0.002,0.003,1298.749,1457.447,1.003
"K_uu_workout[33, 7]",0.067,0.072,0.004,0.192,0.002,0.003,1294.524,1457.447,1.003
"K_uu_workout[33, 8]",0.068,0.072,0.006,0.195,0.002,0.003,1291.417,1457.295,1.003
"K_uu_workout[33, 9]",0.068,0.072,0.005,0.194,0.002,0.003,1288.151,1457.295,1.003
"K_uu_workout[33, 10]",0.069,0.072,0.005,0.195,0.002,0.003,1284.017,1457.295,1.003
"K_uu_workout[33, 11]",0.069,0.072,0.005,0.195,0.002,0.003,1281.649,1457.295,1.003
"K_uu_workout[33, 12]",0.069,0.073,0.006,0.197,0.002,0.003,1277.424,1457.295,1.003
"K_uu_workout[33, 13]",0.07,0.073,0.006,0.198,0.002,0.003,1274.343,1457.295,1.003
"K_uu_workout[33, 14]",0.07,0.073,0.005,0.198,0.002,0.003,1270.664,1457.295,1.003
"K_uu_workout[33, 15]",0.07,0.073,0.005,0.198,0.002,0.003,1267.3,1471.103,1.003
"K_uu_workout[33, 16]",0.071,0.073,0.005,0.198,0.002,0.003,1263.079,1471.103,1.003
"K_uu_workout[33, 17]",0.071,0.074,0.005,0.199,0.002,0.003,1258.708,1471.103,1.003
"K_uu_workout[33, 18]",0.071,0.074,0.005,0.201,0.002,0.003,1254.911,1471.103,1.003
"K_uu_workout[33, 19]",0.072,0.074,0.005,0.202,0.002,0.003,1250.908,1471.103,1.003
"K_uu_workout[33, 20]",0.072,0.074,0.007,0.205,0.002,0.003,1247.402,1471.148,1.003
"K_uu_workout[33, 21]",0.072,0.074,0.007,0.205,0.002,0.003,1243.609,1471.148,1.003
"K_uu_workout[33, 22]",0.072,0.074,0.005,0.204,0.002,0.003,1241.317,1471.148,1.003
"K_uu_workout[33, 23]",0.072,0.075,0.005,0.205,0.002,0.003,1238.053,1471.148,1.003
"K_uu_workout[33, 24]",0.073,0.075,0.005,0.205,0.002,0.003,1234.81,1471.148,1.003
"K_uu_workout[33, 25]",0.073,0.075,0.007,0.208,0.002,0.003,1232.094,1471.148,1.003
"K_uu_workout[33, 26]",0.073,0.075,0.007,0.208,0.002,0.003,1229.971,1471.148,1.003
"K_uu_workout[33, 27]",0.073,0.075,0.007,0.208,0.002,0.003,1227.847,1471.148,1.003
"K_uu_workout[33, 28]",0.073,0.075,0.007,0.209,0.002,0.003,1226.26,1471.148,1.003
"K_uu_workout[33, 29]",0.073,0.075,0.005,0.207,0.002,0.003,1225.174,1471.148,1.003
"K_uu_workout[33, 30]",0.073,0.075,0.005,0.207,0.002,0.003,1224.341,1471.148,1.003
"K_uu_workout[33, 31]",0.073,0.075,0.005,0.207,0.002,0.003,1223.672,1471.148,1.003
"K_uu_workout[33, 32]",0.073,0.075,0.005,0.207,0.002,0.003,1223.326,1471.148,1.003
"K_uu_workout[33, 33]",0.073,0.075,0.005,0.207,0.002,0.003,1223.192,1471.148,1.003
"K_uu_workout[33, 34]",0.073,0.075,0.005,0.207,0.002,0.003,1223.326,1471.148,1.003
"K_uu_workout[33, 35]",0.073,0.075,0.005,0.207,0.002,0.003,1223.672,1471.148,1.003
"K_uu_workout[33, 36]",0.073,0.075,0.005,0.207,0.002,0.003,1224.341,1471.148,1.003
"K_uu_workout[33, 37]",0.073,0.075,0.005,0.207,0.002,0.003,1225.174,1471.148,1.003
"K_uu_workout[33, 38]",0.073,0.075,0.007,0.209,0.002,0.003,1226.26,1471.148,1.003
"K_uu_workout[33, 39]",0.073,0.075,0.007,0.208,0.002,0.003,1227.847,1471.148,1.003
"K_uu_workout[33, 40]",0.073,0.075,0.007,0.208,0.002,0.003,1229.971,1471.148,1.003
"K_uu_workout[33, 41]",0.073,0.075,0.007,0.208,0.002,0.003,1232.094,1471.148,1.003
"K_uu_workout[33, 42]",0.073,0.075,0.005,0.205,0.002,0.003,1234.81,1471.148,1.003
"K_uu_workout[33, 43]",0.072,0.075,0.005,0.205,0.002,0.003,1238.053,1471.148,1.003
"K_uu_workout[33, 44]",0.072,0.074,0.005,0.204,0.002,0.003,1241.317,1471.148,1.003
"K_uu_workout[33, 45]",0.072,0.074,0.007,0.205,0.002,0.003,1243.609,1471.148,1.003
"K_uu_workout[33, 46]",0.072,0.074,0.007,0.205,0.002,0.003,1247.402,1471.148,1.003
"K_uu_workout[33, 47]",0.072,0.074,0.005,0.202,0.002,0.003,1250.908,1471.103,1.003
"K_uu_workout[33, 48]",0.071,0.074,0.005,0.201,0.002,0.003,1254.911,1471.103,1.003
"K_uu_workout[33, 49]",0.071,0.074,0.005,0.199,0.002,0.003,1258.708,1471.103,1.003
"K_uu_workout[34, 0]",0.063,0.07,0.001,0.184,0.002,0.003,1319.285,1449.141,1.003
"K_uu_workout[34, 1]",0.064,0.07,0.001,0.184,0.002,0.003,1317.191,1449.141,1.003
"K_uu_workout[34, 2]",0.064,0.07,0.001,0.184,0.002,0.003,1315.413,1448.868,1.003
"K_uu_workout[34, 3]",0.065,0.07,0.005,0.191,0.002,0.003,1313.388,1448.868,1.003
"K_uu_workout[34, 4]",0.065,0.071,0.005,0.191,0.002,0.003,1308.282,1448.868,1.003
"K_uu_workout[34, 5]",0.066,0.071,0.005,0.193,0.002,0.003,1305.688,1448.868,1.003
"K_uu_workout[34, 6]",0.066,0.071,0.005,0.193,0.002,0.003,1302.531,1457.447,1.003
"K_uu_workout[34, 7]",0.067,0.071,0.004,0.192,0.002,0.003,1298.749,1457.447,1.003
"K_uu_workout[34, 8]",0.067,0.072,0.004,0.192,0.002,0.003,1294.524,1457.447,1.003
"K_uu_workout[34, 9]",0.068,0.072,0.006,0.195,0.002,0.003,1291.417,1457.295,1.003
"K_uu_workout[34, 10]",0.068,0.072,0.005,0.194,0.002,0.003,1288.151,1457.295,1.003
"K_uu_workout[34, 11]",0.069,0.072,0.005,0.195,0.002,0.003,1284.017,1457.295,1.003
"K_uu_workout[34, 12]",0.069,0.072,0.005,0.195,0.002,0.003,1281.649,1457.295,1.003
"K_uu_workout[34, 13]",0.069,0.073,0.006,0.197,0.002,0.003,1277.424,1457.295,1.003
"K_uu_workout[34, 14]",0.07,0.073,0.006,0.198,0.002,0.003,1274.343,1457.295,1.003
"K_uu_workout[34, 15]",0.07,0.073,0.005,0.198,0.002,0.003,1270.664,1457.295,1.003
"K_uu_workout[34, 16]",0.07,0.073,0.005,0.198,0.002,0.003,1267.3,1471.103,1.003
"K_uu_workout[34, 17]",0.071,0.073,0.005,0.198,0.002,0.003,1263.079,1471.103,1.003
"K_uu_workout[34, 18]",0.071,0.074,0.005,0.199,0.002,0.003,1258.708,1471.103,1.003
"K_uu_workout[34, 19]",0.071,0.074,0.005,0.201,0.002,0.003,1254.911,1471.103,1.003
"K_uu_workout[34, 20]",0.072,0.074,0.005,0.202,0.002,0.003,1250.908,1471.103,1.003
"K_uu_workout[34, 21]",0.072,0.074,0.007,0.205,0.002,0.003,1247.402,1471.148,1.003
"K_uu_workout[34, 22]",0.072,0.074,0.007,0.205,0.002,0.003,1243.609,1471.148,1.003
"K_uu_workout[34, 23]",0.072,0.074,0.005,0.204,0.002,0.003,1241.317,1471.148,1.003
"K_uu_workout[34, 24]",0.072,0.075,0.005,0.205,0.002,0.003,1238.053,1471.148,1.003
"K_uu_workout[34, 25]",0.073,0.075,0.005,0.205,0.002,0.003,1234.81,1471.148,1.003
"K_uu_workout[34, 26]",0.073,0.075,0.007,0.208,0.002,0.003,1232.094,1471.148,1.003
"K_uu_workout[34, 27]",0.073,0.075,0.007,0.208,0.002,0.003,1229.971,1471.148,1.003
"K_uu_workout[34, 28]",0.073,0.075,0.007,0.208,0.002,0.003,1227.847,1471.148,1.003
"K_uu_workout[34, 29]",0.073,0.075,0.007,0.209,0.002,0.003,1226.26,1471.148,1.003
"K_uu_workout[34, 30]",0.073,0.075,0.005,0.207,0.002,0.003,1225.174,1471.148,1.003
"K_uu_workout[34, 31]",0.073,0.075,0.005,0.207,0.002,0.003,1224.341,1471.148,1.003
"K_uu_workout[34, 32]",0.073,0.075,0.005,0.207,0.002,0.003,1223.672,1471.148,1.003
"K_uu_workout[34, 33]",0.073,0.075,0.005,0.207,0.002,0.003,1223.326,1471.148,1.003
"K_uu_workout[34, 34]",0.073,0.075,0.005,0.207,0.002,0.003,1223.192,1471.148,1.003
"K_uu_workout[34, 35]",0.073,0.075,0.005,0.207,0.002,0.003,1223.326,1471.148,1.003
"K_uu_workout[34, 36]",0.073,0.075,0.005,0.207,0.002,0.003,1223.672,1471.148,1.003
"K_uu_workout[34, 37]",0.073,0.075,0.005,0.207,0.002,0.003,1224.341,1471.148,1.003
"K_uu_workout[34, 38]",0.073,0.075,0.005,0.207,0.002,0.003,1225.174,1471.148,1.003
"K_uu_workout[34, 39]",0.073,0.075,0.007,0.209,0.002,0.003,1226.26,1471.148,1.003
"K_uu_workout[34, 40]",0.073,0.075,0.007,0.208,0.002,0.003,1227.847,1471.148,1.003
"K_uu_workout[34, 41]",0.073,0.075,0.007,0.208,0.002,0.003,1229.971,1471.148,1.003
"K_uu_workout[34, 42]",0.073,0.075,0.007,0.208,0.002,0.003,1232.094,1471.148,1.003
"K_uu_workout[34, 43]",0.073,0.075,0.005,0.205,0.002,0.003,1234.81,1471.148,1.003
"K_uu_workout[34, 44]",0.072,0.075,0.005,0.205,0.002,0.003,1238.053,1471.148,1.003
"K_uu_workout[34, 45]",0.072,0.074,0.005,0.204,0.002,0.003,1241.317,1471.148,1.003
"K_uu_workout[34, 46]",0.072,0.074,0.007,0.205,0.002,0.003,1243.609,1471.148,1.003
"K_uu_workout[34, 47]",0.072,0.074,0.007,0.205,0.002,0.003,1247.402,1471.148,1.003
"K_uu_workout[34, 48]",0.072,0.074,0.005,0.202,0.002,0.003,1250.908,1471.103,1.003
"K_uu_workout[34, 49]",0.071,0.074,0.005,0.201,0.002,0.003,1254.911,1471.103,1.003
"K_uu_workout[35, 0]",0.063,0.069,0.001,0.183,0.002,0.003,1320.512,1449.141,1.003
"K_uu_workout[35, 1]",0.063,0.07,0.001,0.184,0.002,0.003,1319.285,1449.141,1.003
"K_uu_workout[35, 2]",0.064,0.07,0.001,0.184,0.002,0.003,1317.191,1449.141,1.003
"K_uu_workout[35, 3]",0.064,0.07,0.001,0.184,0.002,0.003,1315.413,1448.868,1.003
"K_uu_workout[35, 4]",0.065,0.07,0.005,0.191,0.002,0.003,1313.388,1448.868,1.003
"K_uu_workout[35, 5]",0.065,0.071,0.005,0.191,0.002,0.003,1308.282,1448.868,1.003
"K_uu_workout[35, 6]",0.066,0.071,0.005,0.193,0.002,0.003,1305.688,1448.868,1.003
"K_uu_workout[35, 7]",0.066,0.071,0.005,0.193,0.002,0.003,1302.531,1457.447,1.003
"K_uu_workout[35, 8]",0.067,0.071,0.004,0.192,0.002,0.003,1298.749,1457.447,1.003
"K_uu_workout[35, 9]",0.067,0.072,0.004,0.192,0.002,0.003,1294.524,1457.447,1.003
"K_uu_workout[35, 10]",0.068,0.072,0.006,0.195,0.002,0.003,1291.417,1457.295,1.003
"K_uu_workout[35, 11]",0.068,0.072,0.005,0.194,0.002,0.003,1288.151,1457.295,1.003
"K_uu_workout[35, 12]",0.069,0.072,0.005,0.195,0.002,0.003,1284.017,1457.295,1.003
"K_uu_workout[35, 13]",0.069,0.072,0.005,0.195,0.002,0.003,1281.649,1457.295,1.003
"K_uu_workout[35, 14]",0.069,0.073,0.006,0.197,0.002,0.003,1277.424,1457.295,1.003
"K_uu_workout[35, 15]",0.07,0.073,0.006,0.198,0.002,0.003,1274.343,1457.295,1.003
"K_uu_workout[35, 16]",0.07,0.073,0.005,0.198,0.002,0.003,1270.664,1457.295,1.003
"K_uu_workout[35, 17]",0.07,0.073,0.005,0.198,0.002,0.003,1267.3,1471.103,1.003
"K_uu_workout[35, 18]",0.071,0.073,0.005,0.198,0.002,0.003,1263.079,1471.103,1.003
"K_uu_workout[35, 19]",0.071,0.074,0.005,0.199,0.002,0.003,1258.708,1471.103,1.003
"K_uu_workout[35, 20]",0.071,0.074,0.005,0.201,0.002,0.003,1254.911,1471.103,1.003
"K_uu_workout[35, 21]",0.072,0.074,0.005,0.202,0.002,0.003,1250.908,1471.103,1.003
"K_uu_workout[35, 22]",0.072,0.074,0.007,0.205,0.002,0.003,1247.402,1471.148,1.003
"K_uu_workout[35, 23]",0.072,0.074,0.007,0.205,0.002,0.003,1243.609,1471.148,1.003
"K_uu_workout[35, 24]",0.072,0.074,0.005,0.204,0.002,0.003,1241.317,1471.148,1.003
"K_uu_workout[35, 25]",0.072,0.075,0.005,0.205,0.002,0.003,1238.053,1471.148,1.003
"K_uu_workout[35, 26]",0.073,0.075,0.005,0.205,0.002,0.003,1234.81,1471.148,1.003
"K_uu_workout[35, 27]",0.073,0.075,0.007,0.208,0.002,0.003,1232.094,1471.148,1.003
"K_uu_workout[35, 28]",0.073,0.075,0.007,0.208,0.002,0.003,1229.971,1471.148,1.003
"K_uu_workout[35, 29]",0.073,0.075,0.007,0.208,0.002,0.003,1227.847,1471.148,1.003
"K_uu_workout[35, 30]",0.073,0.075,0.007,0.209,0.002,0.003,1226.26,1471.148,1.003
"K_uu_workout[35, 31]",0.073,0.075,0.005,0.207,0.002,0.003,1225.174,1471.148,1.003
"K_uu_workout[35, 32]",0.073,0.075,0.005,0.207,0.002,0.003,1224.341,1471.148,1.003
"K_uu_workout[35, 33]",0.073,0.075,0.005,0.207,0.002,0.003,1223.672,1471.148,1.003
"K_uu_workout[35, 34]",0.073,0.075,0.005,0.207,0.002,0.003,1223.326,1471.148,1.003
"K_uu_workout[35, 35]",0.073,0.075,0.005,0.207,0.002,0.003,1223.192,1471.148,1.003
"K_uu_workout[35, 36]",0.073,0.075,0.005,0.207,0.002,0.003,1223.326,1471.148,1.003
"K_uu_workout[35, 37]",0.073,0.075,0.005,0.207,0.002,0.003,1223.672,1471.148,1.003
"K_uu_workout[35, 38]",0.073,0.075,0.005,0.207,0.002,0.003,1224.341,1471.148,1.003
"K_uu_workout[35, 39]",0.073,0.075,0.005,0.207,0.002,0.003,1225.174,1471.148,1.003
"K_uu_workout[35, 40]",0.073,0.075,0.007,0.209,0.002,0.003,1226.26,1471.148,1.003
"K_uu_workout[35, 41]",0.073,0.075,0.007,0.208,0.002,0.003,1227.847,1471.148,1.003
"K_uu_workout[35, 42]",0.073,0.075,0.007,0.208,0.002,0.003,1229.971,1471.148,1.003
"K_uu_workout[35, 43]",0.073,0.075,0.007,0.208,0.002,0.003,1232.094,1471.148,1.003
"K_uu_workout[35, 44]",0.073,0.075,0.005,0.205,0.002,0.003,1234.81,1471.148,1.003
"K_uu_workout[35, 45]",0.072,0.075,0.005,0.205,0.002,0.003,1238.053,1471.148,1.003
"K_uu_workout[35, 46]",0.072,0.074,0.005,0.204,0.002,0.003,1241.317,1471.148,1.003
"K_uu_workout[35, 47]",0.072,0.074,0.007,0.205,0.002,0.003,1243.609,1471.148,1.003
"K_uu_workout[35, 48]",0.072,0.074,0.007,0.205,0.002,0.003,1247.402,1471.148,1.003
"K_uu_workout[35, 49]",0.072,0.074,0.005,0.202,0.002,0.003,1250.908,1471.103,1.003
"K_uu_workout[36, 0]",0.062,0.069,0.001,0.183,0.002,0.003,1321.522,1449.141,1.002
"K_uu_workout[36, 1]",0.063,0.069,0.001,0.183,0.002,0.003,1320.512,1449.141,1.003
"K_uu_workout[36, 2]",0.063,0.07,0.001,0.184,0.002,0.003,1319.285,1449.141,1.003
"K_uu_workout[36, 3]",0.064,0.07,0.001,0.184,0.002,0.003,1317.191,1449.141,1.003
"K_uu_workout[36, 4]",0.064,0.07,0.001,0.184,0.002,0.003,1315.413,1448.868,1.003
"K_uu_workout[36, 5]",0.065,0.07,0.005,0.191,0.002,0.003,1313.388,1448.868,1.003
"K_uu_workout[36, 6]",0.065,0.071,0.005,0.191,0.002,0.003,1308.282,1448.868,1.003
"K_uu_workout[36, 7]",0.066,0.071,0.005,0.193,0.002,0.003,1305.688,1448.868,1.003
"K_uu_workout[36, 8]",0.066,0.071,0.005,0.193,0.002,0.003,1302.531,1457.447,1.003
"K_uu_workout[36, 9]",0.067,0.071,0.004,0.192,0.002,0.003,1298.749,1457.447,1.003
"K_uu_workout[36, 10]",0.067,0.072,0.004,0.192,0.002,0.003,1294.524,1457.447,1.003
"K_uu_workout[36, 11]",0.068,0.072,0.006,0.195,0.002,0.003,1291.417,1457.295,1.003
"K_uu_workout[36, 12]",0.068,0.072,0.005,0.194,0.002,0.003,1288.151,1457.295,1.003
"K_uu_workout[36, 13]",0.069,0.072,0.005,0.195,0.002,0.003,1284.017,1457.295,1.003
"K_uu_workout[36, 14]",0.069,0.072,0.005,0.195,0.002,0.003,1281.649,1457.295,1.003
"K_uu_workout[36, 15]",0.069,0.073,0.006,0.197,0.002,0.003,1277.424,1457.295,1.003
"K_uu_workout[36, 16]",0.07,0.073,0.006,0.198,0.002,0.003,1274.343,1457.295,1.003
"K_uu_workout[36, 17]",0.07,0.073,0.005,0.198,0.002,0.003,1270.664,1457.295,1.003
"K_uu_workout[36, 18]",0.07,0.073,0.005,0.198,0.002,0.003,1267.3,1471.103,1.003
"K_uu_workout[36, 19]",0.071,0.073,0.005,0.198,0.002,0.003,1263.079,1471.103,1.003
"K_uu_workout[36, 20]",0.071,0.074,0.005,0.199,0.002,0.003,1258.708,1471.103,1.003
"K_uu_workout[36, 21]",0.071,0.074,0.005,0.201,0.002,0.003,1254.911,1471.103,1.003
"K_uu_workout[36, 22]",0.072,0.074,0.005,0.202,0.002,0.003,1250.908,1471.103,1.003
"K_uu_workout[36, 23]",0.072,0.074,0.007,0.205,0.002,0.003,1247.402,1471.148,1.003
"K_uu_workout[36, 24]",0.072,0.074,0.007,0.205,0.002,0.003,1243.609,1471.148,1.003
"K_uu_workout[36, 25]",0.072,0.074,0.005,0.204,0.002,0.003,1241.317,1471.148,1.003
"K_uu_workout[36, 26]",0.072,0.075,0.005,0.205,0.002,0.003,1238.053,1471.148,1.003
"K_uu_workout[36, 27]",0.073,0.075,0.005,0.205,0.002,0.003,1234.81,1471.148,1.003
"K_uu_workout[36, 28]",0.073,0.075,0.007,0.208,0.002,0.003,1232.094,1471.148,1.003
"K_uu_workout[36, 29]",0.073,0.075,0.007,0.208,0.002,0.003,1229.971,1471.148,1.003
"K_uu_workout[36, 30]",0.073,0.075,0.007,0.208,0.002,0.003,1227.847,1471.148,1.003
"K_uu_workout[36, 31]",0.073,0.075,0.007,0.209,0.002,0.003,1226.26,1471.148,1.003
"K_uu_workout[36, 32]",0.073,0.075,0.005,0.207,0.002,0.003,1225.174,1471.148,1.003
"K_uu_workout[36, 33]",0.073,0.075,0.005,0.207,0.002,0.003,1224.341,1471.148,1.003
"K_uu_workout[36, 34]",0.073,0.075,0.005,0.207,0.002,0.003,1223.672,1471.148,1.003
"K_uu_workout[36, 35]",0.073,0.075,0.005,0.207,0.002,0.003,1223.326,1471.148,1.003
"K_uu_workout[36, 36]",0.073,0.075,0.005,0.207,0.002,0.003,1223.192,1471.148,1.003
"K_uu_workout[36, 37]",0.073,0.075,0.005,0.207,0.002,0.003,1223.326,1471.148,1.003
"K_uu_workout[36, 38]",0.073,0.075,0.005,0.207,0.002,0.003,1223.672,1471.148,1.003
"K_uu_workout[36, 39]",0.073,0.075,0.005,0.207,0.002,0.003,1224.341,1471.148,1.003
"K_uu_workout[36, 40]",0.073,0.075,0.005,0.207,0.002,0.003,1225.174,1471.148,1.003
"K_uu_workout[36, 41]",0.073,0.075,0.007,0.209,0.002,0.003,1226.26,1471.148,1.003
"K_uu_workout[36, 42]",0.073,0.075,0.007,0.208,0.002,0.003,1227.847,1471.148,1.003
"K_uu_workout[36, 43]",0.073,0.075,0.007,0.208,0.002,0.003,1229.971,1471.148,1.003
"K_uu_workout[36, 44]",0.073,0.075,0.007,0.208,0.002,0.003,1232.094,1471.148,1.003
"K_uu_workout[36, 45]",0.073,0.075,0.005,0.205,0.002,0.003,1234.81,1471.148,1.003
"K_uu_workout[36, 46]",0.072,0.075,0.005,0.205,0.002,0.003,1238.053,1471.148,1.003
"K_uu_workout[36, 47]",0.072,0.074,0.005,0.204,0.002,0.003,1241.317,1471.148,1.003
"K_uu_workout[36, 48]",0.072,0.074,0.007,0.205,0.002,0.003,1243.609,1471.148,1.003
"K_uu_workout[36, 49]",0.072,0.074,0.007,0.205,0.002,0.003,1247.402,1471.148,1.003
"K_uu_workout[37, 0]",0.062,0.069,0.001,0.182,0.002,0.003,1322.403,1427.176,1.002
"K_uu_workout[37, 1]",0.062,0.069,0.001,0.183,0.002,0.003,1321.522,1449.141,1.002
"K_uu_workout[37, 2]",0.063,0.069,0.001,0.183,0.002,0.003,1320.512,1449.141,1.003
"K_uu_workout[37, 3]",0.063,0.07,0.001,0.184,0.002,0.003,1319.285,1449.141,1.003
"K_uu_workout[37, 4]",0.064,0.07,0.001,0.184,0.002,0.003,1317.191,1449.141,1.003
"K_uu_workout[37, 5]",0.064,0.07,0.001,0.184,0.002,0.003,1315.413,1448.868,1.003
"K_uu_workout[37, 6]",0.065,0.07,0.005,0.191,0.002,0.003,1313.388,1448.868,1.003
"K_uu_workout[37, 7]",0.065,0.071,0.005,0.191,0.002,0.003,1308.282,1448.868,1.003
"K_uu_workout[37, 8]",0.066,0.071,0.005,0.193,0.002,0.003,1305.688,1448.868,1.003
"K_uu_workout[37, 9]",0.066,0.071,0.005,0.193,0.002,0.003,1302.531,1457.447,1.003
"K_uu_workout[37, 10]",0.067,0.071,0.004,0.192,0.002,0.003,1298.749,1457.447,1.003
"K_uu_workout[37, 11]",0.067,0.072,0.004,0.192,0.002,0.003,1294.524,1457.447,1.003
"K_uu_workout[37, 12]",0.068,0.072,0.006,0.195,0.002,0.003,1291.417,1457.295,1.003
"K_uu_workout[37, 13]",0.068,0.072,0.005,0.194,0.002,0.003,1288.151,1457.295,1.003
"K_uu_workout[37, 14]",0.069,0.072,0.005,0.195,0.002,0.003,1284.017,1457.295,1.003
"K_uu_workout[37, 15]",0.069,0.072,0.005,0.195,0.002,0.003,1281.649,1457.295,1.003
"K_uu_workout[37, 16]",0.069,0.073,0.006,0.197,0.002,0.003,1277.424,1457.295,1.003
"K_uu_workout[37, 17]",0.07,0.073,0.006,0.198,0.002,0.003,1274.343,1457.295,1.003
"K_uu_workout[37, 18]",0.07,0.073,0.005,0.198,0.002,0.003,1270.664,1457.295,1.003
"K_uu_workout[37, 19]",0.07,0.073,0.005,0.198,0.002,0.003,1267.3,1471.103,1.003
"K_uu_workout[37, 20]",0.071,0.073,0.005,0.198,0.002,0.003,1263.079,1471.103,1.003
"K_uu_workout[37, 21]",0.071,0.074,0.005,0.199,0.002,0.003,1258.708,1471.103,1.003
"K_uu_workout[37, 22]",0.071,0.074,0.005,0.201,0.002,0.003,1254.911,1471.103,1.003
"K_uu_workout[37, 23]",0.072,0.074,0.005,0.202,0.002,0.003,1250.908,1471.103,1.003
"K_uu_workout[37, 24]",0.072,0.074,0.007,0.205,0.002,0.003,1247.402,1471.148,1.003
"K_uu_workout[37, 25]",0.072,0.074,0.007,0.205,0.002,0.003,1243.609,1471.148,1.003
"K_uu_workout[37, 26]",0.072,0.074,0.005,0.204,0.002,0.003,1241.317,1471.148,1.003
"K_uu_workout[37, 27]",0.072,0.075,0.005,0.205,0.002,0.003,1238.053,1471.148,1.003
"K_uu_workout[37, 28]",0.073,0.075,0.005,0.205,0.002,0.003,1234.81,1471.148,1.003
"K_uu_workout[37, 29]",0.073,0.075,0.007,0.208,0.002,0.003,1232.094,1471.148,1.003
"K_uu_workout[37, 30]",0.073,0.075,0.007,0.208,0.002,0.003,1229.971,1471.148,1.003
"K_uu_workout[37, 31]",0.073,0.075,0.007,0.208,0.002,0.003,1227.847,1471.148,1.003
"K_uu_workout[37, 32]",0.073,0.075,0.007,0.209,0.002,0.003,1226.26,1471.148,1.003
"K_uu_workout[37, 33]",0.073,0.075,0.005,0.207,0.002,0.003,1225.174,1471.148,1.003
"K_uu_workout[37, 34]",0.073,0.075,0.005,0.207,0.002,0.003,1224.341,1471.148,1.003
"K_uu_workout[37, 35]",0.073,0.075,0.005,0.207,0.002,0.003,1223.672,1471.148,1.003
"K_uu_workout[37, 36]",0.073,0.075,0.005,0.207,0.002,0.003,1223.326,1471.148,1.003
"K_uu_workout[37, 37]",0.073,0.075,0.005,0.207,0.002,0.003,1223.192,1471.148,1.003
"K_uu_workout[37, 38]",0.073,0.075,0.005,0.207,0.002,0.003,1223.326,1471.148,1.003
"K_uu_workout[37, 39]",0.073,0.075,0.005,0.207,0.002,0.003,1223.672,1471.148,1.003
"K_uu_workout[37, 40]",0.073,0.075,0.005,0.207,0.002,0.003,1224.341,1471.148,1.003
"K_uu_workout[37, 41]",0.073,0.075,0.005,0.207,0.002,0.003,1225.174,1471.148,1.003
"K_uu_workout[37, 42]",0.073,0.075,0.007,0.209,0.002,0.003,1226.26,1471.148,1.003
"K_uu_workout[37, 43]",0.073,0.075,0.007,0.208,0.002,0.003,1227.847,1471.148,1.003
"K_uu_workout[37, 44]",0.073,0.075,0.007,0.208,0.002,0.003,1229.971,1471.148,1.003
"K_uu_workout[37, 45]",0.073,0.075,0.007,0.208,0.002,0.003,1232.094,1471.148,1.003
"K_uu_workout[37, 46]",0.073,0.075,0.005,0.205,0.002,0.003,1234.81,1471.148,1.003
"K_uu_workout[37, 47]",0.072,0.075,0.005,0.205,0.002,0.003,1238.053,1471.148,1.003
"K_uu_workout[37, 48]",0.072,0.074,0.005,0.204,0.002,0.003,1241.317,1471.148,1.003
"K_uu_workout[37, 49]",0.072,0.074,0.007,0.205,0.002,0.003,1243.609,1471.148,1.003
"K_uu_workout[38, 0]",0.061,0.068,0.001,0.181,0.002,0.003,1322.284,1427.176,1.002
"K_uu_workout[38, 1]",0.062,0.069,0.001,0.182,0.002,0.003,1322.403,1427.176,1.002
"K_uu_workout[38, 2]",0.062,0.069,0.001,0.183,0.002,0.003,1321.522,1449.141,1.002
"K_uu_workout[38, 3]",0.063,0.069,0.001,0.183,0.002,0.003,1320.512,1449.141,1.003
"K_uu_workout[38, 4]",0.063,0.07,0.001,0.184,0.002,0.003,1319.285,1449.141,1.003
"K_uu_workout[38, 5]",0.064,0.07,0.001,0.184,0.002,0.003,1317.191,1449.141,1.003
"K_uu_workout[38, 6]",0.064,0.07,0.001,0.184,0.002,0.003,1315.413,1448.868,1.003
"K_uu_workout[38, 7]",0.065,0.07,0.005,0.191,0.002,0.003,1313.388,1448.868,1.003
"K_uu_workout[38, 8]",0.065,0.071,0.005,0.191,0.002,0.003,1308.282,1448.868,1.003
"K_uu_workout[38, 9]",0.066,0.071,0.005,0.193,0.002,0.003,1305.688,1448.868,1.003
"K_uu_workout[38, 10]",0.066,0.071,0.005,0.193,0.002,0.003,1302.531,1457.447,1.003
"K_uu_workout[38, 11]",0.067,0.071,0.004,0.192,0.002,0.003,1298.749,1457.447,1.003
"K_uu_workout[38, 12]",0.067,0.072,0.004,0.192,0.002,0.003,1294.524,1457.447,1.003
"K_uu_workout[38, 13]",0.068,0.072,0.006,0.195,0.002,0.003,1291.417,1457.295,1.003
"K_uu_workout[38, 14]",0.068,0.072,0.005,0.194,0.002,0.003,1288.151,1457.295,1.003
"K_uu_workout[38, 15]",0.069,0.072,0.005,0.195,0.002,0.003,1284.017,1457.295,1.003
"K_uu_workout[38, 16]",0.069,0.072,0.005,0.195,0.002,0.003,1281.649,1457.295,1.003
"K_uu_workout[38, 17]",0.069,0.073,0.006,0.197,0.002,0.003,1277.424,1457.295,1.003
"K_uu_workout[38, 18]",0.07,0.073,0.006,0.198,0.002,0.003,1274.343,1457.295,1.003
"K_uu_workout[38, 19]",0.07,0.073,0.005,0.198,0.002,0.003,1270.664,1457.295,1.003
"K_uu_workout[38, 20]",0.07,0.073,0.005,0.198,0.002,0.003,1267.3,1471.103,1.003
"K_uu_workout[38, 21]",0.071,0.073,0.005,0.198,0.002,0.003,1263.079,1471.103,1.003
"K_uu_workout[38, 22]",0.071,0.074,0.005,0.199,0.002,0.003,1258.708,1471.103,1.003
"K_uu_workout[38, 23]",0.071,0.074,0.005,0.201,0.002,0.003,1254.911,1471.103,1.003
"K_uu_workout[38, 24]",0.072,0.074,0.005,0.202,0.002,0.003,1250.908,1471.103,1.003
"K_uu_workout[38, 25]",0.072,0.074,0.007,0.205,0.002,0.003,1247.402,1471.148,1.003
"K_uu_workout[38, 26]",0.072,0.074,0.007,0.205,0.002,0.003,1243.609,1471.148,1.003
"K_uu_workout[38, 27]",0.072,0.074,0.005,0.204,0.002,0.003,1241.317,1471.148,1.003
"K_uu_workout[38, 28]",0.072,0.075,0.005,0.205,0.002,0.003,1238.053,1471.148,1.003
"K_uu_workout[38, 29]",0.073,0.075,0.005,0.205,0.002,0.003,1234.81,1471.148,1.003
"K_uu_workout[38, 30]",0.073,0.075,0.007,0.208,0.002,0.003,1232.094,1471.148,1.003
"K_uu_workout[38, 31]",0.073,0.075,0.007,0.208,0.002,0.003,1229.971,1471.148,1.003
"K_uu_workout[38, 32]",0.073,0.075,0.007,0.208,0.002,0.003,1227.847,1471.148,1.003
"K_uu_workout[38, 33]",0.073,0.075,0.007,0.209,0.002,0.003,1226.26,1471.148,1.003
"K_uu_workout[38, 34]",0.073,0.075,0.005,0.207,0.002,0.003,1225.174,1471.148,1.003
"K_uu_workout[38, 35]",0.073,0.075,0.005,0.207,0.002,0.003,1224.341,1471.148,1.003
"K_uu_workout[38, 36]",0.073,0.075,0.005,0.207,0.002,0.003,1223.672,1471.148,1.003
"K_uu_workout[38, 37]",0.073,0.075,0.005,0.207,0.002,0.003,1223.326,1471.148,1.003
"K_uu_workout[38, 38]",0.073,0.075,0.005,0.207,0.002,0.003,1223.192,1471.148,1.003
"K_uu_workout[38, 39]",0.073,0.075,0.005,0.207,0.002,0.003,1223.326,1471.148,1.003
"K_uu_workout[38, 40]",0.073,0.075,0.005,0.207,0.002,0.003,1223.672,1471.148,1.003
"K_uu_workout[38, 41]",0.073,0.075,0.005,0.207,0.002,0.003,1224.341,1471.148,1.003
"K_uu_workout[38, 42]",0.073,0.075,0.005,0.207,0.002,0.003,1225.174,1471.148,1.003
"K_uu_workout[38, 43]",0.073,0.075,0.007,0.209,0.002,0.003,1226.26,1471.148,1.003
"K_uu_workout[38, 44]",0.073,0.075,0.007,0.208,0.002,0.003,1227.847,1471.148,1.003
"K_uu_workout[38, 45]",0.073,0.075,0.007,0.208,0.002,0.003,1229.971,1471.148,1.003
"K_uu_workout[38, 46]",0.073,0.075,0.007,0.208,0.002,0.003,1232.094,1471.148,1.003
"K_uu_workout[38, 47]",0.073,0.075,0.005,0.205,0.002,0.003,1234.81,1471.148,1.003
"K_uu_workout[38, 48]",0.072,0.075,0.005,0.205,0.002,0.003,1238.053,1471.148,1.003
"K_uu_workout[38, 49]",0.072,0.074,0.005,0.204,0.002,0.003,1241.317,1471.148,1.003
"K_uu_workout[39, 0]",0.061,0.068,0.0,0.179,0.002,0.003,1320.414,1405.821,1.002
"K_uu_workout[39, 1]",0.061,0.068,0.001,0.181,0.002,0.003,1322.284,1427.176,1.002
"K_uu_workout[39, 2]",0.062,0.069,0.001,0.182,0.002,0.003,1322.403,1427.176,1.002
"K_uu_workout[39, 3]",0.062,0.069,0.001,0.183,0.002,0.003,1321.522,1449.141,1.002
"K_uu_workout[39, 4]",0.063,0.069,0.001,0.183,0.002,0.003,1320.512,1449.141,1.003
"K_uu_workout[39, 5]",0.063,0.07,0.001,0.184,0.002,0.003,1319.285,1449.141,1.003
"K_uu_workout[39, 6]",0.064,0.07,0.001,0.184,0.002,0.003,1317.191,1449.141,1.003
"K_uu_workout[39, 7]",0.064,0.07,0.001,0.184,0.002,0.003,1315.413,1448.868,1.003
"K_uu_workout[39, 8]",0.065,0.07,0.005,0.191,0.002,0.003,1313.388,1448.868,1.003
"K_uu_workout[39, 9]",0.065,0.071,0.005,0.191,0.002,0.003,1308.282,1448.868,1.003
"K_uu_workout[39, 10]",0.066,0.071,0.005,0.193,0.002,0.003,1305.688,1448.868,1.003
"K_uu_workout[39, 11]",0.066,0.071,0.005,0.193,0.002,0.003,1302.531,1457.447,1.003
"K_uu_workout[39, 12]",0.067,0.071,0.004,0.192,0.002,0.003,1298.749,1457.447,1.003
"K_uu_workout[39, 13]",0.067,0.072,0.004,0.192,0.002,0.003,1294.524,1457.447,1.003
"K_uu_workout[39, 14]",0.068,0.072,0.006,0.195,0.002,0.003,1291.417,1457.295,1.003
"K_uu_workout[39, 15]",0.068,0.072,0.005,0.194,0.002,0.003,1288.151,1457.295,1.003
"K_uu_workout[39, 16]",0.069,0.072,0.005,0.195,0.002,0.003,1284.017,1457.295,1.003
"K_uu_workout[39, 17]",0.069,0.072,0.005,0.195,0.002,0.003,1281.649,1457.295,1.003
"K_uu_workout[39, 18]",0.069,0.073,0.006,0.197,0.002,0.003,1277.424,1457.295,1.003
"K_uu_workout[39, 19]",0.07,0.073,0.006,0.198,0.002,0.003,1274.343,1457.295,1.003
"K_uu_workout[39, 20]",0.07,0.073,0.005,0.198,0.002,0.003,1270.664,1457.295,1.003
"K_uu_workout[39, 21]",0.07,0.073,0.005,0.198,0.002,0.003,1267.3,1471.103,1.003
"K_uu_workout[39, 22]",0.071,0.073,0.005,0.198,0.002,0.003,1263.079,1471.103,1.003
"K_uu_workout[39, 23]",0.071,0.074,0.005,0.199,0.002,0.003,1258.708,1471.103,1.003
"K_uu_workout[39, 24]",0.071,0.074,0.005,0.201,0.002,0.003,1254.911,1471.103,1.003
"K_uu_workout[39, 25]",0.072,0.074,0.005,0.202,0.002,0.003,1250.908,1471.103,1.003
"K_uu_workout[39, 26]",0.072,0.074,0.007,0.205,0.002,0.003,1247.402,1471.148,1.003
"K_uu_workout[39, 27]",0.072,0.074,0.007,0.205,0.002,0.003,1243.609,1471.148,1.003
"K_uu_workout[39, 28]",0.072,0.074,0.005,0.204,0.002,0.003,1241.317,1471.148,1.003
"K_uu_workout[39, 29]",0.072,0.075,0.005,0.205,0.002,0.003,1238.053,1471.148,1.003
"K_uu_workout[39, 30]",0.073,0.075,0.005,0.205,0.002,0.003,1234.81,1471.148,1.003
"K_uu_workout[39, 31]",0.073,0.075,0.007,0.208,0.002,0.003,1232.094,1471.148,1.003
"K_uu_workout[39, 32]",0.073,0.075,0.007,0.208,0.002,0.003,1229.971,1471.148,1.003
"K_uu_workout[39, 33]",0.073,0.075,0.007,0.208,0.002,0.003,1227.847,1471.148,1.003
"K_uu_workout[39, 34]",0.073,0.075,0.007,0.209,0.002,0.003,1226.26,1471.148,1.003
"K_uu_workout[39, 35]",0.073,0.075,0.005,0.207,0.002,0.003,1225.174,1471.148,1.003
"K_uu_workout[39, 36]",0.073,0.075,0.005,0.207,0.002,0.003,1224.341,1471.148,1.003
"K_uu_workout[39, 37]",0.073,0.075,0.005,0.207,0.002,0.003,1223.672,1471.148,1.003
"K_uu_workout[39, 38]",0.073,0.075,0.005,0.207,0.002,0.003,1223.326,1471.148,1.003
"K_uu_workout[39, 39]",0.073,0.075,0.005,0.207,0.002,0.003,1223.192,1471.148,1.003
"K_uu_workout[39, 40]",0.073,0.075,0.005,0.207,0.002,0.003,1223.326,1471.148,1.003
"K_uu_workout[39, 41]",0.073,0.075,0.005,0.207,0.002,0.003,1223.672,1471.148,1.003
"K_uu_workout[39, 42]",0.073,0.075,0.005,0.207,0.002,0.003,1224.341,1471.148,1.003
"K_uu_workout[39, 43]",0.073,0.075,0.005,0.207,0.002,0.003,1225.174,1471.148,1.003
"K_uu_workout[39, 44]",0.073,0.075,0.007,0.209,0.002,0.003,1226.26,1471.148,1.003
"K_uu_workout[39, 45]",0.073,0.075,0.007,0.208,0.002,0.003,1227.847,1471.148,1.003
"K_uu_workout[39, 46]",0.073,0.075,0.007,0.208,0.002,0.003,1229.971,1471.148,1.003
"K_uu_workout[39, 47]",0.073,0.075,0.007,0.208,0.002,0.003,1232.094,1471.148,1.003
"K_uu_workout[39, 48]",0.073,0.075,0.005,0.205,0.002,0.003,1234.81,1471.148,1.003
"K_uu_workout[39, 49]",0.072,0.075,0.005,0.205,0.002,0.003,1238.053,1471.148,1.003
"K_uu_workout[40, 0]",0.06,0.068,0.002,0.18,0.002,0.003,1320.251,1405.821,1.002
"K_uu_workout[40, 1]",0.061,0.068,0.0,0.179,0.002,0.003,1320.414,1405.821,1.002
"K_uu_workout[40, 2]",0.061,0.068,0.001,0.181,0.002,0.003,1322.284,1427.176,1.002
"K_uu_workout[40, 3]",0.062,0.069,0.001,0.182,0.002,0.003,1322.403,1427.176,1.002
"K_uu_workout[40, 4]",0.062,0.069,0.001,0.183,0.002,0.003,1321.522,1449.141,1.002
"K_uu_workout[40, 5]",0.063,0.069,0.001,0.183,0.002,0.003,1320.512,1449.141,1.003
"K_uu_workout[40, 6]",0.063,0.07,0.001,0.184,0.002,0.003,1319.285,1449.141,1.003
"K_uu_workout[40, 7]",0.064,0.07,0.001,0.184,0.002,0.003,1317.191,1449.141,1.003
"K_uu_workout[40, 8]",0.064,0.07,0.001,0.184,0.002,0.003,1315.413,1448.868,1.003
"K_uu_workout[40, 9]",0.065,0.07,0.005,0.191,0.002,0.003,1313.388,1448.868,1.003
"K_uu_workout[40, 10]",0.065,0.071,0.005,0.191,0.002,0.003,1308.282,1448.868,1.003
"K_uu_workout[40, 11]",0.066,0.071,0.005,0.193,0.002,0.003,1305.688,1448.868,1.003
"K_uu_workout[40, 12]",0.066,0.071,0.005,0.193,0.002,0.003,1302.531,1457.447,1.003
"K_uu_workout[40, 13]",0.067,0.071,0.004,0.192,0.002,0.003,1298.749,1457.447,1.003
"K_uu_workout[40, 14]",0.067,0.072,0.004,0.192,0.002,0.003,1294.524,1457.447,1.003
"K_uu_workout[40, 15]",0.068,0.072,0.006,0.195,0.002,0.003,1291.417,1457.295,1.003
"K_uu_workout[40, 16]",0.068,0.072,0.005,0.194,0.002,0.003,1288.151,1457.295,1.003
"K_uu_workout[40, 17]",0.069,0.072,0.005,0.195,0.002,0.003,1284.017,1457.295,1.003
"K_uu_workout[40, 18]",0.069,0.072,0.005,0.195,0.002,0.003,1281.649,1457.295,1.003
"K_uu_workout[40, 19]",0.069,0.073,0.006,0.197,0.002,0.003,1277.424,1457.295,1.003
"K_uu_workout[40, 20]",0.07,0.073,0.006,0.198,0.002,0.003,1274.343,1457.295,1.003
"K_uu_workout[40, 21]",0.07,0.073,0.005,0.198,0.002,0.003,1270.664,1457.295,1.003
"K_uu_workout[40, 22]",0.07,0.073,0.005,0.198,0.002,0.003,1267.3,1471.103,1.003
"K_uu_workout[40, 23]",0.071,0.073,0.005,0.198,0.002,0.003,1263.079,1471.103,1.003
"K_uu_workout[40, 24]",0.071,0.074,0.005,0.199,0.002,0.003,1258.708,1471.103,1.003
"K_uu_workout[40, 25]",0.071,0.074,0.005,0.201,0.002,0.003,1254.911,1471.103,1.003
"K_uu_workout[40, 26]",0.072,0.074,0.005,0.202,0.002,0.003,1250.908,1471.103,1.003
"K_uu_workout[40, 27]",0.072,0.074,0.007,0.205,0.002,0.003,1247.402,1471.148,1.003
"K_uu_workout[40, 28]",0.072,0.074,0.007,0.205,0.002,0.003,1243.609,1471.148,1.003
"K_uu_workout[40, 29]",0.072,0.074,0.005,0.204,0.002,0.003,1241.317,1471.148,1.003
"K_uu_workout[40, 30]",0.072,0.075,0.005,0.205,0.002,0.003,1238.053,1471.148,1.003
"K_uu_workout[40, 31]",0.073,0.075,0.005,0.205,0.002,0.003,1234.81,1471.148,1.003
"K_uu_workout[40, 32]",0.073,0.075,0.007,0.208,0.002,0.003,1232.094,1471.148,1.003
"K_uu_workout[40, 33]",0.073,0.075,0.007,0.208,0.002,0.003,1229.971,1471.148,1.003
"K_uu_workout[40, 34]",0.073,0.075,0.007,0.208,0.002,0.003,1227.847,1471.148,1.003
"K_uu_workout[40, 35]",0.073,0.075,0.007,0.209,0.002,0.003,1226.26,1471.148,1.003
"K_uu_workout[40, 36]",0.073,0.075,0.005,0.207,0.002,0.003,1225.174,1471.148,1.003
"K_uu_workout[40, 37]",0.073,0.075,0.005,0.207,0.002,0.003,1224.341,1471.148,1.003
"K_uu_workout[40, 38]",0.073,0.075,0.005,0.207,0.002,0.003,1223.672,1471.148,1.003
"K_uu_workout[40, 39]",0.073,0.075,0.005,0.207,0.002,0.003,1223.326,1471.148,1.003
"K_uu_workout[40, 40]",0.073,0.075,0.005,0.207,0.002,0.003,1223.192,1471.148,1.003
"K_uu_workout[40, 41]",0.073,0.075,0.005,0.207,0.002,0.003,1223.326,1471.148,1.003
"K_uu_workout[40, 42]",0.073,0.075,0.005,0.207,0.002,0.003,1223.672,1471.148,1.003
"K_uu_workout[40, 43]",0.073,0.075,0.005,0.207,0.002,0.003,1224.341,1471.148,1.003
"K_uu_workout[40, 44]",0.073,0.075,0.005,0.207,0.002,0.003,1225.174,1471.148,1.003
"K_uu_workout[40, 45]",0.073,0.075,0.007,0.209,0.002,0.003,1226.26,1471.148,1.003
"K_uu_workout[40, 46]",0.073,0.075,0.007,0.208,0.002,0.003,1227.847,1471.148,1.003
"K_uu_workout[40, 47]",0.073,0.075,0.007,0.208,0.002,0.003,1229.971,1471.148,1.003
"K_uu_workout[40, 48]",0.073,0.075,0.007,0.208,0.002,0.003,1232.094,1471.148,1.003
"K_uu_workout[40, 49]",0.073,0.075,0.005,0.205,0.002,0.003,1234.81,1471.148,1.003
"K_uu_workout[41, 0]",0.06,0.068,0.001,0.178,0.002,0.003,1320.99,1405.821,1.002
"K_uu_workout[41, 1]",0.06,0.068,0.002,0.18,0.002,0.003,1320.251,1405.821,1.002
"K_uu_workout[41, 2]",0.061,0.068,0.0,0.179,0.002,0.003,1320.414,1405.821,1.002
"K_uu_workout[41, 3]",0.061,0.068,0.001,0.181,0.002,0.003,1322.284,1427.176,1.002
"K_uu_workout[41, 4]",0.062,0.069,0.001,0.182,0.002,0.003,1322.403,1427.176,1.002
"K_uu_workout[41, 5]",0.062,0.069,0.001,0.183,0.002,0.003,1321.522,1449.141,1.002
"K_uu_workout[41, 6]",0.063,0.069,0.001,0.183,0.002,0.003,1320.512,1449.141,1.003
"K_uu_workout[41, 7]",0.063,0.07,0.001,0.184,0.002,0.003,1319.285,1449.141,1.003
"K_uu_workout[41, 8]",0.064,0.07,0.001,0.184,0.002,0.003,1317.191,1449.141,1.003
"K_uu_workout[41, 9]",0.064,0.07,0.001,0.184,0.002,0.003,1315.413,1448.868,1.003
"K_uu_workout[41, 10]",0.065,0.07,0.005,0.191,0.002,0.003,1313.388,1448.868,1.003
"K_uu_workout[41, 11]",0.065,0.071,0.005,0.191,0.002,0.003,1308.282,1448.868,1.003
"K_uu_workout[41, 12]",0.066,0.071,0.005,0.193,0.002,0.003,1305.688,1448.868,1.003
"K_uu_workout[41, 13]",0.066,0.071,0.005,0.193,0.002,0.003,1302.531,1457.447,1.003
"K_uu_workout[41, 14]",0.067,0.071,0.004,0.192,0.002,0.003,1298.749,1457.447,1.003
"K_uu_workout[41, 15]",0.067,0.072,0.004,0.192,0.002,0.003,1294.524,1457.447,1.003
"K_uu_workout[41, 16]",0.068,0.072,0.006,0.195,0.002,0.003,1291.417,1457.295,1.003
"K_uu_workout[41, 17]",0.068,0.072,0.005,0.194,0.002,0.003,1288.151,1457.295,1.003
"K_uu_workout[41, 18]",0.069,0.072,0.005,0.195,0.002,0.003,1284.017,1457.295,1.003
"K_uu_workout[41, 19]",0.069,0.072,0.005,0.195,0.002,0.003,1281.649,1457.295,1.003
"K_uu_workout[41, 20]",0.069,0.073,0.006,0.197,0.002,0.003,1277.424,1457.295,1.003
"K_uu_workout[41, 21]",0.07,0.073,0.006,0.198,0.002,0.003,1274.343,1457.295,1.003
"K_uu_workout[41, 22]",0.07,0.073,0.005,0.198,0.002,0.003,1270.664,1457.295,1.003
"K_uu_workout[41, 23]",0.07,0.073,0.005,0.198,0.002,0.003,1267.3,1471.103,1.003
"K_uu_workout[41, 24]",0.071,0.073,0.005,0.198,0.002,0.003,1263.079,1471.103,1.003
"K_uu_workout[41, 25]",0.071,0.074,0.005,0.199,0.002,0.003,1258.708,1471.103,1.003
"K_uu_workout[41, 26]",0.071,0.074,0.005,0.201,0.002,0.003,1254.911,1471.103,1.003
"K_uu_workout[41, 27]",0.072,0.074,0.005,0.202,0.002,0.003,1250.908,1471.103,1.003
"K_uu_workout[41, 28]",0.072,0.074,0.007,0.205,0.002,0.003,1247.402,1471.148,1.003
"K_uu_workout[41, 29]",0.072,0.074,0.007,0.205,0.002,0.003,1243.609,1471.148,1.003
"K_uu_workout[41, 30]",0.072,0.074,0.005,0.204,0.002,0.003,1241.317,1471.148,1.003
"K_uu_workout[41, 31]",0.072,0.075,0.005,0.205,0.002,0.003,1238.053,1471.148,1.003
"K_uu_workout[41, 32]",0.073,0.075,0.005,0.205,0.002,0.003,1234.81,1471.148,1.003
"K_uu_workout[41, 33]",0.073,0.075,0.007,0.208,0.002,0.003,1232.094,1471.148,1.003
"K_uu_workout[41, 34]",0.073,0.075,0.007,0.208,0.002,0.003,1229.971,1471.148,1.003
"K_uu_workout[41, 35]",0.073,0.075,0.007,0.208,0.002,0.003,1227.847,1471.148,1.003
"K_uu_workout[41, 36]",0.073,0.075,0.007,0.209,0.002,0.003,1226.26,1471.148,1.003
"K_uu_workout[41, 37]",0.073,0.075,0.005,0.207,0.002,0.003,1225.174,1471.148,1.003
"K_uu_workout[41, 38]",0.073,0.075,0.005,0.207,0.002,0.003,1224.341,1471.148,1.003
"K_uu_workout[41, 39]",0.073,0.075,0.005,0.207,0.002,0.003,1223.672,1471.148,1.003
"K_uu_workout[41, 40]",0.073,0.075,0.005,0.207,0.002,0.003,1223.326,1471.148,1.003
"K_uu_workout[41, 41]",0.073,0.075,0.005,0.207,0.002,0.003,1223.192,1471.148,1.003
"K_uu_workout[41, 42]",0.073,0.075,0.005,0.207,0.002,0.003,1223.326,1471.148,1.003
"K_uu_workout[41, 43]",0.073,0.075,0.005,0.207,0.002,0.003,1223.672,1471.148,1.003
"K_uu_workout[41, 44]",0.073,0.075,0.005,0.207,0.002,0.003,1224.341,1471.148,1.003
"K_uu_workout[41, 45]",0.073,0.075,0.005,0.207,0.002,0.003,1225.174,1471.148,1.003
"K_uu_workout[41, 46]",0.073,0.075,0.007,0.209,0.002,0.003,1226.26,1471.148,1.003
"K_uu_workout[41, 47]",0.073,0.075,0.007,0.208,0.002,0.003,1227.847,1471.148,1.003
"K_uu_workout[41, 48]",0.073,0.075,0.007,0.208,0.002,0.003,1229.971,1471.148,1.003
"K_uu_workout[41, 49]",0.073,0.075,0.007,0.208,0.002,0.003,1232.094,1471.148,1.003
"K_uu_workout[42, 0]",0.059,0.067,0.001,0.178,0.002,0.003,1320.132,1405.821,1.001
"K_uu_workout[42, 1]",0.06,0.068,0.001,0.178,0.002,0.003,1320.99,1405.821,1.002
"K_uu_workout[42, 2]",0.06,0.068,0.002,0.18,0.002,0.003,1320.251,1405.821,1.002
"K_uu_workout[42, 3]",0.061,0.068,0.0,0.179,0.002,0.003,1320.414,1405.821,1.002
"K_uu_workout[42, 4]",0.061,0.068,0.001,0.181,0.002,0.003,1322.284,1427.176,1.002
"K_uu_workout[42, 5]",0.062,0.069,0.001,0.182,0.002,0.003,1322.403,1427.176,1.002
"K_uu_workout[42, 6]",0.062,0.069,0.001,0.183,0.002,0.003,1321.522,1449.141,1.002
"K_uu_workout[42, 7]",0.063,0.069,0.001,0.183,0.002,0.003,1320.512,1449.141,1.003
"K_uu_workout[42, 8]",0.063,0.07,0.001,0.184,0.002,0.003,1319.285,1449.141,1.003
"K_uu_workout[42, 9]",0.064,0.07,0.001,0.184,0.002,0.003,1317.191,1449.141,1.003
"K_uu_workout[42, 10]",0.064,0.07,0.001,0.184,0.002,0.003,1315.413,1448.868,1.003
"K_uu_workout[42, 11]",0.065,0.07,0.005,0.191,0.002,0.003,1313.388,1448.868,1.003
"K_uu_workout[42, 12]",0.065,0.071,0.005,0.191,0.002,0.003,1308.282,1448.868,1.003
"K_uu_workout[42, 13]",0.066,0.071,0.005,0.193,0.002,0.003,1305.688,1448.868,1.003
"K_uu_workout[42, 14]",0.066,0.071,0.005,0.193,0.002,0.003,1302.531,1457.447,1.003
"K_uu_workout[42, 15]",0.067,0.071,0.004,0.192,0.002,0.003,1298.749,1457.447,1.003
"K_uu_workout[42, 16]",0.067,0.072,0.004,0.192,0.002,0.003,1294.524,1457.447,1.003
"K_uu_workout[42, 17]",0.068,0.072,0.006,0.195,0.002,0.003,1291.417,1457.295,1.003
"K_uu_workout[42, 18]",0.068,0.072,0.005,0.194,0.002,0.003,1288.151,1457.295,1.003
"K_uu_workout[42, 19]",0.069,0.072,0.005,0.195,0.002,0.003,1284.017,1457.295,1.003
"K_uu_workout[42, 20]",0.069,0.072,0.005,0.195,0.002,0.003,1281.649,1457.295,1.003
"K_uu_workout[42, 21]",0.069,0.073,0.006,0.197,0.002,0.003,1277.424,1457.295,1.003
"K_uu_workout[42, 22]",0.07,0.073,0.006,0.198,0.002,0.003,1274.343,1457.295,1.003
"K_uu_workout[42, 23]",0.07,0.073,0.005,0.198,0.002,0.003,1270.664,1457.295,1.003
"K_uu_workout[42, 24]",0.07,0.073,0.005,0.198,0.002,0.003,1267.3,1471.103,1.003
"K_uu_workout[42, 25]",0.071,0.073,0.005,0.198,0.002,0.003,1263.079,1471.103,1.003
"K_uu_workout[42, 26]",0.071,0.074,0.005,0.199,0.002,0.003,1258.708,1471.103,1.003
"K_uu_workout[42, 27]",0.071,0.074,0.005,0.201,0.002,0.003,1254.911,1471.103,1.003
"K_uu_workout[42, 28]",0.072,0.074,0.005,0.202,0.002,0.003,1250.908,1471.103,1.003
"K_uu_workout[42, 29]",0.072,0.074,0.007,0.205,0.002,0.003,1247.402,1471.148,1.003
"K_uu_workout[42, 30]",0.072,0.074,0.007,0.205,0.002,0.003,1243.609,1471.148,1.003
"K_uu_workout[42, 31]",0.072,0.074,0.005,0.204,0.002,0.003,1241.317,1471.148,1.003
"K_uu_workout[42, 32]",0.072,0.075,0.005,0.205,0.002,0.003,1238.053,1471.148,1.003
"K_uu_workout[42, 33]",0.073,0.075,0.005,0.205,0.002,0.003,1234.81,1471.148,1.003
"K_uu_workout[42, 34]",0.073,0.075,0.007,0.208,0.002,0.003,1232.094,1471.148,1.003
"K_uu_workout[42, 35]",0.073,0.075,0.007,0.208,0.002,0.003,1229.971,1471.148,1.003
"K_uu_workout[42, 36]",0.073,0.075,0.007,0.208,0.002,0.003,1227.847,1471.148,1.003
"K_uu_workout[42, 37]",0.073,0.075,0.007,0.209,0.002,0.003,1226.26,1471.148,1.003
"K_uu_workout[42, 38]",0.073,0.075,0.005,0.207,0.002,0.003,1225.174,1471.148,1.003
"K_uu_workout[42, 39]",0.073,0.075,0.005,0.207,0.002,0.003,1224.341,1471.148,1.003
"K_uu_workout[42, 40]",0.073,0.075,0.005,0.207,0.002,0.003,1223.672,1471.148,1.003
"K_uu_workout[42, 41]",0.073,0.075,0.005,0.207,0.002,0.003,1223.326,1471.148,1.003
"K_uu_workout[42, 42]",0.073,0.075,0.005,0.207,0.002,0.003,1223.192,1471.148,1.003
"K_uu_workout[42, 43]",0.073,0.075,0.005,0.207,0.002,0.003,1223.326,1471.148,1.003
"K_uu_workout[42, 44]",0.073,0.075,0.005,0.207,0.002,0.003,1223.672,1471.148,1.003
"K_uu_workout[42, 45]",0.073,0.075,0.005,0.207,0.002,0.003,1224.341,1471.148,1.003
"K_uu_workout[42, 46]",0.073,0.075,0.005,0.207,0.002,0.003,1225.174,1471.148,1.003
"K_uu_workout[42, 47]",0.073,0.075,0.007,0.209,0.002,0.003,1226.26,1471.148,1.003
"K_uu_workout[42, 48]",0.073,0.075,0.007,0.208,0.002,0.003,1227.847,1471.148,1.003
"K_uu_workout[42, 49]",0.073,0.075,0.007,0.208,0.002,0.003,1229.971,1471.148,1.003
"K_uu_workout[43, 0]",0.059,0.067,0.002,0.179,0.002,0.003,1318.984,1405.821,1.001
"K_uu_workout[43, 1]",0.059,0.067,0.001,0.178,0.002,0.003,1320.132,1405.821,1.001
"K_uu_workout[43, 2]",0.06,0.068,0.001,0.178,0.002,0.003,1320.99,1405.821,1.002
"K_uu_workout[43, 3]",0.06,0.068,0.002,0.18,0.002,0.003,1320.251,1405.821,1.002
"K_uu_workout[43, 4]",0.061,0.068,0.0,0.179,0.002,0.003,1320.414,1405.821,1.002
"K_uu_workout[43, 5]",0.061,0.068,0.001,0.181,0.002,0.003,1322.284,1427.176,1.002
"K_uu_workout[43, 6]",0.062,0.069,0.001,0.182,0.002,0.003,1322.403,1427.176,1.002
"K_uu_workout[43, 7]",0.062,0.069,0.001,0.183,0.002,0.003,1321.522,1449.141,1.002
"K_uu_workout[43, 8]",0.063,0.069,0.001,0.183,0.002,0.003,1320.512,1449.141,1.003
"K_uu_workout[43, 9]",0.063,0.07,0.001,0.184,0.002,0.003,1319.285,1449.141,1.003
"K_uu_workout[43, 10]",0.064,0.07,0.001,0.184,0.002,0.003,1317.191,1449.141,1.003
"K_uu_workout[43, 11]",0.064,0.07,0.001,0.184,0.002,0.003,1315.413,1448.868,1.003
"K_uu_workout[43, 12]",0.065,0.07,0.005,0.191,0.002,0.003,1313.388,1448.868,1.003
"K_uu_workout[43, 13]",0.065,0.071,0.005,0.191,0.002,0.003,1308.282,1448.868,1.003
"K_uu_workout[43, 14]",0.066,0.071,0.005,0.193,0.002,0.003,1305.688,1448.868,1.003
"K_uu_workout[43, 15]",0.066,0.071,0.005,0.193,0.002,0.003,1302.531,1457.447,1.003
"K_uu_workout[43, 16]",0.067,0.071,0.004,0.192,0.002,0.003,1298.749,1457.447,1.003
"K_uu_workout[43, 17]",0.067,0.072,0.004,0.192,0.002,0.003,1294.524,1457.447,1.003
"K_uu_workout[43, 18]",0.068,0.072,0.006,0.195,0.002,0.003,1291.417,1457.295,1.003
"K_uu_workout[43, 19]",0.068,0.072,0.005,0.194,0.002,0.003,1288.151,1457.295,1.003
"K_uu_workout[43, 20]",0.069,0.072,0.005,0.195,0.002,0.003,1284.017,1457.295,1.003
"K_uu_workout[43, 21]",0.069,0.072,0.005,0.195,0.002,0.003,1281.649,1457.295,1.003
"K_uu_workout[43, 22]",0.069,0.073,0.006,0.197,0.002,0.003,1277.424,1457.295,1.003
"K_uu_workout[43, 23]",0.07,0.073,0.006,0.198,0.002,0.003,1274.343,1457.295,1.003
"K_uu_workout[43, 24]",0.07,0.073,0.005,0.198,0.002,0.003,1270.664,1457.295,1.003
"K_uu_workout[43, 25]",0.07,0.073,0.005,0.198,0.002,0.003,1267.3,1471.103,1.003
"K_uu_workout[43, 26]",0.071,0.073,0.005,0.198,0.002,0.003,1263.079,1471.103,1.003
"K_uu_workout[43, 27]",0.071,0.074,0.005,0.199,0.002,0.003,1258.708,1471.103,1.003
"K_uu_workout[43, 28]",0.071,0.074,0.005,0.201,0.002,0.003,1254.911,1471.103,1.003
"K_uu_workout[43, 29]",0.072,0.074,0.005,0.202,0.002,0.003,1250.908,1471.103,1.003
"K_uu_workout[43, 30]",0.072,0.074,0.007,0.205,0.002,0.003,1247.402,1471.148,1.003
"K_uu_workout[43, 31]",0.072,0.074,0.007,0.205,0.002,0.003,1243.609,1471.148,1.003
"K_uu_workout[43, 32]",0.072,0.074,0.005,0.204,0.002,0.003,1241.317,1471.148,1.003
"K_uu_workout[43, 33]",0.072,0.075,0.005,0.205,0.002,0.003,1238.053,1471.148,1.003
"K_uu_workout[43, 34]",0.073,0.075,0.005,0.205,0.002,0.003,1234.81,1471.148,1.003
"K_uu_workout[43, 35]",0.073,0.075,0.007,0.208,0.002,0.003,1232.094,1471.148,1.003
"K_uu_workout[43, 36]",0.073,0.075,0.007,0.208,0.002,0.003,1229.971,1471.148,1.003
"K_uu_workout[43, 37]",0.073,0.075,0.007,0.208,0.002,0.003,1227.847,1471.148,1.003
"K_uu_workout[43, 38]",0.073,0.075,0.007,0.209,0.002,0.003,1226.26,1471.148,1.003
"K_uu_workout[43, 39]",0.073,0.075,0.005,0.207,0.002,0.003,1225.174,1471.148,1.003
"K_uu_workout[43, 40]",0.073,0.075,0.005,0.207,0.002,0.003,1224.341,1471.148,1.003
"K_uu_workout[43, 41]",0.073,0.075,0.005,0.207,0.002,0.003,1223.672,1471.148,1.003
"K_uu_workout[43, 42]",0.073,0.075,0.005,0.207,0.002,0.003,1223.326,1471.148,1.003
"K_uu_workout[43, 43]",0.073,0.075,0.005,0.207,0.002,0.003,1223.192,1471.148,1.003
"K_uu_workout[43, 44]",0.073,0.075,0.005,0.207,0.002,0.003,1223.326,1471.148,1.003
"K_uu_workout[43, 45]",0.073,0.075,0.005,0.207,0.002,0.003,1223.672,1471.148,1.003
"K_uu_workout[43, 46]",0.073,0.075,0.005,0.207,0.002,0.003,1224.341,1471.148,1.003
"K_uu_workout[43, 47]",0.073,0.075,0.005,0.207,0.002,0.003,1225.174,1471.148,1.003
"K_uu_workout[43, 48]",0.073,0.075,0.007,0.209,0.002,0.003,1226.26,1471.148,1.003
"K_uu_workout[43, 49]",0.073,0.075,0.007,0.208,0.002,0.003,1227.847,1471.148,1.003
"K_uu_workout[44, 0]",0.058,0.067,0.003,0.178,0.002,0.003,1316.531,1385.332,1.001
"K_uu_workout[44, 1]",0.059,0.067,0.002,0.179,0.002,0.003,1318.984,1405.821,1.001
"K_uu_workout[44, 2]",0.059,0.067,0.001,0.178,0.002,0.003,1320.132,1405.821,1.001
"K_uu_workout[44, 3]",0.06,0.068,0.001,0.178,0.002,0.003,1320.99,1405.821,1.002
"K_uu_workout[44, 4]",0.06,0.068,0.002,0.18,0.002,0.003,1320.251,1405.821,1.002
"K_uu_workout[44, 5]",0.061,0.068,0.0,0.179,0.002,0.003,1320.414,1405.821,1.002
"K_uu_workout[44, 6]",0.061,0.068,0.001,0.181,0.002,0.003,1322.284,1427.176,1.002
"K_uu_workout[44, 7]",0.062,0.069,0.001,0.182,0.002,0.003,1322.403,1427.176,1.002
"K_uu_workout[44, 8]",0.062,0.069,0.001,0.183,0.002,0.003,1321.522,1449.141,1.002
"K_uu_workout[44, 9]",0.063,0.069,0.001,0.183,0.002,0.003,1320.512,1449.141,1.003
"K_uu_workout[44, 10]",0.063,0.07,0.001,0.184,0.002,0.003,1319.285,1449.141,1.003
"K_uu_workout[44, 11]",0.064,0.07,0.001,0.184,0.002,0.003,1317.191,1449.141,1.003
"K_uu_workout[44, 12]",0.064,0.07,0.001,0.184,0.002,0.003,1315.413,1448.868,1.003
"K_uu_workout[44, 13]",0.065,0.07,0.005,0.191,0.002,0.003,1313.388,1448.868,1.003
"K_uu_workout[44, 14]",0.065,0.071,0.005,0.191,0.002,0.003,1308.282,1448.868,1.003
"K_uu_workout[44, 15]",0.066,0.071,0.005,0.193,0.002,0.003,1305.688,1448.868,1.003
"K_uu_workout[44, 16]",0.066,0.071,0.005,0.193,0.002,0.003,1302.531,1457.447,1.003
"K_uu_workout[44, 17]",0.067,0.071,0.004,0.192,0.002,0.003,1298.749,1457.447,1.003
"K_uu_workout[44, 18]",0.067,0.072,0.004,0.192,0.002,0.003,1294.524,1457.447,1.003
"K_uu_workout[44, 19]",0.068,0.072,0.006,0.195,0.002,0.003,1291.417,1457.295,1.003
"K_uu_workout[44, 20]",0.068,0.072,0.005,0.194,0.002,0.003,1288.151,1457.295,1.003
"K_uu_workout[44, 21]",0.069,0.072,0.005,0.195,0.002,0.003,1284.017,1457.295,1.003
"K_uu_workout[44, 22]",0.069,0.072,0.005,0.195,0.002,0.003,1281.649,1457.295,1.003
"K_uu_workout[44, 23]",0.069,0.073,0.006,0.197,0.002,0.003,1277.424,1457.295,1.003
"K_uu_workout[44, 24]",0.07,0.073,0.006,0.198,0.002,0.003,1274.343,1457.295,1.003
"K_uu_workout[44, 25]",0.07,0.073,0.005,0.198,0.002,0.003,1270.664,1457.295,1.003
"K_uu_workout[44, 26]",0.07,0.073,0.005,0.198,0.002,0.003,1267.3,1471.103,1.003
"K_uu_workout[44, 27]",0.071,0.073,0.005,0.198,0.002,0.003,1263.079,1471.103,1.003
"K_uu_workout[44, 28]",0.071,0.074,0.005,0.199,0.002,0.003,1258.708,1471.103,1.003
"K_uu_workout[44, 29]",0.071,0.074,0.005,0.201,0.002,0.003,1254.911,1471.103,1.003
"K_uu_workout[44, 30]",0.072,0.074,0.005,0.202,0.002,0.003,1250.908,1471.103,1.003
"K_uu_workout[44, 31]",0.072,0.074,0.007,0.205,0.002,0.003,1247.402,1471.148,1.003
"K_uu_workout[44, 32]",0.072,0.074,0.007,0.205,0.002,0.003,1243.609,1471.148,1.003
"K_uu_workout[44, 33]",0.072,0.074,0.005,0.204,0.002,0.003,1241.317,1471.148,1.003
"K_uu_workout[44, 34]",0.072,0.075,0.005,0.205,0.002,0.003,1238.053,1471.148,1.003
"K_uu_workout[44, 35]",0.073,0.075,0.005,0.205,0.002,0.003,1234.81,1471.148,1.003
"K_uu_workout[44, 36]",0.073,0.075,0.007,0.208,0.002,0.003,1232.094,1471.148,1.003
"K_uu_workout[44, 37]",0.073,0.075,0.007,0.208,0.002,0.003,1229.971,1471.148,1.003
"K_uu_workout[44, 38]",0.073,0.075,0.007,0.208,0.002,0.003,1227.847,1471.148,1.003
"K_uu_workout[44, 39]",0.073,0.075,0.007,0.209,0.002,0.003,1226.26,1471.148,1.003
"K_uu_workout[44, 40]",0.073,0.075,0.005,0.207,0.002,0.003,1225.174,1471.148,1.003
"K_uu_workout[44, 41]",0.073,0.075,0.005,0.207,0.002,0.003,1224.341,1471.148,1.003
"K_uu_workout[44, 42]",0.073,0.075,0.005,0.207,0.002,0.003,1223.672,1471.148,1.003
"K_uu_workout[44, 43]",0.073,0.075,0.005,0.207,0.002,0.003,1223.326,1471.148,1.003
"K_uu_workout[44, 44]",0.073,0.075,0.005,0.207,0.002,0.003,1223.192,1471.148,1.003
"K_uu_workout[44, 45]",0.073,0.075,0.005,0.207,0.002,0.003,1223.326,1471.148,1.003
"K_uu_workout[44, 46]",0.073,0.075,0.005,0.207,0.002,0.003,1223.672,1471.148,1.003
"K_uu_workout[44, 47]",0.073,0.075,0.005,0.207,0.002,0.003,1224.341,1471.148,1.003
"K_uu_workout[44, 48]",0.073,0.075,0.005,0.207,0.002,0.003,1225.174,1471.148,1.003
"K_uu_workout[44, 49]",0.073,0.075,0.007,0.209,0.002,0.003,1226.26,1471.148,1.003
"K_uu_workout[45, 0]",0.058,0.066,0.002,0.176,0.002,0.003,1314.933,1385.332,1.001
"K_uu_workout[45, 1]",0.058,0.067,0.003,0.178,0.002,0.003,1316.531,1385.332,1.001
"K_uu_workout[45, 2]",0.059,0.067,0.002,0.179,0.002,0.003,1318.984,1405.821,1.001
"K_uu_workout[45, 3]",0.059,0.067,0.001,0.178,0.002,0.003,1320.132,1405.821,1.001
"K_uu_workout[45, 4]",0.06,0.068,0.001,0.178,0.002,0.003,1320.99,1405.821,1.002
"K_uu_workout[45, 5]",0.06,0.068,0.002,0.18,0.002,0.003,1320.251,1405.821,1.002
"K_uu_workout[45, 6]",0.061,0.068,0.0,0.179,0.002,0.003,1320.414,1405.821,1.002
"K_uu_workout[45, 7]",0.061,0.068,0.001,0.181,0.002,0.003,1322.284,1427.176,1.002
"K_uu_workout[45, 8]",0.062,0.069,0.001,0.182,0.002,0.003,1322.403,1427.176,1.002
"K_uu_workout[45, 9]",0.062,0.069,0.001,0.183,0.002,0.003,1321.522,1449.141,1.002
"K_uu_workout[45, 10]",0.063,0.069,0.001,0.183,0.002,0.003,1320.512,1449.141,1.003
"K_uu_workout[45, 11]",0.063,0.07,0.001,0.184,0.002,0.003,1319.285,1449.141,1.003
"K_uu_workout[45, 12]",0.064,0.07,0.001,0.184,0.002,0.003,1317.191,1449.141,1.003
"K_uu_workout[45, 13]",0.064,0.07,0.001,0.184,0.002,0.003,1315.413,1448.868,1.003
"K_uu_workout[45, 14]",0.065,0.07,0.005,0.191,0.002,0.003,1313.388,1448.868,1.003
"K_uu_workout[45, 15]",0.065,0.071,0.005,0.191,0.002,0.003,1308.282,1448.868,1.003
"K_uu_workout[45, 16]",0.066,0.071,0.005,0.193,0.002,0.003,1305.688,1448.868,1.003
"K_uu_workout[45, 17]",0.066,0.071,0.005,0.193,0.002,0.003,1302.531,1457.447,1.003
"K_uu_workout[45, 18]",0.067,0.071,0.004,0.192,0.002,0.003,1298.749,1457.447,1.003
"K_uu_workout[45, 19]",0.067,0.072,0.004,0.192,0.002,0.003,1294.524,1457.447,1.003
"K_uu_workout[45, 20]",0.068,0.072,0.006,0.195,0.002,0.003,1291.417,1457.295,1.003
"K_uu_workout[45, 21]",0.068,0.072,0.005,0.194,0.002,0.003,1288.151,1457.295,1.003
"K_uu_workout[45, 22]",0.069,0.072,0.005,0.195,0.002,0.003,1284.017,1457.295,1.003
"K_uu_workout[45, 23]",0.069,0.072,0.005,0.195,0.002,0.003,1281.649,1457.295,1.003
"K_uu_workout[45, 24]",0.069,0.073,0.006,0.197,0.002,0.003,1277.424,1457.295,1.003
"K_uu_workout[45, 25]",0.07,0.073,0.006,0.198,0.002,0.003,1274.343,1457.295,1.003
"K_uu_workout[45, 26]",0.07,0.073,0.005,0.198,0.002,0.003,1270.664,1457.295,1.003
"K_uu_workout[45, 27]",0.07,0.073,0.005,0.198,0.002,0.003,1267.3,1471.103,1.003
"K_uu_workout[45, 28]",0.071,0.073,0.005,0.198,0.002,0.003,1263.079,1471.103,1.003
"K_uu_workout[45, 29]",0.071,0.074,0.005,0.199,0.002,0.003,1258.708,1471.103,1.003
"K_uu_workout[45, 30]",0.071,0.074,0.005,0.201,0.002,0.003,1254.911,1471.103,1.003
"K_uu_workout[45, 31]",0.072,0.074,0.005,0.202,0.002,0.003,1250.908,1471.103,1.003
"K_uu_workout[45, 32]",0.072,0.074,0.007,0.205,0.002,0.003,1247.402,1471.148,1.003
"K_uu_workout[45, 33]",0.072,0.074,0.007,0.205,0.002,0.003,1243.609,1471.148,1.003
"K_uu_workout[45, 34]",0.072,0.074,0.005,0.204,0.002,0.003,1241.317,1471.148,1.003
"K_uu_workout[45, 35]",0.072,0.075,0.005,0.205,0.002,0.003,1238.053,1471.148,1.003
"K_uu_workout[45, 36]",0.073,0.075,0.005,0.205,0.002,0.003,1234.81,1471.148,1.003
"K_uu_workout[45, 37]",0.073,0.075,0.007,0.208,0.002,0.003,1232.094,1471.148,1.003
"K_uu_workout[45, 38]",0.073,0.075,0.007,0.208,0.002,0.003,1229.971,1471.148,1.003
"K_uu_workout[45, 39]",0.073,0.075,0.007,0.208,0.002,0.003,1227.847,1471.148,1.003
"K_uu_workout[45, 40]",0.073,0.075,0.007,0.209,0.002,0.003,1226.26,1471.148,1.003
"K_uu_workout[45, 41]",0.073,0.075,0.005,0.207,0.002,0.003,1225.174,1471.148,1.003
"K_uu_workout[45, 42]",0.073,0.075,0.005,0.207,0.002,0.003,1224.341,1471.148,1.003
"K_uu_workout[45, 43]",0.073,0.075,0.005,0.207,0.002,0.003,1223.672,1471.148,1.003
"K_uu_workout[45, 44]",0.073,0.075,0.005,0.207,0.002,0.003,1223.326,1471.148,1.003
"K_uu_workout[45, 45]",0.073,0.075,0.005,0.207,0.002,0.003,1223.192,1471.148,1.003
"K_uu_workout[45, 46]",0.073,0.075,0.005,0.207,0.002,0.003,1223.326,1471.148,1.003
"K_uu_workout[45, 47]",0.073,0.075,0.005,0.207,0.002,0.003,1223.672,1471.148,1.003
"K_uu_workout[45, 48]",0.073,0.075,0.005,0.207,0.002,0.003,1224.341,1471.148,1.003
"K_uu_workout[45, 49]",0.073,0.075,0.005,0.207,0.002,0.003,1225.174,1471.148,1.003
"K_uu_workout[46, 0]",0.057,0.066,0.002,0.175,0.002,0.003,1310.772,1385.332,1.001
"K_uu_workout[46, 1]",0.058,0.066,0.002,0.176,0.002,0.003,1314.933,1385.332,1.001
"K_uu_workout[46, 2]",0.058,0.067,0.003,0.178,0.002,0.003,1316.531,1385.332,1.001
"K_uu_workout[46, 3]",0.059,0.067,0.002,0.179,0.002,0.003,1318.984,1405.821,1.001
"K_uu_workout[46, 4]",0.059,0.067,0.001,0.178,0.002,0.003,1320.132,1405.821,1.001
"K_uu_workout[46, 5]",0.06,0.068,0.001,0.178,0.002,0.003,1320.99,1405.821,1.002
"K_uu_workout[46, 6]",0.06,0.068,0.002,0.18,0.002,0.003,1320.251,1405.821,1.002
"K_uu_workout[46, 7]",0.061,0.068,0.0,0.179,0.002,0.003,1320.414,1405.821,1.002
"K_uu_workout[46, 8]",0.061,0.068,0.001,0.181,0.002,0.003,1322.284,1427.176,1.002
"K_uu_workout[46, 9]",0.062,0.069,0.001,0.182,0.002,0.003,1322.403,1427.176,1.002
"K_uu_workout[46, 10]",0.062,0.069,0.001,0.183,0.002,0.003,1321.522,1449.141,1.002
"K_uu_workout[46, 11]",0.063,0.069,0.001,0.183,0.002,0.003,1320.512,1449.141,1.003
"K_uu_workout[46, 12]",0.063,0.07,0.001,0.184,0.002,0.003,1319.285,1449.141,1.003
"K_uu_workout[46, 13]",0.064,0.07,0.001,0.184,0.002,0.003,1317.191,1449.141,1.003
"K_uu_workout[46, 14]",0.064,0.07,0.001,0.184,0.002,0.003,1315.413,1448.868,1.003
"K_uu_workout[46, 15]",0.065,0.07,0.005,0.191,0.002,0.003,1313.388,1448.868,1.003
"K_uu_workout[46, 16]",0.065,0.071,0.005,0.191,0.002,0.003,1308.282,1448.868,1.003
"K_uu_workout[46, 17]",0.066,0.071,0.005,0.193,0.002,0.003,1305.688,1448.868,1.003
"K_uu_workout[46, 18]",0.066,0.071,0.005,0.193,0.002,0.003,1302.531,1457.447,1.003
"K_uu_workout[46, 19]",0.067,0.071,0.004,0.192,0.002,0.003,1298.749,1457.447,1.003
"K_uu_workout[46, 20]",0.067,0.072,0.004,0.192,0.002,0.003,1294.524,1457.447,1.003
"K_uu_workout[46, 21]",0.068,0.072,0.006,0.195,0.002,0.003,1291.417,1457.295,1.003
"K_uu_workout[46, 22]",0.068,0.072,0.005,0.194,0.002,0.003,1288.151,1457.295,1.003
"K_uu_workout[46, 23]",0.069,0.072,0.005,0.195,0.002,0.003,1284.017,1457.295,1.003
"K_uu_workout[46, 24]",0.069,0.072,0.005,0.195,0.002,0.003,1281.649,1457.295,1.003
"K_uu_workout[46, 25]",0.069,0.073,0.006,0.197,0.002,0.003,1277.424,1457.295,1.003
"K_uu_workout[46, 26]",0.07,0.073,0.006,0.198,0.002,0.003,1274.343,1457.295,1.003
"K_uu_workout[46, 27]",0.07,0.073,0.005,0.198,0.002,0.003,1270.664,1457.295,1.003
"K_uu_workout[46, 28]",0.07,0.073,0.005,0.198,0.002,0.003,1267.3,1471.103,1.003
"K_uu_workout[46, 29]",0.071,0.073,0.005,0.198,0.002,0.003,1263.079,1471.103,1.003
"K_uu_workout[46, 30]",0.071,0.074,0.005,0.199,0.002,0.003,1258.708,1471.103,1.003
"K_uu_workout[46, 31]",0.071,0.074,0.005,0.201,0.002,0.003,1254.911,1471.103,1.003
"K_uu_workout[46, 32]",0.072,0.074,0.005,0.202,0.002,0.003,1250.908,1471.103,1.003
"K_uu_workout[46, 33]",0.072,0.074,0.007,0.205,0.002,0.003,1247.402,1471.148,1.003
"K_uu_workout[46, 34]",0.072,0.074,0.007,0.205,0.002,0.003,1243.609,1471.148,1.003
"K_uu_workout[46, 35]",0.072,0.074,0.005,0.204,0.002,0.003,1241.317,1471.148,1.003
"K_uu_workout[46, 36]",0.072,0.075,0.005,0.205,0.002,0.003,1238.053,1471.148,1.003
"K_uu_workout[46, 37]",0.073,0.075,0.005,0.205,0.002,0.003,1234.81,1471.148,1.003
"K_uu_workout[46, 38]",0.073,0.075,0.007,0.208,0.002,0.003,1232.094,1471.148,1.003
"K_uu_workout[46, 39]",0.073,0.075,0.007,0.208,0.002,0.003,1229.971,1471.148,1.003
"K_uu_workout[46, 40]",0.073,0.075,0.007,0.208,0.002,0.003,1227.847,1471.148,1.003
"K_uu_workout[46, 41]",0.073,0.075,0.007,0.209,0.002,0.003,1226.26,1471.148,1.003
"K_uu_workout[46, 42]",0.073,0.075,0.005,0.207,0.002,0.003,1225.174,1471.148,1.003
"K_uu_workout[46, 43]",0.073,0.075,0.005,0.207,0.002,0.003,1224.341,1471.148,1.003
"K_uu_workout[46, 44]",0.073,0.075,0.005,0.207,0.002,0.003,1223.672,1471.148,1.003
"K_uu_workout[46, 45]",0.073,0.075,0.005,0.207,0.002,0.003,1223.326,1471.148,1.003
"K_uu_workout[46, 46]",0.073,0.075,0.005,0.207,0.002,0.003,1223.192,1471.148,1.003
"K_uu_workout[46, 47]",0.073,0.075,0.005,0.207,0.002,0.003,1223.326,1471.148,1.003
"K_uu_workout[46, 48]",0.073,0.075,0.005,0.207,0.002,0.003,1223.672,1471.148,1.003
"K_uu_workout[46, 49]",0.073,0.075,0.005,0.207,0.002,0.003,1224.341,1471.148,1.003
"K_uu_workout[47, 0]",0.057,0.066,0.002,0.173,0.002,0.003,1306.928,1385.332,1.001
"K_uu_workout[47, 1]",0.057,0.066,0.002,0.175,0.002,0.003,1310.772,1385.332,1.001
"K_uu_workout[47, 2]",0.058,0.066,0.002,0.176,0.002,0.003,1314.933,1385.332,1.001
"K_uu_workout[47, 3]",0.058,0.067,0.003,0.178,0.002,0.003,1316.531,1385.332,1.001
"K_uu_workout[47, 4]",0.059,0.067,0.002,0.179,0.002,0.003,1318.984,1405.821,1.001
"K_uu_workout[47, 5]",0.059,0.067,0.001,0.178,0.002,0.003,1320.132,1405.821,1.001
"K_uu_workout[47, 6]",0.06,0.068,0.001,0.178,0.002,0.003,1320.99,1405.821,1.002
"K_uu_workout[47, 7]",0.06,0.068,0.002,0.18,0.002,0.003,1320.251,1405.821,1.002
"K_uu_workout[47, 8]",0.061,0.068,0.0,0.179,0.002,0.003,1320.414,1405.821,1.002
"K_uu_workout[47, 9]",0.061,0.068,0.001,0.181,0.002,0.003,1322.284,1427.176,1.002
"K_uu_workout[47, 10]",0.062,0.069,0.001,0.182,0.002,0.003,1322.403,1427.176,1.002
"K_uu_workout[47, 11]",0.062,0.069,0.001,0.183,0.002,0.003,1321.522,1449.141,1.002
"K_uu_workout[47, 12]",0.063,0.069,0.001,0.183,0.002,0.003,1320.512,1449.141,1.003
"K_uu_workout[47, 13]",0.063,0.07,0.001,0.184,0.002,0.003,1319.285,1449.141,1.003
"K_uu_workout[47, 14]",0.064,0.07,0.001,0.184,0.002,0.003,1317.191,1449.141,1.003
"K_uu_workout[47, 15]",0.064,0.07,0.001,0.184,0.002,0.003,1315.413,1448.868,1.003
"K_uu_workout[47, 16]",0.065,0.07,0.005,0.191,0.002,0.003,1313.388,1448.868,1.003
"K_uu_workout[47, 17]",0.065,0.071,0.005,0.191,0.002,0.003,1308.282,1448.868,1.003
"K_uu_workout[47, 18]",0.066,0.071,0.005,0.193,0.002,0.003,1305.688,1448.868,1.003
"K_uu_workout[47, 19]",0.066,0.071,0.005,0.193,0.002,0.003,1302.531,1457.447,1.003
"K_uu_workout[47, 20]",0.067,0.071,0.004,0.192,0.002,0.003,1298.749,1457.447,1.003
"K_uu_workout[47, 21]",0.067,0.072,0.004,0.192,0.002,0.003,1294.524,1457.447,1.003
"K_uu_workout[47, 22]",0.068,0.072,0.006,0.195,0.002,0.003,1291.417,1457.295,1.003
"K_uu_workout[47, 23]",0.068,0.072,0.005,0.194,0.002,0.003,1288.151,1457.295,1.003
"K_uu_workout[47, 24]",0.069,0.072,0.005,0.195,0.002,0.003,1284.017,1457.295,1.003
"K_uu_workout[47, 25]",0.069,0.072,0.005,0.195,0.002,0.003,1281.649,1457.295,1.003
"K_uu_workout[47, 26]",0.069,0.073,0.006,0.197,0.002,0.003,1277.424,1457.295,1.003
"K_uu_workout[47, 27]",0.07,0.073,0.006,0.198,0.002,0.003,1274.343,1457.295,1.003
"K_uu_workout[47, 28]",0.07,0.073,0.005,0.198,0.002,0.003,1270.664,1457.295,1.003
"K_uu_workout[47, 29]",0.07,0.073,0.005,0.198,0.002,0.003,1267.3,1471.103,1.003
"K_uu_workout[47, 30]",0.071,0.073,0.005,0.198,0.002,0.003,1263.079,1471.103,1.003
"K_uu_workout[47, 31]",0.071,0.074,0.005,0.199,0.002,0.003,1258.708,1471.103,1.003
"K_uu_workout[47, 32]",0.071,0.074,0.005,0.201,0.002,0.003,1254.911,1471.103,1.003
"K_uu_workout[47, 33]",0.072,0.074,0.005,0.202,0.002,0.003,1250.908,1471.103,1.003
"K_uu_workout[47, 34]",0.072,0.074,0.007,0.205,0.002,0.003,1247.402,1471.148,1.003
"K_uu_workout[47, 35]",0.072,0.074,0.007,0.205,0.002,0.003,1243.609,1471.148,1.003
"K_uu_workout[47, 36]",0.072,0.074,0.005,0.204,0.002,0.003,1241.317,1471.148,1.003
"K_uu_workout[47, 37]",0.072,0.075,0.005,0.205,0.002,0.003,1238.053,1471.148,1.003
"K_uu_workout[47, 38]",0.073,0.075,0.005,0.205,0.002,0.003,1234.81,1471.148,1.003
"K_uu_workout[47, 39]",0.073,0.075,0.007,0.208,0.002,0.003,1232.094,1471.148,1.003
"K_uu_workout[47, 40]",0.073,0.075,0.007,0.208,0.002,0.003,1229.971,1471.148,1.003
"K_uu_workout[47, 41]",0.073,0.075,0.007,0.208,0.002,0.003,1227.847,1471.148,1.003
"K_uu_workout[47, 42]",0.073,0.075,0.007,0.209,0.002,0.003,1226.26,1471.148,1.003
"K_uu_workout[47, 43]",0.073,0.075,0.005,0.207,0.002,0.003,1225.174,1471.148,1.003
"K_uu_workout[47, 44]",0.073,0.075,0.005,0.207,0.002,0.003,1224.341,1471.148,1.003
"K_uu_workout[47, 45]",0.073,0.075,0.005,0.207,0.002,0.003,1223.672,1471.148,1.003
"K_uu_workout[47, 46]",0.073,0.075,0.005,0.207,0.002,0.003,1223.326,1471.148,1.003
"K_uu_workout[47, 47]",0.073,0.075,0.005,0.207,0.002,0.003,1223.192,1471.148,1.003
"K_uu_workout[47, 48]",0.073,0.075,0.005,0.207,0.002,0.003,1223.326,1471.148,1.003
"K_uu_workout[47, 49]",0.073,0.075,0.005,0.207,0.002,0.003,1223.672,1471.148,1.003
"K_uu_workout[48, 0]",0.056,0.065,0.002,0.172,0.002,0.003,1302.899,1385.332,1.001
"K_uu_workout[48, 1]",0.057,0.066,0.002,0.173,0.002,0.003,1306.928,1385.332,1.001
"K_uu_workout[48, 2]",0.057,0.066,0.002,0.175,0.002,0.003,1310.772,1385.332,1.001
"K_uu_workout[48, 3]",0.058,0.066,0.002,0.176,0.002,0.003,1314.933,1385.332,1.001
"K_uu_workout[48, 4]",0.058,0.067,0.003,0.178,0.002,0.003,1316.531,1385.332,1.001
"K_uu_workout[48, 5]",0.059,0.067,0.002,0.179,0.002,0.003,1318.984,1405.821,1.001
"K_uu_workout[48, 6]",0.059,0.067,0.001,0.178,0.002,0.003,1320.132,1405.821,1.001
"K_uu_workout[48, 7]",0.06,0.068,0.001,0.178,0.002,0.003,1320.99,1405.821,1.002
"K_uu_workout[48, 8]",0.06,0.068,0.002,0.18,0.002,0.003,1320.251,1405.821,1.002
"K_uu_workout[48, 9]",0.061,0.068,0.0,0.179,0.002,0.003,1320.414,1405.821,1.002
"K_uu_workout[48, 10]",0.061,0.068,0.001,0.181,0.002,0.003,1322.284,1427.176,1.002
"K_uu_workout[48, 11]",0.062,0.069,0.001,0.182,0.002,0.003,1322.403,1427.176,1.002
"K_uu_workout[48, 12]",0.062,0.069,0.001,0.183,0.002,0.003,1321.522,1449.141,1.002
"K_uu_workout[48, 13]",0.063,0.069,0.001,0.183,0.002,0.003,1320.512,1449.141,1.003
"K_uu_workout[48, 14]",0.063,0.07,0.001,0.184,0.002,0.003,1319.285,1449.141,1.003
"K_uu_workout[48, 15]",0.064,0.07,0.001,0.184,0.002,0.003,1317.191,1449.141,1.003
"K_uu_workout[48, 16]",0.064,0.07,0.001,0.184,0.002,0.003,1315.413,1448.868,1.003
"K_uu_workout[48, 17]",0.065,0.07,0.005,0.191,0.002,0.003,1313.388,1448.868,1.003
"K_uu_workout[48, 18]",0.065,0.071,0.005,0.191,0.002,0.003,1308.282,1448.868,1.003
"K_uu_workout[48, 19]",0.066,0.071,0.005,0.193,0.002,0.003,1305.688,1448.868,1.003
"K_uu_workout[48, 20]",0.066,0.071,0.005,0.193,0.002,0.003,1302.531,1457.447,1.003
"K_uu_workout[48, 21]",0.067,0.071,0.004,0.192,0.002,0.003,1298.749,1457.447,1.003
"K_uu_workout[48, 22]",0.067,0.072,0.004,0.192,0.002,0.003,1294.524,1457.447,1.003
"K_uu_workout[48, 23]",0.068,0.072,0.006,0.195,0.002,0.003,1291.417,1457.295,1.003
"K_uu_workout[48, 24]",0.068,0.072,0.005,0.194,0.002,0.003,1288.151,1457.295,1.003
"K_uu_workout[48, 25]",0.069,0.072,0.005,0.195,0.002,0.003,1284.017,1457.295,1.003
"K_uu_workout[48, 26]",0.069,0.072,0.005,0.195,0.002,0.003,1281.649,1457.295,1.003
"K_uu_workout[48, 27]",0.069,0.073,0.006,0.197,0.002,0.003,1277.424,1457.295,1.003
"K_uu_workout[48, 28]",0.07,0.073,0.006,0.198,0.002,0.003,1274.343,1457.295,1.003
"K_uu_workout[48, 29]",0.07,0.073,0.005,0.198,0.002,0.003,1270.664,1457.295,1.003
"K_uu_workout[48, 30]",0.07,0.073,0.005,0.198,0.002,0.003,1267.3,1471.103,1.003
"K_uu_workout[48, 31]",0.071,0.073,0.005,0.198,0.002,0.003,1263.079,1471.103,1.003
"K_uu_workout[48, 32]",0.071,0.074,0.005,0.199,0.002,0.003,1258.708,1471.103,1.003
"K_uu_workout[48, 33]",0.071,0.074,0.005,0.201,0.002,0.003,1254.911,1471.103,1.003
"K_uu_workout[48, 34]",0.072,0.074,0.005,0.202,0.002,0.003,1250.908,1471.103,1.003
"K_uu_workout[48, 35]",0.072,0.074,0.007,0.205,0.002,0.003,1247.402,1471.148,1.003
"K_uu_workout[48, 36]",0.072,0.074,0.007,0.205,0.002,0.003,1243.609,1471.148,1.003
"K_uu_workout[48, 37]",0.072,0.074,0.005,0.204,0.002,0.003,1241.317,1471.148,1.003
"K_uu_workout[48, 38]",0.072,0.075,0.005,0.205,0.002,0.003,1238.053,1471.148,1.003
"K_uu_workout[48, 39]",0.073,0.075,0.005,0.205,0.002,0.003,1234.81,1471.148,1.003
"K_uu_workout[48, 40]",0.073,0.075,0.007,0.208,0.002,0.003,1232.094,1471.148,1.003
"K_uu_workout[48, 41]",0.073,0.075,0.007,0.208,0.002,0.003,1229.971,1471.148,1.003
"K_uu_workout[48, 42]",0.073,0.075,0.007,0.208,0.002,0.003,1227.847,1471.148,1.003
"K_uu_workout[48, 43]",0.073,0.075,0.007,0.209,0.002,0.003,1226.26,1471.148,1.003
"K_uu_workout[48, 44]",0.073,0.075,0.005,0.207,0.002,0.003,1225.174,1471.148,1.003
"K_uu_workout[48, 45]",0.073,0.075,0.005,0.207,0.002,0.003,1224.341,1471.148,1.003
"K_uu_workout[48, 46]",0.073,0.075,0.005,0.207,0.002,0.003,1223.672,1471.148,1.003
"K_uu_workout[48, 47]",0.073,0.075,0.005,0.207,0.002,0.003,1223.326,1471.148,1.003
"K_uu_workout[48, 48]",0.073,0.075,0.005,0.207,0.002,0.003,1223.192,1471.148,1.003
"K_uu_workout[48, 49]",0.073,0.075,0.005,0.207,0.002,0.003,1223.326,1471.148,1.003
"K_uu_workout[49, 0]",0.055,0.065,0.002,0.171,0.002,0.003,1298.65,1385.332,1.001
"K_uu_workout[49, 1]",0.056,0.065,0.002,0.172,0.002,0.003,1302.899,1385.332,1.001
"K_uu_workout[49, 2]",0.057,0.066,0.002,0.173,0.002,0.003,1306.928,1385.332,1.001
"K_uu_workout[49, 3]",0.057,0.066,0.002,0.175,0.002,0.003,1310.772,1385.332,1.001
"K_uu_workout[49, 4]",0.058,0.066,0.002,0.176,0.002,0.003,1314.933,1385.332,1.001
"K_uu_workout[49, 5]",0.058,0.067,0.003,0.178,0.002,0.003,1316.531,1385.332,1.001
"K_uu_workout[49, 6]",0.059,0.067,0.002,0.179,0.002,0.003,1318.984,1405.821,1.001
"K_uu_workout[49, 7]",0.059,0.067,0.001,0.178,0.002,0.003,1320.132,1405.821,1.001
"K_uu_workout[49, 8]",0.06,0.068,0.001,0.178,0.002,0.003,1320.99,1405.821,1.002
"K_uu_workout[49, 9]",0.06,0.068,0.002,0.18,0.002,0.003,1320.251,1405.821,1.002
"K_uu_workout[49, 10]",0.061,0.068,0.0,0.179,0.002,0.003,1320.414,1405.821,1.002
"K_uu_workout[49, 11]",0.061,0.068,0.001,0.181,0.002,0.003,1322.284,1427.176,1.002
"K_uu_workout[49, 12]",0.062,0.069,0.001,0.182,0.002,0.003,1322.403,1427.176,1.002
"K_uu_workout[49, 13]",0.062,0.069,0.001,0.183,0.002,0.003,1321.522,1449.141,1.002
"K_uu_workout[49, 14]",0.063,0.069,0.001,0.183,0.002,0.003,1320.512,1449.141,1.003
"K_uu_workout[49, 15]",0.063,0.07,0.001,0.184,0.002,0.003,1319.285,1449.141,1.003
"K_uu_workout[49, 16]",0.064,0.07,0.001,0.184,0.002,0.003,1317.191,1449.141,1.003
"K_uu_workout[49, 17]",0.064,0.07,0.001,0.184,0.002,0.003,1315.413,1448.868,1.003
"K_uu_workout[49, 18]",0.065,0.07,0.005,0.191,0.002,0.003,1313.388,1448.868,1.003
"K_uu_workout[49, 19]",0.065,0.071,0.005,0.191,0.002,0.003,1308.282,1448.868,1.003
"K_uu_workout[49, 20]",0.066,0.071,0.005,0.193,0.002,0.003,1305.688,1448.868,1.003
"K_uu_workout[49, 21]",0.066,0.071,0.005,0.193,0.002,0.003,1302.531,1457.447,1.003
"K_uu_workout[49, 22]",0.067,0.071,0.004,0.192,0.002,0.003,1298.749,1457.447,1.003
"K_uu_workout[49, 23]",0.067,0.072,0.004,0.192,0.002,0.003,1294.524,1457.447,1.003
"K_uu_workout[49, 24]",0.068,0.072,0.006,0.195,0.002,0.003,1291.417,1457.295,1.003
"K_uu_workout[49, 25]",0.068,0.072,0.005,0.194,0.002,0.003,1288.151,1457.295,1.003
"K_uu_workout[49, 26]",0.069,0.072,0.005,0.195,0.002,0.003,1284.017,1457.295,1.003
"K_uu_workout[49, 27]",0.069,0.072,0.005,0.195,0.002,0.003,1281.649,1457.295,1.003
"K_uu_workout[49, 28]",0.069,0.073,0.006,0.197,0.002,0.003,1277.424,1457.295,1.003
"K_uu_workout[49, 29]",0.07,0.073,0.006,0.198,0.002,0.003,1274.343,1457.295,1.003
"K_uu_workout[49, 30]",0.07,0.073,0.005,0.198,0.002,0.003,1270.664,1457.295,1.003
"K_uu_workout[49, 31]",0.07,0.073,0.005,0.198,0.002,0.003,1267.3,1471.103,1.003
"K_uu_workout[49, 32]",0.071,0.073,0.005,0.198,0.002,0.003,1263.079,1471.103,1.003
"K_uu_workout[49, 33]",0.071,0.074,0.005,0.199,0.002,0.003,1258.708,1471.103,1.003
"K_uu_workout[49, 34]",0.071,0.074,0.005,0.201,0.002,0.003,1254.911,1471.103,1.003
"K_uu_workout[49, 35]",0.072,0.074,0.005,0.202,0.002,0.003,1250.908,1471.103,1.003
"K_uu_workout[49, 36]",0.072,0.074,0.007,0.205,0.002,0.003,1247.402,1471.148,1.003
"K_uu_workout[49, 37]",0.072,0.074,0.007,0.205,0.002,0.003,1243.609,1471.148,1.003
"K_uu_workout[49, 38]",0.072,0.074,0.005,0.204,0.002,0.003,1241.317,1471.148,1.003
"K_uu_workout[49, 39]",0.072,0.075,0.005,0.205,0.002,0.003,1238.053,1471.148,1.003
"K_uu_workout[49, 40]",0.073,0.075,0.005,0.205,0.002,0.003,1234.81,1471.148,1.003
"K_uu_workout[49, 41]",0.073,0.075,0.007,0.208,0.002,0.003,1232.094,1471.148,1.003
"K_uu_workout[49, 42]",0.073,0.075,0.007,0.208,0.002,0.003,1229.971,1471.148,1.003
"K_uu_workout[49, 43]",0.073,0.075,0.007,0.208,0.002,0.003,1227.847,1471.148,1.003
"K_uu_workout[49, 44]",0.073,0.075,0.007,0.209,0.002,0.003,1226.26,1471.148,1.003
"K_uu_workout[49, 45]",0.073,0.075,0.005,0.207,0.002,0.003,1225.174,1471.148,1.003
"K_uu_workout[49, 46]",0.073,0.075,0.005,0.207,0.002,0.003,1224.341,1471.148,1.003
"K_uu_workout[49, 47]",0.073,0.075,0.005,0.207,0.002,0.003,1223.672,1471.148,1.003
"K_uu_workout[49, 48]",0.073,0.075,0.005,0.207,0.002,0.003,1223.326,1471.148,1.003
"K_uu_workout[49, 49]",0.073,0.075,0.005,0.207,0.002,0.003,1223.192,1471.148,1.003
"L_uu_weight[0, 0]",0.978,0.21,0.606,1.379,0.005,0.004,1605.731,1528.315,1.0
"L_uu_weight[0, 1]",0.0,0.0,0.0,0.0,0.0,,2000.0,2000.0,
"L_uu_weight[0, 2]",0.0,0.0,0.0,0.0,0.0,,2000.0,2000.0,
"L_uu_weight[0, 3]",0.0,0.0,0.0,0.0,0.0,,2000.0,2000.0,
"L_uu_weight[0, 4]",0.0,0.0,0.0,0.0,0.0,,2000.0,2000.0,
"L_uu_weight[0, 5]",0.0,0.0,0.0,0.0,0.0,,2000.0,2000.0,
"L_uu_weight[0, 6]",0.0,0.0,0.0,0.0,0.0,,2000.0,2000.0,
"L_uu_weight[0, 7]",0.0,0.0,0.0,0.0,0.0,,2000.0,2000.0,
"L_uu_weight[0, 8]",0.0,0.0,0.0,0.0,0.0,,2000.0,2000.0,
"L_uu_weight[0, 9]",0.0,0.0,0.0,0.0,0.0,,2000.0,2000.0,
"L_uu_weight[0, 10]",0.0,0.0,0.0,0.0,0.0,,2000.0,2000.0,
"L_uu_weight[0, 11]",0.0,0.0,0.0,0.0,0.0,,2000.0,2000.0,
"L_uu_weight[0, 12]",0.0,0.0,0.0,0.0,0.0,,2000.0,2000.0,
"L_uu_weight[0, 13]",0.0,0.0,0.0,0.0,0.0,,2000.0,2000.0,
"L_uu_weight[0, 14]",0.0,0.0,0.0,0.0,0.0,,2000.0,2000.0,
"L_uu_weight[0, 15]",0.0,0.0,0.0,0.0,0.0,,2000.0,2000.0,
"L_uu_weight[0, 16]",0.0,0.0,0.0,0.0,0.0,,2000.0,2000.0,
"L_uu_weight[0, 17]",0.0,0.0,0.0,0.0,0.0,,2000.0,2000.0,
"L_uu_weight[0, 18]",0.0,0.0,0.0,0.0,0.0,,2000.0,2000.0,
"L_uu_weight[0, 19]",0.0,0.0,0.0,0.0,0.0,,2000.0,2000.0,
"L_uu_weight[0, 20]",0.0,0.0,0.0,0.0,0.0,,2000.0,2000.0,
"L_uu_weight[0, 21]",0.0,0.0,0.0,0.0,0.0,,2000.0,2000.0,
"L_uu_weight[0, 22]",0.0,0.0,0.0,0.0,0.0,,2000.0,2000.0,
"L_uu_weight[0, 23]",0.0,0.0,0.0,0.0,0.0,,2000.0,2000.0,
"L_uu_weight[0, 24]",0.0,0.0,0.0,0.0,0.0,,2000.0,2000.0,
"L_uu_weight[0, 25]",0.0,0.0,0.0,0.0,0.0,,2000.0,2000.0,
"L_uu_weight[0, 26]",0.0,0.0,0.0,0.0,0.0,,2000.0,2000.0,
"L_uu_weight[0, 27]",0.0,0.0,0.0,0.0,0.0,,2000.0,2000.0,
"L_uu_weight[0, 28]",0.0,0.0,0.0,0.0,0.0,,2000.0,2000.0,
"L_uu_weight[0, 29]",0.0,0.0,0.0,0.0,0.0,,2000.0,2000.0,
"L_uu_weight[0, 30]",0.0,0.0,0.0,0.0,0.0,,2000.0,2000.0,
"L_uu_weight[0, 31]",0.0,0.0,0.0,0.0,0.0,,2000.0,2000.0,
"L_uu_weight[0, 32]",0.0,0.0,0.0,0.0,0.0,,2000.0,2000.0,
"L_uu_weight[0, 33]",0.0,0.0,0.0,0.0,0.0,,2000.0,2000.0,
"L_uu_weight[0, 34]",0.0,0.0,0.0,0.0,0.0,,2000.0,2000.0,
"L_uu_weight[0, 35]",0.0,0.0,0.0,0.0,0.0,,2000.0,2000.0,
"L_uu_weight[0, 36]",0.0,0.0,0.0,0.0,0.0,,2000.0,2000.0,
"L_uu_weight[0, 37]",0.0,0.0,0.0,0.0,0.0,,2000.0,2000.0,
"L_uu_weight[0, 38]",0.0,0.0,0.0,0.0,0.0,,2000.0,2000.0,
"L_uu_weight[0, 39]",0.0,0.0,0.0,0.0,0.0,,2000.0,2000.0,
"L_uu_weight[0, 40]",0.0,0.0,0.0,0.0,0.0,,2000.0,2000.0,
"L_uu_weight[0, 41]",0.0,0.0,0.0,0.0,0.0,,2000.0,2000.0,
"L_uu_weight[0, 42]",0.0,0.0,0.0,0.0,0.0,,2000.0,2000.0,
"L_uu_weight[0, 43]",0.0,0.0,0.0,0.0,0.0,,2000.0,2000.0,
"L_uu_weight[0, 44]",0.0,0.0,0.0,0.0,0.0,,2000.0,2000.0,
"L_uu_weight[0, 45]",0.0,0.0,0.0,0.0,0.0,,2000.0,2000.0,
"L_uu_weight[0, 46]",0.0,0.0,0.0,0.0,0.0,,2000.0,2000.0,
"L_uu_weight[0, 47]",0.0,0.0,0.0,0.0,0.0,,2000.0,2000.0,
"L_uu_weight[0, 48]",0.0,0.0,0.0,0.0,0.0,,2000.0,2000.0,
"L_uu_weight[0, 49]",0.0,0.0,0.0,0.0,0.0,,2000.0,2000.0,
"L_uu_weight[1, 0]",0.973,0.209,0.601,1.372,0.005,0.004,1602.553,1515.273,1.0
"L_uu_weight[1, 1]",0.106,0.025,0.065,0.152,0.001,0.001,1420.953,1505.73,1.0
"L_uu_weight[1, 2]",0.0,0.0,0.0,0.0,0.0,,2000.0,2000.0,
"L_uu_weight[1, 3]",0.0,0.0,0.0,0.0,0.0,,2000.0,2000.0,
"L_uu_weight[1, 4]",0.0,0.0,0.0,0.0,0.0,,2000.0,2000.0,
"L_uu_weight[1, 5]",0.0,0.0,0.0,0.0,0.0,,2000.0,2000.0,
"L_uu_weight[1, 6]",0.0,0.0,0.0,0.0,0.0,,2000.0,2000.0,
"L_uu_weight[1, 7]",0.0,0.0,0.0,0.0,0.0,,2000.0,2000.0,
"L_uu_weight[1, 8]",0.0,0.0,0.0,0.0,0.0,,2000.0,2000.0,
"L_uu_weight[1, 9]",0.0,0.0,0.0,0.0,0.0,,2000.0,2000.0,
"L_uu_weight[1, 10]",0.0,0.0,0.0,0.0,0.0,,2000.0,2000.0,
"L_uu_weight[1, 11]",0.0,0.0,0.0,0.0,0.0,,2000.0,2000.0,
"L_uu_weight[1, 12]",0.0,0.0,0.0,0.0,0.0,,2000.0,2000.0,
"L_uu_weight[1, 13]",0.0,0.0,0.0,0.0,0.0,,2000.0,2000.0,
"L_uu_weight[1, 14]",0.0,0.0,0.0,0.0,0.0,,2000.0,2000.0,
"L_uu_weight[1, 15]",0.0,0.0,0.0,0.0,0.0,,2000.0,2000.0,
"L_uu_weight[1, 16]",0.0,0.0,0.0,0.0,0.0,,2000.0,2000.0,
"L_uu_weight[1, 17]",0.0,0.0,0.0,0.0,0.0,,2000.0,2000.0,
"L_uu_weight[1, 18]",0.0,0.0,0.0,0.0,0.0,,2000.0,2000.0,
"L_uu_weight[1, 19]",0.0,0.0,0.0,0.0,0.0,,2000.0,2000.0,
"L_uu_weight[1, 20]",0.0,0.0,0.0,0.0,0.0,,2000.0,2000.0,
"L_uu_weight[1, 21]",0.0,0.0,0.0,0.0,0.0,,2000.0,2000.0,
"L_uu_weight[1, 22]",0.0,0.0,0.0,0.0,0.0,,2000.0,2000.0,
"L_uu_weight[1, 23]",0.0,0.0,0.0,0.0,0.0,,2000.0,2000.0,
"L_uu_weight[1, 24]",0.0,0.0,0.0,0.0,0.0,,2000.0,2000.0,
"L_uu_weight[1, 25]",0.0,0.0,0.0,0.0,0.0,,2000.0,2000.0,
"L_uu_weight[1, 26]",0.0,0.0,0.0,0.0,0.0,,2000.0,2000.0,
"L_uu_weight[1, 27]",0.0,0.0,0.0,0.0,0.0,,2000.0,2000.0,
"L_uu_weight[1, 28]",0.0,0.0,0.0,0.0,0.0,,2000.0,2000.0,
"L_uu_weight[1, 29]",0.0,0.0,0.0,0.0,0.0,,2000.0,2000.0,
"L_uu_weight[1, 30]",0.0,0.0,0.0,0.0,0.0,,2000.0,2000.0,
"L_uu_weight[1, 31]",0.0,0.0,0.0,0.0,0.0,,2000.0,2000.0,
"L_uu_weight[1, 32]",0.0,0.0,0.0,0.0,0.0,,2000.0,2000.0,
"L_uu_weight[1, 33]",0.0,0.0,0.0,0.0,0.0,,2000.0,2000.0,
"L_uu_weight[1, 34]",0.0,0.0,0.0,0.0,0.0,,2000.0,2000.0,
"L_uu_weight[1, 35]",0.0,0.0,0.0,0.0,0.0,,2000.0,2000.0,
"L_uu_weight[1, 36]",0.0,0.0,0.0,0.0,0.0,,2000.0,2000.0,
"L_uu_weight[1, 37]",0.0,0.0,0.0,0.0,0.0,,2000.0,2000.0,
"L_uu_weight[1, 38]",0.0,0.0,0.0,0.0,0.0,,2000.0,2000.0,
"L_uu_weight[1, 39]",0.0,0.0,0.0,0.0,0.0,,2000.0,2000.0,
"L_uu_weight[1, 40]",0.0,0.0,0.0,0.0,0.0,,2000.0,2000.0,
"L_uu_weight[1, 41]",0.0,0.0,0.0,0.0,0.0,,2000.0,2000.0,
"L_uu_weight[1, 42]",0.0,0.0,0.0,0.0,0.0,,2000.0,2000.0,
"L_uu_weight[1, 43]",0.0,0.0,0.0,0.0,0.0,,2000.0,2000.0,
"L_uu_weight[1, 44]",0.0,0.0,0.0,0.0,0.0,,2000.0,2000.0,
"L_uu_weight[1, 45]",0.0,0.0,0.0,0.0,0.0,,2000.0,2000.0,
"L_uu_weight[1, 46]",0.0,0.0,0.0,0.0,0.0,,2000.0,2000.0,
"L_uu_weight[1, 47]",0.0,0.0,0.0,0.0,0.0,,2000.0,2000.0,
"L_uu_weight[1, 48]",0.0,0.0,0.0,0.0,0.0,,2000.0,2000.0,
"L_uu_weight[1, 49]",0.0,0.0,0.0,0.0,0.0,,2000.0,2000.0,
"L_uu_weight[2, 0]",0.955,0.207,0.599,1.364,0.005,0.004,1592.949,1539.717,1.0
"L_uu_weight[2, 1]",0.207,0.049,0.126,0.296,0.001,0.001,1422.915,1529.681,1.0
"L_uu_weight[2, 2]",0.029,0.007,0.018,0.042,0.0,0.0,1481.255,1505.041,1.0
"L_uu_weight[2, 3]",0.0,0.0,0.0,0.0,0.0,,2000.0,2000.0,
"L_uu_weight[2, 4]",0.0,0.0,0.0,0.0,0.0,,2000.0,2000.0,
"L_uu_weight[2, 5]",0.0,0.0,0.0,0.0,0.0,,2000.0,2000.0,
"L_uu_weight[2, 6]",0.0,0.0,0.0,0.0,0.0,,2000.0,2000.0,
"L_uu_weight[2, 7]",0.0,0.0,0.0,0.0,0.0,,2000.0,2000.0,
"L_uu_weight[2, 8]",0.0,0.0,0.0,0.0,0.0,,2000.0,2000.0,
"L_uu_weight[2, 9]",0.0,0.0,0.0,0.0,0.0,,2000.0,2000.0,
"L_uu_weight[2, 10]",0.0,0.0,0.0,0.0,0.0,,2000.0,2000.0,
"L_uu_weight[2, 11]",0.0,0.0,0.0,0.0,0.0,,2000.0,2000.0,
"L_uu_weight[2, 12]",0.0,0.0,0.0,0.0,0.0,,2000.0,2000.0,
"L_uu_weight[2, 13]",0.0,0.0,0.0,0.0,0.0,,2000.0,2000.0,
"L_uu_weight[2, 14]",0.0,0.0,0.0,0.0,0.0,,2000.0,2000.0,
"L_uu_weight[2, 15]",0.0,0.0,0.0,0.0,0.0,,2000.0,2000.0,
"L_uu_weight[2, 16]",0.0,0.0,0.0,0.0,0.0,,2000.0,2000.0,
"L_uu_weight[2, 17]",0.0,0.0,0.0,0.0,0.0,,2000.0,2000.0,
"L_uu_weight[2, 18]",0.0,0.0,0.0,0.0,0.0,,2000.0,2000.0,
"L_uu_weight[2, 19]",0.0,0.0,0.0,0.0,0.0,,2000.0,2000.0,
"L_uu_weight[2, 20]",0.0,0.0,0.0,0.0,0.0,,2000.0,2000.0,
"L_uu_weight[2, 21]",0.0,0.0,0.0,0.0,0.0,,2000.0,2000.0,
"L_uu_weight[2, 22]",0.0,0.0,0.0,0.0,0.0,,2000.0,2000.0,
"L_uu_weight[2, 23]",0.0,0.0,0.0,0.0,0.0,,2000.0,2000.0,
"L_uu_weight[2, 24]",0.0,0.0,0.0,0.0,0.0,,2000.0,2000.0,
"L_uu_weight[2, 25]",0.0,0.0,0.0,0.0,0.0,,2000.0,2000.0,
"L_uu_weight[2, 26]",0.0,0.0,0.0,0.0,0.0,,2000.0,2000.0,
"L_uu_weight[2, 27]",0.0,0.0,0.0,0.0,0.0,,2000.0,2000.0,
"L_uu_weight[2, 28]",0.0,0.0,0.0,0.0,0.0,,2000.0,2000.0,
"L_uu_weight[2, 29]",0.0,0.0,0.0,0.0,0.0,,2000.0,2000.0,
"L_uu_weight[2, 30]",0.0,0.0,0.0,0.0,0.0,,2000.0,2000.0,
"L_uu_weight[2, 31]",0.0,0.0,0.0,0.0,0.0,,2000.0,2000.0,
"L_uu_weight[2, 32]",0.0,0.0,0.0,0.0,0.0,,2000.0,2000.0,
"L_uu_weight[2, 33]",0.0,0.0,0.0,0.0,0.0,,2000.0,2000.0,
"L_uu_weight[2, 34]",0.0,0.0,0.0,0.0,0.0,,2000.0,2000.0,
"L_uu_weight[2, 35]",0.0,0.0,0.0,0.0,0.0,,2000.0,2000.0,
"L_uu_weight[2, 36]",0.0,0.0,0.0,0.0,0.0,,2000.0,2000.0,
"L_uu_weight[2, 37]",0.0,0.0,0.0,0.0,0.0,,2000.0,2000.0,
"L_uu_weight[2, 38]",0.0,0.0,0.0,0.0,0.0,,2000.0,2000.0,
"L_uu_weight[2, 39]",0.0,0.0,0.0,0.0,0.0,,2000.0,2000.0,
"L_uu_weight[2, 40]",0.0,0.0,0.0,0.0,0.0,,2000.0,2000.0,
"L_uu_weight[2, 41]",0.0,0.0,0.0,0.0,0.0,,2000.0,2000.0,
"L_uu_weight[2, 42]",0.0,0.0,0.0,0.0,0.0,,2000.0,2000.0,
"L_uu_weight[2, 43]",0.0,0.0,0.0,0.0,0.0,,2000.0,2000.0,
"L_uu_weight[2, 44]",0.0,0.0,0.0,0.0,0.0,,2000.0,2000.0,
"L_uu_weight[2, 45]",0.0,0.0,0.0,0.0,0.0,,2000.0,2000.0,
"L_uu_weight[2, 46]",0.0,0.0,0.0,0.0,0.0,,2000.0,2000.0,
"L_uu_weight[2, 47]",0.0,0.0,0.0,0.0,0.0,,2000.0,2000.0,
"L_uu_weight[2, 48]",0.0,0.0,0.0,0.0,0.0,,2000.0,2000.0,
"L_uu_weight[2, 49]",0.0,0.0,0.0,0.0,0.0,,2000.0,2000.0,
"L_uu_weight[3, 0]",0.927,0.205,0.557,1.31,0.005,0.004,1574.89,1514.74,1.0
"L_uu_weight[3, 1]",0.302,0.07,0.187,0.433,0.002,0.002,1439.425,1553.964,1.0
"L_uu_weight[3, 2]",0.054,0.017,0.029,0.085,0.0,0.001,1313.494,1337.614,1.0
"L_uu_weight[3, 3]",0.028,0.006,0.018,0.04,0.0,0.0,1488.6,1688.171,1.0
"L_uu_weight[3, 4]",0.0,0.0,0.0,0.0,0.0,,2000.0,2000.0,
"L_uu_weight[3, 5]",0.0,0.0,0.0,0.0,0.0,,2000.0,2000.0,
"L_uu_weight[3, 6]",0.0,0.0,0.0,0.0,0.0,,2000.0,2000.0,
"L_uu_weight[3, 7]",0.0,0.0,0.0,0.0,0.0,,2000.0,2000.0,
"L_uu_weight[3, 8]",0.0,0.0,0.0,0.0,0.0,,2000.0,2000.0,
"L_uu_weight[3, 9]",0.0,0.0,0.0,0.0,0.0,,2000.0,2000.0,
"L_uu_weight[3, 10]",0.0,0.0,0.0,0.0,0.0,,2000.0,2000.0,
"L_uu_weight[3, 11]",0.0,0.0,0.0,0.0,0.0,,2000.0,2000.0,
"L_uu_weight[3, 12]",0.0,0.0,0.0,0.0,0.0,,2000.0,2000.0,
"L_uu_weight[3, 13]",0.0,0.0,0.0,0.0,0.0,,2000.0,2000.0,
"L_uu_weight[3, 14]",0.0,0.0,0.0,0.0,0.0,,2000.0,2000.0,
"L_uu_weight[3, 15]",0.0,0.0,0.0,0.0,0.0,,2000.0,2000.0,
"L_uu_weight[3, 16]",0.0,0.0,0.0,0.0,0.0,,2000.0,2000.0,
"L_uu_weight[3, 17]",0.0,0.0,0.0,0.0,0.0,,2000.0,2000.0,
"L_uu_weight[3, 18]",0.0,0.0,0.0,0.0,0.0,,2000.0,2000.0,
"L_uu_weight[3, 19]",0.0,0.0,0.0,0.0,0.0,,2000.0,2000.0,
"L_uu_weight[3, 20]",0.0,0.0,0.0,0.0,0.0,,2000.0,2000.0,
"L_uu_weight[3, 21]",0.0,0.0,0.0,0.0,0.0,,2000.0,2000.0,
"L_uu_weight[3, 22]",0.0,0.0,0.0,0.0,0.0,,2000.0,2000.0,
"L_uu_weight[3, 23]",0.0,0.0,0.0,0.0,0.0,,2000.0,2000.0,
"L_uu_weight[3, 24]",0.0,0.0,0.0,0.0,0.0,,2000.0,2000.0,
"L_uu_weight[3, 25]",0.0,0.0,0.0,0.0,0.0,,2000.0,2000.0,
"L_uu_weight[3, 26]",0.0,0.0,0.0,0.0,0.0,,2000.0,2000.0,
"L_uu_weight[3, 27]",0.0,0.0,0.0,0.0,0.0,,2000.0,2000.0,
"L_uu_weight[3, 28]",0.0,0.0,0.0,0.0,0.0,,2000.0,2000.0,
"L_uu_weight[3, 29]",0.0,0.0,0.0,0.0,0.0,,2000.0,2000.0,
"L_uu_weight[3, 30]",0.0,0.0,0.0,0.0,0.0,,2000.0,2000.0,
"L_uu_weight[3, 31]",0.0,0.0,0.0,0.0,0.0,,2000.0,2000.0,
"L_uu_weight[3, 32]",0.0,0.0,0.0,0.0,0.0,,2000.0,2000.0,
"L_uu_weight[3, 33]",0.0,0.0,0.0,0.0,0.0,,2000.0,2000.0,
"L_uu_weight[3, 34]",0.0,0.0,0.0,0.0,0.0,,2000.0,2000.0,
"L_uu_weight[3, 35]",0.0,0.0,0.0,0.0,0.0,,2000.0,2000.0,
"L_uu_weight[3, 36]",0.0,0.0,0.0,0.0,0.0,,2000.0,2000.0,
"L_uu_weight[3, 37]",0.0,0.0,0.0,0.0,0.0,,2000.0,2000.0,
"L_uu_weight[3, 38]",0.0,0.0,0.0,0.0,0.0,,2000.0,2000.0,
"L_uu_weight[3, 39]",0.0,0.0,0.0,0.0,0.0,,2000.0,2000.0,
"L_uu_weight[3, 40]",0.0,0.0,0.0,0.0,0.0,,2000.0,2000.0,
"L_uu_weight[3, 41]",0.0,0.0,0.0,0.0,0.0,,2000.0,2000.0,
"L_uu_weight[3, 42]",0.0,0.0,0.0,0.0,0.0,,2000.0,2000.0,
"L_uu_weight[3, 43]",0.0,0.0,0.0,0.0,0.0,,2000.0,2000.0,
"L_uu_weight[3, 44]",0.0,0.0,0.0,0.0,0.0,,2000.0,2000.0,
"L_uu_weight[3, 45]",0.0,0.0,0.0,0.0,0.0,,2000.0,2000.0,
"L_uu_weight[3, 46]",0.0,0.0,0.0,0.0,0.0,,2000.0,2000.0,
"L_uu_weight[3, 47]",0.0,0.0,0.0,0.0,0.0,,2000.0,2000.0,
"L_uu_weight[3, 48]",0.0,0.0,0.0,0.0,0.0,,2000.0,2000.0,
"L_uu_weight[3, 49]",0.0,0.0,0.0,0.0,0.0,,2000.0,2000.0,
"L_uu_weight[4, 0]",0.889,0.202,0.532,1.263,0.005,0.004,1545.506,1402.499,1.001
"L_uu_weight[4, 1]",0.387,0.087,0.244,0.552,0.002,0.002,1469.79,1630.715,1.0
"L_uu_weight[4, 2]",0.089,0.031,0.043,0.144,0.001,0.001,1282.359,1300.293,1.001
"L_uu_weight[4, 3]",0.052,0.014,0.031,0.078,0.0,0.0,1371.027,1584.96,1.0
"L_uu_weight[4, 4]",0.026,0.005,0.016,0.036,0.0,0.0,1601.976,1551.493,1.0
"L_uu_weight[4, 5]",0.0,0.0,0.0,0.0,0.0,,2000.0,2000.0,
"L_uu_weight[4, 6]",0.0,0.0,0.0,0.0,0.0,,2000.0,2000.0,
"L_uu_weight[4, 7]",0.0,0.0,0.0,0.0,0.0,,2000.0,2000.0,
"L_uu_weight[4, 8]",0.0,0.0,0.0,0.0,0.0,,2000.0,2000.0,
"L_uu_weight[4, 9]",0.0,0.0,0.0,0.0,0.0,,2000.0,2000.0,
"L_uu_weight[4, 10]",0.0,0.0,0.0,0.0,0.0,,2000.0,2000.0,
"L_uu_weight[4, 11]",0.0,0.0,0.0,0.0,0.0,,2000.0,2000.0,
"L_uu_weight[4, 12]",0.0,0.0,0.0,0.0,0.0,,2000.0,2000.0,
"L_uu_weight[4, 13]",0.0,0.0,0.0,0.0,0.0,,2000.0,2000.0,
"L_uu_weight[4, 14]",0.0,0.0,0.0,0.0,0.0,,2000.0,2000.0,
"L_uu_weight[4, 15]",0.0,0.0,0.0,0.0,0.0,,2000.0,2000.0,
"L_uu_weight[4, 16]",0.0,0.0,0.0,0.0,0.0,,2000.0,2000.0,
"L_uu_weight[4, 17]",0.0,0.0,0.0,0.0,0.0,,2000.0,2000.0,
"L_uu_weight[4, 18]",0.0,0.0,0.0,0.0,0.0,,2000.0,2000.0,
"L_uu_weight[4, 19]",0.0,0.0,0.0,0.0,0.0,,2000.0,2000.0,
"L_uu_weight[4, 20]",0.0,0.0,0.0,0.0,0.0,,2000.0,2000.0,
"L_uu_weight[4, 21]",0.0,0.0,0.0,0.0,0.0,,2000.0,2000.0,
"L_uu_weight[4, 22]",0.0,0.0,0.0,0.0,0.0,,2000.0,2000.0,
"L_uu_weight[4, 23]",0.0,0.0,0.0,0.0,0.0,,2000.0,2000.0,
"L_uu_weight[4, 24]",0.0,0.0,0.0,0.0,0.0,,2000.0,2000.0,
"L_uu_weight[4, 25]",0.0,0.0,0.0,0.0,0.0,,2000.0,2000.0,
"L_uu_weight[4, 26]",0.0,0.0,0.0,0.0,0.0,,2000.0,2000.0,
"L_uu_weight[4, 27]",0.0,0.0,0.0,0.0,0.0,,2000.0,2000.0,
"L_uu_weight[4, 28]",0.0,0.0,0.0,0.0,0.0,,2000.0,2000.0,
"L_uu_weight[4, 29]",0.0,0.0,0.0,0.0,0.0,,2000.0,2000.0,
"L_uu_weight[4, 30]",0.0,0.0,0.0,0.0,0.0,,2000.0,2000.0,
"L_uu_weight[4, 31]",0.0,0.0,0.0,0.0,0.0,,2000.0,2000.0,
"L_uu_weight[4, 32]",0.0,0.0,0.0,0.0,0.0,,2000.0,2000.0,
"L_uu_weight[4, 33]",0.0,0.0,0.0,0.0,0.0,,2000.0,2000.0,
"L_uu_weight[4, 34]",0.0,0.0,0.0,0.0,0.0,,2000.0,2000.0,
"L_uu_weight[4, 35]",0.0,0.0,0.0,0.0,0.0,,2000.0,2000.0,
"L_uu_weight[4, 36]",0.0,0.0,0.0,0.0,0.0,,2000.0,2000.0,
"L_uu_weight[4, 37]",0.0,0.0,0.0,0.0,0.0,,2000.0,2000.0,
"L_uu_weight[4, 38]",0.0,0.0,0.0,0.0,0.0,,2000.0,2000.0,
"L_uu_weight[4, 39]",0.0,0.0,0.0,0.0,0.0,,2000.0,2000.0,
"L_uu_weight[4, 40]",0.0,0.0,0.0,0.0,0.0,,2000.0,2000.0,
"L_uu_weight[4, 41]",0.0,0.0,0.0,0.0,0.0,,2000.0,2000.0,
"L_uu_weight[4, 42]",0.0,0.0,0.0,0.0,0.0,,2000.0,2000.0,
"L_uu_weight[4, 43]",0.0,0.0,0.0,0.0,0.0,,2000.0,2000.0,
"L_uu_weight[4, 44]",0.0,0.0,0.0,0.0,0.0,,2000.0,2000.0,
"L_uu_weight[4, 45]",0.0,0.0,0.0,0.0,0.0,,2000.0,2000.0,
"L_uu_weight[4, 46]",0.0,0.0,0.0,0.0,0.0,,2000.0,2000.0,
"L_uu_weight[4, 47]",0.0,0.0,0.0,0.0,0.0,,2000.0,2000.0,
"L_uu_weight[4, 48]",0.0,0.0,0.0,0.0,0.0,,2000.0,2000.0,
"L_uu_weight[4, 49]",0.0,0.0,0.0,0.0,0.0,,2000.0,2000.0,
"L_uu_weight[5, 0]",0.843,0.199,0.501,1.221,0.005,0.004,1504.935,1333.87,1.001
"L_uu_weight[5, 1]",0.46,0.099,0.292,0.649,0.003,0.002,1510.654,1603.737,1.0
"L_uu_weight[5, 2]",0.128,0.047,0.06,0.214,0.001,0.002,1272.959,1283.143,1.001
"L_uu_weight[5, 3]",0.087,0.024,0.05,0.133,0.001,0.001,1356.197,1612.81,1.0
"L_uu_weight[5, 4]",0.044,0.01,0.028,0.063,0.0,0.0,1474.941,1505.491,1.0
"L_uu_weight[5, 5]",0.024,0.005,0.015,0.033,0.0,0.0,1571.38,1606.988,1.0
"L_uu_weight[5, 6]",0.0,0.0,0.0,0.0,0.0,,2000.0,2000.0,
"L_uu_weight[5, 7]",0.0,0.0,0.0,0.0,0.0,,2000.0,2000.0,
"L_uu_weight[5, 8]",0.0,0.0,0.0,0.0,0.0,,2000.0,2000.0,
"L_uu_weight[5, 9]",0.0,0.0,0.0,0.0,0.0,,2000.0,2000.0,
"L_uu_weight[5, 10]",0.0,0.0,0.0,0.0,0.0,,2000.0,2000.0,
"L_uu_weight[5, 11]",0.0,0.0,0.0,0.0,0.0,,2000.0,2000.0,
"L_uu_weight[5, 12]",0.0,0.0,0.0,0.0,0.0,,2000.0,2000.0,
"L_uu_weight[5, 13]",0.0,0.0,0.0,0.0,0.0,,2000.0,2000.0,
"L_uu_weight[5, 14]",0.0,0.0,0.0,0.0,0.0,,2000.0,2000.0,
"L_uu_weight[5, 15]",0.0,0.0,0.0,0.0,0.0,,2000.0,2000.0,
"L_uu_weight[5, 16]",0.0,0.0,0.0,0.0,0.0,,2000.0,2000.0,
"L_uu_weight[5, 17]",0.0,0.0,0.0,0.0,0.0,,2000.0,2000.0,
"L_uu_weight[5, 18]",0.0,0.0,0.0,0.0,0.0,,2000.0,2000.0,
"L_uu_weight[5, 19]",0.0,0.0,0.0,0.0,0.0,,2000.0,2000.0,
"L_uu_weight[5, 20]",0.0,0.0,0.0,0.0,0.0,,2000.0,2000.0,
"L_uu_weight[5, 21]",0.0,0.0,0.0,0.0,0.0,,2000.0,2000.0,
"L_uu_weight[5, 22]",0.0,0.0,0.0,0.0,0.0,,2000.0,2000.0,
"L_uu_weight[5, 23]",0.0,0.0,0.0,0.0,0.0,,2000.0,2000.0,
"L_uu_weight[5, 24]",0.0,0.0,0.0,0.0,0.0,,2000.0,2000.0,
"L_uu_weight[5, 25]",0.0,0.0,0.0,0.0,0.0,,2000.0,2000.0,
"L_uu_weight[5, 26]",0.0,0.0,0.0,0.0,0.0,,2000.0,2000.0,
"L_uu_weight[5, 27]",0.0,0.0,0.0,0.0,0.0,,2000.0,2000.0,
"L_uu_weight[5, 28]",0.0,0.0,0.0,0.0,0.0,,2000.0,2000.0,
"L_uu_weight[5, 29]",0.0,0.0,0.0,0.0,0.0,,2000.0,2000.0,
"L_uu_weight[5, 30]",0.0,0.0,0.0,0.0,0.0,,2000.0,2000.0,
"L_uu_weight[5, 31]",0.0,0.0,0.0,0.0,0.0,,2000.0,2000.0,
"L_uu_weight[5, 32]",0.0,0.0,0.0,0.0,0.0,,2000.0,2000.0,
"L_uu_weight[5, 33]",0.0,0.0,0.0,0.0,0.0,,2000.0,2000.0,
"L_uu_weight[5, 34]",0.0,0.0,0.0,0.0,0.0,,2000.0,2000.0,
"L_uu_weight[5, 35]",0.0,0.0,0.0,0.0,0.0,,2000.0,2000.0,
"L_uu_weight[5, 36]",0.0,0.0,0.0,0.0,0.0,,2000.0,2000.0,
"L_uu_weight[5, 37]",0.0,0.0,0.0,0.0,0.0,,2000.0,2000.0,
"L_uu_weight[5, 38]",0.0,0.0,0.0,0.0,0.0,,2000.0,2000.0,
"L_uu_weight[5, 39]",0.0,0.0,0.0,0.0,0.0,,2000.0,2000.0,
"L_uu_weight[5, 40]",0.0,0.0,0.0,0.0,0.0,,2000.0,2000.0,
"L_uu_weight[5, 41]",0.0,0.0,0.0,0.0,0.0,,2000.0,2000.0,
"L_uu_weight[5, 42]",0.0,0.0,0.0,0.0,0.0,,2000.0,2000.0,
"L_uu_weight[5, 43]",0.0,0.0,0.0,0.0,0.0,,2000.0,2000.0,
"L_uu_weight[5, 44]",0.0,0.0,0.0,0.0,0.0,,2000.0,2000.0,
"L_uu_weight[5, 45]",0.0,0.0,0.0,0.0,0.0,,2000.0,2000.0,
"L_uu_weight[5, 46]",0.0,0.0,0.0,0.0,0.0,,2000.0,2000.0,
"L_uu_weight[5, 47]",0.0,0.0,0.0,0.0,0.0,,2000.0,2000.0,
"L_uu_weight[5, 48]",0.0,0.0,0.0,0.0,0.0,,2000.0,2000.0,
"L_uu_weight[5, 49]",0.0,0.0,0.0,0.0,0.0,,2000.0,2000.0,
"L_uu_weight[6, 0]",0.791,0.197,0.45,1.159,0.005,0.004,1461.845,1387.572,1.001
"L_uu_weight[6, 1]",0.518,0.108,0.312,0.712,0.003,0.002,1559.014,1660.749,1.0
"L_uu_weight[6, 2]",0.169,0.062,0.079,0.285,0.002,0.002,1274.395,1318.584,1.001
"L_uu_weight[6, 3]",0.127,0.035,0.073,0.194,0.001,0.001,1356.917,1612.022,1.001
"L_uu_weight[6, 4]",0.072,0.017,0.044,0.103,0.0,0.001,1434.705,1459.213,1.0
"L_uu_weight[6, 5]",0.038,0.01,0.022,0.056,0.0,0.0,1386.013,1358.614,1.0
"L_uu_weight[6, 6]",0.023,0.005,0.014,0.032,0.0,0.0,1520.401,1635.71,1.0
"L_uu_weight[6, 7]",0.0,0.0,0.0,0.0,0.0,,2000.0,2000.0,
"L_uu_weight[6, 8]",0.0,0.0,0.0,0.0,0.0,,2000.0,2000.0,
"L_uu_weight[6, 9]",0.0,0.0,0.0,0.0,0.0,,2000.0,2000.0,
"L_uu_weight[6, 10]",0.0,0.0,0.0,0.0,0.0,,2000.0,2000.0,
"L_uu_weight[6, 11]",0.0,0.0,0.0,0.0,0.0,,2000.0,2000.0,
"L_uu_weight[6, 12]",0.0,0.0,0.0,0.0,0.0,,2000.0,2000.0,
"L_uu_weight[6, 13]",0.0,0.0,0.0,0.0,0.0,,2000.0,2000.0,
"L_uu_weight[6, 14]",0.0,0.0,0.0,0.0,0.0,,2000.0,2000.0,
"L_uu_weight[6, 15]",0.0,0.0,0.0,0.0,0.0,,2000.0,2000.0,
"L_uu_weight[6, 16]",0.0,0.0,0.0,0.0,0.0,,2000.0,2000.0,
"L_uu_weight[6, 17]",0.0,0.0,0.0,0.0,0.0,,2000.0,2000.0,
"L_uu_weight[6, 18]",0.0,0.0,0.0,0.0,0.0,,2000.0,2000.0,
"L_uu_weight[6, 19]",0.0,0.0,0.0,0.0,0.0,,2000.0,2000.0,
"L_uu_weight[6, 20]",0.0,0.0,0.0,0.0,0.0,,2000.0,2000.0,
"L_uu_weight[6, 21]",0.0,0.0,0.0,0.0,0.0,,2000.0,2000.0,
"L_uu_weight[6, 22]",0.0,0.0,0.0,0.0,0.0,,2000.0,2000.0,
"L_uu_weight[6, 23]",0.0,0.0,0.0,0.0,0.0,,2000.0,2000.0,
"L_uu_weight[6, 24]",0.0,0.0,0.0,0.0,0.0,,2000.0,2000.0,
"L_uu_weight[6, 25]",0.0,0.0,0.0,0.0,0.0,,2000.0,2000.0,
"L_uu_weight[6, 26]",0.0,0.0,0.0,0.0,0.0,,2000.0,2000.0,
"L_uu_weight[6, 27]",0.0,0.0,0.0,0.0,0.0,,2000.0,2000.0,
"L_uu_weight[6, 28]",0.0,0.0,0.0,0.0,0.0,,2000.0,2000.0,
"L_uu_weight[6, 29]",0.0,0.0,0.0,0.0,0.0,,2000.0,2000.0,
"L_uu_weight[6, 30]",0.0,0.0,0.0,0.0,0.0,,2000.0,2000.0,
"L_uu_weight[6, 31]",0.0,0.0,0.0,0.0,0.0,,2000.0,2000.0,
"L_uu_weight[6, 32]",0.0,0.0,0.0,0.0,0.0,,2000.0,2000.0,
"L_uu_weight[6, 33]",0.0,0.0,0.0,0.0,0.0,,2000.0,2000.0,
"L_uu_weight[6, 34]",0.0,0.0,0.0,0.0,0.0,,2000.0,2000.0,
"L_uu_weight[6, 35]",0.0,0.0,0.0,0.0,0.0,,2000.0,2000.0,
"L_uu_weight[6, 36]",0.0,0.0,0.0,0.0,0.0,,2000.0,2000.0,
"L_uu_weight[6, 37]",0.0,0.0,0.0,0.0,0.0,,2000.0,2000.0,
"L_uu_weight[6, 38]",0.0,0.0,0.0,0.0,0.0,,2000.0,2000.0,
"L_uu_weight[6, 39]",0.0,0.0,0.0,0.0,0.0,,2000.0,2000.0,
"L_uu_weight[6, 40]",0.0,0.0,0.0,0.0,0.0,,2000.0,2000.0,
"L_uu_weight[6, 41]",0.0,0.0,0.0,0.0,0.0,,2000.0,2000.0,
"L_uu_weight[6, 42]",0.0,0.0,0.0,0.0,0.0,,2000.0,2000.0,
"L_uu_weight[6, 43]",0.0,0.0,0.0,0.0,0.0,,2000.0,2000.0,
"L_uu_weight[6, 44]",0.0,0.0,0.0,0.0,0.0,,2000.0,2000.0,
"L_uu_weight[6, 45]",0.0,0.0,0.0,0.0,0.0,,2000.0,2000.0,
"L_uu_weight[6, 46]",0.0,0.0,0.0,0.0,0.0,,2000.0,2000.0,
"L_uu_weight[6, 47]",0.0,0.0,0.0,0.0,0.0,,2000.0,2000.0,
"L_uu_weight[6, 48]",0.0,0.0,0.0,0.0,0.0,,2000.0,2000.0,
"L_uu_weight[6, 49]",0.0,0.0,0.0,0.0,0.0,,2000.0,2000.0,
"L_uu_weight[7, 0]",0.733,0.194,0.422,1.119,0.005,0.004,1418.146,1290.479,1.001
"L_uu_weight[7, 1]",0.561,0.114,0.355,0.778,0.003,0.002,1600.113,1503.852,1.001
"L_uu_weight[7, 2]",0.21,0.074,0.1,0.35,0.002,0.002,1276.001,1321.432,1.001
"L_uu_weight[7, 3]",0.17,0.045,0.094,0.255,0.001,0.001,1368.669,1611.936,1.0
"L_uu_weight[7, 4]",0.104,0.026,0.063,0.151,0.001,0.001,1416.264,1394.846,1.0
"L_uu_weight[7, 5]",0.062,0.018,0.034,0.095,0.001,0.001,1340.063,1300.293,1.0
"L_uu_weight[7, 6]",0.035,0.01,0.021,0.055,0.0,0.0,1324.247,1418.294,1.0
"L_uu_weight[7, 7]",0.022,0.005,0.014,0.031,0.0,0.0,1529.437,1699.648,1.0
"L_uu_weight[7, 8]",0.0,0.0,0.0,0.0,0.0,,2000.0,2000.0,
"L_uu_weight[7, 9]",0.0,0.0,0.0,0.0,0.0,,2000.0,2000.0,
"L_uu_weight[7, 10]",0.0,0.0,0.0,0.0,0.0,,2000.0,2000.0,
"L_uu_weight[7, 11]",0.0,0.0,0.0,0.0,0.0,,2000.0,2000.0,
"L_uu_weight[7, 12]",0.0,0.0,0.0,0.0,0.0,,2000.0,2000.0,
"L_uu_weight[7, 13]",0.0,0.0,0.0,0.0,0.0,,2000.0,2000.0,
"L_uu_weight[7, 14]",0.0,0.0,0.0,0.0,0.0,,2000.0,2000.0,
"L_uu_weight[7, 15]",0.0,0.0,0.0,0.0,0.0,,2000.0,2000.0,
"L_uu_weight[7, 16]",0.0,0.0,0.0,0.0,0.0,,2000.0,2000.0,
"L_uu_weight[7, 17]",0.0,0.0,0.0,0.0,0.0,,2000.0,2000.0,
"L_uu_weight[7, 18]",0.0,0.0,0.0,0.0,0.0,,2000.0,2000.0,
"L_uu_weight[7, 19]",0.0,0.0,0.0,0.0,0.0,,2000.0,2000.0,
"L_uu_weight[7, 20]",0.0,0.0,0.0,0.0,0.0,,2000.0,2000.0,
"L_uu_weight[7, 21]",0.0,0.0,0.0,0.0,0.0,,2000.0,2000.0,
"L_uu_weight[7, 22]",0.0,0.0,0.0,0.0,0.0,,2000.0,2000.0,
"L_uu_weight[7, 23]",0.0,0.0,0.0,0.0,0.0,,2000.0,2000.0,
"L_uu_weight[7, 24]",0.0,0.0,0.0,0.0,0.0,,2000.0,2000.0,
"L_uu_weight[7, 25]",0.0,0.0,0.0,0.0,0.0,,2000.0,2000.0,
"L_uu_weight[7, 26]",0.0,0.0,0.0,0.0,0.0,,2000.0,2000.0,
"L_uu_weight[7, 27]",0.0,0.0,0.0,0.0,0.0,,2000.0,2000.0,
"L_uu_weight[7, 28]",0.0,0.0,0.0,0.0,0.0,,2000.0,2000.0,
"L_uu_weight[7, 29]",0.0,0.0,0.0,0.0,0.0,,2000.0,2000.0,
"L_uu_weight[7, 30]",0.0,0.0,0.0,0.0,0.0,,2000.0,2000.0,
"L_uu_weight[7, 31]",0.0,0.0,0.0,0.0,0.0,,2000.0,2000.0,
"L_uu_weight[7, 32]",0.0,0.0,0.0,0.0,0.0,,2000.0,2000.0,
"L_uu_weight[7, 33]",0.0,0.0,0.0,0.0,0.0,,2000.0,2000.0,
"L_uu_weight[7, 34]",0.0,0.0,0.0,0.0,0.0,,2000.0,2000.0,
"L_uu_weight[7, 35]",0.0,0.0,0.0,0.0,0.0,,2000.0,2000.0,
"L_uu_weight[7, 36]",0.0,0.0,0.0,0.0,0.0,,2000.0,2000.0,
"L_uu_weight[7, 37]",0.0,0.0,0.0,0.0,0.0,,2000.0,2000.0,
"L_uu_weight[7, 38]",0.0,0.0,0.0,0.0,0.0,,2000.0,2000.0,
"L_uu_weight[7, 39]",0.0,0.0,0.0,0.0,0.0,,2000.0,2000.0,
"L_uu_weight[7, 40]",0.0,0.0,0.0,0.0,0.0,,2000.0,2000.0,
"L_uu_weight[7, 41]",0.0,0.0,0.0,0.0,0.0,,2000.0,2000.0,
"L_uu_weight[7, 42]",0.0,0.0,0.0,0.0,0.0,,2000.0,2000.0,
"L_uu_weight[7, 43]",0.0,0.0,0.0,0.0,0.0,,2000.0,2000.0,
"L_uu_weight[7, 44]",0.0,0.0,0.0,0.0,0.0,,2000.0,2000.0,
"L_uu_weight[7, 45]",0.0,0.0,0.0,0.0,0.0,,2000.0,2000.0,
"L_uu_weight[7, 46]",0.0,0.0,0.0,0.0,0.0,,2000.0,2000.0,
"L_uu_weight[7, 47]",0.0,0.0,0.0,0.0,0.0,,2000.0,2000.0,
"L_uu_weight[7, 48]",0.0,0.0,0.0,0.0,0.0,,2000.0,2000.0,
"L_uu_weight[7, 49]",0.0,0.0,0.0,0.0,0.0,,2000.0,2000.0,
"L_uu_weight[8, 0]",0.673,0.192,0.343,1.029,0.005,0.004,1376.597,1287.23,1.001
"L_uu_weight[8, 1]",0.588,0.12,0.377,0.82,0.003,0.002,1602.238,1545.503,1.001
"L_uu_weight[8, 2]",0.247,0.083,0.126,0.41,0.002,0.002,1284.576,1357.495,1.001
"L_uu_weight[8, 3]",0.213,0.055,0.119,0.315,0.001,0.001,1392.953,1554.876,1.0
"L_uu_weight[8, 4]",0.139,0.035,0.085,0.204,0.001,0.001,1412.856,1437.345,1.0
"L_uu_weight[8, 5]",0.09,0.028,0.051,0.145,0.001,0.001,1316.865,1283.143,1.0
"L_uu_weight[8, 6]",0.058,0.018,0.032,0.094,0.001,0.001,1290.757,1320.442,1.001
"L_uu_weight[8, 7]",0.034,0.009,0.02,0.052,0.0,0.0,1338.962,1508.709,1.0
"L_uu_weight[8, 8]",0.022,0.005,0.014,0.031,0.0,0.0,1556.976,1694.222,1.0
"L_uu_weight[8, 9]",0.0,0.0,0.0,0.0,0.0,,2000.0,2000.0,
"L_uu_weight[8, 10]",0.0,0.0,0.0,0.0,0.0,,2000.0,2000.0,
"L_uu_weight[8, 11]",0.0,0.0,0.0,0.0,0.0,,2000.0,2000.0,
"L_uu_weight[8, 12]",0.0,0.0,0.0,0.0,0.0,,2000.0,2000.0,
"L_uu_weight[8, 13]",0.0,0.0,0.0,0.0,0.0,,2000.0,2000.0,
"L_uu_weight[8, 14]",0.0,0.0,0.0,0.0,0.0,,2000.0,2000.0,
"L_uu_weight[8, 15]",0.0,0.0,0.0,0.0,0.0,,2000.0,2000.0,
"L_uu_weight[8, 16]",0.0,0.0,0.0,0.0,0.0,,2000.0,2000.0,
"L_uu_weight[8, 17]",0.0,0.0,0.0,0.0,0.0,,2000.0,2000.0,
"L_uu_weight[8, 18]",0.0,0.0,0.0,0.0,0.0,,2000.0,2000.0,
"L_uu_weight[8, 19]",0.0,0.0,0.0,0.0,0.0,,2000.0,2000.0,
"L_uu_weight[8, 20]",0.0,0.0,0.0,0.0,0.0,,2000.0,2000.0,
"L_uu_weight[8, 21]",0.0,0.0,0.0,0.0,0.0,,2000.0,2000.0,
"L_uu_weight[8, 22]",0.0,0.0,0.0,0.0,0.0,,2000.0,2000.0,
"L_uu_weight[8, 23]",0.0,0.0,0.0,0.0,0.0,,2000.0,2000.0,
"L_uu_weight[8, 24]",0.0,0.0,0.0,0.0,0.0,,2000.0,2000.0,
"L_uu_weight[8, 25]",0.0,0.0,0.0,0.0,0.0,,2000.0,2000.0,
"L_uu_weight[8, 26]",0.0,0.0,0.0,0.0,0.0,,2000.0,2000.0,
"L_uu_weight[8, 27]",0.0,0.0,0.0,0.0,0.0,,2000.0,2000.0,
"L_uu_weight[8, 28]",0.0,0.0,0.0,0.0,0.0,,2000.0,2000.0,
"L_uu_weight[8, 29]",0.0,0.0,0.0,0.0,0.0,,2000.0,2000.0,
"L_uu_weight[8, 30]",0.0,0.0,0.0,0.0,0.0,,2000.0,2000.0,
"L_uu_weight[8, 31]",0.0,0.0,0.0,0.0,0.0,,2000.0,2000.0,
"L_uu_weight[8, 32]",0.0,0.0,0.0,0.0,0.0,,2000.0,2000.0,
"L_uu_weight[8, 33]",0.0,0.0,0.0,0.0,0.0,,2000.0,2000.0,
"L_uu_weight[8, 34]",0.0,0.0,0.0,0.0,0.0,,2000.0,2000.0,
"L_uu_weight[8, 35]",0.0,0.0,0.0,0.0,0.0,,2000.0,2000.0,
"L_uu_weight[8, 36]",0.0,0.0,0.0,0.0,0.0,,2000.0,2000.0,
"L_uu_weight[8, 37]",0.0,0.0,0.0,0.0,0.0,,2000.0,2000.0,
"L_uu_weight[8, 38]",0.0,0.0,0.0,0.0,0.0,,2000.0,2000.0,
"L_uu_weight[8, 39]",0.0,0.0,0.0,0.0,0.0,,2000.0,2000.0,
"L_uu_weight[8, 40]",0.0,0.0,0.0,0.0,0.0,,2000.0,2000.0,
"L_uu_weight[8, 41]",0.0,0.0,0.0,0.0,0.0,,2000.0,2000.0,
"L_uu_weight[8, 42]",0.0,0.0,0.0,0.0,0.0,,2000.0,2000.0,
"L_uu_weight[8, 43]",0.0,0.0,0.0,0.0,0.0,,2000.0,2000.0,
"L_uu_weight[8, 44]",0.0,0.0,0.0,0.0,0.0,,2000.0,2000.0,
"L_uu_weight[8, 45]",0.0,0.0,0.0,0.0,0.0,,2000.0,2000.0,
"L_uu_weight[8, 46]",0.0,0.0,0.0,0.0,0.0,,2000.0,2000.0,
"L_uu_weight[8, 47]",0.0,0.0,0.0,0.0,0.0,,2000.0,2000.0,
"L_uu_weight[8, 48]",0.0,0.0,0.0,0.0,0.0,,2000.0,2000.0,
"L_uu_weight[8, 49]",0.0,0.0,0.0,0.0,0.0,,2000.0,2000.0,
"L_uu_weight[9, 0]",0.611,0.188,0.269,0.95,0.005,0.004,1341.541,1382.512,1.001
"L_uu_weight[9, 1]",0.601,0.126,0.378,0.848,0.003,0.003,1569.403,1424.71,1.0
"L_uu_weight[9, 2]",0.28,0.088,0.146,0.451,0.003,0.002,1302.143,1378.939,1.001
"L_uu_weight[9, 3]",0.254,0.062,0.153,0.373,0.002,0.001,1432.579,1603.281,1.001
"L_uu_weight[9, 4]",0.174,0.043,0.106,0.254,0.001,0.001,1423.186,1395.445,1.0
"L_uu_weight[9, 5]",0.121,0.039,0.069,0.199,0.001,0.001,1301.976,1283.699,1.0
"L_uu_weight[9, 6]",0.085,0.028,0.044,0.141,0.001,0.001,1280.649,1320.442,1.001
"L_uu_weight[9, 7]",0.057,0.017,0.03,0.088,0.0,0.001,1316.233,1417.974,1.001
"L_uu_weight[9, 8]",0.034,0.009,0.02,0.051,0.0,0.0,1368.064,1419.029,1.0
"L_uu_weight[9, 9]",0.022,0.005,0.014,0.03,0.0,0.0,1561.923,1634.718,1.0
"L_uu_weight[9, 10]",0.0,0.0,0.0,0.0,0.0,,2000.0,2000.0,
"L_uu_weight[9, 11]",0.0,0.0,0.0,0.0,0.0,,2000.0,2000.0,
"L_uu_weight[9, 12]",0.0,0.0,0.0,0.0,0.0,,2000.0,2000.0,
"L_uu_weight[9, 13]",0.0,0.0,0.0,0.0,0.0,,2000.0,2000.0,
"L_uu_weight[9, 14]",0.0,0.0,0.0,0.0,0.0,,2000.0,2000.0,
"L_uu_weight[9, 15]",0.0,0.0,0.0,0.0,0.0,,2000.0,2000.0,
"L_uu_weight[9, 16]",0.0,0.0,0.0,0.0,0.0,,2000.0,2000.0,
"L_uu_weight[9, 17]",0.0,0.0,0.0,0.0,0.0,,2000.0,2000.0,
"L_uu_weight[9, 18]",0.0,0.0,0.0,0.0,0.0,,2000.0,2000.0,
"L_uu_weight[9, 19]",0.0,0.0,0.0,0.0,0.0,,2000.0,2000.0,
"L_uu_weight[9, 20]",0.0,0.0,0.0,0.0,0.0,,2000.0,2000.0,
"L_uu_weight[9, 21]",0.0,0.0,0.0,0.0,0.0,,2000.0,2000.0,
"L_uu_weight[9, 22]",0.0,0.0,0.0,0.0,0.0,,2000.0,2000.0,
"L_uu_weight[9, 23]",0.0,0.0,0.0,0.0,0.0,,2000.0,2000.0,
"L_uu_weight[9, 24]",0.0,0.0,0.0,0.0,0.0,,2000.0,2000.0,
"L_uu_weight[9, 25]",0.0,0.0,0.0,0.0,0.0,,2000.0,2000.0,
"L_uu_weight[9, 26]",0.0,0.0,0.0,0.0,0.0,,2000.0,2000.0,
"L_uu_weight[9, 27]",0.0,0.0,0.0,0.0,0.0,,2000.0,2000.0,
"L_uu_weight[9, 28]",0.0,0.0,0.0,0.0,0.0,,2000.0,2000.0,
"L_uu_weight[9, 29]",0.0,0.0,0.0,0.0,0.0,,2000.0,2000.0,
"L_uu_weight[9, 30]",0.0,0.0,0.0,0.0,0.0,,2000.0,2000.0,
"L_uu_weight[9, 31]",0.0,0.0,0.0,0.0,0.0,,2000.0,2000.0,
"L_uu_weight[9, 32]",0.0,0.0,0.0,0.0,0.0,,2000.0,2000.0,
"L_uu_weight[9, 33]",0.0,0.0,0.0,0.0,0.0,,2000.0,2000.0,
"L_uu_weight[9, 34]",0.0,0.0,0.0,0.0,0.0,,2000.0,2000.0,
"L_uu_weight[9, 35]",0.0,0.0,0.0,0.0,0.0,,2000.0,2000.0,
"L_uu_weight[9, 36]",0.0,0.0,0.0,0.0,0.0,,2000.0,2000.0,
"L_uu_weight[9, 37]",0.0,0.0,0.0,0.0,0.0,,2000.0,2000.0,
"L_uu_weight[9, 38]",0.0,0.0,0.0,0.0,0.0,,2000.0,2000.0,
"L_uu_weight[9, 39]",0.0,0.0,0.0,0.0,0.0,,2000.0,2000.0,
"L_uu_weight[9, 40]",0.0,0.0,0.0,0.0,0.0,,2000.0,2000.0,
"L_uu_weight[9, 41]",0.0,0.0,0.0,0.0,0.0,,2000.0,2000.0,
"L_uu_weight[9, 42]",0.0,0.0,0.0,0.0,0.0,,2000.0,2000.0,
"L_uu_weight[9, 43]",0.0,0.0,0.0,0.0,0.0,,2000.0,2000.0,
"L_uu_weight[9, 44]",0.0,0.0,0.0,0.0,0.0,,2000.0,2000.0,
"L_uu_weight[9, 45]",0.0,0.0,0.0,0.0,0.0,,2000.0,2000.0,
"L_uu_weight[9, 46]",0.0,0.0,0.0,0.0,0.0,,2000.0,2000.0,
"L_uu_weight[9, 47]",0.0,0.0,0.0,0.0,0.0,,2000.0,2000.0,
"L_uu_weight[9, 48]",0.0,0.0,0.0,0.0,0.0,,2000.0,2000.0,
"L_uu_weight[9, 49]",0.0,0.0,0.0,0.0,0.0,,2000.0,2000.0,
"L_uu_weight[10, 0]",0.549,0.184,0.233,0.904,0.005,0.004,1312.921,1538.556,1.002
"L_uu_weight[10, 1]",0.6,0.133,0.371,0.869,0.003,0.003,1512.284,1343.585,1.001
"L_uu_weight[10, 2]",0.305,0.088,0.16,0.47,0.002,0.002,1334.487,1509.627,1.001
"L_uu_weight[10, 3]",0.29,0.067,0.175,0.412,0.002,0.002,1484.682,1632.11,1.0
"L_uu_weight[10, 4]",0.208,0.05,0.129,0.3,0.001,0.001,1445.139,1458.874,1.0
"L_uu_weight[10, 5]",0.153,0.048,0.086,0.251,0.001,0.002,1298.057,1283.333,1.0
"L_uu_weight[10, 6]",0.116,0.039,0.06,0.193,0.001,0.001,1276.861,1319.582,1.001
"L_uu_weight[10, 7]",0.083,0.026,0.044,0.133,0.001,0.001,1303.509,1376.615,1.001
"L_uu_weight[10, 8]",0.055,0.016,0.032,0.087,0.0,0.001,1338.88,1378.04,1.0
"L_uu_weight[10, 9]",0.032,0.009,0.019,0.049,0.0,0.0,1367.568,1377.899,1.0
"L_uu_weight[10, 10]",0.021,0.004,0.014,0.03,0.0,0.0,1547.481,1635.889,1.0
"L_uu_weight[10, 11]",0.0,0.0,0.0,0.0,0.0,,2000.0,2000.0,
"L_uu_weight[10, 12]",0.0,0.0,0.0,0.0,0.0,,2000.0,2000.0,
"L_uu_weight[10, 13]",0.0,0.0,0.0,0.0,0.0,,2000.0,2000.0,
"L_uu_weight[10, 14]",0.0,0.0,0.0,0.0,0.0,,2000.0,2000.0,
"L_uu_weight[10, 15]",0.0,0.0,0.0,0.0,0.0,,2000.0,2000.0,
"L_uu_weight[10, 16]",0.0,0.0,0.0,0.0,0.0,,2000.0,2000.0,
"L_uu_weight[10, 17]",0.0,0.0,0.0,0.0,0.0,,2000.0,2000.0,
"L_uu_weight[10, 18]",0.0,0.0,0.0,0.0,0.0,,2000.0,2000.0,
"L_uu_weight[10, 19]",0.0,0.0,0.0,0.0,0.0,,2000.0,2000.0,
"L_uu_weight[10, 20]",0.0,0.0,0.0,0.0,0.0,,2000.0,2000.0,
"L_uu_weight[10, 21]",0.0,0.0,0.0,0.0,0.0,,2000.0,2000.0,
"L_uu_weight[10, 22]",0.0,0.0,0.0,0.0,0.0,,2000.0,2000.0,
"L_uu_weight[10, 23]",0.0,0.0,0.0,0.0,0.0,,2000.0,2000.0,
"L_uu_weight[10, 24]",0.0,0.0,0.0,0.0,0.0,,2000.0,2000.0,
"L_uu_weight[10, 25]",0.0,0.0,0.0,0.0,0.0,,2000.0,2000.0,
"L_uu_weight[10, 26]",0.0,0.0,0.0,0.0,0.0,,2000.0,2000.0,
"L_uu_weight[10, 27]",0.0,0.0,0.0,0.0,0.0,,2000.0,2000.0,
"L_uu_weight[10, 28]",0.0,0.0,0.0,0.0,0.0,,2000.0,2000.0,
"L_uu_weight[10, 29]",0.0,0.0,0.0,0.0,0.0,,2000.0,2000.0,
"L_uu_weight[10, 30]",0.0,0.0,0.0,0.0,0.0,,2000.0,2000.0,
"L_uu_weight[10, 31]",0.0,0.0,0.0,0.0,0.0,,2000.0,2000.0,
"L_uu_weight[10, 32]",0.0,0.0,0.0,0.0,0.0,,2000.0,2000.0,
"L_uu_weight[10, 33]",0.0,0.0,0.0,0.0,0.0,,2000.0,2000.0,
"L_uu_weight[10, 34]",0.0,0.0,0.0,0.0,0.0,,2000.0,2000.0,
"L_uu_weight[10, 35]",0.0,0.0,0.0,0.0,0.0,,2000.0,2000.0,
"L_uu_weight[10, 36]",0.0,0.0,0.0,0.0,0.0,,2000.0,2000.0,
"L_uu_weight[10, 37]",0.0,0.0,0.0,0.0,0.0,,2000.0,2000.0,
"L_uu_weight[10, 38]",0.0,0.0,0.0,0.0,0.0,,2000.0,2000.0,
"L_uu_weight[10, 39]",0.0,0.0,0.0,0.0,0.0,,2000.0,2000.0,
"L_uu_weight[10, 40]",0.0,0.0,0.0,0.0,0.0,,2000.0,2000.0,
"L_uu_weight[10, 41]",0.0,0.0,0.0,0.0,0.0,,2000.0,2000.0,
"L_uu_weight[10, 42]",0.0,0.0,0.0,0.0,0.0,,2000.0,2000.0,
"L_uu_weight[10, 43]",0.0,0.0,0.0,0.0,0.0,,2000.0,2000.0,
"L_uu_weight[10, 44]",0.0,0.0,0.0,0.0,0.0,,2000.0,2000.0,
"L_uu_weight[10, 45]",0.0,0.0,0.0,0.0,0.0,,2000.0,2000.0,
"L_uu_weight[10, 46]",0.0,0.0,0.0,0.0,0.0,,2000.0,2000.0,
"L_uu_weight[10, 47]",0.0,0.0,0.0,0.0,0.0,,2000.0,2000.0,
"L_uu_weight[10, 48]",0.0,0.0,0.0,0.0,0.0,,2000.0,2000.0,
"L_uu_weight[10, 49]",0.0,0.0,0.0,0.0,0.0,,2000.0,2000.0,
"L_uu_weight[11, 0]",0.489,0.179,0.172,0.82,0.005,0.004,1289.61,1516.061,1.002
"L_uu_weight[11, 1]",0.586,0.141,0.319,0.849,0.004,0.003,1448.871,1276.294,1.001
"L_uu_weight[11, 2]",0.323,0.085,0.187,0.485,0.002,0.002,1383.132,1578.853,1.001
"L_uu_weight[11, 3]",0.32,0.07,0.199,0.449,0.002,0.002,1546.064,1715.976,1.0
"L_uu_weight[11, 4]",0.239,0.054,0.151,0.342,0.001,0.001,1475.404,1459.213,1.0
"L_uu_weight[11, 5]",0.184,0.056,0.101,0.294,0.002,0.002,1303.332,1321.108,1.0
"L_uu_weight[11, 6]",0.148,0.05,0.074,0.244,0.001,0.001,1280.994,1440.784,1.001
"L_uu_weight[11, 7]",0.114,0.036,0.059,0.182,0.001,0.001,1301.508,1417.974,1.001
"L_uu_weight[11, 8]",0.081,0.025,0.041,0.125,0.001,0.001,1324.589,1338.774,1.0
"L_uu_weight[11, 9]",0.053,0.016,0.03,0.084,0.0,0.001,1331.457,1316.85,1.0
"L_uu_weight[11, 10]",0.031,0.009,0.019,0.048,0.0,0.0,1345.246,1357.094,1.0
"L_uu_weight[11, 11]",0.021,0.004,0.013,0.03,0.0,0.0,1535.165,1607.902,1.0
"L_uu_weight[11, 12]",0.0,0.0,0.0,0.0,0.0,,2000.0,2000.0,
"L_uu_weight[11, 13]",0.0,0.0,0.0,0.0,0.0,,2000.0,2000.0,
"L_uu_weight[11, 14]",0.0,0.0,0.0,0.0,0.0,,2000.0,2000.0,
"L_uu_weight[11, 15]",0.0,0.0,0.0,0.0,0.0,,2000.0,2000.0,
"L_uu_weight[11, 16]",0.0,0.0,0.0,0.0,0.0,,2000.0,2000.0,
"L_uu_weight[11, 17]",0.0,0.0,0.0,0.0,0.0,,2000.0,2000.0,
"L_uu_weight[11, 18]",0.0,0.0,0.0,0.0,0.0,,2000.0,2000.0,
"L_uu_weight[11, 19]",0.0,0.0,0.0,0.0,0.0,,2000.0,2000.0,
"L_uu_weight[11, 20]",0.0,0.0,0.0,0.0,0.0,,2000.0,2000.0,
"L_uu_weight[11, 21]",0.0,0.0,0.0,0.0,0.0,,2000.0,2000.0,
"L_uu_weight[11, 22]",0.0,0.0,0.0,0.0,0.0,,2000.0,2000.0,
"L_uu_weight[11, 23]",0.0,0.0,0.0,0.0,0.0,,2000.0,2000.0,
"L_uu_weight[11, 24]",0.0,0.0,0.0,0.0,0.0,,2000.0,2000.0,
"L_uu_weight[11, 25]",0.0,0.0,0.0,0.0,0.0,,2000.0,2000.0,
"L_uu_weight[11, 26]",0.0,0.0,0.0,0.0,0.0,,2000.0,2000.0,
"L_uu_weight[11, 27]",0.0,0.0,0.0,0.0,0.0,,2000.0,2000.0,
"L_uu_weight[11, 28]",0.0,0.0,0.0,0.0,0.0,,2000.0,2000.0,
"L_uu_weight[11, 29]",0.0,0.0,0.0,0.0,0.0,,2000.0,2000.0,
"L_uu_weight[11, 30]",0.0,0.0,0.0,0.0,0.0,,2000.0,2000.0,
"L_uu_weight[11, 31]",0.0,0.0,0.0,0.0,0.0,,2000.0,2000.0,
"L_uu_weight[11, 32]",0.0,0.0,0.0,0.0,0.0,,2000.0,2000.0,
"L_uu_weight[11, 33]",0.0,0.0,0.0,0.0,0.0,,2000.0,2000.0,
"L_uu_weight[11, 34]",0.0,0.0,0.0,0.0,0.0,,2000.0,2000.0,
"L_uu_weight[11, 35]",0.0,0.0,0.0,0.0,0.0,,2000.0,2000.0,
"L_uu_weight[11, 36]",0.0,0.0,0.0,0.0,0.0,,2000.0,2000.0,
"L_uu_weight[11, 37]",0.0,0.0,0.0,0.0,0.0,,2000.0,2000.0,
"L_uu_weight[11, 38]",0.0,0.0,0.0,0.0,0.0,,2000.0,2000.0,
"L_uu_weight[11, 39]",0.0,0.0,0.0,0.0,0.0,,2000.0,2000.0,
"L_uu_weight[11, 40]",0.0,0.0,0.0,0.0,0.0,,2000.0,2000.0,
"L_uu_weight[11, 41]",0.0,0.0,0.0,0.0,0.0,,2000.0,2000.0,
"L_uu_weight[11, 42]",0.0,0.0,0.0,0.0,0.0,,2000.0,2000.0,
"L_uu_weight[11, 43]",0.0,0.0,0.0,0.0,0.0,,2000.0,2000.0,
"L_uu_weight[11, 44]",0.0,0.0,0.0,0.0,0.0,,2000.0,2000.0,
"L_uu_weight[11, 45]",0.0,0.0,0.0,0.0,0.0,,2000.0,2000.0,
"L_uu_weight[11, 46]",0.0,0.0,0.0,0.0,0.0,,2000.0,2000.0,
"L_uu_weight[11, 47]",0.0,0.0,0.0,0.0,0.0,,2000.0,2000.0,
"L_uu_weight[11, 48]",0.0,0.0,0.0,0.0,0.0,,2000.0,2000.0,
"L_uu_weight[11, 49]",0.0,0.0,0.0,0.0,0.0,,2000.0,2000.0,
"L_uu_weight[12, 0]",0.432,0.173,0.131,0.755,0.005,0.004,1272.768,1425.477,1.002
"L_uu_weight[12, 1]",0.563,0.15,0.298,0.862,0.004,0.003,1388.186,1401.327,1.001
"L_uu_weight[12, 2]",0.333,0.081,0.201,0.483,0.002,0.002,1449.703,1604.716,1.001
"L_uu_weight[12, 3]",0.342,0.072,0.22,0.481,0.002,0.002,1581.889,1590.083,1.0
"L_uu_weight[12, 4]",0.264,0.057,0.169,0.376,0.001,0.001,1531.24,1608.706,1.0
"L_uu_weight[12, 5]",0.213,0.061,0.123,0.335,0.002,0.002,1317.976,1395.949,1.0
"L_uu_weight[12, 6]",0.181,0.058,0.09,0.29,0.002,0.002,1292.174,1399.747,1.001
"L_uu_weight[12, 7]",0.146,0.046,0.074,0.231,0.001,0.001,1304.392,1439.523,1.0
"L_uu_weight[12, 8]",0.11,0.034,0.054,0.172,0.001,0.001,1321.863,1336.06,1.0
"L_uu_weight[12, 9]",0.078,0.025,0.039,0.123,0.001,0.001,1318.494,1300.293,1.0
"L_uu_weight[12, 10]",0.051,0.016,0.028,0.082,0.0,0.001,1305.299,1321.267,1.0
"L_uu_weight[12, 11]",0.031,0.009,0.018,0.047,0.0,0.0,1326.331,1376.836,1.0
"L_uu_weight[12, 12]",0.021,0.004,0.013,0.03,0.0,0.0,1531.032,1664.827,1.0
"L_uu_weight[12, 13]",0.0,0.0,0.0,0.0,0.0,,2000.0,2000.0,
"L_uu_weight[12, 14]",0.0,0.0,0.0,0.0,0.0,,2000.0,2000.0,
"L_uu_weight[12, 15]",0.0,0.0,0.0,0.0,0.0,,2000.0,2000.0,
"L_uu_weight[12, 16]",0.0,0.0,0.0,0.0,0.0,,2000.0,2000.0,
"L_uu_weight[12, 17]",0.0,0.0,0.0,0.0,0.0,,2000.0,2000.0,
"L_uu_weight[12, 18]",0.0,0.0,0.0,0.0,0.0,,2000.0,2000.0,
"L_uu_weight[12, 19]",0.0,0.0,0.0,0.0,0.0,,2000.0,2000.0,
"L_uu_weight[12, 20]",0.0,0.0,0.0,0.0,0.0,,2000.0,2000.0,
"L_uu_weight[12, 21]",0.0,0.0,0.0,0.0,0.0,,2000.0,2000.0,
"L_uu_weight[12, 22]",0.0,0.0,0.0,0.0,0.0,,2000.0,2000.0,
"L_uu_weight[12, 23]",0.0,0.0,0.0,0.0,0.0,,2000.0,2000.0,
"L_uu_weight[12, 24]",0.0,0.0,0.0,0.0,0.0,,2000.0,2000.0,
"L_uu_weight[12, 25]",0.0,0.0,0.0,0.0,0.0,,2000.0,2000.0,
"L_uu_weight[12, 26]",0.0,0.0,0.0,0.0,0.0,,2000.0,2000.0,
"L_uu_weight[12, 27]",0.0,0.0,0.0,0.0,0.0,,2000.0,2000.0,
"L_uu_weight[12, 28]",0.0,0.0,0.0,0.0,0.0,,2000.0,2000.0,
"L_uu_weight[12, 29]",0.0,0.0,0.0,0.0,0.0,,2000.0,2000.0,
"L_uu_weight[12, 30]",0.0,0.0,0.0,0.0,0.0,,2000.0,2000.0,
"L_uu_weight[12, 31]",0.0,0.0,0.0,0.0,0.0,,2000.0,2000.0,
"L_uu_weight[12, 32]",0.0,0.0,0.0,0.0,0.0,,2000.0,2000.0,
"L_uu_weight[12, 33]",0.0,0.0,0.0,0.0,0.0,,2000.0,2000.0,
"L_uu_weight[12, 34]",0.0,0.0,0.0,0.0,0.0,,2000.0,2000.0,
"L_uu_weight[12, 35]",0.0,0.0,0.0,0.0,0.0,,2000.0,2000.0,
"L_uu_weight[12, 36]",0.0,0.0,0.0,0.0,0.0,,2000.0,2000.0,
"L_uu_weight[12, 37]",0.0,0.0,0.0,0.0,0.0,,2000.0,2000.0,
"L_uu_weight[12, 38]",0.0,0.0,0.0,0.0,0.0,,2000.0,2000.0,
"L_uu_weight[12, 39]",0.0,0.0,0.0,0.0,0.0,,2000.0,2000.0,
"L_uu_weight[12, 40]",0.0,0.0,0.0,0.0,0.0,,2000.0,2000.0,
"L_uu_weight[12, 41]",0.0,0.0,0.0,0.0,0.0,,2000.0,2000.0,
"L_uu_weight[12, 42]",0.0,0.0,0.0,0.0,0.0,,2000.0,2000.0,
"L_uu_weight[12, 43]",0.0,0.0,0.0,0.0,0.0,,2000.0,2000.0,
"L_uu_weight[12, 44]",0.0,0.0,0.0,0.0,0.0,,2000.0,2000.0,
"L_uu_weight[12, 45]",0.0,0.0,0.0,0.0,0.0,,2000.0,2000.0,
"L_uu_weight[12, 46]",0.0,0.0,0.0,0.0,0.0,,2000.0,2000.0,
"L_uu_weight[12, 47]",0.0,0.0,0.0,0.0,0.0,,2000.0,2000.0,
"L_uu_weight[12, 48]",0.0,0.0,0.0,0.0,0.0,,2000.0,2000.0,
"L_uu_weight[12, 49]",0.0,0.0,0.0,0.0,0.0,,2000.0,2000.0,
"L_uu_weight[13, 0]",0.378,0.165,0.095,0.686,0.005,0.004,1258.16,1425.942,1.002
"L_uu_weight[13, 1]",0.532,0.157,0.252,0.836,0.004,0.003,1339.479,1468.205,1.001
"L_uu_weight[13, 2]",0.336,0.076,0.213,0.479,0.002,0.002,1526.915,1729.31,1.0
"L_uu_weight[13, 3]",0.356,0.075,0.225,0.5,0.002,0.002,1564.381,1631.936,1.001
"L_uu_weight[13, 4]",0.284,0.059,0.172,0.389,0.001,0.001,1598.641,1501.066,1.0
"L_uu_weight[13, 5]",0.238,0.064,0.14,0.361,0.002,0.002,1344.139,1439.959,1.0
"L_uu_weight[13, 6]",0.211,0.064,0.108,0.33,0.002,0.002,1311.764,1440.852,1.001
"L_uu_weight[13, 7]",0.179,0.053,0.094,0.278,0.002,0.001,1320.377,1533.407,1.0
"L_uu_weight[13, 8]",0.142,0.043,0.071,0.22,0.001,0.001,1325.158,1357.841,1.0
"L_uu_weight[13, 9]",0.106,0.034,0.053,0.169,0.001,0.001,1311.895,1283.143,1.0
"L_uu_weight[13, 10]",0.075,0.025,0.037,0.12,0.001,0.001,1290.981,1321.267,1.001
"L_uu_weight[13, 11]",0.05,0.016,0.028,0.081,0.0,0.001,1293.884,1321.214,1.001
"L_uu_weight[13, 12]",0.03,0.009,0.017,0.047,0.0,0.0,1326.287,1376.836,1.0
"L_uu_weight[13, 13]",0.021,0.004,0.013,0.029,0.0,0.0,1536.539,1636.048,1.0
"L_uu_weight[13, 14]",0.0,0.0,0.0,0.0,0.0,,2000.0,2000.0,
"L_uu_weight[13, 15]",0.0,0.0,0.0,0.0,0.0,,2000.0,2000.0,
"L_uu_weight[13, 16]",0.0,0.0,0.0,0.0,0.0,,2000.0,2000.0,
"L_uu_weight[13, 17]",0.0,0.0,0.0,0.0,0.0,,2000.0,2000.0,
"L_uu_weight[13, 18]",0.0,0.0,0.0,0.0,0.0,,2000.0,2000.0,
"L_uu_weight[13, 19]",0.0,0.0,0.0,0.0,0.0,,2000.0,2000.0,
"L_uu_weight[13, 20]",0.0,0.0,0.0,0.0,0.0,,2000.0,2000.0,
"L_uu_weight[13, 21]",0.0,0.0,0.0,0.0,0.0,,2000.0,2000.0,
"L_uu_weight[13, 22]",0.0,0.0,0.0,0.0,0.0,,2000.0,2000.0,
"L_uu_weight[13, 23]",0.0,0.0,0.0,0.0,0.0,,2000.0,2000.0,
"L_uu_weight[13, 24]",0.0,0.0,0.0,0.0,0.0,,2000.0,2000.0,
"L_uu_weight[13, 25]",0.0,0.0,0.0,0.0,0.0,,2000.0,2000.0,
"L_uu_weight[13, 26]",0.0,0.0,0.0,0.0,0.0,,2000.0,2000.0,
"L_uu_weight[13, 27]",0.0,0.0,0.0,0.0,0.0,,2000.0,2000.0,
"L_uu_weight[13, 28]",0.0,0.0,0.0,0.0,0.0,,2000.0,2000.0,
"L_uu_weight[13, 29]",0.0,0.0,0.0,0.0,0.0,,2000.0,2000.0,
"L_uu_weight[13, 30]",0.0,0.0,0.0,0.0,0.0,,2000.0,2000.0,
"L_uu_weight[13, 31]",0.0,0.0,0.0,0.0,0.0,,2000.0,2000.0,
"L_uu_weight[13, 32]",0.0,0.0,0.0,0.0,0.0,,2000.0,2000.0,
"L_uu_weight[13, 33]",0.0,0.0,0.0,0.0,0.0,,2000.0,2000.0,
"L_uu_weight[13, 34]",0.0,0.0,0.0,0.0,0.0,,2000.0,2000.0,
"L_uu_weight[13, 35]",0.0,0.0,0.0,0.0,0.0,,2000.0,2000.0,
"L_uu_weight[13, 36]",0.0,0.0,0.0,0.0,0.0,,2000.0,2000.0,
"L_uu_weight[13, 37]",0.0,0.0,0.0,0.0,0.0,,2000.0,2000.0,
"L_uu_weight[13, 38]",0.0,0.0,0.0,0.0,0.0,,2000.0,2000.0,
"L_uu_weight[13, 39]",0.0,0.0,0.0,0.0,0.0,,2000.0,2000.0,
"L_uu_weight[13, 40]",0.0,0.0,0.0,0.0,0.0,,2000.0,2000.0,
"L_uu_weight[13, 41]",0.0,0.0,0.0,0.0,0.0,,2000.0,2000.0,
"L_uu_weight[13, 42]",0.0,0.0,0.0,0.0,0.0,,2000.0,2000.0,
"L_uu_weight[13, 43]",0.0,0.0,0.0,0.0,0.0,,2000.0,2000.0,
"L_uu_weight[13, 44]",0.0,0.0,0.0,0.0,0.0,,2000.0,2000.0,
"L_uu_weight[13, 45]",0.0,0.0,0.0,0.0,0.0,,2000.0,2000.0,
"L_uu_weight[13, 46]",0.0,0.0,0.0,0.0,0.0,,2000.0,2000.0,
"L_uu_weight[13, 47]",0.0,0.0,0.0,0.0,0.0,,2000.0,2000.0,
"L_uu_weight[13, 48]",0.0,0.0,0.0,0.0,0.0,,2000.0,2000.0,
"L_uu_weight[13, 49]",0.0,0.0,0.0,0.0,0.0,,2000.0,2000.0,
"L_uu_weight[14, 0]",0.327,0.155,0.068,0.619,0.004,0.003,1246.937,1426.901,1.002
"L_uu_weight[14, 1]",0.496,0.163,0.182,0.794,0.004,0.003,1302.763,1468.914,1.001
"L_uu_weight[14, 2]",0.331,0.072,0.208,0.469,0.002,0.002,1567.751,1629.822,1.001
"L_uu_weight[14, 3]",0.362,0.079,0.229,0.521,0.002,0.002,1517.518,1404.028,1.001
"L_uu_weight[14, 4]",0.297,0.06,0.19,0.413,0.001,0.001,1626.002,1431.306,1.001
"L_uu_weight[14, 5]",0.258,0.064,0.157,0.379,0.002,0.002,1390.712,1595.128,1.0
"L_uu_weight[14, 6]",0.237,0.067,0.132,0.366,0.002,0.002,1345.777,1584.032,1.001
"L_uu_weight[14, 7]",0.21,0.059,0.113,0.319,0.002,0.001,1344.08,1585.741,1.0
"L_uu_weight[14, 8]",0.173,0.05,0.101,0.278,0.001,0.002,1338.031,1357.81,1.0
"L_uu_weight[14, 9]",0.136,0.043,0.07,0.217,0.001,0.001,1313.122,1285.679,1.0
"L_uu_weight[14, 10]",0.103,0.035,0.05,0.166,0.001,0.001,1285.123,1321.267,1.001
"L_uu_weight[14, 11]",0.074,0.025,0.038,0.121,0.001,0.001,1281.336,1339.953,1.001
"L_uu_weight[14, 12]",0.049,0.016,0.025,0.078,0.0,0.001,1298.557,1359.414,1.001
"L_uu_weight[14, 13]",0.03,0.009,0.017,0.046,0.0,0.0,1332.744,1357.81,1.0
"L_uu_weight[14, 14]",0.021,0.004,0.014,0.03,0.0,0.0,1539.15,1607.663,1.0
"L_uu_weight[14, 15]",0.0,0.0,0.0,0.0,0.0,,2000.0,2000.0,
"L_uu_weight[14, 16]",0.0,0.0,0.0,0.0,0.0,,2000.0,2000.0,
"L_uu_weight[14, 17]",0.0,0.0,0.0,0.0,0.0,,2000.0,2000.0,
"L_uu_weight[14, 18]",0.0,0.0,0.0,0.0,0.0,,2000.0,2000.0,
"L_uu_weight[14, 19]",0.0,0.0,0.0,0.0,0.0,,2000.0,2000.0,
"L_uu_weight[14, 20]",0.0,0.0,0.0,0.0,0.0,,2000.0,2000.0,
"L_uu_weight[14, 21]",0.0,0.0,0.0,0.0,0.0,,2000.0,2000.0,
"L_uu_weight[14, 22]",0.0,0.0,0.0,0.0,0.0,,2000.0,2000.0,
"L_uu_weight[14, 23]",0.0,0.0,0.0,0.0,0.0,,2000.0,2000.0,
"L_uu_weight[14, 24]",0.0,0.0,0.0,0.0,0.0,,2000.0,2000.0,
"L_uu_weight[14, 25]",0.0,0.0,0.0,0.0,0.0,,2000.0,2000.0,
"L_uu_weight[14, 26]",0.0,0.0,0.0,0.0,0.0,,2000.0,2000.0,
"L_uu_weight[14, 27]",0.0,0.0,0.0,0.0,0.0,,2000.0,2000.0,
"L_uu_weight[14, 28]",0.0,0.0,0.0,0.0,0.0,,2000.0,2000.0,
"L_uu_weight[14, 29]",0.0,0.0,0.0,0.0,0.0,,2000.0,2000.0,
"L_uu_weight[14, 30]",0.0,0.0,0.0,0.0,0.0,,2000.0,2000.0,
"L_uu_weight[14, 31]",0.0,0.0,0.0,0.0,0.0,,2000.0,2000.0,
"L_uu_weight[14, 32]",0.0,0.0,0.0,0.0,0.0,,2000.0,2000.0,
"L_uu_weight[14, 33]",0.0,0.0,0.0,0.0,0.0,,2000.0,2000.0,
"L_uu_weight[14, 34]",0.0,0.0,0.0,0.0,0.0,,2000.0,2000.0,
"L_uu_weight[14, 35]",0.0,0.0,0.0,0.0,0.0,,2000.0,2000.0,
"L_uu_weight[14, 36]",0.0,0.0,0.0,0.0,0.0,,2000.0,2000.0,
"L_uu_weight[14, 37]",0.0,0.0,0.0,0.0,0.0,,2000.0,2000.0,
"L_uu_weight[14, 38]",0.0,0.0,0.0,0.0,0.0,,2000.0,2000.0,
"L_uu_weight[14, 39]",0.0,0.0,0.0,0.0,0.0,,2000.0,2000.0,
"L_uu_weight[14, 40]",0.0,0.0,0.0,0.0,0.0,,2000.0,2000.0,
"L_uu_weight[14, 41]",0.0,0.0,0.0,0.0,0.0,,2000.0,2000.0,
"L_uu_weight[14, 42]",0.0,0.0,0.0,0.0,0.0,,2000.0,2000.0,
"L_uu_weight[14, 43]",0.0,0.0,0.0,0.0,0.0,,2000.0,2000.0,
"L_uu_weight[14, 44]",0.0,0.0,0.0,0.0,0.0,,2000.0,2000.0,
"L_uu_weight[14, 45]",0.0,0.0,0.0,0.0,0.0,,2000.0,2000.0,
"L_uu_weight[14, 46]",0.0,0.0,0.0,0.0,0.0,,2000.0,2000.0,
"L_uu_weight[14, 47]",0.0,0.0,0.0,0.0,0.0,,2000.0,2000.0,
"L_uu_weight[14, 48]",0.0,0.0,0.0,0.0,0.0,,2000.0,2000.0,
"L_uu_weight[14, 49]",0.0,0.0,0.0,0.0,0.0,,2000.0,2000.0,
"L_uu_weight[15, 0]",0.282,0.145,0.036,0.543,0.004,0.003,1237.706,1448.927,1.002
"L_uu_weight[15, 1]",0.455,0.167,0.126,0.745,0.005,0.003,1281.659,1446.533,1.002
"L_uu_weight[15, 2]",0.32,0.07,0.195,0.459,0.002,0.002,1544.538,1585.12,1.001
"L_uu_weight[15, 3]",0.361,0.084,0.209,0.53,0.002,0.002,1452.094,1368.892,1.001
"L_uu_weight[15, 4]",0.304,0.064,0.19,0.427,0.002,0.001,1597.662,1539.401,1.0
"L_uu_weight[15, 5]",0.272,0.062,0.168,0.385,0.002,0.001,1459.044,1592.942,1.0
"L_uu_weight[15, 6]",0.259,0.067,0.149,0.385,0.002,0.002,1391.599,1604.39,1.001
"L_uu_weight[15, 7]",0.237,0.062,0.131,0.351,0.002,0.001,1386.986,1608.029,1.001
"L_uu_weight[15, 8]",0.204,0.055,0.111,0.308,0.002,0.002,1361.948,1509.297,1.0
"L_uu_weight[15, 9]",0.167,0.051,0.095,0.27,0.001,0.002,1319.545,1357.216,1.0
"L_uu_weight[15, 10]",0.132,0.044,0.068,0.218,0.001,0.001,1286.003,1320.442,1.001
"L_uu_weight[15, 11]",0.101,0.035,0.05,0.166,0.001,0.001,1275.859,1339.953,1.001
"L_uu_weight[15, 12]",0.073,0.025,0.037,0.119,0.001,0.001,1285.676,1337.898,1.001
"L_uu_weight[15, 13]",0.049,0.016,0.025,0.078,0.0,0.001,1307.241,1359.707,1.001
"L_uu_weight[15, 14]",0.03,0.009,0.016,0.046,0.0,0.0,1336.638,1357.906,1.0
"L_uu_weight[15, 15]",0.021,0.004,0.013,0.029,0.0,0.0,1537.562,1607.597,1.0
"L_uu_weight[15, 16]",0.0,0.0,0.0,0.0,0.0,,2000.0,2000.0,
"L_uu_weight[15, 17]",0.0,0.0,0.0,0.0,0.0,,2000.0,2000.0,
"L_uu_weight[15, 18]",0.0,0.0,0.0,0.0,0.0,,2000.0,2000.0,
"L_uu_weight[15, 19]",0.0,0.0,0.0,0.0,0.0,,2000.0,2000.0,
"L_uu_weight[15, 20]",0.0,0.0,0.0,0.0,0.0,,2000.0,2000.0,
"L_uu_weight[15, 21]",0.0,0.0,0.0,0.0,0.0,,2000.0,2000.0,
"L_uu_weight[15, 22]",0.0,0.0,0.0,0.0,0.0,,2000.0,2000.0,
"L_uu_weight[15, 23]",0.0,0.0,0.0,0.0,0.0,,2000.0,2000.0,
"L_uu_weight[15, 24]",0.0,0.0,0.0,0.0,0.0,,2000.0,2000.0,
"L_uu_weight[15, 25]",0.0,0.0,0.0,0.0,0.0,,2000.0,2000.0,
"L_uu_weight[15, 26]",0.0,0.0,0.0,0.0,0.0,,2000.0,2000.0,
"L_uu_weight[15, 27]",0.0,0.0,0.0,0.0,0.0,,2000.0,2000.0,
"L_uu_weight[15, 28]",0.0,0.0,0.0,0.0,0.0,,2000.0,2000.0,
"L_uu_weight[15, 29]",0.0,0.0,0.0,0.0,0.0,,2000.0,2000.0,
"L_uu_weight[15, 30]",0.0,0.0,0.0,0.0,0.0,,2000.0,2000.0,
"L_uu_weight[15, 31]",0.0,0.0,0.0,0.0,0.0,,2000.0,2000.0,
"L_uu_weight[15, 32]",0.0,0.0,0.0,0.0,0.0,,2000.0,2000.0,
"L_uu_weight[15, 33]",0.0,0.0,0.0,0.0,0.0,,2000.0,2000.0,
"L_uu_weight[15, 34]",0.0,0.0,0.0,0.0,0.0,,2000.0,2000.0,
"L_uu_weight[15, 35]",0.0,0.0,0.0,0.0,0.0,,2000.0,2000.0,
"L_uu_weight[15, 36]",0.0,0.0,0.0,0.0,0.0,,2000.0,2000.0,
"L_uu_weight[15, 37]",0.0,0.0,0.0,0.0,0.0,,2000.0,2000.0,
"L_uu_weight[15, 38]",0.0,0.0,0.0,0.0,0.0,,2000.0,2000.0,
"L_uu_weight[15, 39]",0.0,0.0,0.0,0.0,0.0,,2000.0,2000.0,
"L_uu_weight[15, 40]",0.0,0.0,0.0,0.0,0.0,,2000.0,2000.0,
"L_uu_weight[15, 41]",0.0,0.0,0.0,0.0,0.0,,2000.0,2000.0,
"L_uu_weight[15, 42]",0.0,0.0,0.0,0.0,0.0,,2000.0,2000.0,
"L_uu_weight[15, 43]",0.0,0.0,0.0,0.0,0.0,,2000.0,2000.0,
"L_uu_weight[15, 44]",0.0,0.0,0.0,0.0,0.0,,2000.0,2000.0,
"L_uu_weight[15, 45]",0.0,0.0,0.0,0.0,0.0,,2000.0,2000.0,
"L_uu_weight[15, 46]",0.0,0.0,0.0,0.0,0.0,,2000.0,2000.0,
"L_uu_weight[15, 47]",0.0,0.0,0.0,0.0,0.0,,2000.0,2000.0,
"L_uu_weight[15, 48]",0.0,0.0,0.0,0.0,0.0,,2000.0,2000.0,
"L_uu_weight[15, 49]",0.0,0.0,0.0,0.0,0.0,,2000.0,2000.0,
"L_uu_weight[16, 0]",0.24,0.134,0.009,0.471,0.004,0.003,1229.339,1448.927,1.002
"L_uu_weight[16, 1]",0.413,0.168,0.1,0.716,0.005,0.003,1264.914,1448.485,1.002
"L_uu_weight[16, 2]",0.305,0.07,0.174,0.442,0.002,0.002,1481.933,1465.069,1.001
"L_uu_weight[16, 3]",0.353,0.09,0.191,0.537,0.002,0.002,1389.7,1491.527,1.001
"L_uu_weight[16, 4]",0.304,0.068,0.184,0.436,0.002,0.001,1524.101,1436.221,1.001
"L_uu_weight[16, 5]",0.279,0.06,0.181,0.396,0.002,0.001,1533.394,1690.325,1.001
"L_uu_weight[16, 6]",0.274,0.066,0.164,0.398,0.002,0.002,1459.333,1660.57,1.001
"L_uu_weight[16, 7]",0.26,0.062,0.155,0.376,0.002,0.001,1449.493,1632.168,1.001
"L_uu_weight[16, 8]",0.231,0.058,0.14,0.347,0.002,0.001,1403.346,1580.322,1.0
"L_uu_weight[16, 9]",0.196,0.056,0.114,0.309,0.002,0.002,1335.991,1438.206,1.0
"L_uu_weight[16, 10]",0.163,0.052,0.088,0.266,0.002,0.002,1291.445,1339.068,1.001
"L_uu_weight[16, 11]",0.13,0.044,0.065,0.214,0.001,0.001,1278.788,1320.145,1.001
"L_uu_weight[16, 12]",0.1,0.034,0.049,0.164,0.001,0.001,1282.506,1337.898,1.001
"L_uu_weight[16, 13]",0.072,0.024,0.036,0.118,0.001,0.001,1294.659,1300.293,1.001
"L_uu_weight[16, 14]",0.048,0.016,0.024,0.076,0.0,0.001,1306.431,1320.879,1.001
"L_uu_weight[16, 15]",0.029,0.008,0.016,0.045,0.0,0.0,1331.32,1357.094,1.0
"L_uu_weight[16, 16]",0.021,0.004,0.013,0.029,0.0,0.0,1534.646,1608.118,1.0
"L_uu_weight[16, 17]",0.0,0.0,0.0,0.0,0.0,,2000.0,2000.0,
"L_uu_weight[16, 18]",0.0,0.0,0.0,0.0,0.0,,2000.0,2000.0,
"L_uu_weight[16, 19]",0.0,0.0,0.0,0.0,0.0,,2000.0,2000.0,
"L_uu_weight[16, 20]",0.0,0.0,0.0,0.0,0.0,,2000.0,2000.0,
"L_uu_weight[16, 21]",0.0,0.0,0.0,0.0,0.0,,2000.0,2000.0,
"L_uu_weight[16, 22]",0.0,0.0,0.0,0.0,0.0,,2000.0,2000.0,
"L_uu_weight[16, 23]",0.0,0.0,0.0,0.0,0.0,,2000.0,2000.0,
"L_uu_weight[16, 24]",0.0,0.0,0.0,0.0,0.0,,2000.0,2000.0,
"L_uu_weight[16, 25]",0.0,0.0,0.0,0.0,0.0,,2000.0,2000.0,
"L_uu_weight[16, 26]",0.0,0.0,0.0,0.0,0.0,,2000.0,2000.0,
"L_uu_weight[16, 27]",0.0,0.0,0.0,0.0,0.0,,2000.0,2000.0,
"L_uu_weight[16, 28]",0.0,0.0,0.0,0.0,0.0,,2000.0,2000.0,
"L_uu_weight[16, 29]",0.0,0.0,0.0,0.0,0.0,,2000.0,2000.0,
"L_uu_weight[16, 30]",0.0,0.0,0.0,0.0,0.0,,2000.0,2000.0,
"L_uu_weight[16, 31]",0.0,0.0,0.0,0.0,0.0,,2000.0,2000.0,
"L_uu_weight[16, 32]",0.0,0.0,0.0,0.0,0.0,,2000.0,2000.0,
"L_uu_weight[16, 33]",0.0,0.0,0.0,0.0,0.0,,2000.0,2000.0,
"L_uu_weight[16, 34]",0.0,0.0,0.0,0.0,0.0,,2000.0,2000.0,
"L_uu_weight[16, 35]",0.0,0.0,0.0,0.0,0.0,,2000.0,2000.0,
"L_uu_weight[16, 36]",0.0,0.0,0.0,0.0,0.0,,2000.0,2000.0,
"L_uu_weight[16, 37]",0.0,0.0,0.0,0.0,0.0,,2000.0,2000.0,
"L_uu_weight[16, 38]",0.0,0.0,0.0,0.0,0.0,,2000.0,2000.0,
"L_uu_weight[16, 39]",0.0,0.0,0.0,0.0,0.0,,2000.0,2000.0,
"L_uu_weight[16, 40]",0.0,0.0,0.0,0.0,0.0,,2000.0,2000.0,
"L_uu_weight[16, 41]",0.0,0.0,0.0,0.0,0.0,,2000.0,2000.0,
"L_uu_weight[16, 42]",0.0,0.0,0.0,0.0,0.0,,2000.0,2000.0,
"L_uu_weight[16, 43]",0.0,0.0,0.0,0.0,0.0,,2000.0,2000.0,
"L_uu_weight[16, 44]",0.0,0.0,0.0,0.0,0.0,,2000.0,2000.0,
"L_uu_weight[16, 45]",0.0,0.0,0.0,0.0,0.0,,2000.0,2000.0,
"L_uu_weight[16, 46]",0.0,0.0,0.0,0.0,0.0,,2000.0,2000.0,
"L_uu_weight[16, 47]",0.0,0.0,0.0,0.0,0.0,,2000.0,2000.0,
"L_uu_weight[16, 48]",0.0,0.0,0.0,0.0,0.0,,2000.0,2000.0,
"L_uu_weight[16, 49]",0.0,0.0,0.0,0.0,0.0,,2000.0,2000.0,
"L_uu_weight[17, 0]",0.204,0.123,0.003,0.414,0.003,0.003,1222.225,1405.923,1.002
"L_uu_weight[17, 1]",0.37,0.166,0.063,0.666,0.005,0.003,1251.397,1448.927,1.002
"L_uu_weight[17, 2]",0.285,0.072,0.154,0.433,0.002,0.002,1409.623,1425.345,1.001
"L_uu_weight[17, 3]",0.339,0.095,0.158,0.53,0.003,0.002,1340.785,1469.695,1.001
"L_uu_weight[17, 4]",0.298,0.074,0.158,0.431,0.002,0.001,1443.093,1267.184,1.001
"L_uu_weight[17, 5]",0.281,0.059,0.17,0.389,0.001,0.001,1588.231,1605.47,1.001
"L_uu_weight[17, 6]",0.284,0.064,0.176,0.403,0.002,0.001,1530.4,1752.478,1.0
"L_uu_weight[17, 7]",0.276,0.062,0.177,0.401,0.002,0.001,1523.184,1689.853,1.0
"L_uu_weight[17, 8]",0.253,0.059,0.155,0.363,0.002,0.001,1458.098,1630.713,1.0
"L_uu_weight[17, 9]",0.223,0.059,0.134,0.339,0.002,0.002,1365.616,1485.776,1.0
"L_uu_weight[17, 10]",0.191,0.058,0.106,0.306,0.002,0.002,1305.19,1399.118,1.001
"L_uu_weight[17, 11]",0.16,0.052,0.081,0.259,0.002,0.002,1286.066,1339.565,1.001
"L_uu_weight[17, 12]",0.129,0.044,0.06,0.207,0.001,0.001,1286.031,1321.543,1.001
"L_uu_weight[17, 13]",0.099,0.034,0.049,0.163,0.001,0.001,1290.093,1300.293,1.001
"L_uu_weight[17, 14]",0.071,0.024,0.034,0.115,0.001,0.001,1293.333,1300.293,1.001
"L_uu_weight[17, 15]",0.048,0.016,0.024,0.076,0.0,0.001,1301.84,1302.881,1.001
"L_uu_weight[17, 16]",0.029,0.008,0.016,0.045,0.0,0.0,1326.194,1357.094,1.0
"L_uu_weight[17, 17]",0.02,0.004,0.013,0.029,0.0,0.0,1530.753,1635.71,1.0
"L_uu_weight[17, 18]",0.0,0.0,0.0,0.0,0.0,,2000.0,2000.0,
"L_uu_weight[17, 19]",0.0,0.0,0.0,0.0,0.0,,2000.0,2000.0,
"L_uu_weight[17, 20]",0.0,0.0,0.0,0.0,0.0,,2000.0,2000.0,
"L_uu_weight[17, 21]",0.0,0.0,0.0,0.0,0.0,,2000.0,2000.0,
"L_uu_weight[17, 22]",0.0,0.0,0.0,0.0,0.0,,2000.0,2000.0,
"L_uu_weight[17, 23]",0.0,0.0,0.0,0.0,0.0,,2000.0,2000.0,
"L_uu_weight[17, 24]",0.0,0.0,0.0,0.0,0.0,,2000.0,2000.0,
"L_uu_weight[17, 25]",0.0,0.0,0.0,0.0,0.0,,2000.0,2000.0,
"L_uu_weight[17, 26]",0.0,0.0,0.0,0.0,0.0,,2000.0,2000.0,
"L_uu_weight[17, 27]",0.0,0.0,0.0,0.0,0.0,,2000.0,2000.0,
"L_uu_weight[17, 28]",0.0,0.0,0.0,0.0,0.0,,2000.0,2000.0,
"L_uu_weight[17, 29]",0.0,0.0,0.0,0.0,0.0,,2000.0,2000.0,
"L_uu_weight[17, 30]",0.0,0.0,0.0,0.0,0.0,,2000.0,2000.0,
"L_uu_weight[17, 31]",0.0,0.0,0.0,0.0,0.0,,2000.0,2000.0,
"L_uu_weight[17, 32]",0.0,0.0,0.0,0.0,0.0,,2000.0,2000.0,
"L_uu_weight[17, 33]",0.0,0.0,0.0,0.0,0.0,,2000.0,2000.0,
"L_uu_weight[17, 34]",0.0,0.0,0.0,0.0,0.0,,2000.0,2000.0,
"L_uu_weight[17, 35]",0.0,0.0,0.0,0.0,0.0,,2000.0,2000.0,
"L_uu_weight[17, 36]",0.0,0.0,0.0,0.0,0.0,,2000.0,2000.0,
"L_uu_weight[17, 37]",0.0,0.0,0.0,0.0,0.0,,2000.0,2000.0,
"L_uu_weight[17, 38]",0.0,0.0,0.0,0.0,0.0,,2000.0,2000.0,
"L_uu_weight[17, 39]",0.0,0.0,0.0,0.0,0.0,,2000.0,2000.0,
"L_uu_weight[17, 40]",0.0,0.0,0.0,0.0,0.0,,2000.0,2000.0,
"L_uu_weight[17, 41]",0.0,0.0,0.0,0.0,0.0,,2000.0,2000.0,
"L_uu_weight[17, 42]",0.0,0.0,0.0,0.0,0.0,,2000.0,2000.0,
"L_uu_weight[17, 43]",0.0,0.0,0.0,0.0,0.0,,2000.0,2000.0,
"L_uu_weight[17, 44]",0.0,0.0,0.0,0.0,0.0,,2000.0,2000.0,
"L_uu_weight[17, 45]",0.0,0.0,0.0,0.0,0.0,,2000.0,2000.0,
"L_uu_weight[17, 46]",0.0,0.0,0.0,0.0,0.0,,2000.0,2000.0,
"L_uu_weight[17, 47]",0.0,0.0,0.0,0.0,0.0,,2000.0,2000.0,
"L_uu_weight[17, 48]",0.0,0.0,0.0,0.0,0.0,,2000.0,2000.0,
"L_uu_weight[17, 49]",0.0,0.0,0.0,0.0,0.0,,2000.0,2000.0,
"L_uu_weight[18, 0]",0.171,0.112,0.001,0.361,0.003,0.003,1216.252,1406.052,1.002
"L_uu_weight[18, 1]",0.328,0.162,0.045,0.624,0.004,0.003,1238.471,1448.927,1.002
"L_uu_weight[18, 2]",0.263,0.074,0.126,0.417,0.002,0.002,1350.317,1404.322,1.001
"L_uu_weight[18, 3]",0.32,0.101,0.108,0.493,0.003,0.002,1305.799,1446.533,1.001
"L_uu_weight[18, 4]",0.288,0.08,0.152,0.446,0.002,0.002,1376.997,1286.828,1.001
"L_uu_weight[18, 5]",0.277,0.059,0.172,0.396,0.001,0.001,1563.681,1410.07,1.0
"L_uu_weight[18, 6]",0.287,0.063,0.176,0.405,0.002,0.001,1564.103,1655.728,1.001
"L_uu_weight[18, 7]",0.287,0.062,0.184,0.407,0.002,0.001,1569.574,1645.451,1.0
"L_uu_weight[18, 8]",0.27,0.058,0.166,0.375,0.001,0.001,1538.645,1646.661,1.0
"L_uu_weight[18, 9]",0.245,0.059,0.15,0.357,0.002,0.001,1414.711,1592.9,1.0
"L_uu_weight[18, 10]",0.218,0.061,0.126,0.339,0.002,0.002,1331.657,1462.79,1.0
"L_uu_weight[18, 11]",0.189,0.058,0.104,0.304,0.002,0.002,1302.177,1487.252,1.001
"L_uu_weight[18, 12]",0.159,0.052,0.079,0.256,0.002,0.002,1292.753,1321.382,1.001
"L_uu_weight[18, 13]",0.128,0.043,0.059,0.207,0.001,0.001,1290.053,1301.437,1.001
"L_uu_weight[18, 14]",0.098,0.034,0.046,0.16,0.001,0.001,1288.622,1300.293,1.001
"L_uu_weight[18, 15]",0.07,0.024,0.034,0.115,0.001,0.001,1290.587,1300.293,1.001
"L_uu_weight[18, 16]",0.047,0.016,0.023,0.075,0.0,0.001,1294.111,1340.183,1.001
"L_uu_weight[18, 17]",0.029,0.008,0.016,0.045,0.0,0.0,1322.683,1357.906,1.0
"L_uu_weight[18, 18]",0.02,0.004,0.013,0.029,0.0,0.0,1529.483,1635.8,1.0
"L_uu_weight[18, 19]",0.0,0.0,0.0,0.0,0.0,,2000.0,2000.0,
"L_uu_weight[18, 20]",0.0,0.0,0.0,0.0,0.0,,2000.0,2000.0,
"L_uu_weight[18, 21]",0.0,0.0,0.0,0.0,0.0,,2000.0,2000.0,
"L_uu_weight[18, 22]",0.0,0.0,0.0,0.0,0.0,,2000.0,2000.0,
"L_uu_weight[18, 23]",0.0,0.0,0.0,0.0,0.0,,2000.0,2000.0,
"L_uu_weight[18, 24]",0.0,0.0,0.0,0.0,0.0,,2000.0,2000.0,
"L_uu_weight[18, 25]",0.0,0.0,0.0,0.0,0.0,,2000.0,2000.0,
"L_uu_weight[18, 26]",0.0,0.0,0.0,0.0,0.0,,2000.0,2000.0,
"L_uu_weight[18, 27]",0.0,0.0,0.0,0.0,0.0,,2000.0,2000.0,
"L_uu_weight[18, 28]",0.0,0.0,0.0,0.0,0.0,,2000.0,2000.0,
"L_uu_weight[18, 29]",0.0,0.0,0.0,0.0,0.0,,2000.0,2000.0,
"L_uu_weight[18, 30]",0.0,0.0,0.0,0.0,0.0,,2000.0,2000.0,
"L_uu_weight[18, 31]",0.0,0.0,0.0,0.0,0.0,,2000.0,2000.0,
"L_uu_weight[18, 32]",0.0,0.0,0.0,0.0,0.0,,2000.0,2000.0,
"L_uu_weight[18, 33]",0.0,0.0,0.0,0.0,0.0,,2000.0,2000.0,
"L_uu_weight[18, 34]",0.0,0.0,0.0,0.0,0.0,,2000.0,2000.0,
"L_uu_weight[18, 35]",0.0,0.0,0.0,0.0,0.0,,2000.0,2000.0,
"L_uu_weight[18, 36]",0.0,0.0,0.0,0.0,0.0,,2000.0,2000.0,
"L_uu_weight[18, 37]",0.0,0.0,0.0,0.0,0.0,,2000.0,2000.0,
"L_uu_weight[18, 38]",0.0,0.0,0.0,0.0,0.0,,2000.0,2000.0,
"L_uu_weight[18, 39]",0.0,0.0,0.0,0.0,0.0,,2000.0,2000.0,
"L_uu_weight[18, 40]",0.0,0.0,0.0,0.0,0.0,,2000.0,2000.0,
"L_uu_weight[18, 41]",0.0,0.0,0.0,0.0,0.0,,2000.0,2000.0,
"L_uu_weight[18, 42]",0.0,0.0,0.0,0.0,0.0,,2000.0,2000.0,
"L_uu_weight[18, 43]",0.0,0.0,0.0,0.0,0.0,,2000.0,2000.0,
"L_uu_weight[18, 44]",0.0,0.0,0.0,0.0,0.0,,2000.0,2000.0,
"L_uu_weight[18, 45]",0.0,0.0,0.0,0.0,0.0,,2000.0,2000.0,
"L_uu_weight[18, 46]",0.0,0.0,0.0,0.0,0.0,,2000.0,2000.0,
"L_uu_weight[18, 47]",0.0,0.0,0.0,0.0,0.0,,2000.0,2000.0,
"L_uu_weight[18, 48]",0.0,0.0,0.0,0.0,0.0,,2000.0,2000.0,
"L_uu_weight[18, 49]",0.0,0.0,0.0,0.0,0.0,,2000.0,2000.0,
"L_uu_weight[19, 0]",0.143,0.1,0.001,0.317,0.003,0.003,1210.707,1385.707,1.002
"L_uu_weight[19, 1]",0.288,0.156,0.009,0.552,0.004,0.003,1229.479,1406.052,1.002
"L_uu_weight[19, 2]",0.24,0.076,0.097,0.393,0.002,0.002,1308.504,1448.76,1.001
"L_uu_weight[19, 3]",0.298,0.105,0.077,0.471,0.003,0.002,1281.581,1426.407,1.002
"L_uu_weight[19, 4]",0.273,0.086,0.121,0.439,0.002,0.002,1326.224,1539.29,1.001
"L_uu_weight[19, 5]",0.268,0.062,0.156,0.39,0.002,0.001,1504.299,1397.927,1.001
"L_uu_weight[19, 6]",0.285,0.063,0.173,0.41,0.002,0.001,1540.554,1484.928,1.001
"L_uu_weight[19, 7]",0.292,0.063,0.183,0.415,0.002,0.001,1542.241,1703.139,1.001
"L_uu_weight[19, 8]",0.281,0.058,0.18,0.391,0.001,0.001,1593.254,1468.349,1.001
"L_uu_weight[19, 9]",0.262,0.058,0.165,0.371,0.002,0.001,1493.615,1631.637,1.0
"L_uu_weight[19, 10]",0.24,0.061,0.145,0.359,0.002,0.001,1377.621,1594.38,1.0
"L_uu_weight[19, 11]",0.215,0.061,0.122,0.336,0.002,0.002,1329.648,1534.434,1.001
"L_uu_weight[19, 12]",0.188,0.057,0.099,0.298,0.002,0.002,1308.636,1418.124,1.0
"L_uu_weight[19, 13]",0.157,0.051,0.082,0.259,0.001,0.002,1296.616,1321.49,1.001
"L_uu_weight[19, 14]",0.126,0.043,0.06,0.207,0.001,0.001,1288.818,1321.267,1.001
"L_uu_weight[19, 15]",0.097,0.034,0.046,0.159,0.001,0.001,1285.224,1300.293,1.001
"L_uu_weight[19, 16]",0.07,0.024,0.034,0.114,0.001,0.001,1286.197,1337.212,1.001
"L_uu_weight[19, 17]",0.047,0.016,0.023,0.074,0.0,0.001,1292.899,1340.183,1.001
"L_uu_weight[19, 18]",0.029,0.008,0.016,0.045,0.0,0.0,1322.078,1357.906,1.0
"L_uu_weight[19, 19]",0.02,0.004,0.013,0.029,0.0,0.0,1528.776,1635.98,1.0
"L_uu_weight[19, 20]",0.0,0.0,0.0,0.0,0.0,,2000.0,2000.0,
"L_uu_weight[19, 21]",0.0,0.0,0.0,0.0,0.0,,2000.0,2000.0,
"L_uu_weight[19, 22]",0.0,0.0,0.0,0.0,0.0,,2000.0,2000.0,
"L_uu_weight[19, 23]",0.0,0.0,0.0,0.0,0.0,,2000.0,2000.0,
"L_uu_weight[19, 24]",0.0,0.0,0.0,0.0,0.0,,2000.0,2000.0,
"L_uu_weight[19, 25]",0.0,0.0,0.0,0.0,0.0,,2000.0,2000.0,
"L_uu_weight[19, 26]",0.0,0.0,0.0,0.0,0.0,,2000.0,2000.0,
"L_uu_weight[19, 27]",0.0,0.0,0.0,0.0,0.0,,2000.0,2000.0,
"L_uu_weight[19, 28]",0.0,0.0,0.0,0.0,0.0,,2000.0,2000.0,
"L_uu_weight[19, 29]",0.0,0.0,0.0,0.0,0.0,,2000.0,2000.0,
"L_uu_weight[19, 30]",0.0,0.0,0.0,0.0,0.0,,2000.0,2000.0,
"L_uu_weight[19, 31]",0.0,0.0,0.0,0.0,0.0,,2000.0,2000.0,
"L_uu_weight[19, 32]",0.0,0.0,0.0,0.0,0.0,,2000.0,2000.0,
"L_uu_weight[19, 33]",0.0,0.0,0.0,0.0,0.0,,2000.0,2000.0,
"L_uu_weight[19, 34]",0.0,0.0,0.0,0.0,0.0,,2000.0,2000.0,
"L_uu_weight[19, 35]",0.0,0.0,0.0,0.0,0.0,,2000.0,2000.0,
"L_uu_weight[19, 36]",0.0,0.0,0.0,0.0,0.0,,2000.0,2000.0,
"L_uu_weight[19, 37]",0.0,0.0,0.0,0.0,0.0,,2000.0,2000.0,
"L_uu_weight[19, 38]",0.0,0.0,0.0,0.0,0.0,,2000.0,2000.0,
"L_uu_weight[19, 39]",0.0,0.0,0.0,0.0,0.0,,2000.0,2000.0,
"L_uu_weight[19, 40]",0.0,0.0,0.0,0.0,0.0,,2000.0,2000.0,
"L_uu_weight[19, 41]",0.0,0.0,0.0,0.0,0.0,,2000.0,2000.0,
"L_uu_weight[19, 42]",0.0,0.0,0.0,0.0,0.0,,2000.0,2000.0,
"L_uu_weight[19, 43]",0.0,0.0,0.0,0.0,0.0,,2000.0,2000.0,
"L_uu_weight[19, 44]",0.0,0.0,0.0,0.0,0.0,,2000.0,2000.0,
"L_uu_weight[19, 45]",0.0,0.0,0.0,0.0,0.0,,2000.0,2000.0,
"L_uu_weight[19, 46]",0.0,0.0,0.0,0.0,0.0,,2000.0,2000.0,
"L_uu_weight[19, 47]",0.0,0.0,0.0,0.0,0.0,,2000.0,2000.0,
"L_uu_weight[19, 48]",0.0,0.0,0.0,0.0,0.0,,2000.0,2000.0,
"L_uu_weight[19, 49]",0.0,0.0,0.0,0.0,0.0,,2000.0,2000.0,
"L_uu_weight[20, 0]",0.118,0.09,0.0,0.275,0.002,0.003,1207.46,1385.707,1.002
"L_uu_weight[20, 1]",0.25,0.147,0.004,0.504,0.004,0.003,1222.853,1385.179,1.002
"L_uu_weight[20, 2]",0.216,0.076,0.045,0.34,0.002,0.001,1280.271,1448.927,1.001
"L_uu_weight[20, 3]",0.274,0.107,0.053,0.454,0.003,0.002,1267.573,1448.927,1.002
"L_uu_weight[20, 4]",0.256,0.09,0.087,0.42,0.002,0.002,1292.383,1468.914,1.002
"L_uu_weight[20, 5]",0.255,0.065,0.14,0.391,0.002,0.001,1421.425,1402.146,1.001
"L_uu_weight[20, 6]",0.277,0.064,0.158,0.404,0.002,0.001,1477.373,1466.249,1.001
"L_uu_weight[20, 7]",0.29,0.065,0.179,0.42,0.002,0.001,1486.09,1415.573,1.001
"L_uu_weight[20, 8]",0.286,0.06,0.182,0.404,0.001,0.001,1574.69,1415.392,1.0
"L_uu_weight[20, 9]",0.273,0.057,0.169,0.378,0.001,0.001,1571.014,1547.572,1.0
"L_uu_weight[20, 10]",0.257,0.06,0.156,0.367,0.002,0.001,1443.073,1604.526,1.0
"L_uu_weight[20, 11]",0.237,0.062,0.137,0.354,0.002,0.001,1375.884,1631.974,1.0
"L_uu_weight[20, 12]",0.214,0.061,0.117,0.329,0.002,0.002,1338.352,1548.53,1.0
"L_uu_weight[20, 13]",0.186,0.057,0.096,0.293,0.002,0.002,1312.478,1417.75,1.001
"L_uu_weight[20, 14]",0.156,0.051,0.079,0.254,0.001,0.002,1296.034,1320.442,1.001
"L_uu_weight[20, 15]",0.125,0.043,0.06,0.206,0.001,0.001,1285.94,1321.267,1.001
"L_uu_weight[20, 16]",0.096,0.034,0.046,0.158,0.001,0.001,1280.439,1337.212,1.001
"L_uu_weight[20, 17]",0.069,0.024,0.034,0.114,0.001,0.001,1284.539,1300.293,1.001
"L_uu_weight[20, 18]",0.047,0.016,0.022,0.074,0.0,0.001,1293.635,1320.879,1.001
"L_uu_weight[20, 19]",0.029,0.008,0.016,0.045,0.0,0.0,1321.785,1357.906,1.0
"L_uu_weight[20, 20]",0.02,0.004,0.013,0.029,0.0,0.0,1528.758,1636.183,1.0
"L_uu_weight[20, 21]",0.0,0.0,0.0,0.0,0.0,,2000.0,2000.0,
"L_uu_weight[20, 22]",0.0,0.0,0.0,0.0,0.0,,2000.0,2000.0,
"L_uu_weight[20, 23]",0.0,0.0,0.0,0.0,0.0,,2000.0,2000.0,
"L_uu_weight[20, 24]",0.0,0.0,0.0,0.0,0.0,,2000.0,2000.0,
"L_uu_weight[20, 25]",0.0,0.0,0.0,0.0,0.0,,2000.0,2000.0,
"L_uu_weight[20, 26]",0.0,0.0,0.0,0.0,0.0,,2000.0,2000.0,
"L_uu_weight[20, 27]",0.0,0.0,0.0,0.0,0.0,,2000.0,2000.0,
"L_uu_weight[20, 28]",0.0,0.0,0.0,0.0,0.0,,2000.0,2000.0,
"L_uu_weight[20, 29]",0.0,0.0,0.0,0.0,0.0,,2000.0,2000.0,
"L_uu_weight[20, 30]",0.0,0.0,0.0,0.0,0.0,,2000.0,2000.0,
"L_uu_weight[20, 31]",0.0,0.0,0.0,0.0,0.0,,2000.0,2000.0,
"L_uu_weight[20, 32]",0.0,0.0,0.0,0.0,0.0,,2000.0,2000.0,
"L_uu_weight[20, 33]",0.0,0.0,0.0,0.0,0.0,,2000.0,2000.0,
"L_uu_weight[20, 34]",0.0,0.0,0.0,0.0,0.0,,2000.0,2000.0,
"L_uu_weight[20, 35]",0.0,0.0,0.0,0.0,0.0,,2000.0,2000.0,
"L_uu_weight[20, 36]",0.0,0.0,0.0,0.0,0.0,,2000.0,2000.0,
"L_uu_weight[20, 37]",0.0,0.0,0.0,0.0,0.0,,2000.0,2000.0,
"L_uu_weight[20, 38]",0.0,0.0,0.0,0.0,0.0,,2000.0,2000.0,
"L_uu_weight[20, 39]",0.0,0.0,0.0,0.0,0.0,,2000.0,2000.0,
"L_uu_weight[20, 40]",0.0,0.0,0.0,0.0,0.0,,2000.0,2000.0,
"L_uu_weight[20, 41]",0.0,0.0,0.0,0.0,0.0,,2000.0,2000.0,
"L_uu_weight[20, 42]",0.0,0.0,0.0,0.0,0.0,,2000.0,2000.0,
"L_uu_weight[20, 43]",0.0,0.0,0.0,0.0,0.0,,2000.0,2000.0,
"L_uu_weight[20, 44]",0.0,0.0,0.0,0.0,0.0,,2000.0,2000.0,
"L_uu_weight[20, 45]",0.0,0.0,0.0,0.0,0.0,,2000.0,2000.0,
"L_uu_weight[20, 46]",0.0,0.0,0.0,0.0,0.0,,2000.0,2000.0,
"L_uu_weight[20, 47]",0.0,0.0,0.0,0.0,0.0,,2000.0,2000.0,
"L_uu_weight[20, 48]",0.0,0.0,0.0,0.0,0.0,,2000.0,2000.0,
"L_uu_weight[20, 49]",0.0,0.0,0.0,0.0,0.0,,2000.0,2000.0,
"L_uu_weight[21, 0]",0.098,0.079,0.0,0.237,0.002,0.003,1204.387,1365.793,1.002
"L_uu_weight[21, 1]",0.216,0.138,0.001,0.454,0.004,0.003,1216.917,1385.707,1.002
"L_uu_weight[21, 2]",0.192,0.076,0.039,0.327,0.002,0.001,1261.492,1427.167,1.002
"L_uu_weight[21, 3]",0.248,0.107,0.029,0.422,0.003,0.002,1251.992,1448.927,1.002
"L_uu_weight[21, 4]",0.236,0.094,0.063,0.407,0.003,0.002,1274.183,1447.082,1.002
"L_uu_weight[21, 5]",0.239,0.069,0.119,0.387,0.002,0.001,1357.019,1425.477,1.001
"L_uu_weight[21, 6]",0.265,0.067,0.145,0.409,0.002,0.001,1404.341,1425.676,1.001
"L_uu_weight[21, 7]",0.283,0.068,0.165,0.428,0.002,0.001,1416.336,1424.483,1.001
"L_uu_weight[21, 8]",0.286,0.063,0.176,0.411,0.002,0.001,1514.919,1420.775,1.001
"L_uu_weight[21, 9]",0.278,0.058,0.172,0.387,0.001,0.001,1601.592,1653.412,1.001
"L_uu_weight[21, 10]",0.268,0.059,0.172,0.379,0.001,0.001,1529.302,1698.069,1.0
"L_uu_weight[21, 11]",0.255,0.061,0.154,0.368,0.002,0.001,1439.415,1632.14,1.001
"L_uu_weight[21, 12]",0.236,0.061,0.14,0.357,0.002,0.001,1383.965,1630.77,1.001
"L_uu_weight[21, 13]",0.213,0.06,0.116,0.327,0.002,0.002,1339.622,1559.603,1.0
"L_uu_weight[21, 14]",0.185,0.057,0.098,0.295,0.002,0.002,1308.834,1461.746,1.001
"L_uu_weight[21, 15]",0.154,0.051,0.077,0.252,0.001,0.002,1292.916,1320.33,1.001
"L_uu_weight[21, 16]",0.124,0.043,0.059,0.204,0.001,0.001,1282.251,1321.267,1.001
"L_uu_weight[21, 17]",0.095,0.034,0.045,0.158,0.001,0.001,1278.837,1300.293,1.001
"L_uu_weight[21, 18]",0.069,0.024,0.033,0.114,0.001,0.001,1283.56,1300.293,1.001
"L_uu_weight[21, 19]",0.046,0.015,0.023,0.074,0.0,0.001,1295.922,1320.879,1.001
"L_uu_weight[21, 20]",0.029,0.008,0.016,0.045,0.0,0.0,1321.435,1357.906,1.0
"L_uu_weight[21, 21]",0.02,0.004,0.013,0.029,0.0,0.0,1529.68,1581.549,1.0
"L_uu_weight[21, 22]",0.0,0.0,0.0,0.0,0.0,,2000.0,2000.0,
"L_uu_weight[21, 23]",0.0,0.0,0.0,0.0,0.0,,2000.0,2000.0,
"L_uu_weight[21, 24]",0.0,0.0,0.0,0.0,0.0,,2000.0,2000.0,
"L_uu_weight[21, 25]",0.0,0.0,0.0,0.0,0.0,,2000.0,2000.0,
"L_uu_weight[21, 26]",0.0,0.0,0.0,0.0,0.0,,2000.0,2000.0,
"L_uu_weight[21, 27]",0.0,0.0,0.0,0.0,0.0,,2000.0,2000.0,
"L_uu_weight[21, 28]",0.0,0.0,0.0,0.0,0.0,,2000.0,2000.0,
"L_uu_weight[21, 29]",0.0,0.0,0.0,0.0,0.0,,2000.0,2000.0,
"L_uu_weight[21, 30]",0.0,0.0,0.0,0.0,0.0,,2000.0,2000.0,
"L_uu_weight[21, 31]",0.0,0.0,0.0,0.0,0.0,,2000.0,2000.0,
"L_uu_weight[21, 32]",0.0,0.0,0.0,0.0,0.0,,2000.0,2000.0,
"L_uu_weight[21, 33]",0.0,0.0,0.0,0.0,0.0,,2000.0,2000.0,
"L_uu_weight[21, 34]",0.0,0.0,0.0,0.0,0.0,,2000.0,2000.0,
"L_uu_weight[21, 35]",0.0,0.0,0.0,0.0,0.0,,2000.0,2000.0,
"L_uu_weight[21, 36]",0.0,0.0,0.0,0.0,0.0,,2000.0,2000.0,
"L_uu_weight[21, 37]",0.0,0.0,0.0,0.0,0.0,,2000.0,2000.0,
"L_uu_weight[21, 38]",0.0,0.0,0.0,0.0,0.0,,2000.0,2000.0,
"L_uu_weight[21, 39]",0.0,0.0,0.0,0.0,0.0,,2000.0,2000.0,
"L_uu_weight[21, 40]",0.0,0.0,0.0,0.0,0.0,,2000.0,2000.0,
"L_uu_weight[21, 41]",0.0,0.0,0.0,0.0,0.0,,2000.0,2000.0,
"L_uu_weight[21, 42]",0.0,0.0,0.0,0.0,0.0,,2000.0,2000.0,
"L_uu_weight[21, 43]",0.0,0.0,0.0,0.0,0.0,,2000.0,2000.0,
"L_uu_weight[21, 44]",0.0,0.0,0.0,0.0,0.0,,2000.0,2000.0,
"L_uu_weight[21, 45]",0.0,0.0,0.0,0.0,0.0,,2000.0,2000.0,
"L_uu_weight[21, 46]",0.0,0.0,0.0,0.0,0.0,,2000.0,2000.0,
"L_uu_weight[21, 47]",0.0,0.0,0.0,0.0,0.0,,2000.0,2000.0,
"L_uu_weight[21, 48]",0.0,0.0,0.0,0.0,0.0,,2000.0,2000.0,
"L_uu_weight[21, 49]",0.0,0.0,0.0,0.0,0.0,,2000.0,2000.0,
"L_uu_weight[22, 0]",0.08,0.07,0.0,0.203,0.002,0.003,1201.15,1346.443,1.002
"L_uu_weight[22, 1]",0.184,0.128,0.0,0.403,0.003,0.003,1210.443,1385.707,1.002
"L_uu_weight[22, 2]",0.169,0.074,0.019,0.294,0.002,0.001,1249.329,1406.052,1.002
"L_uu_weight[22, 3]",0.223,0.106,0.019,0.397,0.003,0.002,1242.722,1406.052,1.002
"L_uu_weight[22, 4]",0.215,0.095,0.045,0.39,0.003,0.002,1257.122,1448.927,1.002
"L_uu_weight[22, 5]",0.221,0.072,0.069,0.347,0.002,0.002,1308.013,1426.407,1.001
"L_uu_weight[22, 6]",0.249,0.07,0.116,0.393,0.002,0.001,1348.721,1447.082,1.001
"L_uu_weight[22, 7]",0.272,0.073,0.134,0.415,0.002,0.001,1359.206,1565.929,1.001
"L_uu_weight[22, 8]",0.279,0.068,0.162,0.419,0.002,0.001,1436.154,1278.993,1.001
"L_uu_weight[22, 9]",0.278,0.06,0.177,0.403,0.001,0.001,1562.595,1379.704,1.001
"L_uu_weight[22, 10]",0.273,0.058,0.175,0.387,0.001,0.001,1575.259,1601.069,1.001
"L_uu_weight[22, 11]",0.266,0.059,0.171,0.382,0.002,0.001,1517.795,1752.443,1.0
"L_uu_weight[22, 12]",0.254,0.06,0.152,0.365,0.002,0.001,1454.308,1604.634,1.001
"L_uu_weight[22, 13]",0.235,0.06,0.14,0.353,0.002,0.001,1387.244,1658.748,1.001
"L_uu_weight[22, 14]",0.211,0.06,0.121,0.332,0.002,0.002,1338.179,1463.341,1.0
"L_uu_weight[22, 15]",0.183,0.057,0.097,0.294,0.002,0.002,1306.511,1398.807,1.001
"L_uu_weight[22, 16]",0.153,0.051,0.077,0.253,0.002,0.002,1288.166,1320.09,1.001
"L_uu_weight[22, 17]",0.123,0.043,0.057,0.203,0.001,0.001,1279.694,1321.267,1.001
"L_uu_weight[22, 18]",0.095,0.034,0.044,0.156,0.001,0.001,1277.621,1300.293,1.001
"L_uu_weight[22, 19]",0.069,0.024,0.033,0.113,0.001,0.001,1282.617,1300.293,1.001
"L_uu_weight[22, 20]",0.046,0.015,0.023,0.074,0.0,0.001,1294.377,1337.614,1.001
"L_uu_weight[22, 21]",0.029,0.008,0.016,0.045,0.0,0.0,1321.747,1357.906,1.0
"L_uu_weight[22, 22]",0.02,0.004,0.013,0.029,0.0,0.0,1528.553,1581.549,1.0
"L_uu_weight[22, 23]",0.0,0.0,0.0,0.0,0.0,,2000.0,2000.0,
"L_uu_weight[22, 24]",0.0,0.0,0.0,0.0,0.0,,2000.0,2000.0,
"L_uu_weight[22, 25]",0.0,0.0,0.0,0.0,0.0,,2000.0,2000.0,
"L_uu_weight[22, 26]",0.0,0.0,0.0,0.0,0.0,,2000.0,2000.0,
"L_uu_weight[22, 27]",0.0,0.0,0.0,0.0,0.0,,2000.0,2000.0,
"L_uu_weight[22, 28]",0.0,0.0,0.0,0.0,0.0,,2000.0,2000.0,
"L_uu_weight[22, 29]",0.0,0.0,0.0,0.0,0.0,,2000.0,2000.0,
"L_uu_weight[22, 30]",0.0,0.0,0.0,0.0,0.0,,2000.0,2000.0,
"L_uu_weight[22, 31]",0.0,0.0,0.0,0.0,0.0,,2000.0,2000.0,
"L_uu_weight[22, 32]",0.0,0.0,0.0,0.0,0.0,,2000.0,2000.0,
"L_uu_weight[22, 33]",0.0,0.0,0.0,0.0,0.0,,2000.0,2000.0,
"L_uu_weight[22, 34]",0.0,0.0,0.0,0.0,0.0,,2000.0,2000.0,
"L_uu_weight[22, 35]",0.0,0.0,0.0,0.0,0.0,,2000.0,2000.0,
"L_uu_weight[22, 36]",0.0,0.0,0.0,0.0,0.0,,2000.0,2000.0,
"L_uu_weight[22, 37]",0.0,0.0,0.0,0.0,0.0,,2000.0,2000.0,
"L_uu_weight[22, 38]",0.0,0.0,0.0,0.0,0.0,,2000.0,2000.0,
"L_uu_weight[22, 39]",0.0,0.0,0.0,0.0,0.0,,2000.0,2000.0,
"L_uu_weight[22, 40]",0.0,0.0,0.0,0.0,0.0,,2000.0,2000.0,
"L_uu_weight[22, 41]",0.0,0.0,0.0,0.0,0.0,,2000.0,2000.0,
"L_uu_weight[22, 42]",0.0,0.0,0.0,0.0,0.0,,2000.0,2000.0,
"L_uu_weight[22, 43]",0.0,0.0,0.0,0.0,0.0,,2000.0,2000.0,
"L_uu_weight[22, 44]",0.0,0.0,0.0,0.0,0.0,,2000.0,2000.0,
"L_uu_weight[22, 45]",0.0,0.0,0.0,0.0,0.0,,2000.0,2000.0,
"L_uu_weight[22, 46]",0.0,0.0,0.0,0.0,0.0,,2000.0,2000.0,
"L_uu_weight[22, 47]",0.0,0.0,0.0,0.0,0.0,,2000.0,2000.0,
"L_uu_weight[22, 48]",0.0,0.0,0.0,0.0,0.0,,2000.0,2000.0,
"L_uu_weight[22, 49]",0.0,0.0,0.0,0.0,0.0,,2000.0,2000.0,
"L_uu_weight[23, 0]",0.065,0.061,0.0,0.171,0.002,0.002,1199.122,1346.443,1.002
"L_uu_weight[23, 1]",0.156,0.117,0.0,0.361,0.003,0.003,1206.389,1365.793,1.002
"L_uu_weight[23, 2]",0.147,0.072,0.007,0.264,0.002,0.001,1240.247,1385.707,1.002
"L_uu_weight[23, 3]",0.197,0.103,0.003,0.364,0.003,0.002,1232.817,1385.179,1.002
"L_uu_weight[23, 4]",0.193,0.095,0.029,0.369,0.003,0.002,1243.757,1448.927,1.002
"L_uu_weight[23, 5]",0.202,0.074,0.052,0.336,0.002,0.002,1276.658,1448.927,1.001
"L_uu_weight[23, 6]",0.231,0.072,0.082,0.368,0.002,0.001,1309.145,1448.76,1.001
"L_uu_weight[23, 7]",0.257,0.077,0.112,0.41,0.002,0.002,1314.792,1447.18,1.001
"L_uu_weight[23, 8]",0.269,0.073,0.124,0.404,0.002,0.001,1369.864,1491.086,1.001
"L_uu_weight[23, 9]",0.272,0.064,0.16,0.403,0.002,0.001,1489.904,1358.19,1.001
"L_uu_weight[23, 10]",0.273,0.059,0.159,0.381,0.001,0.001,1562.083,1385.019,1.001
"L_uu_weight[23, 11]",0.272,0.058,0.174,0.386,0.001,0.001,1563.452,1690.254,1.001
"L_uu_weight[23, 12]",0.266,0.059,0.166,0.376,0.002,0.001,1531.904,1735.833,1.0
"L_uu_weight[23, 13]",0.253,0.059,0.155,0.365,0.002,0.001,1458.858,1584.709,1.0
"L_uu_weight[23, 14]",0.233,0.06,0.139,0.352,0.002,0.001,1385.594,1610.255,1.0
"L_uu_weight[23, 15]",0.209,0.06,0.12,0.331,0.002,0.002,1332.227,1440.92,1.001
"L_uu_weight[23, 16]",0.182,0.057,0.095,0.291,0.002,0.002,1300.923,1397.97,1.001
"L_uu_weight[23, 17]",0.152,0.051,0.077,0.252,0.002,0.002,1285.91,1321.543,1.001
"L_uu_weight[23, 18]",0.123,0.043,0.057,0.203,0.001,0.001,1278.811,1321.267,1.001
"L_uu_weight[23, 19]",0.094,0.034,0.044,0.157,0.001,0.001,1277.602,1300.293,1.001
"L_uu_weight[23, 20]",0.068,0.024,0.032,0.113,0.001,0.001,1281.353,1300.293,1.001
"L_uu_weight[23, 21]",0.046,0.015,0.023,0.074,0.0,0.001,1294.262,1337.614,1.001
"L_uu_weight[23, 22]",0.028,0.008,0.016,0.045,0.0,0.0,1321.013,1357.906,1.0
"L_uu_weight[23, 23]",0.02,0.004,0.013,0.029,0.0,0.0,1525.704,1581.358,1.0
"L_uu_weight[23, 24]",0.0,0.0,0.0,0.0,0.0,,2000.0,2000.0,
"L_uu_weight[23, 25]",0.0,0.0,0.0,0.0,0.0,,2000.0,2000.0,
"L_uu_weight[23, 26]",0.0,0.0,0.0,0.0,0.0,,2000.0,2000.0,
"L_uu_weight[23, 27]",0.0,0.0,0.0,0.0,0.0,,2000.0,2000.0,
"L_uu_weight[23, 28]",0.0,0.0,0.0,0.0,0.0,,2000.0,2000.0,
"L_uu_weight[23, 29]",0.0,0.0,0.0,0.0,0.0,,2000.0,2000.0,
"L_uu_weight[23, 30]",0.0,0.0,0.0,0.0,0.0,,2000.0,2000.0,
"L_uu_weight[23, 31]",0.0,0.0,0.0,0.0,0.0,,2000.0,2000.0,
"L_uu_weight[23, 32]",0.0,0.0,0.0,0.0,0.0,,2000.0,2000.0,
"L_uu_weight[23, 33]",0.0,0.0,0.0,0.0,0.0,,2000.0,2000.0,
"L_uu_weight[23, 34]",0.0,0.0,0.0,0.0,0.0,,2000.0,2000.0,
"L_uu_weight[23, 35]",0.0,0.0,0.0,0.0,0.0,,2000.0,2000.0,
"L_uu_weight[23, 36]",0.0,0.0,0.0,0.0,0.0,,2000.0,2000.0,
"L_uu_weight[23, 37]",0.0,0.0,0.0,0.0,0.0,,2000.0,2000.0,
"L_uu_weight[23, 38]",0.0,0.0,0.0,0.0,0.0,,2000.0,2000.0,
"L_uu_weight[23, 39]",0.0,0.0,0.0,0.0,0.0,,2000.0,2000.0,
"L_uu_weight[23, 40]",0.0,0.0,0.0,0.0,0.0,,2000.0,2000.0,
"L_uu_weight[23, 41]",0.0,0.0,0.0,0.0,0.0,,2000.0,2000.0,
"L_uu_weight[23, 42]",0.0,0.0,0.0,0.0,0.0,,2000.0,2000.0,
"L_uu_weight[23, 43]",0.0,0.0,0.0,0.0,0.0,,2000.0,2000.0,
"L_uu_weight[23, 44]",0.0,0.0,0.0,0.0,0.0,,2000.0,2000.0,
"L_uu_weight[23, 45]",0.0,0.0,0.0,0.0,0.0,,2000.0,2000.0,
"L_uu_weight[23, 46]",0.0,0.0,0.0,0.0,0.0,,2000.0,2000.0,
"L_uu_weight[23, 47]",0.0,0.0,0.0,0.0,0.0,,2000.0,2000.0,
"L_uu_weight[23, 48]",0.0,0.0,0.0,0.0,0.0,,2000.0,2000.0,
"L_uu_weight[23, 49]",0.0,0.0,0.0,0.0,0.0,,2000.0,2000.0,
"L_uu_weight[24, 0]",0.053,0.053,0.0,0.143,0.001,0.002,1197.078,1346.268,1.002
"L_uu_weight[24, 1]",0.131,0.106,0.0,0.319,0.003,0.003,1202.709,1346.443,1.002
"L_uu_weight[24, 2]",0.127,0.068,0.0,0.236,0.002,0.001,1229.69,1385.707,1.002
"L_uu_weight[24, 3]",0.173,0.099,0.001,0.338,0.003,0.002,1227.49,1385.707,1.002
"L_uu_weight[24, 4]",0.172,0.093,0.015,0.342,0.003,0.002,1233.639,1405.923,1.002
"L_uu_weight[24, 5]",0.182,0.075,0.033,0.316,0.002,0.002,1255.624,1427.167,1.002
"L_uu_weight[24, 6]",0.212,0.074,0.046,0.333,0.002,0.001,1281.367,1448.927,1.001
"L_uu_weight[24, 7]",0.24,0.08,0.067,0.372,0.002,0.002,1289.077,1426.407,1.001
"L_uu_weight[24, 8]",0.255,0.078,0.095,0.39,0.002,0.002,1322.746,1446.562,1.001
"L_uu_weight[24, 9]",0.262,0.069,0.143,0.407,0.002,0.001,1408.09,1423.792,1.001
"L_uu_weight[24, 10]",0.268,0.061,0.159,0.393,0.002,0.001,1496.308,1420.856,1.001
"L_uu_weight[24, 11]",0.272,0.059,0.168,0.389,0.001,0.001,1544.773,1585.31,1.001
"L_uu_weight[24, 12]",0.272,0.058,0.173,0.384,0.001,0.001,1563.022,1645.817,1.001
"L_uu_weight[24, 13]",0.265,0.058,0.17,0.378,0.001,0.001,1538.592,1690.138,1.0
"L_uu_weight[24, 14]",0.251,0.059,0.152,0.358,0.002,0.001,1449.28,1577.936,1.0
"L_uu_weight[24, 15]",0.232,0.061,0.138,0.35,0.002,0.001,1376.665,1631.777,1.0
"L_uu_weight[24, 16]",0.208,0.06,0.117,0.327,0.002,0.002,1329.653,1486.201,1.001
"L_uu_weight[24, 17]",0.181,0.057,0.094,0.29,0.002,0.002,1299.011,1398.49,1.001
"L_uu_weight[24, 18]",0.152,0.051,0.077,0.253,0.002,0.002,1285.565,1320.33,1.001
"L_uu_weight[24, 19]",0.122,0.043,0.056,0.201,0.001,0.001,1277.358,1321.267,1.001
"L_uu_weight[24, 20]",0.094,0.034,0.043,0.156,0.001,0.001,1276.483,1300.293,1.001
"L_uu_weight[24, 21]",0.068,0.024,0.032,0.112,0.001,0.001,1281.37,1300.293,1.001
"L_uu_weight[24, 22]",0.046,0.015,0.022,0.074,0.0,0.001,1294.404,1300.293,1.001
"L_uu_weight[24, 23]",0.028,0.008,0.016,0.045,0.0,0.0,1319.838,1357.906,1.0
"L_uu_weight[24, 24]",0.02,0.004,0.013,0.029,0.0,0.0,1525.117,1581.358,1.0
"L_uu_weight[24, 25]",0.0,0.0,0.0,0.0,0.0,,2000.0,2000.0,
"L_uu_weight[24, 26]",0.0,0.0,0.0,0.0,0.0,,2000.0,2000.0,
"L_uu_weight[24, 27]",0.0,0.0,0.0,0.0,0.0,,2000.0,2000.0,
"L_uu_weight[24, 28]",0.0,0.0,0.0,0.0,0.0,,2000.0,2000.0,
"L_uu_weight[24, 29]",0.0,0.0,0.0,0.0,0.0,,2000.0,2000.0,
"L_uu_weight[24, 30]",0.0,0.0,0.0,0.0,0.0,,2000.0,2000.0,
"L_uu_weight[24, 31]",0.0,0.0,0.0,0.0,0.0,,2000.0,2000.0,
"L_uu_weight[24, 32]",0.0,0.0,0.0,0.0,0.0,,2000.0,2000.0,
"L_uu_weight[24, 33]",0.0,0.0,0.0,0.0,0.0,,2000.0,2000.0,
"L_uu_weight[24, 34]",0.0,0.0,0.0,0.0,0.0,,2000.0,2000.0,
"L_uu_weight[24, 35]",0.0,0.0,0.0,0.0,0.0,,2000.0,2000.0,
"L_uu_weight[24, 36]",0.0,0.0,0.0,0.0,0.0,,2000.0,2000.0,
"L_uu_weight[24, 37]",0.0,0.0,0.0,0.0,0.0,,2000.0,2000.0,
"L_uu_weight[24, 38]",0.0,0.0,0.0,0.0,0.0,,2000.0,2000.0,
"L_uu_weight[24, 39]",0.0,0.0,0.0,0.0,0.0,,2000.0,2000.0,
"L_uu_weight[24, 40]",0.0,0.0,0.0,0.0,0.0,,2000.0,2000.0,
"L_uu_weight[24, 41]",0.0,0.0,0.0,0.0,0.0,,2000.0,2000.0,
"L_uu_weight[24, 42]",0.0,0.0,0.0,0.0,0.0,,2000.0,2000.0,
"L_uu_weight[24, 43]",0.0,0.0,0.0,0.0,0.0,,2000.0,2000.0,
"L_uu_weight[24, 44]",0.0,0.0,0.0,0.0,0.0,,2000.0,2000.0,
"L_uu_weight[24, 45]",0.0,0.0,0.0,0.0,0.0,,2000.0,2000.0,
"L_uu_weight[24, 46]",0.0,0.0,0.0,0.0,0.0,,2000.0,2000.0,
"L_uu_weight[24, 47]",0.0,0.0,0.0,0.0,0.0,,2000.0,2000.0,
"L_uu_weight[24, 48]",0.0,0.0,0.0,0.0,0.0,,2000.0,2000.0,
"L_uu_weight[24, 49]",0.0,0.0,0.0,0.0,0.0,,2000.0,2000.0,
"L_uu_weight[25, 0]",0.042,0.046,0.0,0.121,0.001,0.002,1195.329,1365.673,1.002
"L_uu_weight[25, 1]",0.109,0.095,0.0,0.278,0.003,0.003,1200.433,1346.268,1.002
"L_uu_weight[25, 2]",0.108,0.064,0.0,0.213,0.002,0.001,1221.883,1365.793,1.002
"L_uu_weight[25, 3]",0.15,0.093,0.0,0.308,0.003,0.002,1220.711,1385.707,1.002
"L_uu_weight[25, 4]",0.151,0.09,0.002,0.308,0.002,0.002,1225.77,1406.052,1.002
"L_uu_weight[25, 5]",0.162,0.075,0.02,0.297,0.002,0.002,1242.526,1405.923,1.002
"L_uu_weight[25, 6]",0.191,0.075,0.038,0.323,0.002,0.001,1262.747,1427.167,1.001
"L_uu_weight[25, 7]",0.22,0.082,0.047,0.354,0.002,0.002,1271.283,1448.927,1.002
"L_uu_weight[25, 8]",0.238,0.082,0.067,0.376,0.002,0.002,1291.813,1447.082,1.002
"L_uu_weight[25, 9]",0.248,0.073,0.114,0.398,0.002,0.001,1345.392,1425.477,1.001
"L_uu_weight[25, 10]",0.258,0.065,0.133,0.386,0.002,0.001,1422.762,1425.345,1.001
"L_uu_weight[25, 11]",0.268,0.061,0.153,0.386,0.002,0.001,1476.103,1399.377,1.001
"L_uu_weight[25, 12]",0.273,0.059,0.177,0.396,0.001,0.001,1533.029,1670.482,1.001
"L_uu_weight[25, 13]",0.272,0.057,0.175,0.386,0.001,0.001,1573.162,1469.099,1.001
"L_uu_weight[25, 14]",0.264,0.058,0.166,0.371,0.001,0.001,1529.885,1612.356,1.0
"L_uu_weight[25, 15]",0.249,0.059,0.149,0.357,0.002,0.001,1439.996,1604.472,1.0
"L_uu_weight[25, 16]",0.23,0.061,0.135,0.348,0.002,0.001,1369.276,1660.523,1.0
"L_uu_weight[25, 17]",0.207,0.06,0.115,0.327,0.002,0.002,1326.943,1509.586,1.0
"L_uu_weight[25, 18]",0.18,0.057,0.093,0.29,0.002,0.002,1298.092,1376.665,1.001
"L_uu_weight[25, 19]",0.151,0.051,0.076,0.251,0.002,0.002,1282.908,1320.33,1.001
"L_uu_weight[25, 20]",0.122,0.043,0.056,0.202,0.001,0.001,1276.636,1321.267,1.001
"L_uu_weight[25, 21]",0.093,0.034,0.042,0.155,0.001,0.001,1277.048,1300.293,1.001
"L_uu_weight[25, 22]",0.068,0.024,0.031,0.111,0.001,0.001,1281.706,1300.293,1.001
"L_uu_weight[25, 23]",0.046,0.015,0.022,0.074,0.0,0.001,1293.868,1300.293,1.001
"L_uu_weight[25, 24]",0.028,0.008,0.016,0.045,0.0,0.0,1318.171,1357.906,1.0
"L_uu_weight[25, 25]",0.02,0.004,0.013,0.029,0.0,0.0,1523.64,1555.677,1.0
"L_uu_weight[25, 26]",0.0,0.0,0.0,0.0,0.0,,2000.0,2000.0,
"L_uu_weight[25, 27]",0.0,0.0,0.0,0.0,0.0,,2000.0,2000.0,
"L_uu_weight[25, 28]",0.0,0.0,0.0,0.0,0.0,,2000.0,2000.0,
"L_uu_weight[25, 29]",0.0,0.0,0.0,0.0,0.0,,2000.0,2000.0,
"L_uu_weight[25, 30]",0.0,0.0,0.0,0.0,0.0,,2000.0,2000.0,
"L_uu_weight[25, 31]",0.0,0.0,0.0,0.0,0.0,,2000.0,2000.0,
"L_uu_weight[25, 32]",0.0,0.0,0.0,0.0,0.0,,2000.0,2000.0,
"L_uu_weight[25, 33]",0.0,0.0,0.0,0.0,0.0,,2000.0,2000.0,
"L_uu_weight[25, 34]",0.0,0.0,0.0,0.0,0.0,,2000.0,2000.0,
"L_uu_weight[25, 35]",0.0,0.0,0.0,0.0,0.0,,2000.0,2000.0,
"L_uu_weight[25, 36]",0.0,0.0,0.0,0.0,0.0,,2000.0,2000.0,
"L_uu_weight[25, 37]",0.0,0.0,0.0,0.0,0.0,,2000.0,2000.0,
"L_uu_weight[25, 38]",0.0,0.0,0.0,0.0,0.0,,2000.0,2000.0,
"L_uu_weight[25, 39]",0.0,0.0,0.0,0.0,0.0,,2000.0,2000.0,
"L_uu_weight[25, 40]",0.0,0.0,0.0,0.0,0.0,,2000.0,2000.0,
"L_uu_weight[25, 41]",0.0,0.0,0.0,0.0,0.0,,2000.0,2000.0,
"L_uu_weight[25, 42]",0.0,0.0,0.0,0.0,0.0,,2000.0,2000.0,
"L_uu_weight[25, 43]",0.0,0.0,0.0,0.0,0.0,,2000.0,2000.0,
"L_uu_weight[25, 44]",0.0,0.0,0.0,0.0,0.0,,2000.0,2000.0,
"L_uu_weight[25, 45]",0.0,0.0,0.0,0.0,0.0,,2000.0,2000.0,
"L_uu_weight[25, 46]",0.0,0.0,0.0,0.0,0.0,,2000.0,2000.0,
"L_uu_weight[25, 47]",0.0,0.0,0.0,0.0,0.0,,2000.0,2000.0,
"L_uu_weight[25, 48]",0.0,0.0,0.0,0.0,0.0,,2000.0,2000.0,
"L_uu_weight[25, 49]",0.0,0.0,0.0,0.0,0.0,,2000.0,2000.0,
"L_uu_weight[26, 0]",0.034,0.039,0.0,0.1,0.001,0.002,1193.893,1346.327,1.002
"L_uu_weight[26, 1]",0.09,0.084,0.0,0.242,0.002,0.003,1198.239,1365.673,1.002
"L_uu_weight[26, 2]",0.091,0.059,0.0,0.191,0.002,0.001,1215.208,1346.443,1.002
"L_uu_weight[26, 3]",0.129,0.087,0.0,0.28,0.002,0.002,1215.294,1365.793,1.002
"L_uu_weight[26, 4]",0.132,0.085,0.0,0.28,0.002,0.002,1218.108,1385.707,1.002
"L_uu_weight[26, 5]",0.143,0.073,0.002,0.265,0.002,0.002,1230.49,1385.179,1.002
"L_uu_weight[26, 6]",0.171,0.074,0.014,0.289,0.002,0.001,1249.499,1406.052,1.002
"L_uu_weight[26, 7]",0.2,0.083,0.024,0.33,0.002,0.001,1257.767,1448.927,1.002
"L_uu_weight[26, 8]",0.219,0.085,0.047,0.364,0.002,0.002,1272.938,1448.76,1.002
"L_uu_weight[26, 9]",0.232,0.078,0.077,0.376,0.002,0.002,1303.559,1426.407,1.001
"L_uu_weight[26, 10]",0.245,0.069,0.112,0.385,0.002,0.001,1355.359,1404.322,1.001
"L_uu_weight[26, 11]",0.258,0.064,0.139,0.39,0.002,0.001,1403.916,1491.527,1.001
"L_uu_weight[26, 12]",0.268,0.061,0.16,0.393,0.002,0.001,1466.788,1399.261,1.001
"L_uu_weight[26, 13]",0.273,0.058,0.175,0.392,0.001,0.001,1546.226,1628.2,1.001
"L_uu_weight[26, 14]",0.27,0.057,0.168,0.377,0.001,0.001,1583.403,1444.472,1.001
"L_uu_weight[26, 15]",0.262,0.058,0.165,0.37,0.001,0.001,1521.835,1690.071,1.0
"L_uu_weight[26, 16]",0.248,0.06,0.148,0.357,0.002,0.001,1431.403,1604.689,1.0
"L_uu_weight[26, 17]",0.229,0.061,0.132,0.347,0.002,0.001,1368.582,1660.553,1.0
"L_uu_weight[26, 18]",0.206,0.06,0.107,0.319,0.002,0.002,1324.455,1509.586,1.0
"L_uu_weight[26, 19]",0.179,0.057,0.094,0.292,0.002,0.002,1296.082,1397.798,1.001
"L_uu_weight[26, 20]",0.151,0.051,0.075,0.25,0.002,0.002,1282.78,1320.09,1.001
"L_uu_weight[26, 21]",0.121,0.043,0.056,0.201,0.001,0.001,1277.049,1318.973,1.001
"L_uu_weight[26, 22]",0.093,0.034,0.043,0.156,0.001,0.001,1276.943,1300.293,1.001
"L_uu_weight[26, 23]",0.068,0.024,0.032,0.112,0.001,0.001,1281.04,1300.293,1.001
"L_uu_weight[26, 24]",0.046,0.015,0.022,0.074,0.0,0.001,1292.983,1337.212,1.001
"L_uu_weight[26, 25]",0.028,0.008,0.016,0.045,0.0,0.0,1317.035,1357.727,1.0
"L_uu_weight[26, 26]",0.02,0.004,0.013,0.029,0.0,0.0,1523.656,1555.677,1.0
"L_uu_weight[26, 27]",0.0,0.0,0.0,0.0,0.0,,2000.0,2000.0,
"L_uu_weight[26, 28]",0.0,0.0,0.0,0.0,0.0,,2000.0,2000.0,
"L_uu_weight[26, 29]",0.0,0.0,0.0,0.0,0.0,,2000.0,2000.0,
"L_uu_weight[26, 30]",0.0,0.0,0.0,0.0,0.0,,2000.0,2000.0,
"L_uu_weight[26, 31]",0.0,0.0,0.0,0.0,0.0,,2000.0,2000.0,
"L_uu_weight[26, 32]",0.0,0.0,0.0,0.0,0.0,,2000.0,2000.0,
"L_uu_weight[26, 33]",0.0,0.0,0.0,0.0,0.0,,2000.0,2000.0,
"L_uu_weight[26, 34]",0.0,0.0,0.0,0.0,0.0,,2000.0,2000.0,
"L_uu_weight[26, 35]",0.0,0.0,0.0,0.0,0.0,,2000.0,2000.0,
"L_uu_weight[26, 36]",0.0,0.0,0.0,0.0,0.0,,2000.0,2000.0,
"L_uu_weight[26, 37]",0.0,0.0,0.0,0.0,0.0,,2000.0,2000.0,
"L_uu_weight[26, 38]",0.0,0.0,0.0,0.0,0.0,,2000.0,2000.0,
"L_uu_weight[26, 39]",0.0,0.0,0.0,0.0,0.0,,2000.0,2000.0,
"L_uu_weight[26, 40]",0.0,0.0,0.0,0.0,0.0,,2000.0,2000.0,
"L_uu_weight[26, 41]",0.0,0.0,0.0,0.0,0.0,,2000.0,2000.0,
"L_uu_weight[26, 42]",0.0,0.0,0.0,0.0,0.0,,2000.0,2000.0,
"L_uu_weight[26, 43]",0.0,0.0,0.0,0.0,0.0,,2000.0,2000.0,
"L_uu_weight[26, 44]",0.0,0.0,0.0,0.0,0.0,,2000.0,2000.0,
"L_uu_weight[26, 45]",0.0,0.0,0.0,0.0,0.0,,2000.0,2000.0,
"L_uu_weight[26, 46]",0.0,0.0,0.0,0.0,0.0,,2000.0,2000.0,
"L_uu_weight[26, 47]",0.0,0.0,0.0,0.0,0.0,,2000.0,2000.0,
"L_uu_weight[26, 48]",0.0,0.0,0.0,0.0,0.0,,2000.0,2000.0,
"L_uu_weight[26, 49]",0.0,0.0,0.0,0.0,0.0,,2000.0,2000.0,
"L_uu_weight[27, 0]",0.027,0.033,0.0,0.083,0.001,0.002,1193.086,1346.327,1.002
"L_uu_weight[27, 1]",0.074,0.075,0.0,0.206,0.002,0.003,1196.144,1365.673,1.002
"L_uu_weight[27, 2]",0.077,0.054,0.0,0.169,0.001,0.001,1209.881,1365.793,1.002
"L_uu_weight[27, 3]",0.11,0.08,0.0,0.25,0.002,0.002,1210.224,1346.443,1.002
"L_uu_weight[27, 4]",0.114,0.08,0.0,0.255,0.002,0.002,1210.784,1385.707,1.002
"L_uu_weight[27, 5]",0.125,0.071,0.001,0.245,0.002,0.002,1223.954,1385.707,1.002
"L_uu_weight[27, 6]",0.151,0.073,0.008,0.27,0.002,0.001,1238.565,1385.707,1.002
"L_uu_weight[27, 7]",0.179,0.082,0.016,0.312,0.002,0.001,1247.721,1406.052,1.002
"L_uu_weight[27, 8]",0.199,0.086,0.031,0.345,0.002,0.002,1256.346,1448.927,1.002
"L_uu_weight[27, 9]",0.214,0.081,0.061,0.367,0.002,0.002,1273.899,1448.927,1.002
"L_uu_weight[27, 10]",0.229,0.073,0.08,0.366,0.002,0.002,1306.834,1426.739,1.001
"L_uu_weight[27, 11]",0.245,0.068,0.111,0.379,0.002,0.001,1346.891,1404.416,1.001
"L_uu_weight[27, 12]",0.259,0.065,0.136,0.388,0.002,0.001,1397.434,1492.262,1.001
"L_uu_weight[27, 13]",0.268,0.061,0.163,0.397,0.002,0.001,1479.435,1360.352,1.001
"L_uu_weight[27, 14]",0.271,0.058,0.169,0.387,0.001,0.001,1558.911,1522.96,1.001
"L_uu_weight[27, 15]",0.269,0.057,0.172,0.38,0.001,0.001,1576.783,1568.937,1.0
"L_uu_weight[27, 16]",0.26,0.058,0.169,0.375,0.001,0.001,1513.021,1690.347,1.0
"L_uu_weight[27, 17]",0.247,0.06,0.149,0.359,0.002,0.001,1429.021,1604.77,1.0
"L_uu_weight[27, 18]",0.229,0.061,0.135,0.35,0.002,0.001,1366.252,1677.31,1.001
"L_uu_weight[27, 19]",0.205,0.06,0.113,0.325,0.002,0.002,1322.855,1440.92,1.001
"L_uu_weight[27, 20]",0.179,0.057,0.091,0.288,0.002,0.002,1294.242,1398.49,1.001
"L_uu_weight[27, 21]",0.15,0.051,0.075,0.25,0.002,0.002,1283.213,1320.09,1.001
"L_uu_weight[27, 22]",0.121,0.043,0.056,0.201,0.001,0.001,1277.448,1318.584,1.001
"L_uu_weight[27, 23]",0.093,0.034,0.043,0.156,0.001,0.001,1276.216,1300.293,1.001
"L_uu_weight[27, 24]",0.067,0.024,0.032,0.112,0.001,0.001,1279.765,1300.293,1.001
"L_uu_weight[27, 25]",0.046,0.016,0.022,0.074,0.0,0.001,1292.004,1337.212,1.001
"L_uu_weight[27, 26]",0.028,0.008,0.016,0.045,0.0,0.0,1316.857,1319.453,1.0
"L_uu_weight[27, 27]",0.02,0.004,0.013,0.029,0.0,0.0,1523.572,1555.677,1.0
"L_uu_weight[27, 28]",0.0,0.0,0.0,0.0,0.0,,2000.0,2000.0,
"L_uu_weight[27, 29]",0.0,0.0,0.0,0.0,0.0,,2000.0,2000.0,
"L_uu_weight[27, 30]",0.0,0.0,0.0,0.0,0.0,,2000.0,2000.0,
"L_uu_weight[27, 31]",0.0,0.0,0.0,0.0,0.0,,2000.0,2000.0,
"L_uu_weight[27, 32]",0.0,0.0,0.0,0.0,0.0,,2000.0,2000.0,
"L_uu_weight[27, 33]",0.0,0.0,0.0,0.0,0.0,,2000.0,2000.0,
"L_uu_weight[27, 34]",0.0,0.0,0.0,0.0,0.0,,2000.0,2000.0,
"L_uu_weight[27, 35]",0.0,0.0,0.0,0.0,0.0,,2000.0,2000.0,
"L_uu_weight[27, 36]",0.0,0.0,0.0,0.0,0.0,,2000.0,2000.0,
"L_uu_weight[27, 37]",0.0,0.0,0.0,0.0,0.0,,2000.0,2000.0,
"L_uu_weight[27, 38]",0.0,0.0,0.0,0.0,0.0,,2000.0,2000.0,
"L_uu_weight[27, 39]",0.0,0.0,0.0,0.0,0.0,,2000.0,2000.0,
"L_uu_weight[27, 40]",0.0,0.0,0.0,0.0,0.0,,2000.0,2000.0,
"L_uu_weight[27, 41]",0.0,0.0,0.0,0.0,0.0,,2000.0,2000.0,
"L_uu_weight[27, 42]",0.0,0.0,0.0,0.0,0.0,,2000.0,2000.0,
"L_uu_weight[27, 43]",0.0,0.0,0.0,0.0,0.0,,2000.0,2000.0,
"L_uu_weight[27, 44]",0.0,0.0,0.0,0.0,0.0,,2000.0,2000.0,
"L_uu_weight[27, 45]",0.0,0.0,0.0,0.0,0.0,,2000.0,2000.0,
"L_uu_weight[27, 46]",0.0,0.0,0.0,0.0,0.0,,2000.0,2000.0,
"L_uu_weight[27, 47]",0.0,0.0,0.0,0.0,0.0,,2000.0,2000.0,
"L_uu_weight[27, 48]",0.0,0.0,0.0,0.0,0.0,,2000.0,2000.0,
"L_uu_weight[27, 49]",0.0,0.0,0.0,0.0,0.0,,2000.0,2000.0,
"L_uu_weight[28, 0]",0.021,0.028,0.0,0.068,0.001,0.002,1191.143,1346.327,1.002
"L_uu_weight[28, 1]",0.061,0.065,0.0,0.176,0.002,0.003,1194.793,1346.327,1.002
"L_uu_weight[28, 2]",0.064,0.048,0.0,0.148,0.001,0.001,1206.128,1365.673,1.002
"L_uu_weight[28, 3]",0.093,0.073,0.0,0.224,0.002,0.002,1206.115,1346.268,1.002
"L_uu_weight[28, 4]",0.098,0.074,0.0,0.23,0.002,0.002,1207.234,1365.793,1.002
"L_uu_weight[28, 5]",0.108,0.067,0.0,0.221,0.002,0.002,1216.229,1385.707,1.002
"L_uu_weight[28, 6]",0.132,0.07,0.001,0.244,0.002,0.001,1228.373,1385.707,1.002
"L_uu_weight[28, 7]",0.159,0.08,0.009,0.289,0.002,0.001,1236.302,1385.179,1.002
"L_uu_weight[28, 8]",0.179,0.086,0.02,0.325,0.002,0.001,1243.401,1405.923,1.002
"L_uu_weight[28, 9]",0.194,0.083,0.033,0.339,0.002,0.002,1255.946,1427.167,1.002
"L_uu_weight[28, 10]",0.211,0.076,0.048,0.34,0.002,0.002,1275.119,1448.927,1.001
"L_uu_weight[28, 11]",0.229,0.072,0.07,0.353,0.002,0.001,1306.58,1426.407,1.001
"L_uu_weight[28, 12]",0.247,0.069,0.114,0.383,0.002,0.001,1338.41,1424.748,1.001
"L_uu_weight[28, 13]",0.26,0.066,0.139,0.391,0.002,0.001,1405.752,1445.946,1.001
"L_uu_weight[28, 14]",0.267,0.061,0.158,0.39,0.002,0.001,1493.103,1359.073,1.001
"L_uu_weight[28, 15]",0.27,0.058,0.17,0.385,0.001,0.001,1559.415,1547.559,1.001
"L_uu_weight[28, 16]",0.267,0.057,0.172,0.378,0.001,0.001,1570.012,1596.479,1.001
"L_uu_weight[28, 17]",0.26,0.058,0.169,0.376,0.001,0.001,1509.369,1690.066,1.0
"L_uu_weight[28, 18]",0.246,0.06,0.143,0.354,0.002,0.001,1429.561,1577.805,1.001
"L_uu_weight[28, 19]",0.228,0.061,0.134,0.349,0.002,0.001,1364.042,1648.351,1.001
"L_uu_weight[28, 20]",0.205,0.06,0.114,0.327,0.002,0.002,1321.325,1440.92,1.001
"L_uu_weight[28, 21]",0.178,0.057,0.09,0.287,0.002,0.002,1295.528,1398.49,1.001
"L_uu_weight[28, 22]",0.15,0.051,0.075,0.251,0.002,0.002,1283.712,1321.432,1.001
"L_uu_weight[28, 23]",0.121,0.043,0.056,0.201,0.001,0.001,1276.478,1318.584,1.001
"L_uu_weight[28, 24]",0.093,0.034,0.043,0.156,0.001,0.001,1274.287,1300.293,1.001
"L_uu_weight[28, 25]",0.067,0.024,0.032,0.112,0.001,0.001,1279.15,1300.293,1.001
"L_uu_weight[28, 26]",0.046,0.016,0.022,0.074,0.0,0.001,1291.796,1337.212,1.001
"L_uu_weight[28, 27]",0.028,0.008,0.016,0.045,0.0,0.0,1316.411,1319.453,1.0
"L_uu_weight[28, 28]",0.02,0.004,0.013,0.029,0.0,0.0,1523.002,1555.677,1.0
"L_uu_weight[28, 29]",0.0,0.0,0.0,0.0,0.0,,2000.0,2000.0,
"L_uu_weight[28, 30]",0.0,0.0,0.0,0.0,0.0,,2000.0,2000.0,
"L_uu_weight[28, 31]",0.0,0.0,0.0,0.0,0.0,,2000.0,2000.0,
"L_uu_weight[28, 32]",0.0,0.0,0.0,0.0,0.0,,2000.0,2000.0,
"L_uu_weight[28, 33]",0.0,0.0,0.0,0.0,0.0,,2000.0,2000.0,
"L_uu_weight[28, 34]",0.0,0.0,0.0,0.0,0.0,,2000.0,2000.0,
"L_uu_weight[28, 35]",0.0,0.0,0.0,0.0,0.0,,2000.0,2000.0,
"L_uu_weight[28, 36]",0.0,0.0,0.0,0.0,0.0,,2000.0,2000.0,
"L_uu_weight[28, 37]",0.0,0.0,0.0,0.0,0.0,,2000.0,2000.0,
"L_uu_weight[28, 38]",0.0,0.0,0.0,0.0,0.0,,2000.0,2000.0,
"L_uu_weight[28, 39]",0.0,0.0,0.0,0.0,0.0,,2000.0,2000.0,
"L_uu_weight[28, 40]",0.0,0.0,0.0,0.0,0.0,,2000.0,2000.0,
"L_uu_weight[28, 41]",0.0,0.0,0.0,0.0,0.0,,2000.0,2000.0,
"L_uu_weight[28, 42]",0.0,0.0,0.0,0.0,0.0,,2000.0,2000.0,
"L_uu_weight[28, 43]",0.0,0.0,0.0,0.0,0.0,,2000.0,2000.0,
"L_uu_weight[28, 44]",0.0,0.0,0.0,0.0,0.0,,2000.0,2000.0,
"L_uu_weight[28, 45]",0.0,0.0,0.0,0.0,0.0,,2000.0,2000.0,
"L_uu_weight[28, 46]",0.0,0.0,0.0,0.0,0.0,,2000.0,2000.0,
"L_uu_weight[28, 47]",0.0,0.0,0.0,0.0,0.0,,2000.0,2000.0,
"L_uu_weight[28, 48]",0.0,0.0,0.0,0.0,0.0,,2000.0,2000.0,
"L_uu_weight[28, 49]",0.0,0.0,0.0,0.0,0.0,,2000.0,2000.0,
"L_uu_weight[29, 0]",0.017,0.024,0.0,0.055,0.001,0.002,1189.325,1346.327,1.002
"L_uu_weight[29, 1]",0.049,0.057,0.0,0.149,0.002,0.003,1193.178,1346.327,1.002
"L_uu_weight[29, 2]",0.053,0.043,0.0,0.129,0.001,0.001,1200.872,1365.673,1.002
"L_uu_weight[29, 3]",0.078,0.066,0.0,0.198,0.002,0.002,1201.461,1365.673,1.002
"L_uu_weight[29, 4]",0.083,0.068,0.0,0.206,0.002,0.002,1203.568,1346.443,1.002
"L_uu_weight[29, 5]",0.092,0.063,0.0,0.198,0.002,0.002,1209.364,1365.793,1.002
"L_uu_weight[29, 6]",0.114,0.067,0.0,0.222,0.002,0.001,1220.86,1365.793,1.002
"L_uu_weight[29, 7]",0.139,0.077,0.0,0.262,0.002,0.001,1229.489,1385.707,1.002
"L_uu_weight[29, 8]",0.159,0.084,0.013,0.306,0.002,0.001,1232.348,1406.052,1.002
"L_uu_weight[29, 9]",0.175,0.083,0.029,0.331,0.002,0.002,1242.955,1406.052,1.002
"L_uu_weight[29, 10]",0.192,0.078,0.037,0.331,0.002,0.002,1257.2,1427.167,1.002
"L_uu_weight[29, 11]",0.212,0.075,0.05,0.336,0.002,0.001,1277.002,1448.927,1.001
"L_uu_weight[29, 12]",0.231,0.073,0.095,0.379,0.002,0.001,1305.143,1447.563,1.001
"L_uu_weight[29, 13]",0.247,0.07,0.121,0.393,0.002,0.001,1343.404,1425.477,1.001
"L_uu_weight[29, 14]",0.259,0.065,0.14,0.392,0.002,0.001,1418.227,1446.454,1.001
"L_uu_weight[29, 15]",0.266,0.06,0.159,0.387,0.002,0.001,1495.709,1378.091,1.001
"L_uu_weight[29, 16]",0.269,0.057,0.166,0.381,0.001,0.001,1558.164,1714.532,1.001
"L_uu_weight[29, 17]",0.267,0.057,0.17,0.376,0.001,0.001,1570.59,1690.004,1.001
"L_uu_weight[29, 18]",0.259,0.058,0.161,0.368,0.001,0.001,1508.213,1660.157,1.0
"L_uu_weight[29, 19]",0.246,0.06,0.144,0.354,0.002,0.001,1427.158,1577.805,1.001
"L_uu_weight[29, 20]",0.227,0.061,0.133,0.347,0.002,0.001,1362.195,1668.809,1.0
"L_uu_weight[29, 21]",0.204,0.06,0.108,0.32,0.002,0.002,1322.686,1440.92,1.001
"L_uu_weight[29, 22]",0.178,0.057,0.091,0.288,0.002,0.002,1296.687,1398.49,1.001
"L_uu_weight[29, 23]",0.149,0.052,0.075,0.25,0.002,0.002,1282.245,1321.432,1.001
"L_uu_weight[29, 24]",0.12,0.043,0.055,0.201,0.001,0.001,1274.896,1318.584,1.001
"L_uu_weight[29, 25]",0.093,0.034,0.042,0.155,0.001,0.001,1273.687,1300.293,1.001
"L_uu_weight[29, 26]",0.067,0.024,0.032,0.112,0.001,0.001,1279.103,1300.293,1.001
"L_uu_weight[29, 27]",0.046,0.016,0.022,0.074,0.0,0.001,1290.753,1300.293,1.001
"L_uu_weight[29, 28]",0.028,0.008,0.016,0.045,0.0,0.0,1316.203,1319.453,1.0
"L_uu_weight[29, 29]",0.02,0.004,0.013,0.029,0.0,0.0,1522.23,1555.677,1.0
"L_uu_weight[29, 30]",0.0,0.0,0.0,0.0,0.0,,2000.0,2000.0,
"L_uu_weight[29, 31]",0.0,0.0,0.0,0.0,0.0,,2000.0,2000.0,
"L_uu_weight[29, 32]",0.0,0.0,0.0,0.0,0.0,,2000.0,2000.0,
"L_uu_weight[29, 33]",0.0,0.0,0.0,0.0,0.0,,2000.0,2000.0,
"L_uu_weight[29, 34]",0.0,0.0,0.0,0.0,0.0,,2000.0,2000.0,
"L_uu_weight[29, 35]",0.0,0.0,0.0,0.0,0.0,,2000.0,2000.0,
"L_uu_weight[29, 36]",0.0,0.0,0.0,0.0,0.0,,2000.0,2000.0,
"L_uu_weight[29, 37]",0.0,0.0,0.0,0.0,0.0,,2000.0,2000.0,
"L_uu_weight[29, 38]",0.0,0.0,0.0,0.0,0.0,,2000.0,2000.0,
"L_uu_weight[29, 39]",0.0,0.0,0.0,0.0,0.0,,2000.0,2000.0,
"L_uu_weight[29, 40]",0.0,0.0,0.0,0.0,0.0,,2000.0,2000.0,
"L_uu_weight[29, 41]",0.0,0.0,0.0,0.0,0.0,,2000.0,2000.0,
"L_uu_weight[29, 42]",0.0,0.0,0.0,0.0,0.0,,2000.0,2000.0,
"L_uu_weight[29, 43]",0.0,0.0,0.0,0.0,0.0,,2000.0,2000.0,
"L_uu_weight[29, 44]",0.0,0.0,0.0,0.0,0.0,,2000.0,2000.0,
"L_uu_weight[29, 45]",0.0,0.0,0.0,0.0,0.0,,2000.0,2000.0,
"L_uu_weight[29, 46]",0.0,0.0,0.0,0.0,0.0,,2000.0,2000.0,
"L_uu_weight[29, 47]",0.0,0.0,0.0,0.0,0.0,,2000.0,2000.0,
"L_uu_weight[29, 48]",0.0,0.0,0.0,0.0,0.0,,2000.0,2000.0,
"L_uu_weight[29, 49]",0.0,0.0,0.0,0.0,0.0,,2000.0,2000.0,
"L_uu_weight[30, 0]",0.013,0.02,0.0,0.045,0.001,0.002,1187.905,1346.385,1.002
"L_uu_weight[30, 1]",0.04,0.05,0.0,0.126,0.001,0.003,1192.117,1346.327,1.002
"L_uu_weight[30, 2]",0.043,0.038,0.0,0.113,0.001,0.001,1198.565,1346.327,1.002
"L_uu_weight[30, 3]",0.065,0.059,0.0,0.174,0.002,0.001,1199.577,1365.673,1.002
"L_uu_weight[30, 4]",0.07,0.062,0.0,0.183,0.002,0.002,1199.97,1346.268,1.002
"L_uu_weight[30, 5]",0.078,0.058,0.0,0.179,0.002,0.002,1205.12,1365.793,1.002
"L_uu_weight[30, 6]",0.098,0.062,0.0,0.202,0.002,0.001,1215.265,1346.443,1.002
"L_uu_weight[30, 7]",0.121,0.073,0.001,0.242,0.002,0.001,1223.071,1365.793,1.002
"L_uu_weight[30, 8]",0.14,0.081,0.0,0.275,0.002,0.001,1225.944,1385.707,1.002
"L_uu_weight[30, 9]",0.155,0.081,0.001,0.292,0.002,0.002,1234.268,1385.179,1.002
"L_uu_weight[30, 10]",0.173,0.078,0.02,0.31,0.002,0.001,1245.263,1406.052,1.002
"L_uu_weight[30, 11]",0.193,0.076,0.034,0.321,0.002,0.001,1260.674,1448.927,1.001
"L_uu_weight[30, 12]",0.214,0.076,0.047,0.335,0.002,0.001,1278.617,1448.927,1.001
"L_uu_weight[30, 13]",0.232,0.074,0.071,0.356,0.002,0.001,1305.351,1426.407,1.001
"L_uu_weight[30, 14]",0.247,0.07,0.122,0.395,0.002,0.001,1352.681,1404.994,1.001
"L_uu_weight[30, 15]",0.257,0.064,0.14,0.388,0.002,0.001,1420.13,1425.109,1.001
"L_uu_weight[30, 16]",0.265,0.06,0.155,0.381,0.002,0.001,1490.509,1377.496,1.001
"L_uu_weight[30, 17]",0.268,0.057,0.168,0.383,0.001,0.001,1553.555,1667.732,1.001
"L_uu_weight[30, 18]",0.266,0.057,0.169,0.375,0.001,0.001,1567.081,1689.92,1.001
"L_uu_weight[30, 19]",0.259,0.058,0.162,0.369,0.001,0.001,1509.26,1660.249,1.0
"L_uu_weight[30, 20]",0.245,0.06,0.144,0.355,0.002,0.001,1427.555,1604.444,1.001
"L_uu_weight[30, 21]",0.227,0.061,0.132,0.347,0.002,0.001,1363.309,1585.72,1.0
"L_uu_weight[30, 22]",0.204,0.061,0.109,0.321,0.002,0.002,1323.477,1440.92,1.001
"L_uu_weight[30, 23]",0.177,0.057,0.092,0.289,0.002,0.002,1294.95,1398.49,1.001
"L_uu_weight[30, 24]",0.149,0.052,0.075,0.25,0.002,0.002,1280.854,1320.09,1.001
"L_uu_weight[30, 25]",0.12,0.043,0.055,0.2,0.001,0.001,1274.177,1318.584,1.001
"L_uu_weight[30, 26]",0.092,0.034,0.042,0.155,0.001,0.001,1272.639,1300.293,1.001
"L_uu_weight[30, 27]",0.067,0.024,0.031,0.112,0.001,0.001,1278.92,1300.293,1.001
"L_uu_weight[30, 28]",0.045,0.016,0.022,0.073,0.0,0.001,1290.495,1337.212,1.001
"L_uu_weight[30, 29]",0.028,0.008,0.016,0.045,0.0,0.0,1315.808,1357.727,1.0
"L_uu_weight[30, 30]",0.02,0.004,0.013,0.029,0.0,0.0,1522.414,1555.677,1.0
"L_uu_weight[30, 31]",0.0,0.0,0.0,0.0,0.0,,2000.0,2000.0,
"L_uu_weight[30, 32]",0.0,0.0,0.0,0.0,0.0,,2000.0,2000.0,
"L_uu_weight[30, 33]",0.0,0.0,0.0,0.0,0.0,,2000.0,2000.0,
"L_uu_weight[30, 34]",0.0,0.0,0.0,0.0,0.0,,2000.0,2000.0,
"L_uu_weight[30, 35]",0.0,0.0,0.0,0.0,0.0,,2000.0,2000.0,
"L_uu_weight[30, 36]",0.0,0.0,0.0,0.0,0.0,,2000.0,2000.0,
"L_uu_weight[30, 37]",0.0,0.0,0.0,0.0,0.0,,2000.0,2000.0,
"L_uu_weight[30, 38]",0.0,0.0,0.0,0.0,0.0,,2000.0,2000.0,
"L_uu_weight[30, 39]",0.0,0.0,0.0,0.0,0.0,,2000.0,2000.0,
"L_uu_weight[30, 40]",0.0,0.0,0.0,0.0,0.0,,2000.0,2000.0,
"L_uu_weight[30, 41]",0.0,0.0,0.0,0.0,0.0,,2000.0,2000.0,
"L_uu_weight[30, 42]",0.0,0.0,0.0,0.0,0.0,,2000.0,2000.0,
"L_uu_weight[30, 43]",0.0,0.0,0.0,0.0,0.0,,2000.0,2000.0,
"L_uu_weight[30, 44]",0.0,0.0,0.0,0.0,0.0,,2000.0,2000.0,
"L_uu_weight[30, 45]",0.0,0.0,0.0,0.0,0.0,,2000.0,2000.0,
"L_uu_weight[30, 46]",0.0,0.0,0.0,0.0,0.0,,2000.0,2000.0,
"L_uu_weight[30, 47]",0.0,0.0,0.0,0.0,0.0,,2000.0,2000.0,
"L_uu_weight[30, 48]",0.0,0.0,0.0,0.0,0.0,,2000.0,2000.0,
"L_uu_weight[30, 49]",0.0,0.0,0.0,0.0,0.0,,2000.0,2000.0,
"L_uu_weight[31, 0]",0.01,0.017,0.0,0.036,0.0,0.002,1187.026,1346.385,1.002
"L_uu_weight[31, 1]",0.032,0.043,0.0,0.105,0.001,0.003,1191.423,1346.385,1.002
"L_uu_weight[31, 2]",0.035,0.034,0.0,0.097,0.001,0.001,1197.086,1346.327,1.002
"L_uu_weight[31, 3]",0.054,0.052,0.0,0.151,0.001,0.001,1198.384,1346.327,1.002
"L_uu_weight[31, 4]",0.058,0.055,0.0,0.159,0.001,0.002,1197.929,1365.673,1.002
"L_uu_weight[31, 5]",0.066,0.053,0.0,0.159,0.001,0.002,1200.974,1365.673,1.002
"L_uu_weight[31, 6]",0.083,0.058,0.0,0.181,0.002,0.001,1209.526,1365.793,1.002
"L_uu_weight[31, 7]",0.104,0.068,0.0,0.219,0.002,0.001,1215.461,1365.793,1.002
"L_uu_weight[31, 8]",0.121,0.077,0.0,0.252,0.002,0.001,1220.464,1385.707,1.002
"L_uu_weight[31, 9]",0.137,0.079,0.001,0.271,0.002,0.001,1226.322,1385.707,1.002
"L_uu_weight[31, 10]",0.154,0.077,0.003,0.281,0.002,0.001,1233.745,1385.707,1.002
"L_uu_weight[31, 11]",0.174,0.077,0.021,0.303,0.002,0.001,1247.856,1406.052,1.002
"L_uu_weight[31, 12]",0.195,0.078,0.035,0.325,0.002,0.001,1264.382,1448.927,1.002
"L_uu_weight[31, 13]",0.214,0.077,0.05,0.344,0.002,0.001,1280.64,1448.927,1.002
"L_uu_weight[31, 14]",0.231,0.074,0.07,0.357,0.002,0.001,1309.528,1426.407,1.001
"L_uu_weight[31, 15]",0.245,0.069,0.114,0.385,0.002,0.001,1355.575,1404.416,1.001
"L_uu_weight[31, 16]",0.257,0.064,0.142,0.388,0.002,0.001,1415.03,1468.914,1.001
"L_uu_weight[31, 17]",0.264,0.06,0.156,0.382,0.002,0.001,1488.05,1398.613,1.001
"L_uu_weight[31, 18]",0.268,0.057,0.172,0.386,0.001,0.001,1551.351,1632.485,1.001
"L_uu_weight[31, 19]",0.266,0.057,0.17,0.376,0.001,0.001,1567.011,1574.016,1.0
"L_uu_weight[31, 20]",0.258,0.058,0.162,0.369,0.001,0.001,1508.24,1690.102,1.0
"L_uu_weight[31, 21]",0.245,0.06,0.144,0.353,0.002,0.001,1427.631,1604.553,1.001
"L_uu_weight[31, 22]",0.226,0.061,0.131,0.346,0.002,0.001,1363.414,1585.72,1.0
"L_uu_weight[31, 23]",0.203,0.061,0.108,0.32,0.002,0.002,1321.671,1440.92,1.001
"L_uu_weight[31, 24]",0.177,0.057,0.091,0.288,0.002,0.002,1293.013,1398.49,1.001
"L_uu_weight[31, 25]",0.149,0.052,0.074,0.25,0.002,0.002,1279.786,1320.09,1.001
"L_uu_weight[31, 26]",0.12,0.044,0.055,0.201,0.001,0.001,1273.042,1318.584,1.001
"L_uu_weight[31, 27]",0.092,0.034,0.042,0.156,0.001,0.001,1271.788,1300.293,1.001
"L_uu_weight[31, 28]",0.067,0.024,0.031,0.112,0.001,0.001,1277.568,1300.293,1.001
"L_uu_weight[31, 29]",0.045,0.016,0.022,0.073,0.0,0.001,1290.474,1337.212,1.001
"L_uu_weight[31, 30]",0.028,0.008,0.016,0.045,0.0,0.0,1315.087,1357.727,1.0
"L_uu_weight[31, 31]",0.02,0.004,0.013,0.029,0.0,0.0,1522.622,1555.677,1.0
"L_uu_weight[31, 32]",0.0,0.0,0.0,0.0,0.0,,2000.0,2000.0,
"L_uu_weight[31, 33]",0.0,0.0,0.0,0.0,0.0,,2000.0,2000.0,
"L_uu_weight[31, 34]",0.0,0.0,0.0,0.0,0.0,,2000.0,2000.0,
"L_uu_weight[31, 35]",0.0,0.0,0.0,0.0,0.0,,2000.0,2000.0,
"L_uu_weight[31, 36]",0.0,0.0,0.0,0.0,0.0,,2000.0,2000.0,
"L_uu_weight[31, 37]",0.0,0.0,0.0,0.0,0.0,,2000.0,2000.0,
"L_uu_weight[31, 38]",0.0,0.0,0.0,0.0,0.0,,2000.0,2000.0,
"L_uu_weight[31, 39]",0.0,0.0,0.0,0.0,0.0,,2000.0,2000.0,
"L_uu_weight[31, 40]",0.0,0.0,0.0,0.0,0.0,,2000.0,2000.0,
"L_uu_weight[31, 41]",0.0,0.0,0.0,0.0,0.0,,2000.0,2000.0,
"L_uu_weight[31, 42]",0.0,0.0,0.0,0.0,0.0,,2000.0,2000.0,
"L_uu_weight[31, 43]",0.0,0.0,0.0,0.0,0.0,,2000.0,2000.0,
"L_uu_weight[31, 44]",0.0,0.0,0.0,0.0,0.0,,2000.0,2000.0,
"L_uu_weight[31, 45]",0.0,0.0,0.0,0.0,0.0,,2000.0,2000.0,
"L_uu_weight[31, 46]",0.0,0.0,0.0,0.0,0.0,,2000.0,2000.0,
"L_uu_weight[31, 47]",0.0,0.0,0.0,0.0,0.0,,2000.0,2000.0,
"L_uu_weight[31, 48]",0.0,0.0,0.0,0.0,0.0,,2000.0,2000.0,
"L_uu_weight[31, 49]",0.0,0.0,0.0,0.0,0.0,,2000.0,2000.0,
"L_uu_weight[32, 0]",0.008,0.015,0.0,0.029,0.0,0.002,1186.479,1346.385,1.002
"L_uu_weight[32, 1]",0.025,0.037,0.0,0.086,0.001,0.003,1189.386,1346.385,1.002
"L_uu_weight[32, 2]",0.029,0.029,0.0,0.082,0.001,0.001,1195.58,1346.327,1.002
"L_uu_weight[32, 3]",0.044,0.046,0.0,0.129,0.001,0.001,1195.551,1346.327,1.002
"L_uu_weight[32, 4]",0.048,0.049,0.0,0.137,0.001,0.002,1196.111,1365.673,1.002
"L_uu_weight[32, 5]",0.055,0.048,0.0,0.14,0.001,0.002,1199.097,1365.673,1.002
"L_uu_weight[32, 6]",0.07,0.053,0.0,0.16,0.001,0.001,1204.705,1365.673,1.002
"L_uu_weight[32, 7]",0.089,0.063,0.0,0.197,0.002,0.001,1210.595,1346.443,1.002
"L_uu_weight[32, 8]",0.105,0.072,0.0,0.23,0.002,0.001,1215.624,1365.793,1.002
"L_uu_weight[32, 9]",0.119,0.075,0.0,0.25,0.002,0.001,1218.287,1365.793,1.002
"L_uu_weight[32, 10]",0.135,0.075,0.001,0.261,0.002,0.001,1226.138,1385.707,1.002
"L_uu_weight[32, 11]",0.154,0.076,0.014,0.286,0.002,0.001,1237.574,1385.179,1.002
"L_uu_weight[32, 12]",0.176,0.078,0.021,0.306,0.002,0.001,1250.963,1405.923,1.002
"L_uu_weight[32, 13]",0.196,0.079,0.031,0.327,0.002,0.001,1264.203,1427.167,1.002
"L_uu_weight[32, 14]",0.214,0.077,0.054,0.351,0.002,0.001,1281.074,1448.927,1.002
"L_uu_weight[32, 15]",0.23,0.073,0.072,0.356,0.002,0.001,1309.374,1426.407,1.001
"L_uu_weight[32, 16]",0.245,0.068,0.112,0.381,0.002,0.001,1354.343,1424.748,1.001
"L_uu_weight[32, 17]",0.256,0.063,0.141,0.386,0.002,0.001,1414.45,1468.914,1.001
"L_uu_weight[32, 18]",0.264,0.06,0.157,0.384,0.002,0.001,1489.65,1398.202,1.001
"L_uu_weight[32, 19]",0.267,0.057,0.167,0.38,0.001,0.001,1553.256,1580.362,1.001
"L_uu_weight[32, 20]",0.265,0.057,0.171,0.377,0.001,0.001,1567.864,1572.9,1.001
"L_uu_weight[32, 21]",0.258,0.058,0.162,0.368,0.001,0.001,1509.421,1690.227,1.001
"L_uu_weight[32, 22]",0.244,0.06,0.144,0.353,0.002,0.001,1426.741,1604.444,1.001
"L_uu_weight[32, 23]",0.226,0.061,0.13,0.346,0.002,0.001,1361.217,1585.551,1.0
"L_uu_weight[32, 24]",0.203,0.061,0.107,0.32,0.002,0.002,1320.137,1440.92,1.001
"L_uu_weight[32, 25]",0.177,0.057,0.09,0.288,0.002,0.002,1291.413,1398.49,1.001
"L_uu_weight[32, 26]",0.149,0.052,0.074,0.25,0.002,0.002,1278.705,1321.432,1.001
"L_uu_weight[32, 27]",0.12,0.044,0.055,0.2,0.001,0.001,1272.4,1318.584,1.001
"L_uu_weight[32, 28]",0.092,0.034,0.042,0.156,0.001,0.001,1271.785,1300.293,1.001
"L_uu_weight[32, 29]",0.067,0.024,0.03,0.111,0.001,0.001,1277.591,1300.293,1.001
"L_uu_weight[32, 30]",0.045,0.016,0.022,0.073,0.0,0.001,1290.368,1337.212,1.001
"L_uu_weight[32, 31]",0.028,0.008,0.016,0.045,0.0,0.0,1315.166,1357.727,1.0
"L_uu_weight[32, 32]",0.02,0.004,0.013,0.029,0.0,0.0,1522.044,1555.677,1.0
"L_uu_weight[32, 33]",0.0,0.0,0.0,0.0,0.0,,2000.0,2000.0,
"L_uu_weight[32, 34]",0.0,0.0,0.0,0.0,0.0,,2000.0,2000.0,
"L_uu_weight[32, 35]",0.0,0.0,0.0,0.0,0.0,,2000.0,2000.0,
"L_uu_weight[32, 36]",0.0,0.0,0.0,0.0,0.0,,2000.0,2000.0,
"L_uu_weight[32, 37]",0.0,0.0,0.0,0.0,0.0,,2000.0,2000.0,
"L_uu_weight[32, 38]",0.0,0.0,0.0,0.0,0.0,,2000.0,2000.0,
"L_uu_weight[32, 39]",0.0,0.0,0.0,0.0,0.0,,2000.0,2000.0,
"L_uu_weight[32, 40]",0.0,0.0,0.0,0.0,0.0,,2000.0,2000.0,
"L_uu_weight[32, 41]",0.0,0.0,0.0,0.0,0.0,,2000.0,2000.0,
"L_uu_weight[32, 42]",0.0,0.0,0.0,0.0,0.0,,2000.0,2000.0,
"L_uu_weight[32, 43]",0.0,0.0,0.0,0.0,0.0,,2000.0,2000.0,
"L_uu_weight[32, 44]",0.0,0.0,0.0,0.0,0.0,,2000.0,2000.0,
"L_uu_weight[32, 45]",0.0,0.0,0.0,0.0,0.0,,2000.0,2000.0,
"L_uu_weight[32, 46]",0.0,0.0,0.0,0.0,0.0,,2000.0,2000.0,
"L_uu_weight[32, 47]",0.0,0.0,0.0,0.0,0.0,,2000.0,2000.0,
"L_uu_weight[32, 48]",0.0,0.0,0.0,0.0,0.0,,2000.0,2000.0,
"L_uu_weight[32, 49]",0.0,0.0,0.0,0.0,0.0,,2000.0,2000.0,
"L_uu_weight[33, 0]",0.006,0.012,0.0,0.023,0.0,0.002,1186.12,1346.385,1.002
"L_uu_weight[33, 1]",0.02,0.032,0.0,0.071,0.001,0.003,1188.256,1346.385,1.002
"L_uu_weight[33, 2]",0.023,0.025,0.0,0.069,0.001,0.001,1193.562,1346.385,1.002
"L_uu_weight[33, 3]",0.036,0.04,0.0,0.11,0.001,0.001,1193.522,1346.327,1.002
"L_uu_weight[33, 4]",0.04,0.044,0.0,0.118,0.001,0.002,1193.817,1346.327,1.002
"L_uu_weight[33, 5]",0.046,0.043,0.0,0.121,0.001,0.002,1196.358,1346.327,1.002
"L_uu_weight[33, 6]",0.059,0.048,0.0,0.142,0.001,0.001,1201.129,1365.673,1.002
"L_uu_weight[33, 7]",0.075,0.057,0.0,0.175,0.002,0.001,1206.273,1346.268,1.002
"L_uu_weight[33, 8]",0.089,0.066,0.0,0.207,0.002,0.001,1209.865,1346.443,1.002
"L_uu_weight[33, 9]",0.103,0.071,0.0,0.226,0.002,0.001,1212.671,1365.793,1.002
"L_uu_weight[33, 10]",0.118,0.072,0.0,0.24,0.002,0.001,1219.347,1365.793,1.002
"L_uu_weight[33, 11]",0.136,0.074,0.001,0.256,0.002,0.001,1227.508,1385.707,1.002
"L_uu_weight[33, 12]",0.156,0.077,0.014,0.286,0.002,0.001,1239.982,1385.179,1.002
"L_uu_weight[33, 13]",0.177,0.08,0.017,0.307,0.002,0.001,1250.958,1405.923,1.002
"L_uu_weight[33, 14]",0.196,0.079,0.028,0.327,0.002,0.001,1263.747,1427.167,1.002
"L_uu_weight[33, 15]",0.213,0.077,0.054,0.348,0.002,0.001,1280.239,1448.927,1.002
"L_uu_weight[33, 16]",0.23,0.072,0.071,0.352,0.002,0.001,1309.139,1426.407,1.001
"L_uu_weight[33, 17]",0.244,0.068,0.115,0.38,0.002,0.001,1350.184,1424.748,1.001
"L_uu_weight[33, 18]",0.256,0.063,0.14,0.385,0.002,0.001,1416.537,1468.701,1.001
"L_uu_weight[33, 19]",0.264,0.06,0.158,0.385,0.002,0.001,1491.459,1398.202,1.001
"L_uu_weight[33, 20]",0.267,0.057,0.168,0.38,0.001,0.001,1555.136,1626.802,1.001
"L_uu_weight[33, 21]",0.265,0.057,0.171,0.376,0.001,0.001,1568.497,1546.063,1.001
"L_uu_weight[33, 22]",0.257,0.058,0.163,0.369,0.001,0.001,1507.967,1660.597,1.0
"L_uu_weight[33, 23]",0.244,0.06,0.142,0.353,0.002,0.001,1424.476,1604.444,1.001
"L_uu_weight[33, 24]",0.226,0.061,0.131,0.347,0.002,0.001,1358.808,1585.551,1.0
"L_uu_weight[33, 25]",0.203,0.061,0.104,0.317,0.002,0.002,1317.334,1440.92,1.001
"L_uu_weight[33, 26]",0.177,0.058,0.089,0.286,0.002,0.002,1290.669,1398.49,1.001
"L_uu_weight[33, 27]",0.148,0.052,0.074,0.25,0.002,0.002,1277.877,1321.432,1.001
"L_uu_weight[33, 28]",0.12,0.044,0.055,0.2,0.001,0.001,1272.105,1318.584,1.001
"L_uu_weight[33, 29]",0.092,0.034,0.042,0.156,0.001,0.001,1271.912,1300.293,1.001
"L_uu_weight[33, 30]",0.067,0.024,0.03,0.111,0.001,0.001,1277.562,1300.293,1.001
"L_uu_weight[33, 31]",0.045,0.016,0.022,0.073,0.0,0.001,1290.704,1337.212,1.001
"L_uu_weight[33, 32]",0.028,0.008,0.016,0.045,0.0,0.0,1314.852,1357.727,1.0
"L_uu_weight[33, 33]",0.02,0.004,0.013,0.029,0.0,0.0,1521.811,1555.677,1.0
"L_uu_weight[33, 34]",0.0,0.0,0.0,0.0,0.0,,2000.0,2000.0,
"L_uu_weight[33, 35]",0.0,0.0,0.0,0.0,0.0,,2000.0,2000.0,
"L_uu_weight[33, 36]",0.0,0.0,0.0,0.0,0.0,,2000.0,2000.0,
"L_uu_weight[33, 37]",0.0,0.0,0.0,0.0,0.0,,2000.0,2000.0,
"L_uu_weight[33, 38]",0.0,0.0,0.0,0.0,0.0,,2000.0,2000.0,
"L_uu_weight[33, 39]",0.0,0.0,0.0,0.0,0.0,,2000.0,2000.0,
"L_uu_weight[33, 40]",0.0,0.0,0.0,0.0,0.0,,2000.0,2000.0,
"L_uu_weight[33, 41]",0.0,0.0,0.0,0.0,0.0,,2000.0,2000.0,
"L_uu_weight[33, 42]",0.0,0.0,0.0,0.0,0.0,,2000.0,2000.0,
"L_uu_weight[33, 43]",0.0,0.0,0.0,0.0,0.0,,2000.0,2000.0,
"L_uu_weight[33, 44]",0.0,0.0,0.0,0.0,0.0,,2000.0,2000.0,
"L_uu_weight[33, 45]",0.0,0.0,0.0,0.0,0.0,,2000.0,2000.0,
"L_uu_weight[33, 46]",0.0,0.0,0.0,0.0,0.0,,2000.0,2000.0,
"L_uu_weight[33, 47]",0.0,0.0,0.0,0.0,0.0,,2000.0,2000.0,
"L_uu_weight[33, 48]",0.0,0.0,0.0,0.0,0.0,,2000.0,2000.0,
"L_uu_weight[33, 49]",0.0,0.0,0.0,0.0,0.0,,2000.0,2000.0,
"L_uu_weight[34, 0]",0.005,0.01,0.0,0.018,0.0,0.001,1186.152,1346.385,1.002
"L_uu_weight[34, 1]",0.016,0.027,0.0,0.058,0.001,0.002,1186.274,1346.385,1.002
"L_uu_weight[34, 2]",0.018,0.022,0.0,0.058,0.001,0.001,1191.985,1346.385,1.002
"L_uu_weight[34, 3]",0.029,0.035,0.0,0.092,0.001,0.001,1191.705,1346.385,1.002
"L_uu_weight[34, 4]",0.033,0.039,0.0,0.102,0.001,0.002,1192.918,1346.327,1.002
"L_uu_weight[34, 5]",0.038,0.038,0.0,0.104,0.001,0.002,1194.658,1346.327,1.002
"L_uu_weight[34, 6]",0.049,0.043,0.0,0.125,0.001,0.001,1198.368,1346.327,1.002
"L_uu_weight[34, 7]",0.063,0.052,0.0,0.156,0.001,0.001,1201.478,1365.673,1.002
"L_uu_weight[34, 8]",0.076,0.061,0.0,0.186,0.002,0.001,1204.83,1346.268,1.002
"L_uu_weight[34, 9]",0.088,0.066,0.0,0.206,0.002,0.001,1207.765,1365.793,1.002
"L_uu_weight[34, 10]",0.102,0.068,0.0,0.218,0.002,0.001,1211.716,1346.443,1.002
"L_uu_weight[34, 11]",0.119,0.07,0.0,0.236,0.002,0.001,1219.672,1365.793,1.002
"L_uu_weight[34, 12]",0.138,0.075,0.0,0.257,0.002,0.001,1230.338,1385.707,1.002
"L_uu_weight[34, 13]",0.158,0.079,0.009,0.287,0.002,0.001,1237.795,1385.179,1.002
"L_uu_weight[34, 14]",0.177,0.08,0.021,0.311,0.002,0.001,1248.583,1406.052,1.002
"L_uu_weight[34, 15]",0.195,0.079,0.034,0.331,0.002,0.001,1258.674,1448.927,1.002
"L_uu_weight[34, 16]",0.213,0.076,0.054,0.344,0.002,0.001,1277.448,1448.927,1.001
"L_uu_weight[34, 17]",0.23,0.072,0.072,0.353,0.002,0.001,1309.347,1426.407,1.001
"L_uu_weight[34, 18]",0.244,0.068,0.121,0.384,0.002,0.001,1350.549,1425.411,1.001
"L_uu_weight[34, 19]",0.256,0.063,0.141,0.384,0.002,0.001,1418.493,1468.701,1.001
"L_uu_weight[34, 20]",0.264,0.059,0.155,0.38,0.002,0.001,1494.083,1398.684,1.001
"L_uu_weight[34, 21]",0.267,0.057,0.169,0.382,0.001,0.001,1559.296,1633.195,1.001
"L_uu_weight[34, 22]",0.264,0.057,0.171,0.377,0.001,0.001,1567.855,1573.133,1.001
"L_uu_weight[34, 23]",0.257,0.058,0.16,0.366,0.002,0.001,1502.214,1660.508,1.0
"L_uu_weight[34, 24]",0.244,0.06,0.141,0.352,0.002,0.001,1421.627,1604.363,1.001
"L_uu_weight[34, 25]",0.225,0.061,0.131,0.347,0.002,0.001,1356.981,1612.46,1.0
"L_uu_weight[34, 26]",0.203,0.061,0.108,0.321,0.002,0.002,1316.377,1440.92,1.001
"L_uu_weight[34, 27]",0.176,0.058,0.089,0.287,0.002,0.002,1290.083,1378.33,1.001
"L_uu_weight[34, 28]",0.148,0.052,0.073,0.249,0.002,0.002,1277.071,1321.432,1.001
"L_uu_weight[34, 29]",0.12,0.044,0.055,0.2,0.001,0.001,1272.224,1318.584,1.001
"L_uu_weight[34, 30]",0.092,0.034,0.041,0.154,0.001,0.001,1271.895,1300.293,1.001
"L_uu_weight[34, 31]",0.067,0.024,0.03,0.111,0.001,0.001,1277.299,1300.293,1.001
"L_uu_weight[34, 32]",0.045,0.016,0.022,0.073,0.0,0.001,1290.019,1300.293,1.001
"L_uu_weight[34, 33]",0.028,0.008,0.016,0.045,0.0,0.0,1314.474,1357.727,1.0
"L_uu_weight[34, 34]",0.02,0.004,0.013,0.029,0.0,0.0,1521.112,1555.677,1.0
"L_uu_weight[34, 35]",0.0,0.0,0.0,0.0,0.0,,2000.0,2000.0,
"L_uu_weight[34, 36]",0.0,0.0,0.0,0.0,0.0,,2000.0,2000.0,
"L_uu_weight[34, 37]",0.0,0.0,0.0,0.0,0.0,,2000.0,2000.0,
"L_uu_weight[34, 38]",0.0,0.0,0.0,0.0,0.0,,2000.0,2000.0,
"L_uu_weight[34, 39]",0.0,0.0,0.0,0.0,0.0,,2000.0,2000.0,
"L_uu_weight[34, 40]",0.0,0.0,0.0,0.0,0.0,,2000.0,2000.0,
"L_uu_weight[34, 41]",0.0,0.0,0.0,0.0,0.0,,2000.0,2000.0,
"L_uu_weight[34, 42]",0.0,0.0,0.0,0.0,0.0,,2000.0,2000.0,
"L_uu_weight[34, 43]",0.0,0.0,0.0,0.0,0.0,,2000.0,2000.0,
"L_uu_weight[34, 44]",0.0,0.0,0.0,0.0,0.0,,2000.0,2000.0,
"L_uu_weight[34, 45]",0.0,0.0,0.0,0.0,0.0,,2000.0,2000.0,
"L_uu_weight[34, 46]",0.0,0.0,0.0,0.0,0.0,,2000.0,2000.0,
"L_uu_weight[34, 47]",0.0,0.0,0.0,0.0,0.0,,2000.0,2000.0,
"L_uu_weight[34, 48]",0.0,0.0,0.0,0.0,0.0,,2000.0,2000.0,
"L_uu_weight[34, 49]",0.0,0.0,0.0,0.0,0.0,,2000.0,2000.0,
"L_uu_weight[35, 0]",0.004,0.009,0.0,0.014,0.0,0.001,1186.147,1346.385,1.002
"L_uu_weight[35, 1]",0.013,0.023,0.0,0.046,0.001,0.002,1185.675,1346.385,1.002
"L_uu_weight[35, 2]",0.015,0.019,0.0,0.048,0.0,0.001,1190.838,1346.385,1.002
"L_uu_weight[35, 3]",0.023,0.03,0.0,0.078,0.001,0.001,1191.006,1346.385,1.002
"L_uu_weight[35, 4]",0.026,0.034,0.0,0.086,0.001,0.002,1191.802,1346.327,1.002
"L_uu_weight[35, 5]",0.031,0.034,0.0,0.09,0.001,0.002,1193.012,1346.327,1.002
"L_uu_weight[35, 6]",0.04,0.038,0.0,0.108,0.001,0.001,1196.928,1346.327,1.002
"L_uu_weight[35, 7]",0.052,0.046,0.0,0.137,0.001,0.001,1199.214,1346.327,1.002
"L_uu_weight[35, 8]",0.064,0.055,0.0,0.164,0.001,0.001,1200.821,1365.673,1.002
"L_uu_weight[35, 9]",0.074,0.06,0.0,0.185,0.002,0.001,1202.281,1365.673,1.002
"L_uu_weight[35, 10]",0.087,0.063,0.0,0.197,0.002,0.001,1206.193,1365.793,1.002
"L_uu_weight[35, 11]",0.102,0.066,0.0,0.215,0.002,0.001,1213.68,1365.793,1.002
"L_uu_weight[35, 12]",0.12,0.071,0.0,0.237,0.002,0.001,1221.064,1385.707,1.002
"L_uu_weight[35, 13]",0.139,0.076,0.001,0.262,0.002,0.001,1231.712,1385.707,1.002
"L_uu_weight[35, 14]",0.158,0.079,0.009,0.291,0.002,0.001,1236.64,1385.179,1.002
"L_uu_weight[35, 15]",0.176,0.079,0.022,0.312,0.002,0.001,1246.349,1406.052,1.002
"L_uu_weight[35, 16]",0.195,0.078,0.033,0.325,0.002,0.001,1257.523,1448.927,1.002
"L_uu_weight[35, 17]",0.213,0.075,0.051,0.339,0.002,0.001,1277.719,1448.927,1.001
"L_uu_weight[35, 18]",0.23,0.072,0.096,0.376,0.002,0.001,1310.102,1426.407,1.001
"L_uu_weight[35, 19]",0.245,0.068,0.115,0.381,0.002,0.001,1352.517,1404.416,1.001
"L_uu_weight[35, 20]",0.256,0.063,0.141,0.384,0.002,0.001,1420.389,1468.914,1.001
"L_uu_weight[35, 21]",0.263,0.059,0.158,0.383,0.002,0.001,1496.794,1398.684,1.001
"L_uu_weight[35, 22]",0.266,0.057,0.167,0.38,0.001,0.001,1560.08,1689.898,1.001
"L_uu_weight[35, 23]",0.264,0.057,0.167,0.373,0.001,0.001,1564.232,1685.749,1.0
"L_uu_weight[35, 24]",0.256,0.058,0.159,0.365,0.002,0.001,1499.673,1660.332,1.0
"L_uu_weight[35, 25]",0.243,0.06,0.141,0.353,0.002,0.001,1420.034,1604.472,1.001
"L_uu_weight[35, 26]",0.225,0.061,0.132,0.348,0.002,0.001,1355.685,1585.72,1.0
"L_uu_weight[35, 27]",0.202,0.061,0.108,0.32,0.002,0.002,1315.034,1440.92,1.001
"L_uu_weight[35, 28]",0.176,0.058,0.089,0.287,0.002,0.002,1290.325,1378.33,1.001
"L_uu_weight[35, 29]",0.148,0.052,0.073,0.249,0.002,0.002,1277.683,1321.432,1.001
"L_uu_weight[35, 30]",0.119,0.044,0.054,0.2,0.001,0.001,1272.767,1318.584,1.001
"L_uu_weight[35, 31]",0.092,0.034,0.04,0.154,0.001,0.001,1271.766,1300.293,1.001
"L_uu_weight[35, 32]",0.067,0.024,0.03,0.111,0.001,0.001,1277.362,1300.293,1.001
"L_uu_weight[35, 33]",0.045,0.016,0.022,0.073,0.0,0.001,1289.612,1300.293,1.001
"L_uu_weight[35, 34]",0.028,0.008,0.016,0.045,0.0,0.0,1314.004,1319.729,1.0
"L_uu_weight[35, 35]",0.02,0.004,0.013,0.029,0.0,0.0,1520.937,1555.677,1.0
"L_uu_weight[35, 36]",0.0,0.0,0.0,0.0,0.0,,2000.0,2000.0,
"L_uu_weight[35, 37]",0.0,0.0,0.0,0.0,0.0,,2000.0,2000.0,
"L_uu_weight[35, 38]",0.0,0.0,0.0,0.0,0.0,,2000.0,2000.0,
"L_uu_weight[35, 39]",0.0,0.0,0.0,0.0,0.0,,2000.0,2000.0,
"L_uu_weight[35, 40]",0.0,0.0,0.0,0.0,0.0,,2000.0,2000.0,
"L_uu_weight[35, 41]",0.0,0.0,0.0,0.0,0.0,,2000.0,2000.0,
"L_uu_weight[35, 42]",0.0,0.0,0.0,0.0,0.0,,2000.0,2000.0,
"L_uu_weight[35, 43]",0.0,0.0,0.0,0.0,0.0,,2000.0,2000.0,
"L_uu_weight[35, 44]",0.0,0.0,0.0,0.0,0.0,,2000.0,2000.0,
"L_uu_weight[35, 45]",0.0,0.0,0.0,0.0,0.0,,2000.0,2000.0,
"L_uu_weight[35, 46]",0.0,0.0,0.0,0.0,0.0,,2000.0,2000.0,
"L_uu_weight[35, 47]",0.0,0.0,0.0,0.0,0.0,,2000.0,2000.0,
"L_uu_weight[35, 48]",0.0,0.0,0.0,0.0,0.0,,2000.0,2000.0,
"L_uu_weight[35, 49]",0.0,0.0,0.0,0.0,0.0,,2000.0,2000.0,
"L_uu_weight[36, 0]",0.003,0.007,0.0,0.011,0.0,0.001,1185.622,1346.385,1.002
"L_uu_weight[36, 1]",0.01,0.02,0.0,0.037,0.001,0.002,1185.519,1346.385,1.002
"L_uu_weight[36, 2]",0.012,0.016,0.0,0.039,0.0,0.001,1188.906,1346.385,1.002
"L_uu_weight[36, 3]",0.019,0.026,0.0,0.065,0.001,0.001,1189.663,1346.385,1.002
"L_uu_weight[36, 4]",0.021,0.029,0.0,0.072,0.001,0.002,1190.628,1346.385,1.002
"L_uu_weight[36, 5]",0.025,0.03,0.0,0.076,0.001,0.002,1192.322,1346.385,1.002
"L_uu_weight[36, 6]",0.033,0.034,0.0,0.092,0.001,0.001,1195.507,1346.327,1.002
"L_uu_weight[36, 7]",0.043,0.041,0.0,0.119,0.001,0.001,1197.675,1346.327,1.002
"L_uu_weight[36, 8]",0.053,0.049,0.0,0.145,0.001,0.001,1199.555,1346.327,1.002
"L_uu_weight[36, 9]",0.063,0.055,0.0,0.164,0.001,0.001,1200.088,1365.673,1.002
"L_uu_weight[36, 10]",0.074,0.058,0.0,0.177,0.002,0.001,1202.888,1365.673,1.002
"L_uu_weight[36, 11]",0.088,0.062,0.0,0.192,0.002,0.001,1208.129,1346.443,1.002
"L_uu_weight[36, 12]",0.104,0.067,0.0,0.217,0.002,0.001,1214.428,1365.793,1.002
"L_uu_weight[36, 13]",0.121,0.073,0.0,0.242,0.002,0.001,1222.6,1385.707,1.002
"L_uu_weight[36, 14]",0.139,0.077,0.0,0.266,0.002,0.001,1227.949,1385.707,1.002
"L_uu_weight[36, 15]",0.157,0.079,0.002,0.285,0.002,0.001,1233.702,1385.179,1.002
"L_uu_weight[36, 16]",0.176,0.078,0.029,0.317,0.002,0.001,1244.8,1405.923,1.002
"L_uu_weight[36, 17]",0.195,0.077,0.032,0.323,0.002,0.001,1259.106,1448.927,1.002
"L_uu_weight[36, 18]",0.213,0.075,0.051,0.338,0.002,0.001,1281.085,1448.927,1.001
"L_uu_weight[36, 19]",0.23,0.072,0.072,0.351,0.002,0.001,1310.289,1426.407,1.001
"L_uu_weight[36, 20]",0.244,0.068,0.119,0.383,0.002,0.001,1357.874,1404.416,1.001
"L_uu_weight[36, 21]",0.256,0.063,0.145,0.387,0.002,0.001,1419.961,1468.914,1.001
"L_uu_weight[36, 22]",0.263,0.059,0.155,0.379,0.002,0.001,1498.038,1398.702,1.001
"L_uu_weight[36, 23]",0.266,0.057,0.17,0.383,0.001,0.001,1556.487,1690.132,1.001
"L_uu_weight[36, 24]",0.264,0.057,0.166,0.371,0.001,0.001,1562.463,1689.946,1.0
"L_uu_weight[36, 25]",0.256,0.058,0.159,0.365,0.002,0.001,1502.623,1660.243,1.001
"L_uu_weight[36, 26]",0.243,0.06,0.141,0.352,0.002,0.001,1419.952,1604.472,1.001
"L_uu_weight[36, 27]",0.225,0.061,0.132,0.348,0.002,0.001,1355.651,1585.72,1.0
"L_uu_weight[36, 28]",0.202,0.061,0.104,0.317,0.002,0.002,1315.797,1440.92,1.001
"L_uu_weight[36, 29]",0.176,0.058,0.09,0.288,0.002,0.002,1290.016,1387.944,1.001
"L_uu_weight[36, 30]",0.148,0.052,0.074,0.25,0.002,0.002,1277.6,1321.432,1.001
"L_uu_weight[36, 31]",0.119,0.044,0.054,0.2,0.001,0.001,1272.425,1318.584,1.001
"L_uu_weight[36, 32]",0.092,0.034,0.042,0.156,0.001,0.001,1271.317,1300.293,1.001
"L_uu_weight[36, 33]",0.067,0.024,0.03,0.111,0.001,0.001,1276.963,1300.293,1.001
"L_uu_weight[36, 34]",0.045,0.016,0.022,0.073,0.0,0.001,1289.182,1337.212,1.001
"L_uu_weight[36, 35]",0.028,0.008,0.016,0.045,0.0,0.0,1313.9,1319.729,1.0
"L_uu_weight[36, 36]",0.02,0.004,0.013,0.029,0.0,0.0,1520.926,1555.677,1.0
"L_uu_weight[36, 37]",0.0,0.0,0.0,0.0,0.0,,2000.0,2000.0,
"L_uu_weight[36, 38]",0.0,0.0,0.0,0.0,0.0,,2000.0,2000.0,
"L_uu_weight[36, 39]",0.0,0.0,0.0,0.0,0.0,,2000.0,2000.0,
"L_uu_weight[36, 40]",0.0,0.0,0.0,0.0,0.0,,2000.0,2000.0,
"L_uu_weight[36, 41]",0.0,0.0,0.0,0.0,0.0,,2000.0,2000.0,
"L_uu_weight[36, 42]",0.0,0.0,0.0,0.0,0.0,,2000.0,2000.0,
"L_uu_weight[36, 43]",0.0,0.0,0.0,0.0,0.0,,2000.0,2000.0,
"L_uu_weight[36, 44]",0.0,0.0,0.0,0.0,0.0,,2000.0,2000.0,
"L_uu_weight[36, 45]",0.0,0.0,0.0,0.0,0.0,,2000.0,2000.0,
"L_uu_weight[36, 46]",0.0,0.0,0.0,0.0,0.0,,2000.0,2000.0,
"L_uu_weight[36, 47]",0.0,0.0,0.0,0.0,0.0,,2000.0,2000.0,
"L_uu_weight[36, 48]",0.0,0.0,0.0,0.0,0.0,,2000.0,2000.0,
"L_uu_weight[36, 49]",0.0,0.0,0.0,0.0,0.0,,2000.0,2000.0,
"L_uu_weight[37, 0]",0.002,0.006,0.0,0.008,0.0,0.001,1185.048,1346.385,1.002
"L_uu_weight[37, 1]",0.008,0.017,0.0,0.029,0.0,0.002,1186.125,1346.385,1.002
"L_uu_weight[37, 2]",0.009,0.013,0.0,0.032,0.0,0.001,1188.275,1346.385,1.002
"L_uu_weight[37, 3]",0.015,0.022,0.0,0.053,0.001,0.001,1188.322,1346.385,1.002
"L_uu_weight[37, 4]",0.017,0.025,0.0,0.06,0.001,0.002,1188.86,1346.385,1.002
"L_uu_weight[37, 5]",0.02,0.026,0.0,0.065,0.001,0.002,1191.268,1346.385,1.002
"L_uu_weight[37, 6]",0.027,0.029,0.0,0.078,0.001,0.001,1193.092,1346.385,1.002
"L_uu_weight[37, 7]",0.035,0.036,0.0,0.102,0.001,0.001,1195.777,1346.327,1.002
"L_uu_weight[37, 8]",0.044,0.044,0.0,0.126,0.001,0.001,1197.64,1346.327,1.002
"L_uu_weight[37, 9]",0.052,0.049,0.0,0.144,0.001,0.001,1198.491,1346.327,1.002
"L_uu_weight[37, 10]",0.062,0.053,0.0,0.157,0.001,0.001,1199.823,1365.673,1.002
"L_uu_weight[37, 11]",0.074,0.057,0.0,0.173,0.002,0.001,1204.26,1346.268,1.002
"L_uu_weight[37, 12]",0.089,0.062,0.0,0.196,0.002,0.001,1210.832,1346.443,1.002
"L_uu_weight[37, 13]",0.105,0.069,0.0,0.221,0.002,0.001,1216.181,1365.793,1.002
"L_uu_weight[37, 14]",0.122,0.074,0.0,0.246,0.002,0.001,1222.056,1365.793,1.002
"L_uu_weight[37, 15]",0.139,0.077,0.0,0.265,0.002,0.001,1227.286,1385.707,1.002
"L_uu_weight[37, 16]",0.157,0.078,0.008,0.287,0.002,0.001,1235.745,1385.179,1.002
"L_uu_weight[37, 17]",0.176,0.078,0.022,0.306,0.002,0.001,1246.272,1405.923,1.002
"L_uu_weight[37, 18]",0.195,0.077,0.027,0.318,0.002,0.001,1261.769,1427.167,1.002
"L_uu_weight[37, 19]",0.213,0.075,0.047,0.335,0.002,0.001,1282.512,1448.927,1.001
"L_uu_weight[37, 20]",0.23,0.072,0.072,0.352,0.002,0.001,1311.619,1426.407,1.001
"L_uu_weight[37, 21]",0.244,0.068,0.119,0.384,0.002,0.001,1358.181,1424.748,1.001
"L_uu_weight[37, 22]",0.255,0.063,0.143,0.386,0.002,0.001,1420.385,1468.914,1.001
"L_uu_weight[37, 23]",0.263,0.059,0.157,0.38,0.002,0.001,1494.949,1398.613,1.001
"L_uu_weight[37, 24]",0.266,0.057,0.166,0.378,0.001,0.001,1555.15,1617.604,1.001
"L_uu_weight[37, 25]",0.264,0.057,0.166,0.372,0.001,0.001,1561.182,1656.243,1.001
"L_uu_weight[37, 26]",0.256,0.058,0.16,0.366,0.002,0.001,1502.781,1660.243,1.001
"L_uu_weight[37, 27]",0.243,0.06,0.142,0.352,0.002,0.001,1420.048,1604.472,1.001
"L_uu_weight[37, 28]",0.225,0.061,0.131,0.347,0.002,0.001,1356.018,1585.551,1.0
"L_uu_weight[37, 29]",0.202,0.061,0.104,0.317,0.002,0.002,1315.752,1440.92,1.001
"L_uu_weight[37, 30]",0.176,0.058,0.088,0.286,0.002,0.002,1289.939,1378.33,1.001
"L_uu_weight[37, 31]",0.148,0.052,0.074,0.25,0.002,0.002,1277.326,1321.432,1.001
"L_uu_weight[37, 32]",0.119,0.044,0.054,0.2,0.001,0.001,1271.734,1318.584,1.001
"L_uu_weight[37, 33]",0.092,0.034,0.042,0.156,0.001,0.001,1271.08,1300.293,1.001
"L_uu_weight[37, 34]",0.067,0.024,0.03,0.111,0.001,0.001,1276.406,1300.293,1.001
"L_uu_weight[37, 35]",0.045,0.016,0.022,0.074,0.0,0.001,1289.078,1300.293,1.001
"L_uu_weight[37, 36]",0.028,0.008,0.016,0.045,0.0,0.0,1313.91,1319.729,1.0
"L_uu_weight[37, 37]",0.02,0.004,0.013,0.029,0.0,0.0,1521.168,1555.677,1.0
"L_uu_weight[37, 38]",0.0,0.0,0.0,0.0,0.0,,2000.0,2000.0,
"L_uu_weight[37, 39]",0.0,0.0,0.0,0.0,0.0,,2000.0,2000.0,
"L_uu_weight[37, 40]",0.0,0.0,0.0,0.0,0.0,,2000.0,2000.0,
"L_uu_weight[37, 41]",0.0,0.0,0.0,0.0,0.0,,2000.0,2000.0,
"L_uu_weight[37, 42]",0.0,0.0,0.0,0.0,0.0,,2000.0,2000.0,
"L_uu_weight[37, 43]",0.0,0.0,0.0,0.0,0.0,,2000.0,2000.0,
"L_uu_weight[37, 44]",0.0,0.0,0.0,0.0,0.0,,2000.0,2000.0,
"L_uu_weight[37, 45]",0.0,0.0,0.0,0.0,0.0,,2000.0,2000.0,
"L_uu_weight[37, 46]",0.0,0.0,0.0,0.0,0.0,,2000.0,2000.0,
"L_uu_weight[37, 47]",0.0,0.0,0.0,0.0,0.0,,2000.0,2000.0,
"L_uu_weight[37, 48]",0.0,0.0,0.0,0.0,0.0,,2000.0,2000.0,
"L_uu_weight[37, 49]",0.0,0.0,0.0,0.0,0.0,,2000.0,2000.0,
"L_uu_weight[38, 0]",0.002,0.005,0.0,0.006,0.0,0.001,1184.563,1346.385,1.002
"L_uu_weight[38, 1]",0.006,0.014,0.0,0.023,0.0,0.002,1185.623,1346.385,1.002
"L_uu_weight[38, 2]",0.007,0.011,0.0,0.026,0.0,0.001,1187.179,1346.385,1.002
"L_uu_weight[38, 3]",0.012,0.019,0.0,0.044,0.0,0.001,1187.447,1346.385,1.002
"L_uu_weight[38, 4]",0.014,0.022,0.0,0.05,0.001,0.002,1187.817,1346.385,1.002
"L_uu_weight[38, 5]",0.016,0.023,0.0,0.054,0.001,0.002,1189.202,1346.385,1.002
"L_uu_weight[38, 6]",0.022,0.026,0.0,0.066,0.001,0.001,1191.349,1346.385,1.002
"L_uu_weight[38, 7]",0.029,0.032,0.0,0.086,0.001,0.001,1193.939,1346.385,1.002
"L_uu_weight[38, 8]",0.036,0.038,0.0,0.108,0.001,0.001,1195.248,1346.327,1.002
"L_uu_weight[38, 9]",0.043,0.044,0.0,0.124,0.001,0.001,1197.11,1346.327,1.002
"L_uu_weight[38, 10]",0.052,0.048,0.0,0.138,0.001,0.001,1198.085,1346.327,1.002
"L_uu_weight[38, 11]",0.062,0.052,0.0,0.154,0.001,0.001,1200.579,1365.673,1.002
"L_uu_weight[38, 12]",0.075,0.057,0.0,0.174,0.002,0.001,1205.676,1346.268,1.002
"L_uu_weight[38, 13]",0.09,0.064,0.0,0.2,0.002,0.001,1210.989,1365.793,1.002
"L_uu_weight[38, 14]",0.105,0.07,0.0,0.224,0.002,0.001,1215.396,1365.793,1.002
"L_uu_weight[38, 15]",0.121,0.073,0.0,0.245,0.002,0.001,1220.982,1365.793,1.002
"L_uu_weight[38, 16]",0.139,0.076,0.0,0.263,0.002,0.001,1228.564,1385.707,1.002
"L_uu_weight[38, 17]",0.157,0.077,0.014,0.291,0.002,0.001,1238.393,1385.179,1.002
"L_uu_weight[38, 18]",0.176,0.078,0.022,0.308,0.002,0.001,1249.054,1406.052,1.002
"L_uu_weight[38, 19]",0.195,0.077,0.035,0.327,0.002,0.001,1264.162,1448.927,1.002
"L_uu_weight[38, 20]",0.213,0.075,0.047,0.336,0.002,0.001,1282.274,1448.927,1.001
"L_uu_weight[38, 21]",0.23,0.072,0.072,0.352,0.002,0.001,1312.623,1426.407,1.001
"L_uu_weight[38, 22]",0.244,0.067,0.116,0.38,0.002,0.001,1357.681,1424.748,1.001
"L_uu_weight[38, 23]",0.255,0.063,0.141,0.383,0.002,0.001,1419.339,1468.914,1.001
"L_uu_weight[38, 24]",0.263,0.059,0.155,0.378,0.002,0.001,1495.212,1398.613,1.001
"L_uu_weight[38, 25]",0.266,0.057,0.166,0.378,0.001,0.001,1556.222,1617.428,1.0
"L_uu_weight[38, 26]",0.263,0.057,0.171,0.377,0.001,0.001,1563.419,1656.243,1.0
"L_uu_weight[38, 27]",0.256,0.058,0.159,0.365,0.002,0.001,1501.844,1660.359,1.001
"L_uu_weight[38, 28]",0.243,0.06,0.142,0.352,0.002,0.001,1418.448,1604.472,1.001
"L_uu_weight[38, 29]",0.225,0.061,0.131,0.347,0.002,0.001,1355.937,1585.72,1.0
"L_uu_weight[38, 30]",0.202,0.061,0.104,0.316,0.002,0.002,1315.414,1440.92,1.001
"L_uu_weight[38, 31]",0.176,0.058,0.089,0.287,0.002,0.002,1289.381,1378.33,1.001
"L_uu_weight[38, 32]",0.148,0.052,0.073,0.249,0.002,0.002,1277.127,1321.432,1.001
"L_uu_weight[38, 33]",0.119,0.044,0.054,0.2,0.001,0.001,1270.858,1318.584,1.001
"L_uu_weight[38, 34]",0.092,0.034,0.042,0.156,0.001,0.001,1270.606,1300.293,1.001
"L_uu_weight[38, 35]",0.067,0.024,0.03,0.111,0.001,0.001,1275.861,1300.293,1.001
"L_uu_weight[38, 36]",0.045,0.016,0.022,0.074,0.0,0.001,1288.991,1300.293,1.001
"L_uu_weight[38, 37]",0.028,0.009,0.016,0.045,0.0,0.0,1313.745,1319.729,1.0
"L_uu_weight[38, 38]",0.02,0.004,0.013,0.029,0.0,0.0,1520.848,1555.677,1.0
"L_uu_weight[38, 39]",0.0,0.0,0.0,0.0,0.0,,2000.0,2000.0,
"L_uu_weight[38, 40]",0.0,0.0,0.0,0.0,0.0,,2000.0,2000.0,
"L_uu_weight[38, 41]",0.0,0.0,0.0,0.0,0.0,,2000.0,2000.0,
"L_uu_weight[38, 42]",0.0,0.0,0.0,0.0,0.0,,2000.0,2000.0,
"L_uu_weight[38, 43]",0.0,0.0,0.0,0.0,0.0,,2000.0,2000.0,
"L_uu_weight[38, 44]",0.0,0.0,0.0,0.0,0.0,,2000.0,2000.0,
"L_uu_weight[38, 45]",0.0,0.0,0.0,0.0,0.0,,2000.0,2000.0,
"L_uu_weight[38, 46]",0.0,0.0,0.0,0.0,0.0,,2000.0,2000.0,
"L_uu_weight[38, 47]",0.0,0.0,0.0,0.0,0.0,,2000.0,2000.0,
"L_uu_weight[38, 48]",0.0,0.0,0.0,0.0,0.0,,2000.0,2000.0,
"L_uu_weight[38, 49]",0.0,0.0,0.0,0.0,0.0,,2000.0,2000.0,
"L_uu_weight[39, 0]",0.001,0.004,0.0,0.005,0.0,0.001,1184.479,1346.385,1.002
"L_uu_weight[39, 1]",0.005,0.012,0.0,0.018,0.0,0.002,1185.204,1346.385,1.002
"L_uu_weight[39, 2]",0.006,0.01,0.0,0.021,0.0,0.001,1186.991,1346.385,1.002
"L_uu_weight[39, 3]",0.009,0.016,0.0,0.035,0.0,0.001,1186.907,1346.385,1.002
"L_uu_weight[39, 4]",0.011,0.019,0.0,0.04,0.0,0.002,1186.806,1346.385,1.002
"L_uu_weight[39, 5]",0.013,0.02,0.0,0.044,0.001,0.002,1188.216,1346.385,1.002
"L_uu_weight[39, 6]",0.017,0.022,0.0,0.056,0.001,0.001,1190.542,1346.385,1.002
"L_uu_weight[39, 7]",0.023,0.027,0.0,0.073,0.001,0.001,1192.313,1346.385,1.002
"L_uu_weight[39, 8]",0.029,0.034,0.0,0.092,0.001,0.001,1193.549,1346.385,1.002
"L_uu_weight[39, 9]",0.036,0.039,0.0,0.107,0.001,0.001,1193.561,1346.327,1.002
"L_uu_weight[39, 10]",0.043,0.042,0.0,0.119,0.001,0.001,1195.374,1346.327,1.002
"L_uu_weight[39, 11]",0.052,0.047,0.0,0.135,0.001,0.001,1198.194,1346.327,1.002
"L_uu_weight[39, 12]",0.064,0.052,0.0,0.155,0.001,0.001,1201.16,1365.673,1.002
"L_uu_weight[39, 13]",0.076,0.059,0.0,0.179,0.002,0.001,1207.052,1365.673,1.002
"L_uu_weight[39, 14]",0.09,0.065,0.0,0.204,0.002,0.001,1210.307,1365.793,1.002
"L_uu_weight[39, 15]",0.105,0.069,0.0,0.226,0.002,0.001,1214.937,1365.793,1.002
"L_uu_weight[39, 16]",0.121,0.073,0.0,0.244,0.002,0.001,1220.617,1385.707,1.002
"L_uu_weight[39, 17]",0.139,0.075,0.0,0.261,0.002,0.001,1229.311,1385.707,1.002
"L_uu_weight[39, 18]",0.157,0.077,0.014,0.291,0.002,0.001,1240.724,1385.179,1.002
"L_uu_weight[39, 19]",0.176,0.078,0.021,0.308,0.002,0.001,1250.73,1406.052,1.002
"L_uu_weight[39, 20]",0.195,0.078,0.031,0.325,0.002,0.001,1264.848,1448.927,1.002
"L_uu_weight[39, 21]",0.213,0.075,0.051,0.341,0.002,0.001,1281.476,1448.927,1.002
"L_uu_weight[39, 22]",0.23,0.072,0.071,0.35,0.002,0.001,1311.576,1426.407,1.001
"L_uu_weight[39, 23]",0.244,0.067,0.116,0.379,0.002,0.001,1354.746,1424.748,1.001
"L_uu_weight[39, 24]",0.255,0.063,0.142,0.384,0.002,0.001,1419.703,1468.914,1.001
"L_uu_weight[39, 25]",0.263,0.059,0.155,0.378,0.002,0.001,1497.628,1398.613,1.001
"L_uu_weight[39, 26]",0.266,0.057,0.167,0.378,0.001,0.001,1555.884,1596.379,1.0
"L_uu_weight[39, 27]",0.263,0.057,0.171,0.377,0.001,0.001,1562.991,1685.595,1.0
"L_uu_weight[39, 28]",0.256,0.058,0.16,0.365,0.002,0.001,1500.914,1660.359,1.0
"L_uu_weight[39, 29]",0.243,0.06,0.141,0.352,0.002,0.001,1419.232,1604.363,1.001
"L_uu_weight[39, 30]",0.224,0.062,0.13,0.347,0.002,0.001,1356.221,1585.72,1.0
"L_uu_weight[39, 31]",0.202,0.061,0.104,0.317,0.002,0.002,1315.3,1440.92,1.001
"L_uu_weight[39, 32]",0.176,0.058,0.088,0.287,0.002,0.002,1289.62,1378.33,1.001
"L_uu_weight[39, 33]",0.148,0.052,0.073,0.249,0.002,0.002,1276.155,1321.432,1.001
"L_uu_weight[39, 34]",0.119,0.044,0.054,0.2,0.001,0.001,1270.778,1318.584,1.001
"L_uu_weight[39, 35]",0.092,0.034,0.042,0.156,0.001,0.001,1270.261,1300.293,1.001
"L_uu_weight[39, 36]",0.067,0.024,0.03,0.111,0.001,0.001,1275.884,1300.293,1.001
"L_uu_weight[39, 37]",0.045,0.016,0.022,0.074,0.0,0.001,1288.87,1300.293,1.001
"L_uu_weight[39, 38]",0.028,0.009,0.016,0.045,0.0,0.0,1313.942,1319.729,1.0
"L_uu_weight[39, 39]",0.02,0.004,0.013,0.029,0.0,0.0,1520.237,1555.677,1.0
"L_uu_weight[39, 40]",0.0,0.0,0.0,0.0,0.0,,2000.0,2000.0,
"L_uu_weight[39, 41]",0.0,0.0,0.0,0.0,0.0,,2000.0,2000.0,
"L_uu_weight[39, 42]",0.0,0.0,0.0,0.0,0.0,,2000.0,2000.0,
"L_uu_weight[39, 43]",0.0,0.0,0.0,0.0,0.0,,2000.0,2000.0,
"L_uu_weight[39, 44]",0.0,0.0,0.0,0.0,0.0,,2000.0,2000.0,
"L_uu_weight[39, 45]",0.0,0.0,0.0,0.0,0.0,,2000.0,2000.0,
"L_uu_weight[39, 46]",0.0,0.0,0.0,0.0,0.0,,2000.0,2000.0,
"L_uu_weight[39, 47]",0.0,0.0,0.0,0.0,0.0,,2000.0,2000.0,
"L_uu_weight[39, 48]",0.0,0.0,0.0,0.0,0.0,,2000.0,2000.0,
"L_uu_weight[39, 49]",0.0,0.0,0.0,0.0,0.0,,2000.0,2000.0,
"L_uu_weight[40, 0]",0.001,0.004,0.0,0.004,0.0,0.001,1184.196,1346.385,1.002
"L_uu_weight[40, 1]",0.004,0.01,0.0,0.014,0.0,0.002,1184.469,1346.385,1.002
"L_uu_weight[40, 2]",0.004,0.008,0.0,0.017,0.0,0.001,1185.028,1346.385,1.002
"L_uu_weight[40, 3]",0.007,0.013,0.0,0.028,0.0,0.001,1186.439,1346.385,1.002
"L_uu_weight[40, 4]",0.009,0.016,0.0,0.033,0.0,0.002,1186.223,1346.385,1.002
"L_uu_weight[40, 5]",0.01,0.017,0.0,0.037,0.0,0.002,1185.766,1346.385,1.002
"L_uu_weight[40, 6]",0.014,0.019,0.0,0.046,0.001,0.001,1189.348,1346.385,1.002
"L_uu_weight[40, 7]",0.019,0.024,0.0,0.062,0.001,0.001,1191.126,1346.385,1.002
"L_uu_weight[40, 8]",0.024,0.029,0.0,0.078,0.001,0.001,1191.946,1346.385,1.002
"L_uu_weight[40, 9]",0.029,0.034,0.0,0.091,0.001,0.001,1192.324,1346.385,1.002
"L_uu_weight[40, 10]",0.035,0.038,0.0,0.103,0.001,0.001,1193.308,1346.327,1.002
"L_uu_weight[40, 11]",0.043,0.042,0.0,0.118,0.001,0.001,1196.555,1346.327,1.002
"L_uu_weight[40, 12]",0.053,0.047,0.0,0.138,0.001,0.001,1198.795,1346.327,1.002
"L_uu_weight[40, 13]",0.064,0.053,0.0,0.16,0.001,0.001,1201.097,1365.673,1.002
"L_uu_weight[40, 14]",0.077,0.06,0.0,0.184,0.002,0.001,1204.719,1365.673,1.002
"L_uu_weight[40, 15]",0.09,0.065,0.0,0.203,0.002,0.001,1209.52,1346.443,1.002
"L_uu_weight[40, 16]",0.105,0.069,0.0,0.224,0.002,0.001,1214.787,1365.793,1.002
"L_uu_weight[40, 17]",0.121,0.072,0.0,0.242,0.002,0.001,1220.549,1385.707,1.002
"L_uu_weight[40, 18]",0.139,0.075,0.001,0.262,0.002,0.001,1230.177,1385.707,1.002
"L_uu_weight[40, 19]",0.158,0.078,0.009,0.286,0.002,0.001,1240.609,1385.179,1.002
"L_uu_weight[40, 20]",0.176,0.078,0.021,0.308,0.002,0.001,1249.883,1405.923,1.002
"L_uu_weight[40, 21]",0.195,0.078,0.034,0.328,0.002,0.001,1263.8,1448.927,1.002
"L_uu_weight[40, 22]",0.213,0.075,0.051,0.34,0.002,0.001,1281.638,1448.927,1.002
"L_uu_weight[40, 23]",0.229,0.071,0.072,0.351,0.002,0.001,1310.614,1426.407,1.001
"L_uu_weight[40, 24]",0.244,0.067,0.121,0.383,0.002,0.001,1354.067,1404.416,1.001
"L_uu_weight[40, 25]",0.255,0.063,0.146,0.388,0.002,0.001,1420.756,1468.914,1.001
"L_uu_weight[40, 26]",0.262,0.059,0.158,0.381,0.002,0.001,1499.577,1418.846,1.001
"L_uu_weight[40, 27]",0.265,0.057,0.162,0.373,0.001,0.001,1556.957,1594.553,1.001
"L_uu_weight[40, 28]",0.263,0.057,0.167,0.373,0.001,0.001,1562.101,1684.175,1.0
"L_uu_weight[40, 29]",0.256,0.058,0.159,0.365,0.002,0.001,1499.897,1660.359,1.0
"L_uu_weight[40, 30]",0.242,0.06,0.141,0.352,0.002,0.001,1418.21,1604.472,1.001
"L_uu_weight[40, 31]",0.224,0.062,0.131,0.348,0.002,0.001,1355.43,1585.72,1.0
"L_uu_weight[40, 32]",0.202,0.061,0.104,0.316,0.002,0.002,1314.609,1440.92,1.001
"L_uu_weight[40, 33]",0.176,0.058,0.088,0.286,0.002,0.002,1288.654,1378.33,1.001
"L_uu_weight[40, 34]",0.148,0.052,0.073,0.249,0.002,0.002,1275.893,1321.432,1.001
"L_uu_weight[40, 35]",0.119,0.044,0.054,0.2,0.001,0.001,1270.419,1318.584,1.001
"L_uu_weight[40, 36]",0.092,0.034,0.042,0.156,0.001,0.001,1270.649,1300.293,1.001
"L_uu_weight[40, 37]",0.067,0.024,0.03,0.111,0.001,0.001,1275.915,1300.293,1.001
"L_uu_weight[40, 38]",0.045,0.016,0.022,0.074,0.0,0.001,1288.756,1300.293,1.001
"L_uu_weight[40, 39]",0.028,0.009,0.016,0.045,0.0,0.0,1314.081,1319.729,1.0
"L_uu_weight[40, 40]",0.02,0.004,0.013,0.029,0.0,0.0,1520.296,1555.677,1.0
"L_uu_weight[40, 41]",0.0,0.0,0.0,0.0,0.0,,2000.0,2000.0,
"L_uu_weight[40, 42]",0.0,0.0,0.0,0.0,0.0,,2000.0,2000.0,
"L_uu_weight[40, 43]",0.0,0.0,0.0,0.0,0.0,,2000.0,2000.0,
"L_uu_weight[40, 44]",0.0,0.0,0.0,0.0,0.0,,2000.0,2000.0,
"L_uu_weight[40, 45]",0.0,0.0,0.0,0.0,0.0,,2000.0,2000.0,
"L_uu_weight[40, 46]",0.0,0.0,0.0,0.0,0.0,,2000.0,2000.0,
"L_uu_weight[40, 47]",0.0,0.0,0.0,0.0,0.0,,2000.0,2000.0,
"L_uu_weight[40, 48]",0.0,0.0,0.0,0.0,0.0,,2000.0,2000.0,
"L_uu_weight[40, 49]",0.0,0.0,0.0,0.0,0.0,,2000.0,2000.0,
"L_uu_weight[41, 0]",0.001,0.003,0.0,0.003,0.0,0.001,1183.627,1327.465,1.002
"L_uu_weight[41, 1]",0.003,0.009,0.0,0.011,0.0,0.002,1184.375,1346.385,1.002
"L_uu_weight[41, 2]",0.003,0.007,0.0,0.013,0.0,0.001,1185.612,1346.385,1.002
"L_uu_weight[41, 3]",0.006,0.011,0.0,0.022,0.0,0.001,1186.719,1346.385,1.002
"L_uu_weight[41, 4]",0.007,0.014,0.0,0.026,0.0,0.002,1187.117,1346.385,1.002
"L_uu_weight[41, 5]",0.008,0.015,0.0,0.029,0.0,0.002,1185.489,1346.385,1.002
"L_uu_weight[41, 6]",0.011,0.016,0.0,0.038,0.0,0.001,1186.788,1346.385,1.002
"L_uu_weight[41, 7]",0.015,0.02,0.0,0.051,0.001,0.001,1189.523,1346.385,1.002
"L_uu_weight[41, 8]",0.019,0.025,0.0,0.066,0.001,0.001,1190.791,1346.385,1.002
"L_uu_weight[41, 9]",0.024,0.03,0.0,0.078,0.001,0.001,1191.342,1346.385,1.002
"L_uu_weight[41, 10]",0.029,0.033,0.0,0.088,0.001,0.001,1192.443,1346.385,1.002
"L_uu_weight[41, 11]",0.035,0.037,0.0,0.101,0.001,0.001,1193.951,1346.327,1.002
"L_uu_weight[41, 12]",0.044,0.042,0.0,0.12,0.001,0.001,1197.431,1346.327,1.002
"L_uu_weight[41, 13]",0.054,0.048,0.0,0.142,0.001,0.001,1199.186,1346.327,1.002
"L_uu_weight[41, 14]",0.065,0.054,0.0,0.163,0.001,0.001,1202.445,1365.673,1.002
"L_uu_weight[41, 15]",0.077,0.06,0.0,0.184,0.002,0.001,1203.74,1346.268,1.002
"L_uu_weight[41, 16]",0.09,0.064,0.0,0.202,0.002,0.001,1209.465,1346.443,1.002
"L_uu_weight[41, 17]",0.105,0.068,0.0,0.222,0.002,0.001,1215.131,1365.793,1.002
"L_uu_weight[41, 18]",0.122,0.072,0.001,0.242,0.002,0.001,1222.33,1365.793,1.002
"L_uu_weight[41, 19]",0.139,0.076,0.0,0.261,0.002,0.001,1230.309,1385.707,1.002
"L_uu_weight[41, 20]",0.158,0.078,0.012,0.29,0.002,0.001,1238.306,1385.179,1.002
"L_uu_weight[41, 21]",0.176,0.078,0.021,0.307,0.002,0.001,1248.679,1405.923,1.002
"L_uu_weight[41, 22]",0.195,0.077,0.034,0.327,0.002,0.001,1261.793,1427.167,1.002
"L_uu_weight[41, 23]",0.213,0.075,0.051,0.338,0.002,0.001,1280.544,1448.927,1.001
"L_uu_weight[41, 24]",0.229,0.071,0.072,0.351,0.002,0.001,1310.733,1426.407,1.001
"L_uu_weight[41, 25]",0.244,0.067,0.121,0.383,0.002,0.001,1354.638,1424.748,1.001
"L_uu_weight[41, 26]",0.255,0.063,0.147,0.388,0.002,0.001,1422.156,1468.914,1.001
"L_uu_weight[41, 27]",0.262,0.059,0.158,0.38,0.002,0.001,1499.647,1418.846,1.001
"L_uu_weight[41, 28]",0.265,0.057,0.167,0.378,0.001,0.001,1556.514,1596.379,1.0
"L_uu_weight[41, 29]",0.263,0.057,0.167,0.372,0.001,0.001,1563.052,1684.175,1.0
"L_uu_weight[41, 30]",0.255,0.058,0.158,0.364,0.002,0.001,1499.839,1660.418,1.0
"L_uu_weight[41, 31]",0.242,0.06,0.14,0.352,0.002,0.001,1417.932,1604.472,1.001
"L_uu_weight[41, 32]",0.224,0.062,0.131,0.348,0.002,0.001,1354.592,1585.72,1.0
"L_uu_weight[41, 33]",0.202,0.061,0.103,0.316,0.002,0.002,1313.747,1440.92,1.001
"L_uu_weight[41, 34]",0.176,0.058,0.088,0.286,0.002,0.002,1287.884,1378.33,1.001
"L_uu_weight[41, 35]",0.148,0.052,0.073,0.249,0.002,0.002,1275.473,1321.432,1.001
"L_uu_weight[41, 36]",0.119,0.044,0.054,0.2,0.001,0.001,1269.594,1318.584,1.001
"L_uu_weight[41, 37]",0.092,0.034,0.042,0.156,0.001,0.001,1270.244,1300.293,1.001
"L_uu_weight[41, 38]",0.067,0.024,0.03,0.111,0.001,0.001,1276.218,1300.293,1.001
"L_uu_weight[41, 39]",0.045,0.016,0.022,0.074,0.0,0.001,1288.414,1300.293,1.001
"L_uu_weight[41, 40]",0.028,0.009,0.016,0.045,0.0,0.0,1313.873,1319.729,1.0
"L_uu_weight[41, 41]",0.02,0.004,0.013,0.029,0.0,0.0,1520.168,1556.161,1.0
"L_uu_weight[41, 42]",0.0,0.0,0.0,0.0,0.0,,2000.0,2000.0,
"L_uu_weight[41, 43]",0.0,0.0,0.0,0.0,0.0,,2000.0,2000.0,
"L_uu_weight[41, 44]",0.0,0.0,0.0,0.0,0.0,,2000.0,2000.0,
"L_uu_weight[41, 45]",0.0,0.0,0.0,0.0,0.0,,2000.0,2000.0,
"L_uu_weight[41, 46]",0.0,0.0,0.0,0.0,0.0,,2000.0,2000.0,
"L_uu_weight[41, 47]",0.0,0.0,0.0,0.0,0.0,,2000.0,2000.0,
"L_uu_weight[41, 48]",0.0,0.0,0.0,0.0,0.0,,2000.0,2000.0,
"L_uu_weight[41, 49]",0.0,0.0,0.0,0.0,0.0,,2000.0,2000.0,
"L_uu_weight[42, 0]",0.001,0.003,0.0,0.002,0.0,0.001,1184.201,1327.465,1.002
"L_uu_weight[42, 1]",0.002,0.008,0.0,0.008,0.0,0.002,1184.132,1327.465,1.002
"L_uu_weight[42, 2]",0.003,0.006,0.0,0.01,0.0,0.001,1185.223,1346.385,1.002
"L_uu_weight[42, 3]",0.004,0.01,0.0,0.018,0.0,0.001,1186.266,1346.385,1.002
"L_uu_weight[42, 4]",0.005,0.012,0.0,0.021,0.0,0.001,1185.798,1346.385,1.002
"L_uu_weight[42, 5]",0.006,0.013,0.0,0.024,0.0,0.001,1185.446,1346.385,1.002
"L_uu_weight[42, 6]",0.009,0.014,0.0,0.031,0.0,0.001,1185.806,1346.385,1.002
"L_uu_weight[42, 7]",0.012,0.017,0.0,0.042,0.0,0.001,1188.594,1346.385,1.002
"L_uu_weight[42, 8]",0.015,0.022,0.0,0.054,0.001,0.001,1188.718,1346.385,1.002
"L_uu_weight[42, 9]",0.019,0.026,0.0,0.065,0.001,0.001,1189.769,1346.385,1.002
"L_uu_weight[42, 10]",0.023,0.029,0.0,0.075,0.001,0.001,1191.307,1346.385,1.002
"L_uu_weight[42, 11]",0.029,0.033,0.0,0.087,0.001,0.001,1192.398,1346.385,1.002
"L_uu_weight[42, 12]",0.036,0.037,0.0,0.103,0.001,0.001,1195.604,1346.327,1.002
"L_uu_weight[42, 13]",0.045,0.043,0.0,0.124,0.001,0.001,1197.234,1346.327,1.002
"L_uu_weight[42, 14]",0.054,0.049,0.0,0.144,0.001,0.001,1198.465,1346.327,1.002
"L_uu_weight[42, 15]",0.065,0.054,0.0,0.165,0.001,0.001,1200.379,1365.673,1.002
"L_uu_weight[42, 16]",0.077,0.059,0.0,0.182,0.002,0.001,1203.616,1346.268,1.002
"L_uu_weight[42, 17]",0.09,0.064,0.0,0.2,0.002,0.001,1208.808,1346.443,1.002
"L_uu_weight[42, 18]",0.105,0.068,0.0,0.222,0.002,0.001,1216.31,1365.793,1.002
"L_uu_weight[42, 19]",0.122,0.073,0.0,0.243,0.002,0.001,1223.24,1365.793,1.002
"L_uu_weight[42, 20]",0.14,0.076,0.0,0.263,0.002,0.001,1230.753,1385.707,1.002
"L_uu_weight[42, 21]",0.158,0.078,0.014,0.292,0.002,0.001,1237.449,1385.179,1.002
"L_uu_weight[42, 22]",0.176,0.078,0.02,0.306,0.002,0.001,1247.532,1405.923,1.002
"L_uu_weight[42, 23]",0.195,0.077,0.025,0.317,0.002,0.001,1260.404,1427.167,1.002
"L_uu_weight[42, 24]",0.213,0.075,0.051,0.338,0.002,0.001,1280.892,1448.927,1.001
"L_uu_weight[42, 25]",0.229,0.071,0.071,0.35,0.002,0.001,1310.909,1426.407,1.001
"L_uu_weight[42, 26]",0.244,0.067,0.121,0.384,0.002,0.001,1356.347,1424.748,1.001
"L_uu_weight[42, 27]",0.255,0.063,0.146,0.387,0.002,0.001,1423.261,1468.914,1.001
"L_uu_weight[42, 28]",0.262,0.059,0.158,0.38,0.002,0.001,1498.633,1418.687,1.001
"L_uu_weight[42, 29]",0.265,0.057,0.166,0.378,0.001,0.001,1556.364,1596.379,1.0
"L_uu_weight[42, 30]",0.263,0.057,0.166,0.372,0.001,0.001,1561.185,1682.442,1.0
"L_uu_weight[42, 31]",0.255,0.058,0.158,0.365,0.002,0.001,1499.826,1660.359,1.0
"L_uu_weight[42, 32]",0.242,0.06,0.14,0.352,0.002,0.001,1417.623,1604.472,1.001
"L_uu_weight[42, 33]",0.224,0.062,0.131,0.348,0.002,0.001,1354.601,1585.72,1.0
"L_uu_weight[42, 34]",0.201,0.061,0.103,0.316,0.002,0.002,1313.016,1440.92,1.001
"L_uu_weight[42, 35]",0.175,0.058,0.088,0.286,0.002,0.002,1287.317,1378.33,1.001
"L_uu_weight[42, 36]",0.148,0.052,0.073,0.249,0.002,0.002,1275.419,1321.432,1.001
"L_uu_weight[42, 37]",0.119,0.044,0.054,0.2,0.001,0.001,1269.687,1318.584,1.001
"L_uu_weight[42, 38]",0.092,0.034,0.04,0.154,0.001,0.001,1270.31,1300.293,1.001
"L_uu_weight[42, 39]",0.067,0.024,0.03,0.111,0.001,0.001,1275.665,1300.293,1.001
"L_uu_weight[42, 40]",0.045,0.016,0.022,0.074,0.0,0.001,1288.462,1300.293,1.001
"L_uu_weight[42, 41]",0.028,0.009,0.016,0.045,0.0,0.0,1313.681,1319.729,1.0
"L_uu_weight[42, 42]",0.02,0.004,0.013,0.029,0.0,0.0,1520.204,1556.161,1.0
"L_uu_weight[42, 43]",0.0,0.0,0.0,0.0,0.0,,2000.0,2000.0,
"L_uu_weight[42, 44]",0.0,0.0,0.0,0.0,0.0,,2000.0,2000.0,
"L_uu_weight[42, 45]",0.0,0.0,0.0,0.0,0.0,,2000.0,2000.0,
"L_uu_weight[42, 46]",0.0,0.0,0.0,0.0,0.0,,2000.0,2000.0,
"L_uu_weight[42, 47]",0.0,0.0,0.0,0.0,0.0,,2000.0,2000.0,
"L_uu_weight[42, 48]",0.0,0.0,0.0,0.0,0.0,,2000.0,2000.0,
"L_uu_weight[42, 49]",0.0,0.0,0.0,0.0,0.0,,2000.0,2000.0,
"L_uu_weight[43, 0]",0.0,0.002,0.0,0.002,0.0,0.001,1183.706,1327.465,1.002
"L_uu_weight[43, 1]",0.002,0.006,0.0,0.006,0.0,0.001,1183.903,1327.465,1.002
"L_uu_weight[43, 2]",0.002,0.005,0.0,0.008,0.0,0.001,1185.114,1346.385,1.002
"L_uu_weight[43, 3]",0.003,0.008,0.0,0.014,0.0,0.001,1185.083,1346.385,1.002
"L_uu_weight[43, 4]",0.004,0.01,0.0,0.017,0.0,0.001,1185.414,1346.385,1.002
"L_uu_weight[43, 5]",0.005,0.011,0.0,0.019,0.0,0.001,1185.807,1346.385,1.002
"L_uu_weight[43, 6]",0.007,0.012,0.0,0.025,0.0,0.001,1185.547,1346.385,1.002
"L_uu_weight[43, 7]",0.009,0.015,0.0,0.035,0.0,0.001,1187.404,1346.385,1.002
"L_uu_weight[43, 8]",0.012,0.019,0.0,0.045,0.0,0.001,1188.376,1346.385,1.002
"L_uu_weight[43, 9]",0.015,0.022,0.0,0.054,0.001,0.001,1188.545,1346.385,1.002
"L_uu_weight[43, 10]",0.019,0.025,0.0,0.063,0.001,0.001,1190.009,1346.385,1.002
"L_uu_weight[43, 11]",0.024,0.029,0.0,0.074,0.001,0.001,1191.418,1346.385,1.002
"L_uu_weight[43, 12]",0.03,0.033,0.0,0.088,0.001,0.001,1192.996,1346.385,1.002
"L_uu_weight[43, 13]",0.037,0.038,0.0,0.107,0.001,0.001,1196.249,1346.327,1.002
"L_uu_weight[43, 14]",0.045,0.044,0.0,0.127,0.001,0.001,1196.96,1346.327,1.002
"L_uu_weight[43, 15]",0.054,0.049,0.0,0.145,0.001,0.001,1198.88,1346.327,1.002
"L_uu_weight[43, 16]",0.065,0.054,0.0,0.163,0.001,0.001,1199.841,1365.673,1.002
"L_uu_weight[43, 17]",0.077,0.059,0.0,0.18,0.002,0.001,1203.508,1365.673,1.002
"L_uu_weight[43, 18]",0.09,0.064,0.0,0.201,0.002,0.001,1210.322,1346.443,1.002
"L_uu_weight[43, 19]",0.106,0.069,0.0,0.223,0.002,0.001,1216.753,1365.793,1.002
"L_uu_weight[43, 20]",0.122,0.073,0.0,0.245,0.002,0.001,1223.168,1365.793,1.002
"L_uu_weight[43, 21]",0.14,0.076,0.001,0.265,0.002,0.001,1230.199,1385.707,1.002
"L_uu_weight[43, 22]",0.158,0.078,0.012,0.29,0.002,0.001,1236.815,1385.179,1.002
"L_uu_weight[43, 23]",0.176,0.078,0.022,0.308,0.002,0.001,1245.984,1406.052,1.002
"L_uu_weight[43, 24]",0.195,0.077,0.027,0.318,0.002,0.001,1260.311,1448.927,1.002
"L_uu_weight[43, 25]",0.213,0.075,0.047,0.333,0.002,0.001,1281.978,1448.927,1.001
"L_uu_weight[43, 26]",0.229,0.071,0.071,0.349,0.002,0.001,1311.921,1426.407,1.001
"L_uu_weight[43, 27]",0.244,0.067,0.116,0.379,0.002,0.001,1357.689,1424.748,1.001
"L_uu_weight[43, 28]",0.255,0.063,0.141,0.382,0.002,0.001,1422.826,1468.914,1.001
"L_uu_weight[43, 29]",0.262,0.059,0.156,0.378,0.002,0.001,1499.101,1418.687,1.001
"L_uu_weight[43, 30]",0.265,0.057,0.166,0.378,0.001,0.001,1556.66,1616.373,1.001
"L_uu_weight[43, 31]",0.263,0.057,0.167,0.372,0.001,0.001,1560.244,1653.844,1.0
"L_uu_weight[43, 32]",0.255,0.058,0.159,0.365,0.002,0.001,1499.76,1660.359,1.0
"L_uu_weight[43, 33]",0.242,0.06,0.14,0.352,0.002,0.001,1417.663,1604.472,1.001
"L_uu_weight[43, 34]",0.224,0.062,0.131,0.348,0.002,0.001,1353.834,1585.72,1.0
"L_uu_weight[43, 35]",0.201,0.061,0.104,0.317,0.002,0.002,1312.996,1440.92,1.001
"L_uu_weight[43, 36]",0.175,0.058,0.088,0.286,0.002,0.002,1287.195,1378.33,1.001
"L_uu_weight[43, 37]",0.147,0.052,0.073,0.249,0.002,0.002,1275.479,1321.432,1.001
"L_uu_weight[43, 38]",0.119,0.044,0.054,0.2,0.001,0.001,1269.541,1318.584,1.001
"L_uu_weight[43, 39]",0.092,0.034,0.042,0.156,0.001,0.001,1270.16,1300.293,1.001
"L_uu_weight[43, 40]",0.067,0.024,0.03,0.111,0.001,0.001,1275.672,1300.293,1.001
"L_uu_weight[43, 41]",0.045,0.016,0.022,0.074,0.0,0.001,1288.435,1300.293,1.001
"L_uu_weight[43, 42]",0.028,0.009,0.016,0.045,0.0,0.0,1313.396,1319.729,1.0
"L_uu_weight[43, 43]",0.02,0.004,0.013,0.029,0.0,0.0,1520.37,1556.161,1.0
"L_uu_weight[43, 44]",0.0,0.0,0.0,0.0,0.0,,2000.0,2000.0,
"L_uu_weight[43, 45]",0.0,0.0,0.0,0.0,0.0,,2000.0,2000.0,
"L_uu_weight[43, 46]",0.0,0.0,0.0,0.0,0.0,,2000.0,2000.0,
"L_uu_weight[43, 47]",0.0,0.0,0.0,0.0,0.0,,2000.0,2000.0,
"L_uu_weight[43, 48]",0.0,0.0,0.0,0.0,0.0,,2000.0,2000.0,
"L_uu_weight[43, 49]",0.0,0.0,0.0,0.0,0.0,,2000.0,2000.0,
"L_uu_weight[44, 0]",0.0,0.002,0.0,0.001,0.0,0.001,1183.78,1327.465,1.002
"L_uu_weight[44, 1]",0.001,0.005,0.0,0.005,0.0,0.001,1183.826,1327.465,1.002
"L_uu_weight[44, 2]",0.002,0.004,0.0,0.006,0.0,0.001,1184.657,1327.465,1.002
"L_uu_weight[44, 3]",0.003,0.007,0.0,0.011,0.0,0.001,1184.833,1346.385,1.002
"L_uu_weight[44, 4]",0.003,0.009,0.0,0.013,0.0,0.001,1185.164,1346.385,1.002
"L_uu_weight[44, 5]",0.004,0.009,0.0,0.015,0.0,0.001,1185.671,1346.385,1.002
"L_uu_weight[44, 6]",0.005,0.01,0.0,0.02,0.0,0.001,1185.185,1346.385,1.002
"L_uu_weight[44, 7]",0.007,0.013,0.0,0.028,0.0,0.001,1185.789,1346.385,1.002
"L_uu_weight[44, 8]",0.01,0.016,0.0,0.037,0.0,0.001,1186.965,1346.385,1.002
"L_uu_weight[44, 9]",0.012,0.019,0.0,0.045,0.001,0.001,1187.48,1346.385,1.002
"L_uu_weight[44, 10]",0.015,0.022,0.0,0.052,0.001,0.001,1188.133,1346.385,1.002
"L_uu_weight[44, 11]",0.019,0.025,0.0,0.062,0.001,0.001,1190.643,1346.385,1.002
"L_uu_weight[44, 12]",0.024,0.029,0.0,0.075,0.001,0.001,1191.578,1346.385,1.002
"L_uu_weight[44, 13]",0.03,0.033,0.0,0.091,0.001,0.001,1194.212,1346.385,1.002
"L_uu_weight[44, 14]",0.037,0.039,0.0,0.109,0.001,0.001,1195.647,1346.327,1.002
"L_uu_weight[44, 15]",0.045,0.044,0.0,0.127,0.001,0.001,1196.502,1346.327,1.002
"L_uu_weight[44, 16]",0.054,0.049,0.0,0.144,0.001,0.001,1198.371,1346.327,1.002
"L_uu_weight[44, 17]",0.065,0.054,0.0,0.161,0.001,0.001,1201.209,1365.673,1.002
"L_uu_weight[44, 18]",0.077,0.059,0.0,0.179,0.002,0.001,1204.994,1365.673,1.002
"L_uu_weight[44, 19]",0.091,0.064,0.0,0.202,0.002,0.001,1210.618,1346.443,1.002
"L_uu_weight[44, 20]",0.106,0.069,0.0,0.223,0.002,0.001,1215.627,1365.793,1.002
"L_uu_weight[44, 21]",0.122,0.073,0.0,0.245,0.002,0.001,1222.036,1385.707,1.002
"L_uu_weight[44, 22]",0.14,0.076,0.001,0.265,0.002,0.001,1228.952,1385.707,1.002
"L_uu_weight[44, 23]",0.158,0.078,0.014,0.292,0.002,0.001,1237.014,1385.179,1.002
"L_uu_weight[44, 24]",0.176,0.078,0.023,0.309,0.002,0.001,1247.161,1405.923,1.002
"L_uu_weight[44, 25]",0.195,0.077,0.035,0.326,0.002,0.001,1261.465,1448.927,1.002
"L_uu_weight[44, 26]",0.213,0.075,0.047,0.334,0.002,0.001,1282.751,1448.927,1.001
"L_uu_weight[44, 27]",0.229,0.071,0.073,0.35,0.002,0.001,1312.292,1426.407,1.001
"L_uu_weight[44, 28]",0.244,0.067,0.116,0.379,0.002,0.001,1358.163,1424.748,1.001
"L_uu_weight[44, 29]",0.255,0.063,0.141,0.382,0.002,0.001,1422.537,1468.914,1.001
"L_uu_weight[44, 30]",0.262,0.059,0.156,0.379,0.002,0.001,1499.325,1418.687,1.001
"L_uu_weight[44, 31]",0.265,0.057,0.162,0.373,0.001,0.001,1557.249,1596.379,1.0
"L_uu_weight[44, 32]",0.263,0.057,0.17,0.376,0.001,0.001,1558.872,1652.752,1.0
"L_uu_weight[44, 33]",0.255,0.058,0.159,0.365,0.002,0.001,1498.606,1660.359,1.0
"L_uu_weight[44, 34]",0.242,0.06,0.14,0.352,0.002,0.001,1416.287,1604.472,1.001
"L_uu_weight[44, 35]",0.224,0.062,0.131,0.348,0.002,0.001,1353.459,1585.72,1.0
"L_uu_weight[44, 36]",0.201,0.061,0.103,0.316,0.002,0.002,1313.21,1440.92,1.001
"L_uu_weight[44, 37]",0.175,0.058,0.088,0.286,0.002,0.002,1287.233,1378.33,1.001
"L_uu_weight[44, 38]",0.147,0.052,0.073,0.249,0.002,0.002,1275.378,1321.432,1.001
"L_uu_weight[44, 39]",0.119,0.044,0.053,0.2,0.001,0.001,1269.285,1318.584,1.001
"L_uu_weight[44, 40]",0.092,0.034,0.042,0.156,0.001,0.001,1270.326,1300.293,1.001
"L_uu_weight[44, 41]",0.067,0.024,0.03,0.111,0.001,0.001,1275.745,1300.293,1.001
"L_uu_weight[44, 42]",0.045,0.016,0.022,0.074,0.0,0.001,1288.215,1300.293,1.001
"L_uu_weight[44, 43]",0.028,0.009,0.016,0.045,0.0,0.0,1313.22,1319.729,1.0
"L_uu_weight[44, 44]",0.02,0.004,0.013,0.029,0.0,0.0,1520.217,1556.161,1.0
"L_uu_weight[44, 45]",0.0,0.0,0.0,0.0,0.0,,2000.0,2000.0,
"L_uu_weight[44, 46]",0.0,0.0,0.0,0.0,0.0,,2000.0,2000.0,
"L_uu_weight[44, 47]",0.0,0.0,0.0,0.0,0.0,,2000.0,2000.0,
"L_uu_weight[44, 48]",0.0,0.0,0.0,0.0,0.0,,2000.0,2000.0,
"L_uu_weight[44, 49]",0.0,0.0,0.0,0.0,0.0,,2000.0,2000.0,
"L_uu_weight[45, 0]",0.0,0.002,0.0,0.001,0.0,0.0,1183.786,1327.465,1.002
"L_uu_weight[45, 1]",0.001,0.005,0.0,0.004,0.0,0.001,1183.602,1327.465,1.002
"L_uu_weight[45, 2]",0.001,0.003,0.0,0.005,0.0,0.001,1184.258,1327.465,1.002
"L_uu_weight[45, 3]",0.002,0.006,0.0,0.008,0.0,0.001,1184.437,1327.465,1.002
"L_uu_weight[45, 4]",0.003,0.007,0.0,0.01,0.0,0.001,1184.251,1346.385,1.002
"L_uu_weight[45, 5]",0.003,0.008,0.0,0.012,0.0,0.001,1185.009,1346.385,1.002
"L_uu_weight[45, 6]",0.004,0.009,0.0,0.016,0.0,0.001,1185.65,1346.385,1.002
"L_uu_weight[45, 7]",0.006,0.011,0.0,0.022,0.0,0.001,1185.307,1346.385,1.002
"L_uu_weight[45, 8]",0.008,0.013,0.0,0.03,0.0,0.001,1187.042,1346.385,1.002
"L_uu_weight[45, 9]",0.01,0.016,0.0,0.036,0.0,0.001,1186.937,1346.385,1.002
"L_uu_weight[45, 10]",0.012,0.019,0.0,0.043,0.0,0.001,1187.27,1346.385,1.002
"L_uu_weight[45, 11]",0.015,0.022,0.0,0.052,0.001,0.001,1188.297,1346.385,1.002
"L_uu_weight[45, 12]",0.019,0.025,0.0,0.063,0.001,0.001,1190.55,1346.385,1.002
"L_uu_weight[45, 13]",0.024,0.029,0.0,0.077,0.001,0.001,1192.335,1346.385,1.002
"L_uu_weight[45, 14]",0.03,0.034,0.0,0.093,0.001,0.001,1194.048,1346.385,1.002
"L_uu_weight[45, 15]",0.037,0.039,0.0,0.109,0.001,0.001,1195.112,1346.327,1.002
"L_uu_weight[45, 16]",0.045,0.044,0.0,0.125,0.001,0.001,1197.575,1346.327,1.002
"L_uu_weight[45, 17]",0.054,0.048,0.0,0.142,0.001,0.001,1198.791,1346.327,1.002
"L_uu_weight[45, 18]",0.065,0.054,0.0,0.16,0.001,0.001,1201.367,1365.673,1.002
"L_uu_weight[45, 19]",0.077,0.059,0.0,0.18,0.002,0.001,1205.783,1346.268,1.002
"L_uu_weight[45, 20]",0.091,0.064,0.0,0.203,0.002,0.001,1210.624,1346.443,1.002
"L_uu_weight[45, 21]",0.106,0.069,0.0,0.223,0.002,0.001,1216.606,1365.793,1.002
"L_uu_weight[45, 22]",0.122,0.073,0.0,0.245,0.002,0.001,1221.237,1365.793,1.002
"L_uu_weight[45, 23]",0.14,0.076,0.001,0.265,0.002,0.001,1230.006,1385.707,1.002
"L_uu_weight[45, 24]",0.158,0.077,0.014,0.292,0.002,0.001,1237.611,1385.179,1.002
"L_uu_weight[45, 25]",0.176,0.078,0.016,0.301,0.002,0.001,1248.315,1405.923,1.002
"L_uu_weight[45, 26]",0.195,0.077,0.033,0.325,0.002,0.001,1264.425,1427.167,1.002
"L_uu_weight[45, 27]",0.213,0.075,0.047,0.335,0.002,0.001,1282.851,1448.927,1.001
"L_uu_weight[45, 28]",0.229,0.071,0.073,0.35,0.002,0.001,1312.816,1426.407,1.001
"L_uu_weight[45, 29]",0.243,0.067,0.115,0.378,0.002,0.001,1356.283,1424.748,1.001
"L_uu_weight[45, 30]",0.255,0.062,0.141,0.382,0.002,0.001,1422.007,1468.914,1.001
"L_uu_weight[45, 31]",0.262,0.059,0.155,0.378,0.002,0.001,1500.525,1418.687,1.001
"L_uu_weight[45, 32]",0.265,0.057,0.166,0.377,0.001,0.001,1557.684,1593.812,1.0
"L_uu_weight[45, 33]",0.263,0.057,0.166,0.372,0.001,0.001,1560.735,1652.752,1.0
"L_uu_weight[45, 34]",0.255,0.058,0.159,0.364,0.002,0.001,1498.215,1660.359,1.0
"L_uu_weight[45, 35]",0.242,0.06,0.14,0.352,0.002,0.001,1415.367,1604.472,1.001
"L_uu_weight[45, 36]",0.224,0.062,0.131,0.348,0.002,0.001,1353.321,1585.72,1.0
"L_uu_weight[45, 37]",0.201,0.061,0.103,0.316,0.002,0.002,1313.241,1440.92,1.001
"L_uu_weight[45, 38]",0.175,0.058,0.088,0.286,0.002,0.002,1287.545,1378.33,1.001
"L_uu_weight[45, 39]",0.147,0.052,0.073,0.249,0.002,0.002,1275.147,1321.432,1.001
"L_uu_weight[45, 40]",0.119,0.044,0.054,0.2,0.001,0.001,1269.055,1318.584,1.001
"L_uu_weight[45, 41]",0.092,0.034,0.042,0.156,0.001,0.001,1270.063,1300.293,1.001
"L_uu_weight[45, 42]",0.067,0.024,0.03,0.111,0.001,0.001,1275.372,1300.293,1.001
"L_uu_weight[45, 43]",0.045,0.016,0.022,0.074,0.0,0.001,1288.164,1300.293,1.001
"L_uu_weight[45, 44]",0.028,0.009,0.016,0.045,0.0,0.0,1312.954,1319.729,1.0
"L_uu_weight[45, 45]",0.02,0.004,0.013,0.029,0.0,0.0,1520.048,1556.161,1.0
"L_uu_weight[45, 46]",0.0,0.0,0.0,0.0,0.0,,2000.0,2000.0,
"L_uu_weight[45, 47]",0.0,0.0,0.0,0.0,0.0,,2000.0,2000.0,
"L_uu_weight[45, 48]",0.0,0.0,0.0,0.0,0.0,,2000.0,2000.0,
"L_uu_weight[45, 49]",0.0,0.0,0.0,0.0,0.0,,2000.0,2000.0,
"L_uu_weight[46, 0]",0.0,0.001,0.0,0.001,0.0,0.0,1184.104,1327.465,1.002
"L_uu_weight[46, 1]",0.001,0.004,0.0,0.003,0.0,0.001,1183.671,1327.465,1.002
"L_uu_weight[46, 2]",0.001,0.003,0.0,0.004,0.0,0.001,1184.213,1327.465,1.002
"L_uu_weight[46, 3]",0.002,0.005,0.0,0.007,0.0,0.001,1184.478,1327.465,1.002
"L_uu_weight[46, 4]",0.002,0.006,0.0,0.008,0.0,0.001,1184.49,1327.465,1.002
"L_uu_weight[46, 5]",0.002,0.007,0.0,0.009,0.0,0.001,1184.566,1346.385,1.002
"L_uu_weight[46, 6]",0.003,0.008,0.0,0.013,0.0,0.001,1185.487,1346.385,1.002
"L_uu_weight[46, 7]",0.005,0.009,0.0,0.018,0.0,0.001,1185.462,1346.385,1.002
"L_uu_weight[46, 8]",0.006,0.011,0.0,0.024,0.0,0.001,1186.522,1346.385,1.002
"L_uu_weight[46, 9]",0.008,0.014,0.0,0.03,0.0,0.001,1186.237,1346.385,1.002
"L_uu_weight[46, 10]",0.01,0.016,0.0,0.035,0.0,0.001,1186.507,1346.385,1.002
"L_uu_weight[46, 11]",0.012,0.019,0.0,0.043,0.0,0.001,1187.607,1346.385,1.002
"L_uu_weight[46, 12]",0.016,0.022,0.0,0.053,0.001,0.001,1189.325,1346.385,1.002
"L_uu_weight[46, 13]",0.02,0.025,0.0,0.065,0.001,0.001,1190.62,1346.385,1.002
"L_uu_weight[46, 14]",0.025,0.03,0.0,0.079,0.001,0.001,1191.787,1346.385,1.002
"L_uu_weight[46, 15]",0.03,0.034,0.0,0.093,0.001,0.001,1192.948,1346.385,1.002
"L_uu_weight[46, 16]",0.037,0.039,0.0,0.108,0.001,0.001,1194.367,1346.327,1.002
"L_uu_weight[46, 17]",0.045,0.043,0.0,0.124,0.001,0.001,1197.588,1346.327,1.002
"L_uu_weight[46, 18]",0.054,0.048,0.0,0.142,0.001,0.001,1199.133,1346.327,1.002
"L_uu_weight[46, 19]",0.065,0.054,0.0,0.161,0.001,0.001,1201.883,1365.673,1.002
"L_uu_weight[46, 20]",0.077,0.059,0.0,0.182,0.002,0.001,1205.879,1346.268,1.002
"L_uu_weight[46, 21]",0.091,0.065,0.0,0.204,0.002,0.001,1210.452,1346.443,1.002
"L_uu_weight[46, 22]",0.106,0.069,0.0,0.225,0.002,0.001,1215.579,1365.793,1.002
"L_uu_weight[46, 23]",0.122,0.073,0.0,0.244,0.002,0.001,1220.807,1365.793,1.002
"L_uu_weight[46, 24]",0.14,0.076,0.001,0.263,0.002,0.001,1230.139,1385.707,1.002
"L_uu_weight[46, 25]",0.158,0.077,0.015,0.293,0.002,0.001,1239.849,1385.179,1.002
"L_uu_weight[46, 26]",0.177,0.078,0.021,0.307,0.002,0.001,1249.363,1405.923,1.002
"L_uu_weight[46, 27]",0.195,0.077,0.033,0.325,0.002,0.001,1264.607,1427.167,1.002
"L_uu_weight[46, 28]",0.213,0.075,0.053,0.341,0.002,0.001,1282.726,1448.927,1.001
"L_uu_weight[46, 29]",0.229,0.071,0.073,0.351,0.002,0.001,1311.83,1426.407,1.001
"L_uu_weight[46, 30]",0.243,0.067,0.122,0.383,0.002,0.001,1357.006,1424.748,1.001
"L_uu_weight[46, 31]",0.255,0.062,0.147,0.389,0.002,0.001,1423.14,1468.914,1.001
"L_uu_weight[46, 32]",0.262,0.059,0.156,0.379,0.002,0.001,1501.454,1418.687,1.001
"L_uu_weight[46, 33]",0.265,0.057,0.162,0.373,0.001,0.001,1557.383,1593.812,1.0
"L_uu_weight[46, 34]",0.263,0.057,0.166,0.372,0.001,0.001,1560.439,1653.844,1.0
"L_uu_weight[46, 35]",0.255,0.058,0.158,0.364,0.002,0.001,1497.253,1660.359,1.0
"L_uu_weight[46, 36]",0.242,0.06,0.14,0.352,0.002,0.001,1415.211,1604.472,1.001
"L_uu_weight[46, 37]",0.224,0.062,0.131,0.348,0.002,0.001,1352.978,1585.72,1.0
"L_uu_weight[46, 38]",0.201,0.061,0.103,0.316,0.002,0.002,1312.831,1440.92,1.001
"L_uu_weight[46, 39]",0.175,0.058,0.088,0.286,0.002,0.002,1287.344,1378.33,1.001
"L_uu_weight[46, 40]",0.147,0.052,0.073,0.249,0.002,0.002,1275.073,1321.432,1.001
"L_uu_weight[46, 41]",0.119,0.044,0.054,0.2,0.001,0.001,1268.935,1318.584,1.001
"L_uu_weight[46, 42]",0.091,0.034,0.042,0.156,0.001,0.001,1269.712,1300.293,1.001
"L_uu_weight[46, 43]",0.067,0.024,0.03,0.111,0.001,0.001,1275.153,1300.293,1.001
"L_uu_weight[46, 44]",0.045,0.016,0.022,0.074,0.0,0.001,1288.276,1300.293,1.001
"L_uu_weight[46, 45]",0.028,0.009,0.016,0.045,0.0,0.0,1312.87,1319.729,1.0
"L_uu_weight[46, 46]",0.02,0.004,0.013,0.029,0.0,0.0,1519.724,1556.161,1.0
"L_uu_weight[46, 47]",0.0,0.0,0.0,0.0,0.0,,2000.0,2000.0,
"L_uu_weight[46, 48]",0.0,0.0,0.0,0.0,0.0,,2000.0,2000.0,
"L_uu_weight[46, 49]",0.0,0.0,0.0,0.0,0.0,,2000.0,2000.0,
"L_uu_weight[47, 0]",0.0,0.001,0.0,0.0,0.0,0.0,1183.757,1327.465,1.002
"L_uu_weight[47, 1]",0.001,0.003,0.0,0.002,0.0,0.001,1183.816,1327.465,1.002
"L_uu_weight[47, 2]",0.001,0.002,0.0,0.003,0.0,0.001,1183.894,1327.465,1.002
"L_uu_weight[47, 3]",0.001,0.004,0.0,0.005,0.0,0.001,1184.022,1327.465,1.002
"L_uu_weight[47, 4]",0.002,0.005,0.0,0.006,0.0,0.001,1183.922,1327.465,1.002
"L_uu_weight[47, 5]",0.002,0.006,0.0,0.007,0.0,0.001,1184.22,1327.465,1.002
"L_uu_weight[47, 6]",0.002,0.006,0.0,0.01,0.0,0.001,1185.18,1346.385,1.002
"L_uu_weight[47, 7]",0.004,0.008,0.0,0.014,0.0,0.001,1185.219,1346.385,1.002
"L_uu_weight[47, 8]",0.005,0.01,0.0,0.019,0.0,0.001,1186.544,1346.385,1.002
"L_uu_weight[47, 9]",0.006,0.012,0.0,0.024,0.0,0.001,1186.894,1346.385,1.002
"L_uu_weight[47, 10]",0.008,0.014,0.0,0.029,0.0,0.001,1186.412,1346.385,1.002
"L_uu_weight[47, 11]",0.01,0.016,0.0,0.035,0.0,0.001,1186.468,1346.385,1.002
"L_uu_weight[47, 12]",0.012,0.019,0.0,0.043,0.0,0.001,1188.076,1346.385,1.002
"L_uu_weight[47, 13]",0.016,0.022,0.0,0.054,0.001,0.001,1189.304,1346.385,1.002
"L_uu_weight[47, 14]",0.02,0.026,0.0,0.067,0.001,0.001,1190.954,1346.385,1.002
"L_uu_weight[47, 15]",0.025,0.03,0.0,0.08,0.001,0.001,1191.391,1346.385,1.002
"L_uu_weight[47, 16]",0.03,0.034,0.0,0.092,0.001,0.001,1192.524,1346.385,1.002
"L_uu_weight[47, 17]",0.037,0.039,0.0,0.106,0.001,0.001,1193.71,1346.327,1.002
"L_uu_weight[47, 18]",0.045,0.043,0.0,0.125,0.001,0.001,1197.098,1346.327,1.002
"L_uu_weight[47, 19]",0.055,0.049,0.0,0.143,0.001,0.001,1199.469,1346.327,1.002
"L_uu_weight[47, 20]",0.065,0.054,0.0,0.163,0.001,0.001,1201.793,1365.673,1.002
"L_uu_weight[47, 21]",0.078,0.06,0.0,0.184,0.002,0.001,1205.69,1365.673,1.002
"L_uu_weight[47, 22]",0.091,0.065,0.0,0.203,0.002,0.001,1209.749,1346.443,1.002
"L_uu_weight[47, 23]",0.106,0.069,0.0,0.225,0.002,0.001,1215.427,1365.793,1.002
"L_uu_weight[47, 24]",0.122,0.073,0.001,0.245,0.002,0.001,1220.751,1365.793,1.002
"L_uu_weight[47, 25]",0.14,0.076,0.001,0.264,0.002,0.001,1229.958,1385.707,1.002
"L_uu_weight[47, 26]",0.158,0.077,0.014,0.291,0.002,0.001,1240.885,1385.179,1.002
"L_uu_weight[47, 27]",0.177,0.078,0.02,0.306,0.002,0.001,1249.799,1405.923,1.002
"L_uu_weight[47, 28]",0.195,0.077,0.033,0.325,0.002,0.001,1264.11,1448.927,1.002
"L_uu_weight[47, 29]",0.213,0.075,0.051,0.339,0.002,0.001,1282.099,1448.927,1.001
"L_uu_weight[47, 30]",0.229,0.071,0.073,0.351,0.002,0.001,1311.895,1426.407,1.001
"L_uu_weight[47, 31]",0.243,0.067,0.122,0.383,0.002,0.001,1356.14,1424.748,1.001
"L_uu_weight[47, 32]",0.255,0.062,0.147,0.387,0.002,0.001,1423.24,1468.914,1.001
"L_uu_weight[47, 33]",0.262,0.059,0.157,0.379,0.002,0.001,1501.048,1418.687,1.001
"L_uu_weight[47, 34]",0.265,0.057,0.162,0.372,0.001,0.001,1557.127,1595.636,1.001
"L_uu_weight[47, 35]",0.262,0.057,0.166,0.372,0.001,0.001,1560.499,1653.844,1.0
"L_uu_weight[47, 36]",0.255,0.058,0.158,0.365,0.002,0.001,1496.57,1660.359,1.0
"L_uu_weight[47, 37]",0.242,0.06,0.14,0.352,0.002,0.001,1415.366,1604.472,1.001
"L_uu_weight[47, 38]",0.224,0.062,0.13,0.348,0.002,0.001,1352.863,1585.72,1.0
"L_uu_weight[47, 39]",0.201,0.061,0.103,0.316,0.002,0.002,1312.935,1440.92,1.001
"L_uu_weight[47, 40]",0.175,0.058,0.088,0.286,0.002,0.002,1287.003,1378.33,1.001
"L_uu_weight[47, 41]",0.147,0.052,0.073,0.249,0.002,0.002,1274.856,1321.432,1.001
"L_uu_weight[47, 42]",0.119,0.044,0.053,0.2,0.001,0.001,1268.847,1318.584,1.001
"L_uu_weight[47, 43]",0.091,0.034,0.042,0.156,0.001,0.001,1269.776,1300.293,1.001
"L_uu_weight[47, 44]",0.067,0.024,0.03,0.111,0.001,0.001,1275.072,1300.293,1.001
"L_uu_weight[47, 45]",0.045,0.016,0.022,0.074,0.0,0.001,1288.306,1300.293,1.001
"L_uu_weight[47, 46]",0.028,0.009,0.016,0.045,0.0,0.0,1313.215,1319.729,1.0
"L_uu_weight[47, 47]",0.02,0.004,0.013,0.029,0.0,0.0,1519.574,1556.161,1.0
"L_uu_weight[47, 48]",0.0,0.0,0.0,0.0,0.0,,2000.0,2000.0,
"L_uu_weight[47, 49]",0.0,0.0,0.0,0.0,0.0,,2000.0,2000.0,
"L_uu_weight[48, 0]",0.0,0.001,0.0,0.0,0.0,0.0,1183.599,1327.465,1.002
"L_uu_weight[48, 1]",0.0,0.003,0.0,0.001,0.0,0.001,1183.703,1327.465,1.002
"L_uu_weight[48, 2]",0.001,0.002,0.0,0.002,0.0,0.0,1183.833,1327.465,1.002
"L_uu_weight[48, 3]",0.001,0.004,0.0,0.004,0.0,0.001,1183.783,1327.465,1.002
"L_uu_weight[48, 4]",0.001,0.005,0.0,0.005,0.0,0.001,1183.883,1327.465,1.002
"L_uu_weight[48, 5]",0.001,0.005,0.0,0.006,0.0,0.001,1184.101,1327.465,1.002
"L_uu_weight[48, 6]",0.002,0.006,0.0,0.008,0.0,0.001,1184.434,1327.465,1.002
"L_uu_weight[48, 7]",0.003,0.007,0.0,0.011,0.0,0.001,1185.069,1346.385,1.002
"L_uu_weight[48, 8]",0.004,0.008,0.0,0.015,0.0,0.001,1185.48,1346.385,1.002
"L_uu_weight[48, 9]",0.005,0.01,0.0,0.019,0.0,0.001,1186.627,1346.385,1.002
"L_uu_weight[48, 10]",0.006,0.012,0.0,0.023,0.0,0.001,1186.772,1346.385,1.002
"L_uu_weight[48, 11]",0.008,0.014,0.0,0.028,0.0,0.001,1186.457,1346.385,1.002
"L_uu_weight[48, 12]",0.01,0.016,0.0,0.036,0.0,0.001,1186.973,1346.385,1.002
"L_uu_weight[48, 13]",0.013,0.019,0.0,0.045,0.0,0.001,1188.51,1346.385,1.002
"L_uu_weight[48, 14]",0.016,0.022,0.0,0.056,0.001,0.001,1188.881,1346.385,1.002
"L_uu_weight[48, 15]",0.02,0.026,0.0,0.067,0.001,0.001,1190.063,1346.385,1.002
"L_uu_weight[48, 16]",0.025,0.03,0.0,0.079,0.001,0.001,1191.296,1346.385,1.002
"L_uu_weight[48, 17]",0.03,0.034,0.0,0.092,0.001,0.001,1192.172,1346.385,1.002
"L_uu_weight[48, 18]",0.037,0.039,0.0,0.107,0.001,0.001,1194.109,1346.327,1.002
"L_uu_weight[48, 19]",0.045,0.044,0.0,0.125,0.001,0.001,1197.006,1346.327,1.002
"L_uu_weight[48, 20]",0.055,0.049,0.0,0.145,0.001,0.001,1198.694,1346.327,1.002
"L_uu_weight[48, 21]",0.065,0.054,0.0,0.164,0.001,0.001,1201.861,1365.673,1.002
"L_uu_weight[48, 22]",0.078,0.06,0.0,0.184,0.002,0.001,1204.053,1365.673,1.002
"L_uu_weight[48, 23]",0.091,0.064,0.0,0.202,0.002,0.001,1210.385,1346.443,1.002
"L_uu_weight[48, 24]",0.106,0.069,0.0,0.224,0.002,0.001,1215.087,1365.793,1.002
"L_uu_weight[48, 25]",0.122,0.073,0.001,0.244,0.002,0.001,1221.136,1365.793,1.002
"L_uu_weight[48, 26]",0.14,0.076,0.001,0.263,0.002,0.001,1230.475,1385.707,1.002
"L_uu_weight[48, 27]",0.158,0.078,0.014,0.291,0.002,0.001,1238.731,1385.179,1.002
"L_uu_weight[48, 28]",0.177,0.078,0.021,0.307,0.002,0.001,1249.167,1405.923,1.002
"L_uu_weight[48, 29]",0.195,0.077,0.033,0.325,0.002,0.001,1263.375,1448.927,1.002
"L_uu_weight[48, 30]",0.213,0.075,0.051,0.338,0.002,0.001,1281.852,1448.927,1.001
"L_uu_weight[48, 31]",0.229,0.071,0.096,0.375,0.002,0.001,1312.075,1426.407,1.001
"L_uu_weight[48, 32]",0.243,0.067,0.122,0.383,0.002,0.001,1356.845,1424.748,1.001
"L_uu_weight[48, 33]",0.254,0.062,0.147,0.388,0.002,0.001,1423.406,1468.914,1.001
"L_uu_weight[48, 34]",0.262,0.059,0.157,0.378,0.002,0.001,1501.121,1418.687,1.001
"L_uu_weight[48, 35]",0.265,0.057,0.162,0.372,0.001,0.001,1556.408,1595.636,1.001
"L_uu_weight[48, 36]",0.262,0.057,0.166,0.372,0.001,0.001,1559.762,1653.844,1.0
"L_uu_weight[48, 37]",0.255,0.058,0.158,0.365,0.002,0.001,1496.678,1660.359,1.0
"L_uu_weight[48, 38]",0.242,0.06,0.14,0.352,0.002,0.001,1415.468,1604.472,1.001
"L_uu_weight[48, 39]",0.224,0.062,0.131,0.348,0.002,0.001,1353.232,1585.72,1.0
"L_uu_weight[48, 40]",0.201,0.061,0.103,0.316,0.002,0.002,1312.688,1440.92,1.001
"L_uu_weight[48, 41]",0.175,0.058,0.088,0.286,0.002,0.002,1286.847,1378.33,1.001
"L_uu_weight[48, 42]",0.147,0.052,0.073,0.249,0.002,0.002,1274.549,1321.432,1.001
"L_uu_weight[48, 43]",0.119,0.044,0.054,0.2,0.001,0.001,1268.771,1318.584,1.001
"L_uu_weight[48, 44]",0.091,0.034,0.042,0.156,0.001,0.001,1269.631,1300.293,1.001
"L_uu_weight[48, 45]",0.067,0.024,0.03,0.111,0.001,0.001,1275.214,1300.293,1.001
"L_uu_weight[48, 46]",0.045,0.016,0.022,0.074,0.0,0.001,1288.229,1300.293,1.001
"L_uu_weight[48, 47]",0.028,0.009,0.016,0.045,0.0,0.0,1313.308,1319.729,1.0
"L_uu_weight[48, 48]",0.02,0.004,0.013,0.029,0.0,0.0,1519.587,1556.161,1.0
"L_uu_weight[48, 49]",0.0,0.0,0.0,0.0,0.0,,2000.0,2000.0,
"L_uu_weight[49, 0]",0.0,0.001,0.0,0.0,0.0,0.0,1184.173,1327.465,1.002
"L_uu_weight[49, 1]",0.0,0.002,0.0,0.001,0.0,0.001,1183.71,1327.465,1.002
"L_uu_weight[49, 2]",0.0,0.002,0.0,0.002,0.0,0.0,1183.527,1327.465,1.002
"L_uu_weight[49, 3]",0.001,0.003,0.0,0.003,0.0,0.001,1183.48,1327.465,1.002
"L_uu_weight[49, 4]",0.001,0.004,0.0,0.003,0.0,0.001,1183.712,1327.465,1.002
"L_uu_weight[49, 5]",0.001,0.004,0.0,0.004,0.0,0.001,1183.725,1327.465,1.002
"L_uu_weight[49, 6]",0.001,0.005,0.0,0.006,0.0,0.001,1184.346,1327.465,1.002
"L_uu_weight[49, 7]",0.002,0.006,0.0,0.009,0.0,0.001,1184.652,1327.465,1.002
"L_uu_weight[49, 8]",0.003,0.007,0.0,0.012,0.0,0.001,1184.832,1346.385,1.002
"L_uu_weight[49, 9]",0.004,0.009,0.0,0.015,0.0,0.001,1186.29,1346.385,1.002
"L_uu_weight[49, 10]",0.005,0.01,0.0,0.018,0.0,0.001,1186.729,1346.385,1.002
"L_uu_weight[49, 11]",0.006,0.012,0.0,0.023,0.0,0.001,1186.601,1346.385,1.002
"L_uu_weight[49, 12]",0.008,0.014,0.0,0.029,0.0,0.001,1186.757,1346.385,1.002
"L_uu_weight[49, 13]",0.01,0.016,0.0,0.037,0.0,0.001,1187.114,1346.385,1.002
"L_uu_weight[49, 14]",0.013,0.019,0.0,0.046,0.001,0.001,1188.321,1346.385,1.002
"L_uu_weight[49, 15]",0.016,0.022,0.0,0.056,0.001,0.001,1189.128,1346.385,1.002
"L_uu_weight[49, 16]",0.02,0.026,0.0,0.067,0.001,0.001,1189.79,1346.385,1.002
"L_uu_weight[49, 17]",0.025,0.03,0.0,0.078,0.001,0.001,1191.437,1346.385,1.002
"L_uu_weight[49, 18]",0.03,0.034,0.0,0.092,0.001,0.001,1192.973,1346.385,1.002
"L_uu_weight[49, 19]",0.037,0.039,0.0,0.108,0.001,0.001,1195.327,1346.327,1.002
"L_uu_weight[49, 20]",0.046,0.044,0.0,0.127,0.001,0.001,1196.932,1346.327,1.002
"L_uu_weight[49, 21]",0.055,0.049,0.0,0.146,0.001,0.001,1198.3,1346.327,1.002
"L_uu_weight[49, 22]",0.065,0.054,0.0,0.164,0.001,0.001,1201.276,1365.673,1.002
"L_uu_weight[49, 23]",0.078,0.06,0.0,0.183,0.002,0.001,1203.433,1365.673,1.002
"L_uu_weight[49, 24]",0.091,0.064,0.0,0.203,0.002,0.001,1210.706,1346.443,1.002
"L_uu_weight[49, 25]",0.106,0.069,0.0,0.224,0.002,0.001,1215.92,1365.793,1.002
"L_uu_weight[49, 26]",0.122,0.073,0.0,0.245,0.002,0.001,1221.927,1365.793,1.002
"L_uu_weight[49, 27]",0.14,0.076,0.006,0.268,0.002,0.001,1230.689,1385.707,1.002
"L_uu_weight[49, 28]",0.158,0.078,0.014,0.291,0.002,0.001,1238.894,1385.179,1.002
"L_uu_weight[49, 29]",0.177,0.078,0.021,0.307,0.002,0.001,1248.394,1405.923,1.002
"L_uu_weight[49, 30]",0.195,0.077,0.025,0.317,0.002,0.001,1262.053,1427.167,1.002
"L_uu_weight[49, 31]",0.213,0.075,0.047,0.334,0.002,0.001,1282.0,1448.927,1.001
"L_uu_weight[49, 32]",0.229,0.071,0.096,0.374,0.002,0.001,1312.391,1426.407,1.001
"L_uu_weight[49, 33]",0.243,0.067,0.116,0.378,0.002,0.001,1358.073,1424.748,1.001
"L_uu_weight[49, 34]",0.254,0.062,0.146,0.387,0.002,0.001,1423.364,1468.914,1.001
"L_uu_weight[49, 35]",0.262,0.059,0.156,0.378,0.002,0.001,1499.521,1418.687,1.001
"L_uu_weight[49, 36]",0.265,0.057,0.162,0.373,0.001,0.001,1556.957,1595.636,1.001
"L_uu_weight[49, 37]",0.262,0.057,0.166,0.372,0.001,0.001,1559.171,1682.442,1.0
"L_uu_weight[49, 38]",0.255,0.058,0.158,0.365,0.002,0.001,1497.279,1660.359,1.0
"L_uu_weight[49, 39]",0.242,0.06,0.14,0.352,0.002,0.001,1415.765,1604.472,1.001
"L_uu_weight[49, 40]",0.224,0.062,0.131,0.348,0.002,0.001,1352.94,1585.72,1.0
"L_uu_weight[49, 41]",0.201,0.061,0.103,0.316,0.002,0.002,1312.285,1440.92,1.001
"L_uu_weight[49, 42]",0.175,0.058,0.087,0.286,0.002,0.002,1286.525,1378.33,1.001
"L_uu_weight[49, 43]",0.147,0.052,0.073,0.249,0.002,0.002,1274.543,1321.432,1.001
"L_uu_weight[49, 44]",0.119,0.044,0.054,0.2,0.001,0.001,1268.588,1318.584,1.001
"L_uu_weight[49, 45]",0.091,0.034,0.042,0.156,0.001,0.001,1269.78,1300.293,1.001
"L_uu_weight[49, 46]",0.067,0.024,0.03,0.111,0.001,0.001,1275.256,1300.293,1.001
"L_uu_weight[49, 47]",0.045,0.016,0.022,0.074,0.0,0.001,1288.126,1300.293,1.001
"L_uu_weight[49, 48]",0.028,0.009,0.016,0.045,0.0,0.0,1313.041,1319.729,1.0
"L_uu_weight[49, 49]",0.02,0.004,0.013,0.029,0.0,0.0,1519.589,1556.161,1.0
"L_uu_workout[0, 0]",0.247,0.112,0.099,0.469,0.003,0.003,1223.195,1471.148,1.003
"L_uu_workout[0, 1]",0.0,0.0,0.0,0.0,0.0,,2000.0,2000.0,
"L_uu_workout[0, 2]",0.0,0.0,0.0,0.0,0.0,,2000.0,2000.0,
"L_uu_workout[0, 3]",0.0,0.0,0.0,0.0,0.0,,2000.0,2000.0,
"L_uu_workout[0, 4]",0.0,0.0,0.0,0.0,0.0,,2000.0,2000.0,
"L_uu_workout[0, 5]",0.0,0.0,0.0,0.0,0.0,,2000.0,2000.0,
"L_uu_workout[0, 6]",0.0,0.0,0.0,0.0,0.0,,2000.0,2000.0,
"L_uu_workout[0, 7]",0.0,0.0,0.0,0.0,0.0,,2000.0,2000.0,
"L_uu_workout[0, 8]",0.0,0.0,0.0,0.0,0.0,,2000.0,2000.0,
"L_uu_workout[0, 9]",0.0,0.0,0.0,0.0,0.0,,2000.0,2000.0,
"L_uu_workout[0, 10]",0.0,0.0,0.0,0.0,0.0,,2000.0,2000.0,
"L_uu_workout[0, 11]",0.0,0.0,0.0,0.0,0.0,,2000.0,2000.0,
"L_uu_workout[0, 12]",0.0,0.0,0.0,0.0,0.0,,2000.0,2000.0,
"L_uu_workout[0, 13]",0.0,0.0,0.0,0.0,0.0,,2000.0,2000.0,
"L_uu_workout[0, 14]",0.0,0.0,0.0,0.0,0.0,,2000.0,2000.0,
"L_uu_workout[0, 15]",0.0,0.0,0.0,0.0,0.0,,2000.0,2000.0,
"L_uu_workout[0, 16]",0.0,0.0,0.0,0.0,0.0,,2000.0,2000.0,
"L_uu_workout[0, 17]",0.0,0.0,0.0,0.0,0.0,,2000.0,2000.0,
"L_uu_workout[0, 18]",0.0,0.0,0.0,0.0,0.0,,2000.0,2000.0,
"L_uu_workout[0, 19]",0.0,0.0,0.0,0.0,0.0,,2000.0,2000.0,
"L_uu_workout[0, 20]",0.0,0.0,0.0,0.0,0.0,,2000.0,2000.0,
"L_uu_workout[0, 21]",0.0,0.0,0.0,0.0,0.0,,2000.0,2000.0,
"L_uu_workout[0, 22]",0.0,0.0,0.0,0.0,0.0,,2000.0,2000.0,
"L_uu_workout[0, 23]",0.0,0.0,0.0,0.0,0.0,,2000.0,2000.0,
"L_uu_workout[0, 24]",0.0,0.0,0.0,0.0,0.0,,2000.0,2000.0,
"L_uu_workout[0, 25]",0.0,0.0,0.0,0.0,0.0,,2000.0,2000.0,
"L_uu_workout[0, 26]",0.0,0.0,0.0,0.0,0.0,,2000.0,2000.0,
"L_uu_workout[0, 27]",0.0,0.0,0.0,0.0,0.0,,2000.0,2000.0,
"L_uu_workout[0, 28]",0.0,0.0,0.0,0.0,0.0,,2000.0,2000.0,
"L_uu_workout[0, 29]",0.0,0.0,0.0,0.0,0.0,,2000.0,2000.0,
"L_uu_workout[0, 30]",0.0,0.0,0.0,0.0,0.0,,2000.0,2000.0,
"L_uu_workout[0, 31]",0.0,0.0,0.0,0.0,0.0,,2000.0,2000.0,
"L_uu_workout[0, 32]",0.0,0.0,0.0,0.0,0.0,,2000.0,2000.0,
"L_uu_workout[0, 33]",0.0,0.0,0.0,0.0,0.0,,2000.0,2000.0,
"L_uu_workout[0, 34]",0.0,0.0,0.0,0.0,0.0,,2000.0,2000.0,
"L_uu_workout[0, 35]",0.0,0.0,0.0,0.0,0.0,,2000.0,2000.0,
"L_uu_workout[0, 36]",0.0,0.0,0.0,0.0,0.0,,2000.0,2000.0,
"L_uu_workout[0, 37]",0.0,0.0,0.0,0.0,0.0,,2000.0,2000.0,
"L_uu_workout[0, 38]",0.0,0.0,0.0,0.0,0.0,,2000.0,2000.0,
"L_uu_workout[0, 39]",0.0,0.0,0.0,0.0,0.0,,2000.0,2000.0,
"L_uu_workout[0, 40]",0.0,0.0,0.0,0.0,0.0,,2000.0,2000.0,
"L_uu_workout[0, 41]",0.0,0.0,0.0,0.0,0.0,,2000.0,2000.0,
"L_uu_workout[0, 42]",0.0,0.0,0.0,0.0,0.0,,2000.0,2000.0,
"L_uu_workout[0, 43]",0.0,0.0,0.0,0.0,0.0,,2000.0,2000.0,
"L_uu_workout[0, 44]",0.0,0.0,0.0,0.0,0.0,,2000.0,2000.0,
"L_uu_workout[0, 45]",0.0,0.0,0.0,0.0,0.0,,2000.0,2000.0,
"L_uu_workout[0, 46]",0.0,0.0,0.0,0.0,0.0,,2000.0,2000.0,
"L_uu_workout[0, 47]",0.0,0.0,0.0,0.0,0.0,,2000.0,2000.0,
"L_uu_workout[0, 48]",0.0,0.0,0.0,0.0,0.0,,2000.0,2000.0,
"L_uu_workout[0, 49]",0.0,0.0,0.0,0.0,0.0,,2000.0,2000.0,
"L_uu_workout[1, 0]",0.247,0.112,0.099,0.469,0.003,0.003,1223.547,1471.148,1.003
"L_uu_workout[1, 1]",0.006,0.002,0.002,0.01,0.0,0.0,638.648,1166.032,1.006
"L_uu_workout[1, 2]",0.0,0.0,0.0,0.0,0.0,,2000.0,2000.0,
"L_uu_workout[1, 3]",0.0,0.0,0.0,0.0,0.0,,2000.0,2000.0,
"L_uu_workout[1, 4]",0.0,0.0,0.0,0.0,0.0,,2000.0,2000.0,
"L_uu_workout[1, 5]",0.0,0.0,0.0,0.0,0.0,,2000.0,2000.0,
"L_uu_workout[1, 6]",0.0,0.0,0.0,0.0,0.0,,2000.0,2000.0,
"L_uu_workout[1, 7]",0.0,0.0,0.0,0.0,0.0,,2000.0,2000.0,
"L_uu_workout[1, 8]",0.0,0.0,0.0,0.0,0.0,,2000.0,2000.0,
"L_uu_workout[1, 9]",0.0,0.0,0.0,0.0,0.0,,2000.0,2000.0,
"L_uu_workout[1, 10]",0.0,0.0,0.0,0.0,0.0,,2000.0,2000.0,
"L_uu_workout[1, 11]",0.0,0.0,0.0,0.0,0.0,,2000.0,2000.0,
"L_uu_workout[1, 12]",0.0,0.0,0.0,0.0,0.0,,2000.0,2000.0,
"L_uu_workout[1, 13]",0.0,0.0,0.0,0.0,0.0,,2000.0,2000.0,
"L_uu_workout[1, 14]",0.0,0.0,0.0,0.0,0.0,,2000.0,2000.0,
"L_uu_workout[1, 15]",0.0,0.0,0.0,0.0,0.0,,2000.0,2000.0,
"L_uu_workout[1, 16]",0.0,0.0,0.0,0.0,0.0,,2000.0,2000.0,
"L_uu_workout[1, 17]",0.0,0.0,0.0,0.0,0.0,,2000.0,2000.0,
"L_uu_workout[1, 18]",0.0,0.0,0.0,0.0,0.0,,2000.0,2000.0,
"L_uu_workout[1, 19]",0.0,0.0,0.0,0.0,0.0,,2000.0,2000.0,
"L_uu_workout[1, 20]",0.0,0.0,0.0,0.0,0.0,,2000.0,2000.0,
"L_uu_workout[1, 21]",0.0,0.0,0.0,0.0,0.0,,2000.0,2000.0,
"L_uu_workout[1, 22]",0.0,0.0,0.0,0.0,0.0,,2000.0,2000.0,
"L_uu_workout[1, 23]",0.0,0.0,0.0,0.0,0.0,,2000.0,2000.0,
"L_uu_workout[1, 24]",0.0,0.0,0.0,0.0,0.0,,2000.0,2000.0,
"L_uu_workout[1, 25]",0.0,0.0,0.0,0.0,0.0,,2000.0,2000.0,
"L_uu_workout[1, 26]",0.0,0.0,0.0,0.0,0.0,,2000.0,2000.0,
"L_uu_workout[1, 27]",0.0,0.0,0.0,0.0,0.0,,2000.0,2000.0,
"L_uu_workout[1, 28]",0.0,0.0,0.0,0.0,0.0,,2000.0,2000.0,
"L_uu_workout[1, 29]",0.0,0.0,0.0,0.0,0.0,,2000.0,2000.0,
"L_uu_workout[1, 30]",0.0,0.0,0.0,0.0,0.0,,2000.0,2000.0,
"L_uu_workout[1, 31]",0.0,0.0,0.0,0.0,0.0,,2000.0,2000.0,
"L_uu_workout[1, 32]",0.0,0.0,0.0,0.0,0.0,,2000.0,2000.0,
"L_uu_workout[1, 33]",0.0,0.0,0.0,0.0,0.0,,2000.0,2000.0,
"L_uu_workout[1, 34]",0.0,0.0,0.0,0.0,0.0,,2000.0,2000.0,
"L_uu_workout[1, 35]",0.0,0.0,0.0,0.0,0.0,,2000.0,2000.0,
"L_uu_workout[1, 36]",0.0,0.0,0.0,0.0,0.0,,2000.0,2000.0,
"L_uu_workout[1, 37]",0.0,0.0,0.0,0.0,0.0,,2000.0,2000.0,
"L_uu_workout[1, 38]",0.0,0.0,0.0,0.0,0.0,,2000.0,2000.0,
"L_uu_workout[1, 39]",0.0,0.0,0.0,0.0,0.0,,2000.0,2000.0,
"L_uu_workout[1, 40]",0.0,0.0,0.0,0.0,0.0,,2000.0,2000.0,
"L_uu_workout[1, 41]",0.0,0.0,0.0,0.0,0.0,,2000.0,2000.0,
"L_uu_workout[1, 42]",0.0,0.0,0.0,0.0,0.0,,2000.0,2000.0,
"L_uu_workout[1, 43]",0.0,0.0,0.0,0.0,0.0,,2000.0,2000.0,
"L_uu_workout[1, 44]",0.0,0.0,0.0,0.0,0.0,,2000.0,2000.0,
"L_uu_workout[1, 45]",0.0,0.0,0.0,0.0,0.0,,2000.0,2000.0,
"L_uu_workout[1, 46]",0.0,0.0,0.0,0.0,0.0,,2000.0,2000.0,
"L_uu_workout[1, 47]",0.0,0.0,0.0,0.0,0.0,,2000.0,2000.0,
"L_uu_workout[1, 48]",0.0,0.0,0.0,0.0,0.0,,2000.0,2000.0,
"L_uu_workout[1, 49]",0.0,0.0,0.0,0.0,0.0,,2000.0,2000.0,
"L_uu_workout[2, 0]",0.246,0.112,0.099,0.469,0.003,0.003,1224.376,1471.148,1.003
"L_uu_workout[2, 1]",0.007,0.004,0.001,0.015,0.0,0.0,458.06,1026.681,1.008
"L_uu_workout[2, 2]",0.005,0.002,0.002,0.009,0.0,0.0,741.24,1294.914,1.004
"L_uu_workout[2, 3]",0.0,0.0,0.0,0.0,0.0,,2000.0,2000.0,
"L_uu_workout[2, 4]",0.0,0.0,0.0,0.0,0.0,,2000.0,2000.0,
"L_uu_workout[2, 5]",0.0,0.0,0.0,0.0,0.0,,2000.0,2000.0,
"L_uu_workout[2, 6]",0.0,0.0,0.0,0.0,0.0,,2000.0,2000.0,
"L_uu_workout[2, 7]",0.0,0.0,0.0,0.0,0.0,,2000.0,2000.0,
"L_uu_workout[2, 8]",0.0,0.0,0.0,0.0,0.0,,2000.0,2000.0,
"L_uu_workout[2, 9]",0.0,0.0,0.0,0.0,0.0,,2000.0,2000.0,
"L_uu_workout[2, 10]",0.0,0.0,0.0,0.0,0.0,,2000.0,2000.0,
"L_uu_workout[2, 11]",0.0,0.0,0.0,0.0,0.0,,2000.0,2000.0,
"L_uu_workout[2, 12]",0.0,0.0,0.0,0.0,0.0,,2000.0,2000.0,
"L_uu_workout[2, 13]",0.0,0.0,0.0,0.0,0.0,,2000.0,2000.0,
"L_uu_workout[2, 14]",0.0,0.0,0.0,0.0,0.0,,2000.0,2000.0,
"L_uu_workout[2, 15]",0.0,0.0,0.0,0.0,0.0,,2000.0,2000.0,
"L_uu_workout[2, 16]",0.0,0.0,0.0,0.0,0.0,,2000.0,2000.0,
"L_uu_workout[2, 17]",0.0,0.0,0.0,0.0,0.0,,2000.0,2000.0,
"L_uu_workout[2, 18]",0.0,0.0,0.0,0.0,0.0,,2000.0,2000.0,
"L_uu_workout[2, 19]",0.0,0.0,0.0,0.0,0.0,,2000.0,2000.0,
"L_uu_workout[2, 20]",0.0,0.0,0.0,0.0,0.0,,2000.0,2000.0,
"L_uu_workout[2, 21]",0.0,0.0,0.0,0.0,0.0,,2000.0,2000.0,
"L_uu_workout[2, 22]",0.0,0.0,0.0,0.0,0.0,,2000.0,2000.0,
"L_uu_workout[2, 23]",0.0,0.0,0.0,0.0,0.0,,2000.0,2000.0,
"L_uu_workout[2, 24]",0.0,0.0,0.0,0.0,0.0,,2000.0,2000.0,
"L_uu_workout[2, 25]",0.0,0.0,0.0,0.0,0.0,,2000.0,2000.0,
"L_uu_workout[2, 26]",0.0,0.0,0.0,0.0,0.0,,2000.0,2000.0,
"L_uu_workout[2, 27]",0.0,0.0,0.0,0.0,0.0,,2000.0,2000.0,
"L_uu_workout[2, 28]",0.0,0.0,0.0,0.0,0.0,,2000.0,2000.0,
"L_uu_workout[2, 29]",0.0,0.0,0.0,0.0,0.0,,2000.0,2000.0,
"L_uu_workout[2, 30]",0.0,0.0,0.0,0.0,0.0,,2000.0,2000.0,
"L_uu_workout[2, 31]",0.0,0.0,0.0,0.0,0.0,,2000.0,2000.0,
"L_uu_workout[2, 32]",0.0,0.0,0.0,0.0,0.0,,2000.0,2000.0,
"L_uu_workout[2, 33]",0.0,0.0,0.0,0.0,0.0,,2000.0,2000.0,
"L_uu_workout[2, 34]",0.0,0.0,0.0,0.0,0.0,,2000.0,2000.0,
"L_uu_workout[2, 35]",0.0,0.0,0.0,0.0,0.0,,2000.0,2000.0,
"L_uu_workout[2, 36]",0.0,0.0,0.0,0.0,0.0,,2000.0,2000.0,
"L_uu_workout[2, 37]",0.0,0.0,0.0,0.0,0.0,,2000.0,2000.0,
"L_uu_workout[2, 38]",0.0,0.0,0.0,0.0,0.0,,2000.0,2000.0,
"L_uu_workout[2, 39]",0.0,0.0,0.0,0.0,0.0,,2000.0,2000.0,
"L_uu_workout[2, 40]",0.0,0.0,0.0,0.0,0.0,,2000.0,2000.0,
"L_uu_workout[2, 41]",0.0,0.0,0.0,0.0,0.0,,2000.0,2000.0,
"L_uu_workout[2, 42]",0.0,0.0,0.0,0.0,0.0,,2000.0,2000.0,
"L_uu_workout[2, 43]",0.0,0.0,0.0,0.0,0.0,,2000.0,2000.0,
"L_uu_workout[2, 44]",0.0,0.0,0.0,0.0,0.0,,2000.0,2000.0,
"L_uu_workout[2, 45]",0.0,0.0,0.0,0.0,0.0,,2000.0,2000.0,
"L_uu_workout[2, 46]",0.0,0.0,0.0,0.0,0.0,,2000.0,2000.0,
"L_uu_workout[2, 47]",0.0,0.0,0.0,0.0,0.0,,2000.0,2000.0,
"L_uu_workout[2, 48]",0.0,0.0,0.0,0.0,0.0,,2000.0,2000.0,
"L_uu_workout[2, 49]",0.0,0.0,0.0,0.0,0.0,,2000.0,2000.0,
"L_uu_workout[3, 0]",0.246,0.112,0.099,0.469,0.003,0.003,1225.292,1471.148,1.003
"L_uu_workout[3, 1]",0.01,0.006,0.001,0.021,0.0,0.0,444.307,1038.627,1.008
"L_uu_workout[3, 2]",0.005,0.002,0.002,0.01,0.0,0.0,508.565,1128.954,1.006
"L_uu_workout[3, 3]",0.004,0.002,0.002,0.008,0.0,0.0,953.342,1259.825,1.004
"L_uu_workout[3, 4]",0.0,0.0,0.0,0.0,0.0,,2000.0,2000.0,
"L_uu_workout[3, 5]",0.0,0.0,0.0,0.0,0.0,,2000.0,2000.0,
"L_uu_workout[3, 6]",0.0,0.0,0.0,0.0,0.0,,2000.0,2000.0,
"L_uu_workout[3, 7]",0.0,0.0,0.0,0.0,0.0,,2000.0,2000.0,
"L_uu_workout[3, 8]",0.0,0.0,0.0,0.0,0.0,,2000.0,2000.0,
"L_uu_workout[3, 9]",0.0,0.0,0.0,0.0,0.0,,2000.0,2000.0,
"L_uu_workout[3, 10]",0.0,0.0,0.0,0.0,0.0,,2000.0,2000.0,
"L_uu_workout[3, 11]",0.0,0.0,0.0,0.0,0.0,,2000.0,2000.0,
"L_uu_workout[3, 12]",0.0,0.0,0.0,0.0,0.0,,2000.0,2000.0,
"L_uu_workout[3, 13]",0.0,0.0,0.0,0.0,0.0,,2000.0,2000.0,
"L_uu_workout[3, 14]",0.0,0.0,0.0,0.0,0.0,,2000.0,2000.0,
"L_uu_workout[3, 15]",0.0,0.0,0.0,0.0,0.0,,2000.0,2000.0,
"L_uu_workout[3, 16]",0.0,0.0,0.0,0.0,0.0,,2000.0,2000.0,
"L_uu_workout[3, 17]",0.0,0.0,0.0,0.0,0.0,,2000.0,2000.0,
"L_uu_workout[3, 18]",0.0,0.0,0.0,0.0,0.0,,2000.0,2000.0,
"L_uu_workout[3, 19]",0.0,0.0,0.0,0.0,0.0,,2000.0,2000.0,
"L_uu_workout[3, 20]",0.0,0.0,0.0,0.0,0.0,,2000.0,2000.0,
"L_uu_workout[3, 21]",0.0,0.0,0.0,0.0,0.0,,2000.0,2000.0,
"L_uu_workout[3, 22]",0.0,0.0,0.0,0.0,0.0,,2000.0,2000.0,
"L_uu_workout[3, 23]",0.0,0.0,0.0,0.0,0.0,,2000.0,2000.0,
"L_uu_workout[3, 24]",0.0,0.0,0.0,0.0,0.0,,2000.0,2000.0,
"L_uu_workout[3, 25]",0.0,0.0,0.0,0.0,0.0,,2000.0,2000.0,
"L_uu_workout[3, 26]",0.0,0.0,0.0,0.0,0.0,,2000.0,2000.0,
"L_uu_workout[3, 27]",0.0,0.0,0.0,0.0,0.0,,2000.0,2000.0,
"L_uu_workout[3, 28]",0.0,0.0,0.0,0.0,0.0,,2000.0,2000.0,
"L_uu_workout[3, 29]",0.0,0.0,0.0,0.0,0.0,,2000.0,2000.0,
"L_uu_workout[3, 30]",0.0,0.0,0.0,0.0,0.0,,2000.0,2000.0,
"L_uu_workout[3, 31]",0.0,0.0,0.0,0.0,0.0,,2000.0,2000.0,
"L_uu_workout[3, 32]",0.0,0.0,0.0,0.0,0.0,,2000.0,2000.0,
"L_uu_workout[3, 33]",0.0,0.0,0.0,0.0,0.0,,2000.0,2000.0,
"L_uu_workout[3, 34]",0.0,0.0,0.0,0.0,0.0,,2000.0,2000.0,
"L_uu_workout[3, 35]",0.0,0.0,0.0,0.0,0.0,,2000.0,2000.0,
"L_uu_workout[3, 36]",0.0,0.0,0.0,0.0,0.0,,2000.0,2000.0,
"L_uu_workout[3, 37]",0.0,0.0,0.0,0.0,0.0,,2000.0,2000.0,
"L_uu_workout[3, 38]",0.0,0.0,0.0,0.0,0.0,,2000.0,2000.0,
"L_uu_workout[3, 39]",0.0,0.0,0.0,0.0,0.0,,2000.0,2000.0,
"L_uu_workout[3, 40]",0.0,0.0,0.0,0.0,0.0,,2000.0,2000.0,
"L_uu_workout[3, 41]",0.0,0.0,0.0,0.0,0.0,,2000.0,2000.0,
"L_uu_workout[3, 42]",0.0,0.0,0.0,0.0,0.0,,2000.0,2000.0,
"L_uu_workout[3, 43]",0.0,0.0,0.0,0.0,0.0,,2000.0,2000.0,
"L_uu_workout[3, 44]",0.0,0.0,0.0,0.0,0.0,,2000.0,2000.0,
"L_uu_workout[3, 45]",0.0,0.0,0.0,0.0,0.0,,2000.0,2000.0,
"L_uu_workout[3, 46]",0.0,0.0,0.0,0.0,0.0,,2000.0,2000.0,
"L_uu_workout[3, 47]",0.0,0.0,0.0,0.0,0.0,,2000.0,2000.0,
"L_uu_workout[3, 48]",0.0,0.0,0.0,0.0,0.0,,2000.0,2000.0,
"L_uu_workout[3, 49]",0.0,0.0,0.0,0.0,0.0,,2000.0,2000.0,
"L_uu_workout[4, 0]",0.246,0.112,0.086,0.456,0.003,0.003,1227.599,1471.148,1.003
"L_uu_workout[4, 1]",0.013,0.008,0.002,0.027,0.0,0.0,438.263,936.622,1.008
"L_uu_workout[4, 2]",0.007,0.003,0.002,0.014,0.0,0.0,494.815,1116.007,1.006
"L_uu_workout[4, 3]",0.004,0.002,0.002,0.008,0.0,0.0,659.821,1057.522,1.004
"L_uu_workout[4, 4]",0.004,0.002,0.002,0.007,0.0,0.0,1095.973,1423.515,1.004
"L_uu_workout[4, 5]",0.0,0.0,0.0,0.0,0.0,,2000.0,2000.0,
"L_uu_workout[4, 6]",0.0,0.0,0.0,0.0,0.0,,2000.0,2000.0,
"L_uu_workout[4, 7]",0.0,0.0,0.0,0.0,0.0,,2000.0,2000.0,
"L_uu_workout[4, 8]",0.0,0.0,0.0,0.0,0.0,,2000.0,2000.0,
"L_uu_workout[4, 9]",0.0,0.0,0.0,0.0,0.0,,2000.0,2000.0,
"L_uu_workout[4, 10]",0.0,0.0,0.0,0.0,0.0,,2000.0,2000.0,
"L_uu_workout[4, 11]",0.0,0.0,0.0,0.0,0.0,,2000.0,2000.0,
"L_uu_workout[4, 12]",0.0,0.0,0.0,0.0,0.0,,2000.0,2000.0,
"L_uu_workout[4, 13]",0.0,0.0,0.0,0.0,0.0,,2000.0,2000.0,
"L_uu_workout[4, 14]",0.0,0.0,0.0,0.0,0.0,,2000.0,2000.0,
"L_uu_workout[4, 15]",0.0,0.0,0.0,0.0,0.0,,2000.0,2000.0,
"L_uu_workout[4, 16]",0.0,0.0,0.0,0.0,0.0,,2000.0,2000.0,
"L_uu_workout[4, 17]",0.0,0.0,0.0,0.0,0.0,,2000.0,2000.0,
"L_uu_workout[4, 18]",0.0,0.0,0.0,0.0,0.0,,2000.0,2000.0,
"L_uu_workout[4, 19]",0.0,0.0,0.0,0.0,0.0,,2000.0,2000.0,
"L_uu_workout[4, 20]",0.0,0.0,0.0,0.0,0.0,,2000.0,2000.0,
"L_uu_workout[4, 21]",0.0,0.0,0.0,0.0,0.0,,2000.0,2000.0,
"L_uu_workout[4, 22]",0.0,0.0,0.0,0.0,0.0,,2000.0,2000.0,
"L_uu_workout[4, 23]",0.0,0.0,0.0,0.0,0.0,,2000.0,2000.0,
"L_uu_workout[4, 24]",0.0,0.0,0.0,0.0,0.0,,2000.0,2000.0,
"L_uu_workout[4, 25]",0.0,0.0,0.0,0.0,0.0,,2000.0,2000.0,
"L_uu_workout[4, 26]",0.0,0.0,0.0,0.0,0.0,,2000.0,2000.0,
"L_uu_workout[4, 27]",0.0,0.0,0.0,0.0,0.0,,2000.0,2000.0,
"L_uu_workout[4, 28]",0.0,0.0,0.0,0.0,0.0,,2000.0,2000.0,
"L_uu_workout[4, 29]",0.0,0.0,0.0,0.0,0.0,,2000.0,2000.0,
"L_uu_workout[4, 30]",0.0,0.0,0.0,0.0,0.0,,2000.0,2000.0,
"L_uu_workout[4, 31]",0.0,0.0,0.0,0.0,0.0,,2000.0,2000.0,
"L_uu_workout[4, 32]",0.0,0.0,0.0,0.0,0.0,,2000.0,2000.0,
"L_uu_workout[4, 33]",0.0,0.0,0.0,0.0,0.0,,2000.0,2000.0,
"L_uu_workout[4, 34]",0.0,0.0,0.0,0.0,0.0,,2000.0,2000.0,
"L_uu_workout[4, 35]",0.0,0.0,0.0,0.0,0.0,,2000.0,2000.0,
"L_uu_workout[4, 36]",0.0,0.0,0.0,0.0,0.0,,2000.0,2000.0,
"L_uu_workout[4, 37]",0.0,0.0,0.0,0.0,0.0,,2000.0,2000.0,
"L_uu_workout[4, 38]",0.0,0.0,0.0,0.0,0.0,,2000.0,2000.0,
"L_uu_workout[4, 39]",0.0,0.0,0.0,0.0,0.0,,2000.0,2000.0,
"L_uu_workout[4, 40]",0.0,0.0,0.0,0.0,0.0,,2000.0,2000.0,
"L_uu_workout[4, 41]",0.0,0.0,0.0,0.0,0.0,,2000.0,2000.0,
"L_uu_workout[4, 42]",0.0,0.0,0.0,0.0,0.0,,2000.0,2000.0,
"L_uu_workout[4, 43]",0.0,0.0,0.0,0.0,0.0,,2000.0,2000.0,
"L_uu_workout[4, 44]",0.0,0.0,0.0,0.0,0.0,,2000.0,2000.0,
"L_uu_workout[4, 45]",0.0,0.0,0.0,0.0,0.0,,2000.0,2000.0,
"L_uu_workout[4, 46]",0.0,0.0,0.0,0.0,0.0,,2000.0,2000.0,
"L_uu_workout[4, 47]",0.0,0.0,0.0,0.0,0.0,,2000.0,2000.0,
"L_uu_workout[4, 48]",0.0,0.0,0.0,0.0,0.0,,2000.0,2000.0,
"L_uu_workout[4, 49]",0.0,0.0,0.0,0.0,0.0,,2000.0,2000.0,
"L_uu_workout[5, 0]",0.246,0.112,0.09,0.459,0.003,0.003,1230.061,1471.148,1.003
"L_uu_workout[5, 1]",0.015,0.011,0.002,0.034,0.0,0.0,434.662,936.622,1.008
"L_uu_workout[5, 2]",0.009,0.004,0.002,0.018,0.0,0.0,487.985,1129.596,1.006
"L_uu_workout[5, 3]",0.005,0.002,0.002,0.01,0.0,0.0,641.557,1094.354,1.004
"L_uu_workout[5, 4]",0.003,0.001,0.001,0.006,0.0,0.0,808.919,1137.663,1.004
"L_uu_workout[5, 5]",0.004,0.001,0.002,0.007,0.0,0.0,1134.719,1445.087,1.004
"L_uu_workout[5, 6]",0.0,0.0,0.0,0.0,0.0,,2000.0,2000.0,
"L_uu_workout[5, 7]",0.0,0.0,0.0,0.0,0.0,,2000.0,2000.0,
"L_uu_workout[5, 8]",0.0,0.0,0.0,0.0,0.0,,2000.0,2000.0,
"L_uu_workout[5, 9]",0.0,0.0,0.0,0.0,0.0,,2000.0,2000.0,
"L_uu_workout[5, 10]",0.0,0.0,0.0,0.0,0.0,,2000.0,2000.0,
"L_uu_workout[5, 11]",0.0,0.0,0.0,0.0,0.0,,2000.0,2000.0,
"L_uu_workout[5, 12]",0.0,0.0,0.0,0.0,0.0,,2000.0,2000.0,
"L_uu_workout[5, 13]",0.0,0.0,0.0,0.0,0.0,,2000.0,2000.0,
"L_uu_workout[5, 14]",0.0,0.0,0.0,0.0,0.0,,2000.0,2000.0,
"L_uu_workout[5, 15]",0.0,0.0,0.0,0.0,0.0,,2000.0,2000.0,
"L_uu_workout[5, 16]",0.0,0.0,0.0,0.0,0.0,,2000.0,2000.0,
"L_uu_workout[5, 17]",0.0,0.0,0.0,0.0,0.0,,2000.0,2000.0,
"L_uu_workout[5, 18]",0.0,0.0,0.0,0.0,0.0,,2000.0,2000.0,
"L_uu_workout[5, 19]",0.0,0.0,0.0,0.0,0.0,,2000.0,2000.0,
"L_uu_workout[5, 20]",0.0,0.0,0.0,0.0,0.0,,2000.0,2000.0,
"L_uu_workout[5, 21]",0.0,0.0,0.0,0.0,0.0,,2000.0,2000.0,
"L_uu_workout[5, 22]",0.0,0.0,0.0,0.0,0.0,,2000.0,2000.0,
"L_uu_workout[5, 23]",0.0,0.0,0.0,0.0,0.0,,2000.0,2000.0,
"L_uu_workout[5, 24]",0.0,0.0,0.0,0.0,0.0,,2000.0,2000.0,
"L_uu_workout[5, 25]",0.0,0.0,0.0,0.0,0.0,,2000.0,2000.0,
"L_uu_workout[5, 26]",0.0,0.0,0.0,0.0,0.0,,2000.0,2000.0,
"L_uu_workout[5, 27]",0.0,0.0,0.0,0.0,0.0,,2000.0,2000.0,
"L_uu_workout[5, 28]",0.0,0.0,0.0,0.0,0.0,,2000.0,2000.0,
"L_uu_workout[5, 29]",0.0,0.0,0.0,0.0,0.0,,2000.0,2000.0,
"L_uu_workout[5, 30]",0.0,0.0,0.0,0.0,0.0,,2000.0,2000.0,
"L_uu_workout[5, 31]",0.0,0.0,0.0,0.0,0.0,,2000.0,2000.0,
"L_uu_workout[5, 32]",0.0,0.0,0.0,0.0,0.0,,2000.0,2000.0,
"L_uu_workout[5, 33]",0.0,0.0,0.0,0.0,0.0,,2000.0,2000.0,
"L_uu_workout[5, 34]",0.0,0.0,0.0,0.0,0.0,,2000.0,2000.0,
"L_uu_workout[5, 35]",0.0,0.0,0.0,0.0,0.0,,2000.0,2000.0,
"L_uu_workout[5, 36]",0.0,0.0,0.0,0.0,0.0,,2000.0,2000.0,
"L_uu_workout[5, 37]",0.0,0.0,0.0,0.0,0.0,,2000.0,2000.0,
"L_uu_workout[5, 38]",0.0,0.0,0.0,0.0,0.0,,2000.0,2000.0,
"L_uu_workout[5, 39]",0.0,0.0,0.0,0.0,0.0,,2000.0,2000.0,
"L_uu_workout[5, 40]",0.0,0.0,0.0,0.0,0.0,,2000.0,2000.0,
"L_uu_workout[5, 41]",0.0,0.0,0.0,0.0,0.0,,2000.0,2000.0,
"L_uu_workout[5, 42]",0.0,0.0,0.0,0.0,0.0,,2000.0,2000.0,
"L_uu_workout[5, 43]",0.0,0.0,0.0,0.0,0.0,,2000.0,2000.0,
"L_uu_workout[5, 44]",0.0,0.0,0.0,0.0,0.0,,2000.0,2000.0,
"L_uu_workout[5, 45]",0.0,0.0,0.0,0.0,0.0,,2000.0,2000.0,
"L_uu_workout[5, 46]",0.0,0.0,0.0,0.0,0.0,,2000.0,2000.0,
"L_uu_workout[5, 47]",0.0,0.0,0.0,0.0,0.0,,2000.0,2000.0,
"L_uu_workout[5, 48]",0.0,0.0,0.0,0.0,0.0,,2000.0,2000.0,
"L_uu_workout[5, 49]",0.0,0.0,0.0,0.0,0.0,,2000.0,2000.0,
"L_uu_workout[6, 0]",0.245,0.112,0.09,0.458,0.003,0.003,1233.356,1471.148,1.003
"L_uu_workout[6, 1]",0.018,0.013,0.002,0.04,0.001,0.0,432.15,999.052,1.008
"L_uu_workout[6, 2]",0.011,0.005,0.002,0.021,0.0,0.0,484.096,1041.698,1.006
"L_uu_workout[6, 3]",0.006,0.003,0.002,0.012,0.0,0.0,630.657,1106.666,1.004
"L_uu_workout[6, 4]",0.004,0.002,0.002,0.007,0.0,0.0,779.226,1121.067,1.004
"L_uu_workout[6, 5]",0.003,0.001,0.001,0.005,0.0,0.0,870.139,1260.242,1.004
"L_uu_workout[6, 6]",0.004,0.001,0.002,0.006,0.0,0.0,1133.435,1444.862,1.004
"L_uu_workout[6, 7]",0.0,0.0,0.0,0.0,0.0,,2000.0,2000.0,
"L_uu_workout[6, 8]",0.0,0.0,0.0,0.0,0.0,,2000.0,2000.0,
"L_uu_workout[6, 9]",0.0,0.0,0.0,0.0,0.0,,2000.0,2000.0,
"L_uu_workout[6, 10]",0.0,0.0,0.0,0.0,0.0,,2000.0,2000.0,
"L_uu_workout[6, 11]",0.0,0.0,0.0,0.0,0.0,,2000.0,2000.0,
"L_uu_workout[6, 12]",0.0,0.0,0.0,0.0,0.0,,2000.0,2000.0,
"L_uu_workout[6, 13]",0.0,0.0,0.0,0.0,0.0,,2000.0,2000.0,
"L_uu_workout[6, 14]",0.0,0.0,0.0,0.0,0.0,,2000.0,2000.0,
"L_uu_workout[6, 15]",0.0,0.0,0.0,0.0,0.0,,2000.0,2000.0,
"L_uu_workout[6, 16]",0.0,0.0,0.0,0.0,0.0,,2000.0,2000.0,
"L_uu_workout[6, 17]",0.0,0.0,0.0,0.0,0.0,,2000.0,2000.0,
"L_uu_workout[6, 18]",0.0,0.0,0.0,0.0,0.0,,2000.0,2000.0,
"L_uu_workout[6, 19]",0.0,0.0,0.0,0.0,0.0,,2000.0,2000.0,
"L_uu_workout[6, 20]",0.0,0.0,0.0,0.0,0.0,,2000.0,2000.0,
"L_uu_workout[6, 21]",0.0,0.0,0.0,0.0,0.0,,2000.0,2000.0,
"L_uu_workout[6, 22]",0.0,0.0,0.0,0.0,0.0,,2000.0,2000.0,
"L_uu_workout[6, 23]",0.0,0.0,0.0,0.0,0.0,,2000.0,2000.0,
"L_uu_workout[6, 24]",0.0,0.0,0.0,0.0,0.0,,2000.0,2000.0,
"L_uu_workout[6, 25]",0.0,0.0,0.0,0.0,0.0,,2000.0,2000.0,
"L_uu_workout[6, 26]",0.0,0.0,0.0,0.0,0.0,,2000.0,2000.0,
"L_uu_workout[6, 27]",0.0,0.0,0.0,0.0,0.0,,2000.0,2000.0,
"L_uu_workout[6, 28]",0.0,0.0,0.0,0.0,0.0,,2000.0,2000.0,
"L_uu_workout[6, 29]",0.0,0.0,0.0,0.0,0.0,,2000.0,2000.0,
"L_uu_workout[6, 30]",0.0,0.0,0.0,0.0,0.0,,2000.0,2000.0,
"L_uu_workout[6, 31]",0.0,0.0,0.0,0.0,0.0,,2000.0,2000.0,
"L_uu_workout[6, 32]",0.0,0.0,0.0,0.0,0.0,,2000.0,2000.0,
"L_uu_workout[6, 33]",0.0,0.0,0.0,0.0,0.0,,2000.0,2000.0,
"L_uu_workout[6, 34]",0.0,0.0,0.0,0.0,0.0,,2000.0,2000.0,
"L_uu_workout[6, 35]",0.0,0.0,0.0,0.0,0.0,,2000.0,2000.0,
"L_uu_workout[6, 36]",0.0,0.0,0.0,0.0,0.0,,2000.0,2000.0,
"L_uu_workout[6, 37]",0.0,0.0,0.0,0.0,0.0,,2000.0,2000.0,
"L_uu_workout[6, 38]",0.0,0.0,0.0,0.0,0.0,,2000.0,2000.0,
"L_uu_workout[6, 39]",0.0,0.0,0.0,0.0,0.0,,2000.0,2000.0,
"L_uu_workout[6, 40]",0.0,0.0,0.0,0.0,0.0,,2000.0,2000.0,
"L_uu_workout[6, 41]",0.0,0.0,0.0,0.0,0.0,,2000.0,2000.0,
"L_uu_workout[6, 42]",0.0,0.0,0.0,0.0,0.0,,2000.0,2000.0,
"L_uu_workout[6, 43]",0.0,0.0,0.0,0.0,0.0,,2000.0,2000.0,
"L_uu_workout[6, 44]",0.0,0.0,0.0,0.0,0.0,,2000.0,2000.0,
"L_uu_workout[6, 45]",0.0,0.0,0.0,0.0,0.0,,2000.0,2000.0,
"L_uu_workout[6, 46]",0.0,0.0,0.0,0.0,0.0,,2000.0,2000.0,
"L_uu_workout[6, 47]",0.0,0.0,0.0,0.0,0.0,,2000.0,2000.0,
"L_uu_workout[6, 48]",0.0,0.0,0.0,0.0,0.0,,2000.0,2000.0,
"L_uu_workout[6, 49]",0.0,0.0,0.0,0.0,0.0,,2000.0,2000.0,
"L_uu_workout[7, 0]",0.245,0.112,0.089,0.457,0.003,0.003,1237.774,1471.148,1.003
"L_uu_workout[7, 1]",0.021,0.015,0.002,0.046,0.001,0.0,430.455,999.052,1.008
"L_uu_workout[7, 2]",0.013,0.006,0.003,0.025,0.0,0.0,481.51,1042.32,1.006
"L_uu_workout[7, 3]",0.008,0.003,0.003,0.014,0.0,0.0,622.826,1119.687,1.004
"L_uu_workout[7, 4]",0.005,0.002,0.002,0.009,0.0,0.0,759.157,1111.105,1.004
"L_uu_workout[7, 5]",0.003,0.001,0.001,0.006,0.0,0.0,826.036,1166.484,1.004
"L_uu_workout[7, 6]",0.002,0.001,0.001,0.004,0.0,0.0,837.605,1426.296,1.004
"L_uu_workout[7, 7]",0.004,0.001,0.002,0.006,0.0,0.0,1113.685,1444.96,1.004
"L_uu_workout[7, 8]",0.0,0.0,0.0,0.0,0.0,,2000.0,2000.0,
"L_uu_workout[7, 9]",0.0,0.0,0.0,0.0,0.0,,2000.0,2000.0,
"L_uu_workout[7, 10]",0.0,0.0,0.0,0.0,0.0,,2000.0,2000.0,
"L_uu_workout[7, 11]",0.0,0.0,0.0,0.0,0.0,,2000.0,2000.0,
"L_uu_workout[7, 12]",0.0,0.0,0.0,0.0,0.0,,2000.0,2000.0,
"L_uu_workout[7, 13]",0.0,0.0,0.0,0.0,0.0,,2000.0,2000.0,
"L_uu_workout[7, 14]",0.0,0.0,0.0,0.0,0.0,,2000.0,2000.0,
"L_uu_workout[7, 15]",0.0,0.0,0.0,0.0,0.0,,2000.0,2000.0,
"L_uu_workout[7, 16]",0.0,0.0,0.0,0.0,0.0,,2000.0,2000.0,
"L_uu_workout[7, 17]",0.0,0.0,0.0,0.0,0.0,,2000.0,2000.0,
"L_uu_workout[7, 18]",0.0,0.0,0.0,0.0,0.0,,2000.0,2000.0,
"L_uu_workout[7, 19]",0.0,0.0,0.0,0.0,0.0,,2000.0,2000.0,
"L_uu_workout[7, 20]",0.0,0.0,0.0,0.0,0.0,,2000.0,2000.0,
"L_uu_workout[7, 21]",0.0,0.0,0.0,0.0,0.0,,2000.0,2000.0,
"L_uu_workout[7, 22]",0.0,0.0,0.0,0.0,0.0,,2000.0,2000.0,
"L_uu_workout[7, 23]",0.0,0.0,0.0,0.0,0.0,,2000.0,2000.0,
"L_uu_workout[7, 24]",0.0,0.0,0.0,0.0,0.0,,2000.0,2000.0,
"L_uu_workout[7, 25]",0.0,0.0,0.0,0.0,0.0,,2000.0,2000.0,
"L_uu_workout[7, 26]",0.0,0.0,0.0,0.0,0.0,,2000.0,2000.0,
"L_uu_workout[7, 27]",0.0,0.0,0.0,0.0,0.0,,2000.0,2000.0,
"L_uu_workout[7, 28]",0.0,0.0,0.0,0.0,0.0,,2000.0,2000.0,
"L_uu_workout[7, 29]",0.0,0.0,0.0,0.0,0.0,,2000.0,2000.0,
"L_uu_workout[7, 30]",0.0,0.0,0.0,0.0,0.0,,2000.0,2000.0,
"L_uu_workout[7, 31]",0.0,0.0,0.0,0.0,0.0,,2000.0,2000.0,
"L_uu_workout[7, 32]",0.0,0.0,0.0,0.0,0.0,,2000.0,2000.0,
"L_uu_workout[7, 33]",0.0,0.0,0.0,0.0,0.0,,2000.0,2000.0,
"L_uu_workout[7, 34]",0.0,0.0,0.0,0.0,0.0,,2000.0,2000.0,
"L_uu_workout[7, 35]",0.0,0.0,0.0,0.0,0.0,,2000.0,2000.0,
"L_uu_workout[7, 36]",0.0,0.0,0.0,0.0,0.0,,2000.0,2000.0,
"L_uu_workout[7, 37]",0.0,0.0,0.0,0.0,0.0,,2000.0,2000.0,
"L_uu_workout[7, 38]",0.0,0.0,0.0,0.0,0.0,,2000.0,2000.0,
"L_uu_workout[7, 39]",0.0,0.0,0.0,0.0,0.0,,2000.0,2000.0,
"L_uu_workout[7, 40]",0.0,0.0,0.0,0.0,0.0,,2000.0,2000.0,
"L_uu_workout[7, 41]",0.0,0.0,0.0,0.0,0.0,,2000.0,2000.0,
"L_uu_workout[7, 42]",0.0,0.0,0.0,0.0,0.0,,2000.0,2000.0,
"L_uu_workout[7, 43]",0.0,0.0,0.0,0.0,0.0,,2000.0,2000.0,
"L_uu_workout[7, 44]",0.0,0.0,0.0,0.0,0.0,,2000.0,2000.0,
"L_uu_workout[7, 45]",0.0,0.0,0.0,0.0,0.0,,2000.0,2000.0,
"L_uu_workout[7, 46]",0.0,0.0,0.0,0.0,0.0,,2000.0,2000.0,
"L_uu_workout[7, 47]",0.0,0.0,0.0,0.0,0.0,,2000.0,2000.0,
"L_uu_workout[7, 48]",0.0,0.0,0.0,0.0,0.0,,2000.0,2000.0,
"L_uu_workout[7, 49]",0.0,0.0,0.0,0.0,0.0,,2000.0,2000.0,
"L_uu_workout[8, 0]",0.244,0.112,0.089,0.457,0.003,0.003,1242.547,1471.148,1.003
"L_uu_workout[8, 1]",0.024,0.017,0.002,0.053,0.001,0.001,429.192,992.281,1.008
"L_uu_workout[8, 2]",0.015,0.007,0.003,0.029,0.0,0.0,479.964,1031.297,1.006
"L_uu_workout[8, 3]",0.009,0.004,0.003,0.016,0.0,0.0,617.22,1119.687,1.004
"L_uu_workout[8, 4]",0.006,0.002,0.003,0.01,0.0,0.0,741.153,1094.269,1.004
"L_uu_workout[8, 5]",0.004,0.002,0.002,0.007,0.0,0.0,787.584,1138.977,1.004
"L_uu_workout[8, 6]",0.003,0.001,0.001,0.005,0.0,0.0,774.372,1299.419,1.004
"L_uu_workout[8, 7]",0.002,0.001,0.001,0.003,0.0,0.0,761.741,1274.237,1.005
"L_uu_workout[8, 8]",0.004,0.001,0.002,0.006,0.0,0.0,1087.725,1402.585,1.004
"L_uu_workout[8, 9]",0.0,0.0,0.0,0.0,0.0,,2000.0,2000.0,
"L_uu_workout[8, 10]",0.0,0.0,0.0,0.0,0.0,,2000.0,2000.0,
"L_uu_workout[8, 11]",0.0,0.0,0.0,0.0,0.0,,2000.0,2000.0,
"L_uu_workout[8, 12]",0.0,0.0,0.0,0.0,0.0,,2000.0,2000.0,
"L_uu_workout[8, 13]",0.0,0.0,0.0,0.0,0.0,,2000.0,2000.0,
"L_uu_workout[8, 14]",0.0,0.0,0.0,0.0,0.0,,2000.0,2000.0,
"L_uu_workout[8, 15]",0.0,0.0,0.0,0.0,0.0,,2000.0,2000.0,
"L_uu_workout[8, 16]",0.0,0.0,0.0,0.0,0.0,,2000.0,2000.0,
"L_uu_workout[8, 17]",0.0,0.0,0.0,0.0,0.0,,2000.0,2000.0,
"L_uu_workout[8, 18]",0.0,0.0,0.0,0.0,0.0,,2000.0,2000.0,
"L_uu_workout[8, 19]",0.0,0.0,0.0,0.0,0.0,,2000.0,2000.0,
"L_uu_workout[8, 20]",0.0,0.0,0.0,0.0,0.0,,2000.0,2000.0,
"L_uu_workout[8, 21]",0.0,0.0,0.0,0.0,0.0,,2000.0,2000.0,
"L_uu_workout[8, 22]",0.0,0.0,0.0,0.0,0.0,,2000.0,2000.0,
"L_uu_workout[8, 23]",0.0,0.0,0.0,0.0,0.0,,2000.0,2000.0,
"L_uu_workout[8, 24]",0.0,0.0,0.0,0.0,0.0,,2000.0,2000.0,
"L_uu_workout[8, 25]",0.0,0.0,0.0,0.0,0.0,,2000.0,2000.0,
"L_uu_workout[8, 26]",0.0,0.0,0.0,0.0,0.0,,2000.0,2000.0,
"L_uu_workout[8, 27]",0.0,0.0,0.0,0.0,0.0,,2000.0,2000.0,
"L_uu_workout[8, 28]",0.0,0.0,0.0,0.0,0.0,,2000.0,2000.0,
"L_uu_workout[8, 29]",0.0,0.0,0.0,0.0,0.0,,2000.0,2000.0,
"L_uu_workout[8, 30]",0.0,0.0,0.0,0.0,0.0,,2000.0,2000.0,
"L_uu_workout[8, 31]",0.0,0.0,0.0,0.0,0.0,,2000.0,2000.0,
"L_uu_workout[8, 32]",0.0,0.0,0.0,0.0,0.0,,2000.0,2000.0,
"L_uu_workout[8, 33]",0.0,0.0,0.0,0.0,0.0,,2000.0,2000.0,
"L_uu_workout[8, 34]",0.0,0.0,0.0,0.0,0.0,,2000.0,2000.0,
"L_uu_workout[8, 35]",0.0,0.0,0.0,0.0,0.0,,2000.0,2000.0,
"L_uu_workout[8, 36]",0.0,0.0,0.0,0.0,0.0,,2000.0,2000.0,
"L_uu_workout[8, 37]",0.0,0.0,0.0,0.0,0.0,,2000.0,2000.0,
"L_uu_workout[8, 38]",0.0,0.0,0.0,0.0,0.0,,2000.0,2000.0,
"L_uu_workout[8, 39]",0.0,0.0,0.0,0.0,0.0,,2000.0,2000.0,
"L_uu_workout[8, 40]",0.0,0.0,0.0,0.0,0.0,,2000.0,2000.0,
"L_uu_workout[8, 41]",0.0,0.0,0.0,0.0,0.0,,2000.0,2000.0,
"L_uu_workout[8, 42]",0.0,0.0,0.0,0.0,0.0,,2000.0,2000.0,
"L_uu_workout[8, 43]",0.0,0.0,0.0,0.0,0.0,,2000.0,2000.0,
"L_uu_workout[8, 44]",0.0,0.0,0.0,0.0,0.0,,2000.0,2000.0,
"L_uu_workout[8, 45]",0.0,0.0,0.0,0.0,0.0,,2000.0,2000.0,
"L_uu_workout[8, 46]",0.0,0.0,0.0,0.0,0.0,,2000.0,2000.0,
"L_uu_workout[8, 47]",0.0,0.0,0.0,0.0,0.0,,2000.0,2000.0,
"L_uu_workout[8, 48]",0.0,0.0,0.0,0.0,0.0,,2000.0,2000.0,
"L_uu_workout[8, 49]",0.0,0.0,0.0,0.0,0.0,,2000.0,2000.0,
"L_uu_workout[9, 0]",0.244,0.112,0.089,0.456,0.003,0.003,1246.414,1471.148,1.003
"L_uu_workout[9, 1]",0.026,0.018,0.002,0.059,0.001,0.001,428.331,987.869,1.008
"L_uu_workout[9, 2]",0.017,0.008,0.003,0.032,0.0,0.0,478.836,1009.542,1.006
"L_uu_workout[9, 3]",0.01,0.004,0.004,0.019,0.0,0.0,612.645,1119.687,1.004
"L_uu_workout[9, 4]",0.006,0.003,0.003,0.012,0.0,0.0,729.677,1093.049,1.004
"L_uu_workout[9, 5]",0.004,0.002,0.002,0.008,0.0,0.0,757.159,1112.17,1.004
"L_uu_workout[9, 6]",0.003,0.001,0.001,0.006,0.0,0.0,731.363,1270.36,1.005
"L_uu_workout[9, 7]",0.002,0.001,0.001,0.004,0.0,0.0,701.527,1205.141,1.005
"L_uu_workout[9, 8]",0.002,0.001,0.001,0.003,0.0,0.0,690.622,1253.899,1.006
"L_uu_workout[9, 9]",0.003,0.001,0.002,0.006,0.0,0.0,1054.722,1402.807,1.004
"L_uu_workout[9, 10]",0.0,0.0,0.0,0.0,0.0,,2000.0,2000.0,
"L_uu_workout[9, 11]",0.0,0.0,0.0,0.0,0.0,,2000.0,2000.0,
"L_uu_workout[9, 12]",0.0,0.0,0.0,0.0,0.0,,2000.0,2000.0,
"L_uu_workout[9, 13]",0.0,0.0,0.0,0.0,0.0,,2000.0,2000.0,
"L_uu_workout[9, 14]",0.0,0.0,0.0,0.0,0.0,,2000.0,2000.0,
"L_uu_workout[9, 15]",0.0,0.0,0.0,0.0,0.0,,2000.0,2000.0,
"L_uu_workout[9, 16]",0.0,0.0,0.0,0.0,0.0,,2000.0,2000.0,
"L_uu_workout[9, 17]",0.0,0.0,0.0,0.0,0.0,,2000.0,2000.0,
"L_uu_workout[9, 18]",0.0,0.0,0.0,0.0,0.0,,2000.0,2000.0,
"L_uu_workout[9, 19]",0.0,0.0,0.0,0.0,0.0,,2000.0,2000.0,
"L_uu_workout[9, 20]",0.0,0.0,0.0,0.0,0.0,,2000.0,2000.0,
"L_uu_workout[9, 21]",0.0,0.0,0.0,0.0,0.0,,2000.0,2000.0,
"L_uu_workout[9, 22]",0.0,0.0,0.0,0.0,0.0,,2000.0,2000.0,
"L_uu_workout[9, 23]",0.0,0.0,0.0,0.0,0.0,,2000.0,2000.0,
"L_uu_workout[9, 24]",0.0,0.0,0.0,0.0,0.0,,2000.0,2000.0,
"L_uu_workout[9, 25]",0.0,0.0,0.0,0.0,0.0,,2000.0,2000.0,
"L_uu_workout[9, 26]",0.0,0.0,0.0,0.0,0.0,,2000.0,2000.0,
"L_uu_workout[9, 27]",0.0,0.0,0.0,0.0,0.0,,2000.0,2000.0,
"L_uu_workout[9, 28]",0.0,0.0,0.0,0.0,0.0,,2000.0,2000.0,
"L_uu_workout[9, 29]",0.0,0.0,0.0,0.0,0.0,,2000.0,2000.0,
"L_uu_workout[9, 30]",0.0,0.0,0.0,0.0,0.0,,2000.0,2000.0,
"L_uu_workout[9, 31]",0.0,0.0,0.0,0.0,0.0,,2000.0,2000.0,
"L_uu_workout[9, 32]",0.0,0.0,0.0,0.0,0.0,,2000.0,2000.0,
"L_uu_workout[9, 33]",0.0,0.0,0.0,0.0,0.0,,2000.0,2000.0,
"L_uu_workout[9, 34]",0.0,0.0,0.0,0.0,0.0,,2000.0,2000.0,
"L_uu_workout[9, 35]",0.0,0.0,0.0,0.0,0.0,,2000.0,2000.0,
"L_uu_workout[9, 36]",0.0,0.0,0.0,0.0,0.0,,2000.0,2000.0,
"L_uu_workout[9, 37]",0.0,0.0,0.0,0.0,0.0,,2000.0,2000.0,
"L_uu_workout[9, 38]",0.0,0.0,0.0,0.0,0.0,,2000.0,2000.0,
"L_uu_workout[9, 39]",0.0,0.0,0.0,0.0,0.0,,2000.0,2000.0,
"L_uu_workout[9, 40]",0.0,0.0,0.0,0.0,0.0,,2000.0,2000.0,
"L_uu_workout[9, 41]",0.0,0.0,0.0,0.0,0.0,,2000.0,2000.0,
"L_uu_workout[9, 42]",0.0,0.0,0.0,0.0,0.0,,2000.0,2000.0,
"L_uu_workout[9, 43]",0.0,0.0,0.0,0.0,0.0,,2000.0,2000.0,
"L_uu_workout[9, 44]",0.0,0.0,0.0,0.0,0.0,,2000.0,2000.0,
"L_uu_workout[9, 45]",0.0,0.0,0.0,0.0,0.0,,2000.0,2000.0,
"L_uu_workout[9, 46]",0.0,0.0,0.0,0.0,0.0,,2000.0,2000.0,
"L_uu_workout[9, 47]",0.0,0.0,0.0,0.0,0.0,,2000.0,2000.0,
"L_uu_workout[9, 48]",0.0,0.0,0.0,0.0,0.0,,2000.0,2000.0,
"L_uu_workout[9, 49]",0.0,0.0,0.0,0.0,0.0,,2000.0,2000.0,
"L_uu_workout[10, 0]",0.243,0.112,0.096,0.463,0.003,0.003,1251.675,1471.103,1.003
"L_uu_workout[10, 1]",0.029,0.02,0.002,0.065,0.001,0.001,427.921,978.048,1.008
"L_uu_workout[10, 2]",0.019,0.009,0.004,0.036,0.0,0.0,478.184,988.256,1.006
"L_uu_workout[10, 3]",0.011,0.005,0.004,0.021,0.0,0.0,609.691,1119.687,1.004
"L_uu_workout[10, 4]",0.007,0.003,0.003,0.013,0.0,0.0,716.94,1133.285,1.004
"L_uu_workout[10, 5]",0.005,0.002,0.002,0.009,0.0,0.0,732.814,1086.385,1.005
"L_uu_workout[10, 6]",0.004,0.002,0.002,0.007,0.0,0.0,699.181,1239.284,1.005
"L_uu_workout[10, 7]",0.003,0.001,0.001,0.005,0.0,0.0,661.758,1250.411,1.006
"L_uu_workout[10, 8]",0.002,0.001,0.001,0.004,0.0,0.0,638.156,1113.976,1.006
"L_uu_workout[10, 9]",0.002,0.001,0.001,0.003,0.0,0.0,635.512,1235.63,1.006
"L_uu_workout[10, 10]",0.003,0.001,0.002,0.006,0.0,0.0,1032.668,1414.949,1.004
"L_uu_workout[10, 11]",0.0,0.0,0.0,0.0,0.0,,2000.0,2000.0,
"L_uu_workout[10, 12]",0.0,0.0,0.0,0.0,0.0,,2000.0,2000.0,
"L_uu_workout[10, 13]",0.0,0.0,0.0,0.0,0.0,,2000.0,2000.0,
"L_uu_workout[10, 14]",0.0,0.0,0.0,0.0,0.0,,2000.0,2000.0,
"L_uu_workout[10, 15]",0.0,0.0,0.0,0.0,0.0,,2000.0,2000.0,
"L_uu_workout[10, 16]",0.0,0.0,0.0,0.0,0.0,,2000.0,2000.0,
"L_uu_workout[10, 17]",0.0,0.0,0.0,0.0,0.0,,2000.0,2000.0,
"L_uu_workout[10, 18]",0.0,0.0,0.0,0.0,0.0,,2000.0,2000.0,
"L_uu_workout[10, 19]",0.0,0.0,0.0,0.0,0.0,,2000.0,2000.0,
"L_uu_workout[10, 20]",0.0,0.0,0.0,0.0,0.0,,2000.0,2000.0,
"L_uu_workout[10, 21]",0.0,0.0,0.0,0.0,0.0,,2000.0,2000.0,
"L_uu_workout[10, 22]",0.0,0.0,0.0,0.0,0.0,,2000.0,2000.0,
"L_uu_workout[10, 23]",0.0,0.0,0.0,0.0,0.0,,2000.0,2000.0,
"L_uu_workout[10, 24]",0.0,0.0,0.0,0.0,0.0,,2000.0,2000.0,
"L_uu_workout[10, 25]",0.0,0.0,0.0,0.0,0.0,,2000.0,2000.0,
"L_uu_workout[10, 26]",0.0,0.0,0.0,0.0,0.0,,2000.0,2000.0,
"L_uu_workout[10, 27]",0.0,0.0,0.0,0.0,0.0,,2000.0,2000.0,
"L_uu_workout[10, 28]",0.0,0.0,0.0,0.0,0.0,,2000.0,2000.0,
"L_uu_workout[10, 29]",0.0,0.0,0.0,0.0,0.0,,2000.0,2000.0,
"L_uu_workout[10, 30]",0.0,0.0,0.0,0.0,0.0,,2000.0,2000.0,
"L_uu_workout[10, 31]",0.0,0.0,0.0,0.0,0.0,,2000.0,2000.0,
"L_uu_workout[10, 32]",0.0,0.0,0.0,0.0,0.0,,2000.0,2000.0,
"L_uu_workout[10, 33]",0.0,0.0,0.0,0.0,0.0,,2000.0,2000.0,
"L_uu_workout[10, 34]",0.0,0.0,0.0,0.0,0.0,,2000.0,2000.0,
"L_uu_workout[10, 35]",0.0,0.0,0.0,0.0,0.0,,2000.0,2000.0,
"L_uu_workout[10, 36]",0.0,0.0,0.0,0.0,0.0,,2000.0,2000.0,
"L_uu_workout[10, 37]",0.0,0.0,0.0,0.0,0.0,,2000.0,2000.0,
"L_uu_workout[10, 38]",0.0,0.0,0.0,0.0,0.0,,2000.0,2000.0,
"L_uu_workout[10, 39]",0.0,0.0,0.0,0.0,0.0,,2000.0,2000.0,
"L_uu_workout[10, 40]",0.0,0.0,0.0,0.0,0.0,,2000.0,2000.0,
"L_uu_workout[10, 41]",0.0,0.0,0.0,0.0,0.0,,2000.0,2000.0,
"L_uu_workout[10, 42]",0.0,0.0,0.0,0.0,0.0,,2000.0,2000.0,
"L_uu_workout[10, 43]",0.0,0.0,0.0,0.0,0.0,,2000.0,2000.0,
"L_uu_workout[10, 44]",0.0,0.0,0.0,0.0,0.0,,2000.0,2000.0,
"L_uu_workout[10, 45]",0.0,0.0,0.0,0.0,0.0,,2000.0,2000.0,
"L_uu_workout[10, 46]",0.0,0.0,0.0,0.0,0.0,,2000.0,2000.0,
"L_uu_workout[10, 47]",0.0,0.0,0.0,0.0,0.0,,2000.0,2000.0,
"L_uu_workout[10, 48]",0.0,0.0,0.0,0.0,0.0,,2000.0,2000.0,
"L_uu_workout[10, 49]",0.0,0.0,0.0,0.0,0.0,,2000.0,2000.0,
"L_uu_workout[11, 0]",0.242,0.112,0.096,0.461,0.003,0.003,1257.279,1471.103,1.003
"L_uu_workout[11, 1]",0.032,0.022,0.003,0.071,0.001,0.001,427.468,978.048,1.008
"L_uu_workout[11, 2]",0.02,0.01,0.004,0.039,0.0,0.0,477.907,988.256,1.006
"L_uu_workout[11, 3]",0.012,0.005,0.005,0.023,0.0,0.0,607.685,1119.687,1.004
"L_uu_workout[11, 4]",0.008,0.003,0.003,0.015,0.0,0.0,706.885,1105.482,1.005
"L_uu_workout[11, 5]",0.006,0.002,0.002,0.01,0.0,0.0,712.793,1086.158,1.005
"L_uu_workout[11, 6]",0.004,0.002,0.002,0.008,0.0,0.0,676.121,1224.119,1.006
"L_uu_workout[11, 7]",0.003,0.002,0.001,0.006,0.0,0.0,633.899,1169.739,1.007
"L_uu_workout[11, 8]",0.003,0.001,0.001,0.005,0.0,0.0,606.485,1114.198,1.007
"L_uu_workout[11, 9]",0.002,0.001,0.001,0.004,0.0,0.0,593.346,1024.298,1.007
"L_uu_workout[11, 10]",0.002,0.001,0.001,0.003,0.0,0.0,595.547,1220.611,1.007
"L_uu_workout[11, 11]",0.003,0.001,0.002,0.006,0.0,0.0,1017.181,1458.462,1.004
"L_uu_workout[11, 12]",0.0,0.0,0.0,0.0,0.0,,2000.0,2000.0,
"L_uu_workout[11, 13]",0.0,0.0,0.0,0.0,0.0,,2000.0,2000.0,
"L_uu_workout[11, 14]",0.0,0.0,0.0,0.0,0.0,,2000.0,2000.0,
"L_uu_workout[11, 15]",0.0,0.0,0.0,0.0,0.0,,2000.0,2000.0,
"L_uu_workout[11, 16]",0.0,0.0,0.0,0.0,0.0,,2000.0,2000.0,
"L_uu_workout[11, 17]",0.0,0.0,0.0,0.0,0.0,,2000.0,2000.0,
"L_uu_workout[11, 18]",0.0,0.0,0.0,0.0,0.0,,2000.0,2000.0,
"L_uu_workout[11, 19]",0.0,0.0,0.0,0.0,0.0,,2000.0,2000.0,
"L_uu_workout[11, 20]",0.0,0.0,0.0,0.0,0.0,,2000.0,2000.0,
"L_uu_workout[11, 21]",0.0,0.0,0.0,0.0,0.0,,2000.0,2000.0,
"L_uu_workout[11, 22]",0.0,0.0,0.0,0.0,0.0,,2000.0,2000.0,
"L_uu_workout[11, 23]",0.0,0.0,0.0,0.0,0.0,,2000.0,2000.0,
"L_uu_workout[11, 24]",0.0,0.0,0.0,0.0,0.0,,2000.0,2000.0,
"L_uu_workout[11, 25]",0.0,0.0,0.0,0.0,0.0,,2000.0,2000.0,
"L_uu_workout[11, 26]",0.0,0.0,0.0,0.0,0.0,,2000.0,2000.0,
"L_uu_workout[11, 27]",0.0,0.0,0.0,0.0,0.0,,2000.0,2000.0,
"L_uu_workout[11, 28]",0.0,0.0,0.0,0.0,0.0,,2000.0,2000.0,
"L_uu_workout[11, 29]",0.0,0.0,0.0,0.0,0.0,,2000.0,2000.0,
"L_uu_workout[11, 30]",0.0,0.0,0.0,0.0,0.0,,2000.0,2000.0,
"L_uu_workout[11, 31]",0.0,0.0,0.0,0.0,0.0,,2000.0,2000.0,
"L_uu_workout[11, 32]",0.0,0.0,0.0,0.0,0.0,,2000.0,2000.0,
"L_uu_workout[11, 33]",0.0,0.0,0.0,0.0,0.0,,2000.0,2000.0,
"L_uu_workout[11, 34]",0.0,0.0,0.0,0.0,0.0,,2000.0,2000.0,
"L_uu_workout[11, 35]",0.0,0.0,0.0,0.0,0.0,,2000.0,2000.0,
"L_uu_workout[11, 36]",0.0,0.0,0.0,0.0,0.0,,2000.0,2000.0,
"L_uu_workout[11, 37]",0.0,0.0,0.0,0.0,0.0,,2000.0,2000.0,
"L_uu_workout[11, 38]",0.0,0.0,0.0,0.0,0.0,,2000.0,2000.0,
"L_uu_workout[11, 39]",0.0,0.0,0.0,0.0,0.0,,2000.0,2000.0,
"L_uu_workout[11, 40]",0.0,0.0,0.0,0.0,0.0,,2000.0,2000.0,
"L_uu_workout[11, 41]",0.0,0.0,0.0,0.0,0.0,,2000.0,2000.0,
"L_uu_workout[11, 42]",0.0,0.0,0.0,0.0,0.0,,2000.0,2000.0,
"L_uu_workout[11, 43]",0.0,0.0,0.0,0.0,0.0,,2000.0,2000.0,
"L_uu_workout[11, 44]",0.0,0.0,0.0,0.0,0.0,,2000.0,2000.0,
"L_uu_workout[11, 45]",0.0,0.0,0.0,0.0,0.0,,2000.0,2000.0,
"L_uu_workout[11, 46]",0.0,0.0,0.0,0.0,0.0,,2000.0,2000.0,
"L_uu_workout[11, 47]",0.0,0.0,0.0,0.0,0.0,,2000.0,2000.0,
"L_uu_workout[11, 48]",0.0,0.0,0.0,0.0,0.0,,2000.0,2000.0,
"L_uu_workout[11, 49]",0.0,0.0,0.0,0.0,0.0,,2000.0,2000.0,
"L_uu_workout[12, 0]",0.241,0.112,0.096,0.461,0.003,0.003,1262.957,1471.103,1.003
"L_uu_workout[12, 1]",0.034,0.024,0.002,0.076,0.001,0.001,427.297,978.048,1.007
"L_uu_workout[12, 2]",0.022,0.011,0.004,0.043,0.0,0.0,478.272,978.048,1.006
"L_uu_workout[12, 3]",0.014,0.006,0.005,0.025,0.0,0.0,606.1,1119.687,1.004
"L_uu_workout[12, 4]",0.009,0.004,0.004,0.016,0.0,0.0,698.449,1108.885,1.005
"L_uu_workout[12, 5]",0.006,0.003,0.003,0.012,0.0,0.0,696.493,1086.158,1.005
"L_uu_workout[12, 6]",0.005,0.002,0.002,0.009,0.0,0.0,654.828,1193.164,1.006
"L_uu_workout[12, 7]",0.004,0.002,0.001,0.007,0.0,0.0,611.4,1208.32,1.007
"L_uu_workout[12, 8]",0.003,0.002,0.001,0.006,0.0,0.0,582.763,1056.382,1.007
"L_uu_workout[12, 9]",0.002,0.001,0.001,0.005,0.0,0.0,565.213,1012.749,1.008
"L_uu_workout[12, 10]",0.002,0.001,0.001,0.004,0.0,0.0,560.431,1062.156,1.008
"L_uu_workout[12, 11]",0.002,0.001,0.001,0.003,0.0,0.0,568.409,1094.074,1.007
"L_uu_workout[12, 12]",0.003,0.001,0.002,0.006,0.0,0.0,1006.864,1412.548,1.004
"L_uu_workout[12, 13]",0.0,0.0,0.0,0.0,0.0,,2000.0,2000.0,
"L_uu_workout[12, 14]",0.0,0.0,0.0,0.0,0.0,,2000.0,2000.0,
"L_uu_workout[12, 15]",0.0,0.0,0.0,0.0,0.0,,2000.0,2000.0,
"L_uu_workout[12, 16]",0.0,0.0,0.0,0.0,0.0,,2000.0,2000.0,
"L_uu_workout[12, 17]",0.0,0.0,0.0,0.0,0.0,,2000.0,2000.0,
"L_uu_workout[12, 18]",0.0,0.0,0.0,0.0,0.0,,2000.0,2000.0,
"L_uu_workout[12, 19]",0.0,0.0,0.0,0.0,0.0,,2000.0,2000.0,
"L_uu_workout[12, 20]",0.0,0.0,0.0,0.0,0.0,,2000.0,2000.0,
"L_uu_workout[12, 21]",0.0,0.0,0.0,0.0,0.0,,2000.0,2000.0,
"L_uu_workout[12, 22]",0.0,0.0,0.0,0.0,0.0,,2000.0,2000.0,
"L_uu_workout[12, 23]",0.0,0.0,0.0,0.0,0.0,,2000.0,2000.0,
"L_uu_workout[12, 24]",0.0,0.0,0.0,0.0,0.0,,2000.0,2000.0,
"L_uu_workout[12, 25]",0.0,0.0,0.0,0.0,0.0,,2000.0,2000.0,
"L_uu_workout[12, 26]",0.0,0.0,0.0,0.0,0.0,,2000.0,2000.0,
"L_uu_workout[12, 27]",0.0,0.0,0.0,0.0,0.0,,2000.0,2000.0,
"L_uu_workout[12, 28]",0.0,0.0,0.0,0.0,0.0,,2000.0,2000.0,
"L_uu_workout[12, 29]",0.0,0.0,0.0,0.0,0.0,,2000.0,2000.0,
"L_uu_workout[12, 30]",0.0,0.0,0.0,0.0,0.0,,2000.0,2000.0,
"L_uu_workout[12, 31]",0.0,0.0,0.0,0.0,0.0,,2000.0,2000.0,
"L_uu_workout[12, 32]",0.0,0.0,0.0,0.0,0.0,,2000.0,2000.0,
"L_uu_workout[12, 33]",0.0,0.0,0.0,0.0,0.0,,2000.0,2000.0,
"L_uu_workout[12, 34]",0.0,0.0,0.0,0.0,0.0,,2000.0,2000.0,
"L_uu_workout[12, 35]",0.0,0.0,0.0,0.0,0.0,,2000.0,2000.0,
"L_uu_workout[12, 36]",0.0,0.0,0.0,0.0,0.0,,2000.0,2000.0,
"L_uu_workout[12, 37]",0.0,0.0,0.0,0.0,0.0,,2000.0,2000.0,
"L_uu_workout[12, 38]",0.0,0.0,0.0,0.0,0.0,,2000.0,2000.0,
"L_uu_workout[12, 39]",0.0,0.0,0.0,0.0,0.0,,2000.0,2000.0,
"L_uu_workout[12, 40]",0.0,0.0,0.0,0.0,0.0,,2000.0,2000.0,
"L_uu_workout[12, 41]",0.0,0.0,0.0,0.0,0.0,,2000.0,2000.0,
"L_uu_workout[12, 42]",0.0,0.0,0.0,0.0,0.0,,2000.0,2000.0,
"L_uu_workout[12, 43]",0.0,0.0,0.0,0.0,0.0,,2000.0,2000.0,
"L_uu_workout[12, 44]",0.0,0.0,0.0,0.0,0.0,,2000.0,2000.0,
"L_uu_workout[12, 45]",0.0,0.0,0.0,0.0,0.0,,2000.0,2000.0,
"L_uu_workout[12, 46]",0.0,0.0,0.0,0.0,0.0,,2000.0,2000.0,
"L_uu_workout[12, 47]",0.0,0.0,0.0,0.0,0.0,,2000.0,2000.0,
"L_uu_workout[12, 48]",0.0,0.0,0.0,0.0,0.0,,2000.0,2000.0,
"L_uu_workout[12, 49]",0.0,0.0,0.0,0.0,0.0,,2000.0,2000.0,
"L_uu_workout[13, 0]",0.24,0.111,0.096,0.459,0.003,0.003,1268.235,1457.295,1.003
"L_uu_workout[13, 1]",0.037,0.026,0.002,0.081,0.001,0.001,426.794,889.927,1.007
"L_uu_workout[13, 2]",0.024,0.012,0.005,0.046,0.001,0.0,478.45,978.048,1.006
"L_uu_workout[13, 3]",0.015,0.006,0.005,0.027,0.0,0.0,604.566,1146.341,1.004
"L_uu_workout[13, 4]",0.01,0.004,0.004,0.018,0.0,0.0,690.421,1123.237,1.005
"L_uu_workout[13, 5]",0.007,0.003,0.003,0.013,0.0,0.0,683.149,1111.93,1.005
"L_uu_workout[13, 6]",0.005,0.003,0.002,0.01,0.0,0.0,638.612,1209.44,1.006
"L_uu_workout[13, 7]",0.004,0.002,0.002,0.008,0.0,0.0,594.615,1174.155,1.007
"L_uu_workout[13, 8]",0.003,0.002,0.001,0.007,0.0,0.0,565.033,1056.624,1.008
"L_uu_workout[13, 9]",0.003,0.002,0.001,0.006,0.0,0.0,545.568,985.749,1.008
"L_uu_workout[13, 10]",0.002,0.001,0.001,0.004,0.0,0.0,538.036,1016.828,1.008
"L_uu_workout[13, 11]",0.002,0.001,0.001,0.004,0.0,0.0,537.485,1061.931,1.008
"L_uu_workout[13, 12]",0.001,0.001,0.001,0.003,0.0,0.0,550.752,1172.164,1.007
"L_uu_workout[13, 13]",0.003,0.001,0.002,0.006,0.0,0.0,1007.393,1391.343,1.004
"L_uu_workout[13, 14]",0.0,0.0,0.0,0.0,0.0,,2000.0,2000.0,
"L_uu_workout[13, 15]",0.0,0.0,0.0,0.0,0.0,,2000.0,2000.0,
"L_uu_workout[13, 16]",0.0,0.0,0.0,0.0,0.0,,2000.0,2000.0,
"L_uu_workout[13, 17]",0.0,0.0,0.0,0.0,0.0,,2000.0,2000.0,
"L_uu_workout[13, 18]",0.0,0.0,0.0,0.0,0.0,,2000.0,2000.0,
"L_uu_workout[13, 19]",0.0,0.0,0.0,0.0,0.0,,2000.0,2000.0,
"L_uu_workout[13, 20]",0.0,0.0,0.0,0.0,0.0,,2000.0,2000.0,
"L_uu_workout[13, 21]",0.0,0.0,0.0,0.0,0.0,,2000.0,2000.0,
"L_uu_workout[13, 22]",0.0,0.0,0.0,0.0,0.0,,2000.0,2000.0,
"L_uu_workout[13, 23]",0.0,0.0,0.0,0.0,0.0,,2000.0,2000.0,
"L_uu_workout[13, 24]",0.0,0.0,0.0,0.0,0.0,,2000.0,2000.0,
"L_uu_workout[13, 25]",0.0,0.0,0.0,0.0,0.0,,2000.0,2000.0,
"L_uu_workout[13, 26]",0.0,0.0,0.0,0.0,0.0,,2000.0,2000.0,
"L_uu_workout[13, 27]",0.0,0.0,0.0,0.0,0.0,,2000.0,2000.0,
"L_uu_workout[13, 28]",0.0,0.0,0.0,0.0,0.0,,2000.0,2000.0,
"L_uu_workout[13, 29]",0.0,0.0,0.0,0.0,0.0,,2000.0,2000.0,
"L_uu_workout[13, 30]",0.0,0.0,0.0,0.0,0.0,,2000.0,2000.0,
"L_uu_workout[13, 31]",0.0,0.0,0.0,0.0,0.0,,2000.0,2000.0,
"L_uu_workout[13, 32]",0.0,0.0,0.0,0.0,0.0,,2000.0,2000.0,
"L_uu_workout[13, 33]",0.0,0.0,0.0,0.0,0.0,,2000.0,2000.0,
"L_uu_workout[13, 34]",0.0,0.0,0.0,0.0,0.0,,2000.0,2000.0,
"L_uu_workout[13, 35]",0.0,0.0,0.0,0.0,0.0,,2000.0,2000.0,
"L_uu_workout[13, 36]",0.0,0.0,0.0,0.0,0.0,,2000.0,2000.0,
"L_uu_workout[13, 37]",0.0,0.0,0.0,0.0,0.0,,2000.0,2000.0,
"L_uu_workout[13, 38]",0.0,0.0,0.0,0.0,0.0,,2000.0,2000.0,
"L_uu_workout[13, 39]",0.0,0.0,0.0,0.0,0.0,,2000.0,2000.0,
"L_uu_workout[13, 40]",0.0,0.0,0.0,0.0,0.0,,2000.0,2000.0,
"L_uu_workout[13, 41]",0.0,0.0,0.0,0.0,0.0,,2000.0,2000.0,
"L_uu_workout[13, 42]",0.0,0.0,0.0,0.0,0.0,,2000.0,2000.0,
"L_uu_workout[13, 43]",0.0,0.0,0.0,0.0,0.0,,2000.0,2000.0,
"L_uu_workout[13, 44]",0.0,0.0,0.0,0.0,0.0,,2000.0,2000.0,
"L_uu_workout[13, 45]",0.0,0.0,0.0,0.0,0.0,,2000.0,2000.0,
"L_uu_workout[13, 46]",0.0,0.0,0.0,0.0,0.0,,2000.0,2000.0,
"L_uu_workout[13, 47]",0.0,0.0,0.0,0.0,0.0,,2000.0,2000.0,
"L_uu_workout[13, 48]",0.0,0.0,0.0,0.0,0.0,,2000.0,2000.0,
"L_uu_workout[13, 49]",0.0,0.0,0.0,0.0,0.0,,2000.0,2000.0,
"L_uu_workout[14, 0]",0.239,0.111,0.094,0.457,0.003,0.003,1273.639,1457.295,1.003
"L_uu_workout[14, 1]",0.039,0.027,0.003,0.087,0.001,0.001,426.478,950.066,1.007
"L_uu_workout[14, 2]",0.026,0.012,0.005,0.05,0.001,0.0,479.185,978.048,1.006
"L_uu_workout[14, 3]",0.016,0.007,0.006,0.03,0.0,0.0,604.067,1146.341,1.004
"L_uu_workout[14, 4]",0.011,0.005,0.004,0.019,0.0,0.0,683.268,1123.237,1.005
"L_uu_workout[14, 5]",0.008,0.004,0.003,0.014,0.0,0.0,671.142,1111.93,1.005
"L_uu_workout[14, 6]",0.006,0.003,0.002,0.011,0.0,0.0,624.865,1225.436,1.007
"L_uu_workout[14, 7]",0.005,0.003,0.002,0.009,0.0,0.0,580.837,1135.023,1.008
"L_uu_workout[14, 8]",0.004,0.002,0.001,0.008,0.0,0.0,550.849,1118.903,1.008
"L_uu_workout[14, 9]",0.003,0.002,0.001,0.007,0.0,0.0,533.013,988.029,1.008
"L_uu_workout[14, 10]",0.003,0.001,0.001,0.005,0.0,0.0,522.033,998.151,1.008
"L_uu_workout[14, 11]",0.002,0.001,0.001,0.004,0.0,0.0,519.366,1049.958,1.008
"L_uu_workout[14, 12]",0.002,0.001,0.001,0.003,0.0,0.0,523.412,1040.253,1.008
"L_uu_workout[14, 13]",0.001,0.001,0.0,0.003,0.0,0.0,538.68,1140.01,1.007
"L_uu_workout[14, 14]",0.003,0.001,0.002,0.006,0.0,0.0,1010.594,1391.343,1.004
"L_uu_workout[14, 15]",0.0,0.0,0.0,0.0,0.0,,2000.0,2000.0,
"L_uu_workout[14, 16]",0.0,0.0,0.0,0.0,0.0,,2000.0,2000.0,
"L_uu_workout[14, 17]",0.0,0.0,0.0,0.0,0.0,,2000.0,2000.0,
"L_uu_workout[14, 18]",0.0,0.0,0.0,0.0,0.0,,2000.0,2000.0,
"L_uu_workout[14, 19]",0.0,0.0,0.0,0.0,0.0,,2000.0,2000.0,
"L_uu_workout[14, 20]",0.0,0.0,0.0,0.0,0.0,,2000.0,2000.0,
"L_uu_workout[14, 21]",0.0,0.0,0.0,0.0,0.0,,2000.0,2000.0,
"L_uu_workout[14, 22]",0.0,0.0,0.0,0.0,0.0,,2000.0,2000.0,
"L_uu_workout[14, 23]",0.0,0.0,0.0,0.0,0.0,,2000.0,2000.0,
"L_uu_workout[14, 24]",0.0,0.0,0.0,0.0,0.0,,2000.0,2000.0,
"L_uu_workout[14, 25]",0.0,0.0,0.0,0.0,0.0,,2000.0,2000.0,
"L_uu_workout[14, 26]",0.0,0.0,0.0,0.0,0.0,,2000.0,2000.0,
"L_uu_workout[14, 27]",0.0,0.0,0.0,0.0,0.0,,2000.0,2000.0,
"L_uu_workout[14, 28]",0.0,0.0,0.0,0.0,0.0,,2000.0,2000.0,
"L_uu_workout[14, 29]",0.0,0.0,0.0,0.0,0.0,,2000.0,2000.0,
"L_uu_workout[14, 30]",0.0,0.0,0.0,0.0,0.0,,2000.0,2000.0,
"L_uu_workout[14, 31]",0.0,0.0,0.0,0.0,0.0,,2000.0,2000.0,
"L_uu_workout[14, 32]",0.0,0.0,0.0,0.0,0.0,,2000.0,2000.0,
"L_uu_workout[14, 33]",0.0,0.0,0.0,0.0,0.0,,2000.0,2000.0,
"L_uu_workout[14, 34]",0.0,0.0,0.0,0.0,0.0,,2000.0,2000.0,
"L_uu_workout[14, 35]",0.0,0.0,0.0,0.0,0.0,,2000.0,2000.0,
"L_uu_workout[14, 36]",0.0,0.0,0.0,0.0,0.0,,2000.0,2000.0,
"L_uu_workout[14, 37]",0.0,0.0,0.0,0.0,0.0,,2000.0,2000.0,
"L_uu_workout[14, 38]",0.0,0.0,0.0,0.0,0.0,,2000.0,2000.0,
"L_uu_workout[14, 39]",0.0,0.0,0.0,0.0,0.0,,2000.0,2000.0,
"L_uu_workout[14, 40]",0.0,0.0,0.0,0.0,0.0,,2000.0,2000.0,
"L_uu_workout[14, 41]",0.0,0.0,0.0,0.0,0.0,,2000.0,2000.0,
"L_uu_workout[14, 42]",0.0,0.0,0.0,0.0,0.0,,2000.0,2000.0,
"L_uu_workout[14, 43]",0.0,0.0,0.0,0.0,0.0,,2000.0,2000.0,
"L_uu_workout[14, 44]",0.0,0.0,0.0,0.0,0.0,,2000.0,2000.0,
"L_uu_workout[14, 45]",0.0,0.0,0.0,0.0,0.0,,2000.0,2000.0,
"L_uu_workout[14, 46]",0.0,0.0,0.0,0.0,0.0,,2000.0,2000.0,
"L_uu_workout[14, 47]",0.0,0.0,0.0,0.0,0.0,,2000.0,2000.0,
"L_uu_workout[14, 48]",0.0,0.0,0.0,0.0,0.0,,2000.0,2000.0,
"L_uu_workout[14, 49]",0.0,0.0,0.0,0.0,0.0,,2000.0,2000.0,
"L_uu_workout[15, 0]",0.238,0.111,0.093,0.456,0.003,0.003,1278.05,1457.295,1.003
"L_uu_workout[15, 1]",0.042,0.029,0.002,0.091,0.001,0.001,426.42,922.439,1.007
"L_uu_workout[15, 2]",0.028,0.013,0.006,0.053,0.001,0.0,480.091,978.048,1.006
"L_uu_workout[15, 3]",0.017,0.007,0.006,0.031,0.0,0.0,604.332,1146.341,1.004
"L_uu_workout[15, 4]",0.011,0.005,0.005,0.021,0.0,0.0,678.974,1123.237,1.005
"L_uu_workout[15, 5]",0.008,0.004,0.003,0.016,0.0,0.0,661.305,1138.25,1.006
"L_uu_workout[15, 6]",0.006,0.004,0.002,0.012,0.0,0.0,613.095,1215.339,1.007
"L_uu_workout[15, 7]",0.005,0.003,0.002,0.011,0.0,0.0,569.225,1108.492,1.008
"L_uu_workout[15, 8]",0.004,0.003,0.001,0.009,0.0,0.0,540.153,1094.225,1.008
"L_uu_workout[15, 9]",0.004,0.002,0.001,0.008,0.0,0.0,522.097,998.932,1.008
"L_uu_workout[15, 10]",0.003,0.002,0.001,0.006,0.0,0.0,511.336,985.743,1.008
"L_uu_workout[15, 11]",0.003,0.001,0.001,0.005,0.0,0.0,505.087,1010.578,1.008
"L_uu_workout[15, 12]",0.002,0.001,0.001,0.004,0.0,0.0,506.15,1169.197,1.008
"L_uu_workout[15, 13]",0.002,0.001,0.001,0.003,0.0,0.0,513.823,1108.298,1.007
"L_uu_workout[15, 14]",0.001,0.001,0.0,0.003,0.0,0.0,530.053,1127.797,1.007
"L_uu_workout[15, 15]",0.003,0.001,0.002,0.006,0.0,0.0,1021.0,1371.681,1.004
"L_uu_workout[15, 16]",0.0,0.0,0.0,0.0,0.0,,2000.0,2000.0,
"L_uu_workout[15, 17]",0.0,0.0,0.0,0.0,0.0,,2000.0,2000.0,
"L_uu_workout[15, 18]",0.0,0.0,0.0,0.0,0.0,,2000.0,2000.0,
"L_uu_workout[15, 19]",0.0,0.0,0.0,0.0,0.0,,2000.0,2000.0,
"L_uu_workout[15, 20]",0.0,0.0,0.0,0.0,0.0,,2000.0,2000.0,
"L_uu_workout[15, 21]",0.0,0.0,0.0,0.0,0.0,,2000.0,2000.0,
"L_uu_workout[15, 22]",0.0,0.0,0.0,0.0,0.0,,2000.0,2000.0,
"L_uu_workout[15, 23]",0.0,0.0,0.0,0.0,0.0,,2000.0,2000.0,
"L_uu_workout[15, 24]",0.0,0.0,0.0,0.0,0.0,,2000.0,2000.0,
"L_uu_workout[15, 25]",0.0,0.0,0.0,0.0,0.0,,2000.0,2000.0,
"L_uu_workout[15, 26]",0.0,0.0,0.0,0.0,0.0,,2000.0,2000.0,
"L_uu_workout[15, 27]",0.0,0.0,0.0,0.0,0.0,,2000.0,2000.0,
"L_uu_workout[15, 28]",0.0,0.0,0.0,0.0,0.0,,2000.0,2000.0,
"L_uu_workout[15, 29]",0.0,0.0,0.0,0.0,0.0,,2000.0,2000.0,
"L_uu_workout[15, 30]",0.0,0.0,0.0,0.0,0.0,,2000.0,2000.0,
"L_uu_workout[15, 31]",0.0,0.0,0.0,0.0,0.0,,2000.0,2000.0,
"L_uu_workout[15, 32]",0.0,0.0,0.0,0.0,0.0,,2000.0,2000.0,
"L_uu_workout[15, 33]",0.0,0.0,0.0,0.0,0.0,,2000.0,2000.0,
"L_uu_workout[15, 34]",0.0,0.0,0.0,0.0,0.0,,2000.0,2000.0,
"L_uu_workout[15, 35]",0.0,0.0,0.0,0.0,0.0,,2000.0,2000.0,
"L_uu_workout[15, 36]",0.0,0.0,0.0,0.0,0.0,,2000.0,2000.0,
"L_uu_workout[15, 37]",0.0,0.0,0.0,0.0,0.0,,2000.0,2000.0,
"L_uu_workout[15, 38]",0.0,0.0,0.0,0.0,0.0,,2000.0,2000.0,
"L_uu_workout[15, 39]",0.0,0.0,0.0,0.0,0.0,,2000.0,2000.0,
"L_uu_workout[15, 40]",0.0,0.0,0.0,0.0,0.0,,2000.0,2000.0,
"L_uu_workout[15, 41]",0.0,0.0,0.0,0.0,0.0,,2000.0,2000.0,
"L_uu_workout[15, 42]",0.0,0.0,0.0,0.0,0.0,,2000.0,2000.0,
"L_uu_workout[15, 43]",0.0,0.0,0.0,0.0,0.0,,2000.0,2000.0,
"L_uu_workout[15, 44]",0.0,0.0,0.0,0.0,0.0,,2000.0,2000.0,
"L_uu_workout[15, 45]",0.0,0.0,0.0,0.0,0.0,,2000.0,2000.0,
"L_uu_workout[15, 46]",0.0,0.0,0.0,0.0,0.0,,2000.0,2000.0,
"L_uu_workout[15, 47]",0.0,0.0,0.0,0.0,0.0,,2000.0,2000.0,
"L_uu_workout[15, 48]",0.0,0.0,0.0,0.0,0.0,,2000.0,2000.0,
"L_uu_workout[15, 49]",0.0,0.0,0.0,0.0,0.0,,2000.0,2000.0,
"L_uu_workout[16, 0]",0.237,0.111,0.092,0.454,0.003,0.003,1282.883,1457.295,1.003
"L_uu_workout[16, 1]",0.044,0.03,0.003,0.097,0.001,0.001,426.102,988.282,1.007
"L_uu_workout[16, 2]",0.029,0.014,0.006,0.057,0.001,0.0,481.769,978.048,1.006
"L_uu_workout[16, 3]",0.018,0.008,0.006,0.033,0.0,0.0,605.02,1132.697,1.004
"L_uu_workout[16, 4]",0.012,0.005,0.005,0.022,0.0,0.0,674.388,1123.237,1.005
"L_uu_workout[16, 5]",0.009,0.004,0.004,0.017,0.0,0.0,653.302,1138.25,1.006
"L_uu_workout[16, 6]",0.007,0.004,0.003,0.014,0.0,0.0,603.468,1216.993,1.007
"L_uu_workout[16, 7]",0.006,0.004,0.002,0.012,0.0,0.0,560.215,1126.249,1.008
"L_uu_workout[16, 8]",0.005,0.003,0.001,0.01,0.0,0.0,531.795,1149.34,1.008
"L_uu_workout[16, 9]",0.004,0.003,0.001,0.009,0.0,0.0,513.566,1009.254,1.008
"L_uu_workout[16, 10]",0.004,0.002,0.001,0.007,0.0,0.0,502.194,975.637,1.008
"L_uu_workout[16, 11]",0.003,0.002,0.001,0.006,0.0,0.0,495.419,894.258,1.008
"L_uu_workout[16, 12]",0.002,0.001,0.001,0.005,0.0,0.0,494.326,1138.22,1.008
"L_uu_workout[16, 13]",0.002,0.001,0.001,0.004,0.0,0.0,496.796,1089.285,1.008
"L_uu_workout[16, 14]",0.002,0.001,0.0,0.003,0.0,0.0,506.368,1063.252,1.007
"L_uu_workout[16, 15]",0.001,0.001,0.0,0.002,0.0,0.0,521.826,1207.053,1.007
"L_uu_workout[16, 16]",0.003,0.001,0.002,0.006,0.0,0.0,1027.028,1392.706,1.004
"L_uu_workout[16, 17]",0.0,0.0,0.0,0.0,0.0,,2000.0,2000.0,
"L_uu_workout[16, 18]",0.0,0.0,0.0,0.0,0.0,,2000.0,2000.0,
"L_uu_workout[16, 19]",0.0,0.0,0.0,0.0,0.0,,2000.0,2000.0,
"L_uu_workout[16, 20]",0.0,0.0,0.0,0.0,0.0,,2000.0,2000.0,
"L_uu_workout[16, 21]",0.0,0.0,0.0,0.0,0.0,,2000.0,2000.0,
"L_uu_workout[16, 22]",0.0,0.0,0.0,0.0,0.0,,2000.0,2000.0,
"L_uu_workout[16, 23]",0.0,0.0,0.0,0.0,0.0,,2000.0,2000.0,
"L_uu_workout[16, 24]",0.0,0.0,0.0,0.0,0.0,,2000.0,2000.0,
"L_uu_workout[16, 25]",0.0,0.0,0.0,0.0,0.0,,2000.0,2000.0,
"L_uu_workout[16, 26]",0.0,0.0,0.0,0.0,0.0,,2000.0,2000.0,
"L_uu_workout[16, 27]",0.0,0.0,0.0,0.0,0.0,,2000.0,2000.0,
"L_uu_workout[16, 28]",0.0,0.0,0.0,0.0,0.0,,2000.0,2000.0,
"L_uu_workout[16, 29]",0.0,0.0,0.0,0.0,0.0,,2000.0,2000.0,
"L_uu_workout[16, 30]",0.0,0.0,0.0,0.0,0.0,,2000.0,2000.0,
"L_uu_workout[16, 31]",0.0,0.0,0.0,0.0,0.0,,2000.0,2000.0,
"L_uu_workout[16, 32]",0.0,0.0,0.0,0.0,0.0,,2000.0,2000.0,
"L_uu_workout[16, 33]",0.0,0.0,0.0,0.0,0.0,,2000.0,2000.0,
"L_uu_workout[16, 34]",0.0,0.0,0.0,0.0,0.0,,2000.0,2000.0,
"L_uu_workout[16, 35]",0.0,0.0,0.0,0.0,0.0,,2000.0,2000.0,
"L_uu_workout[16, 36]",0.0,0.0,0.0,0.0,0.0,,2000.0,2000.0,
"L_uu_workout[16, 37]",0.0,0.0,0.0,0.0,0.0,,2000.0,2000.0,
"L_uu_workout[16, 38]",0.0,0.0,0.0,0.0,0.0,,2000.0,2000.0,
"L_uu_workout[16, 39]",0.0,0.0,0.0,0.0,0.0,,2000.0,2000.0,
"L_uu_workout[16, 40]",0.0,0.0,0.0,0.0,0.0,,2000.0,2000.0,
"L_uu_workout[16, 41]",0.0,0.0,0.0,0.0,0.0,,2000.0,2000.0,
"L_uu_workout[16, 42]",0.0,0.0,0.0,0.0,0.0,,2000.0,2000.0,
"L_uu_workout[16, 43]",0.0,0.0,0.0,0.0,0.0,,2000.0,2000.0,
"L_uu_workout[16, 44]",0.0,0.0,0.0,0.0,0.0,,2000.0,2000.0,
"L_uu_workout[16, 45]",0.0,0.0,0.0,0.0,0.0,,2000.0,2000.0,
"L_uu_workout[16, 46]",0.0,0.0,0.0,0.0,0.0,,2000.0,2000.0,
"L_uu_workout[16, 47]",0.0,0.0,0.0,0.0,0.0,,2000.0,2000.0,
"L_uu_workout[16, 48]",0.0,0.0,0.0,0.0,0.0,,2000.0,2000.0,
"L_uu_workout[16, 49]",0.0,0.0,0.0,0.0,0.0,,2000.0,2000.0,
"L_uu_workout[17, 0]",0.236,0.111,0.092,0.453,0.003,0.003,1288.32,1457.295,1.003
"L_uu_workout[17, 1]",0.046,0.032,0.003,0.102,0.001,0.001,426.203,988.282,1.007
"L_uu_workout[17, 2]",0.031,0.015,0.006,0.06,0.001,0.0,482.95,978.048,1.006
"L_uu_workout[17, 3]",0.019,0.008,0.007,0.035,0.0,0.0,606.25,1132.697,1.004
"L_uu_workout[17, 4]",0.013,0.006,0.005,0.024,0.0,0.0,671.386,1123.237,1.005
"L_uu_workout[17, 5]",0.01,0.005,0.004,0.018,0.0,0.0,645.863,1138.25,1.006
"L_uu_workout[17, 6]",0.008,0.004,0.003,0.015,0.0,0.0,594.511,1125.924,1.007
"L_uu_workout[17, 7]",0.006,0.004,0.002,0.013,0.0,0.0,551.476,1152.553,1.008
"L_uu_workout[17, 8]",0.005,0.004,0.002,0.012,0.0,0.0,525.044,1134.0,1.008
"L_uu_workout[17, 9]",0.005,0.003,0.001,0.01,0.0,0.0,507.523,1018.096,1.008
"L_uu_workout[17, 10]",0.004,0.003,0.001,0.008,0.0,0.0,494.99,975.637,1.008
"L_uu_workout[17, 11]",0.003,0.002,0.001,0.007,0.0,0.0,488.127,915.326,1.008
"L_uu_workout[17, 12]",0.003,0.002,0.001,0.006,0.0,0.0,483.878,1073.481,1.008
"L_uu_workout[17, 13]",0.002,0.001,0.001,0.005,0.0,0.0,485.479,1053.169,1.008
"L_uu_workout[17, 14]",0.002,0.001,0.001,0.004,0.0,0.0,491.427,1064.329,1.007
"L_uu_workout[17, 15]",0.002,0.001,0.0,0.003,0.0,0.0,500.609,1051.092,1.007
"L_uu_workout[17, 16]",0.001,0.001,0.0,0.002,0.0,0.0,517.108,1164.492,1.007
"L_uu_workout[17, 17]",0.003,0.001,0.002,0.006,0.0,0.0,1031.965,1392.706,1.004
"L_uu_workout[17, 18]",0.0,0.0,0.0,0.0,0.0,,2000.0,2000.0,
"L_uu_workout[17, 19]",0.0,0.0,0.0,0.0,0.0,,2000.0,2000.0,
"L_uu_workout[17, 20]",0.0,0.0,0.0,0.0,0.0,,2000.0,2000.0,
"L_uu_workout[17, 21]",0.0,0.0,0.0,0.0,0.0,,2000.0,2000.0,
"L_uu_workout[17, 22]",0.0,0.0,0.0,0.0,0.0,,2000.0,2000.0,
"L_uu_workout[17, 23]",0.0,0.0,0.0,0.0,0.0,,2000.0,2000.0,
"L_uu_workout[17, 24]",0.0,0.0,0.0,0.0,0.0,,2000.0,2000.0,
"L_uu_workout[17, 25]",0.0,0.0,0.0,0.0,0.0,,2000.0,2000.0,
"L_uu_workout[17, 26]",0.0,0.0,0.0,0.0,0.0,,2000.0,2000.0,
"L_uu_workout[17, 27]",0.0,0.0,0.0,0.0,0.0,,2000.0,2000.0,
"L_uu_workout[17, 28]",0.0,0.0,0.0,0.0,0.0,,2000.0,2000.0,
"L_uu_workout[17, 29]",0.0,0.0,0.0,0.0,0.0,,2000.0,2000.0,
"L_uu_workout[17, 30]",0.0,0.0,0.0,0.0,0.0,,2000.0,2000.0,
"L_uu_workout[17, 31]",0.0,0.0,0.0,0.0,0.0,,2000.0,2000.0,
"L_uu_workout[17, 32]",0.0,0.0,0.0,0.0,0.0,,2000.0,2000.0,
"L_uu_workout[17, 33]",0.0,0.0,0.0,0.0,0.0,,2000.0,2000.0,
"L_uu_workout[17, 34]",0.0,0.0,0.0,0.0,0.0,,2000.0,2000.0,
"L_uu_workout[17, 35]",0.0,0.0,0.0,0.0,0.0,,2000.0,2000.0,
"L_uu_workout[17, 36]",0.0,0.0,0.0,0.0,0.0,,2000.0,2000.0,
"L_uu_workout[17, 37]",0.0,0.0,0.0,0.0,0.0,,2000.0,2000.0,
"L_uu_workout[17, 38]",0.0,0.0,0.0,0.0,0.0,,2000.0,2000.0,
"L_uu_workout[17, 39]",0.0,0.0,0.0,0.0,0.0,,2000.0,2000.0,
"L_uu_workout[17, 40]",0.0,0.0,0.0,0.0,0.0,,2000.0,2000.0,
"L_uu_workout[17, 41]",0.0,0.0,0.0,0.0,0.0,,2000.0,2000.0,
"L_uu_workout[17, 42]",0.0,0.0,0.0,0.0,0.0,,2000.0,2000.0,
"L_uu_workout[17, 43]",0.0,0.0,0.0,0.0,0.0,,2000.0,2000.0,
"L_uu_workout[17, 44]",0.0,0.0,0.0,0.0,0.0,,2000.0,2000.0,
"L_uu_workout[17, 45]",0.0,0.0,0.0,0.0,0.0,,2000.0,2000.0,
"L_uu_workout[17, 46]",0.0,0.0,0.0,0.0,0.0,,2000.0,2000.0,
"L_uu_workout[17, 47]",0.0,0.0,0.0,0.0,0.0,,2000.0,2000.0,
"L_uu_workout[17, 48]",0.0,0.0,0.0,0.0,0.0,,2000.0,2000.0,
"L_uu_workout[17, 49]",0.0,0.0,0.0,0.0,0.0,,2000.0,2000.0,
"L_uu_workout[18, 0]",0.235,0.111,0.092,0.452,0.003,0.003,1293.114,1457.482,1.003
"L_uu_workout[18, 1]",0.048,0.033,0.003,0.107,0.002,0.001,426.196,988.282,1.007
"L_uu_workout[18, 2]",0.033,0.016,0.007,0.064,0.001,0.0,484.328,978.048,1.006
"L_uu_workout[18, 3]",0.02,0.009,0.007,0.038,0.0,0.0,608.015,1132.697,1.004
"L_uu_workout[18, 4]",0.014,0.006,0.006,0.026,0.0,0.0,668.729,1123.237,1.005
"L_uu_workout[18, 5]",0.01,0.005,0.004,0.02,0.0,0.0,639.325,1166.719,1.006
"L_uu_workout[18, 6]",0.008,0.005,0.003,0.016,0.0,0.0,587.128,1161.081,1.007
"L_uu_workout[18, 7]",0.007,0.005,0.002,0.015,0.0,0.0,544.705,1167.118,1.008
"L_uu_workout[18, 8]",0.006,0.004,0.002,0.013,0.0,0.0,519.267,1134.737,1.008
"L_uu_workout[18, 9]",0.005,0.003,0.001,0.012,0.0,0.0,502.218,1043.489,1.008
"L_uu_workout[18, 10]",0.005,0.003,0.001,0.01,0.0,0.0,490.106,947.999,1.008
"L_uu_workout[18, 11]",0.004,0.002,0.001,0.008,0.0,0.0,482.061,915.326,1.008
"L_uu_workout[18, 12]",0.003,0.002,0.001,0.007,0.0,0.0,477.669,1049.035,1.008
"L_uu_workout[18, 13]",0.003,0.002,0.001,0.005,0.0,0.0,478.468,1085.645,1.008
"L_uu_workout[18, 14]",0.002,0.001,0.001,0.005,0.0,0.0,480.039,1018.003,1.008
"L_uu_workout[18, 15]",0.002,0.001,0.0,0.004,0.0,0.0,485.736,968.931,1.007
"L_uu_workout[18, 16]",0.002,0.001,0.0,0.003,0.0,0.0,495.316,1100.787,1.007
"L_uu_workout[18, 17]",0.001,0.001,0.0,0.002,0.0,0.0,512.834,1095.716,1.007
"L_uu_workout[18, 18]",0.003,0.001,0.002,0.006,0.0,0.0,1036.412,1350.928,1.004
"L_uu_workout[18, 19]",0.0,0.0,0.0,0.0,0.0,,2000.0,2000.0,
"L_uu_workout[18, 20]",0.0,0.0,0.0,0.0,0.0,,2000.0,2000.0,
"L_uu_workout[18, 21]",0.0,0.0,0.0,0.0,0.0,,2000.0,2000.0,
"L_uu_workout[18, 22]",0.0,0.0,0.0,0.0,0.0,,2000.0,2000.0,
"L_uu_workout[18, 23]",0.0,0.0,0.0,0.0,0.0,,2000.0,2000.0,
"L_uu_workout[18, 24]",0.0,0.0,0.0,0.0,0.0,,2000.0,2000.0,
"L_uu_workout[18, 25]",0.0,0.0,0.0,0.0,0.0,,2000.0,2000.0,
"L_uu_workout[18, 26]",0.0,0.0,0.0,0.0,0.0,,2000.0,2000.0,
"L_uu_workout[18, 27]",0.0,0.0,0.0,0.0,0.0,,2000.0,2000.0,
"L_uu_workout[18, 28]",0.0,0.0,0.0,0.0,0.0,,2000.0,2000.0,
"L_uu_workout[18, 29]",0.0,0.0,0.0,0.0,0.0,,2000.0,2000.0,
"L_uu_workout[18, 30]",0.0,0.0,0.0,0.0,0.0,,2000.0,2000.0,
"L_uu_workout[18, 31]",0.0,0.0,0.0,0.0,0.0,,2000.0,2000.0,
"L_uu_workout[18, 32]",0.0,0.0,0.0,0.0,0.0,,2000.0,2000.0,
"L_uu_workout[18, 33]",0.0,0.0,0.0,0.0,0.0,,2000.0,2000.0,
"L_uu_workout[18, 34]",0.0,0.0,0.0,0.0,0.0,,2000.0,2000.0,
"L_uu_workout[18, 35]",0.0,0.0,0.0,0.0,0.0,,2000.0,2000.0,
"L_uu_workout[18, 36]",0.0,0.0,0.0,0.0,0.0,,2000.0,2000.0,
"L_uu_workout[18, 37]",0.0,0.0,0.0,0.0,0.0,,2000.0,2000.0,
"L_uu_workout[18, 38]",0.0,0.0,0.0,0.0,0.0,,2000.0,2000.0,
"L_uu_workout[18, 39]",0.0,0.0,0.0,0.0,0.0,,2000.0,2000.0,
"L_uu_workout[18, 40]",0.0,0.0,0.0,0.0,0.0,,2000.0,2000.0,
"L_uu_workout[18, 41]",0.0,0.0,0.0,0.0,0.0,,2000.0,2000.0,
"L_uu_workout[18, 42]",0.0,0.0,0.0,0.0,0.0,,2000.0,2000.0,
"L_uu_workout[18, 43]",0.0,0.0,0.0,0.0,0.0,,2000.0,2000.0,
"L_uu_workout[18, 44]",0.0,0.0,0.0,0.0,0.0,,2000.0,2000.0,
"L_uu_workout[18, 45]",0.0,0.0,0.0,0.0,0.0,,2000.0,2000.0,
"L_uu_workout[18, 46]",0.0,0.0,0.0,0.0,0.0,,2000.0,2000.0,
"L_uu_workout[18, 47]",0.0,0.0,0.0,0.0,0.0,,2000.0,2000.0,
"L_uu_workout[18, 48]",0.0,0.0,0.0,0.0,0.0,,2000.0,2000.0,
"L_uu_workout[18, 49]",0.0,0.0,0.0,0.0,0.0,,2000.0,2000.0,
"L_uu_workout[19, 0]",0.234,0.111,0.09,0.45,0.003,0.003,1298.512,1457.447,1.003
"L_uu_workout[19, 1]",0.051,0.034,0.003,0.112,0.002,0.001,426.289,988.282,1.007
"L_uu_workout[19, 2]",0.034,0.016,0.008,0.067,0.001,0.0,486.398,978.048,1.006
"L_uu_workout[19, 3]",0.021,0.009,0.007,0.04,0.0,0.0,609.875,1132.697,1.004
"L_uu_workout[19, 4]",0.015,0.006,0.006,0.027,0.0,0.0,666.43,1123.237,1.005
"L_uu_workout[19, 5]",0.011,0.006,0.004,0.021,0.0,0.0,633.368,1166.719,1.006
"L_uu_workout[19, 6]",0.009,0.005,0.003,0.017,0.0,0.0,580.363,1132.464,1.007
"L_uu_workout[19, 7]",0.008,0.005,0.002,0.016,0.0,0.0,538.79,1167.118,1.008
"L_uu_workout[19, 8]",0.007,0.005,0.002,0.015,0.0,0.0,514.288,1125.876,1.009
"L_uu_workout[19, 9]",0.006,0.004,0.001,0.013,0.0,0.0,498.201,1043.489,1.008
"L_uu_workout[19, 10]",0.005,0.003,0.001,0.011,0.0,0.0,485.63,974.04,1.008
"L_uu_workout[19, 11]",0.004,0.003,0.001,0.009,0.0,0.0,477.489,935.836,1.008
"L_uu_workout[19, 12]",0.004,0.002,0.001,0.008,0.0,0.0,473.124,1003.958,1.008
"L_uu_workout[19, 13]",0.003,0.002,0.001,0.006,0.0,0.0,471.779,1086.926,1.008
"L_uu_workout[19, 14]",0.003,0.001,0.001,0.005,0.0,0.0,472.855,1016.393,1.008
"L_uu_workout[19, 15]",0.002,0.001,0.001,0.004,0.0,0.0,476.08,1031.017,1.008
"L_uu_workout[19, 16]",0.002,0.001,0.0,0.004,0.0,0.0,481.348,1011.057,1.007
"L_uu_workout[19, 17]",0.002,0.001,0.0,0.003,0.0,0.0,492.15,1034.133,1.007
"L_uu_workout[19, 18]",0.001,0.001,0.0,0.002,0.0,0.0,508.712,1047.897,1.007
"L_uu_workout[19, 19]",0.003,0.001,0.002,0.006,0.0,0.0,1041.908,1370.372,1.004
"L_uu_workout[19, 20]",0.0,0.0,0.0,0.0,0.0,,2000.0,2000.0,
"L_uu_workout[19, 21]",0.0,0.0,0.0,0.0,0.0,,2000.0,2000.0,
"L_uu_workout[19, 22]",0.0,0.0,0.0,0.0,0.0,,2000.0,2000.0,
"L_uu_workout[19, 23]",0.0,0.0,0.0,0.0,0.0,,2000.0,2000.0,
"L_uu_workout[19, 24]",0.0,0.0,0.0,0.0,0.0,,2000.0,2000.0,
"L_uu_workout[19, 25]",0.0,0.0,0.0,0.0,0.0,,2000.0,2000.0,
"L_uu_workout[19, 26]",0.0,0.0,0.0,0.0,0.0,,2000.0,2000.0,
"L_uu_workout[19, 27]",0.0,0.0,0.0,0.0,0.0,,2000.0,2000.0,
"L_uu_workout[19, 28]",0.0,0.0,0.0,0.0,0.0,,2000.0,2000.0,
"L_uu_workout[19, 29]",0.0,0.0,0.0,0.0,0.0,,2000.0,2000.0,
"L_uu_workout[19, 30]",0.0,0.0,0.0,0.0,0.0,,2000.0,2000.0,
"L_uu_workout[19, 31]",0.0,0.0,0.0,0.0,0.0,,2000.0,2000.0,
"L_uu_workout[19, 32]",0.0,0.0,0.0,0.0,0.0,,2000.0,2000.0,
"L_uu_workout[19, 33]",0.0,0.0,0.0,0.0,0.0,,2000.0,2000.0,
"L_uu_workout[19, 34]",0.0,0.0,0.0,0.0,0.0,,2000.0,2000.0,
"L_uu_workout[19, 35]",0.0,0.0,0.0,0.0,0.0,,2000.0,2000.0,
"L_uu_workout[19, 36]",0.0,0.0,0.0,0.0,0.0,,2000.0,2000.0,
"L_uu_workout[19, 37]",0.0,0.0,0.0,0.0,0.0,,2000.0,2000.0,
"L_uu_workout[19, 38]",0.0,0.0,0.0,0.0,0.0,,2000.0,2000.0,
"L_uu_workout[19, 39]",0.0,0.0,0.0,0.0,0.0,,2000.0,2000.0,
"L_uu_workout[19, 40]",0.0,0.0,0.0,0.0,0.0,,2000.0,2000.0,
"L_uu_workout[19, 41]",0.0,0.0,0.0,0.0,0.0,,2000.0,2000.0,
"L_uu_workout[19, 42]",0.0,0.0,0.0,0.0,0.0,,2000.0,2000.0,
"L_uu_workout[19, 43]",0.0,0.0,0.0,0.0,0.0,,2000.0,2000.0,
"L_uu_workout[19, 44]",0.0,0.0,0.0,0.0,0.0,,2000.0,2000.0,
"L_uu_workout[19, 45]",0.0,0.0,0.0,0.0,0.0,,2000.0,2000.0,
"L_uu_workout[19, 46]",0.0,0.0,0.0,0.0,0.0,,2000.0,2000.0,
"L_uu_workout[19, 47]",0.0,0.0,0.0,0.0,0.0,,2000.0,2000.0,
"L_uu_workout[19, 48]",0.0,0.0,0.0,0.0,0.0,,2000.0,2000.0,
"L_uu_workout[19, 49]",0.0,0.0,0.0,0.0,0.0,,2000.0,2000.0,
"L_uu_workout[20, 0]",0.233,0.11,0.088,0.448,0.003,0.003,1303.099,1457.447,1.003
"L_uu_workout[20, 1]",0.053,0.036,0.003,0.115,0.002,0.001,426.594,988.282,1.007
"L_uu_workout[20, 2]",0.036,0.017,0.007,0.069,0.001,0.0,488.185,978.048,1.006
"L_uu_workout[20, 3]",0.022,0.01,0.008,0.042,0.0,0.0,611.801,1132.697,1.004
"L_uu_workout[20, 4]",0.015,0.007,0.006,0.029,0.0,0.0,664.82,1108.885,1.005
"L_uu_workout[20, 5]",0.012,0.006,0.005,0.023,0.0,0.0,627.961,1166.719,1.006
"L_uu_workout[20, 6]",0.01,0.006,0.003,0.019,0.0,0.0,574.337,1119.643,1.007
"L_uu_workout[20, 7]",0.008,0.006,0.002,0.018,0.0,0.0,534.023,1167.332,1.008
"L_uu_workout[20, 8]",0.007,0.005,0.002,0.016,0.0,0.0,509.694,1125.876,1.009
"L_uu_workout[20, 9]",0.006,0.004,0.001,0.014,0.0,0.0,493.856,1043.489,1.008
"L_uu_workout[20, 10]",0.006,0.004,0.001,0.012,0.0,0.0,481.356,982.105,1.008
"L_uu_workout[20, 11]",0.005,0.003,0.001,0.01,0.0,0.0,474.242,935.836,1.008
"L_uu_workout[20, 12]",0.004,0.003,0.001,0.009,0.0,0.0,469.365,979.122,1.008
"L_uu_workout[20, 13]",0.004,0.002,0.001,0.007,0.0,0.0,467.832,1061.158,1.008
"L_uu_workout[20, 14]",0.003,0.002,0.001,0.006,0.0,0.0,467.652,995.136,1.008
"L_uu_workout[20, 15]",0.003,0.001,0.001,0.005,0.0,0.0,468.147,986.439,1.008
"L_uu_workout[20, 16]",0.002,0.001,0.001,0.004,0.0,0.0,471.347,1020.601,1.007
"L_uu_workout[20, 17]",0.002,0.001,0.0,0.004,0.0,0.0,476.573,1020.439,1.007
"L_uu_workout[20, 18]",0.002,0.001,0.0,0.003,0.0,0.0,489.446,1032.618,1.007
"L_uu_workout[20, 19]",0.001,0.001,0.0,0.002,0.0,0.0,505.819,1063.916,1.007
"L_uu_workout[20, 20]",0.003,0.001,0.002,0.006,0.0,0.0,1046.316,1370.372,1.004
"L_uu_workout[20, 21]",0.0,0.0,0.0,0.0,0.0,,2000.0,2000.0,
"L_uu_workout[20, 22]",0.0,0.0,0.0,0.0,0.0,,2000.0,2000.0,
"L_uu_workout[20, 23]",0.0,0.0,0.0,0.0,0.0,,2000.0,2000.0,
"L_uu_workout[20, 24]",0.0,0.0,0.0,0.0,0.0,,2000.0,2000.0,
"L_uu_workout[20, 25]",0.0,0.0,0.0,0.0,0.0,,2000.0,2000.0,
"L_uu_workout[20, 26]",0.0,0.0,0.0,0.0,0.0,,2000.0,2000.0,
"L_uu_workout[20, 27]",0.0,0.0,0.0,0.0,0.0,,2000.0,2000.0,
"L_uu_workout[20, 28]",0.0,0.0,0.0,0.0,0.0,,2000.0,2000.0,
"L_uu_workout[20, 29]",0.0,0.0,0.0,0.0,0.0,,2000.0,2000.0,
"L_uu_workout[20, 30]",0.0,0.0,0.0,0.0,0.0,,2000.0,2000.0,
"L_uu_workout[20, 31]",0.0,0.0,0.0,0.0,0.0,,2000.0,2000.0,
"L_uu_workout[20, 32]",0.0,0.0,0.0,0.0,0.0,,2000.0,2000.0,
"L_uu_workout[20, 33]",0.0,0.0,0.0,0.0,0.0,,2000.0,2000.0,
"L_uu_workout[20, 34]",0.0,0.0,0.0,0.0,0.0,,2000.0,2000.0,
"L_uu_workout[20, 35]",0.0,0.0,0.0,0.0,0.0,,2000.0,2000.0,
"L_uu_workout[20, 36]",0.0,0.0,0.0,0.0,0.0,,2000.0,2000.0,
"L_uu_workout[20, 37]",0.0,0.0,0.0,0.0,0.0,,2000.0,2000.0,
"L_uu_workout[20, 38]",0.0,0.0,0.0,0.0,0.0,,2000.0,2000.0,
"L_uu_workout[20, 39]",0.0,0.0,0.0,0.0,0.0,,2000.0,2000.0,
"L_uu_workout[20, 40]",0.0,0.0,0.0,0.0,0.0,,2000.0,2000.0,
"L_uu_workout[20, 41]",0.0,0.0,0.0,0.0,0.0,,2000.0,2000.0,
"L_uu_workout[20, 42]",0.0,0.0,0.0,0.0,0.0,,2000.0,2000.0,
"L_uu_workout[20, 43]",0.0,0.0,0.0,0.0,0.0,,2000.0,2000.0,
"L_uu_workout[20, 44]",0.0,0.0,0.0,0.0,0.0,,2000.0,2000.0,
"L_uu_workout[20, 45]",0.0,0.0,0.0,0.0,0.0,,2000.0,2000.0,
"L_uu_workout[20, 46]",0.0,0.0,0.0,0.0,0.0,,2000.0,2000.0,
"L_uu_workout[20, 47]",0.0,0.0,0.0,0.0,0.0,,2000.0,2000.0,
"L_uu_workout[20, 48]",0.0,0.0,0.0,0.0,0.0,,2000.0,2000.0,
"L_uu_workout[20, 49]",0.0,0.0,0.0,0.0,0.0,,2000.0,2000.0,
"L_uu_workout[21, 0]",0.231,0.11,0.082,0.442,0.003,0.003,1308.18,1448.868,1.003
"L_uu_workout[21, 1]",0.055,0.037,0.004,0.121,0.002,0.001,426.509,988.422,1.007
"L_uu_workout[21, 2]",0.037,0.018,0.007,0.072,0.001,0.0,490.263,978.048,1.006
"L_uu_workout[21, 3]",0.024,0.01,0.008,0.043,0.0,0.0,614.319,1121.937,1.004
"L_uu_workout[21, 4]",0.016,0.007,0.006,0.03,0.0,0.0,663.337,1108.885,1.005
"L_uu_workout[21, 5]",0.012,0.006,0.005,0.024,0.0,0.0,623.288,1166.719,1.006
"L_uu_workout[21, 6]",0.01,0.006,0.003,0.02,0.0,0.0,569.347,1119.643,1.008
"L_uu_workout[21, 7]",0.009,0.006,0.002,0.019,0.0,0.0,529.794,1139.364,1.008
"L_uu_workout[21, 8]",0.008,0.006,0.002,0.018,0.0,0.0,506.097,1153.596,1.009
"L_uu_workout[21, 9]",0.007,0.005,0.002,0.016,0.0,0.0,491.132,1043.489,1.008
"L_uu_workout[21, 10]",0.006,0.004,0.001,0.014,0.0,0.0,478.835,943.329,1.008
"L_uu_workout[21, 11]",0.005,0.004,0.001,0.012,0.0,0.0,471.034,954.609,1.008
"L_uu_workout[21, 12]",0.005,0.003,0.001,0.01,0.0,0.0,466.632,940.599,1.008
"L_uu_workout[21, 13]",0.004,0.002,0.001,0.008,0.0,0.0,464.587,1071.523,1.008
"L_uu_workout[21, 14]",0.003,0.002,0.001,0.007,0.0,0.0,463.113,1049.721,1.008
"L_uu_workout[21, 15]",0.003,0.002,0.001,0.006,0.0,0.0,462.526,1006.65,1.008
"L_uu_workout[21, 16]",0.003,0.001,0.001,0.005,0.0,0.0,463.34,1043.506,1.008
"L_uu_workout[21, 17]",0.002,0.001,0.0,0.004,0.0,0.0,466.508,1044.789,1.007
"L_uu_workout[21, 18]",0.002,0.001,0.0,0.003,0.0,0.0,473.644,1034.488,1.007
"L_uu_workout[21, 19]",0.001,0.001,0.0,0.003,0.0,0.0,485.673,1009.996,1.007
"L_uu_workout[21, 20]",0.001,0.001,0.0,0.002,0.0,0.0,503.204,1077.971,1.007
"L_uu_workout[21, 21]",0.003,0.001,0.002,0.006,0.0,0.0,1049.918,1394.28,1.004
"L_uu_workout[21, 22]",0.0,0.0,0.0,0.0,0.0,,2000.0,2000.0,
"L_uu_workout[21, 23]",0.0,0.0,0.0,0.0,0.0,,2000.0,2000.0,
"L_uu_workout[21, 24]",0.0,0.0,0.0,0.0,0.0,,2000.0,2000.0,
"L_uu_workout[21, 25]",0.0,0.0,0.0,0.0,0.0,,2000.0,2000.0,
"L_uu_workout[21, 26]",0.0,0.0,0.0,0.0,0.0,,2000.0,2000.0,
"L_uu_workout[21, 27]",0.0,0.0,0.0,0.0,0.0,,2000.0,2000.0,
"L_uu_workout[21, 28]",0.0,0.0,0.0,0.0,0.0,,2000.0,2000.0,
"L_uu_workout[21, 29]",0.0,0.0,0.0,0.0,0.0,,2000.0,2000.0,
"L_uu_workout[21, 30]",0.0,0.0,0.0,0.0,0.0,,2000.0,2000.0,
"L_uu_workout[21, 31]",0.0,0.0,0.0,0.0,0.0,,2000.0,2000.0,
"L_uu_workout[21, 32]",0.0,0.0,0.0,0.0,0.0,,2000.0,2000.0,
"L_uu_workout[21, 33]",0.0,0.0,0.0,0.0,0.0,,2000.0,2000.0,
"L_uu_workout[21, 34]",0.0,0.0,0.0,0.0,0.0,,2000.0,2000.0,
"L_uu_workout[21, 35]",0.0,0.0,0.0,0.0,0.0,,2000.0,2000.0,
"L_uu_workout[21, 36]",0.0,0.0,0.0,0.0,0.0,,2000.0,2000.0,
"L_uu_workout[21, 37]",0.0,0.0,0.0,0.0,0.0,,2000.0,2000.0,
"L_uu_workout[21, 38]",0.0,0.0,0.0,0.0,0.0,,2000.0,2000.0,
"L_uu_workout[21, 39]",0.0,0.0,0.0,0.0,0.0,,2000.0,2000.0,
"L_uu_workout[21, 40]",0.0,0.0,0.0,0.0,0.0,,2000.0,2000.0,
"L_uu_workout[21, 41]",0.0,0.0,0.0,0.0,0.0,,2000.0,2000.0,
"L_uu_workout[21, 42]",0.0,0.0,0.0,0.0,0.0,,2000.0,2000.0,
"L_uu_workout[21, 43]",0.0,0.0,0.0,0.0,0.0,,2000.0,2000.0,
"L_uu_workout[21, 44]",0.0,0.0,0.0,0.0,0.0,,2000.0,2000.0,
"L_uu_workout[21, 45]",0.0,0.0,0.0,0.0,0.0,,2000.0,2000.0,
"L_uu_workout[21, 46]",0.0,0.0,0.0,0.0,0.0,,2000.0,2000.0,
"L_uu_workout[21, 47]",0.0,0.0,0.0,0.0,0.0,,2000.0,2000.0,
"L_uu_workout[21, 48]",0.0,0.0,0.0,0.0,0.0,,2000.0,2000.0,
"L_uu_workout[21, 49]",0.0,0.0,0.0,0.0,0.0,,2000.0,2000.0,
"L_uu_workout[22, 0]",0.23,0.11,0.081,0.44,0.003,0.003,1314.444,1448.868,1.003
"L_uu_workout[22, 1]",0.057,0.038,0.004,0.124,0.002,0.001,426.986,968.236,1.007
"L_uu_workout[22, 2]",0.039,0.019,0.009,0.076,0.001,0.0,493.262,978.048,1.006
"L_uu_workout[22, 3]",0.025,0.01,0.008,0.045,0.0,0.0,617.516,1121.937,1.004
"L_uu_workout[22, 4]",0.017,0.007,0.007,0.031,0.0,0.0,662.284,1108.885,1.005
"L_uu_workout[22, 5]",0.013,0.007,0.005,0.025,0.0,0.0,618.564,1167.097,1.006
"L_uu_workout[22, 6]",0.011,0.007,0.004,0.022,0.0,0.0,564.272,1119.643,1.008
"L_uu_workout[22, 7]",0.009,0.007,0.003,0.021,0.0,0.0,525.964,1139.364,1.008
"L_uu_workout[22, 8]",0.008,0.006,0.002,0.019,0.0,0.0,503.231,1153.596,1.009
"L_uu_workout[22, 9]",0.007,0.005,0.002,0.017,0.0,0.0,488.112,1043.933,1.008
"L_uu_workout[22, 10]",0.007,0.005,0.001,0.015,0.0,0.0,476.538,943.329,1.008
"L_uu_workout[22, 11]",0.006,0.004,0.001,0.013,0.0,0.0,468.58,962.931,1.008
"L_uu_workout[22, 12]",0.005,0.003,0.001,0.011,0.0,0.0,463.772,878.616,1.008
"L_uu_workout[22, 13]",0.004,0.003,0.001,0.009,0.0,0.0,462.019,1024.75,1.008
"L_uu_workout[22, 14]",0.004,0.002,0.001,0.008,0.0,0.0,460.014,1058.833,1.008
"L_uu_workout[22, 15]",0.003,0.002,0.001,0.007,0.0,0.0,457.91,1030.85,1.008
"L_uu_workout[22, 16]",0.003,0.002,0.001,0.006,0.0,0.0,458.303,1031.473,1.008
"L_uu_workout[22, 17]",0.002,0.001,0.001,0.005,0.0,0.0,459.568,991.774,1.007
"L_uu_workout[22, 18]",0.002,0.001,0.0,0.004,0.0,0.0,463.323,992.691,1.007
"L_uu_workout[22, 19]",0.002,0.001,0.0,0.003,0.0,0.0,471.639,1020.814,1.007
"L_uu_workout[22, 20]",0.001,0.001,0.0,0.003,0.0,0.0,483.84,1042.519,1.007
"L_uu_workout[22, 21]",0.001,0.001,0.0,0.002,0.0,0.0,501.993,1066.236,1.006
"L_uu_workout[22, 22]",0.003,0.001,0.002,0.006,0.0,0.0,1053.493,1394.28,1.004
"L_uu_workout[22, 23]",0.0,0.0,0.0,0.0,0.0,,2000.0,2000.0,
"L_uu_workout[22, 24]",0.0,0.0,0.0,0.0,0.0,,2000.0,2000.0,
"L_uu_workout[22, 25]",0.0,0.0,0.0,0.0,0.0,,2000.0,2000.0,
"L_uu_workout[22, 26]",0.0,0.0,0.0,0.0,0.0,,2000.0,2000.0,
"L_uu_workout[22, 27]",0.0,0.0,0.0,0.0,0.0,,2000.0,2000.0,
"L_uu_workout[22, 28]",0.0,0.0,0.0,0.0,0.0,,2000.0,2000.0,
"L_uu_workout[22, 29]",0.0,0.0,0.0,0.0,0.0,,2000.0,2000.0,
"L_uu_workout[22, 30]",0.0,0.0,0.0,0.0,0.0,,2000.0,2000.0,
"L_uu_workout[22, 31]",0.0,0.0,0.0,0.0,0.0,,2000.0,2000.0,
"L_uu_workout[22, 32]",0.0,0.0,0.0,0.0,0.0,,2000.0,2000.0,
"L_uu_workout[22, 33]",0.0,0.0,0.0,0.0,0.0,,2000.0,2000.0,
"L_uu_workout[22, 34]",0.0,0.0,0.0,0.0,0.0,,2000.0,2000.0,
"L_uu_workout[22, 35]",0.0,0.0,0.0,0.0,0.0,,2000.0,2000.0,
"L_uu_workout[22, 36]",0.0,0.0,0.0,0.0,0.0,,2000.0,2000.0,
"L_uu_workout[22, 37]",0.0,0.0,0.0,0.0,0.0,,2000.0,2000.0,
"L_uu_workout[22, 38]",0.0,0.0,0.0,0.0,0.0,,2000.0,2000.0,
"L_uu_workout[22, 39]",0.0,0.0,0.0,0.0,0.0,,2000.0,2000.0,
"L_uu_workout[22, 40]",0.0,0.0,0.0,0.0,0.0,,2000.0,2000.0,
"L_uu_workout[22, 41]",0.0,0.0,0.0,0.0,0.0,,2000.0,2000.0,
"L_uu_workout[22, 42]",0.0,0.0,0.0,0.0,0.0,,2000.0,2000.0,
"L_uu_workout[22, 43]",0.0,0.0,0.0,0.0,0.0,,2000.0,2000.0,
"L_uu_workout[22, 44]",0.0,0.0,0.0,0.0,0.0,,2000.0,2000.0,
"L_uu_workout[22, 45]",0.0,0.0,0.0,0.0,0.0,,2000.0,2000.0,
"L_uu_workout[22, 46]",0.0,0.0,0.0,0.0,0.0,,2000.0,2000.0,
"L_uu_workout[22, 47]",0.0,0.0,0.0,0.0,0.0,,2000.0,2000.0,
"L_uu_workout[22, 48]",0.0,0.0,0.0,0.0,0.0,,2000.0,2000.0,
"L_uu_workout[22, 49]",0.0,0.0,0.0,0.0,0.0,,2000.0,2000.0,
"L_uu_workout[23, 0]",0.228,0.11,0.082,0.441,0.003,0.003,1316.471,1448.868,1.003
"L_uu_workout[23, 1]",0.059,0.039,0.003,0.127,0.002,0.001,427.66,968.236,1.007
"L_uu_workout[23, 2]",0.04,0.019,0.008,0.077,0.001,0.001,495.891,978.048,1.005
"L_uu_workout[23, 3]",0.026,0.011,0.009,0.047,0.0,0.0,621.419,1132.697,1.004
"L_uu_workout[23, 4]",0.018,0.008,0.007,0.033,0.0,0.0,662.0,1108.885,1.005
"L_uu_workout[23, 5]",0.014,0.007,0.005,0.027,0.0,0.0,615.979,1167.097,1.006
"L_uu_workout[23, 6]",0.011,0.007,0.003,0.023,0.0,0.0,559.737,1167.118,1.008
"L_uu_workout[23, 7]",0.01,0.007,0.003,0.022,0.0,0.0,522.412,1139.364,1.008
"L_uu_workout[23, 8]",0.009,0.007,0.002,0.021,0.0,0.0,500.617,1153.596,1.009
"L_uu_workout[23, 9]",0.008,0.006,0.002,0.019,0.0,0.0,485.173,1043.933,1.008
"L_uu_workout[23, 10]",0.007,0.005,0.001,0.016,0.0,0.0,474.306,943.329,1.008
"L_uu_workout[23, 11]",0.006,0.004,0.001,0.014,0.0,0.0,466.489,962.931,1.008
"L_uu_workout[23, 12]",0.006,0.004,0.001,0.012,0.0,0.0,462.092,892.769,1.008
"L_uu_workout[23, 13]",0.005,0.003,0.001,0.011,0.0,0.0,459.279,981.458,1.008
"L_uu_workout[23, 14]",0.004,0.003,0.001,0.009,0.0,0.0,457.343,1024.749,1.008
"L_uu_workout[23, 15]",0.004,0.002,0.001,0.008,0.0,0.0,454.946,1040.222,1.008
"L_uu_workout[23, 16]",0.003,0.002,0.001,0.007,0.0,0.0,453.725,1002.015,1.008
"L_uu_workout[23, 17]",0.003,0.002,0.001,0.006,0.0,0.0,452.74,1010.289,1.008
"L_uu_workout[23, 18]",0.002,0.001,0.0,0.005,0.0,0.0,455.735,988.873,1.007
"L_uu_workout[23, 19]",0.002,0.001,0.0,0.004,0.0,0.0,460.887,1009.324,1.007
"L_uu_workout[23, 20]",0.002,0.001,0.0,0.003,0.0,0.0,469.641,1009.324,1.007
"L_uu_workout[23, 21]",0.001,0.001,0.0,0.003,0.0,0.0,482.497,1042.529,1.007
"L_uu_workout[23, 22]",0.001,0.001,0.0,0.002,0.0,0.0,501.237,1053.295,1.006
"L_uu_workout[23, 23]",0.003,0.001,0.002,0.006,0.0,0.0,1054.917,1423.089,1.004
"L_uu_workout[23, 24]",0.0,0.0,0.0,0.0,0.0,,2000.0,2000.0,
"L_uu_workout[23, 25]",0.0,0.0,0.0,0.0,0.0,,2000.0,2000.0,
"L_uu_workout[23, 26]",0.0,0.0,0.0,0.0,0.0,,2000.0,2000.0,
"L_uu_workout[23, 27]",0.0,0.0,0.0,0.0,0.0,,2000.0,2000.0,
"L_uu_workout[23, 28]",0.0,0.0,0.0,0.0,0.0,,2000.0,2000.0,
"L_uu_workout[23, 29]",0.0,0.0,0.0,0.0,0.0,,2000.0,2000.0,
"L_uu_workout[23, 30]",0.0,0.0,0.0,0.0,0.0,,2000.0,2000.0,
"L_uu_workout[23, 31]",0.0,0.0,0.0,0.0,0.0,,2000.0,2000.0,
"L_uu_workout[23, 32]",0.0,0.0,0.0,0.0,0.0,,2000.0,2000.0,
"L_uu_workout[23, 33]",0.0,0.0,0.0,0.0,0.0,,2000.0,2000.0,
"L_uu_workout[23, 34]",0.0,0.0,0.0,0.0,0.0,,2000.0,2000.0,
"L_uu_workout[23, 35]",0.0,0.0,0.0,0.0,0.0,,2000.0,2000.0,
"L_uu_workout[23, 36]",0.0,0.0,0.0,0.0,0.0,,2000.0,2000.0,
"L_uu_workout[23, 37]",0.0,0.0,0.0,0.0,0.0,,2000.0,2000.0,
"L_uu_workout[23, 38]",0.0,0.0,0.0,0.0,0.0,,2000.0,2000.0,
"L_uu_workout[23, 39]",0.0,0.0,0.0,0.0,0.0,,2000.0,2000.0,
"L_uu_workout[23, 40]",0.0,0.0,0.0,0.0,0.0,,2000.0,2000.0,
"L_uu_workout[23, 41]",0.0,0.0,0.0,0.0,0.0,,2000.0,2000.0,
"L_uu_workout[23, 42]",0.0,0.0,0.0,0.0,0.0,,2000.0,2000.0,
"L_uu_workout[23, 43]",0.0,0.0,0.0,0.0,0.0,,2000.0,2000.0,
"L_uu_workout[23, 44]",0.0,0.0,0.0,0.0,0.0,,2000.0,2000.0,
"L_uu_workout[23, 45]",0.0,0.0,0.0,0.0,0.0,,2000.0,2000.0,
"L_uu_workout[23, 46]",0.0,0.0,0.0,0.0,0.0,,2000.0,2000.0,
"L_uu_workout[23, 47]",0.0,0.0,0.0,0.0,0.0,,2000.0,2000.0,
"L_uu_workout[23, 48]",0.0,0.0,0.0,0.0,0.0,,2000.0,2000.0,
"L_uu_workout[23, 49]",0.0,0.0,0.0,0.0,0.0,,2000.0,2000.0,
"L_uu_workout[24, 0]",0.227,0.11,0.08,0.439,0.003,0.003,1319.092,1449.141,1.003
"L_uu_workout[24, 1]",0.061,0.04,0.003,0.13,0.002,0.001,428.137,968.236,1.007
"L_uu_workout[24, 2]",0.042,0.02,0.009,0.08,0.001,0.001,499.151,978.048,1.005
"L_uu_workout[24, 3]",0.027,0.011,0.009,0.049,0.0,0.0,625.381,1081.174,1.004
"L_uu_workout[24, 4]",0.019,0.008,0.007,0.034,0.0,0.0,662.832,1108.885,1.005
"L_uu_workout[24, 5]",0.014,0.008,0.005,0.028,0.0,0.0,613.079,1167.097,1.006
"L_uu_workout[24, 6]",0.012,0.008,0.004,0.024,0.0,0.0,555.847,1167.118,1.008
"L_uu_workout[24, 7]",0.011,0.008,0.003,0.024,0.0,0.0,518.928,1139.364,1.008
"L_uu_workout[24, 8]",0.01,0.007,0.003,0.023,0.0,0.0,497.918,1153.596,1.009
"L_uu_workout[24, 9]",0.009,0.006,0.002,0.02,0.0,0.0,483.677,1043.591,1.008
"L_uu_workout[24, 10]",0.008,0.006,0.002,0.018,0.0,0.0,472.085,943.329,1.008
"L_uu_workout[24, 11]",0.007,0.005,0.001,0.015,0.0,0.0,464.758,962.931,1.008
"L_uu_workout[24, 12]",0.006,0.004,0.001,0.013,0.0,0.0,460.511,892.769,1.008
"L_uu_workout[24, 13]",0.005,0.004,0.001,0.012,0.0,0.0,457.776,981.458,1.008
"L_uu_workout[24, 14]",0.005,0.003,0.001,0.01,0.0,0.0,455.162,1047.721,1.008
"L_uu_workout[24, 15]",0.004,0.003,0.001,0.009,0.0,0.0,452.244,1013.894,1.008
"L_uu_workout[24, 16]",0.004,0.002,0.001,0.007,0.0,0.0,449.301,1010.186,1.008
"L_uu_workout[24, 17]",0.003,0.002,0.001,0.006,0.0,0.0,448.971,989.319,1.008
"L_uu_workout[24, 18]",0.003,0.002,0.0,0.005,0.0,0.0,449.736,1009.79,1.008
"L_uu_workout[24, 19]",0.002,0.001,0.0,0.004,0.0,0.0,452.765,1020.642,1.008
"L_uu_workout[24, 20]",0.002,0.001,0.0,0.004,0.0,0.0,459.508,1020.642,1.007
"L_uu_workout[24, 21]",0.002,0.001,0.0,0.003,0.0,0.0,468.617,1042.817,1.007
"L_uu_workout[24, 22]",0.001,0.001,0.0,0.003,0.0,0.0,482.666,1078.353,1.007
"L_uu_workout[24, 23]",0.001,0.001,0.0,0.002,0.0,0.0,502.032,1078.402,1.006
"L_uu_workout[24, 24]",0.003,0.001,0.002,0.006,0.0,0.0,1057.333,1423.089,1.004
"L_uu_workout[24, 25]",0.0,0.0,0.0,0.0,0.0,,2000.0,2000.0,
"L_uu_workout[24, 26]",0.0,0.0,0.0,0.0,0.0,,2000.0,2000.0,
"L_uu_workout[24, 27]",0.0,0.0,0.0,0.0,0.0,,2000.0,2000.0,
"L_uu_workout[24, 28]",0.0,0.0,0.0,0.0,0.0,,2000.0,2000.0,
"L_uu_workout[24, 29]",0.0,0.0,0.0,0.0,0.0,,2000.0,2000.0,
"L_uu_workout[24, 30]",0.0,0.0,0.0,0.0,0.0,,2000.0,2000.0,
"L_uu_workout[24, 31]",0.0,0.0,0.0,0.0,0.0,,2000.0,2000.0,
"L_uu_workout[24, 32]",0.0,0.0,0.0,0.0,0.0,,2000.0,2000.0,
"L_uu_workout[24, 33]",0.0,0.0,0.0,0.0,0.0,,2000.0,2000.0,
"L_uu_workout[24, 34]",0.0,0.0,0.0,0.0,0.0,,2000.0,2000.0,
"L_uu_workout[24, 35]",0.0,0.0,0.0,0.0,0.0,,2000.0,2000.0,
"L_uu_workout[24, 36]",0.0,0.0,0.0,0.0,0.0,,2000.0,2000.0,
"L_uu_workout[24, 37]",0.0,0.0,0.0,0.0,0.0,,2000.0,2000.0,
"L_uu_workout[24, 38]",0.0,0.0,0.0,0.0,0.0,,2000.0,2000.0,
"L_uu_workout[24, 39]",0.0,0.0,0.0,0.0,0.0,,2000.0,2000.0,
"L_uu_workout[24, 40]",0.0,0.0,0.0,0.0,0.0,,2000.0,2000.0,
"L_uu_workout[24, 41]",0.0,0.0,0.0,0.0,0.0,,2000.0,2000.0,
"L_uu_workout[24, 42]",0.0,0.0,0.0,0.0,0.0,,2000.0,2000.0,
"L_uu_workout[24, 43]",0.0,0.0,0.0,0.0,0.0,,2000.0,2000.0,
"L_uu_workout[24, 44]",0.0,0.0,0.0,0.0,0.0,,2000.0,2000.0,
"L_uu_workout[24, 45]",0.0,0.0,0.0,0.0,0.0,,2000.0,2000.0,
"L_uu_workout[24, 46]",0.0,0.0,0.0,0.0,0.0,,2000.0,2000.0,
"L_uu_workout[24, 47]",0.0,0.0,0.0,0.0,0.0,,2000.0,2000.0,
"L_uu_workout[24, 48]",0.0,0.0,0.0,0.0,0.0,,2000.0,2000.0,
"L_uu_workout[24, 49]",0.0,0.0,0.0,0.0,0.0,,2000.0,2000.0,
"L_uu_workout[25, 0]",0.225,0.11,0.077,0.438,0.003,0.003,1321.166,1449.141,1.003
"L_uu_workout[25, 1]",0.062,0.041,0.004,0.134,0.002,0.001,428.553,968.284,1.007
"L_uu_workout[25, 2]",0.043,0.021,0.008,0.082,0.001,0.001,502.596,978.048,1.005
"L_uu_workout[25, 3]",0.028,0.012,0.01,0.051,0.0,0.0,629.35,1081.174,1.004
"L_uu_workout[25, 4]",0.019,0.008,0.008,0.036,0.0,0.0,663.528,1133.285,1.005
"L_uu_workout[25, 5]",0.015,0.008,0.006,0.03,0.0,0.0,610.558,1167.097,1.006
"L_uu_workout[25, 6]",0.013,0.008,0.004,0.026,0.0,0.0,552.638,1167.118,1.008
"L_uu_workout[25, 7]",0.011,0.008,0.003,0.025,0.0,0.0,516.401,1139.364,1.008
"L_uu_workout[25, 8]",0.01,0.008,0.002,0.024,0.0,0.0,495.417,1168.333,1.009
"L_uu_workout[25, 9]",0.009,0.007,0.002,0.022,0.0,0.0,481.648,1051.778,1.008
"L_uu_workout[25, 10]",0.008,0.006,0.002,0.019,0.0,0.0,470.377,943.329,1.008
"L_uu_workout[25, 11]",0.008,0.005,0.001,0.017,0.0,0.0,463.182,962.931,1.008
"L_uu_workout[25, 12]",0.007,0.005,0.001,0.015,0.0,0.0,459.262,878.604,1.008
"L_uu_workout[25, 13]",0.006,0.004,0.001,0.013,0.0,0.0,456.495,953.659,1.007
"L_uu_workout[25, 14]",0.005,0.003,0.001,0.011,0.0,0.0,453.26,1025.124,1.007
"L_uu_workout[25, 15]",0.005,0.003,0.001,0.01,0.0,0.0,449.443,1002.015,1.008
"L_uu_workout[25, 16]",0.004,0.002,0.001,0.008,0.0,0.0,446.601,1021.409,1.008
"L_uu_workout[25, 17]",0.003,0.002,0.001,0.007,0.0,0.0,445.255,1010.059,1.008
"L_uu_workout[25, 18]",0.003,0.002,0.0,0.006,0.0,0.0,445.007,1020.545,1.008
"L_uu_workout[25, 19]",0.003,0.001,0.001,0.005,0.0,0.0,447.163,1020.545,1.008
"L_uu_workout[25, 20]",0.002,0.001,0.0,0.004,0.0,0.0,451.816,1054.508,1.008
"L_uu_workout[25, 21]",0.002,0.001,0.0,0.004,0.0,0.0,458.854,1066.444,1.007
"L_uu_workout[25, 22]",0.002,0.001,0.0,0.003,0.0,0.0,468.652,1066.444,1.007
"L_uu_workout[25, 23]",0.001,0.001,0.0,0.003,0.0,0.0,483.111,1078.353,1.007
"L_uu_workout[25, 24]",0.001,0.001,0.0,0.002,0.0,0.0,503.739,1090.007,1.006
"L_uu_workout[25, 25]",0.003,0.001,0.002,0.006,0.0,0.0,1057.51,1402.769,1.003
"L_uu_workout[25, 26]",0.0,0.0,0.0,0.0,0.0,,2000.0,2000.0,
"L_uu_workout[25, 27]",0.0,0.0,0.0,0.0,0.0,,2000.0,2000.0,
"L_uu_workout[25, 28]",0.0,0.0,0.0,0.0,0.0,,2000.0,2000.0,
"L_uu_workout[25, 29]",0.0,0.0,0.0,0.0,0.0,,2000.0,2000.0,
"L_uu_workout[25, 30]",0.0,0.0,0.0,0.0,0.0,,2000.0,2000.0,
"L_uu_workout[25, 31]",0.0,0.0,0.0,0.0,0.0,,2000.0,2000.0,
"L_uu_workout[25, 32]",0.0,0.0,0.0,0.0,0.0,,2000.0,2000.0,
"L_uu_workout[25, 33]",0.0,0.0,0.0,0.0,0.0,,2000.0,2000.0,
"L_uu_workout[25, 34]",0.0,0.0,0.0,0.0,0.0,,2000.0,2000.0,
"L_uu_workout[25, 35]",0.0,0.0,0.0,0.0,0.0,,2000.0,2000.0,
"L_uu_workout[25, 36]",0.0,0.0,0.0,0.0,0.0,,2000.0,2000.0,
"L_uu_workout[25, 37]",0.0,0.0,0.0,0.0,0.0,,2000.0,2000.0,
"L_uu_workout[25, 38]",0.0,0.0,0.0,0.0,0.0,,2000.0,2000.0,
"L_uu_workout[25, 39]",0.0,0.0,0.0,0.0,0.0,,2000.0,2000.0,
"L_uu_workout[25, 40]",0.0,0.0,0.0,0.0,0.0,,2000.0,2000.0,
"L_uu_workout[25, 41]",0.0,0.0,0.0,0.0,0.0,,2000.0,2000.0,
"L_uu_workout[25, 42]",0.0,0.0,0.0,0.0,0.0,,2000.0,2000.0,
"L_uu_workout[25, 43]",0.0,0.0,0.0,0.0,0.0,,2000.0,2000.0,
"L_uu_workout[25, 44]",0.0,0.0,0.0,0.0,0.0,,2000.0,2000.0,
"L_uu_workout[25, 45]",0.0,0.0,0.0,0.0,0.0,,2000.0,2000.0,
"L_uu_workout[25, 46]",0.0,0.0,0.0,0.0,0.0,,2000.0,2000.0,
"L_uu_workout[25, 47]",0.0,0.0,0.0,0.0,0.0,,2000.0,2000.0,
"L_uu_workout[25, 48]",0.0,0.0,0.0,0.0,0.0,,2000.0,2000.0,
"L_uu_workout[25, 49]",0.0,0.0,0.0,0.0,0.0,,2000.0,2000.0,
"L_uu_workout[26, 0]",0.224,0.11,0.078,0.439,0.003,0.003,1322.252,1427.176,1.002
"L_uu_workout[26, 1]",0.064,0.042,0.004,0.137,0.002,0.001,429.556,967.779,1.007
"L_uu_workout[26, 2]",0.045,0.021,0.009,0.085,0.001,0.001,506.463,958.513,1.005
"L_uu_workout[26, 3]",0.029,0.012,0.01,0.053,0.0,0.0,634.088,1086.898,1.004
"L_uu_workout[26, 4]",0.02,0.009,0.008,0.037,0.0,0.0,664.157,1134.234,1.005
"L_uu_workout[26, 5]",0.016,0.008,0.006,0.031,0.0,0.0,608.2,1181.736,1.006
"L_uu_workout[26, 6]",0.013,0.009,0.004,0.027,0.0,0.0,549.248,1167.118,1.008
"L_uu_workout[26, 7]",0.012,0.009,0.003,0.027,0.0,0.0,514.188,1139.364,1.008
"L_uu_workout[26, 8]",0.011,0.008,0.002,0.026,0.0,0.0,493.51,1168.333,1.009
"L_uu_workout[26, 9]",0.01,0.007,0.002,0.023,0.0,0.0,479.688,1051.778,1.008
"L_uu_workout[26, 10]",0.009,0.007,0.002,0.021,0.0,0.0,469.127,943.329,1.008
"L_uu_workout[26, 11]",0.008,0.006,0.001,0.018,0.0,0.0,461.835,1007.355,1.008
"L_uu_workout[26, 12]",0.007,0.005,0.001,0.016,0.0,0.0,457.812,878.604,1.008
"L_uu_workout[26, 13]",0.006,0.004,0.001,0.014,0.0,0.0,455.443,961.433,1.007
"L_uu_workout[26, 14]",0.006,0.004,0.001,0.012,0.0,0.0,451.832,1013.894,1.007
"L_uu_workout[26, 15]",0.005,0.003,0.001,0.011,0.0,0.0,447.528,1010.186,1.008
"L_uu_workout[26, 16]",0.004,0.003,0.001,0.009,0.0,0.0,444.378,1000.079,1.008
"L_uu_workout[26, 17]",0.004,0.002,0.001,0.008,0.0,0.0,442.311,1031.992,1.008
"L_uu_workout[26, 18]",0.003,0.002,0.001,0.007,0.0,0.0,441.807,1020.545,1.008
"L_uu_workout[26, 19]",0.003,0.002,0.001,0.006,0.0,0.0,442.92,1090.984,1.008
"L_uu_workout[26, 20]",0.003,0.001,0.0,0.005,0.0,0.0,445.757,1066.168,1.008
"L_uu_workout[26, 21]",0.002,0.001,0.0,0.004,0.0,0.0,450.9,1066.168,1.008
"L_uu_workout[26, 22]",0.002,0.001,0.0,0.004,0.0,0.0,458.324,1042.72,1.007
"L_uu_workout[26, 23]",0.002,0.001,0.0,0.003,0.0,0.0,468.612,1042.72,1.007
"L_uu_workout[26, 24]",0.001,0.001,0.0,0.003,0.0,0.0,484.138,1055.177,1.007
"L_uu_workout[26, 25]",0.001,0.001,0.0,0.002,0.0,0.0,504.046,1129.1,1.006
"L_uu_workout[26, 26]",0.003,0.001,0.002,0.006,0.0,0.0,1056.983,1402.769,1.003
"L_uu_workout[26, 27]",0.0,0.0,0.0,0.0,0.0,,2000.0,2000.0,
"L_uu_workout[26, 28]",0.0,0.0,0.0,0.0,0.0,,2000.0,2000.0,
"L_uu_workout[26, 29]",0.0,0.0,0.0,0.0,0.0,,2000.0,2000.0,
"L_uu_workout[26, 30]",0.0,0.0,0.0,0.0,0.0,,2000.0,2000.0,
"L_uu_workout[26, 31]",0.0,0.0,0.0,0.0,0.0,,2000.0,2000.0,
"L_uu_workout[26, 32]",0.0,0.0,0.0,0.0,0.0,,2000.0,2000.0,
"L_uu_workout[26, 33]",0.0,0.0,0.0,0.0,0.0,,2000.0,2000.0,
"L_uu_workout[26, 34]",0.0,0.0,0.0,0.0,0.0,,2000.0,2000.0,
"L_uu_workout[26, 35]",0.0,0.0,0.0,0.0,0.0,,2000.0,2000.0,
"L_uu_workout[26, 36]",0.0,0.0,0.0,0.0,0.0,,2000.0,2000.0,
"L_uu_workout[26, 37]",0.0,0.0,0.0,0.0,0.0,,2000.0,2000.0,
"L_uu_workout[26, 38]",0.0,0.0,0.0,0.0,0.0,,2000.0,2000.0,
"L_uu_workout[26, 39]",0.0,0.0,0.0,0.0,0.0,,2000.0,2000.0,
"L_uu_workout[26, 40]",0.0,0.0,0.0,0.0,0.0,,2000.0,2000.0,
"L_uu_workout[26, 41]",0.0,0.0,0.0,0.0,0.0,,2000.0,2000.0,
"L_uu_workout[26, 42]",0.0,0.0,0.0,0.0,0.0,,2000.0,2000.0,
"L_uu_workout[26, 43]",0.0,0.0,0.0,0.0,0.0,,2000.0,2000.0,
"L_uu_workout[26, 44]",0.0,0.0,0.0,0.0,0.0,,2000.0,2000.0,
"L_uu_workout[26, 45]",0.0,0.0,0.0,0.0,0.0,,2000.0,2000.0,
"L_uu_workout[26, 46]",0.0,0.0,0.0,0.0,0.0,,2000.0,2000.0,
"L_uu_workout[26, 47]",0.0,0.0,0.0,0.0,0.0,,2000.0,2000.0,
"L_uu_workout[26, 48]",0.0,0.0,0.0,0.0,0.0,,2000.0,2000.0,
"L_uu_workout[26, 49]",0.0,0.0,0.0,0.0,0.0,,2000.0,2000.0,
"L_uu_workout[27, 0]",0.222,0.109,0.074,0.436,0.003,0.003,1322.021,1427.176,1.002
"L_uu_workout[27, 1]",0.066,0.042,0.005,0.141,0.002,0.001,430.296,967.779,1.008
"L_uu_workout[27, 2]",0.046,0.022,0.007,0.085,0.001,0.001,510.602,958.513,1.005
"L_uu_workout[27, 3]",0.029,0.012,0.01,0.055,0.0,0.0,639.848,1086.898,1.004
"L_uu_workout[27, 4]",0.021,0.009,0.008,0.038,0.0,0.0,665.744,1147.846,1.005
"L_uu_workout[27, 5]",0.016,0.009,0.006,0.032,0.0,0.0,605.908,1166.929,1.006
"L_uu_workout[27, 6]",0.014,0.009,0.004,0.029,0.0,0.0,546.245,1167.118,1.008
"L_uu_workout[27, 7]",0.013,0.009,0.003,0.029,0.0,0.0,511.72,1153.317,1.008
"L_uu_workout[27, 8]",0.011,0.009,0.002,0.028,0.0,0.0,491.811,1168.333,1.009
"L_uu_workout[27, 9]",0.011,0.008,0.002,0.025,0.0,0.0,478.217,1040.512,1.008
"L_uu_workout[27, 10]",0.01,0.007,0.002,0.022,0.0,0.0,467.817,985.815,1.008
"L_uu_workout[27, 11]",0.009,0.006,0.001,0.02,0.0,0.0,460.777,964.386,1.008
"L_uu_workout[27, 12]",0.008,0.005,0.001,0.017,0.0,0.0,456.513,878.604,1.008
"L_uu_workout[27, 13]",0.007,0.005,0.001,0.015,0.0,0.0,454.034,961.433,1.007
"L_uu_workout[27, 14]",0.006,0.004,0.001,0.013,0.0,0.0,450.511,1002.015,1.007
"L_uu_workout[27, 15]",0.006,0.004,0.001,0.012,0.0,0.0,446.232,1021.409,1.007
"L_uu_workout[27, 16]",0.005,0.003,0.001,0.01,0.0,0.0,443.095,1010.059,1.008
"L_uu_workout[27, 17]",0.004,0.003,0.001,0.009,0.0,0.0,440.058,1020.545,1.008
"L_uu_workout[27, 18]",0.004,0.002,0.001,0.008,0.0,0.0,439.303,1090.984,1.008
"L_uu_workout[27, 19]",0.003,0.002,0.0,0.007,0.0,0.0,439.779,1066.061,1.008
"L_uu_workout[27, 20]",0.003,0.002,0.0,0.006,0.0,0.0,441.226,1078.202,1.008
"L_uu_workout[27, 21]",0.002,0.001,0.0,0.005,0.0,0.0,445.286,1066.061,1.008
"L_uu_workout[27, 22]",0.002,0.001,0.0,0.004,0.0,0.0,450.861,1054.238,1.008
"L_uu_workout[27, 23]",0.002,0.001,0.0,0.004,0.0,0.0,459.001,1042.72,1.007
"L_uu_workout[27, 24]",0.002,0.001,0.0,0.003,0.0,0.0,469.683,1054.57,1.007
"L_uu_workout[27, 25]",0.001,0.001,0.0,0.003,0.0,0.0,485.678,1080.006,1.007
"L_uu_workout[27, 26]",0.001,0.001,0.0,0.002,0.0,0.0,504.967,1142.195,1.006
"L_uu_workout[27, 27]",0.003,0.001,0.002,0.006,0.0,0.0,1058.636,1402.769,1.003
"L_uu_workout[27, 28]",0.0,0.0,0.0,0.0,0.0,,2000.0,2000.0,
"L_uu_workout[27, 29]",0.0,0.0,0.0,0.0,0.0,,2000.0,2000.0,
"L_uu_workout[27, 30]",0.0,0.0,0.0,0.0,0.0,,2000.0,2000.0,
"L_uu_workout[27, 31]",0.0,0.0,0.0,0.0,0.0,,2000.0,2000.0,
"L_uu_workout[27, 32]",0.0,0.0,0.0,0.0,0.0,,2000.0,2000.0,
"L_uu_workout[27, 33]",0.0,0.0,0.0,0.0,0.0,,2000.0,2000.0,
"L_uu_workout[27, 34]",0.0,0.0,0.0,0.0,0.0,,2000.0,2000.0,
"L_uu_workout[27, 35]",0.0,0.0,0.0,0.0,0.0,,2000.0,2000.0,
"L_uu_workout[27, 36]",0.0,0.0,0.0,0.0,0.0,,2000.0,2000.0,
"L_uu_workout[27, 37]",0.0,0.0,0.0,0.0,0.0,,2000.0,2000.0,
"L_uu_workout[27, 38]",0.0,0.0,0.0,0.0,0.0,,2000.0,2000.0,
"L_uu_workout[27, 39]",0.0,0.0,0.0,0.0,0.0,,2000.0,2000.0,
"L_uu_workout[27, 40]",0.0,0.0,0.0,0.0,0.0,,2000.0,2000.0,
"L_uu_workout[27, 41]",0.0,0.0,0.0,0.0,0.0,,2000.0,2000.0,
"L_uu_workout[27, 42]",0.0,0.0,0.0,0.0,0.0,,2000.0,2000.0,
"L_uu_workout[27, 43]",0.0,0.0,0.0,0.0,0.0,,2000.0,2000.0,
"L_uu_workout[27, 44]",0.0,0.0,0.0,0.0,0.0,,2000.0,2000.0,
"L_uu_workout[27, 45]",0.0,0.0,0.0,0.0,0.0,,2000.0,2000.0,
"L_uu_workout[27, 46]",0.0,0.0,0.0,0.0,0.0,,2000.0,2000.0,
"L_uu_workout[27, 47]",0.0,0.0,0.0,0.0,0.0,,2000.0,2000.0,
"L_uu_workout[27, 48]",0.0,0.0,0.0,0.0,0.0,,2000.0,2000.0,
"L_uu_workout[27, 49]",0.0,0.0,0.0,0.0,0.0,,2000.0,2000.0,
"L_uu_workout[28, 0]",0.221,0.109,0.072,0.435,0.003,0.003,1319.879,1405.821,1.002
"L_uu_workout[28, 1]",0.067,0.043,0.004,0.144,0.002,0.001,430.796,967.779,1.008
"L_uu_workout[28, 2]",0.047,0.022,0.008,0.088,0.001,0.001,515.357,958.513,1.005
"L_uu_workout[28, 3]",0.03,0.013,0.011,0.056,0.0,0.0,645.051,1088.836,1.004
"L_uu_workout[28, 4]",0.022,0.009,0.008,0.04,0.0,0.0,668.279,1147.846,1.005
"L_uu_workout[28, 5]",0.017,0.009,0.006,0.033,0.0,0.0,604.775,1166.929,1.006
"L_uu_workout[28, 6]",0.015,0.009,0.004,0.03,0.0,0.0,544.069,1167.332,1.008
"L_uu_workout[28, 7]",0.013,0.01,0.004,0.03,0.0,0.0,509.448,1153.317,1.008
"L_uu_workout[28, 8]",0.012,0.009,0.003,0.029,0.0,0.0,490.111,1121.789,1.008
"L_uu_workout[28, 9]",0.011,0.009,0.002,0.027,0.0,0.0,476.721,1040.512,1.008
"L_uu_workout[28, 10]",0.01,0.008,0.002,0.024,0.0,0.0,466.553,985.815,1.008
"L_uu_workout[28, 11]",0.009,0.007,0.001,0.021,0.0,0.0,460.169,964.386,1.008
"L_uu_workout[28, 12]",0.008,0.006,0.001,0.019,0.0,0.0,455.557,878.604,1.008
"L_uu_workout[28, 13]",0.008,0.005,0.001,0.017,0.0,0.0,452.624,961.433,1.007
"L_uu_workout[28, 14]",0.007,0.005,0.001,0.014,0.0,0.0,449.115,1002.71,1.007
"L_uu_workout[28, 15]",0.006,0.004,0.001,0.013,0.0,0.0,444.955,1000.079,1.007
"L_uu_workout[28, 16]",0.005,0.003,0.001,0.011,0.0,0.0,441.695,1031.992,1.008
"L_uu_workout[28, 17]",0.005,0.003,0.001,0.01,0.0,0.0,439.047,1090.984,1.008
"L_uu_workout[28, 18]",0.004,0.003,0.001,0.008,0.0,0.0,436.882,1066.061,1.008
"L_uu_workout[28, 19]",0.004,0.002,0.001,0.007,0.0,0.0,436.218,1066.061,1.008
"L_uu_workout[28, 20]",0.003,0.002,0.001,0.006,0.0,0.0,437.69,1066.061,1.008
"L_uu_workout[28, 21]",0.003,0.002,0.0,0.006,0.0,0.0,440.719,1066.189,1.008
"L_uu_workout[28, 22]",0.002,0.001,0.0,0.005,0.0,0.0,445.601,1078.284,1.008
"L_uu_workout[28, 23]",0.002,0.001,0.0,0.004,0.0,0.0,452.032,1066.013,1.008
"L_uu_workout[28, 24]",0.002,0.001,0.0,0.004,0.0,0.0,460.384,1038.963,1.007
"L_uu_workout[28, 25]",0.002,0.001,0.0,0.003,0.0,0.0,472.658,1039.526,1.007
"L_uu_workout[28, 26]",0.001,0.001,0.0,0.003,0.0,0.0,487.495,1053.742,1.007
"L_uu_workout[28, 27]",0.001,0.001,0.0,0.002,0.0,0.0,507.229,1156.42,1.007
"L_uu_workout[28, 28]",0.003,0.001,0.002,0.006,0.0,0.0,1060.167,1402.615,1.003
"L_uu_workout[28, 29]",0.0,0.0,0.0,0.0,0.0,,2000.0,2000.0,
"L_uu_workout[28, 30]",0.0,0.0,0.0,0.0,0.0,,2000.0,2000.0,
"L_uu_workout[28, 31]",0.0,0.0,0.0,0.0,0.0,,2000.0,2000.0,
"L_uu_workout[28, 32]",0.0,0.0,0.0,0.0,0.0,,2000.0,2000.0,
"L_uu_workout[28, 33]",0.0,0.0,0.0,0.0,0.0,,2000.0,2000.0,
"L_uu_workout[28, 34]",0.0,0.0,0.0,0.0,0.0,,2000.0,2000.0,
"L_uu_workout[28, 35]",0.0,0.0,0.0,0.0,0.0,,2000.0,2000.0,
"L_uu_workout[28, 36]",0.0,0.0,0.0,0.0,0.0,,2000.0,2000.0,
"L_uu_workout[28, 37]",0.0,0.0,0.0,0.0,0.0,,2000.0,2000.0,
"L_uu_workout[28, 38]",0.0,0.0,0.0,0.0,0.0,,2000.0,2000.0,
"L_uu_workout[28, 39]",0.0,0.0,0.0,0.0,0.0,,2000.0,2000.0,
"L_uu_workout[28, 40]",0.0,0.0,0.0,0.0,0.0,,2000.0,2000.0,
"L_uu_workout[28, 41]",0.0,0.0,0.0,0.0,0.0,,2000.0,2000.0,
"L_uu_workout[28, 42]",0.0,0.0,0.0,0.0,0.0,,2000.0,2000.0,
"L_uu_workout[28, 43]",0.0,0.0,0.0,0.0,0.0,,2000.0,2000.0,
"L_uu_workout[28, 44]",0.0,0.0,0.0,0.0,0.0,,2000.0,2000.0,
"L_uu_workout[28, 45]",0.0,0.0,0.0,0.0,0.0,,2000.0,2000.0,
"L_uu_workout[28, 46]",0.0,0.0,0.0,0.0,0.0,,2000.0,2000.0,
"L_uu_workout[28, 47]",0.0,0.0,0.0,0.0,0.0,,2000.0,2000.0,
"L_uu_workout[28, 48]",0.0,0.0,0.0,0.0,0.0,,2000.0,2000.0,
"L_uu_workout[28, 49]",0.0,0.0,0.0,0.0,0.0,,2000.0,2000.0,
"L_uu_workout[29, 0]",0.219,0.109,0.067,0.43,0.003,0.003,1320.98,1405.821,1.002
"L_uu_workout[29, 1]",0.069,0.044,0.005,0.147,0.002,0.001,431.897,967.779,1.008
"L_uu_workout[29, 2]",0.048,0.023,0.01,0.092,0.001,0.001,520.125,958.513,1.005
"L_uu_workout[29, 3]",0.031,0.013,0.011,0.058,0.0,0.0,651.655,1088.836,1.004
"L_uu_workout[29, 4]",0.022,0.01,0.009,0.041,0.0,0.0,670.798,1136.095,1.005
"L_uu_workout[29, 5]",0.018,0.009,0.006,0.034,0.0,0.0,603.572,1166.929,1.006
"L_uu_workout[29, 6]",0.015,0.01,0.004,0.031,0.0,0.0,542.416,1167.332,1.008
"L_uu_workout[29, 7]",0.014,0.01,0.004,0.032,0.0,0.0,507.464,1153.317,1.008
"L_uu_workout[29, 8]",0.013,0.01,0.003,0.031,0.0,0.0,488.48,1093.488,1.008
"L_uu_workout[29, 9]",0.012,0.009,0.002,0.028,0.0,0.0,475.344,1007.463,1.008
"L_uu_workout[29, 10]",0.011,0.008,0.002,0.026,0.0,0.0,465.635,975.708,1.008
"L_uu_workout[29, 11]",0.01,0.007,0.002,0.022,0.0,0.0,459.06,964.386,1.008
"L_uu_workout[29, 12]",0.009,0.006,0.001,0.02,0.0,0.0,454.864,918.972,1.007
"L_uu_workout[29, 13]",0.008,0.006,0.001,0.018,0.0,0.0,451.94,961.433,1.007
"L_uu_workout[29, 14]",0.007,0.005,0.001,0.016,0.0,0.0,447.737,1010.186,1.007
"L_uu_workout[29, 15]",0.006,0.004,0.001,0.014,0.0,0.0,444.031,1010.059,1.007
"L_uu_workout[29, 16]",0.006,0.004,0.001,0.012,0.0,0.0,440.285,1020.545,1.008
"L_uu_workout[29, 17]",0.005,0.003,0.001,0.011,0.0,0.0,437.473,1090.984,1.008
"L_uu_workout[29, 18]",0.005,0.003,0.001,0.009,0.0,0.0,435.302,1066.061,1.008
"L_uu_workout[29, 19]",0.004,0.003,0.001,0.008,0.0,0.0,433.955,1066.189,1.008
"L_uu_workout[29, 20]",0.004,0.002,0.0,0.007,0.0,0.0,435.002,1066.189,1.008
"L_uu_workout[29, 21]",0.003,0.002,0.0,0.006,0.0,0.0,437.991,1090.656,1.008
"L_uu_workout[29, 22]",0.003,0.002,0.0,0.006,0.0,0.0,441.39,1090.656,1.008
"L_uu_workout[29, 23]",0.002,0.001,0.0,0.005,0.0,0.0,446.653,1054.077,1.008
"L_uu_workout[29, 24]",0.002,0.001,0.0,0.004,0.0,0.0,453.245,1040.894,1.008
"L_uu_workout[29, 25]",0.002,0.001,0.0,0.003,0.0,0.0,461.807,1050.895,1.007
"L_uu_workout[29, 26]",0.002,0.001,0.0,0.003,0.0,0.0,474.6,1019.243,1.007
"L_uu_workout[29, 27]",0.001,0.001,0.0,0.002,0.0,0.0,488.423,1065.543,1.007
"L_uu_workout[29, 28]",0.001,0.0,0.0,0.002,0.0,0.0,509.464,1156.42,1.007
"L_uu_workout[29, 29]",0.003,0.001,0.002,0.006,0.0,0.0,1059.893,1402.615,1.003
"L_uu_workout[29, 30]",0.0,0.0,0.0,0.0,0.0,,2000.0,2000.0,
"L_uu_workout[29, 31]",0.0,0.0,0.0,0.0,0.0,,2000.0,2000.0,
"L_uu_workout[29, 32]",0.0,0.0,0.0,0.0,0.0,,2000.0,2000.0,
"L_uu_workout[29, 33]",0.0,0.0,0.0,0.0,0.0,,2000.0,2000.0,
"L_uu_workout[29, 34]",0.0,0.0,0.0,0.0,0.0,,2000.0,2000.0,
"L_uu_workout[29, 35]",0.0,0.0,0.0,0.0,0.0,,2000.0,2000.0,
"L_uu_workout[29, 36]",0.0,0.0,0.0,0.0,0.0,,2000.0,2000.0,
"L_uu_workout[29, 37]",0.0,0.0,0.0,0.0,0.0,,2000.0,2000.0,
"L_uu_workout[29, 38]",0.0,0.0,0.0,0.0,0.0,,2000.0,2000.0,
"L_uu_workout[29, 39]",0.0,0.0,0.0,0.0,0.0,,2000.0,2000.0,
"L_uu_workout[29, 40]",0.0,0.0,0.0,0.0,0.0,,2000.0,2000.0,
"L_uu_workout[29, 41]",0.0,0.0,0.0,0.0,0.0,,2000.0,2000.0,
"L_uu_workout[29, 42]",0.0,0.0,0.0,0.0,0.0,,2000.0,2000.0,
"L_uu_workout[29, 43]",0.0,0.0,0.0,0.0,0.0,,2000.0,2000.0,
"L_uu_workout[29, 44]",0.0,0.0,0.0,0.0,0.0,,2000.0,2000.0,
"L_uu_workout[29, 45]",0.0,0.0,0.0,0.0,0.0,,2000.0,2000.0,
"L_uu_workout[29, 46]",0.0,0.0,0.0,0.0,0.0,,2000.0,2000.0,
"L_uu_workout[29, 47]",0.0,0.0,0.0,0.0,0.0,,2000.0,2000.0,
"L_uu_workout[29, 48]",0.0,0.0,0.0,0.0,0.0,,2000.0,2000.0,
"L_uu_workout[29, 49]",0.0,0.0,0.0,0.0,0.0,,2000.0,2000.0,
"L_uu_workout[30, 0]",0.217,0.109,0.065,0.428,0.003,0.003,1319.692,1405.821,1.001
"L_uu_workout[30, 1]",0.07,0.044,0.005,0.149,0.002,0.001,433.151,967.779,1.008
"L_uu_workout[30, 2]",0.05,0.023,0.011,0.095,0.001,0.001,525.245,958.79,1.005
"L_uu_workout[30, 3]",0.032,0.013,0.011,0.059,0.001,0.0,660.043,1100.559,1.004
"L_uu_workout[30, 4]",0.023,0.01,0.009,0.042,0.0,0.0,673.568,1136.095,1.005
"L_uu_workout[30, 5]",0.018,0.01,0.007,0.035,0.0,0.0,602.549,1166.929,1.006
"L_uu_workout[30, 6]",0.016,0.01,0.005,0.033,0.0,0.0,540.641,1154.336,1.008
"L_uu_workout[30, 7]",0.014,0.01,0.004,0.033,0.0,0.0,506.184,1126.712,1.008
"L_uu_workout[30, 8]",0.013,0.01,0.003,0.032,0.0,0.0,487.016,1093.148,1.008
"L_uu_workout[30, 9]",0.012,0.01,0.002,0.03,0.0,0.0,473.87,985.952,1.008
"L_uu_workout[30, 10]",0.011,0.009,0.002,0.027,0.0,0.0,464.331,965.411,1.008
"L_uu_workout[30, 11]",0.011,0.008,0.002,0.024,0.0,0.0,458.113,915.822,1.008
"L_uu_workout[30, 12]",0.01,0.007,0.001,0.021,0.0,0.0,454.19,919.34,1.007
"L_uu_workout[30, 13]",0.009,0.006,0.001,0.019,0.0,0.0,450.897,984.167,1.007
"L_uu_workout[30, 14]",0.008,0.005,0.001,0.017,0.0,0.0,446.883,1021.409,1.007
"L_uu_workout[30, 15]",0.007,0.005,0.001,0.015,0.0,0.0,443.162,1010.059,1.007
"L_uu_workout[30, 16]",0.006,0.004,0.001,0.013,0.0,0.0,439.432,1054.669,1.008
"L_uu_workout[30, 17]",0.006,0.004,0.001,0.012,0.0,0.0,436.165,1066.061,1.008
"L_uu_workout[30, 18]",0.005,0.003,0.001,0.01,0.0,0.0,433.899,1066.061,1.008
"L_uu_workout[30, 19]",0.004,0.003,0.001,0.009,0.0,0.0,432.609,1066.189,1.008
"L_uu_workout[30, 20]",0.004,0.003,0.001,0.008,0.0,0.0,432.814,1066.482,1.008
"L_uu_workout[30, 21]",0.003,0.002,0.001,0.007,0.0,0.0,434.795,1031.208,1.008
"L_uu_workout[30, 22]",0.003,0.002,0.001,0.006,0.0,0.0,438.357,1031.208,1.008
"L_uu_workout[30, 23]",0.003,0.002,0.0,0.005,0.0,0.0,441.896,1065.896,1.008
"L_uu_workout[30, 24]",0.002,0.001,0.0,0.005,0.0,0.0,447.572,1054.077,1.008
"L_uu_workout[30, 25]",0.002,0.001,0.0,0.004,0.0,0.0,453.894,988.914,1.008
"L_uu_workout[30, 26]",0.002,0.001,0.0,0.003,0.0,0.0,463.868,1018.96,1.007
"L_uu_workout[30, 27]",0.001,0.001,0.0,0.003,0.0,0.0,475.59,968.653,1.007
"L_uu_workout[30, 28]",0.001,0.001,0.0,0.002,0.0,0.0,490.441,1108.689,1.007
"L_uu_workout[30, 29]",0.001,0.0,0.0,0.002,0.0,0.0,510.87,1087.435,1.007
"L_uu_workout[30, 30]",0.003,0.001,0.002,0.006,0.0,0.0,1058.368,1402.615,1.004
"L_uu_workout[30, 31]",0.0,0.0,0.0,0.0,0.0,,2000.0,2000.0,
"L_uu_workout[30, 32]",0.0,0.0,0.0,0.0,0.0,,2000.0,2000.0,
"L_uu_workout[30, 33]",0.0,0.0,0.0,0.0,0.0,,2000.0,2000.0,
"L_uu_workout[30, 34]",0.0,0.0,0.0,0.0,0.0,,2000.0,2000.0,
"L_uu_workout[30, 35]",0.0,0.0,0.0,0.0,0.0,,2000.0,2000.0,
"L_uu_workout[30, 36]",0.0,0.0,0.0,0.0,0.0,,2000.0,2000.0,
"L_uu_workout[30, 37]",0.0,0.0,0.0,0.0,0.0,,2000.0,2000.0,
"L_uu_workout[30, 38]",0.0,0.0,0.0,0.0,0.0,,2000.0,2000.0,
"L_uu_workout[30, 39]",0.0,0.0,0.0,0.0,0.0,,2000.0,2000.0,
"L_uu_workout[30, 40]",0.0,0.0,0.0,0.0,0.0,,2000.0,2000.0,
"L_uu_workout[30, 41]",0.0,0.0,0.0,0.0,0.0,,2000.0,2000.0,
"L_uu_workout[30, 42]",0.0,0.0,0.0,0.0,0.0,,2000.0,2000.0,
"L_uu_workout[30, 43]",0.0,0.0,0.0,0.0,0.0,,2000.0,2000.0,
"L_uu_workout[30, 44]",0.0,0.0,0.0,0.0,0.0,,2000.0,2000.0,
"L_uu_workout[30, 45]",0.0,0.0,0.0,0.0,0.0,,2000.0,2000.0,
"L_uu_workout[30, 46]",0.0,0.0,0.0,0.0,0.0,,2000.0,2000.0,
"L_uu_workout[30, 47]",0.0,0.0,0.0,0.0,0.0,,2000.0,2000.0,
"L_uu_workout[30, 48]",0.0,0.0,0.0,0.0,0.0,,2000.0,2000.0,
"L_uu_workout[30, 49]",0.0,0.0,0.0,0.0,0.0,,2000.0,2000.0,
"L_uu_workout[31, 0]",0.215,0.109,0.062,0.427,0.003,0.003,1317.035,1385.332,1.001
"L_uu_workout[31, 1]",0.072,0.045,0.004,0.15,0.002,0.001,434.815,967.779,1.008
"L_uu_workout[31, 2]",0.051,0.024,0.011,0.097,0.001,0.001,529.962,978.668,1.004
"L_uu_workout[31, 3]",0.033,0.014,0.012,0.061,0.001,0.0,668.484,1100.559,1.004
"L_uu_workout[31, 4]",0.024,0.01,0.009,0.043,0.0,0.0,677.295,1151.696,1.005
"L_uu_workout[31, 5]",0.019,0.01,0.007,0.036,0.0,0.0,602.206,1139.2,1.006
"L_uu_workout[31, 6]",0.016,0.011,0.005,0.034,0.0,0.0,538.976,1154.127,1.008
"L_uu_workout[31, 7]",0.015,0.011,0.004,0.035,0.0,0.001,504.688,1140.221,1.008
"L_uu_workout[31, 8]",0.014,0.011,0.003,0.034,0.0,0.0,485.799,1057.568,1.008
"L_uu_workout[31, 9]",0.013,0.01,0.002,0.032,0.0,0.0,472.871,1006.814,1.008
"L_uu_workout[31, 10]",0.012,0.009,0.002,0.028,0.0,0.0,462.877,965.609,1.008
"L_uu_workout[31, 11]",0.011,0.008,0.002,0.025,0.0,0.0,457.242,915.822,1.008
"L_uu_workout[31, 12]",0.01,0.007,0.001,0.023,0.0,0.0,453.694,929.942,1.007
"L_uu_workout[31, 13]",0.009,0.006,0.001,0.021,0.0,0.0,450.187,984.167,1.007
"L_uu_workout[31, 14]",0.008,0.006,0.001,0.018,0.0,0.0,446.145,1021.409,1.007
"L_uu_workout[31, 15]",0.008,0.005,0.001,0.016,0.0,0.0,442.554,1031.764,1.007
"L_uu_workout[31, 16]",0.007,0.005,0.001,0.014,0.0,0.0,438.256,1090.984,1.008
"L_uu_workout[31, 17]",0.006,0.004,0.001,0.013,0.0,0.0,434.983,1066.061,1.008
"L_uu_workout[31, 18]",0.005,0.004,0.001,0.011,0.0,0.0,432.299,1066.189,1.008
"L_uu_workout[31, 19]",0.005,0.003,0.001,0.01,0.0,0.0,431.008,1066.482,1.008
"L_uu_workout[31, 20]",0.004,0.003,0.001,0.009,0.0,0.0,431.039,1009.621,1.008
"L_uu_workout[31, 21]",0.004,0.003,0.0,0.008,0.0,0.0,432.591,1036.793,1.008
"L_uu_workout[31, 22]",0.003,0.002,0.0,0.007,0.0,0.0,434.56,1059.592,1.008
"L_uu_workout[31, 23]",0.003,0.002,0.0,0.006,0.0,0.0,438.534,1036.951,1.008
"L_uu_workout[31, 24]",0.003,0.002,0.0,0.005,0.0,0.0,443.067,1042.795,1.008
"L_uu_workout[31, 25]",0.002,0.001,0.0,0.005,0.0,0.0,448.619,1020.873,1.008
"L_uu_workout[31, 26]",0.002,0.001,0.0,0.004,0.0,0.0,456.251,988.914,1.008
"L_uu_workout[31, 27]",0.002,0.001,0.0,0.003,0.0,0.0,465.928,962.461,1.007
"L_uu_workout[31, 28]",0.001,0.001,0.0,0.003,0.0,0.0,477.304,1074.2,1.007
"L_uu_workout[31, 29]",0.001,0.001,0.0,0.002,0.0,0.0,492.041,1094.333,1.007
"L_uu_workout[31, 30]",0.001,0.0,0.0,0.002,0.0,0.0,512.928,1048.153,1.007
"L_uu_workout[31, 31]",0.003,0.001,0.002,0.006,0.0,0.0,1057.722,1395.092,1.004
"L_uu_workout[31, 32]",0.0,0.0,0.0,0.0,0.0,,2000.0,2000.0,
"L_uu_workout[31, 33]",0.0,0.0,0.0,0.0,0.0,,2000.0,2000.0,
"L_uu_workout[31, 34]",0.0,0.0,0.0,0.0,0.0,,2000.0,2000.0,
"L_uu_workout[31, 35]",0.0,0.0,0.0,0.0,0.0,,2000.0,2000.0,
"L_uu_workout[31, 36]",0.0,0.0,0.0,0.0,0.0,,2000.0,2000.0,
"L_uu_workout[31, 37]",0.0,0.0,0.0,0.0,0.0,,2000.0,2000.0,
"L_uu_workout[31, 38]",0.0,0.0,0.0,0.0,0.0,,2000.0,2000.0,
"L_uu_workout[31, 39]",0.0,0.0,0.0,0.0,0.0,,2000.0,2000.0,
"L_uu_workout[31, 40]",0.0,0.0,0.0,0.0,0.0,,2000.0,2000.0,
"L_uu_workout[31, 41]",0.0,0.0,0.0,0.0,0.0,,2000.0,2000.0,
"L_uu_workout[31, 42]",0.0,0.0,0.0,0.0,0.0,,2000.0,2000.0,
"L_uu_workout[31, 43]",0.0,0.0,0.0,0.0,0.0,,2000.0,2000.0,
"L_uu_workout[31, 44]",0.0,0.0,0.0,0.0,0.0,,2000.0,2000.0,
"L_uu_workout[31, 45]",0.0,0.0,0.0,0.0,0.0,,2000.0,2000.0,
"L_uu_workout[31, 46]",0.0,0.0,0.0,0.0,0.0,,2000.0,2000.0,
"L_uu_workout[31, 47]",0.0,0.0,0.0,0.0,0.0,,2000.0,2000.0,
"L_uu_workout[31, 48]",0.0,0.0,0.0,0.0,0.0,,2000.0,2000.0,
"L_uu_workout[31, 49]",0.0,0.0,0.0,0.0,0.0,,2000.0,2000.0,
"L_uu_workout[32, 0]",0.214,0.109,0.06,0.425,0.003,0.003,1313.861,1385.332,1.002
"L_uu_workout[32, 1]",0.073,0.045,0.005,0.152,0.002,0.001,436.904,967.779,1.008
"L_uu_workout[32, 2]",0.052,0.024,0.011,0.099,0.001,0.001,536.257,978.668,1.004
"L_uu_workout[32, 3]",0.034,0.014,0.012,0.063,0.001,0.0,677.39,1050.38,1.004
"L_uu_workout[32, 4]",0.024,0.01,0.01,0.045,0.0,0.0,681.066,1128.381,1.005
"L_uu_workout[32, 5]",0.019,0.01,0.007,0.038,0.0,0.0,602.016,1139.2,1.006
"L_uu_workout[32, 6]",0.017,0.011,0.005,0.036,0.0,0.001,537.7,1154.127,1.008
"L_uu_workout[32, 7]",0.016,0.011,0.004,0.037,0.0,0.001,503.564,1127.373,1.008
"L_uu_workout[32, 8]",0.015,0.011,0.003,0.035,0.0,0.0,484.703,1065.24,1.008
"L_uu_workout[32, 9]",0.014,0.011,0.002,0.033,0.0,0.0,471.829,1006.814,1.008
"L_uu_workout[32, 10]",0.013,0.01,0.002,0.03,0.0,0.0,461.943,996.133,1.008
"L_uu_workout[32, 11]",0.012,0.009,0.002,0.027,0.0,0.0,456.424,933.124,1.008
"L_uu_workout[32, 12]",0.011,0.008,0.001,0.024,0.0,0.0,453.333,929.942,1.007
"L_uu_workout[32, 13]",0.01,0.007,0.001,0.022,0.0,0.0,449.775,984.167,1.007
"L_uu_workout[32, 14]",0.009,0.006,0.001,0.019,0.0,0.0,445.289,1000.079,1.007
"L_uu_workout[32, 15]",0.008,0.005,0.001,0.018,0.0,0.0,441.668,1031.992,1.007
"L_uu_workout[32, 16]",0.007,0.005,0.001,0.016,0.0,0.0,437.398,1090.984,1.008
"L_uu_workout[32, 17]",0.007,0.004,0.001,0.014,0.0,0.0,433.709,1066.061,1.008
"L_uu_workout[32, 18]",0.006,0.004,0.001,0.012,0.0,0.0,431.31,1066.482,1.008
"L_uu_workout[32, 19]",0.005,0.004,0.001,0.011,0.0,0.0,429.549,1065.982,1.008
"L_uu_workout[32, 20]",0.005,0.003,0.001,0.01,0.0,0.0,429.467,1036.793,1.008
"L_uu_workout[32, 21]",0.004,0.003,0.001,0.009,0.0,0.0,430.335,1059.592,1.008
"L_uu_workout[32, 22]",0.004,0.002,0.001,0.008,0.0,0.0,432.029,1048.041,1.008
"L_uu_workout[32, 23]",0.003,0.002,0.0,0.007,0.0,0.0,435.463,1008.573,1.008
"L_uu_workout[32, 24]",0.003,0.002,0.0,0.006,0.0,0.0,438.834,998.421,1.008
"L_uu_workout[32, 25]",0.003,0.002,0.0,0.005,0.0,0.0,444.494,998.218,1.008
"L_uu_workout[32, 26]",0.002,0.001,0.0,0.004,0.0,0.0,450.613,967.97,1.008
"L_uu_workout[32, 27]",0.002,0.001,0.0,0.004,0.0,0.0,458.774,1008.118,1.008
"L_uu_workout[32, 28]",0.002,0.001,0.0,0.003,0.0,0.0,468.119,937.112,1.007
"L_uu_workout[32, 29]",0.001,0.001,0.0,0.003,0.0,0.0,479.321,1098.491,1.007
"L_uu_workout[32, 30]",0.001,0.001,0.0,0.002,0.0,0.0,494.507,1137.614,1.007
"L_uu_workout[32, 31]",0.001,0.0,0.0,0.002,0.0,0.0,514.62,1012.139,1.007
"L_uu_workout[32, 32]",0.003,0.001,0.002,0.006,0.0,0.0,1058.381,1395.092,1.004
"L_uu_workout[32, 33]",0.0,0.0,0.0,0.0,0.0,,2000.0,2000.0,
"L_uu_workout[32, 34]",0.0,0.0,0.0,0.0,0.0,,2000.0,2000.0,
"L_uu_workout[32, 35]",0.0,0.0,0.0,0.0,0.0,,2000.0,2000.0,
"L_uu_workout[32, 36]",0.0,0.0,0.0,0.0,0.0,,2000.0,2000.0,
"L_uu_workout[32, 37]",0.0,0.0,0.0,0.0,0.0,,2000.0,2000.0,
"L_uu_workout[32, 38]",0.0,0.0,0.0,0.0,0.0,,2000.0,2000.0,
"L_uu_workout[32, 39]",0.0,0.0,0.0,0.0,0.0,,2000.0,2000.0,
"L_uu_workout[32, 40]",0.0,0.0,0.0,0.0,0.0,,2000.0,2000.0,
"L_uu_workout[32, 41]",0.0,0.0,0.0,0.0,0.0,,2000.0,2000.0,
"L_uu_workout[32, 42]",0.0,0.0,0.0,0.0,0.0,,2000.0,2000.0,
"L_uu_workout[32, 43]",0.0,0.0,0.0,0.0,0.0,,2000.0,2000.0,
"L_uu_workout[32, 44]",0.0,0.0,0.0,0.0,0.0,,2000.0,2000.0,
"L_uu_workout[32, 45]",0.0,0.0,0.0,0.0,0.0,,2000.0,2000.0,
"L_uu_workout[32, 46]",0.0,0.0,0.0,0.0,0.0,,2000.0,2000.0,
"L_uu_workout[32, 47]",0.0,0.0,0.0,0.0,0.0,,2000.0,2000.0,
"L_uu_workout[32, 48]",0.0,0.0,0.0,0.0,0.0,,2000.0,2000.0,
"L_uu_workout[32, 49]",0.0,0.0,0.0,0.0,0.0,,2000.0,2000.0,
"L_uu_workout[33, 0]",0.212,0.109,0.057,0.423,0.003,0.003,1308.339,1385.332,1.001
"L_uu_workout[33, 1]",0.074,0.046,0.005,0.155,0.002,0.001,438.72,967.779,1.008
"L_uu_workout[33, 2]",0.053,0.025,0.011,0.1,0.001,0.001,543.634,988.396,1.004
"L_uu_workout[33, 3]",0.035,0.015,0.013,0.064,0.001,0.0,686.857,1028.253,1.004
"L_uu_workout[33, 4]",0.025,0.011,0.01,0.046,0.0,0.0,686.803,1128.83,1.005
"L_uu_workout[33, 5]",0.02,0.01,0.007,0.039,0.0,0.0,602.623,1138.883,1.006
"L_uu_workout[33, 6]",0.018,0.011,0.004,0.036,0.0,0.001,536.389,1139.881,1.008
"L_uu_workout[33, 7]",0.016,0.012,0.004,0.038,0.0,0.001,502.361,1109.826,1.008
"L_uu_workout[33, 8]",0.015,0.012,0.003,0.037,0.001,0.0,483.688,1053.604,1.008
"L_uu_workout[33, 9]",0.014,0.011,0.002,0.034,0.0,0.0,470.5,1016.843,1.008
"L_uu_workout[33, 10]",0.013,0.01,0.002,0.031,0.0,0.0,460.888,1006.382,1.008
"L_uu_workout[33, 11]",0.012,0.009,0.002,0.028,0.0,0.0,455.53,914.983,1.007
"L_uu_workout[33, 12]",0.011,0.008,0.002,0.026,0.0,0.0,452.477,929.942,1.007
"L_uu_workout[33, 13]",0.01,0.007,0.001,0.023,0.0,0.0,448.933,980.572,1.007
"L_uu_workout[33, 14]",0.009,0.006,0.001,0.021,0.0,0.0,444.678,1000.079,1.007
"L_uu_workout[33, 15]",0.009,0.006,0.001,0.019,0.0,0.0,441.081,1020.545,1.007
"L_uu_workout[33, 16]",0.008,0.005,0.001,0.017,0.0,0.0,436.44,1066.061,1.008
"L_uu_workout[33, 17]",0.007,0.005,0.001,0.015,0.0,0.0,432.585,1066.061,1.008
"L_uu_workout[33, 18]",0.006,0.004,0.001,0.013,0.0,0.0,430.106,1066.482,1.008
"L_uu_workout[33, 19]",0.006,0.004,0.001,0.012,0.0,0.0,428.355,1036.793,1.008
"L_uu_workout[33, 20]",0.005,0.004,0.001,0.011,0.0,0.0,428.069,1036.39,1.008
"L_uu_workout[33, 21]",0.005,0.003,0.001,0.01,0.0,0.0,428.529,1019.317,1.008
"L_uu_workout[33, 22]",0.004,0.003,0.001,0.009,0.0,0.0,430.277,1019.75,1.008
"L_uu_workout[33, 23]",0.004,0.002,0.0,0.008,0.0,0.0,432.761,1019.75,1.008
"L_uu_workout[33, 24]",0.003,0.002,0.0,0.007,0.0,0.0,436.281,1008.779,1.008
"L_uu_workout[33, 25]",0.003,0.002,0.0,0.006,0.0,0.0,441.454,998.421,1.008
"L_uu_workout[33, 26]",0.003,0.002,0.0,0.005,0.0,0.0,446.761,967.171,1.008
"L_uu_workout[33, 27]",0.002,0.001,0.0,0.004,0.0,0.0,454.197,987.869,1.008
"L_uu_workout[33, 28]",0.002,0.001,0.0,0.004,0.0,0.0,461.46,975.89,1.007
"L_uu_workout[33, 29]",0.002,0.001,0.0,0.003,0.0,0.0,470.365,957.483,1.007
"L_uu_workout[33, 30]",0.001,0.001,0.0,0.003,0.0,0.0,481.068,1027.019,1.007
"L_uu_workout[33, 31]",0.001,0.001,0.0,0.002,0.0,0.0,496.825,1089.445,1.007
"L_uu_workout[33, 32]",0.001,0.0,0.0,0.002,0.0,0.0,515.87,1012.139,1.007
"L_uu_workout[33, 33]",0.003,0.001,0.002,0.006,0.0,0.0,1058.939,1395.092,1.004
"L_uu_workout[33, 34]",0.0,0.0,0.0,0.0,0.0,,2000.0,2000.0,
"L_uu_workout[33, 35]",0.0,0.0,0.0,0.0,0.0,,2000.0,2000.0,
"L_uu_workout[33, 36]",0.0,0.0,0.0,0.0,0.0,,2000.0,2000.0,
"L_uu_workout[33, 37]",0.0,0.0,0.0,0.0,0.0,,2000.0,2000.0,
"L_uu_workout[33, 38]",0.0,0.0,0.0,0.0,0.0,,2000.0,2000.0,
"L_uu_workout[33, 39]",0.0,0.0,0.0,0.0,0.0,,2000.0,2000.0,
"L_uu_workout[33, 40]",0.0,0.0,0.0,0.0,0.0,,2000.0,2000.0,
"L_uu_workout[33, 41]",0.0,0.0,0.0,0.0,0.0,,2000.0,2000.0,
"L_uu_workout[33, 42]",0.0,0.0,0.0,0.0,0.0,,2000.0,2000.0,
"L_uu_workout[33, 43]",0.0,0.0,0.0,0.0,0.0,,2000.0,2000.0,
"L_uu_workout[33, 44]",0.0,0.0,0.0,0.0,0.0,,2000.0,2000.0,
"L_uu_workout[33, 45]",0.0,0.0,0.0,0.0,0.0,,2000.0,2000.0,
"L_uu_workout[33, 46]",0.0,0.0,0.0,0.0,0.0,,2000.0,2000.0,
"L_uu_workout[33, 47]",0.0,0.0,0.0,0.0,0.0,,2000.0,2000.0,
"L_uu_workout[33, 48]",0.0,0.0,0.0,0.0,0.0,,2000.0,2000.0,
"L_uu_workout[33, 49]",0.0,0.0,0.0,0.0,0.0,,2000.0,2000.0,
"L_uu_workout[34, 0]",0.21,0.109,0.053,0.42,0.003,0.003,1302.72,1385.332,1.001
"L_uu_workout[34, 1]",0.075,0.046,0.006,0.158,0.002,0.001,441.226,967.779,1.008
"L_uu_workout[34, 2]",0.054,0.025,0.011,0.103,0.001,0.001,550.774,988.396,1.004
"L_uu_workout[34, 3]",0.035,0.015,0.013,0.066,0.001,0.0,698.363,1039.728,1.004
"L_uu_workout[34, 4]",0.025,0.011,0.011,0.047,0.0,0.0,693.577,1128.83,1.005
"L_uu_workout[34, 5]",0.021,0.011,0.008,0.04,0.0,0.0,603.386,1125.529,1.006
"L_uu_workout[34, 6]",0.018,0.012,0.005,0.038,0.0,0.001,535.425,1113.069,1.008
"L_uu_workout[34, 7]",0.017,0.012,0.004,0.039,0.001,0.001,501.836,1122.212,1.008
"L_uu_workout[34, 8]",0.016,0.012,0.003,0.038,0.001,0.001,482.451,1018.318,1.008
"L_uu_workout[34, 9]",0.015,0.011,0.003,0.036,0.001,0.0,469.311,995.57,1.008
"L_uu_workout[34, 10]",0.014,0.011,0.002,0.033,0.0,0.0,460.249,1006.382,1.008
"L_uu_workout[34, 11]",0.013,0.01,0.002,0.03,0.0,0.0,454.873,934.102,1.007
"L_uu_workout[34, 12]",0.012,0.009,0.002,0.027,0.0,0.0,451.743,975.021,1.007
"L_uu_workout[34, 13]",0.011,0.008,0.001,0.025,0.0,0.0,448.52,1010.186,1.007
"L_uu_workout[34, 14]",0.01,0.007,0.001,0.022,0.0,0.0,444.372,1010.059,1.007
"L_uu_workout[34, 15]",0.009,0.006,0.001,0.02,0.0,0.0,440.474,1078.844,1.007
"L_uu_workout[34, 16]",0.008,0.006,0.001,0.018,0.0,0.0,435.879,1066.061,1.008
"L_uu_workout[34, 17]",0.008,0.005,0.001,0.016,0.0,0.0,432.128,1066.189,1.008
"L_uu_workout[34, 18]",0.007,0.005,0.001,0.014,0.0,0.0,428.952,1065.982,1.008
"L_uu_workout[34, 19]",0.006,0.004,0.001,0.013,0.0,0.0,427.239,1036.39,1.008
"L_uu_workout[34, 20]",0.006,0.004,0.001,0.012,0.0,0.0,426.79,1030.365,1.008
"L_uu_workout[34, 21]",0.005,0.003,0.001,0.011,0.0,0.0,426.747,1030.853,1.008
"L_uu_workout[34, 22]",0.004,0.003,0.001,0.009,0.0,0.0,427.944,1019.02,1.008
"L_uu_workout[34, 23]",0.004,0.003,0.0,0.008,0.0,0.0,430.61,1019.02,1.008
"L_uu_workout[34, 24]",0.004,0.002,0.001,0.008,0.0,0.0,434.387,998.38,1.008
"L_uu_workout[34, 25]",0.003,0.002,0.0,0.007,0.0,0.0,438.916,998.38,1.008
"L_uu_workout[34, 26]",0.003,0.002,0.0,0.006,0.0,0.0,443.821,988.389,1.008
"L_uu_workout[34, 27]",0.002,0.002,0.0,0.005,0.0,0.0,449.915,967.171,1.008
"L_uu_workout[34, 28]",0.002,0.001,0.0,0.004,0.0,0.0,456.669,969.429,1.008
"L_uu_workout[34, 29]",0.002,0.001,0.0,0.004,0.0,0.0,463.883,948.912,1.007
"L_uu_workout[34, 30]",0.002,0.001,0.0,0.003,0.0,0.0,472.429,954.66,1.007
"L_uu_workout[34, 31]",0.001,0.001,0.0,0.003,0.0,0.0,483.385,1027.019,1.007
"L_uu_workout[34, 32]",0.001,0.001,0.0,0.002,0.0,0.0,497.949,1058.055,1.007
"L_uu_workout[34, 33]",0.001,0.0,0.0,0.002,0.0,0.0,516.38,999.814,1.007
"L_uu_workout[34, 34]",0.003,0.001,0.002,0.006,0.0,0.0,1059.227,1402.769,1.004
"L_uu_workout[34, 35]",0.0,0.0,0.0,0.0,0.0,,2000.0,2000.0,
"L_uu_workout[34, 36]",0.0,0.0,0.0,0.0,0.0,,2000.0,2000.0,
"L_uu_workout[34, 37]",0.0,0.0,0.0,0.0,0.0,,2000.0,2000.0,
"L_uu_workout[34, 38]",0.0,0.0,0.0,0.0,0.0,,2000.0,2000.0,
"L_uu_workout[34, 39]",0.0,0.0,0.0,0.0,0.0,,2000.0,2000.0,
"L_uu_workout[34, 40]",0.0,0.0,0.0,0.0,0.0,,2000.0,2000.0,
"L_uu_workout[34, 41]",0.0,0.0,0.0,0.0,0.0,,2000.0,2000.0,
"L_uu_workout[34, 42]",0.0,0.0,0.0,0.0,0.0,,2000.0,2000.0,
"L_uu_workout[34, 43]",0.0,0.0,0.0,0.0,0.0,,2000.0,2000.0,
"L_uu_workout[34, 44]",0.0,0.0,0.0,0.0,0.0,,2000.0,2000.0,
"L_uu_workout[34, 45]",0.0,0.0,0.0,0.0,0.0,,2000.0,2000.0,
"L_uu_workout[34, 46]",0.0,0.0,0.0,0.0,0.0,,2000.0,2000.0,
"L_uu_workout[34, 47]",0.0,0.0,0.0,0.0,0.0,,2000.0,2000.0,
"L_uu_workout[34, 48]",0.0,0.0,0.0,0.0,0.0,,2000.0,2000.0,
"L_uu_workout[34, 49]",0.0,0.0,0.0,0.0,0.0,,2000.0,2000.0,
"L_uu_workout[35, 0]",0.208,0.109,0.051,0.418,0.003,0.003,1296.527,1385.186,1.001
"L_uu_workout[35, 1]",0.076,0.047,0.008,0.161,0.002,0.001,443.96,978.249,1.008
"L_uu_workout[35, 2]",0.055,0.026,0.012,0.105,0.001,0.001,557.976,1009.637,1.004
"L_uu_workout[35, 3]",0.036,0.015,0.013,0.067,0.001,0.0,710.287,1021.789,1.004
"L_uu_workout[35, 4]",0.026,0.011,0.011,0.048,0.0,0.0,699.912,1064.313,1.005
"L_uu_workout[35, 5]",0.021,0.011,0.008,0.041,0.0,0.0,604.015,1125.529,1.006
"L_uu_workout[35, 6]",0.019,0.012,0.005,0.039,0.0,0.001,535.199,1107.433,1.008
"L_uu_workout[35, 7]",0.017,0.013,0.004,0.04,0.001,0.001,500.77,1095.59,1.008
"L_uu_workout[35, 8]",0.016,0.013,0.003,0.039,0.001,0.001,481.597,1006.166,1.008
"L_uu_workout[35, 9]",0.016,0.012,0.003,0.037,0.001,0.0,468.575,1029.294,1.008
"L_uu_workout[35, 10]",0.015,0.011,0.002,0.034,0.0,0.0,459.544,975.439,1.008
"L_uu_workout[35, 11]",0.014,0.01,0.002,0.031,0.0,0.0,454.254,934.102,1.007
"L_uu_workout[35, 12]",0.013,0.009,0.002,0.029,0.0,0.0,451.034,1002.636,1.007
"L_uu_workout[35, 13]",0.012,0.008,0.001,0.026,0.0,0.0,448.048,1010.186,1.007
"L_uu_workout[35, 14]",0.011,0.007,0.001,0.023,0.0,0.0,443.726,1010.059,1.007
"L_uu_workout[35, 15]",0.01,0.007,0.001,0.021,0.0,0.0,439.895,1090.984,1.007
"L_uu_workout[35, 16]",0.009,0.006,0.001,0.019,0.0,0.0,435.505,1066.061,1.007
"L_uu_workout[35, 17]",0.008,0.006,0.001,0.017,0.0,0.0,431.631,1066.482,1.008
"L_uu_workout[35, 18]",0.007,0.005,0.001,0.016,0.0,0.0,427.855,1065.982,1.008
"L_uu_workout[35, 19]",0.007,0.005,0.001,0.014,0.0,0.0,426.198,1036.39,1.008
"L_uu_workout[35, 20]",0.006,0.004,0.001,0.013,0.0,0.0,425.212,998.574,1.008
"L_uu_workout[35, 21]",0.005,0.004,0.001,0.011,0.0,0.0,425.692,1030.278,1.008
"L_uu_workout[35, 22]",0.005,0.003,0.001,0.01,0.0,0.0,426.624,1030.278,1.008
"L_uu_workout[35, 23]",0.004,0.003,0.0,0.009,0.0,0.0,428.705,1008.523,1.008
"L_uu_workout[35, 24]",0.004,0.003,0.0,0.008,0.0,0.0,432.905,1008.523,1.008
"L_uu_workout[35, 25]",0.003,0.002,0.0,0.007,0.0,0.0,436.229,998.918,1.008
"L_uu_workout[35, 26]",0.003,0.002,0.0,0.007,0.0,0.0,441.231,988.529,1.008
"L_uu_workout[35, 27]",0.003,0.002,0.0,0.006,0.0,0.0,446.928,967.171,1.008
"L_uu_workout[35, 28]",0.002,0.002,0.0,0.005,0.0,0.0,453.561,958.79,1.008
"L_uu_workout[35, 29]",0.002,0.001,0.0,0.004,0.0,0.0,459.24,979.066,1.008
"L_uu_workout[35, 30]",0.002,0.001,0.0,0.004,0.0,0.0,466.318,960.263,1.007
"L_uu_workout[35, 31]",0.002,0.001,0.0,0.003,0.0,0.0,475.195,1050.5,1.007
"L_uu_workout[35, 32]",0.001,0.001,0.0,0.003,0.0,0.0,485.237,1000.257,1.007
"L_uu_workout[35, 33]",0.001,0.001,0.0,0.002,0.0,0.0,498.561,1088.146,1.007
"L_uu_workout[35, 34]",0.001,0.0,0.0,0.002,0.0,0.0,517.379,1000.781,1.007
"L_uu_workout[35, 35]",0.003,0.001,0.002,0.006,0.0,0.0,1059.346,1402.769,1.004
"L_uu_workout[35, 36]",0.0,0.0,0.0,0.0,0.0,,2000.0,2000.0,
"L_uu_workout[35, 37]",0.0,0.0,0.0,0.0,0.0,,2000.0,2000.0,
"L_uu_workout[35, 38]",0.0,0.0,0.0,0.0,0.0,,2000.0,2000.0,
"L_uu_workout[35, 39]",0.0,0.0,0.0,0.0,0.0,,2000.0,2000.0,
"L_uu_workout[35, 40]",0.0,0.0,0.0,0.0,0.0,,2000.0,2000.0,
"L_uu_workout[35, 41]",0.0,0.0,0.0,0.0,0.0,,2000.0,2000.0,
"L_uu_workout[35, 42]",0.0,0.0,0.0,0.0,0.0,,2000.0,2000.0,
"L_uu_workout[35, 43]",0.0,0.0,0.0,0.0,0.0,,2000.0,2000.0,
"L_uu_workout[35, 44]",0.0,0.0,0.0,0.0,0.0,,2000.0,2000.0,
"L_uu_workout[35, 45]",0.0,0.0,0.0,0.0,0.0,,2000.0,2000.0,
"L_uu_workout[35, 46]",0.0,0.0,0.0,0.0,0.0,,2000.0,2000.0,
"L_uu_workout[35, 47]",0.0,0.0,0.0,0.0,0.0,,2000.0,2000.0,
"L_uu_workout[35, 48]",0.0,0.0,0.0,0.0,0.0,,2000.0,2000.0,
"L_uu_workout[35, 49]",0.0,0.0,0.0,0.0,0.0,,2000.0,2000.0,
"L_uu_workout[36, 0]",0.206,0.109,0.049,0.418,0.003,0.003,1290.609,1385.419,1.001
"L_uu_workout[36, 1]",0.077,0.047,0.007,0.161,0.002,0.001,446.566,978.249,1.008
"L_uu_workout[36, 2]",0.056,0.026,0.013,0.107,0.001,0.001,566.942,1009.449,1.004
"L_uu_workout[36, 3]",0.037,0.016,0.014,0.069,0.001,0.0,724.127,1021.789,1.003
"L_uu_workout[36, 4]",0.027,0.011,0.011,0.049,0.0,0.0,707.271,1070.17,1.005
"L_uu_workout[36, 5]",0.022,0.011,0.008,0.041,0.0,0.0,604.724,1099.162,1.006
"L_uu_workout[36, 6]",0.019,0.012,0.005,0.04,0.0,0.001,534.655,1121.39,1.008
"L_uu_workout[36, 7]",0.018,0.013,0.004,0.041,0.001,0.001,500.254,1093.959,1.008
"L_uu_workout[36, 8]",0.017,0.013,0.003,0.041,0.001,0.001,480.533,1027.824,1.008
"L_uu_workout[36, 9]",0.016,0.012,0.003,0.039,0.001,0.0,467.78,1029.294,1.008
"L_uu_workout[36, 10]",0.015,0.011,0.002,0.035,0.001,0.0,459.38,955.588,1.008
"L_uu_workout[36, 11]",0.014,0.01,0.002,0.033,0.0,0.0,453.368,972.848,1.007
"L_uu_workout[36, 12]",0.013,0.009,0.002,0.03,0.0,0.0,450.377,1013.308,1.007
"L_uu_workout[36, 13]",0.012,0.008,0.001,0.027,0.0,0.0,447.694,1014.156,1.007
"L_uu_workout[36, 14]",0.011,0.008,0.001,0.025,0.0,0.0,443.252,1031.764,1.007
"L_uu_workout[36, 15]",0.01,0.007,0.001,0.023,0.0,0.0,439.292,1090.984,1.007
"L_uu_workout[36, 16]",0.009,0.006,0.001,0.021,0.0,0.0,434.912,1066.061,1.007
"L_uu_workout[36, 17]",0.009,0.006,0.001,0.018,0.0,0.0,430.849,1066.482,1.008
"L_uu_workout[36, 18]",0.008,0.005,0.001,0.017,0.0,0.0,427.11,1036.793,1.008
"L_uu_workout[36, 19]",0.007,0.005,0.001,0.015,0.0,0.0,425.102,1030.744,1.008
"L_uu_workout[36, 20]",0.006,0.005,0.001,0.014,0.0,0.0,424.015,987.468,1.008
"L_uu_workout[36, 21]",0.006,0.004,0.001,0.013,0.0,0.0,424.664,1030.278,1.008
"L_uu_workout[36, 22]",0.005,0.004,0.001,0.011,0.0,0.0,425.39,1008.523,1.008
"L_uu_workout[36, 23]",0.005,0.003,0.001,0.01,0.0,0.0,427.448,1008.523,1.008
"L_uu_workout[36, 24]",0.004,0.003,0.001,0.009,0.0,0.0,431.18,1008.523,1.008
"L_uu_workout[36, 25]",0.004,0.003,0.0,0.008,0.0,0.0,434.823,1008.523,1.008
"L_uu_workout[36, 26]",0.003,0.002,0.0,0.007,0.0,0.0,439.035,998.918,1.008
"L_uu_workout[36, 27]",0.003,0.002,0.0,0.006,0.0,0.0,444.21,968.236,1.008
"L_uu_workout[36, 28]",0.003,0.002,0.0,0.006,0.0,0.0,449.874,978.048,1.008
"L_uu_workout[36, 29]",0.002,0.002,0.0,0.005,0.0,0.0,456.162,978.048,1.008
"L_uu_workout[36, 30]",0.002,0.001,0.0,0.004,0.0,0.0,462.067,978.337,1.008
"L_uu_workout[36, 31]",0.002,0.001,0.0,0.004,0.0,0.0,468.96,965.593,1.007
"L_uu_workout[36, 32]",0.002,0.001,0.0,0.003,0.0,0.0,477.167,954.261,1.007
"L_uu_workout[36, 33]",0.001,0.001,0.0,0.003,0.0,0.0,487.118,1039.462,1.007
"L_uu_workout[36, 34]",0.001,0.001,0.0,0.002,0.0,0.0,499.82,1088.061,1.007
"L_uu_workout[36, 35]",0.001,0.0,0.0,0.002,0.0,0.0,517.86,1015.316,1.007
"L_uu_workout[36, 36]",0.003,0.001,0.002,0.006,0.0,0.0,1059.384,1393.707,1.004
"L_uu_workout[36, 37]",0.0,0.0,0.0,0.0,0.0,,2000.0,2000.0,
"L_uu_workout[36, 38]",0.0,0.0,0.0,0.0,0.0,,2000.0,2000.0,
"L_uu_workout[36, 39]",0.0,0.0,0.0,0.0,0.0,,2000.0,2000.0,
"L_uu_workout[36, 40]",0.0,0.0,0.0,0.0,0.0,,2000.0,2000.0,
"L_uu_workout[36, 41]",0.0,0.0,0.0,0.0,0.0,,2000.0,2000.0,
"L_uu_workout[36, 42]",0.0,0.0,0.0,0.0,0.0,,2000.0,2000.0,
"L_uu_workout[36, 43]",0.0,0.0,0.0,0.0,0.0,,2000.0,2000.0,
"L_uu_workout[36, 44]",0.0,0.0,0.0,0.0,0.0,,2000.0,2000.0,
"L_uu_workout[36, 45]",0.0,0.0,0.0,0.0,0.0,,2000.0,2000.0,
"L_uu_workout[36, 46]",0.0,0.0,0.0,0.0,0.0,,2000.0,2000.0,
"L_uu_workout[36, 47]",0.0,0.0,0.0,0.0,0.0,,2000.0,2000.0,
"L_uu_workout[36, 48]",0.0,0.0,0.0,0.0,0.0,,2000.0,2000.0,
"L_uu_workout[36, 49]",0.0,0.0,0.0,0.0,0.0,,2000.0,2000.0,
"L_uu_workout[37, 0]",0.204,0.108,0.047,0.415,0.003,0.003,1284.824,1385.39,1.001
"L_uu_workout[37, 1]",0.078,0.047,0.004,0.16,0.002,0.001,449.59,978.249,1.007
"L_uu_workout[37, 2]",0.057,0.027,0.013,0.109,0.001,0.001,575.651,1009.449,1.004
"L_uu_workout[37, 3]",0.037,0.016,0.015,0.071,0.001,0.0,739.845,1021.789,1.003
"L_uu_workout[37, 4]",0.027,0.011,0.012,0.051,0.0,0.0,715.53,1162.957,1.005
"L_uu_workout[37, 5]",0.022,0.011,0.008,0.042,0.0,0.0,606.258,1099.162,1.006
"L_uu_workout[37, 6]",0.02,0.012,0.006,0.041,0.001,0.001,534.49,1081.433,1.008
"L_uu_workout[37, 7]",0.018,0.013,0.004,0.042,0.001,0.001,499.502,1114.379,1.008
"L_uu_workout[37, 8]",0.018,0.013,0.004,0.042,0.001,0.001,480.243,1017.911,1.008
"L_uu_workout[37, 9]",0.017,0.013,0.003,0.039,0.001,0.0,467.114,1007.68,1.008
"L_uu_workout[37, 10]",0.016,0.012,0.002,0.037,0.001,0.0,459.0,954.881,1.008
"L_uu_workout[37, 11]",0.015,0.011,0.002,0.034,0.0,0.0,452.995,943.91,1.007
"L_uu_workout[37, 12]",0.014,0.01,0.002,0.032,0.0,0.0,449.727,991.968,1.007
"L_uu_workout[37, 13]",0.013,0.009,0.001,0.028,0.0,0.0,447.271,1014.156,1.007
"L_uu_workout[37, 14]",0.012,0.008,0.001,0.026,0.0,0.0,442.701,1031.764,1.007
"L_uu_workout[37, 15]",0.011,0.007,0.001,0.024,0.0,0.0,438.928,1066.061,1.007
"L_uu_workout[37, 16]",0.01,0.007,0.001,0.022,0.0,0.0,434.528,1066.061,1.007
"L_uu_workout[37, 17]",0.009,0.006,0.001,0.019,0.0,0.0,429.941,1065.982,1.008
"L_uu_workout[37, 18]",0.008,0.006,0.001,0.018,0.0,0.0,426.453,1036.39,1.008
"L_uu_workout[37, 19]",0.008,0.005,0.001,0.016,0.0,0.0,424.424,998.574,1.008
"L_uu_workout[37, 20]",0.007,0.005,0.001,0.015,0.0,0.0,423.076,987.468,1.008
"L_uu_workout[37, 21]",0.006,0.005,0.001,0.014,0.0,0.0,423.487,1030.278,1.008
"L_uu_workout[37, 22]",0.006,0.004,0.001,0.012,0.0,0.0,424.143,1008.523,1.008
"L_uu_workout[37, 23]",0.005,0.004,0.001,0.011,0.0,0.0,426.615,1008.523,1.008
"L_uu_workout[37, 24]",0.005,0.003,0.001,0.01,0.0,0.0,429.668,1008.523,1.008
"L_uu_workout[37, 25]",0.004,0.003,0.001,0.009,0.0,0.0,433.841,1008.523,1.008
"L_uu_workout[37, 26]",0.004,0.003,0.0,0.008,0.0,0.0,437.782,998.27,1.008
"L_uu_workout[37, 27]",0.003,0.002,0.0,0.007,0.0,0.0,441.761,998.505,1.008
"L_uu_workout[37, 28]",0.003,0.002,0.0,0.006,0.0,0.0,447.242,958.196,1.008
"L_uu_workout[37, 29]",0.003,0.002,0.0,0.006,0.0,0.0,452.928,958.79,1.008
"L_uu_workout[37, 30]",0.002,0.002,0.0,0.005,0.0,0.0,457.959,998.073,1.008
"L_uu_workout[37, 31]",0.002,0.001,0.0,0.004,0.0,0.0,464.125,989.405,1.008
"L_uu_workout[37, 32]",0.002,0.001,0.0,0.004,0.0,0.0,471.047,965.593,1.007
"L_uu_workout[37, 33]",0.002,0.001,0.0,0.003,0.0,0.0,479.199,1027.338,1.007
"L_uu_workout[37, 34]",0.001,0.001,0.0,0.003,0.0,0.0,488.306,1051.654,1.007
"L_uu_workout[37, 35]",0.001,0.001,0.0,0.002,0.0,0.0,500.542,1075.759,1.007
"L_uu_workout[37, 36]",0.001,0.0,0.0,0.002,0.0,0.0,518.241,1018.419,1.007
"L_uu_workout[37, 37]",0.003,0.001,0.002,0.006,0.0,0.0,1059.549,1393.707,1.004
"L_uu_workout[37, 38]",0.0,0.0,0.0,0.0,0.0,,2000.0,2000.0,
"L_uu_workout[37, 39]",0.0,0.0,0.0,0.0,0.0,,2000.0,2000.0,
"L_uu_workout[37, 40]",0.0,0.0,0.0,0.0,0.0,,2000.0,2000.0,
"L_uu_workout[37, 41]",0.0,0.0,0.0,0.0,0.0,,2000.0,2000.0,
"L_uu_workout[37, 42]",0.0,0.0,0.0,0.0,0.0,,2000.0,2000.0,
"L_uu_workout[37, 43]",0.0,0.0,0.0,0.0,0.0,,2000.0,2000.0,
"L_uu_workout[37, 44]",0.0,0.0,0.0,0.0,0.0,,2000.0,2000.0,
"L_uu_workout[37, 45]",0.0,0.0,0.0,0.0,0.0,,2000.0,2000.0,
"L_uu_workout[37, 46]",0.0,0.0,0.0,0.0,0.0,,2000.0,2000.0,
"L_uu_workout[37, 47]",0.0,0.0,0.0,0.0,0.0,,2000.0,2000.0,
"L_uu_workout[37, 48]",0.0,0.0,0.0,0.0,0.0,,2000.0,2000.0,
"L_uu_workout[37, 49]",0.0,0.0,0.0,0.0,0.0,,2000.0,2000.0,
"L_uu_workout[38, 0]",0.202,0.108,0.042,0.412,0.003,0.003,1277.432,1385.39,1.001
"L_uu_workout[38, 1]",0.079,0.047,0.008,0.165,0.002,0.001,452.493,978.249,1.007
"L_uu_workout[38, 2]",0.058,0.027,0.014,0.112,0.001,0.001,584.657,1026.042,1.003
"L_uu_workout[38, 3]",0.038,0.016,0.015,0.072,0.001,0.0,757.906,1010.836,1.003
"L_uu_workout[38, 4]",0.028,0.012,0.011,0.051,0.0,0.0,723.909,1134.576,1.005
"L_uu_workout[38, 5]",0.023,0.011,0.008,0.043,0.0,0.0,608.146,1087.792,1.006
"L_uu_workout[38, 6]",0.02,0.013,0.005,0.041,0.001,0.001,534.888,1081.433,1.008
"L_uu_workout[38, 7]",0.019,0.013,0.005,0.044,0.001,0.001,498.82,1103.092,1.008
"L_uu_workout[38, 8]",0.018,0.014,0.004,0.043,0.001,0.001,479.837,1017.911,1.008
"L_uu_workout[38, 9]",0.017,0.013,0.003,0.041,0.001,0.0,466.735,996.911,1.008
"L_uu_workout[38, 10]",0.017,0.012,0.002,0.038,0.001,0.0,458.333,944.896,1.008
"L_uu_workout[38, 11]",0.016,0.011,0.002,0.035,0.001,0.0,452.536,962.89,1.007
"L_uu_workout[38, 12]",0.015,0.01,0.002,0.033,0.0,0.0,449.326,994.172,1.007
"L_uu_workout[38, 13]",0.013,0.009,0.002,0.03,0.0,0.0,446.511,1000.079,1.007
"L_uu_workout[38, 14]",0.012,0.008,0.001,0.028,0.0,0.0,442.218,1031.992,1.007
"L_uu_workout[38, 15]",0.011,0.008,0.001,0.025,0.0,0.0,438.241,1066.061,1.007
"L_uu_workout[38, 16]",0.01,0.007,0.001,0.023,0.0,0.0,433.876,1066.061,1.007
"L_uu_workout[38, 17]",0.01,0.007,0.001,0.021,0.0,0.0,429.294,1065.982,1.008
"L_uu_workout[38, 18]",0.009,0.006,0.001,0.019,0.0,0.0,425.788,1036.39,1.008
"L_uu_workout[38, 19]",0.008,0.006,0.001,0.018,0.0,0.0,423.681,998.574,1.008
"L_uu_workout[38, 20]",0.007,0.005,0.001,0.016,0.0,0.0,422.289,1030.278,1.008
"L_uu_workout[38, 21]",0.007,0.005,0.001,0.015,0.0,0.0,422.309,1008.523,1.008
"L_uu_workout[38, 22]",0.006,0.004,0.001,0.013,0.0,0.0,423.356,1008.523,1.008
"L_uu_workout[38, 23]",0.006,0.004,0.001,0.012,0.0,0.0,425.721,1008.523,1.008
"L_uu_workout[38, 24]",0.005,0.004,0.001,0.011,0.0,0.0,428.305,987.271,1.008
"L_uu_workout[38, 25]",0.005,0.003,0.001,0.01,0.0,0.0,432.431,987.271,1.008
"L_uu_workout[38, 26]",0.004,0.003,0.0,0.009,0.0,0.0,436.018,987.271,1.008
"L_uu_workout[38, 27]",0.004,0.003,0.0,0.008,0.0,0.0,440.177,998.27,1.008
"L_uu_workout[38, 28]",0.003,0.002,0.0,0.007,0.0,0.0,445.386,978.201,1.008
"L_uu_workout[38, 29]",0.003,0.002,0.0,0.006,0.0,0.0,450.407,949.253,1.008
"L_uu_workout[38, 30]",0.003,0.002,0.0,0.005,0.0,0.0,454.727,967.609,1.008
"L_uu_workout[38, 31]",0.002,0.001,0.0,0.005,0.0,0.0,459.788,1045.45,1.008
"L_uu_workout[38, 32]",0.002,0.001,0.0,0.004,0.0,0.0,465.831,1077.506,1.008
"L_uu_workout[38, 33]",0.002,0.001,0.0,0.004,0.0,0.0,472.511,1039.435,1.007
"L_uu_workout[38, 34]",0.002,0.001,0.0,0.003,0.0,0.0,480.776,1062.128,1.007
"L_uu_workout[38, 35]",0.001,0.001,0.0,0.003,0.0,0.0,489.366,1028.627,1.007
"L_uu_workout[38, 36]",0.001,0.001,0.0,0.002,0.0,0.0,500.941,1126.716,1.007
"L_uu_workout[38, 37]",0.001,0.0,0.0,0.002,0.0,0.0,518.265,987.944,1.007
"L_uu_workout[38, 38]",0.003,0.001,0.002,0.006,0.0,0.0,1059.027,1393.707,1.004
"L_uu_workout[38, 39]",0.0,0.0,0.0,0.0,0.0,,2000.0,2000.0,
"L_uu_workout[38, 40]",0.0,0.0,0.0,0.0,0.0,,2000.0,2000.0,
"L_uu_workout[38, 41]",0.0,0.0,0.0,0.0,0.0,,2000.0,2000.0,
"L_uu_workout[38, 42]",0.0,0.0,0.0,0.0,0.0,,2000.0,2000.0,
"L_uu_workout[38, 43]",0.0,0.0,0.0,0.0,0.0,,2000.0,2000.0,
"L_uu_workout[38, 44]",0.0,0.0,0.0,0.0,0.0,,2000.0,2000.0,
"L_uu_workout[38, 45]",0.0,0.0,0.0,0.0,0.0,,2000.0,2000.0,
"L_uu_workout[38, 46]",0.0,0.0,0.0,0.0,0.0,,2000.0,2000.0,
"L_uu_workout[38, 47]",0.0,0.0,0.0,0.0,0.0,,2000.0,2000.0,
"L_uu_workout[38, 48]",0.0,0.0,0.0,0.0,0.0,,2000.0,2000.0,
"L_uu_workout[38, 49]",0.0,0.0,0.0,0.0,0.0,,2000.0,2000.0,
"L_uu_workout[39, 0]",0.201,0.108,0.041,0.411,0.003,0.003,1269.32,1385.565,1.001
"L_uu_workout[39, 1]",0.08,0.048,0.008,0.167,0.002,0.001,455.386,989.097,1.007
"L_uu_workout[39, 2]",0.059,0.028,0.015,0.114,0.001,0.001,595.772,1026.042,1.003
"L_uu_workout[39, 3]",0.039,0.016,0.015,0.072,0.001,0.0,775.545,1105.301,1.003
"L_uu_workout[39, 4]",0.028,0.012,0.012,0.052,0.0,0.0,736.673,1134.576,1.005
"L_uu_workout[39, 5]",0.023,0.011,0.009,0.044,0.0,0.0,611.638,1099.162,1.006
"L_uu_workout[39, 6]",0.021,0.013,0.005,0.042,0.001,0.001,535.241,1055.429,1.008
"L_uu_workout[39, 7]",0.019,0.014,0.005,0.045,0.001,0.001,498.116,1053.56,1.008
"L_uu_workout[39, 8]",0.019,0.014,0.004,0.044,0.001,0.001,479.279,1028.69,1.008
"L_uu_workout[39, 9]",0.018,0.014,0.003,0.042,0.001,0.0,465.947,977.3,1.008
"L_uu_workout[39, 10]",0.017,0.013,0.002,0.04,0.001,0.0,457.79,945.874,1.007
"L_uu_workout[39, 11]",0.016,0.012,0.002,0.037,0.001,0.0,452.869,983.629,1.007
"L_uu_workout[39, 12]",0.015,0.011,0.002,0.034,0.0,0.0,449.322,1013.345,1.007
"L_uu_workout[39, 13]",0.014,0.01,0.002,0.031,0.0,0.0,446.29,1000.079,1.007
"L_uu_workout[39, 14]",0.013,0.009,0.001,0.029,0.0,0.0,441.904,1020.545,1.007
"L_uu_workout[39, 15]",0.012,0.008,0.001,0.026,0.0,0.0,437.755,1066.061,1.007
"L_uu_workout[39, 16]",0.011,0.008,0.001,0.024,0.0,0.0,433.122,1066.482,1.007
"L_uu_workout[39, 17]",0.01,0.007,0.001,0.022,0.0,0.0,428.421,1065.982,1.008
"L_uu_workout[39, 18]",0.009,0.007,0.001,0.02,0.0,0.0,425.275,1030.744,1.008
"L_uu_workout[39, 19]",0.009,0.006,0.001,0.019,0.0,0.0,423.066,987.468,1.008
"L_uu_workout[39, 20]",0.008,0.006,0.001,0.017,0.0,0.0,421.446,1030.278,1.008
"L_uu_workout[39, 21]",0.007,0.005,0.001,0.016,0.0,0.0,421.563,1008.523,1.008
"L_uu_workout[39, 22]",0.007,0.005,0.001,0.014,0.0,0.0,422.29,1008.523,1.008
"L_uu_workout[39, 23]",0.006,0.004,0.001,0.013,0.0,0.0,424.825,987.271,1.008
"L_uu_workout[39, 24]",0.005,0.004,0.001,0.012,0.0,0.0,427.305,987.271,1.008
"L_uu_workout[39, 25]",0.005,0.004,0.001,0.011,0.0,0.0,431.269,987.271,1.008
"L_uu_workout[39, 26]",0.004,0.003,0.0,0.01,0.0,0.0,434.644,987.271,1.008
"L_uu_workout[39, 27]",0.004,0.003,0.0,0.009,0.0,0.0,438.853,998.27,1.008
"L_uu_workout[39, 28]",0.004,0.003,0.0,0.008,0.0,0.0,443.23,978.201,1.008
"L_uu_workout[39, 29]",0.003,0.002,0.0,0.007,0.0,0.0,447.868,949.253,1.008
"L_uu_workout[39, 30]",0.003,0.002,0.0,0.006,0.0,0.0,452.37,952.0,1.008
"L_uu_workout[39, 31]",0.003,0.002,0.0,0.005,0.0,0.0,457.164,997.913,1.008
"L_uu_workout[39, 32]",0.002,0.001,0.0,0.005,0.0,0.0,462.186,1077.506,1.008
"L_uu_workout[39, 33]",0.002,0.001,0.0,0.004,0.0,0.0,467.887,1065.439,1.008
"L_uu_workout[39, 34]",0.002,0.001,0.0,0.004,0.0,0.0,473.93,1074.983,1.008
"L_uu_workout[39, 35]",0.002,0.001,0.0,0.003,0.0,0.0,481.237,1073.509,1.007
"L_uu_workout[39, 36]",0.001,0.001,0.0,0.003,0.0,0.0,489.755,1029.672,1.007
"L_uu_workout[39, 37]",0.001,0.001,0.0,0.002,0.0,0.0,501.598,1061.699,1.007
"L_uu_workout[39, 38]",0.001,0.0,0.0,0.002,0.0,0.0,517.193,1029.702,1.007
"L_uu_workout[39, 39]",0.003,0.001,0.002,0.006,0.0,0.0,1058.437,1393.707,1.004
"L_uu_workout[39, 40]",0.0,0.0,0.0,0.0,0.0,,2000.0,2000.0,
"L_uu_workout[39, 41]",0.0,0.0,0.0,0.0,0.0,,2000.0,2000.0,
"L_uu_workout[39, 42]",0.0,0.0,0.0,0.0,0.0,,2000.0,2000.0,
"L_uu_workout[39, 43]",0.0,0.0,0.0,0.0,0.0,,2000.0,2000.0,
"L_uu_workout[39, 44]",0.0,0.0,0.0,0.0,0.0,,2000.0,2000.0,
"L_uu_workout[39, 45]",0.0,0.0,0.0,0.0,0.0,,2000.0,2000.0,
"L_uu_workout[39, 46]",0.0,0.0,0.0,0.0,0.0,,2000.0,2000.0,
"L_uu_workout[39, 47]",0.0,0.0,0.0,0.0,0.0,,2000.0,2000.0,
"L_uu_workout[39, 48]",0.0,0.0,0.0,0.0,0.0,,2000.0,2000.0,
"L_uu_workout[39, 49]",0.0,0.0,0.0,0.0,0.0,,2000.0,2000.0,
"L_uu_workout[40, 0]",0.199,0.108,0.038,0.409,0.003,0.003,1260.769,1385.565,1.001
"L_uu_workout[40, 1]",0.081,0.048,0.01,0.169,0.002,0.001,458.816,989.097,1.007
"L_uu_workout[40, 2]",0.059,0.028,0.014,0.114,0.001,0.001,607.157,1030.536,1.003
"L_uu_workout[40, 3]",0.039,0.017,0.014,0.072,0.001,0.0,794.984,1103.282,1.002
"L_uu_workout[40, 4]",0.029,0.012,0.012,0.053,0.0,0.0,750.05,1133.458,1.004
"L_uu_workout[40, 5]",0.024,0.012,0.009,0.045,0.0,0.0,616.347,1100.604,1.006
"L_uu_workout[40, 6]",0.021,0.013,0.005,0.043,0.001,0.001,536.172,1017.801,1.008
"L_uu_workout[40, 7]",0.02,0.014,0.004,0.045,0.001,0.001,498.047,1019.093,1.008
"L_uu_workout[40, 8]",0.019,0.014,0.004,0.045,0.001,0.001,478.888,1006.49,1.008
"L_uu_workout[40, 9]",0.019,0.014,0.003,0.044,0.001,0.001,465.714,987.786,1.008
"L_uu_workout[40, 10]",0.018,0.013,0.003,0.041,0.001,0.0,457.363,956.562,1.007
"L_uu_workout[40, 11]",0.017,0.012,0.002,0.038,0.001,0.0,452.426,993.832,1.007
"L_uu_workout[40, 12]",0.016,0.011,0.002,0.035,0.001,0.0,448.853,1002.015,1.007
"L_uu_workout[40, 13]",0.015,0.01,0.002,0.032,0.0,0.0,445.983,1000.079,1.007
"L_uu_workout[40, 14]",0.014,0.009,0.001,0.03,0.0,0.0,441.664,1051.971,1.007
"L_uu_workout[40, 15]",0.013,0.009,0.001,0.028,0.0,0.0,437.005,1066.061,1.007
"L_uu_workout[40, 16]",0.012,0.008,0.001,0.025,0.0,0.0,432.563,1066.482,1.007
"L_uu_workout[40, 17]",0.011,0.007,0.001,0.023,0.0,0.0,428.165,1036.39,1.008
"L_uu_workout[40, 18]",0.01,0.007,0.001,0.021,0.0,0.0,424.657,1030.744,1.008
"L_uu_workout[40, 19]",0.009,0.006,0.001,0.02,0.0,0.0,422.327,987.468,1.008
"L_uu_workout[40, 20]",0.008,0.006,0.001,0.018,0.0,0.0,421.131,1030.278,1.008
"L_uu_workout[40, 21]",0.008,0.006,0.001,0.017,0.0,0.0,420.801,1008.523,1.008
"L_uu_workout[40, 22]",0.007,0.005,0.001,0.016,0.0,0.0,421.598,977.468,1.008
"L_uu_workout[40, 23]",0.006,0.005,0.001,0.014,0.0,0.0,424.065,977.468,1.008
"L_uu_workout[40, 24]",0.006,0.004,0.001,0.013,0.0,0.0,426.671,987.271,1.008
"L_uu_workout[40, 25]",0.005,0.004,0.001,0.012,0.0,0.0,430.108,957.625,1.008
"L_uu_workout[40, 26]",0.005,0.004,0.0,0.011,0.0,0.0,433.488,957.98,1.008
"L_uu_workout[40, 27]",0.004,0.003,0.0,0.01,0.0,0.0,437.594,977.445,1.008
"L_uu_workout[40, 28]",0.004,0.003,0.0,0.009,0.0,0.0,441.823,987.895,1.008
"L_uu_workout[40, 29]",0.004,0.003,0.0,0.008,0.0,0.0,445.809,968.599,1.008
"L_uu_workout[40, 30]",0.003,0.002,0.0,0.007,0.0,0.0,450.533,942.738,1.008
"L_uu_workout[40, 31]",0.003,0.002,0.0,0.006,0.0,0.0,454.447,987.458,1.008
"L_uu_workout[40, 32]",0.003,0.002,0.0,0.005,0.0,0.0,459.115,1045.757,1.008
"L_uu_workout[40, 33]",0.002,0.001,0.0,0.005,0.0,0.0,464.443,1053.719,1.008
"L_uu_workout[40, 34]",0.002,0.001,0.001,0.004,0.0,0.0,469.412,1041.401,1.008
"L_uu_workout[40, 35]",0.002,0.001,0.0,0.004,0.0,0.0,474.974,1063.136,1.008
"L_uu_workout[40, 36]",0.002,0.001,0.0,0.003,0.0,0.0,481.398,1073.509,1.008
"L_uu_workout[40, 37]",0.001,0.001,0.0,0.003,0.0,0.0,489.707,1029.342,1.007
"L_uu_workout[40, 38]",0.001,0.001,0.0,0.002,0.0,0.0,500.301,1037.988,1.007
"L_uu_workout[40, 39]",0.001,0.0,0.0,0.002,0.0,0.0,515.835,1029.702,1.007
"L_uu_workout[40, 40]",0.003,0.001,0.002,0.006,0.0,0.0,1056.888,1393.707,1.004
"L_uu_workout[40, 41]",0.0,0.0,0.0,0.0,0.0,,2000.0,2000.0,
"L_uu_workout[40, 42]",0.0,0.0,0.0,0.0,0.0,,2000.0,2000.0,
"L_uu_workout[40, 43]",0.0,0.0,0.0,0.0,0.0,,2000.0,2000.0,
"L_uu_workout[40, 44]",0.0,0.0,0.0,0.0,0.0,,2000.0,2000.0,
"L_uu_workout[40, 45]",0.0,0.0,0.0,0.0,0.0,,2000.0,2000.0,
"L_uu_workout[40, 46]",0.0,0.0,0.0,0.0,0.0,,2000.0,2000.0,
"L_uu_workout[40, 47]",0.0,0.0,0.0,0.0,0.0,,2000.0,2000.0,
"L_uu_workout[40, 48]",0.0,0.0,0.0,0.0,0.0,,2000.0,2000.0,
"L_uu_workout[40, 49]",0.0,0.0,0.0,0.0,0.0,,2000.0,2000.0,
"L_uu_workout[41, 0]",0.197,0.108,0.037,0.408,0.003,0.003,1250.174,1385.565,1.001
"L_uu_workout[41, 1]",0.082,0.048,0.011,0.171,0.002,0.001,463.922,989.097,1.008
"L_uu_workout[41, 2]",0.06,0.029,0.015,0.117,0.001,0.001,618.296,1115.34,1.003
"L_uu_workout[41, 3]",0.04,0.017,0.014,0.074,0.001,0.0,815.763,1123.909,1.002
"L_uu_workout[41, 4]",0.029,0.012,0.012,0.054,0.0,0.0,763.521,1204.47,1.004
"L_uu_workout[41, 5]",0.024,0.012,0.009,0.045,0.0,0.0,620.595,1089.556,1.006
"L_uu_workout[41, 6]",0.022,0.013,0.006,0.044,0.001,0.001,537.281,1031.3,1.008
"L_uu_workout[41, 7]",0.02,0.014,0.005,0.046,0.001,0.001,497.754,1018.649,1.008
"L_uu_workout[41, 8]",0.02,0.015,0.004,0.046,0.001,0.001,478.67,996.981,1.008
"L_uu_workout[41, 9]",0.019,0.014,0.003,0.044,0.001,0.001,465.459,987.786,1.008
"L_uu_workout[41, 10]",0.018,0.014,0.003,0.043,0.001,0.0,457.029,1019.126,1.007
"L_uu_workout[41, 11]",0.017,0.012,0.002,0.039,0.001,0.0,452.403,1024.749,1.007
"L_uu_workout[41, 12]",0.016,0.011,0.002,0.037,0.001,0.0,448.976,1002.015,1.007
"L_uu_workout[41, 13]",0.015,0.01,0.002,0.034,0.0,0.0,445.753,1010.059,1.007
"L_uu_workout[41, 14]",0.014,0.01,0.001,0.031,0.0,0.0,441.501,1078.844,1.007
"L_uu_workout[41, 15]",0.013,0.009,0.001,0.029,0.0,0.0,436.761,1066.061,1.007
"L_uu_workout[41, 16]",0.012,0.008,0.001,0.027,0.0,0.0,431.863,1065.982,1.007
"L_uu_workout[41, 17]",0.011,0.008,0.001,0.024,0.0,0.0,427.651,1036.39,1.007
"L_uu_workout[41, 18]",0.01,0.007,0.001,0.023,0.0,0.0,423.928,998.574,1.008
"L_uu_workout[41, 19]",0.01,0.007,0.001,0.021,0.0,0.0,421.829,1030.278,1.008
"L_uu_workout[41, 20]",0.009,0.006,0.001,0.019,0.0,0.0,419.683,1008.523,1.008
"L_uu_workout[41, 21]",0.008,0.006,0.001,0.018,0.0,0.0,420.03,979.895,1.008
"L_uu_workout[41, 22]",0.007,0.006,0.001,0.017,0.0,0.0,421.102,979.895,1.008
"L_uu_workout[41, 23]",0.007,0.005,0.001,0.015,0.0,0.0,423.053,950.68,1.008
"L_uu_workout[41, 24]",0.006,0.005,0.001,0.014,0.0,0.0,425.988,957.625,1.008
"L_uu_workout[41, 25]",0.006,0.004,0.001,0.013,0.0,0.0,429.222,957.625,1.008
"L_uu_workout[41, 26]",0.005,0.004,0.001,0.012,0.0,0.0,432.598,957.98,1.008
"L_uu_workout[41, 27]",0.005,0.004,0.001,0.011,0.0,0.0,436.832,957.98,1.008
"L_uu_workout[41, 28]",0.004,0.003,0.0,0.01,0.0,0.0,440.64,998.27,1.008
"L_uu_workout[41, 29]",0.004,0.003,0.0,0.009,0.0,0.0,445.087,978.201,1.008
"L_uu_workout[41, 30]",0.004,0.003,0.0,0.008,0.0,0.0,449.084,949.253,1.008
"L_uu_workout[41, 31]",0.003,0.002,0.0,0.007,0.0,0.0,453.057,970.73,1.008
"L_uu_workout[41, 32]",0.003,0.002,0.0,0.006,0.0,0.0,456.93,1034.29,1.008
"L_uu_workout[41, 33]",0.003,0.002,0.0,0.005,0.0,0.0,461.683,1053.958,1.008
"L_uu_workout[41, 34]",0.002,0.001,0.0,0.005,0.0,0.0,466.136,1041.944,1.008
"L_uu_workout[41, 35]",0.002,0.001,0.0,0.004,0.0,0.0,469.983,1051.389,1.008
"L_uu_workout[41, 36]",0.002,0.001,0.0,0.004,0.0,0.0,475.278,1062.614,1.008
"L_uu_workout[41, 37]",0.002,0.001,0.0,0.003,0.0,0.0,481.251,1074.615,1.008
"L_uu_workout[41, 38]",0.001,0.001,0.0,0.003,0.0,0.0,489.436,1099.042,1.008
"L_uu_workout[41, 39]",0.001,0.001,0.0,0.002,0.0,0.0,499.376,1023.219,1.007
"L_uu_workout[41, 40]",0.001,0.0,0.0,0.002,0.0,0.0,514.618,1029.702,1.007
"L_uu_workout[41, 41]",0.003,0.001,0.002,0.006,0.0,0.0,1057.682,1393.707,1.004
"L_uu_workout[41, 42]",0.0,0.0,0.0,0.0,0.0,,2000.0,2000.0,
"L_uu_workout[41, 43]",0.0,0.0,0.0,0.0,0.0,,2000.0,2000.0,
"L_uu_workout[41, 44]",0.0,0.0,0.0,0.0,0.0,,2000.0,2000.0,
"L_uu_workout[41, 45]",0.0,0.0,0.0,0.0,0.0,,2000.0,2000.0,
"L_uu_workout[41, 46]",0.0,0.0,0.0,0.0,0.0,,2000.0,2000.0,
"L_uu_workout[41, 47]",0.0,0.0,0.0,0.0,0.0,,2000.0,2000.0,
"L_uu_workout[41, 48]",0.0,0.0,0.0,0.0,0.0,,2000.0,2000.0,
"L_uu_workout[41, 49]",0.0,0.0,0.0,0.0,0.0,,2000.0,2000.0,
"L_uu_workout[42, 0]",0.195,0.108,0.037,0.409,0.003,0.003,1240.012,1385.565,1.001
"L_uu_workout[42, 1]",0.082,0.048,0.011,0.173,0.002,0.001,468.395,989.097,1.007
"L_uu_workout[42, 2]",0.061,0.029,0.014,0.117,0.001,0.001,629.421,1141.619,1.003
"L_uu_workout[42, 3]",0.04,0.017,0.016,0.076,0.001,0.001,837.211,1119.565,1.002
"L_uu_workout[42, 4]",0.03,0.012,0.012,0.055,0.0,0.0,780.581,1146.902,1.004
"L_uu_workout[42, 5]",0.024,0.012,0.009,0.046,0.0,0.0,625.689,1090.269,1.006
"L_uu_workout[42, 6]",0.022,0.013,0.007,0.045,0.001,0.001,538.203,1008.982,1.008
"L_uu_workout[42, 7]",0.021,0.014,0.005,0.047,0.001,0.001,497.605,1018.649,1.008
"L_uu_workout[42, 8]",0.02,0.015,0.004,0.047,0.001,0.001,478.141,986.783,1.008
"L_uu_workout[42, 9]",0.02,0.015,0.003,0.046,0.001,0.001,464.94,976.656,1.008
"L_uu_workout[42, 10]",0.019,0.014,0.003,0.044,0.001,0.0,457.057,1028.271,1.007
"L_uu_workout[42, 11]",0.018,0.013,0.002,0.041,0.001,0.0,452.681,1014.548,1.007
"L_uu_workout[42, 12]",0.017,0.012,0.002,0.038,0.001,0.0,448.687,1002.71,1.007
"L_uu_workout[42, 13]",0.016,0.011,0.002,0.035,0.0,0.0,445.432,1010.059,1.007
"L_uu_workout[42, 14]",0.015,0.01,0.001,0.032,0.0,0.0,440.779,1075.621,1.007
"L_uu_workout[42, 15]",0.014,0.009,0.001,0.03,0.0,0.0,436.514,1064.662,1.007
"L_uu_workout[42, 16]",0.013,0.009,0.001,0.028,0.0,0.0,431.507,1065.982,1.007
"L_uu_workout[42, 17]",0.012,0.008,0.001,0.025,0.0,0.0,427.156,1036.39,1.007
"L_uu_workout[42, 18]",0.011,0.008,0.001,0.024,0.0,0.0,423.008,987.468,1.008
"L_uu_workout[42, 19]",0.01,0.007,0.001,0.022,0.0,0.0,421.345,1030.278,1.008
"L_uu_workout[42, 20]",0.009,0.007,0.001,0.021,0.0,0.0,419.234,1008.523,1.008
"L_uu_workout[42, 21]",0.009,0.006,0.001,0.019,0.0,0.0,419.152,979.895,1.008
"L_uu_workout[42, 22]",0.008,0.006,0.001,0.018,0.0,0.0,420.379,950.68,1.008
"L_uu_workout[42, 23]",0.007,0.005,0.001,0.016,0.0,0.0,422.836,950.68,1.008
"L_uu_workout[42, 24]",0.007,0.005,0.001,0.015,0.0,0.0,425.229,950.673,1.008
"L_uu_workout[42, 25]",0.006,0.005,0.001,0.014,0.0,0.0,428.562,957.625,1.008
"L_uu_workout[42, 26]",0.006,0.004,0.001,0.013,0.0,0.0,431.747,957.625,1.008
"L_uu_workout[42, 27]",0.005,0.004,0.001,0.012,0.0,0.0,435.843,957.98,1.008
"L_uu_workout[42, 28]",0.005,0.004,0.001,0.011,0.0,0.0,439.772,977.734,1.008
"L_uu_workout[42, 29]",0.004,0.003,0.001,0.01,0.0,0.0,443.732,978.201,1.008
"L_uu_workout[42, 30]",0.004,0.003,0.0,0.009,0.0,0.0,447.994,949.253,1.008
"L_uu_workout[42, 31]",0.003,0.003,0.0,0.008,0.0,0.0,451.189,951.577,1.008
"L_uu_workout[42, 32]",0.003,0.002,0.0,0.007,0.0,0.0,454.82,1001.497,1.008
"L_uu_workout[42, 33]",0.003,0.002,0.0,0.006,0.0,0.0,459.149,1045.559,1.008
"L_uu_workout[42, 34]",0.002,0.002,0.0,0.005,0.0,0.0,462.829,1065.602,1.008
"L_uu_workout[42, 35]",0.002,0.001,0.001,0.005,0.0,0.0,466.406,1065.358,1.008
"L_uu_workout[42, 36]",0.002,0.001,0.0,0.004,0.0,0.0,470.663,1076.516,1.008
"L_uu_workout[42, 37]",0.002,0.001,0.0,0.004,0.0,0.0,475.232,1088.288,1.008
"L_uu_workout[42, 38]",0.002,0.001,0.0,0.003,0.0,0.0,481.042,1086.918,1.008
"L_uu_workout[42, 39]",0.001,0.001,0.0,0.003,0.0,0.0,488.381,1062.399,1.008
"L_uu_workout[42, 40]",0.001,0.001,0.0,0.002,0.0,0.0,498.203,1037.413,1.007
"L_uu_workout[42, 41]",0.001,0.0,0.0,0.002,0.0,0.0,512.988,996.509,1.007
"L_uu_workout[42, 42]",0.003,0.001,0.002,0.006,0.0,0.0,1057.391,1393.707,1.003
"L_uu_workout[42, 43]",0.0,0.0,0.0,0.0,0.0,,2000.0,2000.0,
"L_uu_workout[42, 44]",0.0,0.0,0.0,0.0,0.0,,2000.0,2000.0,
"L_uu_workout[42, 45]",0.0,0.0,0.0,0.0,0.0,,2000.0,2000.0,
"L_uu_workout[42, 46]",0.0,0.0,0.0,0.0,0.0,,2000.0,2000.0,
"L_uu_workout[42, 47]",0.0,0.0,0.0,0.0,0.0,,2000.0,2000.0,
"L_uu_workout[42, 48]",0.0,0.0,0.0,0.0,0.0,,2000.0,2000.0,
"L_uu_workout[42, 49]",0.0,0.0,0.0,0.0,0.0,,2000.0,2000.0,
"L_uu_workout[43, 0]",0.193,0.108,0.033,0.406,0.003,0.003,1229.393,1385.565,1.002
"L_uu_workout[43, 1]",0.083,0.048,0.011,0.174,0.002,0.001,472.714,989.097,1.007
"L_uu_workout[43, 2]",0.062,0.029,0.014,0.119,0.001,0.001,642.76,1199.186,1.003
"L_uu_workout[43, 3]",0.041,0.018,0.016,0.077,0.001,0.001,861.17,1179.966,1.002
"L_uu_workout[43, 4]",0.03,0.013,0.013,0.056,0.0,0.0,797.199,1160.447,1.004
"L_uu_workout[43, 5]",0.025,0.012,0.009,0.047,0.0,0.0,631.643,1065.479,1.006
"L_uu_workout[43, 6]",0.022,0.013,0.007,0.046,0.001,0.001,539.347,1008.982,1.008
"L_uu_workout[43, 7]",0.021,0.015,0.006,0.048,0.001,0.001,497.692,1007.067,1.008
"L_uu_workout[43, 8]",0.021,0.015,0.004,0.047,0.001,0.001,477.551,986.507,1.008
"L_uu_workout[43, 9]",0.02,0.015,0.003,0.047,0.001,0.001,464.745,956.756,1.008
"L_uu_workout[43, 10]",0.019,0.014,0.003,0.044,0.001,0.0,457.139,984.655,1.007
"L_uu_workout[43, 11]",0.019,0.013,0.002,0.042,0.001,0.0,453.042,953.568,1.007
"L_uu_workout[43, 12]",0.018,0.012,0.002,0.039,0.001,0.0,448.953,1021.036,1.007
"L_uu_workout[43, 13]",0.016,0.011,0.002,0.036,0.001,0.0,445.476,1010.059,1.007
"L_uu_workout[43, 14]",0.015,0.01,0.002,0.034,0.0,0.0,440.786,1061.966,1.007
"L_uu_workout[43, 15]",0.014,0.01,0.001,0.031,0.0,0.0,435.924,1041.123,1.007
"L_uu_workout[43, 16]",0.013,0.009,0.001,0.029,0.0,0.0,430.903,1065.982,1.007
"L_uu_workout[43, 17]",0.012,0.008,0.001,0.027,0.0,0.0,426.684,1025.522,1.007
"L_uu_workout[43, 18]",0.011,0.008,0.001,0.025,0.0,0.0,422.509,987.468,1.008
"L_uu_workout[43, 19]",0.011,0.008,0.001,0.023,0.0,0.0,420.491,1030.278,1.008
"L_uu_workout[43, 20]",0.01,0.007,0.001,0.022,0.0,0.0,418.506,1008.523,1.008
"L_uu_workout[43, 21]",0.009,0.007,0.001,0.02,0.0,0.0,418.57,979.895,1.008
"L_uu_workout[43, 22]",0.008,0.006,0.001,0.019,0.0,0.0,419.641,950.68,1.008
"L_uu_workout[43, 23]",0.008,0.006,0.001,0.018,0.0,0.0,422.303,950.673,1.008
"L_uu_workout[43, 24]",0.007,0.005,0.001,0.016,0.0,0.0,424.917,950.673,1.008
"L_uu_workout[43, 25]",0.007,0.005,0.001,0.016,0.0,0.0,427.859,950.673,1.008
"L_uu_workout[43, 26]",0.006,0.005,0.001,0.014,0.0,0.0,431.384,957.625,1.008
"L_uu_workout[43, 27]",0.006,0.004,0.001,0.013,0.0,0.0,435.047,957.98,1.008
"L_uu_workout[43, 28]",0.005,0.004,0.001,0.012,0.0,0.0,438.83,957.749,1.008
"L_uu_workout[43, 29]",0.005,0.003,0.001,0.01,0.0,0.0,442.809,952.106,1.008
"L_uu_workout[43, 30]",0.004,0.003,0.0,0.009,0.0,0.0,446.563,971.784,1.008
"L_uu_workout[43, 31]",0.004,0.003,0.001,0.009,0.0,0.0,449.934,942.331,1.008
"L_uu_workout[43, 32]",0.003,0.003,0.0,0.008,0.0,0.0,453.699,1001.497,1.008
"L_uu_workout[43, 33]",0.003,0.002,0.0,0.007,0.0,0.0,456.99,1079.801,1.008
"L_uu_workout[43, 34]",0.003,0.002,0.001,0.006,0.0,0.0,460.14,1079.801,1.008
"L_uu_workout[43, 35]",0.002,0.002,0.001,0.005,0.0,0.0,463.716,1092.2,1.008
"L_uu_workout[43, 36]",0.002,0.001,0.0,0.005,0.0,0.0,466.965,1091.942,1.008
"L_uu_workout[43, 37]",0.002,0.001,0.0,0.004,0.0,0.0,470.748,1101.442,1.008
"L_uu_workout[43, 38]",0.002,0.001,0.0,0.004,0.0,0.0,475.032,1088.288,1.008
"L_uu_workout[43, 39]",0.001,0.001,0.0,0.003,0.0,0.0,480.452,1100.823,1.008
"L_uu_workout[43, 40]",0.001,0.001,0.0,0.003,0.0,0.0,487.258,1062.346,1.008
"L_uu_workout[43, 41]",0.001,0.001,0.0,0.002,0.0,0.0,496.784,1086.493,1.007
"L_uu_workout[43, 42]",0.001,0.0,0.0,0.002,0.0,0.0,510.967,996.509,1.007
"L_uu_workout[43, 43]",0.003,0.001,0.002,0.006,0.0,0.0,1056.426,1393.707,1.004
"L_uu_workout[43, 44]",0.0,0.0,0.0,0.0,0.0,,2000.0,2000.0,
"L_uu_workout[43, 45]",0.0,0.0,0.0,0.0,0.0,,2000.0,2000.0,
"L_uu_workout[43, 46]",0.0,0.0,0.0,0.0,0.0,,2000.0,2000.0,
"L_uu_workout[43, 47]",0.0,0.0,0.0,0.0,0.0,,2000.0,2000.0,
"L_uu_workout[43, 48]",0.0,0.0,0.0,0.0,0.0,,2000.0,2000.0,
"L_uu_workout[43, 49]",0.0,0.0,0.0,0.0,0.0,,2000.0,2000.0,
"L_uu_workout[44, 0]",0.191,0.108,0.021,0.394,0.003,0.003,1219.332,1393.425,1.001
"L_uu_workout[44, 1]",0.083,0.048,0.006,0.17,0.002,0.001,478.149,989.097,1.007
"L_uu_workout[44, 2]",0.062,0.03,0.014,0.119,0.001,0.001,656.247,1234.591,1.003
"L_uu_workout[44, 3]",0.041,0.018,0.016,0.079,0.001,0.001,886.116,1188.77,1.002
"L_uu_workout[44, 4]",0.03,0.013,0.013,0.057,0.0,0.0,814.539,1249.571,1.004
"L_uu_workout[44, 5]",0.025,0.012,0.01,0.048,0.0,0.0,637.605,1052.324,1.006
"L_uu_workout[44, 6]",0.023,0.013,0.007,0.046,0.001,0.001,541.17,956.913,1.007
"L_uu_workout[44, 7]",0.022,0.015,0.005,0.048,0.001,0.001,498.307,997.475,1.008
"L_uu_workout[44, 8]",0.021,0.015,0.004,0.048,0.001,0.001,477.647,977.3,1.008
"L_uu_workout[44, 9]",0.021,0.015,0.004,0.048,0.001,0.001,464.6,1019.536,1.008
"L_uu_workout[44, 10]",0.02,0.015,0.003,0.046,0.001,0.0,457.805,984.655,1.007
"L_uu_workout[44, 11]",0.019,0.014,0.002,0.043,0.001,0.0,453.447,942.886,1.007
"L_uu_workout[44, 12]",0.018,0.013,0.003,0.041,0.001,0.0,449.529,1010.186,1.007
"L_uu_workout[44, 13]",0.017,0.011,0.002,0.037,0.001,0.0,445.81,1031.764,1.007
"L_uu_workout[44, 14]",0.016,0.011,0.002,0.035,0.0,0.0,440.937,1049.879,1.007
"L_uu_workout[44, 15]",0.015,0.01,0.001,0.032,0.0,0.0,435.766,1029.653,1.007
"L_uu_workout[44, 16]",0.014,0.009,0.001,0.03,0.0,0.0,430.091,1065.982,1.007
"L_uu_workout[44, 17]",0.013,0.009,0.001,0.028,0.0,0.0,426.354,1030.744,1.007
"L_uu_workout[44, 18]",0.012,0.008,0.001,0.026,0.0,0.0,421.881,987.468,1.008
"L_uu_workout[44, 19]",0.011,0.008,0.001,0.024,0.0,0.0,419.697,1030.278,1.008
"L_uu_workout[44, 20]",0.01,0.007,0.001,0.023,0.0,0.0,417.995,979.895,1.008
"L_uu_workout[44, 21]",0.01,0.007,0.001,0.021,0.0,0.0,417.983,970.228,1.008
"L_uu_workout[44, 22]",0.009,0.007,0.001,0.02,0.0,0.0,419.02,950.673,1.008
"L_uu_workout[44, 23]",0.008,0.006,0.001,0.019,0.0,0.0,421.632,950.673,1.008
"L_uu_workout[44, 24]",0.008,0.006,0.001,0.018,0.0,0.0,424.373,950.673,1.008
"L_uu_workout[44, 25]",0.007,0.005,0.001,0.016,0.0,0.0,427.479,950.673,1.008
"L_uu_workout[44, 26]",0.006,0.005,0.001,0.015,0.0,0.0,430.912,951.968,1.008
"L_uu_workout[44, 27]",0.006,0.005,0.001,0.014,0.0,0.0,434.237,957.98,1.008
"L_uu_workout[44, 28]",0.005,0.004,0.001,0.013,0.0,0.0,437.994,951.719,1.008
"L_uu_workout[44, 29]",0.005,0.004,0.001,0.011,0.0,0.0,442.344,948.357,1.008
"L_uu_workout[44, 30]",0.005,0.003,0.0,0.01,0.0,0.0,446.069,971.784,1.008
"L_uu_workout[44, 31]",0.004,0.003,0.0,0.009,0.0,0.0,448.719,942.331,1.008
"L_uu_workout[44, 32]",0.004,0.003,0.0,0.008,0.0,0.0,452.396,970.723,1.008
"L_uu_workout[44, 33]",0.003,0.002,0.001,0.008,0.0,0.0,455.445,1045.552,1.008
"L_uu_workout[44, 34]",0.003,0.002,0.001,0.007,0.0,0.0,458.299,1079.801,1.008
"L_uu_workout[44, 35]",0.003,0.002,0.001,0.006,0.0,0.0,461.183,1079.801,1.008
"L_uu_workout[44, 36]",0.002,0.002,0.001,0.005,0.0,0.0,464.057,1104.887,1.008
"L_uu_workout[44, 37]",0.002,0.001,0.0,0.005,0.0,0.0,467.195,1091.942,1.008
"L_uu_workout[44, 38]",0.002,0.001,0.0,0.004,0.0,0.0,470.867,1101.442,1.008
"L_uu_workout[44, 39]",0.002,0.001,0.0,0.004,0.0,0.0,474.97,1100.881,1.008
"L_uu_workout[44, 40]",0.001,0.001,0.0,0.003,0.0,0.0,479.617,1100.823,1.008
"L_uu_workout[44, 41]",0.001,0.001,0.0,0.003,0.0,0.0,485.517,1050.668,1.008
"L_uu_workout[44, 42]",0.001,0.001,0.0,0.002,0.0,0.0,494.671,1062.399,1.008
"L_uu_workout[44, 43]",0.001,0.0,0.0,0.002,0.0,0.0,508.389,1019.714,1.007
"L_uu_workout[44, 44]",0.003,0.001,0.002,0.006,0.0,0.0,1055.868,1393.707,1.004
"L_uu_workout[44, 45]",0.0,0.0,0.0,0.0,0.0,,2000.0,2000.0,
"L_uu_workout[44, 46]",0.0,0.0,0.0,0.0,0.0,,2000.0,2000.0,
"L_uu_workout[44, 47]",0.0,0.0,0.0,0.0,0.0,,2000.0,2000.0,
"L_uu_workout[44, 48]",0.0,0.0,0.0,0.0,0.0,,2000.0,2000.0,
"L_uu_workout[44, 49]",0.0,0.0,0.0,0.0,0.0,,2000.0,2000.0,
"L_uu_workout[45, 0]",0.189,0.108,0.03,0.403,0.003,0.003,1208.981,1393.388,1.001
"L_uu_workout[45, 1]",0.084,0.048,0.007,0.172,0.002,0.001,483.195,989.097,1.007
"L_uu_workout[45, 2]",0.063,0.03,0.016,0.123,0.001,0.001,669.877,1165.247,1.002
"L_uu_workout[45, 3]",0.042,0.018,0.015,0.078,0.001,0.001,907.626,1194.568,1.001
"L_uu_workout[45, 4]",0.031,0.013,0.014,0.058,0.0,0.0,834.231,1275.563,1.004
"L_uu_workout[45, 5]",0.026,0.012,0.01,0.048,0.0,0.0,643.852,1118.024,1.006
"L_uu_workout[45, 6]",0.023,0.013,0.007,0.047,0.001,0.001,543.481,997.015,1.007
"L_uu_workout[45, 7]",0.022,0.015,0.005,0.048,0.001,0.001,499.178,986.094,1.008
"L_uu_workout[45, 8]",0.022,0.016,0.004,0.049,0.001,0.001,477.885,957.955,1.008
"L_uu_workout[45, 9]",0.021,0.016,0.003,0.049,0.001,0.001,464.77,1019.166,1.008
"L_uu_workout[45, 10]",0.021,0.015,0.003,0.047,0.001,0.0,457.874,984.655,1.007
"L_uu_workout[45, 11]",0.02,0.014,0.003,0.044,0.001,0.0,453.654,1024.749,1.007
"L_uu_workout[45, 12]",0.019,0.013,0.002,0.041,0.001,0.0,450.238,1010.186,1.007
"L_uu_workout[45, 13]",0.018,0.012,0.002,0.038,0.001,0.0,445.268,1031.764,1.007
"L_uu_workout[45, 14]",0.016,0.011,0.002,0.036,0.001,0.0,441.412,1028.306,1.007
"L_uu_workout[45, 15]",0.015,0.01,0.002,0.034,0.0,0.0,435.788,1039.834,1.007
"L_uu_workout[45, 16]",0.014,0.01,0.001,0.031,0.0,0.0,429.985,1065.982,1.007
"L_uu_workout[45, 17]",0.013,0.009,0.001,0.029,0.0,0.0,425.729,1030.744,1.007
"L_uu_workout[45, 18]",0.013,0.009,0.001,0.027,0.0,0.0,421.332,1030.278,1.008
"L_uu_workout[45, 19]",0.012,0.008,0.001,0.025,0.0,0.0,419.232,1008.523,1.008
"L_uu_workout[45, 20]",0.011,0.008,0.001,0.024,0.0,0.0,417.352,979.895,1.008
"L_uu_workout[45, 21]",0.01,0.007,0.001,0.022,0.0,0.0,417.127,970.228,1.008
"L_uu_workout[45, 22]",0.009,0.007,0.001,0.021,0.0,0.0,418.473,941.762,1.008
"L_uu_workout[45, 23]",0.009,0.007,0.001,0.02,0.0,0.0,421.31,950.673,1.008
"L_uu_workout[45, 24]",0.008,0.006,0.001,0.019,0.0,0.0,423.698,950.673,1.008
"L_uu_workout[45, 25]",0.007,0.006,0.001,0.018,0.0,0.0,426.844,950.673,1.008
"L_uu_workout[45, 26]",0.007,0.005,0.001,0.016,0.0,0.0,430.564,951.968,1.008
"L_uu_workout[45, 27]",0.006,0.005,0.001,0.015,0.0,0.0,433.786,961.273,1.008
"L_uu_workout[45, 28]",0.006,0.005,0.001,0.014,0.0,0.0,437.101,951.719,1.008
"L_uu_workout[45, 29]",0.005,0.004,0.001,0.012,0.0,0.0,441.475,942.425,1.008
"L_uu_workout[45, 30]",0.005,0.004,0.001,0.011,0.0,0.0,445.006,961.739,1.008
"L_uu_workout[45, 31]",0.005,0.003,0.0,0.01,0.0,0.0,448.06,942.738,1.008
"L_uu_workout[45, 32]",0.004,0.003,0.0,0.009,0.0,0.0,451.475,970.723,1.008
"L_uu_workout[45, 33]",0.004,0.003,0.001,0.009,0.0,0.0,454.139,1001.497,1.008
"L_uu_workout[45, 34]",0.003,0.002,0.001,0.008,0.0,0.0,457.003,1042.954,1.008
"L_uu_workout[45, 35]",0.003,0.002,0.001,0.007,0.0,0.0,459.092,1042.954,1.008
"L_uu_workout[45, 36]",0.003,0.002,0.001,0.006,0.0,0.0,461.421,1104.887,1.008
"L_uu_workout[45, 37]",0.002,0.002,0.001,0.005,0.0,0.0,463.73,1104.887,1.008
"L_uu_workout[45, 38]",0.002,0.001,0.001,0.005,0.0,0.0,466.562,1116.141,1.008
"L_uu_workout[45, 39]",0.002,0.001,0.0,0.004,0.0,0.0,470.096,1128.587,1.008
"L_uu_workout[45, 40]",0.002,0.001,0.0,0.004,0.0,0.0,473.616,1126.84,1.008
"L_uu_workout[45, 41]",0.001,0.001,0.0,0.003,0.0,0.0,478.034,1100.881,1.008
"L_uu_workout[45, 42]",0.001,0.001,0.0,0.003,0.0,0.0,483.809,1050.668,1.008
"L_uu_workout[45, 43]",0.001,0.001,0.0,0.002,0.0,0.0,492.477,1087.514,1.008
"L_uu_workout[45, 44]",0.001,0.0,0.0,0.002,0.0,0.0,505.909,1019.714,1.007
"L_uu_workout[45, 45]",0.003,0.001,0.002,0.006,0.0,0.0,1055.972,1393.707,1.004
"L_uu_workout[45, 46]",0.0,0.0,0.0,0.0,0.0,,2000.0,2000.0,
"L_uu_workout[45, 47]",0.0,0.0,0.0,0.0,0.0,,2000.0,2000.0,
"L_uu_workout[45, 48]",0.0,0.0,0.0,0.0,0.0,,2000.0,2000.0,
"L_uu_workout[45, 49]",0.0,0.0,0.0,0.0,0.0,,2000.0,2000.0,
"L_uu_workout[46, 0]",0.187,0.108,0.028,0.401,0.003,0.003,1198.906,1393.388,1.001
"L_uu_workout[46, 1]",0.084,0.048,0.007,0.173,0.002,0.001,488.591,1002.662,1.007
"L_uu_workout[46, 2]",0.063,0.03,0.016,0.124,0.001,0.001,685.229,1228.548,1.002
"L_uu_workout[46, 3]",0.042,0.019,0.015,0.079,0.001,0.001,928.502,1029.371,1.001
"L_uu_workout[46, 4]",0.031,0.013,0.013,0.058,0.0,0.0,856.191,1275.563,1.005
"L_uu_workout[46, 5]",0.026,0.012,0.01,0.049,0.0,0.0,649.008,1132.723,1.005
"L_uu_workout[46, 6]",0.024,0.014,0.007,0.047,0.001,0.001,545.859,1003.864,1.007
"L_uu_workout[46, 7]",0.023,0.015,0.005,0.049,0.001,0.001,500.76,986.094,1.008
"L_uu_workout[46, 8]",0.022,0.016,0.004,0.05,0.001,0.001,478.113,977.435,1.008
"L_uu_workout[46, 9]",0.022,0.016,0.004,0.05,0.001,0.001,465.335,1030.274,1.008
"L_uu_workout[46, 10]",0.021,0.015,0.003,0.048,0.001,0.0,458.533,1036.313,1.007
"L_uu_workout[46, 11]",0.02,0.014,0.003,0.046,0.001,0.0,454.283,1024.749,1.007
"L_uu_workout[46, 12]",0.019,0.013,0.002,0.043,0.001,0.0,450.025,1010.186,1.007
"L_uu_workout[46, 13]",0.018,0.012,0.002,0.039,0.001,0.0,446.057,1031.764,1.006
"L_uu_workout[46, 14]",0.017,0.011,0.002,0.037,0.001,0.0,441.695,1040.235,1.007
"L_uu_workout[46, 15]",0.016,0.011,0.001,0.035,0.0,0.0,436.04,985.968,1.007
"L_uu_workout[46, 16]",0.015,0.01,0.001,0.032,0.0,0.0,429.695,1036.39,1.007
"L_uu_workout[46, 17]",0.014,0.009,0.001,0.03,0.0,0.0,425.467,998.574,1.007
"L_uu_workout[46, 18]",0.013,0.009,0.001,0.028,0.0,0.0,420.956,1030.278,1.008
"L_uu_workout[46, 19]",0.012,0.009,0.001,0.026,0.0,0.0,418.154,1008.523,1.008
"L_uu_workout[46, 20]",0.011,0.008,0.001,0.025,0.0,0.0,417.163,979.895,1.008
"L_uu_workout[46, 21]",0.011,0.008,0.001,0.024,0.0,0.0,416.611,941.762,1.008
"L_uu_workout[46, 22]",0.01,0.007,0.001,0.022,0.0,0.0,418.166,941.762,1.008
"L_uu_workout[46, 23]",0.009,0.007,0.001,0.021,0.0,0.0,420.608,950.673,1.008
"L_uu_workout[46, 24]",0.009,0.006,0.001,0.02,0.0,0.0,423.323,950.673,1.008
"L_uu_workout[46, 25]",0.008,0.006,0.001,0.019,0.0,0.0,426.15,950.673,1.008
"L_uu_workout[46, 26]",0.007,0.006,0.001,0.017,0.0,0.0,429.853,951.968,1.008
"L_uu_workout[46, 27]",0.007,0.005,0.001,0.016,0.0,0.0,433.537,951.968,1.008
"L_uu_workout[46, 28]",0.006,0.005,0.001,0.015,0.0,0.0,436.464,957.98,1.008
"L_uu_workout[46, 29]",0.006,0.004,0.001,0.013,0.0,0.0,440.885,951.862,1.008
"L_uu_workout[46, 30]",0.005,0.004,0.001,0.012,0.0,0.0,444.13,952.106,1.008
"L_uu_workout[46, 31]",0.005,0.004,0.001,0.011,0.0,0.0,447.561,942.738,1.008
"L_uu_workout[46, 32]",0.004,0.003,0.0,0.01,0.0,0.0,450.251,951.577,1.008
"L_uu_workout[46, 33]",0.004,0.003,0.001,0.009,0.0,0.0,453.038,1001.497,1.008
"L_uu_workout[46, 34]",0.004,0.003,0.001,0.008,0.0,0.0,455.592,1042.954,1.008
"L_uu_workout[46, 35]",0.003,0.002,0.001,0.008,0.0,0.0,457.926,1042.954,1.008
"L_uu_workout[46, 36]",0.003,0.002,0.001,0.007,0.0,0.0,459.471,1067.598,1.008
"L_uu_workout[46, 37]",0.003,0.002,0.001,0.006,0.0,0.0,461.398,1132.502,1.008
"L_uu_workout[46, 38]",0.002,0.002,0.001,0.005,0.0,0.0,463.613,1120.521,1.008
"L_uu_workout[46, 39]",0.002,0.001,0.001,0.005,0.0,0.0,466.412,1120.521,1.008
"L_uu_workout[46, 40]",0.002,0.001,0.0,0.004,0.0,0.0,469.279,1101.552,1.008
"L_uu_workout[46, 41]",0.002,0.001,0.0,0.003,0.0,0.0,472.389,1140.347,1.008
"L_uu_workout[46, 42]",0.001,0.001,0.0,0.003,0.0,0.0,476.236,1113.829,1.008
"L_uu_workout[46, 43]",0.001,0.001,0.0,0.003,0.0,0.0,481.371,1062.561,1.008
"L_uu_workout[46, 44]",0.001,0.001,0.0,0.002,0.0,0.0,489.862,1087.514,1.008
"L_uu_workout[46, 45]",0.001,0.0,0.0,0.002,0.0,0.0,502.657,1042.054,1.007
"L_uu_workout[46, 46]",0.003,0.001,0.002,0.006,0.0,0.0,1055.801,1393.707,1.003
"L_uu_workout[46, 47]",0.0,0.0,0.0,0.0,0.0,,2000.0,2000.0,
"L_uu_workout[46, 48]",0.0,0.0,0.0,0.0,0.0,,2000.0,2000.0,
"L_uu_workout[46, 49]",0.0,0.0,0.0,0.0,0.0,,2000.0,2000.0,
"L_uu_workout[47, 0]",0.185,0.108,0.022,0.393,0.003,0.003,1188.081,1393.388,1.001
"L_uu_workout[47, 1]",0.085,0.048,0.012,0.178,0.002,0.001,494.518,1002.662,1.007
"L_uu_workout[47, 2]",0.064,0.031,0.016,0.126,0.001,0.001,702.036,1226.335,1.002
"L_uu_workout[47, 3]",0.043,0.019,0.015,0.08,0.001,0.001,955.016,1173.216,1.001
"L_uu_workout[47, 4]",0.032,0.013,0.013,0.058,0.0,0.0,876.51,1263.811,1.005
"L_uu_workout[47, 5]",0.026,0.012,0.01,0.049,0.0,0.0,657.238,1176.7,1.005
"L_uu_workout[47, 6]",0.024,0.014,0.008,0.048,0.001,0.001,548.178,993.488,1.007
"L_uu_workout[47, 7]",0.023,0.015,0.005,0.049,0.001,0.001,502.199,1013.574,1.008
"L_uu_workout[47, 8]",0.023,0.016,0.004,0.051,0.001,0.001,478.892,1008.511,1.008
"L_uu_workout[47, 9]",0.022,0.016,0.004,0.051,0.001,0.001,465.413,997.412,1.007
"L_uu_workout[47, 10]",0.022,0.015,0.003,0.049,0.001,0.0,459.249,1036.313,1.007
"L_uu_workout[47, 11]",0.021,0.015,0.003,0.046,0.001,0.0,455.341,1024.749,1.007
"L_uu_workout[47, 12]",0.02,0.013,0.003,0.044,0.001,0.0,450.464,1021.409,1.007
"L_uu_workout[47, 13]",0.019,0.012,0.002,0.041,0.001,0.0,446.27,1031.992,1.006
"L_uu_workout[47, 14]",0.018,0.012,0.002,0.038,0.001,0.0,442.122,996.888,1.007
"L_uu_workout[47, 15]",0.017,0.011,0.001,0.036,0.0,0.0,436.075,974.946,1.007
"L_uu_workout[47, 16]",0.015,0.01,0.001,0.033,0.0,0.0,429.7,1036.39,1.007
"L_uu_workout[47, 17]",0.014,0.01,0.001,0.031,0.0,0.0,425.009,998.574,1.007
"L_uu_workout[47, 18]",0.014,0.009,0.001,0.029,0.0,0.0,420.725,1030.278,1.008
"L_uu_workout[47, 19]",0.013,0.009,0.001,0.028,0.0,0.0,417.764,979.895,1.008
"L_uu_workout[47, 20]",0.012,0.008,0.001,0.026,0.0,0.0,416.487,970.228,1.008
"L_uu_workout[47, 21]",0.011,0.008,0.001,0.025,0.0,0.0,416.047,941.762,1.008
"L_uu_workout[47, 22]",0.01,0.008,0.001,0.024,0.0,0.0,417.685,941.762,1.008
"L_uu_workout[47, 23]",0.01,0.007,0.001,0.022,0.0,0.0,419.881,914.527,1.008
"L_uu_workout[47, 24]",0.009,0.007,0.001,0.021,0.0,0.0,422.638,923.184,1.008
"L_uu_workout[47, 25]",0.008,0.006,0.001,0.02,0.0,0.0,425.976,917.351,1.008
"L_uu_workout[47, 26]",0.008,0.006,0.001,0.018,0.0,0.0,429.301,917.351,1.008
"L_uu_workout[47, 27]",0.007,0.006,0.001,0.017,0.0,0.0,433.005,951.968,1.008
"L_uu_workout[47, 28]",0.007,0.005,0.001,0.016,0.0,0.0,436.029,957.98,1.008
"L_uu_workout[47, 29]",0.006,0.005,0.001,0.014,0.0,0.0,440.015,951.862,1.008
"L_uu_workout[47, 30]",0.006,0.004,0.001,0.013,0.0,0.0,443.591,952.106,1.008
"L_uu_workout[47, 31]",0.005,0.004,0.001,0.012,0.0,0.0,446.806,952.311,1.007
"L_uu_workout[47, 32]",0.005,0.004,0.001,0.011,0.0,0.0,449.257,951.577,1.008
"L_uu_workout[47, 33]",0.004,0.003,0.001,0.01,0.0,0.0,452.041,1001.497,1.008
"L_uu_workout[47, 34]",0.004,0.003,0.001,0.009,0.0,0.0,454.509,1068.947,1.008
"L_uu_workout[47, 35]",0.004,0.003,0.001,0.008,0.0,0.0,456.566,1080.136,1.008
"L_uu_workout[47, 36]",0.003,0.002,0.0,0.007,0.0,0.0,457.8,1092.544,1.008
"L_uu_workout[47, 37]",0.003,0.002,0.001,0.007,0.0,0.0,459.206,1079.633,1.008
"L_uu_workout[47, 38]",0.003,0.002,0.001,0.006,0.0,0.0,461.106,1134.386,1.008
"L_uu_workout[47, 39]",0.002,0.002,0.0,0.005,0.0,0.0,462.661,1134.44,1.008
"L_uu_workout[47, 40]",0.002,0.001,0.0,0.005,0.0,0.0,465.47,1118.27,1.008
"L_uu_workout[47, 41]",0.002,0.001,0.0,0.004,0.0,0.0,468.194,1115.75,1.008
"L_uu_workout[47, 42]",0.002,0.001,0.0,0.003,0.0,0.0,471.046,1100.765,1.008
"L_uu_workout[47, 43]",0.001,0.001,0.0,0.003,0.0,0.0,474.069,1140.347,1.008
"L_uu_workout[47, 44]",0.001,0.001,0.0,0.003,0.0,0.0,479.138,1063.29,1.008
"L_uu_workout[47, 45]",0.001,0.001,0.0,0.002,0.0,0.0,487.419,1100.234,1.008
"L_uu_workout[47, 46]",0.001,0.0,0.0,0.002,0.0,0.0,498.853,1042.054,1.007
"L_uu_workout[47, 47]",0.003,0.001,0.002,0.006,0.0,0.0,1055.25,1393.707,1.003
"L_uu_workout[47, 48]",0.0,0.0,0.0,0.0,0.0,,2000.0,2000.0,
"L_uu_workout[47, 49]",0.0,0.0,0.0,0.0,0.0,,2000.0,2000.0,
"L_uu_workout[48, 0]",0.183,0.108,0.02,0.39,0.003,0.003,1178.109,1393.388,1.001
"L_uu_workout[48, 1]",0.085,0.048,0.013,0.179,0.002,0.001,500.668,991.12,1.006
"L_uu_workout[48, 2]",0.064,0.031,0.017,0.128,0.001,0.001,720.075,1234.563,1.002
"L_uu_workout[48, 3]",0.043,0.019,0.016,0.083,0.001,0.001,973.315,1210.945,1.001
"L_uu_workout[48, 4]",0.032,0.013,0.013,0.059,0.0,0.0,906.123,1264.938,1.004
"L_uu_workout[48, 5]",0.027,0.012,0.01,0.05,0.0,0.0,666.381,1178.612,1.005
"L_uu_workout[48, 6]",0.024,0.014,0.008,0.048,0.001,0.001,551.081,1003.948,1.007
"L_uu_workout[48, 7]",0.023,0.015,0.006,0.05,0.001,0.001,503.431,1003.936,1.008
"L_uu_workout[48, 8]",0.023,0.016,0.004,0.052,0.001,0.001,480.054,977.435,1.008
"L_uu_workout[48, 9]",0.023,0.016,0.004,0.052,0.001,0.001,466.318,1028.794,1.007
"L_uu_workout[48, 10]",0.022,0.016,0.003,0.05,0.001,0.0,459.943,1036.313,1.007
"L_uu_workout[48, 11]",0.021,0.015,0.003,0.048,0.001,0.0,456.296,1024.749,1.007
"L_uu_workout[48, 12]",0.02,0.014,0.002,0.045,0.001,0.0,451.649,1021.409,1.006
"L_uu_workout[48, 13]",0.019,0.013,0.002,0.042,0.001,0.0,446.729,1031.992,1.006
"L_uu_workout[48, 14]",0.018,0.012,0.002,0.039,0.001,0.0,442.955,1066.061,1.006
"L_uu_workout[48, 15]",0.017,0.011,0.002,0.037,0.001,0.0,436.437,1008.346,1.007
"L_uu_workout[48, 16]",0.016,0.01,0.001,0.034,0.0,0.0,430.08,1036.39,1.007
"L_uu_workout[48, 17]",0.015,0.01,0.001,0.032,0.0,0.0,424.621,987.468,1.007
"L_uu_workout[48, 18]",0.014,0.01,0.001,0.031,0.0,0.0,420.363,1030.278,1.008
"L_uu_workout[48, 19]",0.013,0.009,0.001,0.029,0.0,0.0,417.427,979.895,1.008
"L_uu_workout[48, 20]",0.012,0.009,0.001,0.027,0.0,0.0,416.063,970.228,1.008
"L_uu_workout[48, 21]",0.012,0.008,0.001,0.026,0.0,0.0,415.648,941.762,1.008
"L_uu_workout[48, 22]",0.011,0.008,0.001,0.025,0.0,0.0,417.004,914.574,1.008
"L_uu_workout[48, 23]",0.01,0.008,0.001,0.024,0.0,0.0,419.339,914.527,1.008
"L_uu_workout[48, 24]",0.009,0.007,0.001,0.022,0.0,0.0,422.297,923.184,1.008
"L_uu_workout[48, 25]",0.009,0.007,0.001,0.021,0.0,0.0,425.741,917.351,1.008
"L_uu_workout[48, 26]",0.008,0.006,0.001,0.019,0.0,0.0,428.903,917.351,1.008
"L_uu_workout[48, 27]",0.008,0.006,0.001,0.018,0.0,0.0,432.651,951.968,1.008
"L_uu_workout[48, 28]",0.007,0.006,0.001,0.017,0.0,0.0,435.705,952.082,1.008
"L_uu_workout[48, 29]",0.007,0.005,0.001,0.015,0.0,0.0,439.335,951.862,1.008
"L_uu_workout[48, 30]",0.006,0.005,0.001,0.014,0.0,0.0,443.043,952.106,1.007
"L_uu_workout[48, 31]",0.006,0.004,0.001,0.013,0.0,0.0,446.022,971.784,1.007
"L_uu_workout[48, 32]",0.005,0.004,0.001,0.013,0.0,0.0,448.655,951.577,1.008
"L_uu_workout[48, 33]",0.005,0.004,0.001,0.011,0.0,0.0,451.326,980.542,1.008
"L_uu_workout[48, 34]",0.004,0.003,0.001,0.01,0.0,0.0,453.201,1034.178,1.008
"L_uu_workout[48, 35]",0.004,0.003,0.0,0.009,0.0,0.0,455.332,1079.717,1.008
"L_uu_workout[48, 36]",0.004,0.003,0.0,0.008,0.0,0.0,456.773,1079.717,1.008
"L_uu_workout[48, 37]",0.003,0.002,0.0,0.007,0.0,0.0,457.695,1079.633,1.008
"L_uu_workout[48, 38]",0.003,0.002,0.0,0.006,0.0,0.0,459.057,1079.633,1.008
"L_uu_workout[48, 39]",0.003,0.002,0.0,0.006,0.0,0.0,460.426,1079.465,1.008
"L_uu_workout[48, 40]",0.002,0.002,0.0,0.005,0.0,0.0,462.123,1142.392,1.008
"L_uu_workout[48, 41]",0.002,0.001,0.0,0.005,0.0,0.0,464.611,1080.256,1.008
"L_uu_workout[48, 42]",0.002,0.001,0.0,0.004,0.0,0.0,466.637,1079.418,1.008
"L_uu_workout[48, 43]",0.002,0.001,0.0,0.003,0.0,0.0,468.754,1102.615,1.008
"L_uu_workout[48, 44]",0.001,0.001,0.0,0.003,0.0,0.0,472.054,1140.347,1.008
"L_uu_workout[48, 45]",0.001,0.001,0.0,0.003,0.0,0.0,476.899,1075.362,1.008
"L_uu_workout[48, 46]",0.001,0.001,0.0,0.002,0.0,0.0,485.001,1100.234,1.008
"L_uu_workout[48, 47]",0.001,0.0,0.0,0.002,0.0,0.0,496.132,1091.906,1.007
"L_uu_workout[48, 48]",0.003,0.001,0.001,0.005,0.0,0.0,1054.339,1393.707,1.004
"L_uu_workout[48, 49]",0.0,0.0,0.0,0.0,0.0,,2000.0,2000.0,
"L_uu_workout[49, 0]",0.181,0.108,0.018,0.386,0.003,0.003,1176.306,1336.443,1.001
"L_uu_workout[49, 1]",0.085,0.048,0.012,0.178,0.002,0.001,506.383,991.12,1.006
"L_uu_workout[49, 2]",0.065,0.032,0.016,0.128,0.001,0.001,737.134,1308.262,1.002
"L_uu_workout[49, 3]",0.044,0.019,0.015,0.082,0.001,0.001,1001.21,1275.304,1.001
"L_uu_workout[49, 4]",0.032,0.013,0.014,0.06,0.0,0.0,934.444,1234.951,1.004
"L_uu_workout[49, 5]",0.027,0.012,0.01,0.05,0.0,0.0,676.774,1205.585,1.005
"L_uu_workout[49, 6]",0.025,0.014,0.008,0.049,0.001,0.001,554.23,1040.417,1.007
"L_uu_workout[49, 7]",0.024,0.015,0.006,0.051,0.001,0.001,504.96,1003.881,1.008
"L_uu_workout[49, 8]",0.023,0.016,0.005,0.053,0.001,0.001,481.199,1009.634,1.007
"L_uu_workout[49, 9]",0.023,0.016,0.004,0.052,0.001,0.001,466.912,1074.366,1.007
"L_uu_workout[49, 10]",0.023,0.016,0.004,0.051,0.001,0.0,460.979,1036.313,1.007
"L_uu_workout[49, 11]",0.022,0.015,0.003,0.049,0.001,0.0,456.48,1024.749,1.007
"L_uu_workout[49, 12]",0.021,0.014,0.003,0.046,0.001,0.0,452.669,1021.409,1.006
"L_uu_workout[49, 13]",0.02,0.013,0.002,0.043,0.001,0.0,447.288,1020.545,1.006
"L_uu_workout[49, 14]",0.019,0.012,0.002,0.04,0.001,0.0,443.065,1066.061,1.007
"L_uu_workout[49, 15]",0.018,0.011,0.002,0.038,0.001,0.0,437.146,996.36,1.007
"L_uu_workout[49, 16]",0.017,0.011,0.001,0.036,0.0,0.0,430.506,1005.077,1.007
"L_uu_workout[49, 17]",0.016,0.01,0.001,0.033,0.0,0.0,424.454,987.468,1.007
"L_uu_workout[49, 18]",0.015,0.01,0.001,0.032,0.0,0.0,420.045,1030.278,1.007
"L_uu_workout[49, 19]",0.014,0.009,0.001,0.03,0.0,0.0,417.167,979.895,1.008
"L_uu_workout[49, 20]",0.013,0.009,0.001,0.028,0.0,0.0,415.752,941.762,1.008
"L_uu_workout[49, 21]",0.012,0.009,0.001,0.027,0.0,0.0,415.524,941.762,1.008
"L_uu_workout[49, 22]",0.011,0.008,0.001,0.026,0.0,0.0,416.589,914.574,1.008
"L_uu_workout[49, 23]",0.011,0.008,0.001,0.025,0.0,0.0,418.611,914.657,1.008
"L_uu_workout[49, 24]",0.01,0.008,0.001,0.023,0.0,0.0,421.734,923.184,1.008
"L_uu_workout[49, 25]",0.009,0.007,0.001,0.022,0.0,0.0,424.998,917.351,1.008
"L_uu_workout[49, 26]",0.009,0.007,0.001,0.021,0.0,0.0,428.452,917.351,1.008
"L_uu_workout[49, 27]",0.008,0.006,0.001,0.019,0.0,0.0,432.527,951.968,1.008
"L_uu_workout[49, 28]",0.008,0.006,0.001,0.018,0.0,0.0,435.439,952.082,1.008
"L_uu_workout[49, 29]",0.007,0.005,0.001,0.017,0.0,0.0,438.921,951.862,1.008
"L_uu_workout[49, 30]",0.007,0.005,0.001,0.015,0.0,0.0,442.818,952.106,1.007
"L_uu_workout[49, 31]",0.006,0.005,0.001,0.014,0.0,0.0,445.392,952.031,1.007
"L_uu_workout[49, 32]",0.006,0.004,0.001,0.013,0.0,0.0,448.296,942.331,1.007
"L_uu_workout[49, 33]",0.005,0.004,0.001,0.012,0.0,0.0,450.592,970.723,1.008
"L_uu_workout[49, 34]",0.005,0.004,0.001,0.011,0.0,0.0,452.126,1034.178,1.008
"L_uu_workout[49, 35]",0.004,0.003,0.001,0.01,0.0,0.0,454.19,1079.717,1.008
"L_uu_workout[49, 36]",0.004,0.003,0.0,0.009,0.0,0.0,455.201,1079.633,1.008
"L_uu_workout[49, 37]",0.004,0.003,0.0,0.008,0.0,0.0,456.694,1079.633,1.008
"L_uu_workout[49, 38]",0.003,0.002,0.001,0.007,0.0,0.0,457.743,1079.633,1.008
"L_uu_workout[49, 39]",0.003,0.002,0.0,0.006,0.0,0.0,458.612,1043.769,1.008
"L_uu_workout[49, 40]",0.003,0.002,0.0,0.006,0.0,0.0,459.235,1055.349,1.008
"L_uu_workout[49, 41]",0.002,0.002,0.0,0.005,0.0,0.0,461.143,1082.313,1.008
"L_uu_workout[49, 42]",0.002,0.001,0.0,0.004,0.0,0.0,462.803,1070.296,1.008
"L_uu_workout[49, 43]",0.002,0.001,0.0,0.004,0.0,0.0,464.714,1079.418,1.008
"L_uu_workout[49, 44]",0.002,0.001,0.0,0.003,0.0,0.0,466.772,1065.535,1.008
"L_uu_workout[49, 45]",0.001,0.001,0.0,0.003,0.0,0.0,469.701,1077.609,1.008
"L_uu_workout[49, 46]",0.001,0.001,0.0,0.003,0.0,0.0,474.557,1075.362,1.008
"L_uu_workout[49, 47]",0.001,0.001,0.0,0.002,0.0,0.0,482.132,1088.86,1.008
"L_uu_workout[49, 48]",0.001,0.0,0.0,0.002,0.0,0.0,493.231,1115.286,1.008
"L_uu_workout[49, 49]",0.003,0.001,0.001,0.005,0.0,0.0,1053.898,1393.707,1.004
a_weight[0],-2.603,54.093,-103.573,104.359,1.167,1.457,2169.363,1173.565,1.002
a_weight[1],-0.894,92.334,-181.338,169.463,1.787,2.103,2645.226,1592.074,1.002
a_weight[2],1.238,92.567,-173.033,179.983,1.73,2.211,2913.503,1613.36,1.003
a_weight[3],2.101,91.984,-156.595,185.456,1.818,2.408,2598.389,1295.624,1.005
a_weight[4],0.202,92.97,-168.512,176.72,1.885,2.203,2458.91,1579.821,1.001
a_weight[5],-3.955,97.339,-186.196,174.551,1.753,2.626,3098.073,1433.69,1.0
a_weight[6],1.601,99.024,-171.821,211.267,1.851,2.854,3022.616,1312.804,1.004
a_weight[7],0.427,95.289,-172.896,185.085,1.742,2.471,2988.982,1243.132,1.002
a_weight[8],1.581,98.606,-197.395,188.071,1.762,2.505,3308.953,1462.866,1.005
a_weight[9],-0.347,104.321,-195.557,190.263,1.786,2.788,3381.372,1381.999,1.001
a_weight[10],0.609,101.121,-199.06,179.264,1.727,2.455,3421.491,1570.254,1.0
a_weight[11],3.54,97.334,-173.282,187.729,1.745,2.158,3144.063,1750.633,1.0
a_weight[12],-5.992,99.002,-169.801,197.781,1.636,2.526,3663.121,1770.253,0.999
a_weight[13],0.652,98.3,-188.628,174.191,1.772,2.54,3070.429,1734.89,1.001
a_weight[14],-0.957,94.928,-170.511,172.845,1.727,2.42,3097.964,1496.975,0.999
a_weight[15],0.327,98.866,-191.243,179.611,1.548,2.372,4093.826,1589.806,0.999
a_weight[16],0.187,100.291,-196.48,186.011,1.724,3.028,3476.0,1315.246,1.0
a_weight[17],-2.414,95.703,-176.79,173.13,1.641,2.441,3443.39,1829.925,0.999
a_weight[18],1.228,95.282,-174.694,191.249,1.711,2.321,3083.449,1471.877,1.002
a_weight[19],-1.428,98.633,-192.718,180.652,1.856,2.49,2874.765,1420.997,1.008
a_weight[20],-0.854,101.686,-187.731,201.806,1.998,3.118,2567.737,1192.544,1.004
a_weight[21],0.82,102.218,-180.074,206.065,1.977,2.751,2722.625,1257.576,1.004
a_weight[22],2.08,97.677,-184.319,181.662,1.784,2.269,2998.088,1520.786,1.001
a_weight[23],-1.325,95.282,-175.91,181.413,1.807,2.141,2852.932,1595.357,1.0
a_weight[24],1.836,99.696,-173.286,203.542,1.819,2.447,3035.672,1606.648,1.002
a_weight[25],-0.303,99.02,-183.171,184.563,1.793,2.236,3064.837,1408.958,1.005
a_weight[26],-1.422,102.099,-196.113,183.938,1.852,2.473,3084.793,1475.359,1.003
a_weight[27],-1.695,98.967,-195.288,185.73,1.75,2.665,3217.925,1564.267,1.0
a_weight[28],4.107,101.693,-182.723,201.604,1.96,2.567,2785.955,1383.904,1.0
a_weight[29],-1.161,96.677,-175.081,191.028,1.738,2.925,3056.179,1253.342,1.005
a_weight[30],-0.242,98.293,-181.619,179.152,1.816,2.844,2878.225,1293.124,1.004
a_weight[31],3.005,93.245,-168.206,187.608,1.87,2.054,2490.879,1648.904,1.002
a_weight[32],-0.843,99.123,-182.794,189.001,1.884,2.374,2777.154,1420.55,0.999
a_weight[33],-2.201,100.46,-186.196,177.79,1.737,3.328,3503.388,1389.415,1.002
a_weight[34],2.487,96.261,-181.73,170.92,1.773,2.46,2987.135,1466.874,0.999
a_weight[35],1.396,95.536,-189.578,171.969,1.797,2.439,2891.24,1594.853,1.002
a_weight[36],1.18,94.602,-166.316,192.035,1.74,2.286,2978.856,1540.186,1.003
a_weight[37],1.266,94.063,-173.417,176.825,1.717,2.167,3061.813,1513.482,1.002
a_weight[38],-4.422,97.562,-173.955,193.797,1.737,2.455,3225.031,1399.56,1.001
a_weight[39],-2.561,94.632,-194.094,166.634,1.936,2.441,2462.13,1427.8,1.001
a_weight[40],-0.992,93.293,-176.855,172.314,1.714,2.4,2972.56,1497.641,1.001
a_weight[41],0.392,96.403,-177.899,177.004,1.813,2.458,2878.7,1463.248,1.001
a_weight[42],-0.518,97.808,-190.123,189.473,1.698,2.383,3368.436,1365.17,1.0
a_weight[43],1.376,94.786,-186.581,175.057,1.813,2.246,2765.609,1568.532,1.0
a_weight[44],1.191,98.761,-185.265,184.877,1.776,2.603,3137.177,1514.509,1.003
a_weight[45],1.176,97.133,-177.508,189.891,1.944,2.439,2571.436,1591.617,1.002
a_weight[46],-3.1,92.608,-163.288,182.167,1.581,2.493,3471.009,1428.614,1.0
a_weight[47],1.27,94.138,-179.925,171.46,1.637,2.677,3324.397,1511.784,1.004
a_weight[48],1.108,95.787,-179.341,173.127,1.676,2.933,3224.33,1596.558,1.001
a_weight[49],0.632,54.739,-104.293,102.068,0.955,1.575,3307.255,1563.788,1.001
a_workout[0],-10.62,376.972,-752.107,672.656,8.456,8.22,2038.983,1443.785,1.003
a_workout[1],-17.31,424.83,-815.852,800.98,9.017,11.769,2203.227,1702.867,1.0
a_workout[2],-3.947,405.1,-788.687,764.293,7.804,10.278,2729.707,1493.045,1.001
a_workout[3],8.201,422.806,-820.399,830.38,7.873,12.557,3049.338,1422.406,1.003
a_workout[4],-7.897,416.233,-877.122,742.428,8.222,10.255,2709.506,1358.048,1.002
a_workout[5],-14.107,417.338,-870.441,732.076,6.951,11.063,3671.595,1697.003,1.0
a_workout[6],3.366,412.134,-867.629,721.363,6.949,11.951,3312.136,1466.73,1.001
a_workout[7],4.041,438.556,-825.277,848.622,8.119,12.546,3165.832,1420.298,1.003
a_workout[8],9.226,434.605,-798.048,920.926,7.259,13.956,3710.087,1385.999,1.001
a_workout[9],14.003,439.27,-798.602,846.551,8.107,12.941,3200.106,1675.366,1.007
a_workout[10],-5.908,421.172,-815.118,774.239,7.106,10.743,3658.385,1625.702,1.003
a_workout[11],-5.9,433.716,-893.148,762.601,8.611,12.154,2612.226,1348.831,0.999
a_workout[12],-12.55,418.078,-762.26,885.47,7.549,10.443,3078.332,1706.638,1.001
a_workout[13],3.103,436.655,-836.075,853.482,6.9,11.698,4028.055,1634.363,1.0
a_workout[14],7.888,414.58,-769.993,803.199,7.439,10.576,3167.382,1351.817,1.0
a_workout[15],-7.645,426.653,-801.246,830.603,7.039,11.796,3682.952,1643.856,1.001
a_workout[16],2.86,425.952,-820.05,823.387,8.65,11.824,2613.539,1453.242,1.0
a_workout[17],-3.57,435.173,-803.182,868.403,6.961,12.533,3935.111,1432.783,1.0
a_workout[18],10.336,423.695,-864.973,765.626,6.853,10.408,3911.873,1586.157,1.002
a_workout[19],9.422,429.524,-778.025,871.824,7.45,12.437,3462.479,1415.28,1.001
a_workout[20],-1.952,423.072,-838.139,810.613,7.528,10.97,3290.285,1513.125,1.001
a_workout[21],-0.243,415.191,-848.684,731.992,6.671,11.484,4020.472,1557.469,1.004
a_workout[22],-1.095,432.267,-849.43,803.269,7.66,11.724,3223.893,1550.498,1.004
a_workout[23],5.863,428.948,-795.172,832.432,7.548,13.549,3421.46,1362.466,1.005
a_workout[24],13.488,419.504,-850.105,774.448,6.83,13.15,3872.791,1477.552,1.004
a_workout[25],6.692,427.926,-804.09,820.971,7.313,12.918,3654.646,1414.255,1.003
a_workout[26],-1.813,440.233,-860.544,833.232,7.857,12.171,3348.583,1522.186,1.0
a_workout[27],0.715,422.764,-850.404,789.619,8.153,11.442,2828.751,1448.119,1.001
a_workout[28],2.569,427.447,-877.419,786.101,7.809,9.612,3131.4,1738.318,1.002
a_workout[29],12.04,424.627,-744.724,872.675,7.901,12.358,3080.163,1438.848,1.0
a_workout[30],-2.153,449.573,-857.852,849.929,7.749,11.934,3522.335,1675.968,1.002
a_workout[31],4.859,430.507,-824.444,828.569,8.227,11.524,2798.518,1523.835,1.001
a_workout[32],3.11,419.905,-827.698,748.991,7.987,11.274,2892.548,1274.951,1.001
a_workout[33],3.665,420.866,-792.959,828.711,7.559,11.17,3149.446,1499.146,1.001
a_workout[34],-7.749,412.219,-770.568,785.258,7.165,13.917,3254.99,1551.563,1.002
a_workout[35],-4.843,420.721,-782.54,845.045,7.308,11.141,3361.839,1510.725,1.001
a_workout[36],2.609,432.759,-876.209,841.491,7.263,12.277,3675.636,1418.843,1.002
a_workout[37],2.914,429.028,-785.726,877.271,7.039,12.644,3727.948,1812.543,1.002
a_workout[38],-0.094,440.085,-824.902,832.689,7.536,13.464,3479.527,1532.738,1.006
a_workout[39],8.883,436.555,-782.702,850.828,7.687,13.474,3436.959,1558.71,1.003
a_workout[40],-4.159,437.391,-791.291,883.505,8.303,11.367,2892.266,1512.803,1.006
a_workout[41],2.771,420.729,-829.175,823.189,7.517,13.009,3217.85,1426.598,1.002
a_workout[42],-5.101,434.624,-831.02,849.274,7.856,13.334,3131.832,1501.764,1.001
a_workout[43],-5.592,435.355,-843.99,875.125,7.071,13.81,3917.568,1316.685,1.002
a_workout[44],-1.728,428.999,-808.235,838.596,8.045,13.213,3037.557,1617.603,1.004
a_workout[45],-7.516,423.97,-882.896,749.275,7.132,11.674,3656.74,1564.718,1.0
a_workout[46],-0.033,410.827,-789.516,782.181,6.869,10.625,3636.584,1616.612,1.003
a_workout[47],-0.802,434.947,-784.04,911.99,7.461,12.596,3519.66,1259.929,1.006
a_workout[48],-1.387,399.621,-783.437,729.64,6.751,11.36,3572.517,1553.374,1.004
a_workout[49],-17.221,380.029,-683.651,805.451,6.44,10.398,3746.918,1544.491,1.005
f_workout[0],-0.253,0.003,-0.258,-0.247,0.0,0.0,1963.464,1886.667,1.0
f_workout[1],-0.253,0.003,-0.258,-0.248,0.0,0.0,1967.288,1878.045,1.0
f_workout[2],-0.253,0.002,-0.258,-0.249,0.0,0.0,1967.925,1886.873,1.0
f_workout[3],-0.253,0.002,-0.257,-0.249,0.0,0.0,1978.228,1903.362,1.0
f_workout[4],-0.253,0.002,-0.257,-0.249,0.0,0.0,1975.662,1958.11,1.0
f_workout[5],-0.253,0.002,-0.257,-0.249,0.0,0.0,1978.033,1970.728,1.0
f_workout[6],-0.253,0.002,-0.257,-0.249,0.0,0.0,1982.447,1970.589,1.0
f_workout[7],-0.253,0.002,-0.256,-0.25,0.0,0.0,1983.924,1963.691,1.0
f_workout[8],-0.253,0.002,-0.256,-0.25,0.0,0.0,1988.216,1929.506,1.0
f_workout[9],-0.253,0.001,-0.256,-0.251,0.0,0.0,2033.475,1899.513,1.0
f_workout[10],-0.253,0.001,-0.256,-0.251,0.0,0.0,2035.743,1899.513,1.0
f_workout[11],-0.253,0.001,-0.256,-0.251,0.0,0.0,2045.68,1912.035,1.0
f_workout[12],-0.253,0.001,-0.256,-0.251,0.0,0.0,2056.46,1910.821,1.0
f_workout[13],-0.253,0.001,-0.256,-0.251,0.0,0.0,2059.208,1889.865,1.0
f_workout[14],-0.253,0.001,-0.256,-0.251,0.0,0.0,2061.953,1907.77,1.0
f_workout[15],-0.253,0.001,-0.256,-0.251,0.0,0.0,2062.343,1907.77,1.0
f_workout[16],-0.253,0.001,-0.256,-0.251,0.0,0.0,2076.146,1856.274,1.0
f_workout[17],-0.253,0.001,-0.256,-0.251,0.0,0.0,2079.379,1973.112,1.0
f_workout[18],-0.253,0.001,-0.256,-0.251,0.0,0.0,2064.745,1955.059,1.0
f_workout[19],-0.253,0.001,-0.256,-0.251,0.0,0.0,2055.045,1975.856,1.0
f_workout[20],-0.253,0.001,-0.256,-0.251,0.0,0.0,2052.548,1955.533,1.0
f_workout[21],-0.253,0.001,-0.256,-0.251,0.0,0.0,2021.859,1954.974,1.0
f_workout[22],-0.253,0.001,-0.255,-0.251,0.0,0.0,2001.951,1955.283,1.0
f_workout[23],-0.253,0.001,-0.256,-0.251,0.0,0.0,1953.089,1869.605,1.0
f_workout[24],-0.253,0.001,-0.255,-0.251,0.0,0.0,1914.576,2011.307,1.0
f_workout[25],-0.253,0.001,-0.256,-0.251,0.0,0.0,1904.55,1929.49,1.0
f_workout[26],-0.253,0.001,-0.255,-0.251,0.0,0.0,1906.574,1855.674,1.0
f_workout[27],-0.253,0.001,-0.255,-0.251,0.0,0.0,1912.939,2029.27,1.0
f_workout[28],-0.253,0.001,-0.255,-0.251,0.0,0.0,1912.019,1938.178,1.0
f_workout[29],-0.253,0.001,-0.256,-0.251,0.0,0.0,1911.507,1936.007,1.0
f_workout[30],-0.253,0.001,-0.255,-0.251,0.0,0.0,1909.303,1898.186,1.0
f_workout[31],-0.253,0.001,-0.256,-0.251,0.0,0.0,1910.973,1939.563,1.0
f_workout[32],-0.253,0.001,-0.255,-0.251,0.0,0.0,1918.915,1928.829,1.0
f_workout[33],-0.253,0.001,-0.255,-0.251,0.0,0.0,1916.642,1901.853,1.0
f_workout[34],-0.253,0.001,-0.255,-0.251,0.0,0.0,1911.523,1924.554,1.0
f_workout[35],-0.253,0.001,-0.255,-0.251,0.0,0.0,1912.223,1861.949,1.0
f_workout[36],-0.253,0.001,-0.255,-0.251,0.0,0.0,1910.804,1856.582,1.0
f_workout[37],-0.253,0.001,-0.256,-0.251,0.0,0.0,1909.141,1872.701,1.0
f_workout[38],-0.253,0.001,-0.255,-0.251,0.0,0.0,1907.548,1836.703,1.0
f_workout[39],-0.253,0.001,-0.255,-0.251,0.0,0.0,1912.004,1830.277,1.0
f_workout[40],-0.253,0.001,-0.255,-0.251,0.0,0.0,1908.795,1829.948,1.0
f_workout[41],-0.253,0.001,-0.255,-0.251,0.0,0.0,1907.884,1866.068,1.0
f_workout[42],-0.253,0.001,-0.256,-0.251,0.0,0.0,1907.903,1864.6,1.0
f_workout[43],-0.253,0.001,-0.255,-0.251,0.0,0.0,1909.011,1756.761,1.0
f_workout[44],-0.253,0.001,-0.255,-0.251,0.0,0.0,1909.479,1756.761,1.0
f_workout[45],-0.253,0.001,-0.255,-0.251,0.0,0.0,1910.936,1792.612,1.0
f_workout[46],-0.253,0.001,-0.256,-0.251,0.0,0.0,1916.048,1835.088,1.0
f_workout[47],-0.253,0.001,-0.256,-0.251,0.0,0.0,1918.861,1834.019,1.0
f_workout[48],-0.253,0.001,-0.256,-0.251,0.0,0.0,1876.124,1803.618,1.0
f_workout[49],-0.253,0.001,-0.256,-0.251,0.0,0.0,1866.659,1727.903,1.001
f_workout[50],-0.253,0.001,-0.256,-0.251,0.0,0.0,1861.515,1710.672,1.001
f_workout[51],-0.253,0.001,-0.256,-0.251,0.0,0.0,1859.356,1633.528,1.001
f_workout[52],-0.253,0.001,-0.256,-0.251,0.0,0.0,1860.866,1533.387,1.002
f_workout[53],-0.253,0.001,-0.256,-0.251,0.0,0.0,1866.265,1506.423,1.002
f_workout[54],-0.253,0.001,-0.256,-0.251,0.0,0.0,1882.88,1655.245,1.001
f_workout[55],-0.253,0.001,-0.256,-0.251,0.0,0.0,1890.179,1613.355,1.001
f_workout[56],-0.253,0.001,-0.256,-0.25,0.0,0.0,1969.845,1800.515,1.0
f_workout[57],-0.253,0.001,-0.256,-0.251,0.0,0.0,1980.496,1802.713,1.0
f_workout[58],-0.253,0.001,-0.256,-0.251,0.0,0.0,2044.942,1915.972,1.0
f_workout[59],-0.253,0.001,-0.256,-0.251,0.0,0.0,2083.714,1914.232,1.0
f_workout[60],-0.253,0.001,-0.256,-0.251,0.0,0.0,2089.86,1833.346,1.0
f_workout[61],-0.253,0.001,-0.256,-0.251,0.0,0.0,2098.211,1906.936,1.0
f_workout[62],-0.253,0.001,-0.256,-0.251,0.0,0.0,2098.963,1906.936,1.0
f_workout[63],-0.253,0.001,-0.256,-0.251,0.0,0.0,2100.296,1915.562,1.0
f_workout[64],-0.253,0.001,-0.256,-0.251,0.0,0.0,2104.438,1787.386,1.0
f_workout[65],-0.253,0.001,-0.256,-0.251,0.0,0.0,2108.702,1690.819,1.0
f_workout[66],-0.253,0.002,-0.256,-0.25,0.0,0.0,2104.209,1727.57,1.0
f_workout[67],-0.253,0.002,-0.256,-0.25,0.0,0.0,2102.572,1727.57,1.0
f_workout[68],-0.253,0.002,-0.256,-0.251,0.0,0.0,2089.777,1775.09,1.0
f_workout[69],-0.253,0.002,-0.256,-0.25,0.0,0.0,2052.474,1767.545,1.0
f_workout[70],-0.253,0.002,-0.256,-0.25,0.0,0.0,2042.913,1672.298,1.0
f_workout[71],-0.253,0.002,-0.256,-0.25,0.0,0.0,1982.113,1596.039,1.0
f_workout[72],-0.253,0.002,-0.256,-0.25,0.0,0.0,1939.123,1646.94,1.0
f_workout[73],-0.253,0.002,-0.256,-0.25,0.0,0.0,1937.902,1646.94,1.0
f_workout[74],-0.253,0.002,-0.256,-0.249,0.0,0.0,1939.439,1671.561,1.0
f_workout[75],-0.253,0.002,-0.257,-0.249,0.0,0.0,1940.599,1701.002,1.0
f_workout[76],-0.253,0.002,-0.257,-0.249,0.0,0.0,1942.365,1701.808,1.0
f_workout[77],-0.253,0.002,-0.257,-0.249,0.0,0.0,1952.264,1745.693,0.999
f_workout[78],-0.253,0.002,-0.257,-0.249,0.0,0.0,1986.393,1682.379,0.999
f_workout[79],-0.253,0.002,-0.257,-0.249,0.0,0.0,1998.108,1669.285,0.999
f_workout[80],-0.253,0.003,-0.258,-0.248,0.0,0.0,2039.031,1799.792,0.999
f_workout[81],-0.253,0.003,-0.258,-0.248,0.0,0.0,2037.139,1812.317,0.999
f_workout[82],-0.253,0.003,-0.258,-0.247,0.0,0.0,2040.63,1848.028,0.999
f_weight[0],-1.576,0.377,-2.267,-0.881,0.007,0.008,3272.512,1683.926,1.001
f_weight[1],-1.842,0.17,-2.146,-1.501,0.004,0.003,1908.96,1678.164,1.002
f_weight[2],-1.843,0.158,-2.127,-1.53,0.004,0.003,1924.117,1659.931,1.002
f_weight[3],-1.841,0.144,-2.102,-1.565,0.003,0.003,1949.658,1460.539,1.002
f_weight[4],-1.836,0.132,-2.075,-1.58,0.003,0.002,1969.949,1511.614,1.001
f_weight[5],-1.829,0.124,-2.065,-1.599,0.003,0.002,1984.179,1537.438,1.001
f_weight[6],-1.816,0.115,-2.028,-1.593,0.003,0.002,1991.352,1611.309,1.001
f_weight[7],-1.808,0.111,-2.023,-1.6,0.002,0.002,1985.869,1486.779,1.001
f_weight[8],-1.771,0.099,-1.949,-1.574,0.002,0.002,1933.966,1776.593,1.001
f_weight[9],-1.75,0.095,-1.92,-1.56,0.002,0.002,1904.234,1742.46,1.0
f_weight[10],-1.722,0.091,-1.883,-1.543,0.002,0.002,1865.185,1651.903,1.0
f_weight[11],-1.676,0.086,-1.837,-1.516,0.002,0.002,1808.429,1711.937,1.0
f_weight[12],-1.676,0.086,-1.837,-1.516,0.002,0.002,1808.429,1711.937,1.0
f_weight[13],-1.591,0.081,-1.738,-1.435,0.002,0.002,1751.676,1417.097,1.001
f_weight[14],-1.558,0.079,-1.72,-1.423,0.002,0.002,1745.511,1435.823,1.0
f_weight[15],-1.509,0.077,-1.652,-1.363,0.002,0.002,1740.717,1519.614,1.0
f_weight[16],-1.465,0.076,-1.61,-1.328,0.002,0.002,1754.051,1602.157,1.0
f_weight[17],-1.457,0.075,-1.603,-1.321,0.002,0.002,1759.833,1602.157,1.0
f_weight[18],-1.441,0.075,-1.584,-1.305,0.002,0.002,1770.612,1658.685,1.0
f_weight[19],-1.392,0.074,-1.527,-1.254,0.002,0.002,1799.59,1720.006,1.0
f_weight[20],-1.367,0.073,-1.502,-1.233,0.002,0.002,1815.962,1750.769,1.0
f_weight[21],-1.349,0.073,-1.483,-1.215,0.002,0.002,1827.681,1746.748,1.0
f_weight[22],-1.305,0.072,-1.439,-1.17,0.002,0.002,1858.646,1684.97,1.0
f_weight[23],-1.286,0.071,-1.42,-1.152,0.002,0.002,1870.228,1655.47,1.0
f_weight[24],-1.258,0.071,-1.391,-1.124,0.002,0.001,1888.575,1634.173,1.0
f_weight[25],-1.23,0.07,-1.359,-1.093,0.002,0.001,1909.252,1557.276,1.0
f_weight[26],-1.191,0.07,-1.317,-1.055,0.002,0.001,1941.895,1578.042,1.0
f_weight[27],-1.151,0.07,-1.277,-1.016,0.002,0.001,1967.299,1748.526,1.0
f_weight[28],-1.131,0.069,-1.26,-0.999,0.002,0.001,1982.284,1782.817,1.0
f_weight[29],-1.079,0.069,-1.209,-0.951,0.002,0.001,2009.582,1931.844,1.0
f_weight[30],-1.036,0.069,-1.16,-0.903,0.002,0.001,2027.901,1931.178,1.0
f_weight[31],-0.971,0.068,-1.1,-0.843,0.002,0.001,2054.918,2013.432,1.0
f_weight[32],-0.949,0.068,-1.08,-0.823,0.002,0.001,2061.208,2011.508,1.0
f_weight[33],-0.916,0.068,-1.048,-0.79,0.001,0.001,2080.12,2010.85,1.0
f_weight[34],-0.894,0.068,-1.025,-0.767,0.001,0.001,2088.087,1968.745,1.0
f_weight[35],-0.882,0.068,-1.012,-0.754,0.001,0.001,2088.366,1968.745,1.0
f_weight[36],-0.86,0.068,-0.982,-0.724,0.001,0.001,2088.28,1968.63,1.0
f_weight[37],-0.803,0.068,-0.922,-0.665,0.001,0.001,2091.229,2010.63,1.0
f_weight[38],-0.698,0.068,-0.823,-0.566,0.001,0.001,2105.819,1969.743,1.0
f_weight[39],-0.674,0.068,-0.796,-0.539,0.001,0.001,2106.019,1908.764,1.0
f_weight[40],-0.627,0.068,-0.75,-0.494,0.001,0.001,2112.69,1836.725,1.0
f_weight[41],-0.591,0.068,-0.715,-0.458,0.001,0.001,2115.12,1930.01,1.0
f_weight[42],-0.519,0.068,-0.636,-0.38,0.001,0.001,2118.717,1931.888,1.001
f_weight[43],-0.483,0.068,-0.602,-0.345,0.001,0.001,2121.597,1893.226,1.001
f_weight[44],-0.459,0.068,-0.58,-0.321,0.001,0.001,2126.388,1893.251,1.001
f_weight[45],-0.423,0.068,-0.539,-0.28,0.001,0.001,2132.915,1893.209,1.001
f_weight[46],-0.35,0.069,-0.471,-0.213,0.001,0.001,2135.066,1895.34,1.001
f_weight[47],-0.266,0.069,-0.395,-0.141,0.001,0.001,2142.2,1895.088,1.002
f_weight[48],-0.218,0.069,-0.348,-0.093,0.001,0.001,2144.277,1895.172,1.001
f_weight[49],-0.182,0.069,-0.317,-0.059,0.001,0.001,2145.639,1933.913,1.001
f_weight[50],-0.147,0.07,-0.276,-0.018,0.002,0.001,2150.77,1827.978,1.001
f_weight[51],-0.123,0.07,-0.263,-0.002,0.002,0.001,2150.316,1920.578,1.001
f_weight[52],-0.088,0.07,-0.217,0.044,0.002,0.001,2152.807,1921.046,1.001
f_weight[53],-0.076,0.07,-0.211,0.049,0.002,0.001,2153.163,1920.695,1.001
f_weight[54],0.017,0.071,-0.114,0.149,0.002,0.001,2153.416,1833.84,1.001
f_weight[55],0.062,0.072,-0.067,0.199,0.002,0.001,2154.828,1906.609,1.001
f_weight[56],0.108,0.072,-0.023,0.246,0.002,0.001,2152.827,1933.427,1.001
f_weight[57],0.291,0.074,0.157,0.431,0.002,0.001,2165.984,1930.077,1.001
f_weight[58],0.353,0.075,0.218,0.493,0.002,0.001,2172.432,1968.326,1.001
f_weight[59],0.363,0.075,0.227,0.503,0.002,0.001,2174.087,1921.228,1.001
f_weight[60],0.441,0.076,0.308,0.588,0.002,0.001,2183.001,1828.821,1.001
f_weight[61],0.506,0.077,0.374,0.656,0.002,0.001,2196.818,1794.563,1.002
f_weight[62],0.533,0.077,0.391,0.675,0.002,0.001,2203.522,1828.979,1.003
f_weight[63],0.576,0.078,0.432,0.719,0.002,0.001,2218.112,1862.979,1.003
f_weight[64],0.617,0.078,0.472,0.76,0.002,0.001,2236.357,1899.26,1.003
f_weight[65],0.633,0.078,0.49,0.779,0.002,0.001,2242.4,1898.884,1.003
f_weight[66],0.649,0.078,0.515,0.805,0.002,0.001,2252.235,1899.887,1.003
f_weight[67],0.649,0.078,0.515,0.805,0.002,0.001,2252.235,1899.887,1.003
f_weight[68],0.769,0.079,0.611,0.907,0.002,0.001,2315.526,1938.737,1.004
f_weight[69],0.878,0.078,0.729,1.022,0.002,0.001,2348.406,1941.562,1.006
f_weight[70],0.929,0.078,0.776,1.067,0.002,0.001,2330.549,1867.004,1.006
f_weight[71],0.942,0.078,0.789,1.081,0.002,0.001,2322.119,1800.128,1.006
f_weight[72],0.947,0.078,0.796,1.087,0.002,0.001,2314.25,1645.87,1.006
f_weight[73],0.955,0.078,0.8,1.092,0.002,0.001,2302.031,1674.574,1.006
f_weight[74],0.964,0.078,0.827,1.115,0.002,0.001,2293.778,1646.487,1.005
f_weight[75],0.972,0.078,0.837,1.126,0.002,0.001,2278.92,1646.328,1.004
f_weight[76],0.98,0.077,0.843,1.131,0.002,0.001,2266.592,1619.101,1.004
f_weight[77],0.986,0.077,0.846,1.132,0.002,0.001,2245.272,1619.013,1.003
f_weight[78],0.988,0.077,0.853,1.139,0.002,0.001,2232.083,1646.785,1.002
f_weight[79],0.989,0.077,0.852,1.137,0.002,0.001,2205.46,1706.273,1.001
f_weight[80],0.975,0.076,0.84,1.121,0.002,0.001,2157.842,1882.693,1.001
f_weight[81],0.959,0.075,0.818,1.097,0.002,0.001,2212.021,1845.901,1.001
f_weight[82],0.94,0.075,0.8,1.079,0.002,0.001,2196.553,2002.356,1.001
f_weight[83],0.938,0.075,0.798,1.077,0.002,0.001,2199.134,2045.153,1.001
f_weight[84],0.932,0.075,0.79,1.069,0.002,0.001,2200.284,2033.278,1.001
f_weight[85],0.93,0.074,0.787,1.068,0.002,0.001,2200.224,2034.209,1.001
f_weight[86],0.921,0.074,0.783,1.062,0.002,0.001,2193.822,1978.396,1.001
f_weight[87],0.915,0.074,0.777,1.056,0.002,0.001,2191.281,1880.942,1.001
f_weight[88],0.893,0.074,0.75,1.027,0.002,0.001,2189.605,1759.001,1.0
f_weight[89],0.872,0.075,0.73,1.012,0.002,0.001,2181.361,1756.706,1.0
f_weight[90],0.869,0.075,0.731,1.012,0.002,0.001,2173.223,1789.79,1.0
f_weight[91],0.854,0.075,0.703,0.987,0.002,0.001,2172.654,1631.18,1.001
f_weight[92],0.827,0.076,0.695,0.982,0.002,0.001,2163.425,1720.997,1.0
f_weight[93],0.803,0.076,0.659,0.947,0.002,0.001,2150.425,1874.606,1.0
f_weight[94],0.791,0.076,0.64,0.93,0.002,0.001,2138.808,1874.484,1.0
f_weight[95],0.787,0.077,0.636,0.926,0.002,0.001,2136.811,1873.875,1.0
f_weight[96],0.779,0.077,0.624,0.915,0.002,0.001,2130.378,1926.068,1.0
f_weight[97],0.742,0.078,0.595,0.892,0.002,0.001,2110.048,1715.087,1.0
f_weight[98],0.729,0.078,0.578,0.875,0.002,0.001,2097.969,1780.182,1.0
f_weight[99],0.68,0.08,0.525,0.824,0.002,0.001,2056.643,1655.619,1.0
f_weight[100],0.6,0.081,0.454,0.751,0.002,0.002,1858.663,1642.661,1.0
f_weight[101],0.59,0.081,0.44,0.737,0.002,0.002,1909.65,1701.338,1.0
f_weight[102],0.567,0.08,0.42,0.715,0.002,0.001,1873.677,1797.827,1.0
f_weight[103],0.554,0.08,0.407,0.702,0.002,0.001,1868.154,1776.445,1.0
f_weight[104],0.537,0.08,0.394,0.687,0.002,0.001,1875.817,1712.801,1.0
f_weight[105],0.484,0.076,0.35,0.636,0.002,0.001,1953.946,1682.035,0.999
f_weight[106],0.473,0.074,0.348,0.63,0.002,0.001,2004.422,1695.994,0.999
f_weight[107],0.469,0.073,0.341,0.618,0.002,0.001,1987.98,1733.311,0.999
f_weight[108],0.468,0.073,0.321,0.597,0.002,0.001,1986.797,1703.078,0.999
f_weight[109],0.466,0.073,0.32,0.592,0.002,0.001,1970.105,1712.628,1.0
f_weight[110],0.465,0.072,0.318,0.589,0.002,0.001,1957.479,1716.196,1.0
f_weight[111],0.463,0.072,0.328,0.595,0.002,0.001,1968.737,1609.771,0.999
f_weight[112],0.462,0.072,0.327,0.591,0.002,0.001,1982.205,1631.181,0.999
f_weight[113],0.461,0.071,0.326,0.588,0.002,0.001,1991.691,1752.095,0.999
f_weight[114],0.46,0.071,0.32,0.581,0.002,0.001,1979.366,1703.685,0.999
f_weight[115],0.46,0.07,0.321,0.58,0.002,0.001,1981.818,1767.722,0.999
f_weight[116],0.46,0.07,0.331,0.589,0.002,0.001,2013.624,1745.661,0.999
f_weight[117],0.46,0.07,0.331,0.589,0.002,0.001,2013.624,1745.661,0.999
f_weight[118],0.46,0.07,0.322,0.58,0.002,0.001,2033.671,1734.284,0.999
f_weight[119],0.462,0.069,0.329,0.584,0.001,0.001,2104.237,1685.737,0.999
f_weight[120],0.464,0.069,0.333,0.588,0.001,0.001,2197.652,1600.245,0.999
f_weight[121],0.465,0.069,0.338,0.593,0.001,0.001,2205.217,1678.375,0.999
f_weight[122],0.468,0.068,0.34,0.594,0.001,0.001,2219.425,1718.032,0.999
f_weight[123],0.469,0.068,0.34,0.595,0.001,0.001,2217.379,1751.087,0.999
f_weight[124],0.469,0.068,0.347,0.602,0.001,0.001,2217.015,1665.449,0.999
f_weight[125],0.477,0.068,0.348,0.604,0.001,0.001,2201.332,1537.303,0.999
f_weight[126],0.48,0.068,0.35,0.605,0.001,0.001,2196.883,1489.291,0.999
f_weight[127],0.481,0.068,0.352,0.608,0.001,0.001,2195.847,1573.4,0.999
f_weight[128],0.481,0.068,0.352,0.608,0.001,0.001,2195.847,1573.4,0.999
f_weight[129],0.481,0.068,0.352,0.608,0.001,0.001,2195.847,1573.4,0.999
f_weight[130],0.495,0.069,0.372,0.628,0.001,0.001,2165.896,1530.595,0.999
f_weight[131],0.507,0.07,0.375,0.636,0.002,0.001,2128.385,1533.394,1.0
f_weight[132],0.513,0.07,0.384,0.647,0.002,0.001,2041.806,1470.788,0.999
f_weight[133],0.547,0.075,0.406,0.69,0.002,0.001,1767.87,1451.748,1.0
f_weight[134],0.555,0.076,0.412,0.698,0.002,0.001,1777.929,1458.318,1.0
f_weight[135],0.568,0.079,0.417,0.712,0.002,0.001,1800.994,1552.147,1.001
f_weight[136],0.576,0.08,0.418,0.721,0.002,0.002,1807.625,1646.499,1.001
f_weight[137],0.59,0.084,0.429,0.745,0.002,0.002,1870.077,1676.274,1.001
f_weight[138],0.598,0.086,0.44,0.765,0.002,0.002,1916.02,1647.477,1.001
f_weight[139],0.607,0.089,0.445,0.778,0.002,0.002,1981.632,1600.344,1.001
f_weight[140],0.618,0.092,0.434,0.783,0.002,0.002,2053.897,1657.875,1.001
f_weight[141],0.627,0.096,0.44,0.801,0.002,0.002,2056.544,1757.214,1.001
f_weight[142],0.636,0.099,0.446,0.821,0.002,0.002,2061.27,1773.916,1.001
f_weight[143],0.639,0.1,0.449,0.828,0.002,0.002,2064.278,1773.916,1.001
f_weight[144],0.65,0.105,0.445,0.844,0.002,0.002,2079.886,1681.168,1.001
f_weight[145],0.677,0.119,0.444,0.894,0.003,0.002,2134.097,1686.216,1.001
f_weight[146],0.769,0.19,0.403,1.121,0.004,0.003,2427.542,1769.793,1.002
log_lik_weight[0],-0.787,1.018,-2.799,0.2,0.027,0.034,1894.936,1632.029,1.0
log_lik_weight[1],-2.173,0.816,-3.651,-0.615,0.018,0.013,2027.537,1690.577,1.002
log_lik_weight[2],-0.204,0.285,-0.761,0.172,0.007,0.009,1967.638,1665.342,1.002
log_lik_weight[3],-3.27,0.831,-4.876,-1.767,0.018,0.014,2156.045,1567.567,1.002
log_lik_weight[4],-0.489,0.349,-1.129,0.076,0.008,0.009,1968.73,1699.921,1.002
log_lik_weight[5],-0.331,0.279,-0.872,0.084,0.007,0.008,1989.943,1653.758,1.002
log_lik_weight[6],-1.25,0.455,-2.121,-0.468,0.01,0.01,1990.931,1661.082,1.001
log_lik_weight[7],-0.002,0.096,-0.185,0.161,0.002,0.004,2023.958,1346.648,1.002
log_lik_weight[8],-0.077,0.13,-0.312,0.14,0.003,0.003,2335.069,1710.881,0.999
log_lik_weight[9],-0.001,0.088,-0.163,0.155,0.002,0.002,2312.581,1511.458,1.003
log_lik_weight[10],-0.792,0.296,-1.337,-0.253,0.007,0.007,1864.722,1622.35,1.0
log_lik_weight[11],-0.85,0.299,-1.426,-0.33,0.007,0.007,1805.065,1733.191,1.001
log_lik_weight[12],-0.85,0.299,-1.426,-0.33,0.007,0.007,1805.065,1733.191,1.001
log_lik_weight[13],0.014,0.077,-0.126,0.155,0.002,0.002,2296.201,1761.639,1.001
log_lik_weight[14],0.009,0.08,-0.13,0.164,0.002,0.002,1991.385,1819.053,1.001
log_lik_weight[15],-1.93,0.384,-2.697,-1.238,0.009,0.009,1990.709,1602.776,1.002
log_lik_weight[16],-0.164,0.135,-0.405,0.085,0.003,0.003,1736.444,1520.074,1.001
log_lik_weight[17],-2.92,0.465,-3.842,-2.088,0.01,0.01,2203.202,1647.356,1.002
log_lik_weight[18],-0.092,0.114,-0.306,0.109,0.003,0.003,1799.143,1628.807,1.001
log_lik_weight[19],-0.164,0.132,-0.413,0.065,0.003,0.003,1798.989,1576.038,1.001
log_lik_weight[20],-0.217,0.142,-0.498,0.014,0.003,0.003,1918.119,1659.583,1.0
log_lik_weight[21],-0.185,0.134,-0.45,0.033,0.003,0.003,1957.338,1781.652,1.0
log_lik_weight[22],-0.974,0.262,-1.492,-0.516,0.006,0.006,1931.595,1583.85,1.0
log_lik_weight[23],-0.753,0.235,-1.196,-0.327,0.005,0.005,1872.048,1715.276,1.0
log_lik_weight[24],-0.153,0.123,-0.381,0.067,0.003,0.003,2048.066,1804.546,1.0
log_lik_weight[25],-0.026,0.087,-0.186,0.137,0.002,0.002,2364.259,1870.127,1.0
log_lik_weight[26],0.012,0.076,-0.133,0.148,0.002,0.002,2304.441,1930.327,1.002
log_lik_weight[27],-0.202,0.135,-0.471,0.024,0.003,0.003,2030.533,1691.535,1.0
log_lik_weight[28],-0.117,0.115,-0.342,0.083,0.003,0.002,2104.969,1896.155,1.0
log_lik_weight[29],-0.536,0.194,-0.898,-0.196,0.004,0.004,2025.309,1527.552,1.0
log_lik_weight[30],-0.454,0.181,-0.787,-0.141,0.004,0.004,2045.248,1556.794,1.0
log_lik_weight[31],0.012,0.076,-0.129,0.156,0.002,0.002,2538.376,1895.121,1.001
log_lik_weight[32],-0.251,0.139,-0.507,0.001,0.003,0.003,2086.56,1929.81,1.0
log_lik_weight[33],0.026,0.069,-0.102,0.154,0.001,0.001,2806.729,1650.539,1.0
log_lik_weight[34],-2.842,0.443,-3.68,-2.041,0.009,0.008,2476.141,2031.661,0.999
log_lik_weight[35],-0.626,0.204,-1.005,-0.257,0.004,0.004,2081.042,1893.947,1.0
log_lik_weight[36],-0.539,0.193,-0.895,-0.202,0.004,0.004,2096.794,1918.861,1.0
log_lik_weight[37],-2.018,0.366,-2.668,-1.312,0.008,0.006,2308.183,2046.974,1.0
log_lik_weight[38],-0.186,0.125,-0.416,0.042,0.003,0.002,2186.726,2011.823,1.0
log_lik_weight[39],-0.889,0.242,-1.344,-0.452,0.005,0.004,2116.546,1931.932,1.0
log_lik_weight[40],-1.876,0.353,-2.528,-1.222,0.007,0.006,2294.458,2101.374,1.0
log_lik_weight[41],-0.039,0.088,-0.217,0.117,0.002,0.002,2467.478,1971.331,1.002
log_lik_weight[42],-0.164,0.125,-0.413,0.048,0.003,0.003,2220.737,2054.828,1.0
log_lik_weight[43],-0.229,0.138,-0.474,0.038,0.003,0.003,2177.068,2010.68,1.0
log_lik_weight[44],-0.278,0.148,-0.554,-0.01,0.003,0.003,2162.005,2013.406,1.0
log_lik_weight[45],-0.369,0.163,-0.669,-0.074,0.004,0.003,2136.743,1972.167,1.001
log_lik_weight[46],-0.763,0.224,-1.188,-0.352,0.005,0.004,2154.209,1811.609,1.001
log_lik_weight[47],-0.228,0.139,-0.488,0.014,0.003,0.003,2185.384,2013.918,1.002
log_lik_weight[48],-3.345,0.482,-4.297,-2.472,0.009,0.008,2606.981,1998.585,1.001
log_lik_weight[49],-0.123,0.116,-0.342,0.083,0.002,0.002,2252.783,2043.078,1.0
log_lik_weight[50],-0.18,0.13,-0.419,0.051,0.003,0.002,2202.621,2014.31,1.001
log_lik_weight[51],-0.531,0.196,-0.897,-0.187,0.004,0.003,2136.539,2016.068,1.001
log_lik_weight[52],-0.639,0.215,-1.036,-0.26,0.005,0.004,2133.221,2057.835,1.001
log_lik_weight[53],-0.178,0.13,-0.431,0.044,0.003,0.002,2205.363,2103.084,1.001
log_lik_weight[54],-0.016,0.083,-0.17,0.137,0.002,0.002,2651.784,1932.632,1.001
log_lik_weight[55],-0.261,0.149,-0.546,-0.002,0.003,0.003,2177.815,1971.004,1.001
log_lik_weight[56],0.025,0.069,-0.112,0.145,0.001,0.001,2933.633,1768.7,1.0
log_lik_weight[57],-0.727,0.237,-1.2,-0.338,0.005,0.004,2157.157,1927.973,0.999
log_lik_weight[58],-0.485,0.201,-0.874,-0.154,0.004,0.004,2147.583,1894.29,1.0
log_lik_weight[59],-0.243,0.152,-0.532,0.008,0.003,0.003,2173.328,1877.947,1.001
log_lik_weight[60],-0.388,0.186,-0.72,-0.072,0.004,0.004,2149.979,1829.948,1.001
log_lik_weight[61],0.022,0.072,-0.107,0.163,0.001,0.002,2856.545,1639.656,1.0
log_lik_weight[62],-0.391,0.189,-0.733,-0.046,0.004,0.004,2184.288,1873.162,1.002
log_lik_weight[63],-0.501,0.211,-0.883,-0.117,0.004,0.004,2191.76,1864.535,1.003
log_lik_weight[64],0.023,0.072,-0.113,0.153,0.001,0.002,2764.052,1808.83,1.0
log_lik_weight[65],-0.666,0.24,-1.09,-0.217,0.005,0.005,2235.788,1901.929,1.002
log_lik_weight[66],-2.372,0.445,-3.158,-1.468,0.009,0.008,2388.166,1848.151,1.002
log_lik_weight[67],-0.412,0.193,-0.774,-0.068,0.004,0.004,2206.435,1869.531,1.003
log_lik_weight[68],-0.164,0.136,-0.425,0.075,0.003,0.003,2330.594,1862.477,1.002
log_lik_weight[69],-0.202,0.148,-0.472,0.053,0.003,0.003,2360.372,1834.442,1.004
log_lik_weight[70],0.008,0.08,-0.14,0.153,0.002,0.002,2521.939,1692.009,1.0
log_lik_weight[71],0.013,0.077,-0.12,0.167,0.002,0.002,2544.035,1773.772,1.001
log_lik_weight[72],-0.197,0.145,-0.469,0.058,0.003,0.003,2371.459,1909.564,1.003
log_lik_weight[73],-0.361,0.184,-0.694,-0.034,0.004,0.004,2319.53,1897.754,1.005
log_lik_weight[74],-0.351,0.181,-0.704,-0.043,0.004,0.004,2281.993,1591.461,1.004
log_lik_weight[75],-0.033,0.094,-0.199,0.153,0.002,0.002,2635.028,1890.625,1.0
log_lik_weight[76],-0.847,0.269,-1.334,-0.356,0.006,0.005,2280.106,1648.044,1.003
log_lik_weight[77],-0.064,0.107,-0.271,0.124,0.002,0.002,2380.114,1801.503,1.002
log_lik_weight[78],-1.475,0.337,-2.092,-0.858,0.007,0.006,2343.459,1957.866,1.001
log_lik_weight[79],-0.295,0.167,-0.628,-0.016,0.004,0.003,2234.298,1707.008,1.002
log_lik_weight[80],-0.718,0.237,-1.178,-0.309,0.005,0.004,2180.86,1813.121,1.001
log_lik_weight[81],-0.018,0.091,-0.184,0.158,0.002,0.002,2341.509,1953.679,1.001
log_lik_weight[82],-1.231,0.313,-1.795,-0.639,0.007,0.005,2236.817,2029.102,1.001
log_lik_weight[83],-0.005,0.081,-0.157,0.142,0.002,0.002,2664.883,1936.659,0.999
log_lik_weight[84],-0.856,0.254,-1.32,-0.377,0.005,0.005,2170.818,1908.038,1.002
log_lik_weight[85],0.025,0.071,-0.106,0.156,0.001,0.002,2864.252,1879.087,1.0
log_lik_weight[86],-0.284,0.161,-0.58,0.012,0.003,0.003,2224.514,1980.6,1.001
log_lik_weight[87],-0.142,0.123,-0.377,0.072,0.003,0.003,2232.524,1872.127,1.0
log_lik_weight[88],-0.198,0.143,-0.469,0.049,0.003,0.003,2227.441,1980.308,1.002
log_lik_weight[89],-0.588,0.216,-0.995,-0.199,0.005,0.004,2150.381,1820.974,1.001
log_lik_weight[90],-0.403,0.185,-0.762,-0.08,0.004,0.004,2215.061,1829.294,1.001
log_lik_weight[91],0.002,0.078,-0.143,0.15,0.002,0.002,2571.503,1876.206,1.001
log_lik_weight[92],-0.033,0.091,-0.195,0.146,0.002,0.002,2323.827,1738.019,0.999
log_lik_weight[93],-0.577,0.219,-0.98,-0.167,0.005,0.004,2179.097,1747.631,1.0
log_lik_weight[94],-1.512,0.35,-2.184,-0.857,0.007,0.006,2287.515,1776.459,1.001
log_lik_weight[95],-0.933,0.277,-1.424,-0.386,0.006,0.005,2150.057,1690.524,1.001
log_lik_weight[96],0.002,0.079,-0.143,0.147,0.002,0.002,2293.589,1822.845,1.001
log_lik_weight[97],-2.287,0.434,-3.091,-1.463,0.009,0.008,2478.666,1853.406,1.002
log_lik_weight[98],-0.03,0.099,-0.21,0.152,0.002,0.003,2451.459,1872.279,1.001
log_lik_weight[99],0.013,0.076,-0.131,0.148,0.002,0.002,2302.458,1866.509,1.001
log_lik_weight[100],-0.108,0.12,-0.335,0.101,0.003,0.002,1948.004,1661.71,0.999
log_lik_weight[101],-0.094,0.116,-0.316,0.104,0.003,0.002,1949.481,1700.45,1.0
log_lik_weight[102],-0.869,0.281,-1.396,-0.399,0.006,0.006,1891.921,1845.608,0.999
log_lik_weight[103],-0.297,0.179,-0.648,-0.023,0.004,0.004,2115.539,1973.391,1.0
log_lik_weight[104],-0.011,0.092,-0.173,0.156,0.002,0.003,2490.633,1801.929,1.002
log_lik_weight[105],-0.052,0.099,-0.234,0.135,0.002,0.002,2104.962,1634.893,1.0
log_lik_weight[106],-0.618,0.219,-1.027,-0.216,0.005,0.004,2065.411,1726.759,0.999
log_lik_weight[107],-0.004,0.084,-0.154,0.147,0.002,0.002,2512.938,1886.939,0.999
log_lik_weight[108],-1.682,0.348,-2.309,-1.024,0.007,0.006,2288.313,1841.506,0.999
log_lik_weight[109],0.025,0.071,-0.11,0.155,0.001,0.001,2495.719,1702.601,1.001
log_lik_weight[110],-0.03,0.09,-0.209,0.128,0.002,0.002,2230.125,1511.791,1.0
log_lik_weight[111],-0.029,0.09,-0.209,0.128,0.002,0.002,2237.99,1511.791,1.0
log_lik_weight[112],-0.585,0.207,-0.96,-0.208,0.005,0.004,2087.894,1757.662,0.999
log_lik_weight[113],-0.081,0.107,-0.284,0.102,0.002,0.002,2238.338,1819.566,0.999
log_lik_weight[114],-0.739,0.231,-1.216,-0.364,0.005,0.005,2034.032,1723.189,0.999
log_lik_weight[115],-0.34,0.164,-0.654,-0.066,0.004,0.004,2061.153,1727.598,0.999
log_lik_weight[116],-0.082,0.105,-0.269,0.106,0.002,0.002,2262.982,1828.049,0.999
log_lik_weight[117],-0.109,0.111,-0.305,0.108,0.002,0.002,2257.391,1870.285,1.001
log_lik_weight[118],-0.231,0.139,-0.485,0.025,0.003,0.003,2231.866,1600.473,1.0
log_lik_weight[119],-0.111,0.111,-0.333,0.079,0.002,0.002,2280.612,1719.561,1.001
log_lik_weight[120],-2.21,0.388,-2.972,-1.502,0.008,0.008,2457.175,2011.226,1.001
log_lik_weight[121],-0.967,0.255,-1.473,-0.524,0.005,0.005,2223.083,1833.578,1.0
log_lik_weight[122],-0.119,0.113,-0.335,0.085,0.002,0.002,2318.805,1935.715,1.001
log_lik_weight[123],-0.071,0.099,-0.267,0.101,0.002,0.002,2301.891,1759.136,0.999
log_lik_weight[124],-0.248,0.141,-0.516,0.003,0.003,0.003,2288.247,1826.173,1.0
log_lik_weight[125],-1.119,0.27,-1.612,-0.628,0.006,0.005,2264.193,1702.138,0.999
log_lik_weight[126],0.005,0.076,-0.139,0.142,0.002,0.002,2488.062,1578.516,1.001
log_lik_weight[127],-0.155,0.119,-0.377,0.062,0.003,0.003,2192.183,1544.417,0.999
log_lik_weight[128],-0.044,0.094,-0.227,0.122,0.002,0.002,2431.919,2027.179,1.0
log_lik_weight[129],-0.056,0.094,-0.239,0.107,0.002,0.002,2278.022,1740.719,0.999
log_lik_weight[130],-0.06,0.1,-0.251,0.112,0.002,0.002,2442.219,1923.54,1.001
log_lik_weight[131],-0.402,0.171,-0.728,-0.112,0.004,0.004,2097.977,1669.363,0.999
log_lik_weight[132],-0.802,0.235,-1.242,-0.38,0.005,0.005,2126.075,1596.353,1.0
log_lik_weight[133],-0.694,0.231,-1.125,-0.275,0.006,0.005,1797.87,1570.289,1.0
log_lik_weight[134],-0.445,0.196,-0.803,-0.103,0.004,0.004,1973.512,1460.082,1.0
log_lik_weight[135],-0.306,0.173,-0.624,-0.016,0.004,0.004,2136.332,1718.504,1.0
log_lik_weight[136],-0.415,0.197,-0.802,-0.084,0.005,0.004,1791.111,1638.129,1.0
log_lik_weight[137],-0.208,0.158,-0.506,0.05,0.003,0.004,2109.845,1883.118,1.001
log_lik_weight[138],-0.225,0.166,-0.536,0.047,0.004,0.004,2089.626,1917.864,1.001
log_lik_weight[139],-0.401,0.215,-0.811,-0.06,0.005,0.004,2055.21,1706.409,1.001
log_lik_weight[140],0.001,0.087,-0.16,0.158,0.002,0.002,2356.885,1915.354,1.0
log_lik_weight[141],-0.07,0.129,-0.333,0.128,0.003,0.003,2016.199,1839.017,0.999
log_lik_weight[142],-0.007,0.097,-0.197,0.156,0.002,0.002,2128.4,1982.848,1.001
log_lik_weight[143],-0.061,0.129,-0.322,0.143,0.003,0.003,2072.437,1796.149,0.999
log_lik_weight[144],-0.14,0.171,-0.479,0.111,0.004,0.004,2125.667,1726.608,1.0
log_lik_weight[145],-0.416,0.285,-0.944,0.06,0.006,0.006,2123.018,1971.754,1.001
log_lik_weight[146],-0.566,0.521,-1.536,0.121,0.011,0.015,2393.203,1829.135,1.0
log_lik_workout[0],3.394,0.098,3.204,3.502,0.002,0.004,2078.885,1971.885,1.0
log_lik_workout[1],3.4,0.089,3.235,3.506,0.002,0.003,2076.963,1932.354,0.999
log_lik_workout[2],3.41,0.076,3.28,3.512,0.002,0.003,2079.929,1775.491,0.999
log_lik_workout[3],3.419,0.064,3.304,3.502,0.001,0.002,2084.154,1839.445,0.999
log_lik_workout[4],3.424,0.058,3.321,3.502,0.001,0.002,2091.283,1774.773,0.999
log_lik_workout[5],3.426,0.055,3.328,3.502,0.001,0.002,2094.414,1844.776,1.0
log_lik_workout[6],3.428,0.052,3.332,3.498,0.001,0.002,2105.164,1851.335,1.0
log_lik_workout[7],3.432,0.047,3.348,3.502,0.001,0.002,2126.019,1966.121,1.0
log_lik_workout[8],3.438,0.04,3.358,3.495,0.001,0.001,2162.147,1856.475,1.0
log_lik_workout[9],3.445,0.031,3.381,3.493,0.001,0.001,2164.888,1780.078,1.001
log_lik_workout[10],3.445,0.031,3.381,3.493,0.001,0.001,2160.607,1785.439,1.001
log_lik_workout[11],3.446,0.03,3.386,3.496,0.001,0.001,2152.284,1758.434,1.001
log_lik_workout[12],3.446,0.03,3.389,3.498,0.001,0.001,2143.863,1734.169,1.001
log_lik_workout[13],3.446,0.03,3.389,3.497,0.001,0.001,2141.655,1764.444,1.001
log_lik_workout[14],3.446,0.03,3.391,3.497,0.001,0.001,2136.322,1764.269,1.001
log_lik_workout[15],3.446,0.03,3.39,3.497,0.001,0.001,2135.333,1747.662,1.001
log_lik_workout[16],3.447,0.029,3.391,3.495,0.001,0.001,2121.676,1730.955,1.001
log_lik_workout[17],3.447,0.028,3.389,3.493,0.001,0.001,2119.483,1698.244,1.0
log_lik_workout[18],-9.05,0.402,-9.824,-8.585,0.007,0.012,2057.108,1026.631,1.0
log_lik_workout[19],3.448,0.028,3.392,3.496,0.001,0.001,2110.931,1667.226,1.0
log_lik_workout[20],3.448,0.028,3.394,3.498,0.001,0.001,2109.179,1667.226,1.0
log_lik_workout[21],3.448,0.028,3.394,3.498,0.001,0.001,2104.264,1667.071,1.0
log_lik_workout[22],3.448,0.028,3.394,3.497,0.001,0.001,2110.794,1697.357,1.0
log_lik_workout[23],3.448,0.027,3.396,3.499,0.001,0.001,2111.939,1708.497,1.0
log_lik_workout[24],3.449,0.027,3.395,3.496,0.001,0.001,2123.515,1796.104,1.0
log_lik_workout[25],3.449,0.027,3.396,3.496,0.001,0.001,2122.886,1715.062,0.999
log_lik_workout[26],3.449,0.027,3.396,3.497,0.001,0.001,2126.853,1669.087,0.999
log_lik_workout[27],3.449,0.027,3.397,3.497,0.001,0.001,2128.986,1666.959,0.999
log_lik_workout[28],3.449,0.027,3.397,3.498,0.001,0.001,2131.14,1667.268,0.999
log_lik_workout[29],3.449,0.027,3.396,3.496,0.001,0.001,2135.728,1667.268,0.999
log_lik_workout[30],3.449,0.027,3.397,3.498,0.001,0.001,2135.058,1639.42,0.999
log_lik_workout[31],3.449,0.027,3.397,3.498,0.001,0.001,2134.349,1667.577,0.999
log_lik_workout[32],3.449,0.027,3.398,3.498,0.001,0.001,2129.861,1668.64,0.999
log_lik_workout[33],3.449,0.027,3.396,3.498,0.001,0.001,2127.378,1668.64,0.999
log_lik_workout[34],3.449,0.027,3.394,3.496,0.001,0.001,2110.316,1666.42,0.999
log_lik_workout[35],3.448,0.028,3.393,3.496,0.001,0.001,2104.18,1638.55,0.999
log_lik_workout[36],3.448,0.028,3.393,3.496,0.001,0.001,2098.137,1677.545,0.999
log_lik_workout[37],3.448,0.028,3.392,3.495,0.001,0.001,2095.222,1677.545,0.999
log_lik_workout[38],3.448,0.028,3.392,3.495,0.001,0.001,2092.952,1677.545,0.999
log_lik_workout[39],3.448,0.028,3.39,3.494,0.001,0.001,2084.689,1648.365,1.0
log_lik_workout[40],3.448,0.028,3.39,3.494,0.001,0.001,2079.582,1648.916,1.0
log_lik_workout[41],3.448,0.028,3.392,3.496,0.001,0.001,2075.075,1571.45,1.0
log_lik_workout[42],3.448,0.028,3.39,3.495,0.001,0.001,2069.824,1520.315,1.0
log_lik_workout[43],-9.05,0.402,-9.823,-8.585,0.007,0.012,2058.602,1037.034,1.0
log_lik_workout[44],-9.05,0.402,-9.823,-8.585,0.007,0.012,2058.617,1037.034,1.0
log_lik_workout[45],-9.05,0.402,-9.823,-8.585,0.007,0.012,2058.562,1037.034,1.0
log_lik_workout[46],3.447,0.029,3.387,3.496,0.001,0.001,2034.114,1664.815,1.0
log_lik_workout[47],3.447,0.029,3.388,3.496,0.001,0.001,2031.939,1664.815,1.0
log_lik_workout[48],3.447,0.03,3.385,3.495,0.001,0.001,2017.284,1636.305,1.0
log_lik_workout[49],3.446,0.031,3.384,3.496,0.001,0.001,2008.386,1558.734,1.0
log_lik_workout[50],3.446,0.031,3.384,3.496,0.001,0.001,2005.079,1449.001,1.0
log_lik_workout[51],3.446,0.032,3.384,3.496,0.001,0.001,2002.897,1366.215,1.001
log_lik_workout[52],3.445,0.033,3.383,3.496,0.001,0.001,2013.583,1432.034,1.001
log_lik_workout[53],3.445,0.033,3.38,3.497,0.001,0.001,2019.385,1383.148,1.001
log_lik_workout[54],3.444,0.034,3.383,3.501,0.001,0.001,2043.315,1412.458,1.001
log_lik_workout[55],3.443,0.035,3.38,3.5,0.001,0.001,2047.652,1503.675,1.001
log_lik_workout[56],3.442,0.036,3.376,3.5,0.001,0.001,2135.06,1699.259,1.002
log_lik_workout[57],3.442,0.036,3.374,3.498,0.001,0.001,2149.0,1699.259,1.002
log_lik_workout[58],3.441,0.037,3.375,3.5,0.001,0.001,2211.438,1882.691,1.001
log_lik_workout[59],3.441,0.037,3.37,3.497,0.001,0.001,2220.931,1787.819,1.0
log_lik_workout[60],3.441,0.037,3.374,3.5,0.001,0.001,2221.986,1761.267,1.0
log_lik_workout[61],3.441,0.036,3.373,3.499,0.001,0.001,2219.639,1762.309,0.999
log_lik_workout[62],3.441,0.036,3.374,3.499,0.001,0.001,2218.292,1774.776,0.999
log_lik_workout[63],3.441,0.036,3.373,3.499,0.001,0.001,2220.825,1774.139,0.999
log_lik_workout[64],3.441,0.036,3.37,3.496,0.001,0.001,2224.766,1741.989,0.999
log_lik_workout[65],3.441,0.036,3.37,3.497,0.001,0.001,2223.809,1762.563,0.999
log_lik_workout[66],3.441,0.036,3.369,3.496,0.001,0.001,2185.103,1766.156,0.999
log_lik_workout[67],-9.05,0.402,-9.825,-8.586,0.007,0.012,2059.305,1048.556,1.0
log_lik_workout[68],3.44,0.036,3.37,3.496,0.001,0.001,2106.833,1732.414,0.999
log_lik_workout[69],3.44,0.037,3.367,3.496,0.001,0.001,1981.699,1676.868,0.999
log_lik_workout[70],3.44,0.037,3.366,3.495,0.001,0.001,1961.634,1676.937,0.999
log_lik_workout[71],3.438,0.039,3.365,3.501,0.001,0.002,1901.515,1678.98,1.0
log_lik_workout[72],3.434,0.045,3.344,3.499,0.001,0.002,1912.525,1565.149,1.001
log_lik_workout[73],3.433,0.045,3.343,3.499,0.001,0.002,1913.219,1565.149,1.001
log_lik_workout[74],3.429,0.05,3.33,3.501,0.001,0.002,1908.86,1536.658,1.001
log_lik_workout[75],3.428,0.051,3.33,3.502,0.001,0.002,1907.103,1488.559,1.001
log_lik_workout[76],3.428,0.052,3.329,3.502,0.001,0.002,1906.909,1511.876,1.001
log_lik_workout[77],3.425,0.056,3.312,3.496,0.001,0.002,1915.277,1509.957,1.001
log_lik_workout[78],3.417,0.066,3.29,3.498,0.002,0.003,1947.124,1809.193,1.001
log_lik_workout[79],3.414,0.07,3.284,3.501,0.002,0.003,1968.15,1809.18,1.0
log_lik_workout[80],3.405,0.083,3.25,3.5,0.002,0.003,2036.933,1753.14,1.001
log_lik_workout[81],3.404,0.084,3.247,3.5,0.002,0.003,2041.904,1753.14,1.001
log_lik_workout[82],3.397,0.093,3.23,3.508,0.002,0.004,2088.431,1783.754,1.001
beta_scaled,,,,,,,,,
f_weight_stored[0],-1.576,0.377,-2.267,-0.881,0.007,0.008,3272.512,1683.926,1.001
f_weight_stored[1],-1.842,0.17,-2.146,-1.501,0.004,0.003,1908.96,1678.164,1.002
f_weight_stored[2],-1.843,0.158,-2.127,-1.53,0.004,0.003,1924.117,1659.931,1.002
f_weight_stored[3],-1.841,0.144,-2.102,-1.565,0.003,0.003,1949.658,1460.539,1.002
f_weight_stored[4],-1.836,0.132,-2.075,-1.58,0.003,0.002,1969.949,1511.614,1.001
f_weight_stored[5],-1.829,0.124,-2.065,-1.599,0.003,0.002,1984.179,1537.438,1.001
f_weight_stored[6],-1.816,0.115,-2.028,-1.593,0.003,0.002,1991.352,1611.309,1.001
f_weight_stored[7],-1.808,0.111,-2.023,-1.6,0.002,0.002,1985.869,1486.779,1.001
f_weight_stored[8],-1.771,0.099,-1.949,-1.574,0.002,0.002,1933.966,1776.593,1.001
f_weight_stored[9],-1.75,0.095,-1.92,-1.56,0.002,0.002,1904.234,1742.46,1.0
f_weight_stored[10],-1.722,0.091,-1.883,-1.543,0.002,0.002,1865.185,1651.903,1.0
f_weight_stored[11],-1.676,0.086,-1.837,-1.516,0.002,0.002,1808.429,1711.937,1.0
f_weight_stored[12],-1.676,0.086,-1.837,-1.516,0.002,0.002,1808.429,1711.937,1.0
f_weight_stored[13],-1.591,0.081,-1.738,-1.435,0.002,0.002,1751.676,1417.097,1.001
f_weight_stored[14],-1.558,0.079,-1.72,-1.423,0.002,0.002,1745.511,1435.823,1.0
f_weight_stored[15],-1.509,0.077,-1.652,-1.363,0.002,0.002,1740.717,1519.614,1.0
f_weight_stored[16],-1.465,0.076,-1.61,-1.328,0.002,0.002,1754.051,1602.157,1.0
f_weight_stored[17],-1.457,0.075,-1.603,-1.321,0.002,0.002,1759.833,1602.157,1.0
f_weight_stored[18],-1.441,0.075,-1.584,-1.305,0.002,0.002,1770.612,1658.685,1.0
f_weight_stored[19],-1.392,0.074,-1.527,-1.254,0.002,0.002,1799.59,1720.006,1.0
f_weight_stored[20],-1.367,0.073,-1.502,-1.233,0.002,0.002,1815.962,1750.769,1.0
f_weight_stored[21],-1.349,0.073,-1.483,-1.215,0.002,0.002,1827.681,1746.748,1.0
f_weight_stored[22],-1.305,0.072,-1.439,-1.17,0.002,0.002,1858.646,1684.97,1.0
f_weight_stored[23],-1.286,0.071,-1.42,-1.152,0.002,0.002,1870.228,1655.47,1.0
f_weight_stored[24],-1.258,0.071,-1.391,-1.124,0.002,0.001,1888.575,1634.173,1.0
f_weight_stored[25],-1.23,0.07,-1.359,-1.093,0.002,0.001,1909.252,1557.276,1.0
f_weight_stored[26],-1.191,0.07,-1.317,-1.055,0.002,0.001,1941.895,1578.042,1.0
f_weight_stored[27],-1.151,0.07,-1.277,-1.016,0.002,0.001,1967.299,1748.526,1.0
f_weight_stored[28],-1.131,0.069,-1.26,-0.999,0.002,0.001,1982.284,1782.817,1.0
f_weight_stored[29],-1.079,0.069,-1.209,-0.951,0.002,0.001,2009.582,1931.844,1.0
f_weight_stored[30],-1.036,0.069,-1.16,-0.903,0.002,0.001,2027.901,1931.178,1.0
f_weight_stored[31],-0.971,0.068,-1.1,-0.843,0.002,0.001,2054.918,2013.432,1.0
f_weight_stored[32],-0.949,0.068,-1.08,-0.823,0.002,0.001,2061.208,2011.508,1.0
f_weight_stored[33],-0.916,0.068,-1.048,-0.79,0.001,0.001,2080.12,2010.85,1.0
f_weight_stored[34],-0.894,0.068,-1.025,-0.767,0.001,0.001,2088.087,1968.745,1.0
f_weight_stored[35],-0.882,0.068,-1.012,-0.754,0.001,0.001,2088.366,1968.745,1.0
f_weight_stored[36],-0.86,0.068,-0.982,-0.724,0.001,0.001,2088.28,1968.63,1.0
f_weight_stored[37],-0.803,0.068,-0.922,-0.665,0.001,0.001,2091.229,2010.63,1.0
f_weight_stored[38],-0.698,0.068,-0.823,-0.566,0.001,0.001,2105.819,1969.743,1.0
f_weight_stored[39],-0.674,0.068,-0.796,-0.539,0.001,0.001,2106.019,1908.764,1.0
f_weight_stored[40],-0.627,0.068,-0.75,-0.494,0.001,0.001,2112.69,1836.725,1.0
f_weight_stored[41],-0.591,0.068,-0.715,-0.458,0.001,0.001,2115.12,1930.01,1.0
f_weight_stored[42],-0.519,0.068,-0.636,-0.38,0.001,0.001,2118.717,1931.888,1.001
f_weight_stored[43],-0.483,0.068,-0.602,-0.345,0.001,0.001,2121.597,1893.226,1.001
f_weight_stored[44],-0.459,0.068,-0.58,-0.321,0.001,0.001,2126.388,1893.251,1.001
f_weight_stored[45],-0.423,0.068,-0.539,-0.28,0.001,0.001,2132.915,1893.209,1.001
f_weight_stored[46],-0.35,0.069,-0.471,-0.213,0.001,0.001,2135.066,1895.34,1.001
f_weight_stored[47],-0.266,0.069,-0.395,-0.141,0.001,0.001,2142.2,1895.088,1.002
f_weight_stored[48],-0.218,0.069,-0.348,-0.093,0.001,0.001,2144.277,1895.172,1.001
f_weight_stored[49],-0.182,0.069,-0.317,-0.059,0.001,0.001,2145.639,1933.913,1.001
f_weight_stored[50],-0.147,0.07,-0.276,-0.018,0.002,0.001,2150.77,1827.978,1.001
f_weight_stored[51],-0.123,0.07,-0.263,-0.002,0.002,0.001,2150.316,1920.578,1.001
f_weight_stored[52],-0.088,0.07,-0.217,0.044,0.002,0.001,2152.807,1921.046,1.001
f_weight_stored[53],-0.076,0.07,-0.211,0.049,0.002,0.001,2153.163,1920.695,1.001
f_weight_stored[54],0.017,0.071,-0.114,0.149,0.002,0.001,2153.416,1833.84,1.001
f_weight_stored[55],0.062,0.072,-0.067,0.199,0.002,0.001,2154.828,1906.609,1.001
f_weight_stored[56],0.108,0.072,-0.023,0.246,0.002,0.001,2152.827,1933.427,1.001
f_weight_stored[57],0.291,0.074,0.157,0.431,0.002,0.001,2165.984,1930.077,1.001
f_weight_stored[58],0.353,0.075,0.218,0.493,0.002,0.001,2172.432,1968.326,1.001
f_weight_stored[59],0.363,0.075,0.227,0.503,0.002,0.001,2174.087,1921.228,1.001
f_weight_stored[60],0.441,0.076,0.308,0.588,0.002,0.001,2183.001,1828.821,1.001
f_weight_stored[61],0.506,0.077,0.374,0.656,0.002,0.001,2196.818,1794.563,1.002
f_weight_stored[62],0.533,0.077,0.391,0.675,0.002,0.001,2203.522,1828.979,1.003
f_weight_stored[63],0.576,0.078,0.432,0.719,0.002,0.001,2218.112,1862.979,1.003
f_weight_stored[64],0.617,0.078,0.472,0.76,0.002,0.001,2236.357,1899.26,1.003
f_weight_stored[65],0.633,0.078,0.49,0.779,0.002,0.001,2242.4,1898.884,1.003
f_weight_stored[66],0.649,0.078,0.515,0.805,0.002,0.001,2252.235,1899.887,1.003
f_weight_stored[67],0.649,0.078,0.515,0.805,0.002,0.001,2252.235,1899.887,1.003
f_weight_stored[68],0.769,0.079,0.611,0.907,0.002,0.001,2315.526,1938.737,1.004
f_weight_stored[69],0.878,0.078,0.729,1.022,0.002,0.001,2348.406,1941.562,1.006
f_weight_stored[70],0.929,0.078,0.776,1.067,0.002,0.001,2330.549,1867.004,1.006
f_weight_stored[71],0.942,0.078,0.789,1.081,0.002,0.001,2322.119,1800.128,1.006
f_weight_stored[72],0.947,0.078,0.796,1.087,0.002,0.001,2314.25,1645.87,1.006
f_weight_stored[73],0.955,0.078,0.8,1.092,0.002,0.001,2302.031,1674.574,1.006
f_weight_stored[74],0.964,0.078,0.827,1.115,0.002,0.001,2293.778,1646.487,1.005
f_weight_stored[75],0.972,0.078,0.837,1.126,0.002,0.001,2278.92,1646.328,1.004
f_weight_stored[76],0.98,0.077,0.843,1.131,0.002,0.001,2266.592,1619.101,1.004
f_weight_stored[77],0.986,0.077,0.846,1.132,0.002,0.001,2245.272,1619.013,1.003
f_weight_stored[78],0.988,0.077,0.853,1.139,0.002,0.001,2232.083,1646.785,1.002
f_weight_stored[79],0.989,0.077,0.852,1.137,0.002,0.001,2205.46,1706.273,1.001
f_weight_stored[80],0.975,0.076,0.84,1.121,0.002,0.001,2157.842,1882.693,1.001
f_weight_stored[81],0.959,0.075,0.818,1.097,0.002,0.001,2212.021,1845.901,1.001
f_weight_stored[82],0.94,0.075,0.8,1.079,0.002,0.001,2196.553,2002.356,1.001
f_weight_stored[83],0.938,0.075,0.798,1.077,0.002,0.001,2199.134,2045.153,1.001
f_weight_stored[84],0.932,0.075,0.79,1.069,0.002,0.001,2200.284,2033.278,1.001
f_weight_stored[85],0.93,0.074,0.787,1.068,0.002,0.001,2200.224,2034.209,1.001
f_weight_stored[86],0.921,0.074,0.783,1.062,0.002,0.001,2193.822,1978.396,1.001
f_weight_stored[87],0.915,0.074,0.777,1.056,0.002,0.001,2191.281,1880.942,1.001
f_weight_stored[88],0.893,0.074,0.75,1.027,0.002,0.001,2189.605,1759.001,1.0
f_weight_stored[89],0.872,0.075,0.73,1.012,0.002,0.001,2181.361,1756.706,1.0
f_weight_stored[90],0.869,0.075,0.731,1.012,0.002,0.001,2173.223,1789.79,1.0
f_weight_stored[91],0.854,0.075,0.703,0.987,0.002,0.001,2172.654,1631.18,1.001
f_weight_stored[92],0.827,0.076,0.695,0.982,0.002,0.001,2163.425,1720.997,1.0
f_weight_stored[93],0.803,0.076,0.659,0.947,0.002,0.001,2150.425,1874.606,1.0
f_weight_stored[94],0.791,0.076,0.64,0.93,0.002,0.001,2138.808,1874.484,1.0
f_weight_stored[95],0.787,0.077,0.636,0.926,0.002,0.001,2136.811,1873.875,1.0
f_weight_stored[96],0.779,0.077,0.624,0.915,0.002,0.001,2130.378,1926.068,1.0
f_weight_stored[97],0.742,0.078,0.595,0.892,0.002,0.001,2110.048,1715.087,1.0
f_weight_stored[98],0.729,0.078,0.578,0.875,0.002,0.001,2097.969,1780.182,1.0
f_weight_stored[99],0.68,0.08,0.525,0.824,0.002,0.001,2056.643,1655.619,1.0
f_weight_stored[100],0.6,0.081,0.454,0.751,0.002,0.002,1858.663,1642.661,1.0
f_weight_stored[101],0.59,0.081,0.44,0.737,0.002,0.002,1909.65,1701.338,1.0
f_weight_stored[102],0.567,0.08,0.42,0.715,0.002,0.001,1873.677,1797.827,1.0
f_weight_stored[103],0.554,0.08,0.407,0.702,0.002,0.001,1868.154,1776.445,1.0
f_weight_stored[104],0.537,0.08,0.394,0.687,0.002,0.001,1875.817,1712.801,1.0
f_weight_stored[105],0.484,0.076,0.35,0.636,0.002,0.001,1953.946,1682.035,0.999
f_weight_stored[106],0.473,0.074,0.348,0.63,0.002,0.001,2004.422,1695.994,0.999
f_weight_stored[107],0.469,0.073,0.341,0.618,0.002,0.001,1987.98,1733.311,0.999
f_weight_stored[108],0.468,0.073,0.321,0.597,0.002,0.001,1986.797,1703.078,0.999
f_weight_stored[109],0.466,0.073,0.32,0.592,0.002,0.001,1970.105,1712.628,1.0
f_weight_stored[110],0.465,0.072,0.318,0.589,0.002,0.001,1957.479,1716.196,1.0
f_weight_stored[111],0.463,0.072,0.328,0.595,0.002,0.001,1968.737,1609.771,0.999
f_weight_stored[112],0.462,0.072,0.327,0.591,0.002,0.001,1982.205,1631.181,0.999
f_weight_stored[113],0.461,0.071,0.326,0.588,0.002,0.001,1991.691,1752.095,0.999
f_weight_stored[114],0.46,0.071,0.32,0.581,0.002,0.001,1979.366,1703.685,0.999
f_weight_stored[115],0.46,0.07,0.321,0.58,0.002,0.001,1981.818,1767.722,0.999
f_weight_stored[116],0.46,0.07,0.331,0.589,0.002,0.001,2013.624,1745.661,0.999
f_weight_stored[117],0.46,0.07,0.331,0.589,0.002,0.001,2013.624,1745.661,0.999
f_weight_stored[118],0.46,0.07,0.322,0.58,0.002,0.001,2033.671,1734.284,0.999
f_weight_stored[119],0.462,0.069,0.329,0.584,0.001,0.001,2104.237,1685.737,0.999
f_weight_stored[120],0.464,0.069,0.333,0.588,0.001,0.001,2197.652,1600.245,0.999
f_weight_stored[121],0.465,0.069,0.338,0.593,0.001,0.001,2205.217,1678.375,0.999
f_weight_stored[122],0.468,0.068,0.34,0.594,0.001,0.001,2219.425,1718.032,0.999
f_weight_stored[123],0.469,0.068,0.34,0.595,0.001,0.001,2217.379,1751.087,0.999
f_weight_stored[124],0.469,0.068,0.347,0.602,0.001,0.001,2217.015,1665.449,0.999
f_weight_stored[125],0.477,0.068,0.348,0.604,0.001,0.001,2201.332,1537.303,0.999
f_weight_stored[126],0.48,0.068,0.35,0.605,0.001,0.001,2196.883,1489.291,0.999
f_weight_stored[127],0.481,0.068,0.352,0.608,0.001,0.001,2195.847,1573.4,0.999
f_weight_stored[128],0.481,0.068,0.352,0.608,0.001,0.001,2195.847,1573.4,0.999
f_weight_stored[129],0.481,0.068,0.352,0.608,0.001,0.001,2195.847,1573.4,0.999
f_weight_stored[130],0.495,0.069,0.372,0.628,0.001,0.001,2165.896,1530.595,0.999
f_weight_stored[131],0.507,0.07,0.375,0.636,0.002,0.001,2128.385,1533.394,1.0
f_weight_stored[132],0.513,0.07,0.384,0.647,0.002,0.001,2041.806,1470.788,0.999
f_weight_stored[133],0.547,0.075,0.406,0.69,0.002,0.001,1767.87,1451.748,1.0
f_weight_stored[134],0.555,0.076,0.412,0.698,0.002,0.001,1777.929,1458.318,1.0
f_weight_stored[135],0.568,0.079,0.417,0.712,0.002,0.001,1800.994,1552.147,1.001
f_weight_stored[136],0.576,0.08,0.418,0.721,0.002,0.002,1807.625,1646.499,1.001
f_weight_stored[137],0.59,0.084,0.429,0.745,0.002,0.002,1870.077,1676.274,1.001
f_weight_stored[138],0.598,0.086,0.44,0.765,0.002,0.002,1916.02,1647.477,1.001
f_weight_stored[139],0.607,0.089,0.445,0.778,0.002,0.002,1981.632,1600.344,1.001
f_weight_stored[140],0.618,0.092,0.434,0.783,0.002,0.002,2053.897,1657.875,1.001
f_weight_stored[141],0.627,0.096,0.44,0.801,0.002,0.002,2056.544,1757.214,1.001
f_weight_stored[142],0.636,0.099,0.446,0.821,0.002,0.002,2061.27,1773.916,1.001
f_weight_stored[143],0.639,0.1,0.449,0.828,0.002,0.002,2064.278,1773.916,1.001
f_weight_stored[144],0.65,0.105,0.445,0.844,0.002,0.002,2079.886,1681.168,1.001
f_weight_stored[145],0.677,0.119,0.444,0.894,0.003,0.002,2134.097,1686.216,1.001
f_weight_stored[146],0.769,0.19,0.403,1.121,0.004,0.003,2427.542,1769.793,1.002
f_workout_stored[0],-0.253,0.003,-0.258,-0.247,0.0,0.0,1963.464,1886.667,1.0
f_workout_stored[1],-0.253,0.003,-0.258,-0.248,0.0,0.0,1967.288,1878.045,1.0
f_workout_stored[2],-0.253,0.002,-0.258,-0.249,0.0,0.0,1967.925,1886.873,1.0
f_workout_stored[3],-0.253,0.002,-0.257,-0.249,0.0,0.0,1978.228,1903.362,1.0
f_workout_stored[4],-0.253,0.002,-0.257,-0.249,0.0,0.0,1975.662,1958.11,1.0
f_workout_stored[5],-0.253,0.002,-0.257,-0.249,0.0,0.0,1978.033,1970.728,1.0
f_workout_stored[6],-0.253,0.002,-0.257,-0.249,0.0,0.0,1982.447,1970.589,1.0
f_workout_stored[7],-0.253,0.002,-0.256,-0.25,0.0,0.0,1983.924,1963.691,1.0
f_workout_stored[8],-0.253,0.002,-0.256,-0.25,0.0,0.0,1988.216,1929.506,1.0
f_workout_stored[9],-0.253,0.001,-0.256,-0.251,0.0,0.0,2033.475,1899.513,1.0
f_workout_stored[10],-0.253,0.001,-0.256,-0.251,0.0,0.0,2035.743,1899.513,1.0
f_workout_stored[11],-0.253,0.001,-0.256,-0.251,0.0,0.0,2045.68,1912.035,1.0
f_workout_stored[12],-0.253,0.001,-0.256,-0.251,0.0,0.0,2056.46,1910.821,1.0
f_workout_stored[13],-0.253,0.001,-0.256,-0.251,0.0,0.0,2059.208,1889.865,1.0
f_workout_stored[14],-0.253,0.001,-0.256,-0.251,0.0,0.0,2061.953,1907.77,1.0
f_workout_stored[15],-0.253,0.001,-0.256,-0.251,0.0,0.0,2062.343,1907.77,1.0
f_workout_stored[16],-0.253,0.001,-0.256,-0.251,0.0,0.0,2076.146,1856.274,1.0
f_workout_stored[17],-0.253,0.001,-0.256,-0.251,0.0,0.0,2079.379,1973.112,1.0
f_workout_stored[18],-0.253,0.001,-0.256,-0.251,0.0,0.0,2064.745,1955.059,1.0
f_workout_stored[19],-0.253,0.001,-0.256,-0.251,0.0,0.0,2055.045,1975.856,1.0
f_workout_stored[20],-0.253,0.001,-0.256,-0.251,0.0,0.0,2052.548,1955.533,1.0
f_workout_stored[21],-0.253,0.001,-0.256,-0.251,0.0,0.0,2021.859,1954.974,1.0
f_workout_stored[22],-0.253,0.001,-0.255,-0.251,0.0,0.0,2001.951,1955.283,1.0
f_workout_stored[23],-0.253,0.001,-0.256,-0.251,0.0,0.0,1953.089,1869.605,1.0
f_workout_stored[24],-0.253,0.001,-0.255,-0.251,0.0,0.0,1914.576,2011.307,1.0
f_workout_stored[25],-0.253,0.001,-0.256,-0.251,0.0,0.0,1904.55,1929.49,1.0
f_workout_stored[26],-0.253,0.001,-0.255,-0.251,0.0,0.0,1906.574,1855.674,1.0
f_workout_stored[27],-0.253,0.001,-0.255,-0.251,0.0,0.0,1912.939,2029.27,1.0
f_workout_stored[28],-0.253,0.001,-0.255,-0.251,0.0,0.0,1912.019,1938.178,1.0
f_workout_stored[29],-0.253,0.001,-0.256,-0.251,0.0,0.0,1911.507,1936.007,1.0
f_workout_stored[30],-0.253,0.001,-0.255,-0.251,0.0,0.0,1909.303,1898.186,1.0
f_workout_stored[31],-0.253,0.001,-0.256,-0.251,0.0,0.0,1910.973,1939.563,1.0
f_workout_stored[32],-0.253,0.001,-0.255,-0.251,0.0,0.0,1918.915,1928.829,1.0
f_workout_stored[33],-0.253,0.001,-0.255,-0.251,0.0,0.0,1916.642,1901.853,1.0
f_workout_stored[34],-0.253,0.001,-0.255,-0.251,0.0,0.0,1911.523,1924.554,1.0
f_workout_stored[35],-0.253,0.001,-0.255,-0.251,0.0,0.0,1912.223,1861.949,1.0
f_workout_stored[36],-0.253,0.001,-0.255,-0.251,0.0,0.0,1910.804,1856.582,1.0
f_workout_stored[37],-0.253,0.001,-0.256,-0.251,0.0,0.0,1909.141,1872.701,1.0
f_workout_stored[38],-0.253,0.001,-0.255,-0.251,0.0,0.0,1907.548,1836.703,1.0
f_workout_stored[39],-0.253,0.001,-0.255,-0.251,0.0,0.0,1912.004,1830.277,1.0
f_workout_stored[40],-0.253,0.001,-0.255,-0.251,0.0,0.0,1908.795,1829.948,1.0
f_workout_stored[41],-0.253,0.001,-0.255,-0.251,0.0,0.0,1907.884,1866.068,1.0
f_workout_stored[42],-0.253,0.001,-0.256,-0.251,0.0,0.0,1907.903,1864.6,1.0
f_workout_stored[43],-0.253,0.001,-0.255,-0.251,0.0,0.0,1909.011,1756.761,1.0
f_workout_stored[44],-0.253,0.001,-0.255,-0.251,0.0,0.0,1909.479,1756.761,1.0
f_workout_stored[45],-0.253,0.001,-0.255,-0.251,0.0,0.0,1910.936,1792.612,1.0
f_workout_stored[46],-0.253,0.001,-0.256,-0.251,0.0,0.0,1916.048,1835.088,1.0
f_workout_stored[47],-0.253,0.001,-0.256,-0.251,0.0,0.0,1918.861,1834.019,1.0
f_workout_stored[48],-0.253,0.001,-0.256,-0.251,0.0,0.0,1876.124,1803.618,1.0
f_workout_stored[49],-0.253,0.001,-0.256,-0.251,0.0,0.0,1866.659,1727.903,1.001
f_workout_stored[50],-0.253,0.001,-0.256,-0.251,0.0,0.0,1861.515,1710.672,1.001
f_workout_stored[51],-0.253,0.001,-0.256,-0.251,0.0,0.0,1859.356,1633.528,1.001
f_workout_stored[52],-0.253,0.001,-0.256,-0.251,0.0,0.0,1860.866,1533.387,1.002
f_workout_stored[53],-0.253,0.001,-0.256,-0.251,0.0,0.0,1866.265,1506.423,1.002
f_workout_stored[54],-0.253,0.001,-0.256,-0.251,0.0,0.0,1882.88,1655.245,1.001
f_workout_stored[55],-0.253,0.001,-0.256,-0.251,0.0,0.0,1890.179,1613.355,1.001
f_workout_stored[56],-0.253,0.001,-0.256,-0.25,0.0,0.0,1969.845,1800.515,1.0
f_workout_stored[57],-0.253,0.001,-0.256,-0.251,0.0,0.0,1980.496,1802.713,1.0
f_workout_stored[58],-0.253,0.001,-0.256,-0.251,0.0,0.0,2044.942,1915.972,1.0
f_workout_stored[59],-0.253,0.001,-0.256,-0.251,0.0,0.0,2083.714,1914.232,1.0
f_workout_stored[60],-0.253,0.001,-0.256,-0.251,0.0,0.0,2089.86,1833.346,1.0
f_workout_stored[61],-0.253,0.001,-0.256,-0.251,0.0,0.0,2098.211,1906.936,1.0
f_workout_stored[62],-0.253,0.001,-0.256,-0.251,0.0,0.0,2098.963,1906.936,1.0
f_workout_stored[63],-0.253,0.001,-0.256,-0.251,0.0,0.0,2100.296,1915.562,1.0
f_workout_stored[64],-0.253,0.001,-0.256,-0.251,0.0,0.0,2104.438,1787.386,1.0
f_workout_stored[65],-0.253,0.001,-0.256,-0.251,0.0,0.0,2108.702,1690.819,1.0
f_workout_stored[66],-0.253,0.002,-0.256,-0.25,0.0,0.0,2104.209,1727.57,1.0
f_workout_stored[67],-0.253,0.002,-0.256,-0.25,0.0,0.0,2102.572,1727.57,1.0
f_workout_stored[68],-0.253,0.002,-0.256,-0.251,0.0,0.0,2089.777,1775.09,1.0
f_workout_stored[69],-0.253,0.002,-0.256,-0.25,0.0,0.0,2052.474,1767.545,1.0
f_workout_stored[70],-0.253,0.002,-0.256,-0.25,0.0,0.0,2042.913,1672.298,1.0
f_workout_stored[71],-0.253,0.002,-0.256,-0.25,0.0,0.0,1982.113,1596.039,1.0
f_workout_stored[72],-0.253,0.002,-0.256,-0.25,0.0,0.0,1939.123,1646.94,1.0
f_workout_stored[73],-0.253,0.002,-0.256,-0.25,0.0,0.0,1937.902,1646.94,1.0
f_workout_stored[74],-0.253,0.002,-0.256,-0.249,0.0,0.0,1939.439,1671.561,1.0
f_workout_stored[75],-0.253,0.002,-0.257,-0.249,0.0,0.0,1940.599,1701.002,1.0
f_workout_stored[76],-0.253,0.002,-0.257,-0.249,0.0,0.0,1942.365,1701.808,1.0
f_workout_stored[77],-0.253,0.002,-0.257,-0.249,0.0,0.0,1952.264,1745.693,0.999
f_workout_stored[78],-0.253,0.002,-0.257,-0.249,0.0,0.0,1986.393,1682.379,0.999
f_workout_stored[79],-0.253,0.002,-0.257,-0.249,0.0,0.0,1998.108,1669.285,0.999
f_workout_stored[80],-0.253,0.003,-0.258,-0.248,0.0,0.0,2039.031,1799.792,0.999
f_workout_stored[81],-0.253,0.003,-0.258,-0.248,0.0,0.0,2037.139,1812.317,0.999
f_workout_stored[82],-0.253,0.003,-0.258,-0.247,0.0,0.0,2040.63,1848.028,0.999
beta_original_units,-2.945,10.513,-23.558,15.774,0.206,0.252,2613.665,1399.277,1.001
