date,hour,intercept_mean,intercept_lower,intercept_upper,strength_mean,strength_lower,strength_upper,aerobic_mean,aerobic_lower,aerobic_upper,spline_mean,spline_lower,spline_upper,total_mean,total_lower,total_upper,full_model_mean,full_model_lower,full_model_upper
2023-07-12,24.0,130.0932680484121,129.3376923042161,131.12222203409436,135.25870109265307,135.25870109265307,135.25870109265307,135.25870109265307,135.25870109265307,135.25870109265307,134.99800029939215,134.38636103578293,135.46590751174813,129.8325672551512,129.00374884524433,130.8461589669776,129.82774924102122,128.9991879864049,130.86049751464788
2023-07-13,24.0,130.0932680484121,129.3376923042161,131.12222203409436,135.25870109265307,135.25870109265307,135.25870109265307,135.25870109265307,135.25870109265307,135.25870109265307,134.99800029939215,134.38636103578293,135.46590751174813,129.8325672551512,129.00374884524433,130.8461589669776,129.82774924102122,128.9991879864049,130.86049751464788
2023-07-14,24.0,130.0932680484121,129.3376923042161,131.12222203409436,135.25870109265307,135.25870109265307,135.25870109265307,135.18443069255537,135.0007708380695,135.34620156456924,134.99800029939215,134.38636103578293,135.46590751174813,129.75829685505352,128.98317323997622,130.66847337165078,129.74226341835384,128.97151731111842,130.68843826092888
2023-07-15,24.0,130.0932680484121,129.3376923042161,131.12222203409436,135.25870109265307,135.25870109265307,135.25870109265307,135.14200998161314,134.85059070982348,135.38908573906505,134.99800029939215,134.38636103578293,135.46590751174813,129.71587614411126,128.95085807041738,130.58459721702027,129.69410300414265,128.9373682992979,130.58505656417256
2023-07-16,24.0,130.0932680484121,129.3376923042161,131.12222203409436,135.25870109265307,135.25870109265307,135.25870109265307,135.16149617809265,134.90235004379784,135.3553022392439,134.99800029939215,134.38636103578293,135.46590751174813,129.73536234059077,128.97816382123543,130.61669625993943,129.71792696749415,128.96422736780917,130.6222252509456
2023-07-17,24.0,130.0932680484121,129.3376923042161,131.12222203409436,135.25870109265307,135.25870109265307,135.25870109265307,135.17721812515202,134.9489916658779,135.3349349794267,134.99800029939215,134.38636103578293,135.46590751174813,129.75108428765014,128.9886338267144,130.63616882445433,129.7367101061484,128.97659711229778,130.65709115904033
2023-07-18,24.0,130.0932680484121,129.3376923042161,131.12222203409436,135.25870109265307,135.25870109265307,135.25870109265307,135.1899704528132,134.98920197110843,135.31039823791085,134.99800029939215,134.38636103578293,135.46590751174813,129.76383661531133,128.9856578967111,130.65836967523828,129.7516720839634,128.97648027963592,130.67776846623613
2023-07-19,24.0,130.0932680484121,129.3376923042161,131.12222203409436,135.25870109265307,135.25870109265307,135.25870109265307,135.15688712840506,134.87628342146633,135.35522368093535,134.99800029939215,134.38636103578293,135.46590751174813,129.73075329090318,128.98044814280465,130.59309620414567,129.7136737885067,128.96804758845656,130.59593168017045
2023-07-20,24.0,130.0932680484121,129.3376923042161,131.12222203409436,135.25870109265307,135.25870109265307,135.25870109265307,135.1112806434891,134.7221087223732,135.4051678466034,134.99800029939215,134.38636103578293,135.46590751174813,129.68514680598722,128.92331664502473,130.5069913660961,129.66154869593788,128.92184683820932,130.50944094452126
2023-07-21,24.0,130.0932680484121,129.3376923042161,131.12222203409436,135.25870109265307,135.25870109265307,135.25870109265307,135.0609496810794,134.54622754217928,135.46159544601954,134.99800029939215,134.38636103578293,135.46590751174813,129.63481584357754,128.8158310949424,130.48003840227247,129.60432913243181,128.86177964103013,130.44160956021017
2023-07-22,24.0,130.0932680484121,129.3376923042161,131.12222203409436,135.25870109265307,135.25870109265307,135.25870109265307,135.09274215256286,134.64020435666646,135.41100348503167,134.99800029939215,134.38636103578293,135.46590751174813,129.66660831506098,128.90209433125386,130.47394050152965,129.64238907958546,128.9144663323042,130.46977936675026
2023-07-23,24.0,130.0932680484121,129.3376923042161,131.12222203409436,135.25870109265307,135.25870109265307,135.25870109265307,135.11857195428473,134.71472327237612,135.36658649378984,134.99800029939215,134.38636103578293,135.46590751174813,129.69243811678285,128.94494166242401,130.4880099781434,129.67270188749737,128.94762399479274,130.50797535136664
2023-07-24,24.0,130.0932680484121,129.3376923042161,131.12222203409436,135.25870109265307,135.25870109265307,135.25870109265307,135.13967849130668,134.78096116740176,135.33824341501426,134.99800029939215,134.38636103578293,135.46590751174813,129.7135446538048,128.9710837430998,130.51182344089113,129.69708176692404,128.96653360307513,130.5504450609273
2023-07-25,24.0,130.0932680484121,129.3376923042161,131.12222203409436,135.25870109265307,135.25870109265307,135.25870109265307,135.08636520075171,134.59870618649623,135.4131179165376,134.99800029939215,134.38636103578293,135.46590751174813,129.66023136324984,128.89155292651745,130.46052941077915,129.63568931404797,128.91445527122377,130.45031117390704
2023-07-26,24.0,130.0932680484121,129.3376923042161,131.12222203409436,135.25870109265307,135.25870109265307,135.25870109265307,135.05690101551295,134.50125238521093,135.44825367591145,134.99800029939215,134.38636103578293,135.46590751174813,129.63076717801107,128.8532946299224,130.44000522588263,129.60223379049026,128.87490361293936,130.40658257513195
2023-07-27,24.0,130.0932680484121,129.3376923042161,131.12222203409436,135.25870109265307,135.25870109265307,135.25870109265307,135.0143233476542,134.35657540316117,135.49243584012248,134.99800029939215,134.38636103578293,135.46590751174813,129.58818951015232,128.76775525264185,130.41469785369972,129.55386470899708,128.80229729847778,130.33037518767858
2023-07-28,24.0,130.0932680484121,129.3376923042161,131.12222203409436,135.25870109265307,135.25870109265307,135.25870109265307,134.96224497968035,134.18711688089917,135.55029028584775,134.99800029939215,134.38636103578293,135.46590751174813,129.53611114217847,128.670602598637,130.38664148019714,129.49482303988833,128.69700065217503,130.2876856391447
2023-07-29,24.0,130.0932680484121,129.3376923042161,131.12222203409436,135.25870109265307,135.25870109265307,135.25870109265307,135.00891094361685,134.3179432066419,135.4710057797968,134.99800029939215,134.38636103578293,135.46590751174813,129.58277710611497,128.75929366872992,130.37586716329932,129.55014036026412,128.8153521386344,130.3161043199941
2023-07-30,24.0,130.0932680484121,129.3376923042161,131.12222203409436,135.25870109265307,135.25870109265307,135.25870109265307,134.9604005416595,134.1551247015123,135.52927844229043,134.99800029939215,134.38636103578293,135.46590751174813,129.53426670415763,128.69498233051328,130.35704303723557,129.49479465439072,128.71071086134614,130.2855093715736
2023-07-31,24.0,130.0932680484121,129.3376923042161,131.12222203409436,135.25870109265307,135.25870109265307,135.25870109265307,135.0064298999126,134.29480693471305,135.4492446852528,134.99800029939215,134.38636103578293,135.46590751174813,129.58029606241075,128.77228925101076,130.33069551141313,129.5487790730978,128.83174535112303,130.31782846590337
2023-08-01,24.0,130.0932680484121,129.3376923042161,131.12222203409436,135.25870109265307,135.25870109265307,135.25870109265307,135.04409250349545,134.40549360711688,135.39755298203139,134.99800029939215,134.38636103578293,135.46590751174813,129.6179586659936,128.85141590550467,130.39068774912573,129.59222912621541,128.8952463224527,130.35944716358983
2023-08-02,24.0,130.0932680484121,129.3376923042161,131.12222203409436,135.25870109265307,135.25870109265307,135.25870109265307,134.91669292663641,133.9809249730419,135.5747007393711,134.99800029939215,134.38636103578293,135.46590751174813,129.49055908913454,128.62613231516474,130.34067059387888,129.44551715401596,128.63639284469073,130.25149516667062
2023-08-03,24.0,130.0932680484121,129.3376923042161,131.12222203409436,135.25870109265307,135.25870109265307,135.25870109265307,134.89577101796587,133.91043425909527,135.59624945828514,134.99800029939215,134.38636103578293,135.46590751174813,129.469637180464,128.5790983146541,130.32829131212267,129.42252166558734,128.5947292113651,130.24647136221085
2023-08-04,24.0,130.0932680484121,129.3376923042161,131.12222203409436,135.25870109265307,135.25870109265307,135.25870109265307,134.83382608071614,133.7103577941224,135.66114518566187,134.99800029939215,134.38636103578293,135.46590751174813,129.40769224321426,128.4316556959246,130.3450637086968,129.3522916721625,128.4503406329326,130.22251375335526
2023-08-05,24.0,130.0932680484121,129.3376923042161,131.12222203409436,135.25870109265307,135.25870109265307,135.25870109265307,134.89964152102505,133.89719731540868,135.54311146143368,134.99800029939215,134.38636103578293,135.46590751174813,129.47350768352317,128.59404611274886,130.31872331946826,129.42985653070943,128.62570991496497,130.23543171264183
2023-08-06,24.0,130.0932680484121,129.3376923042161,131.12222203409436,135.25870109265307,135.25870109265307,135.25870109265307,134.95344492338256,134.05822590442676,135.4595070993699,134.99800029939215,134.38636103578293,135.46590751174813,129.52731108588068,128.6893617536497,130.30497391725362,129.4921573333353,128.75266553935012,130.26813863610354
2023-08-07,24.0,130.0932680484121,129.3376923042161,131.12222203409436,135.25870109265307,135.25870109265307,135.25870109265307,134.99769302165853,134.21852950974318,135.42041078728477,134.99800029939215,134.38636103578293,135.46590751174813,129.57155918415665,128.75490665411522,130.31304588081048,129.5426757210161,128.8372814218694,130.30648048871785
2023-08-08,24.0,130.0932680484121,129.3376923042161,131.12222203409436,135.25870109265307,135.25870109265307,135.25870109265307,135.03431810818634,134.30970264025223,135.39732984057108,134.99800029939215,134.38636103578293,135.46590751174813,129.60818427068446,128.8278455234008,130.33694612400643,129.58400037370617,128.88126580812903,130.35127440780016
2023-08-09,24.0,130.0932680484121,129.3376923042161,131.12222203409436,135.25870109265307,135.25870109265307,135.25870109265307,134.99455360038087,134.22077101801523,135.4262128214767,134.99800029939215,134.38636103578293,135.46590751174813,129.568419762879,128.756271914084,130.3142625754006,129.5377564852453,128.829638906622,130.30416457500652
2023-08-10,24.0,130.0932680484121,129.3376923042161,131.12222203409436,135.25870109265307,135.25870109265307,135.25870109265307,134.9631960422312,134.11112329782262,135.46647504291465,134.99800029939215,134.38636103578293,135.46590751174813,129.53706220472935,128.71862500309032,130.3049238995771,129.50162606061147,128.76462671518098,130.2807268369303
2023-08-11,24.0,130.0932680484121,129.3376923042161,131.12222203409436,135.25870109265307,135.25870109265307,135.25870109265307,134.87520250461117,133.8300792098178,135.5976652136607,134.99800029939215,134.38636103578293,135.46590751174813,129.4490686671093,128.5527410244651,130.33133920619318,129.40058552448252,128.56820612317136,130.2260774952006
2023-08-12,24.0,130.0932680484121,129.3376923042161,131.12222203409436,135.25870109265307,135.25870109265307,135.25870109265307,134.9325881896132,133.9955135814382,135.48709295672035,134.99800029939215,134.38636103578293,135.46590751174813,129.50645435211132,128.6512662360486,130.30549940084623,129.46780181593823,128.70384676963275,130.25558984037576
2023-08-13,24.0,130.0932680484121,129.3376923042161,131.12222203409436,135.25870109265307,135.25870109265307,135.25870109265307,134.97977567971455,134.1303280976304,135.42966308415404,134.99800029939215,134.38636103578293,135.46590751174813,129.5536418422127,128.7377455498697,130.3122891842059,129.52212043136362,128.7921473745644,130.29886493485395
2023-08-14,24.0,130.0932680484121,129.3376923042161,131.12222203409436,135.25870109265307,135.25870109265307,135.25870109265307,135.0188013074384,134.2383481507739,135.40312828528963,134.99800029939215,134.38636103578293,135.46590751174813,129.59266746993652,128.7825442466757,130.3334417274121,129.5664331381426,128.85878692746107,130.33014636157756
2023-08-15,24.0,130.0932680484121,129.3376923042161,131.12222203409436,135.25870109265307,135.25870109265307,135.25870109265307,135.0512790169438,134.34817752725075,135.3794540037498,134.99800029939215,134.38636103578293,135.46590751174813,129.62514517944192,128.8288229833475,130.3598597121459,129.60289702669814,128.90360849924443,130.37852890993616
2023-08-16,24.0,130.0932680484121,129.3376923042161,131.12222203409436,135.25870109265307,135.25870109265307,135.25870109265307,135.01111514841404,134.23639928988982,135.4154030304731,134.99800029939215,134.38636103578293,135.46590751174813,129.58498131091216,128.7630601809285,130.32941085552892,129.55615200216283,128.85404518055182,130.32469186629925
2023-08-17,24.0,130.0932680484121,129.3376923042161,131.12222203409436,135.25870109265307,135.25870109265307,135.25870109265307,134.90959915775298,133.9293190873555,135.55264732567153,134.99800029939215,134.38636103578293,135.46590751174813,129.48346532025113,128.6197448956932,130.30486926921546,129.43923656194704,128.64994266819582,130.2333543034769
2023-08-18,24.0,130.0932680484121,129.3376923042161,131.12222203409436,135.25870109265307,135.25870109265307,135.25870109265307,134.9608544804165,134.0837191494367,135.46070112430965,134.99800029939215,134.38636103578293,135.46590751174813,129.53472064291464,128.70178693414334,130.3057438688953,129.49926359357795,128.7597978622635,130.28381840890557
2023-08-19,24.0,130.0932680484121,129.3376923042161,131.12222203409436,135.25870109265307,135.25870109265307,135.25870109265307,135.00310916226937,134.19617356878356,135.41288031184072,134.99800029939215,134.38636103578293,135.46590751174813,129.5769753247675,128.73952538985066,130.32641018689012,129.5478860014653,128.8384856969993,130.31597711756936
2023-08-20,24.0,130.0932680484121,129.3376923042161,131.12222203409436,135.25870109265307,135.25870109265307,135.25870109265307,134.85981221108125,133.76008033211258,135.60023482915713,134.99800029939215,134.38636103578293,135.46590751174813,129.43367837357937,128.4963537243773,130.33310409354294,129.38276555705787,128.53138516911378,130.2138612232027
2023-08-21,24.0,130.0932680484121,129.3376923042161,131.12222203409436,135.25870109265307,135.25870109265307,135.25870109265307,134.91901816034044,133.93105232987355,135.50225793648735,134.99800029939215,134.38636103578293,135.46590751174813,129.49288432283856,128.61830071720834,130.30417400549723,129.4523788814234,128.67321794665347,130.23847420107273
2023-08-22,24.0,130.0932680484121,129.3376923042161,131.12222203409436,135.25870109265307,135.25870109265307,135.25870109265307,134.96772030861234,134.06729076808585,135.43916117848332,134.99800029939215,134.38636103578293,135.46590751174813,129.54158647111046,128.6819687227795,130.31101862141193,129.50862959106982,128.76424579922428,130.28354741243547
2023-08-23,24.0,130.0932680484121,129.3376923042161,131.12222203409436,135.25870109265307,135.25870109265307,135.25870109265307,134.95258603524118,134.03593785920032,135.45197812825026,134.99800029939215,134.38636103578293,135.46590751174813,129.5264521977393,128.66020245855495,130.30464927830772,129.4910889988837,128.73907907601614,130.27569888456537
2023-08-24,24.0,130.0932680484121,129.3376923042161,131.12222203409436,135.25870109265307,135.25870109265307,135.25870109265307,134.90958073214514,133.90180787723776,135.51238368058043,134.99800029939215,134.38636103578293,135.46590751174813,129.48344689464327,128.59209147912867,130.30581567597537,129.4416280504903,128.6484881361216,130.22798414893668
2023-08-25,24.0,130.0932680484121,129.3376923042161,131.12222203409436,135.25870109265307,135.25870109265307,135.25870109265307,134.9597251826495,134.05171480457378,135.44565974939178,134.99800029939215,134.38636103578293,135.46590751174813,129.5335913451476,128.67444230424275,130.30909828920642,129.499656317238,128.7384561989254,130.2743362977221
2023-08-26,24.0,130.0932680484121,129.3376923042161,131.12222203409436,135.25870109265307,135.25870109265307,135.25870109265307,135.00120287756837,134.1659764506532,135.40979377499758,134.99800029939215,134.38636103578293,135.46590751174813,129.5750690400665,128.73818775110456,130.32932179401288,129.54694643181602,128.8097234313396,130.32242296217964
2023-08-27,24.0,130.0932680484121,129.3376923042161,131.12222203409436,135.25870109265307,135.25870109265307,135.25870109265307,135.03572106716072,134.30348403273996,135.38809064336291,134.99800029939215,134.38636103578293,135.46590751174813,129.60958722965884,128.80923294332794,130.34551030183528,129.58583450823377,128.87447637870844,130.3620700222826
2023-08-28,24.0,130.0932680484121,129.3376923042161,131.12222203409436,135.25870109265307,135.25870109265307,135.25870109265307,135.06462714590438,134.40191924193442,135.3732197099574,134.99800029939215,134.38636103578293,135.46590751174813,129.6384933084025,128.86983153198074,130.3730129556156,129.61808001872612,128.9134583913516,130.4033492830639
2023-08-29,24.0,130.0932680484121,129.3376923042161,131.12222203409436,135.25870109265307,135.25870109265307,135.25870109265307,135.08897977723916,134.48273253920522,135.35026517553982,134.99800029939215,134.38636103578293,135.46590751174813,129.66284593973728,128.9140233332048,130.38000655045585,129.64501981929803,128.93480558522987,130.4204911924329
2023-08-30,24.0,130.0932680484121,129.3376923042161,131.12222203409436,135.25870109265307,135.25870109265307,135.25870109265307,135.06435300145176,134.4245444566042,135.37274298277362,134.99800029939215,134.38636103578293,135.46590751174813,129.63821916394988,128.86416361457893,130.36148174680818,129.6160973477149,128.90919227090006,130.3982708645196
2023-08-31,24.0,130.0932680484121,129.3376923042161,131.12222203409436,135.25870109265307,135.25870109265307,135.25870109265307,135.0893433135423,134.50896893290442,135.3553770374766,134.99800029939215,134.38636103578293,135.46590751174813,129.6632094760404,128.92604072420332,130.39017811174355,129.64427145425003,128.93582735253298,130.41396861157727
2023-09-01,24.0,130.0932680484121,129.3376923042161,131.12222203409436,135.25870109265307,135.25870109265307,135.25870109265307,135.11039580533213,134.597038736845,135.33850151548367,134.99800029939215,134.38636103578293,135.46590751174813,129.68426196783025,128.96935343938128,130.3982798579352,129.66773947203387,128.96083645534526,130.44560053628643
2023-09-02,24.0,130.0932680484121,129.3376923042161,131.12222203409436,135.25870109265307,135.25870109265307,135.25870109265307,135.12822641186062,134.65930163493906,135.32076178392805,134.99800029939215,134.38636103578293,135.46590751174813,129.70209257435874,128.9799564191655,130.41199208500456,129.68744182794944,128.97040843780707,130.47634480929253
2023-09-03,24.0,130.0932680484121,129.3376923042161,131.12222203409436,135.25870109265307,135.25870109265307,135.25870109265307,135.14341018862092,134.70318076081193,135.30714917518878,134.99800029939215,134.38636103578293,135.46590751174813,129.71727635111904,128.98004902861908,130.44457602618508,129.70410347903328,128.97342050826686,130.4952882921337
2023-09-04,24.0,130.0932680484121,129.3376923042161,131.12222203409436,135.25870109265307,135.25870109265307,135.25870109265307,135.10160800755708,134.6012961051942,135.35743185755206,134.99800029939215,134.38636103578293,135.46590751174813,129.6754741700552,128.94445504794587,130.39310128974924,129.655556493888,128.95684686190404,130.43712014419782
2023-09-05,24.0,130.0932680484121,129.3376923042161,131.12222203409436,135.25870109265307,135.25870109265307,135.25870109265307,135.12182484673278,134.6787995191292,135.3383297012892,134.99800029939215,134.38636103578293,135.46590751174813,129.6956910092309,128.97880368936978,130.40618183165682,129.6787415139295,128.96835038553286,130.45822745089464
2023-09-06,24.0,130.0932680484121,129.3376923042161,131.12222203409436,135.25870109265307,135.25870109265307,135.25870109265307,135.05742308793265,134.46470634875735,135.40705991379957,134.99800029939215,134.38636103578293,135.46590751174813,129.6312892504308,128.87724787567163,130.3455267896058,129.6044546203891,128.90590090815988,130.3775935573238
2023-09-07,24.0,130.0932680484121,129.3376923042161,131.12222203409436,135.25870109265307,135.25870109265307,135.25870109265307,135.08534385899628,134.54845452346288,135.37205922536006,134.99800029939215,134.38636103578293,135.46590751174813,129.6592100214944,128.92423540410675,130.38134313479418,129.63716341040816,128.93587505344226,130.4164262453814
2023-09-08,24.0,130.0932680484121,129.3376923042161,131.12222203409436,135.25870109265307,135.25870109265307,135.25870109265307,135.1084824295782,134.62969842826223,135.34457496584457,134.99800029939215,134.38636103578293,135.46590751174813,129.68234859207632,128.95356727907415,130.39581226405116,129.66379668078915,128.96037258128547,130.43815919443904
2023-09-09,24.0,130.0932680484121,129.3376923042161,131.12222203409436,135.25870109265307,135.25870109265307,135.25870109265307,135.1277746979525,134.70388819064942,135.33246033079527,134.99800029939215,134.38636103578293,135.46590751174813,129.70164086045062,128.97768173702366,130.42650683800022,129.68570320585115,128.97099467506894,130.46417692952141
2023-09-10,24.0,130.0932680484121,129.3376923042161,131.12222203409436,135.25870109265307,135.25870109265307,135.25870109265307,135.0375075214529,134.42746485421628,135.43204576317157,134.99800029939215,134.38636103578293,135.46590751174813,129.61137368395106,128.8357356479203,130.3334578223743,129.58158882312833,128.87559216519503,130.3401047905363
2023-09-11,24.0,130.0932680484121,129.3376923042161,131.12222203409436,135.25870109265307,135.25870109265307,135.25870109265307,135.0689947765886,134.49948153647375,135.38851320387778,134.99800029939215,134.38636103578293,135.46590751174813,129.64286093908672,128.89890269800517,130.35052615957065,129.61868973313116,128.91831766224024,130.3912505350454
2023-09-12,24.0,130.0932680484121,129.3376923042161,131.12222203409436,135.25870109265307,135.25870109265307,135.25870109265307,135.09498860014608,134.57927002095147,135.35542737940284,134.99800029939215,134.38636103578293,135.46590751174813,129.66885476264423,128.9317446649667,130.38553710105754,129.64876152010086,128.94115188011645,130.42014691630507
2023-09-13,24.0,130.0932680484121,129.3376923042161,131.12222203409436,135.25870109265307,135.25870109265307,135.25870109265307,135.02742748738515,134.38823077919778,135.4429383045269,134.99800029939215,134.38636103578293,135.46590751174813,129.60129364988327,128.81247709698255,130.32964883148622,129.57094397117189,128.86320444645077,130.32621207353841
2023-09-14,24.0,130.0932680484121,129.3376923042161,131.12222203409436,135.25870109265307,135.25870109265307,135.25870109265307,134.9777854421633,134.22906081189396,135.49589486081902,134.99800029939215,134.38636103578293,135.46590751174813,129.55165160466143,128.74547479221133,130.31221335111186,129.5143693654383,128.77067781748406,130.29606993809728
2023-09-15,24.0,130.0932680484121,129.3376923042161,131.12222203409436,135.25870109265307,135.25870109265307,135.25870109265307,134.94402905169042,134.0826716308446,135.53370815013548,134.99800029939215,134.38636103578293,135.46590751174813,129.51789521418854,128.68424417268142,130.30106807597898,129.47641895063347,128.71351691918323,130.261430782151
2023-09-16,24.0,130.0932680484121,129.3376923042161,131.12222203409436,135.25870109265307,135.25870109265307,135.25870109265307,134.99083932584944,134.25212114705403,135.45923397370748,134.99800029939215,134.38636103578293,135.46590751174813,129.56470548834756,128.7505848941171,130.31371929755753,129.53167257301246,128.80682473695404,130.29859670365397
2023-09-17,24.0,130.0932680484121,129.3376923042161,131.12222203409436,135.25870109265307,135.25870109265307,135.25870109265307,135.0292330841657,134.3615895777,135.3992436110617,134.99800029939215,134.38636103578293,135.46590751174813,129.60309924666382,128.81282904731555,130.33287359995,129.57619141685126,128.8734933251868,130.33864058001672
2023-09-18,24.0,130.0932680484121,129.3376923042161,131.12222203409436,135.25870109265307,135.25870109265307,135.25870109265307,135.06092249500992,134.44624509879637,135.37422717771634,134.99800029939215,134.38636103578293,135.46590751174813,129.63478865750807,128.88066970445564,130.3483912553559,129.61241964908862,128.90822926558667,130.3840373279815
2023-09-19,24.0,130.0932680484121,129.3376923042161,131.12222203409436,135.25870109265307,135.25870109265307,135.25870109265307,135.08725574156708,134.52500933484387,135.3572053914187,134.99800029939215,134.38636103578293,135.46590751174813,129.6611219040652,128.93113734457575,130.38340525762464,129.64217210266682,128.9335107475041,130.40743013041853
2023-09-20,24.0,130.0932680484121,129.3376923042161,131.12222203409436,135.25870109265307,135.25870109265307,135.25870109265307,135.01842380210576,134.34031651446892,135.44135112983602,134.99800029939215,134.38636103578293,135.46590751174813,129.59228996460388,128.7877549462443,130.32743022598822,129.5626134705492,128.85584813665903,130.32506794303325
2023-09-21,24.0,130.0932680484121,129.3376923042161,131.12222203409436,135.25870109265307,135.25870109265307,135.25870109265307,134.88946104076237,133.85569457520114,135.58494435357028,134.99800029939215,134.38636103578293,135.46590751174813,129.4633272032605,128.58283638341774,130.3048744234723,129.41451992792722,128.60905676708668,130.22398072914496
2023-09-22,24.0,130.0932680484121,129.3376923042161,131.12222203409436,135.25870109265307,135.25870109265307,135.25870109265307,134.9448657245807,134.07547269469168,135.50489415721717,134.99800029939215,134.38636103578293,135.46590751174813,129.51873188707881,128.68358433138502,130.30149124226205,129.48027594937324,128.72509717905743,130.2675496335716
2023-09-23,24.0,130.0932680484121,129.3376923042161,131.12222203409436,135.25870109265307,135.25870109265307,135.25870109265307,134.9902915608526,134.2133077060009,135.42992224099342,134.99800029939215,134.38636103578293,135.46590751174813,129.56415772335072,128.74268230061745,130.31509139413473,129.53315091406225,128.81527471107154,130.29780583640448
2023-09-24,24.0,130.0932680484121,129.3376923042161,131.12222203409436,135.25870109265307,135.25870109265307,135.25870109265307,135.02775251904828,134.31315462852706,135.39667941341338,134.99800029939215,134.38636103578293,135.46590751174813,129.60161868154643,128.80064884062233,130.33509655827896,129.57609544815233,128.87234159018885,130.34016009593836
2023-09-25,24.0,130.0932680484121,129.3376923042161,131.12222203409436,135.25870109265307,135.25870109265307,135.25870109265307,135.05884787669575,134.4182387927399,135.37380080752376,134.99800029939215,134.38636103578293,135.46590751174813,129.63271403919387,128.86628137857207,130.35591510680976,129.61129945199622,128.91012900614749,130.3853812492516
2023-09-26,24.0,130.0932680484121,129.3376923042161,131.12222203409436,135.25870109265307,135.25870109265307,135.25870109265307,135.08482903575077,134.48460500537192,135.36041983862066,134.99800029939215,134.38636103578293,135.46590751174813,129.6586951982489,128.9249690978162,130.3819116705935,129.640404071921,128.9348277073907,130.41659354422262
2023-09-27,24.0,130.0932680484121,129.3376923042161,131.12222203409436,135.25870109265307,135.25870109265307,135.25870109265307,135.10667427253804,134.5759594793369,135.34492137404362,134.99800029939215,134.38636103578293,135.46590751174813,129.68054043503616,128.96356049794787,130.39067702244802,129.6646533614671,128.95884891745865,130.43829814926173
2023-09-28,24.0,130.0932680484121,129.3376923042161,131.12222203409436,135.25870109265307,135.25870109265307,135.25870109265307,135.12515060793936,134.65644600897915,135.32410229866346,134.99800029939215,134.38636103578293,135.46590751174813,129.69901677043748,128.97454693911706,130.4057479240985,129.68500422852722,128.96628472876586,130.4646912697606
2023-09-29,24.0,130.0932680484121,129.3376923042161,131.12222203409436,135.25870109265307,135.25870109265307,135.25870109265307,135.1408639751861,134.71814102450298,135.31122210023125,134.99800029939215,134.38636103578293,135.46590751174813,129.71473013768423,128.97904589628902,130.43941464981503,129.70219661790196,128.9729034027576,130.48682380034816
2023-09-30,24.0,130.0932680484121,129.3376923042161,131.12222203409436,135.25870109265307,135.25870109265307,135.25870109265307,135.15429635371785,134.7505985934232,135.30220238626612,134.99800029939215,134.38636103578293,135.46590751174813,129.72816251621597,128.976138354659,130.469663941339,129.71681003342047,128.97378206733285,130.50511122285735
2023-10-01,24.0,130.0932680484121,129.3376923042161,131.12222203409436,135.25870109265307,135.25870109265307,135.25870109265307,135.1658340803899,134.77904063018053,135.29472701161384,134.99800029939215,134.38636103578293,135.46590751174813,129.73970024288803,128.98355076454874,130.4797009091141,129.72930327487188,128.9765597811514,130.53263672146346
2023-10-02,24.0,130.0932680484121,129.3376923042161,131.12222203409436,135.25870109265307,135.25870109265307,135.25870109265307,135.1757890052602,134.8155420520035,135.28743636645748,134.99800029939215,134.38636103578293,135.46590751174813,129.74965516775833,128.99024060731577,130.4922018847245,129.74003991996938,128.97898354039674,130.55312599029224
2023-10-03,24.0,130.0932680484121,129.3376923042161,131.12222203409436,135.25870109265307,135.25870109265307,135.25870109265307,135.1844146976381,134.85876341547402,135.28238305932877,134.99800029939215,134.38636103578293,135.46590751174813,129.7582808601362,128.99347880130688,130.52245583125713,129.74931423493095,128.98454795516167,130.56811928479115
2023-10-04,24.0,130.0932680484121,129.3376923042161,131.12222203409436,135.25870109265307,135.25870109265307,135.25870109265307,135.14651114342263,134.79164307084068,135.32857482522095,134.99800029939215,134.38636103578293,135.46590751174813,129.72037730592078,128.98644168100444,130.4442342061017,129.70535317372463,128.97675818928127,130.49553578380792
2023-10-05,24.0,130.0932680484121,129.3376923042161,131.12222203409436,135.25870109265307,135.25870109265307,135.25870109265307,135.10527942317066,134.65805359089163,135.37008804992197,134.99800029939215,134.38636103578293,135.46590751174813,129.67914558566878,128.9534991056308,130.41017891295095,129.65795334705527,128.95171659454527,130.43854080171326
2023-10-06,24.0,130.0932680484121,129.3376923042161,131.12222203409436,135.25870109265307,135.25870109265307,135.25870109265307,135.05027066955236,134.505401586314,135.43734425750918,134.99800029939215,134.38636103578293,135.46590751174813,129.62413683205048,128.85550241900148,130.33670164270546,129.59504477953976,128.8908281121455,130.3555087276455
2023-10-07,24.0,130.0932680484121,129.3376923042161,131.12222203409436,135.25870109265307,135.25870109265307,135.25870109265307,135.08055160681204,134.57444820723398,135.38983355875723,134.99800029939215,134.38636103578293,135.46590751174813,129.65441776931016,128.91767305885938,130.3637163180113,129.63105448630722,128.9309943517103,130.39984914243092
2023-10-08,24.0,130.0932680484121,129.3376923042161,131.12222203409436,135.25870109265307,135.25870109265307,135.25870109265307,135.10542733118314,134.64040289168148,135.35561904266712,134.99800029939215,134.38636103578293,135.46590751174813,129.67929349368126,128.95053581969069,130.40041355745046,129.66004998867376,128.95155690019683,130.43615091702668
2023-10-09,24.0,130.0932680484121,129.3376923042161,131.12222203409436,135.25870109265307,135.25870109265307,135.25870109265307,135.12598862959433,134.7101105324192,135.33345563574514,134.99800029939215,134.38636103578293,135.46590751174813,129.69985479209248,128.98266092712413,130.41433735494556,129.68364761466734,128.970634498638,130.4653348863771
2023-10-10,24.0,130.0932680484121,129.3376923042161,131.12222203409436,135.25870109265307,135.25870109265307,135.25870109265307,135.14310202288272,134.77487612406495,135.32511708954866,134.99800029939215,134.38636103578293,135.46590751174813,129.71696818538084,128.9847820799177,130.4440220676348,129.7030410069543,128.97652175868745,130.4922596300533
2023-10-11,24.0,130.0932680484121,129.3376923042161,131.12222203409436,135.25870109265307,135.25870109265307,135.25870109265307,135.1574450887645,134.82337726556946,135.3139964489656,134.99800029939215,134.38636103578293,135.46590751174813,129.7313112512626,128.98531563561886,130.46542484582483,129.71912316803534,128.97606825439055,130.52194964383256
2023-10-12,24.0,130.0932680484121,129.3376923042161,131.12222203409436,135.25870109265307,135.25870109265307,135.25870109265307,135.04094182645673,134.46514257832274,135.4422819918795,134.99800029939215,134.38636103578293,135.46590751174813,129.61480798895488,128.84617824813682,130.33395681501872,129.5847860007688,128.875698628094,130.34516592614247
2023-10-13,24.0,130.0932680484121,129.3376923042161,131.12222203409436,135.25870109265307,135.25870109265307,135.25870109265307,134.9922127752688,134.2535970076439,135.49685336689464,134.99800029939215,134.38636103578293,135.46590751174813,129.56607893776692,128.7343852374586,130.30865910127088,129.52954301085336,128.79484420423245,130.2942137505406
2023-10-14,24.0,130.0932680484121,129.3376923042161,131.12222203409436,135.25870109265307,135.25870109265307,135.25870109265307,135.0320947964056,134.41589709428465,135.43754264844566,134.99800029939215,134.38636103578293,135.46590751174813,129.60596095890372,128.83760599739946,130.32775315975908,129.5770227814814,128.87116842434762,130.33328494314458
2023-10-15,24.0,130.0932680484121,129.3376923042161,131.12222203409436,135.25870109265307,135.25870109265307,135.25870109265307,135.06475567877942,134.51380167350106,135.38592766617884,134.99800029939215,134.38636103578293,135.46590751174813,129.63862184127754,128.89955119583936,130.34414120684085,129.61514245846928,128.91537818012068,130.3747854255341
2023-10-16,24.0,130.0932680484121,129.3376923042161,131.12222203409436,135.25870109265307,135.25870109265307,135.25870109265307,135.091664340086,134.5794056136921,135.35707270386837,134.99800029939215,134.38636103578293,135.46590751174813,129.66553050258412,128.9336627419934,130.3769450132304,129.6460635290194,128.94416809848138,130.41668479813603
2023-10-17,24.0,130.0932680484121,129.3376923042161,131.12222203409436,135.25870109265307,135.25870109265307,135.25870109265307,135.11398429941144,134.64818240500674,135.3413698632967,134.99800029939215,134.38636103578293,135.46590751174813,129.6878504619096,128.9583871011928,130.398971743246,129.67138448516755,128.9606878220772,130.44165449584935
2023-10-18,24.0,130.0932680484121,129.3376923042161,131.12222203409436,135.25870109265307,135.25870109265307,135.25870109265307,135.13262419151556,134.71045933036152,135.3318052410642,134.99800029939215,134.38636103578293,135.46590751174813,129.70649035401368,128.98335049401706,130.42784899922742,129.69230158276034,128.97320274324625,130.4768487797688
2023-10-19,24.0,130.0932680484121,129.3376923042161,131.12222203409436,135.25870109265307,135.25870109265307,135.25870109265307,135.1482923231273,134.77514942685633,135.32072574203818,134.99800029939215,134.38636103578293,135.46590751174813,129.7221584856254,128.9874319824468,130.44493035898432,129.70971916190592,128.9757820489349,130.50600440510067
2023-10-20,24.0,130.0932680484121,129.3376923042161,131.12222203409436,135.25870109265307,135.25870109265307,135.25870109265307,135.16154332541234,134.82894480218613,135.30631552411245,134.99800029939215,134.38636103578293,135.46590751174813,129.73540948791046,128.9884474083111,130.4718641766854,129.72433028225024,128.97435309560913,130.53021641880574
2023-10-21,24.0,130.0932680484121,129.3376923042161,131.12222203409436,135.25870109265307,135.25870109265307,135.25870109265307,135.1728141423549,134.85449745343146,135.29612284174942,134.99800029939215,134.38636103578293,135.46590751174813,129.74668030485302,128.98551150496857,130.48920775799567,129.73667107436088,128.97601709689366,130.54247140458506
2023-10-22,24.0,130.0932680484121,129.3376923042161,131.12222203409436,135.25870109265307,135.25870109265307,135.25870109265307,135.1824518906964,134.87922584058182,135.28969045717415,134.99800029939215,134.38636103578293,135.46590751174813,129.75631805319452,128.98636244424497,130.51197010546375,129.74716091910167,128.9773112433019,130.56800314344684
2023-10-23,24.0,130.0932680484121,129.3376923042161,131.12222203409436,135.25870109265307,135.25870109265307,135.25870109265307,135.19073418820471,134.90831853752735,135.28438875382906,134.99800029939215,134.38636103578293,135.46590751174813,129.76460035070284,128.99080283259667,130.5315430811649,129.7561292707527,128.98047747756993,130.5770718467499
2023-10-24,24.0,130.0932680484121,129.3376923042161,131.12222203409436,135.25870109265307,135.25870109265307,135.25870109265307,135.1978849375263,134.93986072691473,135.2794562563643,134.99800029939215,134.38636103578293,135.46590751174813,129.77175110002443,128.99389702793707,130.550567233034,129.76383941068045,128.98575706951425,130.5934622939684
2023-10-25,24.0,130.0932680484121,129.3376923042161,131.12222203409436,135.25870109265307,135.25870109265307,135.25870109265307,135.20408581074403,134.97471436040112,135.27563144579418,134.99800029939215,134.38636103578293,135.46590751174813,129.77795197324215,128.99625879597525,130.56714361989552,129.7705028405688,128.98859631059258,130.61067817431265
2023-10-26,24.0,130.0932680484121,129.3376923042161,131.12222203409436,135.25870109265307,135.25870109265307,135.25870109265307,135.20948532085475,134.99898103230728,135.27270882473385,134.99800029939215,134.38636103578293,135.46590751174813,129.78335148335287,128.9980614244928,130.57600902474186,129.77628795154067,128.99017527982144,130.6256963562425
2023-10-27,24.0,130.0932680484121,129.3376923042161,131.12222203409436,135.25870109265307,135.25870109265307,135.25870109265307,135.2142055518782,135.02107901003404,135.27032781949617,134.99800029939215,134.38636103578293,135.46590751174813,129.78807171437634,128.9994372711818,130.5953518831022,129.7813346247842,128.9901711319163,130.63891158206513
2023-10-28,24.0,130.0932680484121,129.3376923042161,131.12222203409436,135.25870109265307,135.25870109265307,135.25870109265307,135.21834739840617,135.0412765187138,135.2682891700148,134.99800029939215,134.38636103578293,135.46590751174813,129.79221356090432,129.00048734036824,130.60154447782946,129.7857552132237,128.9942353876503,130.65585992252693
2023-10-29,24.0,130.0932680484121,129.3376923042161,131.12222203409436,135.25870109265307,135.25870109265307,135.25870109265307,135.22199478758776,135.0591239866654,135.26635350056418,134.99800029939215,134.38636103578293,135.46590751174813,129.79586095008588,129.0012887519182,130.60708192284855,129.78964347334198,128.99635081927914,130.66741183838258
2023-10-30,24.0,130.0932680484121,129.3376923042161,131.12222203409436,135.25870109265307,135.25870109265307,135.25870109265307,135.2252177488345,135.07316962422104,135.26481441467504,134.99800029939215,134.38636103578293,135.46590751174813,129.79908391133262,129.0019003689014,130.61218576016665,129.79307558833042,128.99709882484203,130.68382095117425
2023-10-31,24.0,130.0932680484121,129.3376923042161,131.12222203409436,135.25870109265307,135.25870109265307,135.25870109265307,135.22807503046968,135.08621700834132,135.26370811620956,134.99800029939215,134.38636103578293,135.46590751174813,129.8019411929678,129.00236712553428,130.63118149067336,129.79611666647358,128.99788830945647,130.7019293224443
2023-11-01,24.0,130.0932680484121,129.3376923042161,131.12222203409436,135.25870109265307,135.25870109265307,135.25870109265307,135.15028826565518,134.8566798071527,135.35519103299663,134.99800029939215,134.38636103578293,135.46590751174813,129.7241544281533,128.97793135353916,130.49651317053994,129.70646029108946,128.97044991685863,130.5268434805975
2023-11-02,24.0,130.0932680484121,129.3376923042161,131.12222203409436,135.25870109265307,135.25870109265307,135.25870109265307,135.16598814753118,134.91716934611046,135.32874719489877,134.99800029939215,134.38636103578293,135.46590751174813,129.7398543100293,128.9892364118635,130.51407924313887,129.7254196742337,128.97660264283797,130.55444225886131
2023-11-03,24.0,130.0932680484121,129.3376923042161,131.12222203409436,135.25870109265307,135.25870109265307,135.25870109265307,135.17885401808437,134.9526468607821,135.31312921944973,134.99800029939215,134.38636103578293,135.46590751174813,129.7527201805825,128.98533077637904,130.5420473266669,129.74059937559028,128.97640077812045,130.58121560399937
2023-11-04,24.0,130.0932680484121,129.3376923042161,131.12222203409436,135.25870109265307,135.25870109265307,135.25870109265307,135.1894599877779,134.98228429127502,135.29756221509584,134.99800029939215,134.38636103578293,135.46590751174813,129.76332615027604,128.98248340937494,130.5624837920178,129.75289296454025,128.97513774100088,130.6011877673189
2023-11-05,24.0,130.0932680484121,129.3376923042161,131.12222203409436,135.25870109265307,135.25870109265307,135.25870109265307,135.19826579345823,135.00635991556734,135.29267674049345,134.99800029939215,134.38636103578293,135.46590751174813,129.77213195595635,128.98839823351017,130.5698015132383,129.7629527268219,128.97852450555962,130.6243738658157
2023-11-06,24.0,130.0932680484121,129.3376923042161,131.12222203409436,135.25870109265307,135.25870109265307,135.25870109265307,135.2056311916934,135.02582264512566,135.2868808161389,134.99800029939215,134.38636103578293,135.46590751174813,129.77949735419153,128.9885837380888,130.58577054114107,129.77126514257813,128.98412901674104,130.6473228424012
2023-11-07,24.0,130.0932680484121,129.3376923042161,131.12222203409436,135.25870109265307,135.25870109265307,135.25870109265307,135.21183610563085,135.0440151190893,135.28193235623925,134.99800029939215,134.38636103578293,135.46590751174813,129.78570226812897,128.9876226763056,130.59623977549256,129.7781946191031,128.98508718283176,130.67200633465885
2023-11-08,24.0,130.0932680484121,129.3376923042161,131.12222203409436,135.25870109265307,135.25870109265307,135.25870109265307,135.21709894604362,135.06299707134534,135.27774694868373,134.99800029939215,134.38636103578293,135.46590751174813,129.79096510854177,128.99166558174235,130.61198262930083,129.7840182779402,128.98659494635547,130.68508398829385
2023-11-09,24.0,130.0932680484121,129.3376923042161,131.12222203409436,135.25870109265307,135.25870109265307,135.25870109265307,135.1489743321036,134.8595041277754,135.35386596073002,134.99800029939215,134.38636103578293,135.46590751174813,129.7228404946017,128.97897786805706,130.5097428464915,129.7054862938274,128.9690624425844,130.5623689056118
2023-11-10,24.0,130.0932680484121,129.3376923042161,131.12222203409436,135.25870109265307,135.25870109265307,135.25870109265307,135.1649851866967,134.9113277730434,135.33044199933246,134.99800029939215,134.38636103578293,135.46590751174813,129.73885134919482,128.98892843287192,130.53074583439113,129.72465195229498,128.9766351347617,130.58518307527976
2023-11-11,24.0,130.0932680484121,129.3376923042161,131.12222203409436,135.25870109265307,135.25870109265307,135.25870109265307,135.17812012498285,134.94744168018534,135.31170405019532,134.99800029939215,134.38636103578293,135.46590751174813,129.75198628748097,128.985107825313,130.5512374034675,129.74003701643576,128.9764823535885,130.59328739063437
2023-11-12,24.0,130.0932680484121,129.3376923042161,131.12222203409436,135.25870109265307,135.25870109265307,135.25870109265307,135.18895855248797,134.9821547562246,135.29812226436505,134.99800029939215,134.38636103578293,135.46590751174813,129.7628247149861,128.9823221014375,130.5597259211245,129.75251869905816,128.97522277305654,130.62848651377652
2023-11-13,24.0,130.0932680484121,129.3376923042161,131.12222203409436,135.25870109265307,135.25870109265307,135.25870109265307,135.19796334308506,135.00907982152242,135.2928810298247,134.99800029939215,134.38636103578293,135.46590751174813,129.77182950558318,128.98935496708995,130.56735202859429,129.76274701837895,128.97784701438437,130.64878359633315
2023-11-14,24.0,130.0932680484121,129.3376923042161,131.12222203409436,135.25870109265307,135.25870109265307,135.25870109265307,135.20549729739258,135.03328023708494,135.28844358453168,134.99800029939215,134.38636103578293,135.46590751174813,129.7793634598907,128.98801652130618,130.5846238955382,129.77120474907906,128.98201289379466,130.66068531885682
2023-11-15,24.0,130.0932680484121,129.3376923042161,131.12222203409436,135.25870109265307,135.25870109265307,135.25870109265307,135.21184333456492,135.0496707478887,135.28324038153693,134.99800029939215,134.38636103578293,135.46590751174813,129.78570949706304,128.9875666147147,130.59414504328248,129.77825672706962,128.98496827621733,130.67539240790006
2023-11-16,24.0,130.0932680484121,129.3376923042161,131.12222203409436,135.25870109265307,135.25870109265307,135.25870109265307,135.21722309766622,135.0658880821608,135.27781827409626,134.99800029939215,134.38636103578293,135.46590751174813,129.79108926016434,128.99162781799478,130.60921510551609,129.78418294977482,128.98640621667093,130.68845623518456
2023-11-17,24.0,130.0932680484121,129.3376923042161,131.12222203409436,135.25870109265307,135.25870109265307,135.25870109265307,135.22181102841037,135.08053359645018,135.2734832205799,134.99800029939215,134.38636103578293,135.46590751174813,129.7956771909085,128.9945258289359,130.62833323836406,129.78919834781348,128.98908023286063,130.7010949021907
2023-11-18,24.0,130.0932680484121,129.3376923042161,131.12222203409436,135.25870109265307,135.25870109265307,135.25870109265307,135.22574563450323,135.09628796475522,135.27094446502488,134.99800029939215,134.38636103578293,135.46590751174813,129.79961179700138,128.99673797348498,130.64075252412846,129.7934708698653,128.99014624448535,130.71371490362364
2023-11-19,24.0,130.0932680484121,129.3376923042161,131.12222203409436,135.25870109265307,135.25870109265307,135.25870109265307,135.22913761521536,135.114117873969,135.26885166480852,134.99800029939215,134.38636103578293,135.46590751174813,129.80300377771349,128.99842655725269,130.65810797303587,129.79713349776955,128.9907698128936,130.72933591443595
2023-11-20,24.0,130.0932680484121,129.3376923042161,131.12222203409436,135.25870109265307,135.25870109265307,135.25870109265307,135.23207622353883,135.12891422535168,135.2669844730608,134.99800029939215,134.38636103578293,135.46590751174813,129.80594238603697,128.9997154550658,130.67401452880637,129.8002908140415,128.99382889294515,130.73814537366687
2023-11-21,24.0,130.0932680484121,129.3376923042161,131.12222203409436,135.25870109265307,135.25870109265307,135.25870109265307,135.23463381931387,135.13996338291557,135.26551407664257,134.99800029939215,134.38636103578293,135.46590751174813,129.808499981812,129.0006992561683,130.6846458999502,129.8030277677787,128.99497440608533,130.7491317917864
2023-11-22,24.0,130.0932680484121,129.3376923042161,131.12222203409436,135.25870109265307,135.25870109265307,135.25870109265307,135.23686955114485,135.1500622422123,135.26434996585672,134.99800029939215,134.38636103578293,135.46590751174813,129.81073571364297,129.00145017869093,130.68866964005352,129.8054116518292,128.99624850428535,130.75987901404204
2023-11-23,24.0,130.0932680484121,129.3376923042161,131.12222203409436,135.25870109265307,135.25870109265307,135.25870109265307,135.23883204964156,135.15919465784992,135.2632220847443,134.99800029939215,134.38636103578293,135.46590751174813,129.8126982121397,129.0020233129182,130.69194177473017,129.8074979789902,128.99713408203584,130.766288910141
2023-11-24,24.0,130.0932680484121,129.3376923042161,131.12222203409436,135.25870109265307,135.25870109265307,135.25870109265307,135.2405615040976,135.16619515041486,135.26236788599613,134.99800029939215,134.38636103578293,135.46590751174813,129.81442766659572,129.00246074672626,130.69460272405024,129.8093317540327,128.9977334543307,130.7739321167059
2023-11-25,24.0,130.0932680484121,129.3376923042161,131.12222203409436,135.25870109265307,135.25870109265307,135.25870109265307,135.24209135612682,135.1726980690392,135.26163054079936,134.99800029939215,134.38636103578293,135.46590751174813,129.81595751862494,129.00279459783906,130.69676667169855,129.81095087498346,128.99816967568944,130.7833907230935
2023-11-26,24.0,130.0932680484121,129.3376923042161,131.12222203409436,135.25870109265307,135.25870109265307,135.25870109265307,135.24344951363923,135.17873934243278,135.261068917782,134.99800029939215,134.38636103578293,135.46590751174813,129.81731567613738,129.0030493883391,130.69852643208327,129.8123853450231,128.99847039881317,130.79114384914502
2023-11-27,24.0,130.0932680484121,129.3376923042161,131.12222203409436,135.25870109265307,135.25870109265307,135.25870109265307,135.2446594168989,135.18433267254215,135.2606759188759,134.99800029939215,134.38636103578293,135.46590751174813,129.81852557939706,129.00324383683625,130.69995751231173,129.81366137891217,128.99868954646882,130.79208127570996
2023-11-28,24.0,130.0932680484121,129.3376923042161,131.12222203409436,135.25870109265307,135.25870109265307,135.25870109265307,135.2457408384136,135.1896148716042,135.26035578068476,134.99800029939215,134.38636103578293,135.46590751174813,129.81960700091173,129.00339222483254,130.7011212909935,129.81480068402098,128.99882711865646,130.792820294145
2023-11-29,24.0,130.0932680484121,129.3376923042161,131.12222203409436,135.25870109265307,135.25870109265307,135.25870109265307,135.2467105112478,135.19516297641587,135.2601070824506,134.99800029939215,134.38636103578293,135.46590751174813,129.82057667374593,129.00350546298867,130.70206770719864,129.8158209580782,128.99893703814305,130.79643519348727
2023-11-30,24.0,130.0932680484121,129.3376923042161,131.12222203409436,135.25870109265307,135.25870109265307,135.25870109265307,135.23366276693557,135.16684616452312,135.2754578420634,134.99800029939215,134.38636103578293,135.46590751174813,129.8075289294337,128.99131286219702,130.6826566318772,129.80075897426994,128.98964365664412,130.77051286022345
2023-12-01,24.0,130.0932680484121,129.3376923042161,131.12222203409436,135.25870109265307,135.25870109265307,135.25870109265307,135.17195218313765,134.92108209132968,135.3469100584059,134.99800029939215,134.38636103578293,135.46590751174813,129.7458183456358,128.9819558192428,130.58883294255705,129.72980945756424,128.97097462686068,130.6349731461208
2023-12-02,24.0,130.0932680484121,129.3376923042161,131.12222203409436,135.25870109265307,135.25870109265307,135.25870109265307,135.18543083225788,134.97821758936655,135.3231837590915,134.99800029939215,134.38636103578293,135.46590751174813,129.759296994756,128.98838473741176,130.6014792229921,129.7462525831782,128.97782489222354,130.66166560710838
2023-12-03,24.0,130.0932680484121,129.3376923042161,131.12222203409436,135.25870109265307,135.25870109265307,135.25870109265307,135.19637657553042,135.03168078063268,135.30926215192252,134.99800029939215,134.38636103578293,135.46590751174813,129.77024273802857,128.98470870764297,130.62252035357918,129.7592868220726,128.9763102155246,130.6882695794526
2023-12-04,24.0,130.0932680484121,129.3376923042161,131.12222203409436,135.25870109265307,135.25870109265307,135.25870109265307,135.2053151702962,135.05967175001467,135.29443978023,134.99800029939215,134.38636103578293,135.46590751174813,129.7791813327943,128.9820289707212,130.64208094101178,129.76973352859977,128.9766862922586,130.70454595927936
2023-12-05,24.0,130.0932680484121,129.3376923042161,131.12222203409436,135.25870109265307,135.25870109265307,135.25870109265307,135.21266553206246,135.0796274689933,135.2861400734097,134.99800029939215,134.38636103578293,135.46590751174813,129.78653169456058,128.98931388850087,130.65815311961802,129.7781927387194,128.98540034967095,130.71427694477208
2023-12-06,24.0,130.0932680484121,129.3376923042161,131.12222203409436,135.25870109265307,135.25870109265307,135.25870109265307,135.21875389488517,135.0999314814873,135.28127500589113,134.99800029939215,134.38636103578293,135.46590751174813,129.7926200573833,128.98802322770078,130.67138561963515,129.78510728278582,128.9857695132297,130.72333043908958
2023-12-07,24.0,130.0932680484121,129.3376923042161,131.12222203409436,135.25870109265307,135.25870109265307,135.25870109265307,135.22383282633047,135.1157847965799,135.27825571750614,134.99800029939215,134.38636103578293,135.46590751174813,129.79769898882859,128.98882957297405,130.68267573691253,129.79080813597764,128.98618430374518,130.73743331661532
2023-12-08,24.0,130.0932680484121,129.3376923042161,131.12222203409436,135.25870109265307,135.25870109265307,135.25870109265307,135.057096421083,134.45576880054313,135.46690888920082,134.99800029939215,134.38636103578293,135.46590751174813,129.63096258358112,128.82013830286036,130.4405610031456,129.59881626230163,128.85544924644665,130.413425236002
2023-12-09,24.0,130.0932680484121,129.3376923042161,131.12222203409436,135.25870109265307,135.25870109265307,135.25870109265307,135.08943596468893,134.56873606175026,135.41573255132593,134.99800029939215,134.38636103578293,135.46590751174813,129.66330212718705,128.90319045219184,130.46846538972875,129.63819970920565,128.91055070983822,130.45690426915033
2023-12-10,24.0,130.0932680484121,129.3376923042161,131.12222203409436,135.25870109265307,135.25870109265307,135.25870109265307,135.11566847125067,134.6997741740743,135.38123202926974,134.99800029939215,134.38636103578293,135.46590751174813,129.6895346337488,128.94755745023178,130.49608667422535,129.66940048682667,128.94635335318037,130.49769684239348
2023-12-11,24.0,130.0932680484121,129.3376923042161,131.12222203409436,135.25870109265307,135.25870109265307,135.25870109265307,135.1370579293003,134.78007389230874,135.34238452814742,134.99800029939215,134.38636103578293,135.46590751174813,129.71092409179843,128.97116617458312,130.510423446143,129.6943778996436,128.96609738171637,130.52777814189233
2023-12-12,24.0,130.0932680484121,129.3376923042161,131.12222203409436,135.25870109265307,135.25870109265307,135.25870109265307,135.15461242588037,134.8340965662079,135.3236228584732,134.99800029939215,134.38636103578293,135.46590751174813,129.7284785883785,128.9873816715547,130.54587912606158,129.71456923827148,128.97255843531224,130.56610962474375
2023-12-13,24.0,130.0932680484121,129.3376923042161,131.12222203409436,135.25870109265307,135.25870109265307,135.25870109265307,135.16911775433252,134.8818858603134,135.3145883147642,134.99800029939215,134.38636103578293,135.46590751174813,129.74298391683064,128.98398601812906,130.5730033797083,129.73103844038252,128.97769838111634,130.59375679523438
2023-12-14,24.0,130.0932680484121,129.3376923042161,131.12222203409436,135.25870109265307,135.25870109265307,135.25870109265307,135.18118335231154,134.9269309430802,135.3050063656699,134.99800029939215,134.38636103578293,135.46590751174813,129.75504951480968,128.98830292972949,130.58851679132812,129.74458346614398,128.9757336567081,130.62123597556624
2023-12-15,24.0,130.0932680484121,129.3376923042161,131.12222203409436,135.25870109265307,135.25870109265307,135.25870109265307,135.04940553724742,134.42035930296345,135.4547483948091,134.99800029939215,134.38636103578293,135.46590751174813,129.62327169974554,128.82521877880689,130.38718893164855,129.59271610410693,128.8676482355064,130.37680199875678
2023-12-16,24.0,130.0932680484121,129.3376923042161,131.12222203409436,135.25870109265307,135.25870109265307,135.25870109265307,134.96102925181233,134.14753940758297,135.55084066038648,134.99800029939215,134.38636103578293,135.46590751174813,129.53489541431045,128.6661662650656,130.33351729288177,129.4920167331769,128.70697429011935,130.26860734938603
2023-12-17,24.0,130.0932680484121,129.3376923042161,131.12222203409436,135.25870109265307,135.25870109265307,135.25870109265307,135.00801562722356,134.26287050204033,135.48141973151516,134.99800029939215,134.38636103578293,135.46590751174813,129.58188178972168,128.76539447864903,130.32959096935727,129.54844377027143,128.81715025551895,130.30462291852612
2023-12-18,24.0,130.0932680484121,129.3376923042161,131.12222203409436,135.25870109265307,135.25870109265307,135.25870109265307,135.04625915220592,134.42679900482736,135.42115075953316,134.99800029939215,134.38636103578293,135.46590751174813,129.62012531470404,128.8493512818342,130.38920515230456,129.59340866600422,128.8833867702981,130.35405350425378
2023-12-19,24.0,130.0932680484121,129.3376923042161,131.12222203409436,135.25870109265307,135.25870109265307,135.25870109265307,134.95029963774815,134.03961720819402,135.54278602574283,134.99800029939215,134.38636103578293,135.46590751174813,129.52416580024627,128.67649211842124,130.30061511469444,129.48321226525854,128.70666872777295,130.2521595228129
2023-12-20,24.0,130.0932680484121,129.3376923042161,131.12222203409436,135.25870109265307,135.25870109265307,135.25870109265307,134.8986974231804,133.87082670564723,135.59680157333273,134.99800029939215,134.38636103578293,135.46590751174813,129.47256358567853,128.57132082921228,130.3059045598543,129.42489374193448,128.59613811648262,130.23476459122944
2023-12-21,24.0,130.0932680484121,129.3376923042161,131.12222203409436,135.25870109265307,135.25870109265307,135.25870109265307,134.95445799306543,134.08509528779223,135.50605677795204,134.99800029939215,134.38636103578293,135.46590751174813,129.52832415556355,128.7099883679855,130.3021009714648,129.490854821985,128.72404084587805,130.2651569836149
2023-12-22,24.0,130.0932680484121,129.3376923042161,131.12222203409436,135.25870109265307,135.25870109265307,135.25870109265307,135.0000065904164,134.2324768287071,135.4312140687862,134.99800029939215,134.38636103578293,135.46590751174813,129.57387275291453,128.79531715031302,130.31262073621224,129.5437655830955,128.8356637388591,130.29848609284983
2023-12-23,24.0,130.0932680484121,129.3376923042161,131.12222203409436,135.25870109265307,135.25870109265307,135.25870109265307,135.0374396794512,134.34797868559855,135.3968054036073,134.99800029939215,134.38636103578293,135.46590751174813,129.61130584194936,128.86423860371715,130.33198261654965,129.5866167893196,128.88347940684656,130.33751857167238
2023-12-24,24.0,130.0932680484121,129.3376923042161,131.12222203409436,135.25870109265307,135.25870109265307,135.25870109265307,135.06840449104655,134.45043991083287,135.37691159753274,134.99800029939215,134.38636103578293,135.46590751174813,129.6422706535447,128.9076589208587,130.34921716212926,129.62162951943046,128.91667578311655,130.38214242664336
2023-12-25,24.0,130.0932680484121,129.3376923042161,131.12222203409436,135.25870109265307,135.25870109265307,135.25870109265307,135.09418397170614,134.534805209756,135.35664283195104,134.99800029939215,134.38636103578293,135.46590751174813,129.6680501342043,128.9356437743492,130.3754509842187,129.6504704708509,128.9362386864608,130.41689219339375
2023-12-26,24.0,130.0932680484121,129.3376923042161,131.12222203409436,135.25870109265307,135.25870109265307,135.25870109265307,135.11577809442343,134.62152456857729,135.34217575651186,134.99800029939215,134.38636103578293,135.46590751174813,129.68964425692155,128.9741133440667,130.38786646087178,129.67440691156386,128.9640296509968,130.44112425530707
2023-12-27,24.0,130.0932680484121,129.3376923042161,131.12222203409436,135.25870109265307,135.25870109265307,135.25870109265307,135.13397013447394,134.69353202341296,135.3261186669582,134.99800029939215,134.38636103578293,135.46590751174813,129.70783629697206,128.9807734815032,130.42107768718782,129.69440940989642,128.972284673572,130.464568215241
2023-12-28,24.0,130.0932680484121,129.3376923042161,131.12222203409436,135.25870109265307,135.25870109265307,135.25870109265307,135.0512346712697,134.43529844667893,135.42107714675384,134.99800029939215,134.38636103578293,135.46590751174813,129.62510083376785,128.8626738531248,130.33834234970257,129.59869994121473,128.8939888158733,130.35184197948882
2023-12-29,24.0,130.0932680484121,129.3376923042161,131.12222203409436,135.25870109265307,135.25870109265307,135.25870109265307,135.0807145817541,134.51953279856997,135.37385896805063,134.99800029939215,134.38636103578293,135.46590751174813,129.65458074425223,128.9135671747111,130.3563672880417,129.6329900924213,128.92563180166292,130.4051550044412
2023-12-30,24.0,130.0932680484121,129.3376923042161,131.12222203409436,135.25870109265307,135.25870109265307,135.25870109265307,135.10514621765387,134.600712017388,135.3477485723498,134.99800029939215,134.38636103578293,135.46590751174813,129.679012380152,128.95414328334056,130.39521361032945,129.66091378992223,128.95314209128344,130.42417453221023
2023-12-31,24.0,130.0932680484121,129.3376923042161,131.12222203409436,135.25870109265307,135.25870109265307,135.25870109265307,135.12550451369563,134.6829791519643,135.33685594715723,134.99800029939215,134.38636103578293,135.46590751174813,129.69937067619378,128.9755600448749,130.41059556248564,129.683867826952,128.96835245948543,130.46030624269463
2024-01-01,24.0,130.0932680484121,129.3376923042161,131.12222203409436,135.25870109265307,135.25870109265307,135.25870109265307,135.14257099938536,134.73049372880254,135.32625927214528,134.99800029939215,134.38636103578293,135.46590751174813,129.71643716188348,128.98316634367663,130.43682832101487,129.7029005174067,128.97584495882973,130.4838124212059
2024-01-02,24.0,130.0932680484121,129.3376923042161,131.12222203409436,135.25870109265307,135.25870109265307,135.25870109265307,135.15696381420813,134.7838786865208,135.3122819099163,134.99800029939215,134.38636103578293,135.46590751174813,129.73082997670625,128.99033900555085,130.45497783283687,129.71880597772815,128.9750582394854,130.51616262482435
2024-01-03,24.0,130.0932680484121,129.3376923042161,131.12222203409436,135.25870109265307,135.25870109265307,135.25870109265307,135.1691712921383,134.83846855789042,135.29950790947584,134.99800029939215,134.38636103578293,135.46590751174813,129.74303745463644,128.9872923164531,130.48374912919377,129.732194378591,128.9748508442277,130.5392719870758
2024-01-04,24.0,130.0932680484121,129.3376923042161,131.12222203409436,135.25870109265307,135.25870109265307,135.25870109265307,135.1795806793106,134.8771975703231,135.29250575591894,134.99800029939215,134.38636103578293,135.46590751174813,129.7534468418087,128.9847411940163,130.51193305898565,129.74353782073356,128.9775290083225,130.5473327494263
2024-01-05,24.0,130.0932680484121,129.3376923042161,131.12222203409436,135.25870109265307,135.25870109265307,135.25870109265307,135.188501252714,134.90773703277205,135.28673252563084,134.99800029939215,134.38636103578293,135.46590751174813,129.76236741521214,128.9893187787873,130.53910844937474,129.75320723748746,128.97906373322974,130.57120325227362
2024-01-06,24.0,130.0932680484121,129.3376923042161,131.12222203409436,135.25870109265307,135.25870109265307,135.25870109265307,135.13278516661535,134.7555764817517,135.34698329752308,134.99800029939215,134.38636103578293,135.46590751174813,129.70665132911347,128.98490229375417,130.4374243512066,129.68876936499416,128.97091102564832,130.47955390524714
2024-01-07,24.0,130.0932680484121,129.3376923042161,131.12222203409436,135.25870109265307,135.25870109265307,135.25870109265307,135.14996510355795,134.79648829202256,135.3280364563492,134.99800029939215,134.38636103578293,135.46590751174813,129.72383126605607,128.98706779589253,130.45914147200952,129.70884295842106,128.97641598710604,130.51098742182643
2024-01-08,24.0,130.0932680484121,129.3376923042161,131.12222203409436,135.25870109265307,135.25870109265307,135.25870109265307,135.16424531818393,134.8510125769299,135.3137719411884,134.99800029939215,134.38636103578293,135.46590751174813,129.73811148068205,128.98375264708054,130.48242601477256,129.7252232294456,128.97666900932046,130.52387772841195
2024-01-09,24.0,130.0932680484121,129.3376923042161,131.12222203409436,135.25870109265307,135.25870109265307,135.25870109265307,135.1761830621588,134.89893269248554,135.30370568695923,134.99800029939215,134.38636103578293,135.46590751174813,129.75004922465695,128.98529859536234,130.49848626091173,129.7387263337123,128.97509073140913,130.5507478580036
2024-01-10,24.0,130.0932680484121,129.3376923042161,131.12222203409436,135.25870109265307,135.25870109265307,135.25870109265307,135.07904823218564,134.59055746797588,135.41354280469577,134.99800029939215,134.38636103578293,135.46590751174813,129.65291439468376,128.8960010997446,130.37864337421917,129.6267629668498,128.9103218837372,130.4060150034433
2024-01-11,24.0,130.0932680484121,129.3376923042161,131.12222203409436,135.25870109265307,135.25870109265307,135.25870109265307,135.1055090550895,134.67104361066745,135.37481144003345,134.99800029939215,134.38636103578293,135.46590751174813,129.67937521758762,128.93759736539488,130.41767826913102,129.65828042320305,128.94319887131027,130.4487225262328
2024-01-12,24.0,130.0932680484121,129.3376923042161,131.12222203409436,135.25870109265307,135.25870109265307,135.25870109265307,135.12723706866254,134.7269355848493,135.34424899911903,134.99800029939215,134.38636103578293,135.46590751174813,129.70110323116066,128.97481734889467,130.4362823795936,129.68363727255715,128.96985745773904,130.4688571491709
2024-01-13,24.0,130.0932680484121,129.3376923042161,131.12222203409436,135.25870109265307,135.25870109265307,135.25870109265307,135.0533960163734,134.49582639842262,135.4344264507562,134.99800029939215,134.38636103578293,135.46590751174813,129.62726217887155,128.8652883912569,130.33300889378359,129.59869392675225,128.89199574744651,130.3586901708991
2024-01-14,24.0,130.0932680484121,129.3376923042161,131.12222203409436,135.25870109265307,135.25870109265307,135.25870109265307,135.08377245666173,134.58727419078832,135.39106512209798,134.99800029939215,134.38636103578293,135.46590751174813,129.65763861915985,128.92105327995714,130.37212709727035,129.63462068924298,128.93125359578247,130.4015228221608
2024-01-15,24.0,130.0932680484121,129.3376923042161,131.12222203409436,135.25870109265307,135.25870109265307,135.25870109265307,135.10871520081102,134.65705062893466,135.35309206086552,134.99800029939215,134.38636103578293,135.46590751174813,129.68258136330914,128.94490768642387,130.40752044544917,129.66357848715165,128.9542004984154,130.43935793902872
2024-01-16,24.0,130.0932680484121,129.3376923042161,131.12222203409436,135.25870109265307,135.25870109265307,135.25870109265307,135.09618455776078,134.6268746148686,135.36833553760485,134.99800029939215,134.38636103578293,135.46590751174813,129.6700507202589,128.93430607576835,130.38885256490792,129.6491593595106,128.94749610105046,130.41773145287004
2024-01-17,24.0,130.0932680484121,129.3376923042161,131.12222203409436,135.25870109265307,135.25870109265307,135.25870109265307,135.1189134489407,134.68699925773515,135.34163335532133,134.99800029939215,134.38636103578293,135.46590751174813,129.69277961143885,128.9708457741145,130.40457523788982,129.67534632912327,128.96231449221534,130.45979535904308
2024-01-18,24.0,130.0932680484121,129.3376923042161,131.12222203409436,135.25870109265307,135.25870109265307,135.25870109265307,134.90275957880002,133.87084315971032,135.60041609959538,134.99800029939215,134.38636103578293,135.46590751174813,129.47662574129814,128.56447184912236,130.30101021370442,129.4264705404263,128.6192343437011,130.25266833251186
2024-01-19,24.0,130.0932680484121,129.3376923042161,131.12222203409436,135.25870109265307,135.25870109265307,135.25870109265307,134.9580044443312,134.1012469606604,135.51687272324875,134.99800029939215,134.38636103578293,135.46590751174813,129.53187060682936,128.72013949561082,130.29948448175588,129.49279548854335,128.73855436601409,130.26312243613657
2024-01-20,24.0,130.0932680484121,129.3376923042161,131.12222203409436,135.25870109265307,135.25870109265307,135.25870109265307,135.00306991161875,134.26091783908117,135.44727409735745,134.99800029939215,134.38636103578293,135.46590751174813,129.57693607411687,128.79907904006495,130.313741096705,129.5457639055355,128.84235016196834,130.3053149273694
2024-01-21,24.0,130.0932680484121,129.3376923042161,131.12222203409436,135.25870109265307,135.25870109265307,135.25870109265307,135.0400375106172,134.37769268217414,135.39577556255165,134.99800029939215,134.38636103578293,135.46590751174813,129.61390367311532,128.86786793489182,130.332892837394,129.5884987906727,128.89231582746095,130.33899038668474
2024-01-22,24.0,130.0932680484121,129.3376923042161,131.12222203409436,135.25870109265307,135.25870109265307,135.25870109265307,135.07056104954987,134.47183024037048,135.37367163416246,134.99800029939215,134.38636103578293,135.46590751174813,129.644427212048,128.9040247494298,130.34840811373803,129.62330560494533,128.9192039313083,130.38685513821653
2024-01-23,24.0,130.0932680484121,129.3376923042161,131.12222203409436,135.25870109265307,135.25870109265307,135.25870109265307,135.09593226742436,134.55573646518192,135.35398853302908,134.99800029939215,134.38636103578293,135.46590751174813,129.6697984299225,128.94326020902966,130.3859752608991,129.65190188526708,128.94187085034326,130.42315345622467
2024-01-24,24.0,130.0932680484121,129.3376923042161,131.12222203409436,135.25870109265307,135.25870109265307,135.25870109265307,135.11715669510488,134.6366921029228,135.34283558629483,134.99800029939215,134.38636103578293,135.46590751174813,129.691022857603,128.96950560530766,130.3915156167578,129.67558428061565,128.9674641164648,130.45683859398537
2024-01-25,24.0,130.0932680484121,129.3376923042161,131.12222203409436,135.25870109265307,135.25870109265307,135.25870109265307,135.13501982198804,134.68472291023127,135.32746572131754,134.99800029939215,134.38636103578293,135.46590751174813,129.70888598448616,128.98654831260552,130.42321412218337,129.69534248116094,128.97491513675757,130.47217478197706
2024-01-26,24.0,130.0932680484121,129.3376923042161,131.12222203409436,135.25870109265307,135.25870109265307,135.25870109265307,134.96816077467105,134.1688018109352,135.50997459516975,134.99800029939215,134.38636103578293,135.46590751174813,129.54202693716917,128.72678971398116,130.30713670639162,129.50286394759948,128.7619008501769,130.28089206181897
2024-01-27,24.0,130.0932680484121,129.3376923042161,131.12222203409436,135.25870109265307,135.25870109265307,135.25870109265307,135.0114953083551,134.29696822628284,135.44927411078226,134.99800029939215,134.38636103578293,135.46590751174813,129.58536147085323,128.8001204682724,130.3249279469551,129.5543593328604,128.8472792559271,130.3174855724106
2024-01-28,24.0,130.0932680484121,129.3376923042161,131.12222203409436,135.25870109265307,135.25870109265307,135.25870109265307,135.04708037583097,134.40518265820015,135.39474741632225,134.99800029939215,134.38636103578293,135.46590751174813,129.62094653832912,128.85949751873778,130.33771589331658,129.59578757256853,128.9010533896692,130.34645246805792
2024-01-29,24.0,130.0932680484121,129.3376923042161,131.12222203409436,135.25870109265307,135.25870109265307,135.25870109265307,135.0764626710346,134.48792377441197,135.36704113401854,134.99800029939215,134.38636103578293,135.46590751174813,129.6503288335327,128.90592758018275,130.35496976660602,129.62945609105589,128.92299166003198,130.39773371080207
2024-01-30,24.0,130.0932680484121,129.3376923042161,131.12222203409436,135.25870109265307,135.25870109265307,135.25870109265307,135.1008787255851,134.58508712454045,135.35114932445717,134.99800029939215,134.38636103578293,135.46590751174813,129.6747448880832,128.9390160656164,130.3908343449561,129.65707458569557,128.95402559508136,130.42545208699784
2024-01-31,24.0,130.0932680484121,129.3376923042161,131.12222203409436,135.25870109265307,135.25870109265307,135.25870109265307,135.12129981750422,134.63890159815065,135.34043896363286,134.99800029939215,134.38636103578293,135.46590751174813,129.69516598000234,128.970376393534,130.40295247621094,129.6799241646472,128.96647484108544,130.4596156164864
2024-02-01,24.0,130.0932680484121,129.3376923042161,131.12222203409436,135.25870109265307,135.25870109265307,135.25870109265307,135.0679493773597,134.4876681926891,135.39550641971746,134.99800029939215,134.38636103578293,135.46590751174813,129.64181553985782,128.9003187344214,130.34759481004926,129.61814815498147,128.9165568765021,130.38459314727223
2024-02-02,24.0,130.0932680484121,129.3376923042161,131.12222203409436,135.25870109265307,135.25870109265307,135.25870109265307,135.09424406227257,134.57320545254996,135.36446394482346,134.99800029939215,134.38636103578293,135.46590751174813,129.6681102247707,128.9343262577443,130.3850611962491,129.6485211628235,128.93929707519482,130.41862947433603
2024-02-03,24.0,130.0932680484121,129.3376923042161,131.12222203409436,135.25870109265307,135.25870109265307,135.25870109265307,135.11611458455153,134.63740758502158,135.34170133541448,134.99800029939215,134.38636103578293,135.46590751174813,129.68998074704965,128.96286056867706,130.39782578241235,129.6733867619438,128.9615436731741,130.44578027884313
2024-02-04,24.0,130.0932680484121,129.3376923042161,131.12222203409436,135.25870109265307,135.25870109265307,135.25870109265307,135.13441013707808,134.69980895520058,135.3308669571617,134.99800029939215,134.38636103578293,135.46590751174813,129.7082762995762,128.98333460222906,130.43134267802412,129.6939317371388,128.9746662624483,130.46794875794203
2024-02-05,24.0,130.0932680484121,129.3376923042161,131.12222203409436,135.25870109265307,135.25870109265307,135.25870109265307,135.14980851513187,134.7656858230585,135.3183437012757,134.99800029939215,134.38636103578293,135.46590751174813,129.72367467763,128.98727550550015,130.44433333228145,129.71104837193909,128.97565000728747,130.50425537176045
2024-02-06,24.0,130.0932680484121,129.3376923042161,131.12222203409436,135.25870109265307,135.25870109265307,135.25870109265307,135.16284584633593,134.81851026515662,135.3044246727157,134.99800029939215,134.38636103578293,135.46590751174813,129.73671200883405,128.98891307681845,130.47408194351226,129.72541925944319,128.97438766148542,130.5243810075707
2024-02-07,24.0,130.0932680484121,129.3376923042161,131.12222203409436,135.25870109265307,135.25870109265307,135.25870109265307,135.17394666677814,134.85126648366438,135.2947438892366,134.99800029939215,134.38636103578293,135.46590751174813,129.74781282927626,128.98581847471814,130.492432166113,129.73756930322213,128.97647889700087,130.54403723878093
2024-02-08,24.0,130.0932680484121,129.3376923042161,131.12222203409436,135.25870109265307,135.25870109265307,135.25870109265307,135.18344872557083,134.87538292934246,135.2885722846534,134.99800029939215,134.38636103578293,135.46590751174813,129.75731488806895,128.98717844354366,130.5132598306091,129.74790859283215,128.97768870267097,130.5599389245087
2024-02-09,24.0,130.0932680484121,129.3376923042161,131.12222203409436,135.25870109265307,135.25870109265307,135.25870109265307,135.19162243352605,134.89841178569537,135.28350244338716,134.99800029939215,134.38636103578293,135.46590751174813,129.76548859602417,128.99136510230846,130.53254550234578,129.75675881214437,128.98090678575343,130.5781185014839
2024-02-10,24.0,130.0932680484121,129.3376923042161,131.12222203409436,135.25870109265307,135.25870109265307,135.25870109265307,135.19868602774164,134.9313954550539,135.2783885613984,134.99800029939215,134.38636103578293,135.46590751174813,129.77255219023976,128.9943261625442,130.54916260228305,129.7643769515358,128.9864988532194,130.5917671833952
2024-02-11,24.0,130.0932680484121,129.3376923042161,131.12222203409436,135.25870109265307,135.25870109265307,135.25870109265307,135.20481669474393,134.96232369625537,135.27524978382993,134.99800029939215,134.38636103578293,135.46590751174813,129.77868285724205,128.99658624955137,130.5662294973073,129.77096758568868,128.9889751525967,130.6074759915333
2024-02-12,24.0,130.0932680484121,129.3376923042161,131.12222203409436,135.25870109265307,135.25870109265307,135.25870109265307,135.21015937207093,134.9877004293321,135.27221934970402,134.99800029939215,134.38636103578293,135.46590751174813,129.78402553456905,128.99831131491428,130.57624926572427,129.77669639576123,128.9901932540771,130.62443401044044
2024-02-13,24.0,130.0932680484121,129.3376923042161,131.12222203409436,135.25870109265307,135.25870109265307,135.25870109265307,135.07254845442037,134.56547930306894,135.4309931479653,134.99800029939215,134.38636103578293,135.46590751174813,129.6464146169185,128.88343359338802,130.38281462032492,129.61809094154304,128.90438415750833,130.39523528926392
2024-02-14,24.0,130.0932680484121,129.3376923042161,131.12222203409436,135.25870109265307,135.25870109265307,135.25870109265307,135.10047603450798,134.66572867130645,135.3853042130744,134.99800029939215,134.38636103578293,135.46590751174813,129.6743421970061,128.93758449107625,130.4212577314762,129.65182080754767,128.93561235278247,130.44307377072974
2024-02-15,24.0,130.0932680484121,129.3376923042161,131.12222203409436,135.25870109265307,135.25870109265307,135.25870109265307,135.12331120108706,134.73384184787758,135.3570143896793,134.99800029939215,134.38636103578293,135.46590751174813,129.69717736358518,128.9720000335315,130.43356411473937,129.67877399202686,128.96591971311224,130.46445138257917
2024-02-16,24.0,130.0932680484121,129.3376923042161,131.12222203409436,135.25870109265307,135.25870109265307,135.25870109265307,135.14208742887405,134.7843604127827,135.32843583483856,134.99800029939215,134.38636103578293,135.46590751174813,129.71595359137217,128.9885658338168,130.43721544268232,129.70054962302856,128.9724312328875,130.49433496526564
2024-02-17,24.0,130.0932680484121,129.3376923042161,131.12222203409436,135.25870109265307,135.25870109265307,135.25870109265307,135.15763201522935,134.8292732177682,135.3167840742696,134.99800029939215,134.38636103578293,135.46590751174813,129.73149817772747,128.98484770231445,130.46978741158745,129.71832148857976,128.9767505847885,130.5148906005769
2024-02-18,24.0,130.0932680484121,129.3376923042161,131.12222203409436,135.25870109265307,135.25870109265307,135.25870109265307,135.17059243686268,134.8799582740639,135.31010941777436,134.99800029939215,134.38636103578293,135.46590751174813,129.7444585993608,128.98502883757635,130.48846394828755,129.73296171339192,128.97638971704004,130.53589904886758
2024-02-19,24.0,130.0932680484121,129.3376923042161,131.12222203409436,135.25870109265307,135.25870109265307,135.25870109265307,135.18147255158954,134.92225314833888,135.3010846607492,134.99800029939215,134.38636103578293,135.46590751174813,129.75533871408766,128.99022215210948,130.5146628329715,129.74512563882675,128.97584288487715,130.5590747776015
2024-02-20,24.0,130.0932680484121,129.3376923042161,131.12222203409436,135.25870109265307,135.25870109265307,135.25870109265307,135.19066560547978,134.94307918078817,135.2930082412639,134.99800029939215,134.38636103578293,135.46590751174813,129.7645317679779,128.98668368594528,130.54582468885434,129.75531268649127,128.97830743185654,130.57809223141794
2024-02-21,24.0,130.0932680484121,129.3376923042161,131.12222203409436,135.25870109265307,135.25870109265307,135.25870109265307,135.19848035905108,134.96137002448936,135.28469906268154,134.99800029939215,134.38636103578293,135.46590751174813,129.7723465215492,128.98675186047927,130.57705009405112,129.7639059845582,128.98039244551427,130.59356115237458
2024-02-22,24.0,130.0932680484121,129.3376923042161,131.12222203409436,135.25870109265307,135.25870109265307,135.25870109265307,135.16219102820287,134.87406855082963,135.32547838150123,134.99800029939215,134.38636103578293,135.46590751174813,129.736057190701,128.98711416452042,130.49216350830505,129.72192827185427,128.9769953111926,130.52426694017896
2024-02-23,24.0,130.0932680484121,129.3376923042161,131.12222203409436,135.25870109265307,135.25870109265307,135.25870109265307,135.1750688385805,134.91592722312652,135.30937377974828,134.99800029939215,134.38636103578293,135.46590751174813,129.74893500107862,128.98378492455794,130.50829019772206,129.73691584224406,128.9765148455122,130.5492594513706
2024-02-24,24.0,130.0932680484121,129.3376923042161,131.12222203409436,135.25870109265307,135.25870109265307,135.25870109265307,135.18579240624584,134.9530461277954,135.2999493913108,134.99800029939215,134.38636103578293,135.46590751174813,129.759658568744,128.98434808248595,130.55424757804184,129.74917826659998,128.9760240100689,130.57410609456434
2024-02-25,24.0,130.0932680484121,129.3376923042161,131.12222203409436,135.25870109265307,135.25870109265307,135.25870109265307,135.1947748120508,134.97351451557978,135.29269948833178,134.99800029939215,134.38636103578293,135.46590751174813,129.76864097454893,128.9908733130405,130.57247365590044,129.759311018186,128.97862889450602,130.59462716399932
2024-02-26,24.0,130.0932680484121,129.3376923042161,131.12222203409436,135.25870109265307,135.25870109265307,135.25870109265307,135.0445863781149,134.41761800587454,135.4603022678172,134.99800029939215,134.38636103578293,135.46590751174813,129.61845254061302,128.82782039615472,130.36013804950318,129.5863148633034,128.85520175477242,130.35581152472182
2024-02-27,24.0,130.0932680484121,129.3376923042161,131.12222203409436,135.25870109265307,135.25870109265307,135.25870109265307,135.07748617424375,134.57809973620397,135.4130823307144,134.99800029939215,134.38636103578293,135.46590751174813,129.65135233674187,128.91046691734158,130.3842365307569,129.62603026705693,128.91443937092066,130.41870482794633
2024-02-28,24.0,130.0932680484121,129.3376923042161,131.12222203409436,135.25870109265307,135.25870109265307,135.25870109265307,135.0405790274409,134.41598649932808,135.45488902758763,134.99800029939215,134.38636103578293,135.46590751174813,129.61444518993903,128.82900026569746,130.33602711462112,129.58413972949302,128.85944644438067,130.33595135484146
2024-02-29,24.0,130.0932680484121,129.3376923042161,131.12222203409436,135.25870109265307,135.25870109265307,135.25870109265307,135.07349189029713,134.56307093950733,135.40657844418183,134.99800029939215,134.38636103578293,135.46590751174813,129.64735805279525,128.8957180934128,130.36937659662541,129.62313348070776,128.9144663323042,130.39752977213197
2024-03-01,24.0,130.0932680484121,129.3376923042161,131.12222203409436,135.25870109265307,135.25870109265307,135.25870109265307,135.1004197254964,134.64473543757504,135.35995425977148,134.99800029939215,134.38636103578293,135.46590751174813,129.67428588799453,128.93614904265922,130.39939563630233,129.6544614469272,128.9498687027989,130.43948514145347
2024-03-02,24.0,130.0932680484121,129.3376923042161,131.12222203409436,135.25870109265307,135.25870109265307,135.25870109265307,135.12259334530927,134.70970069459236,135.34141540257343,134.99800029939215,134.38636103578293,135.46590751174813,129.6964595078074,128.97403817794915,130.40207626740818,129.6798807084275,128.96227785238648,130.46287448730288
2024-03-03,24.0,130.0932680484121,129.3376923042161,131.12222203409436,135.25870109265307,135.25870109265307,135.25870109265307,134.9006683669089,133.84989628709766,135.60021267347742,134.99800029939215,134.38636103578293,135.46590751174813,129.474534529407,128.5593301500142,130.30097785617983,129.42432521622763,128.60665098209702,130.25239940999433
2024-03-04,24.0,130.0932680484121,129.3376923042161,131.12222203409436,135.25870109265307,135.25870109265307,135.25870109265307,134.95641779518962,134.0831570195485,135.5206529201605,134.99800029939215,134.38636103578293,135.46590751174813,129.53028395768774,128.70978335013325,130.2994828853112,129.49125732087487,128.7362211693646,130.26027075134277
2024-03-05,24.0,130.0932680484121,129.3376923042161,131.12222203409436,135.25870109265307,135.25870109265307,135.25870109265307,135.0018790039441,134.2594920682435,135.44934439246433,134.99800029939215,134.38636103578293,135.46590751174813,129.57574516644223,128.79649190018648,130.31188717367527,129.54469057977133,128.8387006967498,130.30447359394054
2024-03-06,24.0,130.0932680484121,129.3376923042161,131.12222203409436,135.25870109265307,135.25870109265307,135.25870109265307,135.03915689525738,134.3719705515178,135.39645259595557,134.99800029939215,134.38636103578293,135.46590751174813,129.6130230577555,128.86831840378554,130.33139128250292,129.58778150726067,128.89401577725684,130.33593821980847
2024-03-07,24.0,130.0932680484121,129.3376923042161,131.12222203409436,135.42002726785915,135.3904197544113,135.45157827627088,135.06992385502076,134.47174899398507,135.37554867272263,134.99800029939215,134.38636103578293,135.46590751174813,129.80511619272497,129.08134426029505,130.4901859902626,129.78452929985522,129.09847984867878,130.5159600687893
2024-03-08,24.0,130.0932680484121,129.3376923042161,131.12222203409436,135.41919260996764,135.3897458637761,135.45045280850687,134.8483320796294,133.663002481498,135.63702260403699,134.99800029939215,134.38636103578293,135.46590751174813,129.5826897594421,128.65185161015958,130.4835852251565,129.52838671315976,128.68854583883487,130.37087325965578
2024-03-09,24.0,130.0932680484121,129.3376923042161,131.12222203409436,135.4183623346419,135.38907537178332,135.4493340473198,134.91123586523884,133.9170602370945,135.54556513600937,134.99800029939215,134.38636103578293,135.46590751174813,129.6447632697258,128.79476184403688,130.44661800012415,129.60247945708622,128.82231508875398,130.37569658203307
2024-03-10,24.0,130.0932680484121,129.3376923042161,131.12222203409436,135.41753640181284,135.3884085014615,135.44822174111334,134.96270011239363,134.07395242150082,135.46030321839243,134.99800029939215,134.38636103578293,135.46590751174813,129.69540158405152,128.89870171153737,130.45328145597918,129.661724746859,128.93887468018656,130.42549840527207
2024-03-11,24.0,130.0932680484121,129.3376923042161,131.12222203409436,135.41671476497535,135.38774502978205,135.44711604180074,135.00504049665102,134.20728473341154,135.4177056145625,134.99800029939215,134.38636103578293,135.46590751174813,129.7369203314714,128.95372383891288,130.46103418115217,129.7095469685366,129.02297207456152,130.44930599822456
2024-03-12,24.0,130.0932680484121,129.3376923042161,131.12222203409436,135.48548853232617,135.44379779814474,135.52934361188673,135.04009766514545,134.32223131951386,135.39143950299237,134.99800029939215,134.38636103578293,135.46590751174813,129.84075126731668,129.0857702826059,130.53757016448364,129.81822621766656,129.13690880730132,130.5493292744407
2024-03-13,24.0,130.0932680484121,129.3376923042161,131.12222203409436,135.484315420647,135.44285089587711,135.52777092982151,134.98946547617024,134.17700144160617,135.4359711442903,134.99800029939215,134.38636103578293,135.46590751174813,129.7889459666623,128.99779724132387,130.51675530834595,129.7583831871083,129.06421676946655,130.4914473319605
2024-03-14,24.0,130.0932680484121,129.3376923042161,131.12222203409436,135.59426048010533,135.5324764824098,135.65922154284598,135.02731091604252,134.2932360160745,135.39942960083977,134.99800029939215,134.38636103578293,135.46590751174813,129.93673646599294,129.18325805095722,130.63160092592395,129.91207044253198,129.24048476428243,130.6200814752982
2024-03-15,24.0,130.0932680484121,129.3376923042161,131.12222203409436,135.5925246522488,135.53107595096674,135.6568950027545,135.05874510825691,134.39526231842424,135.37527709449984,134.99800029939215,134.38636103578293,135.46590751174813,129.9664348303508,129.24679768251053,130.65935267041502,129.94593985789237,129.2786143824163,130.6598557378259
2024-03-16,24.0,130.0932680484121,129.3376923042161,131.12222203409436,135.74420293872393,135.65470790407602,135.83824414400692,135.04913908949706,134.3711806342666,135.38344959353017,134.99800029939215,134.38636103578293,135.46590751174813,130.10850709806604,129.3897208542591,130.77610630921035,130.08652003720712,129.4304982254632,130.77479695493065
2024-03-17,24.0,130.0932680484121,129.3376923042161,131.12222203409436,135.7416915468762,135.65268280496318,135.8348764705757,135.0771443735234,134.4812167068266,135.3641232075441,134.99800029939215,134.38636103578293,135.46590751174813,130.13400099024466,129.444826085124,130.8217889701416,130.1156412349262,129.46451796090636,130.81467837167483
2024-03-18,24.0,130.0932680484121,129.3376923042161,131.12222203409436,135.7391931943919,135.6506676044062,135.8315281647195,135.100597768815,134.550747648169,135.3519253688789,134.99800029939215,134.38636103578293,135.46590751174813,130.15495603305195,129.48637314223205,130.8347704603338,130.13932729425767,129.48724848115373,130.83593292900466
2024-03-19,24.0,130.0932680484121,129.3376923042161,131.12222203409436,135.95095830638644,135.823268336908,136.08471840827164,134.91432870150123,133.97047867668394,135.55452672046562,134.99800029939215,134.38636103578293,135.46590751174813,130.18045207773272,129.37477562177483,130.94882857535592,130.13672032204164,129.40648323725296,130.8569275509448
2024-03-20,24.0,130.0932680484121,129.3376923042161,131.12222203409436,135.94737750557042,135.8203787316747,136.07991954199844,134.9655740407976,134.12174189043222,135.48265187958313,134.99800029939215,134.38636103578293,135.46590751174813,130.22811661621304,129.45379570444797,130.94922214605432,130.19392693025725,129.51689148534123,130.8774064500107
2024-03-21,24.0,130.0932680484121,129.3376923042161,131.12222203409436,136.07039063484308,135.92038505203018,136.22702488778833,135.00766706322375,134.24419949649712,135.4190808887429,134.99800029939215,134.38636103578293,135.46590751174813,130.3932227679119,129.65864446925121,131.06548608201408,130.36617317154062,129.71617620586014,131.03010673905553
2024-03-22,24.0,130.0932680484121,129.3376923042161,131.12222203409436,136.06619218252663,135.9170031366403,136.22139982048975,135.04243585442023,134.3422855315344,135.38616189193755,134.99800029939215,134.38636103578293,135.46590751174813,130.42379310679195,129.73321768211625,131.07462492114576,130.4017671199481,129.76707100210737,131.05317047435028
2024-03-23,24.0,130.0932680484121,129.3376923042161,131.12222203409436,136.06201564090276,135.9136352759627,136.21580555438587,135.07133975924663,134.45940763528247,135.36807547283283,134.99800029939215,134.38636103578293,135.46590751174813,130.44852046999443,129.7744817358956,131.1025519478013,130.43025114413,129.81410893787836,131.0868099851543
2024-03-24,24.0,130.0932680484121,129.3376923042161,131.12222203409436,136.0578608776997,135.91026057384684,136.21024515644194,135.09552445306767,134.52153181616333,135.35544863262882,134.99800029939215,134.38636103578293,135.46590751174813,130.46855040061246,129.79965219525562,131.1056403247762,130.45313286934658,129.8359621761855,131.1077638193604
2024-03-25,24.0,130.0932680484121,129.3376923042161,131.12222203409436,136.05372786933324,135.90687976753776,136.20471799318776,135.11588671569692,134.60139573492106,135.33718996532193,134.99800029939215,134.38636103578293,135.46590751174813,130.4847796548752,129.82551803299975,131.12756649270523,130.4715554720848,129.83920514669887,131.1336508954304
2024-03-26,24.0,130.0932680484121,129.3376923042161,131.12222203409436,136.19168158873973,136.01905344081916,136.36969748197723,135.13313127965947,134.6784116200561,135.318216774076,134.99800029939215,134.38636103578293,135.46590751174813,130.63997793824424,129.99427396334568,131.26966504210023,130.6287988095556,130.00519324990654,131.27574153440725
2024-03-27,24.0,130.0932680484121,129.3376923042161,131.12222203409436,136.18685647263857,136.01511015980037,136.36324134666313,135.14781535710017,134.73475677070445,135.30713516589938,134.99800029939215,134.38636103578293,135.46590751174813,130.6498368995838,130.00431987014775,131.2850810247409,130.64000414028288,130.00636503311273,131.29223706188967
2024-03-28,24.0,130.0932680484121,129.3376923042161,131.12222203409436,136.3178365854335,136.12150146494525,136.51989485854284,135.1603827326257,134.77275141816034,135.29884249385591,134.99800029939215,134.38636103578293,135.46590751174813,130.79338438790424,130.14197526312722,131.41578474005044,130.78495513317526,130.15773246196787,131.4352568316211
2024-03-29,24.0,130.0932680484121,129.3376923042161,131.12222203409436,136.3123591273894,136.11702652405168,136.51256658695362,134.99046057005066,134.25643070672032,135.493454799545,134.99800029939215,134.38636103578293,135.46590751174813,130.61798476728512,129.87772942598497,131.31335360350772,130.58346788884563,129.94011192671294,131.22140950742187
2024-03-30,24.0,130.0932680484121,129.3376923042161,131.12222203409436,136.4489687688066,136.22793431395064,136.67595934690223,135.03002287517793,134.37931235069124,135.4322321863354,134.99800029939215,134.38636103578293,135.46590751174813,130.79415671382958,130.07935932832714,131.43073349220867,130.7676597098365,130.15852816844003,131.38090268247493
2024-03-31,24.0,130.0932680484121,129.3376923042161,131.12222203409436,136.44281325993373,136.22290908722175,136.66772507087794,135.06251190590064,134.4632165516553,135.38853902320326,134.99800029939215,134.38636103578293,135.46590751174813,130.82049023567942,130.11602831042603,131.43409508570795,130.7994677822512,130.21137455406253,131.407757603081
2024-04-01,24.0,130.0932680484121,129.3376923042161,131.12222203409436,136.4366897643961,136.2179070739087,136.65953916359848,135.08934134590442,134.54723797504104,135.35576031139078,134.99800029939215,134.38636103578293,135.46590751174813,130.84119618014557,130.1612922136115,131.43878049593167,130.8241815542165,130.24576137911188,131.43550224934276
2024-04-02,24.0,130.0932680484121,129.3376923042161,131.12222203409436,136.5923563640896,136.3443036169743,136.84572390407868,135.1116437755109,134.6118147173167,135.34452124937468,134.99800029939215,134.38636103578293,135.46590751174813,131.0191652094456,130.3769040136556,131.62722479105994,131.0055355858958,130.4276905731463,131.60918471661225
2024-04-03,24.0,130.0932680484121,129.3376923042161,131.12222203409436,136.585459471444,136.33867469158074,136.8365026536549,135.13030848944763,134.6881201585534,135.3320277493281,134.99800029939215,134.38636103578293,135.46590751174813,131.0309330307367,130.40236245546913,131.6357875741752,131.0195689307048,130.43021388211537,131.6291603365194
2024-04-04,24.0,130.0932680484121,129.3376923042161,131.12222203409436,136.5785988268673,136.33307425235617,136.82733517205068,134.97618425415476,134.20764309238592,135.50105157923275,134.99800029939215,134.38636103578293,135.46590751174813,130.86994815086712,130.16638861201514,131.5409632440596,130.8349856995572,130.19059700582548,131.47934215023952
2024-04-05,24.0,130.0932680484121,129.3376923042161,131.12222203409436,136.57177377253672,136.32750346363358,136.8182202927113,135.01795975218835,134.33635704200552,135.4424445087539,134.99800029939215,134.38636103578293,135.46590751174813,130.9048985945701,130.19516150733764,131.54374807088016,130.8778306700972,130.27557237345817,131.4882725900374
2024-04-06,24.0,130.0932680484121,129.3376923042161,131.12222203409436,136.56498468171728,136.32196348974585,136.80909289450466,135.05226837464718,134.4289552022149,135.3914380306629,134.99800029939215,134.38636103578293,135.46590751174813,130.9324181262095,130.22919888290892,131.5495272215424,130.9110108142317,130.34322401521257,131.51271066457343
2024-04-07,24.0,130.0932680484121,129.3376923042161,131.12222203409436,136.55823085942038,136.31645118034308,136.79983483755322,134.8061273118094,133.46119300912574,135.6840069863803,134.99800029939215,134.38636103578293,135.46590751174813,130.67952324107486,129.7327380535778,131.61521426811774,130.62098939643116,129.7753101243795,131.44215963711594
2024-04-08,24.0,130.0932680484121,129.3376923042161,131.12222203409436,136.5515122200585,136.3109676997582,136.79062883642158,134.87588010987452,133.80262020652827,135.58207636697193,134.99800029939215,134.38636103578293,135.46590751174813,130.7425573997781,129.90410019728495,131.54676960970963,130.6978236567905,129.94799087255416,131.42910687091185
2024-04-09,24.0,130.0932680484121,129.3376923042161,131.12222203409436,136.7177955637556,136.44596586442003,136.98927227113143,134.9328255199688,133.9834280891379,135.4935501807221,134.99800029939215,134.38636103578293,135.46590751174813,130.96578615356944,130.2090481694223,131.67778855213763,130.93133878485537,130.24189829677786,131.59826743024527
2024-04-10,24.0,130.0932680484121,129.3376923042161,131.12222203409436,136.7102518780212,136.43981294708053,136.97893766932341,134.91244858772737,133.92109558515048,135.51766139905098,134.99800029939215,134.38636103578293,135.46590751174813,130.93786553559363,130.14958050267268,131.6641011310194,130.90063412434353,130.19057004444198,131.58672934074016
2024-04-11,24.0,130.0932680484121,129.3376923042161,131.12222203409436,136.9650703961646,136.64703100538128,137.2838781181678,134.96254898811006,134.08024663439764,135.44360574629687,134.99800029939215,134.38636103578293,135.46590751174813,131.24278445411971,130.51247142218068,131.90302067560447,131.2140763429409,130.56619742206954,131.8491334253145
2024-04-12,24.0,130.0932680484121,129.3376923042161,131.12222203409436,136.956247811177,136.63983503762074,137.27178293133878,135.00390484282735,134.20049022919133,135.41323520129305,134.99800029939215,134.38636103578293,135.46590751174813,131.2753177238494,130.57137551048783,131.91261634560087,131.25244407848336,130.63049893909402,131.86133517964436
2024-04-13,24.0,130.0932680484121,129.3376923042161,131.12222203409436,136.9474711659686,136.63267645816742,137.25976048536845,135.03826400462378,134.31371577159666,135.38690465988967,134.99800029939215,134.38636103578293,135.46590751174813,131.30090024043744,130.63363399021,131.9239589373838,131.28240423149902,130.69010571880105,131.88352508958656
2024-04-14,24.0,130.0932680484121,129.3376923042161,131.12222203409436,136.93874064843277,136.62630656177788,137.24781100907182,135.06699363386062,134.4138867200606,135.37193511221065,134.99800029939215,134.38636103578293,135.46590751174813,131.32089935213844,130.69050001534328,131.94324497950635,131.30573030796845,130.74098599738025,131.8966172608896
2024-04-15,24.0,130.0932680484121,129.3376923042161,131.12222203409436,136.9300555377469,136.6202370814254,137.23593258801648,135.09116336523036,134.4875523094783,135.35247910880454,134.99800029939215,134.38636103578293,135.46590751174813,131.33638397282232,130.722003398821,131.93899121374915,131.32377489828357,130.7727250763059,131.9100758304813
2024-04-16,24.0,130.0932680484121,129.3376923042161,131.12222203409436,136.92141587532188,136.61419580702915,137.22412533660994,135.11161382908972,134.578459288964,135.32994328674016,134.99800029939215,134.38636103578293,135.46590751174813,131.34819477425668,130.72426137769904,131.94785937174169,131.33757666554777,130.7851293866708,131.9195828290957
2024-04-17,24.0,130.0932680484121,129.3376923042161,131.12222203409436,136.91282112415163,136.60817733617142,137.21237806306576,135.0220129239024,134.31143479920001,135.43355651212607,134.99800029939215,134.38636103578293,135.46590751174813,131.24999911789908,130.57408352314627,131.88849905562742,131.22527809264338,130.6282445526425,131.81433734028988
2024-04-18,24.0,130.0932680484121,129.3376923042161,131.12222203409436,136.9042710355373,136.60218850165367,137.20026441655727,135.05468732655868,134.41850492183522,135.38941419340574,134.99800029939215,134.38636103578293,135.46590751174813,131.274123431941,130.6286862478866,131.88393108785527,131.25466235050735,130.6968239425165,131.8396126003496
2024-04-19,24.0,130.0932680484121,129.3376923042161,131.12222203409436,136.8957660118739,136.5962244566914,137.18822546499388,134.68439585312677,133.02892245655715,135.81128880163433,134.99800029939215,134.38636103578293,135.46590751174813,130.8953269348457,129.68633457694463,131.97377015850762,130.8198918736637,129.77645909410734,131.8157732067909
2024-04-20,24.0,130.0932680484121,129.3376923042161,131.12222203409436,137.12032614819674,136.77718784813888,137.4575268648626,134.77390681026375,133.39227104118297,135.67983884016652,134.99800029939215,134.38636103578293,135.46590751174813,131.20939802830554,130.2126149982783,132.12798074796723,131.15289438242507,130.2523129953036,132.0134699709531
2024-04-21,24.0,130.0932680484121,129.3376923042161,131.12222203409436,137.1107036795528,136.7704473002868,137.44431339827022,134.8468562893338,133.65000832934695,135.57429085676867,134.99800029939215,134.38636103578293,135.46590751174813,131.2727250387317,130.35618636949107,132.07646404974088,131.2292654185631,130.4122714270515,131.98274159825013
2024-04-22,24.0,130.0932680484121,129.3376923042161,131.12222203409436,137.10113148780482,136.7637378191584,137.43076159091194,134.90663656069967,133.83882753683486,135.48276060696497,134.99800029939215,134.38636103578293,135.46590751174813,131.32293311834954,130.5024297110588,132.02800762366167,131.28896216633294,130.54673959898918,131.96521116843164
2024-04-23,24.0,130.0932680484121,129.3376923042161,131.12222203409436,137.0916090731141,136.75705654398624,137.4172942087418,134.95594824020293,133.9923767172328,135.44382789279032,134.99800029939215,134.38636103578293,135.46590751174813,131.3627223831621,130.60371666079877,132.01619443781186,131.3357774978606,130.6455627479806,131.97136320309346
2024-04-24,24.0,130.0932680484121,129.3376923042161,131.12222203409436,137.08213619513842,136.75040633553775,137.4039925369712,134.99689987575687,134.1290399767724,135.41206017337598,134.99800029939215,134.38636103578293,135.46590751174813,131.39420114074034,130.65621232482766,132.04383405812152,131.37253204395668,130.72890176702978,131.98560849202948
2024-04-25,24.0,130.0932680484121,129.3376923042161,131.12222203409436,137.1839881512089,136.8326116855901,137.52570646078968,135.03113124754043,134.25808651172954,135.39403583049057,134.99800029939215,134.38636103578293,135.46590751174813,131.53028446859435,130.80252336955513,132.15320605164425,131.51294169597736,130.90286076130957,132.10854963554246
2024-04-26,24.0,130.0932680484121,129.3376923042161,131.12222203409436,137.17403838937483,136.82562721421695,137.51172827903633,135.05992152300206,134.33555395475148,135.37114488027692,134.99800029939215,134.38636103578293,135.46590751174813,131.54912498222194,130.83764532065496,132.1787191839898,131.5348628092218,130.95316033316715,132.11855853068056
2024-04-27,24.0,130.0932680484121,129.3376923042161,131.12222203409436,137.27917598117733,136.91048894742875,137.6371648041555,135.08427492870314,134.4405977525673,135.34406242537298,134.99800029939215,134.38636103578293,135.46590751174813,131.67861597972555,130.99682482948677,132.2835779552656,131.66707657258578,131.10483055909856,132.24413082869663
2024-04-28,24.0,130.0932680484121,129.3376923042161,131.12222203409436,137.26873399120103,136.9031571031613,137.62223693017472,135.10498546186872,134.53618183483906,135.32881849865424,134.99800029939215,134.38636103578293,135.46590751174813,131.6888845229148,131.0446141469718,132.2774497919756,131.67922504569128,131.11871774555624,132.25662984956256
2024-04-29,24.0,130.0932680484121,129.3376923042161,131.12222203409436,137.25834682511598,136.89585974201825,137.60724713828583,135.12268594625743,134.60341425632518,135.31680089062908,134.99800029939215,134.38636103578293,135.46590751174813,131.6961978412185,131.07545431579655,132.27961084749103,131.6880318585587,131.13217354987785,132.26879150747592
2024-04-30,24.0,130.0932680484121,129.3376923042161,131.12222203409436,137.42776070800195,137.03246683979995,137.81053174201233,135.13788430780178,134.6493853837308,135.30690009092882,134.99800029939215,134.38636103578293,135.46590751174813,131.88081008564882,131.26196833106064,132.4455368588277,131.87431464821645,131.32407569053902,132.43774467155163
2024-05-01,24.0,130.0932680484121,129.3376923042161,131.12222203409436,137.4165510714769,137.02459272259486,137.7943012638124,135.15099136202738,134.6857286038252,135.29683016541125,134.99800029939215,134.38636103578293,135.46590751174813,131.88270750334937,131.27033087130272,132.4527664636895,131.8771867794174,131.32609779430192,132.4443626542258
2024-05-02,24.0,130.0932680484121,129.3376923042161,131.12222203409436,137.5677454957048,137.14655785797615,137.97515868062564,135.16234140299312,134.7217110956925,135.29050763052715,134.99800029939215,134.38636103578293,135.46590751174813,132.045251968543,131.42924145195408,132.61977997585515,132.04097374006673,131.49113879249927,132.60848108918503
2024-05-03,24.0,130.0932680484121,129.3376923042161,131.12222203409436,137.55581220245972,137.13817738134156,137.95813539463688,135.17220837003885,134.77378651939517,135.2850750823507,134.99800029939215,134.38636103578293,135.46590751174813,132.04318564234362,131.42314744103942,132.62593140300856,132.03957383590338,131.49328187682914,132.61339096451658
2024-05-04,24.0,130.0932680484121,129.3376923042161,131.12222203409436,137.66142146441604,137.223466363708,138.0837695206013,135.18081774739613,134.81554710663508,135.2800597296502,134.99800029939215,134.38636103578293,135.46590751174813,132.1574042816572,131.52103271829756,132.7532166552781,132.15470437584312,131.61102776913597,132.73999256519676
2024-05-05,24.0,130.0932680484121,129.3376923042161,131.12222203409436,137.6490044360176,137.21474534698058,138.06591481366212,135.1883564325206,134.85345518331326,135.2759105836547,134.99800029939215,134.38636103578293,135.46590751174813,132.15252593838326,131.51123972694293,132.75113279288306,132.15030243776783,131.59891312081436,132.74254055420147
2024-05-06,24.0,130.0932680484121,129.3376923042161,131.12222203409436,137.76029466080053,137.30461635376798,138.19847545089846,135.15358046482757,134.77270481984976,135.325449022007,134.99800029939215,134.38636103578293,135.46590751174813,132.22904019547315,131.60734065758106,132.80000021345424,132.22158328775464,131.6930774809996,132.78491728155493
2024-05-07,24.0,130.0932680484121,129.3376923042161,131.12222203409436,137.74736688504134,137.29553485417662,138.18012457591936,135.1662176648253,134.8098080697746,135.30297333156332,134.99800029939215,134.38636103578293,135.46590751174813,132.2287496197117,131.60073092804865,132.80962482692627,132.22317293230873,131.68987322426764,132.79923170224356
2024-05-08,24.0,130.0932680484121,129.3376923042161,131.12222203409436,137.7345062453156,137.28649610089482,138.16201966110768,135.1768819546669,134.85386623909204,135.29440744498808,134.99800029939215,134.38636103578293,135.46590751174813,132.22655326982758,131.5910301963368,132.8138944806028,132.2223603162099,131.68610969165735,132.80292755486806
2024-05-09,24.0,130.0932680484121,129.3376923042161,131.12222203409436,137.87399291795245,137.3990684763634,138.3288931262697,135.185934823856,134.89473640991275,135.28749889668623,134.99800029939215,134.38636103578293,135.46590751174813,132.3750928116535,131.7228065315074,132.97279403154607,132.37237951273883,131.84439444367536,132.96301927263494
2024-05-10,24.0,130.0932680484121,129.3376923042161,131.12222203409436,137.86047785216778,137.38956666559494,138.30986728835205,134.9485553023191,134.04140499876968,135.55864495316158,134.99800029939215,134.38636103578293,135.46590751174813,132.12419822433193,131.40874859198337,132.80008092817855,132.08543788409764,131.451470301553,132.7338503472438
2024-05-11,24.0,130.0932680484121,129.3376923042161,131.12222203409436,137.84703367268241,137.38010958715304,138.29104290790573,134.9963260565967,134.27681595016185,135.4812942326655,134.99800029939215,134.38636103578293,135.46590751174813,132.15852479912417,131.48147793262066,132.7752988360965,132.12995353681475,131.56258922405777,132.72066719855434
2024-05-12,24.0,130.0932680484121,129.3376923042161,131.12222203409436,137.99011566730002,137.49558656045332,138.46212370562455,135.0352381137116,134.41187928453817,135.4329040257188,134.99800029939215,134.38636103578293,135.46590751174813,132.34051885085668,131.68932205648278,132.93268839263135,132.31960473240304,131.79263204393325,132.88842645726302
2024-05-13,24.0,130.0932680484121,129.3376923042161,131.12222203409436,137.9760014781867,137.4856581613396,138.44236087681213,135.06711099243807,134.50949998332723,135.3798811095608,134.99800029939215,134.38636103578293,135.46590751174813,132.35827754046983,131.7595650940876,132.93935379960138,132.34259108576185,131.82773783920942,132.88838974830242
2024-05-14,24.0,130.0932680484121,129.3376923042161,131.12222203409436,138.14257071226743,137.62005514439844,138.6416378046837,135.09339663066277,134.5791524698694,135.35526360185156,134.99800029939215,134.38636103578293,135.46590751174813,132.55113241277527,131.92775610922317,133.1176513149355,132.53981077999535,132.02287465457368,133.08129105018358
2024-05-15,24.0,130.0932680484121,129.3376923042161,131.12222203409436,138.12766877338007,137.60957477877818,138.62074463165825,135.11522839459155,134.64450416262534,135.34182372520084,134.99800029939215,134.38636103578293,135.46590751174813,132.55806223781667,131.9502915142346,133.11510485602264,132.54962993750794,132.03878878401693,133.0852569314337
2024-05-16,24.0,130.0932680484121,129.3376923042161,131.12222203409436,138.2903427767355,137.74085734446524,138.8152962185651,135.13348600160032,134.7117403148282,135.33225324230148,134.99800029939215,134.38636103578293,135.46590751174813,132.73899384818088,132.1140380469348,133.28061883781464,132.73325508552296,132.22072696517918,133.27347441881426
2024-05-17,24.0,130.0932680484121,129.3376923042161,131.12222203409436,138.27467709857802,137.72983812230808,138.79332847853075,135.14885419854207,134.77624595840797,135.31941416845675,134.99800029939215,134.38636103578293,135.46590751174813,132.73869636696514,132.10574041826948,133.28067504347706,132.73463286337756,132.2194183011029,133.27967927013506
2024-05-18,24.0,130.0932680484121,129.3376923042161,131.12222203409436,138.25909258928613,137.71887046527894,138.77156469557215,135.16186925491147,134.81425859916797,135.30475239730353,134.99800029939215,134.38636103578293,135.46590751174813,132.73612691404264,132.101879580668,133.28358975763726,132.7333600966551,132.21912172588435,133.28057348935465
2024-05-19,24.0,130.0932680484121,129.3376923042161,131.12222203409436,138.24359030384414,137.70795183172754,138.74993544689343,135.17295420177325,134.83913196649561,135.29526141518332,134.99800029939215,134.38636103578293,135.46590751174813,132.73170957546242,132.0934460986489,133.29570663439785,132.72995499835557,132.21345084822045,133.29443164047623
2024-05-20,24.0,130.0932680484121,129.3376923042161,131.12222203409436,138.22816813948415,137.69707936088642,138.7284426197769,135.18244537468044,134.8689817078184,135.28898625629674,134.99800029939215,134.38636103578293,135.46590751174813,132.72577858400965,132.08807106322848,133.30340360075374,132.7248238267535,132.20363068276689,133.2955798497548
2024-05-21,24.0,130.0932680484121,129.3376923042161,131.12222203409436,138.42065354185158,137.85235640677607,138.95872634703667,135.19061231413573,134.90037849077927,135.28381268808482,134.99800029939215,134.38636103578293,135.46590751174813,132.92643092583236,132.29848865018687,133.51255529026668,132.92668661550266,132.41397164447542,133.50910951355095
2024-05-22,24.0,130.0932680484121,129.3376923042161,131.12222203409436,138.4043161208069,137.84084504642556,138.935938418268,135.19767249327458,134.9396508813807,135.27902726711542,134.99800029939215,134.38636103578293,135.46590751174813,132.91715368392656,132.2841229013181,133.51137723416025,132.9179210756742,132.39596973610435,133.503591486192
2024-05-23,24.0,130.0932680484121,129.3376923042161,131.12222203409436,138.38806428685322,137.82938270955282,138.9133025136909,135.2038027423527,134.96864847335019,135.2755321438758,134.99800029939215,134.38636103578293,135.46590751174813,132.90703209905098,132.26947652919827,133.50865849367977,132.9082149831429,132.38156475281986,133.50677970435734
2024-05-24,24.0,130.0932680484121,129.3376923042161,131.12222203409436,138.37189754287147,137.81797281255854,138.8892105701312,135.20914765453057,134.99337530537576,135.2726571349242,134.99800029939215,134.38636103578293,135.46590751174813,132.8962102672471,132.2546636877269,133.50547925091143,132.89773392781314,132.37066060148587,133.50663611770725
2024-05-25,24.0,130.0932680484121,129.3376923042161,131.12222203409436,138.3558139451833,137.80661249467525,138.8642785689014,135.2138262415339,135.0159456364926,135.26984860244576,134.99800029939215,134.38636103578293,135.46590751174813,132.88480525656223,132.23977298506338,133.49337044515627,132.8866121441915,132.3568377075581,133.49659079013554
2024-05-26,24.0,130.0932680484121,129.3376923042161,131.12222203409436,138.33981509183192,137.79530318628673,138.84024708027192,135.21793697431224,135.03657538748047,135.26770218884513,134.99800029939215,134.38636103578293,135.46590751174813,132.8729171359892,132.2247064798384,133.48598920376844,132.87495996932037,132.34608702871483,133.49607721034565
2024-05-27,24.0,130.0932680484121,129.3376923042161,131.12222203409436,138.3238997534494,137.7840454430262,138.81637588815198,135.21133602351978,135.02826634954462,135.27763350290638,134.99800029939215,134.38636103578293,135.46590751174813,132.85040084681427,132.20068576457098,133.46092602305845,132.8512386057855,132.3252749146015,133.46392603704285
2024-05-28,24.0,130.0932680484121,129.3376923042161,131.12222203409436,138.30806719213837,137.77292206770105,138.79454847818312,135.2161662728801,135.0478554350864,135.27248004882853,134.99800029939215,134.38636103578293,135.46590751174813,132.8393985348635,132.18848024533452,133.45795916425882,132.84075186367778,132.31194354743454,133.46639860330555
2024-05-29,24.0,130.0932680484121,129.3376923042161,131.12222203409436,138.2923170191644,137.7620535549497,138.7745921546225,135.2203334189251,135.06574521541538,135.26975903960553,134.99800029939215,134.38636103578293,135.46590751174813,132.82781550793453,132.1753852518278,133.44482952087878,132.82955827013947,132.3018323373026,133.45676765145876
2024-05-30,24.0,130.0932680484121,129.3376923042161,131.12222203409436,138.27664940954543,137.7512794058792,138.75474781878935,135.22394809564253,135.07932840896083,135.26781088015284,134.99800029939215,134.38636103578293,135.46590751174813,132.815762575033,132.1617242515741,133.43539849719602,132.8178059247415,132.28855212763256,133.44744668639055
2024-05-31,24.0,130.0932680484121,129.3376923042161,131.12222203409436,138.26106302935196,137.74065858187873,138.73501782171016,135.2271009793339,135.09194536642482,135.2660920548932,134.99800029939215,134.38636103578293,135.46590751174813,132.8033290785309,132.1476891974745,133.41985381215738,132.8056097424309,132.2768550350965,133.43984689456624
2024-06-01,24.0,130.0932680484121,129.3376923042161,131.12222203409436,138.245557891133,137.73007847932737,138.71611202669376,135.00633426148067,134.25079763955264,135.5230203729727,134.99800029939215,134.38636103578293,135.46590751174813,132.56705722245874,131.90541409505855,133.16049066180926,132.53586437315994,131.9608565593368,133.12439006608798
2024-06-02,24.0,130.0932680484121,129.3376923042161,131.12222203409436,138.23013383421434,137.71953711220814,138.69543452175625,135.04629843562387,134.42028954664892,135.4512430035196,134.99800029939215,134.38636103578293,135.46590751174813,132.59159733968326,131.9941958802861,133.16794496863872,132.56929713992733,132.05437937685812,133.1227033895886
2024-06-03,24.0,130.0932680484121,129.3376923042161,131.12222203409436,138.21478995897812,137.70904292514365,138.6755789166483,135.0787155078243,134.5801265035296,135.41002501812468,134.99800029939215,134.38636103578293,135.46590751174813,132.60867053664748,132.0242789256968,133.15371390320556,132.59262330212016,132.0988884731198,133.13550251139247
2024-06-04,24.0,130.0932680484121,129.3376923042161,131.12222203409436,138.37529956629072,137.8378073670705,138.86590042787742,134.94982596282034,134.0024688643911,135.5507812387841,134.99800029939215,134.38636103578293,135.46590751174813,132.64029059895614,131.97955564204736,133.28731065960093,132.60570359935338,132.00418695921707,133.2321634956903
2024-06-05,24.0,130.0932680484121,129.3376923042161,131.12222203409436,138.3592053713476,137.82681357522065,138.84393727714343,134.86223590946292,133.6693792591427,135.64941457909399,134.99800029939215,134.38636103578293,135.46590751174813,132.53660635065557,131.69481976787023,133.32654319929853,132.49029484558858,131.73958655886335,133.2422805128894
2024-06-06,24.0,130.0932680484121,129.3376923042161,131.12222203409436,138.55421330835253,137.98321188464328,139.07506153712805,134.78735702645187,133.39791324394298,135.7296902369351,134.99800029939215,134.38636103578293,135.46590751174813,132.65673540464942,131.6441444443078,133.57024484882055,132.6017125527627,131.72975256705925,133.45840427656927
2024-06-07,24.0,130.0932680484121,129.3376923042161,131.12222203409436,138.53719421552063,137.9715913505174,139.0534376496859,134.78447499929905,133.3490728465153,135.72639343460895,134.99800029939215,134.38636103578293,135.46590751174813,132.63683428466473,131.62214704334562,133.52619883313955,132.5836852287941,131.7289706869376,133.43252273103948
2024-06-08,24.0,130.0932680484121,129.3376923042161,131.12222203409436,138.52026435917597,137.96003041310286,139.03033041965816,134.85885599096108,133.67733583357392,135.6043730142017,134.99800029939215,134.38636103578293,135.46590751174813,132.69428541998207,131.85846165800479,133.44097747382887,132.65490947093664,131.94052767617399,133.3783606990337
2024-06-09,24.0,130.0932680484121,129.3376923042161,131.12222203409436,138.50342240941032,137.94851218315443,139.00947685118575,134.91940292273043,133.9446912266776,135.49780276651765,134.99800029939215,134.38636103578293,135.46590751174813,132.7379904019858,132.0275949691095,133.41656631642553,132.7085482612988,132.0737017017034,133.35986705650654
2024-06-10,24.0,130.0932680484121,129.3376923042161,131.12222203409436,138.48666835708923,137.93704311927775,138.98941193082666,134.96900554231257,134.11148226236244,135.43958501791852,134.99800029939215,134.38636103578293,135.46590751174813,132.77083896924688,132.09232385841207,133.4073618167224,132.74869514673816,132.17176163614636,133.3544565981546
2024-06-11,24.0,130.0932680484121,129.3376923042161,131.12222203409436,138.47000211839733,137.9256252074898,138.96945879104456,135.0099196829875,134.24594939407547,135.41183764280328,134.99800029939215,134.38636103578293,135.46590751174813,132.79508687122987,132.1444153674889,133.38798358713123,132.77838060888286,132.23694389169873,133.35270348604098
2024-06-12,24.0,130.0932680484121,129.3376923042161,131.12222203409436,138.68985729847407,138.10191197616751,139.22541226717547,135.0438935959658,134.35020781973043,135.38794522399232,134.99800029939215,134.38636103578293,135.46590751174813,133.04891596428496,132.43882111949364,133.64394379641092,133.03695328729222,132.51850410838514,133.59474163283312
2024-06-13,24.0,130.0932680484121,129.3376923042161,131.12222203409436,138.67214077297083,138.08979183725626,139.20419601926994,134.97307327649796,134.14319245819107,135.4556323066878,134.99800029939215,134.38636103578293,135.46590751174813,132.96037911931387,132.26760110047354,133.59467546800576,132.9371523291139,132.356888865055,133.53347285666243
2024-06-14,24.0,130.0932680484121,129.3376923042161,131.12222203409436,138.65451592132277,138.07772483645073,139.1830915519414,135.01351915311136,134.26665415908104,135.41233220766702,134.99800029939215,134.38636103578293,135.46590751174813,132.98320014427918,132.3286459758615,133.5759533633308,132.96603478447335,132.42747376707123,133.52845914543852
2024-06-15,24.0,130.0932680484121,129.3376923042161,131.12222203409436,138.80195171189706,138.1960392842415,139.3549132645023,135.04707745228453,134.3616209905976,135.38319020387954,134.99800029939215,134.38636103578293,135.46590751174813,133.16419423402664,132.52781373937816,133.76897192804464,133.15197556137684,132.6266790552064,133.6942843742371
2024-06-16,24.0,130.0932680484121,129.3376923042161,131.12222203409436,138.78365670223806,138.18351340009968,139.33300039071332,135.07507815149762,134.46741086770356,135.36526093018318,134.99800029939215,134.38636103578293,135.46590751174813,133.17389992358073,132.55877266869703,133.7357443737552,133.16500191648618,132.65157830766387,133.69356180915918
2024-06-17,24.0,130.0932680484121,129.3376923042161,131.12222203409436,138.76545646246865,138.1710490986862,139.31120847903458,134.91312698126822,133.95693191569308,135.54982374057,134.99800029939215,134.38636103578293,135.46590751174813,132.99374851358192,132.2453111159639,133.671687276601,132.9598734004333,132.3102014272696,133.623099546872
2024-06-18,24.0,130.0932680484121,129.3376923042161,131.12222203409436,138.7473511156922,138.1586359493615,139.2895308743845,134.96402639980226,134.1076508072002,135.4717638390609,134.99800029939215,134.38636103578293,135.46590751174813,133.02654258533954,132.30168943694795,133.6641475880849,133.00169202300032,132.39080559418684,133.60885045568958
2024-06-19,24.0,130.0932680484121,129.3376923042161,131.12222203409436,138.72934063947196,138.14627593814248,139.26797170539294,135.0059253790316,134.2307690185809,135.42016603764168,134.99800029939215,134.38636103578293,135.46590751174813,133.0504310883486,132.36563982323926,133.64000902098405,133.03206884691508,132.48594540340093,133.5947202711216
2024-06-20,24.0,130.0932680484121,129.3376923042161,131.12222203409436,138.86994269064454,138.25911259124533,139.43186266659401,135.00024831286544,134.22472092382154,135.420745472113,134.99800029939215,134.38636103578293,135.46590751174813,133.18535607335502,132.48764196911,133.79110799461353,133.16649004797478,132.60468271417145,133.73684768819078
2024-06-21,24.0,130.0932680484121,129.3376923042161,131.12222203409436,138.85129851497737,138.24631405741462,139.40954099880824,135.03593394042957,134.32333376016012,135.38894998833254,134.99800029939215,134.38636103578293,135.46590751174813,133.202397525252,132.5403661614459,133.7977816884355,133.18854427164356,132.6457726922142,133.73425220567202
2024-06-22,24.0,130.0932680484121,129.3376923042161,131.12222203409436,139.02362215956092,138.38456315960758,139.610315481425,135.06562662029975,134.43859782435155,135.37003230468068,134.99800029939215,134.38636103578293,135.46590751174813,133.40441384970572,132.7707128002638,133.97980785057544,133.39485905677006,132.86674874447567,133.93381442104575
2024-06-23,24.0,130.0932680484121,129.3376923042161,131.12222203409436,139.00418402339898,138.37124068823297,139.58703836842633,135.09048702895873,134.50374199898494,135.3571634929273,134.99800029939215,134.38636103578293,135.46590751174813,133.40983612220276,132.79423149749832,133.95935319792622,133.40310308186608,132.88367994026285,133.9287848786505
2024-06-24,24.0,130.0932680484121,129.3376923042161,131.12222203409436,138.98484696378964,138.35797334098106,139.5638938311704,135.11142873574204,134.58915096716925,135.33823660056487,134.99800029939215,134.38636103578293,135.46590751174813,133.41144076937675,132.78536090551205,133.9471025424888,133.40687097115944,132.89613015411146,133.92989423588412
2024-06-25,24.0,130.0932680484121,129.3376923042161,131.12222203409436,139.11779814630583,138.46470547332166,139.71893992453303,135.01500204898355,134.30708942663077,135.44417235020353,134.99800029939215,134.38636103578293,135.46590751174813,133.4479652651344,132.76121724871572,134.04829253699214,133.42877907104278,132.88228251101626,133.99948523069358
2024-06-26,24.0,130.0932680484121,129.3376923042161,131.12222203409436,139.0978744474511,138.45104082546183,139.69508747079723,135.04914831718753,134.39734999734426,135.39328029109583,134.99800029939215,134.38636103578293,135.46590751174813,133.4621878344837,132.80572757683606,134.07020640056376,133.4486208117805,132.9232036693192,133.98909721702432
2024-06-27,24.0,130.0932680484121,129.3376923042161,131.12222203409436,139.17226447420666,138.51089876756492,139.7821067856877,135.0774564859492,134.49196433463757,135.36207995363372,134.99800029939215,134.38636103578293,135.46590751174813,133.56488603000093,132.94343460697576,134.13692531626816,133.5557626232733,133.0371321062487,134.08827936720687
2024-06-28,24.0,130.0932680484121,129.3376923042161,131.12222203409436,139.15206010563168,138.4970309968125,139.75792092089105,135.10105818193009,134.56444132838104,135.3502385254812,134.99800029939215,134.38636103578293,135.46590751174813,133.5682833574068,132.94892475432647,134.1145475184781,133.56217832505683,133.04336689161838,134.08180745992584
2024-06-29,24.0,130.0932680484121,129.3376923042161,131.12222203409436,139.29546122356174,138.61214125392254,139.92512728165235,135.12085914093478,134.6463138046647,135.3353654474498,134.99800029939215,134.38636103578293,135.46590751174813,133.73148543434158,133.1063105136978,134.28873239801408,133.7281807274762,133.21345360904107,134.2586497322104
2024-06-30,24.0,130.0932680484121,129.3376923042161,131.12222203409436,139.2746207806315,138.59785184980367,139.90017640515683,135.1375746954288,134.7173643029833,135.3209649084915,134.99800029939215,134.38636103578293,135.46590751174813,133.72736054590538,133.10743607307418,134.2860607498921,133.72579893950046,133.2240133459837,134.2483034741197
2024-07-01,24.0,130.0932680484121,129.3376923042161,131.12222203409436,139.25388786887726,138.5836195558245,139.87536025782637,135.1517692885054,134.76031426935702,135.30583608648354,134.99800029939215,134.38636103578293,135.46590751174813,133.72082222722773,133.11354556266764,134.2656385276761,133.72061388384517,133.2269952058676,134.24629222404198
2024-07-02,24.0,130.0932680484121,129.3376923042161,131.12222203409436,139.23326384721065,138.56944238596802,139.85067199905328,135.11033241069433,134.63970405719851,135.35464307631938,134.99800029939215,134.38636103578293,135.46590751174813,133.65876132775003,133.0507166341348,134.20463219148286,133.65185693044734,133.1593271107561,134.17367602373977
2024-07-03,24.0,130.0932680484121,129.3376923042161,131.12222203409436,139.21274732203133,138.55532878485687,139.82612075528252,135.12958668072034,134.7127290517055,135.3353279991657,134.99800029939215,134.38636103578293,135.46590751174813,133.65749907259672,133.0666639769693,134.1805669566612,133.65340821517455,133.1672635050837,134.16632171876887
2024-07-04,24.0,130.0932680484121,129.3376923042161,131.12222203409436,139.37682715190778,138.6869871792682,140.0173645028437,135.14571671876044,134.7743290953124,135.3190943636351,134.99800029939215,134.38636103578293,135.46590751174813,133.83770894051327,133.23789311364453,134.3835871476265,133.83625441978475,133.34646026659752,134.35881092627292
2024-07-05,24.0,130.0932680484121,129.3376923042161,131.12222203409436,139.35556884193437,138.67236751476605,139.9919226446539,135.15930723263025,134.80344449470388,135.3085887619971,134.99800029939215,134.38636103578293,135.46590751174813,133.83004114440968,133.22100673033896,134.3729144590112,133.830137527558,133.34283997497855,134.35758127978983
2024-07-06,24.0,130.0932680484121,129.3376923042161,131.12222203409436,139.54191120889737,138.82186578210985,140.20903750604134,135.17082814436432,134.82892642829887,135.29929620518874,134.99800029939215,134.38636103578293,135.46590751174813,134.02790442310672,133.42838118474114,134.58880536816406,134.02981185527753,133.5358995194414,134.57611698118535
2024-07-07,24.0,130.0932680484121,129.3376923042161,131.12222203409436,139.51979972814502,138.8066697760004,140.1825703042675,135.1806531744998,134.86176210185457,135.28953442082414,134.99800029939215,134.38636103578293,135.46590751174813,134.0156179724899,133.4178248752651,134.56793746734664,134.0184440759928,133.52610596971255,134.5636496226621
2024-07-08,24.0,130.0932680484121,129.3376923042161,131.12222203409436,139.49780270497774,138.7914933288047,140.15624468917045,135.18907953892227,134.89745777776884,135.28378410287817,134.99800029939215,134.38636103578293,135.46590751174813,134.00204731374507,133.40212708157338,134.55611872986458,134.00559618450274,133.51046014060105,134.555182780397
2024-07-09,24.0,130.0932680484121,129.3376923042161,131.12222203409436,139.47592125480125,138.7763902046158,140.12905730714016,135.011461316258,134.32564215612328,135.48874976959013,134.99800029939215,134.38636103578293,135.46590751174813,133.80254764090432,133.16309849030065,134.39974218330076,133.77896266752,133.2279492240532,134.36753141293826
2024-07-10,24.0,130.0932680484121,129.3376923042161,131.12222203409436,139.45415382831038,138.76134731775943,140.1009178053956,134.8895550498496,133.77929956437467,135.6178701901959,134.99800029939215,134.38636103578293,135.46590751174813,133.65887394800507,132.82900917936203,134.44793236861068,133.61820129673598,132.9068738506477,134.34039802963278
2024-07-11,24.0,130.0932680484121,129.3376923042161,131.12222203409436,139.43249946844458,138.74636791846555,140.07297314207992,134.78743470772966,133.3937812653607,135.72200745241378,134.99800029939215,134.38636103578293,135.46590751174813,133.5350992460193,132.53114336511695,134.45373959377008,133.4811540182091,132.59224826236243,134.32959004056664
2024-07-12,24.0,130.0932680484121,129.3376923042161,131.12222203409436,139.41095826360623,138.73145639687704,140.0451865403009,134.86172381380632,133.6996508454859,135.61322281384417,134.99800029939215,134.38636103578293,135.46590751174813,133.5878471472576,132.76531214613314,134.35985511388492,133.54901406177956,132.82377167698286,134.28394663050867
2024-07-13,24.0,130.0932680484121,129.3376923042161,131.12222203409436,139.3895287875034,138.71661275299388,140.0171176067243,134.9220924363188,133.97966773521804,135.52184128353397,134.99800029939215,134.38636103578293,135.46590751174813,133.6267862936672,132.88646012680334,134.3236079132095,133.59871477706514,132.96201285258093,134.257726961577
2024-07-14,24.0,130.0932680484121,129.3376923042161,131.12222203409436,139.36821165543492,138.70182495630038,139.9886052293708,134.97144161862337,134.13681600633794,135.44356093112066,134.99800029939215,134.38636103578293,135.46590751174813,133.65481834390337,132.9262487897947,134.28496562075495,133.6345796348367,133.05188205697854,134.24485324661208
2024-07-15,24.0,130.0932680484121,129.3376923042161,131.12222203409436,139.34700512049164,138.68710284224085,139.9602564369072,135.01205949152583,134.26314429030694,135.41109445846772,134.99800029939215,134.38636103578293,135.46590751174813,133.67422968186253,132.97733586130374,134.2753405334612,133.65978547555574,133.1266813688954,134.2307352983643
2024-07-16,24.0,130.0932680484121,129.3376923042161,131.12222203409436,139.51601729867184,138.82267134931882,140.16196514130814,135.0457228264989,134.35844390387717,135.38538422604364,134.99800029939215,134.38636103578293,135.46590751174813,133.87690519501578,133.22041936547546,134.46616566101224,133.86738963285163,133.3327783323132,134.42569914608362
2024-07-17,24.0,130.0932680484121,129.3376923042161,131.12222203409436,139.4940466700045,138.807433609632,140.13259504948047,135.0738085559605,134.46363617383403,135.36690844180464,134.99800029939215,134.38636103578293,135.46590751174813,133.88302029581007,133.2682477151417,134.4468808256386,133.8767902764126,133.35433299058099,134.41017270750882
2024-07-18,24.0,130.0932680484121,129.3376923042161,131.12222203409436,139.71045070261928,138.9810184285471,140.39088060712282,135.09738795468073,134.5243205991153,135.3526694571057,134.99800029939215,134.38636103578293,135.46590751174813,134.12300372714506,133.50182890111859,134.7061926172644,134.11998197761216,133.60369716745723,134.6520481181554
2024-07-19,24.0,130.0932680484121,129.3376923042161,131.12222203409436,139.6874750495473,138.96509541134668,140.36069613175317,135.11729998965575,134.60879130392522,135.33071153752226,134.99800029939215,134.38636103578293,135.46590751174813,134.1199401090481,133.50429095723388,134.7022220767996,134.1188545933062,133.6051608249228,134.64028223952553
2024-07-20,24.0,130.0932680484121,129.3376923042161,131.12222203409436,139.6646194799577,138.94924571715308,140.330100259449,135.13420670437375,134.6852178779554,135.3168054810054,134.99800029939215,134.38636103578293,135.46590751174813,134.11399125417648,133.4985821600892,134.68024664668872,134.11441320201627,133.60846124392256,134.63673094139565
2024-07-21,24.0,130.0932680484121,129.3376923042161,131.12222203409436,139.64188317163214,138.9336886254555,140.29970886825726,135.14863458433507,134.74494157592542,135.30681499426387,134.99800029939215,134.38636103578293,135.46590751174813,134.10568282581227,133.50279351855116,134.6558331639305,134.10728952707035,133.60697491124216,134.62877069661343
2024-07-22,24.0,130.0932680484121,129.3376923042161,131.12222203409436,139.61926569584446,138.9182820228015,140.26950095696768,135.16100555776248,134.78019039581392,135.29858117152716,134.99800029939215,134.38636103578293,135.46590751174813,134.09543632345196,133.48488308761077,134.6348191593633,134.09798283273156,133.6135095901545,134.62163284315983
2024-07-23,24.0,130.0932680484121,129.3376923042161,131.12222203409436,139.82653268007002,139.084311429072,140.5172775304947,135.1716601447363,134.80713114941895,135.29076205789963,134.99800029939215,134.38636103578293,135.46590751174813,134.3133578946514,133.71457849640865,134.8673184319505,134.31734314126666,133.8222008608513,134.86123264390685
2024-07-24,24.0,130.0932680484121,129.3376923042161,131.12222203409436,139.80296064657722,139.0682598720613,140.4857631524816,135.1808750855923,134.83692673778182,135.28453718821444,134.99800029939215,134.38636103578293,135.46590751174813,134.29900080201458,133.70902619588918,134.8480620792136,134.30359315548256,133.81732541313255,134.84010176328238
2024-07-25,24.0,130.0932680484121,129.3376923042161,131.12222203409436,139.96037287593947,139.1948965552435,140.67322230539327,135.1624817472236,134.81719150986427,135.30924985845738,134.99800029939215,134.38636103578293,135.46590751174813,134.43801969300816,133.8524774790907,134.99043659839714,134.439997909965,133.94614206429705,134.9803833210787
2024-07-26,24.0,130.0932680484121,129.3376923042161,131.12222203409436,139.9361096980894,139.1783832250676,140.64076842046106,135.17373711375944,134.84376194430064,135.29755519793196,134.99800029939215,134.38636103578293,135.46590751174813,134.4250118816939,133.84212606325679,134.9760022567079,134.42832107421737,133.93611146178864,134.96894523756686
2024-07-27,24.0,130.0932680484121,129.3376923042161,131.12222203409436,139.91197244808484,139.16193350207982,140.60851791044334,135.12053141524913,134.7117251346062,135.3546346252856,134.99800029939215,134.38636103578293,135.46590751174813,134.34766893317902,133.76501286358828,134.8723769801227,134.34267937802088,133.85208402874727,134.86010752463363
2024-07-28,24.0,130.0932680484121,129.3376923042161,131.12222203409436,139.88796107856686,139.14556390912853,140.5764729877359,135.1391700979221,134.775325800511,135.3354267645525,134.99800029939215,134.38636103578293,135.46590751174813,134.342296246334,133.76966616665652,134.88541939489804,134.3404485252623,133.8645356943627,134.8603102189322
2024-07-29,24.0,130.0932680484121,129.3376923042161,131.12222203409436,139.8640746996055,139.129241400517,140.54459054372052,135.15464869012646,134.82882591227067,135.31903326546308,134.99800029939215,134.38636103578293,135.46590751174813,134.33388845957703,133.75876726515872,134.87709329595017,134.3343035069203,133.85416102312172,134.86906112356866
2024-07-30,24.0,130.0932680484121,129.3376923042161,131.12222203409436,139.84031309795944,139.11200084436587,140.5129136870154,135.16758157817839,134.85707918252072,135.30685079218495,134.99800029939215,134.38636103578293,135.46590751174813,134.32305974598287,133.74971991403692,134.85427669392487,134.32514326100963,133.85167912407243,134.85308436075758
2024-07-31,24.0,130.0932680484121,129.3376923042161,131.12222203409436,139.81667517917492,139.09328913120044,140.4814203102125,135.17846052620763,134.88272465200856,135.29841786570296,134.99800029939215,134.38636103578293,135.46590751174813,134.3103007752276,133.73782444915145,134.8383573397463,134.31363689426834,133.84741175924935,134.84319361178464
2024-08-01,24.0,130.0932680484121,129.3376923042161,131.12222203409436,140.02654332413124,139.2649982625785,140.73227846444823,135.18767330679864,134.91144564043145,135.2913279517793,134.99800029939215,134.38636103578293,135.46590751174813,134.52938170077493,133.94304987883595,135.07677894699765,134.53437327143078,134.04916005890308,135.08754774833304
2024-08-02,24.0,130.0932680484121,129.3376923042161,131.12222203409436,140.00194269657086,139.24724498083492,140.6994775147239,135.19552501522645,134.94114866441893,135.2841745051705,134.99800029939215,134.38636103578293,135.46590751174813,134.51263278164237,133.9209977314352,135.0532627931973,134.5183564960047,134.0380507936592,135.0642239532114
2024-08-03,24.0,130.0932680484121,129.3376923042161,131.12222203409436,140.19632850201444,139.40416431971764,140.9314946951236,135.20225683782095,134.9761353918548,135.27865026282151,134.99800029939215,134.38636103578293,135.46590751174813,134.71375040968044,134.1095741595732,135.26918985816178,134.72072244194766,134.22512733059526,135.28784966654615
2024-08-04,24.0,130.0932680484121,129.3376923042161,131.12222203409436,140.17085087427424,139.3867681292809,140.89750886114527,135.20806059427287,135.00163781515988,135.27524299188983,134.99800029939215,134.38636103578293,135.46590751174813,134.69407653839215,134.08626455028727,135.24946975678773,134.70149230731607,134.2057620749316,135.2605422299507
2024-08-05,24.0,130.0932680484121,129.3376923042161,131.12222203409436,140.14550549405038,139.36749514174673,140.86370761326705,135.213090248028,135.0235068335506,135.27243419382629,134.99800029939215,134.38636103578293,135.46590751174813,134.67376081192344,134.06732953788676,135.2273196658062,134.6815272646453,134.1889045735927,135.2395749678695
2024-08-06,24.0,130.0932680484121,129.3376923042161,131.12222203409436,140.33254257460547,139.51967403455782,141.08678400771444,135.21747001625042,135.04349517354137,135.26983548385684,134.99800029939215,134.38636103578293,135.46590751174813,134.86517766070094,134.24859340185623,135.4319526814483,134.87389443908046,134.37068983531825,135.4469442970456
2024-08-07,24.0,130.0932680484121,129.3376923042161,131.12222203409436,140.30636323910906,139.50109268675382,141.051858666817,135.22130113838534,135.06124459469837,135.2678858031416,134.99800029939215,134.38636103578293,135.46590751174813,134.84282944733948,134.22827177228223,135.4079029410568,134.85176484385752,134.34612842973564,135.4302379868496
2024-08-08,24.0,130.0932680484121,129.3376923042161,131.12222203409436,140.28031798427205,139.4804815244594,141.01715880824213,135.171190462288,134.9338170121918,135.32624752312225,134.99800029939215,134.38636103578293,135.46590751174813,134.7666735164051,134.17928306113754,135.29534306941102,134.76782915445892,134.2906181902911,135.33144149506197
2024-08-09,24.0,130.0932680484121,129.3376923042161,131.12222203409436,140.2544094096875,139.4599673914971,140.98264242956947,135.18306760081742,134.96380094486594,135.30801462477194,134.99800029939215,134.38636103578293,135.46590751174813,134.75264208034997,134.16601758704064,135.2850442076465,134.75599041417922,134.28130842456682,135.3234407459859
2024-08-10,24.0,130.0932680484121,129.3376923042161,131.12222203409436,140.3837037167883,139.56609739794564,141.1359720751753,135.19288723028254,134.98798367690205,135.29780101090722,134.99800029939215,134.38636103578293,135.46590751174813,134.89175601691588,134.2967569546806,135.4333805485189,134.89721212419923,134.41236065834613,135.48191460791307
2024-08-11,24.0,130.0932680484121,129.3376923042161,131.12222203409436,140.35726217741393,139.54508260948518,141.10076156691838,135.2010559599153,135.00842536120555,135.28915134549536,134.99800029939215,134.38636103578293,135.46590751174813,134.87348320717427,134.27913766129998,135.41632417899228,134.88006211213087,134.3915125265897,135.45333249268742
2024-08-12,24.0,130.0932680484121,129.3376923042161,131.12222203409436,140.33095826520213,139.5239991677745,141.06573453856367,134.9491590183745,134.00188189591427,135.57840550930766,134.99800029939215,134.38636103578293,135.46590751174813,134.59528235342168,133.83727444596718,135.32505972670293,134.56370265553755,133.889431351969,135.25344792977776
2024-08-13,24.0,130.0932680484121,129.3376923042161,131.12222203409436,140.44026360988556,139.613518807479,141.19491776339027,134.99841528628508,134.21741265510133,135.4957116905755,134.99800029939215,134.38636103578293,135.46590751174813,134.75384396601572,134.12902235641863,135.3857701533264,134.73351780155315,134.1671200522476,135.35370499575478
2024-08-14,24.0,130.0932680484121,129.3376923042161,131.12222203409436,140.41353097599435,139.59208110006077,141.15931929411877,135.03837775336012,134.41560973806293,135.44483917523922,134.99800029939215,134.38636103578293,135.46590751174813,134.76707379919952,134.19118427383694,135.36486390128533,134.75430451398174,134.23359679986697,135.3366626845017
2024-08-15,24.0,130.0932680484121,129.3376923042161,131.12222203409436,140.38693822195953,139.57150050390064,141.12396620218212,135.0709739553884,134.5307280315216,135.38732601646203,134.99800029939215,134.38636103578293,135.46590751174813,134.773077247193,134.19769987520823,135.3449644473103,134.76575280045606,134.26276113579965,135.3297498963818
2024-08-16,24.0,130.0932680484121,129.3376923042161,131.12222203409436,140.36048301283415,139.55284142131916,141.08958447195766,135.09773943129258,134.61513325887523,135.35832057463784,134.99800029939215,134.38636103578293,135.46590751174813,134.77338751397178,134.21119422277718,135.32339862785037,134.77005273395983,134.28376674968845,135.2937841021036
2024-08-17,24.0,130.0932680484121,129.3376923042161,131.12222203409436,140.33416613201865,139.53423418793926,141.0551543644257,135.1198704836262,134.68677275924532,135.3427924252504,134.99800029939215,134.38636103578293,135.46590751174813,134.7692016854899,134.2263586350988,135.3144846405217,134.76882542653647,134.29874186253645,135.29292132400508
2024-08-18,24.0,130.0932680484121,129.3376923042161,131.12222203409436,140.43746075826698,139.617031469974,141.1762943990229,135.1382939983612,134.74337056969182,135.32878080744453,134.99800029939215,134.38636103578293,135.46590751174813,134.89091982647327,134.3306860725489,135.42528248945368,134.89326570263768,134.41900318279252,135.419825147968
2024-08-19,24.0,130.0932680484121,129.3376923042161,131.12222203409436,140.4107469839965,139.59815798911592,141.14122801034242,135.1537299087318,134.79038943036926,135.32058532374194,134.99800029939215,134.38636103578293,135.46590751174813,134.87964196257334,134.32795069129418,135.4131491284328,134.88365879630493,134.41565001626552,135.40587622685524
2024-08-20,24.0,130.0932680484121,129.3376923042161,131.12222203409436,140.38417176119455,139.57935830817345,141.10593709706504,135.1667406592464,134.83851404817256,135.30788619414207,134.99800029939215,134.38636103578293,135.46590751174813,134.866077490286,134.31329045973897,135.4061622974342,134.87136558304954,134.40140970481568,135.39775478756553
2024-08-21,24.0,130.0932680484121,129.3376923042161,131.12222203409436,140.35773508266496,139.56064737639042,141.07083499788277,135.17776898291393,134.88805761960595,135.2970572134413,134.99800029939215,134.38636103578293,135.46590751174813,134.85066913542394,134.2919294966923,135.38004394185597,134.85693052885534,134.38743292360664,135.39970043161006
2024-08-22,24.0,130.0932680484121,129.3376923042161,131.12222203409436,140.5153174142564,139.68768116915498,141.25822359297757,135.18716603591793,134.92982248583698,135.29045659009327,134.99800029939215,134.38636103578293,135.46590751174813,135.01764852001935,134.44492527778402,135.55088189528226,135.02528247329695,134.54500900602898,135.58020252504969
2024-08-23,24.0,130.0932680484121,129.3376923042161,131.12222203409436,140.48820153258364,139.6683270370212,141.22220417232157,135.19521244354763,134.95243062306247,135.28501756405822,134.99800029939215,134.38636103578293,135.46590751174813,134.99857904597636,134.42387558284167,135.5298886564705,135.00679397897989,134.5299588160977,135.56069389013118
2024-08-24,24.0,130.0932680484121,129.3376923042161,131.12222203409436,140.46123040901753,139.64907496796795,141.18773946746876,135.20213411445604,134.96957140580457,135.28041598758946,134.99800029939215,134.38636103578293,135.46590751174813,134.97852959331863,134.40181644966782,135.50912379565645,134.98719385085136,134.5083311546992,135.53985059759745
2024-08-25,24.0,130.0932680484121,129.3376923042161,131.12222203409436,140.43439714248223,139.62992496199513,141.1536333097919,135.00241830512292,134.24448212952095,135.50676276137338,134.99800029939215,134.38636103578293,135.46590751174813,134.7519805174502,134.12428310473038,135.38117999389812,134.73015266228504,134.17047432488266,135.34115031691485
2024-08-26,24.0,130.0932680484121,129.3376923042161,131.12222203409436,140.40770469863025,139.61085025681805,141.11971852556024,135.04209728731678,134.43814378450963,135.4443129822777,134.99800029939215,134.38636103578293,135.46590751174813,134.76496705579206,134.20725761802862,135.32801294059874,134.7514133483019,134.24821699029724,135.3158689801741
2024-08-27,24.0,130.0932680484121,129.3376923042161,131.12222203409436,140.3811502885357,139.59199872667403,141.0864107186188,135.07443532336833,134.54809838361362,135.40255814740328,134.99800029939215,134.38636103578293,135.46590751174813,134.77075068174906,134.2171709254659,135.3177778356185,134.76302612821152,134.27533219195178,135.29711950868335
2024-08-28,24.0,130.0932680484121,129.3376923042161,131.12222203409436,140.52290187748292,139.70688936660284,141.25360242573544,135.1009321074795,134.62986709291545,135.3595689601152,134.99800029939215,134.38636103578293,135.46590751174813,134.9389990548075,134.3850838103381,135.47995597203396,134.93606893000273,134.45433317234227,135.45001508801602
2024-08-29,24.0,130.0932680484121,129.3376923042161,131.12222203409436,140.73533078718557,139.87827096257914,141.50460688034605,135.12278704534583,134.6958208539092,135.3400244592983,134.99800029939215,134.38636103578293,135.46590751174813,135.17328290237649,134.58874783189404,135.71476401496068,135.1741849732803,134.6888893278165,135.6998660630412
2024-08-30,24.0,130.0932680484121,129.3376923042161,131.12222203409436,140.70708250229444,139.8581139842325,141.46866258717387,135.14093776362438,134.75412813555985,135.32705856467433,134.99800029939215,134.38636103578293,135.46590751174813,135.16318533576387,134.58962339480317,135.69155507771953,135.16637627335692,134.68644033548148,135.68025276264933
2024-08-31,24.0,130.0932680484121,129.3376923042161,131.12222203409436,140.89410470510748,140.00935881925304,141.6896761374091,135.15611342959036,134.7975367828966,135.3191041096681,134.99800029939215,134.38636103578293,135.46590751174813,135.3653832045429,134.7822264277561,135.90120308830643,135.37099647027583,134.88139609478574,135.89773918230424
2024-09-01,24.0,130.0932680484121,129.3376923042161,131.12222203409436,140.86503823440316,139.98861807009817,141.65267441367254,135.16888211661632,134.84920228668346,135.30882877009287,134.99800029939215,134.38636103578293,135.46590751174813,135.3490854208645,134.75962678816467,135.88056581477852,135.35599358663748,134.86140789289962,135.8831555625711
2024-09-02,24.0,130.0932680484121,129.3376923042161,131.12222203409436,140.836121206171,139.96796443478,141.6158810000232,135.17968932480483,134.89740321567248,135.2967100638946,134.99800029939215,134.38636103578293,135.46590751174813,135.3309756008209,134.74403170868024,135.8683865330997,135.3388718022641,134.8501463304048,135.87404904419935
2024-09-03,24.0,130.0932680484121,129.3376923042161,131.12222203409436,140.99062894302708,140.09337719372925,141.79850680829443,135.13347855449163,134.75900790450135,135.3490635993934,134.99800029939215,134.38636103578293,135.46590751174813,135.43927256736376,134.84311783629823,135.97538903847328,135.44046155229043,134.94766848894446,135.97449561413654
2024-09-04,24.0,130.0932680484121,129.3376923042161,131.12222203409436,140.96106440299863,140.07228605300816,141.76088187978817,135.1505601288844,134.80616994525857,135.32674124912035,134.99800029939215,134.38636103578293,135.46590751174813,135.42678960172805,134.84969659546724,135.95556547314146,135.43063782872537,134.93789865140678,135.96056687949556
2024-09-05,24.0,130.0932680484121,129.3376923042161,131.12222203409436,141.1923474947301,140.25888268795651,142.03414473190796,135.1647665852185,134.8510962179986,135.31270072482462,134.99800029939215,134.38636103578293,135.46590751174813,135.67227914979364,135.0653633642985,136.21586526935297,135.67885526629792,135.15809287885202,136.22326829973773
2024-09-06,24.0,130.0932680484121,129.3376923042161,131.12222203409436,141.16174030147752,140.23706215642835,141.99514737251488,135.1766490688825,134.8991775616318,135.30490878009596,134.99800029939215,134.38636103578293,135.46590751174813,135.6535544402051,135.0387897292644,136.19220095767585,135.66153206313726,135.14732927237102,136.21425365746518
2024-09-07,24.0,130.0932680484121,129.3376923042161,131.12222203409436,141.13129294119489,140.2153144348996,141.9563833936828,135.18664983167588,134.94143145801453,135.29688795401924,134.99800029939215,134.38636103578293,135.46590751174813,135.63310784271582,135.0124052760972,136.180359056542,135.64212853612847,135.1298270413944,136.1956104829572
2024-09-08,24.0,130.0932680484121,129.3376923042161,131.12222203409436,141.10100418798555,140.19368308028862,141.917849062985,135.1951189674267,134.9643411188087,135.2887861151837,134.99800029939215,134.38636103578293,135.46590751174813,135.61128822525734,134.9872346176882,136.15251392399105,135.62109381086628,135.11131076513146,136.1851371607053
2024-09-09,24.0,130.0932680484121,129.3376923042161,131.12222203409436,141.07087254608976,140.17213948492082,141.8795638335076,135.202333408406,134.98081635809794,135.2817749407054,134.99800029939215,134.38636103578293,135.46590751174813,135.5883710243408,134.96826514020472,136.12404019816083,135.59877253342947,135.0961644751509,136.17128267356657
2024-09-10,24.0,130.0932680484121,129.3376923042161,131.12222203409436,141.04089743545177,140.15066869955245,141.84200125653356,135.20851304512811,134.9992653110263,135.2778236454791,134.99800029939215,134.38636103578293,135.46590751174813,135.56457555042496,134.9486770359099,136.0954761836667,135.57543235285803,135.072839366526,136.15381702020025
2024-09-11,24.0,130.0932680484121,129.3376923042161,131.12222203409436,141.01107916933967,140.1293292303456,141.80466881790701,135.11295765636223,134.72191419064947,135.3877338776733,134.99800029939215,134.38636103578293,135.46590751174813,135.43920189554694,134.86363210629102,135.9678756197744,135.43534289515782,134.93600126132554,135.97010796006398
2024-09-12,24.0,130.0932680484121,129.3376923042161,131.12222203409436,140.98141507029305,140.10804826730086,141.77133659643317,135.1344397027849,134.79460819411105,135.35440360617005,134.99800029939215,134.38636103578293,135.46590751174813,135.431019842923,134.85753522909454,135.95060080736138,135.43132571972572,134.9467286427682,135.96325126544812
2024-09-13,24.0,130.0932680484121,129.3376923042161,131.12222203409436,140.951906448283,140.0868836711739,141.73702426370443,135.15205871518387,134.83505152857697,135.33037804805383,134.99800029939215,134.38636103578293,135.46590751174813,135.41913023331193,134.84765581379816,135.93732061536068,135.42237638297064,134.94801960911582,135.94926128007435
2024-09-14,24.0,130.0932680484121,129.3376923042161,131.12222203409436,140.92255108891806,140.0658068342901,141.7012699081794,135.16659139037267,134.8787835222992,135.31162985565814,134.99800029939215,134.38636103578293,135.46590751174813,135.4043075491358,134.8347761853456,135.9223832947067,135.4096782631791,134.9359642758379,135.94500096669003
2024-09-15,24.0,130.0932680484121,129.3376923042161,131.12222203409436,140.8933490871093,140.04481775664945,141.66575175270762,135.17865948362567,134.9160197796984,135.30464653233156,134.99800029939215,134.38636103578293,135.46590751174813,135.38717364058002,134.81805808788272,135.9011717539323,135.3941033135704,134.93087002612225,135.9299012784239
2024-09-16,24.0,130.0932680484121,129.3376923042161,131.12222203409436,140.86429841613375,140.0239307420893,141.6304057735227,135.18875040997546,134.95645245677542,135.29842962670918,134.99800029939215,134.38636103578293,135.46590751174813,135.36821389595426,134.79694437841013,135.8759772982021,135.3763015708343,134.911897231418,135.9174794777256
2024-09-17,24.0,130.0932680484121,129.3376923042161,131.12222203409436,141.05978578250324,140.1819207761112,141.8582050226923,135.19724467595745,134.98960254424745,135.29150484610818,134.99800029939215,134.38636103578293,135.46590751174813,135.57219552830577,134.9720311523909,136.09775699096733,135.58188398675568,135.09162826385526,136.13925040687823
2024-09-18,24.0,130.0932680484121,129.3376923042161,131.12222203409436,141.0298751121458,140.16042073766175,141.82177751830258,135.20444005144392,135.00568015313826,135.28426648160138,134.99800029939215,134.38636103578293,135.46590751174813,135.5494802334348,134.95307151883142,136.07460695586815,135.55981925223026,135.07131100174004,136.1219325571989
2024-09-19,24.0,130.0932680484121,129.3376923042161,131.12222203409436,141.35282573139366,140.42000077656863,142.19358300592785,135.2105711191351,135.0203374336479,135.27849342864636,134.99800029939215,134.38636103578293,135.46590751174813,135.8785619203738,135.23838261360964,136.42582458994139,135.8904063509692,135.36926501853497,136.47034566737048
2024-09-20,24.0,130.0932680484121,129.3376923042161,131.12222203409436,141.3213998976044,140.3974495634205,142.15847660009044,135.21582400997474,135.0387345876245,135.27509893578375,134.99800029939215,134.38636103578293,135.46590751174813,135.8523889774242,135.21540451170492,136.39632389956168,135.86460268945987,135.34826278518887,136.45285830663383
2024-09-21,24.0,130.0932680484121,129.3376923042161,131.12222203409436,141.29013772112745,140.37501536259666,142.12138590803644,135.22034760368587,135.05966068795405,135.27229991991794,134.99800029939215,134.38636103578293,135.46590751174813,135.82565039465837,135.20061220243628,136.3730329777383,135.83814319966348,135.3236972386143,136.42972225952587
2024-09-22,24.0,130.0932680484121,129.3376923042161,131.12222203409436,141.25903910815515,140.35268322485325,142.0835325258682,135.22426183883195,135.08016453402303,135.26970703680362,134.99800029939215,134.38636103578293,135.46590751174813,135.79846601683215,135.17806522157963,136.34944422990702,135.81116826652928,135.29923827937586,136.39733175209568
2024-09-23,24.0,130.0932680484121,129.3376923042161,131.12222203409436,141.2281020521108,140.33045315019032,142.0458954487409,135.2276640917429,135.09548694032532,135.2677950949886,134.99800029939215,134.38636103578293,135.46590751174813,135.77093121369876,135.15384136866192,136.31785863891957,135.7837902115491,135.27353425312558,136.36381847587188
2024-09-24,24.0,130.0932680484121,129.3376923042161,131.12222203409436,141.36817999051462,140.44447527890847,142.20929336638767,135.2306338795641,135.1093788802736,135.26624008030637,134.99800029939215,134.38636103578293,135.46590751174813,135.9139789399238,135.28137730340907,136.47387217869394,135.92758974782194,135.39919722158305,136.52369678391852
2024-09-25,24.0,130.0932680484121,129.3376923042161,131.12222203409436,141.33667925901852,140.4218363065172,142.17096324538338,135.2332366206578,135.12207608647356,135.26475232831717,134.99800029939215,134.38636103578293,135.46590751174813,135.88508094952138,135.25554480668114,136.444823889671,135.89877276427913,135.37538958715152,136.50016599450336
2024-09-26,24.0,130.0932680484121,129.3376923042161,131.12222203409436,141.30534320163437,140.39930004261285,142.13284942942005,135.23552644534482,135.13368232996078,135.26356934635135,134.99800029939215,134.38636103578293,135.46590751174813,135.8560347168242,135.23031625646922,136.42411386392467,135.86978123362857,135.35053865087593,136.45967366046165
2024-09-27,24.0,130.0932680484121,129.3376923042161,131.12222203409436,141.27416939062667,140.37685089254524,142.0949276847559,135.23754830135397,135.1438595528934,135.26259044373748,134.99800029939215,134.38636103578293,135.46590751174813,135.8268827618257,135.20502653005894,136.39514672611196,135.84066426062557,135.32438722881042,136.4265850605939
2024-09-28,24.0,130.0932680484121,129.3376923042161,131.12222203409436,141.24315773496932,140.35451875480183,142.0572222451327,135.23933980771457,135.15194576079924,135.26187722228394,134.99800029939215,134.38636103578293,135.46590751174813,135.79766261252894,135.1793054584396,136.364390259634,135.81146251315042,135.29840433613134,136.40208794754122
2024-09-29,24.0,130.0932680484121,129.3376923042161,131.12222203409436,141.21230756093962,140.33225942705786,142.0197528076869,135.24093251245546,135.15945709812303,135.26135366001384,134.99800029939215,134.38636103578293,135.46590751174813,135.76840514324013,135.15473999367612,136.33520302904262,135.78220971642347,135.2725389148915,136.3657742131523
2024-09-30,24.0,130.0932680484121,129.3376923042161,131.12222203409436,141.18161828434685,140.31010216239434,141.98267713346988,135.24235304285196,135.1664346385443,135.26092880980403,134.99800029939215,134.38636103578293,135.46590751174813,135.73913639704386,135.1281252144637,136.3093666245866,135.75293387864474,135.24664502173937,136.32874427380665
2024-10-01,24.0,130.0932680484121,129.3376923042161,131.12222203409436,141.1510884706556,140.2846812189157,141.94576303007216,135.2436239218729,135.17291648374842,135.26060281663757,134.99800029939215,134.38636103578293,135.46590751174813,135.70987746237356,135.10328189607216,136.28311212343883,135.7236585370351,135.2183007038423,136.29677049258098
2024-10-02,24.0,130.0932680484121,129.3376923042161,131.12222203409436,141.12071811462573,140.25909643632482,141.90909085147968,135.1045694639916,134.64090040006982,135.42333746318022,134.99800029939215,134.38636103578293,135.46590751174813,135.54045264846238,134.99661063009077,136.04426262239346,135.53308818458606,135.0429007411381,136.07861349492606
2024-10-03,24.0,130.0932680484121,129.3376923042161,131.12222203409436,141.09050440626595,140.23363143545197,141.87100351607472,135.1291360377423,134.74041013499138,135.37773542586362,134.99800029939215,134.38636103578293,135.46590751174813,135.5348055138533,134.99266500464225,136.02768819754155,135.53289636143714,135.06113633557243,136.05493898059729
2024-10-04,24.0,130.0932680484121,129.3376923042161,131.12222203409436,141.0604485838723,140.2083037230597,141.83276058065624,135.1490430399201,134.83996598297531,135.35252595559214,134.99800029939215,134.38636103578293,135.46590751174813,135.52465669363744,134.97984516747852,136.00433709804457,135.5265566818357,135.06746574157185,136.0560541448981
2024-10-05,24.0,130.0932680484121,129.3376923042161,131.12222203409436,141.03055017889974,140.18311329914803,141.79594075549113,135.1652592492302,134.903194577167,135.3265478557968,134.99800029939215,134.38636103578293,135.46590751174813,135.51097449797498,134.9707864744933,135.99640450183412,135.51559422981563,135.05847662274235,136.04402439036866
2024-10-06,24.0,130.0932680484121,129.3376923042161,131.12222203409436,141.00080578408682,140.1579470896925,141.75969550318496,135.17855813987927,134.94492240581013,135.3086012026454,134.99800029939215,134.38636103578293,135.46590751174813,135.49452899381114,134.94674658114968,135.9924456423657,135.5011223252264,135.04771641063041,136.03687651281095
2024-10-07,24.0,130.0932680484121,129.3376923042161,131.12222203409436,140.97121690058123,140.13418248599265,141.72365496496934,135.18954222877434,134.97698546467578,135.30022585371455,134.99800029939215,134.38636103578293,135.46590751174813,135.47592419920062,134.9316304792489,135.98151011827824,135.48396272785752,135.0387263446959,136.0215991559407
2024-10-08,24.0,130.0932680484121,129.3376923042161,131.12222203409436,141.13450268576628,140.2726266817418,141.91434646242925,135.1986777294339,135.0061705155829,135.2932595040907,134.99800029939215,134.38636103578293,135.46590751174813,135.64834548504524,135.07902253117575,136.1521230647408,135.65812073212214,135.19736387604732,136.2025396967815
2024-10-09,24.0,130.0932680484121,129.3376923042161,131.12222203409436,141.10422270211876,140.24705101088873,141.8774474047666,135.2063261626617,135.03000323018443,135.2892253013787,134.99800029939215,134.38636103578293,135.46590751174813,135.62571393462554,135.05768285094933,136.13805218529708,135.63627622348375,135.1745995365466,136.18751335730485
2024-10-10,24.0,130.0932680484121,129.3376923042161,131.12222203409436,141.24682947736608,140.36929897726841,142.0440696786963,135.21276934087075,135.0538557190093,135.2835567811045,134.99800029939215,134.38636103578293,135.46590751174813,135.77476388808188,135.19736715802622,136.28409643960973,135.78654454765805,135.3038460835145,136.35105627042387
2024-10-11,24.0,130.0932680484121,129.3376923042161,131.12222203409436,141.21596984543297,140.34328034606432,142.0064499636644,135.21822873371806,135.07800916988415,135.27763968270256,134.99800029939215,134.38636103578293,135.46590751174813,135.74936364899608,135.1718477722669,136.25508304886029,135.7615734072342,135.2817516991367,136.3183418116011
2024-10-12,24.0,130.0932680484121,129.3376923042161,131.12222203409436,141.18527148232627,140.317263071911,141.96901608989975,135.22287962369847,135.09402301423086,135.27437665525355,134.99800029939215,134.38636103578293,135.46590751174813,135.72331617586977,135.14877659313748,136.2337867497364,135.73584110425685,135.2625767071912,136.29493870853295
2024-10-13,24.0,130.0932680484121,129.3376923042161,131.12222203409436,141.15473242739836,140.29117656361748,141.93180580304895,135.049349699339,134.4093226359445,135.47034669454467,134.99800029939215,134.38636103578293,135.46590751174813,135.5192471965824,134.94366160608013,136.07564352019864,135.5053280430181,134.97037605744995,136.08179320988586
2024-10-14,24.0,130.0932680484121,129.3376923042161,131.12222203409436,141.12435130031,140.2678319471499,141.89481494505966,135.08257633348134,134.55798234716045,135.41773059600368,134.99800029939215,134.38636103578293,135.46590751174813,135.5220927036364,134.98205086277505,136.02979165798263,135.51526279414955,135.03785273365176,136.03643828663138
2024-10-15,24.0,130.0932680484121,129.3376923042161,131.12222203409436,141.22409901676676,140.35178614947603,142.0086024356397,134.89816630415464,133.907640013079,135.61778983175503,134.99800029939215,134.38636103578293,135.46590751174813,135.43743039076648,134.6046589005539,136.16509162307494,135.40392051158418,134.67938785974232,136.13226803073618
2024-10-16,24.0,130.0932680484121,129.3376923042161,131.12222203409436,141.19336008344357,140.32403730721762,141.97249693586542,134.9560002534831,134.06484427418619,135.54068327494505,134.99800029939215,134.38636103578293,135.46590751174813,135.4645254067717,134.7555145180825,136.11643207994302,135.44297223907003,134.81903738740388,136.08787065138665
2024-10-17,24.0,130.0932680484121,129.3376923042161,131.12222203409436,141.16278213057254,140.2982454994942,141.93529919894482,135.0029297891807,134.25370889652876,135.4692909455019,134.99800029939215,134.38636103578293,135.46590751174813,135.4808769895983,134.8750462917001,136.0745099978843,135.46779871414068,134.91818905048353,136.0518223829276
2024-10-18,24.0,130.0932680484121,129.3376923042161,131.12222203409436,141.13236155904394,140.27229711721108,141.89680237301226,135.04122894730065,134.38713983128739,135.40551398967108,134.99800029939215,134.38636103578293,135.46590751174813,135.48875557618965,134.92307658890545,136.06398733119633,135.48181225546728,134.984603793834,136.02322859134895
2024-10-19,24.0,130.0932680484121,129.3376923042161,131.12222203409436,141.32581658202753,140.43825850014952,142.12332612856295,135.07269297363956,134.48494316474165,135.376086354053,134.99800029939215,134.38636103578293,135.46590751174813,135.71367462551217,135.1536069882061,136.24624851626794,135.71198123748448,135.2231496464471,136.22863492855853
2024-10-20,24.0,130.0932680484121,129.3376923042161,131.12222203409436,141.29455423957742,140.4096797206519,142.0856437641993,135.09871644060456,134.5720178460363,135.3593229502474,134.99800029939215,134.38636103578293,135.46590751174813,135.70843575002704,135.16672936606824,136.22409229399,135.7100857498994,135.24099722785897,136.20668449100728
2024-10-21,24.0,130.0932680484121,129.3376923042161,131.12222203409436,141.2634544937377,140.3833433572569,142.04701211133835,135.12038042049872,134.654476652483,135.34207869178496,134.99800029939215,134.38636103578293,135.46590751174813,135.6989999840815,135.176132295198,136.20598089062574,135.70315464506265,135.2386011586458,136.1952950347702
2024-10-22,24.0,130.0932680484121,129.3376923042161,131.12222203409436,141.23251786480068,140.3568976124326,142.00787761402117,135.13852582819823,134.72079293152942,135.32921923870657,134.99800029939215,134.38636103578293,135.46590751174813,135.68620876284396,135.168209149133,136.17886737772938,135.69225255521988,135.2386924008068,136.17398966560222
2024-10-23,24.0,130.0932680484121,129.3376923042161,131.12222203409436,141.20174059500687,140.33056491130324,141.96895999210125,135.1538111001595,134.77859176088273,135.3157490366753,134.99800029939215,134.38636103578293,135.46590751174813,135.6707167650114,135.14497346658183,136.1495286465982,135.67819742821197,135.23644300013726,136.15845361771383
2024-10-24,24.0,130.0932680484121,129.3376923042161,131.12222203409436,141.37303627779346,140.47556775228006,142.171584651573,135.16675563634647,134.82192228860282,135.30462406450576,134.99800029939215,134.38636103578293,135.46590751174813,135.85495698398498,135.31887459413448,136.36226050509842,135.86423796500856,135.41065360426978,136.36190159063642
2024-10-25,24.0,130.0932680484121,129.3376923042161,131.12222203409436,141.34153377156144,140.4486170925284,142.13159649712145,135.17777222965935,134.86476194265637,135.29673007052406,134.99800029939215,134.38636103578293,135.46590751174813,135.83447107106585,135.29488890770494,136.33712736620114,135.84459403613934,135.39342239741597,136.349054837055
2024-10-26,24.0,130.0932680484121,129.3376923042161,131.12222203409436,141.5149986961892,140.59721676733233,142.33586025565953,135.18719152863682,134.91070664407454,135.2902238289051,134.99800029939215,134.38636103578293,135.46590751174813,136.01735529467106,135.46065875068743,136.5194195068126,136.02884443681947,135.55779720056645,136.54390703699391
2024-10-27,24.0,130.0932680484121,129.3376923042161,131.12222203409436,141.4827623156098,140.56779980335511,142.29569540204878,135.19528015019733,134.94301111118347,135.2842143783245,134.99800029939215,134.38636103578293,135.46590751174813,135.9932075356522,135.43454404511112,136.4913793103174,136.0051998779151,135.5364030869677,136.518799767093
2024-10-28,24.0,130.0932680484121,129.3376923042161,131.12222203409436,141.4506943823846,140.54042297790818,142.25492378629139,135.20225451565727,134.97056615581047,135.2790936685678,134.99800029939215,134.38636103578293,135.46590751174813,135.96811396788692,135.40837942405633,136.46470162648995,135.9804977296355,135.51585920405438,136.49616264384338
2024-10-29,24.0,130.0932680484121,129.3376923042161,131.12222203409436,141.41879230261213,140.51314692991716,142.21437173872638,135.20829148340667,134.98956326245886,135.2760350631225,134.99800029939215,134.38636103578293,135.46590751174813,135.94224885586385,135.38027752238787,136.44273596467087,135.95493944349218,135.49418336473752,136.47356195302737
2024-10-30,24.0,130.0932680484121,129.3376923042161,131.12222203409436,141.38705705320243,140.48855964166148,142.17406187497224,135.21353626115527,135.00597813525863,135.2727431004253,134.99800029939215,134.38636103578293,135.46590751174813,135.91575838420272,135.3521328329696,136.42278664681706,135.92868854709803,135.47055562495254,136.4527589643054
2024-10-31,24.0,130.0932680484121,129.3376923042161,131.12222203409436,141.61243172614314,140.67809321318904,142.44186854992458,135.21810884882058,135.0261503729682,135.27011104527995,134.99800029939215,134.38636103578293,135.46590751174813,136.14570564480877,135.56709358518228,136.6513143058609,136.15965247498826,135.6759495875784,136.70877969937376
2024-11-01,24.0,130.0932680484121,129.3376923042161,131.12222203409436,141.5796958242392,140.65012530098943,142.40024127701594,135.2221087999514,135.04474498304202,135.26788587921328,134.99800029939215,134.38636103578293,135.46590751174813,136.11696969403567,135.53934388851567,136.63249921080097,136.13105975207588,135.65139378166776,136.68082420126663
2024-11-02,24.0,130.0932680484121,129.3376923042161,131.12222203409436,141.71270924421376,140.76353056676479,142.55632483703673,135.22561918990849,135.06316696492055,135.26605260705202,134.99800029939215,134.38636103578293,135.46590751174813,136.2534935039673,135.66594496347318,136.77851339767133,136.2683372510636,135.767299663248,136.83344256918465
2024-11-03,24.0,130.0932680484121,129.3376923042161,131.12222203409436,141.67945517369304,140.73339720836492,142.5140291987396,135.2287095270103,135.07984273753215,135.26482428351284,134.99800029939215,134.38636103578293,135.46590751174813,136.2233297705484,135.6400057261848,136.75192754914846,136.23825517774537,135.74552876085818,136.80527601183692
2024-11-04,24.0,130.0932680484121,129.3376923042161,131.12222203409436,141.6463741291039,140.70534555750112,142.47198540506454,135.23143826003854,135.09505795945586,135.263820855634,134.99800029939215,134.38636103578293,135.46590751174813,136.19297745898746,135.6105366236247,136.72039656143332,136.207962796386,135.72028723709371,136.76602390143645
2024-11-05,24.0,130.0932680484121,129.3376923042161,131.12222203409436,141.87340214485332,140.90348096228155,142.74159056279711,135.23385475575847,135.10896519518286,135.26304558840886,134.99800029939215,134.38636103578293,135.46590751174813,136.42242197045684,135.82160587693588,136.95929626642248,136.4382969105469,135.9097360992512,137.01518102871373
2024-11-06,24.0,130.0932680484121,129.3376923042161,131.12222203409436,141.83931918935616,140.8706555322079,142.69821969915637,135.23600083296117,135.12167828594457,135.2624220934558,134.99800029939215,134.38636103578293,135.46590751174813,136.3904850921624,135.79281433460554,136.92862992320437,136.40638314909407,135.8860251524888,136.98144888136125
2024-11-07,24.0,130.0932680484121,129.3376923042161,131.12222203409436,141.80541232050285,140.84078420040905,142.6551232957561,135.23791195071115,135.13330091792594,135.26188822586218,134.99800029939215,134.38636103578293,135.46590751174813,136.35848934105906,135.76410986240478,136.89901808463358,136.3743988696587,135.86253556559817,136.9447160702882
2024-11-08,24.0,130.0932680484121,129.3376923042161,131.12222203409436,141.77168323642576,140.81219194082598,142.6122561213595,135.23961844579367,135.1425415455124,135.26143108270324,134.99800029939215,134.38636103578293,135.46590751174813,136.32646675206448,135.73493871962376,136.86749485544595,136.342375255224,135.8403647360197,136.9121163701747
2024-11-09,24.0,130.0932680484121,129.3376923042161,131.12222203409436,142.004824391864,141.01486807098638,142.88914259986745,135.2411461663192,135.15072528142198,135.26103961985007,134.99800029939215,134.38636103578293,135.46590751174813,136.56113562802827,135.95739171584387,137.1162357365731,136.5779006475478,136.04099863182188,137.16402196853917
2024-11-10,24.0,130.0932680484121,129.3376923042161,131.12222203409436,141.97006330509618,140.9813969384046,142.8449257398867,135.24251734234642,135.15832696914728,135.26070438144257,134.99800029939215,134.38636103578293,135.46590751174813,136.52774571728764,135.92599055579248,137.078335630379,136.54448973332742,136.0108994271991,137.12578104828364
2024-11-11,24.0,130.0932680484121,129.3376923042161,131.12222203409436,141.93548449719654,140.95167242620712,142.80096401852398,134.99952656436034,134.25899226670504,135.54576199641323,134.99800029939215,134.38636103578293,135.46590751174813,136.25017613140193,135.54659825072443,136.9093908526981,136.2300572427335,135.56970078964744,136.87921131511007
2024-11-12,24.0,130.0932680484121,129.3376923042161,131.12222203409436,141.90108430071535,140.92252539760364,142.7572508477874,135.04167281857616,134.37705257793183,135.46581938902534,134.99800029939215,134.38636103578293,135.46590751174813,136.25792218913656,135.6084733130312,136.83076246222723,136.24733673811647,135.6716614140978,136.8425961662799
2024-11-13,24.0,130.0932680484121,129.3376923042161,131.12222203409436,141.86686410946464,140.89667244021874,142.71380247648008,135.07576225228095,134.53289265329414,135.42189021668307,134.99800029939215,134.38636103578293,135.46590751174813,136.25779143159062,135.71445131703462,136.79341920700978,136.25387228272427,135.73102243042442,136.807350033546
2024-11-14,24.0,130.0932680484121,129.3376923042161,131.12222203409436,141.832821551866,140.87184602632803,142.67059628898363,135.1034757023224,134.65857052527383,135.3770171896664,134.99800029939215,134.38636103578293,135.46590751174813,136.25146232403347,135.70558935019557,136.74076968234573,136.2523151144563,135.75774551677833,136.77048497343026
2024-11-15,24.0,130.0932680484121,129.3376923042161,131.12222203409436,141.7989554713013,140.8471207925553,142.62762899130206,135.12615474389034,134.72730967225988,135.34441695558186,134.99800029939215,134.38636103578293,135.46590751174813,136.2402752850367,135.71058473006448,136.71313101704072,136.24459958792065,135.77175873042097,136.74090930356974
2024-11-16,24.0,130.0932680484121,129.3376923042161,131.12222203409436,141.9084740812093,140.9344237230248,142.7552521184372,135.14484382731956,134.78711866937746,135.33048143745737,134.99800029939215,134.38636103578293,135.46590751174813,136.36848297837392,135.8328765644514,136.8723513684393,136.37596535479918,135.8982374839768,136.87743172553522
2024-11-17,24.0,130.0932680484121,129.3376923042161,131.12222203409436,141.87421702836633,140.90942909321936,142.7118037471299,135.16035058675286,134.83930272222975,135.3181558655192,134.99800029939215,134.38636103578293,135.46590751174813,136.34973268496427,135.81000255445423,136.8462078765103,136.35910768063087,135.89647089117145,136.85544527034088
2024-11-18,24.0,130.0932680484121,129.3376923042161,131.12222203409436,141.84013907083852,140.8845356435319,142.66860722044467,135.1475105175698,134.80632833478876,135.33012466334958,134.99800029939215,134.38636103578293,135.46590751174813,136.3028146582534,135.76982967512336,136.7802526591199,136.3099401820095,135.84699882639225,136.80385231252436
2024-11-19,24.0,130.0932680484121,129.3376923042161,131.12222203409436,142.0382507742434,141.04291427988778,142.90321649757126,135.16268125254405,134.8511625143607,135.3155791294806,134.99800029939215,134.38636103578293,135.46590751174813,136.5160970966325,135.9659311016403,137.03282536373973,136.52599881873923,136.04110841304495,137.03584520087654
2024-11-20,24.0,130.0932680484121,129.3376923042161,131.12222203409436,142.00332576856073,141.01743548893094,142.85891246911274,135.17534165748717,134.89782917157157,135.30761814010344,134.99800029939215,134.38636103578293,135.46590751174813,136.49383249589295,135.94115790785875,137.00019943035974,136.50518032791302,136.02996375234378,137.020024191904
2024-11-21,24.0,130.0932680484121,129.3376923042161,131.12222203409436,141.96858188547665,140.99207090939768,142.81486994608753,135.1859674556738,134.92539378508405,135.3017097657208,134.99800029939215,134.38636103578293,135.46590751174813,136.46971441099546,135.92399108676508,136.96865147254098,136.4821333307982,136.00804566845272,136.99919037042037
2024-11-22,24.0,130.0932680484121,129.3376923042161,131.12222203409436,141.9340179094101,140.96680068111817,142.77108256168034,135.1949365986119,134.96414903793294,135.29157934546447,134.99800029939215,134.38636103578293,135.46590751174813,136.44411957786704,135.90182216160395,136.93601183180667,136.45733808429725,135.98201023564167,136.97325580083634
2024-11-23,24.0,130.0932680484121,129.3376923042161,131.12222203409436,141.89963558630546,140.94167135329639,142.72918167351892,135.20254888971314,134.99873480686364,135.2847355410727,134.99800029939215,134.38636103578293,135.46590751174813,136.41734954586366,135.86911952482663,136.9086832710034,136.431165395922,135.96465056125203,136.9452538461915
2024-11-24,24.0,130.0932680484121,129.3376923042161,131.12222203409436,141.8654310473578,140.9166432055926,142.6894505800542,135.20904300444641,135.02537243813254,135.28026343220958,134.99800029939215,134.38636103578293,135.46590751174813,136.38963912164925,135.8361994664794,136.88158825412714,136.40390406121838,135.93650315339977,136.92383240481095
2024-11-25,24.0,130.0932680484121,129.3376923042161,131.12222203409436,141.8314039491335,140.89170940914252,142.64883942522513,135.21461011206517,135.04123571052799,135.27657694448718,134.99800029939215,134.38636103578293,135.46590751174813,136.3611791310437,135.8054070362843,136.85941260988685,136.3757813439098,135.91152965344006,136.89281789578405
2024-11-26,24.0,130.0932680484121,129.3376923042161,131.12222203409436,141.7975547513666,140.8668966529803,142.6074257322273,135.21940427710277,135.0535492872351,135.2730787247783,134.99800029939215,134.38636103578293,135.46590751174813,136.33212409831444,135.77738821294997,136.83502711886294,136.3469774558193,135.88089937869398,136.87231210446637
2024-11-27,24.0,130.0932680484121,129.3376923042161,131.12222203409436,141.7638804355297,140.84219810824172,142.56628701205432,135.22355051737955,135.06667701290627,135.27034296896738,134.99800029939215,134.38636103578293,135.46590751174813,136.30259602275433,135.7445112143885,136.79931035373855,136.3176364821752,135.85656984100953,136.84272813879556
2024-11-28,24.0,130.0932680484121,129.3376923042161,131.12222203409436,141.73038141872092,140.8176137749267,142.5262444470656,135.2271509305515,135.085746092404,135.26851091619903,134.99800029939215,134.38636103578293,135.46590751174813,136.27269741911746,135.71263895858615,136.76113476509428,136.28787450058232,135.83167840044013,136.81207491230762
2024-11-29,24.0,130.0932680484121,129.3376923042161,131.12222203409436,141.69705712264238,140.7919310203667,142.48686535101544,135.23028941720483,135.10116810301537,135.26669917538226,134.99800029939215,134.38636103578293,135.46590751174813,136.24251160969226,135.6814763871599,136.729477176252,136.25778553838174,135.80489606817426,136.7846381097401
2024-11-30,24.0,130.0932680484121,129.3376923042161,131.12222203409436,141.6639060598026,140.76542574876677,142.44769410798995,135.23303522814396,135.11468462172644,135.26525462422413,134.99800029939215,134.38636103578293,135.46590751174813,136.21210635779158,135.651718928366,136.70001016554951,136.22744640302452,135.77966194150733,136.75236602500206
2024-12-01,24.0,130.0932680484121,129.3376923042161,131.12222203409436,141.63092715688504,140.7390032212498,142.40871954616938,135.23544591626248,135.12694217270266,135.26393640645378,134.99800029939215,134.38636103578293,135.46590751174813,136.18153814299254,135.62271917191265,136.67869402405466,136.19692001062734,135.74896412503898,136.72621085599556
2024-12-02,24.0,130.0932680484121,129.3376923042161,131.12222203409436,141.5981188018681,140.7125340055726,142.36997486590226,135.2375694723466,135.13814584022455,135.2628838949871,134.99800029939215,134.38636103578293,135.46590751174813,136.15085334405978,135.59710467897574,136.65407667914178,136.16625823497506,135.72079307412733,136.69307047644514
2024-12-03,24.0,130.0932680484121,129.3376923042161,131.12222203409436,141.56548193185787,140.68619093139523,142.33143803865983,135.23944613969437,135.148386696243,135.26218362106533,134.99800029939215,134.38636103578293,135.46590751174813,136.12009314139732,135.57251790084942,136.62451723080204,136.13550410803958,135.68870017889196,136.6657029438937
2024-12-04,24.0,130.0932680484121,129.3376923042161,131.12222203409436,141.5330138873131,140.659975748732,142.2931090644421,135.2411097834919,135.15774870521065,135.26161321613787,134.99800029939215,134.38636103578293,135.46590751174813,136.08928874065006,135.54770669017245,136.5893302083679,136.10469349959118,135.6589827889387,136.63443527438886
2024-12-05,24.0,130.0932680484121,129.3376923042161,131.12222203409436,141.50071491461605,140.63388670756862,142.25564080072905,135.24258902489538,135.16526535190764,135.26118150542067,134.99800029939215,134.38636103578293,135.46590751174813,136.05846900935651,135.52289363687348,136.55791138217523,136.0738562292795,135.63320445711545,136.60059106446548
2024-12-06,24.0,130.0932680484121,129.3376923042161,131.12222203409436,141.46858417781274,140.60791762940883,142.21914316758313,135.24390813847515,135.17184526193532,135.26082551726324,134.99800029939215,134.38636103578293,135.46590751174813,136.02765738613294,135.49666257231368,136.53058336486,136.04301743647926,135.6017134920498,136.56979521917197
2024-12-07,24.0,130.0932680484121,129.3376923042161,131.12222203409436,141.436619773067,140.5820967282662,142.18289839844985,135.24508777242085,135.17795723188627,135.26052070798406,134.99800029939215,134.38636103578293,135.46590751174813,135.9968726153329,135.46966589179988,136.49890838123528,136.01219821386883,135.56743506558848,136.53783146205043
2024-12-08,24.0,130.0932680484121,129.3376923042161,131.12222203409436,141.4048215804193,140.5563816831204,142.14686660451054,135.24614556092155,135.1836348271433,135.26025970468103,134.99800029939215,134.38636103578293,135.46590751174813,135.9661322111859,135.4427910251261,136.46992455921927,135.98141644615063,135.53744930617168,136.50275643040416
2024-12-09,24.0,130.0932680484121,129.3376923042161,131.12222203409436,141.3731889731453,140.53080070798498,142.11100792461784,135.2470966180799,135.1889090014487,135.26003620099357,134.99800029939215,134.38636103578293,135.46590751174813,135.93545066107023,135.41598752943898,136.43946807549744,135.95068725348975,135.5080625872173,136.47263966631624
2024-12-10,24.0,130.0932680484121,129.3376923042161,131.12222203409436,141.53919207995605,140.6687676817038,142.29699751018606,135.2479539117847,135.1938079596715,135.25984480072725,134.99800029939215,134.38636103578293,135.46590751174813,136.1023110615858,135.56500405401442,136.61178560729402,136.11819726076163,135.6678734088471,136.6528371099486
2024-12-11,24.0,130.0932680484121,129.3376923042161,131.12222203409436,141.50686516024842,140.6426477480593,142.2603139287099,135.24872863683146,135.19889347960495,135.2596808858042,134.99800029939215,134.38636103578293,135.46590751174813,136.07075886692493,135.5385975663553,136.57819551701107,136.08658466383872,135.63809587426906,136.62400861606994
2024-12-12,24.0,130.0932680484121,129.3376923042161,131.12222203409436,141.4747056598441,140.6166477774184,142.22386054966432,135.2494304432268,135.20367539997707,135.2595405023751,134.99800029939215,134.38636103578293,135.46590751174813,136.03930117291594,135.51133666626902,136.5473990185992,136.05506296251934,135.6113320001811,136.58857320059747
2024-12-13,24.0,130.0932680484121,129.3376923042161,131.12222203409436,141.4427141556853,140.59076776978114,142.1876201458127,135.25006770238792,135.2080740317627,135.25939493928806,134.99800029939215,134.38636103578293,135.46590751174813,136.0079469279183,135.48415829893617,136.51375324780784,136.02364003837633,135.57861574393277,136.55831132896088
2024-12-14,24.0,130.0932680484121,129.3376923042161,131.12222203409436,141.41088883471863,140.56502183215423,142.15155285600773,135.25064767817483,135.21212085091676,135.25927332236924,134.99800029939215,134.38636103578293,135.46590751174813,135.9767015827385,135.4556417557055,136.48021542271115,135.99232267281982,135.5475032060807,136.52946880133644
2024-12-15,24.0,130.0932680484121,129.3376923042161,131.12222203409436,141.37922797418815,140.5394099645377,142.11567861082304,135.25117669157726,135.21584345789176,135.25917336461333,134.99800029939215,134.38636103578293,135.46590751174813,135.94556973561046,135.4249091948133,136.45255948496393,135.9611166039927,135.5145322062373,136.4996121109017
2024-12-16,24.0,130.0932680484121,129.3376923042161,131.12222203409436,141.34773206314148,140.51389777442176,142.079977479685,135.2516602682457,135.21926803317973,135.25909131865538,134.99800029939215,134.38636103578293,135.46590751174813,135.91455740123223,135.39653728625936,136.4225085378137,135.93002682276642,135.4853214690723,136.4751492871983
2024-12-17,24.0,130.0932680484121,129.3376923042161,131.12222203409436,141.42270677836208,140.57546025042788,142.1620007884393,135.2521032246554,135.22241856950978,135.25902450047255,134.99800029939215,134.38636103578293,135.46590751174813,135.98997507286253,135.4679120593999,136.4961268422969,136.0058717653258,135.5615361914046,136.55200333306524
2024-12-18,24.0,130.0932680484121,129.3376923042161,131.12222203409436,141.39098617628193,140.5497892763167,142.1260633341693,135.25250980614007,135.22531700954067,135.25896931886717,134.99800029939215,134.38636103578293,135.46590751174813,135.95866105226705,135.43669899481048,136.46416808684629,135.97447382754123,135.530890237577,136.52328462040967
2024-12-19,24.0,130.0932680484121,129.3376923042161,131.12222203409436,141.35943008664972,140.52423826520914,142.09031892451958,135.25288372709545,135.2279834993305,135.25893230367845,134.99800029939215,134.38636103578293,135.46590751174813,135.9274788835902,135.40828443691615,136.4322684129228,135.94320584912808,135.50167795186076,136.4934193576376
2024-12-20,24.0,130.0932680484121,129.3376923042161,131.12222203409436,141.32803924213306,140.49882132411193,142.05475977684418,135.25322825228932,135.23043667816398,135.25890166705284,134.99800029939215,134.38636103578293,135.46590751174813,135.89643256426743,135.38333689618702,136.400449916063,135.912070498088,135.4726881321243,136.46448951660966
2024-12-21,24.0,130.0932680484121,129.3376923042161,131.12222203409436,141.2968106655616,140.47351023901157,142.01939367378907,135.25354628437282,135.23269361331015,135.2588752022895,134.99800029939215,134.38636103578293,135.46590751174813,135.8655220197795,135.359450508631,136.36868763613788,135.88106996230277,135.4379289219765,136.4323541053465
2024-12-22,24.0,130.0932680484121,129.3376923042161,131.12222203409436,141.26574452515905,140.44834733092836,141.9842006847806,135.2538403683277,135.23477002463395,135.25885261632746,134.99800029939215,134.38636103578293,135.46590751174813,135.8347499633318,135.33062303658377,136.33887126140834,135.8502060881432,135.4100700009277,136.40229375276866
2024-12-23,24.0,130.0932680484121,129.3376923042161,131.12222203409436,141.2348391338006,140.423290278842,141.94919295774645,135.25411277318642,135.23668040771378,135.25883302520924,134.99800029939215,134.38636103578293,135.46590751174813,135.80411697683206,135.3008813221634,136.3099949459775,135.81948053679693,135.38416002842123,136.37488819775328
2024-12-24,24.0,130.0932680484121,129.3376923042161,131.12222203409436,141.4578909356177,140.60915345063498,142.20036740048914,135.25436550839132,135.23843805559784,135.2588160231876,134.99800029939215,134.38636103578293,135.46590751174813,136.02742151385408,135.50320048054405,136.5305074608368,136.04350691140965,135.59728387500343,136.5995560238659
2024-12-25,24.0,130.0932680484121,129.3376923042161,131.12222203409436,141.42599257302288,140.58332369252855,142.16422133630684,135.25460036497856,135.24005514572312,135.2588012607885,134.99800029939215,134.38636103578293,135.46590751174813,135.9957580078465,135.4746079483884,136.49809618676906,136.01174473791593,135.56644364712477,136.56660589489857
2024-12-26,24.0,130.0932680484121,129.3376923042161,131.12222203409436,141.39425974406308,140.55762182593625,142.1282882473185,135.25481893493637,135.24154300796,135.2587884373381,134.99800029939215,134.38636103578293,135.46590751174813,135.9642437488445,135.44626886198088,136.4658256679841,135.98013096125968,135.53719669874775,136.5348904590323
2024-12-27,24.0,130.0932680484121,129.3376923042161,131.12222203409436,141.36269216419745,140.53203992234756,142.0925204897308,135.2550226428107,135.24291193625226,135.25877729153262,134.99800029939215,134.38636103578293,135.46590751174813,135.9328798768532,135.42350852597286,136.435490449323,135.9486661782691,135.50129313687322,136.50351902276685
2024-12-28,24.0,130.0932680484121,129.3376923042161,131.12222203409436,141.60860450524947,140.73707856591366,142.36972447563528,135.25521276968044,135.24417147115705,135.25876760018784,134.99800029939215,134.38636103578293,135.46590751174813,136.178982344775,135.64837369111254,136.68519155563683,136.19553941911042,135.74558703892558,136.75313636012103
2024-12-29,24.0,130.0932680484121,129.3376923042161,131.12222203409436,141.57592857630397,140.71061017179753,142.33269632801046,135.25539045297285,135.24532776307316,135.25875916849634,134.99800029939215,134.38636103578293,135.46590751174813,136.1464840991219,135.6165164850092,136.6488995834081,136.16293547083689,135.71169118758303,136.72179582574898
2024-12-30,24.0,130.0932680484121,129.3376923042161,131.12222203409436,141.54342245634837,140.68429613319475,142.29588115557956,135.25555672206372,135.24634781813148,135.2587511734817,134.99800029939215,134.38636103578293,135.46590751174813,136.11414424825713,135.58573185834433,136.61266352612674,136.13048925437198,135.68712266142992,136.68801037781526
2024-12-31,24.0,130.0932680484121,129.3376923042161,131.12222203409436,141.51108471605133,140.65810205759556,142.259266810415,135.25571250329625,135.24729004155026,135.2587437727438,134.99800029939215,134.38636103578293,135.46590751174813,136.08196228919263,135.5575809381241,136.57994180124504,136.09820082370757,135.65603342097847,136.65832700068424
2025-01-01,24.0,130.0932680484121,129.3376923042161,131.12222203409436,141.47891517018465,140.632027945,142.22281779665107,135.2558586288563,135.24816039432892,135.2587374657964,134.99800029939215,134.38636103578293,135.46590751174813,136.04993886888596,135.52860897782426,136.5485337881555,136.06607016655207,135.62109568499284,136.6234835604091
2025-01-02,24.0,130.0932680484121,129.3376923042161,131.12222203409436,141.44691310222066,140.60609408091105,142.18656182750743,135.25599585285013,135.24896436498722,135.25873209101798,134.99800029939215,134.38636103578293,135.46590751174813,136.01807402491588,135.50028719821597,136.51736487170018,136.03409733118704,135.586622652648,136.59249366228613
2025-01-03,24.0,130.0932680484121,129.3376923042161,131.12222203409436,141.41507655871862,140.58027400132946,142.15051883355778,135.25612485768417,135.2497070171587,135.25872751048968,134.99800029939215,134.38636103578293,135.46590751174813,135.98636648624785,135.47720954729857,136.48924183089147,136.00228211248478,135.55511931299864,136.56021660006192
2025-01-04,24.0,130.0932680484121,129.3376923042161,131.12222203409436,141.6125981890674,140.74467179730263,142.3724187926814,135.25624625854599,135.25039300449419,135.25872360698008,134.99800029939215,134.38636103578293,135.46590751174813,136.18400951745843,135.65576797403824,136.68232000843312,136.2005892862409,135.74956418865136,136.7597804745977
2025-01-05,24.0,130.0932680484121,129.3376923042161,131.12222203409436,141.57990554897364,140.71819279620837,142.33539501033823,135.25636062361633,135.25102666296564,135.25872028028817,134.99800029939215,134.38636103578293,135.46590751174813,136.15143124243502,135.62585414478679,136.64822219860753,136.16789939214203,135.72200619812156,136.72402172991843
2025-01-06,24.0,130.0932680484121,129.3376923042161,131.12222203409436,141.54738311340466,140.69183375811772,142.29857205526136,135.2564684562936,135.25161200548135,135.2587174452795,134.99800029939215,134.38636103578293,135.46590751174813,136.1190166395433,135.5947281852547,136.61767520108492,136.13537262015132,135.6907202087023,136.69409984824102
2025-01-07,24.0,130.0932680484121,129.3376923042161,131.12222203409436,141.51502930177935,140.66560086152688,142.26191443158513,135.25657022896772,135.25215269602234,135.25871502915604,134.99800029939215,134.38636103578293,135.46590751174813,136.08676460059215,135.5654912598161,136.58754577503484,136.10300856341453,135.6576604367754,136.66230304430195
2025-01-08,24.0,130.0932680484121,129.3376923042161,131.12222203409436,141.48284279827848,140.6394958564502,142.22547756574886,135.25666635960394,135.25265213386905,135.2587129700623,134.99800029939215,134.38636103578293,135.46590751174813,136.05467422772747,135.53791045613616,136.55735476658356,136.0708068166952,135.62400205300293,136.62983904981877
2025-01-09,24.0,130.0932680484121,129.3376923042161,131.12222203409436,141.63345406988427,140.7644983628077,142.3937822385374,135.2567572395421,135.25311349023454,135.25871121526686,134.99800029939215,134.38636103578293,135.46590751174813,136.20537637927143,135.680615129577,136.70294195977598,136.22207284098025,135.77265073742447,136.78294417440668
2025-01-10,24.0,130.0932680484121,129.3376923042161,131.12222203409436,141.60065672061924,140.73792761272335,142.35664418595124,135.25684322598244,135.25353966211256,135.25870971975803,134.99800029939215,134.38636103578293,135.46590751174813,136.17266501644673,135.65001702904442,136.66954883958655,136.18924621962202,135.74165475570726,136.74795963622455
2025-01-11,24.0,130.0932680484121,129.3376923042161,131.12222203409436,141.81426863897832,140.91578919201422,142.59680842560547,135.25692464227333,135.25392727199835,135.25870844523587,134.99800029939215,134.38636103578293,135.46590751174813,136.3863583510967,135.8487164300193,136.88460508067638,136.40364167662895,135.94664084099293,136.9617785472735
2025-01-12,24.0,130.0932680484121,129.3376923042161,131.12222203409436,141.78053573581664,140.88847219990902,142.55863074082214,134.92272704303812,134.09250147360078,135.6524719543926,134.99800029939215,134.38636103578293,135.46590751174813,136.01842784869984,135.2317166105233,136.7492088151233,135.98512616620928,135.2268675728402,136.69091563971733
2025-01-13,24.0,130.0932680484121,129.3376923042161,131.12222203409436,141.74697880080663,140.8612954563104,142.52062617008548,134.97901886817368,134.23328327396163,135.5408333550983,134.99800029939215,134.38636103578293,135.46590751174813,136.04116273882536,135.35965916011895,136.69075279721795,136.02086529329645,135.41703850924017,136.63416503836805
2025-01-14,24.0,130.0932680484121,129.3376923042161,131.12222203409436,142.01109653971537,141.08153040013534,142.81838667610884,135.02440874305094,134.36661895841044,135.48208368884215,134.99800029939215,134.38636103578293,135.46590751174813,136.3506703526114,135.7324381862243,136.92952097370414,136.3403879345079,135.77931828756527,136.91410252542624
2025-01-15,24.0,130.0932680484121,129.3376923042161,131.12222203409436,141.9763474044772,141.0534080595146,142.77902737566572,135.0611850297827,134.47553222413887,135.42100498945422,134.99800029939215,134.38636103578293,135.46590751174813,136.35269750410495,135.7638107538183,136.90851862565472,136.34890152412038,135.8361969900521,136.87894253085605
2025-01-16,24.0,130.0932680484121,129.3376923042161,131.12222203409436,142.19837842017796,141.23828784863932,143.02895177500892,135.0911728379681,134.58029151334344,135.37603582268446,134.99800029939215,134.38636103578293,135.46590751174813,136.60471632799113,136.05073775833685,137.12878062580478,136.60648560726855,136.13123741456877,137.12143425107683
2025-01-17,24.0,130.0932680484121,129.3376923042161,131.12222203409436,142.16266057846468,141.2094130875015,142.9883390733866,135.11579152823185,134.6620476556944,135.35025866540727,134.99800029939215,134.38636103578293,135.46590751174813,136.59361717654158,136.08729862187383,137.10390390467953,136.59884069549983,136.13519202734318,137.0972807919662
2025-01-18,24.0,130.0932680484121,129.3376923042161,131.12222203409436,142.12712915200834,141.18067857487029,142.9479791516484,135.02484243122845,134.34908826653282,135.47152840025487,134.99800029939215,134.38636103578293,135.46590751174813,136.46713665308184,135.84115339275488,137.04870887901257,136.45836432138293,135.88916007007293,137.03098800394045
2025-01-19,24.0,130.0932680484121,129.3376923042161,131.12222203409436,142.09178208774287,141.1520843107457,142.90790103198023,135.06049725327503,134.46773195378188,135.40667270927642,134.99800029939215,134.38636103578293,135.46590751174813,136.46744441086295,135.8740969074327,137.0196327737483,136.46484137013064,135.97410612584252,137.0020733718981
2025-01-20,24.0,130.0932680484121,129.3376923042161,131.12222203409436,142.05661788666401,141.12363029512767,142.86808901584683,135.08975502098076,134.56003301555208,135.36645820968883,134.99800029939215,134.38636103578293,135.46590751174813,136.46153797748983,135.89624479270105,136.99519589211434,136.46336167714028,136.006221903688,136.96540485335493
2025-01-21,24.0,130.0932680484121,129.3376923042161,131.12222203409436,142.30840814736885,141.33345017247933,143.15191368443385,135.11389815985706,134.63129090833147,135.35106278564425,134.99800029939215,134.38636103578293,135.46590751174813,136.737471377071,136.22164813806927,137.25631469465833,136.74345097808018,136.2740110061293,137.25031899701764
2025-01-22,24.0,130.0932680484121,129.3376923042161,131.12222203409436,142.2721256032077,141.30412377334062,143.11067481433182,135.13394261911927,134.70288968495038,135.3361178824128,134.99800029939215,134.38636103578293,135.46590751174813,136.72123329217203,136.2119839811535,137.2312514550477,136.7295974864387,136.2795731395464,137.2080340766316
2025-01-23,24.0,130.0932680484121,129.3376923042161,131.12222203409436,142.23603001413292,141.2749376227085,143.06964466705637,135.150685064637,134.77303398616112,135.3234792643514,134.99800029939215,134.38636103578293,135.46590751174813,136.70188014861498,136.18655258595956,137.19603374291003,136.71202364464486,136.2679782928724,137.18748901847846
2025-01-24,24.0,130.0932680484121,129.3376923042161,131.12222203409436,142.20012226686143,141.2458855420868,143.02897774577727,135.16475017605734,134.82171426513378,135.31162136883856,134.99800029939215,134.38636103578293,135.46590751174813,136.6800375127638,136.15857426208981,137.16273410409545,136.69151684262098,136.25245150863887,137.16562630912122
2025-01-25,24.0,130.0932680484121,129.3376923042161,131.12222203409436,142.16440159341653,141.21697988846788,142.98854768255296,135.1766299957891,134.86935422936017,135.3013631975851,134.99800029939215,134.38636103578293,135.46590751174813,136.65619665905072,136.1369147057249,137.13061406569415,136.66868404885886,136.23905460457047,137.14108992923306
2025-01-26,24.0,130.0932680484121,129.3376923042161,131.12222203409436,142.1288660609626,141.18821448335555,142.94831844659498,135.18671467447228,134.91309088009052,135.2940237118718,134.99800029939215,134.38636103578293,135.46590751174813,136.63074580527993,136.10813108047216,137.09787219359094,136.643998015318,136.20926621630727,137.1185324457624
2025-01-27,24.0,130.0932680484121,129.3376923042161,131.12222203409436,142.09351595044893,141.15957521974306,142.9082822552573,135.1953157277598,134.94602980146897,135.28797539826417,134.99800029939215,134.38636103578293,135.46590751174813,136.60399674805382,136.0762517514505,137.06967727333983,136.6178300610852,136.18416585958158,137.08471187889842
2025-01-28,24.0,130.0932680484121,129.3376923042161,131.12222203409436,142.0583485340275,141.1310841331477,142.86846245647789,135.20268367635006,134.97541341299421,135.28263416047778,134.99800029939215,134.38636103578293,135.46590751174813,136.57619728022257,136.06455059071612,137.0423639633609,136.5904744053688,136.15854341986042,137.0609715511412
2025-01-29,24.0,130.0932680484121,129.3376923042161,131.12222203409436,142.0233636963397,141.10273947355518,142.82885563289247,135.20902131045762,135.00168059858615,135.2776148818221,134.99800029939215,134.38636103578293,135.46590751174813,136.54755007664238,136.03761836315252,137.01138075952662,136.5621660961277,136.12922250050815,137.04544469777588
2025-01-30,24.0,130.0932680484121,129.3376923042161,131.12222203409436,142.33538989584602,141.36312398441942,143.18115519624905,135.21449388026124,135.0250758793697,135.27452211789551,134.99800029939215,134.38636103578293,135.46590751174813,136.86504884595232,136.32728230734384,137.34349431609806,136.8809728695933,136.42741581686465,137.3824194755613
2025-01-31,24.0,130.0932680484121,129.3376923042161,131.12222203409436,142.29897270993078,141.333646729796,143.13992182395955,135.2192368536979,135.04365543862303,135.27178887773408,134.99800029939215,134.38636103578293,135.46590751174813,136.83337463347374,136.3053462359704,137.31302421370822,136.84949066490333,136.39570902246743,137.3515978441241
2025-02-01,24.0,130.0932680484121,129.3376923042161,131.12222203409436,142.5649399447994,141.55532494347727,143.43964486500448,135.22336185069557,135.0578712301697,135.26932994146958,134.99800029939215,134.38636103578293,135.46590751174813,137.10346686534004,136.551340424169,137.59646089253857,137.12069343936415,136.65108289172696,137.6311956177501
2025-02-02,24.0,130.0932680484121,129.3376923042161,131.12222203409436,142.5273355811261,141.52492237733472,143.39690087805883,135.22696136394265,135.0720196395956,135.26730309305609,134.99800029939215,134.38636103578293,135.46590751174813,137.0694620149138,136.52014656077932,137.5661144285257,137.0867908075793,136.62010882477531,137.60963930032028
2025-02-03,24.0,130.0932680484121,129.3376923042161,131.12222203409436,142.48992788230547,141.494666238195,143.3545337556153,135.23011238601694,135.08457124548474,135.26557393578182,134.99800029939215,134.38636103578293,135.46590751174813,137.03520533816746,136.48891556350662,137.53720585582883,137.0526047687921,136.58412153052203,137.57472327170495
2025-02-04,24.0,130.0932680484121,129.3376923042161,131.12222203409436,142.45271323518045,141.46455034756187,143.3123828040176,135.23287929076028,135.09914716733988,135.26438150644444,134.99800029939215,134.38636103578293,135.46590751174813,137.0007575957858,136.45925759568578,137.49885314756523,137.0182046013145,136.55196178488194,137.54250234446383
2025-02-05,24.0,130.0932680484121,129.3376923042161,131.12222203409436,142.4156933418995,141.4345888124421,143.27046039290587,135.23531608866995,135.1127853311152,135.2634488863904,134.99800029939215,134.38636103578293,135.46590751174813,136.96617450041452,136.4281560988048,137.46677374611266,136.98364796241074,136.5207528773668,137.50588415383652
2025-02-06,24.0,130.0932680484121,129.3376923042161,131.12222203409436,142.67950963198996,141.65443401012055,143.5676522336793,135.2374683280593,135.12520033079335,135.26271450183214,134.99800029939215,134.38636103578293,135.46590751174813,137.2321430298943,136.66976128969338,137.7493079510129,137.25059672830307,136.76251857592203,137.78251264955762
2025-02-07,24.0,130.0932680484121,129.3376923042161,131.12222203409436,142.6413161976746,141.62354541346735,143.52424047621906,135.2393745312813,135.1365483611451,135.2621384747313,134.99800029939215,134.38636103578293,135.46590751174813,137.19585579880095,136.63657285271958,137.71244365578153,137.2143033781027,136.73561235955552,137.74942750627753
2025-02-08,24.0,130.0932680484121,129.3376923042161,131.12222203409436,142.84940640364462,141.7965750085574,143.75874499172104,135.2410673659267,135.14692150114084,135.26164525598554,134.99800029939215,134.38636103578293,135.46590751174813,137.40563883941638,136.83239688820694,137.93137637172987,137.4249320205385,136.91640578802685,137.9728358901217
2025-02-09,24.0,130.0932680484121,129.3376923042161,131.12222203409436,142.8103355670111,141.76500895490284,143.7136878546114,135.24257468663393,135.15640472225283,135.26122292823246,134.99800029939215,134.38636103578293,135.46590751174813,137.36807532349007,136.7970216960068,137.89221190898004,137.38733708673593,136.8851227021412,137.93403548659256
2025-02-10,24.0,130.0932680484121,129.3376923042161,131.12222203409436,142.77146780202193,141.7335893282511,143.6695030280007,135.24392025165196,135.1649523855786,135.26086128206845,134.99800029939215,134.38636103578293,135.46590751174813,137.33055312351894,136.76162853340819,137.85351517786702,137.34977479832958,136.84888342264975,137.89430830278837
2025-02-11,24.0,130.0932680484121,129.3376923042161,131.12222203409436,142.7328017350652,141.70231612860218,143.6255780227157,135.24512441522467,135.17156374738528,135.26055158690062,134.99800029939215,134.38636103578293,135.46590751174813,137.29309122013493,136.7263620250293,137.8177231303158,137.31226563076189,136.82416978894798,137.8554431919388
2025-02-12,24.0,130.0932680484121,129.3376923042161,131.12222203409436,142.69433659432218,141.67120346296284,143.5819352725418,135.24620465754438,135.17770435781318,135.26028636090882,134.99800029939215,134.38636103578293,135.46590751174813,137.25570632171164,136.68968303817786,137.7812715257635,137.27482686420575,136.7941137225388,137.81755117963854
2025-02-13,24.0,130.0932680484121,129.3376923042161,131.12222203409436,142.97983304704,141.9091850363879,143.90459218752028,135.24717603481426,135.1834076715614,135.2600592149183,134.99800029939215,134.38636103578293,135.46590751174813,137.5421741516993,136.9565590471143,138.0750166655771,137.5622676061263,137.03854355144313,138.1222751652657
2025-02-14,24.0,130.0932680484121,129.3376923042161,131.12222203409436,142.94009109116783,141.87707384572803,143.85893633681076,135.2480515445111,135.18870561953298,135.25984463735708,134.99800029939215,134.38636103578293,135.46590751174813,137.50330770552398,136.92238447938064,138.03192641100733,137.52333187442625,137.006141291615,138.0798337997236
2025-02-15,24.0,130.0932680484121,129.3376923042161,131.12222203409436,142.9005553992128,141.84512318907775,143.8140099660426,135.24884243601898,135.19362686909776,135.25964381701047,134.99800029939215,134.38636103578293,135.46590751174813,137.46456290507686,136.88836379300926,137.99317898045004,137.48451320490543,136.9764942777858,138.03241010877323
2025-02-16,24.0,130.0932680484121,129.3376923042161,131.12222203409436,142.86122454515615,141.81331895943032,143.7693143466298,135.24955846267275,135.19834071760462,135.25947882628608,134.99800029939215,134.38636103578293,135.46590751174813,137.42594807767395,136.85272898353452,137.95675060449287,137.44582075475586,136.9452082192348,137.99032974924307
2025-02-17,24.0,130.0932680484121,129.3376923042161,131.12222203409436,142.8220984789492,141.78166115678567,143.72494526188,135.25020810612807,135.2028155316155,135.25934317789236,134.99800029939215,134.38636103578293,135.46590751174813,137.3874716549223,136.81691669038702,137.92024913342016,137.4072623828751,136.91182297501675,137.95088241077332
2025-02-18,24.0,130.0932680484121,129.3376923042161,131.12222203409436,142.78317671189546,141.75017799515737,143.6808847425703,135.25079876220897,135.20728287351034,135.25923244193942,134.99800029939215,134.38636103578293,135.46590751174813,137.34914054394952,136.78016757232842,137.88465896797214,137.3688445613779,136.87662163965854,137.91323222134355
2025-02-19,24.0,130.0932680484121,129.3376923042161,131.12222203409436,142.74445632961934,141.7188350820357,143.63705276374654,135.2513368802959,135.21139267994997,135.25914160185198,134.99800029939215,134.38636103578293,135.46590751174813,137.31095827976029,136.7434105978615,137.84896000785812,137.33057311254043,136.84385747510566,137.87636391203543
2025-02-20,24.0,130.0932680484121,129.3376923042161,131.12222203409436,142.70593605722559,141.68763859591684,143.59343717748106,135.25182812135324,135.21517342063018,135.25906824371683,134.99800029939215,134.38636103578293,135.46590751174813,137.27292924842388,136.70917396193215,137.80541489296974,137.29245291429916,136.8109090053004,137.84100060098092
2025-02-21,24.0,130.0932680484121,129.3376923042161,131.12222203409436,142.66761772527335,141.65660264380753,143.55006227962923,135.25227742492427,135.2186514571685,135.2590194370756,134.99800029939215,134.38636103578293,135.46590751174813,137.23506022004267,136.67380196090934,137.7633351086014,137.25448808967178,136.77094407739912,137.80385638684828
2025-02-22,24.0,130.0932680484121,129.3376923042161,131.12222203409436,142.62949690774445,141.62571311870107,143.50690377433568,135.25268915889458,135.22185120247343,135.258977253456,134.99800029939215,134.38636103578293,135.46590751174813,137.1973511364841,136.63411413450237,137.72265120553004,137.21668215055138,136.73802167026457,137.76865629586158
2025-02-23,24.0,130.0932680484121,129.3376923042161,131.12222203409436,142.59157490306188,141.59497794910797,143.46398159217412,135.25306714582072,135.22479483823108,135.2589408095843,134.99800029939215,134.38636103578293,135.46590751174813,137.15980711872766,136.5956493685338,137.68232649441106,137.17903811384758,136.70556223847706,137.7257997250135
2025-02-24,24.0,130.0932680484121,129.3376923042161,131.12222203409436,142.55384948213703,141.56439713502823,143.42126023727886,135.2534147745451,135.227502966904,135.2589097124248,134.99800029939215,134.38636103578293,135.46590751174813,137.12242932652717,136.55910562821126,137.64217484123225,137.1415584945736,136.67322537728688,137.68438095635548
2025-02-25,24.0,130.0932680484121,129.3376923042161,131.12222203409436,142.84070802860256,141.80352541049098,143.7445167012543,135.20965845411985,135.0666013248052,135.31043823227776,134.99800029939215,134.38636103578293,135.46590751174813,137.36553155256746,136.8041275347203,137.85472295637746,137.37894115429205,136.88989327699127,137.9184216654825
2025-02-26,24.0,130.0932680484121,129.3376923042161,131.12222203409436,142.80169545305785,141.77192403587338,143.70035405962923,135.21735234637566,135.0977054345062,135.2959778716027,134.99800029939215,134.38636103578293,135.46590751174813,137.33421286927856,136.778273805892,137.82408060771724,137.34923756165395,136.86357239917385,137.88730470319828
2025-02-27,24.0,130.0932680484121,129.3376923042161,131.12222203409436,142.7628841380882,141.74047701676918,143.65641995849015,135.22359086644136,135.12836483858956,135.2880706526174,134.99800029939215,134.38636103578293,135.46590751174813,137.3016400743746,136.74610970511696,137.79884109828464,137.31776394451026,136.84734911253307,137.84494657228626
2025-02-28,24.0,130.0932680484121,129.3376923042161,131.12222203409436,142.7242757225614,141.70919053167455,143.61269446726337,135.2286768383779,135.14633124711006,135.2800260807267,134.99800029939215,134.38636103578293,135.46590751174813,137.26811763078436,136.71454155052209,137.77302877772794,137.28499732578018,136.8167410982113,137.81588019604698
2025-03-01,24.0,130.0932680484121,129.3376923042161,131.12222203409436,142.68586683333442,141.67805047358274,143.56922522974222,135.23285199294867,135.15945290931893,135.2744843410597,134.99800029939215,134.38636103578293,135.46590751174813,137.23388389612816,136.68153987570292,137.74488509440582,137.2512854326486,136.78108791771825,137.77914876760897
2025-03-02,24.0,130.0932680484121,129.3376923042161,131.12222203409436,142.64765669546003,141.64707094950052,143.52596460213334,135.2363045601853,135.1696461766607,135.27157224956625,134.99800029939215,134.38636103578293,135.46590751174813,137.19912632549037,136.6471403908506,137.7149232398223,137.2168845434355,136.74570939767816,137.74097808521407
2025-03-03,24.0,130.0932680484121,129.3376923042161,131.12222203409436,142.60964712663602,141.6184275553605,143.48293251501045,135.23918012599162,135.1793079200504,135.26980968687818,134.99800029939215,134.38636103578293,135.46590751174813,137.1639923224727,136.61280504947499,137.68071180273262,137.1819858613595,136.71186615559932,137.70398181303193
2025-03-04,24.0,130.0932680484121,129.3376923042161,131.12222203409436,142.57183368054692,141.5908481724378,143.4401289683735,135.24159150475137,135.18565982648138,135.26849912906997,134.99800029939215,134.38636103578293,135.46590751174813,137.12859025514337,136.57909788080607,137.64672623244635,137.1467335233595,136.67867620858232,137.66985347160545
2025-03-05,24.0,130.0932680484121,129.3376923042161,131.12222203409436,142.53421626950882,141.56338730197484,143.39754181429487,135.24362663353898,135.1918092113242,135.26648090918982,134.99800029939215,134.38636103578293,135.46590751174813,137.09300797289285,136.5453657209807,137.60743759365278,137.11123726226631,136.64721815023088,137.6348463273402
2025-03-06,24.0,130.0932680484121,129.3376923042161,131.12222203409436,142.73284763162204,141.72005819201618,143.6200848649745,135.2453545542731,135.19698665919194,135.26461167162404,134.99800029939215,134.38636103578293,135.46590751174813,137.29336725574018,136.73377366545205,137.81119748405695,137.31247168762889,136.83469655004467,137.85046660446605
2025-03-07,24.0,130.0932680484121,129.3376923042161,131.12222203409436,142.6943983078714,141.69107754599483,143.57654463572203,135.24682991130945,135.2021916466197,135.26355831787788,134.99800029939215,134.38636103578293,135.46590751174813,137.25639328902594,136.69922982853038,137.76980770861132,137.27549709378172,136.79891789542066,137.8043362303429
2025-03-08,24.0,130.0932680484121,129.3376923042161,131.12222203409436,142.65614884709294,141.663173518174,143.53326066017516,135.24809627028026,135.20719059068935,135.2627244483016,134.99800029939215,134.38636103578293,135.46590751174813,137.21941018721824,136.66467961418886,137.73222953387867,137.2384865279184,136.7639406852043,137.76362163771665
2025-03-09,24.0,130.0932680484121,129.3376923042161,131.12222203409436,142.61809847550882,141.63541018806544,143.4901852945406,135.24918864446872,135.21214902243202,135.26203699491603,134.99800029939215,134.38636103578293,135.46590751174813,137.1824521898226,136.63045527657712,137.6971466329992,137.20148033671242,136.731889683811,137.73006626025554
2025-03-10,24.0,130.0932680484121,129.3376923042161,131.12222203409436,142.58024413049696,141.6077431851641,143.447346252038,135.25013535304882,135.21727304074656,135.26138301672984,134.99800029939215,134.38636103578293,135.46590751174813,137.14554455339083,136.59926987398796,137.658571368846,137.164510695464,136.69536689500225,137.69891569993956
2025-03-11,24.0,130.0932680484121,129.3376923042161,131.12222203409436,142.5425875582696,141.58021070147882,143.40472796737535,135.250959479382,135.2208908105615,135.2609060872686,134.99800029939215,134.38636103578293,135.46590751174813,137.10871210749664,136.56816617932077,137.62560177669963,137.12760322716596,136.6610039895393,137.66298267411207
2025-03-12,24.0,130.0932680484121,129.3376923042161,131.12222203409436,142.5051269247265,141.5528029087495,143.36304295791177,135.25167991982988,135.22410762061716,135.26054904442458,134.99800029939215,134.38636103578293,135.46590751174813,137.07197191440144,136.53715266813907,137.58673087764768,137.09077854552427,136.62667150204746,137.62709651961282
2025-03-13,24.0,130.0932680484121,129.3376923042161,131.12222203409436,142.7619718447026,141.75436982310464,143.6513515309725,135.25231227777113,135.2270479804118,135.26017191191104,134.99800029939215,134.38636103578293,135.46590751174813,137.32944919231878,136.77077031198888,137.84691568925965,137.3491252419129,136.86342044758166,137.88350708863396
2025-03-14,24.0,130.0932680484121,129.3376923042161,131.12222203409436,142.7233758545039,141.72618804962312,143.60766590089304,135.25286945265026,135.22949182601812,135.2598928482922,134.99800029939215,134.38636103578293,135.46590751174813,137.2914103769992,136.7377482490348,137.80633765678536,137.31098675970568,136.8289964296494,137.84580795392338
2025-03-15,24.0,130.0932680484121,129.3376923042161,131.12222203409436,142.6849813547842,141.69813096709757,143.56421659394553,135.25336220142302,135.2315463952896,135.25965453092164,134.99800029939215,134.38636103578293,135.46590751174813,137.25350862605228,136.70590651089154,137.76878073171096,137.27297994583446,136.7964874303953,137.81172399508205
2025-03-16,24.0,130.0932680484121,129.3376923042161,131.12222203409436,142.6467845127586,141.67020840378805,143.52098804483796,135.25379953168928,135.23345500978022,135.2594784297013,134.99800029939215,134.38636103578293,135.46590751174813,137.21574911429292,136.67420007401142,137.73459933039837,137.2351137086168,136.7581065183408,137.77421905146446
2025-03-17,24.0,130.0932680484121,129.3376923042161,131.12222203409436,142.60878766412358,141.64241053143454,143.47877172207393,135.25418900371136,135.23522807666214,135.25934967112212,134.99800029939215,134.38636103578293,135.46590751174813,137.17814173768,136.64260007280978,137.70029436116323,137.1973951976586,136.723661138697,137.7351994311479
2025-03-18,24.0,130.0932680484121,129.3376923042161,131.12222203409436,142.69543133481974,141.70874867207453,143.5726084106132,135.20894963659748,135.05780998551853,135.3122636240706,134.99800029939215,134.38636103578293,135.46590751174813,137.21954604126228,136.68117057325873,137.70022780123654,137.23242307177117,136.7722212173962,137.73726743839447
2025-03-19,24.0,130.0932680484121,129.3376923042161,131.12222203409436,142.65718259337953,141.68079239883454,143.52934436564001,135.21691759406957,135.08986732664536,135.2974495277498,134.99800029939215,134.38636103578293,135.46590751174813,137.18926525729418,136.64599598050796,137.68345626198806,137.2038097933341,136.74938229856085,137.71029374943745
2025-03-20,24.0,130.0932680484121,129.3376923042161,131.12222203409436,142.80664713192553,141.79651507016786,143.69567454079393,135.1217339131312,134.75112701588714,135.40601768038746,134.99800029939215,134.38636103578293,135.46590751174813,137.2435461149018,136.71975390379598,137.77667095668255,137.24452927080998,136.72974452552853,137.771838914355
2025-03-21,24.0,130.0932680484121,129.3376923042161,131.12222203409436,142.76782391006736,141.76816164898779,143.6517603702285,135.1441471694573,134.83128561211302,135.36814423672269,134.99800029939215,134.38636103578293,135.46590751174813,137.22713614936973,136.72824389511214,137.73905963192425,137.23291517370816,136.74950445436764,137.74995097190805
2025-03-22,24.0,130.0932680484121,129.3376923042161,131.12222203409436,142.72920223639002,141.7399443959847,143.60808252279503,135.16227457314005,134.87265871040069,135.34520664334798,134.99800029939215,134.38636103578293,135.46590751174813,137.20664187937513,136.70075972991165,137.7076554825029,137.21577075347392,136.7552462612097,137.715063356443
2025-03-23,24.0,130.0932680484121,129.3376923042161,131.12222203409436,142.6907812005652,141.71182359081894,143.5667679584498,135.12527649869247,134.76011302972205,135.3863285456883,134.99800029939215,134.38636103578293,135.46590751174813,137.13122276910272,136.62914586552836,137.6560441289909,137.13487795734176,136.65800021488982,137.64629924652616
2025-03-24,24.0,130.0932680484121,129.3376923042161,131.12222203409436,142.652559867667,141.68386731757894,143.53015948081924,134.89868417630055,133.97089321033678,135.63105057540776,134.99800029939215,134.38636103578293,135.46590751174813,136.8664091138126,135.9824110130527,137.63426682866947,136.83625523103981,136.01750102564793,137.6059899042335
2025-03-25,24.0,130.0932680484121,129.3376923042161,131.12222203409436,142.61453761354647,141.6559989885974,143.49375657759484,134.95753120112838,134.14257186716975,135.54954511840558,134.99800029939215,134.38636103578293,135.46590751174813,136.88723388451993,136.15564924672654,137.57586929399517,136.86953829617707,136.18427570993643,137.5353221132459
2025-03-26,24.0,130.0932680484121,129.3376923042161,131.12222203409436,142.5767111409486,141.62825547120184,143.45717866728418,135.00518432069626,134.2704014054182,135.47938119919343,134.99800029939215,134.38636103578293,135.46590751174813,136.89706053148993,136.24407230989684,137.53138070654973,136.8881536228942,136.29351196742326,137.49601227783202
2025-03-27,24.0,130.0932680484121,129.3376923042161,131.12222203409436,142.75426789128866,141.76636584103466,143.6370516704977,135.04398112399528,134.40434237556644,135.40884947769308,134.99800029939215,134.38636103578293,135.46590751174813,137.113414085129,136.47527269176862,137.71856684743733,137.11163305675882,136.55203492627615,137.68741604768888
2025-03-28,24.0,130.0932680484121,129.3376923042161,131.12222203409436,142.7157198548262,141.73817695178036,143.60016757464692,135.0757725005892,134.5124161516453,135.37637172409538,134.99800029939215,134.38636103578293,135.46590751174813,137.1066574252605,136.51583733588794,137.6867804452269,137.1095005108733,136.60344240360052,137.6544600425226
2025-03-29,24.0,130.0932680484121,129.3376923042161,131.12222203409436,142.6773731601203,141.71007600678445,143.56345684741495,135.10199754572415,134.5862260320763,135.35872649048022,134.99800029939215,134.38636103578293,135.46590751174813,137.09453577568954,136.54223673624642,137.66460092768827,137.1007927264762,136.6246996570687,137.63568385852267
2025-03-30,24.0,130.0932680484121,129.3376923042161,131.12222203409436,142.63922453655567,141.68211973354448,143.52653171776745,135.08083981077948,134.53729118794024,135.37643591307761,134.99800029939215,134.38636103578293,135.46590751174813,137.03522941718023,136.447455906644,137.6041806902064,137.03789326084723,136.53633227086405,137.5789304919033
2025-03-31,24.0,130.0932680484121,129.3376923042161,131.12222203409436,142.60127332458273,141.65407278860488,143.48150029106077,135.10622389451558,134.60748968154178,135.35503677877594,134.99800029939215,134.38636103578293,135.46590751174813,137.02266228894337,136.46437750019842,137.59181465415557,137.02878031183988,136.55832156046026,137.55195956821638
2025-04-01,24.0,130.0932680484121,129.3376923042161,131.12222203409436,142.56351968180238,141.62509225924958,143.436985178562,135.12731044675652,134.68074719592627,135.33945377947853,134.99800029939215,134.38636103578293,135.46590751174813,137.00599519840398,136.48009101236045,137.55135148263554,137.01464609274282,136.5538642215811,137.52375975849563
2025-04-02,24.0,130.0932680484121,129.3376923042161,131.12222203409436,142.52596221435806,141.59622493987257,143.3927622967887,135.14492563801363,134.749173147256,135.32651405808582,134.99800029939215,134.38636103578293,135.46590751174813,136.98605292221674,136.4662012647809,137.51972794088798,136.99658458312257,136.53958962078198,137.49054492404773
2025-04-03,24.0,130.0932680484121,129.3376923042161,131.12222203409436,142.48859972634432,141.56748965796743,143.34878825872354,135.1597237839278,134.80339577448865,135.31462193932472,134.99800029939215,134.38636103578293,135.46590751174813,136.9634885801172,136.43670499654297,137.48690962388795,136.97542940130444,136.51910021368968,137.4679786608445
2025-04-04,24.0,130.0932680484121,129.3376923042161,131.12222203409436,142.45142980061965,141.53888641353413,143.30505528172048,135.17222226390686,134.85455415053784,135.30337891796293,134.99800029939215,134.38636103578293,135.46590751174813,136.93881713437156,136.42848094070908,137.4528352464557,136.95182233882664,136.50500141493737,137.4391812762545
2025-04-05,24.0,130.0932680484121,129.3376923042161,131.12222203409436,142.41445425591522,141.51042474282787,143.26155558313354,135.1828319629301,134.89588006347014,135.29568526158897,134.99800029939215,134.38636103578293,135.46590751174813,136.91245128869036,136.40443006115947,137.42070780074175,136.9262624992901,136.48431989070465,137.41046795587562
2025-04-06,24.0,130.0932680484121,129.3376923042161,131.12222203409436,142.3776712080307,141.48206674584472,143.21827492827234,135.19188099433774,134.92823232963872,135.28934633728505,134.99800029939215,134.38636103578293,135.46590751174813,136.8847172722135,136.36782035357942,137.38893898035693,136.89914142696713,136.46905511581338,137.37696539507348
2025-04-07,24.0,130.0932680484121,129.3376923042161,131.12222203409436,142.34107738572777,141.4538691500822,143.1752573518096,135.19963312403078,134.96229359495743,135.28371554149817,134.99800029939215,134.38636103578293,135.46590751174813,136.85587557960358,136.34137623194943,137.35543267981868,136.8707690021734,136.4406789509918,137.35397293461563
2025-04-08,24.0,130.0932680484121,129.3376923042161,131.12222203409436,142.30467454322542,141.42316216319009,143.1324510364266,135.20630191755856,134.98960185942002,135.27844536917004,134.99800029939215,134.38636103578293,135.46590751174813,136.826141530629,136.31099827195155,137.32359352758039,136.84139256311062,136.41248370396676,137.3196387879617
2025-04-09,24.0,130.0932680484121,129.3376923042161,131.12222203409436,142.26846047389637,141.39206548609778,143.0898857821057,135.21206116506235,135.01406621984515,135.27512047866762,134.99800029939215,134.38636103578293,135.46590751174813,136.7956867088038,136.29375194449668,137.29486786305262,136.81121074327825,136.38491057358314,137.29144969366266
2025-04-10,24.0,130.0932680484121,129.3376923042161,131.12222203409436,142.46074393130377,141.55224178013466,143.31191430175912,135.12058389386343,134.73087115636062,135.38131830429154,134.99800029939215,134.38636103578293,135.46590751174813,136.89649289501227,136.38186373658968,137.42604562199037,136.89864583940715,136.4392732259349,137.389372885499
2025-04-11,24.0,130.0932680484121,129.3376923042161,131.12222203409436,142.4237233368868,141.5237233819309,143.26839125523415,135.14105877847436,134.7968255134815,135.34826751696747,134.99800029939215,134.38636103578293,135.46590751174813,136.87994718520622,136.36291162824463,137.40343027527655,136.88597006800677,136.43951283658933,137.36154555766117
2025-04-12,24.0,130.0932680484121,129.3376923042161,131.12222203409436,142.38689313723998,141.49493726618988,143.22508725243495,134.94597775098813,134.08342581912214,135.57007547987467,134.99800029939215,134.38636103578293,135.46590751174813,136.6480359580732,135.86843081788865,137.36213263735004,136.6247231348064,135.90174011335287,137.300204262282
2025-04-13,24.0,130.0932680484121,129.3376923042161,131.12222203409436,142.35025608087247,141.46352205735784,143.18201652805186,134.99556227199685,134.2391250429182,135.4957799759046,134.99800029939215,134.38636103578293,135.46590751174813,136.6609834227144,135.96228509831744,137.30865261677243,136.64795702777542,136.02426681200916,137.2542213461871
2025-04-14,24.0,130.0932680484121,129.3376923042161,131.12222203409436,142.31380676217785,141.43223775064692,143.13919464737685,135.03586459567225,134.39399848679042,135.43978816257052,134.99800029939215,134.38636103578293,135.46590751174813,136.66483642769515,136.02917507436277,137.27022637364843,136.6590782190762,136.0943523062448,137.2198090806528
2025-04-15,24.0,130.0932680484121,129.3376923042161,131.12222203409436,142.27754855632253,141.40114107355458,143.09659826247199,135.06880524472487,134.49133946602697,135.38348782521268,134.99800029939215,134.38636103578293,135.46590751174813,136.66151887089248,136.09375650188164,137.24465160367336,136.66100656801538,136.15549477870354,137.18680648068528
2025-04-16,24.0,130.0932680484121,129.3376923042161,131.12222203409436,142.24147694835773,141.37017529858335,143.05422092129285,134.89766403144955,133.86366212738147,135.59807626484007,134.99800029939215,134.38636103578293,135.46590751174813,136.45430604965233,135.53986460477947,137.23801747609699,136.42787078129743,135.62875292530353,137.1579086476588
2025-04-17,24.0,130.0932680484121,129.3376923042161,131.12222203409436,142.5101740983957,141.59925156921673,143.36531284702193,134.95352683209106,134.08511392130046,135.51595156481642,134.99800029939215,134.38636103578293,135.46590751174813,136.77886600033182,135.94878366611704,137.47744640356416,136.7639514734908,136.06998308693434,137.4239138743566
2025-04-18,24.0,130.0932680484121,129.3376923042161,131.12222203409436,142.47290040795735,141.57039929913094,143.3214878088685,134.9991679633441,134.21757812384726,135.43885985045122,134.99800029939215,134.38636103578293,135.46590751174813,136.78723344114653,136.0507053069607,137.44834221416357,136.7798592655143,136.15951354574435,137.3832900517215
2025-04-19,24.0,130.0932680484121,129.3376923042161,131.12222203409436,142.43581999707138,141.5386088310617,143.2779038317772,135.03667380846164,134.3347534302375,135.39917610894182,134.99800029939215,134.38636103578293,135.46590751174813,136.78765887537807,136.13275136818652,137.39174544818624,136.7857824562405,136.20945556817756,137.3504125110944
2025-04-20,24.0,130.0932680484121,129.3376923042161,131.12222203409436,142.39893188344973,141.50693217538483,143.234553133102,135.0676939670546,134.43870096954166,135.37683249711176,134.99800029939215,134.38636103578293,135.46590751174813,136.78179092034935,136.18185794727745,137.3704134505231,136.7839805390176,136.24622667824156,137.31961396966256
2025-04-21,24.0,130.0932680484121,129.3376923042161,131.12222203409436,142.36223501772034,141.47546023905528,143.19145127813488,135.09351615023024,134.53106366492477,135.3568033821595,134.99800029939215,134.38636103578293,135.46590751174813,136.77091623779563,136.20711987664282,137.3398970338546,136.7761459645622,136.25784876282606,137.28753261942987
2025-04-22,24.0,130.0932680484121,129.3376923042161,131.12222203409436,142.32572901884825,141.44413047886687,143.14855290160153,135.115144617016,134.61273035398432,135.3450032530669,134.99800029939215,134.38636103578293,135.46590751174813,136.75603870570933,136.2147090678712,137.31606022303325,136.76356138720712,136.2587752665741,137.2673640528013
2025-04-23,24.0,130.0932680484121,129.3376923042161,131.12222203409436,142.28941117363405,141.41294871052827,143.11222770463638,135.1333657684141,134.6843695666047,135.3268207421888,134.99800029939215,134.38636103578293,135.46590751174813,136.7379420118932,136.19356179579782,137.28762654873645,136.74720927409848,136.25180111711063,137.23838830828964
2025-04-24,24.0,130.0932680484121,129.3376923042161,131.12222203409436,142.25328412078417,141.38193748207954,143.07662055990164,135.14879965134202,134.72956793672373,135.3127159722692,134.99800029939215,134.38636103578293,135.46590751174813,136.71724884197124,136.18339475498198,137.2577026236706,136.72784971820957,136.23376014929934,137.2102392412753
2025-04-25,24.0,130.0932680484121,129.3376923042161,131.12222203409436,142.21734334593725,141.3511026092294,143.04117353692865,135.16193857929065,134.78891958392944,135.30343221304688,134.99800029939215,134.38636103578293,135.46590751174813,136.69444699507295,136.1684006663272,137.22575214286798,136.70607664231744,136.23209041007934,137.1888429638527
2025-04-26,24.0,130.0932680484121,129.3376923042161,131.12222203409436,142.18158843520504,141.31996613983117,143.00589582433318,135.17317645541252,134.8356056589585,135.29578041708982,134.99800029939215,134.38636103578293,135.46590751174813,136.66992996046264,136.15213447825062,137.19599736914844,136.68235808414912,136.2214887101629,137.1635240816571
2025-04-27,24.0,130.0932680484121,129.3376923042161,131.12222203409436,142.14601826199225,141.28894840788195,142.97077045085342,135.18283068571608,134.87422757585648,135.28875241134776,134.99800029939215,134.38636103578293,135.46590751174813,136.6440140175534,136.12531663694375,137.1683517885264,136.65706595594176,136.20224851383966,137.1405301003007
2025-04-28,24.0,130.0932680484121,129.3376923042161,131.12222203409436,142.1106342237207,141.2570727701157,142.93581132487927,134.9563308947693,134.1026154882879,135.54626270654785,134.99800029939215,134.38636103578293,135.46590751174813,136.38213018833505,135.60843026031276,137.11049039367646,136.36048891327567,135.6571987057999,137.01535289025063
2025-04-29,24.0,130.0932680484121,129.3376923042161,131.12222203409436,142.07543379755677,141.22264378051128,142.90074553077264,135.00290051073026,134.28233727143697,135.47428089770378,134.99800029939215,134.38636103578293,135.46590751174813,136.39349937813208,135.71681204406104,137.05068359583902,136.38135212847442,135.76942892122736,136.97392084829613
2025-04-30,24.0,130.0932680484121,129.3376923042161,131.12222203409436,142.04041483934228,141.1883980026124,142.86499861881134,135.04091846437672,134.39824657975015,135.42328307569895,134.99800029939215,134.38636103578293,135.46590751174813,136.39649837356404,135.75891308440876,137.0213544828113,136.39104704406046,135.8399628040102,136.93312177666823
2025-05-01,24.0,130.0932680484121,129.3376923042161,131.12222203409436,142.005577338893,141.15436313431843,142.82686283458693,135.0721216920082,134.49170569211023,135.37664762282125,134.99800029939215,134.38636103578293,135.46590751174813,136.39286410074627,135.8002091702949,136.98533308386493,136.39224877435376,135.87362194823194,136.9039968458345
2025-05-02,24.0,130.0932680484121,129.3376923042161,131.12222203409436,141.97092180827443,141.12051147773005,142.78681950848252,135.09790026944506,134.57306844925193,135.35393055992452,134.99800029939215,134.38636103578293,135.46590751174813,136.38398714756454,135.83335007646207,136.94950523835425,136.38692293908787,135.8707904499099,136.88385399621788
2025-05-03,24.0,130.0932680484121,129.3376923042161,131.12222203409436,141.9364447514237,141.08686632612068,142.74698770216617,135.11934233310475,134.65665819514172,135.34132050262048,134.99800029939215,134.38636103578293,135.46590751174813,136.3709521543735,135.8181190526641,136.92253410540178,136.3765307769051,135.87760877640306,136.8526598828978
2025-05-04,24.0,130.0932680484121,129.3376923042161,131.12222203409436,141.9021458361697,141.05338549756937,142.70736741563786,135.13729510267507,134.70378071827795,135.33104143089378,134.99800029939215,134.38636103578293,135.46590751174813,136.35460600868984,135.81441132884942,136.90477633906147,136.36217145269595,135.87885238750016,136.83522554621538
2025-05-05,24.0,130.0932680484121,129.3376923042161,131.12222203409436,141.86802637836536,141.02013446727054,142.66838841898078,134.99179852854442,134.25123845495423,135.48849697057253,134.99800029939215,134.38636103578293,135.46590751174813,136.17498997675483,135.47326520274083,136.85609042749073,136.16012269252238,135.54209219467475,136.75678492662678
2025-05-06,24.0,130.0932680484121,129.3376923042161,131.12222203409436,142.06093558482632,141.2039928572049,142.8892612178568,135.03152018616524,134.3700466874731,135.4330894249012,134.99800029939215,134.38636103578293,135.46590751174813,136.4076208408366,135.75046838588975,137.0480164609892,136.40086672324128,135.82886667379933,136.96192386221742
2025-05-07,24.0,130.0932680484121,129.3376923042161,131.12222203409436,142.02599393688018,141.16985473642143,142.8488953316965,135.06414536526285,134.46625065859374,135.38487507788668,134.99800029939215,134.38636103578293,135.46590751174813,136.40530437198808,135.802127413969,137.00730582299732,136.40377019283352,135.88058780188513,136.9253807486734
2025-05-08,24.0,130.0932680484121,129.3376923042161,131.12222203409436,141.99123438866198,141.13591871599107,142.80873658885704,135.09109203950288,134.5477600512623,135.35788422065067,134.99800029939215,134.38636103578293,135.46590751174813,136.3974914980099,135.8313097764868,136.97990660599444,136.39975951144248,135.87729415779708,136.9007455795108
2025-05-09,24.0,130.0932680484121,129.3376923042161,131.12222203409436,141.95665387026685,141.1021703118922,142.76878936580567,135.1134919737762,134.63306527099317,135.34437221497618,134.99800029939215,134.38636103578293,135.46590751174813,136.38531091388813,135.83227772958955,136.94455503729506,136.39039412672068,135.87717974474657,136.87710473234554
2025-05-10,24.0,130.0932680484121,129.3376923042161,131.12222203409436,141.92225334338787,141.06862841277237,142.72916938764715,135.13223366440513,134.6815069319,135.33411167858708,134.99800029939215,134.38636103578293,135.46590751174813,136.36965207763805,135.82964717781897,136.92507465947423,136.37684338557452,135.87235932590286,136.85295196455243
2025-05-11,24.0,130.0932680484121,129.3376923042161,131.12222203409436,141.88803124298212,141.035274129984,142.69525138007288,135.14801265710327,134.74640384807805,135.31972969261554,134.99800029939215,134.38636103578293,135.46590751174813,136.35120896993044,135.80413312815233,136.903791797036,136.35999456686574,135.8670298208332,136.84082763778545
2025-05-12,24.0,130.0932680484121,129.3376923042161,131.12222203409436,141.8539871549867,141.0021030589012,142.6577297088518,135.16137536310484,134.80609083853975,135.3049577680593,134.99800029939215,134.38636103578293,135.46590751174813,136.33052758793656,135.78390611057367,136.87945376034952,136.34052824877884,135.860633128899,136.82994858127768
2025-05-13,24.0,130.0932680484121,129.3376923042161,131.12222203409436,141.82011792821635,140.96913849279744,142.61964619601935,135.17275380724348,134.84768200185965,135.29630454865864,134.99800029939215,134.38636103578293,135.46590751174813,136.30803680530485,135.7971748692125,136.85625647756322,136.3189722648406,135.83841715628608,136.81241234439196
2025-05-14,24.0,130.0932680484121,129.3376923042161,131.12222203409436,141.7864257834391,140.93634265437763,142.5817517101421,135.18249207587687,134.87504537916658,135.28986758200844,134.99800029939215,134.38636103578293,135.46590751174813,136.28408292916103,135.78406584455837,136.82976846623308,136.2957397981564,135.82828410052036,136.79226887258955
2025-05-15,24.0,130.0932680484121,129.3376923042161,131.12222203409436,141.75290794951698,140.90374891631092,142.54776010722478,135.190866334921,134.89746788425919,135.2845479120325,134.99800029939215,134.38636103578293,135.46590751174813,136.25893935428303,135.75264521693637,136.80225339025998,136.2711572383958,135.8037627222225,136.78070250819763
2025-05-16,24.0,130.0932680484121,129.3376923042161,131.12222203409436,141.71956274695015,140.87134279457567,142.51663570240825,135.19809973991562,134.92158681258294,135.27915495557303,134.99800029939215,134.38636103578293,135.46590751174813,136.23282755671082,135.7247259785194,136.77404202958246,136.24548480812172,135.77527781315413,136.76431199184736
2025-05-17,24.0,130.0932680484121,129.3376923042161,131.12222203409436,141.99113120766128,141.12989975165715,142.80604090811312,135.20437386382392,134.95417178598512,135.27600667021673,134.99800029939215,134.38636103578293,135.46590751174813,136.51067014133025,135.9921292468313,137.04473671864406,136.5246176949078,136.0700609984195,137.0291002923046
2025-05-18,24.0,130.0932680484121,129.3376923042161,131.12222203409436,141.95655521097086,141.09618912485334,142.77179891980123,135.20983746204797,134.9803944713988,135.27275753930624,134.99800029939215,134.38636103578293,135.46590751174813,136.48155774286388,135.97615670523692,137.0175940936274,136.49577125719142,136.0350975454219,137.0088751759024
2025-05-19,24.0,130.0932680484121,129.3376923042161,131.12222203409436,141.92215787039464,141.0626894076545,142.73444850581637,135.0444177469122,134.436778449817,135.46273339209657,134.99800029939215,134.38636103578293,135.46590751174813,136.28174068715188,135.64531302548167,136.9314672745324,136.27062823202732,135.71915230111165,136.82381500479377
2025-05-20,24.0,130.0932680484121,129.3376923042161,131.12222203409436,141.8879382774444,141.02935401351365,142.69597137378145,135.0771253050588,134.5805412018431,135.40893660785812,134.99800029939215,134.38636103578293,135.46590751174813,136.28022865234823,135.72615518844987,136.90812330780577,136.27589340163019,135.7591651373175,136.78901173006687
2025-05-21,24.0,130.0932680484121,129.3376923042161,131.12222203409436,141.85389698741793,140.9962440129994,142.65768326870176,135.10381680508382,134.66537506903933,135.37580396269522,134.99800029939215,134.38636103578293,135.46590751174813,136.2728788623468,135.717766688374,136.86564835504205,136.2733087203809,135.77307651988858,136.76028085022287
2025-05-22,24.0,130.0932680484121,129.3376923042161,131.12222203409436,141.82003151583257,140.96327944689563,142.62432528450674,135.07436710771591,134.56466924116063,135.4079503740363,134.99800029939215,134.38636103578293,135.46590751174813,136.20956369339356,135.6545082919247,136.8356651546575,136.20566328840138,135.67691736298275,136.71706230551825
2025-05-23,24.0,130.0932680484121,129.3376923042161,131.12222203409436,141.78634165382292,140.93052138577087,142.59289683724066,135.10117857962277,134.6494459718553,135.36781964764165,134.99800029939215,134.38636103578293,135.46590751174813,136.20268530329076,135.6448360045392,136.79845403860594,136.2032932949511,135.6967448335441,136.6923110641431
2025-05-24,24.0,130.0932680484121,129.3376923042161,131.12222203409436,141.7528275670818,140.89796982962514,142.55931503047202,135.12323964254205,134.7075377524475,135.33999792131277,134.99800029939215,134.38636103578293,135.46590751174813,136.1912322794689,135.63512338782905,136.7721617516502,136.19510457969537,135.69616067023483,136.68112706747468
2025-05-25,24.0,130.0932680484121,129.3376923042161,131.12222203409436,141.71948590633127,140.86558259653745,142.52093910554967,135.14151231862772,134.75953756028855,135.32635618507788,134.99800029939215,134.38636103578293,135.46590751174813,136.17616329480407,135.62478139181152,136.74369561251314,136.18243815038673,135.7010482160103,136.67117665779926
2025-05-26,24.0,130.0932680484121,129.3376923042161,131.12222203409436,141.68631760094686,140.83340186842878,142.48277395768454,135.15675021377825,134.81002581492433,135.31852818224206,134.99800029939215,134.38636103578293,135.46590751174813,136.1582328845702,135.59789058141305,136.72081941897926,136.16629490389457,135.69154840709814,136.66643325172794
2025-05-27,24.0,130.0932680484121,129.3376923042161,131.12222203409436,141.6533204401269,140.8038953466083,142.4448227414595,135.1695409322634,134.8629581432029,135.30957384835332,134.99800029939215,134.38636103578293,135.46590751174813,136.13802644223534,135.60624500426587,136.69616092120535,136.1474304408588,135.66828398232565,136.66107899749085
2025-05-28,24.0,130.0932680484121,129.3376923042161,131.12222203409436,141.6204951094475,140.77531823417794,142.40721810756224,135.18034422709906,134.9093536646897,135.298521379887,134.99800029939215,134.38636103578293,135.46590751174813,136.1160044063916,135.60539903834993,136.6704554783673,136.12642157473584,135.6503884677218,136.63805653385236
2025-05-29,24.0,130.0932680484121,129.3376923042161,131.12222203409436,141.58783911706894,140.74688741963445,142.3697982679084,135.18952181930533,134.93195092910798,135.28937037626739,134.99800029939215,134.38636103578293,135.46590751174813,136.09252600621932,135.5862640305249,136.64689942276064,136.10371344515704,135.6254930866425,136.62899356848476
2025-05-30,24.0,130.0932680484121,129.3376923042161,131.12222203409436,141.55535349510083,140.71860617210083,142.33257100514393,135.19736056651143,134.9502406126284,135.2840962850512,134.99800029939215,134.38636103578293,135.46590751174813,136.06787913145732,135.56323613069088,136.62222502188777,136.07965290975434,135.60669782227885,136.6095925025733
2025-05-31,24.0,130.0932680484121,129.3376923042161,131.12222203409436,141.5230354049363,140.69049778485055,142.2955436045997,135.20408952782697,134.97198668512627,135.27974963650135,134.99800029939215,134.38636103578293,135.46590751174813,136.04229000260833,135.5278571126185,136.59696961393595,136.05451269738424,135.58215128002308,136.58708596920428
2025-06-01,24.0,130.0932680484121,129.3376923042161,131.12222203409436,141.49088459362625,140.66248583981712,142.2608770081613,135.20989315375297,134.9975827530867,135.27591884761645,134.99800029939215,134.38636103578293,135.46590751174813,136.01594281722424,135.5145709270947,136.57471842015687,136.02850927123347,135.55335085363595,136.56985183807734
2025-06-02,24.0,130.0932680484121,129.3376923042161,131.12222203409436,141.45890018450172,140.63467331746355,142.22717221369513,135.2149209188425,135.02461008663747,135.2726498586397,134.99800029939215,134.38636103578293,135.46590751174813,135.9889861731893,135.48675454416056,136.55504791605986,136.00181550954585,135.52387129765106,136.54709732911186
2025-06-03,24.0,130.0932680484121,129.3376923042161,131.12222203409436,141.42708259021248,140.60695723732684,142.19335480464238,135.21929475583647,135.04467884912015,135.2703255771012,134.99800029939215,134.38636103578293,135.46590751174813,135.96154241589403,135.46391499200115,136.5323121634169,135.97457087679712,135.49308808272875,136.530657798349
2025-06-04,24.0,130.0932680484121,129.3376923042161,131.12222203409436,141.39542795858503,140.5793907242,142.15879404934373,135.22311483378365,135.06289334629938,135.26817149631478,134.99800029939215,134.38636103578293,135.46590751174813,135.93370786221377,135.44978362360533,136.5062226236167,135.94688812005936,135.46288357662044,136.50925695823074
2025-06-05,24.0,130.0932680484121,129.3376923042161,131.12222203409436,141.36393854469472,140.55199707135654,142.12403358776533,135.22646383740405,135.07954182682508,135.26651261672114,134.99800029939215,134.38636103578293,135.46590751174813,135.90556745194382,135.41384865485148,136.48006857115126,135.91885953763318,135.43574681277227,136.48575976684734
2025-06-06,24.0,130.0932680484121,129.3376923042161,131.12222203409436,141.3326127081135,140.52473537793517,142.08842893290398,135.229410469625,135.0947599790401,135.2649377925924,134.99800029939215,134.38636103578293,135.46590751174813,135.87718824758352,135.37807805312508,136.45325048356497,135.89056055739024,135.40251719795563,136.46123707504617
2025-06-07,24.0,130.0932680484121,129.3376923042161,131.12222203409436,141.30144803751122,140.49501531073722,142.0529862449122,135.23201194776985,135.1083032802689,135.26368359047083,134.99800029939215,134.38636103578293,135.46590751174813,135.84862505512612,135.34243275816053,136.4247634573771,135.86205376895177,135.37240852919592,136.4388420511941
2025-06-08,24.0,130.0932680484121,129.3376923042161,131.12222203409436,141.27044568605416,140.46491202757608,142.01774345788897,135.23431632961817,135.11889596779457,135.2627972858187,134.99800029939215,134.38636103578293,135.46590751174813,135.81992708551738,135.30695785873385,136.3951770919557,135.8333908808086,135.34155176500207,136.4176040854849
2025-06-09,24.0,130.0932680484121,129.3376923042161,131.12222203409436,141.23960353262402,140.43497678907718,141.9826854961078,135.23636402600147,135.12873484290418,135.26212562121322,134.99800029939215,134.38636103578293,135.46590751174813,135.79113262847056,135.27162747465448,136.36570998492854,135.80461480919226,135.31244963382034,136.39496129343155
2025-06-10,24.0,130.0932680484121,129.3376923042161,131.12222203409436,141.20892056929517,140.40523288851398,141.94778171855017,135.23818922480373,135.13787404426262,135.26160086376817,134.99800029939215,134.38636103578293,135.46590751174813,135.76227486394396,135.23648014393203,136.33635343179918,135.77576188025736,135.28260485824316,136.36964379387103
2025-06-11,24.0,130.0932680484121,129.3376923042161,131.12222203409436,141.17839722428764,140.375657032613,141.91424489839775,134.93989422235833,134.0254732585539,135.6113164169336,134.99800029939215,134.38636103578293,135.46590751174813,135.43345651649105,134.5658216332766,136.24455705744268,135.4017075784307,134.6420621056274,136.08098298574566
2025-06-12,24.0,130.0932680484121,129.3376923042161,131.12222203409436,141.1480325073651,140.34624922137425,141.88256852863117,134.99174980884703,134.195289703439,135.51336972608553,134.99800029939215,134.38636103578293,135.46590751174813,135.45494738605717,134.70429666467018,136.1998208139579,135.43492954758685,134.79041912318482,136.0533568313078
2025-06-13,24.0,130.0932680484121,129.3376923042161,131.12222203409436,141.11782390296844,140.31701311510284,141.85104561612417,135.03369443962265,134.36493635823098,135.4593946599686,134.99800029939215,134.38636103578293,135.46590751174813,135.46668341243614,134.79784933958047,136.1601768248782,135.4548771642105,134.86273307946476,136.01448356291144
2025-06-14,24.0,130.0932680484121,129.3376923042161,131.12222203409436,141.08777150317601,140.28794505349364,141.8196783891487,135.06779519659028,134.51948821211403,135.4040209633791,134.99800029939215,134.38636103578293,135.46590751174813,135.47073176961135,134.8574811913133,136.14775838487148,135.46480970950813,134.9081917003481,136.0127386774764
2025-06-15,24.0,130.0932680484121,129.3376923042161,131.12222203409436,141.05787566009647,140.2586385785989,141.78845683678685,135.0957020664107,134.6052289742577,135.36411058232432,134.99800029939215,134.38636103578293,135.46590751174813,135.46874279635222,134.8709036360538,136.1256675207275,135.46710563964538,134.9307125439899,136.0022847121152
2025-06-16,24.0,130.0932680484121,129.3376923042161,131.12222203409436,141.02813385510328,140.22841485270197,141.75721781018825,135.1186995489303,134.67878108766266,135.34672467418363,134.99800029939215,134.38636103578293,135.46590751174813,135.46199847387862,134.87474250452556,136.10606995342448,135.46351973249642,134.9432951451447,135.99571207987069
2025-06-17,24.0,130.0932680484121,129.3376923042161,131.12222203409436,141.17938206294914,140.3752154578365,141.91454878031854,135.13778104873498,134.74366199676155,135.3319563119269,134.99800029939215,134.38636103578293,135.46590751174813,135.63232818152918,135.0644705184905,136.25868344922904,135.6368469064359,135.1393978347901,136.16074056522083
2025-06-18,24.0,130.0932680484121,129.3376923042161,131.12222203409436,141.14901217540444,140.34578801362937,141.88287241055195,135.15371629858265,134.8034774511089,135.32091448573703,134.99800029939215,134.38636103578293,135.46590751174813,135.61789354383217,135.08299245754588,136.23517668240805,135.62416749229956,135.13708455499852,136.1711724084212
2025-06-19,24.0,130.0932680484121,129.3376923042161,131.12222203409436,141.3554240011735,140.5442534863441,142.1121590555287,135.16710512404714,134.83997170352575,135.31118074352653,134.99800029939215,134.38636103578293,135.46590751174813,135.83769419506567,135.32393103524853,136.433726268957,135.84606391594656,135.368654675031,136.38751179403735
2025-06-20,24.0,130.0932680484121,129.3376923042161,131.12222203409436,141.32414388664196,140.514024895943,142.07660838962386,135.178418204192,134.8811606574078,135.29910227863547,134.99800029939215,134.38636103578293,135.46590751174813,135.81772716067903,135.31056409825584,136.40879921244127,135.82709231816733,135.34124006375603,136.37772958191596
2025-06-21,24.0,130.0932680484121,129.3376923042161,131.12222203409436,141.29302429848235,140.48384383631793,142.04123476631509,135.18802791791074,134.92565106448146,135.29206288574915,134.99800029939215,134.38636103578293,135.46590751174813,135.79621728623815,135.29308323515346,136.37976113581172,135.80633866228294,135.31592154104558,136.36565703483166
2025-06-22,24.0,130.0932680484121,129.3376923042161,131.12222203409436,141.2620660523283,140.45382274533537,142.00604596824837,135.19623106887443,134.96395009938828,135.28633787586008,134.99800029939215,134.38636103578293,135.46590751174813,135.77346219104777,135.2722478193178,136.356195520589,135.7841585517183,135.29265985389048,136.34267632677174
2025-06-23,24.0,130.0932680484121,129.3376923042161,131.12222203409436,141.2312691110611,140.42395372635175,141.97104199542372,135.20326597478947,134.98818044144622,135.28161773023362,134.99800029939215,134.38636103578293,135.46590751174813,135.74970015569562,135.25716843512066,136.33364906806295,135.760833465,135.26918747596702,136.32241270398336
2025-06-24,24.0,130.0932680484121,129.3376923042161,131.12222203409436,141.2006312047964,140.39427238499877,141.93822554641852,135.17241224606548,134.89550135867887,135.31699941893416,134.99800029939215,134.38636103578293,135.46590751174813,135.68820852070695,135.19919049758178,136.29564196428336,135.69431180358694,135.20713522065722,136.23937841769953
2025-06-25,24.0,130.0932680484121,129.3376923042161,131.12222203409436,141.17015163704895,140.36475908830798,141.90644464354025,135.14315214153075,134.81778803731015,135.34684092189522,134.99800029939215,134.38636103578293,135.46590751174813,135.62846884842475,135.0890852173583,136.25931963616677,135.63009913194907,135.1479865286823,136.1550819930089
2025-06-26,24.0,130.0932680484121,129.3376923042161,131.12222203409436,141.29620130236182,140.48498321187893,142.04303235593383,135.1594586588979,134.85813264772537,135.32618959927376,134.99800029939215,134.38636103578293,135.46590751174813,135.77082503110478,135.25516194392833,136.3833749174054,135.77579743123624,135.29993827293657,136.30628544134692
2025-06-27,24.0,130.0932680484121,129.3376923042161,131.12222203409436,141.26522702473733,140.454942487928,142.0078357752211,135.1729353946483,134.89732263319715,135.3102632612792,134.99800029939215,134.38636103578293,135.46590751174813,135.7533274892307,135.25662864412843,136.35583165808984,135.76024196241207,135.27598827133903,136.3031228710618
2025-06-28,24.0,130.0932680484121,129.3376923042161,131.12222203409436,141.42990416106528,140.6089588088486,142.1937553934634,135.12929572331478,134.76929687320657,135.362190790099,134.99800029939215,134.38636103578293,135.46590751174813,135.8743649542251,135.34070087490923,136.50663149658996,135.87521258671399,135.38786138393328,136.38155678487038
2025-06-29,24.0,130.0932680484121,129.3376923042161,131.12222203409436,141.39823806211402,140.58130532589615,142.15769943504327,135.14787565190986,134.82487783556803,135.33518146079035,134.99800029939215,134.38636103578293,135.46590751174813,135.86127878386893,135.34140645203178,136.48182098986433,135.86525858897616,135.39536713583456,136.38524503300212
2025-06-30,24.0,130.0932680484121,129.3376923042161,131.12222203409436,141.366736610185,140.55130213144446,142.12189487921336,135.16319327400004,134.86538062527052,135.315116922846,134.99800029939215,134.38636103578293,135.46590751174813,135.8450949540301,135.33908770896534,136.4521167157968,135.8513138318735,135.37850409012907,136.37965469382996
2025-07-01,24.0,130.0932680484121,129.3376923042161,131.12222203409436,141.55831473877944,140.7206089656853,142.33130918514692,135.17589962613113,134.9030043639297,135.30615194907304,134.99800029939215,134.38636103578293,135.46590751174813,136.04937943475562,135.55203856562343,136.63057352707014,136.05798159194447,135.58723882395873,136.58438658166142
2025-07-02,24.0,130.0932680484121,129.3376923042161,131.12222203409436,141.52598503768124,140.69247074691546,142.29728390122523,135.18651022790567,134.9431323056397,135.30074500419812,134.99800029939215,134.38636103578293,135.46590751174813,136.02766033543196,135.5342549219877,136.60276156227067,136.0374603473296,135.55906348687842,136.57034488573672
2025-07-03,24.0,130.0932680484121,129.3376923042161,131.12222203409436,141.674352988352,140.82146904542384,142.46169827796328,135.1954291664105,134.9803407785654,135.2933894777901,134.99800029939215,134.38636103578293,135.46590751174813,136.18494722460758,135.69215142171205,136.7435259215822,136.19630894068692,135.7253853581875,136.71810059531023
2025-07-04,24.0,130.0932680484121,129.3376923042161,131.12222203409436,141.64142436091092,140.7928388082005,142.4238507505915,135.20297306901833,135.0073867972768,135.28592300956626,134.99800029939215,134.38636103578293,135.46590751174813,136.15956249977432,135.68980313250142,136.7159945813415,136.17158302517623,135.7079344298845,136.70344894993255
2025-07-05,24.0,130.0932680484121,129.3376923042161,131.12222203409436,141.60866458433074,140.76430828231707,142.3862692722628,135.2093913955649,135.02160122195986,135.279656952395,134.99800029939215,134.38636103578293,135.46590751174813,136.13322104974068,135.66749698342818,136.69023512166928,136.14573465542145,135.6838157440454,136.68443011348106
2025-07-06,24.0,130.0932680484121,129.3376923042161,131.12222203409436,141.57607558298142,140.73595061671696,142.34950339574416,135.21488188668556,135.03587142173927,135.27605963869053,134.99800029939215,134.38636103578293,135.46590751174813,136.10612253951203,135.64290009402973,136.66566297944516,136.119002921183,135.65145447934654,136.6639387706997
2025-07-07,24.0,130.0932680484121,129.3376923042161,131.12222203409436,141.54365427733487,140.7077392490037,142.31539409813558,135.21960265926037,135.05297683548454,135.27309387901295,134.99800029939215,134.38636103578293,135.46590751174813,136.0784220064403,135.61017236802314,136.63787283416247,136.09157566088513,135.62325252654148,136.6428159784903
2025-07-08,24.0,130.0932680484121,129.3376923042161,131.12222203409436,141.5114024231783,140.6796508859038,142.28158766638524,135.22368095080577,135.07414671178847,135.27032312155686,134.99800029939215,134.38636103578293,135.46590751174813,136.0502484438291,135.57690465792606,136.61189784074077,136.06360183832854,135.588218628288,136.62076108286087
2025-07-09,24.0,130.0932680484121,129.3376923042161,131.12222203409436,141.47931675174027,140.65173538308727,142.24753332846743,135.22721996610375,135.09164699003858,135.26838193440642,134.99800029939215,134.38636103578293,135.46590751174813,136.02170178768907,135.5414159101871,136.58687413668653,136.03520039087746,135.55340622816976,136.60573163245536
2025-07-10,24.0,130.0932680484121,129.3376923042161,131.12222203409436,141.4473971309588,140.62380355770398,142.21114583002077,135.23030392329446,135.10590511758494,135.26662565248762,134.99800029939215,134.38636103578293,135.46590751174813,135.9928661240983,135.5050864673037,136.56133516247667,136.0064671080552,135.52122491342288,136.58386712567255
2025-07-11,24.0,130.0932680484121,129.3376923042161,131.12222203409436,141.41564340463472,140.59374011190883,142.17495092838314,135.23300204801626,135.11890403833388,135.26518599016194,134.99800029939215,134.38636103578293,135.46590751174813,135.963810522496,135.4688452744067,136.53401753824502,135.97747974600784,135.48754919832004,136.56322728788663
2025-07-12,24.0,130.0932680484121,129.3376923042161,131.12222203409436,141.3840536359084,140.56314821302126,142.1390622370486,135.04504261077335,134.39403721654517,135.48265822338055,134.99800029939215,134.38636103578293,135.46590751174813,135.74426131652683,135.11761235502522,136.44203948548267,135.729320449398,135.168854038069,136.3004109706717
2025-07-13,24.0,130.0932680484121,129.3376923042161,131.12222203409436,141.35262858688384,140.53268958512345,142.1033500938397,135.07908447316478,134.5434194563752,135.42298437386765,134.99800029939215,134.38636103578293,135.46590751174813,135.74687812989367,135.16206590574228,136.4251006031788,135.739394909906,135.2185407638531,136.28225987597855
2025-07-14,24.0,130.0932680484121,129.3376923042161,131.12222203409436,141.32136478769434,140.50239496402662,142.0678456342454,135.10669781850171,134.6797231622848,135.38733174063682,134.99800029939215,134.38636103578293,135.46590751174813,135.74322767604113,135.19696877281953,136.40174050579077,135.7409642668725,135.23351450650975,136.2648228431578
2025-07-15,24.0,130.0932680484121,129.3376923042161,131.12222203409436,141.49285086062596,140.66340446956914,142.26178754685466,135.12921399653078,134.7557190346523,135.35076942883663,134.99800029939215,134.38636103578293,135.46590751174813,135.93722992700182,135.40080688849753,136.5760701138315,135.9394125272908,135.46058090855288,136.45147733074435
2025-07-16,24.0,130.0932680484121,129.3376923042161,131.12222203409436,141.46086135563428,140.63536234914102,142.22534661812455,135.14769641381866,134.81233096371096,135.32827826107695,134.99800029939215,134.38636103578293,135.46590751174813,135.923722839298,135.41094497859316,136.5509491590368,135.92862152894511,135.4629771049685,136.4429349966054
2025-07-17,24.0,130.0932680484121,129.3376923042161,131.12222203409436,141.53570789288793,140.7006086537896,142.30412966565336,135.09357839043437,134.63380244213144,135.40075590415015,134.99800029939215,134.38636103578293,135.46590751174813,135.94445135316735,135.37353566234233,136.60237850030074,135.94152642156305,135.42812005265128,136.4606327943969
2025-07-18,24.0,130.0932680484121,129.3376923042161,131.12222203409436,141.5034979102511,140.67250506779484,142.27037634511717,135.11797158818848,134.71001723738084,135.35829051558028,134.99800029939215,134.38636103578293,135.46590751174813,135.93663456828463,135.37981211937415,136.5841407778898,135.93784436463602,135.44928797406877,136.44519795539426
2025-07-19,24.0,130.0932680484121,129.3376923042161,131.12222203409436,141.63066649254054,140.783163117346,142.40763987178957,135.13803380298222,134.77176506805907,135.33360434212892,134.99800029939215,134.38636103578293,135.46590751174813,136.08386536536784,135.5548620716833,136.71320843648223,136.08867045626565,135.61688300338605,136.59112927801726
2025-07-20,24.0,130.0932680484121,129.3376923042161,131.12222203409436,141.59796422021356,140.75467917800947,142.37152628378,135.15463324216802,134.82223463845787,135.3210505253055,134.99800029939215,134.38636103578293,135.46590751174813,136.06776253222662,135.55738323161688,136.68895999323703,136.07473580212155,135.5971143639461,136.5897552844348
2025-07-21,24.0,130.0932680484121,129.3376923042161,131.12222203409436,141.5654323364233,140.72636809895627,142.33580774603126,135.1684558267572,134.8721014682925,135.31142722336833,134.99800029939215,134.38636103578293,135.46590751174813,136.04905323302552,135.5571974836472,136.66026853829533,136.05762651563944,135.58253738086123,136.58590450755275
2025-07-22,24.0,130.0932680484121,129.3376923042161,131.12222203409436,141.53306879576334,140.69816120676356,142.30042874398387,135.1800387988244,134.90177298737999,135.30529130252006,134.99800029939215,134.38636103578293,135.46590751174813,136.02827266443282,135.52873682803,136.62949604756753,136.03803659837155,135.56454363003695,136.57076244152228
2025-07-23,24.0,130.0932680484121,129.3376923042161,131.12222203409436,141.5008723639265,140.6691886961938,142.26652625601517,135.18980337999017,134.9411980898592,135.29537196053406,134.99800029939215,134.38636103578293,135.46590751174813,136.00584081376172,135.51208941070757,136.60160135141194,136.01649591497517,135.5339848997416,136.56701225134023
2025-07-24,24.0,130.0932680484121,129.3376923042161,131.12222203409436,141.4688441044943,140.638169695753,142.23042276266767,135.19808140319597,134.97857825307887,135.28722375784443,134.99800029939215,134.38636103578293,135.46590751174813,135.98209057753533,135.49860430653865,136.57365162496262,135.99341331180185,135.5225418318304,136.56090556710808
2025-07-25,24.0,130.0932680484121,129.3376923042161,131.12222203409436,141.43698077275008,140.60732472874753,142.19411686027098,135.2051361504006,135.00914923362458,135.28231848692454,134.99800029939215,134.38636103578293,135.46590751174813,135.95728199299572,135.483059295206,136.5448176740805,135.969107202896,135.49347829690618,136.53640223219767
2025-07-26,24.0,130.0932680484121,129.3376923042161,131.12222203409436,141.4052822951134,140.57666470161007,142.15801473631703,135.21117794011394,135.02742810483593,135.27827591334133,134.99800029939215,134.38636103578293,135.46590751174813,135.9316253050724,135.45413126129768,136.51625351823128,135.94382811643527,135.46240221222723,136.5120720031957
2025-07-27,24.0,130.0932680484121,129.3376923042161,131.12222203409436,141.3737486549999,140.54609655039897,142.12210520917208,135.21637608817,135.0407421053119,135.27469252482524,134.99800029939215,134.38636103578293,135.46590751174813,135.90528981301497,135.41835858304287,136.48790153687187,135.91777475369582,135.42939069426365,136.4847851473995
2025-07-28,24.0,130.0932680484121,129.3376923042161,131.12222203409436,141.3423784817989,140.51569644385012,142.08639946046986,135.22086777688412,135.05397069251404,135.2713672728457,134.99800029939215,134.38636103578293,135.46590751174813,135.87841132852807,135.3826789901467,136.4601731310335,135.89110564873928,135.3948973302704,136.46042484608515
2025-07-29,24.0,130.0932680484121,129.3376923042161,131.12222203409436,141.31117043374132,140.48548401493187,142.05090616896226,135.22476489887313,135.07290741272118,135.2695106959686,134.99800029939215,134.38636103578293,135.46590751174813,135.8511004024595,135.3471649561374,136.4351359596394,135.86394854028075,135.36269702503105,136.44300004958458
2025-07-30,24.0,130.0932680484121,129.3376923042161,131.12222203409436,141.2801234200788,140.45544329098095,142.01698924072957,135.2281593184824,135.09057614170732,135.26746816304208,134.99800029939215,134.38636103578293,135.46590751174813,135.82344780840626,135.3118012190581,136.41022476533408,135.83640685524907,135.33252805955675,136.41897531379726
2025-07-31,24.0,130.0932680484121,129.3376923042161,131.12222203409436,141.2492368097407,140.4255939049657,141.98498641377802,135.2311267835043,135.10504478005709,135.26587926351124,134.99800029939215,134.38636103578293,135.46590751174813,135.79552866309,135.27661184828094,136.38415749246693,135.80856491386464,135.30516719130625,136.40232679774638
2025-08-01,24.0,130.0932680484121,129.3376923042161,131.12222203409436,141.21851110574076,140.39588927033924,141.95316473113937,135.23373017184446,135.1181263582041,135.2644568545547,134.99800029939215,134.38636103578293,135.46590751174813,135.76740634743027,135.24158988992338,136.35638379085424,135.78049188253493,135.27178037503217,136.37581103751842
2025-08-02,24.0,130.0932680484121,129.3376923042161,131.12222203409436,141.40123376423668,140.5713990810616,142.15261169075967,135.23602190546794,135.13008269750716,135.26329972240146,134.99800029939215,134.38636103578293,135.46590751174813,135.95242073954967,135.44875472705345,136.53046384680684,135.9662618321817,135.46830480569943,136.55880264832646
2025-08-03,24.0,130.0932680484121,129.3376923042161,131.12222203409436,141.36972250675166,140.54087019578728,142.11673446957332,135.238045865527,135.14101145796977,135.26250407558402,134.99800029939215,134.38636103578293,135.46590751174813,135.9229334421237,135.41273063361808,136.5039816808925,135.93678088045434,135.43858165015797,136.53718577148138
2025-08-04,24.0,130.0932680484121,129.3376923042161,131.12222203409436,141.33837322432228,140.51051301548023,142.08104280375437,135.17830996233303,134.9640788020371,135.3320619419147,134.99800029939215,134.38636103578293,135.46590751174813,135.8318482565004,135.33363504979366,136.4414313440031,135.83646824728729,135.3493446418113,136.39416531043238
2025-08-05,24.0,130.0932680484121,129.3376923042161,131.12222203409436,141.30718516198266,140.48032387983545,142.04598146717532,135.1902008700483,135.00288426384492,135.31241125685804,134.99800029939215,134.38636103578293,135.46590751174813,135.812551101876,135.32129349987704,136.41858978789585,135.81954152722793,135.32765649012933,136.38248805870933
2025-08-06,24.0,130.0932680484121,129.3376923042161,131.12222203409436,141.409856416563,140.5776899396659,142.1606033531976,135.19992828013704,135.02954772605483,135.3004463329757,134.99800029939215,134.38636103578293,135.46590751174813,135.9249497665451,135.42951199548045,136.52082831041335,135.9341476175296,135.44739901806136,136.5006095438279
2025-08-07,24.0,130.0932680484121,129.3376923042161,131.12222203409436,141.37829977884454,140.54709849518133,142.12465447865242,135.20793172404555,135.05513280251375,135.28850953292357,134.99800029939215,134.38636103578293,135.46590751174813,135.90139657273514,135.414957081101,136.49443079529448,135.91175906605488,135.42632051856583,136.48644852649824
2025-08-08,24.0,130.0932680484121,129.3376923042161,131.12222203409436,141.5654941989687,140.72588929081334,142.3363925173059,135.21456303494014,135.07741530657617,135.2837508421302,134.99800029939215,134.38636103578293,135.46590751174813,136.0952223037539,135.62041699982962,136.67277606619047,136.10716488903785,135.6300384302427,136.67221384148317
2025-08-09,24.0,130.0932680484121,129.3376923042161,131.12222203409436,141.53313094471994,140.69521637350067,142.30101351525852,135.22009745885168,135.0948600101579,135.2803091515219,134.99800029939215,134.38636103578293,135.46590751174813,136.06839347341668,135.59332115638716,136.64671728827537,136.08093467867533,135.6045042717696,136.65586418199868
2025-08-10,24.0,130.0932680484121,129.3376923042161,131.12222203409436,141.5009374764071,140.6640313216596,142.2635294661338,135.22474908410234,135.10439149761208,135.27651462735636,134.99800029939215,134.38636103578293,135.46590751174813,136.0408516303545,135.5576914401874,136.6176475962875,136.05382030230183,135.56822213059158,136.63487294751442
2025-08-11,24.0,130.0932680484121,129.3376923042161,131.12222203409436,141.46891052717046,140.63305582957761,142.22707031432833,135.22868484653904,135.1161016733512,135.27330872777037,134.99800029939215,134.38636103578293,135.46590751174813,136.01276044355455,135.52141540130563,136.58903094381785,136.02603300940854,135.53771892000674,136.61301334908606
2025-08-12,24.0,130.0932680484121,129.3376923042161,131.12222203409436,141.70213885914342,140.84498782663286,142.48700193162006,135.2320357148129,135.12689120882186,135.26975264094813,134.99800029939215,134.38636103578293,135.46590751174813,136.24933964380136,135.7816406523439,136.81090755169848,136.26367418618202,135.79778310215158,136.8393370189364
2025-08-13,24.0,130.0932680484121,129.3376923042161,131.12222203409436,141.669070545409,140.81618146000312,142.45054318032803,135.23490522414832,135.13996862611506,135.26759498633274,134.99800029939215,134.38636103578293,135.46590751174813,136.21914083940237,135.7424280333121,136.78321053872574,136.23361609697776,135.76056830449954,136.81257245353092
2025-08-14,24.0,130.0932680484121,129.3376923042161,131.12222203409436,141.8765512548556,140.99662305577596,142.6850829072413,135.23737585113332,135.152993465632,135.2660724845198,134.99800029939215,134.38636103578293,135.46590751174813,136.42909217583397,135.96434982779505,136.98526476598235,136.44446298807992,135.98530906461113,137.01234109631784
2025-08-15,24.0,130.0932680484121,129.3376923042161,131.12222203409436,141.84258151639136,140.96705209906946,142.64605352682233,135.23951385113565,135.1620848911678,135.2648227192298,134.99800029939215,134.38636103578293,135.46590751174813,136.39726043737204,135.93912063474906,136.9571681651906,136.41267682490022,135.95117664441125,136.98736967031073
2025-08-16,24.0,130.0932680484121,129.3376923042161,131.12222203409436,141.90597639545223,141.02279276775272,142.71860174368152,135.24137282671447,135.17030661890846,135.26370780684329,134.99800029939215,134.38636103578293,135.46590751174813,136.46251429201178,135.9940234711663,137.0189825144517,136.47845680326378,136.01707005830238,137.04772307294556
2025-08-17,24.0,130.0932680484121,129.3376923042161,131.12222203409436,141.87185491286215,140.99245887601128,142.6784283135316,135.24299644784782,135.17782107950273,135.26280340750378,134.99800029939215,134.38636103578293,135.46590751174813,136.430016430555,135.96554973567046,136.9894798673337,136.44594840683857,135.98217960843547,137.01904736024008
2025-08-18,24.0,130.0932680484121,129.3376923042161,131.12222203409436,141.83790843082255,140.96288791930476,142.63916694834657,135.20294589001765,135.05412422331761,135.30852092376568,134.99800029939215,134.38636103578293,135.46590751174813,136.35601939068525,135.8798234889451,136.93689203635455,136.3657167812575,135.9096152569477,136.91770173186066
2025-08-19,24.0,130.0932680484121,129.3376923042161,131.12222203409436,142.06123269458578,141.1696137521398,142.89877606129016,135.2111406160172,135.08316756270813,135.2957000465979,134.99800029939215,134.38636103578293,135.46590751174813,136.58753838044802,136.09830556413812,137.15239167383868,136.5996507371322,136.15513363442807,137.1337768267867
2025-08-20,24.0,130.0932680484121,129.3376923042161,131.12222203409436,142.02630733303425,141.1356821363354,142.8576218183495,135.21784852622724,135.102045434493,135.2874294823702,134.99800029939215,134.38636103578293,135.46590751174813,136.55932092910655,136.07099670443677,137.12445755888228,136.57250488107593,136.122981424149,137.11675050570798
2025-08-21,24.0,130.0932680484121,129.3376923042161,131.12222203409436,142.12478017661334,141.2299962997122,142.97452723787003,135.2233711581805,135.12012296813214,135.27904410327986,134.99800029939215,134.38636103578293,135.46590751174813,136.6633164046389,136.1703448949051,137.21382398201504,136.6778408094231,136.22660121066122,137.22011526518494
2025-08-22,24.0,130.0932680484121,129.3376923042161,131.12222203409436,142.08952674868996,141.19571274451826,142.93296349180252,135.2279498690673,135.13339987952375,135.2759259445012,134.99800029939215,134.38636103578293,135.46590751174813,136.63264168760233,136.14445840504814,137.18444403273978,136.64768321750472,136.19234621986402,137.20070714783472
2025-08-23,24.0,130.0932680484121,129.3376923042161,131.12222203409436,142.27882366706797,141.37622614301117,143.15413546670277,135.23177353490308,135.14486779538473,135.2737078028718,134.99800029939215,134.38636103578293,135.46590751174813,136.82576227181607,136.31784497066613,137.37261092200654,136.84195353271693,136.38147520940234,137.38801140476374
2025-08-24,24.0,130.0932680484121,129.3376923042161,131.12222203409436,142.24277324021233,141.3411165679011,143.11174734486374,135.23498916631158,135.15280643417782,135.27107283593034,134.99800029939215,134.38636103578293,135.46590751174813,136.79292747636896,136.28948908453097,137.34437669533796,136.80935839806438,136.35225681243912,137.35842322205602
2025-08-25,24.0,130.0932680484121,129.3376923042161,131.12222203409436,142.20690913752642,141.3061713158491,143.0694606047931,135.23771146566514,135.16093947632888,135.26872037825044,134.99800029939215,134.38636103578293,135.46590751174813,136.75978567303662,136.26031071813603,137.31537976313373,136.77637249064983,136.316045393044,137.3354824721491
2025-08-26,24.0,130.0932680484121,129.3376923042161,131.12222203409436,142.17123105830282,141.27145586204958,143.02737611050804,135.24003050885696,135.16902903732466,135.26629499201863,134.99800029939215,134.38636103578293,135.46590751174813,136.72642663700483,136.23048647019033,137.28525887823434,136.74310683330268,136.28578317574863,137.30423422866673
2025-08-27,24.0,130.0932680484121,129.3376923042161,131.12222203409436,142.13573886759698,141.2369236199556,142.98552924015803,135.2420175284969,135.17747131222816,135.26487131381242,134.99800029939215,134.38636103578293,135.46590751174813,136.69292146593892,136.20038353308829,137.25304660028348,136.7096473816788,136.25181487432937,137.27407017846002
2025-08-28,24.0,130.0932680484121,129.3376923042161,131.12222203409436,142.314017551836,141.40699784341788,143.19379088002927,135.2437293244051,135.1864199456408,135.2638150342086,134.99800029939215,134.38636103578293,135.46590751174813,136.87291194608616,136.3612013987354,137.42932204236538,136.8904208379868,136.42255191414858,137.44806283990334
2025-08-29,24.0,130.0932680484121,129.3376923042161,131.12222203409436,142.27778671045868,141.37170505660228,143.1514456256127,135.2452115305754,135.1931343278575,135.26294792057374,134.99800029939215,134.38636103578293,135.46590751174813,136.83816331087914,136.33026131509067,137.39604609087334,136.85565324354005,136.38779516509118,137.41637381236654
2025-08-30,24.0,130.0932680484121,129.3376923042161,131.12222203409436,142.24174389246113,141.33659548149222,143.1089368418674,135.24650108714923,135.19871424168906,135.26214335840532,134.99800029939215,134.38636103578293,135.46590751174813,136.8034100494554,136.29898215883406,137.36453998689055,136.8208604588653,136.35384020610016,137.38414500410562
2025-08-31,24.0,130.0932680484121,129.3376923042161,131.12222203409436,142.20588614851047,141.30169241136122,143.06665516289573,135.2476281065728,135.2038143688414,135.26154638403747,134.99800029939215,134.38636103578293,135.46590751174813,136.7686793249283,136.26763735952312,137.33703112841525,136.78607630045065,136.32313063723387,137.35286717223315
2025-09-01,24.0,130.0932680484121,129.3376923042161,131.12222203409436,142.17021578923487,141.2669958462092,143.02458079080859,135.24861728499778,135.20839277542166,135.26101278414035,134.99800029939215,134.38636103578293,135.46590751174813,136.7339981440777,136.23637856182762,137.3040828546592,136.7513279633449,136.28708492664967,137.32195034637263
2025-09-02,24.0,130.0932680484121,129.3376923042161,131.12222203409436,142.34941495455942,141.43793827150856,143.2335091032771,135.24948900635172,135.21193318432466,135.26056638925638,134.99800029939215,134.38636103578293,135.46590751174813,136.9140690307562,136.3971817779139,137.47903544110574,136.93209743766394,136.4591524070472,137.49623557339285
2025-09-03,24.0,130.0932680484121,129.3376923042161,131.12222203409436,142.3130015357191,141.40245786836147,143.19113136455513,135.2502601997193,135.2152218329065,135.26019159707553,134.99800029939215,134.38636103578293,135.46590751174813,136.87842680528345,136.36542114990038,137.44522356140158,136.89636865468626,136.42317458384403,137.46675862367502
2025-09-04,24.0,130.0932680484121,129.3376923042161,131.12222203409436,142.49422801171409,141.5753054250189,143.3823049960942,135.25094497500484,135.21827697366948,135.25989353782546,134.99800029939215,134.38636103578293,135.46590751174813,137.06033805656398,136.53980916068116,137.62346841983202,137.07897460848199,136.6052509593797,137.63497034970433
2025-09-05,24.0,130.0932680484121,129.3376923042161,131.12222203409436,142.45706678230147,141.53906007252425,143.34706949402712,135.25155516498512,135.22111519724572,135.25969354676974,134.99800029939215,134.38636103578293,135.46590751174813,137.02378701713164,136.50201196223804,137.58775361505158,137.04232190451853,136.56355206886025,137.60668343397535
2025-09-06,24.0,130.0932680484121,129.3376923042161,131.12222203409436,142.61790199652043,141.692544693794,143.51514649914228,135.25210073955714,135.2238100433929,135.25953095007475,134.99800029939215,134.38636103578293,135.46590751174813,137.18516780592265,136.6578215890595,137.75076964774516,137.20434970817382,136.72969640982873,137.75386963617112
2025-09-07,24.0,130.0932680484121,129.3376923042161,131.12222203409436,142.5800998024997,141.6555954625203,143.47149034466375,135.25259012821914,135.22661166556415,135.25940362941688,134.99800029939215,134.38636103578293,135.46590751174813,137.14785500056388,136.62590338412897,137.7141288132771,137.16692655848058,136.69244186141898,137.72152648399145
2025-09-08,24.0,130.0932680484121,129.3376923042161,131.12222203409436,142.54249479396913,141.61887602949906,143.435648955116,135.2530304907105,135.22918209755733,135.25930100533887,134.99800029939215,134.38636103578293,135.46590751174813,137.11069035452468,136.58845780428092,137.6775853590974,137.12964776003466,136.65363765564345,137.68981816869567
2025-09-09,24.0,130.0932680484121,129.3376923042161,131.12222203409436,142.7113780539454,141.77986798733576,143.6222928346052,135.25342793263178,135.23154216141668,135.25921496078087,134.99800029939215,134.38636103578293,135.46590751174813,137.27997105642223,136.73881142270815,137.8455072768674,137.29958723650282,136.82423394321438,137.85187440347553
2025-09-10,24.0,130.0932680484121,129.3376923042161,131.12222203409436,142.67309312374505,141.7425216551661,143.57803387269234,135.25378767424283,135.23371324682682,135.25914127662827,134.99800029939215,134.38636103578293,135.46590751174813,137.24204586783293,136.70451200083386,137.80943489143476,137.26154184296573,136.7864020064071,137.81563063042017
2025-09-11,24.0,130.0932680484121,129.3376923042161,131.12222203409436,142.8077014396253,141.87071055306626,143.72652325886133,135.25411419701578,135.23571049415716,135.25907817635758,134.99800029939215,134.38636103578293,135.46590751174813,137.3769807064861,136.82593701861256,137.94287154798883,137.39706315557845,136.92041743449715,137.94696595872634
2025-09-12,24.0,130.0932680484121,129.3376923042161,131.12222203409436,142.76891892277374,141.83285042299605,143.68783943826526,135.2544113620672,135.2375478267515,135.25902413660603,134.99800029939215,134.38636103578293,135.46590751174813,137.338495354686,136.7934562390515,137.90523562322556,137.35845149002964,136.88100535322118,137.91320290948048
2025-09-13,24.0,130.0932680484121,129.3376923042161,131.12222203409436,143.03051400709793,142.0646531079337,143.95473850407902,135.25468250987748,135.2392380885676,135.25897785430502,134.99800029939215,134.38636103578293,135.46590751174813,137.60036158682047,137.03734087939432,138.15998462892702,137.62117499510148,137.1420314345714,138.16277531119547
2025-09-14,24.0,130.0932680484121,129.3376923042161,131.12222203409436,142.99057988973945,142.0313229013774,143.91807115187493,135.25493052236828,135.24079308037565,135.25893821387737,134.99800029939215,134.38636103578293,135.46590751174813,137.56067548195279,136.99946653627802,138.1224004224066,137.58135600294725,137.10411052519856,138.1237207102121
2025-09-15,24.0,130.0932680484121,129.3376923042161,131.12222203409436,142.9508533510965,141.99811423166364,143.87826689748348,135.25515791631952,135.24222364673048,135.25890154020618,134.99800029939215,134.38636103578293,135.46590751174813,137.5211763372611,136.9617387257868,138.08514488924348,137.5417227926996,137.06422827887334,138.09118799876686
2025-09-16,24.0,130.0932680484121,129.3376923042161,131.12222203409436,142.91133099646777,141.96470052573716,143.83864770393166,135.25536688747076,135.24353970490907,135.2588662807682,134.99800029939215,134.38636103578293,135.46590751174813,137.4818629537836,136.9241140327536,138.04775262674454,137.50227653821574,137.02339388091988,138.05520630418553
2025-09-17,24.0,130.0932680484121,129.3376923042161,131.12222203409436,142.872015516877,141.9265507055907,143.79921816696145,135.2555593407931,135.2447505129817,135.2588373220932,134.99800029939215,134.38636103578293,135.46590751174813,137.44273992751516,136.88669688823916,138.012021676776,137.46301822254912,136.98418884924288,138.01508527678692
2025-09-18,24.0,130.0932680484121,129.3376923042161,131.12222203409436,142.83290234130536,141.88838229678012,143.7596844357932,135.25573695696622,135.2458644596958,135.25881352168983,134.99800029939215,134.38636103578293,135.46590751174813,137.40380436811665,136.85177678713902,137.9747732409017,137.42394844991134,136.9430141156715,137.9788486243021
2025-09-19,24.0,130.0932680484121,129.3376923042161,131.12222203409436,142.79399487155715,141.8503936619328,143.71469438014873,135.25590121067296,135.24688931805147,135.25879397522792,134.99800029939215,134.38636103578293,135.46590751174813,137.36506115207516,136.81722649668322,137.937113838163,137.3850678010091,136.90314514264276,137.94495692086468
2025-09-20,24.0,130.0932680484121,129.3376923042161,131.12222203409436,142.9416076124026,141.99045657911338,143.87430705079663,135.25605340397166,135.24783221631102,135.25877806840597,134.99800029939215,134.38636103578293,135.46590751174813,137.51282608621932,136.95391659227977,138.08158219866039,137.53344261031435,137.05180032544905,138.08718112238748
2025-09-21,24.0,130.0932680484121,129.3376923042161,131.12222203409436,142.90213668054247,141.95239529300903,143.8347132523496,135.2561946729963,135.24869971044907,135.25876672763397,134.99800029939215,134.38636103578293,135.46590751174813,137.4734964233838,136.91643089292788,138.04522739583552,137.49397342621077,137.0122726558828,138.0466429539938
2025-09-22,24.0,130.0932680484121,129.3376923042161,131.12222203409436,142.8628702402667,141.91403845476697,143.79388194268503,135.25632603738583,135.24949785657617,135.25875805110059,134.99800029939215,134.38636103578293,135.46590751174813,137.4343613474976,136.87908571577006,138.0069757448589,137.45469894477515,136.97092758167304,138.01046326607312
2025-09-23,24.0,130.0932680484121,129.3376923042161,131.12222203409436,142.82380734129563,141.8759299706108,143.74870947255616,135.25644839770436,135.2502322037311,135.2587506332053,134.99800029939215,134.38636103578293,135.46590751174813,137.39542080884507,136.84500935792062,137.9696107935057,137.41561888394995,136.931894964587,137.97741178995653
2025-09-24,24.0,130.0932680484121,129.3376923042161,131.12222203409436,142.7849471338688,141.83802700561486,143.7037876802015,135.25656254956698,135.25090787715064,135.25874422219243,134.99800029939215,134.38636103578293,135.46590751174813,137.35667475328083,136.80608487367905,137.9329087629027,137.37673324235251,136.8930418826624,137.93996305045377
2025-09-25,24.0,130.0932680484121,129.3376923042161,131.12222203409436,142.7462879917938,141.80034664950787,143.66332210567788,135.053640592453,134.53881232200766,135.4978294038585,134.99800029939215,134.38636103578293,135.46590751174813,137.11509365409185,136.49149118643615,137.81746633547203,137.10436441017725,136.54450703147455,137.70541899303623
2025-09-26,24.0,130.0932680484121,129.3376923042161,131.12222203409436,142.70782946001933,141.76284372147492,143.62687174362077,134.8534131425739,133.8326683848351,135.71498820230207,134.99800029939215,134.38636103578293,135.46590751174813,136.8764076724383,135.81233699759363,137.8187671308585,136.83711753124436,135.89809514169826,137.68074766796704
2025-09-27,24.0,130.0932680484121,129.3376923042161,131.12222203409436,142.66957062178622,141.7254814802432,143.59060288614634,134.9209530098255,134.02394986726244,135.59299565287392,134.99800029939215,134.38636103578293,135.46590751174813,136.9056887014568,136.03811895762084,137.74157899813054,136.88142598454016,136.08114454665142,137.6193657922491
2025-09-28,24.0,130.0932680484121,129.3376923042161,131.12222203409436,142.63151063322263,141.68834903726392,143.54843474406732,134.97544941141385,134.1831645568538,135.52339881427667,134.99800029939215,134.38636103578293,135.46590751174813,136.92212511448153,136.1893003469893,137.6998376951546,136.90840976782533,136.2374987944787,137.57040772205033
2025-09-29,24.0,130.0932680484121,129.3376923042161,131.12222203409436,142.59364678914676,141.6514419879112,143.50585118250316,135.01965148319368,134.31832787090687,135.4395793847649,134.99800029939215,134.38636103578293,135.46590751174813,136.9284633421855,136.28340456607827,137.63870103175265,136.92231667468232,136.33761415418928,137.53303876059005
2025-09-30,24.0,130.0932680484121,129.3376923042161,131.12222203409436,142.5559791379327,141.6147414435375,143.46345992061975,135.05573825815432,134.43608239061595,135.3973822236893,134.99800029939215,134.38636103578293,135.46590751174813,136.92688246593207,136.3081266549544,137.60739244402913,136.92624937863653,136.3877861088316,137.4981895132477
2025-10-01,24.0,130.0932680484121,129.3376923042161,131.12222203409436,142.5185075817118,141.57824740414284,143.4213140889162,135.08540034631827,134.53769734467332,135.36944279124876,134.99800029939215,134.38636103578293,135.46590751174813,136.9190729978751,136.34410158600105,137.59917071959262,136.92249925703317,136.39470806382187,137.44884783095384
2025-10-02,24.0,130.0932680484121,129.3376923042161,131.12222203409436,142.6543445423478,141.70803375560925,143.57343971429611,135.10994331165685,134.60407930856695,135.3541279372601,134.99800029939215,134.38636103578293,135.46590751174813,137.07945292384971,136.52894176689438,137.74087059045394,137.08659640494312,136.57769649456927,137.60272405111002
2025-10-03,24.0,130.0932680484121,129.3376923042161,131.12222203409436,142.61636540678995,141.6710045651195,143.53072584599357,135.13037804527016,134.67853369878748,135.33903540973157,134.99800029939215,134.38636103578293,135.46590751174813,137.06190852190517,136.50978169318742,137.71573602958267,137.07129895147241,136.57110664851837,137.58061537097709
2025-10-04,24.0,130.0932680484121,129.3376923042161,131.12222203409436,142.7411405187176,141.79016147749152,143.67033453219955,135.1474917573451,134.75433019400128,135.32198317772506,134.99800029939215,134.38636103578293,135.46590751174813,137.2037973459078,136.6403317270972,137.8377456933592,137.21556190506675,136.72853637902048,137.71864735389187
2025-10-05,24.0,130.0932680484121,129.3376923042161,131.12222203409436,142.70271138994215,141.7527465651992,143.62710955914136,135.16190226267872,134.80493958269014,135.31025225781414,134.99800029939215,134.38636103578293,135.46590751174813,137.17977872246593,136.63293330251082,137.8056451386898,137.19281189243043,136.72577836775142,137.69900888954203
2025-10-06,24.0,130.0932680484121,129.3376923042161,131.12222203409436,142.66448188323787,141.7155095225807,143.5841249551641,135.17409789502855,134.852487007447,135.3028832925004,134.99800029939215,134.38636103578293,135.46590751174813,137.15374484811147,136.6075878560008,137.77371110475593,137.16773607056373,136.69771799677565,137.68424877644458
2025-10-07,24.0,130.0932680484121,129.3376923042161,131.12222203409436,142.6264505545283,141.67843815016994,143.54135415501818,135.18446771554392,134.89812163407996,135.29529178977236,134.99800029939215,134.38636103578293,135.46590751174813,137.12608333991727,136.59437960791794,137.7418409972608,137.14079987313877,136.6702806411541,137.6575290775465
2025-10-08,24.0,130.0932680484121,129.3376923042161,131.12222203409436,142.58861569303212,141.64157328273822,143.49880728090153,135.1933239071144,134.9362771657899,135.28903430316586,134.99800029939215,134.38636103578293,135.46590751174813,137.09710466999158,136.57468581058507,137.71000857029725,137.1123715318183,136.64317622405295,137.6360332504002
2025-10-09,24.0,130.0932680484121,129.3376923042161,131.12222203409436,142.550976842149,141.60491492028552,143.45647927171518,135.20091870302653,134.96502197034536,135.28299792730138,134.99800029939215,134.38636103578293,135.46590751174813,137.06706061502058,136.5522007911011,137.67828684189385,137.08274458140636,136.61150848909597,137.61596298912377
2025-10-10,24.0,130.0932680484121,129.3376923042161,131.12222203409436,142.5135347087129,141.56850524473282,143.41434356220958,135.20745720790424,134.9922760503387,135.2783231475632,134.99800029939215,134.38636103578293,135.46590751174813,137.03615698646223,136.53116674169797,137.64664505446095,137.05215463535944,136.57939844918596,137.5903595606346
2025-10-11,24.0,130.0932680484121,129.3376923042161,131.12222203409436,142.47628473190682,141.53225989223816,143.37172187672098,135.2131071088025,135.0166756889856,135.27521499253515,134.99800029939215,134.38636103578293,135.46590751174813,137.00455691055436,136.50182294501798,137.61509237485168,137.02079184747623,136.54815628929782,137.56498855309755
2025-10-12,24.0,130.0932680484121,129.3376923042161,131.12222203409436,142.43922883951765,141.49623993337005,143.32843603647575,135.2180063360358,135.03791108314556,135.27217180577867,134.99800029939215,134.38636103578293,135.46590751174813,136.9724002453985,136.46664166680318,137.5835973598775,136.98881092079264,136.51580815963197,137.54247842487743
2025-10-13,24.0,130.0932680484121,129.3376923042161,131.12222203409436,142.40236520952072,141.4604308841069,143.28538280189372,135.22226884318204,135.05272613163757,135.2696151170618,134.99800029939215,134.38636103578293,135.46590751174813,136.93979912254784,136.4357599444753,137.55219598546154,136.95633805117507,136.48154328299415,137.51690700438968
2025-10-14,24.0,130.0932680484121,129.3376923042161,131.12222203409436,142.3656923633449,141.42482393519683,143.24254196955692,135.2259893755222,135.06705270637988,135.26749982746824,134.99800029939215,134.38636103578293,135.46590751174813,136.90684680871215,136.39881929722586,137.5201020424146,136.92347697634878,136.45219574791713,137.48980231076155
2025-10-15,24.0,130.0932680484121,129.3376923042161,131.12222203409436,142.32920870161496,141.3894234912658,143.19993374288333,135.22924684889722,135.08001295051216,135.26577719240345,134.99800029939215,134.38636103578293,135.46590751174813,136.87362062035723,136.37143992661782,137.48722505362912,136.89031323441392,136.4168314690181,137.46034865844433
2025-10-16,24.0,130.0932680484121,129.3376923042161,131.12222203409436,142.57227059993542,141.62102722571424,143.48044897120548,135.21022461394477,135.050254977897,135.2912856123192,134.99800029939215,134.38636103578293,135.46590751174813,137.09766028372525,136.5995688563111,137.71006770572438,137.11211368144225,136.64112045312658,137.6572231004096
2025-10-17,24.0,130.0932680484121,129.3376923042161,131.12222203409436,142.53471867727748,141.5844910043986,143.43741924799724,135.2163552272552,135.06668827671837,135.28129345536044,134.99800029939215,134.38636103578293,135.46590751174813,137.06623897437774,136.56019799094057,137.67809640851175,137.0815229680329,136.6094133130706,137.6288605545433
2025-10-18,24.0,130.0932680484121,129.3376923042161,131.12222203409436,142.72426720342816,141.7652921372304,143.6510702857885,135.18265059114512,134.96704280074505,135.32104954487212,134.99800029939215,134.38636103578293,135.46590751174813,137.22208286441833,136.72670030672418,137.84925228122444,137.2329325506655,136.7665846290816,137.7550232377264
2025-10-19,24.0,130.0932680484121,129.3376923042161,131.12222203409436,142.6859297037431,141.7279531892721,143.60794905421915,135.1549697627008,134.87319612775548,135.35253434346677,134.99800029939215,134.38636103578293,135.46590751174813,137.15606453628894,136.63475279810783,137.80955376818656,137.16287201714044,136.68947873624,137.6784997107685
2025-10-20,24.0,130.0932680484121,129.3376923042161,131.12222203409436,142.64779063650695,141.6907974530194,143.56506313063176,135.170445204561,134.92414124504248,135.3278569956953,134.99800029939215,134.38636103578293,135.46590751174813,137.133400910913,136.629146912653,137.7820679795665,137.1430910224737,136.67964135698006,137.66558700549515
2025-10-21,24.0,130.0932680484121,129.3376923042161,131.12222203409436,142.92754968322447,141.9571126650302,143.87602691294163,135.18311381515332,134.95707883485738,135.30992083418886,134.99800029939215,134.38636103578293,135.46590751174813,137.4258285682228,136.88967300932464,138.0418550841757,137.43856509664798,136.96534505438893,137.9496462659055
2025-10-22,24.0,130.0932680484121,129.3376923042161,131.12222203409436,142.88816145568347,141.9187558267881,143.83565552809011,135.19354856054764,134.98917899571606,135.29650826286255,134.99800029939215,134.38636103578293,135.46590751174813,137.39687508607616,136.87358110322668,138.00813572079002,137.41106066386953,136.93421115482533,137.9297710253031
2025-10-23,24.0,130.0932680484121,129.3376923042161,131.12222203409436,142.84897679847373,141.8804876216401,143.79159052300346,135.20220326718396,135.01479445149454,135.291488995487,134.99800029939215,134.38636103578293,135.46590751174813,137.36634513550274,136.85412178352158,137.9739553851841,137.38157983447775,136.90990311711593,137.90809911958294
2025-10-24,24.0,130.0932680484121,129.3376923042161,131.12222203409436,142.80999523262258,141.84248697682378,143.74776588699774,135.2094319824401,135.043566415697,135.28721031609805,134.99800029939215,134.38636103578293,135.46590751174813,137.33459228490773,136.82471886660704,137.9394316008367,137.35058999166014,136.87424993662287,137.88042263722923
2025-10-25,24.0,130.0932680484121,129.3376923042161,131.12222203409436,142.77121750883737,141.80468843236054,143.70414367287069,135.21551020564894,135.06817276592568,135.28220904529343,134.99800029939215,134.38636103578293,135.46590751174813,137.30189278433136,136.79379997529827,137.90611684315758,137.318443805522,136.8424503674137,137.86129726874702
2025-10-26,24.0,130.0932680484121,129.3376923042161,131.12222203409436,142.73263923167227,141.7670963928763,143.66076182782456,135.22065329575668,135.0816083052696,135.2771961967942,134.99800029939215,134.38636103578293,135.46590751174813,137.268457597274,136.75166906087406,137.87499178367335,137.285410379706,136.80934234152352,137.83989234985535
2025-10-27,24.0,130.0932680484121,129.3376923042161,131.12222203409436,142.69426077677707,141.72973415164455,143.6175988477087,135.22503068593875,135.09165837962635,135.2729141936983,134.99800029939215,134.38636103578293,135.46590751174813,137.2344565325609,136.720164903507,137.84385006259456,137.251697238055,136.77525755310114,137.80326233769838
2025-10-28,24.0,130.0932680484121,129.3376923042161,131.12222203409436,142.65608203609375,141.69257841539184,143.5741845340003,135.22877674405842,135.10250988220642,135.27047264843748,134.99800029939215,134.38636103578293,135.46590751174813,137.20002384999722,136.68579415113146,137.81221374258402,137.21746609494716,136.73557074224047,137.77333160715662
2025-10-29,24.0,130.0932680484121,129.3376923042161,131.12222203409436,142.61810059845678,141.65562918411814,143.52981656106675,135.1818524866544,134.97292454724519,135.32418269574285,134.99800029939215,134.38636103578293,135.46590751174813,137.11511815495626,136.6315408305237,137.76751314434935,137.12522011877377,136.6606998789597,137.66143903120877
2025-10-30,24.0,130.0932680484121,129.3376923042161,131.12222203409436,142.58031644234163,141.618905346471,143.4856811937964,135.19301992558863,135.00615151676564,135.30731319733795,134.99800029939215,134.38636103578293,135.46590751174813,137.0885014377753,136.6028384410314,137.73760762773816,137.10062114284892,136.63342449903445,137.64435692080573
2025-10-31,24.0,130.0932680484121,129.3376923042161,131.12222203409436,142.54272835137226,141.58238801380287,143.44178349328826,135.20220204346603,135.0292195637774,135.29562044320852,134.99800029939215,134.38636103578293,135.46590751174813,137.06009546468334,136.5718006669864,137.70666636376194,137.07361948595008,136.6031698171001,137.6274179822623
2025-11-01,24.0,130.0932680484121,129.3376923042161,131.12222203409436,142.5053337384872,141.54605829746623,143.3981183984433,135.20979487664223,135.05216249763131,135.28672561275988,134.99800029939215,134.38636103578293,135.46590751174813,137.0302936849745,136.52816078014354,137.67487514988616,137.04481344606464,136.5711032610625,137.6016842404195
2025-11-02,24.0,130.0932680484121,129.3376923042161,131.12222203409436,142.46813435323472,141.50997726802962,143.35443351839083,135.2161157238113,135.07653967375734,135.28359625996364,134.99800029939215,134.38636103578293,135.46590751174813,136.99941514689107,136.4912681696909,137.64250861308372,137.01464477370897,136.54333020165043,137.57718332512042
2025-11-03,24.0,130.0932680484121,129.3376923042161,131.12222203409436,142.43112616482847,141.47710462164022,143.31082215760256,135.22141369627408,135.09707264726129,135.27925011263235,134.99800029939215,134.38636103578293,135.46590751174813,136.9677049309476,136.4593863960814,137.60917360907612,136.98344333933628,136.50838638207054,137.5501196957533
2025-11-04,24.0,130.0932680484121,129.3376923042161,131.12222203409436,142.61295602399872,141.64758429918814,143.52248456499882,135.22588364185688,135.1070143457451,135.2756818186846,134.99800029939215,134.38636103578293,135.46590751174813,137.15400473570065,136.64098302704812,137.77983697752595,137.1708994344814,136.6853691300763,137.73838854802602
2025-11-05,24.0,130.0932680484121,129.3376923042161,131.12222203409436,142.57519960952416,141.61090264346197,143.47838964554236,135.22967842689025,135.11561933855174,135.27166418481494,134.99800029939215,134.38636103578293,135.46590751174813,137.12004310625946,136.60269534727644,137.74753170130296,137.1371872689707,136.65314972373375,137.71078983889396
2025-11-06,24.0,130.0932680484121,129.3376923042161,131.12222203409436,142.89662721437276,141.91690653712854,143.8452975201713,135.2329186852171,135.12663122534244,135.26895873404357,134.99800029939215,134.38636103578293,135.46590751174813,137.4447109694349,136.90383211362754,138.0533884522341,137.46312512927395,136.98832334283753,138.01784245847495
2025-11-07,24.0,130.0932680484121,129.3376923042161,131.12222203409436,142.85740298444534,141.87867609405973,143.8012008887361,135.2357004191677,135.13882378902275,135.26720187086644,134.99800029939215,134.38636103578293,135.46590751174813,137.4082684734581,136.87375362324266,138.01972374155918,137.426787284495,136.94727947567375,137.99016639091175
2025-11-08,24.0,130.0932680484121,129.3376923042161,131.12222203409436,142.81838368460993,141.84067104461747,143.75730161808065,135.23810052990495,135.15139033890125,135.26575747101998,134.99800029939215,134.38636103578293,135.46590751174813,137.37164928435996,136.83942814772914,137.98588171221712,137.39022530213043,136.90441108329597,137.95812285574772
2025-11-09,24.0,130.0932680484121,129.3376923042161,131.12222203409436,142.7795653785651,141.80287250015422,143.71308355487486,135.24018114882927,135.16056405321214,135.26441095330517,134.99800029939215,134.38636103578293,135.46590751174813,137.33491159723943,136.8051235831685,137.9517644996548,137.3535108773383,136.861712893293,137.9254790495761
2025-11-10,24.0,130.0932680484121,129.3376923042161,131.12222203409436,142.74094788885427,141.76529934931753,143.66796213384086,135.24199277861487,135.1689141806975,135.26341829639003,134.99800029939215,134.38636103578293,135.46590751174813,137.2981057373142,136.77842606632544,137.91754309338023,137.31670163834747,136.8235677205148,137.89322051466155
2025-11-11,24.0,130.0932680484121,129.3376923042161,131.12222203409436,142.7025326896954,141.72795599673333,143.62310364408603,135.24357678796602,135.17654612813988,135.2625639971629,134.99800029939215,134.38636103578293,135.46590751174813,137.26127454750647,136.74601908227837,137.88243270110078,137.27984387024898,136.78527958327226,137.86373817266704
2025-11-12,24.0,130.0932680484121,129.3376923042161,131.12222203409436,142.6643139690706,141.6907958558547,143.57845755657638,135.24496725252789,135.18352294043183,135.26183922136832,134.99800029939215,134.38636103578293,135.46590751174813,137.22444629144354,136.70758980001847,137.84698710598124,137.2429751240282,136.74708933659136,137.8323461351393
2025-11-13,24.0,130.0932680484121,129.3376923042161,131.12222203409436,142.87408275253773,141.89080568041192,143.81972318734879,135.24619241220773,135.18933006058472,135.26120735722958,134.99800029939215,134.38636103578293,135.46590751174813,137.43544023459054,136.89789538423085,138.05423251951262,137.45478245593227,136.9630116503442,138.04091953619795
2025-11-14,24.0,130.0932680484121,129.3376923042161,131.12222203409436,142.83497827237233,141.85273956040112,143.77573535850138,135.24727578061095,135.194214042808,135.26070342038977,134.99800029939215,134.38636103578293,135.46590751174813,137.39741912282832,136.86237416873718,138.0176442919448,137.41669208804223,136.9210177746365,138.00692171552035
2025-11-15,24.0,130.0932680484121,129.3376923042161,131.12222203409436,143.0721579831973,142.0787758754735,144.04241875252794,135.24823704668887,135.19875040706987,135.26035096088233,134.99800029939215,134.38636103578293,135.46590751174813,137.63556009973124,137.07637555685258,138.25387603121763,137.65569262295728,137.16173121878577,138.23592984045501
2025-11-16,24.0,130.0932680484121,129.3376923042161,131.12222203409436,143.03202945719661,142.03961175537316,143.99730497268047,135.24909278005748,135.20296466246435,135.26008041002893,134.99800029939215,134.38636103578293,135.46590751174813,137.59628730709915,137.04149184082485,138.2160418516687,137.616330980208,137.12359627750695,138.20044520317472
2025-11-17,24.0,130.0932680484121,129.3376923042161,131.12222203409436,142.99210754398135,142.0006774335253,143.9524100577633,135.1706796668304,134.90685210541776,135.35167057547122,134.99800029939215,134.38636103578293,135.46590751174813,137.47795228065684,136.95870191404546,138.12300770730073,137.4859762083846,137.0120786030533,138.02579834795677
2025-11-18,24.0,130.0932680484121,129.3376923042161,131.12222203409436,143.21727399402505,142.21522932511806,144.1978052145922,135.18465657439154,134.9651508322385,135.32630990735322,134.99800029939215,134.38636103578293,135.46590751174813,137.71709563826164,137.16489343234772,138.33982083875551,137.72903677646622,137.24513660431745,138.2636862391147
2025-11-19,24.0,130.0932680484121,129.3376923042161,131.12222203409436,143.17639422687725,142.1753463518932,144.1590465989303,135.19598970928675,135.02127126219244,135.31178073701463,134.99800029939215,134.38636103578293,135.46590751174813,137.68754900600908,137.14548464261125,138.31481106997106,137.70155550144227,137.2256270706862,138.2365575567684
2025-11-20,24.0,130.0932680484121,129.3376923042161,131.12222203409436,143.13572662265224,142.1356470806978,144.1137959707323,135.20522780575178,135.05404430997075,135.29700837901905,134.99800029939215,134.38636103578293,135.46590751174813,137.65611949824907,137.12700478755042,138.2804055125711,137.6715762321144,137.19560854281866,138.20267331956026
2025-11-21,24.0,130.0932680484121,129.3376923042161,131.12222203409436,143.09527132166414,142.0961543144814,144.06830645396656,135.21280910707657,135.07849335450373,135.28729295394783,134.99800029939215,134.38636103578293,135.46590751174813,137.6232454985858,137.09452569565732,138.24611817313493,137.63972875045278,137.15686773086023,138.18371877563868
2025-11-22,24.0,130.0932680484121,129.3376923042161,131.12222203409436,143.1830297051838,142.18019986783307,144.16593521954005,135.14829605544165,134.8115647263696,135.36254220655894,134.99800029939215,134.38636103578293,135.46590751174813,137.6464908304705,137.09428122207336,138.30209637839943,137.65370870066135,137.15886162886807,138.190339523583
2025-11-23,24.0,130.0932680484121,129.3376923042161,131.12222203409436,143.14233012424856,142.14055842423565,144.1201749670996,135.1654179885276,134.8967025403631,135.33918549039316,134.99800029939215,134.38636103578293,135.46590751174813,137.6229131826212,137.06782410330158,138.27923451480405,137.63339520760928,137.14684722158768,138.1618261322326
2025-11-24,24.0,130.0932680484121,129.3376923042161,131.12222203409436,143.10184041610142,142.10110297662513,144.07463864068842,135.1793841011243,134.9510643566192,135.31681883185414,134.99800029939215,134.38636103578293,135.46590751174813,137.59638958707077,137.05252495530607,138.25584438791591,137.60916122659853,137.1290488370962,138.1383137318636
2025-11-25,24.0,130.0932680484121,129.3376923042161,131.12222203409436,143.50071679544814,142.48015433347084,144.50871169962275,135.19084053875284,134.98571083204075,135.30113033701943,134.99800029939215,134.38636103578293,135.46590751174813,138.00672240404606,137.43563214971417,138.63580171628513,138.02242217991306,137.52319066590843,138.56350373686624
2025-11-26,24.0,130.0932680484121,129.3376923042161,131.12222203409436,143.4583721587521,142.43880015646891,144.46053978111362,135.20029987065328,135.01643097712224,135.29472942538882,134.99800029939215,134.38636103578293,135.46590751174813,137.97383709925043,137.40503892369173,138.60372205331853,137.99070647581559,137.4976840910046,138.52754762103336
2025-11-27,24.0,130.0932680484121,129.3376923042161,131.12222203409436,143.61025189595347,142.57525350623882,144.623887929895,135.20816219296617,135.04303806700344,135.28854838301217,134.99800029939215,134.38636103578293,135.46590751174813,138.13357915876472,137.56003301513522,138.75544960003475,138.15208093601677,137.6495036415216,138.6904559046637
2025-11-28,24.0,130.0932680484121,129.3376923042161,131.12222203409436,143.56734381282968,142.53902033405384,144.5808758624393,135.21473907209173,135.06466019489355,135.28469772447713,134.99800029939215,134.38636103578293,135.46590751174813,138.0972479547665,137.53320508738634,138.7239256578175,138.11634903243177,137.6193438083518,138.66016306200197
2025-11-29,24.0,130.0932680484121,129.3376923042161,131.12222203409436,143.52465662060916,142.49974701260754,144.53688816288144,135.22027390443657,135.0804995975893,135.28007055698336,134.99800029939215,134.38636103578293,135.46590751174813,138.0600955948908,137.49573348748683,138.68418950013196,138.07962403462938,137.57421971601917,138.62244823438354
2025-11-30,24.0,130.0932680484121,129.3376923042161,131.12222203409436,143.48218997939094,142.45827298629678,144.4877706880557,135.2249580787221,135.10122762386183,135.27514969513726,134.99800029939215,134.38636103578293,135.46590751174813,138.02231312795809,137.46114808314488,138.6423031831199,138.04214121178998,137.54578271525537,138.584529468095
2025-12-01,24.0,130.0932680484121,129.3376923042161,131.12222203409436,143.4399455359605,142.41704731407197,144.43896497532432,135.2289432443603,135.11970665368767,135.27231760233522,134.99800029939215,134.38636103578293,135.46590751174813,137.98405385016585,137.42288047433877,138.60055895363976,138.0040828214834,137.5089538110462,138.54641091104153
2025-12-02,24.0,130.0932680484121,129.3376923042161,131.12222203409436,143.60876482003528,142.57439135333334,144.62828011526707,135.23235038358007,135.13415581005194,135.26998411607735,134.99800029939215,134.38636103578293,135.46590751174813,138.1562802734604,137.58480474701628,138.77182686835823,138.17726471679356,137.67370030797758,138.72945105233987
2025-12-03,24.0,130.0932680484121,129.3376923042161,131.12222203409436,143.565864194332,142.53582560794283,144.5838704774157,135.2352767803525,135.14238814114415,135.26803947595934,134.99800029939215,134.38636103578293,135.46590751174813,138.11630604452955,137.54587182487606,138.73472746987795,138.13736301679316,137.63564092770432,138.68962563231526
2025-12-04,24.0,130.0932680484121,129.3376923042161,131.12222203409436,143.85419239192632,142.7836310334685,144.88107950363695,135.23780116290615,135.14889823467783,135.26606915937637,134.99800029939215,134.38636103578293,135.46590751174813,138.40715862467752,137.8263264045068,139.0079034166992,138.4293328660305,137.91630118723572,138.98726133195547
2025-12-05,24.0,130.0932680484121,129.3376923042161,131.12222203409436,143.81002301757078,142.74675075153635,144.83905469916436,135.23998769717568,135.1560323609621,135.26484123725646,134.99800029939215,134.38636103578293,135.46590751174813,138.36517578459154,137.7813515342425,138.96858337906255,138.38734465636125,137.87037620354948,138.95208709624424
2025-12-06,24.0,130.0932680484121,129.3376923042161,131.12222203409436,143.76608318418212,142.71004366346895,144.79503337299565,135.24188897148238,135.16635089683066,135.2638053441711,134.99800029939215,134.38636103578293,135.46590751174813,138.32313722550956,137.7366186098428,138.92987901900622,138.34527535238098,137.83592079980156,138.90454104209184
2025-12-07,24.0,130.0932680484121,129.3376923042161,131.12222203409436,143.7223707177123,142.67353813301511,144.75121766998208,135.17918450109633,134.94824884885736,135.33576901546252,134.99800029939215,134.38636103578293,135.46590751174813,138.21672028865368,137.62791089362932,138.86098740312053,138.22915369539197,137.71218526331972,138.79301631619944
2025-12-08,24.0,130.0932680484121,129.3376923042161,131.12222203409436,143.6788864698001,142.63675229201854,144.70763242788615,135.1609231020461,134.8678056443949,135.35348542505346,134.99800029939215,134.38636103578293,135.46590751174813,138.15497464169124,137.56632503665455,138.81152285808358,138.16498784113608,137.64231677365544,138.72954368888833
2025-12-09,24.0,130.0932680484121,129.3376923042161,131.12222203409436,143.6356268063227,142.59614523189774,144.6613133804188,135.17615213149642,134.9427680370569,135.33068687393123,134.99800029939215,134.38636103578293,135.46590751174813,138.12694400766418,137.5375974109362,138.77562956082392,138.13992886529485,137.62689023046312,138.69774308270286
2025-12-10,24.0,130.0932680484121,129.3376923042161,131.12222203409436,143.59259186269415,142.55411457276068,144.6115636173113,135.18854598741427,134.98973834080317,135.31293600499313,134.99800029939215,134.38636103578293,135.46590751174813,138.09630291995347,137.51454407314938,138.73908355344204,138.11135703549135,137.60717910864133,138.66103481340195
2025-12-11,24.0,130.0932680484121,129.3376923042161,131.12222203409436,143.75587989500968,142.70205149346364,144.79064304068572,135.19869163580472,135.02209589136666,135.29673368310648,134.99800029939215,134.38636103578293,135.46590751174813,138.26973660065946,137.68295047910402,138.90506331265476,138.28707943145483,137.779122221016,138.8404856341065
2025-12-12,24.0,130.0932680484121,129.3376923042161,131.12222203409436,143.7122231884014,142.66510438965048,144.74700334964442,135.2070538179057,135.04661928223805,135.28986149649447,134.99800029939215,134.38636103578293,135.46590751174813,138.23444207615213,137.65575562737985,138.8666469503028,138.25282807837044,137.7447671965728,138.81015822556844
2025-12-13,24.0,130.0932680484121,129.3376923042161,131.12222203409436,143.668792337524,142.62444761497835,144.69917739433163,135.2139942091713,135.06980159667015,135.28455647425488,134.99800029939215,134.38636103578293,135.46590751174813,138.19795161654034,137.62642350674628,138.83099360469296,138.21708301901293,137.7125372130721,138.76908843399747
2025-12-14,24.0,130.0932680484121,129.3376923042161,131.12222203409436,143.62558773175758,142.58228001680376,144.64919660657645,135.21979330102977,135.0849232328132,135.2815411074274,134.99800029939215,134.38636103578293,135.46590751174813,138.16054610263237,137.59327102573923,138.80055813520292,138.1802066987173,137.67133123194853,138.73045069748213
2025-12-15,24.0,130.0932680484121,129.3376923042161,131.12222203409436,143.58260616984433,142.54030928232118,144.60283049802385,135.22466953702792,135.10415186258953,135.27796383455785,134.99800029939215,134.38636103578293,135.46590751174813,138.12244077671733,137.55905615997187,138.76064845578333,138.1424736203162,137.63622916978701,138.69878351557915
2025-12-16,24.0,130.0932680484121,129.3376923042161,131.12222203409436,143.7824815637669,142.72554230053663,144.8238911371125,135.22879403034423,135.12237043799024,135.27331719571833,134.99800029939215,134.38636103578293,135.46590751174813,138.3264406639562,137.75134406233494,138.94617252268603,138.34762874241537,137.83645041815805,138.90440277858667
2025-12-17,24.0,130.0932680484121,129.3376923042161,131.12222203409436,143.7386890470305,142.68772597408002,144.77872488113732,135.19173244342943,135.00625644738233,135.31430660680698,134.99800029939215,134.38636103578293,135.46590751174813,138.245586560305,137.65066022200762,138.8925254903905,138.2609114855178,137.74213334593136,138.81853077212307
2025-12-18,24.0,130.0932680484121,129.3376923042161,131.12222203409436,143.94053361670524,142.85950441500717,144.98926328558332,135.2015155438869,135.0375164057507,135.300881361979,134.99800029939215,134.38636103578293,135.46590751174813,138.4572142304372,137.84924724195167,139.09603192865222,138.4751070664512,137.95726154324237,139.03761897448518
2025-12-19,24.0,130.0932680484121,129.3376923042161,131.12222203409436,143.8959250718181,142.82223924064607,144.9445505639656,135.2095665099939,135.05915470557161,135.2901247096245,134.99800029939215,134.38636103578293,135.46590751174813,138.42065665165705,137.82684662829564,139.05648622601052,138.43968686549485,137.91720266528932,139.0009514929183
2025-12-20,24.0,130.0932680484121,129.3376923042161,131.12222203409436,143.8515459851096,142.7850284667109,144.89999750808272,135.21622907067695,135.07952881233308,135.28303823036185,134.99800029939215,134.38636103578293,135.46590751174813,138.3829401256316,137.80302230028838,139.0167277917838,138.40276536068575,137.88330128340655,138.96305899669576
2025-12-21,24.0,130.0932680484121,129.3376923042161,131.12222203409436,143.80739780714643,142.7476699362919,144.8560700372442,135.22177842300314,135.09510141411002,135.28021129869856,134.99800029939215,134.38636103578293,135.46590751174813,138.34434129999462,137.77336589263862,138.97667129001815,138.36472165811134,137.85131664849573,138.92527503732475
2025-12-22,24.0,130.0932680484121,129.3376923042161,131.12222203409436,143.76347872445535,142.70664438315944,144.80602459118649,135.22643091395668,135.11440288091268,135.27709134833938,134.99800029939215,134.38636103578293,135.46590751174813,138.30507470825708,137.72896208703,138.937030192654,138.32583926432363,137.80963884316083,138.8866124133785
2025-12-23,24.0,130.0932680484121,129.3376923042161,131.12222203409436,143.7197870172681,142.663980076813,144.75553383311947,135.23035609927064,135.13138606617892,135.27347346687702,134.99800029939215,134.38636103578293,135.46590751174813,138.26530818638378,137.69291917656662,138.90293694732654,138.2863332426744,137.76768326644407,138.85319688945285
2025-12-24,24.0,130.0932680484121,129.3376923042161,131.12222203409436,143.67632311788563,142.6215812142812,144.71085063222364,135.23368734292762,135.14341958571939,135.26990282144797,134.99800029939215,134.38636103578293,135.46590751174813,138.22517553065833,137.65147128005665,138.86509051875845,138.24636841294017,137.72867394675865,138.8168605489808
2025-12-25,24.0,130.0932680484121,129.3376923042161,131.12222203409436,143.63308349575829,142.57940496063839,144.6698691066592,135.23653017787413,135.15032092829347,135.26788418336437,134.99800029939215,134.38636103578293,135.46590751174813,138.18477874347747,137.6090259075336,138.82620695061019,138.20607239648416,137.69462282549978,138.7799994985067
2025-12-26,24.0,130.0932680484121,129.3376923042161,131.12222203409436,143.59006904418442,142.53747706108146,144.62258871180373,135.2389687502742,135.15638680336463,135.2663137981798,134.99800029939215,134.38636103578293,135.46590751174813,138.14420286430368,137.56657762635396,138.78330986922788,138.16554607727286,137.65265494333107,138.73903686115221
2025-12-27,24.0,130.0932680484121,129.3376923042161,131.12222203409436,143.54727623173392,142.49579751561046,144.57449180051543,135.2410706228382,135.16406743879654,135.26494940440207,134.99800029939215,134.38636103578293,135.46590751174813,138.10351192441715,137.52417670808987,138.74365503511524,138.12486725894595,137.61314476409822,138.70415436143688
2025-12-28,24.0,130.0932680484121,129.3376923042161,131.12222203409436,143.50470611349132,142.45434057902844,144.5266238763554,135.24289048047206,135.17407793638085,135.26374768889357,134.99800029939215,134.38636103578293,135.46590751174813,138.0627616638084,137.4819449865531,138.70595105878354,138.0840984684083,137.57302864505402,138.66969840463491
2025-12-29,24.0,130.0932680484121,129.3376923042161,131.12222203409436,143.46235698541895,142.41312296731707,144.47901150457315,135.2444728693856,135.18154254791764,135.26293007940825,134.99800029939215,134.38636103578293,135.46590751174813,138.0219949246496,137.43988098009822,138.66818364422025,138.04329080646883,137.53339022642015,138.63261613255258
2025-12-30,24.0,130.0932680484121,129.3376923042161,131.12222203409436,143.4202278655279,142.3720348272111,144.43164962406976,135.2458542951031,135.18813884042106,135.26211414720413,134.99800029939215,134.38636103578293,135.46590751174813,137.98124723047604,137.4006281983127,138.63034449824517,138.0024840487727,137.4878218243137,138.59335897553416
2025-12-31,24.0,130.0932680484121,129.3376923042161,131.12222203409436,143.37831579551406,142.33117648535762,144.3845167306946,135.24706488502346,135.19414262337665,135.2614830003988,134.99800029939215,134.38636103578293,135.46590751174813,137.9405457503826,137.35787529164418,138.59244302961045,137.9617113121946,137.44509591247797,138.55377413400853
2026-01-01,24.0,130.0932680484121,129.3376923042161,131.12222203409436,143.3366224211552,142.29058571905168,144.33763938969727,135.2481296251536,135.19963024505472,135.26092343356544,134.99800029939215,134.38636103578293,135.46590751174813,137.8999171161539,137.31829135037464,138.55572394973834,137.9209987603377,137.40156309482617,138.5135968333633
2026-01-02,24.0,130.0932680484121,129.3376923042161,131.12222203409436,143.2951436458831,142.25020145772473,144.2910074788798,135.24906933518048,135.20464679886766,135.26047832905974,134.99800029939215,134.38636103578293,135.46590751174813,137.85937805090865,137.27947629789927,138.5204762897909,137.88036891356168,137.36226556486426,138.48100535992836
2026-01-03,24.0,130.0932680484121,129.3376923042161,131.12222203409436,143.2538803240668,142.21006588329783,144.24460961628955,135.2499014589497,135.2090132267526,135.2601823515306,134.99800029939215,134.38636103578293,135.46590751174813,137.81894685286156,137.23755833827235,138.4850249906295,137.8398396050934,137.32377950341407,138.44419961485633
2026-01-04,24.0,130.0932680484121,129.3376923042161,131.12222203409436,143.2128317002336,142.17015570249745,144.19686237333045,135.2506406708107,135.21251291905796,135.25993980501156,134.99800029939215,134.38636103578293,135.46590751174813,137.77863744088938,137.1975634121859,138.4483443324755,137.79942550607345,137.2821372318,138.41152103541316
2026-01-05,24.0,130.0932680484121,129.3376923042161,131.12222203409436,143.17199534198326,142.13047091532366,144.14915694352834,135.25129937052967,135.2157634708223,135.2597544720834,134.99800029939215,134.38636103578293,135.46590751174813,137.738459782358,137.16505389007256,138.41044776844836,137.7591390062945,137.23940668813685,138.37853620230604
2026-01-06,24.0,130.0932680484121,129.3376923042161,131.12222203409436,143.1313697609213,142.09101592640232,144.10171950610436,135.25188807674317,135.2187830175254,135.25960331141653,134.99800029939215,134.38636103578293,135.46590751174813,137.69842290750955,137.13247309922397,138.37199175378947,137.71899033863858,137.19996100882915,138.3427176586608
2026-01-07,24.0,130.0932680484121,129.3376923042161,131.12222203409436,143.09095620194415,142.05176744246,144.05452985764052,135.25241573183308,135.22158805518487,135.25947388116435,134.99800029939215,134.38636103578293,135.46590751174813,137.6585370036223,137.09985840738608,138.3336515366918,137.67898778232433,137.1609537630963,138.3069350635269
2026-01-08,24.0,130.0932680484121,129.3376923042161,131.12222203409436,143.05075155025713,142.01439224767304,144.00760820155483,135.25288998630137,135.2241939919741,135.25936304827314,134.99800029939215,134.38636103578293,135.46590751174813,137.61880660640358,137.0670813247527,138.29545897340086,137.63913858512475,137.11777593699398,138.27118496031673
2026-01-09,24.0,130.0932680484121,129.3376923042161,131.12222203409436,143.0107553205052,141.97959257445467,143.96081639657396,135.25331738755386,135.22676849778128,135.25926813794675,134.99800029939215,134.38636103578293,135.46590751174813,137.57923777790413,137.03348916278915,138.25739616970625,137.599448671631,137.07416444740772,138.23441447243852
2026-01-10,24.0,130.0932680484121,129.3376923042161,131.12222203409436,142.97096677536595,141.94496576151965,143.91393392324014,135.25370356667926,135.22932619723963,135.25918685960676,134.99800029939215,134.38636103578293,135.46590751174813,137.53983541189027,136.9965491346827,138.21954514878158,137.55992259762562,137.03152972035366,138.1937117704737
2026-01-11,24.0,130.0932680484121,129.3376923042161,131.12222203409436,142.93138281130072,141.91052474353637,143.86729413494035,135.25405338588826,135.23167470669668,135.2591172498899,134.99800029939215,134.38636103578293,135.46590751174813,137.50060126703406,136.9618433090492,138.18185267246466,137.52056453313585,136.98916253318205,138.15306575654603
2026-01-12,24.0,130.0932680484121,129.3376923042161,131.12222203409436,142.8920052548176,141.87598948144253,143.82092228762616,135.25437103120115,135.23383520118088,135.2590576316438,134.99800029939215,134.38636103578293,135.46590751174813,137.46154135586383,136.9246810871917,138.144337980288,137.48137804674283,136.9475022873123,138.1161991755317
2026-01-13,24.0,130.0932680484121,129.3376923042161,131.12222203409436,143.1210568598245,142.0774104852547,144.08777814471884,135.25466014780415,135.23582268342213,135.25899794626497,134.99800029939215,134.38636103578293,135.46590751174813,137.6908820774737,137.12991361564016,138.36836668954066,137.71151495078567,137.19048104073002,138.3433453749742
2026-01-14,24.0,130.0932680484121,129.3376923042161,131.12222203409436,143.08069718922204,142.04034743698443,144.04067445298173,135.25492390253086,135.23765105503452,135.25894584795742,134.99800029939215,134.38636103578293,135.46590751174813,137.65078616159798,137.09612804170837,138.3298690976754,137.67128715630835,137.14706948017223,138.3054031038898
2026-01-15,24.0,130.0932680484121,129.3376923042161,131.12222203409436,143.04054882471505,142.00539819675618,143.99351794480756,135.25516504667954,135.23933307303022,135.25890303968276,134.99800029939215,134.38636103578293,135.46590751174813,137.61087894123963,137.06077824167542,138.2915492513339,137.63124495016876,137.10389580197506,138.26762052715387
2026-01-16,24.0,130.0932680484121,129.3376923042161,131.12222203409436,143.00060669925566,141.97064837920777,143.94647366493666,135.25538599189392,135.2408804657558,135.25886783986792,134.99800029939215,134.38636103578293,135.46590751174813,137.57115776099465,137.02348538013936,138.2534458871408,137.5913896361917,137.05994252500406,138.22936163264265
2026-01-17,24.0,130.0932680484121,129.3376923042161,131.12222203409436,142.9608717428639,141.93604530631015,143.89967713119873,135.2555888493747,135.24230402704558,135.25883917126566,134.99800029939215,134.38636103578293,135.46590751174813,137.53162566208366,136.98879751206724,138.2155237891352,137.55172257212482,137.01742635890565,138.18782105383661
2026-01-18,24.0,130.0932680484121,129.3376923042161,131.12222203409436,142.92134244952416,141.90138474333648,143.85312328249483,135.25577546733794,135.2436136886719,135.25881558044367,134.99800029939215,134.38636103578293,135.46590751174813,137.49228298670718,136.9539239088436,138.17767711421052,137.51224433037902,136.97570901020828,138.1493312592718
2026-01-19,24.0,130.0932680484121,129.3376923042161,131.12222203409436,142.8820181741945,141.86689925908408,143.80840715017223,135.25594747898697,135.2448185565702,135.2588001529165,134.99800029939215,134.38636103578293,135.46590751174813,137.45313072302656,136.91240559117648,138.13937484592924,137.47295581658028,136.9335607632971,138.11329840719358
2026-01-20,24.0,130.0932680484121,129.3376923042161,131.12222203409436,142.84289669387024,141.82962621349915,143.76528615729754,135.25610631682025,135.24592709193814,135.25878705332846,134.99800029939215,134.38636103578293,135.46590751174813,137.41416808053555,136.87277117445717,138.10124656179377,137.43385736670888,136.8948862486894,138.07740520125554
