date,hour,intercept_mean,intercept_lower,intercept_upper,strength_mean,strength_lower,strength_upper,aerobic_mean,aerobic_lower,aerobic_upper,spline_mean,spline_lower,spline_upper,total_mean,total_lower,total_upper,full_model_mean,full_model_lower,full_model_upper
2023-07-12,8.0,130.0932680484121,129.3376923042161,131.12222203409436,135.25870109265307,135.25870109265307,135.25870109265307,135.25870109265307,135.25870109265307,135.25870109265307,136.01959954851566,135.20453021846964,137.03582243542962,130.8541665042747,129.7862361378705,132.6892196010815,130.8523980371333,129.4772305988878,132.45502207915567
2023-07-13,8.0,130.0932680484121,129.3376923042161,131.12222203409436,135.25870109265307,135.25870109265307,135.25870109265307,135.25870109265307,135.25870109265307,135.25870109265307,136.01959954851566,135.20453021846964,137.03582243542962,130.8541665042747,129.7862361378705,132.6892196010815,130.8523980371333,129.4772305988878,132.45502207915567
2023-07-14,8.0,130.0932680484121,129.3376923042161,131.12222203409436,135.25870109265307,135.25870109265307,135.25870109265307,135.18443069255537,135.0007708380695,135.34620156456924,136.01959954851566,135.20453021846964,137.03582243542962,130.779896104177,129.70887243679604,132.5257098549563,130.76691252555884,129.41596327448386,132.33671552833547
2023-07-15,8.0,130.0932680484121,129.3376923042161,131.12222203409436,135.25870109265307,135.25870109265307,135.25870109265307,135.14200998161314,134.85059070982348,135.38908573906505,136.01959954851566,135.20453021846964,137.03582243542962,130.73747539323475,129.6384699487362,132.44145229680575,130.71875144630016,129.3882476635582,132.25932045737287
2023-07-16,8.0,130.0932680484121,129.3376923042161,131.12222203409436,135.25870109265307,135.25870109265307,135.25870109265307,135.16149617809265,134.90235004379784,135.3553022392439,136.01959954851566,135.20453021846964,137.03582243542962,130.75696158971428,129.66760545634872,132.4567929857449,130.74257590740027,129.40953056490656,132.30906766652734
2023-07-17,8.0,130.0932680484121,129.3376923042161,131.12222203409436,135.25870109265307,135.25870109265307,135.25870109265307,135.17721812515202,134.9489916658779,135.3349349794267,136.01959954851566,135.20453021846964,137.03582243542962,130.77268353677366,129.70443436023427,132.47052359574963,130.76135862158554,129.43576122578688,132.33350574106333
2023-07-18,8.0,130.0932680484121,129.3376923042161,131.12222203409436,135.25870109265307,135.25870109265307,135.25870109265307,135.1899704528132,134.98920197110843,135.31039823791085,136.01959954851566,135.20453021846964,137.03582243542962,130.78543586443485,129.72041682738652,132.48526825605012,130.7763210390785,129.439425899991,132.34697744568803
2023-07-19,8.0,130.0932680484121,129.3376923042161,131.12222203409436,135.25870109265307,135.25870109265307,135.25870109265307,135.15688712840506,134.87628342146633,135.35522368093535,136.01959954851566,135.20453021846964,137.03582243542962,130.75235254002666,129.6569269580953,132.41853814302144,130.73832301323566,129.41435665255398,132.3156607617706
2023-07-20,8.0,130.0932680484121,129.3376923042161,131.12222203409436,135.25870109265307,135.25870109265307,135.25870109265307,135.1112806434891,134.7221087223732,135.4051678466034,136.01959954851566,135.20453021846964,137.03582243542962,130.70674605511073,129.59862607216806,132.34199310129046,130.6861972086098,129.36830246162216,132.22725922448018
2023-07-21,8.0,130.0932680484121,129.3376923042161,131.12222203409436,135.25870109265307,135.25870109265307,135.25870109265307,135.0609496810794,134.54622754217928,135.46159544601954,136.01959954851566,135.20453021846964,137.03582243542962,130.65641509270102,129.53017606656738,132.30484052263165,130.6289775109881,129.30033143117086,132.14096344037327
2023-07-22,8.0,130.0932680484121,129.3376923042161,131.12222203409436,135.25870109265307,135.25870109265307,135.25870109265307,135.09274215256286,134.64020435666646,135.41100348503167,136.01959954851566,135.20453021846964,137.03582243542962,130.6882075641845,129.56371546701257,132.33646950826332,130.66703769872026,129.36111137671912,132.18593295410713
2023-07-23,8.0,130.0932680484121,129.3376923042161,131.12222203409436,135.25870109265307,135.25870109265307,135.25870109265307,135.11857195428473,134.71472327237612,135.36658649378984,136.01959954851566,135.20453021846964,137.03582243542962,130.71403736590636,129.61769417463753,132.35593141574168,130.69735050110162,129.39998208724063,132.26740956374192
2023-07-24,8.0,130.0932680484121,129.3376923042161,131.12222203409436,135.25870109265307,135.25870109265307,135.25870109265307,135.13967849130668,134.78096116740176,135.33824341501426,136.01959954851566,135.20453021846964,137.03582243542962,130.7351439029283,129.64997095155442,132.37098133065697,130.72173049666964,129.41595221340344,132.3037631871521
2023-07-25,8.0,130.0932680484121,129.3376923042161,131.12222203409436,135.25870109265307,135.25870109265307,135.25870109265307,135.08636520075171,134.59870618649623,135.4131179165376,136.01959954851566,135.20453021846964,137.03582243542962,130.68183061237332,129.55213635530077,132.3361598556698,130.6603382622499,129.3613927429521,132.1776426743381
2023-07-26,8.0,130.0932680484121,129.3376923042161,131.12222203409436,135.25870109265307,135.25870109265307,135.25870109265307,135.05690101551295,134.50125238521093,135.44825367591145,136.01959954851566,135.20453021846964,137.03582243542962,130.65236642713458,129.5081288587735,132.25626003136472,130.62688254650593,129.3250494893048,132.14182689596296
2023-07-27,8.0,130.0932680484121,129.3376923042161,131.12222203409436,135.25870109265307,135.25870109265307,135.25870109265307,135.0143233476542,134.35657540316117,135.49243584012248,136.01959954851566,135.20453021846964,137.03582243542962,130.60978875927583,129.45628160912494,132.2144492004244,130.57851314147612,129.25611476222258,132.05600950358388
2023-07-28,8.0,130.0932680484121,129.3376923042161,131.12222203409436,135.25870109265307,135.25870109265307,135.25870109265307,134.96224497968035,134.18711688089917,135.55029028584775,136.01959954851566,135.20453021846964,137.03582243542962,130.55771039130198,129.36061259609735,132.18662444664034,130.51947201436033,129.19010223432176,132.02246815986854
2023-07-29,8.0,130.0932680484121,129.3376923042161,131.12222203409436,135.25870109265307,135.25870109265307,135.25870109265307,135.00891094361685,134.3179432066419,135.4710057797968,136.01959954851566,135.20453021846964,137.03582243542962,130.6043763552385,129.44072119255998,132.21795594964243,130.574788903354,129.2601935356246,132.05898078630966
2023-07-30,8.0,130.0932680484121,129.3376923042161,131.12222203409436,135.25870109265307,135.25870109265307,135.25870109265307,134.9604005416595,134.1551247015123,135.52927844229043,136.01959954851566,135.20453021846964,137.03582243542962,130.55586595328114,129.3426881939041,132.18263458024342,130.51944376712623,129.19320002815476,132.04171789637363
2023-07-31,8.0,130.0932680484121,129.3376923042161,131.12222203409436,135.25870109265307,135.25870109265307,135.25870109265307,135.0064298999126,134.29480693471305,135.4492446852528,136.01959954851566,135.20453021846964,137.03582243542962,130.60189531153424,129.44100455505145,132.22254249329416,130.57342755258645,129.2746413805957,132.0618262492457
2023-08-01,8.0,130.0932680484121,129.3376923042161,131.12222203409436,135.25870109265307,135.25870109265307,135.25870109265307,135.04409250349545,134.40549360711688,135.39755298203139,136.01959954851566,135.20453021846964,137.03582243542962,130.63955791511708,129.48791136008677,132.26132225444172,130.6168782735168,129.34423355064493,132.16103307946392
2023-08-02,8.0,130.0932680484121,129.3376923042161,131.12222203409436,135.25870109265307,135.25870109265307,135.25870109265307,134.91669292663641,133.9809249730419,135.5747007393711,136.01959954851566,135.20453021846964,137.03582243542962,130.51215833825802,129.24423040906402,132.16970167945334,130.47016629302155,129.0802470402541,131.98977022353463
2023-08-03,8.0,130.0932680484121,129.3376923042161,131.12222203409436,135.25870109265307,135.25870109265307,135.25870109265307,134.89577101796587,133.91043425909527,135.59624945828514,136.01959954851566,135.20453021846964,137.03582243542962,130.4912364295875,129.20457516668736,132.14706014501414,130.4471704243683,129.03161146968108,131.95864434325432
2023-08-04,8.0,130.0932680484121,129.3376923042161,131.12222203409436,135.25870109265307,135.25870109265307,135.25870109265307,134.83382608071614,133.7103577941224,135.66114518566187,136.01959954851566,135.20453021846964,137.03582243542962,130.42929149233777,129.0630187495205,132.0960120352906,130.37694060100753,128.90367348309184,131.91563817129366
2023-08-05,8.0,130.0932680484121,129.3376923042161,131.12222203409436,135.25870109265307,135.25870109265307,135.25870109265307,134.89964152102505,133.89719731540868,135.54311146143368,136.01959954851566,135.20453021846964,137.03582243542962,130.49510693264665,129.21627488993067,132.12335084399214,130.45450519132328,129.06384898854284,131.96464636201307
2023-08-06,8.0,130.0932680484121,129.3376923042161,131.12222203409436,135.25870109265307,135.25870109265307,135.25870109265307,134.95344492338256,134.05822590442676,135.4595070993699,136.01959954851566,135.20453021846964,137.03582243542962,130.5489103350042,129.3174044839201,132.14792375702697,130.51680586674672,129.20219130389492,132.01264246387476
2023-08-07,8.0,130.0932680484121,129.3376923042161,131.12222203409436,135.25870109265307,135.25870109265307,135.25870109265307,134.99769302165853,134.21852950974318,135.42041078728477,136.01959954851566,135.20453021846964,137.03582243542962,130.59315843328017,129.40007252198615,132.1918450379342,130.5673243788647,129.28241593749053,132.1149270397177
2023-08-08,8.0,130.0932680484121,129.3376923042161,131.12222203409436,135.25870109265307,135.25870109265307,135.25870109265307,135.03431810818634,134.30970264025223,135.39732984057108,136.01959954851566,135.20453021846964,137.03582243542962,130.62978351980794,129.49480888664908,132.23125740526982,130.60864891264814,129.34085093399133,132.1669956931237
2023-08-09,8.0,130.0932680484121,129.3376923042161,131.12222203409436,135.25870109265307,135.25870109265307,135.25870109265307,134.99455360038087,134.22077101801523,135.4262128214767,136.01959954851566,135.20453021846964,137.03582243542962,130.59001901200247,129.40986002783941,132.17436177670373,130.56240512235433,129.26840984441841,132.09027327411366
2023-08-10,8.0,130.0932680484121,129.3376923042161,131.12222203409436,135.25870109265307,135.25870109265307,135.25870109265307,134.9631960422312,134.11112329782262,135.46647504291465,136.01959954851566,135.20453021846964,137.03582243542962,130.55866145385284,129.36340738412355,132.10197979053558,130.5262749410643,129.21851054540826,132.02104957630564
2023-08-11,8.0,130.0932680484121,129.3376923042161,131.12222203409436,135.25870109265307,135.25870109265307,135.25870109265307,134.87520250461117,133.8300792098178,135.5976652136607,136.01959954851566,135.20453021846964,137.03582243542962,130.47066791623277,129.17684132742065,132.10790127551738,130.4252345183114,128.98116395587303,131.93880353026472
2023-08-12,8.0,130.0932680484121,129.3376923042161,131.12222203409436,135.25870109265307,135.25870109265307,135.25870109265307,134.9325881896132,133.9955135814382,135.48709295672035,136.01959954851566,135.20453021846964,137.03582243542962,130.52805360123483,129.29092894545775,132.0874691664852,130.49245071160004,129.17360601552184,131.99833633899647
2023-08-13,8.0,130.0932680484121,129.3376923042161,131.12222203409436,135.25870109265307,135.25870109265307,135.25870109265307,134.97977567971455,134.1303280976304,135.42966308415404,136.01959954851566,135.20453021846964,137.03582243542962,130.57524109133618,129.37924137115036,132.08379878398708,130.54676936297392,129.23650415796902,132.05607310479627
2023-08-14,8.0,130.0932680484121,129.3376923042161,131.12222203409436,135.25870109265307,135.25870109265307,135.25870109265307,135.0188013074384,134.2383481507739,135.40312828528963,136.01959954851566,135.20453021846964,137.03582243542962,130.61426671906,129.46552885364397,132.1337794248068,130.59108158168274,129.3258707745254,132.14632184251553
2023-08-15,8.0,130.0932680484121,129.3376923042161,131.12222203409436,135.25870109265307,135.25870109265307,135.25870109265307,135.0512790169438,134.34817752725075,135.3794540037498,136.01959954851566,135.20453021846964,137.03582243542962,130.64674442856543,129.52767792685665,132.1712727272555,130.62754566242455,129.3486773397006,132.17723064909273
2023-08-16,8.0,130.0932680484121,129.3376923042161,131.12222203409436,135.25870109265307,135.25870109265307,135.25870109265307,135.01111514841404,134.23639928988982,135.4154030304731,136.01959954851566,135.20453021846964,137.03582243542962,130.60658056003567,129.45485588444888,132.11278002656888,130.5808011646732,129.31079797851103,132.10406160216516
2023-08-17,8.0,130.0932680484121,129.3376923042161,131.12222203409436,135.25870109265307,135.25870109265307,135.25870109265307,134.90959915775298,133.9293190873555,135.55264732567153,136.01959954851566,135.20453021846964,137.03582243542962,130.5050645693746,129.26117822722318,132.08947442880543,130.4638859678012,129.0887288149778,131.951740846442
2023-08-18,8.0,130.0932680484121,129.3376923042161,131.12222203409436,135.25870109265307,135.25870109265307,135.25870109265307,134.9608544804165,134.0837191494367,135.46070112430965,136.01959954851566,135.20453021846964,137.03582243542962,130.55631989203812,129.35765052421868,132.09998480813314,130.5239125887895,129.21796509588043,132.01394075818817
2023-08-19,8.0,130.0932680484121,129.3376923042161,131.12222203409436,135.25870109265307,135.25870109265307,135.25870109265307,135.00310916226937,134.19617356878356,135.41288031184072,136.01959954851566,135.20453021846964,137.03582243542962,130.598574573891,129.43238759923918,132.10045816567353,130.57253491371873,129.29019602492554,132.10071078611776
2023-08-20,8.0,130.0932680484121,129.3376923042161,131.12222203409436,135.25870109265307,135.25870109265307,135.25870109265307,134.85981221108125,133.76008033211258,135.60023482915713,136.01959954851566,135.20453021846964,137.03582243542962,130.45527762270285,129.13301327745853,132.1017065735705,130.40741429648193,128.96750006497615,131.9346563164276
2023-08-21,8.0,130.0932680484121,129.3376923042161,131.12222203409436,135.25870109265307,135.25870109265307,135.25870109265307,134.91901816034044,133.93105232987355,135.50225793648735,136.01959954851566,135.20453021846964,137.03582243542962,130.51448357196205,129.2652162233267,132.08881078533045,130.47702739547793,129.12415054236322,131.98970662232227
2023-08-22,8.0,130.0932680484121,129.3376923042161,131.12222203409436,135.25870109265307,135.25870109265307,135.25870109265307,134.96772030861234,134.06729076808585,135.43916117848332,136.01959954851566,135.20453021846964,137.03582243542962,130.56318572023397,129.3652008948881,132.08738877061162,130.533278163195,129.21857138135053,132.0494986751262
2023-08-23,8.0,130.0932680484121,129.3376923042161,131.12222203409436,135.25870109265307,135.25870109265307,135.25870109265307,134.95258603524118,134.03593785920032,135.45197812825026,136.01959954851566,135.20453021846964,137.03582243542962,130.54805144686281,129.3451943205263,132.09738614283197,130.515737915285,129.19551525054857,132.02337862505
2023-08-24,8.0,130.0932680484121,129.3376923042161,131.12222203409436,135.25870109265307,135.25870109265307,135.25870109265307,134.90958073214514,133.90180787723776,135.51238368058043,136.01959954851566,135.20453021846964,137.03582243542962,130.50504614376675,129.26195414942595,132.06902246857177,130.466277226827,129.0848394625778,131.9843025932233
2023-08-25,8.0,130.0932680484121,129.3376923042161,131.12222203409436,135.25870109265307,135.25870109265307,135.25870109265307,134.9597251826495,134.05171480457378,135.44565974939178,136.01959954851566,135.20453021846964,137.03582243542962,130.55519059427112,129.36172785969242,132.09040223576434,130.524305030392,129.20064206131968,132.03276326046233
2023-08-26,8.0,130.0932680484121,129.3376923042161,131.12222203409436,135.25870109265307,135.25870109265307,135.25870109265307,135.00120287756837,134.1659764506532,135.40979377499758,136.01959954851566,135.20453021846964,137.03582243542962,130.59666828919,129.41772917533208,132.10426324550164,130.5715949002436,129.2849447769998,132.10572076422702
2023-08-27,8.0,130.0932680484121,129.3376923042161,131.12222203409436,135.25870109265307,135.25870109265307,135.25870109265307,135.03572106716072,134.30348403273996,135.38809064336291,136.01959954851566,135.20453021846964,137.03582243542962,130.63118647878233,129.50291327175182,132.13346750491633,130.6104831799087,129.31410109364916,132.16697633623298
2023-08-28,8.0,130.0932680484121,129.3376923042161,131.12222203409436,135.25870109265307,135.25870109265307,135.25870109265307,135.06462714590438,134.40191924193442,135.3732197099574,136.01959954851566,135.20453021846964,137.03582243542962,130.660092557526,129.55639020221392,132.18939727164616,130.64272820647878,129.35921647538098,132.20637728729676
2023-08-29,8.0,130.0932680484121,129.3376923042161,131.12222203409436,135.25870109265307,135.25870109265307,135.25870109265307,135.08897977723916,134.48273253920522,135.35026517553982,136.01959954851566,135.20453021846964,137.03582243542962,130.68444518886076,129.60710617572744,132.2542614254941,130.66966791579677,129.38206037170255,132.2470136227791
2023-08-30,8.0,130.0932680484121,129.3376923042161,131.12222203409436,135.25870109265307,135.25870109265307,135.25870109265307,135.06435300145176,134.4245444566042,135.37274298277362,136.01959954851566,135.20453021846964,137.03582243542962,130.65981841307337,129.56475780973037,132.1900163457045,130.64074564884365,129.36199695446962,132.18684341928858
2023-08-31,8.0,130.0932680484121,129.3376923042161,131.12222203409436,135.25870109265307,135.25870109265307,135.25870109265307,135.0893433135423,134.50896893290442,135.3553770374766,136.01959954851566,135.20453021846964,137.03582243542962,130.6848087251639,129.61470769805317,132.24811990109768,130.66892015772558,129.3832563510221,132.23697223571727
2023-09-01,8.0,130.0932680484121,129.3376923042161,131.12222203409436,135.25870109265307,135.25870109265307,135.25870109265307,135.11039580533213,134.597038736845,135.33850151548367,136.01959954851566,135.20453021846964,137.03582243542962,130.70586121695376,129.62101979415286,132.28048887593025,130.69238781464165,129.39817290927567,132.26196405559142
2023-09-02,8.0,130.0932680484121,129.3376923042161,131.12222203409436,135.25870109265307,135.25870109265307,135.25870109265307,135.12822641186062,134.65930163493906,135.32076178392805,136.01959954851566,135.20453021846964,137.03582243542962,130.72369182348226,129.6256761583857,132.29977858034528,130.71209063373996,129.42208696512714,132.27829643213775
2023-09-03,8.0,130.0932680484121,129.3376923042161,131.12222203409436,135.25870109265307,135.25870109265307,135.25870109265307,135.14341018862092,134.70318076081193,135.30714917518878,136.01959954851566,135.20453021846964,137.03582243542962,130.73887560024252,129.65432729215598,132.31394395705036,130.72875190598182,129.425007090356,132.2967919412222
2023-09-04,8.0,130.0932680484121,129.3376923042161,131.12222203409436,135.25870109265307,135.25870109265307,135.25870109265307,135.10160800755708,134.6012961051942,135.35743185755206,136.01959954851566,135.20453021846964,137.03582243542962,130.6970734191787,129.62271642017458,132.265113216879,130.68020507016112,129.39435476258086,132.22163051718536
2023-09-05,8.0,130.0932680484121,129.3376923042161,131.12222203409436,135.25870109265307,135.25870109265307,135.25870109265307,135.12182484673278,134.6787995191292,135.3383297012892,136.01959954851566,135.20453021846964,137.03582243542962,130.7172902583544,129.63533184708496,132.28623606810038,130.7033897860229,129.4036267132365,132.25652200402854
2023-09-06,8.0,130.0932680484121,129.3376923042161,131.12222203409436,135.25870109265307,135.25870109265307,135.25870109265307,135.05742308793265,134.46470634875735,135.40705991379957,136.01959954851566,135.20453021846964,137.03582243542962,130.65288849955428,129.5381584574386,132.20653114534136,130.62910376769048,129.34623422356452,132.14101805445782
2023-09-07,8.0,130.0932680484121,129.3376923042161,131.12222203409436,135.25870109265307,135.25870109265307,135.25870109265307,135.08534385899628,134.54845452346288,135.37205922536006,136.01959954851566,135.20453021846964,137.03582243542962,130.6808092706179,129.6013909346397,132.2397566869608,130.6618122051376,129.38371676849428,132.1992048679669
2023-09-08,8.0,130.0932680484121,129.3376923042161,131.12222203409436,135.25870109265307,135.25870109265307,135.25870109265307,135.1084824295782,134.62969842826223,135.34457496584457,136.01959954851566,135.20453021846964,137.03582243542962,130.70394784119983,129.63157134160235,132.26921037274698,130.68844564005215,129.40523471780142,132.22926681057504
2023-09-09,8.0,130.0932680484121,129.3376923042161,131.12222203409436,135.25870109265307,135.25870109265307,135.25870109265307,135.1277746979525,134.70388819064942,135.33246033079527,136.01959954851566,135.20453021846964,137.03582243542962,130.72324010957414,129.64870781703405,132.28959469526833,130.7103521111914,129.4233119797828,132.25542488311515
2023-09-10,8.0,130.0932680484121,129.3376923042161,131.12222203409436,135.25870109265307,135.25870109265307,135.25870109265307,135.0375075214529,134.42746485421628,135.43204576317157,136.01959954851566,135.20453021846964,137.03582243542962,130.63297293307454,129.50110520618526,132.18344567695087,130.60623721412833,129.31782452984297,132.09104478447242
2023-09-11,8.0,130.0932680484121,129.3376923042161,131.12222203409436,135.25870109265307,135.25870109265307,135.25870109265307,135.0689947765886,134.49948153647375,135.38851320387778,136.01959954851566,135.20453021846964,137.03582243542962,130.66446018821023,129.5699605567264,132.2110860376153,130.6433384877642,129.36965191343248,132.1670392461278
2023-09-12,8.0,130.0932680484121,129.3376923042161,131.12222203409436,135.25870109265307,135.25870109265307,135.25870109265307,135.09498860014608,134.57927002095147,135.35542737940284,136.01959954851566,135.20453021846964,137.03582243542962,130.6904540117677,129.6195350672994,132.25064361345218,130.6734101876279,129.39865060968597,132.20659920022254
2023-09-13,8.0,130.0932680484121,129.3376923042161,131.12222203409436,135.25870109265307,135.25870109265307,135.25870109265307,135.02742748738515,134.38823077919778,135.4429383045269,136.01959954851566,135.20453021846964,137.03582243542962,130.62289289900676,129.48811546074222,132.15158895622548,130.5955929179912,129.3000770263214,132.07070622286426
2023-09-14,8.0,130.0932680484121,129.3376923042161,131.12222203409436,135.25870109265307,135.25870109265307,135.25870109265307,134.9777854421633,134.22906081189396,135.49589486081902,136.01959954851566,135.20453021846964,137.03582243542962,130.57325085378494,129.41563686732664,132.1092236630569,130.539018382772,129.22752186935668,132.00269855258406
2023-09-15,8.0,130.0932680484121,129.3376923042161,131.12222203409436,135.25870109265307,135.25870109265307,135.25870109265307,134.94402905169042,134.0826716308446,135.53370815013548,136.01959954851566,135.20453021846964,137.03582243542962,130.53949446331205,129.34422888491335,132.06297238080842,130.50106758359462,129.18557548716302,131.96476319467493
2023-09-16,8.0,130.0932680484121,129.3376923042161,131.12222203409436,135.25870109265307,135.25870109265307,135.25870109265307,134.99083932584944,134.25212114705403,135.45923397370748,136.01959954851566,135.20453021846964,137.03582243542962,130.58630473747107,129.44162189462548,132.09126152997368,130.55632167745216,129.24284492231538,132.02706196482728
2023-09-17,8.0,130.0932680484121,129.3376923042161,131.12222203409436,135.25870109265307,135.25870109265307,135.25870109265307,135.0292330841657,134.3615895777,135.3992436110617,136.01959954851566,135.20453021846964,137.03582243542962,130.6246984957873,129.49165454984748,132.1145272119093,130.60084034016577,129.32729903653367,132.1061203457569
2023-09-18,8.0,130.0932680484121,129.3376923042161,131.12222203409436,135.25870109265307,135.25870109265307,135.25870109265307,135.06092249500992,134.44624509879637,135.37422717771634,136.01959954851566,135.20453021846964,137.03582243542962,130.65638790663155,129.55394798718888,132.1667108337127,130.63706810507247,129.36890045128197,132.16696527515256
2023-09-19,8.0,130.0932680484121,129.3376923042161,131.12222203409436,135.25870109265307,135.25870109265307,135.25870109265307,135.08725574156708,134.52500933484387,135.3572053914187,136.01959954851566,135.20453021846964,137.03582243542962,130.68272115318868,129.59696496460438,132.20378779871237,130.66682119604545,129.38813843538912,132.20690545388646
2023-09-20,8.0,130.0932680484121,129.3376923042161,131.12222203409436,135.25870109265307,135.25870109265307,135.25870109265307,135.01842380210576,134.34031651446892,135.44135112983602,136.01959954851566,135.20453021846964,137.03582243542962,130.61388921372736,129.49574887654092,132.1002348118463,130.5872621297804,129.29532490964922,132.0637225332189
2023-09-21,8.0,130.0932680484121,129.3376923042161,131.12222203409436,135.25870109265307,135.25870109265307,135.25870109265307,134.88946104076237,133.85569457520114,135.58494435357028,136.01959954851566,135.20453021846964,137.03582243542962,130.48492645238397,129.19556559571896,132.07591868201305,130.43916876137044,129.04793555041712,131.92202525391426
2023-09-22,8.0,130.0932680484121,129.3376923042161,131.12222203409436,135.25870109265307,135.25870109265307,135.25870109265307,134.9448657245807,134.07547269469168,135.50489415721717,136.01959954851566,135.20453021846964,137.03582243542962,130.54033113620233,129.33415830471674,132.07578284503066,130.5049249017231,129.19364454532382,131.9754848381821
2023-09-23,8.0,130.0932680484121,129.3376923042161,131.12222203409436,135.25870109265307,135.25870109265307,135.25870109265307,134.9902915608526,134.2133077060009,135.42992224099342,136.01959954851566,135.20453021846964,137.03582243542962,130.58575697247423,129.4154846319909,132.0638770888951,130.55779956914557,129.2631599791277,132.04916062085607
2023-09-24,8.0,130.0932680484121,129.3376923042161,131.12222203409436,135.25870109265307,135.25870109265307,135.25870109265307,135.02775251904828,134.31315462852706,135.39667941341338,136.01959954851566,135.20453021846964,137.03582243542962,130.6232179306699,129.49368965475242,132.11233173313792,130.6007445000519,129.32524374952953,132.12192248176098
2023-09-25,8.0,130.0932680484121,129.3376923042161,131.12222203409436,135.25870109265307,135.25870109265307,135.25870109265307,135.05884787669575,134.4182387927399,135.37380080752376,136.01959954851566,135.20453021846964,137.03582243542962,130.65431328831738,129.53843136414682,132.17602709771194,130.6359484845389,129.369773585317,132.17834505294428
2023-09-26,8.0,130.0932680484121,129.3376923042161,131.12222203409436,135.25870109265307,135.25870109265307,135.25870109265307,135.08482903575077,134.48460500537192,135.36041983862066,136.01959954851566,135.20453021846964,137.03582243542962,130.68029444737238,129.59333143464508,132.19803616451628,130.6650527062648,129.38335866601594,132.21463369250705
2023-09-27,8.0,130.0932680484121,129.3376923042161,131.12222203409436,135.25870109265307,135.25870109265307,135.25870109265307,135.10667427253804,134.5759594793369,135.34492137404362,136.01959954851566,135.20453021846964,137.03582243542962,130.70213968415968,129.62220422130625,132.22682327297719,130.68930243410617,129.3870171183623,132.2536613321069
2023-09-28,8.0,130.0932680484121,129.3376923042161,131.12222203409436,135.25870109265307,135.25870109265307,135.25870109265307,135.12515060793936,134.65644600897915,135.32410229866346,136.01959954851566,135.20453021846964,137.03582243542962,130.72061601956096,129.63559569123973,132.2580310943985,130.70965299422133,129.42219895856633,132.25913034505328
2023-09-29,8.0,130.0932680484121,129.3376923042161,131.12222203409436,135.25870109265307,135.25870109265307,135.25870109265307,135.1408639751861,134.71814102450298,135.31122210023125,136.01959954851566,135.20453021846964,137.03582243542962,130.73632938680774,129.657466664272,132.28319631470518,130.72684551632904,129.4250554825828,132.2634842628306
2023-09-30,8.0,130.0932680484121,129.3376923042161,131.12222203409436,135.25870109265307,135.25870109265307,135.25870109265307,135.15429635371785,134.7505985934232,135.30220238626612,136.01959954851566,135.20453021846964,137.03582243542962,130.74976176533946,129.6945545223571,132.30350127575497,130.74145921667036,129.4297737246962,132.3014617911088
2023-10-01,8.0,130.0932680484121,129.3376923042161,131.12222203409436,135.25870109265307,135.25870109265307,135.25870109265307,135.1658340803899,134.77904063018053,135.29472701161384,136.01959954851566,135.20453021846964,137.03582243542962,130.76129949201155,129.71528006440616,132.31891541343435,130.75395189677195,129.43836749285904,132.31957914950667
2023-10-02,8.0,130.0932680484121,129.3376923042161,131.12222203409436,135.25870109265307,135.25870109265307,135.25870109265307,135.1757890052602,134.8155420520035,135.28743636645748,136.01959954851566,135.20453021846964,137.03582243542962,130.77125441688182,129.732555904529,132.33963824459272,130.76468874926468,129.4402091627477,132.32855729021387
2023-10-03,8.0,130.0932680484121,129.3376923042161,131.12222203409436,135.25870109265307,135.25870109265307,135.25870109265307,135.1844146976381,134.85876341547402,135.28238305932877,136.01959954851566,135.20453021846964,137.03582243542962,130.7798801092597,129.75122554357642,132.3512450364507,130.77396302136458,129.444522292791,132.33709851824474
2023-10-04,8.0,130.0932680484121,129.3376923042161,131.12222203409436,135.25870109265307,135.25870109265307,135.25870109265307,135.14651114342263,134.79164307084068,135.32857482522095,136.01959954851566,135.20453021846964,137.03582243542962,130.74197655504426,129.68201754345029,132.31282441015557,130.7300022380679,129.42860263280753,132.29192990506348
2023-10-05,8.0,130.0932680484121,129.3376923042161,131.12222203409436,135.25870109265307,135.25870109265307,135.25870109265307,135.10527942317066,134.65805359089163,135.37008804992197,136.01959954851566,135.20453021846964,137.03582243542962,130.70074483479226,129.61785982451144,132.24273937186945,130.68260228972667,129.39127217773344,132.2096645021318
2023-10-06,8.0,130.0932680484121,129.3376923042161,131.12222203409436,135.25870109265307,135.25870109265307,135.25870109265307,135.05027066955236,134.505401586314,135.43734425750918,136.01959954851566,135.20453021846964,137.03582243542962,130.64573608117396,129.52819589000492,132.16744836321521,130.6196932023404,129.315384178977,132.09010735790747
2023-10-07,8.0,130.0932680484121,129.3376923042161,131.12222203409436,135.25870109265307,135.25870109265307,135.25870109265307,135.08055160681204,134.57444820723398,135.38983355875723,136.01959954851566,135.20453021846964,137.03582243542962,130.67601701843364,129.56984096505985,132.1907247314709,130.65570275148747,129.36677534120776,132.16758262170308
2023-10-08,8.0,130.0932680484121,129.3376923042161,131.12222203409436,135.25870109265307,135.25870109265307,135.25870109265307,135.10542733118314,134.64040289168148,135.35561904266712,136.01959954851566,135.20453021846964,137.03582243542962,130.70089274280477,129.6295728538837,132.23623834813455,130.68469881520383,129.4019046412798,132.23017174521627
2023-10-09,8.0,130.0932680484121,129.3376923042161,131.12222203409436,135.25870109265307,135.25870109265307,135.25870109265307,135.12598862959433,134.7101105324192,135.33345563574514,136.01959954851566,135.20453021846964,137.03582243542962,130.72145404121596,129.65352327428496,132.28091631598744,130.70829625039374,129.4196632058818,132.25700592629659
2023-10-10,8.0,130.0932680484121,129.3376923042161,131.12222203409436,135.25870109265307,135.25870109265307,135.25870109265307,135.14310202288272,134.77487612406495,135.32511708954866,136.01959954851566,135.20453021846964,137.03582243542962,130.73856743450435,129.67968964928406,132.31234419010883,130.72768990261608,129.4296665704797,132.2898435087707
2023-10-11,8.0,130.0932680484121,129.3376923042161,131.12222203409436,135.25870109265307,135.25870109265307,135.25870109265307,135.1574450887645,134.82337726556946,135.3139964489656,136.01959954851566,135.20453021846964,137.03582243542962,130.7529105003861,129.7125283590203,132.33303452105565,130.74377177610904,129.43419608290856,132.31169467312526
2023-10-12,8.0,130.0932680484121,129.3376923042161,131.12222203409436,135.25870109265307,135.25870109265307,135.25870109265307,135.04094182645673,134.46514257832274,135.4422819918795,136.01959954851566,135.20453021846964,137.03582243542962,130.63640723807836,129.50460080139877,132.1730373442272,130.60943479549823,129.30857124476054,132.07281197604775
2023-10-13,8.0,130.0932680484121,129.3376923042161,131.12222203409436,135.25870109265307,135.25870109265307,135.25870109265307,134.9922127752688,134.2535970076439,135.49685336689464,136.01959954851566,135.20453021846964,137.03582243542962,130.5876781868904,129.4389146083102,132.12243192811422,130.5541921014667,129.23278072177524,132.00448975629334
2023-10-14,8.0,130.0932680484121,129.3376923042161,131.12222203409436,135.25870109265307,135.25870109265307,135.25870109265307,135.0320947964056,134.41589709428465,135.43754264844566,136.01959954851566,135.20453021846964,137.03582243542962,130.6275602080272,129.48857940232315,132.1473454258292,130.6016714794264,129.29804731806573,132.07763529842504
2023-10-15,8.0,130.0932680484121,129.3376923042161,131.12222203409436,135.25870109265307,135.25870109265307,135.25870109265307,135.06475567877942,134.51380167350106,135.38592766617884,136.01959954851566,135.20453021846964,137.03582243542962,130.66022109040105,129.54517577031103,132.17116021870848,130.63979118406695,129.3722063316902,132.1615501849732
2023-10-16,8.0,130.0932680484121,129.3376923042161,131.12222203409436,135.25870109265307,135.25870109265307,135.25870109265307,135.091664340086,134.5794056136921,135.35707270386837,136.01959954851566,135.20453021846964,137.03582243542962,130.6871297517076,129.61242443552106,132.20818555580263,130.6707124440381,129.39617845821383,132.20520204750295
2023-10-17,8.0,130.0932680484121,129.3376923042161,131.12222203409436,135.25870109265307,135.25870109265307,135.25870109265307,135.11398429941144,134.64818240500674,135.3413698632967,136.01959954851566,135.20453021846964,137.03582243542962,130.70944971103307,129.63730923483408,132.25379492521762,130.6960334347521,129.41905277250655,132.24639212832344
2023-10-18,8.0,130.0932680484121,129.3376923042161,131.12222203409436,135.25870109265307,135.25870109265307,135.25870109265307,135.13262419151556,134.71045933036152,135.3318052410642,136.01959954851566,135.20453021846964,137.03582243542962,130.72808960313716,129.65866929713562,132.29529476096175,130.71695022125203,129.42426738060342,132.28033097961608
2023-10-19,8.0,130.0932680484121,129.3376923042161,131.12222203409436,135.25870109265307,135.25870109265307,135.25870109265307,135.1482923231273,134.77514942685633,135.32072574203818,136.01959954851566,135.20453021846964,137.03582243542962,130.74375773474893,129.68794697973377,132.31622970295908,130.734368162648,129.43012906190444,132.2973194164944
2023-10-20,8.0,130.0932680484121,129.3376923042161,131.12222203409436,135.25870109265307,135.25870109265307,135.25870109265307,135.16154332541234,134.82894480218613,135.30631552411245,136.01959954851566,135.20453021846964,137.03582243542962,130.75700873703397,129.71555978135933,132.33700736780793,130.7489792857576,129.4338518067807,132.31448068275412
2023-10-21,8.0,130.0932680484121,129.3376923042161,131.12222203409436,135.25870109265307,135.25870109265307,135.25870109265307,135.1728141423549,134.85449745343146,135.29612284174942,136.01959954851566,135.20453021846964,137.03582243542962,130.76827955397653,129.73357500750117,132.3570505548275,130.76131976954062,129.43632395825287,132.32636788760973
2023-10-22,8.0,130.0932680484121,129.3376923042161,131.12222203409436,135.25870109265307,135.25870109265307,135.25870109265307,135.1824518906964,134.87922584058182,135.28969045717415,136.01959954851566,135.20453021846964,137.03582243542962,130.777917302318,129.74826084783774,132.36361432227295,130.7718095396191,129.44446076553118,132.33735361441177
2023-10-23,8.0,130.0932680484121,129.3376923042161,131.12222203409436,135.25870109265307,135.25870109265307,135.25870109265307,135.19073418820471,134.90831853752735,135.28438875382906,136.01959954851566,135.20453021846964,137.03582243542962,130.78619959982635,129.76369056370748,132.40255129919376,130.78077782213836,129.44455132812706,132.34569505167772
2023-10-24,8.0,130.0932680484121,129.3376923042161,131.12222203409436,135.25870109265307,135.25870109265307,135.25870109265307,135.1978849375263,134.93986072691473,135.2794562563643,136.01959954851566,135.20453021846964,137.03582243542962,130.79335034914794,129.77273253948712,132.43615107160244,130.78848841557044,129.45241506498272,132.35028747400142
2023-10-25,8.0,130.0932680484121,129.3376923042161,131.12222203409436,135.25870109265307,135.25870109265307,135.25870109265307,135.20408581074403,134.97471436040112,135.27563144579418,136.01959954851566,135.20453021846964,137.03582243542962,130.79955122236564,129.77307646489226,132.44571062801265,130.79515130761374,129.4630191845105,132.3556140755375
2023-10-26,8.0,130.0932680484121,129.3376923042161,131.12222203409436,135.25870109265307,135.25870109265307,135.25870109265307,135.20948532085475,134.99898103230728,135.27270882473385,136.01959954851566,135.20453021846964,137.03582243542962,130.80495073247636,129.77310216411013,132.44859164535873,130.80093684996774,129.46529500180534,132.36295033712096
2023-10-27,8.0,130.0932680484121,129.3376923042161,131.12222203409436,135.25870109265307,135.25870109265307,135.25870109265307,135.2142055518782,135.02107901003404,135.27032781949617,136.01959954851566,135.20453021846964,137.03582243542962,130.80967096349983,129.77275225827248,132.45090705844046,130.80598341398309,129.46489818554554,132.37065645358072
2023-10-28,8.0,130.0932680484121,129.3376923042161,131.12222203409436,135.25870109265307,135.25870109265307,135.25870109265307,135.21834739840617,135.0412765187138,135.2682891700148,136.01959954851566,135.20453021846964,137.03582243542962,130.8138128100278,129.77161149780565,132.45277125315945,130.8104036871818,129.46460783218473,132.37942927298275
2023-10-29,8.0,130.0932680484121,129.3376923042161,131.12222203409436,135.25870109265307,135.25870109265307,135.25870109265307,135.22199478758776,135.0591239866654,135.26635350056418,136.01959954851566,135.20453021846964,137.03582243542962,130.81746019920936,129.77068756559098,132.4542748278392,130.81429203164083,129.46436932763834,132.3807960077312
2023-10-30,8.0,130.0932680484121,129.3376923042161,131.12222203409436,135.25870109265307,135.25870109265307,135.25870109265307,135.2252177488345,135.07316962422104,135.26481441467504,136.01959954851566,135.20453021846964,137.03582243542962,130.8206831604561,129.76994298877855,132.45548958963124,130.81772438582513,129.46421101592495,132.3839401198384
2023-10-31,8.0,130.0932680484121,129.3376923042161,131.12222203409436,135.25870109265307,135.25870109265307,135.25870109265307,135.22807503046968,135.08621700834132,135.26370811620956,136.01959954851566,135.20453021846964,137.03582243542962,130.8235404420913,129.76934522763779,132.456472661469,130.82076545014195,129.46407828295997,132.38760064613737
2023-11-01,8.0,130.0932680484121,129.3376923042161,131.12222203409436,135.25870109265307,135.25870109265307,135.25870109265307,135.15028826565518,134.8566798071527,135.35519103299663,136.01959954851566,135.20453021846964,137.03582243542962,130.7457536772768,129.68667188609157,132.36795876852565,130.7311096457861,129.41032143215605,132.2930947750944
2023-11-02,8.0,130.0932680484121,129.3376923042161,131.12222203409436,135.25870109265307,135.25870109265307,135.25870109265307,135.16598814753118,134.91716934611046,135.32874719489877,136.01959954851566,135.20453021846964,137.03582243542962,130.7614535591528,129.71689213765842,132.39215262912552,130.75006839291822,129.43180619822195,132.32879233817263
2023-11-03,8.0,130.0932680484121,129.3376923042161,131.12222203409436,135.25870109265307,135.25870109265307,135.25870109265307,135.17885401808437,134.9526468607821,135.31312921944973,136.01959954851566,135.20453021846964,137.03582243542962,130.774319429706,129.72830566452666,132.40642171326988,130.76524871369529,129.44003149414357,132.3376356719623
2023-11-04,8.0,130.0932680484121,129.3376923042161,131.12222203409436,135.25870109265307,135.25870109265307,135.25870109265307,135.1894599877779,134.98228429127502,135.29756221509584,136.01959954851566,135.20453021846964,137.03582243542962,130.78492539939953,129.74680359007564,132.41764230464574,130.77754152560436,129.44885063181982,132.34432831692928
2023-11-05,8.0,130.0932680484121,129.3376923042161,131.12222203409436,135.25870109265307,135.25870109265307,135.25870109265307,135.19826579345823,135.00635991556734,135.29267674049345,136.01959954851566,135.20453021846964,137.03582243542962,130.79373120507987,129.75305973830933,132.42648171758998,130.78760160450946,129.45990479905691,132.35391689101172
2023-11-06,8.0,130.0932680484121,129.3376923042161,131.12222203409436,135.25870109265307,135.25870109265307,135.25870109265307,135.2056311916934,135.02582264512566,135.2868808161389,136.01959954851566,135.20453021846964,137.03582243542962,130.80109660331502,129.76275632415138,132.4364520336945,130.79591405759683,129.46641631883213,132.35953453722612
2023-11-07,8.0,130.0932680484121,129.3376923042161,131.12222203409436,135.25870109265307,135.25870109265307,135.25870109265307,135.21183610563085,135.0440151190893,135.28193235623925,136.01959954851566,135.20453021846964,137.03582243542962,130.80730151725248,129.76956152841592,132.45352624807188,130.80284278611623,129.46838795641563,132.36433919403024
2023-11-08,8.0,130.0932680484121,129.3376923042161,131.12222203409436,135.25870109265307,135.25870109265307,135.25870109265307,135.21709894604362,135.06299707134534,135.27774694868373,136.01959954851566,135.20453021846964,137.03582243542962,130.81256435766525,129.7744190536973,132.47038657978555,130.80866736025772,129.46725143040328,132.37012413908587
2023-11-09,8.0,130.0932680484121,129.3376923042161,131.12222203409436,135.25870109265307,135.25870109265307,135.25870109265307,135.1489743321036,134.8595041277754,135.35386596073002,136.01959954851566,135.20453021846964,137.03582243542962,130.74443974372522,129.67844242548952,132.36943302235622,130.73013498347657,129.40936948792307,132.30068336757478
2023-11-10,8.0,130.0932680484121,129.3376923042161,131.12222203409436,135.25870109265307,135.25870109265307,135.25870109265307,135.1649851866967,134.9113277730434,135.33044199933246,136.01959954851566,135.20453021846964,137.03582243542962,130.76045059831833,129.71203844176173,132.39886587257837,130.74930049815012,129.43160018559928,132.3290681738654
2023-11-11,8.0,130.0932680484121,129.3376923042161,131.12222203409436,135.25870109265307,135.25870109265307,135.25870109265307,135.17812012498285,134.94744168018534,135.31170405019532,136.01959954851566,135.20453021846964,137.03582243542962,130.77358553660446,129.72374139717334,132.41935201217785,130.76468544891483,129.43540312330853,132.33760179740352
2023-11-12,8.0,130.0932680484121,129.3376923042161,131.12222203409436,135.25870109265307,135.25870109265307,135.25870109265307,135.18895855248797,134.9821547562246,135.29812226436505,136.01959954851566,135.20453021846964,137.03582243542962,130.78442396410958,129.74345973643491,132.43895025297027,130.7771678449769,129.447152064659,132.34218661523443
2023-11-13,8.0,130.0932680484121,129.3376923042161,131.12222203409436,135.25870109265307,135.25870109265307,135.25870109265307,135.19796334308506,135.00907982152242,135.2928810298247,136.01959954851566,135.20453021846964,137.03582243542962,130.79342875470667,129.75310987540928,132.44992095399041,130.78739619886358,129.457613081459,132.35167702222822
2023-11-14,8.0,130.0932680484121,129.3376923042161,131.12222203409436,135.25870109265307,135.25870109265307,135.25870109265307,135.20549729739258,135.03328023708494,135.28844358453168,136.01959954851566,135.20453021846964,137.03582243542962,130.80096270901421,129.7625070723665,132.45889515098736,130.7958536336798,129.46636239606514,132.35752003795602
2023-11-15,8.0,130.0932680484121,129.3376923042161,131.12222203409436,135.25870109265307,135.25870109265307,135.25870109265307,135.21184333456492,135.0496707478887,135.28324038153693,136.01959954851566,135.20453021846964,137.03582243542962,130.80730874618655,129.76917229631735,132.4662369218579,130.80290586469255,129.46838795641563,132.36257149511684
2023-11-16,8.0,130.0932680484121,129.3376923042161,131.12222203409436,135.25870109265307,135.25870109265307,135.25870109265307,135.21722309766622,135.0658880821608,135.27781827409626,136.01959954851566,135.20453021846964,137.03582243542962,130.81268850928782,129.77403664132575,132.47224391259348,130.80883175833063,129.46725143040328,132.3720529149828
2023-11-17,8.0,130.0932680484121,129.3376923042161,131.12222203409436,135.25870109265307,135.25870109265307,135.25870109265307,135.22181102841037,135.08053359645018,135.2734832205799,136.01959954851566,135.20453021846964,137.03582243542962,130.817276440032,129.77449825313172,132.47715937893375,130.81384719231778,129.46637898768574,132.37829412960542
2023-11-18,8.0,130.0932680484121,129.3376923042161,131.12222203409436,135.25870109265307,135.25870109265307,135.25870109265307,135.22574563450323,135.09628796475522,135.27094446502488,136.01959954851566,135.20453021846964,137.03582243542962,130.82121104612486,129.77329517009727,132.48118212000352,130.81811985816367,129.4657180881311,132.38271856177036
2023-11-19,8.0,130.0932680484121,129.3376923042161,131.12222203409436,135.25870109265307,135.25870109265307,135.25870109265307,135.22913761521536,135.114117873969,135.26885166480852,136.01959954851566,135.20453021846964,137.03582243542962,130.824603026837,129.7722111117373,132.48447462462892,130.82178231185588,129.46521550028987,132.3853345072879
2023-11-20,8.0,130.0932680484121,129.3376923042161,131.12222203409436,135.25870109265307,135.25870109265307,135.25870109265307,135.23207622353883,135.12891422535168,135.2669844730608,136.01959954851566,135.20453021846964,137.03582243542962,130.82754163516046,129.77126965959656,132.48716986491272,130.82493962259727,129.46499013077647,132.38860789577242
2023-11-21,8.0,130.0932680484121,129.3376923042161,131.12222203409436,135.25870109265307,135.25870109265307,135.25870109265307,135.23463381931387,135.13996338291557,135.26551407664257,136.01959954851566,135.20453021846964,137.03582243542962,130.83009923093547,129.77047174163428,132.4893763590405,130.8276764491321,129.46681935694966,132.39807687192288
2023-11-22,8.0,130.0932680484121,129.3376923042161,131.12222203409436,135.25870109265307,135.25870109265307,135.25870109265307,135.23686955114485,135.1500622422123,135.26434996585672,136.01959954851566,135.20453021846964,137.03582243542962,130.83233496276648,129.77095363608632,132.49118299746917,130.83006034562626,129.47306886738264,132.41053164846718
2023-11-23,8.0,130.0932680484121,129.3376923042161,131.12222203409436,135.25870109265307,135.25870109265307,135.25870109265307,135.23883204964156,135.15919465784992,135.2632220847443,136.01959954851566,135.20453021846964,137.03582243542962,130.8342974612632,129.77277662173074,132.4926624173935,130.8321467239448,129.4786187644795,132.42144962615168
2023-11-24,8.0,130.0932680484121,129.3376923042161,131.12222203409436,135.25870109265307,135.25870109265307,135.25870109265307,135.2405615040976,135.16619515041486,135.26236788599613,136.01959954851566,135.20453021846964,137.03582243542962,130.8360269157192,129.77437390773002,132.49387399570932,130.83398067181668,129.48260559265063,132.43010561289185
2023-11-25,8.0,130.0932680484121,129.3376923042161,131.12222203409436,135.25870109265307,135.25870109265307,135.25870109265307,135.24209135612682,135.1726980690392,135.26163054079936,136.01959954851566,135.20453021846964,137.03582243542962,130.83755676774845,129.77577864135924,132.4948663871976,130.83559948443983,129.48287313253311,132.43114328049802
2023-11-26,8.0,130.0932680484121,129.3376923042161,131.12222203409436,135.25870109265307,135.25870109265307,135.25870109265307,135.24344951363923,135.17873934243278,135.261068917782,136.01959954851566,135.20453021846964,137.03582243542962,130.83891492526087,129.77701737419147,132.49567932560217,130.83703424621544,129.48281713581352,132.43193345643
2023-11-27,8.0,130.0932680484121,129.3376923042161,131.12222203409436,135.25870109265307,135.25870109265307,135.25870109265307,135.2446594168989,135.18433267254215,135.2606759188759,136.01959954851566,135.20453021846964,137.03582243542962,130.84012482852054,129.7781118692225,132.4963453541713,130.83831040039377,129.48197995028983,132.44243664359902
2023-11-28,8.0,130.0932680484121,129.3376923042161,131.12222203409436,135.25870109265307,135.25870109265307,135.25870109265307,135.2457408384136,135.1896148716042,135.26035578068476,136.01959954851566,135.20453021846964,137.03582243542962,130.8412062500352,129.77908027792375,132.4968910871943,130.8394500138302,129.48125061030012,132.44901522117425
2023-11-29,8.0,130.0932680484121,129.3376923042161,131.12222203409436,135.25870109265307,135.25870109265307,135.25870109265307,135.2467105112478,135.19516297641587,135.2601070824506,136.01959954851566,135.20453021846964,137.03582243542962,130.84217592286944,129.7799380145582,132.50083261203093,130.84047001965624,129.480629807162,132.44915970653716
2023-11-30,8.0,130.0932680484121,129.3376923042161,131.12222203409436,135.25870109265307,135.25870109265307,135.25870109265307,135.23366276693557,135.16684616452312,135.2754578420634,136.01959954851566,135.20453021846964,137.03582243542962,130.82912817855717,129.76808533920936,132.48092447570176,130.8254081008318,129.4722468908445,132.41927819780324
2023-12-01,8.0,130.0932680484121,129.3376923042161,131.12222203409436,135.25870109265307,135.25870109265307,135.25870109265307,135.17195218313765,134.92108209132968,135.3469100584059,136.01959954851566,135.20453021846964,137.03582243542962,130.76741759475928,129.6986623482974,132.40487610784137,130.75445822325835,129.41696015435602,132.32854277254583
2023-12-02,8.0,130.0932680484121,129.3376923042161,131.12222203409436,135.25870109265307,135.25870109265307,135.25870109265307,135.18543083225788,134.97821758936655,135.3231837590915,136.01959954851566,135.20453021846964,137.03582243542962,130.7808962438795,129.7262971214254,132.42176187135908,130.77090112212016,129.4351528663642,132.34578492295606
2023-12-03,8.0,130.0932680484121,129.3376923042161,131.12222203409436,135.25870109265307,135.25870109265307,135.25870109265307,135.19637657553042,135.03168078063268,135.30926215192252,136.01959954851566,135.20453021846964,137.03582243542962,130.79184198715205,129.7397811399195,132.43587753921216,130.78393549513015,129.4437099946982,132.35293936803026
2023-12-04,8.0,130.0932680484121,129.3376923042161,131.12222203409436,135.25870109265307,135.25870109265307,135.25870109265307,135.2053151702962,135.05967175001467,135.29443978023,136.01959954851566,135.20453021846964,137.03582243542962,130.8007805819178,129.74955059692383,132.44741999922215,130.79438263165684,129.4516131366528,132.35981590345912
2023-12-05,8.0,130.0932680484121,129.3376923042161,131.12222203409436,135.25870109265307,135.25870109265307,135.25870109265307,135.21266553206246,135.0796274689933,135.2861400734097,136.01959954851566,135.20453021846964,137.03582243542962,130.80813094368406,129.75586233814153,132.45685941725216,130.8028414214554,129.46190961988165,132.37242760908174
2023-12-06,8.0,130.0932680484121,129.3376923042161,131.12222203409436,135.25870109265307,135.25870109265307,135.25870109265307,135.21875389488517,135.0999314814873,135.28127500589113,136.01959954851566,135.20453021846964,137.03582243542962,130.8142193065068,129.76489696728538,132.46457982157216,130.80975595169548,129.4675016873476,132.3793387103869
2023-12-07,8.0,130.0932680484121,129.3376923042161,131.12222203409436,135.25870109265307,135.25870109265307,135.25870109265307,135.22383282633047,135.1157847965799,135.27825571750614,136.01959954851566,135.20453021846964,137.03582243542962,130.8192982379521,129.77121852484646,132.47089492889347,130.81545713671971,129.4680969117373,132.39034241144458
2023-12-08,8.0,130.0932680484121,129.3376923042161,131.12222203409436,135.25870109265307,135.25870109265307,135.25870109265307,135.057096421083,134.45576880054313,135.46690888920082,136.01959954851566,135.20453021846964,137.03582243542962,130.65256183270463,129.53372119745464,132.30366133154718,130.62346511510174,129.2915710554843,132.11808152158778
2023-12-09,8.0,130.0932680484121,129.3376923042161,131.12222203409436,135.25870109265307,135.25870109265307,135.25870109265307,135.08943596468893,134.56873606175026,135.41573255132593,136.01959954851566,135.20453021846964,137.03582243542962,130.68490137631053,129.56373138292372,132.33094108320023,130.6628485993369,129.3554156116243,132.16755012977936
2023-12-10,8.0,130.0932680484121,129.3376923042161,131.12222203409436,135.25870109265307,135.25870109265307,135.25870109265307,135.11566847125067,134.6997741740743,135.38123202926974,136.01959954851566,135.20453021846964,137.03582243542962,130.71113388287228,129.6081336658232,132.35179775437473,130.69404884464345,129.38818821025097,132.2389127640121
2023-12-11,8.0,130.0932680484121,129.3376923042161,131.12222203409436,135.25870109265307,135.25870109265307,135.25870109265307,135.1370579293003,134.78007389230874,135.34238452814742,136.01959954851566,135.20453021846964,137.03582243542962,130.73252334092194,129.64966057750962,132.3722086508766,130.7190265865275,129.41192252354574,132.2983716017686
2023-12-12,8.0,130.0932680484121,129.3376923042161,131.12222203409436,135.25870109265307,135.25870109265307,135.25870109265307,135.15461242588037,134.8340965662079,135.3236228584732,136.01959954851566,135.20453021846964,137.03582243542962,130.750077837502,129.68706667199402,132.39470755297737,130.7392178352841,129.432330908224,132.31828845968604
2023-12-13,8.0,130.0932680484121,129.3376923042161,131.12222203409436,135.25870109265307,135.25870109265307,135.25870109265307,135.16911775433252,134.8818858603134,135.3145883147642,136.01959954851566,135.20453021846964,137.03582243542962,130.76458316595412,129.71513175453597,132.41352202292708,130.7556874729252,129.43009726129824,132.33313657750458
2023-12-14,8.0,130.0932680484121,129.3376923042161,131.12222203409436,135.25870109265307,135.25870109265307,135.25870109265307,135.18118335231154,134.9269309430802,135.3050063656699,136.01959954851566,135.20453021846964,137.03582243542962,130.77664876393317,129.73403775873885,132.42909917928995,130.76923208804405,129.4355247951931,132.33860282518083
2023-12-15,8.0,130.0932680484121,129.3376923042161,131.12222203409436,135.25870109265307,135.25870109265307,135.25870109265307,135.04940553724742,134.42035930296345,135.4547483948091,136.01959954851566,135.20453021846964,137.03582243542962,130.64487094886903,129.49897386082287,132.25063920277773,130.61736493063697,129.30673717936466,132.118623514528
2023-12-16,8.0,130.0932680484121,129.3376923042161,131.12222203409436,135.25870109265307,135.25870109265307,135.25870109265307,134.96102925181233,134.14753940758297,135.55084066038648,136.01959954851566,135.20453021846964,137.03582243542962,130.55649466343394,129.34511193753156,132.18242563828932,130.51666534539854,129.16564549421258,132.00262527292634
2023-12-17,8.0,130.0932680484121,129.3376923042161,131.12222203409436,135.25870109265307,135.25870109265307,135.25870109265307,135.00801562722356,134.26287050204033,135.48141973151516,136.01959954851566,135.20453021846964,137.03582243542962,130.6034810388452,129.44295083411228,132.195665004891,130.57309245992062,129.25292502315867,132.03506603914067
2023-12-18,8.0,130.0932680484121,129.3376923042161,131.12222203409436,135.25870109265307,135.25870109265307,135.25870109265307,135.04625915220592,134.42679900482736,135.42115075953316,136.01959954851566,135.20453021846964,137.03582243542962,130.64172456382752,129.4889518054807,132.2415358713645,130.61805734874025,129.32144841631307,132.1145965899404
2023-12-19,8.0,130.0932680484121,129.3376923042161,131.12222203409436,135.25870109265307,135.25870109265307,135.25870109265307,134.95029963774815,134.03961720819402,135.54278602574283,136.01959954851566,135.20453021846964,137.03582243542962,130.54576504936978,129.3008407148522,132.1691301801928,130.50786134204554,129.17675565816924,132.0196690152067
2023-12-20,8.0,130.0932680484121,129.3376923042161,131.12222203409436,135.25870109265307,135.25870109265307,135.25870109265307,134.8986974231804,133.87082670564723,135.59680157333273,136.01959954851566,135.20453021846964,137.03582243542962,130.494162834802,129.19931690849796,132.1554689833296,130.44954261685675,129.05427769739853,131.95924025896156
2023-12-21,8.0,130.0932680484121,129.3376923042161,131.12222203409436,135.25870109265307,135.25870109265307,135.25870109265307,134.95445799306543,134.08509528779223,135.50605677795204,136.01959954851566,135.20453021846964,137.03582243542962,130.54992340468706,129.32395639048684,132.16690388511734,130.5155041711511,129.20551861514645,132.00277321487687
2023-12-22,8.0,130.0932680484121,129.3376923042161,131.12222203409436,135.25870109265307,135.25870109265307,135.25870109265307,135.0000065904164,134.2324768287071,135.4312140687862,136.01959954851566,135.20453021846964,137.03582243542962,130.59547200203804,129.4124266139118,132.19529090808928,130.56841448013995,129.2867912861111,132.06424378663334
2023-12-23,8.0,130.0932680484121,129.3376923042161,131.12222203409436,135.25870109265307,135.25870109265307,135.25870109265307,135.0374396794512,134.34797868559855,135.3968054036073,136.01959954851566,135.20453021846964,137.03582243542962,130.63290509107284,129.49189607337465,132.23458879209133,130.61126534761846,129.3319944651687,132.1453712809176
2023-12-24,8.0,130.0932680484121,129.3376923042161,131.12222203409436,135.25870109265307,135.25870109265307,135.25870109265307,135.06840449104655,134.45043991083287,135.37691159753274,136.01959954851566,135.20453021846964,137.03582243542962,130.66386990266818,129.55836249864137,132.27227108036524,130.6462779795622,129.3760583529438,132.1978692425071
2023-12-25,8.0,130.0932680484121,129.3376923042161,131.12222203409436,135.25870109265307,135.25870109265307,135.25870109265307,135.09418397170614,134.534805209756,135.35664283195104,136.01959954851566,135.20453021846964,137.03582243542962,130.68964938332778,129.609115391038,132.34169372538557,130.67511899734916,129.3924757615458,132.25887524888626
2023-12-26,8.0,130.0932680484121,129.3376923042161,131.12222203409436,135.25870109265307,135.25870109265307,135.25870109265307,135.11577809442343,134.62152456857729,135.34217575651186,136.01959954851566,135.20453021846964,137.03582243542962,130.71124350604504,129.63214212413664,132.36690154212582,130.699055457419,129.42329400552714,132.2764201963728
2023-12-27,8.0,130.0932680484121,129.3376923042161,131.12222203409436,135.25870109265307,135.25870109265307,135.25870109265307,135.13397013447394,134.69353202341296,135.3261186669582,136.01959954851566,135.20453021846964,137.03582243542962,130.72943554609554,129.65441046796755,132.38456116337886,130.71905779674853,129.42465382710034,132.2913948252985
2023-12-28,8.0,130.0932680484121,129.3376923042161,131.12222203409436,135.25870109265307,135.25870109265307,135.25870109265307,135.0512346712697,134.43529844667893,135.42107714675384,136.01959954851566,135.20453021846964,137.03582243542962,130.64670008289133,129.51438179623545,132.25706138696725,130.62334922677962,129.34201027348206,132.14948945941862
2023-12-29,8.0,130.0932680484121,129.3376923042161,131.12222203409436,135.25870109265307,135.25870109265307,135.25870109265307,135.0807145817541,134.51953279856997,135.37385896805063,136.01959954851566,135.20453021846964,137.03582243542962,130.67617999337574,129.58705688778588,132.31510716324806,130.65763885949804,129.38322385909842,132.2189053434988
2023-12-30,8.0,130.0932680484121,129.3376923042161,131.12222203409436,135.25870109265307,135.25870109265307,135.25870109265307,135.10514621765387,134.600712017388,135.3477485723498,136.01959954851566,135.20453021846964,137.03582243542962,130.7006116292755,129.61969938759998,132.35051012949444,130.68556247404086,129.40454063500556,132.26372138474193
2023-12-31,8.0,130.0932680484121,129.3376923042161,131.12222203409436,135.25870109265307,135.25870109265307,135.25870109265307,135.12550451369563,134.6829791519643,135.33685594715723,136.01959954851566,135.20453021846964,137.03582243542962,130.72096992531726,129.64757321908297,132.3707237210728,130.7085165566976,129.42341982531684,132.27865660856867
2024-01-01,8.0,130.0932680484121,129.3376923042161,131.12222203409436,135.25870109265307,135.25870109265307,135.25870109265307,135.14257099938536,134.73049372880254,135.32625927214528,136.01959954851566,135.20453021846964,137.03582243542962,130.73803641100696,129.66714160179714,132.3827246631774,130.7275495554799,129.4256133758261,132.29470001438924
2024-01-02,8.0,130.0932680484121,129.3376923042161,131.12222203409436,135.25870109265307,135.25870109265307,135.25870109265307,135.15696381420813,134.7838786865208,135.3122819099163,136.01959954851566,135.20453021846964,137.03582243542962,130.75242922582976,129.70117961586425,132.39167929943912,130.74345492731274,129.43246018460133,132.3072529580222
2024-01-03,8.0,130.0932680484121,129.3376923042161,131.12222203409436,135.25870109265307,135.25870109265307,135.25870109265307,135.1691712921383,134.83846855789042,135.29950790947584,136.01959954851566,135.20453021846964,137.03582243542962,130.76463670375992,129.72238916256688,132.39836973106605,130.7568432383043,129.4353568050343,132.32418678081592
2024-01-04,8.0,130.0932680484121,129.3376923042161,131.12222203409436,135.25870109265307,135.25870109265307,135.25870109265307,135.1795806793106,134.8771975703231,135.29250575591894,136.01959954851566,135.20453021846964,137.03582243542962,130.77504609093222,129.73445160109813,132.40337475088154,130.76818634584916,129.43769069300131,132.33645835821588
2024-01-05,8.0,130.0932680484121,129.3376923042161,131.12222203409436,135.25870109265307,135.25870109265307,135.25870109265307,135.188501252714,134.90773703277205,135.28673252563084,136.01959954851566,135.20453021846964,137.03582243542962,130.78396666433562,129.7492359016139,132.43130954696085,130.77785607646123,129.44448357900953,132.34226404279732
2024-01-06,8.0,130.0932680484121,129.3376923042161,131.12222203409436,135.25870109265307,135.25870109265307,135.25870109265307,135.13278516661535,134.7555764817517,135.34698329752308,136.01959954851566,135.20453021846964,137.03582243542962,130.72825057823695,129.6432715518116,132.35250278427898,130.71341805602597,129.41488896704882,132.2556412655007
2024-01-07,8.0,130.0932680484121,129.3376923042161,131.12222203409436,135.25870109265307,135.25870109265307,135.25870109265307,135.14996510355795,134.79648829202256,135.3280364563492,136.01959954851566,135.20453021846964,137.03582243542962,130.74543051517958,129.67975552584815,132.36931873132832,130.73349165221816,129.4317730149807,132.28710589136864
2024-01-08,8.0,130.0932680484121,129.3376923042161,131.12222203409436,135.25870109265307,135.25870109265307,135.25870109265307,135.16424531818393,134.8510125769299,135.3137719411884,136.01959954851566,135.20453021846964,137.03582243542962,130.75971072980553,129.7197308424034,132.38179776678555,130.74987231591103,129.43122480018278,132.3208249036881
2024-01-09,8.0,130.0932680484121,129.3376923042161,131.12222203409436,135.25870109265307,135.25870109265307,135.25870109265307,135.1761830621588,134.89893269248554,135.30370568695923,136.01959954851566,135.20453021846964,137.03582243542962,130.77164847378043,129.73965092881016,132.41807978509027,130.7633750869627,129.44483545963016,132.3380359448097
2024-01-10,8.0,130.0932680484121,129.3376923042161,131.12222203409436,135.25870109265307,135.25870109265307,135.25870109265307,135.07904823218564,134.59055746797588,135.41354280469577,136.01959954851566,135.20453021846964,137.03582243542962,130.67451364380724,129.55814892983926,132.28439639642903,130.6514118708074,129.35625072319542,132.14521435183926
2024-01-11,8.0,130.0932680484121,129.3376923042161,131.12222203409436,135.25870109265307,135.25870109265307,135.25870109265307,135.1055090550895,134.67104361066745,135.37481144003345,136.01959954851566,135.20453021846964,137.03582243542962,130.7009744667111,129.61136577519568,132.3264166610562,130.68292961060087,129.39121618101385,132.21746394645754
2024-01-12,8.0,130.0932680484121,129.3376923042161,131.12222203409436,135.25870109265307,135.25870109265307,135.25870109265307,135.12723706866254,134.7269355848493,135.34424899911903,136.01959954851566,135.20453021846964,137.03582243542962,130.72270248028417,129.6483532134597,132.35194934146963,130.70828615854052,129.41145795816843,132.2631517391007
2024-01-13,8.0,130.0932680484121,129.3376923042161,131.12222203409436,135.25870109265307,135.25870109265307,135.25870109265307,135.0533960163734,134.49582639842262,135.4344264507562,136.01959954851566,135.20453021846964,137.03582243542962,130.64886142799503,129.5156488809696,132.25939854310707,130.6233429261117,129.3282689550223,132.09346163054252
2024-01-14,8.0,130.0932680484121,129.3376923042161,131.12222203409436,135.25870109265307,135.25870109265307,135.25870109265307,135.08377245666173,134.58727419078832,135.39106512209798,136.01959954851566,135.20453021846964,137.03582243542962,130.67923786828334,129.5696738204734,132.29902964734273,130.6592692931688,129.37710085977267,132.17735370361234
2024-01-15,8.0,130.0932680484121,129.3376923042161,131.12222203409436,135.25870109265307,135.25870109265307,135.25870109265307,135.10871520081102,134.65705062893466,135.35309206086552,136.01959954851566,135.20453021846964,137.03582243542962,130.70418061243265,129.6181072718664,132.33817811487177,130.6882272818811,129.402031152387,132.25121545070073
2024-01-16,8.0,130.0932680484121,129.3376923042161,131.12222203409436,135.25870109265307,135.25870109265307,135.25870109265307,135.09618455776078,134.6268746148686,135.36833553760485,136.01959954851566,135.20453021846964,137.03582243542962,130.6916499693824,129.5995450899699,132.31707362233126,130.67380810031727,129.4008019898262,132.2175351521627
2024-01-17,8.0,130.0932680484121,129.3376923042161,131.12222203409436,135.25870109265307,135.25870109265307,135.25870109265307,135.1189134489407,134.68699925773515,135.34163335532133,136.01959954851566,135.20453021846964,137.03582243542962,130.71437886056233,129.63695597149777,132.35220342804527,130.69999501324193,129.41631169851686,132.26533491984708
2024-01-18,8.0,130.0932680484121,129.3376923042161,131.12222203409436,135.25870109265307,135.25870109265307,135.25870109265307,134.90275957880002,133.87084315971032,135.60041609959538,136.01959954851566,135.20453021846964,137.03582243542962,130.49822499042165,129.22758257794715,132.12047395790105,130.451119629657,129.0908352594788,131.94469355558428
2024-01-19,8.0,130.0932680484121,129.3376923042161,131.12222203409436,135.25870109265307,135.25870109265307,135.25870109265307,134.9580044443312,134.1012469606604,135.51687272324875,136.01959954851566,135.20453021846964,137.03582243542962,130.55346985595284,129.36091453150993,132.13244697070698,130.51744444227583,129.20882311291965,131.9863889895161
2024-01-20,8.0,130.0932680484121,129.3376923042161,131.12222203409436,135.25870109265307,135.25870109265307,135.25870109265307,135.00306991161875,134.26091783908117,135.44727409735745,136.01959954851566,135.20453021846964,137.03582243542962,130.59853532324038,129.4396739768301,132.16417592692838,130.57041221634267,129.26977934443696,132.05715709067667
2024-01-21,8.0,130.0932680484121,129.3376923042161,131.12222203409436,135.25870109265307,135.25870109265307,135.25870109265307,135.0400375106172,134.37769268217414,135.39577556255165,136.01959954851566,135.20453021846964,137.03582243542962,130.63550292223883,129.5005014815606,132.193904501103,130.6131476227333,129.34474305166142,132.1312476638661
2024-01-22,8.0,130.0932680484121,129.3376923042161,131.12222203409436,135.25870109265307,135.25870109265307,135.25870109265307,135.07056104954987,134.47183024037048,135.37367163416246,136.01959954851566,135.20453021846964,137.03582243542962,130.6660264611715,129.5697112666531,132.26580267182632,130.64795451996403,129.37650770933556,132.18166268575047
2024-01-23,8.0,130.0932680484121,129.3376923042161,131.12222203409436,135.25870109265307,135.25870109265307,135.25870109265307,135.09593226742436,134.55573646518192,135.35398853302908,136.01959954851566,135.20453021846964,137.03582243542962,130.691397679046,129.6109563429974,132.3059376563713,130.67655057076837,129.3930550856324,132.22465364872556
2024-01-24,8.0,130.0932680484121,129.3376923042161,131.12222203409436,135.25870109265307,135.25870109265307,135.25870109265307,135.11715669510488,134.6366921029228,135.34283558629483,136.01959954851566,135.20453021846964,137.03582243542962,130.7126221067265,129.63890602768322,132.33394125687371,130.70023299791754,129.4220586211086,132.27239050651508
2024-01-25,8.0,130.0932680484121,129.3376923042161,131.12222203409436,135.25870109265307,135.25870109265307,135.25870109265307,135.13501982198804,134.68472291023127,135.32746572131754,136.01959954851566,135.20453021846964,137.03582243542962,130.73048523360967,129.65982351570477,132.3521967500807,130.71999115145323,129.42654872843846,132.28858254560367
2024-01-26,8.0,130.0932680484121,129.3376923042161,131.12222203409436,135.25870109265307,135.25870109265307,135.25870109265307,134.96816077467105,134.1688018109352,135.50997459516975,136.01959954851566,135.20453021846964,137.03582243542962,130.56362618629265,129.37705359095386,132.13757045554925,130.52751251004622,129.21858175111342,131.99456381925833
2024-01-27,8.0,130.0932680484121,129.3376923042161,131.12222203409436,135.25870109265307,135.25870109265307,135.25870109265307,135.0114953083551,134.29696822628284,135.44927411078226,136.01959954851566,135.20453021846964,137.03582243542962,130.6069607199767,129.4617437262478,132.1452033797632,130.57900784829758,129.27659296997095,132.05876647787665
2024-01-28,8.0,130.0932680484121,129.3376923042161,131.12222203409436,135.25870109265307,135.25870109265307,135.25870109265307,135.04708037583097,134.40518265820015,135.39474741632225,136.01959954851566,135.20453021846964,137.03582243542962,130.6425457874526,129.51743925530266,132.1737654724255,130.62043633687998,129.34919444520986,132.1477646221918
2024-01-29,8.0,130.0932680484121,129.3376923042161,131.12222203409436,135.25870109265307,135.25870109265307,135.25870109265307,135.0764626710346,134.48792377441197,135.36704113401854,136.01959954851566,135.20453021846964,137.03582243542962,130.67192808265622,129.58900568686866,132.2561412982648,130.65410489408114,129.3830544863046,132.19445620788235
2024-01-30,8.0,130.0932680484121,129.3376923042161,131.12222203409436,135.25870109265307,135.25870109265307,135.25870109265307,135.1008787255851,134.58508712454045,135.35114932445717,136.01959954851566,135.20453021846964,137.03582243542962,130.69634413720672,129.61455809795922,132.28978406052948,130.68172328778846,129.39763782951073,132.23435767283482
2024-01-31,8.0,130.0932680484121,129.3376923042161,131.12222203409436,135.25870109265307,135.25870109265307,135.25870109265307,135.12129981750422,134.63890159815065,135.34043896363286,136.01959954851566,135.20453021846964,137.03582243542962,130.71676522912583,129.6467048107021,132.32317062597488,130.70457315018027,129.42327050073126,132.2653570420079
2024-02-01,8.0,130.0932680484121,129.3376923042161,131.12222203409436,135.25870109265307,135.25870109265307,135.25870109265307,135.0679493773597,134.4876681926891,135.39550641971746,136.01959954851566,135.20453021846964,137.03582243542962,130.6634147889813,129.56269058676136,132.25081591991002,130.64279744745954,129.36834739726135,132.16859125397318
2024-02-02,8.0,130.0932680484121,129.3376923042161,131.12222203409436,135.25870109265307,135.25870109265307,135.25870109265307,135.09424406227257,134.57320545254996,135.36446394482346,136.01959954851566,135.20453021846964,137.03582243542962,130.6897094738942,129.6138521348165,132.28470246899803,130.67316974877505,129.39254765856847,132.2147048982122
2024-02-03,8.0,130.0932680484121,129.3376923042161,131.12222203409436,135.25870109265307,135.25870109265307,135.25870109265307,135.11611458455153,134.63740758502158,135.34170133541448,136.01959954851566,135.20453021846964,137.03582243542962,130.71157999617316,129.64137725076534,132.31829991650983,130.69803540458338,129.4155726800818,132.2549568611502
2024-02-04,8.0,130.0932680484121,129.3376923042161,131.12222203409436,135.25870109265307,135.25870109265307,135.25870109265307,135.13441013707808,134.69980895520058,135.3308669571617,136.01959954851566,135.20453021846964,137.03582243542962,130.72987554869968,129.66191966776935,132.34051929920366,130.71857982672438,129.42602885765908,132.2866406346738
2024-02-05,8.0,130.0932680484121,129.3376923042161,131.12222203409436,135.25870109265307,135.25870109265307,135.25870109265307,135.14980851513187,134.7656858230585,135.3183437012757,136.01959954851566,135.20453021846964,137.03582243542962,130.74527392675347,129.69373154527463,132.34956731497178,130.73569692747267,129.43064547609617,132.3042623184057
2024-02-06,8.0,130.0932680484121,129.3376923042161,131.12222203409436,135.25870109265307,135.25870109265307,135.25870109265307,135.16284584633593,134.81851026515662,135.3044246727157,136.01959954851566,135.20453021846964,137.03582243542962,130.75831125795756,129.7180627622108,132.3753990524766,130.75006827124633,129.4341172727106,132.31670879913966
2024-02-07,8.0,130.0932680484121,129.3376923042161,131.12222203409436,135.25870109265307,135.25870109265307,135.25870109265307,135.17394666677814,134.85126648366438,135.2947438892366,136.01959954851566,135.20453021846964,137.03582243542962,130.76941207839974,129.73102754571144,132.40129212374623,130.76221867036247,129.43651407057246,132.33058215924683
2024-02-08,8.0,130.0932680484121,129.3376923042161,131.12222203409436,135.25870109265307,135.25870109265307,135.25870109265307,135.18344872557083,134.87538292934246,135.2885722846534,136.01959954851566,135.20453021846964,137.03582243542962,130.77891413719246,129.74452910091344,132.40556427353584,130.77255758113049,129.44446491343635,132.3403802025396
2024-02-09,8.0,130.0932680484121,129.3376923042161,131.12222203409436,135.25870109265307,135.25870109265307,135.25870109265307,135.19162243352605,134.89841178569537,135.28350244338716,136.01959954851566,135.20453021846964,137.03582243542962,130.78708784514768,129.76540266831427,132.41944489899683,130.78140755295104,129.4445817460982,132.34547866929216
2024-02-10,8.0,130.0932680484121,129.3376923042161,131.12222203409436,135.25870109265307,135.25870109265307,135.25870109265307,135.19868602774164,134.9313954550539,135.2783885613984,136.01959954851566,135.20453021846964,137.03582243542962,130.79415143936328,129.7728605223213,132.44282712715048,130.78902563703707,129.45255540244042,132.35067530313336
2024-02-11,8.0,130.0932680484121,129.3376923042161,131.12222203409436,135.25870109265307,135.25870109265307,135.25870109265307,135.20481669474393,134.96232369625537,135.27524978382993,136.01959954851566,135.20453021846964,137.03582243542962,130.80028210636553,129.77307755613222,132.44627405721258,130.7956160430552,129.46321067946513,132.35522693772305
2024-02-12,8.0,130.0932680484121,129.3376923042161,131.12222203409436,135.25870109265307,135.25870109265307,135.25870109265307,135.21015937207093,134.9877004293321,135.27221934970402,136.01959954851566,135.20453021846964,137.03582243542962,130.80562478369254,129.77312356497643,132.4490409506849,130.801345147629,129.46521550028987,132.36075263870651
2024-02-13,8.0,130.0932680484121,129.3376923042161,131.12222203409436,135.25870109265307,135.25870109265307,135.25870109265307,135.07254845442037,134.56547930306894,135.4309931479653,136.01959954851566,135.20453021846964,137.03582243542962,130.668013866042,129.55623902536956,132.27916158775957,130.64273983305694,129.3324452041955,132.1188758454249
2024-02-14,8.0,130.0932680484121,129.3376923042161,131.12222203409436,135.25870109265307,135.25870109265307,135.25870109265307,135.10047603450798,134.66572867130645,135.3853042130744,136.01959954851566,135.20453021846964,137.03582243542962,130.6959414461296,129.59785905486896,132.3151108545235,130.67646952070163,129.38368081998294,132.18214868197109
2024-02-15,8.0,130.0932680484121,129.3376923042161,131.12222203409436,135.25870109265307,135.25870109265307,135.25870109265307,135.12331120108706,134.73384184787758,135.3570143896793,136.01959954851566,135.20453021846964,137.03582243542962,130.71877661270867,129.64178955030212,132.34378824357123,130.70342321122527,129.40036715110247,132.25515181269247
2024-02-16,8.0,130.0932680484121,129.3376923042161,131.12222203409436,135.25870109265307,135.25870109265307,135.25870109265307,135.14208742887405,134.7843604127827,135.32843583483856,136.01959954851566,135.20453021846964,137.03582243542962,130.73755284049568,129.67606412580014,132.3624443067843,130.7251985643173,129.42375096641166,132.27443404112125
2024-02-17,8.0,130.0932680484121,129.3376923042161,131.12222203409436,135.25870109265307,135.25870109265307,135.25870109265307,135.15763201522935,134.8292732177682,135.3167840742696,136.01959954851566,135.20453021846964,137.03582243542962,130.75309742685099,129.7070862297592,132.37661182250346,130.74297012983672,129.43168521765494,132.31703786628194
2024-02-18,8.0,130.0932680484121,129.3376923042161,131.12222203409436,135.25870109265307,135.25870109265307,135.25870109265307,135.17059243686268,134.8799582740639,135.31010941777436,136.01959954851566,135.20453021846964,137.03582243542962,130.7660578484843,129.73143728023064,132.41093744604453,130.7576100241991,129.43411658139308,132.3322841829953
2024-02-19,8.0,130.0932680484121,129.3376923042161,131.12222203409436,135.25870109265307,135.25870109265307,135.25870109265307,135.18147255158954,134.92225314833888,135.3010846607492,136.01959954851566,135.20453021846964,137.03582243542962,130.77693796321114,129.74699693426697,132.42117402686037,130.76977440728612,129.4446059422116,132.34040992919319
2024-02-20,8.0,130.0932680484121,129.3376923042161,131.12222203409436,135.25870109265307,135.25870109265307,135.25870109265307,135.19066560547978,134.94307918078817,135.2930082412639,136.01959954851566,135.20453021846964,137.03582243542962,130.78613101710138,129.7575983485397,132.42909820526543,130.77996128903442,129.44677529660746,132.34322013493545
2024-02-21,8.0,130.0932680484121,129.3376923042161,131.12222203409436,135.25870109265307,135.25870109265307,135.25870109265307,135.19848035905108,134.96137002448936,135.28469906268154,136.01959954851566,135.20453021846964,137.03582243542962,130.79394577067268,129.76676228464703,132.4353903078011,130.7885546880337,129.45716994692495,132.3500669437107
2024-02-22,8.0,130.0932680484121,129.3376923042161,131.12222203409436,135.25870109265307,135.25870109265307,135.25870109265307,135.16219102820287,134.87406855082963,135.32547838150123,136.01959954851566,135.20453021846964,137.03582243542962,130.7576564398245,129.71611709901276,132.39677281561737,130.74657663381893,129.43055007427762,132.32274330982213
2024-02-23,8.0,130.0932680484121,129.3376923042161,131.12222203409436,135.25870109265307,135.25870109265307,135.25870109265307,135.1750688385805,134.91592722312652,135.30937377974828,136.01959954851566,135.20453021846964,137.03582243542962,130.77053425020213,129.7266034794132,132.40994402277732,130.76156479597654,129.43759736513533,132.33340273475199
2024-02-24,8.0,130.0932680484121,129.3376923042161,131.12222203409436,135.25870109265307,135.25870109265307,135.25870109265307,135.18579240624584,134.9530461277954,135.2999493913108,136.01959954851566,135.20453021846964,137.03582243542962,130.78125781786747,129.74491105142755,132.4203278253566,130.77382749132892,129.445179735758,132.34156719473134
2024-02-25,8.0,130.0932680484121,129.3376923042161,131.12222203409436,135.25870109265307,135.25870109265307,135.25870109265307,135.1947748120508,134.97351451557978,135.29269948833178,136.01959954851566,135.20453021846964,137.03582243542962,130.79024022367244,129.75547645346788,132.42852975746555,130.78395983227233,129.45294254025487,132.34836491996225
2024-02-26,8.0,130.0932680484121,129.3376923042161,131.12222203409436,135.25870109265307,135.25870109265307,135.25870109265307,135.0445863781149,134.41761800587454,135.4603022678172,136.01959954851566,135.20453021846964,137.03582243542962,130.6400517897365,129.50554119235994,132.24333298348085,130.61096360411008,129.3018073940884,132.08272685200234
2024-02-27,8.0,130.0932680484121,129.3376923042161,131.12222203409436,135.25870109265307,135.25870109265307,135.25870109265307,135.07748617424375,134.57809973620397,135.4130823307144,136.01959954851566,135.20453021846964,137.03582243542962,130.67295158586538,129.54638270399886,132.27892130372842,130.65067891384444,129.35760363159335,132.13944115918153
2024-02-28,8.0,130.0932680484121,129.3376923042161,131.12222203409436,135.25870109265307,135.25870109265307,135.25870109265307,135.0405790274409,134.41598649932808,135.45488902758763,136.01959954851566,135.20453021846964,137.03582243542962,130.63604443906252,129.4961252935363,132.22510644050044,130.6087888574375,129.31199257519557,132.07126480742508
2024-02-29,8.0,130.0932680484121,129.3376923042161,131.12222203409436,135.25870109265307,135.25870109265307,135.25870109265307,135.07349189029713,134.56307093950733,135.40657844418183,136.01959954851566,135.20453021846964,137.03582243542962,130.66895730191874,129.54264860761265,132.27841973885876,130.64778221736654,129.3669219005232,132.1551409801918
2024-03-01,8.0,130.0932680484121,129.3376923042161,131.12222203409436,135.25870109265307,135.25870109265307,135.25870109265307,135.1004197254964,134.64473543757504,135.35995425977148,136.01959954851566,135.20453021846964,137.03582243542962,130.695885137118,129.6040974636633,132.3208395564119,130.67911008403624,129.40166959332103,132.22639231230286
2024-03-02,8.0,130.0932680484121,129.3376923042161,131.12222203409436,135.25870109265307,135.25870109265307,135.25870109265307,135.12259334530927,134.70970069459236,135.34141540257343,136.01959954851566,135.20453021846964,137.03582243542962,130.7180587569309,129.63881997413804,132.35535895535318,130.7045296787516,129.41606489816016,132.26345038827182
2024-03-03,8.0,130.0932680484121,129.3376923042161,131.12222203409436,135.25870109265307,135.25870109265307,135.25870109265307,134.9006683669089,133.84989628709766,135.60021267347742,136.01959954851566,135.20453021846964,137.03582243542962,130.4961337785305,129.21477969638548,132.1458471568688,130.44897416442956,129.08271850040873,131.9462559331925
2024-03-04,8.0,130.0932680484121,129.3376923042161,131.12222203409436,135.25870109265307,135.25870109265307,135.25870109265307,134.95641779518962,134.0831570195485,135.5206529201605,136.01959954851566,135.20453021846964,137.03582243542962,130.55188320681123,129.35191975936831,132.1349223527933,130.51590656219543,129.20454731402276,131.9848093289697
2024-03-05,8.0,130.0932680484121,129.3376923042161,131.12222203409436,135.25870109265307,135.25870109265307,135.25870109265307,135.0018790039441,134.2594920682435,135.44934439246433,136.01959954851566,135.20453021846964,137.03582243542962,130.59734441556571,129.43455965927237,132.1710483494451,130.5693393039864,129.273187539839,132.05326428168905
2024-03-06,8.0,130.0932680484121,129.3376923042161,131.12222203409436,135.25870109265307,135.25870109265307,135.25870109265307,135.03915689525738,134.3719705515178,135.39645259595557,136.01959954851566,135.20453021846964,137.03582243542962,130.63462230687898,129.49855080021447,132.2008073086717,130.61243010012538,129.34255434037485,132.127167507829
2024-03-07,8.0,130.0932680484121,129.3376923042161,131.12222203409436,135.42002726785915,135.3904197544113,135.45157827627088,135.06992385502076,134.47174899398507,135.37554867272263,136.01959954851566,135.20453021846964,137.03582243542962,130.82671544184848,129.743465808053,132.3926372562004,130.80917791345948,129.56413197714727,132.3237374244242
2024-03-08,8.0,130.0932680484121,129.3376923042161,131.12222203409436,135.41919260996764,135.3897458637761,135.45045280850687,134.8483320796294,133.663002481498,135.63702260403699,136.01959954851566,135.20453021846964,137.03582243542962,130.6042890085656,129.25942572298865,132.2029520968038,130.55303533644246,129.1036011289097,132.05995208743335
2024-03-09,8.0,130.0932680484121,129.3376923042161,131.12222203409436,135.4183623346419,135.38907537178332,135.4493340473198,134.91123586523884,133.9170602370945,135.54556513600937,136.01959954851566,135.20453021846964,137.03582243542962,130.66636251884927,129.40221345204722,132.2240179009753,130.62712759506402,129.262484561905,132.10399039646
2024-03-10,8.0,130.0932680484121,129.3376923042161,131.12222203409436,135.41753640181284,135.3884085014615,135.44822174111334,134.96270011239363,134.07395242150082,135.46030321839243,136.01959954851566,135.20453021846964,137.03582243542962,130.717000833175,129.51545198315836,132.2386300585684,130.6863739812664,129.39113322291075,132.15704763392787
2024-03-11,8.0,130.0932680484121,129.3376923042161,131.12222203409436,135.41671476497535,135.38774502978205,135.44711604180074,135.00504049665102,134.20728473341154,135.4177056145625,136.01959954851566,135.20453021846964,137.03582243542962,130.7585195805949,129.58342386057922,132.2552160102122,130.73419590152957,129.45576311576002,132.2443741724657
2024-03-12,8.0,130.0932680484121,129.3376923042161,131.12222203409436,135.48548853232617,135.44379779814474,135.52934361188673,135.04009766514545,134.32223131951386,135.39143950299237,136.01959954851566,135.20453021846964,137.03582243542962,130.8623505164402,129.75096927176358,132.3593201048334,130.842874940499,129.5871874166317,132.36126490499313
2024-03-13,8.0,130.0932680484121,129.3376923042161,131.12222203409436,135.484315420647,135.44285089587711,135.52777092982151,134.98946547617024,134.17700144160617,135.4359711442903,136.01959954851566,135.20453021846964,137.03582243542962,130.8105452157858,129.64126537544092,132.28493035738873,130.78303254457023,129.5116941601825,132.24840109705332
2024-03-14,8.0,130.0932680484121,129.3376923042161,131.12222203409436,135.59426048010533,135.5324764824098,135.65922154284598,135.02731091604252,134.2932360160745,135.39942960083977,136.01959954851566,135.20453021846964,137.03582243542962,130.95833571511642,129.84463112457425,132.41908146619124,130.93671954973695,129.69178583223342,132.4280655348733
2024-03-15,8.0,130.0932680484121,129.3376923042161,131.12222203409436,135.5925246522488,135.53107595096674,135.6568950027545,135.05874510825691,134.39526231842424,135.37527709449984,136.01959954851566,135.20453021846964,137.03582243542962,130.9880340794743,129.92468649376266,132.46227110678137,130.97058880885956,129.72774609597144,132.47158604707315
2024-03-16,8.0,130.0932680484121,129.3376923042161,131.12222203409436,135.74420293872393,135.65470790407602,135.83824414400692,135.04913908949706,134.3711806342666,135.38344959353017,136.01959954851566,135.20453021846964,137.03582243542962,131.13010634718955,130.05295829677894,132.5692124978138,131.1111682927089,129.89487210782653,132.58589042247317
2024-03-17,8.0,130.0932680484121,129.3376923042161,131.12222203409436,135.7416915468762,135.65268280496318,135.8348764705757,135.0771443735234,134.4812167068266,135.3641232075441,136.01959954851566,135.20453021846964,137.03582243542962,131.15560023936814,130.08987640710538,132.61623613729734,131.14028969920585,129.9242088583501,132.62638572918024
2024-03-18,8.0,130.0932680484121,129.3376923042161,131.12222203409436,135.7391931943919,135.6506676044062,135.8315281647195,135.100597768815,134.550747648169,135.3519253688789,136.01959954851566,135.20453021846964,137.03582243542962,131.17655528217543,130.11887184709087,132.64250082851623,131.16397603644697,129.9227494870532,132.65325012083642
2024-03-19,8.0,130.0932680484121,129.3376923042161,131.12222203409436,135.95095830638644,135.823268336908,136.08471840827164,134.91432870150123,133.97047867668394,135.55452672046562,136.01959954851566,135.20453021846964,137.03582243542962,131.20205132685624,130.0147851630437,132.68400269350167,131.1613694527514,129.81631424078554,132.60776688904917
2024-03-20,8.0,130.0932680484121,129.3376923042161,131.12222203409436,135.94737750557042,135.8203787316747,136.07991954199844,134.9655740407976,134.12174189043222,135.48265187958313,136.01959954851566,135.20453021846964,137.03582243542962,131.24971586533655,130.11228366884689,132.68752362002263,131.21857557566213,129.94619897752736,132.632387747939
2024-03-21,8.0,130.0932680484121,129.3376923042161,131.12222203409436,136.07039063484308,135.92038505203018,136.22702488778833,135.00766706322375,134.24419949649712,135.4190808887429,136.01959954851566,135.20453021846964,137.03582243542962,131.4148220170354,130.33141295421356,132.77342407807345,131.3908219482958,130.15715866842146,132.80650387869238
2024-03-22,8.0,130.0932680484121,129.3376923042161,131.12222203409436,136.06619218252663,135.9170031366403,136.22139982048975,135.04243585442023,134.3422855315344,135.38616189193755,136.01959954851566,135.20453021846964,137.03582243542962,131.44539235591543,130.3604363704457,132.81313909993025,131.42641573770024,130.22491746439238,132.86029999633178
2024-03-23,8.0,130.0932680484121,129.3376923042161,131.12222203409436,136.06201564090276,135.9136352759627,136.21580555438587,135.07133975924663,134.45940763528247,135.36807547283283,136.01959954851566,135.20453021846964,137.03582243542962,131.47011971911795,130.4048431744173,132.87935735865872,131.45489986834505,130.23341583073667,132.91733459092066
2024-03-24,8.0,130.0932680484121,129.3376923042161,131.12222203409436,136.0578608776997,135.91026057384684,136.21024515644194,135.09552445306767,134.52153181616333,135.35544863262882,136.01959954851566,135.20453021846964,137.03582243542962,131.49014964973594,130.44118678777812,132.91226726151984,131.4777815880311,130.26077403050152,132.93593545679605
2024-03-25,8.0,130.0932680484121,129.3376923042161,131.12222203409436,136.05372786933324,135.90687976753776,136.20471799318776,135.11588671569692,134.60139573492106,135.33718996532193,136.01959954851566,135.20453021846964,137.03582243542962,131.5063789039987,130.45172542935524,132.9359298785029,131.4962046760742,130.278652884353,132.97212931672604
2024-03-26,8.0,130.0932680484121,129.3376923042161,131.12222203409436,136.19168158873973,136.01905344081916,136.36969748197723,135.13313127965947,134.6784116200561,135.318216774076,136.01959954851566,135.20453021846964,137.03582243542962,131.66157718736773,130.6484456686249,133.1082862065975,131.65344762087668,130.43933097764523,133.11521151243008
2024-03-27,8.0,130.0932680484121,129.3376923042161,131.12222203409436,136.18685647263857,136.01511015980037,136.36324134666313,135.14781535710017,134.73475677070445,135.30713516589938,136.01959954851566,135.20453021846964,137.03582243542962,131.67143614870727,130.66423236706962,133.12663956781654,131.66465329864533,130.44872874809056,133.12454713342984
2024-03-28,8.0,130.0932680484121,129.3376923042161,131.12222203409436,136.3178365854335,136.12150146494525,136.51989485854284,135.1603827326257,134.77275141816034,135.29884249385591,136.01959954851566,135.20453021846964,137.03582243542962,131.81498363702772,130.8003987460246,133.27992949092024,131.80960390716518,130.59985352449414,133.25281930291104
2024-03-29,8.0,130.0932680484121,129.3376923042161,131.12222203409436,136.3123591273894,136.11702652405168,136.51256658695362,134.99046057005066,134.25643070672032,135.493454799545,136.01959954851566,135.20453021846964,137.03582243542962,131.63958401640863,130.55218753004178,133.08061971085107,131.60811704029493,130.34918662887233,132.96129540325268
2024-03-30,8.0,130.0932680484121,129.3376923042161,131.12222203409436,136.4489687688066,136.22793431395064,136.67595934690223,135.03002287517793,134.37931235069124,135.4322321863354,136.01959954851566,135.20453021846964,137.03582243542962,131.8157559629531,130.77502630127378,133.2039829630995,131.79230859858512,130.5977567584385,133.16297947950827
2024-03-31,8.0,130.0932680484121,129.3376923042161,131.12222203409436,136.44281325993373,136.22290908722175,136.66772507087794,135.06251190590064,134.4632165516553,135.38853902320326,136.01959954851566,135.20453021846964,137.03582243542962,131.8420894848029,130.79687134707993,133.20624527615104,131.82411681755917,130.6472640804115,133.22732731480698
2024-04-01,8.0,130.0932680484121,129.3376923042161,131.12222203409436,136.4366897643961,136.2179070739087,136.65953916359848,135.08934134590442,134.54723797504104,135.35576031139078,136.01959954851566,135.20453021846964,137.03582243542962,131.86279542926908,130.82659838735432,133.25548806509119,131.848830185795,130.6756426648444,133.25836802476812
2024-04-02,8.0,130.0932680484121,129.3376923042161,131.12222203409436,136.5923563640896,136.3443036169743,136.84572390407868,135.1116437755109,134.6118147173167,135.34452124937468,136.01959954851566,135.20453021846964,137.03582243542962,132.04076445856907,131.01869996649006,133.45833620839971,132.0301848044029,130.8568521973345,133.44896039524497
2024-04-03,8.0,130.0932680484121,129.3376923042161,131.12222203409436,136.585459471444,136.33867469158074,136.8365026536549,135.13030848944763,134.6881201585534,135.3320277493281,136.01959954851566,135.20453021846964,137.03582243542962,132.05253227986017,131.03474812249326,133.49074648885053,132.0442183617229,130.85550827606437,133.4624214535798
2024-04-04,8.0,130.0932680484121,129.3376923042161,131.12222203409436,136.5785988268673,136.33307425235617,136.82733517205068,134.97618425415476,134.20764309238592,135.50105157923275,136.01959954851566,135.20453021846964,137.03582243542962,131.8915473999906,130.7895056325987,133.306138110783,131.8596341610716,130.6183538728013,133.21582344551942
2024-04-05,8.0,130.0932680484121,129.3376923042161,131.12222203409436,136.57177377253672,136.32750346363358,136.8182202927113,135.01795975218835,134.33635704200552,135.4424445087539,136.01959954851566,135.20453021846964,137.03582243542962,131.9264978436936,130.8622472319726,133.32872506460825,131.90247902238343,130.71447397026694,133.25324079920648
2024-04-06,8.0,130.0932680484121,129.3376923042161,131.12222203409436,136.56498468171728,136.32196348974585,136.80909289450466,135.05226837464718,134.4289552022149,135.3914380306629,136.01959954851566,135.20453021846964,137.03582243542962,131.95401737533302,130.912850014008,133.3132992132451,131.93565990207978,130.75619290899462,133.32248820920563
2024-04-07,8.0,130.0932680484121,129.3376923042161,131.12222203409436,136.55823085942038,136.31645118034308,136.79983483755322,134.8061273118094,133.46119300912574,135.6840069863803,136.01959954851566,135.20453021846964,137.03582243542962,131.70112249019834,130.3409056366405,133.27384729954085,131.64563861839483,130.21184257602746,133.1056088354701
2024-04-08,8.0,130.0932680484121,129.3376923042161,131.12222203409436,136.5515122200585,136.3109676997582,136.79062883642158,134.87588010987452,133.80262020652827,135.58207636697193,136.01959954851566,135.20453021846964,137.03582243542962,131.76415664890158,130.48922743832796,133.25497105875974,131.72247206576478,130.37964815301038,133.13339986913783
2024-04-09,8.0,130.0932680484121,129.3376923042161,131.12222203409436,136.7177955637556,136.44596586442003,136.98927227113143,134.9328255199688,133.9834280891379,135.4935501807221,136.01959954851566,135.20453021846964,137.03582243542962,131.98738540269292,130.7996041722722,133.39525859747357,131.95598725743085,130.6844362237722,133.3279059263916
2024-04-10,8.0,130.0932680484121,129.3376923042161,131.12222203409436,136.7102518780212,136.43981294708053,136.97893766932341,134.91244858772737,133.92109558515048,135.51766139905098,136.01959954851566,135.20453021846964,137.03582243542962,131.9594647847171,130.73870679701577,133.38243916223195,131.92528339884734,130.63040422859302,133.3129200289902
2024-04-11,8.0,130.0932680484121,129.3376923042161,131.12222203409436,136.9650703961646,136.64703100538128,137.2838781181678,134.96254898811006,134.08024663439764,135.44360574629687,136.01959954851566,135.20453021846964,137.03582243542962,132.26438370324323,131.12056046827885,133.66074985366618,132.23872542126261,130.99818722625562,133.58875392434717
2024-04-12,8.0,130.0932680484121,129.3376923042161,131.12222203409436,136.956247811177,136.63983503762074,137.27178293133878,135.00390484282735,134.20049022919133,135.41323520129305,136.01959954851566,135.20453021846964,137.03582243542962,132.2969169729729,131.19547627009766,133.6860793139838,132.27709304438304,131.06970195034404,133.65962095304567
2024-04-13,8.0,130.0932680484121,129.3376923042161,131.12222203409436,136.9474711659686,136.63267645816742,137.25976048536845,135.03826400462378,134.31371577159666,135.38690465988967,136.01959954851566,135.20453021846964,137.03582243542962,132.32249948956093,131.26711002897252,133.69477485715873,132.30705291575592,131.1374918556036,133.7057351503387
2024-04-14,8.0,130.0932680484121,129.3376923042161,131.12222203409436,136.93874064843277,136.62630656177788,137.24781100907182,135.06699363386062,134.4138867200606,135.37193511221065,136.01959954851566,135.20453021846964,137.03582243542962,132.34249860126195,131.31285307730184,133.7077174370034,132.33037924690674,131.18385852205705,133.7351196017716
2024-04-15,8.0,130.0932680484121,129.3376923042161,131.12222203409436,136.9300555377469,136.6202370814254,137.23593258801648,135.09116336523036,134.4875523094783,135.35247910880454,136.01959954851566,135.20453021846964,137.03582243542962,132.3579832219458,131.33869483787285,133.72413740097923,132.34842373241813,131.20868649967758,133.74964418298805
2024-04-16,8.0,130.0932680484121,129.3376923042161,131.12222203409436,136.92141587532188,136.61419580702915,137.22412533660994,135.11161382908972,134.578459288964,135.32994328674016,136.01959954851566,135.20453021846964,137.03582243542962,132.36979402338017,131.35762604539215,133.7766563584716,132.36222564748599,131.20538545849203,133.77560564482383
2024-04-17,8.0,130.0932680484121,129.3376923042161,131.12222203409436,136.91282112415163,136.60817733617142,137.21237806306576,135.0220129239024,134.31143479920001,135.43355651212607,136.01959954851566,135.20453021846964,137.03582243542962,132.2715983670226,131.200493802928,133.64560136128927,132.24992680769157,131.0790596243729,133.6088259139174
2024-04-18,8.0,130.0932680484121,129.3376923042161,131.12222203409436,136.9042710355373,136.60218850165367,137.20026441655727,135.05468732655868,134.41850492183522,135.38941419340574,136.01959954851566,135.20453021846964,137.03582243542962,132.29572268106452,131.24402561781287,133.66873403064648,132.27931101900222,131.13006157483662,133.66211315272608
2024-04-19,8.0,130.0932680484121,129.3376923042161,131.12222203409436,136.8957660118739,136.5962244566914,137.18822546499388,134.68439585312677,133.02892245655715,135.81128880163433,136.01959954851566,135.20453021846964,137.03582243542962,131.9169261839692,130.34371084330388,133.5024117573654,131.84454077900392,130.25496143274484,133.36746594961804
2024-04-20,8.0,130.0932680484121,129.3376923042161,131.12222203409436,137.12032614819674,136.77718784813888,137.4575268648626,134.77390681026375,133.39227104118297,135.67983884016652,136.01959954851566,135.20453021846964,137.03582243542962,132.23099727742903,130.80774380802663,133.76221153836687,132.17754303916755,130.73955842668954,133.6169264961574
2024-04-21,8.0,130.0932680484121,129.3376923042161,131.12222203409436,137.1107036795528,136.7704473002868,137.44431339827022,134.8468562893338,133.65000832934695,135.57429085676867,136.01959954851566,135.20453021846964,137.03582243542962,132.29432428785518,130.9757537915199,133.79233799166212,132.25391425435683,130.8691175528767,133.64135572182906
2024-04-22,8.0,130.0932680484121,129.3376923042161,131.12222203409436,137.10113148780482,136.7637378191584,137.43076159091194,134.90663656069967,133.83882753683486,135.48276060696497,136.01959954851566,135.20453021846964,137.03582243542962,132.34453236747302,131.11315636527854,133.75656146175467,132.31361125639322,130.99531272798347,133.6889858401926
2024-04-23,8.0,130.0932680484121,129.3376923042161,131.12222203409436,137.0916090731141,136.75705654398624,137.4172942087418,134.95594824020293,133.9923767172328,135.44382789279032,136.01959954851566,135.20453021846964,137.03582243542962,132.3843216322856,131.21581544559828,133.81954112357778,132.36042651118464,131.0968506808986,133.72946261958998
2024-04-24,8.0,130.0932680484121,129.3376923042161,131.12222203409436,137.08213619513842,136.75040633553775,137.4039925369712,134.99689987575687,134.1290399767724,135.41206017337598,136.01959954851566,135.20453021846964,137.03582243542962,132.41580038986382,131.2944985035743,133.81337057724474,132.39718102271485,131.1719789216942,133.79255336309987
2024-04-25,8.0,130.0932680484121,129.3376923042161,131.12222203409436,137.1839881512089,136.8326116855901,137.52570646078968,135.03113124754043,134.25808651172954,135.39403583049057,136.01959954851566,135.20453021846964,137.03582243542962,132.55188371771786,131.47462657298524,133.93742889761953,132.5375901436654,131.35391779417398,133.9386003431449
2024-04-26,8.0,130.0932680484121,129.3376923042161,131.12222203409436,137.17403838937483,136.82562721421695,137.51172827903633,135.05992152300206,134.33555395475148,135.37114488027692,136.01959954851566,135.20453021846964,137.03582243542962,132.57072423134542,131.53397316758932,133.93756523497999,132.55951154035006,131.40287413607896,133.96778922084977
2024-04-27,8.0,130.0932680484121,129.3376923042161,131.12222203409436,137.27917598117733,136.91048894742875,137.6371648041555,135.08427492870314,134.4405977525673,135.34406242537298,136.01959954851566,135.20453021846964,137.03582243542962,132.70021522884903,131.66360640552676,134.05841503701495,132.69172539220267,131.55083682611968,134.08544012612853
2024-04-28,8.0,130.0932680484121,129.3376923042161,131.12222203409436,137.26873399120103,136.9031571031613,137.62223693017472,135.10498546186872,134.53618183483906,135.32881849865424,136.01959954851566,135.20453021846964,137.03582243542962,132.7104837720383,131.6924621807926,134.0802975023158,132.70387382382913,131.56085194311552,134.09671890242973
2024-04-29,8.0,130.0932680484121,129.3376923042161,131.12222203409436,137.25834682511598,136.89585974201825,137.60724713828583,135.12268594625743,134.60341425632518,135.31680089062908,136.01959954851566,135.20453021846964,137.03582243542962,132.71779709034197,131.71226143029068,134.1118117681428,132.71268071550674,131.5667156983691,134.10358569028145
2024-04-30,8.0,130.0932680484121,129.3376923042161,131.12222203409436,137.42776070800195,137.03246683979995,137.81053174201233,135.13788430780178,134.6493853837308,135.30690009092882,136.01959954851566,135.20453021846964,137.03582243542962,132.9024093347723,131.9026044210189,134.3200683341539,132.89896309189487,131.760393833754,134.2846270252175
2024-05-01,8.0,130.0932680484121,129.3376923042161,131.12222203409436,137.4165510714769,137.02459272259486,137.7943012638124,135.15099136202738,134.6857286038252,135.29683016541125,136.01959954851566,135.20453021846964,137.03582243542962,132.90430675247285,131.8976983001238,134.35298116379937,132.90183576688617,131.75849409319318,134.3019477092987
2024-05-02,8.0,130.0932680484121,129.3376923042161,131.12222203409436,137.5677454957048,137.14655785797615,137.97515868062564,135.16234140299312,134.7217110956925,135.29050763052715,136.01959954851566,135.20453021846964,137.03582243542962,133.06685121766648,132.07493368265818,134.50662280366,133.06562228553472,131.91834675335963,134.45887492109134
2024-05-03,8.0,130.0932680484121,129.3376923042161,131.12222203409436,137.55581220245972,137.13817738134156,137.95813539463688,135.17220837003885,134.77378651939517,135.2850750823507,136.01959954851566,135.20453021846964,137.03582243542962,133.0647848914671,132.07358431080672,134.50759175307343,133.06422278299922,131.91586284948954,134.46149390840597
2024-05-04,8.0,130.0932680484121,129.3376923042161,131.12222203409436,137.66142146441604,137.223466363708,138.0837695206013,135.18081774739613,134.81554710663508,135.2800597296502,136.01959954851566,135.20453021846964,137.03582243542962,133.1790035307807,132.19414293625786,134.63066136424212,133.17935313397422,132.020884351417,134.5662594845854
2024-05-05,8.0,130.0932680484121,129.3376923042161,131.12222203409436,137.6490044360176,137.21474534698058,138.06591481366212,135.1883564325206,134.85345518331326,135.2759105836547,136.01959954851566,135.20453021846964,137.03582243542962,133.17412518750675,132.19523837810164,134.62628750807758,133.17495110414728,132.01767249019227,134.56205406181263
2024-05-06,8.0,130.0932680484121,129.3376923042161,131.12222203409436,137.76029466080053,137.30461635376798,138.19847545089846,135.15358046482757,134.77270481984976,135.325449022007,136.01959954851566,135.20453021846964,137.03582243542962,133.25063944459663,132.25105754919107,134.68330180048636,133.24623194011417,132.08476209079822,134.58891596472571
2024-05-07,8.0,130.0932680484121,129.3376923042161,131.12222203409436,137.74736688504134,137.29553485417662,138.18012457591936,135.1662176648253,134.8098080697746,135.30297333156332,136.01959954851566,135.20453021846964,137.03582243542962,133.25034886883518,132.25148199817258,134.6867956581105,133.24782170740477,132.0809598444065,134.59689777861476
2024-05-08,8.0,130.0932680484121,129.3376923042161,131.12222203409436,137.7345062453156,137.28649610089482,138.16201966110768,135.1768819546669,134.85386623909204,135.29440744498808,136.01959954851566,135.20453021846964,137.03582243542962,133.24815251895106,132.2524433382133,134.68748614859302,133.24700942109203,132.08854981952192,134.6030830656496
2024-05-09,8.0,130.0932680484121,129.3376923042161,131.12222203409436,137.87399291795245,137.3990684763634,138.3288931262697,135.185934823856,134.89473640991275,135.28749889668623,136.01959954851566,135.20453021846964,137.03582243542962,133.39669206077699,132.39540258698563,134.83044453710343,133.39702827895835,132.24198083119148,134.7519320938901
2024-05-10,8.0,130.0932680484121,129.3376923042161,131.12222203409436,137.86047785216778,137.38956666559494,138.30986728835205,134.9485553023191,134.04140499876968,135.55864495316158,136.01959954851566,135.20453021846964,137.03582243542962,133.14579747345542,132.01393194296983,134.5311995077354,133.11008641930647,131.87239764269174,134.42244836368218
2024-05-11,8.0,130.0932680484121,129.3376923042161,131.12222203409436,137.84703367268241,137.38010958715304,138.29104290790573,134.9963260565967,134.27681595016185,135.4812942326655,136.01959954851566,135.20453021846964,137.03582243542962,133.18012404824768,132.0995620674676,134.55350202630652,133.1546026846692,131.95318846534096,134.45716536198185
2024-05-12,8.0,130.0932680484121,129.3376923042161,131.12222203409436,137.99011566730002,137.49558656045332,138.46212370562455,135.0352381137116,134.41187928453817,135.4329040257188,136.01959954851566,135.20453021846964,137.03582243542962,133.36211809998017,132.32283331393117,134.7325133718821,133.34425377946337,132.17431536308658,134.63257771309608
2024-05-13,8.0,130.0932680484121,129.3376923042161,131.12222203409436,137.9760014781867,137.4856581613396,138.44236087681213,135.06711099243807,134.50949998332723,135.3798811095608,136.01959954851566,135.20453021846964,137.03582243542962,133.37987678959334,132.36138771535155,134.72560483798384,133.367240051385,132.2387862529049,134.6849387938155
2024-05-14,8.0,130.0932680484121,129.3376923042161,131.12222203409436,138.14257071226743,137.62005514439844,138.6416378046837,135.09339663066277,134.5791524698694,135.35526360185156,136.01959954851566,135.20453021846964,137.03582243542962,133.57273166189876,132.57154713328026,134.9476867795149,133.5644595820251,132.43933608449595,134.87373214869504
2024-05-15,8.0,130.0932680484121,129.3376923042161,131.12222203409436,138.12766877338007,137.60957477877818,138.62074463165825,135.11522839459155,134.64450416262534,135.34182372520084,136.01959954851566,135.20453021846964,137.03582243542962,133.57966148694015,132.58087728582507,134.96629717650052,133.57427859462373,132.4399921448279,134.89420392719043
2024-05-16,8.0,130.0932680484121,129.3376923042161,131.12222203409436,138.2903427767355,137.74085734446524,138.8152962185651,135.13348600160032,134.7117403148282,135.33225324230148,136.01959954851566,135.20453021846964,137.03582243542962,133.76059309730437,132.75794885313633,135.1326038491856,133.75790391353573,132.61084090155927,135.07229697953483
2024-05-17,8.0,130.0932680484121,129.3376923042161,131.12222203409436,138.27467709857802,137.72983812230808,138.79332847853075,135.14885419854207,134.77624595840797,135.31941416845675,136.01959954851566,135.20453021846964,137.03582243542962,133.76029561608863,132.7548845093354,135.13851714596527,133.75928177049863,132.61750948867635,135.07652805710097
2024-05-18,8.0,130.0932680484121,129.3376923042161,131.12222203409436,138.25909258928613,137.71887046527894,138.77156469557215,135.16186925491147,134.81425859916797,135.30475239730353,136.01959954851566,135.20453021846964,137.03582243542962,133.75772616316613,132.7552200121329,135.14338172441043,133.75800886015082,132.61708598756007,135.08626864499414
2024-05-19,8.0,130.0932680484121,129.3376923042161,131.12222203409436,138.24359030384414,137.70795183172754,138.74993544689343,135.17295420177325,134.83913196649561,135.29526141518332,136.01959954851566,135.20453021846964,137.03582243542962,133.75330882458593,132.75862729321733,135.17155619443642,133.75460382689045,132.6076802669632,135.09249757490437
2024-05-20,8.0,130.0932680484121,129.3376923042161,131.12222203409436,138.22816813948415,137.69707936088642,138.7284426197769,135.18244537468044,134.8689817078184,135.28898625629674,136.01959954851566,135.20453021846964,137.03582243542962,133.74737783313313,132.74842689105856,135.16735426561328,133.74947249964515,132.60688739489288,135.09527889740042
2024-05-21,8.0,130.0932680484121,129.3376923042161,131.12222203409436,138.42065354185158,137.85235640677607,138.95872634703667,135.19061231413573,134.90037849077927,135.28381268808482,136.01959954851566,135.20453021846964,137.03582243542962,133.94803017495585,132.94052454173115,135.35064769533923,133.95133543865356,132.80590139546868,135.296622596559
2024-05-22,8.0,130.0932680484121,129.3376923042161,131.12222203409436,138.4043161208069,137.84084504642556,138.935938418268,135.19767249327458,134.9396508813807,135.27902726711542,136.01959954851566,135.20453021846964,137.03582243542962,133.93875293305004,132.93722047549463,135.34208451381275,133.94256987195217,132.799954405585,135.295995053075
2024-05-23,8.0,130.0932680484121,129.3376923042161,131.12222203409436,138.38806428685322,137.82938270955282,138.9133025136909,135.2038027423527,134.96864847335019,135.2755321438758,136.01959954851566,135.20453021846964,137.03582243542962,133.9286313481745,132.93215562653486,135.33234725852887,133.93286383519225,132.7850320402642,135.2882645261934
2024-05-24,8.0,130.0932680484121,129.3376923042161,131.12222203409436,138.37189754287147,137.81797281255854,138.8892105701312,135.20914765453057,134.99337530537576,135.2726571349242,136.01959954851566,135.20453021846964,137.03582243542962,133.9178095163706,132.9242136012933,135.3217176700779,133.92238269650758,132.77256945183188,135.29339081156317
2024-05-25,8.0,130.0932680484121,129.3376923042161,131.12222203409436,138.3558139451833,137.80661249467525,138.8642785689014,135.2138262415339,135.0159456364926,135.26984860244576,136.01959954851566,135.20453021846964,137.03582243542962,133.9064045056857,132.91188189492527,135.31037657808645,133.91126091609365,132.75861527670597,135.28241143589526
2024-05-26,8.0,130.0932680484121,129.3376923042161,131.12222203409436,138.33981509183192,137.79530318628673,138.84024708027192,135.21793697431224,135.03657538748047,135.26770218884513,136.01959954851566,135.20453021846964,137.03582243542962,133.8945163851127,132.8988406582274,135.29848142795757,133.89960870142613,132.74967343016888,135.26884513829353
2024-05-27,8.0,130.0932680484121,129.3376923042161,131.12222203409436,138.3238997534494,137.7840454430262,138.81637588815198,135.21133602351978,135.02826634954462,135.27763350290638,136.01959954851566,135.20453021846964,137.03582243542962,133.87200009593775,132.87523461022843,135.27271186690976,133.87588737305583,132.7287635637574,135.23650709011113
2024-05-28,8.0,130.0932680484121,129.3376923042161,131.12222203409436,138.30806719213837,137.77292206770105,138.79454847818312,135.2161662728801,135.0478554350864,135.27248004882853,136.01959954851566,135.20453021846964,137.03582243542962,133.86099778398702,132.8629312801435,135.26293410828993,133.86540065871694,132.7185682202826,135.2282131463592
2024-05-29,8.0,130.0932680484121,129.3376923042161,131.12222203409436,138.2923170191644,137.7620535549497,138.7745921546225,135.2203334189251,135.06574521541538,135.26975903960553,136.01959954851566,135.20453021846964,137.03582243542962,133.84941475705804,132.85006025436996,135.25230201720285,133.85420695700955,132.70693542027644,135.22295004925104
2024-05-30,8.0,130.0932680484121,129.3376923042161,131.12222203409436,138.27664940954543,137.7512794058792,138.75474781878935,135.22394809564253,135.07932840896083,135.26781088015284,136.01959954851566,135.20453021846964,137.03582243542962,133.8373618241565,132.83671790393583,135.25879055177091,133.8424547778458,132.6963919984274,135.2168366384994
2024-05-31,8.0,130.0932680484121,129.3376923042161,131.12222203409436,138.26106302935196,137.74065858187873,138.73501782171016,135.2271009793339,135.09194536642482,135.2660920548932,136.01959954851566,135.20453021846964,137.03582243542962,133.8249283276544,132.82308884577648,135.27178422675993,133.83025842778147,132.68424824563797,135.20704163700375
2024-06-01,8.0,130.0932680484121,129.3376923042161,131.12222203409436,138.245557891133,137.73007847932737,138.71611202669376,135.00633426148067,134.25079763955264,135.5230203729727,136.01959954851566,135.20453021846964,137.03582243542962,133.58865647158223,132.47496787597763,134.96283084845197,133.56051315821094,132.35942323510446,134.855463115232
2024-06-02,8.0,130.0932680484121,129.3376923042161,131.12222203409436,138.23013383421434,137.71953711220814,138.69543452175625,135.04629843562387,134.42028954664892,135.4512430035196,136.01959954851566,135.20453021846964,137.03582243542962,133.61319658880674,132.53774125354317,134.9759885787957,133.59394591004587,132.42816646723207,134.89037492681044
2024-06-03,8.0,130.0932680484121,129.3376923042161,131.12222203409436,138.21478995897812,137.70904292514365,138.6755789166483,135.0787155078243,134.5801265035296,135.41002501812468,136.01959954851566,135.20453021846964,137.03582243542962,133.63026978577096,132.58189665568486,134.97132436585818,133.61727192880414,132.4722469466278,134.91581313041098
2024-06-04,8.0,130.0932680484121,129.3376923042161,131.12222203409436,138.37529956629072,137.8378073670705,138.86590042787742,134.94982596282034,134.0024688643911,135.5507812387841,136.01959954851566,135.20453021846964,137.03582243542962,133.66188984807962,132.50643279744614,135.0429028999007,133.63035224152148,132.38487547245077,134.9308724457336
2024-06-05,8.0,130.0932680484121,129.3376923042161,131.12222203409436,138.3592053713476,137.82681357522065,138.84393727714343,134.86223590946292,133.6693792591427,135.64941457909399,136.01959954851566,135.20453021846964,137.03582243542962,133.5582055997791,132.29952852518971,134.98587118041866,133.51494362342223,132.16896871334225,134.85227309964108
2024-06-06,8.0,130.0932680484121,129.3376923042161,131.12222203409436,138.55421330835253,137.98321188464328,139.07506153712805,134.78735702645187,133.39791324394298,135.7296902369351,136.01959954851566,135.20453021846964,137.03582243542962,133.67833465377294,132.26853559243506,135.13745294870944,133.6263613378552,132.18708330647002,135.01390718137384
2024-06-07,8.0,130.0932680484121,129.3376923042161,131.12222203409436,138.53719421552063,137.9715913505174,139.0534376496859,134.78447499929905,133.3490728465153,135.72639343460895,136.01959954851566,135.20453021846964,137.03582243542962,133.6584335337882,132.2485731509518,135.12572882120634,133.60833408488492,132.1555087611155,135.0067130685
2024-06-08,8.0,130.0932680484121,129.3376923042161,131.12222203409436,138.52026435917597,137.96003041310286,139.03033041965816,134.85885599096108,133.67733583357392,135.6043730142017,136.01959954851566,135.20453021846964,137.03582243542962,133.71588466910558,132.46022705092443,135.13617767202192,133.6795583172384,132.3345136820159,135.0256107239024
2024-06-09,8.0,130.0932680484121,129.3376923042161,131.12222203409436,138.50342240941032,137.94851218315443,139.00947685118575,134.91940292273043,133.9446912266776,135.49780276651765,136.01959954851566,135.20453021846964,137.03582243542962,133.75958965110928,132.55794385389416,135.16304008389804,133.7331968755529,132.45214066770828,135.0827632710875
2024-06-10,8.0,130.0932680484121,129.3376923042161,131.12222203409436,138.48666835708923,137.93704311927775,138.98941193082666,134.96900554231257,134.11148226236244,135.43958501791852,136.01959954851566,135.20453021846964,137.03582243542962,133.79243821837036,132.65315533835076,135.20067115801132,133.77334388173776,132.53134415618655,135.0809837575576
2024-06-11,8.0,130.0932680484121,129.3376923042161,131.12222203409436,138.47000211839733,137.9256252074898,138.96945879104456,135.0099196829875,134.24594939407547,135.41183764280328,136.01959954851566,135.20453021846964,137.03582243542962,133.81668612035335,132.7310565863735,135.19024782182893,133.80302921574952,132.58725598198183,135.1084952846365
2024-06-12,8.0,130.0932680484121,129.3376923042161,131.12222203409436,138.68985729847407,138.10191197616751,139.22541226717547,135.0438935959658,134.35020781973043,135.38794522399232,136.01959954851566,135.20453021846964,137.03582243542962,134.07051521340844,133.02768949052427,135.3963278737327,134.06160207743545,132.87445354743215,135.3677271204803
2024-06-13,8.0,130.0932680484121,129.3376923042161,131.12222203409436,138.67214077297083,138.08979183725626,139.20419601926994,134.97307327649796,134.14319245819107,135.4556323066878,136.01959954851566,135.20453021846964,137.03582243542962,133.98197836843735,132.85468598329857,135.38255956022655,133.9618010776039,132.73096921232337,135.26926532039437
2024-06-14,8.0,130.0932680484121,129.3376923042161,131.12222203409436,138.65451592132277,138.07772483645073,139.1830915519414,135.01351915311136,134.26665415908104,135.41233220766702,136.01959954851566,135.20453021846964,137.03582243542962,134.0047993934027,132.91790743344137,135.37660543532093,133.99068363263473,132.77397199682818,135.29937328677545
2024-06-15,8.0,130.0932680484121,129.3376923042161,131.12222203409436,138.80195171189706,138.1960392842415,139.3549132645023,135.04707745228453,134.3616209905976,135.38319020387954,136.01959954851566,135.20453021846964,137.03582243542962,134.18579348315015,133.1436831948631,135.5212944762278,134.17662442684193,132.98989237489195,135.48542144741288
2024-06-16,8.0,130.0932680484121,129.3376923042161,131.12222203409436,138.78365670223806,138.18351340009968,139.33300039071332,135.07507815149762,134.46741086770356,135.36526093018318,136.01959954851566,135.20453021846964,137.03582243542962,134.19549917270422,133.19276901947532,135.53722844019828,134.18965070503938,133.0036911418381,135.50109715526781
2024-06-17,8.0,130.0932680484121,129.3376923042161,131.12222203409436,138.76545646246865,138.1710490986862,139.31120847903458,134.91312698126822,133.95693191569308,135.54982374057,136.01959954851566,135.20453021846964,137.03582243542962,134.0153477627054,132.81087545635992,135.42059082190806,133.9845221201548,132.69662490330185,135.3007527970718
2024-06-18,8.0,130.0932680484121,129.3376923042161,131.12222203409436,138.7473511156922,138.1586359493615,139.2895308743845,134.96402639980226,134.1076508072002,135.4717638390609,136.01959954851566,135.20453021846964,137.03582243542962,134.04814183446302,132.9024267353766,135.45072239893466,134.02634089944348,132.78186366291186,135.34221190410742
2024-06-19,8.0,130.0932680484121,129.3376923042161,131.12222203409436,138.72934063947196,138.14627593814248,139.26797170539294,135.0059253790316,134.2307690185809,135.42016603764168,136.01959954851566,135.20453021846964,137.03582243542962,134.07203033747209,132.97840826901887,135.45908897469948,134.05671756512535,132.8396537292929,135.36265060997238
2024-06-20,8.0,130.0932680484121,129.3376923042161,131.12222203409436,138.86994269064454,138.25911259124533,139.43186266659401,135.00024831286544,134.22472092382154,135.420745472113,136.01959954851566,135.20453021846964,137.03582243542962,134.20695532247854,133.10794905108338,135.59668724937055,134.19113889612012,132.9685324607712,135.49940695996224
2024-06-21,8.0,130.0932680484121,129.3376923042161,131.12222203409436,138.85129851497737,138.24631405741462,139.40954099880824,135.03593394042957,134.32333376016012,135.38894998833254,136.01959954851566,135.20453021846964,137.03582243542962,134.22399677437548,133.1698571256816,135.56389481290498,134.21319311900717,133.00946212227973,135.5232018741513
2024-06-22,8.0,130.0932680484121,129.3376923042161,131.12222203409436,139.02362215956092,138.38456315960758,139.610315481425,135.06562662029975,134.43859782435155,135.37003230468068,136.01959954851566,135.20453021846964,137.03582243542962,134.4260130988292,133.40540024102756,135.77983182894394,134.41950783935442,133.22597696428392,135.71733171640756
2024-06-23,8.0,130.0932680484121,129.3376923042161,131.12222203409436,139.00418402339898,138.37124068823297,139.58703836842633,135.09048702895873,134.50374199898494,135.3571634929273,136.01959954851566,135.20453021846964,137.03582243542962,134.43143537132624,133.41337729671827,135.7947749945123,134.4277518945283,133.25475139713205,135.73677239481324
2024-06-24,8.0,130.0932680484121,129.3376923042161,131.12222203409436,138.98484696378964,138.35797334098106,139.5638938311704,135.11142873574204,134.58915096716925,135.33823660056487,136.01959954851566,135.20453021846964,137.03582243542962,134.43304001850024,133.41328583375204,135.80342313138385,134.43151977307582,133.27789919663795,135.74901196421177
2024-06-25,8.0,130.0932680484121,129.3376923042161,131.12222203409436,139.11779814630583,138.46470547332166,139.71893992453303,135.01500204898355,134.30708942663077,135.44417235020353,136.01959954851566,135.20453021846964,137.03582243542962,134.4695645142579,133.41161187952167,135.83965074727016,134.45342785846776,133.24011731121954,135.7522610183194
2024-06-26,8.0,130.0932680484121,129.3376923042161,131.12222203409436,139.0978744474511,138.45104082546183,139.69508747079723,135.04914831718753,134.39734999734426,135.39328029109583,136.01959954851566,135.20453021846964,137.03582243542962,134.48378708360718,133.45610865128236,135.83773066559428,134.47326965086074,133.28018075186824,135.7765275078455
2024-06-27,8.0,130.0932680484121,129.3376923042161,131.12222203409436,139.17226447420666,138.51089876756492,139.7821067856877,135.0774564859492,134.49196433463757,135.36207995363372,136.01959954851566,135.20453021846964,137.03582243542962,134.58648527912442,133.56605524756426,135.9467601573735,134.58041144005855,133.39186994220003,135.87075657535112
2024-06-28,8.0,130.0932680484121,129.3376923042161,131.12222203409436,139.15206010563168,138.4970309968125,139.75792092089105,135.10105818193009,134.56444132838104,135.3502385254812,136.01959954851566,135.20453021846964,137.03582243542962,134.58988260653032,133.5861036435181,135.95299650065286,134.58682710685048,133.41858659930097,135.88125803422636
2024-06-29,8.0,130.0932680484121,129.3376923042161,131.12222203409436,139.29546122356174,138.61214125392254,139.92512728165235,135.12085914093478,134.6463138046647,135.3353654474498,136.01959954851566,135.20453021846964,137.03582243542962,134.7530846834651,133.7422517570265,136.1030391435186,134.75282952469811,133.59700134242962,136.05025233169482
2024-06-30,8.0,130.0932680484121,129.3376923042161,131.12222203409436,139.2746207806315,138.59785184980367,139.90017640515683,135.1375746954288,134.7173643029833,135.3209649084915,136.01959954851566,135.20453021846964,137.03582243542962,134.74895979502887,133.7299556575147,136.0976432255576,134.75044775656363,133.5976308561686,136.04653795176063
2024-07-01,8.0,130.0932680484121,129.3376923042161,131.12222203409436,139.25388786887726,138.5836195558245,139.87536025782637,135.1517692885054,134.76031426935702,135.30583608648354,136.01959954851566,135.20453021846964,137.03582243542962,134.7424214763512,133.71067558340866,136.0904889810369,134.74526271952965,133.59326518599335,136.05246109118966
2024-07-02,8.0,130.0932680484121,129.3376923042161,131.12222203409436,139.23326384721065,138.56944238596802,139.85067199905328,135.11033241069433,134.63970405719851,135.35464307631938,136.01959954851566,135.20453021846964,137.03582243542962,134.68036057687354,133.69155929157196,136.03000172142143,134.67650575716803,133.52343734579958,135.9548930291663
2024-07-03,8.0,130.0932680484121,129.3376923042161,131.12222203409436,139.21274732203133,138.55532878485687,139.82612075528252,135.12958668072034,134.7127290517055,135.3353279991657,136.01959954851566,135.20453021846964,137.03582243542962,134.67909832172023,133.68882750724924,136.02833872961838,134.6780569945457,133.52407515534884,135.95212630729642
2024-07-04,8.0,130.0932680484121,129.3376923042161,131.12222203409436,139.37682715190778,138.6869871792682,140.0173645028437,135.14571671876044,134.7743290953124,135.3190943636351,136.01959954851566,135.20453021846964,137.03582243542962,134.85930818963675,133.85591351831107,136.2026953949523,134.86090323211735,133.70874390247437,136.1434985530741
2024-07-05,8.0,130.0932680484121,129.3376923042161,131.12222203409436,139.35556884193437,138.67236751476605,139.9919226446539,135.15930723263025,134.80344449470388,135.3085887619971,136.01959954851566,135.20453021846964,137.03582243542962,134.85164039353316,133.836068573021,136.21071619611254,134.85478632430753,133.70169785598821,136.14461440869243
2024-07-06,8.0,130.0932680484121,129.3376923042161,131.12222203409436,139.54191120889737,138.82186578210985,140.20903750604134,135.17082814436432,134.82892642829887,135.29929620518874,136.01959954851566,135.20453021846964,137.03582243542962,135.04950367223023,134.02603096458463,136.39825796495967,135.0544606534449,133.9085183523285,136.34552669806226
2024-07-07,8.0,130.0932680484121,129.3376923042161,131.12222203409436,139.51979972814502,138.8066697760004,140.1825703042675,135.1806531744998,134.86176210185457,135.28953442082414,136.01959954851566,135.20453021846964,137.03582243542962,135.0372172216134,134.01227494658914,136.39196132620538,135.04309290230736,133.8857625989915,136.33599501941217
2024-07-08,8.0,130.0932680484121,129.3376923042161,131.12222203409436,139.49780270497774,138.7914933288047,140.15624468917045,135.18907953892227,134.89745777776884,135.28378410287817,136.01959954851566,135.20453021846964,137.03582243542962,135.02364656286858,134.00217567772685,136.38313677164402,135.0302450164002,133.86704849530537,136.3316537527456
2024-07-09,8.0,130.0932680484121,129.3376923042161,131.12222203409436,139.47592125480125,138.7763902046158,140.12905730714016,135.011461316258,134.32564215612328,135.48874976959013,136.01959954851566,135.20453021846964,137.03582243542962,134.8241468900278,133.80480590241314,136.19827599210907,134.80361143828839,133.60016280660673,136.09437028050044
2024-07-10,8.0,130.0932680484121,129.3376923042161,131.12222203409436,139.45415382831038,138.76134731775943,140.1009178053956,134.8895550498496,133.77929956437467,135.6178701901959,136.01959954851566,135.20453021846964,137.03582243542962,134.68047319712855,133.40978677770346,136.0905505032913,134.64285010327038,133.31523559704277,135.9869770755373
2024-07-11,8.0,130.0932680484121,129.3376923042161,131.12222203409436,139.43249946844458,138.74636791846555,140.07297314207992,134.78743470772966,133.3937812653607,135.72200745241378,136.01959954851566,135.20453021846964,137.03582243542962,134.5566984951428,133.14714687311726,136.0334310127136,134.5058028812027,133.05118424106803,135.92251399760704
2024-07-12,8.0,130.0932680484121,129.3376923042161,131.12222203409436,139.41095826360623,138.73145639687704,140.0451865403009,134.86172381380632,133.6996508454859,135.61322281384417,136.01959954851566,135.20453021846964,137.03582243542962,134.6094463963811,133.32364975918586,136.04165956266667,134.57366287121332,133.25552034961598,135.93535660328328
2024-07-13,8.0,130.0932680484121,129.3376923042161,131.12222203409436,139.3895287875034,138.71661275299388,140.0171176067243,134.9220924363188,133.97966773521804,135.52184128353397,136.01959954851566,135.20453021846964,137.03582243542962,134.64838554279072,133.40847578642814,136.074438704535,134.62336355955412,133.3451549899771,135.93644238658925
2024-07-14,8.0,130.0932680484121,129.3376923042161,131.12222203409436,139.36821165543492,138.70182495630038,139.9886052293708,134.97144161862337,134.13681600633794,135.44356093112066,136.01959954851566,135.20453021846964,137.03582243542962,134.67641759302686,133.54133094731787,136.05775227300464,134.65922842165747,133.41242364182222,135.96891398556522
2024-07-15,8.0,130.0932680484121,129.3376923042161,131.12222203409436,139.34700512049164,138.68710284224085,139.9602564369072,135.01205949152583,134.26314429030694,135.41109445846772,136.01959954851566,135.20453021846964,137.03582243542962,134.695828930986,133.60347439814268,136.0585289961712,134.68443428861062,133.45830942780475,135.98900360373236
2024-07-16,8.0,130.0932680484121,129.3376923042161,131.12222203409436,139.51601729867184,138.82267134931882,140.16196514130814,135.0457228264989,134.35844390387717,135.38538422604364,136.01959954851566,135.20453021846964,137.03582243542962,134.8985044441393,133.83068903250134,136.25688991350464,134.89203847126544,133.67367924059099,136.19649709768402
2024-07-17,8.0,130.0932680484121,129.3376923042161,131.12222203409436,139.4940466700045,138.807433609632,140.13259504948047,135.0738085559605,134.46363617383403,135.36690844180464,136.01959954851566,135.20453021846964,137.03582243542962,134.90461954493358,133.86290824879555,136.26942211651775,134.90143907958358,133.70395051414593,136.19479956749947
2024-07-18,8.0,130.0932680484121,129.3376923042161,131.12222203409436,139.71045070261928,138.9810184285471,140.39088060712282,135.09738795468073,134.5243205991153,135.3526694571057,136.01959954851566,135.20453021846964,137.03582243542962,135.14460297626854,134.0868164276152,136.49506091982795,135.14463076322863,133.95801551193392,136.44043221976688
2024-07-19,8.0,130.0932680484121,129.3376923042161,131.12222203409436,139.6874750495473,138.96509541134668,140.36069613175317,135.11729998965575,134.60879130392522,135.33071153752226,136.01959954851566,135.20453021846964,137.03582243542962,135.14153935817157,134.1014462234034,136.48977903133854,135.14350337320704,133.97173353299306,136.4345934902077
2024-07-20,8.0,130.0932680484121,129.3376923042161,131.12222203409436,139.6646194799577,138.94924571715308,140.330100259449,135.13420670437375,134.6852178779554,135.3168054810054,136.01959954851566,135.20453021846964,137.03582243542962,135.1355905033,134.12506269070659,136.48135426709868,135.1390619930032,133.97442932568478,136.44088593145904
2024-07-21,8.0,130.0932680484121,129.3376923042161,131.12222203409436,139.64188317163214,138.9336886254555,140.29970886825726,135.14863458433507,134.74494157592542,135.30681499426387,136.01959954851566,135.20453021846964,137.03582243542962,135.12728207493575,134.11251327414845,136.47049803249953,135.13193830644562,133.98235604156702,136.42738837155886
2024-07-22,8.0,130.0932680484121,129.3376923042161,131.12222203409436,139.61926569584446,138.9182820228015,140.26950095696768,135.16100555776248,134.78019039581392,135.29858117152716,136.01959954851566,135.20453021846964,137.03582243542962,135.11703557257547,134.092226222701,136.45770420547714,135.12263166609375,133.97703559275695,136.42116195113127
2024-07-23,8.0,130.0932680484121,129.3376923042161,131.12222203409436,139.82653268007002,139.084311429072,140.5172775304947,135.1716601447363,134.80713114941895,135.29076205789963,136.01959954851566,135.20453021846964,137.03582243542962,135.3349571437749,134.31326633725058,136.672548508636,135.34199194574327,134.18684894092982,136.64560910868965
2024-07-24,8.0,130.0932680484121,129.3376923042161,131.12222203409436,139.80296064657722,139.0682598720613,140.4857631524816,135.1808750855923,134.83692673778182,135.28453718821444,136.01959954851566,135.20453021846964,137.03582243542962,135.32060005113806,134.29787308723266,136.6790260405051,135.32824194864133,134.170510826448,136.62716980372002
2024-07-25,8.0,130.0932680484121,129.3376923042161,131.12222203409436,139.96037287593947,139.1948965552435,140.67322230539327,135.1624817472236,134.81719150986427,135.30924985845738,136.01959954851566,135.20453021846964,137.03582243542962,135.45961894213164,134.44747286428412,136.79551998051443,135.46464672477998,134.3072454137622,136.74907597576515
2024-07-26,8.0,130.0932680484121,129.3376923042161,131.12222203409436,139.9361096980894,139.1783832250676,140.64076842046106,135.17373711375944,134.84376194430064,135.29755519793196,136.01959954851566,135.20453021846964,137.03582243542962,135.44661113081742,134.42806500818423,136.79725380016092,135.45296988124176,134.30022771129458,136.7452661940124
2024-07-27,8.0,130.0932680484121,129.3376923042161,131.12222203409436,139.91197244808484,139.16193350207982,140.60851791044334,135.12053141524913,134.7117251346062,135.3546346252856,136.01959954851566,135.20453021846964,137.03582243542962,135.3692681823025,134.3747314606374,136.69265268948638,135.36732820768316,134.21024319513364,136.63806939235835
2024-07-28,8.0,130.0932680484121,129.3376923042161,131.12222203409436,139.88796107856686,139.14556390912853,140.5764729877359,135.1391700979221,134.775325800511,135.3354267645525,136.01959954851566,135.20453021846964,137.03582243542962,135.3638954954575,134.36833437120316,136.7046001817561,135.3650973368682,134.2099251890718,136.63446223577236
2024-07-29,8.0,130.0932680484121,129.3376923042161,131.12222203409436,139.8640746996055,139.129241400517,140.54459054372052,135.15464869012646,134.82882591227067,135.31903326546308,136.01959954851566,135.20453021846964,137.03582243542962,135.3554877087005,134.35715845904994,136.7125709477327,135.35895231889535,134.20376430554563,136.6297191753598
2024-07-30,8.0,130.0932680484121,129.3376923042161,131.12222203409436,139.84031309795944,139.11200084436587,140.5129136870154,135.16758157817839,134.85707918252072,135.30685079218495,136.01959954851566,135.20453021846964,137.03582243542962,135.34465899510639,134.3381005300993,136.7016151005923,135.34979207227485,134.1897518523523,136.6344508290332
2024-07-31,8.0,130.0932680484121,129.3376923042161,131.12222203409436,139.81667517917492,139.09328913120044,140.4814203102125,135.17846052620763,134.88272465200856,135.29841786570296,136.01959954851566,135.20453021846964,137.03582243542962,135.3319000243511,134.31854347012427,136.6894135399622,135.338285682404,134.17760471210696,136.62568533759693
2024-08-01,8.0,130.0932680484121,129.3376923042161,131.12222203409436,140.02654332413124,139.2649982625785,140.73227846444823,135.18767330679864,134.91144564043145,135.2913279517793,136.01959954851566,135.20453021846964,137.03582243542962,135.55098094989845,134.53669950960753,136.9039777597351,135.55902204122773,134.40318079118492,136.84624252056958
2024-08-02,8.0,130.0932680484121,129.3376923042161,131.12222203409436,140.00194269657086,139.24724498083492,140.6994775147239,135.19552501522645,134.94114866441893,135.2841745051705,136.01959954851566,135.20453021846964,137.03582243542962,135.53423203076585,134.5152401341726,136.89156142742405,135.5430052936537,134.39161179978643,136.83048283146158
2024-08-03,8.0,130.0932680484121,129.3376923042161,131.12222203409436,140.19632850201444,139.40416431971764,140.9314946951236,135.20225683782095,134.9761353918548,135.27865026282151,136.01959954851566,135.20453021846964,137.03582243542962,135.73534965880395,134.71781557897071,137.09877456620112,135.74537123056723,134.58888914160573,137.03436564310786
2024-08-04,8.0,130.0932680484121,129.3376923042161,131.12222203409436,140.17085087427424,139.3867681292809,140.89750886114527,135.20806059427287,135.00163781515988,135.27524299188983,136.01959954851566,135.20453021846964,137.03582243542962,135.71567578751564,134.6932205724419,137.08164633112654,135.72614111263772,134.5730244413656,137.02003663561948
2024-08-05,8.0,130.0932680484121,129.3376923042161,131.12222203409436,140.14550549405038,139.36749514174673,140.86370761326705,135.213090248028,135.0235068335506,135.27243419382629,136.01959954851566,135.20453021846964,137.03582243542962,135.69536006104696,134.66708994885443,137.06323096908602,135.70617602622053,134.55110442178545,136.9998203680816
2024-08-06,8.0,130.0932680484121,129.3376923042161,131.12222203409436,140.33254257460547,139.51967403455782,141.08678400771444,135.21747001625042,135.04349517354137,135.26983548385684,136.01959954851566,135.20453021846964,137.03582243542962,135.88677690982442,134.86152139010449,137.26100652977075,135.89854326312937,134.74032390478789,137.19594293310587
2024-08-07,8.0,130.0932680484121,129.3376923042161,131.12222203409436,140.30636323910906,139.50109268675382,141.051858666817,135.22130113838534,135.06124459469837,135.2678858031416,136.01959954851566,135.20453021846964,137.03582243542962,135.86442869646297,134.8371984373767,137.23803482906158,135.87641366812284,134.7172880295894,137.17091260684555
2024-08-08,8.0,130.0932680484121,129.3376923042161,131.12222203409436,140.28031798427205,139.4804815244594,141.01715880824213,135.171190462288,134.9338170121918,135.32624752312225,136.01959954851566,135.20453021846964,137.03582243542962,135.78827276552857,134.7825809930017,137.1251585061302,135.7924779553621,134.6523489795426,137.07502396248753
2024-08-09,8.0,130.0932680484121,129.3376923042161,131.12222203409436,140.2544094096875,139.4599673914971,140.98264242956947,135.18306760081742,134.96380094486594,135.30801462477194,136.01959954851566,135.20453021846964,137.03582243542962,135.77424132947345,134.75992813334543,137.11524725933361,135.7806391921871,134.63453960310247,137.0641644702657
2024-08-10,8.0,130.0932680484121,129.3376923042161,131.12222203409436,140.3837037167883,139.56609739794564,141.1359720751753,135.19288723028254,134.98798367690205,135.29780101090722,136.01959954851566,135.20453021846964,137.03582243542962,135.91335526603936,134.8882622581168,137.26120874266482,135.92186094165393,134.76626220748656,137.21354484515652
2024-08-11,8.0,130.0932680484121,129.3376923042161,131.12222203409436,140.35726217741393,139.54508260948518,141.10076156691838,135.2010559599153,135.00842536120555,135.28915134549536,136.01959954851566,135.20453021846964,137.03582243542962,135.89508245629776,134.87087985293647,137.24718491582323,135.90471088788448,134.75661383443813,137.19736206972277
2024-08-12,8.0,130.0932680484121,129.3376923042161,131.12222203409436,140.33095826520213,139.5239991677745,141.06573453856367,134.9491590183745,134.00188189591427,135.57840550930766,136.01959954851566,135.20453021846964,137.03582243542962,135.6168816025452,134.4642809520029,137.00319623590752,135.58835146484813,134.29391466878099,136.91698932915034
2024-08-13,8.0,130.0932680484121,129.3376923042161,131.12222203409436,140.44026360988556,139.613518807479,141.19491776339027,134.99841528628508,134.21741265510133,135.4957116905755,136.01959954851566,135.20453021846964,137.03582243542962,135.7754432151392,134.71160653526195,137.1472157076759,135.7581665983477,134.50363620998644,137.09221599237716
2024-08-14,8.0,130.0932680484121,129.3376923042161,131.12222203409436,140.41353097599435,139.59208110006077,141.15931929411877,135.03837775336012,134.41560973806293,135.44483917523922,136.01959954851566,135.20453021846964,137.03582243542962,135.788673048323,134.73478398316672,137.15443037665327,135.77895332764567,134.56754284644023,137.06850898612467
2024-08-15,8.0,130.0932680484121,129.3376923042161,131.12222203409436,140.38693822195953,139.57150050390064,141.12396620218212,135.0709739553884,134.5307280315216,135.38732601646203,136.01959954851566,135.20453021846964,137.03582243542962,135.79467649631647,134.7664055936728,137.15270103309157,135.79040161775703,134.59880222013476,137.0771682220572
2024-08-16,8.0,130.0932680484121,129.3376923042161,131.12222203409436,140.36048301283415,139.55284142131916,141.08958447195766,135.09773943129258,134.61513325887523,135.35832057463784,136.01959954851566,135.20453021846964,137.03582243542962,135.79498676309527,134.78289292212128,137.1576637240953,135.7947015381259,134.61684000788543,137.0706448807523
2024-08-17,8.0,130.0932680484121,129.3376923042161,131.12222203409436,140.33416613201865,139.53423418793926,141.0551543644257,135.1198704836262,134.68677275924532,135.3427924252504,136.01959954851566,135.20453021846964,137.03582243542962,135.79080093461337,134.78719387211467,137.13634068800357,135.7934742283761,134.611302277977,137.07014402120487
2024-08-18,8.0,130.0932680484121,129.3376923042161,131.12222203409436,140.43746075826698,139.617031469974,141.1762943990229,135.1382939983612,134.74337056969182,135.32878080744453,136.01959954851566,135.20453021846964,137.03582243542962,135.91251907559675,134.90591229959662,137.2595461555664,135.9179144690881,134.74735985803815,137.19844481123164
2024-08-19,8.0,130.0932680484121,129.3376923042161,131.12222203409436,140.4107469839965,139.59815798911592,141.14122801034242,135.1537299087318,134.79038943036926,135.32058532374194,136.01959954851566,135.20453021846964,137.03582243542962,135.90124121169683,134.89698505129306,137.2569052570847,135.90830758055952,134.75045136088167,137.17813390232448
2024-08-20,8.0,130.0932680484121,129.3376923042161,131.12222203409436,140.38417176119455,139.57935830817345,141.10593709706504,135.1667406592464,134.83851404817256,135.30788619414207,136.01959954851566,135.20453021846964,137.03582243542962,135.8876767394095,134.88143915896455,137.24473641964838,135.8960144091746,134.74403669469177,137.16450996958062
2024-08-21,8.0,130.0932680484121,129.3376923042161,131.12222203409436,140.35773508266496,139.56064737639042,141.07083499788277,135.17776898291393,134.88805761960595,135.2970572134413,136.01959954851566,135.20453021846964,137.03582243542962,135.87226838454745,134.86156350034926,137.23110311348506,135.88157929712378,134.7266062293875,137.15669510887403
2024-08-22,8.0,130.0932680484121,129.3376923042161,131.12222203409436,140.5153174142564,139.68768116915498,141.25822359297757,135.18716603591793,134.92982248583698,135.29045659009327,136.01959954851566,135.20453021846964,137.03582243542962,136.03924776914286,135.01861786421122,137.38698076797863,136.04993128324645,134.8800913020876,137.33306085598807
2024-08-23,8.0,130.0932680484121,129.3376923042161,131.12222203409436,140.48820153258364,139.6683270370212,141.22220417232157,135.19521244354763,134.95243062306247,135.28501756405822,136.01959954851566,135.20453021846964,137.03582243542962,136.02017829509984,134.99559851594842,137.37314096535937,136.03144279894795,134.86684558916207,137.3173708516867
2024-08-24,8.0,130.0932680484121,129.3376923042161,131.12222203409436,140.46123040901753,139.64907496796795,141.18773946746876,135.20213411445604,134.96957140580457,135.28041598758946,136.01959954851566,135.20453021846964,137.03582243542962,136.00012884244214,134.9775524082201,137.35731159241402,136.011842649784,134.8487475876549,137.30638802841827
2024-08-25,8.0,130.0932680484121,129.3376923042161,131.12222203409436,140.43439714248223,139.62992496199513,141.1536333097919,135.00241830512292,134.24448212952095,135.50676276137338,136.01959954851566,135.20453021846964,137.03582243542962,135.7735797665737,134.6942665182899,137.16466738384233,135.75480142903226,134.52254187775895,137.0807119156943
2024-08-26,8.0,130.0932680484121,129.3376923042161,131.12222203409436,140.40770469863025,139.61085025681805,141.11971852556024,135.04209728731678,134.43814378450963,135.4443129822777,136.01959954851566,135.20453021846964,137.03582243542962,135.78656630491557,134.731530582938,137.1686038930882,135.77606216256245,134.58133089796473,137.07553297958174
2024-08-27,8.0,130.0932680484121,129.3376923042161,131.12222203409436,140.3811502885357,139.59199872667403,141.0864107186188,135.07443532336833,134.54809838361362,135.40255814740328,136.01959954851566,135.20453021846964,137.03582243542962,135.79234993087258,134.76111392002437,137.15593192949498,135.7876748845853,134.61070497963473,137.06700772098569
2024-08-28,8.0,130.0932680484121,129.3376923042161,131.12222203409436,140.52290187748292,139.70688936660284,141.25360242573544,135.1009321074795,134.62986709291545,135.3595689601152,136.01959954851566,135.20453021846964,137.03582243542962,135.960598303931,134.93894249411653,137.33057865428094,135.9607177397263,134.7833998306869,137.2359263191851
2024-08-29,8.0,130.0932680484121,129.3376923042161,131.12222203409436,140.73533078718557,139.87827096257914,141.50460688034605,135.12278704534583,134.6958208539092,135.3400244592983,136.01959954851566,135.20453021846964,137.03582243542962,136.19488215149997,135.17077174061995,137.55405643290203,136.19883376227904,135.02824664158322,137.48182595828095
2024-08-30,8.0,130.0932680484121,129.3376923042161,131.12222203409436,140.70708250229444,139.8581139842325,141.46866258717387,135.14093776362438,134.75412813555985,135.32705856467433,136.01959954851566,135.20453021846964,137.03582243542962,136.18478458488738,135.157376782262,137.53746915217104,136.191025095229,135.0299214135948,137.48193919609167
2024-08-31,8.0,130.0932680484121,129.3376923042161,131.12222203409436,140.89410470510748,140.00935881925304,141.6896761374091,135.15611342959036,134.7975367828966,135.3191041096681,136.01959954851566,135.20453021846964,137.03582243542962,136.38698245366638,135.35047611312024,137.73132491072164,136.3956453287803,135.21433263111564,137.6873155992524
2024-09-01,8.0,130.0932680484121,129.3376923042161,131.12222203409436,140.86503823440316,139.98861807009817,141.65267441367254,135.16888211661632,134.84920228668346,135.30882877009287,136.01959954851566,135.20453021846964,137.03582243542962,136.370684669988,135.33590560497893,137.7220908176431,136.3806423631999,135.20693090176246,137.67648265362357
2024-09-02,8.0,130.0932680484121,129.3376923042161,131.12222203409436,140.836121206171,139.96796443478,141.6158810000232,135.17968932480483,134.89740321567248,135.2967100638946,136.01959954851566,135.20453021846964,137.03582243542962,136.35257484994438,135.32674362705265,137.7008309491457,136.36352062325062,135.19428543910504,137.65484552117496
2024-09-03,8.0,130.0932680484121,129.3376923042161,131.12222203409436,140.99062894302708,140.09337719372925,141.79850680829443,135.13347855449163,134.75900790450135,135.3490635993934,136.01959954851566,135.20453021846964,137.03582243542962,136.46087181648724,135.4246587779474,137.8035004194825,136.46511035450035,135.27670680880107,137.74781390204063
2024-09-04,8.0,130.0932680484121,129.3376923042161,131.12222203409436,140.96106440299863,140.07228605300816,141.76088187978817,135.1505601288844,134.80616994525857,135.32674124912035,136.01959954851566,135.20453021846964,137.03582243542962,136.44838885085156,135.41304710973034,137.8017786600699,136.4552866448374,135.2688244761953,137.7492017219736
2024-09-05,8.0,130.0932680484121,129.3376923042161,131.12222203409436,141.1923474947301,140.25888268795651,142.03414473190796,135.1647665852185,134.8510962179986,135.31270072482462,136.01959954851566,135.20453021846964,137.03582243542962,136.69387839891712,135.6383293647218,138.03185870471566,136.70350401486672,135.51096946680238,137.99671061000595
2024-09-06,8.0,130.0932680484121,129.3376923042161,131.12222203409436,141.16174030147752,140.23706215642835,141.99514737251488,135.1766490688825,134.8991775616318,135.30490878009596,136.01959954851566,135.20453021846964,137.03582243542962,136.6751536893286,135.62744823408804,138.03066259805124,136.68618087140962,135.49973370427762,137.97756056148808
2024-09-07,8.0,130.0932680484121,129.3376923042161,131.12222203409436,141.13129294119489,140.2153144348996,141.9563833936828,135.18664983167588,134.94143145801453,135.29688795401924,136.01959954851566,135.20453021846964,137.03582243542962,136.6547070918393,135.61108017857893,138.01352086915296,136.66677735169424,135.48463246054706,137.9555004809772
2024-09-08,8.0,130.0932680484121,129.3376923042161,131.12222203409436,141.10100418798555,140.19368308028862,141.917849062985,135.1951189674267,134.9643411188087,135.2887861151837,136.01959954851566,135.20453021846964,137.03582243542962,136.63288747438082,135.5950091865167,137.9862751798234,136.64574265920672,135.46344023931854,137.94073151901543
2024-09-09,8.0,130.0932680484121,129.3376923042161,131.12222203409436,141.07087254608976,140.17213948492082,141.8795638335076,135.202333408406,134.98081635809794,135.2817749407054,136.01959954851566,135.20453021846964,137.03582243542962,136.6099702734643,135.56629071633958,137.96675608194823,136.62342136330548,135.45023425641122,137.92262542909322
2024-09-10,8.0,130.0932680484121,129.3376923042161,131.12222203409436,141.04089743545177,140.15066869955245,141.84200125653356,135.20851304512811,134.9992653110263,135.2778236454791,136.01959954851566,135.20453021846964,137.03582243542962,136.58617479954844,135.53802313208783,137.9462958219191,136.60008110231254,135.41982715278883,137.8973702863735
2024-09-11,8.0,130.0932680484121,129.3376923042161,131.12222203409436,141.01107916933967,140.1293292303456,141.80466881790701,135.11295765636223,134.72191419064947,135.3877338776733,136.01959954851566,135.20453021846964,137.03582243542962,136.46080114467043,135.42038457604315,137.82136818768922,136.45999170491652,135.2694588187872,137.73737625177304
2024-09-12,8.0,130.0932680484121,129.3376923042161,131.12222203409436,140.98141507029305,140.10804826730086,141.77133659643317,135.1344397027849,134.79460819411105,135.35440360617005,136.01959954851566,135.20453021846964,137.03582243542962,136.4526190920465,135.42005118892376,137.8277460019855,136.45597449848907,135.2851524220876,137.72353773406917
2024-09-13,8.0,130.0932680484121,129.3376923042161,131.12222203409436,140.951906448283,140.0868836711739,141.73702426370443,135.15205871518387,134.83505152857697,135.33037804805383,136.01959954851566,135.20453021846964,137.03582243542962,136.44072948243544,135.41529357635662,137.81270497287454,136.44702520263647,135.2828999892994,137.72631572441472
2024-09-14,8.0,130.0932680484121,129.3376923042161,131.12222203409436,140.92255108891806,140.0658068342901,141.7012699081794,135.16659139037267,134.8787835222992,135.31162985565814,136.01959954851566,135.20453021846964,137.03582243542962,136.4259067982593,135.39878854800185,137.80158033439108,136.43432706308374,135.2724236342375,137.71262680782343
2024-09-15,8.0,130.0932680484121,129.3376923042161,131.12222203409436,140.8933490871093,140.04481775664945,141.66575175270762,135.17865948362567,134.9160197796984,135.30464653233156,136.01959954851566,135.20453021846964,137.03582243542962,136.4087728897035,135.37479604415287,137.78589863716837,136.41875211580899,135.26350551026133,137.70376950941974
2024-09-16,8.0,130.0932680484121,129.3376923042161,131.12222203409436,140.86429841613375,140.0239307420893,141.6304057735227,135.18875040997546,134.95645245677542,135.29842962670918,136.01959954851566,135.20453021846964,137.03582243542962,136.38981314507777,135.3516939523555,137.76892904440035,136.40095038548586,135.24864393940376,137.68000844213674
2024-09-17,8.0,130.0932680484121,129.3376923042161,131.12222203409436,141.05978578250324,140.1819207761112,141.8582050226923,135.19724467595745,134.98960254424745,135.29150484610818,136.01959954851566,135.20453021846964,137.03582243542962,136.59379477742925,135.54876656862584,137.956318344629,136.60653280139508,135.44068673967664,137.89158575610838
2024-09-18,8.0,130.0932680484121,129.3376923042161,131.12222203409436,141.0298751121458,140.16042073766175,141.82177751830258,135.20444005144392,135.00568015313826,135.28426648160138,136.01959954851566,135.20453021846964,137.03582243542962,136.57107948255828,135.5254261651484,137.93659867015754,136.58446806884334,135.41508030395622,137.8708644119862
2024-09-19,8.0,130.0932680484121,129.3376923042161,131.12222203409436,141.35282573139366,140.42000077656863,142.19358300592785,135.2105711191351,135.0203374336479,135.27849342864636,136.01959954851566,135.20453021846964,137.03582243542962,136.9001611694973,135.83077657523637,138.26193998030539,136.91505516306452,135.73922498199943,138.2101312530283
2024-09-20,8.0,130.0932680484121,129.3376923042161,131.12222203409436,141.3213998976044,140.3974495634205,142.15847660009044,135.21582400997474,135.0387345876245,135.27509893578375,136.01959954851566,135.20453021846964,137.03582243542962,136.87398822654768,135.81237528576693,138.23571643709596,136.88925144950454,135.70885298348097,138.18788119846135
2024-09-21,8.0,130.0932680484121,129.3376923042161,131.12222203409436,141.29013772112745,140.37501536259666,142.12138590803644,135.22034760368587,135.05966068795405,135.27229991991794,136.01959954851566,135.20453021846964,137.03582243542962,136.84724964378188,135.78712474845236,138.21103166068113,136.8627919621084,135.68089409791799,138.16447940889648
2024-09-22,8.0,130.0932680484121,129.3376923042161,131.12222203409436,141.25903910815515,140.35268322485325,142.0835325258682,135.22426183883195,135.08016453402303,135.26970703680362,136.01959954851566,135.20453021846964,137.03582243542962,136.82006526595563,135.75846929451725,138.1853319490448,136.83581709427526,135.64850234611623,138.1345750866842
2024-09-23,8.0,130.0932680484121,129.3376923042161,131.12222203409436,141.2281020521108,140.33045315019032,142.0458954487409,135.2276640917429,135.09548694032532,135.2677950949886,136.01959954851566,135.20453021846964,137.03582243542962,136.79253046282227,135.729579263254,138.15916336768854,136.80843901405726,135.62398235045345,138.10667696793175
2024-09-24,8.0,130.0932680484121,129.3376923042161,131.12222203409436,141.36817999051462,140.44447527890847,142.20929336638767,135.2306338795641,135.1093788802736,135.26624008030637,136.01959954851566,135.20453021846964,137.03582243542962,136.93557818904728,135.86371526122588,138.30478416877423,136.9522385099249,135.76667346783316,138.2553918114405
2024-09-25,8.0,130.0932680484121,129.3376923042161,131.12222203409436,141.33667925901852,140.4218363065172,142.17096324538338,135.2332366206578,135.12207608647356,135.26475232831717,136.01959954851566,135.20453021846964,137.03582243542962,136.90668019864486,135.83704667350608,138.27621475754376,136.92342156012853,135.73497704319882,138.22764232595605
2024-09-26,8.0,130.0932680484121,129.3376923042161,131.12222203409436,141.30534320163437,140.39930004261285,142.13284942942005,135.23552644534482,135.13368232996078,135.26356934635135,136.01959954851566,135.20453021846964,137.03582243542962,136.87763396594772,135.8070401454136,138.2472336619646,136.89443000497766,135.70500172267666,138.20036915824687
2024-09-27,8.0,130.0932680484121,129.3376923042161,131.12222203409436,141.27416939062667,140.37685089254524,142.0949276847559,135.23754830135397,135.1438595528934,135.26259044373748,136.01959954851566,135.20453021846964,137.03582243542962,136.84848201094917,135.78034326780087,138.21843960404908,136.8653130860993,135.68534224227406,138.17121491555008
2024-09-28,8.0,130.0932680484121,129.3376923042161,131.12222203409436,141.24315773496932,140.35451875480183,142.0572222451327,135.23933980771457,135.15194576079924,135.26187722228394,136.01959954851566,135.20453021846964,137.03582243542962,136.81926186165242,135.75567332061735,138.18954207903715,136.83611134401227,135.6560829884451,138.14381178014605
2024-09-29,8.0,130.0932680484121,129.3376923042161,131.12222203409436,141.21230756093962,140.33225942705786,142.0197528076869,135.24093251245546,135.15945709812303,135.26135366001384,136.01959954851566,135.20453021846964,137.03582243542962,136.7900043923636,135.7284645613494,138.16048072134654,136.80685850540254,135.62673476205055,138.11582033352758
2024-09-30,8.0,130.0932680484121,129.3376923042161,131.12222203409436,141.18161828434685,140.31010216239434,141.98267713346988,135.24235304285196,135.1664346385443,135.26092880980403,136.01959954851566,135.20453021846964,137.03582243542962,136.76073564616735,135.69855365099326,138.13203933716295,136.77758271111045,135.59746520759043,138.08809573547407
2024-10-01,8.0,130.0932680484121,129.3376923042161,131.12222203409436,141.1510884706556,140.2846812189157,141.94576303007216,135.2436239218729,135.17291648374842,135.26060281663757,136.01959954851566,135.20453021846964,137.03582243542962,136.73147671149704,135.66873165732332,138.10720397679142,136.74830736404547,135.5680809635528,138.06156919069272
2024-10-02,8.0,130.0932680484121,129.3376923042161,131.12222203409436,141.12071811462573,140.25909643632482,141.90909085147968,135.1045694639916,134.64090040006982,135.42333746318022,136.01959954851566,135.20453021846964,137.03582243542962,136.56205189758586,135.48318424136124,137.94590616111844,136.55773701219636,135.3783914537646,137.8427110588032
2024-10-03,8.0,130.0932680484121,129.3376923042161,131.12222203409436,141.09050440626595,140.23363143545197,141.87100351607472,135.1291360377423,134.74041013499138,135.37773542586362,136.01959954851566,135.20453021846964,137.03582243542962,136.55640476297683,135.50542572233667,137.9349299325131,136.5575451323258,135.38694516007683,137.83699870208773
2024-10-04,8.0,130.0932680484121,129.3376923042161,131.12222203409436,141.0604485838723,140.2083037230597,141.83276058065624,135.1490430399201,134.83996598297531,135.35252595559214,136.01959954851566,135.20453021846964,137.03582243542962,136.54625594276095,135.4999503049057,137.93245469356026,136.55120545887294,135.38515502790975,137.83201471751744
2024-10-05,8.0,130.0932680484121,129.3376923042161,131.12222203409436,141.03055017889974,140.18311329914803,141.79594075549113,135.1652592492302,134.903194577167,135.3265478557968,136.01959954851566,135.20453021846964,137.03582243542962,136.5325737470985,135.48689919205393,137.93161117715746,136.5402430139957,135.38970304690875,137.82197167129357
2024-10-06,8.0,130.0932680484121,129.3376923042161,131.12222203409436,141.00080578408682,140.1579470896925,141.75969550318496,135.17855813987927,134.94492240581013,135.3086012026454,136.01959954851566,135.20453021846964,137.03582243542962,136.51612824293466,135.47080602314142,137.9203459498789,136.52577113020394,135.37388052395085,137.8109727403268
2024-10-07,8.0,130.0932680484121,129.3376923042161,131.12222203409436,140.97121690058123,140.13418248599265,141.72365496496934,135.18954222877434,134.97698546467578,135.30022585371455,136.01959954851566,135.20453021846964,137.03582243542962,136.4975234483241,135.45024914651285,137.9045466287047,136.50861157221195,135.37223443470342,137.78562731153824
2024-10-08,8.0,130.0932680484121,129.3376923042161,131.12222203409436,141.13450268576628,140.2726266817418,141.91434646242925,135.1986777294339,135.0061705155829,135.2932595040907,136.01959954851566,135.20453021846964,137.03582243542962,136.66994473416875,135.61800479736996,138.07679174627538,136.68276951132185,135.5345485447467,137.9647639284273
2024-10-09,8.0,130.0932680484121,129.3376923042161,131.12222203409436,141.10422270211876,140.24705101088873,141.8774474047666,135.2063261626617,135.03000323018443,135.2892253013787,136.01959954851566,135.20453021846964,137.03582243542962,136.64731318374902,135.59487160077384,138.05722671823003,136.6609250208499,135.5053098990932,137.94754355451911
2024-10-10,8.0,130.0932680484121,129.3376923042161,131.12222203409436,141.24682947736608,140.36929897726841,142.0440696786963,135.21276934087075,135.0538557190093,135.2835567811045,136.01959954851566,135.20453021846964,137.03582243542962,136.7963631372054,135.73874448856287,138.1942795530168,136.81119338111512,135.64344418317543,138.09669710812972
2024-10-11,8.0,130.0932680484121,129.3376923042161,131.12222203409436,141.21596984543297,140.34328034606432,142.0064499636644,135.21822873371806,135.07800916988415,135.27763968270256,136.01959954851566,135.20453021846964,137.03582243542962,136.7709628981196,135.71198202636404,138.17257974996832,136.78622225043884,135.6183068409621,138.0754052196535
2024-10-12,8.0,130.0932680484121,129.3376923042161,131.12222203409436,141.18527148232627,140.317263071911,141.96901608989975,135.22287962369847,135.09402301423086,135.27437665525355,136.01959954851566,135.20453021846964,137.03582243542962,136.74491542499328,135.6884677923554,138.15033211650385,136.7604899378259,135.59690731434713,138.05515307273603
2024-10-13,8.0,130.0932680484121,129.3376923042161,131.12222203409436,141.15473242739836,140.29117656361748,141.93180580304895,135.049349699339,134.4093226359445,135.47034669454467,136.01959954851566,135.20453021846964,137.03582243542962,136.54084644570588,135.42341829413647,137.9521434837627,136.52997681932476,135.31531498596163,137.82924605995848
2024-10-14,8.0,130.0932680484121,129.3376923042161,131.12222203409436,141.12435130031,140.2678319471499,141.89481494505966,135.08257633348134,134.55798234716045,135.41773059600368,136.01959954851566,135.20453021846964,137.03582243542962,136.5436919527599,135.45834394495785,137.937559166756,136.5399116330289,135.351400385085,137.83165716809313
2024-10-15,8.0,130.0932680484121,129.3376923042161,131.12222203409436,141.22409901676676,140.35178614947603,142.0086024356397,134.89816630415464,133.907640013079,135.61778983175503,136.01959954851566,135.20453021846964,137.03582243542962,136.45902963988996,135.11707312451313,137.9456678925955,136.42856930541714,135.0765962486617,137.7913587486174
2024-10-16,8.0,130.0932680484121,129.3376923042161,131.12222203409436,141.19336008344357,140.32403730721762,141.97249693586542,134.9560002534831,134.06484427418619,135.54068327494505,136.01959954851566,135.20453021846964,137.03582243542962,136.48612465589522,135.2929648757954,137.96522241264438,136.46762106429736,135.1851772546581,137.80389150577858
2024-10-17,8.0,130.0932680484121,129.3376923042161,131.12222203409436,141.16278213057254,140.2982454994942,141.93529919894482,135.0029297891807,134.25370889652876,135.4692909455019,136.01959954851566,135.20453021846964,137.03582243542962,136.50247623872178,135.3442086151823,137.93689798816825,136.49244752317625,135.23582776901839,137.81690569646472
2024-10-18,8.0,130.0932680484121,129.3376923042161,131.12222203409436,141.13236155904394,140.27229711721108,141.89680237301226,135.04122894730065,134.38713983128739,135.40551398967108,136.01959954851566,135.20453021846964,137.03582243542962,136.51035482531316,135.3752651950486,137.91741162681276,136.5064610369848,135.27639889320983,137.8027889925885
2024-10-19,8.0,130.0932680484121,129.3376923042161,131.12222203409436,141.32581658202753,140.43825850014952,142.12332612856295,135.07269297363956,134.48494316474165,135.376086354053,136.01959954851566,135.20453021846964,137.03582243542962,136.73527387463565,135.63439735674834,138.1097429090954,136.73663000555536,135.5125563516169,138.0215086535776
2024-10-20,8.0,130.0932680484121,129.3376923042161,131.12222203409436,141.29455423957742,140.4096797206519,142.0856437641993,135.09871644060456,134.5720178460363,135.3593229502474,136.01959954851566,135.20453021846964,137.03582243542962,136.73003499915055,135.64213107144815,138.10683367923448,136.73473450915876,135.54086794046836,138.04249919674433
2024-10-21,8.0,130.0932680484121,129.3376923042161,131.12222203409436,141.2634544937377,140.3833433572569,142.04701211133835,135.12038042049872,134.654476652483,135.34207869178496,136.01959954851566,135.20453021846964,137.03582243542962,136.72059923320498,135.6402988156154,138.09123591329544,136.72780349370703,135.54307033984196,138.02799812032376
2024-10-22,8.0,130.0932680484121,129.3376923042161,131.12222203409436,141.23251786480068,140.3568976124326,142.00787761402117,135.13852582819823,134.72079293152942,135.32921923870657,136.01959954851566,135.20453021846964,137.03582243542962,136.70780801196747,135.63383916651048,138.0916223804146,136.71690137275743,135.54470551318568,138.01113246143805
2024-10-23,8.0,130.0932680484121,129.3376923042161,131.12222203409436,141.20174059500687,140.33056491130324,141.96895999210125,135.1538111001595,134.77859176088273,135.3157490366753,136.01959954851566,135.20453021846964,137.03582243542962,136.6923160141349,135.61504159885376,138.08300278678405,136.70284622032327,135.54529195784278,138.0009654619818
2024-10-24,8.0,130.0932680484121,129.3376923042161,131.12222203409436,141.37303627779346,140.47556775228006,142.171584651573,135.16675563634647,134.82192228860282,135.30462406450576,136.01959954851566,135.20453021846964,137.03582243542962,136.8765562331085,135.80476681631131,138.27035616224236,136.88888676907078,135.71104501309168,138.18674052454384
2024-10-25,8.0,130.0932680484121,129.3376923042161,131.12222203409436,141.34153377156144,140.4486170925284,142.13159649712145,135.17777222965935,134.86476194265637,135.29673007052406,136.01959954851566,135.20453021846964,137.03582243542962,136.85607032018936,135.78418778802538,138.24658060583914,136.8692428606231,135.70615954126882,138.1651154210202
2024-10-26,8.0,130.0932680484121,129.3376923042161,131.12222203409436,141.5149986961892,140.59721676733233,142.33586025565953,135.18719152863682,134.91070664407454,135.2902238289051,136.01959954851566,135.20453021846964,137.03582243542962,137.03895454379457,135.95225420490962,138.42138337655285,137.0534931642146,135.87096694327423,138.35338952730615
2024-10-27,8.0,130.0932680484121,129.3376923042161,131.12222203409436,141.4827623156098,140.56779980335511,142.29569540204878,135.19528015019733,134.94301111118347,135.2842143783245,136.01959954851566,135.20453021846964,137.03582243542962,137.0148067847757,135.936309773734,138.41361896399698,137.02984866938152,135.85350453910027,138.32257059200728
2024-10-28,8.0,130.0932680484121,129.3376923042161,131.12222203409436,141.4506943823846,140.54042297790818,142.25492378629139,135.20225451565727,134.97056615581047,135.2790936685678,136.01959954851566,135.20453021846964,137.03582243542962,136.9897132170104,135.91847533040246,138.40920312552018,137.00514647705393,135.82343381675955,138.2949814921888
2024-10-29,8.0,130.0932680484121,129.3376923042161,131.12222203409436,141.41879230261213,140.51314692991716,142.21437173872638,135.20829148340667,134.98956326245886,135.2760350631225,136.01959954851566,135.20453021846964,137.03582243542962,136.96384810498736,135.89942599034848,138.3915046762984,136.9795882126982,135.80191289478705,138.26460707405903
2024-10-30,8.0,130.0932680484121,129.3376923042161,131.12222203409436,141.38705705320243,140.48855964166148,142.17406187497224,135.21353626115527,135.00597813525863,135.2727431004253,136.01959954851566,135.20453021846964,137.03582243542962,136.93735763332623,135.87261381248427,138.36562769207737,136.95333733908987,135.79250198930873,138.23669236368593
2024-10-31,8.0,130.0932680484121,129.3376923042161,131.12222203409436,141.61243172614314,140.67809321318904,142.44186854992458,135.21810884882058,135.0261503729682,135.27011104527995,136.01959954851566,135.20453021846964,137.03582243542962,137.16730489393228,136.0836361151745,138.5772218880658,137.18430130497492,136.01729528955227,138.47363384115107
2024-11-01,8.0,130.0932680484121,129.3376923042161,131.12222203409436,141.5796958242392,140.65012530098943,142.40024127701594,135.2221087999514,135.04474498304202,135.26788587921328,136.01959954851566,135.20453021846964,137.03582243542962,137.13856894315916,136.05967259792294,138.555383766273,137.1557085365462,135.9866046627862,138.44659019086046
2024-11-02,8.0,130.0932680484121,129.3376923042161,131.12222203409436,141.71270924421376,140.76353056676479,142.55632483703673,135.22561918990849,135.06316696492055,135.26605260705202,136.01959954851566,135.20453021846964,137.03582243542962,137.27509275309077,136.17834183203624,138.6762295569708,137.29298600832362,136.11884596270986,138.57645004017132
2024-11-03,8.0,130.0932680484121,129.3376923042161,131.12222203409436,141.67945517369304,140.73339720836492,142.5140291987396,135.2287095270103,135.07984273753215,135.26482428351284,136.01959954851566,135.20453021846964,137.03582243542962,137.2449290196719,136.15345076605072,138.6525236322435,137.2629039714655,136.08757373050935,138.54706074951577
2024-11-04,8.0,130.0932680484121,129.3376923042161,131.12222203409436,141.6463741291039,140.70534555750112,142.47198540506454,135.23143826003854,135.09505795945586,135.263820855634,136.01959954851566,135.20453021846964,137.03582243542962,137.21457670811097,136.1285492268057,138.6283803221659,137.23261158493506,136.05752817212655,138.51976062042309
2024-11-05,8.0,130.0932680484121,129.3376923042161,131.12222203409436,141.87340214485332,140.90348096228155,142.74159056279711,135.23385475575847,135.10896519518286,135.26304558840886,136.01959954851566,135.20453021846964,137.03582243542962,137.44402121958032,136.35041675175765,138.83107148055612,137.46294573956573,136.27540774405838,138.75695926800782
2024-11-06,8.0,130.0932680484121,129.3376923042161,131.12222203409436,141.83931918935616,140.8706555322079,142.69821969915637,135.23600083296117,135.12167828594457,135.2624220934558,136.01959954851566,135.20453021846964,137.03582243542962,137.4120843412859,136.32223040688442,138.80529509557644,137.43103207586515,136.23958484511272,138.73184024570892
2024-11-07,8.0,130.0932680484121,129.3376923042161,131.12222203409436,141.80541232050285,140.84078420040905,142.6551232957561,135.23791195071115,135.13330091792594,135.26188822586218,136.01959954851566,135.20453021846964,137.03582243542962,137.38008859018257,136.2893211276797,138.7793144865912,137.3990477119508,136.2037909123714,138.69779216624718
2024-11-08,8.0,130.0932680484121,129.3376923042161,131.12222203409436,141.77168323642576,140.81219194082598,142.6122561213595,135.23961844579367,135.1425415455124,135.26143108270324,136.01959954851566,135.20453021846964,137.03582243542962,137.34806600118796,136.25647280737672,138.75318158492195,137.36702403648658,136.1827996087554,138.65768399735455
2024-11-09,8.0,130.0932680484121,129.3376923042161,131.12222203409436,142.004824391864,141.01486807098638,142.88914259986745,135.2411461663192,135.15072528142198,135.26103961985007,136.01959954851566,135.20453021846964,137.03582243542962,137.58273487715175,136.48441738943157,138.96007219510125,137.60254956353435,136.40372367393894,138.91064883243203
2024-11-10,8.0,130.0932680484121,129.3376923042161,131.12222203409436,141.97006330509618,140.9813969384046,142.8449257398867,135.24251734234642,135.15832696914728,135.26070438144257,136.01959954851566,135.20453021846964,137.03582243542962,137.54934496641113,136.45035454475843,138.93272739352813,137.56913840693804,136.38510282898704,138.87548842307132
2024-11-11,8.0,130.0932680484121,129.3376923042161,131.12222203409436,141.93548449719654,140.95167242620712,142.80096401852398,134.99952656436034,134.25899226670504,135.54576199641323,136.01959954851566,135.20453021846964,137.03582243542962,137.2717753805254,136.02828064717994,138.75526952703038,137.25470593693154,135.97030761256542,138.60919844268463
2024-11-12,8.0,130.0932680484121,129.3376923042161,131.12222203409436,141.90108430071535,140.92252539760364,142.7572508477874,135.04167281857616,134.37705257793183,135.46581938902534,136.01959954851566,135.20453021846964,137.03582243542962,137.27952143826005,136.13416067697992,138.69934397315163,137.27198556383078,136.0307240633586,138.5989987439094
2024-11-13,8.0,130.0932680484121,129.3376923042161,131.12222203409436,141.86686410946464,140.89667244021874,142.71380247648008,135.07576225228095,134.53289265329414,135.42189021668307,136.01959954851566,135.20453021846964,137.03582243542962,137.27939068071413,136.16658644659245,138.63000133504707,137.27852104992547,136.0580922872276,138.58523461197132
2024-11-14,8.0,130.0932680484121,129.3376923042161,131.12222203409436,141.832821551866,140.87184602632803,142.67059628898363,135.1034757023224,134.65857052527383,135.3770171896664,136.01959954851566,135.20453021846964,137.03582243542962,137.27306157315698,136.15770563348752,138.64324480468613,137.27696398785767,136.07797506319102,138.54820280606833
2024-11-15,8.0,130.0932680484121,129.3376923042161,131.12222203409436,141.7989554713013,140.8471207925553,142.62762899130206,135.12615474389034,134.72730967225988,135.34441695558186,136.01959954851566,135.20453021846964,137.03582243542962,137.2618745341602,136.1559539069924,138.6520762104204,137.26924825047018,136.08015057031287,138.54932481441267
2024-11-16,8.0,130.0932680484121,129.3376923042161,131.12222203409436,141.9084740812093,140.9344237230248,142.7552521184372,135.14484382731956,134.78711866937746,135.33048143745737,136.01959954851566,135.20453021846964,137.03582243542962,137.39008222749743,136.28084650161634,138.79108319786422,137.40061403504643,136.2031280771277,138.68851399373384
2024-11-17,8.0,130.0932680484121,129.3376923042161,131.12222203409436,141.87421702836633,140.90942909321936,142.7118037471299,135.16035058675286,134.83930272222975,135.3181558655192,136.01959954851566,135.20453021846964,137.03582243542962,137.37133193408775,136.26505965551112,138.76891068231575,137.38375640996168,136.1913516213397,138.6869792688266
2024-11-18,8.0,130.0932680484121,129.3376923042161,131.12222203409436,141.84013907083852,140.8845356435319,142.66860722044467,135.1475105175698,134.80632833478876,135.33012466334958,136.01959954851566,135.20453021846964,137.03582243542962,137.32441390737688,136.21856256044614,138.71626798256568,137.3345889781354,136.1414827403007,138.632103866266
2024-11-19,8.0,130.0932680484121,129.3376923042161,131.12222203409436,142.0382507742434,141.04291427988778,142.90321649757126,135.16268125254405,134.8511625143607,135.3155791294806,136.01959954851566,135.20453021846964,137.03582243542962,137.537696345756,136.41591498260794,138.94908554795768,137.5506476516294,136.34571356118946,138.8287684933622
2024-11-20,8.0,130.0932680484121,129.3376923042161,131.12222203409436,142.00332576856073,141.01743548893094,142.85891246911274,135.17534165748717,134.89782917157157,135.30761814010344,136.01959954851566,135.20453021846964,137.03582243542962,137.51543174501646,136.39221597706083,138.91942777706674,137.5298291494656,136.33756043881755,138.82377026765087
2024-11-21,8.0,130.0932680484121,129.3376923042161,131.12222203409436,141.96858188547665,140.99207090939768,142.81486994608753,135.1859674556738,134.92539378508405,135.3017097657208,136.01959954851566,135.20453021846964,137.03582243542962,137.49131366011898,136.3745329099406,138.89122240760577,137.5067820339972,136.32469688622027,138.79612655374788
2024-11-22,8.0,130.0932680484121,129.3376923042161,131.12222203409436,141.9340179094101,140.96680068111817,142.77108256168034,135.1949365986119,134.96414903793294,135.29157934546447,136.01959954851566,135.20453021846964,137.03582243542962,137.46571882699055,136.35298865336273,138.87727750169154,137.48198681639332,136.30450170386692,138.7722387679624
2024-11-23,8.0,130.0932680484121,129.3376923042161,131.12222203409436,141.89963558630546,140.94167135329639,142.72918167351892,135.20254888971314,134.99873480686364,135.2847355410727,136.01959954851566,135.20453021846964,137.03582243542962,137.43894879498714,136.33054711147255,138.84881720312134,137.45581428190536,136.27212806458436,138.74871945441816
2024-11-24,8.0,130.0932680484121,129.3376923042161,131.12222203409436,141.8654310473578,140.9166432055926,142.6894505800542,135.20904300444641,135.02537243813254,135.28026343220958,136.01959954851566,135.20453021846964,137.03582243542962,137.41123837077276,136.30730561096243,138.82179574862863,137.4285527960797,136.24833395232363,138.7169084784698
2024-11-25,8.0,130.0932680484121,129.3376923042161,131.12222203409436,141.8314039491335,140.89170940914252,142.64883942522513,135.21461011206517,135.04123571052799,135.27657694448718,136.01959954851566,135.20453021846964,137.03582243542962,137.38277838016722,136.28340985525026,138.80204775546557,137.40043016034662,136.22113157552909,138.69048701395238
2024-11-26,8.0,130.0932680484121,129.3376923042161,131.12222203409436,141.7975547513666,140.8668966529803,142.6074257322273,135.21940427710277,135.0535492872351,135.2730787247783,136.01959954851566,135.20453021846964,137.03582243542962,137.35372334743792,136.25896667691904,138.77738914135747,137.371626324658,136.1902839505529,138.6588253625896
2024-11-27,8.0,130.0932680484121,129.3376923042161,131.12222203409436,141.7638804355297,140.84219810824172,142.56628701205432,135.22355051737955,135.06667701290627,135.27034296896738,136.01959954851566,135.20453021846964,137.03582243542962,137.3241952718778,136.22969399476156,138.74764827457219,137.34228520141278,136.16228234156682,138.62223461726808
2024-11-28,8.0,130.0932680484121,129.3376923042161,131.12222203409436,141.73038141872092,140.8176137749267,142.5262444470656,135.2271509305515,135.085746092404,135.26851091619903,136.01959954851566,135.20453021846964,137.03582243542962,137.29429666824097,136.19577432763643,138.71723232596537,137.31252337828371,136.13873129654812,138.59796107630322
2024-11-29,8.0,130.0932680484121,129.3376923042161,131.12222203409436,141.69705712264238,140.7919310203667,142.48686535101544,135.23028941720483,135.10116810301537,135.26669917538226,136.01959954851566,135.20453021846964,137.03582243542962,137.26411085881574,136.16052781827773,138.68627512592874,137.28243436713782,136.11576054346057,138.56886766954867
2024-11-30,8.0,130.0932680484121,129.3376923042161,131.12222203409436,141.6639060598026,140.76542574876677,142.44769410798995,135.23303522814396,135.11468462172644,135.26525462422413,136.01959954851566,135.20453021846964,137.03582243542962,137.2337056069151,136.1260697518697,138.65488991236245,137.25209521337774,136.0914623915918,138.54392700717145
2024-12-01,8.0,130.0932680484121,129.3376923042161,131.12222203409436,141.63092715688504,140.7390032212498,142.40871954616938,135.23544591626248,135.12694217270266,135.26393640645378,136.01959954851566,135.20453021846964,137.03582243542962,137.20313739211605,136.09434450667956,138.62334282229136,137.2215688186301,136.0584374620682,138.51318964734062
2024-12-02,8.0,130.0932680484121,129.3376923042161,131.12222203409436,141.5981188018681,140.7125340055726,142.36997486590226,135.2375694723466,135.13814584022455,135.2628838949871,136.01959954851566,135.20453021846964,137.03582243542962,137.17245259318327,136.07025378980703,138.59169740027363,137.1909070233997,136.02582110120233,138.48617364975104
2024-12-03,8.0,130.0932680484121,129.3376923042161,131.12222203409436,141.56548193185787,140.68619093139523,142.33143803865983,135.23944613969437,135.148386696243,135.26218362106533,136.01959954851566,135.20453021846964,137.03582243542962,137.1416923905208,136.04572566559065,138.55988754364728,137.16015288059157,135.99321801363297,138.45986901789544
2024-12-04,8.0,130.0932680484121,129.3376923042161,131.12222203409436,141.5330138873131,140.659975748732,142.2931090644421,135.2411097834919,135.15774870521065,135.26161321613787,136.01959954851566,135.20453021846964,137.03582243542962,137.11088798977357,136.02078058381036,138.52796937796364,137.1293422554824,135.9628253447205,138.4306359650007
2024-12-05,8.0,130.0932680484121,129.3376923042161,131.12222203409436,141.50071491461605,140.63388670756862,142.25564080072905,135.24258902489538,135.16526535190764,135.26118150542067,136.01959954851566,135.20453021846964,137.03582243542962,137.08006825848,135.9908026320995,138.49596452977443,137.09850508281244,135.93262576079297,138.39984952162555
2024-12-06,8.0,130.0932680484121,129.3376923042161,131.12222203409436,141.46858417781274,140.60791762940883,142.21914316758313,135.24390813847515,135.17184526193532,135.26082551726324,136.01959954851566,135.20453021846964,137.03582243542962,137.04925663525646,135.96080305608683,138.46557309836163,137.06766618473833,135.906632498351,138.36893034528546
2024-12-07,8.0,130.0932680484121,129.3376923042161,131.12222203409436,141.436619773067,140.5820967282662,142.18289839844985,135.24508777242085,135.17795723188627,135.26052070798406,136.01959954851566,135.20453021846964,137.03582243542962,137.0184718644564,135.9308985311554,138.43611376482974,137.03684701682496,135.8758941015439,138.3384003807124
2024-12-08,8.0,130.0932680484121,129.3376923042161,131.12222203409436,141.4048215804193,140.5563816831204,142.14686660451054,135.24614556092155,135.1836348271433,135.26025970468103,136.01959954851566,135.20453021846964,137.03582243542962,136.9877314603094,135.89945730727592,138.4067331891674,137.0060652532201,135.85142782125286,138.31426026403
2024-12-09,8.0,130.0932680484121,129.3376923042161,131.12222203409436,141.3731889731453,140.53080070798498,142.11100792461784,135.2470966180799,135.1889090014487,135.26003620099357,136.01959954851566,135.20453021846964,137.03582243542962,136.95704991019372,135.86444038550934,138.37599318326914,136.97533600707197,135.8270866003022,138.2799529404961
2024-12-10,8.0,130.0932680484121,129.3376923042161,131.12222203409436,141.53919207995605,140.6687676817038,142.29699751018606,135.2479539117847,135.1938079596715,135.25984480072725,136.01959954851566,135.20453021846964,137.03582243542962,137.12391031070928,136.029620791351,138.54039512560402,137.14284613443954,135.9775584273027,138.44392101389346
2024-12-11,8.0,130.0932680484121,129.3376923042161,131.12222203409436,141.50686516024842,140.6426477480593,142.2603139287099,135.24872863683146,135.19889347960495,135.2596808858042,136.01959954851566,135.20453021846964,137.03582243542962,137.09235811604842,135.99936957400766,138.5104197116833,137.11123349873372,135.94695110429848,138.41250478025233
2024-12-12,8.0,130.0932680484121,129.3376923042161,131.12222203409436,141.4747056598441,140.6166477774184,142.22386054966432,135.2494304432268,135.20367539997707,135.2595405023751,136.01959954851566,135.20453021846964,137.03582243542962,137.06090042203945,135.96717227283102,138.4793319243555,137.07971184518436,135.9178547248786,138.38853334504623
2024-12-13,8.0,130.0932680484121,129.3376923042161,131.12222203409436,141.4427141556853,140.59076776978114,142.1876201458127,135.25006770238792,135.2080740317627,135.25939493928806,136.01959954851566,135.20453021846964,137.03582243542962,137.0295461770418,135.93162689563624,138.4485616725794,137.048288743912,135.89117933943393,138.35535286907933
2024-12-14,8.0,130.0932680484121,129.3376923042161,131.12222203409436,141.41088883471863,140.56502183215423,142.15155285600773,135.25064767817483,135.21212085091676,135.25927332236924,136.01959954851566,135.20453021846964,137.03582243542962,136.99830083186203,135.8962554490733,138.42525640906615,137.01697145236795,135.86470561131156,138.326935570865
2024-12-15,8.0,130.0932680484121,129.3376923042161,131.12222203409436,141.37922797418815,140.5394099645377,142.11567861082304,135.25117669157726,135.21584345789176,135.25917336461333,136.01959954851566,135.20453021846964,137.03582243542962,136.96716898473397,135.86110533924614,138.40212523637948,136.98576544762597,135.83822801181103,138.29695451240735
2024-12-16,8.0,130.0932680484121,129.3376923042161,131.12222203409436,141.34773206314148,140.51389777442176,142.079977479685,135.2516602682457,135.21926803317973,135.25909131865538,136.01959954851566,135.20453021846964,137.03582243542962,136.9361566503557,135.83061646018814,138.3757208721717,136.9546756108855,135.81180315983772,138.26598141330027
2024-12-17,8.0,130.0932680484121,129.3376923042161,131.12222203409436,141.42270677836208,140.57546025042788,142.1620007884393,135.2521032246554,135.22241856950978,135.25902450047255,136.01959954851566,135.20453021846964,137.03582243542962,137.01157432198602,135.90515118177396,138.44604729817996,137.03052057657771,135.87619959475853,138.33850407834123
2024-12-18,8.0,130.0932680484121,129.3376923042161,131.12222203409436,141.39098617628193,140.5497892763167,142.1260633341693,135.25250980614007,135.22531700954067,135.25896931886717,136.01959954851566,135.20453021846964,137.03582243542962,136.98026030139053,135.8733267510346,138.41588083257474,136.99912263226713,135.85156373427841,138.3073581498527
2024-12-19,8.0,130.0932680484121,129.3376923042161,131.12222203409436,141.35943008664972,140.52423826520914,142.09031892451958,135.25288372709545,135.2279834993305,135.25893230367845,136.01959954851566,135.20453021846964,137.03582243542962,136.9490781327137,135.84441706447578,138.3858357895736,136.9678545437409,135.82475050011914,138.27629034024454
2024-12-20,8.0,130.0932680484121,129.3376923042161,131.12222203409436,141.32803924213306,140.49882132411193,142.05475977684418,135.25322825228932,135.23043667816398,135.25890166705284,136.01959954851566,135.20453021846964,137.03582243542962,136.91803181339094,135.81380218285076,138.3559361549846,136.9367192652339,135.7882252225673,138.245345585156
2024-12-21,8.0,130.0932680484121,129.3376923042161,131.12222203409436,141.2968106655616,140.47351023901157,142.01939367378907,135.25354628437282,135.23269361331015,135.2588752022895,136.01959954851566,135.20453021846964,137.03582243542962,136.88712126890297,135.78142835316385,138.32618367755308,136.90571880518942,135.7568284840804,138.21453701962002
2024-12-22,8.0,130.0932680484121,129.3376923042161,131.12222203409436,141.26574452515905,140.44834733092836,141.9842006847806,135.2538403683277,135.23477002463395,135.25885261632746,136.01959954851566,135.20453021846964,137.03582243542962,136.85634921245529,135.749522563895,138.30002141775682,136.87485495062177,135.7328938960984,138.1869403153088
2024-12-23,8.0,130.0932680484121,129.3376923042161,131.12222203409436,141.2348391338006,140.423290278842,141.94919295774645,135.25411277318642,135.23668040771378,135.25883302520924,136.01959954851566,135.20453021846964,137.03582243542962,136.82571622595555,135.72065063065392,138.2755356819828,136.84412930710212,135.7019445783142,138.16164085913567
2024-12-24,8.0,130.0932680484121,129.3376923042161,131.12222203409436,141.4578909356177,140.60915345063498,142.20036740048914,135.25436550839132,135.23843805559784,135.2588160231876,136.01959954851566,135.20453021846964,137.03582243542962,137.04902076297756,135.9373588659644,138.48703837412833,137.06815575006542,135.91275487549098,138.37215603286072
2024-12-25,8.0,130.0932680484121,129.3376923042161,131.12222203409436,141.42599257302288,140.58332369252855,142.16422133630684,135.25460036497856,135.24005514572312,135.2588012607885,136.01959954851566,135.20453021846964,137.03582243542962,137.01735725696997,135.90796185465126,138.46142487847524,137.0363935696309,135.88462246922901,138.34325965160102
2024-12-26,8.0,130.0932680484121,129.3376923042161,131.12222203409436,141.39425974406308,140.55762182593625,142.1282882473185,135.25481893493637,135.24154300796,135.2587884373381,136.01959954851566,135.20453021846964,137.03582243542962,136.985842997968,135.8750678194128,138.43586068872952,137.00477976971868,135.8486665607914,138.31541199902793
2024-12-27,8.0,130.0932680484121,129.3376923042161,131.12222203409436,141.36269216419745,140.53203992234756,142.0925204897308,135.2550226428107,135.24291193625226,135.25877729153262,136.01959954851566,135.20453021846964,137.03582243542962,136.9544791259767,135.84378265072962,138.41060472318583,136.97331496506223,135.82029979788823,138.28729404130223
2024-12-28,8.0,130.0932680484121,129.3376923042161,131.12222203409436,141.60860450524947,140.73707856591366,142.36972447563528,135.25521276968044,135.24417147115705,135.25876760018784,136.01959954851566,135.20453021846964,137.03582243542962,137.20058159389848,136.08324811647904,138.6429283222159,137.2201882356855,136.06301536672385,138.52511487466018
2024-12-29,8.0,130.0932680484121,129.3376923042161,131.12222203409436,141.57592857630397,140.71061017179753,142.33269632801046,135.25539045297285,135.24532776307316,135.25875916849634,136.01959954851566,135.20453021846964,137.03582243542962,137.16808334824537,136.04817302305656,138.61632628059914,137.18758431839683,136.0297565644813,138.49201459152627
2024-12-30,8.0,130.0932680484121,129.3376923042161,131.12222203409436,141.54342245634837,140.68429613319475,142.29588115557956,135.25555672206372,135.24634781813148,135.2587511734817,136.01959954851566,135.20453021846964,137.03582243542962,137.13574349738064,136.01836379789788,138.5899890499294,137.1551380761181,135.99663727011543,138.45869723468928
2024-12-31,8.0,130.0932680484121,129.3376923042161,131.12222203409436,141.51108471605133,140.65810205759556,142.259266810415,135.25571250329625,135.24729004155026,135.2587437727438,136.01959954851566,135.20453021846964,137.03582243542962,137.10356153831611,135.98783249084963,138.5637147622898,137.12284956774963,135.96408022429327,138.43224673483576
2025-01-01,8.0,130.0932680484121,129.3376923042161,131.12222203409436,141.47891517018465,140.632027945,142.22281779665107,135.2558586288563,135.24816039432892,135.2587374657964,136.01959954851566,135.20453021846964,137.03582243542962,137.07153811800947,135.95632857018902,138.53748301632504,137.09071910388786,135.93457506882038,138.40219723594308
2025-01-02,8.0,130.0932680484121,129.3376923042161,131.12222203409436,141.44691310222066,140.60609408091105,142.18656182750743,135.25599585285013,135.24896436498722,135.25873209101798,136.01959954851566,135.20453021846964,137.03582243542962,137.03967327403936,135.92631956314668,138.51133482900224,137.05874607131622,135.90576102347802,138.37012908987515
2025-01-03,8.0,130.0932680484121,129.3376923042161,131.12222203409436,141.41507655871862,140.58027400132946,142.15051883355778,135.25612485768417,135.2497070171587,135.25872751048968,136.01959954851566,135.20453021846964,137.03582243542962,137.00796573537136,135.89645559696044,138.48524976432844,137.02693097040066,135.87715140072802,138.33820058994743
2025-01-04,8.0,130.0932680484121,129.3376923042161,131.12222203409436,141.6125981890674,140.74467179730263,142.3724187926814,135.25624625854599,135.25039300449419,135.25872360698008,136.01959954851566,135.20453021846964,137.03582243542962,137.20560876658192,136.08440829346299,138.67141122597226,137.22523807148548,136.0656401611057,138.531414159955
2025-01-05,8.0,130.0932680484121,129.3376923042161,131.12222203409436,141.57990554897364,140.71819279620837,142.33539501033823,135.25636062361633,135.25102666296564,135.25872028028817,136.01959954851566,135.20453021846964,137.03582243542962,137.1730304915585,136.05392089416353,138.64436374403735,137.19254826969131,136.0320194541384,138.5007977806912
2025-01-06,8.0,130.0932680484121,129.3376923042161,131.12222203409436,141.54738311340466,140.69183375811772,142.29857205526136,135.2564684562936,135.25161200548135,135.2587174452795,136.01959954851566,135.20453021846964,137.03582243542962,137.1406158886668,136.02342513514722,138.61738890418013,137.1600213762361,136.0003634024476,138.46962281686655
2025-01-07,8.0,130.0932680484121,129.3376923042161,131.12222203409436,141.51502930177935,140.66560086152688,142.26191443158513,135.25657022896772,135.25215269602234,135.25871502915604,136.01959954851566,135.20453021846964,137.03582243542962,137.10836384971563,135.99308553348772,138.59049376325564,137.12765738705488,135.97403872238377,138.43716891561925
2025-01-08,8.0,130.0932680484121,129.3376923042161,131.12222203409436,141.48284279827848,140.6394958564502,142.22547756574886,135.25666635960394,135.25265213386905,135.2587129700623,136.01959954851566,135.20453021846964,137.03582243542962,137.07627347685096,135.96288770948416,138.56367185912939,137.09545574580338,135.94510362734263,138.40485396919462
2025-01-09,8.0,130.0932680484121,129.3376923042161,131.12222203409436,141.63345406988427,140.7644983628077,142.3937822385374,135.2567572395421,135.25311349023454,135.25871121526686,136.01959954851566,135.20453021846964,137.03582243542962,137.2269756283949,136.10641595913026,138.70552058931634,137.246721584967,136.08450670030626,138.55158127481678
2025-01-10,8.0,130.0932680484121,129.3376923042161,131.12222203409436,141.60065672061924,140.73792761272335,142.35664418595124,135.25684322598244,135.25353966211256,135.25870971975803,136.01959954851566,135.20453021846964,137.03582243542962,137.19426426557024,136.07564775286556,138.67799470825108,137.21389496785346,136.05075581824886,138.52018301543131
2025-01-11,8.0,130.0932680484121,129.3376923042161,131.12222203409436,141.81426863897832,140.91578919201422,142.59680842560547,135.25692464227333,135.25392727199835,135.25870844523587,136.01959954851566,135.20453021846964,137.03582243542962,137.4079576002202,136.27855477830238,138.87862839723883,137.42829058528753,136.25901252674893,138.72944759575225
2025-01-12,8.0,130.0932680484121,129.3376923042161,131.12222203409436,141.78053573581664,140.88847219990902,142.55863074082214,134.92272704303812,134.09250147360078,135.6524719543926,136.01959954851566,135.20453021846964,137.03582243542962,137.04002709782333,135.61176809275835,138.59812384673603,137.0097749920425,135.64122906355936,138.39789447566267
2025-01-13,8.0,130.0932680484121,129.3376923042161,131.12222203409436,141.74697880080663,140.8612954563104,142.52062617008548,134.97901886817368,134.23328327396163,135.5408333550983,136.01959954851566,135.20453021846964,137.03582243542962,137.06276198794887,135.7636781813213,138.57485202773597,137.0455140308401,135.76948505621044,138.4077692552008
2025-01-14,8.0,130.0932680484121,129.3376923042161,131.12222203409436,142.01109653971537,141.08153040013534,142.81838667610884,135.02440874305094,134.36661895841044,135.48208368884215,136.01959954851566,135.20453021846964,137.03582243542962,137.37226960173487,136.14500797888445,138.85940408405722,137.36503677877715,136.12349230780055,138.6908070939668
2025-01-15,8.0,130.0932680484121,129.3376923042161,131.12222203409436,141.9763474044772,141.0534080595146,142.77902737566572,135.0611850297827,134.47553222413887,135.42100498945422,136.01959954851566,135.20453021846964,137.03582243542962,137.37429675322846,136.18855571405314,138.81248480922218,137.3735502878788,136.1538093465757,138.67381450918336
2025-01-16,8.0,130.0932680484121,129.3376923042161,131.12222203409436,142.19837842017796,141.23828784863932,143.02895177500892,135.0911728379681,134.58029151334344,135.37603582268446,136.01959954851566,135.20453021846964,137.03582243542962,137.6263155771146,136.45242872899763,139.05937736183705,137.6311344209401,136.43376176609246,138.9150960780753
2025-01-17,8.0,130.0932680484121,129.3376923042161,131.12222203409436,142.16266057846468,141.2094130875015,142.9883390733866,135.11579152823185,134.6620476556944,135.35025866540727,136.01959954851566,135.20453021846964,137.03582243542962,137.61521642566507,136.44817696215796,139.01892991825926,137.62348935611365,136.42996180104856,138.91397406973098
2025-01-18,8.0,130.0932680484121,129.3376923042161,131.12222203409436,142.12712915200834,141.18067857487029,142.9479791516484,135.02484243122845,134.34908826653282,135.47152840025487,136.01959954851566,135.20453021846964,137.03582243542962,137.48873590220535,136.2605012193919,138.98125339712158,137.48301310629566,136.22346726092164,138.8074399650571
2025-01-19,8.0,130.0932680484121,129.3376923042161,131.12222203409436,142.09178208774287,141.1520843107457,142.90790103198023,135.06049725327503,134.46773195378188,135.40667270927642,136.01959954851566,135.20453021846964,137.03582243542962,137.48904365998646,136.29006874312552,138.9405999503238,137.48949016430703,136.26275124106007,138.80121465073756
2025-01-20,8.0,130.0932680484121,129.3376923042161,131.12222203409436,142.05661788666401,141.12363029512767,142.86808901584683,135.08975502098076,134.56003301555208,135.36645820968883,136.01959954851566,135.20453021846964,137.03582243542962,137.4831372266133,136.29846572733476,138.90516073886985,137.4880105382362,136.28334171877464,138.78305512197062
2025-01-21,8.0,130.0932680484121,129.3376923042161,131.12222203409436,142.30840814736885,141.33345017247933,143.15191368443385,135.11389815985706,134.63129090833147,135.35106278564425,136.01959954851566,135.20453021846964,137.03582243542962,137.7590706261945,136.5823720016063,139.1790556166894,137.76809978525336,136.55859082863654,139.06791803900467
2025-01-22,8.0,130.0932680484121,129.3376923042161,131.12222203409436,142.2721256032077,141.30412377334062,143.11067481433182,135.13394261911927,134.70288968495038,135.3361178824128,136.01959954851566,135.20453021846964,137.03582243542962,137.74283254129554,136.558968234829,139.13758375288515,137.7542465756694,136.5532207432281,139.0478428693738
2025-01-23,8.0,130.0932680484121,129.3376923042161,131.12222203409436,142.23603001413292,141.2749376227085,143.06964466705637,135.150685064637,134.77303398616112,135.3234792643514,136.01959954851566,135.20453021846964,137.03582243542962,137.7234793977385,136.53823528610758,139.0965441355178,137.73667240895634,136.54591925491619,139.03574826926044
2025-01-24,8.0,130.0932680484121,129.3376923042161,131.12222203409436,142.20012226686143,141.2458855420868,143.02897774577727,135.16475017605734,134.82171426513378,135.31162136883856,136.01959954851566,135.20453021846964,137.03582243542962,137.7016367618873,136.52432581506167,139.0731099772425,137.7161658060319,136.52448163670553,139.0135943078296
2025-01-25,8.0,130.0932680484121,129.3376923042161,131.12222203409436,142.16440159341653,141.21697988846788,142.98854768255296,135.1766299957891,134.86935422936017,135.3013631975851,136.01959954851566,135.20453021846964,137.03582243542962,137.6777959081742,136.51036751843364,139.05971865710717,137.69333274542123,136.51035594570146,138.9893097057843
2025-01-26,8.0,130.0932680484121,129.3376923042161,131.12222203409436,142.1288660609626,141.18821448335555,142.94831844659498,135.18671467447228,134.91309088009052,135.2940237118718,136.01959954851566,135.20453021846964,137.03582243542962,137.65234505440344,136.49379689499548,139.05179460669194,137.6686468598223,136.4887954803665,138.9679258720772
2025-01-27,8.0,130.0932680484121,129.3376923042161,131.12222203409436,142.09351595044893,141.15957521974306,142.9082822552573,135.1953157277598,134.94602980146897,135.28797539826417,136.01959954851566,135.20453021846964,137.03582243542962,137.6255959971773,136.47038031583614,139.02993128348666,137.6424788115703,136.46526641924513,138.94752440057417
2025-01-28,8.0,130.0932680484121,129.3376923042161,131.12222203409436,142.0583485340275,141.1310841331477,142.86846245647789,135.20268367635006,134.97541341299421,135.28263416047778,136.01959954851566,135.20453021846964,137.03582243542962,137.59779652934608,136.4468691890687,139.01830295029166,137.6151231696803,136.43686861618502,138.91559590064642
2025-01-29,8.0,130.0932680484121,129.3376923042161,131.12222203409436,142.0233636963397,141.10273947355518,142.82885563289247,135.20902131045762,135.00168059858615,135.2776148818221,136.01959954851566,135.20453021846964,137.03582243542962,137.56914932576586,136.42185295867262,139.01220313975523,137.5868148023685,136.41520569759274,138.8831578997022
2025-01-30,8.0,130.0932680484121,129.3376923042161,131.12222203409436,142.33538989584602,141.36312398441942,143.18115519624905,135.21449388026124,135.0250758793697,135.27452211789551,136.01959954851566,135.20453021846964,137.03582243542962,137.88664809507583,136.7486032334473,139.31598120254912,137.90562164773112,136.71380198293497,139.20964089705777
2025-01-31,8.0,130.0932680484121,129.3376923042161,131.12222203409436,142.29897270993078,141.333646729796,143.13992182395955,135.2192368536979,135.04365543862303,135.27178887773408,136.01959954851566,135.20453021846964,137.03582243542962,137.85497388259725,136.7295087117002,139.29265716174694,137.8741395121729,136.6940507646967,139.17571656343316
2025-02-01,8.0,130.0932680484121,129.3376923042161,131.12222203409436,142.5649399447994,141.55532494347727,143.43964486500448,135.22336185069557,135.0578712301697,135.26932994146958,136.01959954851566,135.20453021846964,137.03582243542962,138.12506611446352,136.99036307565953,139.53798506062674,138.1453422700421,136.96357590370874,139.44230726694354
2025-02-02,8.0,130.0932680484121,129.3376923042161,131.12222203409436,142.5273355811261,141.52492237733472,143.39690087805883,135.22696136394265,135.0720196395956,135.26730309305609,136.01959954851566,135.20453021846964,137.03582243542962,138.0910612640373,136.9572674681642,139.50903961552518,138.111439707389,136.94149245666551,139.40959896084675
2025-02-03,8.0,130.0932680484121,129.3376923042161,131.12222203409436,142.48992788230547,141.494666238195,143.3545337556153,135.23011238601694,135.08457124548474,135.26557393578182,136.01959954851566,135.20453021846964,137.03582243542962,138.05680458729094,136.9304052621004,139.4798071013301,138.0772535842611,136.90001167682547,139.37271578821185
2025-02-04,8.0,130.0932680484121,129.3376923042161,131.12222203409436,142.45271323518045,141.46455034756187,143.3123828040176,135.23287929076028,135.09914716733988,135.26438150644444,136.01959954851566,135.20453021846964,137.03582243542962,138.0223568449093,136.89625074637192,139.45051291404468,138.04285333659064,136.85654577871014,139.33378631570065
2025-02-05,8.0,130.0932680484121,129.3376923042161,131.12222203409436,142.4156933418995,141.4345888124421,143.27046039290587,135.23531608866995,135.1127853311152,135.2634488863904,136.01959954851566,135.20453021846964,137.03582243542962,137.987773749538,136.85951495011082,139.42084019667223,138.00829668939107,136.8235677205148,139.3027136668698
2025-02-06,8.0,130.0932680484121,129.3376923042161,131.12222203409436,142.67950963198996,141.65443401012055,143.5676522336793,135.2374683280593,135.12520033079335,135.26271450183214,136.01959954851566,135.20453021846964,137.03582243542962,138.2537422790178,137.117936973924,139.6653926298452,138.27524534190732,137.09572062657406,139.587795040242
2025-02-07,8.0,130.0932680484121,129.3376923042161,131.12222203409436,142.6413161976746,141.62354541346735,143.52424047621906,135.2393745312813,135.1365483611451,135.2621384747313,136.01959954851566,135.20453021846964,137.03582243542962,138.21745504792443,137.08247186283822,139.6288369354305,138.2389521009351,137.06236780514797,139.5479184627205
2025-02-08,8.0,130.0932680484121,129.3376923042161,131.12222203409436,142.84940640364462,141.7965750085574,143.75874499172104,135.2410673659267,135.14692150114084,135.26164525598554,136.01959954851566,135.20453021846964,137.03582243542962,138.42723808853987,137.2719511332173,139.84512903449817,138.44958054288884,137.25546136243307,139.76450202168675
2025-02-09,8.0,130.0932680484121,129.3376923042161,131.12222203409436,142.8103355670111,141.76500895490284,143.7136878546114,135.24257468663393,135.15640472225283,135.26122292823246,136.01959954851566,135.20453021846964,137.03582243542962,138.3896745726136,137.2380705941929,139.80389169252544,138.4119855703725,137.2232874447837,139.7350249337054
2025-02-10,8.0,130.0932680484121,129.3376923042161,131.12222203409436,142.77146780202193,141.7335893282511,143.6695030280007,135.24392025165196,135.1649523855786,135.26086128206845,136.01959954851566,135.20453021846964,137.03582243542962,138.35215237264245,137.20520424097492,139.7626852195269,138.37442344511706,137.1914900877906,139.69124586875094
2025-02-11,8.0,130.0932680484121,129.3376923042161,131.12222203409436,142.7328017350652,141.70231612860218,143.6255780227157,135.24512441522467,135.17156374738528,135.26055158690062,136.01959954851566,135.20453021846964,137.03582243542962,138.3146904692584,137.17275968194076,139.72292608841596,138.33691446558777,137.15594903900023,139.6549745121263
2025-02-12,8.0,130.0932680484121,129.3376923042161,131.12222203409436,142.69433659432218,141.67120346296284,143.5819352725418,135.24620465754438,135.17770435781318,135.26028636090882,136.01959954851566,135.20453021846964,137.03582243542962,138.27730557083513,137.13052531713194,139.68733097047212,138.29947589813108,137.1184086999253,139.61553692123368
2025-02-13,8.0,130.0932680484121,129.3376923042161,131.12222203409436,142.97983304704,141.9091850363879,143.90459218752028,135.24717603481426,135.1834076715614,135.2600592149183,136.01959954851566,135.20453021846964,137.03582243542962,138.5637734008228,137.39929367990703,139.98141773036443,138.5869163745857,137.38698175644086,139.92884409786555
2025-02-14,8.0,130.0932680484121,129.3376923042161,131.12222203409436,142.94009109116783,141.87707384572803,143.85893633681076,135.2480515445111,135.18870561953298,135.25984463735708,136.01959954851566,135.20453021846964,137.03582243542962,138.52490695464746,137.36417849607116,139.9386099339854,138.54798064288562,137.35115574656635,139.88767129998323
2025-02-15,8.0,130.0932680484121,129.3376923042161,131.12222203409436,142.9005553992128,141.84512318907775,143.8140099660426,135.24884243601898,135.19362686909776,135.25964381701047,136.01959954851566,135.20453021846964,137.03582243542962,138.48616215420034,137.32753640259904,139.8971349780251,138.50916210194987,137.31441491620998,139.84702390342048
2025-02-16,8.0,130.0932680484121,129.3376923042161,131.12222203409436,142.86122454515615,141.81331895943032,143.7693143466298,135.24955846267275,135.19834071760462,135.25947882628608,136.01959954851566,135.20453021846964,137.03582243542962,138.44754732679746,137.2919463562059,139.85725555991874,138.47046978729853,137.2815360620796,139.80266897096703
2025-02-17,8.0,130.0932680484121,129.3376923042161,131.12222203409436,142.8220984789492,141.78166115678567,143.72494526188,135.25020810612807,135.2028155316155,135.25934317789236,136.01959954851566,135.20453021846964,137.03582243542962,138.40907090404582,137.2584805066314,139.81996345610779,138.43191112644706,137.24662037912302,139.76230777985995
2025-02-18,8.0,130.0932680484121,129.3376923042161,131.12222203409436,142.78317671189546,141.75017799515737,143.6808847425703,135.25079876220897,135.20728287351034,135.25923244193942,136.01959954851566,135.20453021846964,137.03582243542962,138.370739793073,137.2181012982898,139.78352256074797,138.39349345565708,137.2088785901211,139.71895456650134
2025-02-19,8.0,130.0932680484121,129.3376923042161,131.12222203409436,142.74445632961934,141.7188350820357,143.63705276374654,135.2513368802959,135.21139267994997,135.25914160185198,136.01959954851566,135.20453021846964,137.03582243542962,138.33255752888377,137.17798613900294,139.7498948958829,138.35522196395792,137.1720450540845,139.67340918526853
2025-02-20,8.0,130.0932680484121,129.3376923042161,131.12222203409436,142.70593605722559,141.68763859591684,143.59343717748106,135.25182812135324,135.21517342063018,135.25906824371683,136.01959954851566,135.20453021846964,137.03582243542962,138.29452849754736,137.13667887409284,139.71824583023962,138.3171017753951,137.13444270382752,139.62802902892435
2025-02-21,8.0,130.0932680484121,129.3376923042161,131.12222203409436,142.66761772527335,141.65660264380753,143.55006227962923,135.25227742492427,135.2186514571685,135.2590194370756,136.01959954851566,135.20453021846964,137.03582243542962,138.25665946916615,137.09443288003735,139.68668084957685,138.2791369189671,137.09685037767466,139.59128066320696
2025-02-22,8.0,130.0932680484121,129.3376923042161,131.12222203409436,142.62949690774445,141.62571311870107,143.50690377433568,135.25268915889458,135.22185120247343,135.258977253456,136.01959954851566,135.20453021846964,137.03582243542962,138.21895038560757,137.05241654985346,139.6552073486028,138.24133102823893,137.05820953023047,139.5549408661473
2025-02-23,8.0,130.0932680484121,129.3376923042161,131.12222203409436,142.59157490306188,141.59497794910797,143.46398159217412,135.25306714582072,135.22479483823108,135.2589408095843,136.01959954851566,135.20453021846964,137.03582243542962,138.18140636785117,137.01065688993776,139.62408826206163,138.20368698047406,137.0192657474465,139.51876767661133
2025-02-24,8.0,130.0932680484121,129.3376923042161,131.12222203409436,142.55384948213703,141.56439713502823,143.42126023727886,135.2534147745451,135.227502966904,135.2589097124248,136.01959954851566,135.20453021846964,137.03582243542962,138.14402857565065,136.97591026740992,139.5930933567175,138.1662072920683,136.98044322175653,139.47954854205682
2025-02-25,8.0,130.0932680484121,129.3376923042161,131.12222203409436,142.84070802860256,141.80352541049098,143.7445167012543,135.20965845411985,135.0666013248052,135.31043823227776,136.01959954851566,135.20453021846964,137.03582243542962,138.38713080169094,137.20333974370075,139.80116606830612,138.40358979140112,137.2044854055083,139.72497455951577
2025-02-26,8.0,130.0932680484121,129.3376923042161,131.12222203409436,142.80169545305785,141.77192403587338,143.70035405962923,135.21735234637566,135.0977054345062,135.2959778716027,136.01959954851566,135.20453021846964,137.03582243542962,138.35581211840207,137.17436837803348,139.77050418341878,138.37388642828043,137.1741080838449,139.69363160553237
2025-02-27,8.0,130.0932680484121,129.3376923042161,131.12222203409436,142.7628841380882,141.74047701676918,143.65641995849015,135.22359086644136,135.12836483858956,135.2880706526174,136.01959954851566,135.20453021846964,137.03582243542962,138.3232393234981,137.14251981018143,139.73957559822702,138.34241264660318,137.14909808231985,139.66264744534485
2025-02-28,8.0,130.0932680484121,129.3376923042161,131.12222203409436,142.7242757225614,141.70919053167455,143.61269446726337,135.2286768383779,135.14633124711006,135.2800260807267,136.01959954851566,135.20453021846964,137.03582243542962,138.28971687990784,137.1085216745392,139.7079839160911,138.30964615784077,137.1204985528057,139.627684061479
2025-03-01,8.0,130.0932680484121,129.3376923042161,131.12222203409436,142.68586683333442,141.67805047358274,143.56922522974222,135.23285199294867,135.15945290931893,135.2744843410597,136.01959954851566,135.20453021846964,137.03582243542962,138.25548314525165,137.0728499379471,139.6768102600947,138.27593413335885,137.08722025540894,139.58939198372656
2025-03-02,8.0,130.0932680484121,129.3376923042161,131.12222203409436,142.64765669546003,141.64707094950052,143.52596460213334,135.2363045601853,135.1696461766607,135.27157224956625,136.01959954851566,135.20453021846964,137.03582243542962,138.22072557461388,137.04012303960425,139.6516560667224,138.24153346813262,137.05516635048204,139.5521679915514
2025-03-03,8.0,130.0932680484121,129.3376923042161,131.12222203409436,142.60964712663602,141.6184275553605,143.48293251501045,135.23918012599162,135.1793079200504,135.26980968687818,136.01959954851566,135.20453021846964,137.03582243542962,138.18559157159618,137.0099881566231,139.625570180677,138.20663457866138,137.0259877734083,139.51831278967938
2025-03-04,8.0,130.0932680484121,129.3376923042161,131.12222203409436,142.57183368054692,141.5908481724378,143.4401289683735,135.24159150475137,135.18565982648138,135.26849912906997,136.01959954851566,135.20453021846964,137.03582243542962,138.15018950426685,136.97911721452667,139.5987582315733,138.17138218120806,136.99041478574824,139.47777600392075
2025-03-05,8.0,130.0932680484121,129.3376923042161,131.12222203409436,142.53421626950882,141.56338730197484,143.39754181429487,135.24362663353898,135.1918092113242,135.26648090918982,136.01959954851566,135.20453021846964,137.03582243542962,138.11460722201633,136.94720942630454,139.57157028755276,138.13588612612753,136.95186940925436,139.44331036867345
2025-03-06,8.0,130.0932680484121,129.3376923042161,131.12222203409436,142.73284763162204,141.72005819201618,143.6200848649745,135.2453545542731,135.19698665919194,135.26461167162404,136.01959954851566,135.20453021846964,137.03582243542962,138.31496650486366,137.13553795148482,139.75172169695108,138.33712075888536,137.15035524324045,139.6530001092727
2025-03-07,8.0,130.0932680484121,129.3376923042161,131.12222203409436,142.6943983078714,141.69107754599483,143.57654463572203,135.24682991130945,135.2021916466197,135.26355831787788,136.01959954851566,135.20453021846964,137.03582243542962,138.27799253814942,137.10222195050497,139.72252286807347,138.30014619960406,137.1108863356639,139.6160740749512
2025-03-08,8.0,130.0932680484121,129.3376923042161,131.12222203409436,142.65614884709294,141.663173518174,143.53326066017516,135.24809627028026,135.20719059068935,135.2627244483016,136.01959954851566,135.20453021846964,137.03582243542962,138.24100943634176,137.06867546319222,139.69298548135262,138.26313524936822,137.07163090693928,139.5758117422503
2025-03-09,8.0,130.0932680484121,129.3376923042161,131.12222203409436,142.61809847550882,141.63541018806544,143.4901852945406,135.24918864446872,135.21214902243202,135.26203699491603,136.01959954851566,135.20453021846964,137.03582243542962,138.2040514389461,137.03086380204473,139.66321943807344,138.22612907613646,137.04009597407898,139.53275856069789
2025-03-10,8.0,130.0932680484121,129.3376923042161,131.12222203409436,142.58024413049696,141.6077431851641,143.447346252038,135.25013535304882,135.21727304074656,135.26138301672984,136.01959954851566,135.20453021846964,137.03582243542962,138.16714380251435,136.9920336239645,139.63331045495127,138.18915948881082,137.00767083164075,139.49636622350624
2025-03-11,8.0,130.0932680484121,129.3376923042161,131.12222203409436,142.5425875582696,141.58021070147882,143.40472796737535,135.250959479382,135.2208908105615,135.2609060872686,136.01959954851566,135.20453021846964,137.03582243542962,138.13031135662013,136.95334480611845,139.60348922753798,138.1522521518631,136.9676109167114,139.46787495431667
2025-03-12,8.0,130.0932680484121,129.3376923042161,131.12222203409436,142.5051269247265,141.5528029087495,143.36304295791177,135.25167991982988,135.22410762061716,135.26054904442458,136.01959954851566,135.20453021846964,137.03582243542962,138.09357116352496,136.91479702625443,139.57360725748518,138.11542727112197,136.9286291114635,139.43320468908172
2025-03-13,8.0,130.0932680484121,129.3376923042161,131.12222203409436,142.7619718447026,141.75436982310464,143.6513515309725,135.25231227777113,135.2270479804118,135.26017191191104,136.01959954851566,135.20453021846964,137.03582243542962,138.3510484414423,137.17279262438174,139.80227140713308,138.37377421085435,137.18502599239767,139.6901342301695
2025-03-14,8.0,130.0932680484121,129.3376923042161,131.12222203409436,142.7233758545039,141.72618804962312,143.60766590089304,135.25286945265026,135.22949182601812,135.2598928482922,136.01959954851566,135.20453021846964,137.03582243542962,138.3130096261227,137.13296669231096,139.77091702548378,138.33563539958,137.146111175818,139.6503309323057
2025-03-15,8.0,130.0932680484121,129.3376923042161,131.12222203409436,142.6849813547842,141.69813096709757,143.56421659394553,135.25336220142302,135.2315463952896,135.25965453092164,136.01959954851566,135.20453021846964,137.03582243542962,138.27510787517576,137.09335497146546,139.7395738230868,138.29762865345788,137.11271341875275,139.61508134298418
2025-03-16,8.0,130.0932680484121,129.3376923042161,131.12222203409436,142.6467845127586,141.67020840378805,143.52098804483796,135.25379953168928,135.23345500978022,135.2594784297013,136.01959954851566,135.20453021846964,137.03582243542962,138.2373483634164,137.0539370862273,139.70823589950362,138.25976255035584,137.0808546727634,139.57933746163172
2025-03-17,8.0,130.0932680484121,129.3376923042161,131.12222203409436,142.60878766412358,141.64241053143454,143.47877172207393,135.25418900371136,135.23522807666214,135.25934967112212,136.01959954851566,135.20453021846964,137.03582243542962,138.19974098680348,137.0147001576243,139.6769617688017,138.2220441209731,137.04027550924044,139.54341798562774
2025-03-18,8.0,130.0932680484121,129.3376923042161,131.12222203409436,142.69543133481974,141.70874867207453,143.5726084106132,135.20894963659748,135.05780998551853,135.3122636240706,136.01959954851566,135.20453021846964,137.03582243542962,138.24114529038576,137.04024386293645,139.67402447752548,138.2570719411629,137.05840358305994,139.56542054852045
2025-03-19,8.0,130.0932680484121,129.3376923042161,131.12222203409436,142.65718259337953,141.68079239883454,143.52934436564001,135.21691759406957,135.08986732664536,135.2974495277498,136.01959954851566,135.20453021846964,137.03582243542962,138.21086450641766,137.01996317551888,139.6514340535046,138.22845852999285,137.03161336977428,139.5432216514504
2025-03-20,8.0,130.0932680484121,129.3376923042161,131.12222203409436,142.80664713192553,141.79651507016786,143.69567454079393,135.1217339131312,134.75112701588714,135.40601768038746,136.01959954851566,135.20453021846964,137.03582243542962,138.26514536402527,137.02089896489005,139.69720830493418,138.26917798396394,137.06799810247313,139.5987821496791
2025-03-21,8.0,130.0932680484121,129.3376923042161,131.12222203409436,142.76782391006736,141.76816164898779,143.6517603702285,135.1441471694573,134.83128561211302,135.36814423672269,136.01959954851566,135.20453021846964,137.03582243542962,138.2487353984932,137.00258061908107,139.6867990160696,138.25756391313223,137.06962401216197,139.57950890837813
2025-03-22,8.0,130.0932680484121,129.3376923042161,131.12222203409436,142.72920223639002,141.7399443959847,143.60808252279503,135.16227457314005,134.87265871040069,135.34520664334798,136.01959954851566,135.20453021846964,137.03582243542962,138.2282411284986,136.99188502917124,139.67002683578582,138.2404194901327,137.037809579626,139.56704652734106
2025-03-23,8.0,130.0932680484121,129.3376923042161,131.12222203409436,142.6907812005652,141.71182359081894,143.5667679584498,135.12527649869247,134.76011302972205,135.3863285456883,136.01959954851566,135.20453021846964,137.03582243542962,138.1528220182262,136.9048474495457,139.5827006369267,138.15952666081728,136.9585275574768,139.4929925939805
2025-03-24,8.0,130.0932680484121,129.3376923042161,131.12222203409436,142.652559867667,141.68386731757894,143.53015948081924,134.89868417630055,133.97089321033678,135.63105057540776,136.01959954851566,135.20453021846964,137.03582243542962,137.8880083629361,136.4324190370583,139.49529050456908,137.86090389552504,136.44475786265735,139.3086714413069
2025-03-25,8.0,130.0932680484121,129.3376923042161,131.12222203409436,142.61453761354647,141.6559989885974,143.49375657759484,134.95753120112838,134.14257186716975,135.54954511840558,136.01959954851566,135.20453021846964,137.03582243542962,137.90883313364344,136.53724934354244,139.46505947532435,137.89418687563023,136.54445552831888,139.3197767660409
2025-03-26,8.0,130.0932680484121,129.3376923042161,131.12222203409436,142.5767111409486,141.62825547120184,143.45717866728418,135.00518432069626,134.2704014054182,135.47938119919343,136.01959954851566,135.20453021846964,137.03582243542962,137.9186597806134,136.6022298893498,139.4469849118407,137.9128023352186,136.6187329646355,139.3111048789976
2025-03-27,8.0,130.0932680484121,129.3376923042161,131.12222203409436,142.75426789128866,141.76636584103466,143.6370516704977,135.04398112399528,134.40434237556644,135.40884947769308,136.01959954851566,135.20453021846964,137.03582243542962,138.13501333425248,136.8283875649839,139.63368820143077,138.13628193721163,136.8334544598461,139.5040937708093
2025-03-28,8.0,130.0932680484121,129.3376923042161,131.12222203409436,142.7157198548262,141.73817695178036,143.60016757464692,135.0757725005892,134.5124161516453,135.37637172409538,136.01959954851566,135.20453021846964,137.03582243542962,138.128256674384,136.85719788301137,139.60809160421564,138.1341491936093,136.86690413485752,139.4870728420073
2025-03-29,8.0,130.0932680484121,129.3376923042161,131.12222203409436,142.6773731601203,141.71007600678445,143.56345684741495,135.10199754572415,134.5862260320763,135.35872649048022,136.01959954851566,135.20453021846964,137.03582243542962,138.11613502481305,136.85771774525918,139.57960549890464,138.1254415875721,136.87371485685793,139.45896318009196
2025-03-30,8.0,130.0932680484121,129.3376923042161,131.12222203409436,142.63922453655567,141.68211973354448,143.52653171776745,135.08083981077948,134.53729118794024,135.37643591307761,136.01959954851566,135.20453021846964,137.03582243542962,138.05682866630372,136.80069541977244,139.52423584572446,138.06254228371145,136.80626805248642,139.41600125245293
2025-03-31,8.0,130.0932680484121,129.3376923042161,131.12222203409436,142.60127332458273,141.65407278860488,143.48150029106077,135.10622389451558,134.60748968154178,135.35503677877594,136.01959954851566,135.20453021846964,137.03582243542962,138.04426153806688,136.78236153155075,139.5014161993737,138.0534292475981,136.81772588002679,139.38920647647157
2025-04-01,8.0,130.0932680484121,129.3376923042161,131.12222203409436,142.56351968180238,141.62509225924958,143.436985178562,135.12731044675652,134.68074719592627,135.33945377947853,136.01959954851566,135.20453021846964,137.03582243542962,138.02759444752746,136.77575516470947,139.474728989199,138.0392949483082,136.82174513098985,139.37708560629224
2025-04-02,8.0,130.0932680484121,129.3376923042161,131.12222203409436,142.52596221435806,141.59622493987257,143.3927622967887,135.14492563801363,134.749173147256,135.32651405808582,136.01959954851566,135.20453021846964,137.03582243542962,138.00765217134025,136.7668268333043,139.45988092809122,138.02123351335027,136.82067614669975,139.3396493796367
2025-04-03,8.0,130.0932680484121,129.3376923042161,131.12222203409436,142.48859972634432,141.56748965796743,143.34878825872354,135.1597237839278,134.80339577448865,135.31462193932472,136.01959954851566,135.20453021846964,137.03582243542962,137.98508782924068,136.75236769345736,139.44191293061684,138.00007817529436,136.8048381313161,139.31324174146977
2025-04-04,8.0,130.0932680484121,129.3376923042161,131.12222203409436,142.45142980061965,141.53888641353413,143.30505528172048,135.17222226390686,134.85455415053784,135.30337891796293,136.01959954851566,135.20453021846964,137.03582243542962,137.96041638349507,136.73582988427407,139.42096975896195,137.97647098561416,136.78147498640092,139.29447316196263
2025-04-05,8.0,130.0932680484121,129.3376923042161,131.12222203409436,142.41445425591522,141.51042474282787,143.26155558313354,135.1828319629301,134.89588006347014,135.29568526158897,136.01959954851566,135.20453021846964,137.03582243542962,137.93405053781385,136.71477586101372,139.40010895506708,137.9509114073956,136.75615520549258,139.2750962230328
2025-04-06,8.0,130.0932680484121,129.3376923042161,131.12222203409436,142.3776712080307,141.48206674584472,143.21827492827234,135.19188099433774,134.92823232963872,135.28934633728505,136.01959954851566,135.20453021846964,137.03582243542962,137.906316521337,136.68433051647955,139.37525335481786,137.92379031571576,136.73847745590933,139.25185689308648
2025-04-07,8.0,130.0932680484121,129.3376923042161,131.12222203409436,142.34107738572777,141.4538691500822,143.1752573518096,135.19963312403078,134.96229359495743,135.28371554149817,136.01959954851566,135.20453021846964,137.03582243542962,137.8774748287271,136.65343582755048,139.34994136515763,137.8954177789286,136.71673766280816,139.22438669988247
2025-04-08,8.0,130.0932680484121,129.3376923042161,131.12222203409436,142.30467454322542,141.42316216319009,143.1324510364266,135.20630191755856,134.98960185942002,135.27844536917004,136.01959954851566,135.20453021846964,137.03582243542962,137.8477407797525,136.62217599588553,139.32359242714182,137.86604139655387,136.69483831362206,139.18865526224548
2025-04-09,8.0,130.0932680484121,129.3376923042161,131.12222203409436,142.26846047389637,141.39206548609778,143.0898857821057,135.21206116506235,135.01406621984515,135.27512047866762,136.01959954851566,135.20453021846964,137.03582243542962,137.81728595792728,136.5955283349331,139.29646006957577,137.83585957672148,136.66056776818053,139.15393453083115
2025-04-10,8.0,130.0932680484121,129.3376923042161,131.12222203409436,142.46074393130377,141.55224178013466,143.31191430175912,135.12058389386343,134.73087115636062,135.38131830429154,136.01959954851566,135.20453021846964,137.03582243542962,137.91809214413576,136.69456533960744,139.37587793388238,137.92329476272167,136.72015304791248,139.25532385047822
2025-04-11,8.0,130.0932680484121,129.3376923042161,131.12222203409436,142.4237233368868,141.5237233819309,143.26839125523415,135.14105877847436,134.7968255134815,135.34826751696747,136.01959954851566,135.20453021846964,137.03582243542962,137.90154643432973,136.68263030098214,139.35832073066274,137.91061890421528,136.72819217202442,139.22632308027215
2025-04-12,8.0,130.0932680484121,129.3376923042161,131.12222203409436,142.38689313723998,141.49493726618988,143.22508725243495,134.94597775098813,134.08342581912214,135.57007547987467,136.01959954851566,135.20453021846964,137.03582243542962,137.66963520719668,136.2961704704029,139.2028533505597,137.64937195465833,136.30729690801888,139.09117257793653
2025-04-13,8.0,130.0932680484121,129.3376923042161,131.12222203409436,142.35025608087247,141.46352205735784,143.18201652805186,134.99556227199685,134.2391250429182,135.4957799759046,136.01959954851566,135.20453021846964,137.03582243542962,137.68258267183788,136.35459979759767,139.20844240514276,137.6726056109617,136.36477166447642,139.0931435242025
2025-04-14,8.0,130.0932680484121,129.3376923042161,131.12222203409436,142.31380676217785,141.43223775064692,143.13919464737685,135.03586459567225,134.39399848679042,135.43978816257052,136.01959954851566,135.20453021846964,137.03582243542962,137.68643567681863,136.40553611926563,139.22272810196094,137.68372693679288,136.40548584231215,139.0846340967778
2025-04-15,8.0,130.0932680484121,129.3376923042161,131.12222203409436,142.27754855632253,141.40114107355458,143.09659826247199,135.06880524472487,134.49133946602697,135.38348782521268,136.01959954851566,135.20453021846964,137.03582243542962,137.683118120016,136.43412461702135,139.20339049814018,137.68565535458728,136.44601654447655,139.06669717225415
2025-04-16,8.0,130.0932680484121,129.3376923042161,131.12222203409436,142.24147694835773,141.37017529858335,143.05422092129285,134.89766403144955,133.86366212738147,135.59807626484007,136.01959954851566,135.20453021846964,137.03582243542962,137.4759052987758,136.03033923606841,139.04873954411488,137.45251953267714,136.04178293155485,138.90512727935368
2025-04-17,8.0,130.0932680484121,129.3376923042161,131.12222203409436,142.5101740983957,141.59925156921673,143.36531284702193,134.95352683209106,134.08511392130046,135.51595156481642,136.01959954851566,135.20453021846964,137.03582243542962,137.8004652494553,136.4177236777068,139.34851186401693,137.78860020268334,136.39773112623033,139.2284896693979
2025-04-18,8.0,130.0932680484121,129.3376923042161,131.12222203409436,142.47290040795735,141.57039929913094,143.3214878088685,134.9991679633441,134.21757812384726,135.43885985045122,136.01959954851566,135.20453021846964,137.03582243542962,137.80883269027,136.45640074437185,139.37254848275387,137.80450805344256,136.45771902928928,139.24970758689886
2025-04-19,8.0,130.0932680484121,129.3376923042161,131.12222203409436,142.43581999707138,141.5386088310617,143.2779038317772,135.03667380846164,134.3347534302375,135.39917610894182,136.01959954851566,135.20453021846964,137.03582243542962,137.80925812450155,136.49947783677746,139.36933630619842,137.81043134468493,136.50433844143015,139.2039707107114
2025-04-20,8.0,130.0932680484121,129.3376923042161,131.12222203409436,142.39893188344973,141.50693217538483,143.234553133102,135.0676939670546,134.43870096954166,135.37683249711176,136.01959954851566,135.20453021846964,137.03582243542962,137.80339016947286,136.50974907020122,139.34510529803825,137.80862924857672,136.5207893098004,139.18503206709292
2025-04-21,8.0,130.0932680484121,129.3376923042161,131.12222203409436,142.36223501772034,141.47546023905528,143.19145127813488,135.09351615023024,134.53106366492477,135.3568033821595,136.01959954851566,135.20453021846964,137.03582243542962,137.79251548691911,136.49483571393594,139.3159601564768,137.80079467979013,136.5391599669397,139.16941243891566
2025-04-22,8.0,130.0932680484121,129.3376923042161,131.12222203409436,142.32572901884825,141.44413047886687,143.14855290160153,135.115144617016,134.61273035398432,135.3450032530669,136.01959954851566,135.20453021846964,137.03582243542962,137.7776379548328,136.4801282149567,139.28529927775986,137.78821044436071,136.54797668500464,139.16263614452805
2025-04-23,8.0,130.0932680484121,129.3376923042161,131.12222203409436,142.28941117363405,141.41294871052827,143.11222770463638,135.1333657684141,134.6843695666047,135.3268207421888,136.01959954851566,135.20453021846964,137.03582243542962,137.7595412610167,136.4880792971969,139.2648567380515,137.7718580348151,136.53829153386383,139.12937340177558
2025-04-24,8.0,130.0932680484121,129.3376923042161,131.12222203409436,142.25328412078417,141.38193748207954,143.07662055990164,135.14879965134202,134.72956793672373,135.3127159722692,136.01959954851566,135.20453021846964,137.03582243542962,137.73884809109472,136.4864293809076,139.25199599463392,137.75249850879112,136.5382312509756,139.1037739137963
2025-04-25,8.0,130.0932680484121,129.3376923042161,131.12222203409436,142.21734334593725,141.3511026092294,143.04117353692865,135.16193857929065,134.78891958392944,135.30343221304688,136.01959954851566,135.20453021846964,137.03582243542962,137.71604624419646,136.479729887258,139.23169094152647,137.73072539141995,136.53706651920817,139.08837343327468
2025-04-26,8.0,130.0932680484121,129.3376923042161,131.12222203409436,142.18158843520504,141.31996613983117,143.00589582433318,135.17317645541252,134.8356056589585,135.29578041708982,136.01959954851566,135.20453021846964,137.03582243542962,137.69152920958615,136.46503439156612,139.21013407094176,137.70700691759234,136.5241672254948,139.05200460087894
2025-04-27,8.0,130.0932680484121,129.3376923042161,131.12222203409436,142.14601826199225,141.28894840788195,142.97077045085342,135.18283068571608,134.87422757585648,135.28875241134776,136.01959954851566,135.20453021846964,137.03582243542962,137.6656132666769,136.44856236351316,139.18709046368843,137.6817148405425,136.4974591407312,139.0244314013636
2025-04-28,8.0,130.0932680484121,129.3376923042161,131.12222203409436,142.1106342237207,141.2570727701157,142.93581132487927,134.9563308947693,134.1026154882879,135.54626270654785,136.01959954851566,135.20453021846964,137.03582243542962,137.40372943745854,136.0228626980907,138.94599538210156,137.38513755453263,136.05089463480803,138.82495518589005
2025-04-29,8.0,130.0932680484121,129.3376923042161,131.12222203409436,142.07543379755677,141.22264378051128,142.90074553077264,135.00290051073026,134.28233727143697,135.47428089770378,136.01959954851566,135.20453021846964,137.03582243542962,137.4150986272556,136.0816161506565,138.9618405507064,137.40600080805802,136.10775722959647,138.83367615647765
2025-04-30,8.0,130.0932680484121,129.3376923042161,131.12222203409436,142.04041483934228,141.1883980026124,142.86499861881134,135.04091846437672,134.39824657975015,135.42328307569895,136.01959954851566,135.20453021846964,137.03582243542962,137.41809762268755,136.12298457719717,138.9735920902819,137.41569593267084,136.16626370832947,138.833551719323
2025-05-01,8.0,130.0932680484121,129.3376923042161,131.12222203409436,142.005577338893,141.15436313431843,142.82686283458693,135.0721216920082,134.49170569211023,135.37664762282125,136.01959954851566,135.20453021846964,137.03582243542962,137.41446334986975,136.13811560076692,138.9641012012519,137.4168975611607,136.1768952040313,138.83280924430034
2025-05-02,8.0,130.0932680484121,129.3376923042161,131.12222203409436,141.97092180827443,141.12051147773005,142.78681950848252,135.09790026944506,134.57306844925193,135.35393055992452,136.01959954851566,135.20453021846964,137.03582243542962,137.40558639668802,136.12809977938417,138.94417296983562,137.41157175063015,136.16882808155958,138.82224798645913
2025-05-03,8.0,130.0932680484121,129.3376923042161,131.12222203409436,141.9364447514237,141.08686632612068,142.74698770216617,135.11934233310475,134.65665819514172,135.34132050262048,136.01959954851566,135.20453021846964,137.03582243542962,137.39255140349698,136.14170357851947,138.93726486722804,137.40117964809428,136.1622193625402,138.78822272047574
2025-05-04,8.0,130.0932680484121,129.3376923042161,131.12222203409436,141.9021458361697,141.05338549756937,142.70736741563786,135.13729510267507,134.70378071827795,135.33104143089378,136.01959954851566,135.20453021846964,137.03582243542962,137.37620525781333,136.13847074022948,138.92197768008236,137.38682034306225,136.15819160837157,138.75428386918307
2025-05-05,8.0,130.0932680484121,129.3376923042161,131.12222203409436,141.86802637836536,141.02013446727054,142.66838841898078,134.99179852854442,134.25123845495423,135.48849697057253,136.01959954851566,135.20453021846964,137.03582243542962,137.19658922587834,135.82592990150306,138.76892371408758,137.18477144953354,135.87658693996823,138.62143130630312
2025-05-06,8.0,130.0932680484121,129.3376923042161,131.12222203409436,142.06093558482632,141.2039928572049,142.8892612178568,135.03152018616524,134.3700466874731,135.4330894249012,136.01959954851566,135.20453021846964,137.03582243542962,137.42922008996013,136.1216300204874,138.9912034684975,137.42551565554294,136.16557197601318,138.85169465646933
2025-05-07,8.0,130.0932680484121,129.3376923042161,131.12222203409436,142.02599393688018,141.16985473642143,142.8488953316965,135.06414536526285,134.46625065859374,135.38487507788668,136.01959954851566,135.20453021846964,137.03582243542962,137.42690362111156,136.1389243624519,138.98306951947825,137.4284190923667,136.19002629651104,138.8412792666261
2025-05-08,8.0,130.0932680484121,129.3376923042161,131.12222203409436,141.99123438866198,141.13591871599107,142.80873658885704,135.09109203950288,134.5477600512623,135.35788422065067,136.01959954851566,135.20453021846964,137.03582243542962,137.4190907471334,136.13744960708743,138.96641820977908,137.42440829372822,136.18314775626138,138.83589735968795
2025-05-09,8.0,130.0932680484121,129.3376923042161,131.12222203409436,141.95665387026685,141.1021703118922,142.76878936580567,135.1134919737762,134.63306527099317,135.34437221497618,136.01959954851566,135.20453021846964,137.03582243542962,137.40691016301162,136.1327024223878,138.954581360122,137.41504288841898,136.17249704193233,138.80644446782
2025-05-10,8.0,130.0932680484121,129.3376923042161,131.12222203409436,141.92225334338787,141.06862841277237,142.72916938764715,135.13223366440513,134.6815069319,135.33411167858708,136.01959954851566,135.20453021846964,137.03582243542962,137.39125132676156,136.1461818639162,138.94363438033233,137.40149204853884,136.16333888214143,138.7734057119459
2025-05-11,8.0,130.0932680484121,129.3376923042161,131.12222203409436,141.88803124298212,141.035274129984,142.69525138007288,135.14801265710327,134.74640384807805,135.31972969261554,136.01959954851566,135.20453021846964,137.03582243542962,137.37280821905395,136.12599682156642,138.92827050724063,137.3846433314952,136.16599741281854,138.75367481844287
2025-05-12,8.0,130.0932680484121,129.3376923042161,131.12222203409436,141.8539871549867,141.0021030589012,142.6577297088518,135.16137536310484,134.80609083853975,135.3049577680593,136.01959954851566,135.20453021846964,137.03582243542962,137.35212683706004,136.11237904674275,138.90999214696848,137.3651769904151,136.15953566790517,138.72429935413783
2025-05-13,8.0,130.0932680484121,129.3376923042161,131.12222203409436,141.82011792821635,140.96913849279744,142.61964619601935,135.17275380724348,134.84768200185965,135.29630454865864,136.01959954851566,135.20453021846964,137.03582243542962,137.32963605442836,136.09031454598318,138.89010649172656,137.34362107795909,136.1442600393287,138.7059711438946
2025-05-14,8.0,130.0932680484121,129.3376923042161,131.12222203409436,141.7864257834391,140.93634265437763,142.5817517101421,135.18249207587687,134.87504537916658,135.28986758200844,136.01959954851566,135.20453021846964,137.03582243542962,137.30568217828454,136.0666988618024,138.86852013492302,137.32038855195987,136.12632083345724,138.68394645884106
2025-05-15,8.0,130.0932680484121,129.3376923042161,131.12222203409436,141.75290794951698,140.90374891631092,142.54776010722478,135.190866334921,134.89746788425919,135.2845479120325,136.01959954851566,135.20453021846964,137.03582243542962,137.2805386034065,136.04178451587882,138.84558541481522,137.29580593689383,136.09872606483506,138.65940883458134
2025-05-16,8.0,130.0932680484121,129.3376923042161,131.12222203409436,141.71956274695015,140.87134279457567,142.51663570240825,135.19809973991562,134.92158681258294,135.27915495557303,136.01959954851566,135.20453021846964,137.03582243542962,137.25442680583433,136.01799965475482,138.82158948583762,137.27013370571922,136.08273782615308,138.63325698389897
2025-05-17,8.0,130.0932680484121,129.3376923042161,131.12222203409436,141.99113120766128,141.12989975165715,142.80604090811312,135.20437386382392,134.95417178598512,135.27600667021673,136.01959954851566,135.20453021846964,137.03582243542962,137.53226939045373,136.28806522886023,139.08458227244736,137.54926647857616,136.36941676519558,138.89130784201353
2025-05-18,8.0,130.0932680484121,129.3376923042161,131.12222203409436,141.95655521097086,141.09618912485334,142.77179891980123,135.20983746204797,134.9803944713988,135.27275753930624,136.01959954851566,135.20453021846964,137.03582243542962,137.50315699198737,136.2588595929811,139.05778748982763,137.52042003532924,136.3381080314297,138.86330187772703
2025-05-19,8.0,130.0932680484121,129.3376923042161,131.12222203409436,141.92215787039464,141.0626894076545,142.73444850581637,135.0444177469122,134.436778449817,135.46273339209657,136.01959954851566,135.20453021846964,137.03582243542962,137.3033399362754,136.01456345950504,138.84328277883753,137.29527692426976,136.04094636821694,138.72666919061618
2025-05-20,8.0,130.0932680484121,129.3376923042161,131.12222203409436,141.8879382774444,141.02935401351365,142.69597137378145,135.0771253050588,134.5805412018431,135.40893660785812,136.01959954851566,135.20453021846964,137.03582243542962,137.30182790147174,136.03750562418543,138.84071187727616,137.30054224852645,136.05770563333542,138.72816451042442
2025-05-21,8.0,130.0932680484121,129.3376923042161,131.12222203409436,141.85389698741793,140.9962440129994,142.65768326870176,135.10381680508382,134.66537506903933,135.37580396269522,136.01959954851566,135.20453021846964,137.03582243542962,137.29447811147028,136.03939123653063,138.83846664887918,137.29795749885054,136.06181696779294,138.69334768587402
2025-05-22,8.0,130.0932680484121,129.3376923042161,131.12222203409436,141.82003151583257,140.96327944689563,142.62432528450674,135.07436710771591,134.56466924116063,135.4079503740363,136.01959954851566,135.20453021846964,137.03582243542962,137.23116294251705,135.95551732706915,138.77500129324903,137.23031200418097,135.98573864932166,138.65371376080404
2025-05-23,8.0,130.0932680484121,129.3376923042161,131.12222203409436,141.78634165382292,140.93052138577087,142.59289683724066,135.10117857962277,134.6494459718553,135.36781964764165,136.01959954851566,135.20453021846964,137.03582243542962,137.22428455241425,135.95599637846044,138.78274179021943,137.2279419846141,135.99040352172204,138.6279753180021
2025-05-24,8.0,130.0932680484121,129.3376923042161,131.12222203409436,141.7528275670818,140.89796982962514,142.55931503047202,135.12323964254205,134.7075377524475,135.33999792131277,136.01959954851566,135.20453021846964,137.03582243542962,137.2128315285924,135.94338722377256,138.7770747226925,137.21975336211938,135.9944274736443,138.6159581454516
2025-05-25,8.0,130.0932680484121,129.3376923042161,131.12222203409436,141.71948590633127,140.86558259653745,142.52093910554967,135.14151231862772,134.75953756028855,135.32635618507788,136.01959954851566,135.20453021846964,137.03582243542962,137.19776254392755,135.93273394631137,138.7695162483894,137.20708699830615,135.9855215064868,138.60031501247846
2025-05-26,8.0,130.0932680484121,129.3376923042161,131.12222203409436,141.68631760094686,140.83340186842878,142.48277395768454,135.15675021377825,134.81002581492433,135.31852818224206,136.01959954851566,135.20453021846964,137.03582243542962,137.17983213369368,135.92230192768486,138.75594438652627,137.19094374308955,135.9779461873029,138.570083005759
2025-05-27,8.0,130.0932680484121,129.3376923042161,131.12222203409436,141.6533204401269,140.8038953466083,142.4448227414595,135.1695409322634,134.8629581432029,135.30957384835332,136.01959954851566,135.20453021846964,137.03582243542962,137.15962569135885,135.90856263798543,138.73911613541978,137.17207918311726,135.96379367317886,138.5396657259426
2025-05-28,8.0,130.0932680484121,129.3376923042161,131.12222203409436,141.6204951094475,140.77531823417794,142.40721810756224,135.18034422709906,134.9093536646897,135.298521379887,136.01959954851566,135.20453021846964,137.03582243542962,137.1376036555151,135.89186945034066,138.719831441766,137.15107036898138,135.95641385859125,138.51809592782104
2025-05-29,8.0,130.0932680484121,129.3376923042161,131.12222203409436,141.58783911706894,140.74688741963445,142.3697982679084,135.18952181930533,134.93195092910798,135.28937037626739,136.01959954851566,135.20453021846964,137.03582243542962,137.1141252553428,135.8640769540949,138.69861024803478,137.12836212457472,135.93631698159007,138.4990065769819
2025-05-30,8.0,130.0932680484121,129.3376923042161,131.12222203409436,141.55535349510083,140.71860617210083,142.33257100514393,135.19736056651143,134.9502406126284,135.2840962850512,136.01959954851566,135.20453021846964,137.03582243542962,137.0894783805808,135.83217805873042,138.67606869292706,137.1043017893914,135.90493337813618,138.46818487641295
2025-05-31,8.0,130.0932680484121,129.3376923042161,131.12222203409436,141.5230354049363,140.69049778485055,142.2955436045997,135.20408952782697,134.97198668512627,135.27974963650135,136.01959954851566,135.20453021846964,137.03582243542962,137.0638892517318,135.7996147731984,138.65242704198732,137.07916145211405,135.88298916244264,138.43973577759243
2025-06-01,8.0,130.0932680484121,129.3376923042161,131.12222203409436,141.49088459362625,140.66248583981712,142.2608770081613,135.20989315375297,134.9975827530867,135.27591884761645,136.01959954851566,135.20453021846964,137.03582243542962,137.03754206634775,135.76699975000668,138.62796833947544,137.0531580649121,135.865320745646,138.4205358159492
2025-06-02,8.0,130.0932680484121,129.3376923042161,131.12222203409436,141.45890018450172,140.63467331746355,142.22717221369513,135.2149209188425,135.02461008663747,135.2726498586397,136.01959954851566,135.20453021846964,137.03582243542962,137.01058542231277,135.74793325081336,138.60115802669026,137.02646435335882,135.84371534467184,138.3959179988565
2025-06-03,8.0,130.0932680484121,129.3376923042161,131.12222203409436,141.42708259021248,140.60695723732684,142.19335480464238,135.21929475583647,135.04467884912015,135.2703255771012,136.01959954851566,135.20453021846964,137.03582243542962,136.9831416650175,135.72765853702435,138.57126465283682,136.99921972161943,135.82547907965954,138.37129326858854
2025-06-04,8.0,130.0932680484121,129.3376923042161,131.12222203409436,141.39542795858503,140.5793907242,142.15879404934373,135.22311483378365,135.06289334629938,135.26817149631478,136.01959954851566,135.20453021846964,137.03582243542962,136.95530711133725,135.70632168607295,138.5545544948826,136.97153689027468,135.79482066829016,138.34761080410823
2025-06-05,8.0,130.0932680484121,129.3376923042161,131.12222203409436,141.36393854469472,140.55199707135654,142.12403358776533,135.22646383740405,135.07954182682508,135.26651261672114,136.01959954851566,135.20453021846964,137.03582243542962,136.9271667010673,135.68292844348048,138.54647850095293,136.9435083143331,135.76762686383293,138.318968827698
2025-06-06,8.0,130.0932680484121,129.3376923042161,131.12222203409436,141.3326127081135,140.52473537793517,142.08842893290398,135.229410469625,135.0947599790401,135.2649377925924,136.01959954851566,135.20453021846964,137.03582243542962,136.89878749670703,135.6532018564746,138.52692068111392,136.91520937255504,135.73599611436356,138.2894281385043
2025-06-07,8.0,130.0932680484121,129.3376923042161,131.12222203409436,141.30144803751122,140.49501531073722,142.0529862449122,135.23201194776985,135.1083032802689,135.26368359047083,136.01959954851566,135.20453021846964,137.03582243542962,136.8702243042496,135.62305946354533,138.49660390064355,136.88670255459732,135.70453245634016,138.25983283522606
2025-06-08,8.0,130.0932680484121,129.3376923042161,131.12222203409436,141.27044568605416,140.46491202757608,142.01774345788897,135.23431632961817,135.11889596779457,135.2627972858187,136.01959954851566,135.20453021846964,137.03582243542962,136.84152633464086,135.59662546416334,138.46625992830528,136.85803962478153,135.67282089185204,138.23018499181583
2025-06-09,8.0,130.0932680484121,129.3376923042161,131.12222203409436,141.23960353262402,140.43497678907718,141.9826854961078,135.23636402600147,135.12873484290418,135.26212562121322,136.01959954851566,135.20453021846964,137.03582243542962,136.81273187759405,135.5723096482223,138.43586790212328,136.82926364606442,135.63947055916904,138.20051087833966
2025-06-10,8.0,130.0932680484121,129.3376923042161,131.12222203409436,141.20892056929517,140.40523288851398,141.94778171855017,135.23818922480373,135.13787404426262,135.26160086376817,136.01959954851566,135.20453021846964,137.03582243542962,136.78387411306747,135.5441954485522,138.40550871909088,136.80041070501764,135.61190759115306,138.17248624847997
2025-06-11,8.0,130.0932680484121,129.3376923042161,131.12222203409436,141.17839722428764,140.375657032613,141.91424489839775,134.93989422235833,134.0254732585539,135.6113164169336,136.01959954851566,135.20453021846964,137.03582243542962,136.45505576561456,134.9851598693004,138.03827912931774,136.42635639246726,135.06204543885835,137.91234546835324
2025-06-12,8.0,130.0932680484121,129.3376923042161,131.12222203409436,141.1480325073651,140.34624922137425,141.88256852863117,134.99174980884703,134.195289703439,135.51336972608553,136.01959954851566,135.20453021846964,137.03582243542962,136.47654663518068,135.08847048126412,138.04809731978648,136.45957835990174,135.15654480460339,137.92542879079195
2025-06-13,8.0,130.0932680484121,129.3376923042161,131.12222203409436,141.11782390296844,140.31701311510284,141.85104561612417,135.03369443962265,134.36493635823098,135.4593946599686,136.01959954851566,135.20453021846964,137.03582243542962,136.48828266155965,135.10025553342544,138.0742264500969,136.47952593248584,135.19691449200286,137.9315258657105
2025-06-14,8.0,130.0932680484121,129.3376923042161,131.12222203409436,141.08777150317601,140.28794505349364,141.8196783891487,135.06779519659028,134.51948821211403,135.4040209633791,136.01959954851566,135.20453021846964,137.03582243542962,136.49233101873486,135.12763139728992,138.08607421062231,136.48945847877772,135.23406801334335,137.93008115034516
2025-06-15,8.0,130.0932680484121,129.3376923042161,131.12222203409436,141.05787566009647,140.2586385785989,141.78845683678685,135.0957020664107,134.6052289742577,135.36411058232432,136.01959954851566,135.20453021846964,137.03582243542962,136.49034204547573,135.13948714026668,138.06291605672453,136.49175448821035,135.2506617493935,137.9303297481274
2025-06-16,8.0,130.0932680484121,129.3376923042161,131.12222203409436,141.02813385510328,140.22841485270197,141.75721781018825,135.1186995489303,134.67878108766266,135.34672467418363,136.01959954851566,135.20453021846964,137.03582243542962,136.48359772300213,135.1379138882699,138.05158696003969,136.4881685651242,135.2504105557139,137.90593038737285
2025-06-17,8.0,130.0932680484121,129.3376923042161,131.12222203409436,141.17938206294914,140.3752154578365,141.91454878031854,135.13778104873498,134.74366199676155,135.3319563119269,136.01959954851566,135.20453021846964,137.03582243542962,136.6539274306527,135.3298438864277,138.22701660670282,136.6614957918178,135.44222292326384,138.06068223030715
2025-06-18,8.0,130.0932680484121,129.3376923042161,131.12222203409436,141.14901217540444,140.34578801362937,141.88287241055195,135.15371629858265,134.8034774511089,135.32091448573703,136.01959954851566,135.20453021846964,137.03582243542962,136.63949279295565,135.3132399130624,138.22743178862373,136.6488163843361,135.44411308216374,138.03619922013198
2025-06-19,8.0,130.0932680484121,129.3376923042161,131.12222203409436,141.3554240011735,140.5442534863441,142.1121590555287,135.16710512404714,134.83997170352575,135.31118074352653,136.01959954851566,135.20453021846964,137.03582243542962,136.85929344418918,135.56821477629444,138.46665902552814,136.87071273470622,135.67504085069078,138.26265755863636
2025-06-20,8.0,130.0932680484121,129.3376923042161,131.12222203409436,141.32414388664196,140.514024895943,142.07660838962386,135.178418204192,134.8811606574078,135.29910227863547,136.01959954851566,135.20453021846964,137.03582243542962,136.8393264098025,135.54643351883638,138.44840907555982,136.85174109725642,135.64509698511606,138.2273913776942
2025-06-21,8.0,130.0932680484121,129.3376923042161,131.12222203409436,141.29302429848235,140.48384383631793,142.04123476631509,135.18802791791074,134.92565106448146,135.29206288574915,136.01959954851566,135.20453021846964,137.03582243542962,136.81781653536166,135.52632927123605,138.42887873397862,136.83098744061294,135.62400302084745,138.21048105969632
2025-06-22,8.0,130.0932680484121,129.3376923042161,131.12222203409436,141.2620660523283,140.45382274533537,142.00604596824837,135.19623106887443,134.96395009938828,135.28633787586008,136.01959954851566,135.20453021846964,137.03582243542962,136.79506144017128,135.50439818698092,138.407955688732,136.80880734633436,135.60824526742854,138.1933923817768
2025-06-23,8.0,130.0932680484121,129.3376923042161,131.12222203409436,141.2312691110611,140.42395372635175,141.97104199542372,135.20326597478947,134.98818044144622,135.28161773023362,136.01959954851566,135.20453021846964,137.03582243542962,136.7712994048191,135.48096651805523,138.38460245166505,136.78548209489708,135.59005034320427,138.16658654471505
2025-06-24,8.0,130.0932680484121,129.3376923042161,131.12222203409436,141.2006312047964,140.39427238499877,141.93822554641852,135.17241224606548,134.89550135867887,135.31699941893416,136.01959954851566,135.20453021846964,137.03582243542962,136.70980776983043,135.40666204123704,138.28784263381624,136.71896061445727,135.523546419893,138.11747742163686
2025-06-25,8.0,130.0932680484121,129.3376923042161,131.12222203409436,141.17015163704895,140.36475908830798,141.90644464354025,135.14315214153075,134.81778803731015,135.34684092189522,136.01959954851566,135.20453021846964,137.03582243542962,136.65006809754826,135.32390542482864,138.20115292536,136.65474796516693,135.4489581533904,138.04972899542884
2025-06-26,8.0,130.0932680484121,129.3376923042161,131.12222203409436,141.29620130236182,140.48498321187893,142.04303235593383,135.1594586588979,134.85813264772537,135.32618959927376,136.01959954851566,135.20453021846964,137.03582243542962,136.79242428022826,135.48816440071707,138.37464522563164,136.80044614080228,135.6017066480063,138.18090649594384
2025-06-27,8.0,130.0932680484121,129.3376923042161,131.12222203409436,141.26522702473733,140.454942487928,142.0078357752211,135.1729353946483,134.89732263319715,135.3102632612792,136.01959954851566,135.20453021846964,137.03582243542962,136.7749267383542,135.4748783093367,138.37029748609646,136.78489082419378,135.58708873892388,138.17918511530468
2025-06-28,8.0,130.0932680484121,129.3376923042161,131.12222203409436,141.42990416106528,140.6089588088486,142.1937553934634,135.12929572331478,134.76929687320657,135.362190790099,136.01959954851566,135.20453021846964,137.03582243542962,136.8959642033486,135.60053444624194,138.45458312946218,136.8998614148548,135.68159170643324,138.30210206270425
2025-06-29,8.0,130.0932680484121,129.3376923042161,131.12222203409436,141.39823806211402,140.58130532589615,142.15769943504327,135.14787565190986,134.82487783556803,135.33518146079035,136.01959954851566,135.20453021846964,137.03582243542962,136.88287803299244,135.5923114197246,138.46713618885568,136.88990747404006,135.693597057454,138.27191775689406
2025-06-30,8.0,130.0932680484121,129.3376923042161,131.12222203409436,141.366736610185,140.55130213144446,142.12189487921336,135.16319327400004,134.86538062527052,135.315116922846,136.01959954851566,135.20453021846964,137.03582243542962,136.8666942031536,135.57266936823473,138.4655311277114,136.8759626106197,135.68018335436975,138.24524741806732
2025-07-01,8.0,130.0932680484121,129.3376923042161,131.12222203409436,141.55831473877944,140.7206089656853,142.33130918514692,135.17589962613113,134.9030043639297,135.30615194907304,136.01959954851566,135.20453021846964,137.03582243542962,137.0709786838791,135.81092627728887,138.66953266098014,137.08263038570607,135.88994865597456,138.45068901247075
2025-07-02,8.0,130.0932680484121,129.3376923042161,131.12222203409436,141.52598503768124,140.69247074691546,142.29728390122523,135.18651022790567,134.9431323056397,135.30074500419812,136.01959954851566,135.20453021846964,137.03582243542962,137.04925958455544,135.78249312866987,138.6523253989043,137.06210915353495,135.8750981185447,138.4311081348708
2025-07-03,8.0,130.0932680484121,129.3376923042161,131.12222203409436,141.674352988352,140.82146904542384,142.46169827796328,135.1954291664105,134.9803407785654,135.2933894777901,136.01959954851566,135.20453021846964,137.03582243542962,137.20654647373107,135.94636948820602,138.8037670632511,137.22095771979258,136.0314854804815,138.5817579761342
2025-07-04,8.0,130.0932680484121,129.3376923042161,131.12222203409436,141.64142436091092,140.7928388082005,142.4238507505915,135.20297306901833,135.0073867972768,135.28592300956626,136.01959954851566,135.20453021846964,137.03582243542962,137.1811617488978,135.92152443531506,138.78107225977456,137.19623185780233,136.00302559710758,138.55563930869306
2025-07-05,8.0,130.0932680484121,129.3376923042161,131.12222203409436,141.60866458433074,140.76430828231707,142.3862692722628,135.2093913955649,135.02160122195986,135.279656952395,136.01959954851566,135.20453021846964,137.03582243542962,137.1548202988642,135.8895196635214,138.75708108115614,137.1703835604437,135.98728768450164,138.54355438702507
2025-07-06,8.0,130.0932680484121,129.3376923042161,131.12222203409436,141.57607558298142,140.73595061671696,142.34950339574416,135.21488188668556,135.03587142173927,135.27605963869053,136.01959954851566,135.20453021846964,137.03582243542962,137.1277217886355,135.85597510479073,138.73212334972334,137.14365165388745,135.95810385341474,138.5085695723159
2025-07-07,8.0,130.0932680484121,129.3376923042161,131.12222203409436,141.54365427733487,140.7077392490037,142.31539409813558,135.21960265926037,135.05297683548454,135.27309387901295,136.01959954851566,135.20453021846964,137.03582243542962,137.10002125556377,135.83025830689388,138.71848826613274,137.11622454884565,135.92829375778123,138.4850675417098
2025-07-08,8.0,130.0932680484121,129.3376923042161,131.12222203409436,141.5114024231783,140.6796508859038,142.28158766638524,135.22368095080577,135.07414671178847,135.27032312155686,136.01959954851566,135.20453021846964,137.03582243542962,137.07184769295262,135.80843964725435,138.70731158029696,137.08825059878245,135.9058423915508,138.4512835455429
2025-07-09,8.0,130.0932680484121,129.3376923042161,131.12222203409436,141.47931675174027,140.65173538308727,142.24753332846743,135.22721996610375,135.09164699003858,135.26838193440642,136.01959954851566,135.20453021846964,137.03582243542962,137.04330103681255,135.7852835600988,138.67703789222315,137.05984914584232,135.87652817797854,138.423333577976
2025-07-10,8.0,130.0932680484121,129.3376923042161,131.12222203409436,141.4473971309588,140.62380355770398,142.21114583002077,135.23030392329446,135.10590511758494,135.26662565248762,136.01959954851566,135.20453021846964,137.03582243542962,137.0144653732218,135.75711376707926,138.6465318526135,137.03111601067167,135.84746007344543,138.395689864073
2025-07-11,8.0,130.0932680484121,129.3376923042161,131.12222203409436,141.41564340463472,140.59374011190883,142.17495092838314,135.23300204801626,135.11890403833388,135.26518599016194,136.01959954851566,135.20453021846964,137.03582243542962,136.98540977161952,135.72967607247037,138.6159135892826,137.00212865671273,135.81797918321772,138.3676327422896
2025-07-12,8.0,130.0932680484121,129.3376923042161,131.12222203409436,141.3840536359084,140.56314821302126,142.1390622370486,135.04504261077335,134.39403721654517,135.48265822338055,136.01959954851566,135.20453021846964,137.03582243542962,136.7658605656503,135.41416817397786,138.32893336969238,136.75396923102144,135.50958456422936,138.20477077693346
2025-07-13,8.0,130.0932680484121,129.3376923042161,131.12222203409436,141.35262858688384,140.53268958512345,142.1033500938397,135.07908447316478,134.5434194563752,135.42298437386765,136.01959954851566,135.20453021846964,137.03582243542962,136.76847737901716,135.44194629030892,138.34510375688438,136.76404367720536,135.5229388416591,138.20377044047368
2025-07-14,8.0,130.0932680484121,129.3376923042161,131.12222203409436,141.32136478769434,140.50239496402662,142.0678456342454,135.10669781850171,134.6797231622848,135.38733174063682,136.01959954851566,135.20453021846964,137.03582243542962,136.7648269251646,135.4380399134847,138.3447691324695,136.76561304778073,135.53699334769755,138.18032648053972
2025-07-15,8.0,130.0932680484121,129.3376923042161,131.12222203409436,141.49285086062596,140.66340446956914,142.26178754685466,135.12921399653078,134.7557190346523,135.35076942883663,136.01959954851566,135.20453021846964,137.03582243542962,136.9588291761253,135.6559908181617,138.5348639735164,136.96406128623298,135.7404594677052,138.37150550306896
2025-07-16,8.0,130.0932680484121,129.3376923042161,131.12222203409436,141.46086135563428,140.63536234914102,142.22534661812455,135.14769641381866,134.81233096371096,135.32827826107695,136.01959954851566,135.20453021846964,137.03582243542962,136.94532208842148,135.65126698457584,138.5386074976468,136.95327039374925,135.75053023576186,138.33753277721752
2025-07-17,8.0,130.0932680484121,129.3376923042161,131.12222203409436,141.53570789288793,140.7006086537896,142.30412966565336,135.09357839043437,134.63380244213144,135.40075590415015,136.01959954851566,135.20453021846964,137.03582243542962,136.96605060229084,135.65189223227756,138.5400750539212,136.9661751754771,135.7295643726308,138.3836208427081
2025-07-18,8.0,130.0932680484121,129.3376923042161,131.12222203409436,141.5034979102511,140.67250506779484,142.27037634511717,135.11797158818848,134.71001723738084,135.35829051558028,136.01959954851566,135.20453021846964,137.03582243542962,136.95823381740814,135.64798601794612,138.53298176604676,136.96249314367256,135.73037895207142,138.3714024967576
2025-07-19,8.0,130.0932680484121,129.3376923042161,131.12222203409436,141.63066649254054,140.783163117346,142.40763987178957,135.13803380298222,134.77176506805907,135.33360434212892,136.01959954851566,135.20453021846964,137.03582243542962,137.10546461449132,135.82831544427734,138.70724195185167,137.11331932704002,135.90966185174892,138.5111018684128
2025-07-20,8.0,130.0932680484121,129.3376923042161,131.12222203409436,141.59796422021356,140.75467917800947,142.37152628378,135.15463324216802,134.82223463845787,135.3210505253055,136.01959954851566,135.20453021846964,137.03582243542962,137.08936178135014,135.81456178257298,138.70049448974822,137.09938458236098,135.89627994927082,138.48441493796548
2025-07-21,8.0,130.0932680484121,129.3376923042161,131.12222203409436,141.5654323364233,140.72636809895627,142.33580774603126,135.1684558267572,134.8721014682925,135.31142722336833,136.01959954851566,135.20453021846964,137.03582243542962,137.07065248214903,135.79789940081463,138.6861613885174,137.08227527303774,135.8868719473261,138.4550581392336
2025-07-22,8.0,130.0932680484121,129.3376923042161,131.12222203409436,141.53306879576334,140.69816120676356,142.30042874398387,135.1800387988244,134.90177298737999,135.30529130252006,136.01959954851566,135.20453021846964,137.03582243542962,137.0498719135563,135.77846985807042,138.6685401180282,137.06268528293265,135.86785808836083,138.43128718610998
2025-07-23,8.0,130.0932680484121,129.3376923042161,131.12222203409436,141.5008723639265,140.6691886961938,142.26652625601517,135.18980337999017,134.9411980898592,135.29537196053406,136.01959954851566,135.20453021846964,137.03582243542962,137.0274400628852,135.74941684354306,138.6487889654707,137.04114473817486,135.84584294348915,138.41792885755953
2025-07-24,8.0,130.0932680484121,129.3376923042161,131.12222203409436,141.4688441044943,140.638169695753,142.23042276266767,135.19808140319597,134.97857825307887,135.28722375784443,136.01959954851566,135.20453021846964,137.03582243542962,137.00368982665884,135.71889096021116,138.62662345815252,137.0180621304509,135.8256734781478,138.39141683044622
2025-07-25,8.0,130.0932680484121,129.3376923042161,131.12222203409436,141.43698077275008,140.60732472874753,142.19411686027098,135.2051361504006,135.00914923362458,135.28231848692454,136.01959954851566,135.20453021846964,137.03582243542962,136.9788812421192,135.687288662396,138.60028032257352,136.99375592003196,135.7973741878351,138.3674370994298
2025-07-26,8.0,130.0932680484121,129.3376923042161,131.12222203409436,141.4052822951134,140.57666470161007,142.15801473631703,135.21117794011394,135.02742810483593,135.27827591334133,136.01959954851566,135.20453021846964,137.03582243542962,136.9532245541959,135.6608832728282,138.57311700792485,136.9684769631656,135.7723825753562,138.34562879676184
2025-07-27,8.0,130.0932680484121,129.3376923042161,131.12222203409436,141.3737486549999,140.54609655039897,142.12210520917208,135.21637608817,135.0407421053119,135.27469252482524,136.01959954851566,135.20453021846964,137.03582243542962,136.92688906213846,135.64176458960162,138.55184713139045,136.94242350142952,135.7437248369064,138.32217999760522
2025-07-28,8.0,130.0932680484121,129.3376923042161,131.12222203409436,141.3423784817989,140.51569644385012,142.08639946046986,135.22086777688412,135.05397069251404,135.2713672728457,136.01959954851566,135.20453021846964,137.03582243542962,136.90001057765156,135.62124077885434,138.53863686827208,136.91575447791183,135.72448830456608,138.3009524016589
2025-07-29,8.0,130.0932680484121,129.3376923042161,131.12222203409436,141.31117043374132,140.48548401493187,142.05090616896226,135.22476489887313,135.07290741272118,135.2695106959686,136.01959954851566,135.20453021846964,137.03582243542962,136.872699651583,135.59945685192093,138.50931250695953,136.88859740114162,135.7001713488606,138.27378846211877
2025-07-30,8.0,130.0932680484121,129.3376923042161,131.12222203409436,141.2801234200788,140.45544329098095,142.01698924072957,135.2281593184824,135.09057614170732,135.26746816304208,136.01959954851566,135.20453021846964,137.03582243542962,136.84504705752974,135.57448391054297,138.47971565133028,136.86105568046563,135.67083860797862,138.2466653103127
2025-07-31,8.0,130.0932680484121,129.3376923042161,131.12222203409436,141.2492368097407,140.4255939049657,141.98498641377802,135.2311267835043,135.10504478005709,135.26587926351124,136.01959954851566,135.20453021846964,137.03582243542962,136.81712791221352,135.54553120608367,138.44996604385864,136.8332136804779,135.64251588200182,138.21195425734373
2025-08-01,8.0,130.0932680484121,129.3376923042161,131.12222203409436,141.21851110574076,140.39588927033924,141.95316473113937,135.23373017184446,135.1181263582041,135.2644568545547,136.01959954851566,135.20453021846964,137.03582243542962,136.78900559655375,135.52227127773395,138.42018231022743,136.8051406736419,135.6096752577306,138.1788926879913
2025-08-02,8.0,130.0932680484121,129.3376923042161,131.12222203409436,141.40123376423668,140.5713990810616,142.15261169075967,135.23602190546794,135.13008269750716,135.26329972240146,136.01959954851566,135.20453021846964,137.03582243542962,136.97401998867318,135.71368765720086,138.6060503367738,136.9909105895385,135.80810640850044,138.35754227168343
2025-08-03,8.0,130.0932680484121,129.3376923042161,131.12222203409436,141.36972250675166,140.54087019578728,142.11673446957332,135.238045865527,135.14101145796977,135.26250407558402,136.01959954851566,135.20453021846964,137.03582243542962,136.94453269124722,135.68387562937545,138.57511604271437,136.96142968490372,135.7731762078758,138.3291699091083
2025-08-04,8.0,130.0932680484121,129.3376923042161,131.12222203409436,141.33837322432228,140.51051301548023,142.08104280375437,135.17830996233303,134.9640788020371,135.3320619419147,136.01959954851566,135.20453021846964,137.03582243542962,136.85344750562388,135.5479296113221,138.45408401345344,136.86111698978064,135.67972348995158,138.25752867391265
2025-08-05,8.0,130.0932680484121,129.3376923042161,131.12222203409436,141.30718516198266,140.48032387983545,142.04598146717532,135.1902008700483,135.00288426384492,135.31241125685804,136.01959954851566,135.20453021846964,137.03582243542962,136.83415035099952,135.5343975778018,138.44271615333864,136.8441903744975,135.6538907514391,138.22905607029625
2025-08-06,8.0,130.0932680484121,129.3376923042161,131.12222203409436,141.409856416563,140.5776899396659,142.1606033531976,135.19992828013704,135.02954772605483,135.3004463329757,136.01959954851566,135.20453021846964,137.03582243542962,136.9465490156686,135.65776794102217,138.57200081017854,136.95879638856067,135.76447321154387,138.33306340941343
2025-08-07,8.0,130.0932680484121,129.3376923042161,131.12222203409436,141.37829977884454,140.54709849518133,142.12465447865242,135.20793172404555,135.05513280251375,135.28850953292357,136.01959954851566,135.20453021846964,137.03582243542962,136.92299582185862,135.63949826540562,138.55277871725673,136.93640793026174,135.7403979404454,138.30730422708567
2025-08-08,8.0,130.0932680484121,129.3376923042161,131.12222203409436,141.5654941989687,140.72588929081334,142.3363925173059,135.21456303494014,135.07741530657617,135.2837508421302,136.01959954851566,135.20453021846964,137.03582243542962,137.11682155287738,135.83784873910074,138.75510942390477,137.1318137090004,135.94231270935933,138.49942136749738
2025-08-09,8.0,130.0932680484121,129.3376923042161,131.12222203409436,141.53313094471994,140.69521637350067,142.30101351525852,135.22009745885168,135.0948600101579,135.2803091515219,136.01959954851566,135.20453021846964,137.03582243542962,137.0899927225402,135.81583408901832,138.72663585412786,137.10558345848617,135.9189882782256,138.4665499104645
2025-08-10,8.0,130.0932680484121,129.3376923042161,131.12222203409436,141.5009374764071,140.6640313216596,142.2635294661338,135.22474908410234,135.10439149761208,135.27651462735636,136.01959954851566,135.20453021846964,137.03582243542962,137.062450879478,135.78915971369437,138.69757009863417,137.07846898893686,135.8936217642525,138.44058540683162
2025-08-11,8.0,130.0932680484121,129.3376923042161,131.12222203409436,141.46891052717046,140.63305582957761,142.22707031432833,135.22868484653904,135.1161016733512,135.27330872777037,136.01959954851566,135.20453021846964,137.03582243542962,137.03435969267804,135.76158853940132,138.66805257947945,137.0506819133938,135.86409821973342,138.41244187035747
2025-08-12,8.0,130.0932680484121,129.3376923042161,131.12222203409436,141.70213885914342,140.84498782663286,142.48700193162006,135.2320357148129,135.12689120882186,135.26975264094813,136.01959954851566,135.20453021846964,137.03582243542962,137.27093889292487,136.00435815412303,138.90618888181265,137.28832294911084,136.10612115754,138.65130451922673
2025-08-13,8.0,130.0932680484121,129.3376923042161,131.12222203409436,141.669070545409,140.81618146000312,142.45054318032803,135.23490522414832,135.13996862611506,135.26759498633274,136.01959954851566,135.20453021846964,137.03582243542962,137.24074008852585,135.97658356548084,138.87478502597733,137.25826493043482,136.07116095373476,138.6144310250372
2025-08-14,8.0,130.0932680484121,129.3376923042161,131.12222203409436,141.8765512548556,140.99662305577596,142.6850829072413,135.23737585113332,135.152993465632,135.2660724845198,136.01959954851566,135.20453021846964,137.03582243542962,137.45069142495748,136.20282936068142,139.08617260190843,137.46911176193157,136.28284251838926,138.83177710723436
2025-08-15,8.0,130.0932680484121,129.3376923042161,131.12222203409436,141.84258151639136,140.96705209906946,142.64605352682233,135.23951385113565,135.1620848911678,135.2648227192298,136.01959954851566,135.20453021846964,137.03582243542962,137.41885968649555,136.17199844880605,139.0533503815624,137.4373256532277,136.24887449349703,138.79831249976436
2025-08-16,8.0,130.0932680484121,129.3376923042161,131.12222203409436,141.90597639545223,141.02279276775272,142.71860174368152,135.24137282671447,135.17030661890846,135.26370780684329,136.01959954851566,135.20453021846964,137.03582243542962,137.4841135411353,136.24160612841845,139.11598346504215,137.50310560905433,136.31420503665865,138.8580112247023
2025-08-17,8.0,130.0932680484121,129.3376923042161,131.12222203409436,141.87185491286215,140.99245887601128,142.6784283135316,135.24299644784782,135.17782107950273,135.26280340750378,136.01959954851566,135.20453021846964,137.03582243542962,137.4516156796785,136.20560556115683,139.08383745381207,137.47059712192822,136.2795412006767,138.82457426993335
2025-08-18,8.0,130.0932680484121,129.3376923042161,131.12222203409436,141.83790843082255,140.96288791930476,142.63916694834657,135.20294589001765,135.05412422331761,135.30852092376568,136.01959954851566,135.20453021846964,137.03582243542962,137.37761863980876,136.0964653399339,139.00840895977692,137.39036558428276,136.2047954658681,138.76981016949438
2025-08-19,8.0,130.0932680484121,129.3376923042161,131.12222203409436,142.06123269458578,141.1696137521398,142.89877606129016,135.2111406160172,135.08316756270813,135.2957000465979,136.01959954851566,135.20453021846964,137.03582243542962,137.60913762957153,136.32810866967577,139.23937325048868,137.6242996562988,136.4420279880116,138.98835499628123
2025-08-20,8.0,130.0932680484121,129.3376923042161,131.12222203409436,142.02630733303425,141.1356821363354,142.8576218183495,135.21784852622724,135.102045434493,135.2874294823702,136.01959954851566,135.20453021846964,137.03582243542962,137.58092017823006,136.30708132158998,139.21321220546966,137.59715382512996,136.41289379352304,138.9652276597741
2025-08-21,8.0,130.0932680484121,129.3376923042161,131.12222203409436,142.12478017661334,141.2299962997122,142.97452723787003,135.2233711581805,135.12012296813214,135.27904410327986,136.01959954851566,135.20453021846964,137.03582243542962,137.68491565376237,136.41930271385303,139.31262856931468,137.70248960968308,136.5214988089771,139.06061081275726
2025-08-22,8.0,130.0932680484121,129.3376923042161,131.12222203409436,142.08952674868996,141.19571274451826,142.93296349180252,135.2279498690673,135.13339987952375,135.2759259445012,136.01959954851566,135.20453021846964,137.03582243542962,137.6542409367258,136.39476734764867,139.2826669600389,137.67233214220187,136.4898005869172,139.0405439389367
2025-08-23,8.0,130.0932680484121,129.3376923042161,131.12222203409436,142.27882366706797,141.37622614301117,143.15413546670277,135.23177353490308,135.14486779538473,135.2737078028718,136.01959954851566,135.20453021846964,137.03582243542962,137.8473615209396,136.59784730116579,139.4723147656941,137.86660246985778,136.6760628900714,139.214032837299
2025-08-24,8.0,130.0932680484121,129.3376923042161,131.12222203409436,142.24277324021233,141.3411165679011,143.11174734486374,135.23498916631158,135.15280643417782,135.27107283593034,136.01959954851566,135.20453021846964,137.03582243542962,137.81452672549244,136.5651918803325,139.44022977511227,137.8340073462663,136.64819560408057,139.18375658625786
2025-08-25,8.0,130.0932680484121,129.3376923042161,131.12222203409436,142.20690913752642,141.3061713158491,143.0694606047931,135.23771146566514,135.16093947632888,135.26872037825044,136.01959954851566,135.20453021846964,137.03582243542962,137.78138492216013,136.53442078027587,139.40779121021242,137.8010212591092,136.61693339598418,139.16050342996104
2025-08-26,8.0,130.0932680484121,129.3376923042161,131.12222203409436,142.17123105830282,141.27145586204958,143.02737611050804,135.24003050885696,135.16902903732466,135.26629499201863,136.01959954851566,135.20453021846964,137.03582243542962,137.74802588612832,136.5029985929035,139.37511703801422,137.7677556543022,136.57127567565342,139.12578615513436
2025-08-27,8.0,130.0932680484121,129.3376923042161,131.12222203409436,142.13573886759698,141.2369236199556,142.98552924015803,135.2420175284969,135.17747131222816,135.26487131381242,136.01959954851566,135.20453021846964,137.03582243542962,137.71452071506243,136.470911904426,139.34222081404295,137.7342962372442,136.52964564035955,139.09115252972828
2025-08-28,8.0,130.0932680484121,129.3376923042161,131.12222203409436,142.314017551836,141.40699784341788,143.19379088002927,135.2437293244051,135.1864199456408,135.2638150342086,136.01959954851566,135.20453021846964,137.03582243542962,137.89451119520965,136.64403006528448,139.51853815822435,137.91506960921146,136.72538196628216,139.26644300156272
2025-08-29,8.0,130.0932680484121,129.3376923042161,131.12222203409436,142.27778671045868,141.37170505660228,143.1514456256127,135.2452115305754,135.1931343278575,135.26294792057374,136.01959954851566,135.20453021846964,137.03582243542962,137.85976256000262,136.60937020092652,139.48448618231077,137.88030210325334,136.69613342787483,139.2314699392515
2025-08-30,8.0,130.0932680484121,129.3376923042161,131.12222203409436,142.24174389246113,141.33659548149222,143.1089368418674,135.24650108714923,135.19871424168906,135.26214335840532,136.01959954851566,135.20453021846964,137.03582243542962,137.82500929857892,136.57482828306115,139.45040307075595,137.84550922041151,136.65436609692034,139.20112870436296
2025-08-31,8.0,130.0932680484121,129.3376923042161,131.12222203409436,142.20588614851047,141.30169241136122,143.06665516289573,135.2476281065728,135.2038143688414,135.26154638403747,136.01959954851566,135.20453021846964,137.03582243542962,137.7902785740518,136.54040370103587,139.4163072585835,137.8107250523184,136.62238353596211,139.17435190263728
2025-09-01,8.0,130.0932680484121,129.3376923042161,131.12222203409436,142.17021578923487,141.2669958462092,143.02458079080859,135.24861728499778,135.20839277542166,135.26101278414035,136.01959954851566,135.20453021846964,137.03582243542962,137.75559739320119,136.50593406344393,139.38228401724024,137.7759770124792,136.59002697222243,139.13443937660443
2025-09-02,8.0,130.0932680484121,129.3376923042161,131.12222203409436,142.34941495455942,141.43793827150856,143.2335091032771,135.24948900635172,135.21193318432466,135.26056638925638,136.01959954851566,135.20453021846964,137.03582243542962,137.9356682798797,136.6802807104859,139.55864797155033,137.9567463513,136.77438711520446,139.3174304343584
2025-09-03,8.0,130.0932680484121,129.3376923042161,131.12222203409436,142.3130015357191,141.40245786836147,143.19113136455513,135.2502601997193,135.2152218329065,135.26019159707553,136.01959954851566,135.20453021846964,137.03582243542962,137.90002605440694,136.64297577231142,139.5237355603342,137.9210175710876,136.7371294558658,139.29064810209255
2025-09-04,8.0,130.0932680484121,129.3376923042161,131.12222203409436,142.49422801171409,141.5753054250189,143.3823049960942,135.25094497500484,135.21827697366948,135.25989353782546,136.01959954851566,135.20453021846964,137.03582243542962,138.08193730568746,136.83368365716154,139.69868964592507,138.10362332163595,136.9251491573023,139.45532062804867
2025-09-05,8.0,130.0932680484121,129.3376923042161,131.12222203409436,142.45706678230147,141.53906007252425,143.34706949402712,135.25155516498512,135.22111519724572,135.25969354676974,136.01959954851566,135.20453021846964,137.03582243542962,138.04538626625515,136.79571224150965,139.66622722448093,138.06697084304201,136.88458444231563,139.42300429898899
2025-09-06,8.0,130.0932680484121,129.3376923042161,131.12222203409436,142.61790199652043,141.692544693794,143.51514649914228,135.25210073955714,135.2238100433929,135.25953095007475,136.01959954851566,135.20453021846964,137.03582243542962,138.20676705504613,136.95810363066335,139.80864572256272,138.2289984489805,137.05248514459007,139.5693762674029
2025-09-07,8.0,130.0932680484121,129.3376923042161,131.12222203409436,142.5800998024997,141.6555954625203,143.47149034466375,135.25259012821914,135.22661166556415,135.25940362941688,136.01959954851566,135.20453021846964,137.03582243542962,138.16945424968736,136.91943630821913,139.77691069329873,138.1915753642711,137.01576056019556,139.53445297995353
2025-09-08,8.0,130.0932680484121,129.3376923042161,131.12222203409436,142.54249479396913,141.61887602949906,143.435648955116,135.2530304907105,135.22918209755733,135.25930100533887,136.01959954851566,135.20453021846964,137.03582243542962,138.1322896036482,136.88093148635272,139.7452626360927,138.15429662251321,136.97758828777035,139.50169628162993
2025-09-09,8.0,130.0932680484121,129.3376923042161,131.12222203409436,142.7113780539454,141.77986798733576,143.6222928346052,135.25342793263178,135.23154216141668,135.25921496078087,136.01959954851566,135.20453021846964,137.03582243542962,138.30157030554574,137.0512527443913,139.89326444222044,138.32423617640893,137.13213695248382,139.6572033198294
2025-09-10,8.0,130.0932680484121,129.3376923042161,131.12222203409436,142.67309312374505,141.7425216551661,143.57803387269234,135.25378767424283,135.23371324682682,135.25914127662827,136.01959954851566,135.20453021846964,137.03582243542962,138.26364511695644,137.01205971064846,139.86098178565803,138.28619085753414,137.0999667679491,139.62437748975321
2025-09-11,8.0,130.0932680484121,129.3376923042161,131.12222203409436,142.8077014396253,141.87071055306626,143.72652325886133,135.25411419701578,135.23571049415716,135.25907817635758,136.01959954851566,135.20453021846964,137.03582243542962,138.39857995560962,137.1482195750527,139.97843325555158,138.42171189223723,137.23183067763543,139.74716101287032
2025-09-12,8.0,130.0932680484121,129.3376923042161,131.12222203409436,142.76891892277374,141.83285042299605,143.68783943826526,135.2544113620672,135.2375478267515,135.25902413660603,136.01959954851566,135.20453021846964,137.03582243542962,138.36009460380947,137.10845877614534,139.94570923347723,138.38310030411597,137.18914202781434,139.71630682037764
2025-09-13,8.0,130.0932680484121,129.3376923042161,131.12222203409436,143.03051400709793,142.0646531079337,143.95473850407902,135.25468250987748,135.2392380885676,135.25897785430502,136.01959954851566,135.20453021846964,137.03582243542962,138.62196083594395,137.37112804752158,140.17753911962518,138.6458239419208,137.46292056703544,139.978617577086
2025-09-14,8.0,130.0932680484121,129.3376923042161,131.12222203409436,142.99057988973945,142.0313229013774,143.91807115187493,135.25493052236828,135.24079308037565,135.25893821387737,136.01959954851566,135.20453021846964,137.03582243542962,138.5822747310763,137.33015692923468,140.1436121878554,138.60600500921987,137.4267969449661,139.93401377032328
2025-09-15,8.0,130.0932680484121,129.3376923042161,131.12222203409436,142.9508533510965,141.99811423166364,143.87826689748348,135.25515791631952,135.24222364673048,135.25890154020618,136.01959954851566,135.20453021846964,137.03582243542962,138.54277558638458,137.2893814274447,140.10978986242725,138.56637170357038,137.3869834156029,139.88965676391723
2025-09-16,8.0,130.0932680484121,129.3376923042161,131.12222203409436,142.91133099646777,141.96470052573716,143.83864770393166,135.25536688747076,135.24353970490907,135.2588662807682,136.01959954851566,135.20453021846964,137.03582243542962,138.5034622029071,137.24885648293179,140.07611818810813,138.5269256855171,137.3449008438567,139.84697551119368
2025-09-17,8.0,130.0932680484121,129.3376923042161,131.12222203409436,142.872015516877,141.9265507055907,143.79921816696145,135.2555593407931,135.2447505129817,135.2588373220932,136.01959954851566,135.20453021846964,137.03582243542962,138.46433917663867,137.20852772144005,140.0426039404006,138.48766687486716,137.30269583977662,139.81476149712782
2025-09-18,8.0,130.0932680484121,129.3376923042161,131.12222203409436,142.83290234130536,141.88838229678012,143.7596844357932,135.25573695696622,135.2458644596958,135.25881352168983,136.01959954851566,135.20453021846964,137.03582243542962,138.42540361724014,137.16843701894237,140.0092142058287,138.4485974700103,137.26053272953862,139.78312957241866
2025-09-19,8.0,130.0932680484121,129.3376923042161,131.12222203409436,142.79399487155715,141.8503936619328,143.71469438014873,135.25590121067296,135.24688931805147,135.25879397522792,136.01959954851566,135.20453021846964,137.03582243542962,138.38666040119864,137.12858306726656,139.9760567010519,138.4097161754175,137.21882893066476,139.74622358630538
2025-09-20,8.0,130.0932680484121,129.3376923042161,131.12222203409436,142.9416076124026,141.99045657911338,143.87430705079663,135.25605340397166,135.24783221631102,135.25877806840597,136.01959954851566,135.20453021846964,137.03582243542962,138.5344253353428,137.2777048633316,140.10565764143118,138.55809149491506,137.37594279818936,139.88119158081417
2025-09-21,8.0,130.0932680484121,129.3376923042161,131.12222203409436,142.90213668054247,141.95239529300903,143.8347132523496,135.2561946729963,135.24869971044907,135.25876672763397,136.01959954851566,135.20453021846964,137.03582243542962,138.4950956725073,137.23722060482612,140.07196077482246,138.5186224089786,137.33365331510765,139.85050814375037
2025-09-22,8.0,130.0932680484121,129.3376923042161,131.12222203409436,142.8628702402667,141.91403845476697,143.79388194268503,135.25632603738583,135.24949785657617,135.25875805110059,136.01959954851566,135.20453021846964,137.03582243542962,138.45596059662108,137.19698773063658,140.0384282771621,138.4793477713052,137.2913391519903,139.81524265412574
2025-09-23,8.0,130.0932680484121,129.3376923042161,131.12222203409436,142.82380734129563,141.8759299706108,143.74870947255616,135.25644839770436,135.2502322037311,135.2587506332053,136.01959954851566,135.20453021846964,137.03582243542962,138.41702005796856,137.15696459919806,140.00508769489272,138.44026778790757,137.2494825719432,139.77907292117743
2025-09-24,8.0,130.0932680484121,129.3376923042161,131.12222203409436,142.7849471338688,141.83802700561486,143.7037876802015,135.25656254956698,135.25090787715064,135.25874422219243,136.01959954851566,135.20453021846964,137.03582243542962,138.3782740024043,137.11715269729208,139.97210741088344,138.40138209100473,137.2078356685017,139.74562628796312
2025-09-25,8.0,130.0932680484121,129.3376923042161,131.12222203409436,142.7462879917938,141.80034664950787,143.66332210567788,135.053640592453,134.53881232200766,135.4978294038585,136.01959954851566,135.20453021846964,137.03582243542962,138.13669290321536,136.79713960807237,139.70578409503176,138.12901321043725,136.85669012580954,139.54923334865452
2025-09-26,8.0,130.0932680484121,129.3376923042161,131.12222203409436,142.70782946001933,141.76284372147492,143.62687174362077,134.8534131425739,133.8326683848351,135.71498820230207,136.01959954851566,135.20453021846964,137.03582243542962,137.8980069215618,136.2798677051005,139.6219219824411,137.86176636543422,136.38135706323717,139.41439739579315
2025-09-27,8.0,130.0932680484121,129.3376923042161,131.12222203409436,142.66957062178622,141.7254814802432,143.59060288614634,134.9209530098255,134.02394986726244,135.59299565287392,136.01959954851566,135.20453021846964,137.03582243542962,137.92728795058028,136.44064956693475,139.55015885516232,137.90607495942697,136.52526441553997,139.41285437507563
2025-09-28,8.0,130.0932680484121,129.3376923042161,131.12222203409436,142.63151063322263,141.68834903726392,143.54843474406732,134.97544941141385,134.1831645568538,135.52339881427667,136.01959954851566,135.20453021846964,137.03582243542962,137.943724363605,136.54042565496914,139.55190538117122,137.93305856090944,136.59436381445684,139.42496349285702
2025-09-29,8.0,130.0932680484121,129.3376923042161,131.12222203409436,142.59364678914676,141.6514419879112,143.50585118250316,135.01965148319368,134.31832787090687,135.4395793847649,136.01959954851566,135.20453021846964,137.03582243542962,137.95006259130898,136.57741386973098,139.54437800701768,137.94696515818063,136.63282249973298,139.40951323747356
2025-09-30,8.0,130.0932680484121,129.3376923042161,131.12222203409436,142.5559791379327,141.6147414435375,143.46345992061975,135.05573825815432,134.43608239061595,135.3973822236893,136.01959954851566,135.20453021846964,137.03582243542962,137.94848171505558,136.60670319882055,139.56337020112008,137.95089815898655,136.66579198559103,139.37430858379122
2025-10-01,8.0,130.0932680484121,129.3376923042161,131.12222203409436,142.5185075817118,141.57824740414284,143.4213140889162,135.08540034631827,134.53769734467332,135.36944279124876,136.01959954851566,135.20453021846964,137.03582243542962,137.94067224699862,136.61033772200545,139.553447155713,137.94714814025124,136.69113755264308,139.3415995863769
2025-10-02,8.0,130.0932680484121,129.3376923042161,131.12222203409436,142.6543445423478,141.70803375560925,143.57343971429611,135.10994331165685,134.60407930856695,135.3541279372601,136.01959954851566,135.20453021846964,137.03582243542962,138.1010521729732,136.7665517609621,139.69689201308157,138.11124518308097,136.87116327300205,139.52072272257422
2025-10-03,8.0,130.0932680484121,129.3376923042161,131.12222203409436,142.61636540678995,141.6710045651195,143.53072584599357,135.13037804527016,134.67853369878748,135.33903540973157,136.01959954851566,135.20453021846964,137.03582243542962,138.08350777102868,136.75087660001626,139.67609515372453,138.09594784851683,136.86188938665734,139.4876839667001
2025-10-04,8.0,130.0932680484121,129.3376923042161,131.12222203409436,142.7411405187176,141.79016147749152,143.67033453219955,135.1474917573451,134.75433019400128,135.32198317772506,136.01959954851566,135.20453021846964,137.03582243542962,138.22539659503127,136.9012103443389,139.81332917739184,138.24021088783456,137.0113713160927,139.6232264460728
2025-10-05,8.0,130.0932680484121,129.3376923042161,131.12222203409436,142.70271138994215,141.7527465651992,143.62710955914136,135.16190226267872,134.80493958269014,135.31025225781414,136.01959954851566,135.20453021846964,137.03582243542962,138.20137797158944,136.8878968866969,139.78949839963548,138.21746043413768,136.98388231905196,139.5913090072255
2025-10-06,8.0,130.0932680484121,129.3376923042161,131.12222203409436,142.66448188323787,141.7155095225807,143.5841249551641,135.17409789502855,134.852487007447,135.3028832925004,136.01959954851566,135.20453021846964,137.03582243542962,138.17534409723496,136.87185424606062,139.7735175348044,138.1923850865148,136.96523513490234,139.5606359399246
2025-10-07,8.0,130.0932680484121,129.3376923042161,131.12222203409436,142.6264505545283,141.67843815016994,143.54135415501818,135.18446771554392,134.89812163407996,135.29529178977236,136.01959954851566,135.20453021846964,137.03582243542962,138.14768258904076,136.8569277813526,139.76077947485365,138.16544876603533,136.94408669481274,139.53185984791438
2025-10-08,8.0,130.0932680484121,129.3376923042161,131.12222203409436,142.58861569303212,141.64157328273822,143.49880728090153,135.1933239071144,134.9362771657899,135.28903430316586,136.01959954851566,135.20453021846964,137.03582243542962,138.1187039191151,136.83797695480195,139.74127243799177,138.13702023667645,136.9129054399986,139.4981995975846
2025-10-09,8.0,130.0932680484121,129.3376923042161,131.12222203409436,142.550976842149,141.60491492028552,143.45647927171518,135.20091870302653,134.96502197034536,135.28299792730138,136.01959954851566,135.20453021846964,137.03582243542962,138.08865986414406,136.80566605651904,139.71866241711714,138.1073934673897,136.88946023569312,139.46461746613522
2025-10-10,8.0,130.0932680484121,129.3376923042161,131.12222203409436,142.5135347087129,141.56850524473282,143.41434356220958,135.20745720790424,134.9922760503387,135.2783231475632,136.01959954851566,135.20453021846964,137.03582243542962,138.0577562355857,136.77222697658445,139.6911918519998,138.07680328767748,136.87143482252617,139.43688733754152
2025-10-11,8.0,130.0932680484121,129.3376923042161,131.12222203409436,142.47628473190682,141.53225989223816,143.37172187672098,135.2131071088025,135.0166756889856,135.27521499253515,136.01959954851566,135.20453021846964,137.03582243542962,138.02615615967787,136.73780968415267,139.65883360603578,138.04544077079075,136.84182500157988,139.40829651862822
2025-10-12,8.0,130.0932680484121,129.3376923042161,131.12222203409436,142.43922883951765,141.49623993337005,143.32843603647575,135.2180063360358,135.03791108314556,135.27217180577867,136.01959954851566,135.20453021846964,137.03582243542962,137.993999494522,136.70185837166105,139.6263642070714,138.01345954822324,136.80302210930765,139.37903373907986
2025-10-13,8.0,130.0932680484121,129.3376923042161,131.12222203409436,142.40236520952072,141.4604308841069,143.28538280189372,135.22226884318204,135.05272613163757,135.2696151170618,136.01959954851566,135.20453021846964,137.03582243542962,137.96139837167132,136.66537606028334,139.59378160139855,137.98098678092066,136.77710848664466,139.34983386942636
2025-10-14,8.0,130.0932680484121,129.3376923042161,131.12222203409436,142.3656923633449,141.42482393519683,143.24254196955692,135.2259893755222,135.06705270637988,135.26749982746824,136.01959954851566,135.20453021846964,137.03582243542962,137.92844605783563,136.631467710815,139.56110894728403,137.94812563281474,136.73947627147055,139.31939515876667
2025-10-15,8.0,130.0932680484121,129.3376923042161,131.12222203409436,142.32920870161496,141.3894234912658,143.19993374288333,135.22924684889722,135.08001295051216,135.26577719240345,136.01959954851566,135.20453021846964,137.03582243542962,137.89521986948074,136.6040449609769,139.5284318747081,137.91496181068703,136.70220181311606,139.28882786304717
2025-10-16,8.0,130.0932680484121,129.3376923042161,131.12222203409436,142.57227059993542,141.62102722571424,143.48044897120548,135.21022461394477,135.050254977897,135.2912856123192,136.01959954851566,135.20453021846964,137.03582243542962,138.11925953284876,136.82879990117385,139.7322642693448,138.13676244298847,136.9394142870513,139.50740241648765
2025-10-17,8.0,130.0932680484121,129.3376923042161,131.12222203409436,142.53471867727748,141.5844910043986,143.43741924799724,135.2163552272552,135.06668827671837,135.28129345536044,136.01959954851566,135.20453021846964,137.03582243542962,138.08783822350125,136.79442814956624,139.71141533868948,138.1061716936306,136.91026246396584,139.47707016872693
2025-10-18,8.0,130.0932680484121,129.3376923042161,131.12222203409436,142.72426720342816,141.7652921372304,143.6510702857885,135.18265059114512,134.96704280074505,135.32104954487212,136.01959954851566,135.20453021846964,137.03582243542962,138.2436821135418,136.94389629557264,139.8126668235586,138.25758121680988,137.0403519689588,139.61005615588937
2025-10-19,8.0,130.0932680484121,129.3376923042161,131.12222203409436,142.6859297037431,141.7279531892721,143.60794905421915,135.1549697627008,134.87319612775548,135.35253434346677,136.01959954851566,135.20453021846964,137.03582243542962,138.17766378541245,136.8719212849807,139.75148482344724,138.18752066392796,136.96949157690852,139.5618243147514
2025-10-20,8.0,130.0932680484121,129.3376923042161,131.12222203409436,142.64779063650695,141.6907974530194,143.56506313063176,135.170445204561,134.92414124504248,135.3278569956953,136.01959954851566,135.20453021846964,137.03582243542962,138.1550001600365,136.85339874090835,139.74023310597573,138.1677398351774,136.95243428480467,139.53824347394735
2025-10-21,8.0,130.0932680484121,129.3376923042161,131.12222203409436,142.92754968322447,141.9571126650302,143.87602691294163,135.18311381515332,134.95707883485738,135.30992083418886,136.01959954851566,135.20453021846964,137.03582243542962,138.44742781734632,137.1476070147584,140.0277204486515,138.4632142135314,137.24224046780674,139.81678844011338
2025-10-22,8.0,130.0932680484121,129.3376923042161,131.12222203409436,142.88816145568347,141.9187558267881,143.83565552809011,135.19354856054764,134.98917899571606,135.29650826286255,136.01959954851566,135.20453021846964,137.03582243542962,138.41847433519968,137.12039522375645,139.99893966727657,138.43570950422594,137.21250033350682,139.78936318254853
2025-10-23,8.0,130.0932680484121,129.3376923042161,131.12222203409436,142.84897679847373,141.8804876216401,143.79159052300346,135.20220326718396,135.01479445149454,135.291488995487,136.01959954851566,135.20453021846964,137.03582243542962,138.38794438462622,137.0904462497252,139.9797263847175,138.40622865271197,137.19034146372155,139.76142220210946
2025-10-24,8.0,130.0932680484121,129.3376923042161,131.12222203409436,142.80999523262258,141.84248697682378,143.74776588699774,135.2094319824401,135.043566415697,135.28721031609805,136.01959954851566,135.20453021846964,137.03582243542962,138.35619153403124,137.056177725084,139.95703587436617,138.37523867163088,137.1633899660571,139.73062054974872
2025-10-25,8.0,130.0932680484121,129.3376923042161,131.12222203409436,142.77121750883737,141.80468843236054,143.70414367287069,135.21551020564894,135.06817276592568,135.28220904529343,136.01959954851566,135.20453021846964,137.03582243542962,138.32349203345484,137.02373501998508,139.93207905049644,138.34309258780775,137.1359926377203,139.7066726193385
2025-10-26,8.0,130.0932680484121,129.3376923042161,131.12222203409436,142.73263923167227,141.7670963928763,143.66076182782456,135.22065329575668,135.0816083052696,135.2771961967942,136.01959954851566,135.20453021846964,137.03582243542962,138.29005684639748,136.9936392866632,139.90555529083161,138.3100591523133,137.11039349539976,139.67991517450355
2025-10-27,8.0,130.0932680484121,129.3376923042161,131.12222203409436,142.69426077677707,141.72973415164455,143.6175988477087,135.22503068593875,135.09165837962635,135.2729141936983,136.01959954851566,135.20453021846964,137.03582243542962,138.25605578168438,136.96285133481868,139.87820770211815,138.2763459484437,137.0730963618304,139.64481698372018
2025-10-28,8.0,130.0932680484121,129.3376923042161,131.12222203409436,142.65608203609375,141.69257841539184,143.5741845340003,135.22877674405842,135.10250988220642,135.27047264843748,136.01959954851566,135.20453021846964,137.03582243542962,138.2216230991207,136.92920997839374,139.84929535589174,138.24211496572153,137.03534365001158,139.6089251604172
2025-10-29,8.0,130.0932680484121,129.3376923042161,131.12222203409436,142.61810059845678,141.65562918411814,143.52981656106675,135.1818524866544,134.97292454724519,135.32418269574285,136.01959954851566,135.20453021846964,137.03582243542962,138.13671740407975,136.82985036801142,139.7223489199519,138.149868952217,136.93350545789502,139.51257416289795
2025-10-30,8.0,130.0932680484121,129.3376923042161,131.12222203409436,142.58031644234163,141.618905346471,143.4856811937964,135.19301992558863,135.00615151676564,135.30731319733795,136.01959954851566,135.20453021846964,137.03582243542962,138.1101006868988,136.80264827953658,139.72104888924753,138.12527007169396,136.91327259873654,139.48358652772484
2025-10-31,8.0,130.0932680484121,129.3376923042161,131.12222203409436,142.54272835137226,141.58238801380287,143.44178349328826,135.20220204346603,135.0292195637774,135.29562044320852,136.01959954851566,135.20453021846964,137.03582243542962,138.08169471380685,136.77217141251225,139.70942122289088,138.0982680235094,136.88963223549354,139.4714304003517
2025-11-01,8.0,130.0932680484121,129.3376923042161,131.12222203409436,142.5053337384872,141.54605829746623,143.3981183984433,135.20979487664223,135.05216249763131,135.28672561275988,136.01959954851566,135.20453021846964,137.03582243542962,138.051892934098,136.7403318831375,139.69186105580206,138.0694622573857,136.86417398368476,139.45042540864867
2025-11-02,8.0,130.0932680484121,129.3376923042161,131.12222203409436,142.46813435323472,141.50997726802962,143.35443351839083,135.2161157238113,135.07653967375734,135.28359625996364,136.01959954851566,135.20453021846964,137.03582243542962,138.02101439601458,136.70633330186863,139.66701044717823,138.03929358226478,136.8372637576766,139.4228757139292
2025-11-03,8.0,130.0932680484121,129.3376923042161,131.12222203409436,142.43112616482847,141.47710462164022,143.31082215760256,135.22141369627408,135.09707264726129,135.27925011263235,136.01959954851566,135.20453021846964,137.03582243542962,137.98930418007112,136.6763517691306,139.63628836082552,138.0080920621687,136.80379500230146,139.39248055627363
2025-11-04,8.0,130.0932680484121,129.3376923042161,131.12222203409436,142.61295602399872,141.64758429918814,143.52248456499882,135.22588364185688,135.1070143457451,135.2756818186846,136.01959954851566,135.20453021846964,137.03582243542962,138.17560398482416,136.87039981580756,139.81180893421543,138.1955482983426,136.985633357213,139.56980972349157
2025-11-05,8.0,130.0932680484121,129.3376923042161,131.12222203409436,142.57519960952416,141.61090264346197,143.47838964554236,135.22967842689025,135.11561933855174,135.27166418481494,136.01959954851566,135.20453021846964,137.03582243542962,138.14164235538294,136.8337139582323,139.77872391909668,138.1618360816744,136.95061079656693,139.54520227616175
2025-11-06,8.0,130.0932680484121,129.3376923042161,131.12222203409436,142.89662721437276,141.91690653712854,143.8452975201713,135.2329186852171,135.12663122534244,135.26895873404357,136.01959954851566,135.20453021846964,137.03582243542962,138.46631021855842,137.1676480373997,140.0694182156749,138.4877739240034,137.27553826035776,139.84808714977513
2025-11-07,8.0,130.0932680484121,129.3376923042161,131.12222203409436,142.85740298444534,141.87867609405973,143.8012008887361,135.2357004191677,135.13882378902275,135.26720187086644,136.01959954851566,135.20453021846964,137.03582243542962,138.4298677225816,137.13332875722006,140.03900723649022,138.45143592160403,137.24380768463766,139.81448773538762
2025-11-08,8.0,130.0932680484121,129.3376923042161,131.12222203409436,142.81838368460993,141.84067104461747,143.75730161808065,135.23810052990495,135.15139033890125,135.26575747101998,136.01959954851566,135.20453021846964,137.03582243542962,138.39324853348344,137.098742147922,140.00863961323546,138.4148742434192,137.2138740505623,139.77762046305577
2025-11-09,8.0,130.0932680484121,129.3376923042161,131.12222203409436,142.7795653785651,141.80287250015422,143.71308355487486,135.24018114882927,135.16056405321214,135.26441095330517,136.01959954851566,135.20453021846964,137.03582243542962,138.35651084636294,137.06393265419428,139.98156751732654,138.37815968451144,137.17753058951973,139.74689969484558
2025-11-10,8.0,130.0932680484121,129.3376923042161,131.12222203409436,142.74094788885427,141.76529934931753,143.66796213384086,135.24199277861487,135.1689141806975,135.26341829639003,136.01959954851566,135.20453021846964,137.03582243542962,138.3197049864377,137.02893840454686,139.9586737319506,138.34135057687098,137.139398136984,139.71304794956117
2025-11-11,8.0,130.0932680484121,129.3376923042161,131.12222203409436,142.7025326896954,141.72795599673333,143.62310364408603,135.24357678796602,135.17654612813988,135.2625639971629,136.01959954851566,135.20453021846964,137.03582243542962,138.28287379662996,136.98766913198958,139.9276916232127,138.30449270230957,137.10389697721484,139.67976170201283
2025-11-12,8.0,130.0932680484121,129.3376923042161,131.12222203409436,142.6643139690706,141.6907958558547,143.57845755657638,135.24496725252789,135.18352294043183,135.26183922136832,136.01959954851566,135.20453021846964,137.03582243542962,138.24604554056705,136.94592484112857,139.89605441722867,138.26762398235886,137.0682682693622,139.6463931876789
2025-11-13,8.0,130.0932680484121,129.3376923042161,131.12222203409436,142.87408275253773,141.89080568041192,143.81972318734879,135.24619241220773,135.18933006058472,135.26120735722958,136.01959954851566,135.20453021846964,137.03582243542962,138.45703948371403,137.16174992801706,140.08232232862227,138.4794312935234,137.2792091564196,139.84412659166998
2025-11-14,8.0,130.0932680484121,129.3376923042161,131.12222203409436,142.83497827237233,141.85273956040112,143.77573535850138,135.24727578061095,135.194214042808,135.26070342038977,136.01959954851566,135.20453021846964,137.03582243542962,138.4190183719518,137.12464319300108,140.04970021247584,138.44134088830222,137.24440104247003,139.80894751673608
2025-11-15,8.0,130.0932680484121,129.3376923042161,131.12222203409436,143.0721579831973,142.0787758754735,144.04241875252794,135.24823704668887,135.19875040706987,135.26035096088233,136.01959954851566,135.20453021846964,137.03582243542962,138.65715934885475,137.3628571129866,140.26469960351565,138.68034163890832,137.4662656451474,140.03483275301159
2025-11-16,8.0,130.0932680484121,129.3376923042161,131.12222203409436,143.03202945719661,142.03961175537316,143.99730497268047,135.24909278005748,135.20296466246435,135.26008041002893,136.01959954851566,135.20453021846964,137.03582243542962,138.61788655622263,137.32425811507838,140.22812699174617,138.64097971686678,137.43335104990092,139.99638236354573
2025-11-17,8.0,130.0932680484121,129.3376923042161,131.12222203409436,142.99210754398135,142.0006774335253,143.9524100577633,135.1706796668304,134.90685210541776,135.35167057547122,136.01959954851566,135.20453021846964,137.03582243542962,138.49955152978032,137.1721019701146,140.0683170678432,138.5106249298344,137.286972375707,139.90945471522028
2025-11-18,8.0,130.0932680484121,129.3376923042161,131.12222203409436,143.21727399402505,142.21522932511806,144.1978052145922,135.18465657439154,134.9651508322385,135.32630990735322,136.01959954851566,135.20453021846964,137.03582243542962,138.73869488738512,137.41472392413692,140.31659381009496,138.7536852877555,137.5235254018544,140.1532609757163
2025-11-19,8.0,130.0932680484121,129.3376923042161,131.12222203409436,143.17639422687725,142.1753463518932,144.1590465989303,135.19598970928675,135.02127126219244,135.31178073701463,136.01959954851566,135.20453021846964,137.03582243542962,138.70914825513256,137.38829183024745,140.29459769757779,138.72620427128427,137.5028169162382,140.11539267560718
2025-11-20,8.0,130.0932680484121,129.3376923042161,131.12222203409436,143.13572662265224,142.1356470806978,144.1137959707323,135.20522780575178,135.05404430997075,135.29700837901905,136.01959954851566,135.20453021846964,137.03582243542962,138.67771874737255,137.35580336870268,140.2652940935768,138.69622500057378,137.47670792724242,140.06962538144856
2025-11-21,8.0,130.0932680484121,129.3376923042161,131.12222203409436,143.09527132166414,142.0961543144814,144.06830645396656,135.21280910707657,135.07849335450373,135.28729295394783,136.01959954851566,135.20453021846964,137.03582243542962,138.64484474770927,137.32150077686845,140.23201051459122,138.664377614314,137.4478206022423,140.03357662906726
2025-11-22,8.0,130.0932680484121,129.3376923042161,131.12222203409436,143.1830297051838,142.18019986783307,144.16593521954005,135.14829605544165,134.8115647263696,135.36254220655894,136.01959954851566,135.20453021846964,137.03582243542962,138.668090079594,137.3266745488138,140.23558204584265,138.67835745529436,137.43884142455883,140.09754423972683
2025-11-23,8.0,130.0932680484121,129.3376923042161,131.12222203409436,143.14233012424856,142.14055842423565,144.1201749670996,135.1654179885276,134.8967025403631,135.33918549039316,136.01959954851566,135.20453021846964,137.03582243542962,138.64451243174472,137.3198009495115,140.24035178382874,138.65804375761232,137.41597464562716,140.05699017103007
2025-11-24,8.0,130.0932680484121,129.3376923042161,131.12222203409436,143.10184041610142,142.10110297662513,144.07463864068842,135.1793841011243,134.9510643566192,135.31681883185414,136.01959954851566,135.20453021846964,137.03582243542962,138.61798883619426,137.29692705080447,140.22030981955152,138.63381000888424,137.39770561216412,140.0048634469519
2025-11-25,8.0,130.0932680484121,129.3376923042161,131.12222203409436,143.50071679544814,142.48015433347084,144.50871169962275,135.19084053875284,134.98571083204075,135.30113033701943,136.01959954851566,135.20453021846964,137.03582243542962,139.02832165316954,137.6915136486183,140.60539123112022,139.04707118203777,137.80213168788498,140.4163183553525
2025-11-26,8.0,130.0932680484121,129.3376923042161,131.12222203409436,143.4583721587521,142.43880015646891,144.46053978111362,135.20029987065328,135.01643097712224,135.29472942538882,136.01959954851566,135.20453021846964,137.03582243542962,138.99543634837394,137.65461097346738,140.57686093595836,139.01535537424266,137.770364472336,140.38937356346807
2025-11-27,8.0,130.0932680484121,129.3376923042161,131.12222203409436,143.61025189595347,142.57525350623882,144.623887929895,135.20816219296617,135.04303806700344,135.28854838301217,136.01959954851566,135.20453021846964,137.03582243542962,139.15517840788823,137.80728076210727,140.7232366609469,139.17672957450847,137.92295560234354,140.55931876819324
2025-11-28,8.0,130.0932680484121,129.3376923042161,131.12222203409436,143.56734381282968,142.53902033405384,144.5808758624393,135.21473907209173,135.06466019489355,135.28469772447713,136.01959954851566,135.20453021846964,137.03582243542962,139.11884720388997,137.77403982037262,140.6907421924571,139.14099795851155,137.89436429950794,140.5229070741109
2025-11-29,8.0,130.0932680484121,129.3376923042161,131.12222203409436,143.52465662060916,142.49974701260754,144.53688816288144,135.22027390443657,135.0804995975893,135.28007055698336,136.01959954851566,135.20453021846964,137.03582243542962,139.0816948440143,137.73963657799425,140.65709272334823,139.1042726233462,137.86485216172807,140.4864324701337
2025-11-30,8.0,130.0932680484121,129.3376923042161,131.12222203409436,143.48218997939094,142.45827298629678,144.4877706880557,135.2249580787221,135.10122762386183,135.27514969513726,136.01959954851566,135.20453021846964,137.03582243542962,139.04391237708157,137.70463334652902,140.62255854351577,139.0667897604104,137.8283527394517,140.45006916827816
2025-12-01,8.0,130.0932680484121,129.3376923042161,131.12222203409436,143.4399455359605,142.41704731407197,144.43896497532432,135.2289432443603,135.11970665368767,135.27231760233522,136.01959954851566,135.20453021846964,137.03582243542962,139.00565309928936,137.66909204666095,140.58662436361573,139.02873132032894,137.7918753702044,140.4100432661711
2025-12-02,8.0,130.0932680484121,129.3376923042161,131.12222203409436,143.60876482003528,142.57439135333334,144.62828011526707,135.23235038358007,135.13415581005194,135.26998411607735,136.01959954851566,135.20453021846964,137.03582243542962,139.1778795225839,137.84115640263084,140.74733210440485,139.20191343409545,137.96683649836956,140.57811223513133
2025-12-03,8.0,130.0932680484121,129.3376923042161,131.12222203409436,143.565864194332,142.53582560794283,144.5838704774157,135.2352767803525,135.14238814114415,135.26803947595934,136.01959954851566,135.20453021846964,137.03582243542962,139.13790529365303,137.8035130807656,140.71252644027203,139.1620122249305,137.92421628898353,140.5380068315088
2025-12-04,8.0,130.0932680484121,129.3376923042161,131.12222203409436,143.85419239192632,142.7836310334685,144.88107950363695,135.23780116290615,135.14889823467783,135.26606915937637,136.01959954851566,135.20453021846964,137.03582243542962,139.42875787380103,138.10000920609986,140.97989513617304,139.45398173127435,138.20170409238915,140.81529498241298
2025-12-05,8.0,130.0932680484121,129.3376923042161,131.12222203409436,143.81002301757078,142.74675075153635,144.83905469916436,135.23998769717568,135.1560323609621,135.26484123725646,136.01959954851566,135.20453021846964,137.03582243542962,139.38677503371503,138.05910879711163,140.94297410347494,139.41199321189484,138.16791525699958,140.77420030341105
2025-12-06,8.0,130.0932680484121,129.3376923042161,131.12222203409436,143.76608318418212,142.71004366346895,144.79503337299565,135.24188897148238,135.16635089683066,135.2638053441711,136.01959954851566,135.20453021846964,137.03582243542962,139.34473647463307,138.01721142518448,140.9058283803279,139.36992456190094,138.12897334077292,140.7330240489411
2025-12-07,8.0,130.0932680484121,129.3376923042161,131.12222203409436,143.7223707177123,142.67353813301511,144.75121766998208,135.17918450109633,134.94824884885736,135.33576901546252,136.01959954851566,135.20453021846964,137.03582243542962,139.2383195377772,137.8890256164995,140.78955148690093,139.2538028482239,138.00443753512323,140.61740672329614
2025-12-08,8.0,130.0932680484121,129.3376923042161,131.12222203409436,143.6788864698001,142.63675229201854,144.70763242788615,135.1609231020461,134.8678056443949,135.35348542505346,136.01959954851566,135.20453021846964,137.03582243542962,139.17657389081475,137.7961359217714,140.73249007148462,139.18963671329308,137.93194653242494,140.55593062099945
2025-12-09,8.0,130.0932680484121,129.3376923042161,131.12222203409436,143.6356268063227,142.59614523189774,144.6613133804188,135.17615213149642,134.9427680370569,135.33068687393123,136.01959954851566,135.20453021846964,137.03582243542962,139.1485432567877,137.8017529961575,140.726326092093,139.1645775687704,137.91035053336913,140.54880106335617
2025-12-10,8.0,130.0932680484121,129.3376923042161,131.12222203409436,143.59259186269415,142.55411457276068,144.6115636173113,135.18854598741427,134.98973834080317,135.31293600499313,136.01959954851566,135.20453021846964,137.03582243542962,139.11790216907696,137.7735567651915,140.6989723664314,139.13600605005976,137.8830810987746,140.49658170272954
2025-12-11,8.0,130.0932680484121,129.3376923042161,131.12222203409436,143.75587989500968,142.70205149346364,144.79064304068572,135.19869163580472,135.02209589136666,135.29673368310648,136.01959954851566,135.20453021846964,137.03582243542962,139.29133584978297,137.9307844511598,140.86362841098514,139.31172839901365,138.04078472928043,140.6907582780505
2025-12-12,8.0,130.0932680484121,129.3376923042161,131.12222203409436,143.7122231884014,142.66510438965048,144.74700334964442,135.2070538179057,135.04661928223805,135.28986149649447,136.01959954851566,135.20453021846964,137.03582243542962,139.25604132527562,137.89759708842774,140.82888331078428,139.27747649840578,138.01575924224278,140.6592079288094
2025-12-13,8.0,130.0932680484121,129.3376923042161,131.12222203409436,143.668792337524,142.62444761497835,144.69917739433163,135.2139942091713,135.06980159667015,135.28455647425488,136.01959954851566,135.20453021846964,137.03582243542962,139.21955086566385,137.8636751424663,140.79608734933507,139.24173187596094,137.98828469373834,140.62941421740123
2025-12-14,8.0,130.0932680484121,129.3376923042161,131.12222203409436,143.62558773175758,142.58228001680376,144.64919660657645,135.21979330102977,135.0849232328132,135.2815411074274,136.01959954851566,135.20453021846964,137.03582243542962,139.18214535175588,137.8285099859691,140.7627487469746,139.2048554505851,137.95874193059205,140.5921763988756
2025-12-15,8.0,130.0932680484121,129.3376923042161,131.12222203409436,143.58260616984433,142.54030928232118,144.60283049802385,135.22466953702792,135.10415186258953,135.27796383455785,136.01959954851566,135.20453021846964,137.03582243542962,139.1440400258408,137.79273508974867,140.72836160517426,139.1671224413157,137.92877573546124,140.5526109142407
2025-12-16,8.0,130.0932680484121,129.3376923042161,131.12222203409436,143.7824815637669,142.72554230053663,144.8238911371125,135.22879403034423,135.12237043799024,135.27331719571833,136.01959954851566,135.20453021846964,137.03582243542962,139.3480399130797,137.99482512336243,140.91546532166245,139.37227765052089,138.1197027727523,140.7455700793988
2025-12-17,8.0,130.0932680484121,129.3376923042161,131.12222203409436,143.7386890470305,142.68772597408002,144.77872488113732,135.19173244342943,135.00625644738233,135.31430660680698,136.01959954851566,135.20453021846964,137.03582243542962,139.2671858094285,137.91230493547155,140.846007885365,139.2855603023694,138.02390621188874,140.64705456670634
2025-12-18,8.0,130.0932680484121,129.3376923042161,131.12222203409436,143.94053361670524,142.85950441500717,144.98926328558332,135.2015155438869,135.0375164057507,135.300881361979,136.01959954851566,135.20453021846964,137.03582243542962,139.4788134795607,138.11372266102512,141.05735091409014,139.49975584597166,138.21223700621178,140.86972725043958
2025-12-19,8.0,130.0932680484121,129.3376923042161,131.12222203409436,143.8959250718181,142.82223924064607,144.9445505639656,135.2095665099939,135.05915470557161,135.2901247096245,136.01959954851566,135.20453021846964,137.03582243542962,139.44225590078054,138.0782444882493,141.0171761324888,139.46433544868114,138.18983624442424,140.84843397932832
2025-12-20,8.0,130.0932680484121,129.3376923042161,131.12222203409436,143.8515459851096,142.7850284667109,144.89999750808272,135.21622907067695,135.07952881233308,135.28303823036185,136.01959954851566,135.20453021846964,137.03582243542962,139.4045393747551,138.0418958012212,140.97673293082545,139.42741391207144,138.16049741994806,140.8137692446336
2025-12-21,8.0,130.0932680484121,129.3376923042161,131.12222203409436,143.80739780714643,142.7476699362919,144.8560700372442,135.22177842300314,135.09510141411002,135.28021129869856,136.01959954851566,135.20453021846964,137.03582243542962,139.3659405491181,138.00506210867252,140.93726349261868,139.38937016663533,138.13061660253166,140.77612147481517
2025-12-22,8.0,130.0932680484121,129.3376923042161,131.12222203409436,143.76347872445535,142.70664438315944,144.80602459118649,135.22643091395668,135.11440288091268,135.27709134833938,136.01959954851566,135.20453021846964,137.03582243542962,139.32667395738056,137.96778335402962,140.9016923821388,139.35048780603088,138.0984509806926,140.73854836728952
2025-12-23,8.0,130.0932680484121,129.3376923042161,131.12222203409436,143.7197870172681,142.663980076813,144.75553383311947,135.23035609927064,135.13138606617892,135.27347346687702,136.01959954851566,135.20453021846964,137.03582243542962,139.28690743550726,137.93010212789264,140.86717846905862,139.31098195029782,138.06211740549065,140.70106858762986
2025-12-24,8.0,130.0932680484121,129.3376923042161,131.12222203409436,143.67632311788563,142.6215812142812,144.71085063222364,135.23368734292762,135.14341958571939,135.26990282144797,136.01959954851566,135.20453021846964,137.03582243542962,139.24677477978182,137.89205852289265,140.83275353648654,139.2710170611103,138.02785294364335,140.66377753765474
2025-12-25,8.0,130.0932680484121,129.3376923042161,131.12222203409436,143.63308349575829,142.57940496063839,144.6698691066592,135.23653017787413,135.15032092829347,135.26788418336437,136.01959954851566,135.20453021846964,137.03582243542962,139.20637799260098,137.85371360642537,140.79769003804543,139.23072173597183,137.9900134023433,140.61642574372706
2025-12-26,8.0,130.0932680484121,129.3376923042161,131.12222203409436,143.59006904418442,142.53747706108146,144.62258871180373,135.2389687502742,135.15638680336463,135.2663137981798,136.01959954851566,135.20453021846964,137.03582243542962,139.1658021134272,137.8151127493787,140.7621311739637,139.19019510013712,137.94913655749374,140.57195950915195
2025-12-27,8.0,130.0932680484121,129.3376923042161,131.12222203409436,143.54727623173392,142.49579751561046,144.57449180051543,135.2410706228382,135.16406743879654,135.26494940440207,136.01959954851566,135.20453021846964,137.03582243542962,139.12511117354066,137.7763049721959,140.726264027706,139.14951578267892,137.90791267124627,140.5271455418614
2025-12-28,8.0,130.0932680484121,129.3376923042161,131.12222203409436,143.50470611349132,142.45434057902844,144.5266238763554,135.24289048047206,135.17407793638085,135.26374768889357,136.01959954851566,135.20453021846964,137.03582243542962,139.0843609129319,137.7373284637015,140.69015279510197,139.10874750233364,137.87171549299217,140.48536092796877
2025-12-29,8.0,130.0932680484121,129.3376923042161,131.12222203409436,143.46235698541895,142.41312296731707,144.47901150457315,135.2444728693856,135.18154254791764,135.26293007940825,136.01959954851566,135.20453021846964,137.03582243542962,139.04359417377307,137.69824833888734,140.65309571568835,139.0679397477576,137.83091476220218,140.44739929999363
2025-12-30,8.0,130.0932680484121,129.3376923042161,131.12222203409436,143.4202278655279,142.3720348272111,144.43164962406976,135.2458542951031,135.18813884042106,135.26211414720413,136.01959954851566,135.20453021846964,137.03582243542962,139.00284647959953,137.65907489267977,140.61415995933788,139.02713271768235,137.7936660899914,140.40955104809274
2025-12-31,8.0,130.0932680484121,129.3376923042161,131.12222203409436,143.37831579551406,142.33117648535762,144.3845167306946,135.24706488502346,135.19414262337665,135.2614830003988,136.01959954851566,135.20453021846964,137.03582243542962,138.96214499950608,137.61984365437752,140.58415632253664,138.98636016361212,137.75465559506617,140.36524934708876
2026-01-01,8.0,130.0932680484121,129.3376923042161,131.12222203409436,143.3366224211552,142.29058571905168,144.33763938969727,135.2481296251536,135.19963024505472,135.26092343356544,136.01959954851566,135.20453021846964,137.03582243542962,138.92151636527737,137.58060699869176,140.55485059947492,138.94564792976126,137.718510680417,140.3240620315384
2026-01-02,8.0,130.0932680484121,129.3376923042161,131.12222203409436,143.2951436458831,142.25020145772473,144.2910074788798,135.24906933518048,135.20464679886766,135.26047832905974,136.01959954851566,135.20453021846964,137.03582243542962,138.88097730003213,137.54137321277534,140.52530227545765,138.90501796684387,137.68036979380747,140.2938514556622
2026-01-03,8.0,130.0932680484121,129.3376923042161,131.12222203409436,143.2538803240668,142.21006588329783,144.24460961628955,135.2499014589497,135.2090132267526,135.2601823515306,136.01959954851566,135.20453021846964,137.03582243542962,138.84054610198507,137.5021764018273,140.49469696911132,138.86448866390614,137.64188725807668,140.26040827903554
2026-01-04,8.0,130.0932680484121,129.3376923042161,131.12222203409436,143.2128317002336,142.17015570249745,144.19686237333045,135.2506406708107,135.21251291905796,135.25993980501156,136.01959954851566,135.20453021846964,137.03582243542962,138.80023669001287,137.46303107200697,140.4570917110468,138.824074122443,137.60353026560855,140.22300661825628
2026-01-05,8.0,130.0932680484121,129.3376923042161,131.12222203409436,143.17199534198326,142.13047091532366,144.14915694352834,135.25129937052967,135.2157634708223,135.2597544720834,136.01959954851566,135.20453021846964,137.03582243542962,138.7600590314815,137.42395763198692,140.4196367296942,138.78378768764787,137.56531001574703,140.17730361662757
2026-01-06,8.0,130.0932680484121,129.3376923042161,131.12222203409436,143.1313697609213,142.09101592640232,144.10171950610436,135.25188807674317,135.2187830175254,135.25960331141653,136.01959954851566,135.20453021846964,137.03582243542962,138.72002215663304,137.38452915743744,140.38229736700407,138.7436388333362,137.52034375120556,140.13745538312463
2026-01-07,8.0,130.0932680484121,129.3376923042161,131.12222203409436,143.09095620194415,142.05176744246,144.05452985764052,135.25241573183308,135.22158805518487,135.25947388116435,136.01959954851566,135.20453021846964,137.03582243542962,138.6801362527458,137.3407426888782,140.34513104913034,138.70363660747174,137.4810601167259,140.10044155147733
2026-01-08,8.0,130.0932680484121,129.3376923042161,131.12222203409436,143.05075155025713,142.01439224767304,144.00760820155483,135.25288998630137,135.2241939919741,135.25936304827314,136.01959954851566,135.20453021846964,137.03582243542962,138.64040585552706,137.29719297702755,140.30812470656429,138.66378765776383,137.43966464546853,140.06349132104242
2026-01-09,8.0,130.0932680484121,129.3376923042161,131.12222203409436,143.0107553205052,141.97959257445467,143.96081639657396,135.25331738755386,135.22676849778128,135.25926813794675,136.01959954851566,135.20453021846964,137.03582243542962,138.6008370270276,137.2589532735387,140.27018540901798,138.62409735574965,137.40125732508452,140.0266275052982
2026-01-10,8.0,130.0932680484121,129.3376923042161,131.12222203409436,142.97096677536595,141.94496576151965,143.91393392324014,135.25370356667926,135.22932619723963,135.25918685960676,136.01959954851566,135.20453021846964,137.03582243542962,138.56143466101378,137.2233959180145,140.23158410216863,138.58457152647065,137.36066074035992,139.9945123496385
2026-01-11,8.0,130.0932680484121,129.3376923042161,131.12222203409436,142.93138281130072,141.91052474353637,143.86729413494035,135.25405338588826,135.23167470669668,135.2591172498899,136.01959954851566,135.20453021846964,137.03582243542962,138.52220051615754,137.18287108817373,140.19325949445718,138.54521339837967,137.32027452355842,139.95731324489432
2026-01-12,8.0,130.0932680484121,129.3376923042161,131.12222203409436,142.8920052548176,141.87598948144253,143.82092228762616,135.25437103120115,135.23383520118088,135.2590576316438,136.01959954851566,135.20453021846964,137.03582243542962,138.4831406049873,137.14114314886285,140.15855075258938,138.5060268898645,137.28009867468,139.9188441898553
2026-01-13,8.0,130.0932680484121,129.3376923042161,131.12222203409436,143.1210568598245,142.0774104852547,144.08777814471884,135.25466014780415,135.23582268342213,135.25899794626497,136.01959954851566,135.20453021846964,137.03582243542962,138.7124813265972,137.36940113725052,140.3786124531591,138.73616342336115,137.5114346731192,140.13765517388958
2026-01-14,8.0,130.0932680484121,129.3376923042161,131.12222203409436,143.08069718922204,142.04034743698443,144.04067445298173,135.25492390253086,135.23765105503452,135.25894584795742,136.01959954851566,135.20453021846964,137.03582243542962,138.67238541072146,137.3256274819134,140.34134856701775,138.6959358445749,137.47203399858242,140.10465651443195
2026-01-15,8.0,130.0932680484121,129.3376923042161,131.12222203409436,143.04054882471505,142.00539819675618,143.99351794480756,135.25516504667954,135.23933307303022,135.25890303968276,136.01959954851566,135.20453021846964,137.03582243542962,138.63247819036314,137.285473798506,140.30236986510292,138.6558936937407,137.43109424383803,140.0684535982424
2026-01-16,8.0,130.0932680484121,129.3376923042161,131.12222203409436,143.00060669925566,141.97064837920777,143.94647366493666,135.25538599189392,135.2408804657558,135.25886783986792,136.01959954851566,135.20453021846964,137.03582243542962,138.59275701011813,137.24971847745033,140.2635447366423,138.6160382359696,137.3903652026755,140.02939623198893
2026-01-17,8.0,130.0932680484121,129.3376923042161,131.12222203409436,142.9608717428639,141.93604530631015,143.89967713119873,135.2555888493747,135.24230402704558,135.25883917126566,136.01959954851566,135.20453021846964,137.03582243542962,138.55322491120717,137.20961709333142,140.22507326457938,138.57637144151656,137.34984694422656,139.9911795078468
2026-01-18,8.0,130.0932680484121,129.3376923042161,131.12222203409436,142.92134244952416,141.90138474333648,143.85312328249483,135.25577546733794,135.2436136886719,135.25881558044367,136.01959954851566,135.20453021846964,137.03582243542962,138.51388223583066,137.16981303565552,140.18869762892095,138.53689314861327,137.3095761083201,139.95800110583247
2026-01-19,8.0,130.0932680484121,129.3376923042161,131.12222203409436,142.8820181741945,141.86689925908408,143.80840715017223,135.25594747898697,135.2448185565702,135.2588001529165,136.01959954851566,135.20453021846964,137.03582243542962,138.47472997215004,137.13260739841604,140.15478236315246,138.49760449655102,137.26954128821694,139.9248213211831
2026-01-20,8.0,130.0932680484121,129.3376923042161,131.12222203409436,142.84289669387024,141.82962621349915,143.76528615729754,135.25610631682025,135.24592709193814,135.25878705332846,136.01959954851566,135.20453021846964,137.03582243542962,138.43576732965906,137.0940973714738,140.12116451384333,138.4585061877084,137.22970743411852,139.88582202560178
