date,hour,intercept_mean,intercept_lower,intercept_upper,strength_mean,strength_lower,strength_upper,aerobic_mean,aerobic_lower,aerobic_upper,spline_mean,spline_lower,spline_upper,total_mean,total_lower,total_upper,full_model_mean,full_model_lower,full_model_upper
2023-07-12,12.0,-1.8679669079999994,-2.1412044999999997,-1.4958680000000004,0.0,0.0,0.0,0.0,0.0,-0.0,-0.0831316884033999,-0.2642302625,0.12830354749999998,-1.9510985964034007,-2.2996120625,-1.5268530100000004,-1.9492476294999999,-2.3799435,-1.5338492500000005
2023-07-13,12.0,-1.8679669079999994,-2.1412044999999997,-1.4958680000000004,0.0,0.0,0.0,0.0,0.0,-0.0,-0.0831316884033999,-0.2642302625,0.12830354749999998,-1.9510985964034007,-2.2996120625,-1.5268530100000004,-1.9492476294999999,-2.3799435,-1.5338492500000005
2023-07-14,12.0,-1.8679669079999994,-2.1412044999999997,-1.4958680000000004,0.0,0.0,0.0,-0.02685828050391253,-0.0932748863469,0.03164264923654497,-0.0831316884033999,-0.2642302625,0.12830354749999998,-1.977956876907311,-2.3155821560040772,-1.585031612869082,-1.980161843,-2.4050540000000002,-1.5953225000000002
2023-07-15,12.0,-1.8679669079999994,-2.1412044999999997,-1.4958680000000004,0.0,0.0,0.0,-0.04219881121552555,-0.14758427481445,0.04715078149748247,-0.0831316884033999,-0.2642302625,0.12830354749999998,-1.9932974076189252,-2.3289490046947,-1.6230910911036949,-1.997577977,-2.42364775,-1.6201962500000002
2023-07-16,12.0,-1.8679669079999994,-2.1412044999999997,-1.4958680000000004,0.0,0.0,0.0,-0.03515205059066215,-0.1288666334829,0.03493371099016499,-0.0831316884033999,-0.2642302625,0.12830354749999998,-1.9862506469940608,-2.3208186847075125,-1.6068119873893498,-1.9889625455,-2.4098599999999997,-1.60676525
2023-07-17,12.0,-1.8679669079999994,-2.1412044999999997,-1.4958680000000004,0.0,0.0,0.0,-0.029466549184541745,-0.11199970173975,0.027568332904852482,-0.0831316884033999,-0.2642302625,0.12830354749999998,-1.9805651455879423,-2.3164379309768397,-1.5853494994127497,-1.9821701005,-2.4036809999999997,-1.59655775
2023-07-18,12.0,-1.8679669079999994,-2.1412044999999997,-1.4958680000000004,0.0,0.0,0.0,-0.02485494627205764,-0.0974585163468,0.018695152130037487,-0.0831316884033999,-0.2642302625,0.12830354749999998,-1.975953542675458,-2.315015454430936,-1.5741005875092247,-1.9767593085,-2.3987525,-1.5822967500000003
2023-07-19,12.0,-1.8679669079999994,-2.1412044999999997,-1.4958680000000004,0.0,0.0,0.0,-0.03681881351644348,-0.138293062497,0.034905302080499995,-0.0831316884033999,-0.2642302625,0.12830354749999998,-1.9879174099198442,-2.3196883924020524,-1.6095074569757504,-1.99050051,-2.4089947499999997,-1.6074077500000004
2023-07-20,12.0,-1.8679669079999994,-2.1412044999999997,-1.4958680000000004,0.0,0.0,0.0,-0.053311410339123295,-0.1940470009355,0.052966527134924994,-0.0831316884033999,-0.2642302625,0.12830354749999998,-2.0044100067425243,-2.34748117955965,-1.6269748661977752,-2.00935054,-2.4280955,-1.62954475
2023-07-21,12.0,-1.8679669079999994,-2.1412044999999997,-1.4958680000000004,0.0,0.0,0.0,-0.0715125120519644,-0.25765061781105,0.07337234548635,-0.0831316884033999,-0.2642302625,0.12830354749999998,-2.0226111084553646,-2.36661311547108,-1.638674371869725,-2.030042875,-2.44352175,-1.6505692500000002
2023-07-22,12.0,-1.8679669079999994,-2.1412044999999997,-1.4958680000000004,0.0,0.0,0.0,-0.060015453790634735,-0.22366593964800002,0.05507685929443495,-0.0831316884033999,-0.2642302625,0.12830354749999998,-2.011114050194034,-2.3506643671099052,-1.63448648012485,-2.016279265,-2.4304525,-1.6365197500000002
2023-07-23,12.0,-1.8679669079999994,-2.1412044999999997,-1.4958680000000004,0.0,0.0,0.0,-0.05067466581731013,-0.19671778885920002,0.03901441707863249,-0.0831316884033999,-0.2642302625,0.12830354749999998,-2.0017732622207114,-2.340932665380965,-1.6189009292282217,-2.00531735,-2.42105775,-1.6252617500000004
2023-07-24,12.0,-1.8679669079999994,-2.1412044999999997,-1.4958680000000004,0.0,0.0,0.0,-0.04304194415355226,-0.172764289722975,0.028764756930077493,-0.0831316884033999,-0.2642302625,0.12830354749999998,-1.9941405405569508,-2.3262621718562997,-1.6105009441958467,-1.99650077,-2.4083835,-1.6144652500000003
2023-07-25,12.0,-1.8679669079999994,-2.1412044999999997,-1.4958680000000004,0.0,0.0,0.0,-0.062321540202969136,-0.238672853484,0.055841497621649985,-0.0831316884033999,-0.2642302625,0.12830354749999998,-2.0134201366063698,-2.349637288424575,-1.6327948149679998,-2.0187021450000002,-2.4307510000000003,-1.6398777500000001
2023-07-26,12.0,-1.8679669079999994,-2.1412044999999997,-1.4958680000000004,0.0,0.0,0.0,-0.07297662420575733,-0.27391490856449996,0.06854758348814993,-0.0831316884033999,-0.2642302625,0.12830354749999998,-2.0240752206091575,-2.3618501584096676,-1.6395095252991252,-2.030800505,-2.4376625,-1.6519080000000002
2023-07-27,12.0,-1.8679669079999994,-2.1412044999999997,-1.4958680000000004,0.0,0.0,0.0,-0.08837391498443652,-0.326234203482,0.08452510559774992,-0.0831316884033999,-0.2642302625,0.12830354749999998,-2.0394725113878347,-2.389371534522425,-1.6457554927717752,-2.048292205,-2.4552095,-1.66454625
2023-07-28,12.0,-1.8679669079999994,-2.1412044999999997,-1.4958680000000004,0.0,0.0,0.0,-0.10720692804734931,-0.38751520531725,0.10544691199227496,-0.0831316884033999,-0.2642302625,0.12830354749999998,-2.058305524450747,-2.4312668077911,-1.654651411927225,-2.06964317,-2.49008525,-1.6731387500000001
2023-07-29,12.0,-1.8679669079999994,-2.1412044999999997,-1.4958680000000004,0.0,0.0,0.0,-0.09033119359939387,-0.34020470006250003,0.07677538874304993,-0.0831316884033999,-0.2642302625,0.12830354749999998,-2.0414297900027942,-2.3914237053334997,-1.6449796291687828,-2.0496388850000002,-2.46341025,-1.6650142500000003
2023-07-30,12.0,-1.8679669079999994,-2.1412044999999997,-1.4958680000000004,0.0,0.0,0.0,-0.1078739290823595,-0.3990844836135,0.09784843416767494,-0.0831316884033999,-0.2642302625,0.12830354749999998,-2.05897252548576,-2.43429261676145,-1.6555671754036003,-2.069653335,-2.49116275,-1.6751170000000002
2023-07-31,12.0,-1.8679669079999994,-2.1412044999999997,-1.4958680000000004,0.0,0.0,0.0,-0.09122840928240292,-0.3485714313641,0.06890596053792501,-0.0831316884033999,-0.2642302625,0.12830354749999998,-2.0423270056858045,-2.39677201487525,-1.6556625392801174,-2.0501312549999997,-2.46664125,-1.6656564999999999
2023-08-01,12.0,-1.8679669079999994,-2.1412044999999997,-1.4958680000000004,0.0,0.0,0.0,-0.077608544972998,-0.308543995244775,0.05021277640238747,-0.0831316884033999,-0.2642302625,0.12830354749999998,-2.028707141376399,-2.3708288953178998,-1.6397077153068753,-2.034418365,-2.4394370000000003,-1.650237
2023-08-02,12.0,-1.8679669079999994,-2.1412044999999997,-1.4958680000000004,0.0,0.0,0.0,-0.1236798407632407,-0.462080039916,0.1142744234516999,-0.0831316884033999,-0.2642302625,0.12830354749999998,-2.074778437166641,-2.4676878443787498,-1.6663493284983755,-2.08747353,-2.513496,-1.6833920000000002
2023-08-03,12.0,-1.8679669079999994,-2.1412044999999997,-1.4958680000000004,0.0,0.0,0.0,-0.13124579558523106,-0.487571478842,0.12206705061314987,-0.0831316884033999,-0.2642302625,0.12830354749999998,-2.082344391988631,-2.4865801630429996,-1.6736749201532504,-2.095789475,-2.520771,-1.6850215000000002
2023-08-04,12.0,-1.8679669079999994,-2.1412044999999997,-1.4958680000000004,0.0,0.0,0.0,-0.15364683958475442,-0.559924796064,0.14553518390847484,-0.0831316884033999,-0.2642302625,0.12830354749999998,-2.1047454359881534,-2.544039250143275,-1.696889438727125,-2.12118659,-2.5575307499999997,-1.6985695
2023-08-05,12.0,-1.8679669079999994,-2.1412044999999997,-1.4958680000000004,0.0,0.0,0.0,-0.12984611204080948,-0.4923583326368,0.10285084573239994,-0.0831316884033999,-0.2642302625,0.12830354749999998,-2.0809447084442128,-2.4862261958035,-1.6893045468437502,-2.09313703,-2.5190365,-1.6856827500000002
2023-08-06,12.0,-1.8679669079999994,-2.1412044999999997,-1.4958680000000004,0.0,0.0,0.0,-0.11038927768038376,-0.434125833453975,0.07261714018205,-0.0831316884033999,-0.2642302625,0.12830354749999998,-2.0614878740837836,-2.433942638061,-1.6716793347097998,-2.07060724,-2.49003825,-1.6738590000000002
2023-08-07,12.0,-1.8679669079999994,-2.1412044999999997,-1.4958680000000004,0.0,0.0,0.0,-0.09438791194521294,-0.376155508914,0.05847880626612499,-0.0831316884033999,-0.2642302625,0.12830354749999998,-2.0454865083486116,-2.3946120610605,-1.6667238703728753,-2.0523383249999996,-2.46609325,-1.6613097500000003
2023-08-08,12.0,-1.8679669079999994,-2.1412044999999997,-1.4958680000000004,0.0,0.0,0.0,-0.08114324319225483,-0.34318472229630004,0.05013208212949986,-0.0831316884033999,-0.2642302625,0.12830354749999998,-2.032241839595657,-2.3722058075864996,-1.6570747467172926,-2.03739413,-2.44064375,-1.6495060000000001
2023-08-09,12.0,-1.8679669079999994,-2.1412044999999997,-1.4958680000000004,0.0,0.0,0.0,-0.09552321560837766,-0.3753449160285,0.060576986181874924,-0.0831316884033999,-0.2642302625,0.12830354749999998,-2.0466218120117774,-2.3958266738847502,-1.666378675502875,-2.0541174199999994,-2.469582,-1.6628307500000004
2023-08-10,12.0,-1.8679669079999994,-2.1412044999999997,-1.4958680000000004,0.0,0.0,0.0,-0.10686299688858096,-0.41499663759825,0.07513694594604994,-0.0831316884033999,-0.2642302625,0.12830354749999998,-2.057961593291981,-2.4167977307455,-1.6709731838032,-2.0671829500000003,-2.4867785,-1.6744077499999999
2023-08-11,12.0,-1.8679669079999994,-2.1412044999999997,-1.4958680000000004,0.0,0.0,0.0,-0.13868395265053154,-0.5166301408468,0.12257902786049987,-0.0831316884033999,-0.2642302625,0.12830354749999998,-2.0897825490539303,-2.5058690942029997,-1.6944664213237755,-2.10372222,-2.532423,-1.69357825
2023-08-12,12.0,-1.8679669079999994,-2.1412044999999997,-1.4958680000000004,0.0,0.0,0.0,-0.1179316634119289,-0.4568043858741,0.08259296761377492,-0.0831316884033999,-0.2642302625,0.12830354749999998,-2.069030259815327,-2.445194603963,-1.6851774912333,-2.07941474,-2.502716,-1.6834395
2023-08-13,12.0,-1.8679669079999994,-2.1412044999999997,-1.4958680000000004,0.0,0.0,0.0,-0.1008673303296959,-0.4080516379809,0.06182469890024996,-0.0831316884033999,-0.2642302625,0.12830354749999998,-2.0519659267330956,-2.40973466286925,-1.6758148238716253,-2.05977172,-2.475442,-1.66632175
2023-08-14,12.0,-1.8679669079999994,-2.1412044999999997,-1.4958680000000004,0.0,0.0,0.0,-0.08675455788105982,-0.3689885269224,0.05222896398999986,-0.0831316884033999,-0.2642302625,0.12830354749999998,-2.0378531542844605,-2.3809495397347,-1.6651092396127505,-2.04374721,-2.450136,-1.6571582500000002
2023-08-15,12.0,-1.8679669079999994,-2.1412044999999997,-1.4958680000000004,0.0,0.0,0.0,-0.07500969814052266,-0.32927111329455,0.043667673173084856,-0.0831316884033999,-0.2642302625,0.12830354749999998,-2.0261082945439237,-2.3625134018553,-1.6554867713068073,-2.0305607599999997,-2.4288265,-1.6444265000000002
2023-08-16,12.0,-1.8679669079999994,-2.1412044999999997,-1.4958680000000004,0.0,0.0,0.0,-0.0895340907070842,-0.3696932902227,0.05666785955024998,-0.0831316884033999,-0.2642302625,0.12830354749999998,-2.0406326871104863,-2.38771366353085,-1.6652732042463754,-2.04746471,-2.45967825,-1.6626640000000004
2023-08-17,12.0,-1.8679669079999994,-2.1412044999999997,-1.4958680000000004,0.0,0.0,0.0,-0.1262451485339028,-0.48074218999995,0.1062992843594999,-0.0831316884033999,-0.2642302625,0.12830354749999998,-2.077343744937302,-2.464770171177,-1.6920872181007003,-2.08974475,-2.51210475,-1.6913900000000002
2023-08-18,12.0,-1.8679669079999994,-2.1412044999999997,-1.4958680000000004,0.0,0.0,0.0,-0.1077097719692881,-0.4249067539212,0.07304893342294992,-0.0831316884033999,-0.2642302625,0.12830354749999998,-2.058808368372688,-2.42173510795525,-1.6747296020752505,-2.0680372749999996,-2.48598875,-1.67761025
2023-08-19,12.0,-1.8679669079999994,-2.1412044999999997,-1.4958680000000004,0.0,0.0,0.0,-0.09242928207943635,-0.38424005043299997,0.05575557303272489,-0.0831316884033999,-0.2642302625,0.12830354749999998,-2.043527878482836,-2.3941412015565997,-1.6769912245892502,-2.050454145,-2.46146625,-1.66243575
2023-08-20,12.0,-1.8679669079999994,-2.1412044999999997,-1.4958680000000004,0.0,0.0,0.0,-0.14424951874578212,-0.54194371785585,0.1235082736124999,-0.0831316884033999,-0.2642302625,0.12830354749999998,-2.0953481151491826,-2.5227865309443502,-1.6958013522186255,-2.1101663950000003,-2.53821075,-1.704725500000001
2023-08-21,12.0,-1.8679669079999994,-2.1412044999999997,-1.4958680000000004,0.0,0.0,0.0,-0.12283897038987583,-0.48011540040854994,0.0880770538699749,-0.0831316884033999,-0.2642302625,0.12830354749999998,-2.0739375667932762,-2.46303671654475,-1.68497993421445,-2.084992235,-2.50780775,-1.6848085
2023-08-22,12.0,-1.8679669079999994,-2.1412044999999997,-1.4958680000000004,0.0,0.0,0.0,-0.10522689400803921,-0.430847721978,0.06525947885852491,-0.0831316884033999,-0.2642302625,0.12830354749999998,-2.0563254904114405,-2.42283183250025,-1.6759585969723754,-2.0646503700000003,-2.48019925,-1.66765975
2023-08-23,12.0,-1.8679669079999994,-2.1412044999999997,-1.4958680000000004,0.0,0.0,0.0,-0.11069987596169428,-0.4421858219526,0.06989445095497498,-0.0831316884033999,-0.2642302625,0.12830354749999998,-2.061798472365094,-2.4339927056310002,-1.6752586037917503,-2.070993665,-2.486863,-1.67440075
2023-08-24,12.0,-1.8679669079999994,-2.1412044999999997,-1.4958680000000004,0.0,0.0,0.0,-0.12625181175563502,-0.49069102287782496,0.09173880976202484,-0.0831316884033999,-0.2642302625,0.12830354749999998,-2.077350408159034,-2.4622317629725,-1.6926309994076503,-2.0888799049999998,-2.51124175,-1.6889102500000004
2023-08-25,12.0,-1.8679669079999994,-2.1412044999999997,-1.4958680000000004,0.0,0.0,0.0,-0.10811815803101603,-0.4364804315982,0.06760954618149999,-0.0831316884033999,-0.2642302625,0.12830354749999998,-2.0592167544344173,-2.430363409359,-1.6757631327705003,-2.06789541,-2.48226925,-1.6694575000000003
2023-08-26,12.0,-1.8679669079999994,-2.1412044999999997,-1.4958680000000004,0.0,0.0,0.0,-0.09311864862589546,-0.3951601837309,0.05463939387912487,-0.0831316884033999,-0.2642302625,0.12830354749999998,-2.044217245029296,-2.3905074797994996,-1.6777490713804,-2.050794035,-2.45756575,-1.6620227500000002
2023-08-27,12.0,-1.8679669079999994,-2.1412044999999997,-1.4958680000000004,0.0,0.0,0.0,-0.08063589348604432,-0.3454335469248,0.04679092670389991,-0.0831316884033999,-0.2642302625,0.12830354749999998,-2.0317344898894443,-2.3650400026596,-1.6645023772054253,-2.03673086,-2.435794,-1.64908525
2023-08-28,12.0,-1.8679669079999994,-2.1412044999999997,-1.4958680000000004,0.0,0.0,0.0,-0.07018263660114263,-0.30983658694439997,0.04141317594134499,-0.0831316884033999,-0.2642302625,0.12830354749999998,-2.0212812330045433,-2.35283590571635,-1.6500932793983278,-2.025070135,-2.4176385,-1.6365045000000005
2023-08-29,12.0,-1.8679669079999994,-2.1412044999999997,-1.4958680000000004,0.0,0.0,0.0,-0.06137603528302398,-0.28061220948460003,0.033112166071824954,-0.0831316884033999,-0.2642302625,0.12830354749999998,-2.0124746316864237,-2.3425890499140576,-1.6457295825505505,-2.01532784,-2.40760325,-1.6218010000000003
2023-08-30,12.0,-1.8679669079999994,-2.1412044999999997,-1.4958680000000004,0.0,0.0,0.0,-0.07028177500079487,-0.3016546684242,0.04124077788762497,-0.0831316884033999,-0.2642302625,0.12830354749999998,-2.021380371404194,-2.35368067720369,-1.6494473683766429,-2.0257869850000003,-2.4273565,-1.6394030000000002
2023-08-31,12.0,-1.8679669079999994,-2.1412044999999997,-1.4958680000000004,0.0,0.0,0.0,-0.06124457025806163,-0.2711243863349,0.034960760149874974,-0.0831316884033999,-0.2642302625,0.12830354749999998,-2.0123431666614633,-2.341122174485645,-1.6469240351970105,-2.01559848,-2.413455,-1.6242845000000001
2023-09-01,12.0,-1.8679669079999994,-2.1412044999999997,-1.4958680000000004,0.0,0.0,0.0,-0.05363139288114405,-0.23927585051107497,0.028858093370924986,-0.0831316884033999,-0.2642302625,0.12830354749999998,-2.004729989284545,-2.3306663451179226,-1.6411689847216804,-2.0071118649999997,-2.4014740000000003,-1.61190875
2023-09-02,12.0,-1.8679669079999994,-2.1412044999999997,-1.4958680000000004,0.0,0.0,0.0,-0.04718334047982142,-0.2167598228635,0.022442903933974974,-0.0831316884033999,-0.2642302625,0.12830354749999998,-1.998281936883222,-2.3203748963394526,-1.6363679270980203,-1.999986765,-2.396112,-1.6074537500000001
2023-09-03,12.0,-1.8679669079999994,-2.1412044999999997,-1.4958680000000004,0.0,0.0,0.0,-0.0416924566983933,-0.200891888001025,0.017520199014809952,-0.0831316884033999,-0.2642302625,0.12830354749999998,-1.9927910531017927,-2.3180028950997524,-1.6316138172288002,-1.99396145,-2.390226,-1.6043207500000005
2023-09-04,12.0,-1.8679669079999994,-2.1412044999999997,-1.4958680000000004,0.0,0.0,0.0,-0.05680930948511494,-0.2377362655192,0.03570384129524996,-0.0831316884033999,-0.2642302625,0.12830354749999998,-2.007907905888516,-2.33430286602753,-1.644586028002653,-2.01151755,-2.40868425,-1.6257700000000002
2023-09-05,12.0,-1.8679669079999994,-2.1412044999999997,-1.4958680000000004,0.0,0.0,0.0,-0.04949832776468487,-0.2097088356314,0.02879596049129997,-0.0831316884033999,-0.2642302625,0.12830354749999998,-2.000596924168085,-2.3216984700457752,-1.6408715895289505,-2.0031332550000003,-2.4002702499999997,-1.6145385
2023-09-06,12.0,-1.8679669079999994,-2.1412044999999997,-1.4958680000000004,0.0,0.0,0.0,-0.07278782803025254,-0.2871309905714,0.05365075222889995,-0.0831316884033999,-0.2642302625,0.12830354749999998,-2.023886424433652,-2.356106292584285,-1.6534264400180876,-2.029997285,-2.4294675000000003,-1.6528277500000002
2023-09-07,12.0,-1.8679669079999994,-2.1412044999999997,-1.4958680000000004,0.0,0.0,0.0,-0.06269088631287763,-0.256845278296075,0.040993511838352495,-0.0831316884033999,-0.2642302625,0.12830354749999998,-2.0137894827162763,-2.3425233582443825,-1.6459841441082255,-2.018168955,-2.41890275,-1.6361750000000002
2023-09-08,12.0,-1.8679669079999994,-2.1412044999999997,-1.4958680000000004,0.0,0.0,0.0,-0.05432332375321223,-0.2274651809563,0.031054425061684973,-0.0831316884033999,-0.2642302625,0.12830354749999998,-2.005421920156612,-2.3309770205856246,-1.643957637803808,-2.0085376,-2.40778725,-1.6211995
2023-09-09,12.0,-1.8679669079999994,-2.1412044999999997,-1.4958680000000004,0.0,0.0,0.0,-0.04734669302452265,-0.2006360613327,0.02667342986132496,-0.0831316884033999,-0.2642302625,0.12830354749999998,-1.9984452894279212,-2.318849596619675,-1.6365720413077505,-2.0006155050000003,-2.3990882499999997,-1.613669
2023-09-10,12.0,-1.8679669079999994,-2.1412044999999997,-1.4958680000000004,0.0,0.0,0.0,-0.07998986100979108,-0.30059856992269995,0.06268634312620745,-0.0831316884033999,-0.2642302625,0.12830354749999998,-2.0310884574131935,-2.3594293105972475,-1.6557429668678374,-2.038266315,-2.4349225,-1.6619860000000002
2023-09-11,12.0,-1.8679669079999994,-2.1412044999999997,-1.4958680000000004,0.0,0.0,0.0,-0.06860317762556113,-0.27455529763,0.04694373655577992,-0.0831316884033999,-0.2642302625,0.12830354749999998,-2.0197017740289613,-2.3519900579764625,-1.6504961165829553,-2.024849455,-2.42383725,-1.6492845000000005
2023-09-12,12.0,-1.8679669079999994,-2.1412044999999997,-1.4958680000000004,0.0,0.0,0.0,-0.05920307471029656,-0.24570152150564994,0.03497896521642498,-0.0831316884033999,-0.2642302625,0.12830354749999998,-2.0103016711136976,-2.33929962454304,-1.6452841311243105,-2.01397485,-2.4142817500000002,-1.6308195
2023-09-13,12.0,-1.8679669079999994,-2.1412044999999997,-1.4958680000000004,0.0,0.0,0.0,-0.08363508686188449,-0.3147867228177,0.06662539462904994,-0.0831316884033999,-0.2642302625,0.12830354749999998,-2.034733683265284,-2.3664830469235,-1.6585169522874252,-2.0421156799999998,-2.4408309999999998,-1.6643835
2023-09-14,12.0,-1.8679669079999994,-2.1412044999999997,-1.4958680000000004,0.0,0.0,0.0,-0.10158705660490518,-0.3723470917402,0.08577598546394993,-0.0831316884033999,-0.2642302625,0.12830354749999998,-2.0526856530083046,-2.40443864361,-1.6721448667391254,-2.0625747549999995,-2.47236475,-1.671949
2023-09-15,12.0,-1.8679669079999994,-2.1412044999999997,-1.4958680000000004,0.0,0.0,0.0,-0.11379432360397813,-0.42528556631674996,0.09945034200304993,-0.0831316884033999,-0.2642302625,0.12830354749999998,-2.0648929200073796,-2.42896473651905,-1.6889838016405003,-2.07629862,-2.4913135,-1.6872607500000005
2023-09-16,12.0,-1.8679669079999994,-2.1412044999999997,-1.4958680000000004,0.0,0.0,0.0,-0.096866402491741,-0.364007821325225,0.0725183702057999,-0.0831316884033999,-0.2642302625,0.12830354749999998,-2.0479649988951416,-2.3950598574941497,-1.6694587008739499,-2.0563173900000002,-2.46702225,-1.6687352500000003
2023-09-17,12.0,-1.8679669079999994,-2.1412044999999997,-1.4958680000000004,0.0,0.0,0.0,-0.08298213191960438,-0.32442093593419996,0.050824155749534985,-0.0831316884033999,-0.2642302625,0.12830354749999998,-2.0340807283230027,-2.3675277841636997,-1.6601660673363003,-2.0402180349999997,-2.440664,-1.658489
2023-09-18,12.0,-1.8679669079999994,-2.1412044999999997,-1.4958680000000004,0.0,0.0,0.0,-0.07152234330477401,-0.29380710150190004,0.04177750482112492,-0.0831316884033999,-0.2642302625,0.12830354749999998,-2.022620939708175,-2.352499238910675,-1.65361214855074,-2.0271169849999997,-2.42912475,-1.6478995
2023-09-19,12.0,-1.8679669079999994,-2.1412044999999997,-1.4958680000000004,0.0,0.0,0.0,-0.061999495418133675,-0.2653237226234,0.03562194472640994,-0.0831316884033999,-0.2642302625,0.12830354749999998,-2.013098091821537,-2.3388229345281424,-1.6469559320648128,-2.01635758,-2.4133415,-1.63057575
2023-09-20,12.0,-1.8679669079999994,-2.1412044999999997,-1.4958680000000004,0.0,0.0,0.0,-0.08689107450278437,-0.3321138781923,0.06605142730154998,-0.0831316884033999,-0.2642302625,0.12830354749999998,-2.0379896709061835,-2.3768410599207,-1.6680359190751002,-2.0451281900000002,-2.4436934999999997,-1.6642765000000002
2023-09-21,12.0,-1.8679669079999994,-2.1412044999999997,-1.4958680000000004,0.0,0.0,0.0,-0.1335276620822766,-0.50736689912775,0.11797880451297496,-0.0831316884033999,-0.2642302625,0.12830354749999998,-2.0846262584856774,-2.4762001270437497,-1.70305861444912,-2.0986831399999994,-2.52349575,-1.69296825
2023-09-22,12.0,-1.8679669079999994,-2.1412044999999997,-1.4958680000000004,0.0,0.0,0.0,-0.11349175898675049,-0.4278889055511,0.08903038596107485,-0.0831316884033999,-0.2642302625,0.12830354749999998,-2.064590355390151,-2.43124167118375,-1.6922891065021,-2.0749039149999997,-2.49004675,-1.6813685000000003
2023-09-23,12.0,-1.8679669079999994,-2.1412044999999997,-1.4958680000000004,0.0,0.0,0.0,-0.09706448983092471,-0.3780438610632,0.06191841735440249,-0.0831316884033999,-0.2642302625,0.12830354749999998,-2.0481630862343247,-2.396425197459,-1.6839950283299379,-2.055782945,-2.4657335,-1.66614525
2023-09-24,12.0,-1.8679669079999994,-2.1412044999999997,-1.4958680000000004,0.0,0.0,0.0,-0.08351754620544549,-0.341936385553,0.0498968692448749,-0.0831316884033999,-0.2642302625,0.12830354749999998,-2.034616142608847,-2.3720988443610502,-1.665634206464075,-2.040252745,-2.441466,-1.6608092499999998
2023-09-25,12.0,-1.8679669079999994,-2.1412044999999997,-1.4958680000000004,0.0,0.0,0.0,-0.07227258405408414,-0.30393497509559997,0.041623317281864886,-0.0831316884033999,-0.2642302625,0.12830354749999998,-2.0233711804574837,-2.35541304645295,-1.6639543008103954,-2.027521995,-2.4272065,-1.644464
2023-09-26,12.0,-1.8679669079999994,-2.1412044999999997,-1.4958680000000004,0.0,0.0,0.0,-0.0628770609816545,-0.27993507267809997,0.03678437988903498,-0.0831316884033999,-0.2642302625,0.12830354749999998,-2.0139756573850534,-2.339154190711225,-1.65878977668047,-2.016997125,-2.41584675,-1.6302072500000004
2023-09-27,12.0,-1.8679669079999994,-2.1412044999999997,-1.4958680000000004,0.0,0.0,0.0,-0.05497720455789001,-0.2468987071299,0.031179696079024995,-0.0831316884033999,-0.2642302625,0.12830354749999998,-2.0060758009612907,-2.3274950180129723,-1.6496840008692002,-2.00822771,-2.40385325,-1.6182085000000002
2023-09-28,12.0,-1.8679669079999994,-2.1412044999999997,-1.4958680000000004,0.0,0.0,0.0,-0.04829563830484845,-0.2177924981008,0.023650928687749925,-0.0831316884033999,-0.2642302625,0.12830354749999998,-1.9993942347082472,-2.3199353049323777,-1.6398366518865604,-2.00086825,-2.397185,-1.6093645
2023-09-29,12.0,-1.8679669079999994,-2.1412044999999997,-1.4958680000000004,0.0,0.0,0.0,-0.04261323960201147,-0.19548183287680002,0.018993084082319936,-0.0831316884033999,-0.2642302625,0.12830354749999998,-1.9937118360054105,-2.31808501445499,-1.6328353118979504,-1.99465111,-2.3916022499999996,-1.6062392500000002
2023-09-30,12.0,-1.8679669079999994,-2.1412044999999997,-1.4958680000000004,0.0,0.0,0.0,-0.03775571103119924,-0.183744256542375,0.015731300014619972,-0.0831316884033999,-0.2642302625,0.12830354749999998,-1.9888543074345995,-2.3155058018328076,-1.6212579129488387,-1.98936643,-2.3885052499999997,-1.6028635
2023-10-01,12.0,-1.8679669079999994,-2.1412044999999997,-1.4958680000000004,0.0,0.0,0.0,-0.03358334224190865,-0.173458810384475,0.013027992788339993,-0.0831316884033999,-0.2642302625,0.12830354749999998,-1.9846819386453074,-2.3141530628888,-1.61909156087066,-1.98484858,-2.3852230000000003,-1.59366675
2023-10-02,12.0,-1.8679669079999994,-2.1412044999999997,-1.4958680000000004,0.0,0.0,0.0,-0.029983359419546347,-0.160258862291775,0.01039148898053999,-0.0831316884033999,-0.2642302625,0.12830354749999998,-1.9810819558229462,-2.3110767344971155,-1.6176748449553875,-1.98096577,-2.38421775,-1.5845665
2023-10-03,12.0,-1.8679669079999994,-2.1412044999999997,-1.4958680000000004,0.0,0.0,0.0,-0.0268640647190887,-0.144628792946175,0.008564069979747749,-0.0831316884033999,-0.2642302625,0.12830354749999998,-1.9779626611224899,-2.3081263346198977,-1.6164789810584916,-1.9776119449999998,-2.3840565000000002,-1.5820370000000004
2023-10-04,12.0,-1.8679669079999994,-2.1412044999999997,-1.4958680000000004,0.0,0.0,0.0,-0.040571063602558466,-0.16890141085735,0.02526832098245748,-0.0831316884033999,-0.2642302625,0.12830354749999998,-1.9916696600059596,-2.3153268858715372,-1.6229078243696173,-1.993509525,-2.399145,-1.6105510000000005
2023-10-05,12.0,-1.8679669079999994,-2.1412044999999997,-1.4958680000000004,0.0,0.0,0.0,-0.0554816216004967,-0.21721115094389998,0.0402806789632275,-0.0831316884033999,-0.2642302625,0.12830354749999998,-2.0065802180038967,-2.3335198858093,-1.6297401139604002,-2.01065081,-2.4142502500000003,-1.6327837500000002
2023-10-06,12.0,-1.8679669079999994,-2.1412044999999997,-1.4958680000000004,0.0,0.0,0.0,-0.07537434512033209,-0.272414439912825,0.06460242876706247,-0.0831316884033999,-0.2642302625,0.12830354749999998,-2.026472941523732,-2.36050729840682,-1.657487200639875,-2.033400335,-2.43588775,-1.6595225000000002
2023-10-07,12.0,-1.8679669079999994,-2.1412044999999997,-1.4958680000000004,0.0,0.0,0.0,-0.06442390045096183,-0.247445225931525,0.047421214281369965,-0.0831316884033999,-0.2642302625,0.12830354749999998,-2.0155224968543615,-2.3468792177625852,-1.6492981465704928,-2.020378185,-2.42216625,-1.6452920000000002
2023-10-08,12.0,-1.8679669079999994,-2.1412044999999997,-1.4958680000000004,0.0,0.0,0.0,-0.05542813387344542,-0.22359414376275,0.035048276081954995,-0.0831316884033999,-0.2642302625,0.12830354749999998,-2.0065267302768466,-2.3350515618006753,-1.6299846919428251,-2.00989252,-2.41144575,-1.6296602500000001
2023-10-09,12.0,-1.8679669079999994,-2.1412044999999997,-1.4958680000000004,0.0,0.0,0.0,-0.04799258593609476,-0.19838588629089998,0.02703336032481498,-0.0831316884033999,-0.2642302625,0.12830354749999998,-1.9990911823394943,-2.3208911184263252,-1.62612602914937,-2.001358965,-2.40309275,-1.61611975
2023-10-10,12.0,-1.8679669079999994,-2.1412044999999997,-1.4958680000000004,0.0,0.0,0.0,-0.041803898158616536,-0.1749648137622,0.024017905817419964,-0.0831316884033999,-0.2642302625,0.12830354749999998,-1.9929024945620177,-2.3195841028458974,-1.6234571173288526,-1.99434573,-2.39845775,-1.6087462499999998
2023-10-11,12.0,-1.8679669079999994,-2.1412044999999997,-1.4958680000000004,0.0,0.0,0.0,-0.03661703924535094,-0.1574254271213,0.019996367172554985,-0.0831316884033999,-0.2642302625,0.12830354749999998,-1.9877156356487502,-2.3148975270352694,-1.6209350889323826,-1.988529955,-2.3946330000000002,-1.6024215000000002
2023-10-12,12.0,-1.8679669079999994,-2.1412044999999997,-1.4958680000000004,0.0,0.0,0.0,-0.0787479190381949,-0.28697323760365,0.06638805338463748,-0.0831316884033999,-0.2642302625,0.12830354749999998,-2.0298465154415943,-2.3604760652834975,-1.65518295753885,-2.03711003,-2.4370877500000003,-1.6629322500000003
2023-10-13,12.0,-1.8679669079999994,-2.1412044999999997,-1.4958680000000004,0.0,0.0,0.0,-0.09636972427654308,-0.3634741083298,0.086122608412125,-0.0831316884033999,-0.2642302625,0.12830354749999998,-2.0474683206799416,-2.3931535801371,-1.6713721106933752,-2.057087515,-2.4633237500000003,-1.6746367500000003
2023-10-14,12.0,-1.8679669079999994,-2.1412044999999997,-1.4958680000000004,0.0,0.0,0.0,-0.08194725571105071,-0.3047817995894,0.06467417254942993,-0.0831316884033999,-0.2642302625,0.12830354749999998,-2.0330458521144505,-2.3670470591184,-1.6585588826881126,-2.039917565,-2.43832125,-1.6634962500000001
2023-10-15,12.0,-1.8679669079999994,-2.1412044999999997,-1.4958680000000004,0.0,0.0,0.0,-0.07013615547262807,-0.26937673044,0.0460087328843325,-0.0831316884033999,-0.2642302625,0.12830354749999998,-2.021234751876027,-2.3562823463574722,-1.653950261105425,-2.0261323,-2.4255910000000003,-1.6522932500000003
2023-10-16,12.0,-1.8679669079999994,-2.1412044999999997,-1.4958680000000004,0.0,0.0,0.0,-0.06040522131304494,-0.24565248732974998,0.03557396114962493,-0.0831316884033999,-0.2642302625,0.12830354749999998,-2.011503817716446,-2.342738185529705,-1.6432779970455003,-2.0149502200000002,-2.41888325,-1.635408
2023-10-17,12.0,-1.8679669079999994,-2.1412044999999997,-1.4958680000000004,0.0,0.0,0.0,-0.05233369177219474,-0.22078085137709996,0.029895369190684935,-0.0831316884033999,-0.2642302625,0.12830354749999998,-2.003432288175594,-2.3296384616095,-1.6277557332901678,-2.00579345,-2.40642075,-1.6179425
2023-10-18,12.0,-1.8679669079999994,-2.1412044999999997,-1.4958680000000004,0.0,0.0,0.0,-0.04559297878241367,-0.1982597510747,0.026436530858094998,-0.0831316884033999,-0.2642302625,0.12830354749999998,-1.9966915751858128,-2.31909242420095,-1.6248641071389476,-1.9982293400000002,-2.39950375,-1.61052575
2023-10-19,12.0,-1.8679669079999994,-2.1412044999999997,-1.4958680000000004,0.0,0.0,0.0,-0.03992693856657184,-0.1748659797311,0.02242987016565,-0.0831316884033999,-0.2642302625,0.12830354749999998,-1.991025534969973,-2.319134991984255,-1.622500032233015,-1.9919307749999997,-2.39424875,-1.602451
2023-10-20,12.0,-1.8679669079999994,-2.1412044999999997,-1.4958680000000004,0.0,0.0,0.0,-0.03513500078433547,-0.155412048171275,0.01721872717109496,-0.0831316884033999,-0.2642302625,0.12830354749999998,-1.9862335971877363,-2.314685615955892,-1.6205367646965525,-1.9866468050000001,-2.390088,-1.5974015000000004
2023-10-21,12.0,-1.8679669079999994,-2.1412044999999997,-1.4958680000000004,0.0,0.0,0.0,-0.031059154113884452,-0.146171485661,0.013532764504499951,-0.0831316884033999,-0.2642302625,0.12830354749999998,-1.982157750517283,-2.3142607498023278,-1.6188767783432776,-1.9821842200000002,-2.3881932499999996,-1.59265875
2023-10-22,12.0,-1.8679669079999994,-2.1412044999999997,-1.4958680000000004,0.0,0.0,0.0,-0.02757387130887113,-0.137229000396075,0.011206632034439975,-0.0831316884033999,-0.2642302625,0.12830354749999998,-1.9786724677122718,-2.3109756182809953,-1.6174572371506148,-1.978390755,-2.3854965,-1.5857945
2023-10-23,12.0,-1.8679669079999994,-2.1412044999999997,-1.4958680000000004,0.0,0.0,0.0,-0.0245787579204564,-0.126708257083125,0.009289385925569993,-0.0831316884033999,-0.2642302625,0.12830354749999998,-1.9756773543238564,-2.3080370542178943,-1.6162678142966824,-1.97514746,-2.384954,-1.579317
2023-10-24,12.0,-1.8679669079999994,-2.1412044999999997,-1.4958680000000004,0.0,0.0,0.0,-0.02199284440928805,-0.115301707917375,0.007505655121394996,-0.0831316884033999,-0.2642302625,0.12830354749999998,-1.9730914408126887,-2.3030616765510974,-1.6077268365847501,-1.9723591849999997,-2.38404325,-1.5761325000000002
2023-10-25,12.0,-1.8679669079999994,-2.1412044999999997,-1.4958680000000004,0.0,0.0,0.0,-0.019750433004047892,-0.10269764676345,0.0061224952753185,-0.0831316884033999,-0.2642302625,0.12830354749999998,-1.9708490294074474,-2.300190057859162,-1.5981697101359005,-1.969949655,-2.38339175,-1.5757922500000003
2023-10-26,12.0,-1.8679669079999994,-2.1412044999999997,-1.4958680000000004,0.0,0.0,0.0,-0.01779781719819853,-0.09392213080964999,0.005065592711959998,-0.0831316884033999,-0.2642302625,0.12830354749999998,-1.9688964136015985,-2.300178097550548,-1.59193265494412,-1.9678573449999999,-2.3828905000000002,-1.5714015000000003
2023-10-27,12.0,-1.8679669079999994,-2.1412044999999997,-1.4958680000000004,0.0,0.0,0.0,-0.016090847951979945,-0.08593087610287499,0.0042045537722175,-0.0831316884033999,-0.2642302625,0.12830354749999998,-1.9671894443553808,-2.300157347950528,-1.5914322270239774,-1.9660326049999999,-2.3820254999999997,-1.56945675
2023-10-28,12.0,-1.8679669079999994,-2.1412044999999997,-1.4958680000000004,0.0,0.0,0.0,-0.014593038922997523,-0.07862688483734999,0.003467320371727499,-0.0831316884033999,-0.2642302625,0.12830354749999998,-1.965691635326397,-2.3001333131100843,-1.591001612541705,-1.9644338950000002,-2.3811744999999997,-1.56694925
2023-10-29,12.0,-1.8679669079999994,-2.1412044999999997,-1.4958680000000004,0.0,0.0,0.0,-0.013274039676772256,-0.0721727348678,0.0027673274674224996,-0.0831316884033999,-0.2642302625,0.12830354749999998,-1.9643726360801728,-2.3001088519220074,-1.5906310889632835,-1.96302793,-2.38051125,-1.5657732500000003
2023-10-30,12.0,-1.8679669079999994,-2.1412044999999997,-1.4958680000000004,0.0,0.0,0.0,-0.012108525594388398,-0.0670934344624,0.0022107504128249986,-0.0831316884033999,-0.2642302625,0.12830354749999998,-1.963207121997789,-2.3000853797091696,-1.5892471764853175,-1.96178666,-2.37997725,-1.5617480000000004
2023-10-31,12.0,-1.8679669079999994,-2.1412044999999997,-1.4958680000000004,0.0,0.0,0.0,-0.011075251618001122,-0.06237513077635,0.0018106815500250001,-0.0831316884033999,-0.2642302625,0.12830354749999998,-1.9621738480214026,-2.3000635448748405,-1.5838561377116054,-1.96068678,-2.3796690000000003,-1.5599215000000004
2023-11-01,12.0,-1.8679669079999994,-2.1412044999999997,-1.4958680000000004,0.0,0.0,0.0,-0.03920514921020314,-0.145382284736725,0.03489349566104999,-0.0831316884033999,-0.2642302625,0.12830354749999998,-1.990303745613603,-2.3192177541711296,-1.6156235384447641,-1.99310913,-2.4072500000000003,-1.6151425000000004
2023-11-02,12.0,-1.8679669079999994,-2.1412044999999997,-1.4958680000000004,0.0,0.0,0.0,-0.03352762719942715,-0.12350755398607499,0.0253306547406,-0.0831316884033999,-0.2642302625,0.12830354749999998,-1.9846262236028276,-2.315295370259966,-1.6100675777579503,-1.9862529649999998,-2.4016455,-1.60287025
2023-11-03,12.0,-1.8679669079999994,-2.1412044999999997,-1.4958680000000004,0.0,0.0,0.0,-0.02887496396091011,-0.11067787972312498,0.019682752413939984,-0.0831316884033999,-0.2642302625,0.12830354749999998,-1.9799735603643083,-2.3147510138025233,-1.6050330713024255,-1.98076332,-2.39704575,-1.5945595000000004
2023-11-04,12.0,-1.8679669079999994,-2.1412044999999997,-1.4958680000000004,0.0,0.0,0.0,-0.02503954488856887,-0.099960145328975,0.0140532826791325,-0.0831316884033999,-0.2642302625,0.12830354749999998,-1.9761381412919674,-2.3116289939320973,-1.598300487178323,-1.9763178200000002,-2.3932944999999997,-1.5827175
2023-11-05,12.0,-1.8679669079999994,-2.1412044999999997,-1.4958680000000004,0.0,0.0,0.0,-0.02185511611594638,-0.091253717604075,0.012286556673969974,-0.0831316884033999,-0.2642302625,0.12830354749999998,-1.972953712519345,-2.3057785731272995,-1.5902349954819404,-1.9726800450000002,-2.3903562500000004,-1.5767460000000002
2023-11-06,12.0,-1.8679669079999994,-2.1412044999999997,-1.4958680000000004,0.0,0.0,0.0,-0.019191579477352103,-0.08421544328265,0.010190586248492487,-0.0831316884033999,-0.2642302625,0.12830354749999998,-1.9702901758807523,-2.300015848425997,-1.5828506085463676,-1.9696740949999998,-2.388252,-1.574177
2023-11-07,12.0,-1.8679669079999994,-2.1412044999999997,-1.4958680000000004,0.0,0.0,0.0,-0.01694770683340028,-0.07763652936629999,0.008401082975687498,-0.0831316884033999,-0.2642302625,0.12830354749999998,-1.9680463032367999,-2.2990030349228365,-1.5760834754521589,-1.9671681650000001,-2.3864835,-1.569734
2023-11-08,12.0,-1.8679669079999994,-2.1412044999999997,-1.4958680000000004,0.0,0.0,0.0,-0.015044514661715955,-0.07077211773617999,0.0068875210452074955,-0.0831316884033999,-0.2642302625,0.12830354749999998,-1.9661431110651153,-2.299465634809213,-1.573910387215215,-1.9650619950000001,-2.38488725,-1.5653130000000002
2023-11-09,12.0,-1.8679669079999994,-2.1412044999999997,-1.4958680000000004,0.0,0.0,0.0,-0.03968030480173705,-0.144360930396125,0.03441431199463498,-0.0831316884033999,-0.2642302625,0.12830354749999998,-1.990778901205137,-2.3208423385592023,-1.61550206860015,-1.993461415,-2.40786375,-1.616687
2023-11-10,12.0,-1.8679669079999994,-2.1412044999999997,-1.4958680000000004,0.0,0.0,0.0,-0.033890326247653695,-0.12562003227907498,0.0259435440318875,-0.0831316884033999,-0.2642302625,0.12830354749999998,-1.9849889226510535,-2.315447323773867,-1.6027383680723502,-1.98653068,-2.40212825,-1.6012712500000004
2023-11-11,12.0,-1.8679669079999994,-2.1412044999999997,-1.4958680000000004,0.0,0.0,0.0,-0.02914036049512219,-0.11256022047202499,0.019167370841329988,-0.0831316884033999,-0.2642302625,0.12830354749999998,-1.9802389568985215,-2.3148762627563557,-1.5930814557461002,-1.9809671,-2.39750375,-1.5899795
2023-11-12,12.0,-1.8679669079999994,-2.1412044999999997,-1.4958680000000004,0.0,0.0,0.0,-0.02522087809337276,-0.1000069888725,0.01425581235917498,-0.0831316884033999,-0.2642302625,0.12830354749999998,-1.9763194744967738,-2.312897515081843,-1.5843404767715001,-1.9764530049999998,-2.39364075,-1.5805655000000003
2023-11-13,12.0,-1.8679669079999994,-2.1412044999999997,-1.4958680000000004,0.0,0.0,0.0,-0.0219644907382786,-0.09027012256499999,0.012360433482979995,-0.0831316884033999,-0.2642302625,0.12830354749999998,-1.973063087141681,-2.308715680493925,-1.580082071316524,-1.9727542949999999,-2.39046175,-1.5757270000000005
2023-11-14,12.0,-1.8679669079999994,-2.1412044999999997,-1.4958680000000004,0.0,0.0,0.0,-0.01923999944929936,-0.08151856678189001,0.01075572756723999,-0.0831316884033999,-0.2642302625,0.12830354749999998,-1.9703385958526987,-2.3017291611993747,-1.5746712070932178,-1.9696958100000002,-2.38830375,-1.5729867500000003
2023-11-15,12.0,-1.8679669079999994,-2.1412044999999997,-1.4958680000000004,0.0,0.0,0.0,-0.016945092646068055,-0.07559129378764999,0.008874101975242498,-0.0831316884033999,-0.2642302625,0.12830354749999998,-1.9680436890494701,-2.299124516229494,-1.568684872302171,-1.967145545,-2.38645475,-1.5653595000000005
2023-11-16,12.0,-1.8679669079999994,-2.1412044999999997,-1.4958680000000004,0.0,0.0,0.0,-0.0149996179181977,-0.06972664633278,0.006913314334784991,-0.0831316884033999,-0.2642302625,0.12830354749999998,-1.9660982143215986,-2.299541757781046,-1.5622540549652655,-1.9650025249999998,-2.3850219999999998,-1.5582577499999999
2023-11-17,12.0,-1.8679669079999994,-2.1412044999999997,-1.4958680000000004,0.0,0.0,0.0,-0.013340492200587953,-0.06443041350798,0.005345636185898983,-0.0831316884033999,-0.2642302625,0.12830354749999998,-1.9644390886039862,-2.299784354682302,-1.557495048736853,-1.96318888,-2.3839065,-1.5582377500000004
2023-11-18,12.0,-1.8679669079999994,-2.1412044999999997,-1.4958680000000004,0.0,0.0,0.0,-0.011917627183357865,-0.0587331876610425,0.0044275502628749915,-0.0831316884033999,-0.2642302625,0.12830354749999998,-1.9630162235867592,-2.2999075243433844,-1.556072794859873,-1.961643635,-2.383033,-1.5551055
2023-11-19,12.0,-1.8679669079999994,-2.1412044999999997,-1.4958680000000004,0.0,0.0,0.0,-0.010690990874540294,-0.052285387428464995,0.003670734422705998,-0.0831316884033999,-0.2642302625,0.12830354749999998,-1.961789587277941,-2.2999661934593965,-1.554979570643198,-1.9603192355,-2.3820575,-1.553295
2023-11-20,12.0,-1.8679669079999994,-2.1412044999999997,-1.4958680000000004,0.0,0.0,0.0,-0.009628306863964936,-0.0469346076380325,0.00299550499551,-0.0831316884033999,-0.2642302625,0.12830354749999998,-1.960726903267364,-2.299990412293134,-1.5541349612836204,-1.959177361,-2.3812057500000003,-1.5533885000000007
2023-11-21,12.0,-1.8679669079999994,-2.1412044999999997,-1.4958680000000004,0.0,0.0,0.0,-0.008703407783699789,-0.04293891927777,0.0024637679993429976,-0.0831316884033999,-0.2642302625,0.12830354749999998,-1.9598020041870985,-2.299996581113199,-1.5534792903319743,-1.95818769,-2.3805325,-1.5531162500000006
2023-11-22,12.0,-1.8679669079999994,-2.1412044999999997,-1.4958680000000004,0.0,0.0,0.0,-0.007894903822914147,-0.0392868856896225,0.00204279256386,-0.0831316884033999,-0.2642302625,0.12830354749999998,-1.9589935002263152,-2.2999936123519693,-1.5529679559634044,-1.9573257085,-2.379998,-1.54877375
2023-11-23,12.0,-1.8679669079999994,-2.1412044999999997,-1.4958680000000004,0.0,0.0,0.0,-0.007185208775571442,-0.0359843455047,0.0016349188045657493,-0.0831316884033999,-0.2642302625,0.12830354749999998,-1.95828380517897,-2.2999863166582046,-1.552567491888537,-1.9565710939999998,-2.37966025,-1.5472930000000005
2023-11-24,12.0,-1.8679669079999994,-2.1412044999999997,-1.4958680000000004,0.0,0.0,0.0,-0.006559789054693372,-0.033452769093,0.0013260163406699995,-0.0831316884033999,-0.2642302625,0.12830354749999998,-1.957658385458093,-2.2999772612498206,-1.5522526226972222,-1.95590786,-2.379743,-1.5469380000000008
2023-11-25,12.0,-1.8679669079999994,-2.1412044999999997,-1.4958680000000004,0.0,0.0,0.0,-0.0060065512254029365,-0.031101129512799995,0.001059371431032249,-0.0831316884033999,-0.2642302625,0.12830354749999998,-1.9571051476288033,-2.299967788907848,-1.5520041473717343,-1.9553224560000002,-2.37981725,-1.5441045000000004
2023-11-26,12.0,-1.8679669079999994,-2.1412044999999997,-1.4958680000000004,0.0,0.0,0.0,-0.005515402996915541,-0.0289164339249,0.0008562726390824993,-0.0831316884033999,-0.2642302625,0.12830354749999998,-1.9566139994003144,-2.299958577482816,-1.5518074205830403,-1.954803637,-2.379863,-1.5409694999999999
2023-11-27,12.0,-1.8679669079999994,-2.1412044999999997,-1.4958680000000004,0.0,0.0,0.0,-0.005077867705759044,-0.026893727317269998,0.0007141531023104996,-0.0831316884033999,-0.2642302625,0.12830354749999998,-1.9561764641091608,-2.299949945577191,-1.5516511967635644,-1.9543422094999998,-2.3799092500000003,-1.54090775
2023-11-28,12.0,-1.8679669079999994,-2.1412044999999997,-1.4958680000000004,0.0,0.0,0.0,-0.0046867950530451175,-0.024983534509649998,0.0005983820639619988,-0.0831316884033999,-0.2642302625,0.12830354749999998,-1.955785391456446,-2.2999420211608195,-1.5515268016597434,-1.9539301005,-2.3799465,-1.54087575
2023-11-29,12.0,-1.8679669079999994,-2.1412044999999997,-1.4958680000000004,0.0,0.0,0.0,-0.004336133888655822,-0.022977182650749998,0.0005084457377009985,-0.0831316884033999,-0.2642302625,0.12830354749999998,-1.955434730292057,-2.2999348317923043,-1.5514275111820892,-1.9535612620000002,-2.3799745000000003,-1.5405442500000004
2023-11-30,12.0,-1.8679669079999994,-2.1412044999999997,-1.4958680000000004,0.0,0.0,0.0,-0.00905456783031608,-0.03321734395043249,0.006059715248663994,-0.0831316884033999,-0.2642302625,0.12830354749999998,-1.960153164233717,-2.2950052792085063,-1.5607540941903129,-1.959007981,-2.3852415,-1.55157575
2023-12-01,12.0,-1.8679669079999994,-2.1412044999999997,-1.4958680000000004,0.0,0.0,0.0,-0.03137086298321893,-0.12209259448,0.03189886067711247,-0.0831316884033999,-0.2642302625,0.12830354749999998,-1.9824694593866186,-2.3163671365831124,-1.5876969688642415,-1.984665555,-2.40549875,-1.6024657500000001
2023-12-02,12.0,-1.8679669079999994,-2.1412044999999997,-1.4958680000000004,0.0,0.0,0.0,-0.02649660165692539,-0.10143077993494999,0.023318758759425,-0.0831316884033999,-0.2642302625,0.12830354749999998,-1.977595198060328,-2.3150074481384917,-1.5791395163849236,-1.9787193600000001,-2.40028425,-1.590057
2023-12-03,12.0,-1.8679669079999994,-2.1412044999999997,-1.4958680000000004,0.0,0.0,0.0,-0.02253831083377745,-0.08209697554220001,0.01828431125518999,-0.0831316884033999,-0.2642302625,0.12830354749999998,-1.9736369072371798,-2.3122533992529926,-1.572876377401163,-1.974005654,-2.39594675,-1.57694375
2023-12-04,12.0,-1.8679669079999994,-2.1412044999999997,-1.4958680000000004,0.0,0.0,0.0,-0.019305861766402952,-0.0719746481244225,0.0129241217836425,-0.0831316884033999,-0.2642302625,0.12830354749999998,-1.9704044581698033,-2.305980222795975,-1.56824415246734,-1.970227541,-2.39204975,-1.571587
2023-12-05,12.0,-1.8679669079999994,-2.1412044999999997,-1.4958680000000004,0.0,0.0,0.0,-0.016647762740894127,-0.06475809486391,0.00992271269488749,-0.0831316884033999,-0.2642302625,0.12830354749999998,-1.967746359144296,-2.299772737394315,-1.5650035246361456,-1.9671686304999998,-2.39007725,-1.5652725000000003
2023-12-06,12.0,-1.8679669079999994,-2.1412044999999997,-1.4958680000000004,0.0,0.0,0.0,-0.014446038281525726,-0.05741558880225,0.008163366469299979,-0.0831316884033999,-0.2642302625,0.12830354749999998,-1.965544634684924,-2.2982070049892083,-1.5627363827778922,-1.9646683435,-2.38783975,-1.5599872500000003
2023-12-07,12.0,-1.8679669079999994,-2.1412044999999997,-1.4958680000000004,0.0,0.0,0.0,-0.012609352801999058,-0.051682580994099996,0.0070715062630849895,-0.0831316884033999,-0.2642302625,0.12830354749999998,-1.9637079492054,-2.299011476829877,-1.560839495489208,-1.9626065975,-2.38616825,-1.5579852500000004
2023-12-08,12.0,-1.8679669079999994,-2.1412044999999997,-1.4958680000000004,0.0,0.0,0.0,-0.07290596001645068,-0.2903630611761,0.07529383705252496,-0.0831316884033999,-0.2642302625,0.12830354749999998,-2.0240045564198508,-2.365114458533175,-1.6411023838383751,-2.032036445,-2.4479045,-1.6536442500000001
2023-12-09,12.0,-1.8679669079999994,-2.1412044999999997,-1.4958680000000004,0.0,0.0,0.0,-0.06121106497894282,-0.24951089954414998,0.05678702362484998,-0.0831316884033999,-0.2642302625,0.12830354749999998,-2.012309661382344,-2.3522757650486423,-1.63266527966295,-2.0177940800000003,-2.43110625,-1.6386895000000001
2023-12-10,12.0,-1.8679669079999994,-2.1412044999999997,-1.4958680000000004,0.0,0.0,0.0,-0.05172464752826004,-0.2021238062624,0.04431065756652245,-0.0831316884033999,-0.2642302625,0.12830354749999998,-2.0028232439316604,-2.3384142453055,-1.6167156911042913,-2.00651124,-2.419313,-1.6289215000000001
2023-12-11,12.0,-1.8679669079999994,-2.1412044999999997,-1.4958680000000004,0.0,0.0,0.0,-0.04398961360669145,-0.17308515353009998,0.030262300742715,-0.0831316884033999,-0.2642302625,0.12830354749999998,-1.9950882100100922,-2.325088339266727,-1.608660193924587,-1.9974785350000002,-2.40932325,-1.61791775
2023-12-12,12.0,-1.8679669079999994,-2.1412044999999997,-1.4958680000000004,0.0,0.0,0.0,-0.037641410383974776,-0.153549024369,0.023477549534037495,-0.0831316884033999,-0.2642302625,0.12830354749999998,-1.988740006787376,-2.32124030391775,-1.5969582130870006,-1.99017664,-2.4019049999999997,-1.6020437500000002
2023-12-13,12.0,-1.8679669079999994,-2.1412044999999997,-1.4958680000000004,0.0,0.0,0.0,-0.032395872728916815,-0.13626706191180002,0.020210402610874943,-0.0831316884033999,-0.2642302625,0.12830354749999998,-1.9834944691323175,-2.3152963838217255,-1.5879054965670436,-1.98422094,-2.3979995,-1.5925147500000005
2023-12-14,12.0,-1.8679669079999994,-2.1412044999999997,-1.4958680000000004,0.0,0.0,0.0,-0.028032610722220783,-0.119977484008875,0.01674529839424993,-0.0831316884033999,-0.2642302625,0.12830354749999998,-1.9791312071256186,-2.314757486592316,-1.581314398365683,-1.97932271,-2.3929722499999997,-1.57816975
2023-12-15,12.0,-1.8679669079999994,-2.1412044999999997,-1.4958680000000004,0.0,0.0,0.0,-0.075687201468057,-0.30316813853189994,0.07089625781489996,-0.0831316884033999,-0.2642302625,0.12830354749999998,-2.026785797871456,-2.3646632372937777,-1.6471181851061,-2.0342423249999997,-2.4418807499999997,-1.6566907500000005
2023-12-16,12.0,-1.8679669079999994,-2.1412044999999997,-1.4958680000000004,0.0,0.0,0.0,-0.1076465696818743,-0.40182754076399996,0.10564594301572496,-0.0831316884033999,-0.2642302625,0.12830354749999998,-2.0587451660852736,-2.428276206466175,-1.661613144651125,-2.07065823,-2.48836375,-1.6778007500000003
2023-12-17,12.0,-1.8679669079999994,-2.1412044999999997,-1.4958680000000004,0.0,0.0,0.0,-0.0906549653684829,-0.36012055006939997,0.08054136867634998,-0.0831316884033999,-0.2642302625,0.12830354749999998,-2.0417535617718836,-2.3916146981882,-1.6538622486314025,-2.0502526349999997,-2.4607124999999996,-1.6665137500000002
2023-12-18,12.0,-1.8679669079999994,-2.1412044999999997,-1.4958680000000004,0.0,0.0,0.0,-0.07682502342548478,-0.30083935992300004,0.058746401192049984,-0.0831316884033999,-0.2642302625,0.12830354749999998,-2.0279236198288824,-2.3703090795665,-1.6505670947429252,-2.0339919049999997,-2.43597925,-1.6544530000000002
2023-12-19,12.0,-1.8679669079999994,-2.1412044999999997,-1.4958680000000004,0.0,0.0,0.0,-0.11152670206106478,-0.440855265133,0.10273315896809992,-0.0831316884033999,-0.2642302625,0.12830354749999998,-2.062625298464465,-2.4401206075972497,-1.663821490638625,-2.07384198,-2.4945625,-1.67706925
2023-12-20,12.0,-1.8679669079999994,-2.1412044999999997,-1.4958680000000004,0.0,0.0,0.0,-0.13018752456452268,-0.5018946921165001,0.1222667110538999,-0.0831316884033999,-0.2642302625,0.12830354749999998,-2.0812861209679236,-2.4854470649892497,-1.6806083535532501,-2.0949315200000003,-2.5197747500000003,-1.6911785000000006
2023-12-21,12.0,-1.8679669079999994,-2.1412044999999997,-1.4958680000000004,0.0,0.0,0.0,-0.11002292298623201,-0.42440910331049997,0.08945082255189991,-0.0831316884033999,-0.2642302625,0.12830354749999998,-2.0611215193896313,-2.4366234739979498,-1.6738770213162502,-2.071078125,-2.4914855,-1.6787917500000002
2023-12-22,12.0,-1.8679669079999994,-2.1412044999999997,-1.4958680000000004,0.0,0.0,0.0,-0.09355125994680703,-0.3711117632964,0.06238557887737497,-0.0831316884033999,-0.2642302625,0.12830354749999998,-2.044649856350209,-2.3984846630435,-1.6644006584635003,-2.0519442600000004,-2.4656369999999996,-1.66436125
2023-12-23,12.0,-1.8679669079999994,-2.1412044999999997,-1.4958680000000004,0.0,0.0,0.0,-0.08001439459934036,-0.3293430200685,0.049942430867874976,-0.0831316884033999,-0.2642302625,0.12830354749999998,-2.0311129910027406,-2.3729704511781,-1.656592256208875,-2.036448065,-2.4403232499999996,-1.65680925
2023-12-24,12.0,-1.8679669079999994,-2.1412044999999997,-1.4958680000000004,0.0,0.0,0.0,-0.06881664159835273,-0.2922901386447,0.04274826706724988,-0.0831316884033999,-0.2642302625,0.12830354749999998,-2.0199152380017518,-2.3510324408875776,-1.6477012406828002,-2.02378665,-2.42191575,-1.6398632500000003
2023-12-25,12.0,-1.8679669079999994,-2.1412044999999997,-1.4958680000000004,0.0,0.0,0.0,-0.05949405114657294,-0.26178125677124997,0.03541850728749986,-0.0831316884033999,-0.2642302625,0.12830354749999998,-2.0105926475499722,-2.3386816191407602,-1.6298131225128751,-2.013356785,-2.41311475,-1.62492175
2023-12-26,12.0,-1.8679669079999994,-2.1412044999999997,-1.4958680000000004,0.0,0.0,0.0,-0.05168500468373584,-0.2304210801561,0.030186803005509938,-0.0831316884033999,-0.2642302625,0.12830354749999998,-2.002783601087137,-2.32894606608976,-1.6216597643520083,-2.004700765,-2.40434775,-1.61392625
2023-12-27,12.0,-1.8679669079999994,-2.1412044999999997,-1.4958680000000004,0.0,0.0,0.0,-0.04510624768266579,-0.20438114476049998,0.024380104579999905,-0.0831316884033999,-0.2642302625,0.12830354749999998,-1.9962048440860674,-2.320113083106495,-1.6210382682307294,-1.997467275,-2.3973552500000004,-1.6050430000000002
2023-12-28,12.0,-1.8679669079999994,-2.1412044999999997,-1.4958680000000004,0.0,0.0,0.0,-0.07502573479243532,-0.29776572098910004,0.05871978072584995,-0.0831316884033999,-0.2642302625,0.12830354749999998,-2.026124331195836,-2.3574763278410975,-1.656344973139225,-2.0320784,-2.4311995000000004,-1.655261
2023-12-29,12.0,-1.8679669079999994,-2.1412044999999997,-1.4958680000000004,0.0,0.0,0.0,-0.06436496409537325,-0.26730419327175,0.04164434977587496,-0.0831316884033999,-0.2642302625,0.12830354749999998,-2.0154635604987727,-2.347386706863867,-1.6404365130375,-2.01967814,-2.419695,-1.6401782500000002
2023-12-30,12.0,-1.8679669079999994,-2.1412044999999997,-1.4958680000000004,0.0,0.0,0.0,-0.05552979248862452,-0.23794748821515,0.0322020910714749,-0.0831316884033999,-0.2642302625,0.12830354749999998,-2.006628388892025,-2.3357007441160076,-1.6258390979206323,-2.009580085,-2.4098642499999996,-1.6209095
2023-12-31,12.0,-1.8679669079999994,-2.1412044999999997,-1.4958680000000004,0.0,0.0,0.0,-0.04816765595842662,-0.2081973620034,0.02826300925071996,-0.0831316884033999,-0.2642302625,0.12830354749999998,-1.999266252361826,-2.3247833091580747,-1.6218917197192395,-2.001279155,-2.4019,-1.61124275
2024-01-01,12.0,-1.8679669079999994,-2.1412044999999997,-1.4958680000000004,0.0,0.0,0.0,-0.04199593129736107,-0.19101474509185,0.024430951398524994,-0.0831316884033999,-0.2642302625,0.12830354749999998,-1.993094527700762,-2.3196096903224626,-1.6212087974819045,-1.9943964500000002,-2.39730225,-1.6042295
2024-01-02,12.0,-1.8679669079999994,-2.1412044999999997,-1.4958680000000004,0.0,0.0,0.0,-0.036791081757803795,-0.1717092321661,0.019376341285244996,-0.0831316884033999,-0.2642302625,0.12830354749999998,-1.9878896781612028,-2.317377320077185,-1.620707504808035,-1.988644675,-2.3920115,-1.596605
2024-01-03,12.0,-1.8679669079999994,-2.1412044999999997,-1.4958680000000004,0.0,0.0,0.0,-0.032376511941798705,-0.1519679883329,0.014756900881859953,-0.0831316884033999,-0.2642302625,0.12830354749999998,-1.9834751083451985,-2.3144335998356955,-1.6158277742502,-1.9838030800000002,-2.3900319999999997,-1.59024825
2024-01-04,12.0,-1.8679669079999994,-2.1412044999999997,-1.4958680000000004,0.0,0.0,0.0,-0.028612182677655737,-0.13796248037565,0.01222472380841998,-0.0831316884033999,-0.2642302625,0.12830354749999998,-1.9797107790810569,-2.312852981297824,-1.6020733706803756,-1.979700885,-2.3866140000000002,-1.5852715000000002
2024-01-05,12.0,-1.8679669079999994,-2.1412044999999997,-1.4958680000000004,0.0,0.0,0.0,-0.02538625064538801,-0.1269185456747,0.010136960200199998,-0.0831316884033999,-0.2642302625,0.12830354749999998,-1.9764848470487875,-2.3096259335223173,-1.5971131843615582,-1.976204245,-2.38510725,-1.5805467500000001
2024-01-06,12.0,-1.8679669079999994,-2.1412044999999997,-1.4958680000000004,0.0,0.0,0.0,-0.04553476562645587,-0.1819441111161,0.031925346016499975,-0.0831316884033999,-0.2642302625,0.12830354749999998,-1.996633362029857,-2.322041731869075,-1.623112115900688,-1.99950674,-2.40576275,-1.6181000000000003
2024-01-07,12.0,-1.8679669079999994,-2.1412044999999997,-1.4958680000000004,0.0,0.0,0.0,-0.03932201377864765,-0.1671492416293,0.02507363154825749,-0.0831316884033999,-0.2642302625,0.12830354749999998,-1.9904206101820485,-2.3170998718915423,-1.6218157761636138,-1.992247535,-2.40047775,-1.6050377500000002
2024-01-08,12.0,-1.8679669079999994,-2.1412044999999997,-1.4958680000000004,0.0,0.0,0.0,-0.034157883659839385,-0.1474317157187,0.01991517880077998,-0.0831316884033999,-0.2642302625,0.12830354749999998,-1.9852564800632393,-2.314895055427014,-1.6142402603192003,-1.986323825,-2.39587825,-1.5966035
2024-01-09,12.0,-1.8679669079999994,-2.1412044999999997,-1.4958680000000004,0.0,0.0,0.0,-0.029840857282714923,-0.1301024445194,0.016274936128659996,-0.0831316884033999,-0.2642302625,0.12830354749999998,-1.9809394536861151,-2.314428770477509,-1.6032584770632257,-1.9814408999999997,-2.392084,-1.5893287500000002
2024-01-10,12.0,-1.8679669079999994,-2.1412044999999997,-1.4958680000000004,0.0,0.0,0.0,-0.06496756330136959,-0.241619660926525,0.05599514921528247,-0.0831316884033999,-0.2642302625,0.12830354749999998,-2.0160661597047698,-2.3511215914917276,-1.6379476233751498,-2.02193007,-2.4297355,-1.6496007500000003
2024-01-11,12.0,-1.8679669079999994,-2.1412044999999997,-1.4958680000000004,0.0,0.0,0.0,-0.055398580193948846,-0.21251359182975,0.041988790625162475,-0.0831316884033999,-0.2642302625,0.12830354749999998,-2.006497176597348,-2.338924085075175,-1.6303613096648502,-2.01053236,-2.41739325,-1.6319697499999999
2024-01-12,12.0,-1.8679669079999994,-2.1412044999999997,-1.4958680000000004,0.0,0.0,0.0,-0.04754111500498677,-0.19230147073549997,0.03093654626019749,-0.0831316884033999,-0.2642302625,0.12830354749999998,-1.9986397114083851,-2.3238378300272173,-1.6230749165206177,-2.00136272,-2.4078762499999997,-1.620497
2024-01-13,12.0,-1.8679669079999994,-2.1412044999999997,-1.4958680000000004,0.0,0.0,0.0,-0.07424413117935966,-0.27587709908695,0.06354726719361,-0.0831316884033999,-0.2642302625,0.12830354749999998,-2.0253427275827605,-2.3598461056235926,-1.65021929667955,-2.0320805500000003,-2.4347812500000003,-1.6554900000000004
2024-01-14,12.0,-1.8679669079999994,-2.1412044999999997,-1.4958680000000004,0.0,0.0,0.0,-0.0632591499095569,-0.24280698696164998,0.04786658247139243,-0.0831316884033999,-0.2642302625,0.12830354749999998,-2.014357746312956,-2.347740529456145,-1.633887777281975,-2.019088655,-2.4227404999999997,-1.6426352500000005
2024-01-15,12.0,-1.8679669079999994,-2.1412044999999997,-1.4958680000000004,0.0,0.0,0.0,-0.05423914708180532,-0.21757385039805,0.034134447881674995,-0.0831316884033999,-0.2642302625,0.12830354749999998,-2.0053377434852053,-2.3365265297711075,-1.62808479073805,-2.00861653,-2.41356225,-1.6288747500000003
2024-01-16,12.0,-1.8679669079999994,-2.1412044999999997,-1.4958680000000004,0.0,0.0,0.0,-0.058770582559403525,-0.2284863518685,0.03964692086662248,-0.0831316884033999,-0.2642302625,0.12830354749999998,-2.0098691789628025,-2.3410157272421324,-1.631890428428375,-2.0138309,-2.42160325,-1.63654625
2024-01-17,12.0,-1.8679669079999994,-2.1412044999999997,-1.4958680000000004,0.0,0.0,0.0,-0.05055117167632364,-0.2067435778807,0.02999065537062495,-0.0831316884033999,-0.2642302625,0.12830354749999998,-2.0016497680797234,-2.3303648719238748,-1.625092012084075,-2.00436086,-2.4080394999999997,-1.62097875
2024-01-18,12.0,-1.8679669079999994,-2.1412044999999997,-1.4958680000000004,0.0,0.0,0.0,-0.12871853402537178,-0.5018887418612,0.12357382613774995,-0.0831316884033999,-0.2642302625,0.12830354749999998,-2.0798171304287694,-2.476017024655,-1.67817249121825,-2.09436141,-2.5140219999999998,-1.6928575000000001
2024-01-19,12.0,-1.8679669079999994,-2.1412044999999997,-1.4958680000000004,0.0,0.0,0.0,-0.10874042574958458,-0.41856820087925,0.09336217475024997,-0.0831316884033999,-0.2642302625,0.12830354749999998,-2.0598390221529836,-2.4322991617407497,-1.6717682557246254,-2.07037643,-2.486557,-1.6793082500000003
2024-01-20,12.0,-1.8679669079999994,-2.1412044999999997,-1.4958680000000004,0.0,0.0,0.0,-0.09244347622653784,-0.36082668830775,0.06819334013488748,-0.0831316884033999,-0.2642302625,0.12830354749999998,-2.043542072629937,-2.3942042518112,-1.6628329114343752,-2.051221655,-2.463126,-1.6655845
2024-01-21,12.0,-1.8679669079999994,-2.1412044999999997,-1.4958680000000004,0.0,0.0,0.0,-0.07907494526197474,-0.31859759720999997,0.049570011170247494,-0.0831316884033999,-0.2642302625,0.12830354749999998,-2.030173541665374,-2.36886644026152,-1.661718307016125,-2.035767265,-2.44083725,-1.6613720000000005
2024-01-22,12.0,-1.8679669079999994,-2.1412044999999997,-1.4958680000000004,0.0,0.0,0.0,-0.06803676895556666,-0.2845547895684,0.04157660453537489,-0.0831316884033999,-0.2642302625,0.12830354749999998,-2.019135365358966,-2.3505033960801276,-1.6505439036101128,-2.0231803850000003,-2.42130425,-1.6431632500000002
2024-01-23,12.0,-1.8679669079999994,-2.1412044999999997,-1.4958680000000004,0.0,0.0,0.0,-0.05886181789157681,-0.25421192189775,0.03445863761003987,-0.0831316884033999,-0.2642302625,0.12830354749999998,-2.0099604142949774,-2.3382526508390002,-1.6439326290847502,-2.01283906,-2.411864,-1.6294237500000002
2024-01-24,12.0,-1.8679669079999994,-2.1412044999999997,-1.4958680000000004,0.0,0.0,0.0,-0.051186463626236724,-0.22493607009195,0.03042541614576495,-0.0831316884033999,-0.2642302625,0.12830354749999998,-2.002285060029636,-2.3286270610094126,-1.6271337623337803,-2.00427489,-2.4037332499999997,-1.6167852500000004
2024-01-25,12.0,-1.8679669079999994,-2.1412044999999997,-1.4958680000000004,0.0,0.0,0.0,-0.04472665094347373,-0.20756676961929998,0.02486723759382496,-0.0831316884033999,-0.2642302625,0.12830354749999998,-1.9958252473468745,-2.3210979542748897,-1.6244315185252876,-1.997129685,-2.3980787500000003,-1.6066194999999999
2024-01-26,12.0,-1.8679669079999994,-2.1412044999999997,-1.4958680000000004,0.0,0.0,0.0,-0.10506760900430612,-0.39413845342005,0.09086761623629998,-0.0831316884033999,-0.2642302625,0.12830354749999998,-2.0561662054077066,-2.4201875431973,-1.671469472867313,-2.0667354450000004,-2.47888075,-1.6788690000000004
2024-01-27,12.0,-1.8679669079999994,-2.1412044999999997,-1.4958680000000004,0.0,0.0,0.0,-0.08939661410375141,-0.3477898471104,0.06891660164289741,-0.0831316884033999,-0.2642302625,0.12830354749999998,-2.040495210507151,-2.3893125048951998,-1.6624062386628604,-2.0481131,-2.44977425,-1.6671405000000001
2024-01-28,12.0,-1.8679669079999994,-2.1412044999999997,-1.4958680000000004,0.0,0.0,0.0,-0.0765280457001796,-0.3086564431812,0.04919820436979999,-0.0831316884033999,-0.2642302625,0.12830354749999998,-2.0276266421035802,-2.3606920900532,-1.6561879769099,-2.03313165,-2.4312505,-1.6555862499999998
2024-01-29,12.0,-1.8679669079999994,-2.1412044999999997,-1.4958680000000004,0.0,0.0,0.0,-0.06590257545376624,-0.27873491178375,0.03917882786374989,-0.0831316884033999,-0.2642302625,0.12830354749999998,-2.017001171857164,-2.347138681191095,-1.6480124629343054,-2.020956055,-2.4212077499999998,-1.6399865
2024-01-30,12.0,-1.8679669079999994,-2.1412044999999997,-1.4958680000000004,0.0,0.0,0.0,-0.05707303850427429,-0.24359789206904997,0.03343189936527992,-0.0831316884033999,-0.2642302625,0.12830354749999998,-2.008171634907674,-2.33554653780575,-1.6456137487027505,-2.0109684299999997,-2.4097417500000002,-1.6247475
2024-01-31,12.0,-1.8679669079999994,-2.1412044999999997,-1.4958680000000004,0.0,0.0,0.0,-0.049688193206031135,-0.22413705403005,0.02955872950300499,-0.0831316884033999,-0.2642302625,0.12830354749999998,-2.000786789609431,-2.324519339016375,-1.6263305046561902,-2.002705315,-2.4018627500000003,-1.6138260000000002
2024-02-01,12.0,-1.8679669079999994,-2.1412044999999997,-1.4958680000000004,0.0,0.0,0.0,-0.06898122359935431,-0.2788273373745,0.04947268149749997,-0.0831316884033999,-0.2642302625,0.12830354749999998,-2.020079820002755,-2.3528836411365273,-1.6509361768185253,-2.025045215,-2.42347425,-1.6501005000000002
2024-02-02,12.0,-1.8679669079999994,-2.1412044999999997,-1.4958680000000004,0.0,0.0,0.0,-0.05947232069559697,-0.2478946412283,0.038246843247774914,-0.0831316884033999,-0.2642302625,0.12830354749999998,-2.010570917098997,-2.34004519695023,-1.6459100205001604,-2.01406172,-2.41669425,-1.63133825
2024-02-03,12.0,-1.8679669079999994,-2.1412044999999997,-1.4958680000000004,0.0,0.0,0.0,-0.05156332032179192,-0.22467733149785002,0.030015238897954967,-0.0831316884033999,-0.2642302625,0.12830354749999998,-2.0026619167251924,-2.32841253536155,-1.6273912792250476,-2.00506942,-2.404582,-1.6200297500000003
2024-02-04,12.0,-1.8679669079999994,-2.1412044999999997,-1.4958680000000004,0.0,0.0,0.0,-0.04494713027722612,-0.20211122842190002,0.026097220820549993,-0.0831316884033999,-0.2642302625,0.12830354749999998,-1.996045726680628,-2.3199775641781497,-1.6245717302837475,-1.99763994,-2.3989065000000003,-1.6100585000000005
2024-02-05,12.0,-1.8679669079999994,-2.1412044999999997,-1.4958680000000004,0.0,0.0,0.0,-0.03937864058914374,-0.1782882869362,0.02156845675079998,-0.0831316884033999,-0.2642302625,0.12830354749999998,-1.9904772369925443,-2.3190302899299375,-1.6222640096137702,-1.99144996,-2.3942704999999997,-1.60189675
2024-02-06,12.0,-1.8679669079999994,-2.1412044999999997,-1.4958680000000004,0.0,0.0,0.0,-0.034663972322366135,-0.15918547233620003,0.016534941744619978,-0.0831316884033999,-0.2642302625,0.12830354749999998,-1.9857625687257647,-2.3145919546426486,-1.620364809984695,-1.9862530200000001,-2.3900805,-1.5971580000000005
2024-02-07,12.0,-1.8679669079999994,-2.1412044999999997,-1.4958680000000004,0.0,0.0,0.0,-0.03064960120186689,-0.1473398958512,0.013034096214809969,-0.0831316884033999,-0.2642302625,0.12830354749999998,-1.9817481976052675,-2.3141511070025245,-1.6127568725755002,-1.98185923,-2.3875932499999997,-1.59288425
2024-02-08,12.0,-1.8679669079999994,-2.1412044999999997,-1.4958680000000004,0.0,0.0,0.0,-0.027213387581321673,-0.138618705956875,0.010802269176899987,-0.0831316884033999,-0.2642302625,0.12830354749999998,-1.9783119839847232,-2.310664344971329,-1.6027447365241005,-1.978120375,-2.3856877499999998,-1.5843195
2024-02-09,12.0,-1.8679669079999994,-2.1412044999999997,-1.4958680000000004,0.0,0.0,0.0,-0.02425754325128262,-0.13029081917024998,0.008968870963619997,-0.0831316884033999,-0.2642302625,0.12830354749999998,-1.9753561396546835,-2.30737194308895,-1.5951239599406608,-1.974919965,-2.38484175,-1.5781437500000002
2024-02-10,12.0,-1.8679669079999994,-2.1412044999999997,-1.4958680000000004,0.0,0.0,0.0,-0.02170314749524921,-0.11836299001469998,0.007119546377539498,-0.0831316884033999,-0.2642302625,0.12830354749999998,-1.9728017438986494,-2.302254689132207,-1.5931197102854602,-1.972164885,-2.38396075,-1.57558025
2024-02-11,12.0,-1.8679669079999994,-2.1412044999999997,-1.4958680000000004,0.0,0.0,0.0,-0.019486124646224418,-0.10717846190405,0.0059844754978649935,-0.0831316884033999,-0.2642302625,0.12830354749999998,-1.9705847210496228,-2.3001694799199437,-1.5924537807208445,-1.96978153,-2.38333275,-1.5718364999999999
2024-02-12,12.0,-1.8679669079999994,-2.1412044999999997,-1.4958680000000004,0.0,0.0,0.0,-0.01755406118484639,-0.09800151638669999,0.004888584676009998,-0.0831316884033999,-0.2642302625,0.12830354749999998,-1.9686526575882466,-2.3001701209326475,-1.5918806917172,-1.9677098,-2.3826725,-1.5694965
2024-02-13,12.0,-1.8679669079999994,-2.1412044999999997,-1.4958680000000004,0.0,0.0,0.0,-0.06731806705795042,-0.25068863573625,0.06230568765059997,-0.0831316884033999,-0.2642302625,0.12830354749999998,-2.0184166634613496,-2.3563309295782173,-1.6476316100413753,-2.02506601,-2.437446,-1.6523145000000001
2024-02-14,12.0,-1.8679669079999994,-2.1412044999999997,-1.4958680000000004,0.0,0.0,0.0,-0.05721866300463042,-0.21443562445689998,0.04578327458144998,-0.0831316884033999,-0.2642302625,0.12830354749999998,-2.0083172594080296,-2.34113354228885,-1.631526606666625,-2.012868455,-2.4222875000000004,-1.6348680000000002
2024-02-15,12.0,-1.8679669079999994,-2.1412044999999997,-1.4958680000000004,0.0,0.0,0.0,-0.04896081992680114,-0.18980397039345,0.035552873087017454,-0.0831316884033999,-0.2642302625,0.12830354749999998,-2.0000594163302052,-2.3259533812875897,-1.6240164267994002,-2.00312125,-2.41090975,-1.6242082500000001
2024-02-16,12.0,-1.8679669079999994,-2.1412044999999997,-1.4958680000000004,0.0,0.0,0.0,-0.04217080409215457,-0.17153502630412498,0.025218058123055002,-0.0831316884033999,-0.2642302625,0.12830354749999998,-1.9932694004955538,-2.3223048294882247,-1.622455766221877,-1.995246805,-2.403681,-1.61098825
2024-02-17,12.0,-1.8679669079999994,-2.1412044999999997,-1.4958680000000004,0.0,0.0,0.0,-0.036549441340658004,-0.1552932837939,0.02100445144644998,-0.0831316884033999,-0.2642302625,0.12830354749999998,-1.9876480377440582,-2.315291327998521,-1.6200328475598433,-1.9888198099999999,-2.3978245,-1.6010927500000005
2024-02-18,12.0,-1.8679669079999994,-2.1412044999999997,-1.4958680000000004,0.0,0.0,0.0,-0.03186258575325234,-0.1369641317016,0.01859070658738498,-0.0831316884033999,-0.2642302625,0.12830354749999998,-1.9829611821566544,-2.314752700258487,-1.6061394876710005,-1.9835255950000001,-2.3940257500000004,-1.5945920000000002
2024-02-19,12.0,-1.8679669079999994,-2.1412044999999997,-1.4958680000000004,0.0,0.0,0.0,-0.027928028071269224,-0.1216691070934,0.01532709880633,-0.0831316884033999,-0.2642302625,0.12830354749999998,-1.9790266244746701,-2.3137164977172175,-1.6015332856936906,-1.979126675,-2.39091275,-1.5873715000000002
2024-02-20,12.0,-1.8679669079999994,-2.1412044999999997,-1.4958680000000004,0.0,0.0,0.0,-0.024603559376510403,-0.11413782382885,0.012406436742862497,-0.0831316884033999,-0.2642302625,0.12830354749999998,-1.975702155779911,-2.310340993421304,-1.5980488417378882,-1.97544281,-2.3880079999999997,-1.5830467500000003
2024-02-21,12.0,-1.8679669079999994,-2.1412044999999997,-1.4958680000000004,0.0,0.0,0.0,-0.02177752311966055,-0.10752333662892499,0.009401602396632474,-0.0831316884033999,-0.2642302625,0.12830354749999998,-1.9728761195230609,-2.3042921822034,-1.5936347246175406,-1.97233527,-2.3861635,-1.5764932500000002
2024-02-22,12.0,-1.8679669079999994,-2.1412044999999997,-1.4958680000000004,0.0,0.0,0.0,-0.034900773108060223,-0.13909402245899996,0.024148559221649987,-0.0831316884033999,-0.2642302625,0.12830354749999998,-1.9859993695114602,-2.315229278732518,-1.6105064048697504,-1.9875155599999998,-2.399845,-1.6035820000000003
2024-02-23,12.0,-1.8679669079999994,-2.1412044999999997,-1.4958680000000004,0.0,0.0,0.0,-0.030243792090805847,-0.1239567408422,0.018324679039027462,-0.0831316884033999,-0.2642302625,0.12830354749999998,-1.981342388494205,-2.314699689645639,-1.6052730001674256,-1.982095535,-2.3956262500000003,-1.5940065
2024-02-24,12.0,-1.8679669079999994,-2.1412044999999997,-1.4958680000000004,0.0,0.0,0.0,-0.026365846260709362,-0.110533493461225,0.014916553219064977,-0.0831316884033999,-0.2642302625,0.12830354749999998,-1.9774644426641115,-2.312300074969531,-1.598472943155828,-1.977661085,-2.39207125,-1.5880347500000003
2024-02-25,12.0,-1.8679669079999994,-2.1412044999999997,-1.4958680000000004,0.0,0.0,0.0,-0.02311755388053632,-0.103131544638375,0.012294782936684994,-0.0831316884033999,-0.2642302625,0.12830354749999998,-1.9742161502839364,-2.3086057813987497,-1.5904395272296155,-1.973996905,-2.38928525,-1.5826217500000006
2024-02-26,12.0,-1.8679669079999994,-2.1412044999999997,-1.4958680000000004,0.0,0.0,0.0,-0.07742994592081641,-0.3041594692109,0.07290469561702496,-0.0831316884033999,-0.2642302625,0.12830354749999998,-2.0285285423242163,-2.365120413090395,-1.650220154033485,-2.03655721,-2.445002,-1.6621802500000002
2024-02-27,12.0,-1.8679669079999994,-2.1412044999999997,-1.4958680000000004,0.0,0.0,0.0,-0.06553244770095823,-0.24612472962055001,0.05582862877994997,-0.0831316884033999,-0.2642302625,0.12830354749999998,-2.0166310441043582,-2.3506648102335053,-1.6364549434755,-2.0221950900000003,-2.43055425,-1.6496812500000007
2024-02-28,12.0,-1.8679669079999994,-2.1412044999999997,-1.4958680000000004,0.0,0.0,0.0,-0.07887911743918767,-0.30474946819314996,0.07094711461127501,-0.0831316884033999,-0.2642302625,0.12830354749999998,-2.0299777138425883,-2.36784283058318,-1.6506703724957275,-2.03734365,-2.4410555,-1.6617775000000001
2024-02-29,12.0,-1.8679669079999994,-2.1412044999999997,-1.4958680000000004,0.0,0.0,0.0,-0.06697689392058062,-0.2515595682209,0.05347663917672743,-0.0831316884033999,-0.2642302625,0.12830354749999998,-2.018075490323983,-2.351848096101765,-1.63943509261865,-2.0232425849999998,-2.42923725,-1.6482280000000005
2024-03-01,12.0,-1.8679669079999994,-2.1412044999999997,-1.4958680000000004,0.0,0.0,0.0,-0.057239025938259455,-0.2220273724413,0.0366160133889,-0.0831316884033999,-0.2642302625,0.12830354749999998,-2.008337622341659,-2.3393865297858323,-1.63134306284145,-2.011913565,-2.4206525,-1.6349342500000001
2024-03-02,12.0,-1.8679669079999994,-2.1412044999999997,-1.4958680000000004,0.0,0.0,0.0,-0.049220416910463825,-0.1985340952584,0.029911837483124943,-0.0831316884033999,-0.2642302625,0.12830354749999998,-2.000319013313865,-2.328380304738125,-1.6240758580994399,-2.00272099,-2.4077972500000002,-1.61960875
2024-03-03,12.0,-1.8679669079999994,-2.1412044999999997,-1.4958680000000004,0.0,0.0,0.0,-0.12947477548215217,-0.5094637243518,0.12350026149112497,-0.0831316884033999,-0.2642302625,0.12830354749999998,-2.080573371885551,-2.48026811769025,-1.678383352439875,-2.095137285,-2.5160705,-1.6929790000000002
2024-03-04,12.0,-1.8679669079999994,-2.1412044999999997,-1.4958680000000004,0.0,0.0,0.0,-0.10931420302357639,-0.425110036012,0.09472920103369997,-0.0831316884033999,-0.2642302625,0.12830354749999998,-2.060412799426977,-2.43666223853225,-1.6719456280687504,-2.070932565,-2.4865802500000003,-1.6791537500000002
2024-03-05,12.0,-1.8679669079999994,-2.1412044999999997,-1.4958680000000004,0.0,0.0,0.0,-0.09287414217606592,-0.3613422874299,0.06894201748996999,-0.0831316884033999,-0.2642302625,0.12830354749999998,-2.043972738579467,-2.39807745964055,-1.6628301985653753,-2.051609655,-2.4653415,-1.66565
2024-03-06,12.0,-1.8679669079999994,-2.1412044999999997,-1.4958680000000004,0.0,0.0,0.0,-0.0793934007209376,-0.3206668817439,0.049814845627165,-0.0831316884033999,-0.2642302625,0.12830354749999998,-2.030491997124336,-2.37090777243672,-1.66216633104835,-2.03602689,-2.44054275,-1.6612420000000008
2024-03-07,12.0,-1.8679669079999994,-2.1412044999999997,-1.4958680000000004,0.05834011477801509,0.0476331992348175,0.06974985315277499,-0.06826719654685201,-0.2845841705628,0.04225539484887489,-0.0831316884033999,-0.2642302625,0.12830354749999998,-1.9610256781722368,-2.2868327412653073,-1.6020780108849728,-1.96487736,-2.3587807499999998,-1.5910279999999999
2024-03-08,12.0,-1.8679669079999994,-2.1412044999999997,-1.4958680000000004,0.05803827884142059,0.0473895012920925,0.069342852128625,-0.14840105947196353,-0.5770498185244,0.13681177508197498,-0.0831316884033999,-0.2642302625,0.12830354749999998,-2.0414613770339436,-2.45773936860077,-1.6407801509065,-2.05750563,-2.48271625,-1.6526480000000003
2024-03-09,12.0,-1.8679669079999994,-2.1412044999999997,-1.4958680000000004,0.057738027764744404,0.0471470323947375,0.068938276392675,-0.12565326874464772,-0.485175337506,0.10373816396324986,-0.0831316884033999,-0.2642302625,0.12830354749999998,-2.0190138373833024,-2.41358582900243,-1.6356397942878502,-2.030711755,-2.45273925,-1.6374760000000002
2024-03-10,12.0,-1.8679669079999994,-2.1412044999999997,-1.4958680000000004,0.05743934705788041,0.046905873196185,0.06853603496055,-0.10704233916586497,-0.42843867940110003,0.07290503937194999,-0.0831316884033999,-0.2642302625,0.12830354749999998,-2.000701588511383,-2.36631236097315,-1.6184519383926004,-2.009286715,-2.42131625,-1.6249342500000004
2024-03-11,12.0,-1.8679669079999994,-2.1412044999999997,-1.4958680000000004,0.057142219903256825,0.0466659430430025,0.06813618276839999,-0.09173085685888276,-0.3802219385619,0.05750053918137489,-0.0831316884033999,-0.2642302625,0.12830354749999998,-1.9856872333590259,-2.3260590982839,-1.613962921389175,-1.991993005,-2.3923377500000003,-1.60917075
2024-03-12,12.0,-1.8679669079999994,-2.1412044999999997,-1.4958680000000004,0.0820127623049359,0.06693621186780001,0.09787200133972498,-0.07905319168058468,-0.33865399698029997,0.048001969207749844,-0.0831316884033999,-0.2642302625,0.12830354749999998,-1.9481390257790483,-2.274791247110575,-1.5884464242915002,-1.95269142,-2.3420235000000003,-1.5779577500000002
2024-03-13,12.0,-1.8679669079999994,-2.1412044999999997,-1.4958680000000004,0.08158853189147158,0.0665937851853,0.09730327495619999,-0.09736322545224065,-0.3911732347017,0.06410587213147496,-0.0831316884033999,-0.2642302625,0.12830354749999998,-1.9668732899641712,-2.3063466776428,-1.5910978771504325,-1.9743323700000002,-2.37707675,-1.5938392500000005
2024-03-14,12.0,-1.8679669079999994,-2.1412044999999997,-1.4958680000000004,0.12134777976232854,0.09900493606447501,0.144839540175975,-0.08367724236144787,-0.3491395200426,0.05089141492174988,-0.0831316884033999,-0.2642302625,0.12830354749999998,-1.9134280590025183,-2.2366061344313497,-1.55698570134265,-1.9187547800000002,-2.3056625,-1.5514622500000004
2024-03-15,12.0,-1.8679669079999994,-2.1412044999999997,-1.4958680000000004,0.12072005523928525,0.09849846422235001,0.14399819737589997,-0.07230974803264427,-0.31224391905374993,0.042157184470624845,-0.0831316884033999,-0.2642302625,0.12830354749999998,-1.90268828919676,-2.219361099952375,-1.5462085095503126,-1.90650669,-2.2920405,-1.5324765000000002
2024-03-16,12.0,-1.8679669079999994,-2.1412044999999997,-1.4958680000000004,0.17557122016021792,0.143207280540675,0.20957918385899998,-0.07578355652215157,-0.3209525381976,0.045112591619174906,-0.0831316884033999,-0.2642302625,0.12830354749999998,-1.851310932765335,-2.1631013242303747,-1.496418669671875,-1.8556687849999998,-2.239366,-1.4914787500000002
2024-03-17,12.0,-1.8679669079999994,-2.1412044999999997,-1.4958680000000004,0.17466302972886,0.142474947337275,0.20836133775149998,-0.06565605252349722,-0.2811603774111,0.03812362299563492,-0.0831316884033999,-0.2642302625,0.12830354749999998,-1.842091619198038,-2.148370352421215,-1.4864415682627126,-1.8451378100000002,-2.2301902499999997,-1.47438325
2024-03-18,12.0,-1.8679669079999994,-2.1412044999999997,-1.4958680000000004,0.17375955470068397,0.141746193732075,0.20715049550775,-0.05717464043089651,-0.25601601944589997,0.03371253901089,-0.0831316884033999,-0.2642302625,0.12830354749999998,-1.8345136821336105,-2.1434304624413576,-1.479754886616633,-1.8365723349999998,-2.221902,-1.466024
2024-03-19,12.0,-1.8679669079999994,-2.1412044999999997,-1.4958680000000004,0.250339817785454,0.2041635077982,0.29871125959725,-0.12453481154260103,-0.46585771658720004,0.106978926753925,-0.0831316884033999,-0.2642302625,0.12830354749999998,-1.825293590160547,-2.183456127291275,-1.4500134314170374,-1.837514895,-2.2459115,-1.468039
2024-03-20,12.0,-1.8679669079999994,-2.1412044999999997,-1.4958680000000004,0.24904489877842595,0.203118544693125,0.29697585361725,-0.10600304524634334,-0.4111566537219,0.08098694832029987,-0.0831316884033999,-0.2642302625,0.12830354749999998,-1.8080567428713161,-2.14687725720495,-1.4463739929380501,-1.8168274849999997,-2.2066015,-1.4524285000000003
2024-03-21,12.0,-1.8679669079999994,-2.1412044999999997,-1.4958680000000004,0.293529930868252,0.2392836629736,0.3501733136505,-0.09078101598445365,-0.3668725145601,0.05799787728187498,-0.0831316884033999,-0.2642302625,0.12830354749999998,-1.7483496815196031,-2.06640633273905,-1.39808902990447,-1.7545381299999998,-2.13644875,-1.399527
2024-03-22,12.0,-1.8679669079999994,-2.1412044999999997,-1.4958680000000004,0.2920116515827019,0.238060666570425,0.34813912997625,-0.07820763620584537,-0.33140182584585,0.04609343555349987,-0.0831316884033999,-0.2642302625,0.12830354749999998,-1.7372945810265448,-2.03699473404641,-1.391818574447515,-1.741666595,-2.1185135,-1.3898482500000002
2024-03-23,12.0,-1.8679669079999994,-2.1412044999999997,-1.4958680000000004,0.29050129582424594,0.236842752749325,0.34611608488650003,-0.06775516547101175,-0.2890471554585,0.039552874078309916,-0.0831316884033999,-0.2642302625,0.12830354749999998,-1.728352466050165,-2.0228732788490498,-1.3870896875303,-1.73136589,-2.10485125,-1.373219
2024-03-24,12.0,-1.8679669079999994,-2.1412044999999997,-1.4958680000000004,0.28899881575967595,0.235622364870375,0.34410528748274993,-0.05900929511495614,-0.2665812918846,0.034986650984969996,-0.0831316884033999,-0.2642302625,0.12830354749999998,-1.7211090757586798,-2.0223560677420873,-1.3800201935794019,-1.72309132,-2.0940974999999997,-1.3650655
2024-03-25,12.0,-1.8679669079999994,-2.1412044999999997,-1.4958680000000004,0.28750420286024597,0.234399769542225,0.34210650868424997,-0.051645724154371096,-0.2377002365878,0.028383799680675,-0.0831316884033999,-0.2642302625,0.12830354749999998,-1.715240117697525,-2.015909738907625,-1.3743362636441498,-1.7164290500000001,-2.09007525,-1.3586507500000002
2024-03-26,12.0,-1.8679669079999994,-2.1412044999999997,-1.4958680000000004,0.3373921755587057,0.274964947300575,0.40176776513999995,-0.04540960134548825,-0.2098491109241,0.021522556279974937,-0.0831316884033999,-0.2642302625,0.12830354749999998,-1.6591160221901835,-1.9598706165958648,-1.3166026215966948,-1.659565435,-2.02957325,-1.3064012500000004
2024-03-27,12.0,-1.8679669079999994,-2.1412044999999997,-1.4958680000000004,0.3356472768973482,0.27353894518440003,0.39943304372999994,-0.04009942299280742,-0.1894731083826,0.01751513285891996,-0.0831316884033999,-0.2642302625,0.12830354749999998,-1.6555507424988574,-1.9610253471535926,-1.3107837491367724,-1.65551342,-2.0234625,-1.30130625
2024-03-28,12.0,-1.8679669079999994,-2.1412044999999997,-1.4958680000000004,0.38301339590644773,0.31201305482970004,0.45608339108849993,-0.035554704011650305,-0.17573316760302501,0.014516267744729985,-0.0831316884033999,-0.2642302625,0.12830354749999998,-1.6036399045086014,-1.8987219254522198,-1.2585791520096399,-1.603094965,-1.9730842499999999,-1.2516722500000002
2024-03-29,12.0,-1.8679669079999994,-2.1412044999999997,-1.4958680000000004,0.3810325919198981,0.310394789442675,0.45343328049674997,-0.09700337131744907,-0.36244936247467496,0.08489359018859999,-0.0831316884033999,-0.2642302625,0.12830354749999998,-1.6670693758009516,-1.9883834340035,-1.308160684812465,-1.675958185,-2.05055925,-1.3374587500000001
2024-03-30,12.0,-1.8679669079999994,-2.1412044999999997,-1.4958680000000004,0.4304345079442557,0.35050218791175003,0.5125207308569999,-0.08269652111747763,-0.31801187919449997,0.06275375902297997,-0.0831316884033999,-0.2642302625,0.12830354749999998,-1.6033606095766229,-1.89774486675721,-1.2588558694623802,-1.6093494735,-1.982429,-1.2731420000000002
2024-03-31,12.0,-1.8679669079999994,-2.1412044999999997,-1.4958680000000004,0.42820850157113244,0.34868492357895003,0.5095429833974999,-0.07094756730407899,-0.2876697434044,0.04695307355524999,-0.0831316884033999,-0.2642302625,0.12830354749999998,-1.5938376621363473,-1.88638273619105,-1.25926683061415,-1.597846827,-1.9604629999999998,-1.26156425
2024-04-01,12.0,-1.8679669079999994,-2.1412044999999997,-1.4958680000000004,0.42599407212686186,0.346876053874875,0.50658272744625,-0.06124528181164651,-0.2572852166661,0.035099362854104914,-0.0831316884033999,-0.2642302625,0.12830354749999998,-1.5863498060881847,-1.8796266837478999,-1.2500329504164749,-1.5889096505,-1.9512195,-1.251047
2024-04-02,12.0,-1.8679669079999994,-2.1412044999999997,-1.4958680000000004,0.4822875240829421,0.39258462423285,0.57391240358625,-0.053180091513730855,-0.2339324374191,0.031034999664564994,-0.0831316884033999,-0.2642302625,0.12830354749999998,-1.5219911638341868,-1.81056149723581,-1.19165248045535,-1.5233267605,-1.885319,-1.1861255000000002
2024-04-03,12.0,-1.8679669079999994,-2.1412044999999997,-1.4958680000000004,0.47979341233671624,0.390549045362175,0.5705777382262499,-0.04643040224616617,-0.2063382283935,0.026516996149224994,-0.0831316884033999,-0.2642302625,0.12830354749999998,-1.5177355863128499,-1.806381550769765,-1.1833994964983,-1.5182518180000002,-1.87828025,-1.176843
2024-04-04,12.0,-1.8679669079999994,-2.1412044999999997,-1.4958680000000004,0.47731240891898036,0.388523767897125,0.5672625171944998,-0.10216609154502455,-0.380092345805675,0.08764080091469995,-0.0831316884033999,-0.2642302625,0.12830354749999998,-1.5759522790294453,-1.89657327319885,-1.2218719013781727,-1.5850025995,-1.9598212499999998,-1.2491462500000001
2024-04-05,12.0,-1.8679669079999994,-2.1412044999999997,-1.4958680000000004,0.47484427594239575,0.386509212893475,0.56396631863175,-0.08705888809788112,-0.3335457355935,0.06644682408998243,-0.0831316884033999,-0.2642302625,0.12830354749999998,-1.5633132085588837,-1.858545122211025,-1.2179394431376962,-1.5695085340000001,-1.93564275,-1.2325395
2024-04-06,12.0,-1.8679669079999994,-2.1412044999999997,-1.4958680000000004,0.472389148390166,0.38450580140699997,0.5606655928919999,-0.07465191836982722,-0.3000596178699,0.048001436771699976,-0.0831316884033999,-0.2642302625,0.12830354749999998,-1.553361366383061,-1.8450953390119627,-1.2164011874164349,-1.5575094649999999,-1.9203685,-1.2228125000000003
2024-04-07,12.0,-1.8679669079999994,-2.1412044999999997,-1.4958680000000004,0.4699467749347222,0.382512394181925,0.557317617249,-0.1636634990336254,-0.65002984031225,0.15380265864554998,-0.0831316884033999,-0.2642302625,0.12830354749999998,-1.6448153205023053,-2.065066216328,-1.2391571956971699,-1.6623894975,-2.0821685000000003,-1.2732277500000004
2024-04-08,12.0,-1.8679669079999994,-2.1412044999999997,-1.4958680000000004,0.4675171246252021,0.380529412274025,0.553988466465,-0.13843891139304265,-0.52656009425675,0.11694165931867496,-0.0831316884033999,-0.2642302625,0.12830354749999998,-1.6220203831712405,-1.9851418600307247,-1.2417438337952753,-1.63460416,-2.03092375,-1.2676975000000001
2024-04-09,12.0,-1.8679669079999994,-2.1412044999999997,-1.4958680000000004,0.5276498919493382,0.429348572655975,0.625823559351,-0.11784583803258679,-0.46117484223090005,0.084928082724075,-0.0831316884033999,-0.2642302625,0.12830354749999998,-1.541294542486648,-1.8849818288394,-1.18563149442035,-1.5501583919999997,-1.92972725,-1.2071715000000005
2024-04-10,12.0,-1.8679669079999994,-2.1412044999999997,-1.4958680000000004,0.5249218815007441,0.427123503454725,0.6220862745929999,-0.12521471394047767,-0.483716041341225,0.09364738226084993,-0.0831316884033999,-0.2642302625,0.12830354749999998,-1.551391428843134,-1.9098237527667998,-1.1899839120767752,-1.5612620325,-1.9503005,-1.2122465
2024-04-11,12.0,-1.8679669079999994,-2.1412044999999997,-1.4958680000000004,0.6170714758059425,0.5020594231212,0.732361378824,-0.10709698998763731,-0.4261625137239,0.0668667604794325,-0.0831316884033999,-0.2642302625,0.12830354749999998,-1.4411241105850954,-1.7701383246537499,-1.098284167393399,-1.4479123544999999,-1.8168255,-1.1100102500000002
2024-04-12,12.0,-1.8679669079999994,-2.1412044999999997,-1.4958680000000004,0.6138809791605119,0.49945715734162505,0.727987416651,-0.09214154145073818,-0.38267902375319995,0.055883911111499866,-0.0831316884033999,-0.2642302625,0.12830354749999998,-1.429359158693626,-1.74312787392425,-1.0933458024014375,-1.434037693,-1.79684775,-1.1017785
2024-04-13,12.0,-1.8679669079999994,-2.1412044999999997,-1.4958680000000004,0.6107070956405545,0.49686841223302497,0.7236397596329999,-0.07971629526660419,-0.34173346032375,0.046362041485079844,-0.0831316884033999,-0.2642302625,0.12830354749999998,-1.4201077960294515,-1.71657095235485,-1.0902478854362878,-1.4232032359999998,-1.78092225,-1.086367
2024-04-14,12.0,-1.8679669079999994,-2.1412044999999997,-1.4958680000000004,0.6075498931936426,0.49456487726100007,0.7193184905159999,-0.06932684752158838,-0.3055088078559,0.040948629007829945,-0.0831316884033999,-0.2642302625,0.12830354749999998,-1.4128755507313469,-1.6941330342224699,-1.0881847793571124,-1.4147677600000002,-1.7653070000000002,-1.0774785
2024-04-15,12.0,-1.8679669079999994,-2.1412044999999997,-1.4958680000000004,0.6044091111498979,0.49236998123775005,0.7150229169869999,-0.06058638801176435,-0.2788692440261,0.03391278705357496,-0.0831316884033999,-0.2642302625,0.12830354749999998,-1.4072758732652675,-1.6912328940758001,-1.0792384696251498,-1.4082424235000002,-1.76096525,-1.0724462500000003
2024-04-16,12.0,-1.8679669079999994,-2.1412044999999997,-1.4958680000000004,0.601284764484674,0.49018528528725,0.710753080419,-0.05319092098791991,-0.2459947051576,0.025763195431674893,-0.0831316884033999,-0.2642302625,0.12830354749999998,-1.4030047529066458,-1.6871920089422074,-1.0736187360228648,-1.4032511890000001,-1.75513575,-1.06472575
2024-04-17,12.0,-1.8679669079999994,-2.1412044999999997,-1.4958680000000004,0.5981766590013537,0.48800883574222503,0.706504933545,-0.08559314639347049,-0.3425583245546,0.06323267274254996,-0.0831316884033999,-0.2642302625,0.12830354749999998,-1.438515083795517,-1.7311294565174251,-1.1034366763526127,-1.443861618,-1.804153,-1.1156047500000004
2024-04-18,12.0,-1.8679669079999994,-2.1412044999999997,-1.4958680000000004,0.5950847047633878,0.48584310353722504,0.7021242958289999,-0.07377715683793033,-0.3038387352762,0.047269559891074876,-0.0831316884033999,-0.2642302625,0.12830354749999998,-1.4297910484779417,-1.711538973545735,-1.1026977132517504,-1.433235548,-1.789049,-1.1052555000000004
2024-04-19,12.0,-1.8679669079999994,-2.1412044999999997,-1.4958680000000004,0.592009047288222,0.48368633593770005,0.697770669921,-0.20768504273271418,-0.8063511168799999,0.19983136850362496,-0.0831316884033999,-0.2642302625,0.12830354749999998,-1.5667745918478913,-2.0866775291227753,-1.1192705457919265,-1.590460928,-2.08252675,-1.1575757500000001
2024-04-20,12.0,-1.8679669079999994,-2.1412044999999997,-1.4958680000000004,0.6732163536097524,0.5491278243643499,0.795157684509,-0.17531534509009142,-0.6749539762460001,0.15229533890519995,-0.0831316884033999,-0.2642302625,0.12830354749999998,-1.4531975878837393,-1.915311754751675,-1.0447634789270057,-1.4700376975,-1.9178169999999999,-1.0830632500000004
2024-04-21,12.0,-1.8679669079999994,-2.1412044999999997,-1.4958680000000004,0.6697365963762083,0.546690251324175,0.7903793206965,-0.1489347470469818,-0.5817488720225,0.1141261982920749,-0.0831316884033999,-0.2642302625,0.12830354749999998,-1.4302967470741712,-1.83619881281665,-1.0421489586630626,-1.4424197404999999,-1.855223,-1.080762
2024-04-22,12.0,-1.8679669079999994,-2.1412044999999997,-1.4958680000000004,0.6662750206923959,0.5442639128913,0.7854786032789999,-0.12731650754871265,-0.513466497987,0.08102626722144998,-0.0831316884033999,-0.2642302625,0.12830354749999998,-1.4121400832597166,-1.79608063066045,-1.0534510912062247,-1.4208316715,-1.81207125,-1.0705682500000002
2024-04-23,12.0,-1.8679669079999994,-2.1412044999999997,-1.4958680000000004,0.6628314458025207,0.5418477745311749,0.7806084164009999,-0.10948400740766537,-0.45793876482749996,0.06694709494412483,-0.0831316884033999,-0.2642302625,0.12830354749999998,-1.3977511580085453,-1.7443178526943999,-1.0539024947771498,-1.403901851,-1.77983175,-1.0648257500000007
2024-04-24,12.0,-1.8679669079999994,-2.1412044999999997,-1.4958680000000004,0.6594057847919945,0.53944287077835,0.7757981550974999,-0.09467473597038795,-0.40851745897124997,0.0554589877321248,-0.0831316884033999,-0.2642302625,0.12830354749999998,-1.3863675475817927,-1.717064096973525,-1.0465999760456752,-1.39061058,-1.7522282500000002,-1.0535860000000001
2024-04-25,12.0,-1.8679669079999994,-2.1412044999999997,-1.4958680000000004,0.6962383372276174,0.5691706539561001,0.8198133576929999,-0.08229570227477193,-0.36185057647999996,0.04894087477624992,-0.0831316884033999,-0.2642302625,0.12830354749999998,-1.3371559614505528,-1.6486978469451747,-1.0054976844963004,-1.3398345294999998,-1.690882,-1.004529
2024-04-26,12.0,-1.8679669079999994,-2.1412044999999997,-1.4958680000000004,0.692640221505408,0.566644871261175,0.8147584512164999,-0.0718843231369617,-0.33383615469329997,0.04066285875599997,-0.0831316884033999,-0.2642302625,0.12830354749999998,-1.3303426980349546,-1.6177640899591799,-1.00582002904495,-1.331907134,-1.6802039999999998,-0.993999075
2024-04-27,12.0,-1.8679669079999994,-2.1412044999999997,-1.4958680000000004,0.7306609528926596,0.5973332778357,0.8601198518909999,-0.06307744178604766,-0.29584934186850004,0.030869075908624886,-0.0831316884033999,-0.2642302625,0.12830354749999998,-1.2835150852967891,-1.5665459500706749,-0.9596295706171949,-1.2840947914999998,-1.6235104999999999,-0.948806525
2024-04-28,12.0,-1.8679669079999994,-2.1412044999999997,-1.4958680000000004,0.7268848335310547,0.5946818752623001,0.8547215098034999,-0.05558792633420018,-0.2612834301461,0.025356440198369933,-0.0831316884033999,-0.2642302625,0.12830354749999998,-1.279801689206543,-1.558523420711321,-0.96182599761752,-1.2797015475,-1.6175655,-0.9437314250000002
2024-04-29,12.0,-1.8679669079999994,-2.1412044999999997,-1.4958680000000004,0.7231285400415144,0.592042942763475,0.8493007764465,-0.04918692978453749,-0.23697028207020002,0.02101053271838997,-0.0831316884033999,-0.2642302625,0.12830354749999998,-1.2771569861464234,-1.5568493042064124,-0.9618170418555498,-1.2765168400000002,-1.6184737500000002,-0.9426632500000002
2024-04-30,12.0,-1.8679669079999994,-2.1412044999999997,-1.4958680000000004,0.7843933990139136,0.6414439389372,0.9228142475175,-0.04369077173205408,-0.220345820194175,0.01743012309069,-0.0831316884033999,-0.2642302625,0.12830354749999998,-1.2103959691215402,-1.4886392657276974,-0.8918026098310151,-1.209151737,-1.55132625,-0.8782850000000002
2024-05-01,12.0,-1.8679669079999994,-2.1412044999999997,-1.4958680000000004,0.7803396769154581,0.6385964351088,0.916944846846,-0.038950889645675495,-0.20720308232785,0.01378855277669999,-0.0831316884033999,-0.2642302625,0.12830354749999998,-1.2097098091336154,-1.4915127532184074,-0.8933018327656302,-1.208112846,-1.5490389999999998,-0.87784555
2024-05-02,12.0,-1.8679669079999994,-2.1412044999999997,-1.4958680000000004,0.8350158635416121,0.682702482921375,0.9823480118429999,-0.0348463933242913,-0.19419079400665,0.01150214506663249,-0.0831316884033999,-0.2642302625,0.12830354749999998,-1.1509291261860801,-1.4364062091677998,-0.8325082323986724,-1.1488831565,-1.4889265,-0.8214345000000001
2024-05-03,12.0,-1.8679669079999994,-2.1412044999999997,-1.4958680000000004,0.8307004466744572,0.679671865179825,0.9761919094175,-0.03127821854284656,-0.1753588456756,0.009537581760349996,-0.0831316884033999,-0.2642302625,0.12830354749999998,-1.1516763682717894,-1.4387866117627248,-0.8322337280321999,-1.1493892365000002,-1.4933684999999999,-0.8232324750000002
2024-05-04,12.0,-1.8679669079999994,-2.1412044999999997,-1.4958680000000004,0.8688917473501372,0.7105147771512,1.021624768155,-0.028164823815986267,-0.160257034393825,0.007723888155914997,-0.0831316884033999,-0.2642302625,0.12830354749999998,-1.1103716728692474,-1.3992428726063624,-0.79018654054494,-1.1077547829999999,-1.4506757499999998,-0.7812701750000002
2024-05-05,12.0,-1.8679669079999994,-2.1412044999999997,-1.4958680000000004,0.8644013981489578,0.707361010465725,1.0151680003625,-0.025438621729590025,-0.146548400059725,0.006223439432714997,-0.0831316884033999,-0.2642302625,0.12830354749999998,-1.1121358199840323,-1.4028524013720673,-0.7923397028786425,-1.1093466525,-1.454379,-0.7811326
2024-05-06,12.0,-1.8679669079999994,-2.1412044999999997,-1.4958680000000004,0.9046470959051488,0.7398609122609251,1.0631056817805,-0.03801459673263285,-0.1757500188721,0.024137941996882455,-0.0831316884033999,-0.2642302625,0.12830354749999998,-1.0844660972308842,-1.3685743576757499,-0.7663862678235,-1.0835694480000002,-1.426476,-0.7665652250000003
2024-05-07,12.0,-1.8679669079999994,-2.1412044999999997,-1.4958680000000004,0.8999720459905797,0.7365767847606001,1.05646948557,-0.033444627244429016,-0.16233243269002498,0.016010095672349987,-0.0831316884033999,-0.2642302625,0.12830354749999998,-1.0845711776572493,-1.3688146761380873,-0.7653412987478999,-1.0829946115,-1.42360675,-0.7638936750000002
2024-05-08,12.0,-1.8679669079999994,-2.1412044999999997,-1.4958680000000004,0.8953212743674432,0.733308115536675,1.04992223552325,-0.029588117954535496,-0.14639975064629998,0.01291242844421999,-0.0831316884033999,-0.2642302625,0.12830354749999998,-1.0853654399904922,-1.3729410321954898,-0.7658237828206598,-1.083288411,-1.425619,-0.76151315
2024-05-09,12.0,-1.8679669079999994,-2.1412044999999997,-1.4958680000000004,0.9457636063773698,0.774017475299775,1.11026840748525,-0.026314344018671453,-0.131619939164175,0.010414101682529991,-0.0831316884033999,-0.2642302625,0.12830354749999998,-1.0316493340447008,-1.3223271098709948,-0.7120976290616636,-1.0290372925000002,-1.3676195,-0.70622315
2024-05-10,12.0,-1.8679669079999994,-2.1412044999999997,-1.4958680000000004,0.9408761757536445,0.770581351371825,1.10338812555675,-0.1121575031633152,-0.44020874941879995,0.10846819635234994,-0.0831316884033999,-0.2642302625,0.12830354749999998,-1.1223799238130705,-1.4424945682347001,-0.76929501391916,-1.1328035639999998,-1.5028425,-0.7942679500000001
2024-05-11,12.0,-1.8679669079999994,-2.1412044999999997,-1.4958680000000004,0.9360143796237241,0.767161403920275,1.0965806963565,-0.09488224523305602,-0.3550774810014,0.08049598473734997,-0.0831316884033999,-0.2642302625,0.12830354749999998,-1.109966462012731,-1.412954530659825,-0.7741555179692601,-1.1167052964999997,-1.4678615,-0.7939199250000001
2024-05-12,12.0,-1.8679669079999994,-2.1412044999999997,-1.4958680000000004,0.9877568819051704,0.808921148536725,1.1584483589505,-0.0808105431336758,-0.30623475340465,0.06299671517494995,-0.0831316884033999,-0.2642302625,0.12830354749999998,-1.0441522576319056,-1.33226044853475,-0.7067845109307549,-1.0481221289999998,-1.3889885000000002,-0.7289771000000002
2024-05-13,12.0,-1.8679669079999994,-2.1412044999999997,-1.4958680000000004,0.9826527913146835,0.8053307581793251,1.1513015602380001,-0.06928440733561028,-0.27093234345915,0.04382212673279999,-0.0831316884033999,-0.2642302625,0.12830354749999998,-1.037730212424327,-1.3148702955413099,-0.706901630288365,-1.0398095735000001,-1.3805395,-0.7262402000000001
2024-05-14,12.0,-1.8679669079999994,-2.1412044999999997,-1.4958680000000004,1.04288894469985,0.8539325142642,1.223365742196,-0.059778775970562255,-0.24574403130675,0.03491973861462492,-0.0831316884033999,-0.2642302625,0.12830354749999998,-0.9679884276741129,-1.2474590728663497,-0.6432322313968727,-0.9684894945,-1.3040715,-0.6552792000000001
2024-05-15,12.0,-1.8679669079999994,-2.1412044999999997,-1.4958680000000004,1.0374999814767771,0.8501425171827001,1.21581017899725,-0.051883791714073556,-0.22211100801434996,0.03005949851159496,-0.0831316884033999,-0.2642302625,0.12830354749999998,-0.9654824066406957,-1.2442261760286997,-0.6450038628304277,-0.9649386015,-1.29249625,-0.65076575
2024-05-16,12.0,-1.8679669079999994,-2.1412044999999997,-1.4958680000000004,1.0963275090930074,0.8976180117250501,1.2861655438095,-0.045281323843610485,-0.1977965108056,0.02659854079584998,-0.0831316884033999,-0.2642302625,0.12830354749999998,-0.9000524111540026,-1.18350334383551,-0.5816633610722499,-0.898534485,-1.22537925,-0.58465455
2024-05-17,12.0,-1.8679669079999994,-2.1412044999999997,-1.4958680000000004,1.0906623561157156,0.893633148855825,1.2782213867415,-0.039723748500567535,-0.174469442861,0.02195556800617499,-0.0831316884033999,-0.2642302625,0.12830354749999998,-0.9001599887882518,-1.1866851800651124,-0.5806392319802025,-0.8980362780000001,-1.22325875,-0.5852327250000003
2024-05-18,12.0,-1.8679669079999994,-2.1412044999999997,-1.4958680000000004,1.0850265560994679,0.88966693339755,1.2703509863295,-0.03501713544497984,-0.160722995192975,0.01665345623890746,-0.0831316884033999,-0.2642302625,0.12830354749999998,-0.9010891757489122,-1.1920936320881923,-0.5837266061672999,-0.89849646,-1.2279625,-0.5840642250000001
2024-05-19,12.0,-1.8679669079999994,-2.1412044999999997,-1.4958680000000004,1.079420490556461,0.8857184462175001,1.2625292373239998,-0.031008504660802415,-0.15172808098915,0.013221248256899958,-0.0831316884033999,-0.2642302625,0.12830354749999998,-0.902686610507743,-1.1968880499859311,-0.580755451405735,-0.8997279045000001,-1.230701,-0.5847282500000001
2024-05-20,12.0,-1.8679669079999994,-2.1412044999999997,-1.4958680000000004,1.0738433990662717,0.881786652781125,1.2547568222197498,-0.02757622768481526,-0.140933568984875,0.010951973049539982,-0.0831316884033999,-0.2642302625,0.12830354749999998,-0.9048314250219434,-1.2007453549190763,-0.584510150692745,-0.9015835114999999,-1.2335925,-0.5831014750000001
2024-05-21,12.0,-1.8679669079999994,-2.1412044999999997,-1.4958680000000004,1.143451573021073,0.937939231047,1.338033941154,-0.02462283103607868,-0.129579602901825,0.009081064234469997,-0.0831316884033999,-0.2642302625,0.12830354749999998,-0.8322698544184073,-1.1315960924518798,-0.512556142050857,-0.828584077,-1.1598262499999998,-0.5124717750000001
2024-05-22,12.0,-1.8679669079999994,-2.1412044999999997,-1.4958680000000004,1.1375434987875837,0.9337763970664501,1.3297931806064998,-0.022069670268535246,-0.11537759400669999,0.00735052045719,-0.0831316884033999,-0.2642302625,0.12830354749999998,-0.8356247678843514,-1.1352916894665148,-0.5124204561066387,-0.8317540549999999,-1.1637635,-0.5141346250000003
2024-05-23,12.0,-1.8679669079999994,-2.1412044999999997,-1.4958680000000004,1.131666375270582,0.9296312913641251,1.321607396313,-0.019852798552713616,-0.104891243347075,0.006086584888752743,-0.0831316884033999,-0.2642302625,0.12830354749999998,-0.8392850196855323,-1.1397607513520849,-0.5176665311756228,-0.8352639615,-1.1687792499999998,-0.517595725
2024-05-24,12.0,-1.8679669079999994,-2.1412044999999997,-1.4958680000000004,1.1258200226977486,0.9255051494073,1.3128950670787498,-0.01791992690596065,-0.09594932045932501,0.005046900212595,-0.0831316884033999,-0.2642302625,0.12830354749999998,-0.8431985006116121,-1.1444848226965647,-0.5229337071302184,-0.8390542310000001,-1.1738870000000001,-0.521105075
2024-05-25,12.0,-1.8679669079999994,-2.1412044999999997,-1.4958680000000004,1.1200037381799148,0.9213969366614251,1.3038789491949998,-0.016228017317061867,-0.08778724938652499,0.004031255312189999,-0.0831316884033999,-0.2642302625,0.12830354749999998,-0.8473228755405484,-1.1496479425039399,-0.5282143420267407,-0.843076233,-1.17812325,-0.524120475
2024-05-26,12.0,-1.8679669079999994,-2.1412044999999997,-1.4958680000000004,1.1142180996147948,0.917307170393775,1.295188482176,-0.014741459901292142,-0.080326947058425,0.0032550513535849986,-0.0831316884033999,-0.2642302625,0.12830354749999998,-0.8516219566898982,-1.1536357083590774,-0.5335027007365252,-0.8472899545,-1.18331875,-0.5279656500000001
2024-05-27,12.0,-1.8679669079999994,-2.1412044999999997,-1.4958680000000004,1.1084626624281169,0.9132360515370751,1.2865559829155,-0.017128550690394637,-0.0833317305429,0.006846495838579991,-0.0831316884033999,-0.2642302625,0.12830354749999998,-0.8597644846656793,-1.1610085757059125,-0.5392867735610049,-0.85586827,-1.19298275,-0.5366346
2024-05-28,12.0,-1.8679669079999994,-2.1412044999999997,-1.4958680000000004,1.1027371597752669,0.909213523932,1.27866257317425,-0.015381795697121068,-0.076247762318625,0.004982860864147499,-0.0831316884033999,-0.2642302625,0.12830354749999998,-0.8637432323252552,-1.1642054036438023,-0.5445102326279923,-0.8596606345,-1.19902475,-0.5409685500000002
2024-05-29,12.0,-1.8679669079999994,-2.1412044999999997,-1.4958680000000004,1.0970414510788788,0.9052831618530001,1.27144580127975,-0.013874837646127665,-0.06977831099484999,0.003998866852150248,-0.0831316884033999,-0.2642302625,0.12830354749999998,-0.8679319829706478,-1.169634948461445,-0.5466718563845552,-0.8637085449999999,-1.2041195,-0.5450278750000002
2024-05-30,12.0,-1.8679669079999994,-2.1412044999999997,-1.4958680000000004,1.0913755996304122,0.9013869243539999,1.26426952731975,-0.012567668153576739,-0.06486624344299999,0.0032943572093069987,-0.0831316884033999,-0.2642302625,0.12830354749999998,-0.8722906649265655,-1.1750872693907548,-0.5468617412262518,-0.8679584709999999,-1.2087045,-0.54850875
2024-05-31,12.0,-1.8679669079999994,-2.1412044999999997,-1.4958680000000004,1.0857391230431543,0.8975461335435,1.2571346014920002,-0.011427496100271299,-0.060303594228399995,0.0026727813069299987,-0.0831316884033999,-0.2642302625,0.12830354749999998,-0.8767869694605165,-1.1798129370758448,-0.5486726982956641,-0.872368964,-1.2151065,-0.55269395
2024-06-01,12.0,-1.8679669079999994,-2.1412044999999997,-1.4958680000000004,1.0801320258551899,0.8937200687625,1.250297730477,-0.09126299484850245,-0.3644864391282,0.09558533903249991,-0.0831316884033999,-0.2642302625,0.12830354749999998,-0.9622295653967121,-1.2715954326948,-0.6141704917776148,-0.9699165045000001,-1.32251225,-0.6466003000000005
2024-06-02,12.0,-1.8679669079999994,-2.1412044999999997,-1.4958680000000004,1.0745542499621725,0.889908011811,1.2428201589680001,-0.07681081742878709,-0.3031933643912,0.069628609028775,-0.0831316884033999,-0.2642302625,0.12830354749999998,-0.9533551638700154,-1.24635026103685,-0.6116576148082498,-0.957826306,-1.29788,-0.64096865
2024-06-03,12.0,-1.8679669079999994,-2.1412044999999997,-1.4958680000000004,1.0690054700367955,0.8861130165037501,1.235639809719,-0.06508788585537395,-0.24539179314415002,0.05472301794421499,-0.0831316884033999,-0.2642302625,0.12830354749999998,-0.9471810122219784,-1.2263558333712001,-0.6092589105255998,-0.9493909679999999,-1.2826309999999999,-0.6382876250000001
2024-06-04,12.0,-1.8679669079999994,-2.1412044999999997,-1.4958680000000004,1.1270502907339375,0.9326778861645,1.3044654593425,-0.11169799633256088,-0.45428915853874996,0.10562445448109999,-0.0831316884033999,-0.2642302625,0.12830354749999998,-0.9357463020020226,-1.2723749473764001,-0.5789359016233001,-0.944660658,-1.3057265,-0.6069490000000003
2024-06-05,12.0,-1.8679669079999994,-2.1412044999999997,-1.4958680000000004,1.12123017394853,0.92870221961475,1.2965229618954999,-0.14337304075580146,-0.5747437950956,0.1412930642852249,-0.0831316884033999,-0.2642302625,0.12830354749999998,-0.9732414632106716,-1.37480454007125,-0.5958405079469503,-0.9863957425000001,-1.38830575,-0.6280515250000003
2024-06-06,12.0,-1.8679669079999994,-2.1412044999999997,-1.4958680000000004,1.1917505678831086,0.98526027853575,1.3801040412724999,-0.1704513659174541,-0.6729135959035,0.17032301609774994,-0.0831316884033999,-0.2642302625,0.12830354749999998,-0.9297993944377464,-1.3802059648474998,-0.525049319754125,-0.9461039855,-1.37677775,-0.5634653250000001
2024-06-07,12.0,-1.8679669079999994,-2.1412044999999997,-1.4958680000000004,1.1855959818219028,0.9810579642255,1.3722842310419998,-0.1714935885739673,-0.6905756670962,0.16913079898937497,-0.0831316884033999,-0.2642302625,0.12830354749999998,-0.9369962031554647,-1.3856631146785001,-0.5305516368301775,-0.952623127,-1.38901725,-0.5689586750000001
2024-06-08,12.0,-1.8679669079999994,-2.1412044999999997,-1.4958680000000004,1.1794736662022534,0.9768772017742501,1.3639280021145,-0.1445953150277102,-0.5718664723985,0.12500475854537496,-0.0831316884033999,-0.2642302625,0.12830354749999998,-0.9162202452288568,-1.314869894568,-0.5352088054334825,-0.9268664485,-1.3254205000000001,-0.5730430500000009
2024-06-09,12.0,-1.8679669079999994,-2.1412044999999997,-1.4958680000000004,1.1733831400916674,0.9727118835524999,1.3563867610440001,-0.12269982941064406,-0.4751831889805,0.08646593820907497,-0.0831316884033999,-0.2642302625,0.12830354749999998,-0.9004152857223776,-1.2564476230547998,-0.54415769155605,-0.9074692525,-1.277743,-0.5638735250000001
2024-06-10,12.0,-1.8679669079999994,-2.1412044999999997,-1.4958680000000004,1.1673244001868774,0.968564345175,1.349130717471,-0.10476211709572265,-0.4148668258523999,0.06541275120422493,-0.0831316884033999,-0.2642302625,0.12830354749999998,-0.8885363133122446,-1.213308414057025,-0.5359733814219999,-0.8929509225,-1.2407584999999999,-0.5581401250000002
2024-06-11,12.0,-1.8679669079999994,-2.1412044999999997,-1.4958680000000004,1.161297416177858,0.96443530484175,1.3419150969209999,-0.08996640486880927,-0.3662397020271,0.055378514373499936,-0.0831316884033999,-0.2642302625,0.12830354749999998,-0.8797675850943536,-1.1920832317923251,-0.5351423843371699,-0.8822158625,-1.22221725,-0.5602333500000001
2024-06-12,12.0,-1.8679669079999994,-2.1412044999999997,-1.4958680000000004,1.2408032770453405,1.028185594002,1.434475124184,-0.07768047557009007,-0.3285369020226,0.046738338940249854,-0.0831316884033999,-0.2642302625,0.12830354749999998,-0.7879757949281501,-1.0762081050327499,-0.45367975824059253,-0.7887086355,-1.12169875,-0.4711492500000001
2024-06-13,12.0,-1.8679669079999994,-2.1412044999999997,-1.4958680000000004,1.2343964795742781,1.02380260844925,1.426802727957,-0.10329110918916957,-0.40339952079844993,0.07121590538846247,-0.0831316884033999,-0.2642302625,0.12830354749999998,-0.8199932260182894,-1.1397920794470575,-0.46679512867124995,-0.8247994495000001,-1.17294325,-0.487551825
2024-06-14,12.0,-1.8679669079999994,-2.1412044999999997,-1.4958680000000004,1.228022833966059,1.01943883914075,1.419170754753,-0.08866473451123526,-0.35875227250529995,0.05555736303757497,-0.0831316884033999,-0.2642302625,0.12830354749999998,-0.8117404969485759,-1.11601991451675,-0.4671766420875801,-0.8143547455000001,-1.1508405000000002,-0.49360695000000054
2024-06-15,12.0,-1.8679669079999994,-2.1412044999999997,-1.4958680000000004,1.2813397921937206,1.0622246949090002,1.4813063531414998,-0.07652910293739046,-0.32440957614059995,0.04501878897387486,-0.0831316884033999,-0.2642302625,0.12830354749999998,-0.7462879071470698,-1.03481713467531,-0.41158502054415996,-0.7471132465000001,-1.075808,-0.4297379000000001
2024-06-16,12.0,-1.8679669079999994,-2.1412044999999997,-1.4958680000000004,1.2747237984654403,1.0576949803875,1.4733820372619997,-0.06640325693708243,-0.28615295991059997,0.038535055729749905,-0.0831316884033999,-0.2642302625,0.12830354749999998,-0.7427780548750423,-1.0254599852414499,-0.41731528526082246,-0.742402593,-1.0662675,-0.429392475
2024-06-17,12.0,-1.8679669079999994,-2.1412044999999997,-1.4958680000000004,1.2681420762137403,1.053187535925,1.465501464708,-0.12496938761951783,-0.4707566090953,0.10527819600419994,-0.0831316884033999,-0.2642302625,0.12830354749999998,-0.8079259078091781,-1.1642738953987497,-0.44001058950096733,-0.816582913,-1.1921475,-0.4651320500000001
2024-06-18,12.0,-1.8679669079999994,-2.1412044999999997,-1.4958680000000004,1.2615946699562999,1.0486985895067502,1.4576622288135,-0.10656271606967183,-0.4162523885712,0.07704952444619986,-0.0831316884033999,-0.2642302625,0.12830354749999998,-0.7960666425167722,-1.12345320469905,-0.43983597286069986,-0.8014600545,-1.15108975,-0.46372087500000025
2024-06-19,12.0,-1.8679669079999994,-2.1412044999999997,-1.4958680000000004,1.2550815715793406,1.0442288593327498,1.4498658226080001,-0.09141085832434552,-0.3717293558145,0.05839029786224998,-0.0831316884033999,-0.2642302625,0.12830354749999998,-0.7874278831484056,-1.0936531978022501,-0.43813120782909987,-0.790474964,-1.12771375,-0.46647285000000055
2024-06-20,12.0,-1.8679669079999994,-2.1412044999999997,-1.4958680000000004,1.3059272560626791,1.0850337893745,1.5091334366534999,-0.09346384626205842,-0.3739165182015,0.0585998377805,-0.0831316884033999,-0.2642302625,0.12830354749999998,-0.7386351866027785,-1.0459765601977002,-0.38862636919606003,-0.7418643970000001,-1.0787567500000002,-0.4096289000000002
2024-06-21,12.0,-1.8679669079999994,-2.1412044999999997,-1.4958680000000004,1.2991849940151592,1.0804054770022502,1.501061289285,-0.08055891248205371,-0.3382553232142,0.04710169018724988,-0.0831316884033999,-0.2642302625,0.12830354749999998,-0.7324725148702936,-1.02341875529909,-0.3945259925254402,-0.7338889845,-1.062243,-0.41672677500000005
2024-06-22,12.0,-1.8679669079999994,-2.1412044999999997,-1.4958680000000004,1.36150210524108,1.1304002684835,1.5736670294594999,-0.06982119834805893,-0.29657257256249997,0.04026051990489991,-0.0831316884033999,-0.2642302625,0.12830354749999998,-0.659417689510379,-0.9427661807637999,-0.3270988118542351,-0.6592797333,-0.9801336749999999,-0.34334485000000003
2024-06-23,12.0,-1.8679669079999994,-2.1412044999999997,-1.4958680000000004,1.3544727245884418,1.125582485454,1.5652493660375,-0.06083097036589595,-0.2730145937015,0.03560679304507999,-0.0831316884033999,-0.2642302625,0.12830354749999998,-0.6574568421808559,-0.93920555660835,-0.330169968851265,-0.65629845385,-0.973656725,-0.34590360000000003
2024-06-24,12.0,-1.8679669079999994,-2.1412044999999997,-1.4958680000000004,1.347479896080379,1.12078463686875,1.5568796457595,-0.05325785598551028,-0.2421282914596,0.028762292632149977,-0.0831316884033999,-0.2642302625,0.12830354749999998,-0.6568765563085299,-0.9324731220728999,-0.3354864322855651,-0.6549358674,-0.968689925,-0.3441854000000001
2024-06-25,12.0,-1.8679669079999994,-2.1412044999999997,-1.4958680000000004,1.3955588097343992,1.1593819992825,1.6129487050495,-0.08812847735844277,-0.3441297343653,0.06707166050204996,-0.0831316884033999,-0.2642302625,0.12830354749999998,-0.6436682640274428,-0.9349433832155499,-0.29689237969553006,-0.6470132800999999,-0.981646275,-0.3190283750000001
2024-06-26,12.0,-1.8679669079999994,-2.1412044999999997,-1.4958680000000004,1.3883538358576986,1.15444047554325,1.6043229821195,-0.07578021952788355,-0.31148895521939995,0.048667650329249953,-0.0831316884033999,-0.2642302625,0.12830354749999998,-0.6385249800735837,-0.9182200312015499,-0.30345757037466,-0.63983794815,-0.963069075,-0.32157507500000015
2024-06-27,12.0,-1.8679669079999994,-2.1412044999999997,-1.4958680000000004,1.4152553767497205,1.1760868029802498,1.635791631346,-0.06554318382923358,-0.2772737307508,0.03738472450318493,-0.0831316884033999,-0.2642302625,0.12830354749999998,-0.601386403482914,-0.879556377965625,-0.27047446465749264,-0.6010924348000001,-0.9211195249999999,-0.28811450000000005
2024-06-28,12.0,-1.8679669079999994,-2.1412044999999997,-1.4958680000000004,1.4079489047517597,1.1710718242492502,1.6270453375319998,-0.05700814200653582,-0.2510639967857,0.03310252865572499,-0.0831316884033999,-0.2642302625,0.12830354749999998,-0.6001578336581757,-0.8763135967139,-0.27548845805628513,-0.5987723525499999,-0.91190205,-0.2883343500000001
2024-06-29,12.0,-1.8679669079999994,-2.1412044999999997,-1.4958680000000004,1.4598068110626785,1.2126989539035,1.6875118939725,-0.04984755433641263,-0.2214565901919,0.0277240023357,-0.0831316884033999,-0.2642302625,0.12830354749999998,-0.5411393396771322,-0.8246065439878875,-0.2138043116661999,-0.53874116765,-0.851564125,-0.22799597500000013
2024-06-30,12.0,-1.8679669079999994,-2.1412044999999997,-1.4958680000000004,1.4522703165600208,1.20753150060375,1.6784889502579998,-0.04380273633639114,-0.1957627173802,0.02251635952994999,-0.0831316884033999,-0.2642302625,0.12830354749999998,-0.5426310161797709,-0.8304338587830749,-0.2137709896637398,-0.539602492,-0.8518030999999999,-0.23083002500000022
2024-07-01,12.0,-1.8679669079999994,-2.1412044999999997,-1.4958680000000004,1.4447727083766,1.2023846999482501,1.669514728426,-0.03866956939521134,-0.18023079291255,0.017045348943642458,-0.0831316884033999,-0.2642302625,0.12830354749999998,-0.5449954574220114,-0.8363201515565626,-0.21941231725401997,-0.54147754635,-0.8524317,-0.23154165
2024-07-02,12.0,-1.8679669079999994,-2.1412044999999997,-1.4958680000000004,1.4373144779333589,1.197257833737,1.6605867547189999,-0.05365431817793624,-0.22384686210739999,0.03469533900479997,-0.0831316884033999,-0.2642302625,0.12830354749999998,-0.5674384366479769,-0.8444447636889624,-0.2462668993520025,-0.5663419995500001,-0.8827741,-0.25932185000000013
2024-07-03,12.0,-1.8679669079999994,-2.1412044999999997,-1.4958680000000004,1.4298951212649202,1.19215395578475,1.651708329518,-0.04669142872834207,-0.1974389555432,0.027710459975399986,-0.0831316884033999,-0.2642302625,0.12830354749999998,-0.567894903866822,-0.8499107034109249,-0.25170715877399497,-0.56578104005,-0.87874485,-0.2568587250000001
2024-07-04,12.0,-1.8679669079999994,-2.1412044999999997,-1.4958680000000004,1.4892310355734402,1.23976536063975,1.720867485923,-0.040858350063762844,-0.1751626348546,0.021839917523674993,-0.0831316884033999,-0.2642302625,0.12830354749999998,-0.5027259108937224,-0.7928646676820997,-0.17353437733996485,-0.4996586489025,-0.8119930249999999,-0.18987482500000014
2024-07-05,12.0,-1.8679669079999994,-2.1412044999999997,-1.4958680000000004,1.4815434285112206,1.23447847583025,1.71166698932,-0.03594363527526487,-0.1646336816941,0.01804079438330999,-0.0831316884033999,-0.2642302625,0.12830354749999998,-0.5054988031674449,-0.7992229084264998,-0.17747659650178907,-0.5018707110245,-0.8161077999999999,-0.1940249250000003
2024-07-06,12.0,-1.8679669079999994,-2.1412044999999997,-1.4958680000000004,1.5489301068524206,1.28854128408075,1.7901818733255,-0.031777347243867056,-0.155418692689375,0.014680342614779985,-0.0831316884033999,-0.2642302625,0.12830354749999998,-0.43394583679484716,-0.7341491601925798,-0.10000853405945488,-0.42966280774250004,-0.74567335,-0.11890350000000012
2024-07-07,12.0,-1.8679669079999994,-2.1412044999999997,-1.4958680000000004,1.5409339690690986,1.28304597782025,1.780610583438,-0.028224338037079483,-0.14354438300834998,0.011150204870287483,-0.0831316884033999,-0.2642302625,0.12830354749999998,-0.4383889653713794,-0.7415865441736899,-0.10831911819206101,-0.43377371495,-0.75057515,-0.1226112500000001
2024-07-08,12.0,-1.8679669079999994,-2.1412044999999997,-1.4958680000000004,1.532979222390739,1.2775577446170001,1.7710904953035,-0.025177125971591472,-0.1306358154603,0.00907072701401999,-0.0831316884033999,-0.2642302625,0.12830354749999998,-0.44329649998425136,-0.7481622966432,-0.11533097501300407,-0.43841988764,-0.756124075,-0.1274090500000001
2024-07-09,12.0,-1.8679669079999994,-2.1412044999999997,-1.4958680000000004,1.52506627017964,1.2720960270900001,1.761258767835,-0.08940890660894577,-0.33742054184489995,0.08319211807937493,-0.0831316884033999,-0.2642302625,0.12830354749999998,-0.5154412328327059,-0.8081540201989252,-0.1556954039939748,-0.52037699052,-0.864904725,-0.1944567
2024-07-10,12.0,-1.8679669079999994,-2.1412044999999997,-1.4958680000000004,1.5171945521631598,1.26665609308875,1.7510827269075,-0.13349366573337196,-0.5349934990541999,0.1298857197140999,-0.0831316884033999,-0.2642302625,0.12830354749999998,-0.5673977099736113,-0.93449084767375,-0.17808262640032488,-0.5785128389,-0.971576,-0.2200543500000001
2024-07-11,12.0,-1.8679669079999994,-2.1412044999999997,-1.4958680000000004,1.5093637222410983,1.2612391179885,1.7409771450749998,-0.1704232741669537,-0.6744078364038,0.16754470358759982,-0.0831316884033999,-0.2642302625,0.12830354749999998,-0.6121581483292532,-1.0684978610806999,-0.19505128090900006,-0.6280729999,-1.06771425,-0.23128962500000005
2024-07-12,12.0,-1.8679669079999994,-2.1412044999999997,-1.4958680000000004,1.5015738123822602,1.25584668938925,1.7309287227715,-0.1435582290511717,-0.5637967319825,0.1282050967809,-0.0831316884033999,-0.2642302625,0.12830354749999998,-0.5930830130723117,-0.9915486437960002,-0.19837347165154992,-0.6035329133908001,-1.0002595,-0.23915757500000037
2024-07-13,12.0,-1.8679669079999994,-2.1412044999999997,-1.4958680000000004,1.4938243067990813,1.2504788072910002,1.7207782012924997,-0.1217272251122927,-0.46253469272639997,0.09515894689184995,-0.0831316884033999,-0.2642302625,0.12830354749999998,-0.5790015147166129,-0.9407474831384001,-0.20153510473612027,-0.58555972715,-0.949521125,-0.2365903500000001
2024-07-14,12.0,-1.8679669079999994,-2.1412044999999997,-1.4958680000000004,1.486115428001061,1.2451311211184999,1.7104673179824998,-0.1038811628959554,-0.40570542641179996,0.06685055404224996,-0.0831316884033999,-0.2642302625,0.12830354749999998,-0.568864331298295,-0.8990226996745501,-0.20843341107455512,-0.57258997927,-0.9171889999999999,-0.23706600000000022
2024-07-15,12.0,-1.8679669079999994,-2.1412044999999997,-1.4958680000000004,1.4784465442563395,1.239807187647,1.7002155916025,-0.0891925894878234,-0.3600215404767,0.05510975786587491,-0.0831316884033999,-0.2642302625,0.12830354749999998,-0.5618446416348831,-0.863595646243175,-0.20713874567802493,-0.563474831665,-0.894413325,-0.23434495000000044
2024-07-16,12.0,-1.8679669079999994,-2.1412044999999997,-1.4958680000000004,1.5395661354281998,1.2888326000025,1.7731591728374998,-0.07701897399343462,-0.32555850069479997,0.04581220953762487,-0.0831316884033999,-0.2642302625,0.12830354749999998,-0.48855143496863485,-0.7808735851422974,-0.14324204483909003,-0.48839928268,-0.80902775,-0.16657335000000065
2024-07-17,12.0,-1.8679669079999994,-2.1412044999999997,-1.4958680000000004,1.53162093374868,1.2833222016982502,1.7625381156775,-0.06686237864663107,-0.2875179961381,0.0391308426004849,-0.0831316884033999,-0.2642302625,0.12830354749999998,-0.48634004130135106,-0.7674997931822499,-0.14835730776496756,-0.484999761545,-0.8024439999999999,-0.16802270000000027
2024-07-18,12.0,-1.8679669079999994,-2.1412044999999997,-1.4958680000000004,1.609878761934621,1.34609538928725,1.8559414896749997,-0.05833540014499892,-0.2655727889724,0.033981622391189986,-0.0831316884033999,-0.2642302625,0.12830354749999998,-0.39955523461377906,-0.6760496907826123,-0.05816589903297753,-0.397054729735,-0.7066946,-0.08141805000000008
2024-07-19,12.0,-1.8679669079999994,-2.1412044999999997,-1.4958680000000004,1.6015701149614388,1.3403371752225002,1.8450259283575,-0.051134644257596486,-0.2350257893445,0.026041016676424902,-0.0831316884033999,-0.2642302625,0.12830354749999998,-0.4006631256995562,-0.6822802725616125,-0.062139042569666694,-0.39746243238,-0.707729775,-0.08498996250000035
2024-07-20,12.0,-1.8679669079999994,-2.1412044999999997,-1.4958680000000004,1.59330489357706,1.3346054768339999,1.8339615942549998,-0.04502069730567073,-0.2073877752695,0.021012192728489924,-0.0831316884033999,-0.2642302625,0.12830354749999998,-0.40281440013201103,-0.6840738427009997,-0.06760809000224786,-0.39906858312000004,-0.7095043000000001,-0.08994178250000039
2024-07-21,12.0,-1.8679669079999994,-2.1412044999999997,-1.4958680000000004,1.5850828004440198,1.3289795917965,1.8229712063149996,-0.0398031672187424,-0.18578999431370002,0.01739934972614996,-0.0831316884033999,-0.2642302625,0.12830354749999998,-0.40581896317812266,-0.6906619826989998,-0.07333020095624619,-0.40164470315,-0.714933575,-0.09265526250000022
2024-07-22,12.0,-1.8679669079999994,-2.1412044999999997,-1.4958680000000004,1.576903680522801,1.32340812786,1.8120471699049996,-0.03532947279966625,-0.173043022562475,0.014421766188269987,-0.0831316884033999,-0.2642302625,0.12830354749999998,-0.409524388680266,-0.6976663999370998,-0.07790448007285988,-0.405010249695,-0.71618615,-0.09718073750000003
2024-07-23,12.0,-1.8679669079999994,-2.1412044999999997,-1.4958680000000004,1.6518572931895992,1.3834490642175,1.9016501975624998,-0.03147647234160028,-0.1633004829187,0.011594153211584989,-0.0831316884033999,-0.2642302625,0.12830354749999998,-0.3307177755554005,-0.6221583047840398,-0.0016934313327400781,-0.32568336406,-0.64048715,-0.016540255000000066
2024-07-24,12.0,-1.8679669079999994,-2.1412044999999997,-1.4958680000000004,1.6433329781628188,1.3776443665162499,1.8902537057775,-0.02814408870005037,-0.1525255541587,0.009343064003974992,-0.0831316884033999,-0.2642302625,0.12830354749999998,-0.33590970694063,-0.6289323689037597,0.0019434074121998397,-0.33065574113,-0.64397995,-0.020226987500000154
2024-07-25,12.0,-1.8679669079999994,-2.1412044999999997,-1.4958680000000004,1.700257699254901,1.42343977834275,1.9580442455524998,-0.03479564087507026,-0.159662371605775,0.01827986558996248,-0.0831316884033999,-0.2642302625,0.12830354749999998,-0.2856365380235705,-0.5768469032024397,0.04535706799730003,-0.28132790965550003,-0.5973746999999999,0.02861327499999997
2024-07-26,12.0,-1.8679669079999994,-2.1412044999999997,-1.4958680000000004,1.69148344685076,1.4174680903845,1.9463080014524998,-0.030725381509345624,-0.150053749863275,0.014050745073899985,-0.0831316884033999,-0.2642302625,0.12830354749999998,-0.29034053106198554,-0.5837352248456097,0.04758646612751994,-0.28555059091350005,-0.6007625,0.024130404999999876
2024-07-27,12.0,-1.8679669079999994,-2.1412044999999997,-1.4958680000000004,1.6827547335226622,1.41151940458725,1.9346453034824997,-0.04996606922769853,-0.19780200040387497,0.03469228287159498,-0.0831316884033999,-0.2642302625,0.12830354749999998,-0.31830993210843844,-0.5992134040765998,0.012802861659150183,-0.3165210558655,-0.6327982999999999,-0.0040370457500001075
2024-07-28,12.0,-1.8679669079999994,-2.1412044999999997,-1.4958680000000004,1.6740715421442813,1.405599696081,1.9230569517074998,-0.04322579360247629,-0.1748021980215,0.027746176336942485,-0.0831316884033999,-0.2642302625,0.12830354749999998,-0.32025284786159597,-0.6005280382540997,0.011084749711913928,-0.31732779326000005,-0.630804375,-0.0093120242500004
2024-07-29,12.0,-1.8679669079999994,-2.1412044999999997,-1.4958680000000004,1.6654335508917386,1.39969701460575,1.9115273568299997,-0.0376282962053499,-0.15545504213245,0.02181782269397499,-0.0831316884033999,-0.2642302625,0.12830354749999998,-0.32329334171700996,-0.6073760377009497,0.010095532969134968,-0.31954999695549996,-0.6327172,-0.012039917500000089
2024-07-30,12.0,-1.8679669079999994,-2.1412044999999997,-1.4958680000000004,1.6568406826509199,1.393462341135,1.9000721081474998,-0.03295139754090901,-0.14523785929070002,0.017412295268439987,-0.0831316884033999,-0.2642302625,0.12830354749999998,-0.3272093112933892,-0.6145269174325498,0.006372696021600163,-0.32286261172499997,-0.6344163,-0.016724167500000067
2024-07-31,12.0,-1.8679669079999994,-2.1412044999999997,-1.4958680000000004,1.648292541636359,1.386695655615,1.8886832109949996,-0.02901726176983074,-0.1359637310747,0.014362710176339999,-0.0831316884033999,-0.2642302625,0.12830354749999998,-0.3318233165368708,-0.6219177466593798,0.0023966871155201904,-0.327023647436,-0.636818675,-0.022399372500000004
2024-08-01,12.0,-1.8679669079999994,-2.1412044999999997,-1.4958680000000004,1.7241868077054605,1.44879054145875,1.9794006255274996,-0.025685659341285336,-0.125577408092775,0.011798796468329988,-0.0831316884033999,-0.2642302625,0.12830354749999998,-0.25259744803922535,-0.5481198274380896,0.08546522748881981,-0.24719910598750003,-0.56190365,0.06021605999999998
2024-08-02,12.0,-1.8679669079999994,-2.1412044999999997,-1.4958680000000004,1.7152905239272624,1.44237045189,1.9675388729674999,-0.022846259161510455,-0.11483595323294998,0.009211907541699997,-0.0831316884033999,-0.2642302625,0.12830354749999998,-0.25865433163765056,-0.5551283960479497,0.0796621130995398,-0.2529912241775,-0.5660333000000001,0.05472939749999997
2024-08-03,12.0,-1.8679669079999994,-2.1412044999999997,-1.4958680000000004,1.7855859374663812,1.49911692982275,2.0514428576599997,-0.020411841421630134,-0.10218376153679999,0.0072141850252499876,-0.0831316884033999,-0.2642302625,0.12830354749999998,-0.18592450035865,-0.488415784561155,0.15204193718128964,-0.1798099827511,-0.4984951,0.12832669999999963
2024-08-04,12.0,-1.8679669079999994,-2.1412044999999997,-1.4958680000000004,1.776372505580719,1.49282597458575,2.0391526173899996,-0.018313038687882435,-0.09296136287250001,0.005982019339919998,-0.0831316884033999,-0.2642302625,0.12830354749999998,-0.1930391295105624,-0.4946845702081349,0.14443847526194836,-0.1867641334114,-0.504395275,0.12157897499999988
2024-08-05,12.0,-1.8679669079999994,-2.1412044999999997,-1.4958680000000004,1.7672068981430973,1.4858563163549998,2.0269291286824997,-0.016494173416984108,-0.085052906347275,0.004966278396419248,-0.0831316884033999,-0.2642302625,0.12830354749999998,-0.20038587167728394,-0.501177681353685,0.13648991338022584,-0.1939840773705,-0.511013225,0.1136128249999998
2024-08-06,12.0,-1.8679669079999994,-2.1412044999999997,-1.4958680000000004,1.8348448045980787,1.5408885147075,2.1075998719124995,-0.014910325163785728,-0.077824556404725,0.004026511258829995,-0.0831316884033999,-0.2642302625,0.12830354749999998,-0.13116411696910568,-0.43543794216361414,0.2111814150067987,-0.12441864297715,-0.447050775,0.1869739499999999
2024-08-07,12.0,-1.8679669079999994,-2.1412044999999997,-1.4958680000000004,1.8253776153107792,1.5341689729949999,2.0949698793274996,-0.01352488287708911,-0.07140586293345,0.003321451484359999,-0.0831316884033999,-0.2642302625,0.12830354749999998,-0.1392458639697091,-0.4422753099393591,0.20229618033998117,-0.132421322068,-0.45399275,0.17961062499999983
2024-08-08,12.0,-1.8679669079999994,-2.1412044999999997,-1.4958680000000004,1.8159589133879608,1.526715392865,2.0824214275374997,-0.03164632281942945,-0.11748728635912499,0.0244267026189825,-0.0831316884033999,-0.2642302625,0.12830354749999998,-0.16678600583486947,-0.4582382988831498,0.16613803180614517,-0.16277485938075,-0.48243410000000003,0.14789679999999994
2024-08-09,12.0,-1.8679669079999994,-2.1412044999999997,-1.4958680000000004,1.8065896389161187,1.51929690129,2.0699393272775,-0.027351213088125267,-0.106644246961025,0.017833170099329998,-0.0831316884033999,-0.2642302625,0.12830354749999998,-0.17186017057540515,-0.46544872562212986,0.16490172844792,-0.16705608015249998,-0.486254875,0.1416446999999998
2024-08-10,12.0,-1.8679669079999994,-2.1412044999999997,-1.4958680000000004,1.8533461228330617,1.557676517925,2.1253876704374997,-0.023800156916738285,-0.097899086041975,0.01413963800879999,-0.0831316884033999,-0.2642302625,0.12830354749999998,-0.12155263048707816,-0.4224869209670339,0.21679724454673724,-0.1159863020305,-0.43646684999999996,0.19473007499999953
2024-08-11,12.0,-1.8679669079999994,-2.1412044999999997,-1.4958680000000004,1.8437841131961412,1.5500769751399999,2.1126545532575,-0.020846112889117058,-0.090506793954225,0.011011673980179975,-0.0831316884033999,-0.2642302625,0.12830354749999998,-0.12816059609637706,-0.42963706999890905,0.2099268925340135,-0.1221882396877,-0.44172449999999996,0.18657332499999996
2024-08-12,12.0,-1.8679669079999994,-2.1412044999999997,-1.4958680000000004,1.83427187343972,1.542452605395,2.0999877876074997,-0.11193918233645873,-0.45450142296679996,0.11561417320432492,-0.0831316884033999,-0.2642302625,0.12830354749999998,-0.22876590530013866,-0.5734462574747499,0.14953894798110007,-0.23659277550450003,-0.6111911750000001,0.10979594999999996
2024-08-13,12.0,-1.8679669079999994,-2.1412044999999997,-1.4958680000000004,1.8737997823270183,1.5748254429,2.1467041010274994,-0.09412672059694621,-0.37655939518919995,0.08570974591529995,-0.0831316884033999,-0.2642302625,0.12830354749999998,-0.17142553467332622,-0.49176925774769975,0.19825432237193005,-0.1751828084305,-0.519157425,0.16017889999999996
2024-08-14,12.0,-1.8679669079999994,-2.1412044999999997,-1.4958680000000004,1.8641325046670807,1.56707296064,2.1338306861549996,-0.07967516050142831,-0.304885715739,0.06731280332384745,-0.0831316884033999,-0.2642302625,0.12830354749999998,-0.16664125223774834,-0.46407355169244974,0.19486253150864769,-0.16766573997774,-0.49330005,0.1633542749999999
2024-08-15,12.0,-1.8679669079999994,-2.1412044999999997,-1.4958680000000004,1.8545158115255393,1.55963043409,2.1210460066774997,-0.0678874505081315,-0.26325567991345,0.04651441595725,-0.0831316884033999,-0.2642302625,0.12830354749999998,-0.16447023538599173,-0.44970758945018,0.1872035897025325,-0.16352572757199998,-0.48086090000000004,0.15976287499999972
2024-08-16,12.0,-1.8679669079999994,-2.1412044999999997,-1.4958680000000004,1.8449488585194385,1.55288278128,2.1086125991105,-0.05820829624600689,-0.23273235878850002,0.03602522656781247,-0.0831316884033999,-0.2642302625,0.12830354749999998,-0.16435803412996683,-0.44308005445039983,0.180306696821535,-0.16197074413600002,-0.474034825,0.15499302499999976
2024-08-17,12.0,-1.8679669079999994,-2.1412044999999997,-1.4958680000000004,1.835431928948559,1.54615387861,2.0961616969387498,-0.05020508082451,-0.20682548615055,0.030409807889499915,-0.0831316884033999,-0.2642302625,0.12830354749999998,-0.16587174827934992,-0.44749973716234986,0.17415323470769234,-0.16241456207455002,-0.47382664999999996,0.15175107499999999
2024-08-18,12.0,-1.8679669079999994,-2.1412044999999997,-1.4958680000000004,1.8727861917864588,1.57609572116,2.1399693649354994,-0.04354261602062564,-0.18635811466905,0.02534280998927491,-0.0831316884033999,-0.2642302625,0.12830354749999998,-0.12185502063756562,-0.40829162359575,0.21511321334360264,-0.11741345522,-0.4292183,0.19661772499999997
2024-08-19,12.0,-1.8679669079999994,-2.1412044999999997,-1.4958680000000004,1.8631257342996013,1.56927053586,2.1272883654767494,-0.03796055358361739,-0.1693547627632,0.022379090932154965,-0.0831316884033999,-0.2642302625,0.12830354749999998,-0.12593341568741726,-0.41186532137486404,0.21175662506411227,-0.12088757936600002,-0.435728425,0.1884646499999999
2024-08-20,12.0,-1.8679669079999994,-2.1412044999999997,-1.4958680000000004,1.85351538094848,1.5624720387,2.1145261715637496,-0.033255497647105225,-0.1519515377583,0.01778672594556496,-0.0831316884033999,-0.2642302625,0.12830354749999998,-0.1308387131020252,-0.4186840446453509,0.20271727260581246,-0.12533314659855,-0.441734275,0.1820847499999998
2024-08-21,12.0,-1.8679669079999994,-2.1412044999999997,-1.4958680000000004,1.8439551291307177,1.55570563575,2.1018322581759996,-0.029267343413905106,-0.1340351789266,0.013870659775859946,-0.0831316884033999,-0.2642302625,0.12830354749999998,-0.13641081068658503,-0.42553552172464504,0.19696374755556026,-0.130553259883,-0.448050175,0.1766649749999999
2024-08-22,12.0,-1.8679669079999994,-2.1412044999999997,-1.4958680000000004,1.90094136400728,1.60164465365025,2.1695972822457494,-0.02586910286101847,-0.118931820240425,0.011483687399939971,-0.0831316884033999,-0.2642302625,0.12830354749999998,-0.07602633525713841,-0.37057853530550966,0.2621728701002875,-0.0696724482873,-0.3904321,0.24028427499999985
2024-08-23,12.0,-1.8679669079999994,-2.1412044999999997,-1.4958680000000004,1.8911354930934412,1.59464565123375,2.1565716394284995,-0.022959293934665292,-0.110756077407825,0.009516781516499989,-0.0831316884033999,-0.2642302625,0.12830354749999998,-0.08292239724462527,-0.37777499281496996,0.25622130779779984,-0.07635840454545001,-0.39471225,0.23388864999999998
2024-08-24,12.0,-1.8679669079999994,-2.1412044999999997,-1.4958680000000004,1.8813819708114605,1.58768355771825,2.1441082258854998,-0.020456221666722427,-0.10455748482802499,0.007852721118345,-0.0831316884033999,-0.2642302625,0.12830354749999998,-0.09017284725866229,-0.3851501880880198,0.2489082300690286,-0.08344636879744999,-0.39953012499999996,0.2251647
2024-08-25,12.0,-1.8679669079999994,-2.1412044999999997,-1.4958680000000004,1.871678301536841,1.58075837310375,2.13177447315775,-0.09267911559323436,-0.36677030645264996,0.089706126155175,-0.0831316884033999,-0.2642302625,0.12830354749999998,-0.17209941045979432,-0.49720665212512494,0.19633448052882496,-0.17639973681999999,-0.525021875,0.15631792499999966
2024-08-26,12.0,-1.8679669079999994,-2.1412044999999997,-1.4958680000000004,1.8620255577335403,1.5738604193899999,2.1195099264887496,-0.07833007166092243,-0.29673676623074996,0.06712251704369997,-0.0831316884033999,-0.2642302625,0.12830354749999998,-0.1674031103307826,-0.4607754920805249,0.18999223131426488,-0.168711277838,-0.49680635,0.15944209999999998
2024-08-27,12.0,-1.8679669079999994,-2.1412044999999997,-1.4958680000000004,1.8524227308469599,1.56704317209,2.1074648800015,-0.06663572179777447,-0.2569740685538,0.052022785980227436,-0.0831316884033999,-0.2642302625,0.12830354749999998,-0.16531158735421436,-0.44863405969513,0.1875346904488252,-0.16451177901250003,-0.48255735,0.15556929999999963
2024-08-28,12.0,-1.8679669079999994,-2.1412044999999997,-1.4958680000000004,1.9036841207521196,1.6085908819505002,2.167926137269,-0.05705373409911995,-0.22740418704,0.0364766781189625,-0.0831316884033999,-0.2642302625,0.12830354749999998,-0.1044682097503999,-0.3790492878491999,0.24171176604710995,-0.10193457500565001,-0.41439895,0.21618659999999987
2024-08-29,12.0,-1.8679669079999994,-2.1412044999999997,-1.4958680000000004,1.9805044318912806,1.670567321715,2.25869645816125,-0.04915036949037694,-0.20355343881825,0.029408832994124928,-0.0831316884033999,-0.2642302625,0.12830354749999998,-0.01974453400249691,-0.306607775489515,0.3255489759773123,-0.015825069384100002,-0.332485525,0.29995457499999995
2024-08-30,12.0,-1.8679669079999994,-2.1412044999999997,-1.4958680000000004,1.970289051896521,1.6632779873660002,2.24569798357025,-0.042586555612554526,-0.1824678741258,0.02471999821827493,-0.0831316884033999,-0.2642302625,0.12830354749999998,-0.023396100119434524,-0.310715030568183,0.3189003375251751,-0.018648914419,-0.335794125,0.29578345
2024-08-31,12.0,-1.8679669079999994,-2.1412044999999997,-1.4958680000000004,2.037921578138542,1.71797240396275,2.32562274389975,-0.03709860492410327,-0.16677007762904997,0.021843441965289985,-0.0831316884033999,-0.2642302625,0.12830354749999998,0.04972437681103673,-0.24762540154739618,0.39376464770187514,0.0553475300535,-0.26616345,0.372376625
2024-09-01,12.0,-1.8679669079999994,-2.1412044999999997,-1.4958680000000004,2.0274103189773003,1.71047196155325,2.31224187246325,-0.03248108600191444,-0.1480863679512,0.018127588109355,-0.0831316884033999,-0.2642302625,0.12830354749999998,0.043830636571985576,-0.24948000511670002,0.38869526215736266,0.049922064064500005,-0.272815625,0.36281829999999976
2024-09-02,12.0,-1.8679669079999994,-2.1412044999999997,-1.4958680000000004,2.0169531024471996,1.70300302197475,2.298936331855,-0.02857289338937857,-0.1306555466599,0.013745120666204959,-0.0831316884033999,-0.2642302625,0.12830354749999998,0.03728161265442146,-0.25486659805325995,0.3816869212151378,0.043730341907100005,-0.2778206,0.35553027499999995
2024-09-03,12.0,-1.8679669079999994,-2.1412044999999997,-1.4958680000000004,2.0728274767746195,1.748355828129,2.36497899729575,-0.045284016929062684,-0.18070321144925,0.032677642100699976,-0.0831316884033999,-0.2642302625,0.12830354749999998,0.07644486344215734,-0.21643394655445414,0.42146199281231506,0.080468075457,-0.235256475,0.39965409999999996
2024-09-04,12.0,-1.8679669079999994,-2.1412044999999997,-1.4958680000000004,2.0621361016371607,1.74072867420375,2.3513727573612497,-0.03910683576556245,-0.16364808157074998,0.02460524792547494,-0.0831316884033999,-0.2642302625,0.12830354749999998,0.07193066946819761,-0.22349500170737605,0.4167650292045249,0.07691554689215001,-0.240169875,0.3916961999999994
2024-09-05,12.0,-1.8679669079999994,-2.1412044999999997,-1.4958680000000004,2.1457746190729785,1.8082073030510002,2.45019234529775,-0.03396937873441137,-0.14740146873899998,0.019527796619704996,-0.0831316884033999,-0.2642302625,0.12830354749999998,0.16070664393516862,-0.14436201657935377,0.5068375180880502,0.1666779906775,-0.158442075,0.4821188499999997
2024-09-06,12.0,-1.8679669079999994,-2.1412044999999997,-1.4958680000000004,2.1347061909948586,1.8003163807487501,2.43608979547825,-0.029672336051033577,-0.1300138928998,0.016710008686449996,-0.0831316884033999,-0.2642302625,0.12830354749999998,0.15393525854042664,-0.15265795052035538,0.5060298395131198,0.160413439876,-0.16369437499999998,0.4749405
2024-09-07,12.0,-1.8679669079999994,-2.1412044999999997,-1.4958680000000004,2.12369556304618,1.79245178860475,2.4220716426805,-0.026055776937252556,-0.11473368705820002,0.013809450774299988,-0.0831316884033999,-0.2642302625,0.12830354749999998,0.14654118970552743,-0.15715574371317348,0.49678155108566313,0.15339657902925,-0.170087875,0.46698579999999973
2024-09-08,12.0,-1.8679669079999994,-2.1412044999999997,-1.4958680000000004,2.1127422919080194,1.7846292780345,2.4081365371532497,-0.02299309754785349,-0.10644890476202501,0.010879596353755,-0.0831316884033999,-0.2642302625,0.12830354749999998,0.13865059795676657,-0.16383650423948384,0.4871429801735089,0.1457898167585,-0.17568842499999998,0.45987989999999973
2024-09-09,12.0,-1.8679669079999994,-2.1412044999999997,-1.4958680000000004,2.1018458366712585,1.7768385036925,2.3942915136835,-0.0203841513291001,-0.10049099154737501,0.008344157059589978,-0.0831316884033999,-0.2642302625,0.12830354749999998,0.13036308893875995,-0.17202953023736153,0.4756509841550364,0.1377178050355,-0.18418974999999999,0.4504212249999998
2024-09-10,12.0,-1.8679669079999994,-2.1412044999999997,-1.4958680000000004,2.0910059875713194,1.76907405950875,2.38070782182925,-0.0181494196422219,-0.09381932757219999,0.006915256778969993,-0.0831316884033999,-0.2642302625,0.12830354749999998,0.1217579715256981,-0.18025893518096553,0.46400939747254255,0.1292773375837,-0.1920796,0.44269237499999986
2024-09-11,12.0,-1.8679669079999994,-2.1412044999999997,-1.4958680000000004,2.0802228578948196,1.76135710296875,2.3672073545204997,-0.052704954980116486,-0.194117349117225,0.04666191012457497,-0.0831316884033999,-0.2642302625,0.12830354749999998,0.07641930651130353,-0.21059356808554763,0.42353808634449475,0.0786170277325,-0.2450246,0.40329834999999986
2024-09-12,12.0,-1.8679669079999994,-2.1412044999999997,-1.4958680000000004,2.06949547939622,1.75366130391425,2.35515347904675,-0.04493643848013807,-0.1678291382909,0.034608739815427496,-0.0831316884033999,-0.2642302625,0.12830354749999998,0.07346044451268197,-0.21402607082273767,0.4225031176490627,0.07716430167260001,-0.237574275,0.39707977499999997
2024-09-13,12.0,-1.8679669079999994,-2.1412044999999997,-1.4958680000000004,2.058824325798199,1.7460075864334998,2.34274516758,-0.038564904509803384,-0.1532036829255,0.025920417438004974,-0.0831316884033999,-0.2642302625,0.12830354749999998,0.06916082488499667,-0.22204065312685486,0.4158528186698625,0.07392798169720001,-0.237755225,0.3899794499999999
2024-09-14,12.0,-1.8679669079999994,-2.1412044999999997,-1.4958680000000004,2.048208596314043,1.738385605181,2.3298153798224996,-0.033309477500115786,-0.13738895521645,0.01914053999501247,-0.0831316884033999,-0.2642302625,0.12830354749999998,0.06380052241052421,-0.22943197489787975,0.40755813034190386,0.069335969596,-0.24633022499999999,0.3820906249999999
2024-09-15,12.0,-1.8679669079999994,-2.1412044999999997,-1.4958680000000004,2.0376483252663005,1.73079536015675,2.316971008695,-0.0289453131316797,-0.12392326976399999,0.016615172466244995,-0.0831316884033999,-0.2642302625,0.12830354749999998,0.05760441573122039,-0.2371058960624699,0.40032107126601274,0.063703618264,-0.249827275,0.37371205
2024-09-16,12.0,-1.8679669079999994,-2.1412044999999997,-1.4958680000000004,2.027142779734541,1.7232420240335002,2.30418890139,-0.025296148321863665,-0.1093016684123,0.014366963289344994,-0.0831316884033999,-0.2642302625,0.12830354749999998,0.05074803500927644,-0.24195475951736983,0.3912147793367202,0.057266019099900006,-0.25641759999999997,0.36519549999999995
2024-09-17,12.0,-1.8679669079999994,-2.1412044999999997,-1.4958680000000004,2.09783654890796,1.7803756956577501,2.3865675626699994,-0.022224381129024265,-0.09731365775285,0.011862766468469994,-0.0831316884033999,-0.2642302625,0.12830354749999998,0.12451357137553581,-0.174750826190313,0.46509883072400005,0.1316104252595,-0.1873368,0.4424896999999998
2024-09-18,12.0,-1.8679669079999994,-2.1412044999999997,-1.4958680000000004,2.0870200032388384,1.77260067273125,2.373394345215,-0.019622329532530323,-0.09149953895379251,0.00924516882448249,-0.0831316884033999,-0.2642302625,0.12830354749999998,0.11629907730290977,-0.18072331594339944,0.45593213134577265,0.12363120936600001,-0.193858425,0.4345792249999999
2024-09-19,12.0,-1.8679669079999994,-2.1412044999999997,-1.4958680000000004,2.203808095254801,1.8664721678222498,2.5078497415289998,-0.01740516178304402,-0.08619905113045,0.007157469344939979,-0.0831316884033999,-0.2642302625,0.12830354749999998,0.2353043370683562,-0.07210044798637501,0.5875149422952926,0.24318086333349997,-0.0804829575,0.56199585
2024-09-20,12.0,-1.8679669079999994,-2.1412044999999997,-1.4958680000000004,2.1924436235692992,1.8583170103485,2.49515427073275,-0.01550556765884452,-0.07954611912352501,0.005929924571339991,-0.0831316884033999,-0.2642302625,0.12830354749999998,0.22583945950705556,-0.0795475479364003,0.5742004877500523,0.23384951543835,-0.09057092,0.5514102749999996
2024-09-21,12.0,-1.8679669079999994,-2.1412044999999997,-1.4958680000000004,2.1811383350037805,1.8502041678457501,2.4817412258325,-0.013869708034827772,-0.0719786484789,0.004917721147641,-0.0831316884033999,-0.2642302625,0.12830354749999998,0.2161700305655524,-0.08899716200600019,0.5605915901893439,0.2242810238275,-0.100718875,0.5420857249999996
2024-09-22,12.0,-1.8679669079999994,-2.1412044999999997,-1.4958680000000004,2.1698921956347412,1.842128234244,2.4680523705824995,-0.012454209728992992,-0.0645638769359275,0.003980061165915,-0.0831316884033999,-0.2642302625,0.12830354749999998,0.206339389502347,-0.09847503800904658,0.5470656663810383,0.21452611972350003,-0.1058292,0.5314846249999998
2024-09-23,12.0,-1.8679669079999994,-2.1412044999999997,-1.4958680000000004,2.1587044798272195,1.83408920954325,2.4544417373624996,-0.01122385870210674,-0.0590228607852,0.0032886488467799963,-0.0831316884033999,-0.2642302625,0.12830354749999998,0.1963820247217131,-0.10726747018565252,0.5347409866775514,0.2046254428115,-0.111172725,0.51963165
2024-09-24,12.0,-1.8679669079999994,-2.1412044999999997,-1.4958680000000004,2.209360630287041,1.8753228411479999,2.5135310528924997,-0.010149899301942815,-0.05399914178835,0.0027263114893949997,-0.0831316884033999,-0.2642302625,0.12830354749999998,0.24811213458169706,-0.05899330207424746,0.5915735900552936,0.256627423288,-0.061681935,0.5769064749999999
2024-09-25,12.0,-1.8679669079999994,-2.1412044999999997,-1.4958680000000004,2.197969073469141,1.867135947446,2.4996697953749996,-0.009208674395633316,-0.04940747235765,0.002188298227122,-0.0831316884033999,-0.2642302625,0.12830354749999998,0.2376618026701069,-0.06823118345355501,0.5786031924340694,0.2462063849585,-0.071748215,0.5648342249999997
2024-09-26,12.0,-1.8679669079999994,-2.1412044999999997,-1.4958680000000004,2.186637067474781,1.85898619604225,2.4858867598875,-0.008380608925840353,-0.04521032594715,0.0017604984384174995,-0.0831316884033999,-0.2642302625,0.12830354749999998,0.22715786214553982,-0.07752131754228178,0.5666655025709176,0.2357222323725,-0.081611835,0.5540102499999999
2024-09-27,12.0,-1.8679669079999994,-2.1412044999999997,-1.4958680000000004,2.1753637343660395,1.8508679474695002,2.4721731828225,-0.007649448520604318,-0.041529953848499994,0.0014064995242549989,-0.0831316884033999,-0.2642302625,0.12830354749999998,0.21661568944203566,-0.08686007010691403,0.556096942649912,0.22519271801399998,-0.09139852500000001,0.5467571749999999
2024-09-28,12.0,-1.8679669079999994,-2.1412044999999997,-1.4958680000000004,2.1641490412253015,1.84279201386775,2.4585378277874996,-0.007001589073314004,-0.0386057520149,0.0011485784435084998,-0.0831316884033999,-0.2642302625,0.12830354749999998,0.20604885574858597,-0.09666507990654713,0.5532214650404,0.2146325323845,-0.10167854999999999,0.5358568499999999
2024-09-29,12.0,-1.8679669079999994,-2.1412044999999997,-1.4958680000000004,2.1529927444153407,1.8347424104242502,2.444987817825,-0.006425621923081505,-0.0358894396679,0.0009592434958964988,-0.0831316884033999,-0.2642302625,0.12830354749999998,0.19546852608885856,-0.10742446062427403,0.5476100101784,0.204053900096,-0.11156455,0.5218261749999998
2024-09-30,12.0,-1.8679669079999994,-2.1412044999999997,-1.4958680000000004,2.141894632676261,1.8267297158817501,2.4315802038,-0.005911917892901739,-0.0333661634015,0.0008056056254604981,-0.0831316884033999,-0.2642302625,0.12830354749999998,0.18488411837995844,-0.11813762186138717,0.5384123318200564,0.193466919733,-0.121442025,0.5101586249999999
2024-10-01,12.0,-1.8679669079999994,-2.1412044999999997,-1.4958680000000004,2.130854187239401,1.81753678263075,2.4182310183599998,-0.00545233203923062,-0.031022144566999997,0.000687717262188248,-0.0831316884033999,-0.2642302625,0.12830354749999998,0.17430325879676936,-0.12828690791454553,0.5267330721037151,0.18288013459000002,-0.13159047499999998,0.49760682499999953
2024-10-02,12.0,-1.8679669079999994,-2.1412044999999997,-1.4958680000000004,2.1198714062098003,1.80828460051575,2.4049693197825,-0.055738362950381856,-0.2234142306368,0.05953717517272495,-0.0831316884033999,-0.2642302625,0.12830354749999998,0.11303444685601821,-0.17743388723567488,0.46083186688704997,0.1139644940615,-0.20900065,0.4377161
2024-10-03,12.0,-1.8679669079999994,-2.1412044999999997,-1.4958680000000004,2.1089452734149985,1.799075734863,2.391195860415,-0.046854393994387365,-0.18742869171579998,0.0430461867279525,-0.0831316884033999,-0.2642302625,0.12830354749999998,0.11099228301721271,-0.1695119698214097,0.4586463016147501,0.11389512346000001,-0.203182425,0.43179084999999995
2024-10-04,12.0,-1.8679669079999994,-2.1412044999999997,-1.4958680000000004,2.0980762366579215,1.78991651661375,2.377366131675,-0.03965545810903437,-0.15142647700522502,0.03392972817898,-0.0831316884033999,-0.2642302625,0.12830354749999998,0.10732218214548564,-0.17644892912429966,0.4561940131408848,0.11160251991199999,-0.197166075,0.4273268999999999
2024-10-05,12.0,-1.8679669079999994,-2.1412044999999997,-1.4958680000000004,2.087264126499422,1.780806945768,2.3640510399145,-0.033791217472281886,-0.12856122629385,0.024535311421514994,-0.0831316884033999,-0.2642302625,0.12830354749999998,0.10237431262373818,-0.1812425923227874,0.44554879541777326,0.10763818832859999,-0.199342775,0.4179665999999996
2024-10-06,12.0,-1.8679669079999994,-2.1412044999999997,-1.4958680000000004,2.0765077107772214,1.7717061315555003,2.3509437299755005,-0.028981961901096927,-0.11347126144860001,0.0180452932741375,-0.0831316884033999,-0.2642302625,0.12830354749999998,0.09642715247272313,-0.19008330177693736,0.4376418353702275,0.10240473544215499,-0.20630705000000002,0.40976762499999964
2024-10-07,12.0,-1.8679669079999994,-2.1412044999999997,-1.4958680000000004,2.0658075323488605,1.763112177687,2.3379104504505004,-0.02500980421464936,-0.10187635112505,0.015016529855499963,-0.0831316884033999,-0.2642302625,0.12830354749999998,0.08969913173081064,-0.19988558672500265,0.42943296507261236,0.09619933372478,-0.209540275,0.4057643499999999
2024-10-08,12.0,-1.8679669079999994,-2.1412044999999997,-1.4958680000000004,2.1248562976043797,1.8131775205245,2.4068698975755,-0.021706148398391013,-0.0913222100035,0.012497300498464958,-0.0831316884033999,-0.2642302625,0.12830354749999998,0.15205155280258886,-0.1424389523641496,0.4930732115257249,0.15917979959349998,-0.151148575,0.4707853249999999
2024-10-09,12.0,-1.8679669079999994,-2.1412044999999997,-1.4958680000000004,2.1139061977881815,1.8039286334720002,2.3935261530995002,-0.018940258289042465,-0.0827036253036,0.011038418522519987,-0.0831316884033999,-0.2642302625,0.12830354749999998,0.14386734309573754,-0.1524229229691394,0.48718234185026027,0.15128021754255003,-0.157956075,0.46277392499999986
2024-10-10,12.0,-1.8679669079999994,-2.1412044999999997,-1.4958680000000004,2.165476847283982,1.84813696098525,2.4537814871965002,-0.016610222535263813,-0.0740778896844,0.008988521021407486,-0.0831316884033999,-0.2642302625,0.12830354749999998,0.19776802834531615,-0.10374215109812257,0.5400272084893302,0.205621487839,-0.10848985,0.5188860750000001
2024-10-11,12.0,-1.8679669079999994,-2.1412044999999997,-1.4958680000000004,2.1543171302282405,1.83872788692225,2.440177132602,-0.014635951435590617,-0.0653433176627,0.006848730627929971,-0.0831316884033999,-0.2642302625,0.12830354749999998,0.1885825823892493,-0.11281271278768057,0.53206956708366,0.19659122170450002,-0.114137325,0.5085598499999996
2024-10-12,12.0,-1.8679669079999994,-2.1412044999999997,-1.4958680000000004,2.14321573254832,1.8293193036072501,2.4266399834740002,-0.012954057874730866,-0.05955225792902499,0.005668727471870983,-0.0831316884033999,-0.2642302625,0.12830354749999998,0.17916307827018924,-0.1224437767920388,0.5237915231143602,0.1872857057356,-0.12270437499999999,0.5024486999999997
2024-10-13,12.0,-1.8679669079999994,-2.1412044999999997,-1.4958680000000004,2.1321719452185186,1.8198856832660002,2.4131836897075,-0.07570739403744778,-0.3071593099573,0.07653704484622495,-0.0831316884033999,-0.2642302625,0.12830354749999998,0.10536595477767224,-0.20930413771249995,0.4654986091780499,0.10392563575399999,-0.232733625,0.43482037499999987
2024-10-14,12.0,-1.8679669079999994,-2.1412044999999997,-1.4958680000000004,2.121185269069061,1.8114436086775,2.3998067476330003,-0.06369170193369549,-0.2533997473561,0.05750957317814998,-0.0831316884033999,-0.2642302625,0.12830354749999998,0.10639497073196454,-0.18673889381455014,0.4557416853623627,0.107518319353,-0.209278175,0.4344672249999996
2024-10-15,12.0,-1.8679669079999994,-2.1412044999999997,-1.4958680000000004,2.157256868854398,1.8418038263765002,2.4409555274405,-0.13037959224903892,-0.4885819573529999,0.12985665982559993,-0.0831316884033999,-0.2642302625,0.12830354749999998,0.07577868020196106,-0.32204389992625,0.4636605226778301,0.06725379846205,-0.3286167,0.43497239999999976
2024-10-16,12.0,-1.8679669079999994,-2.1412044999999997,-1.4958680000000004,2.146140799834981,1.83176905898525,2.42789875597575,-0.1094651979321935,-0.431732443473,0.10197274471582496,-0.0831316884033999,-0.2642302625,0.12830354749999998,0.0855770054993865,-0.27241263461299986,0.4600935470446,0.0813760189075,-0.27725297499999996,0.4285221749999998
2024-10-17,12.0,-1.8679669079999994,-2.1412044999999997,-1.4958680000000004,2.1350829459070986,1.8224420107180002,2.4144470006195,-0.0924941484693294,-0.3634336461396,0.07615525608657496,-0.0831316884033999,-0.2642302625,0.12830354749999998,0.09149020103437075,-0.23625141067472505,0.45330759421030004,0.09035396966399999,-0.250790425,0.42715474999999975
2024-10-18,12.0,-1.8679669079999994,-2.1412044999999997,-1.4958680000000004,2.124082005530721,1.81305834065475,2.4005254578777504,-0.07864408800787476,-0.31518124048494994,0.053091702273249955,-0.0831316884033999,-0.2642302625,0.12830354749999998,0.09433932111944524,-0.21534865686937502,0.45101135183695007,0.09542166669949999,-0.23295685,0.42434802499999946
2024-10-19,12.0,-1.8679669079999994,-2.1412044999999997,-1.4958680000000004,2.1940408217663987,1.8730746778485,2.48244286453475,-0.0672658048145544,-0.2798127846711,0.04244983564862497,-0.0831316884033999,-0.2642302625,0.12830354749999998,0.17567642054844576,-0.12058311159804966,0.5296642893755895,0.17865727742249998,-0.147270875,0.50680235
2024-10-20,12.0,-1.8679669079999994,-2.1412044999999997,-1.4958680000000004,2.182735473180278,1.8627397816422502,2.46881585416725,-0.05785498200343285,-0.2483241133845,0.03638771398212489,-0.0831316884033999,-0.2642302625,0.12830354749999998,0.17378189477344702,-0.1099671460685251,0.5216000729121244,0.1779718205685,-0.141017125,0.497030425
2024-10-21,12.0,-1.8679669079999994,-2.1412044999999997,-1.4958680000000004,2.171488924134297,1.85321580661875,2.454845554189,-0.05002067320661531,-0.218504673195,0.030151701650749877,-0.0831316884033999,-0.2642302625,0.12830354749999998,0.17036965452428468,-0.117309295497455,0.5189095860354501,0.1754653287544,-0.137288275,0.4912322999999998
2024-10-22,12.0,-1.8679669079999994,-2.1412044999999997,-1.4958680000000004,2.160301362780881,1.8436522761720002,2.4406934114115,-0.043458779784605314,-0.1945228281765,0.02550135915290494,-0.0831316884033999,-0.2642302625,0.12830354749999998,0.16574398659287465,-0.11695957148981519,0.5159677034566481,0.17152283196100002,-0.136037375,0.48119534999999974
2024-10-23,12.0,-1.8679669079999994,-2.1412044999999997,-1.4958680000000004,2.149171430207741,1.8341296255275001,2.426619696921,-0.037931192463491865,-0.17362113423749997,0.02063015253324993,-0.0831316884033999,-0.2642302625,0.12830354749999998,0.16014164134084807,-0.12316211390255521,0.5060511041484924,0.1664401012075,-0.14408532500000001,0.47564194999999987
2024-10-24,12.0,-1.8679669079999994,-2.1412044999999997,-1.4958680000000004,2.2111168013292177,1.8865667602635001,2.4998945134554997,-0.033250081503464306,-0.157951588007,0.01660704746399994,-0.0831316884033999,-0.2642302625,0.12830354749999998,0.22676812342235586,-0.05931593739942038,0.5805826074982373,0.233717631679,-0.0793248475,0.5458809499999999
2024-10-25,12.0,-1.8679669079999994,-2.1412044999999997,-1.4958680000000004,2.199724602716541,1.8768206382765,2.485433664077,-0.029266169298789987,-0.1424595555991,0.013752355630139969,-0.0831316884033999,-0.2642302625,0.12830354749999998,0.21935983701435008,-0.06986089244614938,0.5669083312115749,0.2266138399175,-0.0859042175,0.53622255
2024-10-26,12.0,-1.8679669079999994,-2.1412044999999997,-1.4958680000000004,2.2624544331350394,1.9305584900105,2.559301225264,-0.025859883971738253,-0.12584465010870002,0.01139951436095999,-0.0831316884033999,-0.2642302625,0.12830354749999998,0.2854959527599017,-0.011979691567940157,0.6356030446658802,0.29324399031,-0.0195611825,0.6047258249999997
2024-10-27,12.0,-1.8679669079999994,-2.1412044999999997,-1.4958680000000004,2.250796844770181,1.9199204825535,2.54477647646425,-0.02293480929223349,-0.1141624397261,0.009226326803654995,-0.0831316884033999,-0.2642302625,0.12830354749999998,0.2767634390745467,-0.021703543848440223,0.62670192759405,0.28469345525699996,-0.028227139999999998,0.5952294999999997
2024-10-28,12.0,-1.8679669079999994,-2.1412044999999997,-1.4958680000000004,2.2392001717401397,1.91002024697925,2.5300323052847498,-0.020412681181800823,-0.104197755048,0.0073745331032999935,-0.0831316884033999,-0.2642302625,0.12830354749999998,0.2676888941549393,-0.03214070840995744,0.6155531603475498,0.27576045786450004,-0.0378058175,0.5864399749999997
2024-10-29,12.0,-1.8679669079999994,-2.1412044999999997,-1.4958680000000004,2.22766347601668,1.90015645538775,2.51536753618325,-0.01822954263679504,-0.097327863160325,0.006268454734352499,-0.0831316884033999,-0.2642302625,0.12830354749999998,0.2583353369764849,-0.04169671375245421,0.604884980836812,0.2665178694395,-0.0482433425,0.5771799749999998
2024-10-30,12.0,-1.8679669079999994,-2.1412044999999997,-1.4958680000000004,2.216187110878119,1.89126499548,2.5007903476079996,-0.01633288243613443,-0.09139178017824501,0.005077987772894998,-0.0831316884033999,-0.2642302625,0.12830354749999998,0.24875563203858542,-0.0508629090280015,0.5948458737346559,0.25702479569900005,-0.0565925825,0.56760665
2024-10-31,12.0,-1.8679669079999994,-2.1412044999999997,-1.4958680000000004,2.297688976713741,1.95980570378775,2.5976368273257497,-0.014679305210450893,-0.08409692761137501,0.0041261620751505,-0.0831316884033999,-0.2642302625,0.12830354749999998,0.3319110750998887,0.023898462699673082,0.6791372750646573,0.340547884387,0.023251175,0.6523702499999999
2024-11-01,12.0,-1.8679669079999994,-2.1412044999999997,-1.4958680000000004,2.2858507472881775,1.9496917145002501,2.5825832262825,-0.013232809576490069,-0.077372589886425,0.0033214789940349976,-0.0831316884033999,-0.2642302625,0.12830354749999998,0.3215193413082901,0.014188328442245008,0.6672603267910603,0.33020795743500003,0.01371646,0.6430155249999998
2024-11-02,12.0,-1.8679669079999994,-2.1412044999999997,-1.4958680000000004,2.3339521677701205,1.9907022709912499,2.639027462904,-0.011963353130569577,-0.0707106794068675,0.0026585158501349964,-0.0831316884033999,-0.2642302625,0.12830354749999998,0.3708902182361507,0.06143709300271955,0.7179742656477729,0.3798513883595,0.06050356,0.69349995
2024-11-03,12.0,-1.8679669079999994,-2.1412044999999997,-1.4958680000000004,2.3219265538947793,1.979805195018,2.62373216200375,-0.01084579969578199,-0.0646802476624275,0.0022143192641249994,-0.0831316884033999,-0.2642302625,0.12830354749999998,0.35998215779559806,0.05074134578062774,0.7054899306707162,0.368972837551,0.048052675,0.68310025
2024-11-04,12.0,-1.8679669079999994,-2.1412044999999997,-1.4958680000000004,2.3099635110975187,1.9696609234575002,2.60852793525275,-0.009859012537017112,-0.059177992419172494,0.001851451319429997,-0.0831316884033999,-0.2642302625,0.12830354749999998,0.3490059021571027,0.04065077718212313,0.6930997319108002,0.35801825066,0.040018002500000004,0.67194245
2024-11-05,12.0,-1.8679669079999994,-2.1412044999999997,-1.4958680000000004,2.392063272526361,2.0413122983302503,2.70602479728875,-0.008985139233558077,-0.054148742035455,0.001571092730124246,-0.0831316884033999,-0.2642302625,0.12830354749999998,0.431979536889402,0.11866777765787345,0.7831508543967785,0.44131360279650006,0.119827475,0.7589762999999999
2024-11-06,12.0,-1.8679669079999994,-2.1412044999999997,-1.4958680000000004,2.37973791036404,2.0294416929825,2.69034066444675,-0.008209056925968723,-0.049551328297274995,0.0013456192936002463,-0.0831316884033999,-0.2642302625,0.12830354749999998,0.4204302570346712,0.10680155730078776,0.7684061391539362,0.42977268947999997,0.1089825,0.7465326999999997
2024-11-07,12.0,-1.8679669079999994,-2.1412044999999997,-1.4958680000000004,2.36747622612006,2.0186393732505,2.67475578420225,-0.0075179426120902965,-0.045348255343057496,0.0011525576490952465,-0.0831316884033999,-0.2642302625,0.12830354749999998,0.4088596871045695,0.09499293156634962,0.7545387384864838,0.41820626574249997,0.0981663975,0.7342184999999999
2024-11-08,12.0,-1.8679669079999994,-2.1412044999999997,-1.4958680000000004,2.355278833887203,2.0082996022635,2.65925379965875,-0.006900825651033542,-0.042006582652149994,0.0009872417334999967,-0.0831316884033999,-0.2642302625,0.12830354749999998,0.39727941183276677,0.08386540166490873,0.7418551179242998,0.40662562122250007,0.0874252725,0.7207465249999997
2024-11-09,12.0,-1.8679669079999994,-2.1412044999999997,-1.4958680000000004,2.439589279792041,2.081593032057,2.7593837935422503,-0.006348358633861474,-0.039047111929749995,0.0008456776769799969,-0.0831316884033999,-0.2642302625,0.12830354749999998,0.48214232475477836,0.16402567123328363,0.8359318037197706,0.4917982709895,0.1663956,0.8120787500000001
2024-11-10,12.0,-1.8679669079999994,-2.1412044999999997,-1.4958680000000004,2.427018686153081,2.06948892239175,2.7433937244595,-0.00585250254165568,-0.036298126318249996,0.0007244459726582471,-0.0831316884033999,-0.2642302625,0.12830354749999998,0.47006758720802455,0.15188392214344643,0.8208996391229203,0.47971594425,0.15440715000000002,0.79952745
2024-11-11,12.0,-1.8679669079999994,-2.1412044999999997,-1.4958680000000004,2.4145140097162,2.0587396967864997,2.7274959207282503,-0.09372485096619688,-0.36152302982389994,0.10380935426167492,-0.0831316884033999,-0.2642302625,0.12830354749999998,0.36969056234660336,0.010150828804774964,0.740643098483943,0.3660082329795,0.00041652727500000343,0.7162315999999999
2024-11-12,12.0,-1.8679669079999994,-2.1412044999999997,-1.4958680000000004,2.4020739242276807,2.048199305607,2.7116879999440004,-0.07848357158128726,-0.31882907703599994,0.07489984292722499,-0.0831316884033999,-0.2642302625,0.12830354749999998,0.37249175624299274,0.030649384455850043,0.7424157894280498,0.37225699352549996,0.030092245,0.7083057999999999
2024-11-13,12.0,-1.8679669079999994,-2.1412044999999997,-1.4958680000000004,2.3896989337294428,2.03885014389,2.6959758381342502,-0.06615586671557383,-0.26247289136409996,0.0590138098437675,-0.0831316884033999,-0.2642302625,0.12830354749999998,0.37244447061046604,0.05888344378570006,0.7262564274523102,0.3746204524785,0.050215692500000006,0.7104174999999998
2024-11-14,12.0,-1.8679669079999994,-2.1412044999999997,-1.4958680000000004,2.3773881805915593,2.0298722093789996,2.68035125685075,-0.0561338981525113,-0.2170242128283,0.04278645217383749,-0.0831316884033999,-0.2642302625,0.12830354749999998,0.3701556860356486,0.07031482700170001,0.7226910500167998,0.37405731591999997,0.0558880925,0.698787025
2024-11-15,12.0,-1.8679669079999994,-2.1412044999999997,-1.4958680000000004,2.365141246548138,2.02093086446475,2.6648130648912502,-0.047932514301209254,-0.1921661901312,0.030997284074787478,-0.0831316884033999,-0.2642302625,0.12830354749999998,0.3661101358435305,0.08228735231399781,0.719685109173025,0.37126716266999993,0.058162222500000006,0.6938746
2024-11-16,12.0,-1.8679669079999994,-2.1412044999999997,-1.4958680000000004,2.4047462781817206,2.0525020771185,2.71096520279375,-0.041174012334838174,-0.17053756258740002,0.02595780597499994,-0.0831316884033999,-0.2642302625,0.12830354749999998,0.41247366944348174,0.12103610325826492,0.7673375996044999,0.4187727650365,0.10120792499999999,0.7413412999999998
2024-11-17,12.0,-1.8679669079999994,-2.1412044999999997,-1.4958680000000004,2.3923579574875613,2.0434633109677502,2.695253040984,-0.035566328869847334,-0.15166633087874998,0.021500530020499925,-0.0831316884033999,-0.2642302625,0.12830354749999998,0.4056930322143123,0.114121242551847,0.75977572085804,0.41267653674000004,0.096884025,0.730054125
2024-11-18,12.0,-1.8679669079999994,-2.1412044999999997,-1.4958680000000004,2.3800344027325187,2.03446113441375,2.6796319533235002,-0.040209661602058334,-0.16359080343,0.025828786351425,-0.0831316884033999,-0.2642302625,0.12830354749999998,0.3887261447270617,0.10096326948638788,0.7445361161308998,0.39489617323000004,0.078911495,0.7147467499999997
2024-11-19,12.0,-1.8679669079999994,-2.1412044999999997,-1.4958680000000004,2.4516772065164996,2.0917353356497497,2.76447331361775,-0.03472349409989679,-0.1473774940965,0.020568709278749934,-0.0831316884033999,-0.2642302625,0.12830354749999998,0.4658551160132031,0.16902421599243506,0.8188717990905597,0.473029104245,0.158232825,0.7876333249999989
2024-11-20,12.0,-1.8679669079999994,-2.1412044999999997,-1.4958680000000004,2.4390473351546573,2.082521483112,2.74845172194425,-0.030145133046120823,-0.13050150894089999,0.017689790012134957,-0.0831316884033999,-0.2642302625,0.12830354749999998,0.4578036057051395,0.15948827045435313,0.8127316512492799,0.465500549585,0.14937592500000002,0.7826962249999996
2024-11-21,12.0,-1.8679669079999994,-2.1412044999999997,-1.4958680000000004,2.4264829628550615,2.07334893266025,2.732524698043,-0.026302543429011754,-0.12053336388274999,0.01555315447116,-0.0831316884033999,-0.2642302625,0.12830354749999998,0.44908182302264854,0.14772977614275173,0.8057610440456503,0.45716609760000004,0.14468995,0.7726771499999999
2024-11-22,12.0,-1.8679669079999994,-2.1412044999999997,-1.4958680000000004,2.413983650029158,2.0642105022945,2.7166899394932504,-0.0230590472771817,-0.10651836664770001,0.01188970754601747,-0.0831316884033999,-0.2642302625,0.12830354749999998,0.4398260063485783,0.13598149755560074,0.7995777899854256,0.448199431995,0.132577325,0.7625026249999999
2024-11-23,12.0,-1.8679669079999994,-2.1412044999999997,-1.4958680000000004,2.4015500280599,2.0551230255255,2.701537391424,-0.020306227184582564,-0.0940111729048,0.009414794016179966,-0.0831316884033999,-0.2642302625,0.12830354749999998,0.4301452044719172,0.12425244790466036,0.7887745056244423,0.438734662136,0.122072225,0.7524698249999997
2024-11-24,12.0,-1.8679669079999994,-2.1412044999999997,-1.4958680000000004,2.3891806978778214,2.04607213835325,2.6871695025799998,-0.017957771340779846,-0.08437825088419999,0.0077975527715999846,-0.0831316884033999,-0.2642302625,0.12830354749999998,0.42012433013364026,0.11523070576166639,0.777962125630802,0.42887618574549996,0.11501225,0.7411921749999998
2024-11-25,12.0,-1.8679669079999994,-2.1412044999999997,-1.4958680000000004,2.376875535287599,2.0370553712670003,2.6724833586175003,-0.015944547528551112,-0.07864164223329499,0.006464414385479997,-0.0831316884033999,-0.2642302625,0.12830354749999998,0.40983239135564914,0.1060752390651716,0.767169172561484,0.4187062012325,0.105219025,0.7281691499999994
2024-11-26,12.0,-1.8679669079999994,-2.1412044999999997,-1.4958680000000004,2.3646347065421023,2.0280823757775,2.6575069941200002,-0.014210841648516501,-0.0741887040941275,0.0051993590460449966,-0.0831316884033999,-0.2642302625,0.12830354749999998,0.39932526849018357,0.09675534180458394,0.7563587982346118,0.40828990728500003,0.0958883725,0.7187327999999996
2024-11-27,12.0,-1.8679669079999994,-2.1412044999999997,-1.4958680000000004,2.3524571200563007,2.0191506823739998,2.6426300675850003,-0.012711443715504171,-0.06944134662748501,0.004210032250130998,-0.0831316884033999,-0.2642302625,0.12830354749999998,0.38864707993739567,0.08637454870303982,0.7455520066438259,0.39767938241499995,0.08709618749999999,0.7077443749999999
2024-11-28,12.0,-1.8679669079999994,-2.1412044999999997,-1.4958680000000004,2.340342926664698,2.0102602910565,2.628149541815,-0.011409432325043715,-0.06254542731873498,0.00354751007326,-0.0831316884033999,-0.2642302625,0.12830354749999998,0.3778348979362562,0.07469812093663845,0.7347497732789817,0.38691661042,0.0765209125,0.69749005
2024-11-29,12.0,-1.8679669079999994,-2.1412044999999997,-1.4958680000000004,2.3282919172383822,2.00097267950225,2.613908945207,-0.01027446664850535,-0.056968391428405,0.0028923332734327495,-0.0831316884033999,-0.2642302625,0.12830354749999998,0.3669188541864743,0.06306356924388279,0.7239617813022258,0.376035587905,0.06578581,0.6873045999999999
2024-11-30,12.0,-1.8679669079999994,-2.1412044999999997,-1.4958680000000004,2.3163035538583205,1.99138762248725,2.5997435141405,-0.009281503633408461,-0.052080435385335,0.002369942655425,-0.0831316884033999,-0.2642302625,0.12830354749999998,0.35592345382151164,0.051835656852698815,0.7134165179834598,0.365064100655,0.05397832,0.6746422749999997
2024-12-01,12.0,-1.8679669079999994,-2.1412044999999997,-1.4958680000000004,2.3043774483828403,1.9818324880765,2.585649208569,-0.008409730523133239,-0.047647757737485,0.001893237769022499,-0.0831316884033999,-0.2642302625,0.12830354749999998,0.3448691214563068,0.04049473696205458,0.7040302698529199,0.354024886475,0.0435337675,0.664041025
2024-12-02,12.0,-1.8679669079999994,-2.1412044999999997,-1.4958680000000004,2.2925130178592776,1.9722604699044999,2.571638034679,-0.00764179248996563,-0.043596194199659995,0.0015126198085974984,-0.0831316884033999,-0.2642302625,0.12830354749999998,0.33377262896591486,0.029094286318152283,0.6979982972672999,0.34293672163500005,0.032263427500000004,0.6534010749999999
2024-12-03,12.0,-1.8679669079999994,-2.1412044999999997,-1.4958680000000004,2.28071060117172,1.962734068072,2.5577020263305004,-0.006963136417390264,-0.03989281057466249,0.0012593809220969997,-0.0831316884033999,-0.2642302625,0.12830354749999998,0.32264886835092976,0.017703586634778987,0.6922756671470718,0.331815162729,0.021165780000000002,0.6419235249999999
2024-12-04,12.0,-1.8679669079999994,-2.1412044999999997,-1.4958680000000004,2.26896923655472,1.95325391543375,2.5438411835235,-0.0063615156948091355,-0.036507242937989993,0.001053106342688998,-0.0831316884033999,-0.2642302625,0.12830354749999998,0.31150912445651097,0.006364637529424062,0.6817400840243064,0.320673160502,0.011315520250000002,0.6305174999999995
2024-12-05,12.0,-1.8679669079999994,-2.1412044999999997,-1.4958680000000004,2.257289013107098,1.9438193791349998,2.5302915980160003,-0.0058265801014236425,-0.03378901057124999,0.0008969875184409978,-0.0831316884033999,-0.2642302625,0.12830354749999998,0.30036383660227645,-0.00490841609823383,0.6707587209245996,0.30952153283,0.0015047095000000048,0.6190065999999997
2024-12-06,12.0,-1.8679669079999994,-2.1412044999999997,-1.4958680000000004,2.2456696285242006,1.9344282248565,2.51709302001625,-0.005349551264963541,-0.031409528718699994,0.0007682521167799979,-0.0831316884033999,-0.2642302625,0.12830354749999998,0.28922148085583627,-0.016124819906275657,0.6586091272924501,0.29836934864,-0.011010512499999996,0.6075455249999998
2024-12-07,12.0,-1.8679669079999994,-2.1412044999999997,-1.4958680000000004,2.23411039432494,1.92509065558475,2.50398588480625,-0.00492296221517368,-0.02919926725305,0.000658024447218248,-0.0831316884033999,-0.2642302625,0.12830354749999998,0.2780888357063663,-0.027445354044968236,0.6465024187274321,0.287224255428,-0.023861610000000002,0.598391775
2024-12-08,12.0,-1.8679669079999994,-2.1412044999999997,-1.4958680000000004,2.22261126712856,1.9157913668400002,2.49095576745925,-0.004540435929754788,-0.02714608798109,0.000563638259506998,-0.0831316884033999,-0.2642302625,0.12830354749999998,0.2669722347954053,-0.03804459005068372,0.6352955542333919,0.2760926947435,-0.034734922499999994,0.5882639749999996
2024-12-09,12.0,-1.8679669079999994,-2.1412044999999997,-1.4958680000000004,2.2111720202937817,1.90654056160875,2.47798825305525,-0.0041965067210791495,-0.02523879715278,0.00048281299501124825,-0.0831316884033999,-0.2642302625,0.12830354749999998,0.255876917169301,-0.047968198013333734,0.6238842572058492,0.2649801400735,-0.0456044725,0.5780564249999999
2024-12-10,12.0,-1.8679669079999994,-2.1412044999999997,-1.4958680000000004,2.271203446021661,1.956433327442,2.545247355651,-0.0038864850331990076,-0.02346719508855,0.00041359723699824837,-0.0831316884033999,-0.2642302625,0.12830354749999998,0.31621836458506086,0.008062683098895178,0.6884067993950502,0.3255565019425,0.0144165175,0.6366618749999997
2024-12-11,12.0,-1.8679669079999994,-2.1412044999999997,-1.4958680000000004,2.259513116143363,1.946987619547,2.5319815334677496,-0.003606322510951787,-0.021628127025074998,0.0003543209576572485,-0.0831316884033999,-0.2642302625,0.12830354749999998,0.30480819722900815,-0.003218743258694815,0.6762305568549839,0.3141245025343,0.0019429097500000005,0.6273812
2024-12-12,12.0,-1.8679669079999994,-2.1412044999999997,-1.4958680000000004,2.247883329827559,1.93758529367225,2.51879895900425,-0.0033525294385969603,-0.019898849162925,0.0003035543331200236,-0.0831316884033999,-0.2642302625,0.12830354749999998,0.293432203985563,-0.013664646414568665,0.6627497820529425,0.3027253555795,-0.00911392575,0.6158302749999999
2024-12-13,12.0,-1.8679669079999994,-2.1412044999999997,-1.4958680000000004,2.2363142957129187,1.92822634981775,2.50569340240375,-0.0031220784745437245,-0.018308179310925002,0.00025091459753294915,-0.0831316884033999,-0.2642302625,0.12830354749999998,0.2820936208349762,-0.023873216219504546,0.6506574571662682,0.29136194690949996,-0.019738745,0.605064575
2024-12-14,12.0,-1.8679669079999994,-2.1412044999999997,-1.4958680000000004,2.224805358147941,1.91891588947675,2.49265044874625,-0.0029123428012526186,-0.016844734872149998,0.00020693447469332453,-0.0831316884033999,-0.2642302625,0.12830354749999998,0.2707944189432875,-0.03403762407386306,0.640413981273944,0.280036687296,-0.029605767499999994,0.5947769499999994
2024-12-15,12.0,-1.8679669079999994,-2.1412044999999997,-1.4958680000000004,2.2133558941353,1.90965391264925,2.47967730549175,-0.00272103656977755,-0.01549853474115,0.0001707869186908248,-0.0831316884033999,-0.2642302625,0.12830354749999998,0.2595362611621226,-0.04415425350086585,0.6297555033750258,0.2687517018545,-0.039420412499999995,0.5864828499999999
2024-12-16,12.0,-1.8679669079999994,-2.1412044999999997,-1.4958680000000004,2.2019660805284618,1.9004279820295,2.4667667651802496,-0.002546161548383595,-0.014260111310415,0.00014111677621097497,-0.0831316884033999,-0.2642302625,0.12830354749999998,0.2483213225766764,-0.054225008054249055,0.6180883391463508,0.257508761417,-0.0494249,0.577007375
2024-12-17,12.0,-1.8679669079999994,-2.1412044999999997,-1.4958680000000004,2.2290790613316793,1.9226907172095,2.4964287170680004,-0.0023859759631870525,-0.013120788129464999,0.00011695342856777483,-0.0831316884033999,-0.2642302625,0.12830354749999998,0.2755944889650928,-0.028471346970943695,0.645579342910095,0.284936430613,-0.024299594999999993,0.6023510499999998
2024-12-18,12.0,-1.8679669079999994,-2.1412044999999997,-1.4958680000000004,2.2176079930824004,1.9134073657992499,2.48343271561775,-0.002238944581251757,-0.012072630111315,9.699819695674973e-05,-0.0831316884033999,-0.2642302625,0.12830354749999998,0.2642704520977485,-0.03862310478268516,0.6347969914973419,0.27358203099600004,-0.0340605075,0.5926169749999999
2024-12-19,12.0,-1.8679669079999994,-2.1412044999999997,-1.4958680000000004,2.206196417194381,1.90416739640925,2.4705065245705,-0.0021037241718796303,-0.011108351870699999,8.361245619824984e-05,-0.0831316884033999,-0.2642302625,0.12830354749999998,0.25299409661910044,-0.04873607009564273,0.6229470469423073,0.2622746573275,-0.045145625,0.581735425
2024-12-20,12.0,-1.8679669079999994,-2.1412044999999997,-1.4958680000000004,2.1948445986209784,1.89497591053275,2.457647329501,-0.0019791341025447544,-0.010221212914274998,7.253338454774993e-05,-0.0831316884033999,-0.2642302625,0.12830354749999998,0.2417668681150354,-0.058800965521128026,0.6111627725917713,0.2510152357895,-0.05407841499999999,0.5706599999999998
2024-12-21,12.0,-1.8679669079999994,-2.1412044999999997,-1.4958680000000004,2.1835514607330597,1.88582270518325,2.4448579448345,-0.0018641246923781917,-0.0094050412341,6.29629764609e-05,-0.0831316884033999,-0.2642302625,0.12830354749999998,0.23058873963728183,-0.06881472557108628,0.5993122133619889,0.23980455836300002,-0.0632954,0.5602282499999999
2024-12-22,12.0,-1.8679669079999994,-2.1412044999999997,-1.4958680000000004,2.1723170643650795,1.8767230848404999,2.432131163111,-0.0017577756038910572,-0.008654152081724998,5.479525281482494e-05,-0.0831316884033999,-0.2642302625,0.12830354749999998,0.21946069235778914,-0.07879126709221632,0.5871591523102161,0.2286433333615,-0.07315721249999999,0.5508067
2024-12-23,12.0,-1.8679669079999994,-2.1412044999999997,-1.4958680000000004,2.161140799404921,1.86766174502475,2.41947137736525,-0.001659266290669061,-0.007963303445385,4.7710549513224904e-05,-0.0831316884033999,-0.2642302625,0.12830354749999998,0.20838293671085117,-0.08871877403648461,0.5756011144755785,0.21753207390965001,-0.08389785499999998,0.540545575
2024-12-24,12.0,-1.8679669079999994,-2.1412044999999997,-1.4958680000000004,2.241802649243181,1.9348751328185,2.51030317078125,-0.001567870081450037,-0.007327688182304999,4.156213687614987e-05,-0.0831316884033999,-0.2642302625,0.12830354749999998,0.28913618275832964,-0.015154834982279144,0.6615650395271275,0.298546361773,-0.007600779999999994,0.620820875
2024-12-25,12.0,-1.8679669079999994,-2.1412044999999997,-1.4958680000000004,2.2302672977564426,1.92553436061775,2.4972317300775,-0.001482939286809524,-0.006742902586319999,3.622363519552485e-05,-0.0831316884033999,-0.2642302625,0.12830354749999998,0.27768576206623047,-0.025395318171471712,0.6495068994091865,0.28706028226834995,-0.018538849999999996,0.6098697749999998
2024-12-26,12.0,-1.8679669079999994,-2.1412044999999997,-1.4958680000000004,2.21879180792114,1.91623983761125,2.48423730723675,-0.0014038981987205094,-0.006204849455369999,3.158631228702484e-05,-0.0831316884033999,-0.2642302625,0.12830354749999998,0.26628931331901956,-0.0355834545200667,0.6371949592217435,0.27562782312449996,-0.030369829999999997,0.59932045
2024-12-27,12.0,-1.8679669079999994,-2.1412044999999997,-1.4958680000000004,2.2073760768392408,1.9069886966249998,2.47130267291375,-0.0013302316610138763,-0.005709806207789999,2.7555673305437334e-05,-0.0831316884033999,-0.2642302625,0.12830354749999998,0.25494724877482605,-0.04571563554330163,0.624828765448088,0.264249270499,-0.03978395999999999,0.5880526249999999
2024-12-28,12.0,-1.8679669079999994,-2.1412044999999997,-1.4958680000000004,2.296304945226401,1.9811364781879999,2.5715474864657497,-0.0012614763992606977,-0.005254322707875,2.4051008503869826e-05,-0.0831316884033999,-0.2642302625,0.12830354749999998,0.34394487242373994,0.03525110024233866,0.7161628430812574,0.35352562757500006,0.04421216,0.6754360749999999
2024-12-29,12.0,-1.8679669079999994,-2.1412044999999997,-1.4958680000000004,2.2844884037214395,1.97156475711575,2.5581570594027503,-0.0011972210875602683,-0.00483617479717075,2.1001870013862332e-05,-0.0831316884033999,-0.2642302625,0.12830354749999998,0.3321925862304795,0.024773319011437207,0.704933766834518,0.34173511227500003,0.03297974,0.6640930749999998
2024-12-30,12.0,-1.8679669079999994,-2.1412044999999997,-1.4958680000000004,2.2727332699573406,1.9620488553695001,2.54484365020275,-0.0011370934744646686,-0.004467293993388499,1.8110646252417345e-05,-0.0831316884033999,-0.2642302625,0.12830354749999998,0.3204975800794753,0.014339533100038515,0.6937794553515807,0.330001638653,0.022342005,0.6542872249999999
2024-12-31,12.0,-1.8679669079999994,-2.1412044999999997,-1.4958680000000004,2.2610390270473997,1.9525763356435,2.531602865831,-0.0010807585680299965,-0.0041265593151575,1.5434329793159868e-05,-0.0831316884033999,-0.2642302625,0.12830354749999998,0.30885967207596987,0.0039532843056756225,0.6825872687398925,0.3183252265585,0.011219446500000002,0.64315875
2025-01-01,12.0,-1.8679669079999994,-2.1412044999999997,-1.4958680000000004,2.24940560800786,1.94314719793775,2.518421869977,-0.0010279154262815683,-0.0038118150962559993,1.3153558952644885e-05,-0.0831316884033999,-0.2642302625,0.12830354749999998,0.29727909617817877,-0.006377269667198458,0.6699400254955538,0.3067058809555,7.271547500000157e-05,0.6313353749999999
2025-01-02,12.0,-1.8679669079999994,-2.1412044999999997,-1.4958680000000004,2.237832753722021,1.9337687780647501,2.505310684526,-0.0009782913430097886,-0.0035210765324502494,1.1209886830489902e-05,-0.0831316884033999,-0.2642302625,0.12830354749999998,0.28575586597561015,-0.016660149390520483,0.6599393288148482,0.29514359279450003,-0.009613150999999999,0.6197550749999998
2025-01-03,12.0,-1.8679669079999994,-2.1412044999999997,-1.4958680000000004,2.226319757770358,1.92443150589275,2.492276516938,-0.0009316395407558288,-0.0032525124704207496,9.553438044189915e-06,-0.0831316884033999,-0.2642302625,0.12830354749999998,0.27428952182620453,-0.02689875662702295,0.6498082046627732,0.283638304162,-0.021479792499999997,0.6083544249999997
2025-01-04,12.0,-1.8679669079999994,-2.1412044999999997,-1.4958680000000004,2.297749174422481,1.9838824057487499,2.5725218278304998,-0.0008877375502491389,-0.0030044400182164996,8.141818401224926e-06,-0.0831316884033999,-0.2642302625,0.12830354749999998,0.34576284046883077,0.038446829429003036,0.7196585137411304,0.35535179409500006,0.0462469675,0.6792133749999999
2025-01-05,12.0,-1.8679669079999994,-2.1412044999999997,-1.4958680000000004,2.28592658969294,1.97430684889275,2.559132979377,-0.0008463799012370553,-0.0027752911655439996,6.938792375537437e-06,-0.0831316884033999,-0.2642302625,0.12830354749999998,0.3339816133883029,0.02794288649810637,0.7094910513889837,0.3435302050829999,0.0351354825,0.6687244999999999
2025-01-06,12.0,-1.8679669079999994,-2.1412044999999997,-1.4958680000000004,2.2741655557408795,1.964774674057,2.54581675575175,-0.0008073845506056452,-0.0025636147310982497,5.9135729319599464e-06,-0.0831316884033999,-0.2642302625,0.12830354749999998,0.32225957478687445,0.017498339245696982,0.6978701723837991,0.331767609862,0.02423099,0.6569579499999998
2025-01-07,12.0,-1.8679669079999994,-2.1412044999999997,-1.4958680000000004,2.2624655009833976,1.95528811556075,2.53256032064425,-0.0007705806687641974,-0.0023680857155414996,5.039834245999954e-06,-0.0831316884033999,-0.2642302625,0.12830354749999998,0.310596323911236,0.007089374753459785,0.6862326313929595,0.320063843042,0.013565317500000002,0.6450672999999996
2025-01-08,12.0,-1.8679669079999994,-2.1412044999999997,-1.4958680000000004,2.2508259495829783,1.94584780625875,2.519383717825,-0.0007358171076558241,-0.00218747484278875,4.29520762362246e-06,-0.0831316884033999,-0.2642302625,0.12830354749999998,0.29899153607192414,-0.003260135756766062,0.675196339334157,0.30841879223,0.0033676442500000033,0.6332198499999995
2025-01-09,12.0,-1.8679669079999994,-2.1412044999999997,-1.4958680000000004,2.3052912517022404,1.99105225345475,2.580247455006,-0.0007029523476936665,-0.0020206353123669997,3.6606238852574653e-06,-0.0831316884033999,-0.2642302625,0.12830354749999998,0.35348970295114635,0.046940824370610465,0.7309973443093015,0.363120868795,0.0537340775,0.6869427999999997
2025-01-10,12.0,-1.8679669079999994,-2.1412044999999997,-1.4958680000000004,2.29343080117032,1.9814435175650003,2.56681728319575,-0.0006718572151663267,-0.0018665194892707499,3.1198055321047203e-06,-0.0831316884033999,-0.2642302625,0.12830354749999998,0.34166034755175423,0.036399387802143565,0.7184747740971121,0.35124983421,0.0429968175,0.6766021249999999
2025-01-11,12.0,-1.8679669079999994,-2.1412044999999997,-1.4958680000000004,2.3706789217502595,2.0457633028520004,2.65366747529325,-0.000642414778132925,-0.0017263487748974998,2.6589022180757246e-06,-0.0831316884033999,-0.2642302625,0.12830354749999998,0.41893791056872715,0.10656008198391966,0.7965568285825939,0.428781286909,0.115974125,0.7513623749999999
2025-01-12,12.0,-1.8679669079999994,-2.1412044999999997,-1.4958680000000004,2.3584801484282374,2.035884704709,2.63986134303125,-0.12149773334631898,-0.42173081672999996,0.14239869779827488,-0.0831316884033999,-0.2642302625,0.12830354749999998,0.285883818678521,-0.10457929427100017,0.6805074812834996,0.27743423614,-0.11153534999999999,0.6452134749999999
2025-01-13,12.0,-1.8679669079999994,-2.1412044999999997,-1.4958680000000004,2.3463450101744403,2.02605682439875,2.62611781371225,-0.10114101482078029,-0.3708201298485,0.10202701795049998,-0.0831316884033999,-0.2642302625,0.12830354749999998,0.29410539895025994,-0.06873250164425015,0.6787664854879502,0.290358515888,-0.06753400749999999,0.6340159999999997
2025-01-14,12.0,-1.8679669079999994,-2.1412044999999997,-1.4958680000000004,2.441857466123778,2.105700018595,2.73379644723575,-0.08472675032392368,-0.322602169404,0.08078147445344999,-0.0831316884033999,-0.2642302625,0.12830354749999998,0.40603211939645667,0.061871476090185284,0.7790165501071501,0.405906942265,0.065564625,0.7461703249999998
2025-01-15,12.0,-1.8679669079999994,-2.1412044999999997,-1.4958680000000004,2.429291194496482,2.095530183616,2.7195630092800003,-0.07142740329421787,-0.2832160473731,0.05869368660232498,-0.0831316884033999,-0.2642302625,0.12830354749999998,0.406765194798862,0.07181838848252503,0.7726534982954998,0.4089857158115,0.0737653075,0.741618125
2025-01-16,12.0,-1.8679669079999994,-2.1412044999999997,-1.4958680000000004,2.509583899159661,2.162387952381,2.80994275159325,-0.06058296240146198,-0.2453321209213,0.04243156207437996,-0.0831316884033999,-0.2642302625,0.12830354749999998,0.49790234035479797,0.1811105479702745,0.8620429510205044,0.502135394265,0.181282975,0.8300589499999997
2025-01-17,12.0,-1.8679669079999994,-2.1412044999999997,-1.4958680000000004,2.4966673158308015,2.1519460208295,2.7952560482665,-0.0516801466380775,-0.2157667839729,0.03310981182348748,-0.0831316884033999,-0.2642302625,0.12830354749999998,0.4938885727893224,0.18353263298907488,0.8520853021529821,0.49937078896049997,0.180813675,0.8250281249999998
2025-01-18,12.0,-1.8679669079999994,-2.1412044999999997,-1.4958680000000004,2.483818145539358,2.14155480711075,2.78066075730625,-0.08456991639402046,-0.32894176417200005,0.07696438310474996,-0.0831316884033999,-0.2642302625,0.12830354749999998,0.44814963274193964,0.10146606818547495,0.8217784954445501,0.44857055185499994,0.1041393,0.7897329
2025-01-19,12.0,-1.8679669079999994,-2.1412044999999997,-1.4958680000000004,2.4710356458385005,2.13121431122475,2.766167373957,-0.07167612276177424,-0.2860368460894,0.05351072810513748,-0.0831316884033999,-0.2642302625,0.12830354749999998,0.44826092667332584,0.11662886456010013,0.820653823799875,0.45091283674,0.115852025,0.7836390499999999
2025-01-20,12.0,-1.8679669079999994,-2.1412044999999997,-1.4958680000000004,2.4583192746458034,2.1209245331715,2.75177022118375,-0.06109568518602876,-0.25265816757720005,0.03896802591386249,-0.0831316884033999,-0.2642302625,0.12830354749999998,0.4461249930563714,0.1300791856635998,0.8146752833579108,0.45037774675000003,0.13017179999999998,0.7806788499999999
2025-01-21,12.0,-1.8679669079999994,-2.1412044999999997,-1.4958680000000004,2.5493737652809583,2.1968013443075,2.85440926113525,-0.05236484227510196,-0.2268892950537,0.03340060447917492,-0.0831316884033999,-0.2642302625,0.12830354749999998,0.545910326602458,0.23130391964460023,0.9100896605794141,0.5516659730500001,0.22771115,0.8785440999999999
2025-01-22,12.0,-1.8679669079999994,-2.1412044999999997,-1.4958680000000004,2.5362529695508416,2.1861960876615,2.839496117549,-0.04511619801432928,-0.20099714927775,0.027996104132249892,-0.0831316884033999,-0.2642302625,0.12830354749999998,0.5400381751331105,0.23627308698055802,0.9089365757213499,0.54665613936,0.232500525,0.8688699249999994
2025-01-23,12.0,-1.8679669079999994,-2.1412044999999997,-1.4958680000000004,2.523199782075758,2.1756415488482497,2.82465845404925,-0.03906165545841209,-0.17563098300975,0.02342562183205489,-0.0831316884033999,-0.2642302625,0.12830354749999998,0.533039530213948,0.22459987449635366,0.9017970795479024,0.5403009580999999,0.2266604,0.8617030499999999
2025-01-24,12.0,-1.8679669079999994,-2.1412044999999997,-1.4958680000000004,2.510214523517661,2.1651354935485,2.80995214335875,-0.033975312751903596,-0.15802681518599998,0.019137470920649984,-0.0831316884033999,-0.2642302625,0.12830354749999998,0.5251406143623567,0.21940128494959998,0.8914405624589079,0.5328851137849999,0.22087985,0.85371705
2025-01-25,12.0,-1.8679669079999994,-2.1412044999999997,-1.4958680000000004,2.497296916154439,2.15468239040075,2.79533148725025,-0.02967923342187842,-0.1407988546431,0.01542782561618994,-0.0831316884033999,-0.2642302625,0.12830354749999998,0.5165190863291617,0.21356101110226894,0.8855037999025003,0.52462811989,0.21412007500000002,0.8444181999999999
2025-01-26,12.0,-1.8679669079999994,-2.1412044999999997,-1.4958680000000004,2.4844462610179625,2.1442800050857502,2.78078345597,-0.026032327945297404,-0.12498244282799999,0.012773659679519968,-0.0831316884033999,-0.2642302625,0.12830354749999998,0.5073153366692631,0.2025154759230953,0.8826382388108751,0.5157009399399999,0.20292075,0.832999075
2025-01-27,12.0,-1.8679669079999994,-2.1412044999999997,-1.4958680000000004,2.471662659707461,2.1339232361102503,2.7663052350927497,-0.02292194343785164,-0.11307079580960001,0.01058641815077999,-0.0831316884033999,-0.2642302625,0.12830354749999998,0.4976421198662087,0.1938681229080452,0.8782871269122897,0.5062378758,0.1954618,0.8229109749999998
2025-01-28,12.0,-1.8679669079999994,-2.1412044999999997,-1.4958680000000004,2.4589451257558026,2.1236200521415,2.75190526789425,-0.02025748451862092,-0.102444849544,0.008654875268069998,-0.0831316884033999,-0.2642302625,0.12830354749999998,0.48758904483377896,0.18527811613371506,0.8710028703735598,0.49634530698,0.1865788,0.8141594499999999
2025-01-29,12.0,-1.8679669079999994,-2.1412044999999997,-1.4958680000000004,2.446293617446081,2.1133698203247504,2.73758231855875,-0.017965616501640466,-0.09294589117365,0.006839761927034992,-0.0831316884033999,-0.2642302625,0.12830354749999998,0.4772294045410394,0.17523371879774183,0.8623069417282199,0.48610822214999994,0.17754705,0.802914275
2025-01-30,12.0,-1.8679669079999994,-2.1412044999999997,-1.4958680000000004,2.5591311298317403,2.2075322352635003,2.8649838201205,-0.01598658024130686,-0.08448549493335,0.005721330883667999,-0.0831316884033999,-0.2642302625,0.12830354749999998,0.5920459531870335,0.2797656770719694,0.9708013689918603,0.6013977870999999,0.28190615,0.9191718749999995
2025-01-31,12.0,-1.8679669079999994,-2.1412044999999997,-1.4958680000000004,2.545961643829399,2.196872425001,2.8500726646990002,-0.014271386694254026,-0.0777666000114325,0.004732913817869997,-0.0831316884033999,-0.2642302625,0.12830354749999998,0.580591660731746,0.2674506385834475,0.9639267371005749,0.5900129181999999,0.275538625,0.9090509499999999
2025-02-01,12.0,-1.8679669079999994,-2.1412044999999997,-1.4958680000000004,2.6421429299077785,2.27703754646025,2.95846100647825,-0.012779670932723674,-0.072625767102995,0.003843692811292498,-0.0831316884033999,-0.2642302625,0.12830354749999998,0.6782646625716561,0.3557557633857179,1.0543242112129698,0.6880875125,0.366584725,1.00589475
2025-02-02,12.0,-1.8679669079999994,-2.1412044999999997,-1.4958680000000004,2.6285441267994005,2.2660431173415,2.9430035700065,-0.011477984980572578,-0.067509301478125,0.003110727011229998,-0.0831316884033999,-0.2642302625,0.12830354749999998,0.6659675454154272,0.34434494561559004,1.04668504277943,0.675827369,0.35640695,0.9924018
2025-02-03,12.0,-1.8679669079999994,-2.1412044999999997,-1.4958680000000004,2.615016443272599,2.25510164037475,2.9276824184140002,-0.010338486140745512,-0.062970285244175,0.002485414759699997,-0.0831316884033999,-0.2642302625,0.12830354749999998,0.6535793607284539,0.33263521363179865,1.0357678280679903,0.6634647279999999,0.34718342500000005,0.9802360999999999
2025-02-04,12.0,-1.8679669079999994,-2.1412044999999997,-1.4958680000000004,2.6015585727074395,2.24421088124075,2.91243944032275,-0.009337895008518685,-0.0576992190149125,0.0020541985338149997,-0.0831316884033999,-0.2642302625,0.12830354749999998,0.6411220812955214,0.3198028837315306,1.0247674890779903,0.6510246685000001,0.3370296,0.9661519249999995
2025-02-05,12.0,-1.8679669079999994,-2.1412044999999997,-1.4958680000000004,2.5881711306489974,2.2333759414327496,2.8972791089450003,-0.00845667985816099,-0.052767272670825,0.0017169367043099975,-0.0831316884033999,-0.2642302625,0.12830354749999998,0.6286158543874384,0.3084497039980753,1.0133076504587752,0.638527965,0.322802075,0.9534679749999991
2025-02-06,12.0,-1.8679669079999994,-2.1412044999999997,-1.4958680000000004,2.6835745741666193,2.31287819238225,3.00475209700575,-0.007678369129328731,-0.048277657112362496,0.0014513624454269964,-0.0831316884033999,-0.2642302625,0.12830354749999998,0.7247976086338919,0.3966151599183051,1.1060831106407303,0.7350642255000001,0.420514675,1.05156875
2025-02-07,12.0,-1.8679669079999994,-2.1412044999999997,-1.4958680000000004,2.6697627464277023,2.30170800086325,2.98905317580025,-0.006989032047976001,-0.04417388788596,0.0012430547288639967,-0.0831316884033999,-0.2642302625,0.12830354749999998,0.7116751179763238,0.3845888339231252,1.0940969123363498,0.7219395315,0.40673405,1.0368302499999997
2025-02-08,12.0,-1.8679669079999994,-2.1412044999999997,-1.4958680000000004,2.745014059396378,2.3642804037895004,3.0738566513234997,-0.00637685508793944,-0.040422666627615,0.0010646928591899968,-0.0831316884033999,-0.2642302625,0.12830354749999998,0.7875386079050405,0.4542416585670467,1.1670195573241242,0.798108798,0.47180859999999997,1.117343
2025-02-09,12.0,-1.8679669079999994,-2.1412044999999997,-1.4958680000000004,2.7308849381253824,2.3528652246287503,3.0575627142287503,-0.005831765222917782,-0.03699326524601999,0.000911967180551997,-0.0831316884033999,-0.2642302625,0.12830354749999998,0.7739545764990624,0.44148865263202475,1.1546822148278408,0.7845134519999999,0.460652925,1.1031235
2025-02-10,12.0,-1.8679669079999994,-2.1412044999999997,-1.4958680000000004,2.7168292533133194,2.34150299762,3.04158422932,-0.005345170797110928,-0.03390218806109999,0.0007811856834432471,-0.0831316884033999,-0.2642302625,0.12830354749999998,0.7603854861128093,0.4291705751445067,1.1414519827913312,0.770929832,0.45117985,1.088243
2025-02-11,12.0,-1.8679669079999994,-2.1412044999999997,-1.4958680000000004,2.7028465082232005,2.33019372276325,3.0256997031625,-0.0049097111393479505,-0.03151133235435,0.0006691911381384975,-0.0831316884033999,-0.2642302625,0.12830354749999998,0.7468382006804526,0.4168917932538694,1.1282758077164021,0.757365474,0.441390625,1.0736267499999996
2025-02-12,12.0,-1.8679669079999994,-2.1412044999999997,-1.4958680000000004,2.688936423743523,2.31894250155175,3.0099172484485,-0.0045190649169292215,-0.029290713680949997,0.0005732779065554976,-0.0831316884033999,-0.2642302625,0.12830354749999998,0.7333187624231907,0.4046523807365136,1.1151462906699365,0.7438265414999999,0.428653875,1.0625624999999996
2025-02-13,12.0,-1.8679669079999994,-2.1412044999999997,-1.4958680000000004,2.7921800281926794,2.40500337971325,3.126599128681,-0.004167787380318499,-0.027228233874049997,0.0004911354821044978,-0.0831316884033999,-0.2642302625,0.12830354749999998,0.8369136444089611,0.5011546682046297,1.2165661525945193,0.8477732210000001,0.5166288,1.1681054999999998
2025-02-14,12.0,-1.8679669079999994,-2.1412044999999997,-1.4958680000000004,2.777808211194458,2.3933910635695,3.110088679789,-0.003851178273726857,-0.025312345814629995,0.00041353815770824823,-0.0831316884033999,-0.2642302625,0.12830354749999998,0.8228584365173331,0.4878343529087618,1.202992976033778,0.8336930020000001,0.502839525,1.15314125
2025-02-15,12.0,-1.8679669079999994,-2.1412044999999997,-1.4958680000000004,2.76351098507144,2.381836801071,3.0938420315075,-0.003565169501197702,-0.02353268256969,0.00034091583181924896,-0.0831316884033999,-0.2642302625,0.12830354749999998,0.8088472191668429,0.4745547672026415,1.1894774052421315,0.8196550579999999,0.49067997500000005,1.13867175
2025-02-16,12.0,-1.8679669079999994,-2.1412044999999997,-1.4958680000000004,2.7492878341348193,2.3703354907245,3.0776788294525,-0.003306233980583658,-0.021828021422265,0.0002812505122503495,-0.0831316884033999,-0.2642302625,0.12830354749999998,0.7948830037508368,0.46131523948048747,1.176020670339407,0.8056627639999999,0.48124145,1.1251957499999996
2025-02-17,12.0,-1.8679669079999994,-2.1412044999999997,-1.4958680000000004,2.7351387402856004,2.35888713253,3.06163371158125,-0.00307130450494632,-0.020209801919625,0.00023219621062492486,-0.0831316884033999,-0.2642302625,0.12830354749999998,0.7809688393772538,0.4485092699282025,1.1626337579756256,0.7917189375,0.47106815,1.1115984999999995
2025-02-18,12.0,-1.8679669079999994,-2.1412044999999997,-1.4958680000000004,2.7210635267973,2.3475019294740003,3.0457001797137497,-0.0028577065348084473,-0.018594284545799998,0.00019215095326769984,-0.0831316884033999,-0.2642302625,0.12830354749999998,0.7671072238590917,0.4360365290322525,1.1493573773821157,0.7778260049999999,0.45763882499999997,1.0986484999999997
2025-02-19,12.0,-1.8679669079999994,-2.1412044999999997,-1.4958680000000004,2.707061139749122,2.33616744425075,3.02984929455975,-0.0026631077915215506,-0.01710806212035,0.00015930060445922467,-0.0831316884033999,-0.2642302625,0.12830354749999998,0.7532994355541988,0.42198186559535444,1.136140132931447,0.7639860095000001,0.44428665,1.0847105
2025-02-20,12.0,-1.8679669079999994,-2.1412044999999997,-1.4958680000000004,2.693131118102838,2.3248859111795,3.0140766630845,-0.0024854611099929206,-0.015740839194825,0.00013277222479447462,-0.0831316884033999,-0.2642302625,0.12830354749999998,0.7395470605894464,0.40864195789898083,1.1229778128648547,0.7502005884999999,0.4310611,1.07087775
2025-02-21,12.0,-1.8679669079999994,-2.1412044999999997,-1.4958680000000004,2.6792741238405027,2.3136624317535,2.9983910713574997,-0.0023229802114623638,-0.01448308266159,0.00011512236080992477,-0.0831316884033999,-0.2642302625,0.12830354749999998,0.7258525472256376,0.3965215407744795,1.1098821979105666,0.7364714415000001,0.41792514999999997,1.0577362499999998
2025-02-22,12.0,-1.8679669079999994,-2.1412044999999997,-1.4958680000000004,2.665488556388561,2.3024919044794996,2.9827837333092497,-0.00217408554476992,-0.013325964121394999,9.98675690375999e-05,-0.0831316884033999,-0.2642302625,0.12830354749999998,0.7122158744403898,0.3847444847298857,1.0984186661862159,0.7227997585,0.4048651,1.0448312499999999
2025-02-23,12.0,-1.8679669079999994,-2.1412044999999997,-1.4958680000000004,2.6517748852935377,2.2913771965315,2.96726185639975,-0.0020373947651858505,-0.01226146204821,8.66884327008e-05,-0.0831316884033999,-0.2642302625,0.12830354749999998,0.6986388941249538,0.3730213303568686,1.0890616302762026,0.7091866225,0.39188005,1.0310907499999997
2025-02-24,12.0,-1.8679669079999994,-2.1412044999999997,-1.4958680000000004,2.638132304453859,2.2803183079095,2.9518126043185,-0.0019116823713097506,-0.011282126007974999,7.544281895027492e-05,-0.0831316884033999,-0.2642302625,0.12830354749999998,0.6851220256791503,0.3613264896223319,1.0768334298328657,0.6956329565,0.37897445,1.019061
2025-02-25,12.0,-1.8679669079999994,-2.1412044999999997,-1.4958680000000004,2.7418684805857003,2.36679386601,3.0687112984515,-0.017735207305263595,-0.06946871758882,0.018709615226017485,-0.0831316884033999,-0.2642302625,0.12830354749999998,0.7730346768770358,0.4506543002564795,1.1619555202893002,0.7814772325,0.453120925,1.1082604999999999
2025-02-26,12.0,-1.8679669079999994,-2.1412044999999997,-1.4958680000000004,2.7277604281747587,2.3553659137885,3.052740836262,-0.014952877923685774,-0.05822059044698,0.013480339192934997,-0.0831316884033999,-0.2642302625,0.12830354749999998,0.7617089538476742,0.43930437370580977,1.1519925145987702,0.770735551,0.4440672,1.0949622499999994
2025-02-27,12.0,-1.8679669079999994,-2.1412044999999997,-1.4958680000000004,2.7137251572887804,2.343993780893,3.036853020786,-0.012696852351805916,-0.047133281453475,0.01062086482314,-0.0831316884033999,-0.2642302625,0.12830354749999998,0.7499297085335737,0.42568235422818074,1.14085295052711,0.7593537860000001,0.439547925,1.0848309999999999
2025-02-28,12.0,-1.8679669079999994,-2.1412044999999997,-1.4958680000000004,2.699763260588803,2.33267970164275,3.0210406445635,-0.010857620831211716,-0.040636119205042495,0.0077117197520249975,-0.0831316884033999,-0.2642302625,0.12830354749999998,0.7378070433541888,0.41162498428965516,1.1287572648267248,0.74750444,0.4268108,1.0705879999999994
2025-03-01,12.0,-1.8679669079999994,-2.1412044999999997,-1.4958680000000004,2.6858735182507387,2.3214185745445004,3.00532093693975,-0.009347766670454864,-0.0358909544581175,0.005707669709739498,-0.0831316884033999,-0.2642302625,0.12830354749999998,0.7254271551768848,0.40210211338599666,1.11631646572042,0.7353132955000001,0.4144717,1.0560767499999995
2025-03-02,12.0,-1.8679669079999994,-2.1412044999999997,-1.4958680000000004,2.67205565003172,2.3102155010915,2.9896766685695,-0.008099220558168248,-0.032204780246624994,0.0046545749360374904,-0.0831316884033999,-0.2642302625,0.12830354749999998,0.7128578330701518,0.3920102934299137,1.1037999514318073,0.7228729355000001,0.4009672,1.0453947499999998
2025-03-03,12.0,-1.8679669079999994,-2.1412044999999997,-1.4958680000000004,2.658310313262759,2.29985723840025,2.9741150469127495,-0.007059334507574604,-0.028710820152489998,0.004017182340601995,-0.0831316884033999,-0.2642302625,0.12830354749999998,0.7001523823517867,0.3802909322153613,1.09361109713134,0.7102526044999999,0.3927504,1.0317565
2025-03-04,12.0,-1.8679669079999994,-2.1412044999999997,-1.4958680000000004,2.644635900030239,2.289883752305,2.9586360719695,-0.006187311641862578,-0.0264137908590725,0.0035432475134924975,-0.0831316884033999,-0.2642302625,0.12830354749999998,0.6873499919849779,0.3686071850219971,1.0845723712431201,0.6975043519999999,0.38136610000000004,1.018031
2025-03-05,12.0,-1.8679669079999994,-2.1412044999999997,-1.4958680000000004,2.63103237862516,2.2799531236722497,2.9432353507049998,-0.005451351423964816,-0.024189999108687497,0.0028134020355074963,-0.0831316884033999,-0.2642302625,0.12830354749999998,0.674482430797795,0.3567309559395298,1.0711349877937102,0.6846678985,0.3666279,1.0066459999999997
2025-03-06,12.0,-1.8679669079999994,-2.1412044999999997,-1.4958680000000004,2.702863105718241,2.3366097554662497,3.0237132217207496,-0.004826486340377154,-0.0223176873001725,0.002137432782564991,-0.0831316884033999,-0.2642302625,0.12830354749999998,0.746938022974463,0.42076963541928625,1.1376211689677482,0.7574399755,0.433701275,1.0796294999999998
2025-03-07,12.0,-1.8679669079999994,-2.1412044999999997,-1.4958680000000004,2.6889587411110574,2.3261295329415,3.0079678414760003,-0.004292955444164531,-0.020435416406654996,0.0017565102300089942,-0.0831316884033999,-0.2642302625,0.12830354749999998,0.7335671892634953,0.40886167098663084,1.1280394223975703,0.7440689140000001,0.425966525,1.06664375
2025-03-08,12.0,-1.8679669079999994,-2.1412044999999997,-1.4958680000000004,2.67512665261604,2.316038646055,2.9923151298299997,-0.003835004168666606,-0.018627656627932497,0.0014549593705379974,-0.0831316884033999,-0.2642302625,0.12830354749999998,0.7201930520439724,0.39700285854677597,1.11866824036038,0.730684828,0.4151679,1.0540142499999998
2025-03-09,12.0,-1.8679669079999994,-2.1412044999999997,-1.4958680000000004,2.6613665604132204,2.30599863944675,2.9767378574374996,-0.0034399707188587664,-0.01683454725423,0.0012063567530909995,-0.0831316884033999,-0.2642302625,0.12830354749999998,0.7068279932909606,0.3851946439037968,1.1050812564907981,0.7173023295,0.399791625,1.0405259999999998
2025-03-10,12.0,-1.8679669079999994,-2.1412044999999997,-1.4958680000000004,2.6476773569716983,2.2959934674852502,2.9612460461837498,-0.0030976140792529356,-0.014981557085625,0.0009698597159744995,-0.0831316884033999,-0.2642302625,0.12830354749999998,0.6934811464890478,0.3734378136966518,1.0908156387129262,0.703933091,0.38511685,1.0266969999999997
2025-03-11,12.0,-1.8679669079999994,-2.1412044999999997,-1.4958680000000004,2.6340596737712847,2.28603694148275,2.9458340672182497,-0.0027995866524724417,-0.013673269041389999,0.0007973885129995496,-0.0831316884033999,-0.2642302625,0.12830354749999998,0.6801614907154071,0.3617330661449702,1.0767449744718463,0.6905862844999999,0.373213075,1.0140684999999998
2025-03-12,12.0,-1.8679669079999994,-2.1412044999999997,-1.4958680000000004,2.620512847549381,2.276125507262,2.93075958700125,-0.0025390549788783354,-0.0125099794039425,0.0006682717067844999,-0.0831316884033999,-0.2642302625,0.12830354749999998,0.666875196167101,0.3498342139599557,1.0639930069601928,0.6772694524999999,0.36218672500000004,1.000276249999999
2025-03-13,12.0,-1.8679669079999994,-2.1412044999999997,-1.4958680000000004,2.7133952461583783,2.3490178132,3.03502013382425,-0.0023103764347754486,-0.011446662011775,0.0005318899070099998,-0.0831316884033999,-0.2642302625,0.12830354749999998,0.7599862733202043,0.43221333782350585,1.1598685634338184,0.770694923,0.4528522,1.09695125
2025-03-14,12.0,-1.8679669079999994,-2.1412044999999997,-1.4958680000000004,2.6994378428089982,2.338826485615,3.01922217252175,-0.0021088862156045467,-0.010562898214679999,0.00043097259750374966,-0.0831316884033999,-0.2642302625,0.12830354749999998,0.7462303601899958,0.4202143595216125,1.14665393891898,0.75690301,0.439178825,1.08229775
2025-03-15,12.0,-1.8679669079999994,-2.1412044999999997,-1.4958680000000004,2.6855533041243813,2.32868024981175,3.0035096723579997,-0.0019306943014761023,-0.00981990776713,0.0003447902855902496,-0.0831316884033999,-0.2642302625,0.12830354749999998,0.7325240134195038,0.40826955772410894,1.1320243699302601,0.7431586555,0.4251363,1.06765575
2025-03-16,12.0,-1.8679669079999994,-2.1412044999999997,-1.4958680000000004,2.6717402440608984,2.3185826599675,2.9878770044824994,-0.0017725432891110345,-0.009129698702745,0.0002811070959569998,-0.0831316884033999,-0.2642302625,0.12830354749999998,0.7188691043683895,0.3958700254450094,1.1174598518084402,0.7294651365,0.41046232499999996,1.05373725
2025-03-17,12.0,-1.8679669079999994,-2.1412044999999997,-1.4958680000000004,2.6579995072726006,2.308530161905,2.9726103863257496,-0.0016316991734981537,-0.008488507493265,0.00023454434644049982,-0.0831316884033999,-0.2642302625,0.12830354749999998,0.7052692116957019,0.383218711546834,1.103119437222103,0.7158250525000001,0.398326575,1.0398839999999998
2025-03-18,12.0,-1.8679669079999994,-2.1412044999999997,-1.4958680000000004,2.6893323129177196,2.332519912695,3.0065443909767495,-0.0179915357997475,-0.0726479149037,0.019369728605467484,-0.0831316884033999,-0.2642302625,0.12830354749999998,0.7202421807145727,0.3995114840429019,1.1152397975801176,0.7284921400000001,0.412719725,1.0554675
2025-03-19,12.0,-1.8679669079999994,-2.1412044999999997,-1.4958680000000004,2.6755004845557995,2.322410132385,2.9908988867907493,-0.015110096672618043,-0.061055072276475,0.0140125317427425,-0.0831316884033999,-0.2642302625,0.12830354749999998,0.7092917914797816,0.3878000744273188,1.1041118723272298,0.718144745,0.403278425,1.0440572499999998
2025-03-20,12.0,-1.8679669079999994,-2.1412044999999997,-1.4958680000000004,2.7295510955175817,2.36425872837,3.05104858969625,-0.04953121193085236,-0.183553164011,0.05327385110414997,-0.0831316884033999,-0.2642302625,0.12830354749999998,0.728921287183327,0.40656668289333187,1.1096820421051474,0.7328700475999999,0.409365775,1.0747104999999997
2025-03-21,12.0,-1.8679669079999994,-2.1412044999999997,-1.4958680000000004,2.7155115187634378,2.354005328115,3.03516798168025,-0.04142594355178629,-0.1545655449945,0.039577741048724996,-0.0831316884033999,-0.2642302625,0.12830354749999998,0.7229869788082531,0.4107924912416916,1.1050043679135002,0.72867010085,0.410628075,1.06999425
2025-03-22,12.0,-1.8679669079999994,-2.1412044999999997,-1.4958680000000004,2.7015448275406593,2.34380117013,3.019372834803,-0.03487056089222965,-0.1396038606941,0.03128285754019997,-0.0831316884033999,-0.2642302625,0.12830354749999998,0.7155756702450303,0.403987534984561,1.1032483875382202,0.7224701585,0.409284625,1.0589054999999998
2025-03-23,12.0,-1.8679669079999994,-2.1412044999999997,-1.4958680000000004,2.6876506926487407,2.333631890415,3.0044323180342496,-0.048250112642459764,-0.180303566865,0.0461537022704975,-0.0831316884033999,-0.2642302625,0.12830354749999998,0.6883019836028799,0.36898623954947485,1.0642691981607748,0.69321703225,0.37220985,1.0325537500000002
2025-03-24,12.0,-1.8679669079999994,-2.1412044999999997,-1.4958680000000004,2.6738287759920003,2.323522110105,2.991193655529,-0.13019231501151518,-0.46570780947599993,0.13465212036232496,-0.0831316884033999,-0.2642302625,0.12830354749999998,0.5925378645770847,0.152819235393,1.0006406396584997,0.5852265976,0.17062925,0.9643269249999998
2025-03-25,12.0,-1.8679669079999994,-2.1412044999999997,-1.4958680000000004,2.660078851860497,2.31344413293,2.9780293345522497,-0.1089115638971052,-0.403623944091,0.10517743833712495,-0.0831316884033999,-0.2642302625,0.12830354749999998,0.600068691559995,0.21299074348224997,0.9937371707272497,0.5972627350550002,0.229674225,0.9583737250000001
2025-03-26,12.0,-1.8679669079999994,-2.1412044999999997,-1.4958680000000004,2.6463997278733995,2.3034112911599998,2.9648017260557498,-0.09167884601006768,-0.357397162083,0.07980417764409994,-0.0831316884033999,-0.2642302625,0.12830354749999998,0.6036222854599319,0.23291801836559978,0.9974583017825231,0.60399455557,0.255482425,0.9563364249999998
2025-03-27,12.0,-1.8679669079999994,-2.1412044999999997,-1.4958680000000004,2.710609278377018,2.35335591309,3.02984889921,-0.07764882295526851,-0.3089603131839,0.05429790922507498,-0.0831316884033999,-0.2642302625,0.12830354749999998,0.6818618590183508,0.32379219342489984,1.0700760647375778,0.6848110126,0.341647725,1.034086
2025-03-28,12.0,-1.8679669079999994,-2.1412044999999997,-1.4958680000000004,2.69666921645704,2.34316201224,3.0165105653490003,-0.0661521606370008,-0.269877774390175,0.04255303353951746,-0.0831316884033999,-0.2642302625,0.12830354749999998,0.6794184594166386,0.34006020531090253,1.0691857534742648,0.68403985265,0.34731740000000005,1.027142
2025-03-29,12.0,-1.8679669079999994,-2.1412044999999997,-1.4958680000000004,2.682801965419557,2.332999914525,3.0032349264915,-0.05666844144960764,-0.24318603084270002,0.03617201723463744,-0.0831316884033999,-0.2642302625,0.12830354749999998,0.6750349275665524,0.3338977283129223,1.0659169703847902,0.6808908567999999,0.35014317500000003,1.0179479999999999
2025-03-30,12.0,-1.8679669079999994,-2.1412044999999997,-1.4958680000000004,2.6690063425174366,2.3228901342149997,2.98988175364725,-0.06431967773248994,-0.26088225664049997,0.042576246093749937,-0.0831316884033999,-0.2642302625,0.12830354749999998,0.6535880683815501,0.31477976900716903,1.0360379902971497,0.6581446542999999,0.32583695,0.9970531249999999
2025-03-31,12.0,-1.8679669079999994,-2.1412044999999997,-1.4958680000000004,2.6552821092388794,2.3127475644500004,2.9735971141625,-0.05514007400849972,-0.2354964928689,0.034837712965349925,-0.0831316884033999,-0.2642302625,0.12830354749999998,0.6490434388269795,0.3094186237255693,1.0372037252891502,0.6548491291499999,0.32522355,0.99048905
2025-04-01,12.0,-1.8679669079999994,-2.1412044999999997,-1.4958680000000004,2.6416293225768217,2.302267384115,2.9574991885207496,-0.04751457940764877,-0.20900450053050001,0.02920245900587489,-0.0831316884033999,-0.2642302625,0.12830354749999998,0.6430161467657713,0.3075303616273949,1.0325807201523751,0.64973780595,0.32517975,0.9883950999999999
2025-04-02,12.0,-1.8679669079999994,-2.1412044999999997,-1.4958680000000004,2.6280474784732566,2.291828143715,2.94150694178725,-0.04114442727044843,-0.18425973825449998,0.024523089211839898,-0.0831316884033999,-0.2642302625,0.12830354749999998,0.6358044547994114,0.3121903036328998,1.0243442296954197,0.6432062321,0.320011075,0.9743312999999991
2025-04-03,12.0,-1.8679669079999994,-2.1412044999999997,-1.4958680000000004,2.614536144454901,2.281436651805,2.9256046839875,-0.03579299852658411,-0.164651300304,0.02022256220443498,-0.0831316884033999,-0.2642302625,0.12830354749999998,0.6276445495249161,0.3070481758332231,1.0153077818904097,0.6355559268,0.315345425,0.9684603999999999
2025-04-04,12.0,-1.8679669079999994,-2.1412044999999997,-1.4958680000000004,2.601094446414903,2.271092908385,2.9097896006962496,-0.03127319412659913,-0.14615098238129998,0.016156767203339934,-0.0831316884033999,-0.2642302625,0.12830354749999998,0.6187226558849007,0.30315474941349246,1.0091171799558434,0.627018939,0.31104597500000003,0.9593093749999999
2025-04-05,12.0,-1.8679669079999994,-2.1412044999999997,-1.4958680000000004,2.587723042057979,2.260800362035,2.89405887748825,-0.027436426423008756,-0.13120636164199997,0.013374523123319963,-0.0831316884033999,-0.2642302625,0.12830354749999998,0.6091880192315708,0.29608236547625505,0.9975539834800973,0.6177757977000001,0.30624727500000004,0.9474664999999994
2025-04-06,12.0,-1.8679669079999994,-2.1412044999999997,-1.4958680000000004,2.5744212500039194,2.25054530704,2.8784073666962495,-0.024164040337625564,-0.11950686576544998,0.011082188534789986,-0.0831316884033999,-0.2642302625,0.12830354749999998,0.5991586132628948,0.29190772187797737,0.9868061997609625,0.60796801435,0.298412025,0.9425569749999998
2025-04-07,12.0,-1.8679669079999994,-2.1412044999999997,-1.4958680000000004,2.561187887280283,2.24034825767,2.8628509925052494,-0.02136065064907919,-0.10718934738605,0.009045933276899993,-0.0831316884033999,-0.2642302625,0.12830354749999998,0.5887286402278009,0.2817797744291049,0.9756513184335623,0.5977077692,0.2870577,0.9314457749999997
2025-04-08,12.0,-1.8679669079999994,-2.1412044999999997,-1.4958680000000004,2.548023588262338,2.229243741385,2.8473710163049994,-0.01894902600512619,-0.09731390540585001,0.007140089676944988,-0.0831316884033999,-0.2642302625,0.12830354749999998,0.577975965853814,0.27126419023498743,0.9635877193765623,0.58708442225,0.275329125,0.9193102249999997
2025-04-09,12.0,-1.8679669079999994,-2.1412044999999997,-1.4958680000000004,2.534927554971179,2.2179983020850003,2.8319782146132497,-0.016866318967797427,-0.08846689968375,0.005937715088385499,-0.0831316884033999,-0.2642302625,0.12830354749999998,0.5669626395999824,0.2604295167487149,0.951450712297225,0.57616981595,0.266974775,0.9072309499999996
2025-04-10,12.0,-1.8679669079999994,-2.1412044999999997,-1.4958680000000004,2.6044626999080207,2.27592258726,2.9122700166349995,-0.049947091474224624,-0.19087825659559998,0.044341857058292494,-0.0831316884033999,-0.2642302625,0.12830354749999998,0.6034170120303958,0.2832219493408849,0.9792132194463523,0.6077888293,0.287623525,0.9456120749999996
2025-04-11,12.0,-1.8679669079999994,-2.1412044999999997,-1.4958680000000004,2.5910750042989377,2.26560952664,2.8965308501512497,-0.04254279321486332,-0.1670272927974,0.03238975614517,-0.0831316884033999,-0.2642302625,0.12830354749999998,0.597433614680677,0.2786285577574486,0.9756437845424754,0.603204883255,0.287126975,0.9380872
2025-04-12,12.0,-1.8679669079999994,-2.1412044999999997,-1.4958680000000004,2.5777561608319797,2.255199651775,2.880870896083499,-0.1130896187378809,-0.425012830472,0.11260179859987496,-0.0831316884033999,-0.2642302625,0.12830354749999998,0.5135679456906991,0.1194363633927998,0.91086434822705,0.50873061276,0.132713225,0.8752716999999998
2025-04-13,12.0,-1.8679669079999994,-2.1412044999999997,-1.4958680000000004,2.564507163445917,2.243839022375,2.8652953020989997,-0.09515845137979058,-0.3687075807163,0.08573443982459997,-0.0831316884033999,-0.2642302625,0.12830354749999998,0.5182501156627292,0.1451541043858249,0.905903795843062,0.5171326272500001,0.17392715,0.8690792249999997
2025-04-14,12.0,-1.8679669079999994,-2.1412044999999997,-1.4958680000000004,2.5513260573203387,2.23252573089,2.8498096970482494,-0.08058398951060164,-0.31270095637260004,0.06548621406478744,-0.0831316884033999,-0.2642302625,0.12830354749999998,0.5196434714063386,0.16070587826663227,0.9131211203070999,0.5211543764000001,0.182941575,0.8670396999999999
2025-04-15,12.0,-1.8679669079999994,-2.1412044999999997,-1.4958680000000004,2.5382140630110346,2.22128029159,2.8344056376554994,-0.06867171771628028,-0.2774997009408,0.04512641727854997,-0.0831316884033999,-0.2642302625,0.12830354749999998,0.5184437488913599,0.17507421384734984,0.9058278131888683,0.5218517032150001,0.19220074999999998,0.8699381999999998
2025-04-16,12.0,-1.8679669079999994,-2.1412044999999997,-1.4958680000000004,2.5251695477846203,2.210082190205,2.819080790678749,-0.1305612282868802,-0.5044856065656,0.12272767561064996,-0.0831316884033999,-0.2642302625,0.12830354749999998,0.4435097230943399,3.5033021999840604e-05,0.85097497532785,0.43754323513000004,0.031639965,0.8187131999999994
2025-04-17,12.0,-1.8679669079999994,-2.1412044999999997,-1.4958680000000004,2.6223380485174803,2.29292265862,2.93158044320175,-0.11035965717120241,-0.4244023649061,0.09302905776782489,-0.0831316884033999,-0.2642302625,0.12830354749999998,0.5608797949428774,0.1567794327191501,0.9671992890626694,0.5590795256700001,0.1851129,0.9255532249999999
2025-04-18,12.0,-1.8679669079999994,-2.1412044999999997,-1.4958680000000004,2.6088588262177197,2.28248886047,2.9157320679907497,-0.09385453125161558,-0.3764995570035,0.06515051010651746,-0.0831316884033999,-0.2642302625,0.12830354749999998,0.5639056985627042,0.1793478929455999,0.9686393623452971,0.5648322295299999,0.20789395000000002,0.923217775
2025-04-19,12.0,-1.8679669079999994,-2.1412044999999997,-1.4958680000000004,2.5954494992790407,2.2709925267,2.8999708672882494,-0.08029135524370297,-0.3341256470337,0.05079974507087494,-0.0831316884033999,-0.2642302625,0.12830354749999998,0.5640595476319364,0.19680019919038494,0.9591698347560499,0.56697423226,0.219136825,0.9189363749999999
2025-04-20,12.0,-1.8679669079999994,-2.1412044999999997,-1.4958680000000004,2.5821097124782804,2.259537350715,2.8842940266689996,-0.06907358720058694,-0.29653527234000004,0.04271966211437487,-0.0831316884033999,-0.2642302625,0.12830354749999998,0.5619375288742933,0.2077341276443749,0.9547099652726518,0.566322583845,0.22742294999999998,0.9141936249999996
2025-04-21,12.0,-1.8679669079999994,-2.1412044999999997,-1.4958680000000004,2.5688390863327597,2.248156207045,2.8687071749834994,-0.059735554309377624,-0.26313430536749993,0.03547656679072986,-0.0831316884033999,-0.2642302625,0.12830354749999998,0.5580049356199819,0.21446009797887478,0.95026142592365,0.563489401235,0.223762125,0.9065490249999996
2025-04-22,12.0,-1.8679669079999994,-2.1412044999999997,-1.4958680000000004,2.555637483049458,2.2368264782950003,2.8531939068634995,-0.051914088058525085,-0.2336013172632,0.03120930585319994,-0.0831316884033999,-0.2642302625,0.12830354749999998,0.5526247985875347,0.21703845032014768,0.9467807111601125,0.55893846532,0.22415075,0.8970598749999996
2025-04-23,12.0,-1.8679669079999994,-2.1412044999999997,-1.4958680000000004,2.5425039214586005,2.22555026759,2.8400576866712495,-0.045324803569542216,-0.20769454868369996,0.02463399487079993,-0.0831316884033999,-0.2642302625,0.12830354749999998,0.5460805214856577,0.21877666780591234,0.9440700257781377,0.55302504638,0.224145825,0.8928810249999999
2025-04-24,12.0,-1.8679669079999994,-2.1412044999999997,-1.4958680000000004,2.5294393557911805,2.2143357289399996,2.8271811345054996,-0.039743474313240434,-0.1913495377321,0.01953331052756993,-0.0831316884033999,-0.2642302625,0.12830354749999998,0.5385972850745392,0.2137001208882501,0.9379037487047952,0.5460240841899999,0.221673725,0.884192425
2025-04-25,12.0,-1.8679669079999994,-2.1412044999999997,-1.4958680000000004,2.5164421535262584,2.20318496547,2.8143624869044994,-0.03499206578573939,-0.1698863008716,0.016176040215359965,-0.0831316884033999,-0.2642302625,0.12830354749999998,0.5303514913371206,0.20858805751092016,0.9277522427278858,0.5381503489500001,0.21637742499999998,0.8722869499999997
2025-04-26,12.0,-1.8679669079999994,-2.1412044999999997,-1.4958680000000004,2.5035121649901155,2.191925136145,2.8016050667319994,-0.030928131449145833,-0.1530032936829,0.01340893404785999,-0.0831316884033999,-0.2642302625,0.12830354749999998,0.5214854371375746,0.20626939691688007,0.9179291665107367,0.52957305745,0.211005,0.8639232749999999
2025-04-27,12.0,-1.8679669079999994,-2.1412044999999997,-1.4958680000000004,2.4906489827739806,2.180708245645,2.788902736699,-0.027436888299772148,-0.13903651450465,0.010867408091954996,-0.0831316884033999,-0.2642302625,0.12830354749999998,0.5121134980708077,0.20228467728896504,0.9075473345750552,0.52042670665,0.20282282499999998,0.854087375
2025-04-28,12.0,-1.8679669079999994,-2.1412044999999997,-1.4958680000000004,2.4778531122251595,2.1691811121,2.77626052647325,-0.10934562867715927,-0.41807330252339997,0.10399042522977495,-0.0831316884033999,-0.2642302625,0.12830354749999998,0.41740888714460095,0.019051285808224978,0.8103439362566501,0.413176016263,0.0426558,0.781335775
2025-04-29,12.0,-1.8679669079999994,-2.1412044999999997,-1.4958680000000004,2.4651236410155795,2.1567306142025,2.7635797420292496,-0.09250473638637433,-0.353080814828,0.07795976415119996,-0.0831316884033999,-0.2642302625,0.12830354749999998,0.42152030822580566,0.04739287910554969,0.8117441216087501,0.420720752415,0.06922978,0.77661395
2025-04-30,12.0,-1.8679669079999994,-2.1412044999999997,-1.4958680000000004,2.4524597937568804,2.1443463708475,2.75065264607525,-0.0787563674281019,-0.31116472562430003,0.05951750711888493,-0.0831316884033999,-0.2642302625,0.12830354749999998,0.4226048299253783,0.07311800136964973,0.8135434732705251,0.42422673023000007,0.0854963275,0.7756870749999998
2025-05-01,12.0,-1.8679669079999994,-2.1412044999999997,-1.4958680000000004,2.4398615667661616,2.1320383983799998,2.73686166624225,-0.06747239643492076,-0.27736726321515,0.042652806334062474,-0.0831316884033999,-0.2642302625,0.12830354749999998,0.4212905739278391,0.0851435432747822,0.8137226995796001,0.42466128291899996,0.09314919,0.7699415499999995
2025-05-02,12.0,-1.8679669079999994,-2.1412044999999997,-1.4958680000000004,2.427329145220819,2.119796680455,2.72238086523125,-0.05815013261407569,-0.24794418550169997,0.0344376728932499,-0.0831316884033999,-0.2642302625,0.12830354749999998,0.41808041620334446,0.08531967883279229,0.8102920618835322,0.422735319765,0.09092752500000001,0.7660007499999999
2025-05-03,12.0,-1.8679669079999994,-2.1412044999999997,-1.4958680000000004,2.414861264845478,2.10762964058,2.70797655576725,-0.05039607501377381,-0.2177157655739,0.029877518971944947,-0.0831316884033999,-0.2642302625,0.12830354749999998,0.41336659342830606,0.08437213061537194,0.8038886883309251,0.41897722512999996,0.08725236750000001,0.7586161999999996
2025-05-04,12.0,-1.8679669079999994,-2.1412044999999997,-1.4958680000000004,2.4024578055176775,2.0955220245775,2.6936487378502503,-0.04390384499606197,-0.20067492638655,0.026160315464325,-0.0831316884033999,-0.2642302625,0.12830354749999998,0.4074553641182182,0.08225696429405026,0.7982056220902249,0.41378447652149997,0.0830584025,0.7504946499999999
2025-05-05,12.0,-1.8679669079999994,-2.1412044999999997,-1.4958680000000004,2.3901192430870783,2.0834975101324997,2.6795528285162504,-0.09651952762627568,-0.36432702779217496,0.08310069879367499,-0.0831316884033999,-0.2642302625,0.12830354749999998,0.342501119057404,-0.04381174262852498,0.7329551290713199,0.34071793851899995,-0.014086664999999996,0.7039470250000001
2025-05-06,12.0,-1.8679669079999994,-2.1412044999999997,-1.4958680000000004,2.459880676607041,2.1499859120175,2.75942668916725,-0.0821550510507211,-0.321362605479,0.06306376077103742,-0.0831316884033999,-0.2642302625,0.12830354749999998,0.42662702915291906,0.07291726489242745,0.818275126447725,0.427777782845,0.08654905,0.7822222749999997
2025-05-07,12.0,-1.8679669079999994,-2.1412044999999997,-1.4958680000000004,2.44724478693132,2.137640600525,2.744829241303,-0.07035686212833879,-0.2865725243895,0.045628087141624966,-0.0831316884033999,-0.2642302625,0.12830354749999998,0.4257893283995811,0.0843769632539998,0.8180689719260001,0.42882776321,0.09450407000000001,0.7767445249999999
2025-05-08,12.0,-1.8679669079999994,-2.1412044999999997,-1.4958680000000004,2.434674749675477,2.125368374245,2.73030670233125,-0.06061218141523293,-0.25709641911584996,0.035867428605624904,-0.0831316884033999,-0.2642302625,0.12830354749999998,0.42296397185684725,0.08762155057330982,0.8175999274591811,0.42737738941500003,0.0958981075,0.7732994499999999
2025-05-09,12.0,-1.8679669079999994,-2.1412044999999997,-1.4958680000000004,2.422169454674981,2.113163995345,2.7158606549065003,-0.052511730667815566,-0.22624763525355,0.030981104604424943,-0.0831316884033999,-0.2642302625,0.12830354749999998,0.41855912760376457,0.08749087633375796,0.8101031406744407,0.42399060844,0.09157154249999999,0.7670497249999998
2025-05-10,12.0,-1.8679669079999994,-2.1412044999999997,-1.4958680000000004,2.40972924970526,2.1010342944950002,2.70153294850475,-0.04573420444785199,-0.20872975848164999,0.027270603999924998,-0.0831316884033999,-0.2642302625,0.12830354749999998,0.4128964488540079,0.08458404444417505,0.8045911824045401,0.419090293034,0.08763989,0.7581718249999999
2025-05-11,12.0,-1.8679669079999994,-2.1412044999999997,-1.4958680000000004,2.397353568802479,2.088972441025,2.68926723618375,-0.04002807372284722,-0.1852611952821,0.022069670479725,-0.0831316884033999,-0.2642302625,0.12830354749999998,0.40622689867623263,0.08337744997181991,0.7994929817139974,0.41299725459500003,0.08443312,0.7515147999999999
2025-05-12,12.0,-1.8679669079999994,-2.1412044999999997,-1.4958680000000004,2.3850422622297627,2.0769768420975003,2.6756983370085,-0.035195740712537706,-0.1636766888011,0.016727724121654953,-0.0831316884033999,-0.2642302625,0.12830354749999998,0.3987479251138224,0.077392127133325,0.7906225242308776,0.405957681155,0.07806856999999999,0.743141625
2025-05-13,12.0,-1.8679669079999994,-2.1412044999999997,-1.4958680000000004,2.3727941904292607,2.0650559212200004,2.6619262599915,-0.031080972999265488,-0.148636146008,0.013598474870009968,-0.0831316884033999,-0.2642302625,0.12830354749999998,0.39061462102659467,0.07337190349775001,0.7806982798441129,0.398162433855,0.0709492375,0.7350573499999998
2025-05-14,12.0,-1.8679669079999994,-2.1412044999999997,-1.4958680000000004,2.3606101564935984,2.0531960170525,2.6482225404759996,-0.027559339209300066,-0.138740773662125,0.01127068539185999,-0.0831316884033999,-0.2642302625,0.12830354749999998,0.3819522208808998,0.0701628217261633,0.7699833342559727,0.38976089517449997,0.064703545,0.7256854999999999
2025-05-15,12.0,-1.8679669079999994,-2.1412044999999997,-1.4958680000000004,2.3484891583007825,2.0414091980975004,2.63593021399425,-0.024530969924584728,-0.1306321606671,0.009346942040354996,-0.0831316884033999,-0.2642302625,0.12830354749999998,0.37285959197279533,0.06411147768575481,0.7586857845513258,0.380871176395,0.060497535000000005,0.7166291749999999
2025-05-16,12.0,-1.8679669079999994,-2.1412044999999997,-1.4958680000000004,2.3364305884960994,2.0296902265225,2.6246747475637497,-0.021915165780693552,-0.12191007297777501,0.007396696220442747,-0.0831316884033999,-0.2642302625,0.12830354749999998,0.36341682631200667,0.05793852864408491,0.7469711464475626,0.371587294305,0.05457137000000001,0.7072259749999998
2025-05-17,12.0,-1.8679669079999994,-2.1412044999999997,-1.4958680000000004,2.434637436502861,2.123191746245,2.72933186781475,-0.019646264850797582,-0.11012642357374999,0.006258187055344996,-0.0831316884033999,-0.2642302625,0.12830354749999998,0.4638925752486624,0.1544806326307151,0.8537575760881003,0.472529649895,0.156862525,0.8077664249999998
2025-05-18,12.0,-1.8679669079999994,-2.1412044999999997,-1.4958680000000004,2.4221337766788604,2.1110010286849996,2.7169489948817502,-0.01767047296776534,-0.1006435577284,0.005083209281254998,-0.0831316884033999,-0.2642302625,0.12830354749999998,0.4533647073076948,0.14528370898548248,0.8413626147506413,0.46209795845,0.14648485,0.7980082999999993
2025-05-19,12.0,-1.8679669079999994,-2.1412044999999997,-1.4958680000000004,2.4096947239664797,2.0988865820125,2.70344202717425,-0.0774909277404614,-0.2972305099309,0.07378385902195,-0.0831316884033999,-0.2642302625,0.12830354749999998,0.3811051998226186,0.03632380593722518,0.7717738845454751,0.38067986107350005,0.043651327499999996,0.7274656999999998
2025-05-20,12.0,-1.8679669079999994,-2.1412044999999997,-1.4958680000000004,2.397319949830639,2.0868315592125,2.68952760630375,-0.06566294822044179,-0.24524182648700002,0.054329417960849974,-0.0831316884033999,-0.2642302625,0.12830354749999998,0.38055840520679846,0.051579455592799923,0.778627233022075,0.38258390926999997,0.05795545,0.7259956999999998
2025-05-21,12.0,-1.8679669079999994,-2.1412044999999997,-1.4958680000000004,2.385009655082761,2.0748580451325003,2.6756815429347496,-0.05601054573170605,-0.21456349705305,0.042347714934459955,-0.0831316884033999,-0.2642302625,0.12830354749999998,0.3779005129476544,0.048233742903016345,0.7749380799127578,0.381649200485,0.056292795,0.7203008499999997
2025-05-22,12.0,-1.8679669079999994,-2.1412044999999997,-1.4958680000000004,2.372762941263519,2.062937124255,2.66361835093125,-0.0666603905100012,-0.2509815770686,0.053972767874214976,-0.0831316884033999,-0.2642302625,0.12830354749999998,0.3550039543501187,0.020123589322012886,0.7529309665335253,0.35718668023600003,0.030542957500000002,0.6987962999999988
2025-05-23,12.0,-1.8679669079999994,-2.1412044999999997,-1.4958680000000004,2.360579732841278,2.0510908814274997,2.6522529341384997,-0.05696460279039897,-0.22032390981209998,0.03946036044251748,-0.0831316884033999,-0.2642302625,0.12830354749999998,0.3525165336474811,0.022289966721854605,0.7506224662283136,0.35632965141,0.0274929,0.6961807999999997
2025-05-24,12.0,-1.8679669079999994,-2.1412044999999997,-1.4958680000000004,2.348460089735258,2.03931931665,2.64010880155225,-0.048986697523690476,-0.1993162764068,0.029399236106832462,-0.0831316884033999,-0.2642302625,0.12830354749999998,0.34837479580816955,0.010311953139353382,0.743209956356552,0.3533683665155,0.026247445,0.6898887249999994
2025-05-25,12.0,-1.8679669079999994,-2.1412044999999997,-1.4958680000000004,2.336402800751679,2.027607175745,2.6262309800405,-0.04237878024815184,-0.18051167291325,0.024465997860169945,-0.0831316884033999,-0.2642302625,0.12830354749999998,0.34292542410012833,0.00297500715612467,0.7352529728294395,0.3487878276785,0.0232579675,0.6835878249999996
2025-05-26,12.0,-1.8679669079999994,-2.1412044999999997,-1.4958680000000004,2.324408201979059,2.01596971289,2.61242938148325,-0.036868325723820095,-0.1622536898759,0.021635170293959997,-0.0831316884033999,-0.2642302625,0.12830354749999998,0.33644127985183997,0.006001258376374795,0.7246237187143586,0.342949984303,0.018489020000000002,0.6777155999999998
2025-05-27,12.0,-1.8679669079999994,-2.1412044999999997,-1.4958680000000004,2.3124754939288796,2.00529931878,2.598705146667,-0.03224283960191362,-0.143111860577,0.018397029513869997,-0.0831316884033999,-0.2642302625,0.12830354749999998,0.3291340579235664,0.007056097859394911,0.7138240442912338,0.3361280527102,0.013027507500000002,0.6710037999999999
2025-05-28,12.0,-1.8679669079999994,-2.1412044999999997,-1.4958680000000004,2.3006049245249,1.9949650254325,2.5851062458380003,-0.028336062168633297,-0.126333925779575,0.014400143837499978,-0.0831316884033999,-0.2642302625,0.12830354749999998,0.3211702659528667,0.005448914447410107,0.7040159731151499,0.32853065817000005,0.007292474750000001,0.6613640249999997
2025-05-29,12.0,-1.8679669079999994,-2.1412044999999997,-1.4958680000000004,2.288795592647278,1.984683637545,2.5715741718419998,-0.025017184856774434,-0.11816211486205,0.011090881711739959,-0.0831316884033999,-0.2642302625,0.12830354749999998,0.3126798113871058,0.0011938543904349464,0.6947580759416749,0.320318740478,0.0010689016500000008,0.6520992749999994
2025-05-30,12.0,-1.8679669079999994,-2.1412044999999997,-1.4958680000000004,2.2770478715361016,1.974456337325,2.55811173910425,-0.022182471821919302,-0.11154804721635,0.009183620930849979,-0.0831316884033999,-0.2642302625,0.12830354749999998,0.3037668033107809,-0.005420037968315263,0.6852577256282574,0.311617764545,-0.0041018655,0.6421935499999993
2025-05-31,12.0,-1.8679669079999994,-2.1412044999999997,-1.4958680000000004,2.265360734670702,1.96429154828,2.54472158220675,-0.019749088801563095,-0.10368405140862501,0.007611749689409994,-0.0831316884033999,-0.2642302625,0.12830354749999998,0.2945130494657369,-0.012787792315280131,0.675576843426715,0.30252635210900003,-0.011653025000000001,0.6354736499999999
2025-06-01,12.0,-1.8679669079999994,-2.1412044999999997,-1.4958680000000004,2.253734090577521,1.9541616354724998,2.5321851589474997,-0.017650333269684366,-0.094427788184325,0.00622642791537,-0.0831316884033999,-0.2642302625,0.12830354749999998,0.28498516090443593,-0.022943834264030256,0.6657497441534551,0.29312277924299995,-0.020849074999999998,0.6261546
2025-06-02,12.0,-1.8679669079999994,-2.1412044999999997,-1.4958680000000004,2.24216762222824,1.944103839555,2.519996550526,-0.01583215099376685,-0.08465393877965001,0.0050442689020147495,-0.0831316884033999,-0.2642302625,0.12830354749999998,0.2752368748310731,-0.03360816722268505,0.6574174842467727,0.28346957563950004,-0.03152372,0.615733175
2025-06-03,12.0,-1.8679669079999994,-2.1412044999999997,-1.4958680000000004,2.2306614788487,1.934080919875,2.5077672174799996,-0.01425044764077847,-0.07739650578592501,0.004203742858669998,-0.0831316884033999,-0.2642302625,0.12830354749999998,0.26531243480452166,-0.046479936655045066,0.655207460748593,0.2736171300665,-0.0415744375,0.605234425
2025-06-04,12.0,-1.8679669079999994,-2.1412044999999997,-1.4958680000000004,2.2192142673838404,1.9241120878625,2.495269069375,-0.012868999245219337,-0.0708096276509775,0.003424766228495998,-0.0831316884033999,-0.2642302625,0.12830354749999998,0.25524667173522075,-0.0595168649513798,0.6465919583977353,0.2636062722855,-0.0513255075,0.5947176249999998
2025-06-05,12.0,-1.8679669079999994,-2.1412044999999997,-1.4958680000000004,2.20782680333278,1.914205767025,2.48269870182225,-0.01165790467017437,-0.0647890654978875,0.002824868377004999,-0.0831316884033999,-0.2642302625,0.12830354749999998,0.24507030225920573,-0.07260788101539999,0.6417728585450815,0.2534703140325,-0.06226728,0.5850814249999998
2025-06-06,12.0,-1.8679669079999994,-2.1412044999999997,-1.4958680000000004,2.1964984934702834,1.9043471664525,2.4698230500652496,-0.010592318990978232,-0.0592857505782825,0.002255367362622499,-0.0831316884033999,-0.2642302625,0.12830354749999998,0.23480757807590186,-0.0839877526357675,0.6322416953006136,0.24323664028400002,-0.07310217,0.5767304749999999
2025-06-07,12.0,-1.8679669079999994,-2.1412044999999997,-1.4958680000000004,2.1852284657910586,1.8935995482849999,2.45700597011625,-0.009651550802744241,-0.054388109218149995,0.0018018123481749987,-0.0831316884033999,-0.2642302625,0.12830354749999998,0.22447831858491588,-0.09500321250779246,0.6211095545230418,0.23292777831350003,-0.0860390625,0.5670654249999996
2025-06-08,12.0,-1.8679669079999994,-2.1412044999999997,-1.4958680000000004,2.1740171373127004,1.8827133483699998,2.44426118002,-0.00881822105107137,-0.050557493353949996,0.0014812994799554998,-0.0831316884033999,-0.2642302625,0.12830354749999998,0.2141003198582285,-0.10621649548034484,0.6100200285901398,0.2225624262628,-0.099054775,0.5572987249999996
2025-06-09,12.0,-1.8679669079999994,-2.1412044999999997,-1.4958680000000004,2.162863740978741,1.8718879181649999,2.4315832279667497,-0.008077716034569011,-0.04699947741235,0.0012384065326274982,-0.0831316884033999,-0.2642302625,0.12830354749999998,0.20368742854077113,-0.11756681893750473,0.5989813049144451,0.212156215645,-0.108741525,0.5491004749999998
2025-06-10,12.0,-1.8679669079999994,-2.1412044999999997,-1.4958680000000004,2.1517679122947198,1.8611316811774998,2.4189610332962497,-0.00741767244598184,-0.04369448331855,0.0010486393759044975,-0.0831316884033999,-0.2642302625,0.12830354749999998,0.19325164344533807,-0.12762232498699988,0.5879855330521658,0.2017221799761,-0.119952025,0.5393479249999997
2025-06-11,12.0,-1.8679669079999994,-2.1412044999999997,-1.4958680000000004,2.1407298061171383,1.8504362139,2.40683316914475,-0.11528959501615342,-0.44597011797299996,0.12751568965627488,-0.0831316884033999,-0.2642302625,0.12830354749999998,0.07434161469758664,-0.36116975098607496,0.4766422237820497,0.066453542109,-0.329879525,0.45224819999999993
2025-06-12,12.0,-1.8679669079999994,-2.1412044999999997,-1.4958680000000004,2.12974906434848,1.8398015163324999,2.395378096553,-0.0965371460489208,-0.38455968117850003,0.09209539174799998,-0.0831316884033999,-0.2642302625,0.12830354749999998,0.08211332189615927,-0.3202479996572501,0.48951205359500005,0.07846755242,-0.290493425,0.45216884999999946
2025-06-13,12.0,-1.8679669079999994,-2.1412044999999997,-1.4958680000000004,2.1188247772913202,1.829228912145,2.38397851845325,-0.08136877941129662,-0.32321064529125,0.07257647890952501,-0.0831316884033999,-0.2642302625,0.12830354749999998,0.0863574014766235,-0.29698147613594,0.4972590080865751,0.08568116514615,-0.26253315,0.45065154999999973
2025-06-14,12.0,-1.8679669079999994,-2.1412044999999997,-1.4958680000000004,2.1079569782438004,1.8187170776675,2.37263524065175,-0.06903697973298852,-0.2673203169972,0.052551781673707484,-0.0831316884033999,-0.2642302625,0.12830354749999998,0.08782140210741161,-0.27866360720425004,0.49143690400162504,0.08927306928455,-0.249083525,0.4475801249999997
2025-06-15,12.0,-1.8679669079999994,-2.1412044999999997,-1.4958680000000004,2.097145794538379,1.8081190261925,2.361344642917,-0.058945065098938224,-0.23631402866100001,0.03811905735853247,-0.0831316884033999,-0.2642302625,0.12830354749999998,0.08710213303604186,-0.2739068390285773,0.4942098813507502,0.090103329097,-0.239124175,0.4414589999999999
2025-06-16,12.0,-1.8679669079999994,-2.1412044999999997,-1.4958680000000004,2.08639031536836,1.7971892707725,2.35004772600325,-0.05062852397915585,-0.2097155009718,0.03183182049103743,-0.0831316884033999,-0.2642302625,0.12830354749999998,0.08466319498580417,-0.2717397087921801,0.49112755554236254,0.088806573994395,-0.241615225,0.44033342499999983
2025-06-17,12.0,-1.8679669079999994,-2.1412044999999997,-1.4958680000000004,2.1410859516742784,1.8502765279525,2.40694306145525,-0.043728113135596436,-0.18625272638549997,0.026491162361374908,-0.0831316884033999,-0.2642302625,0.12830354749999998,0.14625924213528352,-0.1965635255780272,0.5469606936845751,0.1514865927395,-0.177631375,0.49564942499999987
2025-06-18,12.0,-1.8679669079999994,-2.1412044999999997,-1.4958680000000004,2.130103340062179,1.8396347305475,2.3954879888635,-0.037965475399077374,-0.1646217637245,0.022498125233624926,-0.0831316884033999,-0.2642302625,0.12830354749999998,0.14103926825970273,-0.20151340278080002,0.5403285852865876,0.14690137261335,-0.1833787,0.4862808749999992
2025-06-19,12.0,-1.8679669079999994,-2.1412044999999997,-1.4958680000000004,2.204747703207363,1.911405467335,2.47840453460025,-0.03312369685110043,-0.15142440829214998,0.01897812832639498,-0.0831316884033999,-0.2642302625,0.12830354749999998,0.22052540995285982,-0.115439745055165,0.6142786614300749,0.227145387408,-0.0936169075,0.5679651750000001
2025-06-20,12.0,-1.8679669079999994,-2.1412044999999997,-1.4958680000000004,2.1934359277331805,1.9004739527725,2.46554840677925,-0.02903256660951467,-0.136529315825,0.014610213279837437,-0.0831316884033999,-0.2642302625,0.12830354749999998,0.21330476472026538,-0.12067362961165007,0.6061023294049874,0.22028471184105,-0.098764695,0.5584087249999998
2025-06-21,12.0,-1.8679669079999994,-2.1412044999999997,-1.4958680000000004,2.18218220314226,1.8895596266849999,2.4527563025759997,-0.02555742191821343,-0.1204403243648,0.012064569410009962,-0.0831316884033999,-0.2642302625,0.12830354749999998,0.2055261848206468,-0.12412539369160022,0.5976368356321874,0.2127796044405,-0.109652825,0.5517427999999998
2025-06-22,12.0,-1.8679669079999994,-2.1412044999999997,-1.4958680000000004,2.1709868243908192,1.87870314979,2.44003103641575,-0.022590930162300096,-0.10659030846070001,0.009994243664009982,-0.0831316884033999,-0.2642302625,0.12830354749999998,0.19729729782511984,-0.12904140014938512,0.58888808445873,0.2047586390975,-0.1166145,0.5411930999999999
2025-06-23,12.0,-1.8679669079999994,-2.1412044999999997,-1.4958680000000004,2.15984977805568,1.8679016664374999,2.4273726082984997,-0.020046908908387322,-0.097827930409125,0.008287305299759998,-0.0831316884033999,-0.2642302625,0.12830354749999998,0.1887042727438927,-0.13581766657928276,0.5851023319575451,0.19632363398395,-0.12845625,0.5297973999999999
2025-06-24,12.0,-1.8679669079999994,-2.1412044999999997,-1.4958680000000004,2.1487702432823794,1.8571680526325,2.4155052507595,-0.031204491196495255,-0.13134331202195,0.02108232617714249,-0.0831316884033999,-0.2642302625,0.12830354749999998,0.1664671556824848,-0.17196918855659998,0.5634082856527874,0.17226752535349998,-0.15494355,0.5108497749999996
2025-06-25,12.0,-1.8679669079999994,-2.1412044999999997,-1.4958680000000004,2.137747968202099,1.8464952085375,2.4040123760335,-0.04178577383579718,-0.15944665038374997,0.03187385895644998,-0.0831316884033999,-0.2642302625,0.12830354749999998,0.14486359796290277,-0.20587093321585992,0.5472749127151502,0.1490464026585,-0.17848524999999998,0.4942294499999992
2025-06-26,12.0,-1.8679669079999994,-2.1412044999999997,-1.4958680000000004,2.1833310977388205,1.8899716571625,2.45340636190175,-0.03588887524748965,-0.1448568964316,0.02440575571458746,-0.0831316884033999,-0.2642302625,0.12830354749999998,0.1963436260879305,-0.14779648756972508,0.5942446155794625,0.20173501796989998,-0.1214484,0.5420980999999998
2025-06-27,12.0,-1.8679669079999994,-2.1412044999999997,-1.4958680000000004,2.17212992155356,1.87910808043,2.44067828131625,-0.03101530584991961,-0.13068468756559998,0.01864634075659998,-0.0831316884033999,-0.2642302625,0.12830354749999998,0.19001601930024037,-0.14538744627277508,0.5864703729307124,0.19610973495349998,-0.12985132500000002,0.5341687249999996
2025-06-28,12.0,-1.8679669079999994,-2.1412044999999997,-1.4958680000000004,2.231681838794601,1.934804744835,2.507912081745,-0.04679664716803671,-0.17698242891385,0.037424806108649976,-0.0831316884033999,-0.2642302625,0.12830354749999998,0.23378659522316314,-0.11211672590005076,0.6352124298070126,0.23768637173659998,-0.0841653925,0.5823032999999997
2025-06-29,12.0,-1.8679669079999994,-2.1412044999999997,-1.4958680000000004,2.220230480420619,1.92480446207,2.49487322583725,-0.0400776186816772,-0.15688277850375001,0.027657467547932458,-0.0831316884033999,-0.2642302625,0.12830354749999998,0.22905426533554302,-0.11891785225248559,0.627759886385375,0.2340867153275,-0.08928665749999999,0.5767945749999998
2025-06-30,12.0,-1.8679669079999994,-2.1412044999999997,-1.4958680000000004,2.2088386630737786,1.9139544570675,2.4819252842274997,-0.03453833263757985,-0.14223582244065,0.020401562266924984,-0.0831316884033999,-0.2642302625,0.12830354749999998,0.22320173403280014,-0.11740589797899997,0.6200420569525127,0.2290439029559,-0.0930240525,0.5687888249999998
2025-07-01,12.0,-1.8679669079999994,-2.1412044999999997,-1.4958680000000004,2.2781187411322783,1.9751806042174997,2.55765542925025,-0.029943355779111128,-0.12863001278855,0.01715957380332498,-0.0831316884033999,-0.2642302625,0.12830354749999998,0.2970767889497689,-0.03125780948147505,0.6886074271110377,0.303780834205,-0.015871124999999996,0.6412283499999999
2025-07-02,12.0,-1.8679669079999994,-2.1412044999999997,-1.4958680000000004,2.2664274054243614,1.96500502725,2.54535092276325,-0.026106261615062357,-0.11411861237769999,0.015204269376139988,-0.0831316884033999,-0.2642302625,0.12830354749999998,0.2892225474058975,-0.0330946851163251,0.6797303111890999,0.2963597546995,-0.021440465,0.6320231249999999
2025-07-03,12.0,-1.8679669079999994,-2.1412044999999997,-1.4958680000000004,2.320081459147857,2.011654466075,2.6048078186935,-0.02288092080843725,-0.1006629745779,0.012544302669869997,-0.0831316884033999,-0.2642302625,0.12830354749999998,0.34610194193602273,0.0325387838369851,0.7329600928401927,0.35380391741699996,0.0372232325,0.6901889249999996
2025-07-04,12.0,-1.8679669079999994,-2.1412044999999997,-1.4958680000000004,2.308173534708799,2.0013009612975,2.59112108070375,-0.020152831932262225,-0.09088236808985,0.009844216260412491,-0.0831316884033999,-0.2642302625,0.12830354749999998,0.3369221063731377,0.023837911742322557,0.7232785665373503,0.3448623126,0.030021555000000002,0.6807456
2025-07-05,12.0,-1.8679669079999994,-2.1412044999999997,-1.4958680000000004,2.296326671524021,1.990983514965,2.57753055358425,-0.017831783243594947,-0.0857420294780075,0.007578232491119975,-0.0831316884033999,-0.2642302625,0.12830354749999998,0.3273962918770254,0.014496262366147334,0.7185217445906248,0.3355148005895,0.020401167500000005,0.668425525
2025-07-06,12.0,-1.8679669079999994,-2.1412044999999997,-1.4958680000000004,2.2845415655002004,1.9807285798074998,2.5642349711825,-0.015846266127366927,-0.0805815210114,0.006277341955889988,-0.0831316884033999,-0.2642302625,0.12830354749999998,0.3175967029694328,0.004939757597835468,0.7166363555631731,0.325847850723,0.010299923500000006,0.65787415
2025-07-07,12.0,-1.8679669079999994,-2.1412044999999997,-1.4958680000000004,2.272817102992761,1.97052655011,2.5519000829664997,-0.014139101040838492,-0.07439571886275,0.005204839246568997,-0.0831316884033999,-0.2642302625,0.12830354749999998,0.30757940554852164,-0.005008746638316465,0.7111674157193889,0.3159293814915,-0.0012589722499999996,0.6484405999999999
2025-07-08,12.0,-1.8679669079999994,-2.1412044999999997,-1.4958680000000004,2.2611539189440824,1.9603690023649998,2.539674719624,-0.012664275293852879,-0.0667400919204325,0.004202854864274999,-0.0831316884033999,-0.2642302625,0.12830354749999998,0.2973910472468273,-0.01579707436221951,0.6998383536322597,0.3058132529175,-0.0126194,0.6393611749999999
2025-07-09,12.0,-1.8679669079999994,-2.1412044999999997,-1.4958680000000004,2.2495508312738206,1.950273965795,2.527359706389,-0.011384467113803021,-0.060411495581655004,0.003500866603430246,-0.0831316884033999,-0.2642302625,0.12830354749999998,0.28706776775661674,-0.028037813174831012,0.6884373681332853,0.29554247620499996,-0.022143689999999997,0.6300679749999997
2025-07-10,12.0,-1.8679669079999994,-2.1412044999999997,-1.4958680000000004,2.2380077922246215,1.9401730265225,2.51420095621625,-0.010269220835593456,-0.055255352776485,0.0028657453120799997,-0.0831316884033999,-0.2642302625,0.12830354749999998,0.27663997498562687,-0.03941124110707009,0.6770714189082925,0.28515171974,-0.031434767499999995,0.6204868749999997
2025-07-11,12.0,-1.8679669079999994,-2.1412044999999997,-1.4958680000000004,2.2265247453104418,1.9293012329274999,2.50111185450525,-0.009293502507465929,-0.050554574818327494,0.00234512263436775,-0.0831316884033999,-0.2642302625,0.12830354749999998,0.26613264639957424,-0.0505371225526375,0.6657425592696444,0.2746690652725,-0.04411707,0.6107629749999998
2025-07-12,12.0,-1.8679669079999994,-2.1412044999999997,-1.4958680000000004,2.2151009901079797,1.918238335725,2.48813348711375,-0.07726495926799398,-0.3126869505962,0.08098924241714993,-0.0831316884033999,-0.2642302625,0.12830354749999998,0.18673743443658608,-0.18111090802021987,0.5937049537114001,0.18492762827884998,-0.16581525,0.543327825
2025-07-13,12.0,-1.8679669079999994,-2.1412044999999997,-1.4958680000000004,2.203736802215619,1.9072236330874999,2.4752189645255,-0.06495445753673018,-0.25866610118134997,0.05940948807547499,-0.0831316884033999,-0.2642302625,0.12830354749999998,0.18768374827548961,-0.17224832633989504,0.5934550549929252,0.18857084665100002,-0.14993465,0.550457175
2025-07-14,12.0,-1.8679669079999994,-2.1412044999999997,-1.4958680000000004,2.1924309268312787,1.896268239955,2.46237954621525,-0.054968689670452237,-0.20937482010265,0.04651648598100498,-0.0831316884033999,-0.2642302625,0.12830354749999998,0.18636364075742776,-0.16469644148682505,0.5945822044958251,0.1891383648135,-0.137210175,0.5437150499999998
2025-07-15,12.0,-1.8679669079999994,-2.1412044999999997,-1.4958680000000004,2.2544451484223003,1.9544938380124999,2.5325144355314997,-0.04682620188816698,-0.1818925599492,0.03329451834773999,-0.0831316884033999,-0.2642302625,0.12830354749999998,0.256520350130733,-0.08778447637504669,0.6584071262645952,0.26090288543475,-0.058953099999999994,0.6090396249999999
2025-07-16,12.0,-1.8679669079999994,-2.1412044999999997,-1.4958680000000004,2.2428768372630987,1.9443530129275,2.51933636345475,-0.0401424362526612,-0.1614200827776,0.025161074987322472,-0.0831316884033999,-0.2642302625,0.12830354749999998,0.25163580460703877,-0.09568816657540698,0.6524474207692001,0.257000549148,-0.066365855,0.5966058999999995
2025-07-17,12.0,-1.8679669079999994,-2.1412044999999997,-1.4958680000000004,2.2699434652826205,1.9679479248949998,2.5478265450977498,-0.05971304648851585,-0.22598105328839999,0.05137104376844997,-0.0831316884033999,-0.2642302625,0.12830354749999998,0.25913182239070426,-0.08667975684961254,0.6646703603847252,0.261667337949,-0.06629164,0.6154845749999999
2025-07-18,12.0,-1.8679669079999994,-2.1412044999999997,-1.4958680000000004,2.258295423161558,1.95778487212,2.53562038827475,-0.050891775204051415,-0.1984196244195,0.03601435636112499,-0.0831316884033999,-0.2642302625,0.12830354749999998,0.25630505155410843,-0.08999987980770431,0.660598535652011,0.2603357983230001,-0.0617855725,0.6083349749999998
2025-07-19,12.0,-1.8679669079999994,-2.1412044999999997,-1.4958680000000004,2.3042831847721392,1.997801957405,2.58525876772975,-0.04363671004011528,-0.1760898597396,0.027087136765537458,-0.0831316884033999,-0.2642302625,0.12830354749999998,0.30954787832862485,-0.03531835640099068,0.7102617754758497,0.31487877404494996,-0.006265443749999998,0.6528027249999998
2025-07-20,12.0,-1.8679669079999994,-2.1412044999999997,-1.4958680000000004,2.292457116754219,1.9875013580874998,2.57219907133,-0.03763388262471593,-0.1578386334516,0.022547320995124936,-0.0831316884033999,-0.2642302625,0.12830354749999998,0.3037246377261042,-0.040083177319360314,0.7036448998262375,0.30983960225650004,-0.012235879999999998,0.6480711999999996
2025-07-21,12.0,-1.8679669079999994,-2.1412044999999997,-1.4958680000000004,2.2806926660577016,1.977263269945,2.559282236295,-0.03263524449031924,-0.13980537522519998,0.019067262419124945,-0.0831316884033999,-0.2642302625,0.12830354749999998,0.29695882516398087,-0.03832768460440018,0.6954365007395877,0.3036524179635,-0.019245725,0.6419765249999998
2025-07-22,12.0,-1.8679669079999994,-2.1412044999999997,-1.4958680000000004,2.268989093005702,1.9670628587224999,2.5464881869875002,-0.02844651368448928,-0.12907531342964998,0.016848339630564986,-0.0831316884033999,-0.2642302625,0.12830354749999998,0.2894439829178106,-0.03816362576116991,0.6869031628107001,0.2965681542495,-0.024872235,0.6344439
2025-07-23,12.0,-1.8679669079999994,-2.1412044999999997,-1.4958680000000004,2.25734595123776,1.9565855782075,2.5342280869955,-0.02491536453747772,-0.11481807959370001,0.013261224587099975,-0.0831316884033999,-0.2642302625,0.12830354749999998,0.2813319902968824,-0.040410144436095,0.678111670353375,0.288778428779,-0.032294489999999995,0.6265301750000001
2025-07-24,12.0,-1.8679669079999994,-2.1412044999999997,-1.4958680000000004,2.2457636253751,1.9453682289849998,2.5211720411115,-0.021921796857933405,-0.1013003537202,0.010314603683579962,-0.0831316884033999,-0.2642302625,0.12830354749999998,0.2727432321137663,-0.04644855057248519,0.6702912566336497,0.2804310904655,-0.041050355,0.6165634249999995
2025-07-25,12.0,-1.8679669079999994,-2.1412044999999997,-1.4958680000000004,2.234240942036239,1.9342138151825,2.5080427983817497,-0.019370600431678205,-0.09024502118265,0.00854071876925998,-0.0831316884033999,-0.2642302625,0.12830354749999998,0.26377174520116203,-0.05407437222629,0.6671103222918024,0.271641306821,-0.0502246925,0.6065739499999998
2025-07-26,12.0,-1.8679669079999994,-2.1412044999999997,-1.4958680000000004,2.2227778746124405,1.923126280875,2.4949872477092496,-0.01718571812791614,-0.08363486357419,0.007078809649169993,-0.0831316884033999,-0.2642302625,0.12830354749999998,0.2544935600811239,-0.0646315543430247,0.6633008770148876,0.262499693772,-0.0589967475,0.5962496749999998
2025-07-27,12.0,-1.8679669079999994,-2.1412044999999997,-1.4958680000000004,2.211374417106299,1.912071971505,2.4820013454985,-0.01530592054493202,-0.0788201438615975,0.005782954856504999,-0.0831316884033999,-0.2642302625,0.12830354749999998,0.24496990015796813,-0.0770977995605947,0.6527156662294168,0.2530780409327,-0.06804721999999999,0.5860909749999997
2025-07-28,12.0,-1.8679669079999994,-2.1412044999999997,-1.4958680000000004,2.20003007386618,1.9010784318449998,2.469089135345,-0.013681598671595765,-0.074036312008275,0.004580449547596995,-0.0831316884033999,-0.2642302625,0.12830354749999998,0.23524987879118417,-0.08973276605702502,0.6415814236842858,0.2434337484915,-0.07732721000000001,0.5773796249999998
2025-07-29,12.0,-1.8679669079999994,-2.1412044999999997,-1.4958680000000004,2.1887443596703813,1.8901527617324998,2.45625375573125,-0.012272288968115984,-0.0671882575683125,0.003909058758304998,-0.0831316884033999,-0.2642302625,0.12830354749999998,0.22537347429886384,-0.102287897601775,0.6309502798422223,0.233612964983,-0.0873329025,0.5703578249999999
2025-07-30,12.0,-1.8679669079999994,-2.1412044999999997,-1.4958680000000004,2.1775168800733984,1.879289185,2.44398843373075,-0.011044770685014802,-0.060798744671745,0.003170420994041998,-0.0831316884033999,-0.2642302625,0.12830354749999998,0.21537351298498517,-0.11238218812449258,0.6209797945420484,0.2236531135615,-0.0984577825,0.5616697499999999
2025-07-31,12.0,-1.8679669079999994,-2.1412044999999997,-1.4958680000000004,2.1663474068622017,1.8684948014849998,2.4324153049735,-0.009971651274877457,-0.055566475197000004,0.0025958299155495,-0.0831316884033999,-0.2642302625,0.12830354749999998,0.20527715918392256,-0.12280910744963476,0.6110057602998104,0.21358468119149998,-0.109523725,0.5496755749999992
2025-08-01,12.0,-1.8679669079999994,-2.1412044999999997,-1.4958680000000004,2.1552361219408196,1.8577527641725,2.420907683131,-0.00903019230590767,-0.050835805982295,0.002081446544852499,-0.0831316884033999,-0.2642302625,0.12830354749999998,0.19510733323151228,-0.13258251064338242,0.6010212956706263,0.203432670985362,-0.121626675,0.5404353499999992
2025-08-02,12.0,-1.8679669079999994,-2.1412044999999997,-1.4958680000000004,2.221313811166261,1.9212220833275,2.4930333533857496,-0.008201436510614748,-0.0465120550077525,0.0016629947806074982,-0.0831316884033999,-0.2642302625,0.12830354749999998,0.2620137782522453,-0.05575960746933006,0.6637355915396478,0.270612339431,-0.05210339,0.6089498749999996
2025-08-03,12.0,-1.8679669079999994,-2.1412044999999997,-1.4958680000000004,2.2099184478526017,1.9101819736325,2.4800591339247497,-0.007469515221327952,-0.042559905649754995,0.001375266353445,-0.0831316884033999,-0.2642302625,0.12830354749999998,0.2513503362278721,-0.06738062266889742,0.6533669395486953,0.259951214911,-0.06263819749999999,0.5997723249999999
2025-08-04,12.0,-1.8679669079999994,-2.1412044999999997,-1.4958680000000004,2.198581659307278,1.8992039573175001,2.46715201654075,-0.029071709931848298,-0.10654376593717499,0.026529361157099998,-0.0831316884033999,-0.2642302625,0.12830354749999998,0.21841135297203146,-0.11899509034936485,0.630687131590005,0.22367532121625,-0.0969068925,0.5646731999999997
2025-08-05,12.0,-1.8679669079999994,-2.1412044999999997,-1.4958680000000004,2.1873031725132197,1.8882867107124999,2.454472844065,-0.02477162087291229,-0.09251061172032499,0.019423116803337498,-0.0831316884033999,-0.2642302625,0.12830354749999998,0.21143295523690772,-0.12526303362300986,0.6223037490220027,0.21755413062,-0.102243475,0.5547485999999999
2025-08-06,12.0,-1.8679669079999994,-2.1412044999999997,-1.4958680000000004,2.2244320064979597,1.9234970359974999,2.4959233649,-0.02125391384027604,-0.08286834849975,0.015096261401762488,-0.0831316884033999,-0.2642302625,0.12830354749999998,0.25207949625428383,-0.07691918421490485,0.6621051858616248,0.258998939272,-0.06258729499999999,0.5954214499999999
2025-08-07,12.0,-1.8679669079999994,-2.1412044999999997,-1.4958680000000004,2.213020232406419,1.91243430312,2.4829232335547498,-0.018359641812537894,-0.07361606011374999,0.010779576373845,-0.0831316884033999,-0.2642302625,0.12830354749999998,0.24356199419048236,-0.08610873809342519,0.6527035670565702,0.25090260750368,-0.07182732,0.5864818249999999
2025-08-08,12.0,-1.8679669079999994,-2.1412044999999997,-1.4958680000000004,2.28071503730648,1.9770901193575,2.5594937061525003,-0.01596157195050425,-0.065558075457,0.009058698985384995,-0.0831316884033999,-0.2642302625,0.12830354749999998,0.31365486895257566,-0.0058076160079325485,0.7220526046971151,0.32156689830000007,0.0033436022500000066,0.6546893749999994
2025-08-09,12.0,-1.8679669079999994,-2.1412044999999997,-1.4958680000000004,2.2690115678288794,1.9659979235975,2.546699656845,-0.01396016749262564,-0.059249576492547494,0.007814086169999991,-0.0831316884033999,-0.2642302625,0.12830354749999998,0.3039528039328544,-0.014958972783589916,0.7109889782767779,0.3120812999925,-0.009309686999999997,0.6456720249999998
2025-08-10,12.0,-1.8679669079999994,-2.1412044999999997,-1.4958680000000004,2.2573694977551604,1.954720525485,2.5331443628854995,-0.012278008037213798,-0.05580272063439,0.006441878745747499,-0.0831316884033999,-0.2642302625,0.12830354749999998,0.2939928933145461,-0.025136803525706106,0.6997326486323459,0.3022759788835,-0.0202593775,0.6362303499999997
2025-08-11,12.0,-1.8679669079999994,-2.1412044999999997,-1.4958680000000004,2.2457876456963204,1.9435189101175,2.5199597008284997,-0.010854724853304172,-0.051567989377555,0.0052825346431874965,-0.0831316884033999,-0.2642302625,0.12830354749999998,0.283834324439616,-0.03534626249126159,0.6884608358344486,0.29222730155,-0.032468492499999994,0.629551325
2025-08-12,12.0,-1.8679669079999994,-2.1412044999999997,-1.4958680000000004,2.3301296171055226,2.0201595235675,2.6139583366225,-0.009642955966736772,-0.0476661877204125,0.003996552916377491,-0.0831316884033999,-0.2642302625,0.12830354749999998,0.36938806473538327,0.05159769487149727,0.7727107186682924,0.378165085261,0.06322179500000001,0.7146793749999999
2025-08-13,12.0,-1.8679669079999994,-2.1412044999999997,-1.4958680000000004,2.3181711781459624,2.0097423254074998,2.6007738194025,-0.00860526010758103,-0.042937023188302496,0.0032162838884219926,-0.0831316884033999,-0.2642302625,0.12830354749999998,0.3584673216349793,0.04001648380916381,0.7610020903075186,0.367295228586,0.049859727500000006,0.7046581999999997
2025-08-14,12.0,-1.8679669079999994,-2.1412044999999997,-1.4958680000000004,2.3932020799068,2.0749951177375,2.6855900283694996,-0.007711811405323319,-0.0382268722694425,0.0026657041055489976,-0.0831316884033999,-0.2642302625,0.12830354749999998,0.4343916720980768,0.1173608019911834,0.8360543121994197,0.44354343022500003,0.131275475,0.7834960249999999
2025-08-15,12.0,-1.8679669079999994,-2.1412044999999997,-1.4958680000000004,2.380917660230623,2.0643014221475,2.67147589884,-0.006938650042187892,-0.034939155266437504,0.002213753575067999,-0.0831316884033999,-0.2642302625,0.12830354749999998,0.4228804137850322,0.10470603029225925,0.823990232894035,0.4320486586,0.117871825,0.7729221999999999
2025-08-16,12.0,-1.8679669079999994,-2.1412044999999997,-1.4958680000000004,2.403843044260997,2.0844588268875,2.69771138910125,-0.0062663918144089835,-0.03196594562175,0.001810569674420998,-0.0831316884033999,-0.2642302625,0.12830354749999998,0.44647805604319113,0.12818959412516331,0.847722711820009,0.45583656455,0.143495,0.7969661
2025-08-17,12.0,-1.8679669079999994,-2.1412044999999997,-1.4958680000000004,2.3915037496105214,2.0734892323775,2.6831835387819996,-0.005679244420915201,-0.0292485038116725,0.0014835132546849995,-0.0831316884033999,-0.2642302625,0.12830354749999998,0.43472590878620504,0.11533403634878847,0.8355765903680488,0.44408059467500005,0.132865875,0.7852462499999999
2025-08-18,12.0,-1.8679669079999994,-2.1412044999999997,-1.4958680000000004,2.3792277401162827,2.0627955367875,2.66898551698975,-0.02016266062879888,-0.0739807909207,0.018016262157199998,-0.0831316884033999,-0.2642302625,0.12830354749999998,0.4079664830840811,0.09358993736422247,0.8180623550670051,0.41506658336999996,0.0983452375,0.7490669749999993
2025-08-19,12.0,-1.8679669079999994,-2.1412044999999997,-1.4958680000000004,2.4599881199121807,2.1375534537825,2.7628675260759996,-0.01719921557856404,-0.0634778966977675,0.013379869801349996,-0.0831316884033999,-0.2642302625,0.12830354749999998,0.49169030793021645,0.17839847279986523,0.9009611084946947,0.49966371200000004,0.18679169999999998,0.842022525
2025-08-20,12.0,-1.8679669079999994,-2.1412044999999997,-1.4958680000000004,2.447358119858081,2.12528282034,2.7479849860684995,-0.014773445234257446,-0.05665112351426999,0.010388999499577488,-0.0831316884033999,-0.2642302625,0.12830354749999998,0.4814860782204225,0.16718748046709855,0.8899233693405371,0.48984701705,0.176079075,0.8358107249999999
2025-08-21,12.0,-1.8679669079999994,-2.1412044999999997,-1.4958680000000004,2.4829686894980214,2.1593894934174998,2.7902612973012495,-0.012776305082523778,-0.050113775275125,0.007356608891155,-0.0831316884033999,-0.2642302625,0.12830354749999998,0.5190937880120964,0.2005525644541223,0.9266074014101592,0.5279394649550001,0.213881175,0.8703380249999997
2025-08-22,12.0,-1.8679669079999994,-2.1412044999999997,-1.4958680000000004,2.4702200513508603,2.1469915887225,2.7752306693632494,-0.011120513526506032,-0.045312468026045,0.006228994349936999,-0.0831316884033999,-0.2642302625,0.12830354749999998,0.5080009414209542,0.19075499663213744,0.9143918922759035,0.517033647255,0.20228922500000002,0.8591290999999995
2025-08-23,12.0,-1.8679669079999994,-2.1412044999999997,-1.4958680000000004,2.5386751791761415,2.21227034695,2.855212720539249,-0.009737767648800029,-0.041165344803542496,0.005426851504302494,-0.0831316884033999,-0.2642302625,0.12830354749999998,0.5778388151239403,0.2538430041648862,0.9832253413114916,0.58728727685,0.271787675,0.929982125
2025-08-24,12.0,-1.8679669079999994,-2.1412044999999997,-1.4958680000000004,2.525638323638802,2.199573730055,2.8398839749704994,-0.008574904243553446,-0.03829450814124,0.004473972818595,-0.0831316884033999,-0.2642302625,0.12830354749999998,0.5659648229918467,0.24151161571799257,0.9705875118479957,0.57549996645,0.2611189,0.9164550249999998
2025-08-25,12.0,-1.8679669079999994,-2.1412044999999997,-1.4958680000000004,2.5126688481991604,2.1869365370325,2.824591891921,-0.007590443683791713,-0.035353369717912496,0.0036232574843924996,-0.0831316884033999,-0.2642302625,0.12830354749999998,0.5539798081119683,0.23108968825145298,0.957959807971614,0.5635713172505,0.249521925,0.9043545999999999
2025-08-26,12.0,-1.8679669079999994,-2.1412044999999997,-1.4958680000000004,2.4997666441129023,2.1743824455675003,2.8093729466764996,-0.0067518119750009705,-0.032427955312005,0.0027461691200074924,-0.0831316884033999,-0.2642302625,0.12830354749999998,0.5419162357344987,0.22060266605303105,0.9453620690664222,0.5515415055000001,0.236874975,0.8923628499999997
2025-08-27,12.0,-1.8679669079999994,-2.1412044999999997,-1.4958680000000004,2.4869316625802607,2.161894608645,2.7942399329779994,-0.006033249387672607,-0.029374989565882498,0.0022313267526659947,-0.0831316884033999,-0.2642302625,0.12830354749999998,0.5297998167891879,0.210076084940465,0.9327923488011632,0.5394416162800001,0.224276325,0.8795869749999998
2025-08-28,12.0,-1.8679669079999994,-2.1412044999999997,-1.4958680000000004,2.5514022848316813,2.223398265475,2.8695532413014995,-0.0054142154978929265,-0.026138910239429998,0.0018493461270989982,-0.0831316884033999,-0.2642302625,0.12830354749999998,0.5948894729303872,0.26893933152189253,0.9975114914885482,0.604814428,0.28911175,0.9432541999999992
2025-08-29,12.0,-1.8679669079999994,-2.1412044999999997,-1.4958680000000004,2.5383001862927603,2.2106353940375,2.8542399978069994,-0.004878207760835935,-0.0237107994341925,0.0015357732743519995,-0.0831316884033999,-0.2642302625,0.12830354749999998,0.5823233821285233,0.25615543252442396,0.9846591485463381,0.5922414923,0.276483875,0.9316959249999996
2025-08-30,12.0,-1.8679669079999994,-2.1412044999999997,-1.4958680000000004,2.5252660823340376,2.1979387771425003,2.8388676174749996,-0.0044118675749797946,-0.0216929445326625,0.001244820803736749,-0.0831316884033999,-0.2642302625,0.12830354749999998,0.5697556183556604,0.24525117287186127,0.9718579125511334,0.5796594299,0.264348575,0.919901175
2025-08-31,12.0,-1.8679669079999994,-2.1412044999999997,-1.4958680000000004,2.512298906393181,2.1853168382975,2.8235773646622495,-0.0040043054267784725,-0.0198485940850725,0.0010289379620574996,-0.0831316884033999,-0.2642302625,0.12830354749999998,0.5571960045630012,0.23434997376190544,0.9591078329975715,0.56708049217,0.250884775,0.9089919249999998
2025-09-01,12.0,-1.8679669079999994,-2.1412044999999997,-1.4958680000000004,2.499399494058799,2.1727695775024998,2.8083620798912494,-0.003646590488233009,-0.018192912574909997,0.0008359731241819999,-0.0831316884033999,-0.2642302625,0.12830354749999998,0.5446543071671669,0.22345566403261272,0.9464181114589044,0.55451453055,0.23801475,0.8967105249999997
2025-09-02,12.0,-1.8679669079999994,-2.1412044999999997,-1.4958680000000004,2.56420298834486,2.23458720071,2.8839164759104996,-0.003331351353731621,-0.016912600427809996,0.0006745440892814998,-0.0831316884033999,-0.2642302625,0.12830354749999998,0.6097730405877289,0.28271325700713146,1.011420551686104,0.61988587315,0.305620475,0.9614463999999998
2025-09-03,12.0,-1.8679669079999994,-2.1412044999999997,-1.4958680000000004,2.5510348646235235,2.2217564818925,2.8685914851709993,-0.0030524659867273893,-0.015723331944349998,0.0005390086200974996,-0.0831316884033999,-0.2642302625,0.12830354749999998,0.596883802233393,0.26949581048199817,0.9984695891984011,0.60696531235,0.291601675,0.949874975
2025-09-04,12.0,-1.8679669079999994,-2.1412044999999997,-1.4958680000000004,2.6165714918748404,2.2842630545650002,2.9377252856362497,-0.0028048318461109177,-0.014618506502685,0.00043122195226949955,-0.0831316884033999,-0.2642302625,0.12830354749999998,0.6626680636253293,0.3372118265420063,1.0663290393335958,0.673000832,0.35659702499999996,1.0152817499999998
2025-09-05,12.0,-1.8679669079999994,-2.1412044999999997,-1.4958680000000004,2.6031329386676187,2.271155708395,2.9249831299864995,-0.002584169864625511,-0.013592124460264999,0.00035889952144649995,-0.0831316884033999,-0.2642302625,0.12830354749999998,0.6494501723995949,0.32382377863008766,1.0520671731569053,0.65974614965,0.344672725,1.00223825
2025-09-06,12.0,-1.8679669079999994,-2.1412044999999997,-1.4958680000000004,2.6612955080454404,2.326660095145,2.9857645360877503,-0.0023868746451112316,-0.012617591757595,0.0003000999507299995,-0.0831316884033999,-0.2642302625,0.12830354749999998,0.7078100369969282,0.37849403206944476,1.1148603441300964,0.7183400045000001,0.402894825,1.0614714999999995
2025-09-07,12.0,-1.8679669079999994,-2.1412044999999997,-1.4958680000000004,2.647625163879559,2.3132982064700003,2.9699772339974997,-0.0022098978422124987,-0.011604445820005,0.0002540571942797493,-0.0831316884033999,-0.2642302625,0.12830354749999998,0.6943166696339474,0.36596279259655545,1.1002132459593363,0.7048067175,0.38874569999999997,1.0491512499999995
2025-09-08,12.0,-1.8679669079999994,-2.1412044999999997,-1.4958680000000004,2.6340261275725374,2.3000194193525,2.9570159722719995,-0.002050650291359451,-0.010674904799655001,0.00021694542067842432,-0.0831316884033999,-0.2642302625,0.12830354749999998,0.6808768808777805,0.3534817279601198,1.0856414912546655,0.6913256379999999,0.37397610000000003,1.0367695
2025-09-09,12.0,-1.8679669079999994,-2.1412044999999997,-1.4958680000000004,2.6950990982700422,2.3582386716625,3.0245116860835,-0.0019069240344407163,-0.009821438855504998,0.00018582927115682438,-0.0831316884033999,-0.2642302625,0.12830354749999998,0.7420935778321998,0.4104219886238393,1.15114659300238,0.7527806060000001,0.4382718,1.0959027499999998
2025-09-10,12.0,-1.8679669079999994,-2.1412044999999997,-1.4958680000000004,2.6812541830273413,2.344733180055,3.0085063917494996,-0.0017768312776232813,-0.009036312871709999,0.0001591829943566244,-0.0831316884033999,-0.2642302625,0.12830354749999998,0.7283787553463167,0.3976932158930675,1.1368797716637462,0.7390223135000001,0.42394112500000003,1.08465075
2025-09-11,12.0,-1.8679669079999994,-2.1412044999999997,-1.4958680000000004,2.7299323630467813,2.3910899166925,3.0622043599890003,-0.0016587513936469032,-0.00831405166182,0.00013636414905309944,-0.0831316884033999,-0.2642302625,0.12830354749999998,0.7771750152497331,0.44283099387406355,1.188828764272547,0.7880306715,0.472304,1.1289157499999998
2025-09-12,12.0,-1.8679669079999994,-2.1412044999999997,-1.4958680000000004,2.715907506376059,2.3773986212100002,3.04821519468,-0.0015512880933748869,-0.007649620150304999,0.00011682184413232449,-0.0831316884033999,-0.2642302625,0.12830354749999998,0.7632576218792844,0.42992399875532705,1.1741689826931194,0.7740675260000001,0.45865269999999997,1.1154099999999998
2025-09-13,12.0,-1.8679669079999994,-2.1412044999999997,-1.4958680000000004,2.810507698969382,2.4612250382674996,3.1447334572237495,-0.0014532333644777067,-0.00703837359822,0.00010008485306022454,-0.0831316884033999,-0.2642302625,0.12830354749999998,0.8579558692015025,0.5206495604639759,1.274815181661565,0.8690758559999999,0.5474601,1.2088452499999995
2025-09-14,12.0,-1.8679669079999994,-2.1412044999999997,-1.4958680000000004,2.7960663909344152,2.449171891445,3.1314735040049997,-0.0013635450224476647,-0.00647604451278,8.574975155289957e-05,-0.0831316884033999,-0.2642302625,0.12830354749999998,0.8436042495085719,0.5064147527867855,1.259308230574892,0.8546761690000001,0.5342918999999999,1.1944892499999993
2025-09-15,12.0,-1.8679669079999994,-2.1412044999999997,-1.4958680000000004,2.781700149243003,2.4371626957875,3.1170791580975,-0.0012813129283780144,-0.005958711195779999,7.248751320289966e-05,-0.0831316884033999,-0.2642302625,0.12830354749999998,0.8293202399112217,0.4922427602254478,1.2436137961409501,0.8403436584999999,0.52216025,1.1801557499999995
2025-09-16,12.0,-1.8679669079999994,-2.1412044999999997,-1.4958680000000004,2.7674077462749604,2.4250793532275,3.10275173543175,-0.0012057430406468138,-0.0054827872789349995,5.973670165069979e-05,-0.0831316884033999,-0.2642302625,0.12830354749999998,0.8151034068309131,0.4787258537808516,1.2281499894743801,0.826078782,0.509634775,1.1661549999999994
2025-09-17,12.0,-1.8679669079999994,-2.1412044999999997,-1.4958680000000004,2.7531901551807194,2.4112832976075,3.0884928979582504,-0.001136146467741018,-0.005044924781774999,4.926442447007489e-05,-0.0831316884033999,-0.2642302625,0.12830354749999998,0.8009554123095786,0.46569786044154166,1.2145378606737283,0.8118818449999999,0.496487,1.1521949999999996
2025-09-18,12.0,-1.8679669079999994,-2.1412044999999997,-1.4958680000000004,2.7390457229503817,2.3974805197999998,3.07419638091125,-0.001071915428274865,-0.004642090095629999,4.065752442287496e-05,-0.0831316884033999,-0.2642302625,0.12830354749999998,0.7868752111187056,0.4526836436092157,1.199723747116586,0.797753158,0.48216475,1.1397869999999999
2025-09-19,12.0,-1.8679669079999994,-2.1412044999999997,-1.4958680000000004,2.7249756797727374,2.38374275335,3.0579267023745,-0.0010125166351748025,-0.004271472283454999,3.3588970115825e-05,-0.0831316884033999,-0.2642302625,0.12830354749999998,0.7728645667341656,0.4396885142882484,1.1849869204301007,0.7836927539999999,0.466721075,1.12727125
2025-09-20,12.0,-1.8679669079999994,-2.1412044999999997,-1.4958680000000004,2.77835662823086,2.43439347171,3.1156471653665,-0.0009574792272384052,-0.003930493563689999,2.7836612712149957e-05,-0.0831316884033999,-0.2642302625,0.12830354749999998,0.8263005526002206,0.48902267575777497,1.2407633623889385,0.837349315,0.5192869,1.1784587499999994
2025-09-21,12.0,-1.8679669079999994,-2.1412044999999997,-1.4958680000000004,2.7640828211925794,2.4206294325075004,3.1013289262900003,-0.000906392346262665,-0.0036167831102099993,2.3735468306234973e-05,-0.0831316884033999,-0.2642302625,0.12830354749999998,0.8120778324429174,0.47593104835398914,1.2270778330421535,0.8230761349999999,0.506709125,1.1642047499999997
2025-09-22,12.0,-1.8679669079999994,-2.1412044999999997,-1.4958680000000004,2.749882964103759,2.4067585132800002,3.0865631681027503,-0.0008588872618912957,-0.0033281508618749995,2.0597788065434994e-05,-0.0831316884033999,-0.2642302625,0.12830354749999998,0.7979254804384682,0.4629075539930193,1.2121963303214573,0.8088733735000001,0.4916142,1.1510935
2025-09-23,12.0,-1.8679669079999994,-2.1412044999999997,-1.4958680000000004,2.735756713316358,2.392977405925,3.07022752332125,-0.0008146383046601117,-0.0030625901290949995,1.7915267001154984e-05,-0.0831316884033999,-0.2642302625,0.12830354749999998,0.7838434786082997,0.4498636621435878,1.197385364995188,0.7947408539999999,0.47619765,1.13843275
2025-09-24,12.0,-1.8679669079999994,-2.1412044999999997,-1.4958680000000004,2.7217037615329014,2.37927062012,3.05398253072375,-0.0007733577575997851,-0.0028182474810524993,1.5596863145857473e-05,-0.0831316884033999,-0.2642302625,0.12830354749999998,0.7698318073718997,0.436872384344388,1.1826249811090492,0.7806787420000001,0.462786675,1.12685725
2025-09-25,12.0,-1.8679669079999994,-2.1412044999999997,-1.4958680000000004,2.7077235206761783,2.365644335995,3.0393490327235,-0.07415568554096652,-0.26033217147314996,0.08647557102607493,-0.0831316884033999,-0.2642302625,0.12830354749999998,0.6824692387318135,0.32124848698329983,1.0782079316886246,0.6821824744,0.337537725,1.0395137499999993
2025-09-26,12.0,-1.8679669079999994,-2.1412044999999997,-1.4958680000000004,2.6938158261867393,2.3520822148875,3.0261675492884996,-0.14656360318193928,-0.5156938218179999,0.16500634391564986,-0.0831316884033999,-0.2642302625,0.12830354749999998,0.5961536266014,0.11361059300780015,1.0369698179727873,0.5855384754805,0.1372356,1.0024417499999994
2025-09-27,12.0,-1.8679669079999994,-2.1412044999999997,-1.4958680000000004,2.679980346538499,2.3385709701125,3.013051703051999,-0.12213927400835083,-0.44652101941649996,0.12089038240717499,-0.0831316884033999,-0.2642302625,0.12830354749999998,0.6067424761267488,0.16594600659527486,1.02173006300375,0.601561639595,0.19534452500000002,0.9963224749999996
2025-09-28,12.0,-1.8679669079999994,-2.1412044999999997,-1.4958680000000004,2.666216776563481,2.3251428268949996,2.9978025083957496,-0.10243183149574371,-0.388944477648,0.09572219412797496,-0.0831316884033999,-0.2642302625,0.12830354749999998,0.6126863486643361,0.20328607520425016,1.0251722230906373,0.6113197231499999,0.245724175,0.9887346749999999
2025-09-29,12.0,-1.8679669079999994,-2.1412044999999997,-1.4958680000000004,2.652524137991341,2.3117961923975,2.98240308628625,-0.0864471102453502,-0.34006559456805,0.06541071409629995,-0.0831316884033999,-0.2642302625,0.12830354749999998,0.6149784313425898,0.2206035896378248,1.0228396655096748,0.6163488672999999,0.2655075,0.9784460749999999
2025-09-30,12.0,-1.8679669079999994,-2.1412044999999997,-1.4958680000000004,2.6389024483155015,2.29852423595,2.9670732051884996,-0.07339711020361064,-0.297482224655,0.0501510253488875,-0.0831316884033999,-0.2642302625,0.12830354749999998,0.6144067417084897,0.23922972106399493,1.0212524751121252,0.61777104315,0.281021675,0.9783490749999998
2025-10-01,12.0,-1.8679669079999994,-2.1412044999999997,-1.4958680000000004,2.6253516721439,2.2853269575525,2.9518320785959995,-0.06267045889715527,-0.26073537886077497,0.04004733514899999,-0.0831316884033999,-0.2642302625,0.12830354749999998,0.6115826168433449,0.2545468603523128,1.0159952191991204,0.61641489875,0.28092692500000005,0.9706748749999997
2025-10-02,12.0,-1.8679669079999994,-2.1412044999999997,-1.4958680000000004,2.6744741649103587,2.33226137865,3.0068450139364997,-0.05379502741173728,-0.2367297803409,0.034509050128824915,-0.0831316884033999,-0.2642302625,0.12830354749999998,0.669580541095223,0.3179917495564748,1.0735520787662802,0.6757570442349999,0.342488875,1.0324672499999998
2025-10-03,12.0,-1.8679669079999994,-2.1412044999999997,-1.4958680000000004,2.660739833672522,2.3188705744575,2.99139846921925,-0.04640524889045759,-0.20980496379675,0.029051164654374878,-0.0831316884033999,-0.2642302625,0.12830354749999998,0.6632359883786624,0.3176501144181998,1.0709558638259955,0.6702250798,0.33950945,1.0218595
2025-10-04,12.0,-1.8679669079999994,-2.1412044999999997,-1.4958680000000004,2.705862048601377,2.3619610892825,3.041884924792,-0.04021644583072905,-0.18239480406975,0.02288459452891994,-0.0831316884033999,-0.2642302625,0.12830354749999998,0.7145470063672513,0.37231366287496986,1.1297647483766649,0.7223946191,0.38941415,1.07466575
2025-10-05,12.0,-1.8679669079999994,-2.1412044999999997,-1.4958680000000004,2.6919649870692606,2.34843079716,3.0262535501172496,-0.035005198901333856,-0.1640930155275,0.018642361591949933,-0.0831316884033999,-0.2642302625,0.12830354749999998,0.705861191764527,0.3649888630624501,1.1252453884565252,0.71416761005,0.38714952500000005,1.0616637499999997
2025-10-06,12.0,-1.8679669079999994,-2.1412044999999997,-1.4958680000000004,2.678140114532702,2.33496482775,3.0107090997109998,-0.030594912782731513,-0.1468985198781,0.015977534996699943,-0.0831316884033999,-0.2642302625,0.12830354749999998,0.6964466053465692,0.35683889361336724,1.1170684171819876,0.7050994370000001,0.3780772,1.0501414999999996
2025-10-07,12.0,-1.8679669079999994,-2.1412044999999997,-1.4958680000000004,2.6643869087727405,2.3215587693799997,2.9952419668265,-0.026844891942522684,-0.13039574621339997,0.013232232568709973,-0.0831316884033999,-0.2642302625,0.12830354749999998,0.6864434204268176,0.34735982705991,1.1048940202966575,0.6953585905,0.368051675,1.0401609999999994
2025-10-08,12.0,-1.8679669079999994,-2.1412044999999997,-1.4958680000000004,2.6507047511223987,2.30822738906,2.9798558119372496,-0.02364224220476141,-0.11659762513024999,0.010969348158419993,-0.0831316884033999,-0.2642302625,0.12830354749999998,0.6759639125142392,0.33810021302624993,1.09206133490979,0.685078094,0.35504765,1.0279954999999987
2025-10-09,12.0,-1.8679669079999994,-2.1412044999999997,-1.4958680000000004,2.637093476462042,2.29497068679,2.9645488048064994,-0.02089574886811882,-0.10620268956015001,0.008786423655764992,-0.0831316884033999,-0.2642302625,0.12830354749999998,0.6650991311905218,0.3330373067223751,1.0788016880990463,0.674364151,0.344123075,1.0218694999999998
2025-10-10,12.0,-1.8679669079999994,-2.1412044999999997,-1.4958680000000004,2.6235533404028795,2.2818039167475,2.9493113386874996,-0.018531240290663515,-0.0963468422189,0.0070958908817849945,-0.0831316884033999,-0.2642302625,0.12830354749999998,0.6539235037088166,0.325936300715225,1.0652314756871615,0.6633019376,0.335018325,1.0100554999999993
2025-10-11,12.0,-1.8679669079999994,-2.1412044999999997,-1.4958680000000004,2.610082693624261,2.2686965705774997,2.9338981298869995,-0.01648807608332081,-0.08752324172515001,0.005971893980148499,-0.0831316884033999,-0.2642302625,0.12830354749999998,0.6424960211375397,0.3170267731541815,1.0515297742634193,0.6519602831499999,0.330697075,0.9998589499999998
2025-10-12,12.0,-1.8679669079999994,-2.1412044999999997,-1.4958680000000004,2.5966822332685613,2.2556707331275003,2.9182447439132493,-0.014716376737264785,-0.07984392167019999,0.004871391445844999,-0.0831316884033999,-0.2642302625,0.12830354749999998,0.6308672601278957,0.30736904631139117,1.0377223010452017,0.6403950659,0.317771975,0.9917500499999997
2025-10-13,12.0,-1.8679669079999994,-2.1412044999999997,-1.4958680000000004,2.5833513004400426,2.242721166565,2.9026754747362493,-0.013174933410809197,-0.074486380475405,0.0039468203834945,-0.0831316884033999,-0.2642302625,0.12830354749999998,0.619077770625831,0.2976456967877742,1.0256746987346528,0.6286519528,0.30893712500000003,0.9811733499999997
2025-10-14,12.0,-1.8679669079999994,-2.1412044999999997,-1.4958680000000004,2.5700893604454818,2.229844685215,2.887183016227749,-0.011829483526544995,-0.0693054852253,0.003181871747487497,-0.0831316884033999,-0.2642302625,0.12830354749999998,0.6071612805155355,0.28661431144960087,1.013943374469619,0.6167684440000001,0.297409175,0.968418625
2025-10-15,12.0,-1.8679669079999994,-2.1412044999999997,-1.4958680000000004,2.5568958349055184,2.217042881915,2.8717746745159998,-0.010651488880967624,-0.0646186938273,0.0025589181116499973,-0.0831316884033999,-0.2642302625,0.12830354749999998,0.5951457496211522,0.273254000912761,1.0022493566951436,0.6047755133999999,0.286256675,0.9534523499999995
2025-10-16,12.0,-1.8679669079999994,-2.1412044999999997,-1.4958680000000004,2.6447939024575615,2.30079735284,2.9732169271224995,-0.01753046787517554,-0.0753800196674,0.011783485320224975,-0.0831316884033999,-0.2642302625,0.12830354749999998,0.6761648381789848,0.3495663044639059,1.0821901358451977,0.6849848245000001,0.36312439999999996,1.0335887499999996
2025-10-17,12.0,-1.8679669079999994,-2.1412044999999997,-1.4958680000000004,2.6312140635058205,2.287584820265,2.957656160324249,-0.015313464442640276,-0.06943727331396,0.00817003832001,-0.0831316884033999,-0.2642302625,0.12830354749999998,0.6648020026597797,0.3382564280541648,1.0706202009885897,0.673922375,0.35210285,1.0238492499999998
2025-10-18,12.0,-1.8679669079999994,-2.1412044999999997,-1.4958680000000004,2.6997601798288975,2.35296763138,3.034918427599,-0.02750201559810335,-0.10547190004434999,0.022546966442637498,-0.0831316884033999,-0.2642302625,0.12830354749999998,0.7211595678273961,0.39380017280447493,1.129841466867575,0.7286763549999999,0.400884275,1.0771569999999997
2025-10-19,12.0,-1.8679669079999994,-2.1412044999999997,-1.4958680000000004,2.6858962539714217,2.3394648101125,3.0193245687852497,-0.03751218726757422,-0.1394095153554,0.03393276147204999,-0.0831316884033999,-0.2642302625,0.12830354749999998,0.6972854703004456,0.36107609895922,1.1057343057950497,0.7033405095999999,0.379643625,1.0529484999999998
2025-10-20,12.0,-1.8679669079999994,-2.1412044999999997,-1.4958680000000004,2.6721040869083814,2.3260282433875,3.0038158040032497,-0.031915829124131954,-0.120986317842,0.025008733492299998,-0.0831316884033999,-0.2642302625,0.12830354749999998,0.6890896613808485,0.3542018785287851,1.101899315746812,0.6961871549,0.371040175,1.0438635
2025-10-21,12.0,-1.8679669079999994,-2.1412044999999997,-1.4958680000000004,2.773272882826579,2.4223353678575004,3.1162691162359994,-0.027334500675172884,-0.10907515235469999,0.018522509420939987,-0.0831316884033999,-0.2642302625,0.12830354749999998,0.794839785748007,0.46143349593844685,1.2026559470082,0.803038935,0.47822415,1.153077
2025-10-22,12.0,-1.8679669079999994,-2.1412044999999997,-1.4958680000000004,2.7590289840128364,2.4084644486299998,3.10166967988925,-0.023561001159633155,-0.0974668248995,0.013672143696677484,-0.0831316884033999,-0.2642302625,0.12830354749999998,0.7843693864498071,0.4547361900917831,1.19805388928758,0.7930925234999999,0.466234125,1.1426077499999998
2025-10-23,12.0,-1.8679669079999994,-2.1412044999999997,-1.4958680000000004,2.744858701997322,2.3946255816399997,3.0857345258377498,-0.020431214081440167,-0.088203550491,0.011857034434849999,-0.0831316884033999,-0.2642302625,0.12830354749999998,0.7733288915124796,0.4470222097930473,1.187331161768768,0.7824314415,0.455763125,1.1309479999999998
2025-10-24,12.0,-1.8679669079999994,-2.1412044999999997,-1.4958680000000004,2.730761863569981,2.380883472045,3.0698862960547495,-0.017817105879836,-0.0777987932232,0.01030974276733499,-0.0831316884033999,-0.2642302625,0.12830354749999998,0.7618461612867452,0.4373480500105656,1.1754943458033453,0.771224612,0.44793195,1.1172982499999997
2025-10-25,12.0,-1.8679669079999994,-2.1412044999999997,-1.4958680000000004,2.7167387402078207,2.3672144476625,3.0541112677569995,-0.01561904819206865,-0.06890043996605,0.0085011415753425,-0.0831316884033999,-0.2642302625,0.12830354749999998,0.7500210956123506,0.4250860139604097,1.1628629147449125,0.75959966,0.434687225,1.1068075
2025-10-26,12.0,-1.8679669079999994,-2.1412044999999997,-1.4958680000000004,2.7027877423931406,2.3536201013299998,3.03842316372775,-0.013759161122805912,-0.06404176835601,0.006688353561017493,-0.0831316884033999,-0.2642302625,0.12830354749999998,0.7379299848669342,0.4108118314374613,1.1496105228139353,0.7476538585000001,0.424175925,1.0945489999999996
2025-10-27,12.0,-1.8679669079999994,-2.1412044999999997,-1.4958680000000004,2.688909005971558,2.340108856555,3.0228142074569995,-0.012176172836344189,-0.060407376784085004,0.005139859946912983,-0.0831316884033999,-0.2642302625,0.12830354749999998,0.7256342367318157,0.39652956439095494,1.135932598303563,0.7354622235,0.41330409999999995,1.0827607499999998
2025-10-28,12.0,-1.8679669079999994,-2.1412044999999997,-1.4958680000000004,2.6751024918662,2.32667228983,3.00711436183975,-0.0108214921071501,-0.056483166064862506,0.004256928019898991,-0.0831316884033999,-0.2642302625,0.12830354749999998,0.7131824033556499,0.38214877277502257,1.1219784824386743,0.7230832485,0.39896709999999996,1.0724792499999998
2025-10-29,12.0,-1.8679669079999994,-2.1412044999999997,-1.4958680000000004,2.6613673281313375,2.313310401155,2.9910696460327495,-0.027790632789531262,-0.10334489389997499,0.023680002549037495,-0.0831316884033999,-0.2642302625,0.12830354749999998,0.6824780989384086,0.35577823820120746,1.0964075374368747,0.68972450335,0.36357732499999995,1.0383927499999999
2025-10-30,12.0,-1.8679669079999994,-2.1412044999999997,-1.4958680000000004,2.6477035069830817,2.3000300212,2.9751090470224995,-0.02375217053524494,-0.091329080514,0.01757951407013749,-0.0831316884033999,-0.2642302625,0.12830354749999998,0.672852740044435,0.34740509098563754,1.0858149416603997,0.6808287967500001,0.35734055000000003,1.0301919999999998
2025-10-31,12.0,-1.8679669079999994,-2.1412044999999997,-1.4958680000000004,2.6341105885453997,2.286824319295,2.95923439504575,-0.020431656612512106,-0.08298702127499999,0.01335108296086499,-0.0831316884033999,-0.2642302625,0.12830354749999998,0.6625803355294883,0.34039054848694733,1.0749303404915502,0.6710642587499999,0.34790875000000004,1.02172325
2025-11-01,12.0,-1.8679669079999994,-2.1412044999999997,-1.4958680000000004,2.620587637263581,2.27368646477,2.9434438598657495,-0.01768587305677485,-0.07469020649790001,0.010134460310247492,-0.0831316884033999,-0.2642302625,0.12830354749999998,0.6518031678034053,0.3311422034588776,1.06379359411351,0.6606471606000001,0.337848425,1.0114167499999998
2025-11-02,12.0,-1.8679669079999994,-2.1412044999999997,-1.4958680000000004,2.607135285823841,2.2606385424725,2.9276461697942495,-0.015400075672279584,-0.065874729088,0.009002797695179988,-0.0831316884033999,-0.2642302625,0.12830354749999998,0.640636613748161,0.3197380285339851,1.0524756404261153,0.64973731455,0.32723575,1.00376425
2025-11-03,12.0,-1.8679669079999994,-2.1412044999999997,-1.4958680000000004,2.5937520765796576,2.2487508623675,2.911875066371249,-0.013484178756146282,-0.0584494242394525,0.007431107708569998,-0.0831316884033999,-0.2642302625,0.12830354749999998,0.6291693014201136,0.30679870966731476,1.0410835192480128,0.6384539938,0.3170791,0.9927903499999998
2025-11-04,12.0,-1.8679669079999994,-2.1412044999999997,-1.4958680000000004,2.6595069042789596,2.31040114288,2.9884181885639998,-0.011867719815004577,-0.0548542244530925,0.006140711539387495,-0.0831316884033999,-0.2642302625,0.12830354749999998,0.6965405880605557,0.3692152460951004,1.10507636284375,0.706243423,0.38245775,1.05686625
2025-11-05,12.0,-1.8679669079999994,-2.1412044999999997,-1.4958680000000004,2.64585311529376,2.2971360171025,2.9724722166289994,-0.010495418053546555,-0.05174241530395,0.004687821326172493,-0.0831316884033999,-0.2642302625,0.12830354749999998,0.6842591008368142,0.3589657773282849,1.0948268710378426,0.6940521825,0.37035525,1.0434272499999993
2025-11-06,12.0,-1.8679669079999994,-2.1412044999999997,-1.4958680000000004,2.762090442161119,2.407795693105,3.10515649735075,-0.009323648857023595,-0.04776020511102,0.0037094536910039907,-0.0831316884033999,-0.2642302625,0.12830354749999998,0.8016681969006964,0.4709390839102684,1.2114422749576927,0.811920548,0.48596705,1.1586459999999992
2025-11-07,12.0,-1.8679669079999994,-2.1412044999999997,-1.4958680000000004,2.747905849529939,2.3939704819525,3.0892099063157494,-0.00831769506339601,-0.0433510287102375,0.003074122200176997,-0.0831316884033999,-0.2642302625,0.12830354749999998,0.7884895580631439,0.45886803820095823,1.1998572318247882,0.7987797215000001,0.473363625,1.1455934999999993
2025-11-08,12.0,-1.8679669079999994,-2.1412044999999997,-1.4958680000000004,2.733795365424998,2.38022677952,3.0733346865292495,-0.007449747033801212,-0.0388066083064225,0.002551786300745999,-0.0831316884033999,-0.2642302625,0.12830354749999998,0.775247021987799,0.4441488788327804,1.186939820731335,0.785557875,0.4601421,1.1353759999999997
2025-11-09,12.0,-1.8679669079999994,-2.1412044999999997,-1.4958680000000004,2.719757566368219,2.3665577551375,3.0573441823262493,-0.006697336293899821,-0.03548913335139,0.002064847352791499,-0.0831316884033999,-0.2642302625,0.12830354749999998,0.7619616336709196,0.4294255806428718,1.1721300121877776,0.7722809270000001,0.4472168,1.12425975
2025-11-10,12.0,-1.8679669079999994,-2.1412044999999997,-1.4958680000000004,2.705792388186239,2.352970239475,3.041026998343499,-0.006042199646091966,-0.0324694907218875,0.0017058744936749987,-0.0831316884033999,-0.2642302625,0.12830354749999998,0.7486515921367485,0.41474913767700433,1.1578855950218567,0.7589696285,0.43401937500000004,1.1100317499999999
2025-11-11,12.0,-1.8679669079999994,-2.1412044999999997,-1.4958680000000004,2.691900363998062,2.33946582537,3.0248048977592497,-0.005469376995099961,-0.029709562339529996,0.0013969356937479998,-0.0831316884033999,-0.2642302625,0.12830354749999998,0.7353323905995602,0.40187878259049825,1.1476907670387562,0.7456408484999999,0.42156645000000004,1.0959587499999999
2025-11-12,12.0,-1.8679669079999994,-2.1412044999999997,-1.4958680000000004,2.6780793920133807,2.3260276658075,3.0086596078434993,-0.004966545622386484,-0.027186549385327496,0.0011348362359839999,-0.0831316884033999,-0.2642302625,0.12830354749999998,0.7220142499875932,0.39107634892703746,1.1384629399943997,0.7323080415,0.409308725,1.0828504999999997
2025-11-13,12.0,-1.8679669079999994,-2.1412044999999997,-1.4958680000000004,2.7539377261534193,2.3983568839675,3.0959080941679997,-0.004523493177531667,-0.025086530242019997,0.0009063362648474997,-0.0831316884033999,-0.2642302625,0.12830354749999998,0.7983156365724883,0.46862802812225607,1.2113571728086479,0.808903578,0.485287025,1.1603109999999999
2025-11-14,12.0,-1.8679669079999994,-2.1412044999999997,-1.4958680000000004,2.739796438428281,2.3845910966875,3.08000084923075,-0.004131716474781829,-0.02332034392343,0.0007240984287522494,-0.0831316884033999,-0.2642302625,0.12830354749999998,0.7845661255500979,0.45304670187109997,1.1993180461178257,0.7951290445,0.47233529999999996,1.1456307499999996
2025-11-15,12.0,-1.8679669079999994,-2.1412044999999997,-1.4958680000000004,2.8255673403595374,2.46633223106,3.176441118747,-0.0037840954315883422,-0.02167986610652,0.0005966390868765,-0.0831316884033999,-0.2642302625,0.12830354749999998,0.8706846485245517,0.5366429577579451,1.2948133746770047,0.881558443,0.5551326,1.2343597499999999
2025-11-16,12.0,-1.8679669079999994,-2.1412044999999997,-1.4958680000000004,2.811055728652622,2.452169375845,3.1601266980337495,-0.003474638005478086,-0.02015587198031,0.0004988002344914992,-0.0831316884033999,-0.2642302625,0.12830354749999998,0.8564824942437418,0.5234624992430933,1.2780434503303335,0.8673241155000001,0.542051975,1.2181972499999998
2025-11-17,12.0,-1.8679669079999994,-2.1412044999999997,-1.4958680000000004,2.7966188339815594,2.4380896221875,3.143891425078999,-0.031831040925988506,-0.127238560473,0.033620398497239974,-0.0831316884033999,-0.2642302625,0.12830354749999998,0.8136891966521722,0.4789843976502999,1.214858420896475,0.820184118,0.49261525,1.1756192499999998
2025-11-18,12.0,-1.8679669079999994,-2.1412044999999997,-1.4958680000000004,2.8780454005193605,2.515677663715,3.2326332650009997,-0.026776595233494346,-0.10615608944937499,0.024449262524039995,-0.0831316884033999,-0.2642302625,0.12830354749999998,0.9001702088824655,0.5665299546377919,1.3071288973151,0.908081728,0.5805005750000001,1.263777
2025-11-19,12.0,-1.8679669079999994,-2.1412044999999997,-1.4958680000000004,2.863262118733538,2.5012548508475003,3.2186170516774992,-0.022678212626098083,-0.08586135227655001,0.019195102967474998,-0.0831316884033999,-0.2642302625,0.12830354749999998,0.8894853097040424,0.5581844160030034,1.2965376903418175,0.898143739,0.571874675,1.2501039999999994
2025-11-20,12.0,-1.8679669079999994,-2.1412044999999997,-1.4958680000000004,2.8485555610704427,2.4868984698374996,3.2022531427242495,-0.01933745526040022,-0.07400968985059998,0.013852999865467496,-0.0831316884033999,-0.2642302625,0.12830354749999998,0.8781195094066395,0.5469760855326339,1.2889971210799904,0.8873023974999998,0.5587169750000001,1.2416375
2025-11-21,12.0,-1.8679669079999994,-2.1412044999999997,-1.4958680000000004,2.833925778271657,2.4726167668775,3.185802844898,-0.0165958419488001,-0.06516822278895,0.010339626954657493,-0.0831316884033999,-0.2642302625,0.12830354749999998,0.8662313399194601,0.53539932582503,1.2821968200104679,0.8757854675000001,0.549681225,1.2295284999999998
2025-11-22,12.0,-1.8679669079999994,-2.1412044999999997,-1.4958680000000004,2.86566169564978,2.503010019695,3.2211081720212498,-0.03992558885597691,-0.16169717590514998,0.03755188825499999,-0.0831316884033999,-0.2642302625,0.12830354749999998,0.8746375103904033,0.5245797424048224,1.2762666890916499,0.8808409205,0.553069625,1.2410677499999998
2025-11-23,12.0,-1.8679669079999994,-2.1412044999999997,-1.4958680000000004,2.8509435743024785,2.4886745507825,3.2045599685059996,-0.03373381284579354,-0.130908930699525,0.029105438072889987,-0.0831316884033999,-0.2642302625,0.12830354749999998,0.8661111650532879,0.51685945231372,1.2683144432347502,0.8734949765,0.549758675,1.2312427499999998
2025-11-24,12.0,-1.8679669079999994,-2.1412044999999997,-1.4958680000000004,2.8363013489003386,2.4744063432875,3.1880927429859995,-0.02868327091821256,-0.1112501580554,0.021017020773580003,-0.0831316884033999,-0.2642302625,0.12830354749999998,0.8565194815787277,0.5100996591396496,1.2600637366309602,0.8647313265000001,0.541421575,1.21917775
2025-11-25,12.0,-1.8679669079999994,-2.1412044999999997,-1.4958680000000004,2.980546346487377,2.6114820511625,3.3450658569145,-0.02454029854970162,-0.0987210111258,0.015343616639495001,-0.0831316884033999,-0.2642302625,0.12830354749999998,1.0049074515342777,0.6570636794698698,1.4296250755093824,1.0141782215,0.682438575,1.3647537499999998
2025-11-26,12.0,-1.8679669079999994,-2.1412044999999997,-1.4958680000000004,2.9652333263781174,2.596527209335,3.3276455266345,-0.021119536183705993,-0.0876117364668,0.013028865677749966,-0.0831316884033999,-0.2642302625,0.12830354749999998,0.9930151937910141,0.6488185000449177,1.4172348270699748,1.002708938,0.671600975,1.3534204999999995
2025-11-27,12.0,-1.8679669079999994,-2.1412044999999997,-1.4958680000000004,3.020157341588079,2.6458726058725,3.3867168443330002,-0.018276297722431535,-0.077989859077125,0.01079362566637496,-0.0831316884033999,-0.2642302625,0.12830354749999998,1.0507824474622485,0.7019393446044476,1.4794741130998796,1.06106632,0.7281264,1.4137194999999996
2025-11-28,12.0,-1.8679669079999994,-2.1412044999999997,-1.4958680000000004,3.0046405632900184,2.6327696644475,3.3711624623550005,-0.015897911929948876,-0.0701706851505,0.009401118464009978,-0.0831316884033999,-0.2642302625,0.12830354749999998,1.0376440549566721,0.6902512344523092,1.4658596599616776,1.0481448725,0.7174596,1.3981469999999991
2025-11-29,12.0,-1.8679669079999994,-2.1412044999999997,-1.4958680000000004,2.9892036653996765,2.6185673189325,3.3552552641725,-0.01389635977102652,-0.06444270845915,0.007727803626294986,-0.0831316884033999,-0.2642302625,0.12830354749999998,1.0242087092252523,0.6784591535133189,1.4517623745173247,1.034864094,0.704349025,1.3842314999999996
2025-11-30,12.0,-1.8679669079999994,-2.1412044999999997,-1.4958680000000004,2.9738465249992205,2.6035691361999995,3.337492993944,-0.012202429662608611,-0.0569468670043,0.005948280591410975,-0.0831316884033999,-0.2642302625,0.12830354749999998,1.0105454989332125,0.6663674887982377,1.4356104114915746,1.0213089709999998,0.6907567,1.3701477499999999
2025-12-01,12.0,-1.8679669079999994,-2.1412044999999997,-1.4958680000000004,2.958569737612939,2.5886607653400002,3.31984346572,-0.010761280881601514,-0.05026432637102,0.004924115610611987,-0.0831316884033999,-0.2642302625,0.12830354749999998,0.9967098603279383,0.6540273947166119,1.4193449807447922,1.007546128,0.67721085,1.3555829999999995
2025-12-02,12.0,-1.8679669079999994,-2.1412044999999997,-1.4958680000000004,3.0196195728122404,2.6455608269599997,3.3883051829792503,-0.00952916282703097,-0.0450391021341,0.004080260880011995,-0.0831316884033999,-0.2642302625,0.12830354749999998,1.0589918135818086,0.7119007252719209,1.485255041891805,1.070173554,0.7382139,1.4210585
2025-12-03,12.0,-1.8679669079999994,-2.1412044999999997,-1.4958680000000004,3.004105491328678,2.63161436099,3.37224539995775,-0.008470894859222575,-0.042062058017132496,0.00337702392828,-0.0831316884033999,-0.2642302625,0.12830354749999998,1.0445360000660582,0.6988511691507239,1.4702277975477973,1.055744005,0.7247167750000001,1.4043987499999988
2025-12-04,12.0,-1.8679669079999994,-2.1412044999999997,-1.4958680000000004,3.1083731349389185,2.7212278223474997,3.4797246027632496,-0.007558006620622401,-0.039707823786475006,0.0026645016394874974,-0.0831316884033999,-0.2642302625,0.12830354749999998,1.1497165319148974,0.7999890810126866,1.5783939356556889,1.161328588,0.826786625,1.5151134999999998
2025-12-05,12.0,-1.8679669079999994,-2.1412044999999997,-1.4958680000000004,3.092400238003362,2.7078908677075,3.4645272430457497,-0.0067672938916590744,-0.037127921636485005,0.0022204502180614995,-0.0831316884033999,-0.2642302625,0.12830354749999998,1.1345343477083019,0.7853705499297707,1.564115082684905,1.1461443915,0.81353255,1.5022107500000002
2025-12-06,12.0,-1.8679669079999994,-2.1412044999999997,-1.4958680000000004,3.0765103495835397,2.694616544875,3.44860788452825,-0.0060797392457081715,-0.033396446777279994,0.0018458419350524987,-0.0831316884033999,-0.2642302625,0.12830354749999998,1.1193320139344318,0.7706556614260877,1.5479499233831613,1.1309310135000001,0.79978965,1.4859404999999997
2025-12-07,12.0,-1.8679669079999994,-2.1412044999999997,-1.4958680000000004,3.0607026834821003,2.6814151109849997,3.43276288516825,-0.02875545194232118,-0.11226832541587499,0.027869943960815,-0.0831316884033999,-0.2642302625,0.12830354749999998,1.0808486351363789,0.7304067549624175,1.5022889965010249,1.0889381935,0.7552869999999999,1.443709
2025-12-08,12.0,-1.8679669079999994,-2.1412044999999997,-1.4958680000000004,3.044977547675759,2.6681123088625,3.41700122700425,-0.03535929112239968,-0.1413588668327,0.034276699514714966,-0.0831316884033999,-0.2642302625,0.12830354749999998,1.058519660149959,0.7048706185962109,1.4794603113120501,1.0657340064999998,0.729055475,1.4211747499999998
2025-12-09,12.0,-1.8679669079999994,-2.1412044999999997,-1.4958680000000004,3.029333627962759,2.6534276456625,3.4002509473785,-0.029852042686397615,-0.114250342215725,0.02603209762326749,-0.0831316884033999,-0.2642302625,0.12830354749999998,1.0483829888729614,0.6968588593198496,1.4740179023155622,1.0566719525000001,0.72411355,1.41266175
2025-12-10,12.0,-1.8679669079999994,-2.1412044999999997,-1.4958680000000004,3.0137709733126425,2.6382281687324998,3.3822600237967495,-0.025370073310585897,-0.09726454987165001,0.01961288059332498,-0.0831316884033999,-0.2642302625,0.12830354749999998,1.0373023035986544,0.6891302292534995,1.4645136347145653,1.0463395259999997,0.714471375,1.3987699999999996
2025-12-11,12.0,-1.8679669079999994,-2.1412044999999997,-1.4958680000000004,3.072820551194197,2.69172634981,3.44702021600175,-0.021701119460785782,-0.08556314300819999,0.013753662042274992,-0.0831316884033999,-0.2642302625,0.12830354749999998,1.1000208353300147,0.7484473531954726,1.5339724875543375,1.109885844,0.776919425,1.46305475
2025-12-12,12.0,-1.8679669079999994,-2.1412044999999997,-1.4958680000000004,3.0570330494381786,2.678365230485,3.43123886755675,-0.0186771175408157,-0.0766947902046,0.011268484697624976,-0.0831316884033999,-0.2642302625,0.12830354749999998,1.0872573354939643,0.7385666695875719,1.5203481986470204,1.0974994059999998,0.76565355,1.4499819999999997
2025-12-13,12.0,-1.8679669079999994,-2.1412044999999997,-1.4958680000000004,3.04132722351218,2.663662589095,3.4139436473685,-0.016167275461421424,-0.0683114086296,0.009350038382502469,-0.0831316884033999,-0.2642302625,0.12830354749999998,1.0740613516473592,0.7258815236936661,1.506450401500995,1.0845730054999998,0.7535730749999999,1.4373787499999993
2025-12-14,12.0,-1.8679669079999994,-2.1412044999999997,-1.4958680000000004,3.025703214227062,2.6484135911299997,3.39586917873,-0.014070159576793726,-0.06284299665559999,0.008259596322562492,-0.0831316884033999,-0.2642302625,0.12830354749999998,1.060534458246867,0.7139358607137171,1.4904962197432654,1.0712375615,0.739811875,1.4241309999999996
2025-12-15,12.0,-1.8679669079999994,-2.1412044999999997,-1.4958680000000004,3.0101598639173375,2.6332357846525003,3.3791018804827497,-0.012306774512628939,-0.055889379446599996,0.006965953120927497,-0.0831316884033999,-0.2642302625,0.12830354749999998,1.0467544930013117,0.7016821059498909,1.47430493871075,1.0575921625,0.725777,1.4089884999999998
2025-12-16,12.0,-1.8679669079999994,-2.1412044999999997,-1.4958680000000004,3.0824404681518813,2.7002212910625,3.4590436694755002,-0.010815240896532763,-0.04930102651124,0.005285596893034982,-0.0831316884033999,-0.2642302625,0.12830354749999998,1.120526630851948,0.770366926034526,1.550513601722135,1.1317822204999997,0.797659125,1.4845124999999992
2025-12-17,12.0,-1.8679669079999994,-2.1412044999999997,-1.4958680000000004,3.0666038536064986,2.6865458362075,3.4427102719079996,-0.02421776055401501,-0.091291134630675,0.020108529033720002,-0.0831316884033999,-0.2642302625,0.12830354749999998,1.0912874966490844,0.7406882064373248,1.5224574234223502,1.100422725,0.7656351,1.4534714999999996
2025-12-18,12.0,-1.8679669079999994,-2.1412044999999997,-1.4958680000000004,3.139596567573102,2.7486657863475,3.5188469227947494,-0.020679914306534507,-0.07998664819605,0.015253580212257476,-0.0831316884033999,-0.2642302625,0.12830354749999998,1.167818056863165,0.8127956129439999,1.60178972474022,1.1778818175,0.8430434,1.5327395
2025-12-19,12.0,-1.8679669079999994,-2.1412044999999997,-1.4958680000000004,3.1234648541331,2.7351896437025,3.502677536098,-0.01776845690567562,-0.07216162604114999,0.011363670021387483,-0.0831316884033999,-0.2642302625,0.12830354749999998,1.1545978008240243,0.8012073828584417,1.5877543639665523,1.1650728879999999,0.82981505,1.5199892499999998
2025-12-20,12.0,-1.8679669079999994,-2.1412044999999997,-1.4958680000000004,3.107416119270262,2.7217331737925,3.4865658890537503,-0.015359086234924609,-0.06479377190685001,0.008800998384084976,-0.0831316884033999,-0.2642302625,0.12830354749999998,1.1409584366319345,0.7890114774301679,1.5736005170566127,1.1517211459999999,0.8167646500000001,1.5072154999999996
2025-12-21,12.0,-1.8679669079999994,-2.1412044999999997,-1.4958680000000004,3.091450887550601,2.7082232709525,3.47068047128225,-0.013352283239439718,-0.059162277985299994,0.007778699817242496,-0.0831316884033999,-0.2642302625,0.12830354749999998,1.1270000079077593,0.7765095082593712,1.5593354515630724,1.1379633944999998,0.805450525,1.4957762499999996
2025-12-22,12.0,-1.8679669079999994,-2.1412044999999997,-1.4958680000000004,3.0755685031708193,2.693387268825,3.4525826203700003,-0.0116698107213491,-0.05218232084436,0.0066504373897575,-0.0831316884033999,-0.2642302625,0.12830354749999998,1.1128000960460722,0.7637565859112069,1.5449925493321128,1.1239023049999999,0.79074235,1.4784779999999997
2025-12-23,12.0,-1.8679669079999994,-2.1412044999999997,-1.4958680000000004,3.059768344214001,2.6779586471149996,3.434323732021,-0.010250352524635775,-0.04604071997604,0.0053421089706525,-0.0831316884033999,-0.2642302625,0.12830354749999998,1.0984193952859638,0.750794659240351,1.5297010228488526,1.1096158395,0.7772251250000001,1.4614074999999997
2025-12-24,12.0,-1.8679669079999994,-2.1412044999999997,-1.4958680000000004,3.044050567012418,2.6626260174075,3.4181650208535,-0.00904568045542629,-0.0416890584414025,0.0040508624392249885,-0.0831316884033999,-0.2642302625,0.12830354749999998,1.0839062901535936,0.73767656444231,1.512847425351615,1.0951634199999998,0.763098225,1.4461362499999997
2025-12-25,12.0,-1.8679669079999994,-2.1412044999999997,-1.4958680000000004,3.0284138948192996,2.64737388938,3.40334494034175,-0.008017630810902353,-0.03919333747498,0.003320865727022993,-0.0831316884033999,-0.2642302625,0.12830354749999998,1.069297667604998,0.7244266754492219,1.4959552405432646,1.080591496,0.7473624249999999,1.431641749999999
2025-12-26,12.0,-1.8679669079999994,-2.1412044999999997,-1.4958680000000004,3.012858650676639,2.6322115732249998,3.38624701026875,-0.007135773954547775,-0.0369997452235725,0.002752969960601998,-0.0831316884033999,-0.2642302625,0.12830354749999998,1.054624280318692,0.7110787395923632,1.4791387107890126,1.0659358044999998,0.733457875,1.4169812499999994
2025-12-27,12.0,-1.8679669079999994,-2.1412044999999997,-1.4958680000000004,2.997383557519259,2.6171390689425,3.3688538047244996,-0.00637567729648429,-0.0342222098850375,0.0022595665219199996,-0.0831316884033999,-0.2642302625,0.12830354749999998,1.039909283819376,0.6976582700833578,1.4623980099858371,1.051225153,0.71930355,1.4034272499999996
2025-12-28,12.0,-1.8679669079999994,-2.1412044999999997,-1.4958680000000004,2.98198899689564,2.6021470663399997,3.3515434074122497,-0.005717565225687253,-0.030602130395099996,0.0018249921535229993,-0.0831316884033999,-0.2642302625,0.12830354749999998,1.0251728352665523,0.6841905698368476,1.4471177306563512,1.036482085,0.7039480250000001,1.3905069999999993
2025-12-29,12.0,-1.8679669079999994,-2.1412044999999997,-1.4958680000000004,2.9666743525774795,2.58724161039,3.3343254250787497,-0.005145328570840757,-0.027902715416265,0.0015293214035249994,-0.0831316884033999,-0.2642302625,0.12830354749999998,1.0104304276032399,0.6706866086827423,1.4340397050332763,1.0217248745,0.6894961,1.37818275
2025-12-30,12.0,-1.8679669079999994,-2.1412044999999997,-1.4958680000000004,2.95143926944976,2.57238297504,3.3171980274872497,-0.004645765900279789,-0.025517309196427498,0.0012342572059297495,-0.0831316884033999,-0.2642302625,0.12830354749999998,0.9956949071460801,0.6571693275091403,1.4210203248941065,1.006967989,0.6748705,1.3643612499999997
2025-12-31,12.0,-1.8679669079999994,-2.1412044999999997,-1.4958680000000004,2.9362826777059357,2.5576074412475,3.3001534381277495,-0.004207982293166814,-0.0233461712128725,0.00100601664287225,-0.0831316884033999,-0.2642302625,0.12830354749999998,0.9809760990093725,0.6436445430514535,1.4088558415006351,0.9922233115,0.6602762750000001,1.3512697499999997
2026-01-01,12.0,-1.8679669079999994,-2.1412044999999997,-1.4958680000000004,2.9212051725058577,2.5429286703525,3.283201263747,-0.0038229421016275095,-0.021361691768369998,0.0008036614252937495,-0.0831316884033999,-0.2642302625,0.12830354749999998,0.9662836340008328,0.6300974785501069,1.397603264054499,0.977500661,0.645717475,1.3361957499999997
2026-01-02,12.0,-1.8679669079999994,-2.1412044999999997,-1.4958680000000004,2.906205272414417,2.5283245775075,3.2663378438714994,-0.0034831163371196053,-0.019547563807657497,0.0006426990277334994,-0.0831316884033999,-0.2642302625,0.12830354749999998,0.9516235596739003,0.6151382830320536,1.3803470376096412,0.962807656,0.6312,1.322253
2026-01-03,12.0,-1.8679669079999994,-2.1412044999999997,-1.4958680000000004,2.8912832863956623,2.51381041689,3.2495590624647495,-0.003182196810921988,-0.01796853979836,0.0005356651691519998,-0.0831316884033999,-0.2642302625,0.12830354749999998,0.9370024931813377,0.6000571998747052,1.3631424241249548,0.948151122,0.6167354749999999,1.308365
2026-01-04,12.0,-1.8679669079999994,-2.1412044999999997,-1.4958680000000004,2.876438941249258,2.4993777649925,3.232292306893249,-0.002914876862617887,-0.01670295192633,0.00044795347734749916,-0.0831316884033999,-0.2642302625,0.12830354749999998,0.9224254679832424,0.5849201208202769,1.3462666367864369,0.933536337,0.6030229500000001,1.29358
2026-01-05,12.0,-1.8679669079999994,-2.1412044999999997,-1.4958680000000004,2.8616713573503785,2.485026621815,3.2150406721437497,-0.0026766723855089756,-0.015527460331229998,0.00038093184066824903,-0.0831316884033999,-0.2642302625,0.12830354749999998,0.9078960885614711,0.5687096135523281,1.3344286903100626,0.91896753,0.5895802,1.2788045
2026-01-06,12.0,-1.8679669079999994,-2.1412044999999997,-1.4958680000000004,2.846979996453421,2.470758580195,3.1978859510294995,-0.002463779542653851,-0.01443550670988,0.00032626786166399903,-0.0831316884033999,-0.2642302625,0.12830354749999998,0.8934176205073657,0.5522548524990399,1.32351418533312,0.9044485114999999,0.575171875,1.26409575
2026-01-07,12.0,-1.8679669079999994,-2.1412044999999997,-1.4958680000000004,2.832365308748197,2.456565216625,3.1808208374222495,-0.0022729645154677147,-0.013421125635004999,0.0002794622161561491,-0.0831316884033999,-0.2642302625,0.12830354749999998,0.8789937478293322,0.5399489389279567,1.3130362000531075,0.889982641,0.560714825,1.2494187499999998
2026-01-08,12.0,-1.8679669079999994,-2.1412044999999997,-1.4958680000000004,2.8178261678367207,2.4430492874775,3.1638526374502494,-0.0021014606657082644,-0.01247874507467,0.00023938190318104915,-0.0831316884033999,-0.2642302625,0.12830354749999998,0.8646261107676113,0.52768104616045,1.301009456216894,0.875571997,0.546769625,1.2348327499999998
2026-01-09,12.0,-1.8679669079999994,-2.1412044999999997,-1.4958680000000004,2.8033623982008598,2.430464739885,3.146931395316,-0.0019469002659858188,-0.011547730847774999,0.00020505964065937421,-0.0831316884033999,-0.2642302625,0.12830354749999998,0.8503169015314745,0.5154374539300572,1.2874719615699155,0.861218952,0.531124875,1.2202669999999995
2026-01-10,12.0,-1.8679669079999994,-2.1412044999999997,-1.4958680000000004,2.78897373320394,2.4179427034675,3.129977364937,-0.0018072469550931942,-0.010622794272675,0.00017566709058264928,-0.0831316884033999,-0.2642302625,0.12830354749999998,0.8360678898454464,0.5031227330822746,1.2739705844628977,0.8469252414999999,0.516960525,1.2056687499999998
2026-01-11,12.0,-1.8679669079999994,-2.1412044999999997,-1.4958680000000004,2.7746590505184794,2.4054878557675,3.1131110963407496,-0.0016807424199250156,-0.0097735067277,0.00015049424515574934,-0.0831316884033999,-0.2642302625,0.12830354749999998,0.821879711695155,0.4906018135607466,1.260528980975421,0.83269225,0.5045048,1.1892345
2026-01-12,12.0,-1.8679669079999994,-2.1412044999999997,-1.4958680000000004,2.760419010661536,2.3929989267275,3.0963417227947496,-0.0015658728769761881,-0.008992210722734999,0.00012893459858502438,-0.0831316884033999,-0.2642302625,0.12830354749999998,0.8077545413811631,0.47540413829210365,1.2471485813984018,0.818521325,0.49222435000000003,1.1735664999999997
2026-01-13,12.0,-1.8679669079999994,-2.1412044999999997,-1.4958680000000004,2.843250559287303,2.4658384672800002,3.1928443598409992,-0.0014613201236369062,-0.008273480845665,0.00010735067492157458,-0.0831316884033999,-0.2642302625,0.12830354749999998,0.8906906427602636,0.5512601427449907,1.3266303587851451,0.901745334,0.571453775,1.2615437500000002
2026-01-14,12.0,-1.8679669079999994,-2.1412044999999997,-1.4958680000000004,2.828655359144839,2.452435419155,3.1758103306209993,-0.001365938943177223,-0.007612289879054999,8.851045114039975e-05,-0.0831316884033999,-0.2642302625,0.12830354749999998,0.8761908237982625,0.5388301710884426,1.3129297273640856,0.8871977730000001,0.557645525,1.2469247499999998
2026-01-15,12.0,-1.8679669079999994,-2.1412044999999997,-1.4958680000000004,2.8141365732720836,2.4397967838950003,3.1587572014812495,-0.0012787343882203408,-0.00700402452594,7.302976640972489e-05,-0.0831316884033999,-0.2642302625,0.12830354749999998,0.8617592424804601,0.5264464489884428,1.2993001733941285,0.8727174569999999,0.5427339,1.2322189999999995
2026-01-16,12.0,-1.8679669079999994,-2.1412044999999997,-1.4958680000000004,2.7996923692809976,2.427230265525,3.141744657275,-0.0011988343400713552,-0.006444443483984999,6.030051627432498e-05,-0.0831316884033999,-0.2642302625,0.12830354749999998,0.8473949385375291,0.5140195803895221,1.2857199590977155,0.8583045930000001,0.5285802,1.21748225
2026-01-17,12.0,-1.8679669079999994,-2.1412044999999997,-1.4958680000000004,2.7853230834931586,2.4147168141775,3.12482170508825,-0.0011254753287551962,-0.005929643396939999,4.9933137614074945e-05,-0.0831316884033999,-0.2642302625,0.12830354749999998,0.8330990117610039,0.5010584416368665,1.2722118512503564,0.843959827,0.515171175,1.2007265
2026-01-18,12.0,-1.8679669079999994,-2.1412044999999997,-1.4958680000000004,2.7710281712906744,2.40218257279,3.10798651468425,-0.0010579889869955057,-0.005456032654589999,4.1402028135724905e-05,-0.0831316884033999,-0.2642302625,0.12830354749999998,0.8188715859002832,0.4857697017867571,1.258753926509209,0.8296834525000001,0.5029063,1.1849467499999997
2026-01-19,12.0,-1.8679669079999994,-2.1412044999999997,-1.4958680000000004,2.7568073994081006,2.3897116448275,3.0918158945799994,-0.0009957847021984981,-0.005020318292729999,3.5822997299774946e-05,-0.0831316884033999,-0.2642302625,0.12830354749999998,0.804713018302502,0.47052732279597853,1.245361483223935,0.8154755884999999,0.490116675,1.1701534999999994
2026-01-20,12.0,-1.8679669079999994,-2.1412044999999997,-1.4958680000000004,2.7426599639439635,2.376232655725,3.0762221220849995,-0.0009383444423469967,-0.004619440502639999,3.108581519504999e-05,-0.0831316884033999,-0.2642302625,0.12830354749999998,0.7906230230982128,0.4552837197949021,1.2320197904625947,0.8013365120000001,0.4778176,1.1554329999999995
