date,hour,intercept_mean,intercept_lower,intercept_upper,strength_mean,strength_lower,strength_upper,aerobic_mean,aerobic_lower,aerobic_upper,spline_mean,spline_lower,spline_upper,total_mean,total_lower,total_upper,full_model_mean,full_model_lower,full_model_upper
2023-07-12,12.0,130.0932680484121,129.3376923042161,131.12222203409436,135.25870109265307,135.25870109265307,135.25870109265307,135.25870109265307,135.25870109265307,135.25870109265307,135.02881952009233,134.52803304743202,135.6134950566743,129.86338647585137,128.89965260753257,131.03654011229764,129.86850489929114,128.67751448507613,131.01719361899166
2023-07-13,12.0,130.0932680484121,129.3376923042161,131.12222203409436,135.25870109265307,135.25870109265307,135.25870109265307,135.25870109265307,135.25870109265307,135.25870109265307,135.02881952009233,134.52803304743202,135.6134950566743,129.86338647585137,128.89965260753257,131.03654011229764,129.86850489929114,128.67751448507613,131.01719361899166
2023-07-14,12.0,130.0932680484121,129.3376923042161,131.12222203409436,135.25870109265307,135.25870109265307,135.25870109265307,135.18443069255537,135.0007708380695,135.34620156456924,135.02881952009233,134.52803304743202,135.6134950566743,129.7891160757537,128.8554909854223,130.87566056114463,129.78301874893927,128.60807717015268,130.8472034786273
2023-07-15,12.0,130.0932680484121,129.3376923042161,131.12222203409436,135.25870109265307,135.25870109265307,135.25870109265307,135.14200998161314,134.85059070982348,135.38908573906505,135.02881952009233,134.52803304743202,135.6134950566743,129.74669536481144,128.8185280383657,130.7704158238435,129.73485843427778,128.55666042917346,130.77842084140073
2023-07-16,12.0,130.0932680484121,129.3376923042161,131.12222203409436,135.25870109265307,135.25870109265307,135.25870109265307,135.16149617809265,134.90235004379784,135.3553022392439,135.02881952009233,134.52803304743202,135.6134950566743,129.76618156129095,128.84101056915478,130.81543194264978,129.75868242942988,128.59478728203726,130.81556118415526
2023-07-17,12.0,130.0932680484121,129.3376923042161,131.12222203409436,135.25870109265307,135.25870109265307,135.25870109265307,135.17721812515202,134.9489916658779,135.3349349794267,135.02881952009233,134.52803304743202,135.6134950566743,129.78190350835033,128.85312453647518,130.87478151898927,129.77746537451523,128.61187388600422,130.84378767873247
2023-07-18,12.0,130.0932680484121,129.3376923042161,131.12222203409436,135.25870109265307,135.25870109265307,135.25870109265307,135.1899704528132,134.98920197110843,135.31039823791085,135.02881952009233,134.52803304743202,135.6134950566743,129.79465583601151,128.85705806833988,130.90588779876828,129.79242767586683,128.62550251970725,130.88322319567254
2023-07-19,12.0,130.0932680484121,129.3376923042161,131.12222203409436,135.25870109265307,135.25870109265307,135.25870109265307,135.15688712840506,134.87628342146633,135.35522368093535,135.02881952009233,134.52803304743202,135.6134950566743,129.76157251160336,128.8441361326748,130.80797824118875,129.75442954217843,128.59717993199396,130.81378449811402
2023-07-20,12.0,130.0932680484121,129.3376923042161,131.12222203409436,135.25870109265307,135.25870109265307,135.25870109265307,135.1112806434891,134.7221087223732,135.4051678466034,135.02881952009233,134.52803304743202,135.6134950566743,129.7159660266874,128.76728156926654,130.75967613668877,129.7023041177772,128.54436119907248,130.75256971384206
2023-07-21,12.0,130.0932680484121,129.3376923042161,131.12222203409436,135.25870109265307,135.25870109265307,135.25870109265307,135.0609496810794,134.54622754217928,135.46159544601954,135.02881952009233,134.52803304743202,135.6134950566743,129.6656350642777,128.71437659887656,130.72732384343325,129.64508422243873,128.5017034511448,130.69443129255978
2023-07-22,12.0,130.0932680484121,129.3376923042161,131.12222203409436,135.25870109265307,135.25870109265307,135.25870109265307,135.09274215256286,134.64020435666646,135.41100348503167,135.02881952009233,134.52803304743202,135.6134950566743,129.69742753576116,128.75847919590132,130.7389044952703,129.68314432168222,128.53784345743952,130.73328195487306
2023-07-23,12.0,130.0932680484121,129.3376923042161,131.12222203409436,135.25870109265307,135.25870109265307,135.25870109265307,135.11857195428473,134.71472327237612,135.36658649378984,135.02881952009233,134.52803304743202,135.6134950566743,129.72325733748303,128.78538997974448,130.78200275320484,129.71345697750428,128.56382247874046,130.76441336569357
2023-07-24,12.0,130.0932680484121,129.3376923042161,131.12222203409436,135.25870109265307,135.25870109265307,135.25870109265307,135.13967849130668,134.78096116740176,135.33824341501426,135.02881952009233,134.52803304743202,135.6134950566743,129.74436387450498,128.8259578568857,130.80523098068122,129.7378372025897,128.59887020334446,130.7942686043615
2023-07-25,12.0,130.0932680484121,129.3376923042161,131.12222203409436,135.25870109265307,135.25870109265307,135.25870109265307,135.08636520075171,134.59870618649623,135.4131179165376,135.02881952009233,134.52803304743202,135.6134950566743,129.69105058395002,128.76131934588338,130.74358240635297,129.67644440405488,128.53701802431374,130.7239961778669
2023-07-26,12.0,130.0932680484121,129.3376923042161,131.12222203409436,135.25870109265307,135.25870109265307,135.25870109265307,135.05690101551295,134.50125238521093,135.44825367591145,135.02881952009233,134.52803304743202,135.6134950566743,129.66158639871125,128.72754746164077,130.72501441862346,129.64298917085054,128.5179058599963,130.69072928720928
2023-07-27,12.0,130.0932680484121,129.3376923042161,131.12222203409436,135.25870109265307,135.25870109265307,135.25870109265307,135.0143233476542,134.35657540316117,135.49243584012248,135.02881952009233,134.52803304743202,135.6134950566743,129.6190087308525,128.65144342308045,130.7077426315065,129.59461989578844,128.4693836654975,130.655781112329
2023-07-28,12.0,130.0932680484121,129.3376923042161,131.12222203409436,135.25870109265307,135.25870109265307,135.25870109265307,134.96224497968035,134.18711688089917,135.55029028584775,135.02881952009233,134.52803304743202,135.6134950566743,129.56693036287865,128.53559167645008,130.68314301222648,129.53557871060195,128.3729427966999,130.63202052896827
2023-07-29,12.0,130.0932680484121,129.3376923042161,131.12222203409436,135.25870109265307,135.25870109265307,135.25870109265307,135.00891094361685,134.3179432066419,135.4710057797968,135.02881952009233,134.52803304743202,135.6134950566743,129.61359632681516,128.64576861649016,130.70988810393192,129.590895961846,128.44670637669964,130.65448696592077
2023-07-30,12.0,130.0932680484121,129.3376923042161,131.12222203409436,135.25870109265307,135.25870109265307,135.25870109265307,134.9604005416595,134.1551247015123,135.52927844229043,135.02881952009233,134.52803304743202,135.6134950566743,129.5650859248578,128.52722449736675,130.6806106788638,129.53555060163137,128.36996321816383,130.62655013338684
2023-07-31,12.0,130.0932680484121,129.3376923042161,131.12222203409436,135.25870109265307,135.25870109265307,135.25870109265307,135.0064298999126,134.29480693471305,135.4492446852528,135.02881952009233,134.52803304743202,135.6134950566743,129.6111152831109,128.63097909601234,130.68034697198712,129.58953442580537,128.43777178899657,130.65271097119705
2023-08-01,12.0,130.0932680484121,129.3376923042161,131.12222203409436,135.25870109265307,135.25870109265307,135.25870109265307,135.04409250349545,134.40549360711688,135.39755298203139,135.02881952009233,134.52803304743202,135.6134950566743,129.64877788669375,128.70271882890498,130.7244663697203,129.6329848107554,128.51299888819838,130.69535005355155
2023-08-02,12.0,130.0932680484121,129.3376923042161,131.12222203409436,135.25870109265307,135.25870109265307,135.25870109265307,134.91669292663641,133.9809249730419,135.5747007393711,135.02881952009233,134.52803304743202,135.6134950566743,129.52137830983472,128.43487767285097,130.65079511326394,129.48627294916676,128.30820574963414,130.60366752328383
2023-08-03,12.0,130.0932680484121,129.3376923042161,131.12222203409436,135.25870109265307,135.25870109265307,135.25870109265307,134.89577101796587,133.91043425909527,135.59624945828514,135.02881952009233,134.52803304743202,135.6134950566743,129.50045640116417,128.3826353088708,130.63053787367332,129.46327711507936,128.2880884096342,130.59916151565085
2023-08-04,12.0,130.0932680484121,129.3376923042161,131.12222203409436,135.25870109265307,135.25870109265307,135.25870109265307,134.83382608071614,133.7103577941224,135.66114518566187,135.02881952009233,134.52803304743202,135.6134950566743,129.43851146391444,128.22374541316196,130.5663434595035,129.3930472322653,128.1864377719624,130.56169763629427
2023-08-05,12.0,130.0932680484121,129.3376923042161,131.12222203409436,135.25870109265307,135.25870109265307,135.25870109265307,134.89964152102505,133.89719731540868,135.54311146143368,135.02881952009233,134.52803304743202,135.6134950566743,129.50432690422335,128.38361412389565,130.58731773426373,129.47061184193794,128.292884770628,130.5973329807952
2023-08-06,12.0,130.0932680484121,129.3376923042161,131.12222203409436,135.25870109265307,135.25870109265307,135.25870109265307,134.95344492338256,134.05822590442676,135.4595070993699,135.02881952009233,134.52803304743202,135.6134950566743,129.55813030658086,128.52819228300382,130.63605620643824,129.53291279665368,128.37307276439475,130.63002884317652
2023-08-07,12.0,130.0932680484121,129.3376923042161,131.12222203409436,135.25870109265307,135.25870109265307,135.25870109265307,134.99769302165853,134.21852950974318,135.42041078728477,135.02881952009233,134.52803304743202,135.6134950566743,129.60237840485684,128.6369519517203,130.64975940381603,129.58343128111895,128.43928715701307,130.66473090901763
2023-08-08,12.0,130.0932680484121,129.3376923042161,131.12222203409436,135.25870109265307,135.25870109265307,135.25870109265307,135.03431810818634,134.30970264025223,135.39732984057108,135.02881952009233,134.52803304743202,135.6134950566743,129.6390034913846,128.69891129457406,130.67644183698175,129.6247560167671,128.50966189850146,130.6973714659969
2023-08-09,12.0,130.0932680484121,129.3376923042161,131.12222203409436,135.25870109265307,135.25870109265307,135.25870109265307,134.99455360038087,134.22077101801523,135.4262128214767,135.02881952009233,134.52803304743202,135.6134950566743,129.59923898357917,128.63359321919057,130.65071396086978,129.5785116029049,128.42963982094093,130.66052493319083
2023-08-10,12.0,130.0932680484121,129.3376923042161,131.12222203409436,135.25870109265307,135.25870109265307,135.25870109265307,134.9631960422312,134.11112329782262,135.46647504291465,135.02881952009233,134.52803304743202,135.6134950566743,129.5678814254295,128.57560258262347,130.63800890442852,129.54238188341498,128.38208685361326,130.62851140120745
2023-08-11,12.0,130.0932680484121,129.3376923042161,131.12222203409436,135.25870109265307,135.25870109265307,135.25870109265307,134.87520250461117,133.8300792098178,135.5976652136607,135.02881952009233,134.52803304743202,135.6134950566743,129.47988788780947,128.32929620421362,130.57304375708824,129.44134093249548,128.25586748239309,130.57549979069628
2023-08-12,12.0,130.0932680484121,129.3376923042161,131.12222203409436,135.25870109265307,135.25870109265307,135.25870109265307,134.9325881896132,133.9955135814382,135.48709295672035,135.02881952009233,134.52803304743202,135.6134950566743,129.5372735728115,128.4970775580941,130.59873015775707,129.50855768022078,128.33801536134538,130.60353617295394
2023-08-13,12.0,130.0932680484121,129.3376923042161,131.12222203409436,135.25870109265307,135.25870109265307,135.25870109265307,134.97977567971455,134.1303280976304,135.42966308415404,135.02881952009233,134.52803304743202,135.6134950566743,129.58446106291285,128.59513387305773,130.62462046189742,129.56287593616105,128.41343533813688,130.65087137526098
2023-08-14,12.0,130.0932680484121,129.3376923042161,131.12222203409436,135.25870109265307,135.25870109265307,135.25870109265307,135.0188013074384,134.2383481507739,135.40312828528963,135.02881952009233,134.52803304743202,135.6134950566743,129.6234866906367,128.67473251347528,130.65422429398453,129.6071880345806,128.4834132633655,130.67621092785058
2023-08-15,12.0,130.0932680484121,129.3376923042161,131.12222203409436,135.25870109265307,135.25870109265307,135.25870109265307,135.0512790169438,134.34817752725075,135.3794540037498,135.02881952009233,134.52803304743202,135.6134950566743,129.6559644001421,128.7257134143695,130.6808330179088,129.6436521305314,128.54233978662714,130.71141765548552
2023-08-16,12.0,130.0932680484121,129.3376923042161,131.12222203409436,135.25870109265307,135.25870109265307,135.25870109265307,135.01111514841404,134.23639928988982,135.4154030304731,135.02881952009233,134.52803304743202,135.6134950566743,129.61580053161234,128.65602788416822,130.6537708874852,129.59690814297238,128.45702636472433,130.66098604198052
2023-08-17,12.0,130.0932680484121,129.3376923042161,131.12222203409436,135.25870109265307,135.25870109265307,135.25870109265307,134.90959915775298,133.9293190873555,135.55264732567153,135.02881952009233,134.52803304743202,135.6134950566743,129.51428454095128,128.44294582732633,130.57962289663018,129.47999241240322,128.31205293166505,130.58155089299936
2023-08-18,12.0,130.0932680484121,129.3376923042161,131.12222203409436,135.25870109265307,135.25870109265307,135.25870109265307,134.9608544804165,134.0837191494367,135.46070112430965,135.02881952009233,134.52803304743202,135.6134950566743,129.56553986361482,128.56194940103774,130.62762139328615,129.54001944403416,128.38427072567717,130.61965562370233
2023-08-19,12.0,130.0932680484121,129.3376923042161,131.12222203409436,135.25870109265307,135.25870109265307,135.25870109265307,135.00310916226937,134.19617356878356,135.41288031184072,135.02881952009233,134.52803304743202,135.6134950566743,129.60779454546767,128.6382540054292,130.62136739616372,129.5886415477418,128.45208206178003,130.66161721488157
2023-08-20,12.0,130.0932680484121,129.3376923042161,131.12222203409436,135.25870109265307,135.25870109265307,135.25870109265307,134.85981221108125,133.76008033211258,135.60023482915713,135.02881952009233,134.52803304743202,135.6134950566743,129.46449759427952,128.28251492217197,130.56935231259504,129.42352104802896,128.23986279035395,130.5446746335397
2023-08-21,12.0,130.0932680484121,129.3376923042161,131.12222203409436,135.25870109265307,135.25870109265307,135.25870109265307,134.91901816034044,133.93105232987355,135.50225793648735,135.02881952009233,134.52803304743202,135.6134950566743,129.52370354353874,128.44773929759594,130.59927645627494,129.49313440004718,128.323935297298,130.59975051818282
2023-08-22,12.0,130.0932680484121,129.3376923042161,131.12222203409436,135.25870109265307,135.25870109265307,135.25870109265307,134.96772030861234,134.06729076808585,135.43916117848332,135.02881952009233,134.52803304743202,135.6134950566743,129.57240569181064,128.5589166614421,130.62422289044028,129.54938515117263,128.40028025693897,130.64717144386304
2023-08-23,12.0,130.0932680484121,129.3376923042161,131.12222203409436,135.25870109265307,135.25870109265307,135.25870109265307,134.95258603524118,134.03593785920032,135.45197812825026,135.02881952009233,134.52803304743202,135.6134950566743,129.55727141843948,128.52805383264936,130.62615856065503,129.5318442271541,128.38185318828954,130.62853075809818
2023-08-24,12.0,130.0932680484121,129.3376923042161,131.12222203409436,135.25870109265307,135.25870109265307,135.25870109265307,134.90958073214514,133.90180787723776,135.51238368058043,135.02881952009233,134.52803304743202,135.6134950566743,129.51426611534345,128.44996521164364,130.57811919443944,129.48238394242554,128.314439359764,130.5884080715375
2023-08-25,12.0,130.0932680484121,129.3376923042161,131.12222203409436,135.25870109265307,135.25870109265307,135.25870109265307,134.9597251826495,134.05171480457378,135.44565974939178,135.02881952009233,134.52803304743202,135.6134950566743,129.5644105658478,128.53808981712555,130.62476340175394,129.5404117390773,128.3945561478256,130.64220017953522
2023-08-26,12.0,130.0932680484121,129.3376923042161,131.12222203409436,135.25870109265307,135.25870109265307,135.25870109265307,135.00120287756837,134.1659764506532,135.40979377499758,135.02881952009233,134.52803304743202,135.6134950566743,129.60588826076668,128.648302227567,130.61927174508943,129.58770166008645,128.4628679978171,130.66275927143414
2023-08-27,12.0,130.0932680484121,129.3376923042161,131.12222203409436,135.25870109265307,135.25870109265307,135.25870109265307,135.03572106716072,134.30348403273996,135.38809064336291,135.02881952009233,134.52803304743202,135.6134950566743,129.64040645035902,128.71872668070293,130.65590243245617,129.62659013746836,128.5230727671839,130.69853495339277
2023-08-28,12.0,130.0932680484121,129.3376923042161,131.12222203409436,135.25870109265307,135.25870109265307,135.25870109265307,135.06462714590438,134.40191924193442,135.3732197099574,135.02881952009233,134.52803304743202,135.6134950566743,129.66931252910268,128.75247430511521,130.69574747983455,129.65883519169114,128.57327762854044,130.73332412524212
2023-08-29,12.0,130.0932680484121,129.3376923042161,131.12222203409436,135.25870109265307,135.25870109265307,135.25870109265307,135.08897977723916,134.48273253920522,135.35026517553982,135.02881952009233,134.52803304743202,135.6134950566743,129.69366516043746,128.7808096291159,130.70781428026663,129.68577526879005,128.6010278053424,130.7739832742028
2023-08-30,12.0,130.0932680484121,129.3376923042161,131.12222203409436,135.25870109265307,135.25870109265307,135.25870109265307,135.06435300145176,134.4245444566042,135.37274298277362,135.02881952009233,134.52803304743202,135.6134950566743,129.66903838465007,128.75013828377735,130.69753359827206,129.65685290781775,128.54640473367866,130.72530898984834
2023-08-31,12.0,130.0932680484121,129.3376923042161,131.12222203409436,135.25870109265307,135.25870109265307,135.25870109265307,135.0893433135423,134.50896893290442,135.3553770374766,135.02881952009233,134.52803304743202,135.6134950566743,129.6940286967406,128.78486593588303,130.7045112960738,129.68502687608935,128.58484613601667,130.76711572590182
2023-09-01,12.0,130.0932680484121,129.3376923042161,131.12222203409436,135.25870109265307,135.25870109265307,135.25870109265307,135.11039580533213,134.597038736845,135.33850151548367,135.02881952009233,134.52803304743202,135.6134950566743,129.71508118853043,128.81377912823655,130.72042556509498,129.70849465882523,128.61797683712172,130.80133801738003
2023-09-02,12.0,130.0932680484121,129.3376923042161,131.12222203409436,135.25870109265307,135.25870109265307,135.25870109265307,135.12822641186062,134.65930163493906,135.32076178392805,135.02881952009233,134.52803304743202,135.6134950566743,129.73291179505893,128.84223776386105,130.73370178620488,129.7281974848367,128.63280421541444,130.81365729568927
2023-09-03,12.0,130.0932680484121,129.3376923042161,131.12222203409436,135.25870109265307,135.25870109265307,135.25870109265307,135.14341018862092,134.70318076081193,135.30714917518878,135.02881952009233,134.52803304743202,135.6134950566743,129.74809557181922,128.84879698797369,130.74684818409298,129.74485910826786,128.6490805952412,130.82232088692223
2023-09-04,12.0,130.0932680484121,129.3376923042161,131.12222203409436,135.25870109265307,135.25870109265307,135.25870109265307,135.10160800755708,134.6012961051942,135.35743185755206,135.02881952009233,134.52803304743202,135.6134950566743,129.70629339075538,128.80372316568597,130.71097651746916,129.69631174981112,128.59803854836096,130.7630079171637
2023-09-05,12.0,130.0932680484121,129.3376923042161,131.12222203409436,135.25870109265307,135.25870109265307,135.25870109265307,135.12182484673278,134.6787995191292,135.3383297012892,135.02881952009233,134.52803304743202,135.6134950566743,129.72651022993108,128.83857772506175,130.72124794313024,129.71949659011005,128.6213055310083,130.79406604832644
2023-09-06,12.0,130.0932680484121,129.3376923042161,131.12222203409436,135.25870109265307,135.25870109265307,135.25870109265307,135.05742308793265,134.46470634875735,135.40705991379957,135.02881952009233,134.52803304743202,135.6134950566743,129.66210847113095,128.74343080208382,130.68653039042394,129.64521029110273,128.54056724849104,130.68818593003198
2023-09-07,12.0,130.0932680484121,129.3376923042161,131.12222203409436,135.25870109265307,135.25870109265307,135.25870109265307,135.08534385899628,134.54845452346288,135.37205922536006,135.02881952009233,134.52803304743202,135.6134950566743,129.69002924219458,128.7809912843261,130.7071103488018,129.67791881842112,128.5697816358126,130.7342352817411
2023-09-08,12.0,130.0932680484121,129.3376923042161,131.12222203409436,135.25870109265307,135.25870109265307,135.25870109265307,135.1084824295782,134.62969842826223,135.34457496584457,135.02881952009233,134.52803304743202,135.6134950566743,129.7131678127765,128.81292002665396,130.7127141860991,129.7045521164548,128.60051899564343,130.7756465841698
2023-09-09,12.0,130.0932680484121,129.3376923042161,131.12222203409436,135.25870109265307,135.25870109265307,135.25870109265307,135.1277746979525,134.70388819064942,135.33246033079527,135.02881952009233,134.52803304743202,135.6134950566743,129.7324600811508,128.8464556295744,130.73313735528308,129.7264588489121,128.62457408027015,130.79647045068108
2023-09-10,12.0,130.0932680484121,129.3376923042161,131.12222203409436,135.25870109265307,135.25870109265307,135.25870109265307,135.0375075214529,134.42746485421628,135.43204576317157,135.02881952009233,134.52803304743202,135.6134950566743,129.6421929046512,128.73424175972056,130.68012456798334,129.62234418966224,128.52548270007873,130.6628608951104
2023-09-11,12.0,130.0932680484121,129.3376923042161,131.12222203409436,135.25870109265307,135.25870109265307,135.25870109265307,135.0689947765886,134.49948153647375,135.38851320387778,135.02881952009233,134.52803304743202,135.6134950566743,129.6736801597869,128.7548133025821,130.69463352621148,129.6594454314975,128.55613641048893,130.69798397332474
2023-09-12,12.0,130.0932680484121,129.3376923042161,131.12222203409436,135.25870109265307,135.25870109265307,135.25870109265307,135.09498860014608,134.57927002095147,135.35542737940284,135.02881952009233,134.52803304743202,135.6134950566743,129.69967398334438,128.78990577875072,130.70904607377798,129.6895166515868,128.58255994895896,130.74904468577816
2023-09-13,12.0,130.0932680484121,129.3376923042161,131.12222203409436,135.25870109265307,135.25870109265307,135.25870109265307,135.02742748738515,134.38823077919778,135.4429383045269,135.02881952009233,134.52803304743202,135.6134950566743,129.63211287058346,128.71473627354254,130.67245374903618,129.61169965571187,128.50914410167468,130.6562311600383
2023-09-14,12.0,130.0932680484121,129.3376923042161,131.12222203409436,135.25870109265307,135.25870109265307,135.25870109265307,134.9777854421633,134.22906081189396,135.49589486081902,135.02881952009233,134.52803304743202,135.6134950566743,129.5824708253616,128.6097787967807,130.63476888463552,129.55512478727763,128.42194476556156,130.6353105090734
2023-09-15,12.0,130.0932680484121,129.3376923042161,131.12222203409436,135.25870109265307,135.25870109265307,135.25870109265307,134.94402905169042,134.0826716308446,135.53370815013548,135.02881952009233,134.52803304743202,135.6134950566743,129.54871443488872,128.54195752531385,130.58820468138498,129.5171745936944,128.36954635369577,130.5929693845725
2023-09-16,12.0,130.0932680484121,129.3376923042161,131.12222203409436,135.25870109265307,135.25870109265307,135.25870109265307,134.99083932584944,134.25212114705403,135.45923397370748,135.02881952009233,134.52803304743202,135.6134950566743,129.59552470904774,128.63571367363005,130.6421968587944,129.57242809163623,128.4367182210873,130.6441973958672
2023-09-17,12.0,130.0932680484121,129.3376923042161,131.12222203409436,135.25870109265307,135.25870109265307,135.25870109265307,135.0292330841657,134.3615895777,135.3992436110617,135.02881952009233,134.52803304743202,135.6134950566743,129.633918467364,128.71184729288663,130.66789350049498,129.61694715669665,128.5096059017819,130.6725310446609
2023-09-18,12.0,130.0932680484121,129.3376923042161,131.12222203409436,135.25870109265307,135.25870109265307,135.25870109265307,135.06092249500992,134.44624509879637,135.37422717771634,135.02881952009233,134.52803304743202,135.6134950566743,129.66560787820822,128.75340527976766,130.6860168561707,129.65317509858065,128.54151504481888,130.7018138724175
2023-09-19,12.0,130.0932680484121,129.3376923042161,131.12222203409436,135.25870109265307,135.25870109265307,135.25870109265307,135.08725574156708,134.52500933484387,135.3572053914187,135.02881952009233,134.52803304743202,135.6134950566743,129.69194112476535,128.79122395539736,130.7044230926189,129.6829277595541,128.58515999417338,130.7497187203658
2023-09-20,12.0,130.0932680484121,129.3376923042161,131.12222203409436,135.25870109265307,135.25870109265307,135.25870109265307,135.01842380210576,134.34031651446892,135.44135112983602,135.02881952009233,134.52803304743202,135.6134950566743,129.62310918530406,128.68609356987403,130.64613123476596,129.60336925187363,128.5012285160046,130.65652704393932
2023-09-21,12.0,130.0932680484121,129.3376923042161,131.12222203409436,135.25870109265307,135.25870109265307,135.25870109265307,134.88946104076237,133.85569457520114,135.58494435357028,135.02881952009233,134.52803304743202,135.6134950566743,129.49414642396067,128.41133891208844,130.5492840223188,129.45527534976654,128.28055373992083,130.57718660545916
2023-09-22,12.0,130.0932680484121,129.3376923042161,131.12222203409436,135.25870109265307,135.25870109265307,135.25870109265307,134.9448657245807,134.07547269469168,135.50489415721717,135.02881952009233,134.52803304743202,135.6134950566743,129.549551107779,128.53566118595887,130.5790646206696,129.52103132973352,128.37304925959887,130.6092630473374
2023-09-23,12.0,130.0932680484121,129.3376923042161,131.12222203409436,135.25870109265307,135.25870109265307,135.25870109265307,134.9902915608526,134.2133077060009,135.42992224099342,135.02881952009233,134.52803304743202,135.6134950566743,129.5949769440509,128.63193813984472,130.60199998707174,129.57390597641646,128.44028196293266,130.65135944543417
2023-09-24,12.0,130.0932680484121,129.3376923042161,131.12222203409436,135.25870109265307,135.25870109265307,135.25870109265307,135.02775251904828,134.31315462852706,135.39667941341338,135.02881952009233,134.52803304743202,135.6134950566743,129.63243790224658,128.69920707678352,130.65277261884543,129.61685117417136,128.50738815515922,130.6661149267042
2023-09-25,12.0,130.0932680484121,129.3376923042161,131.12222203409436,135.25870109265307,135.25870109265307,135.25870109265307,135.05884787669575,134.4182387927399,135.37380080752376,135.02881952009233,134.52803304743202,135.6134950566743,129.66353325989405,128.74534781488487,130.65741801172555,129.6520551365362,128.54681952419412,130.71131395785665
2023-09-26,12.0,130.0932680484121,129.3376923042161,131.12222203409436,135.25870109265307,135.25870109265307,135.25870109265307,135.08482903575077,134.48460500537192,135.36041983862066,135.02881952009233,134.52803304743202,135.6134950566743,129.68951441894907,128.7903079425778,130.6716993158987,129.68115924488603,128.57823230124762,130.75073772239878
2023-09-27,12.0,130.0932680484121,129.3376923042161,131.12222203409436,135.25870109265307,135.25870109265307,135.25870109265307,135.10667427253804,134.5759594793369,135.34492137404362,135.02881952009233,134.52803304743202,135.6134950566743,129.71135965573635,128.82254870426698,130.69687924551496,129.70540904600705,128.61139756822897,130.78391750704813
2023-09-28,12.0,130.0932680484121,129.3376923042161,131.12222203409436,135.25870109265307,135.25870109265307,135.25870109265307,135.12515060793936,134.65644600897915,135.32410229866346,135.02881952009233,134.52803304743202,135.6134950566743,129.72983599113766,128.8434533528366,130.7241098252513,129.72575994071988,128.62983708059383,130.8083735558398
2023-09-29,12.0,130.0932680484121,129.3376923042161,131.12222203409436,135.25870109265307,135.25870109265307,135.25870109265307,135.1408639751861,134.71814102450298,135.31122210023125,135.02881952009233,134.52803304743202,135.6134950566743,129.7455493583844,128.84856990577575,130.74347042140332,129.74295201208858,128.64527489226182,130.81701571622946
2023-09-30,12.0,130.0932680484121,129.3376923042161,131.12222203409436,135.25870109265307,135.25870109265307,135.25870109265307,135.15429635371785,134.7505985934232,135.30220238626612,135.02881952009233,134.52803304743202,135.6134950566743,129.75898173691616,128.85570212532937,130.77548505658876,129.75756557969694,128.65383893377108,130.82635057677996
2023-10-01,12.0,130.0932680484121,129.3376923042161,131.12222203409436,135.25870109265307,135.25870109265307,135.25870109265307,135.1658340803899,134.77904063018053,135.29472701161384,135.02881952009233,134.52803304743202,135.6134950566743,129.77051946358822,128.8594428138885,130.7814756052233,129.77005865523216,128.6629152415669,130.8517820746005
2023-10-02,12.0,130.0932680484121,129.3376923042161,131.12222203409436,135.25870109265307,135.25870109265307,135.25870109265307,135.1757890052602,134.8155420520035,135.28743636645748,135.02881952009233,134.52803304743202,135.6134950566743,129.78047438845852,128.8679496928173,130.78539320738838,129.7807956736411,128.66569502933805,130.87694672385607
2023-10-03,12.0,130.0932680484121,129.3376923042161,131.12222203409436,135.25870109265307,135.25870109265307,135.25870109265307,135.1844146976381,134.85876341547402,135.28238305932877,135.02881952009233,134.52803304743202,135.6134950566743,129.7891000808364,128.87610834538992,130.7887000940698,129.79006990564457,128.66614092914216,130.8839414745818
2023-10-04,12.0,130.0932680484121,129.3376923042161,131.12222203409436,135.25870109265307,135.25870109265307,135.25870109265307,135.14651114342263,134.79164307084068,135.32857482522095,135.02881952009233,134.52803304743202,135.6134950566743,129.75119652662093,128.85619687628804,130.77092260586414,129.7461088029592,128.6244171511918,130.8050925628625
2023-10-05,12.0,130.0932680484121,129.3376923042161,131.12222203409436,135.25870109265307,135.25870109265307,135.25870109265307,135.10527942317066,134.65805359089163,135.37008804992197,135.02881952009233,134.52803304743202,135.6134950566743,129.70996480636896,128.80588831747474,130.75202947972315,129.69870852002026,128.5826470549672,130.74361300397817
2023-10-06,12.0,130.0932680484121,129.3376923042161,131.12222203409436,135.25870109265307,135.25870109265307,135.25870109265307,135.05027066955236,134.505401586314,135.43734425750918,135.02881952009233,134.52803304743202,135.6134950566743,129.65495605275066,128.73126083225927,130.67530129048075,129.63579993867845,128.52281352311175,130.66967313800936
2023-10-07,12.0,130.0932680484121,129.3376923042161,131.12222203409436,135.25870109265307,135.25870109265307,135.25870109265307,135.08055160681204,134.57444820723398,135.38983355875723,135.02881952009233,134.52803304743202,135.6134950566743,129.68523699001034,128.76894615622717,130.69794623687133,129.67180970075128,128.5607571768312,130.7090243142113
2023-10-08,12.0,130.0932680484121,129.3376923042161,131.12222203409436,135.25870109265307,135.25870109265307,135.25870109265307,135.10542733118314,134.64040289168148,135.35561904266712,135.02881952009233,134.52803304743202,135.6134950566743,129.71011271438144,128.80165281964818,130.75135315554047,129.70080539668675,128.5904022549713,130.75225032514516
2023-10-09,12.0,130.0932680484121,129.3376923042161,131.12222203409436,135.25870109265307,135.25870109265307,135.25870109265307,135.12598862959433,134.7101105324192,135.33345563574514,135.02881952009233,134.52803304743202,135.6134950566743,129.73067401279263,128.84081027035768,130.7620234004011,129.72440298120125,128.61350055614236,130.78969346497595
2023-10-10,12.0,130.0932680484121,129.3376923042161,131.12222203409436,135.25870109265307,135.25870109265307,135.25870109265307,135.14310202288272,134.77487612406495,135.32511708954866,135.02881952009233,134.52803304743202,135.6134950566743,129.74778740608102,128.8444245214665,130.76940366246615,129.74379647027266,128.62631758307015,130.81008318408104
2023-10-11,12.0,130.0932680484121,129.3376923042161,131.12222203409436,135.25870109265307,135.25870109265307,135.25870109265307,135.1574450887645,134.82337726556946,135.3139964489656,135.02881952009233,134.52803304743202,135.6134950566743,129.7621304719628,128.85738416944147,130.77637775219003,129.7598786590064,128.6368940498969,130.82757282616552
2023-10-12,12.0,130.0932680484121,129.3376923042161,131.12222203409436,135.25870109265307,135.25870109265307,135.25870109265307,135.04094182645673,134.46514257832274,135.4422819918795,135.02881952009233,134.52803304743202,135.6134950566743,129.64562720965503,128.73134720028142,130.68167314503825,129.62554163000337,128.51949519898804,130.66024425827538
2023-10-13,12.0,130.0932680484121,129.3376923042161,131.12222203409436,135.25870109265307,135.25870109265307,135.25870109265307,134.9922127752688,134.2535970076439,135.49685336689464,135.02881952009233,134.52803304743202,135.6134950566743,129.5968981584671,128.6409850454137,130.6369057638258,129.5702984879981,128.44694557256355,130.62787815435385
2023-10-14,12.0,130.0932680484121,129.3376923042161,131.12222203409436,135.25870109265307,135.25870109265307,135.25870109265307,135.0320947964056,134.41589709428465,135.43754264844566,135.02881952009233,134.52803304743202,135.6134950566743,129.6367801796039,128.7131766274822,130.67233780015275,129.61777803740452,128.5160842383159,130.65868464593723
2023-10-15,12.0,130.0932680484121,129.3376923042161,131.12222203409436,135.25870109265307,135.25870109265307,135.25870109265307,135.06475567877942,134.51380167350106,135.38592766617884,135.02881952009233,134.52803304743202,135.6134950566743,129.66944106197772,128.74294396584827,130.68508188363177,129.6558980185721,128.55128681804567,130.6896639669021
2023-10-16,12.0,130.0932680484121,129.3376923042161,131.12222203409436,135.25870109265307,135.25870109265307,135.25870109265307,135.091664340086,134.5794056136921,135.35707270386837,135.02881952009233,134.52803304743202,135.6134950566743,129.6963497232843,128.78039722885666,130.71459357636888,129.68681949008638,128.56983555857963,130.73635624391017
2023-10-17,12.0,130.0932680484121,129.3376923042161,131.12222203409436,135.25870109265307,135.25870109265307,135.25870109265307,135.11398429941144,134.64818240500674,135.3413698632967,135.02881952009233,134.52803304743202,135.6134950566743,129.71866968260974,128.81662150377184,130.75751682826368,129.71214043240818,128.60429773723928,130.78465306889555
2023-10-18,12.0,130.0932680484121,129.3376923042161,131.12222203409436,135.25870109265307,135.25870109265307,135.25870109265307,135.13262419151556,134.71045933036152,135.3318052410642,135.02881952009233,134.52803304743202,135.6134950566743,129.73730957471386,128.8457841457237,130.76551295560895,129.73305723964762,128.6234251105423,130.8051623859326
2023-10-19,12.0,130.0932680484121,129.3376923042161,131.12222203409436,135.25870109265307,135.25870109265307,135.25870109265307,135.1482923231273,134.77514942685633,135.32072574203818,135.02881952009233,134.52803304743202,135.6134950566743,129.7529777063256,128.84566643430517,130.77205026126776,129.75047447313443,128.637956604934,130.82749125069748
2023-10-20,12.0,130.0932680484121,129.3376923042161,131.12222203409436,135.25870109265307,135.25870109265307,135.25870109265307,135.16154332541234,134.82894480218613,135.30631552411245,135.02881952009233,134.52803304743202,135.6134950566743,129.76622870861064,128.85797016081378,130.7774792262907,129.76508607740104,128.64946220251542,130.84145448208298
2023-10-21,12.0,130.0932680484121,129.3376923042161,131.12222203409436,135.25870109265307,135.25870109265307,135.25870109265307,135.1728141423549,134.85449745343146,135.29612284174942,135.02881952009233,134.52803304743202,135.6134950566743,129.7774995255532,128.85914503048605,130.78206953692495,129.777426330284,128.65470169804323,130.85456946686438
2023-10-22,12.0,130.0932680484121,129.3376923042161,131.12222203409436,135.25870109265307,135.25870109265307,135.25870109265307,135.1824518906964,134.87922584058182,135.28969045717415,135.02881952009233,134.52803304743202,135.6134950566743,129.7871372738947,128.86822930646667,130.7859949517451,129.7879162856356,128.66215894019373,130.87355097216948
2023-10-23,12.0,130.0932680484121,129.3376923042161,131.12222203409436,135.25870109265307,135.25870109265307,135.25870109265307,135.19073418820471,134.90831853752735,135.28438875382906,135.02881952009233,134.52803304743202,135.6134950566743,129.79541957140302,128.87635522981637,130.789284027203,129.79688487233457,128.66365909922465,130.8914630092622
2023-10-24,12.0,130.0932680484121,129.3376923042161,131.12222203409436,135.25870109265307,135.25870109265307,135.25870109265307,135.1978849375263,134.93986072691473,135.2794562563643,135.02881952009233,134.52803304743202,135.6134950566743,129.8025703207246,128.8901134929299,130.81290213752092,129.80459520583125,128.66617756897102,130.90026901190546
2023-10-25,12.0,130.0932680484121,129.3376923042161,131.12222203409436,135.25870109265307,135.25870109265307,135.25870109265307,135.20408581074403,134.97471436040112,135.27563144579418,135.02881952009233,134.52803304743202,135.6134950566743,129.80877119394233,128.89805429424618,130.8393301735613,129.81125820710272,128.6679791424432,130.90120989505803
2023-10-26,12.0,130.0932680484121,129.3376923042161,131.12222203409436,135.25870109265307,135.25870109265307,135.25870109265307,135.20948532085475,134.99898103230728,135.27270882473385,135.02881952009233,134.52803304743202,135.6134950566743,129.81417070405305,128.89808736773,130.8565773158144,129.8170440093921,128.66936523408236,130.91335150476314
2023-10-27,12.0,130.0932680484121,129.3376923042161,131.12222203409436,135.25870109265307,135.25870109265307,135.25870109265307,135.2142055518782,135.02107901003404,135.27032781949617,135.02881952009233,134.52803304743202,135.6134950566743,129.8188909350765,128.89814474597858,130.85796113418073,129.82208990836,128.67175719272151,130.9187292637961
2023-10-28,12.0,130.0932680484121,129.3376923042161,131.12222203409436,135.25870109265307,135.25870109265307,135.25870109265307,135.21834739840617,135.0412765187138,135.2682891700148,135.02881952009233,134.52803304743202,135.6134950566743,129.82303278160447,128.8982112088043,130.8591518995345,129.8265107733265,128.67411043757926,130.9256631785796
2023-10-29,12.0,130.0932680484121,129.3376923042161,131.12222203409436,135.25870109265307,135.25870109265307,135.25870109265307,135.22199478758776,135.0591239866654,135.26635350056418,135.02881952009233,134.52803304743202,135.6134950566743,129.82668017078606,128.89827885059637,130.8601764973084,129.830398646307,128.6759445029751,130.92891513622084
2023-10-30,12.0,130.0932680484121,129.3376923042161,131.12222203409436,135.25870109265307,135.25870109265307,135.25870109265307,135.2252177488345,135.07316962422104,135.26481441467504,135.02881952009233,134.52803304743202,135.6134950566743,129.8299031320328,128.89834375760478,130.864003389109,129.83383109312786,128.67742115721018,130.94004603970325
2023-10-31,12.0,130.0932680484121,129.3376923042161,131.12222203409436,135.25870109265307,135.25870109265307,135.25870109265307,135.22807503046968,135.08621700834132,135.26370811620956,135.02881952009233,134.52803304743202,135.6134950566743,129.83276041366798,128.89840413681938,130.8789110674545,129.83687255840883,128.67827355171943,130.94509680554654
2023-11-01,12.0,130.0932680484121,129.3376923042161,131.12222203409436,135.25870109265307,135.25870109265307,135.25870109265307,135.15028826565518,134.8566798071527,135.35519103299663,135.02881952009233,134.52803304743202,135.6134950566743,129.75497364885348,128.84543757450413,130.79106562395447,129.74721600328212,128.6020046370063,130.7923958251842
2023-11-02,12.0,130.0932680484121,129.3376923042161,131.12222203409436,135.25870109265307,135.25870109265307,135.25870109265307,135.16598814753118,134.91716934611046,135.32874719489877,135.02881952009233,134.52803304743202,135.6134950566743,129.77067353072948,128.8562840254665,130.8064293559356,129.76617515137843,128.61750259329904,130.82633191120675
2023-11-03,12.0,130.0932680484121,129.3376923042161,131.12222203409436,135.25870109265307,135.25870109265307,135.25870109265307,135.17885401808437,134.9526468607821,135.31312921944973,135.02881952009233,134.52803304743202,135.6134950566743,129.78353940128267,128.85778931810367,130.82035112612084,129.78135550257346,128.6302221444557,130.84931337971597
2023-11-04,12.0,130.0932680484121,129.3376923042161,131.12222203409436,135.25870109265307,135.25870109265307,135.25870109265307,135.1894599877779,134.98228429127502,135.29756221509584,135.02881952009233,134.52803304743202,135.6134950566743,129.7941453709762,128.8664225463126,130.83896853971572,129.79364851081672,128.6405953639299,130.88205970827667
2023-11-05,12.0,130.0932680484121,129.3376923042161,131.12222203409436,135.25870109265307,135.25870109265307,135.25870109265307,135.19826579345823,135.00635991556734,135.29267674049345,135.02881952009233,134.52803304743202,135.6134950566743,129.80295117665653,128.88260054005457,130.8612718027704,129.80370794126597,128.64872041881026,130.89857251869722
2023-11-06,12.0,130.0932680484121,129.3376923042161,131.12222203409436,135.25870109265307,135.25870109265307,135.25870109265307,135.2056311916934,135.02582264512566,135.2868808161389,135.02881952009233,134.52803304743202,135.6134950566743,129.81031657489171,128.89853603038338,130.88169162719294,129.81202020493234,128.6545392384247,130.90567649759205
2023-11-07,12.0,130.0932680484121,129.3376923042161,131.12222203409436,135.25870109265307,135.25870109265307,135.25870109265307,135.21183610563085,135.0440151190893,135.28193235623925,135.02881952009233,134.52803304743202,135.6134950566743,129.81652148882915,128.90133673328367,130.90040457802192,129.81894977824174,128.659429618602,130.91796259266005
2023-11-08,12.0,130.0932680484121,129.3376923042161,131.12222203409436,135.25870109265307,135.25870109265307,135.25870109265307,135.21709894604362,135.06299707134534,135.27774694868373,135.02881952009233,134.52803304743202,135.6134950566743,129.82178432924192,128.9000575196482,130.90641375395492,129.82477390717477,128.66384368100404,130.93018785178577
2023-11-09,12.0,130.0932680484121,129.3376923042161,131.12222203409436,135.25870109265307,135.25870109265307,135.25870109265307,135.1489743321036,134.8595041277754,135.35386596073002,135.02881952009233,134.52803304743202,135.6134950566743,129.7536597153019,128.84094515986587,130.7914015208842,129.74624184010386,128.60030745248054,130.78812486550999
2023-11-10,12.0,130.0932680484121,129.3376923042161,131.12222203409436,135.25870109265307,135.25870109265307,135.25870109265307,135.1649851866967,134.9113277730434,135.33044199933246,135.02881952009233,134.52803304743202,135.6134950566743,129.769670569895,128.85586383295745,130.82669660035842,129.76540719439174,128.61616765915676,130.8307535781016
2023-11-11,12.0,130.0932680484121,129.3376923042161,131.12222203409436,135.25870109265307,135.25870109265307,135.25870109265307,135.17812012498285,134.94744168018534,135.31170405019532,135.02881952009233,134.52803304743202,135.6134950566743,129.78280550818116,128.8574429709162,130.8534005713023,129.78079199583186,128.62895565074848,130.86197831678808
2023-11-12,12.0,130.0932680484121,129.3376923042161,131.12222203409436,135.25870109265307,135.25870109265307,135.25870109265307,135.18895855248797,134.9821547562246,135.29812226436505,135.02881952009233,134.52803304743202,135.6134950566743,129.79364393568625,128.8629147427021,130.87757173913243,129.79327468777785,128.6396378891567,130.8880105695385
2023-11-13,12.0,130.0932680484121,129.3376923042161,131.12222203409436,135.25870109265307,135.25870109265307,135.25870109265307,135.19796334308506,135.00907982152242,135.2928810298247,135.02881952009233,134.52803304743202,135.6134950566743,129.80264872628337,128.8744786448641,130.88934738042389,129.80350261996082,128.6484286828144,130.90139032893225
2023-11-14,12.0,130.0932680484121,129.3376923042161,131.12222203409436,135.25870109265307,135.25870109265307,135.25870109265307,135.20549729739258,135.03328023708494,135.28844358453168,135.02881952009233,134.52803304743202,135.6134950566743,129.81018268059088,128.89379825779392,130.90430988149242,129.81196015709205,128.65439613569686,130.90896786033224
2023-11-15,12.0,130.0932680484121,129.3376923042161,131.12222203409436,135.25870109265307,135.25870109265307,135.25870109265307,135.21184333456492,135.0496707478887,135.28324038153693,135.02881952009233,134.52803304743202,135.6134950566743,129.81652871776322,128.90100080465828,130.92086371411716,129.8190123286515,128.65950912011743,130.93005926672598
2023-11-16,12.0,130.0932680484121,129.3376923042161,131.12222203409436,135.25870109265307,135.25870109265307,135.25870109265307,135.21722309766622,135.0658880821608,135.27781827409626,135.02881952009233,134.52803304743202,135.6134950566743,129.8219084808645,128.89984701907002,130.9386466610373,129.8249383577878,128.66347106085763,130.94969752368056
2023-11-17,12.0,130.0932680484121,129.3376923042161,131.12222203409436,135.25870109265307,135.25870109265307,135.25870109265307,135.22181102841037,135.08053359645018,135.2734832205799,135.02881952009233,134.52803304743202,135.6134950566743,129.82649641160867,128.89917617311187,130.95180659868112,129.8299535760839,128.66655571965762,130.9497528290826
2023-11-18,12.0,130.0932680484121,129.3376923042161,131.12222203409436,135.25870109265307,135.25870109265307,135.25870109265307,135.22574563450323,135.09628796475522,135.27094446502488,135.02881952009233,134.52803304743202,135.6134950566743,129.83043101770153,128.89883557573046,130.9557395148061,129.83422659588433,128.66897118309268,130.95841434636299
2023-11-19,12.0,130.0932680484121,129.3376923042161,131.12222203409436,135.25870109265307,135.25870109265307,135.25870109265307,135.22913761521536,135.114117873969,135.26885166480852,135.02881952009233,134.52803304743202,135.6134950566743,129.83382299841367,128.898673339778,130.95876257504847,129.8378889182262,128.67166870407823,130.96342086788462
2023-11-20,12.0,130.0932680484121,129.3376923042161,131.12222203409436,135.25870109265307,135.25870109265307,135.25870109265307,135.23207622353883,135.12891422535168,135.2669844730608,135.02881952009233,134.52803304743202,135.6134950566743,129.83676160673716,128.89860636816113,130.96109814805928,129.84104650964255,128.67402402288852,130.96316231512998
2023-11-21,12.0,130.0932680484121,129.3376923042161,131.12222203409436,135.25870109265307,135.25870109265307,135.25870109265307,135.23463381931387,135.13996338291557,135.26551407664257,135.02881952009233,134.52803304743202,135.6134950566743,129.83931920251217,128.89858930970743,130.96291125533932,129.84378321727073,128.67588574098542,130.96391515991556
2023-11-22,12.0,130.0932680484121,129.3376923042161,131.12222203409436,135.25870109265307,135.25870109265307,135.25870109265307,135.23686955114485,135.1500622422123,135.26434996585672,135.02881952009233,134.52803304743202,135.6134950566743,129.84155493434315,128.89859751913409,130.96432523298142,129.8461668289421,128.67736377785553,130.9759233453382
2023-11-23,12.0,130.0932680484121,129.3376923042161,131.12222203409436,135.25870109265307,135.25870109265307,135.25870109265307,135.23883204964156,135.15919465784992,135.2632220847443,135.02881952009233,134.52803304743202,135.6134950566743,129.8435174328399,128.89861769369796,130.965432624315,129.8482535418583,128.67829774783283,130.9800180190433
2023-11-24,12.0,130.0932680484121,129.3376923042161,131.12222203409436,135.25870109265307,135.25870109265307,135.25870109265307,135.2405615040976,135.16619515041486,135.26236788599613,135.02881952009233,134.52803304743202,135.6134950566743,129.8452468872959,128.89864273434802,130.96630332267614,129.85008756300985,128.6780689217318,130.98099968992992
2023-11-25,12.0,130.0932680484121,129.3376923042161,131.12222203409436,135.25870109265307,135.25870109265307,135.25870109265307,135.24209135612682,135.1726980690392,135.26163054079936,135.02881952009233,134.52803304743202,135.6134950566743,129.84677673932512,128.89866892793208,130.96699042406505,129.85170636318927,128.67786360042666,130.988835082767
2023-11-26,12.0,130.0932680484121,129.3376923042161,131.12222203409436,135.25870109265307,135.25870109265307,135.25870109265307,135.24344951363923,135.17873934243278,135.261068917782,135.02881952009233,134.52803304743202,135.6134950566743,129.84813489683754,128.89869440001033,130.96753442677232,129.85314103785888,128.67773708931944,130.99750420454018
2023-11-27,12.0,130.0932680484121,129.3376923042161,131.12222203409436,135.25870109265307,135.25870109265307,135.25870109265307,135.2446594168989,135.18433267254215,135.2606759188759,135.02881952009233,134.52803304743202,135.6134950566743,129.8493448000972,128.8987182695609,130.96796642782968,129.85441700952939,128.67760919557716,130.99767495996903
2023-11-28,12.0,130.0932680484121,129.3376923042161,131.12222203409436,135.25870109265307,135.25870109265307,135.25870109265307,135.2457408384136,135.1896148716042,135.26035578068476,135.02881952009233,134.52803304743202,135.6134950566743,129.8504262216119,128.89874018271257,130.96831041389126,129.85555660222627,128.67750618926584,130.99776344861235
2023-11-29,12.0,130.0932680484121,129.3376923042161,131.12222203409436,135.25870109265307,135.25870109265307,135.25870109265307,135.2467105112478,135.19516297641587,135.2601070824506,135.02881952009233,134.52803304743202,135.6134950566743,129.8513958944461,128.89876006325838,130.96858497888064,129.8565765403032,128.67742876170294,130.9986801356515
2023-11-30,12.0,130.0932680484121,129.3376923042161,131.12222203409436,135.25870109265307,135.25870109265307,135.25870109265307,135.23366276693557,135.16684616452312,135.2754578420634,135.02881952009233,134.52803304743202,135.6134950566743,129.83834815013387,128.91239160763993,130.94279445772406,129.8415148910926,128.66286408407,130.96817505850936
2023-12-01,12.0,130.0932680484121,129.3376923042161,131.12222203409436,135.25870109265307,135.25870109265307,135.25870109265307,135.17195218313765,134.92108209132968,135.3469100584059,135.02881952009233,134.52803304743202,135.6134950566743,129.77663756633595,128.8533203020956,130.86829013189714,129.77056476879275,128.60684731627433,130.82745046296344
2023-12-02,12.0,130.0932680484121,129.3376923042161,131.12222203409436,135.25870109265307,135.25870109265307,135.25870109265307,135.18543083225788,134.97821758936655,135.3231837590915,135.02881952009233,134.52803304743202,135.6134950566743,129.79011621545618,128.85708020790102,130.89195379939676,129.78700760405337,128.62126681722685,130.8617640083551
2023-12-03,12.0,130.0932680484121,129.3376923042161,131.12222203409436,135.25870109265307,135.25870109265307,135.25870109265307,135.19637657553042,135.03168078063268,135.30926215192252,135.02881952009233,134.52803304743202,135.6134950566743,129.80106195872872,128.86469589694653,130.90927307038,129.80004227432988,128.633261176299,130.89802568653434
2023-12-04,12.0,130.0932680484121,129.3376923042161,131.12222203409436,135.25870109265307,135.25870109265307,135.25870109265307,135.2053151702962,135.05967175001467,135.29443978023,135.02881952009233,134.52803304743202,135.6134950566743,129.8100005534945,128.88204292425448,130.92208242350026,129.81048977725487,128.6440374338907,130.91283854715903
2023-12-05,12.0,130.0932680484121,129.3376923042161,131.12222203409436,135.25870109265307,135.25870109265307,135.25870109265307,135.21266553206246,135.0796274689933,135.2861400734097,135.02881952009233,134.52803304743202,135.6134950566743,129.81735091526076,128.899208298051,130.9310436347571,129.8189484910085,128.64949192916902,130.93029984522494
2023-12-06,12.0,130.0932680484121,129.3376923042161,131.12222203409436,135.25870109265307,135.25870109265307,135.25870109265307,135.21875389488517,135.0999314814873,135.28127500589113,135.02881952009233,134.52803304743202,135.6134950566743,129.82343927808347,128.90353797106027,130.93731289435715,129.82586245989876,128.65567922102468,130.94491498903727
2023-12-07,12.0,130.0932680484121,129.3376923042161,131.12222203409436,135.25870109265307,135.25870109265307,135.25870109265307,135.22383282633047,135.1157847965799,135.27825571750614,135.02881952009233,134.52803304743202,135.6134950566743,129.82851820952877,128.9013133891305,130.94255830006549,129.8315637444727,128.66030137000197,130.95045105978363
2023-12-08,12.0,130.0932680484121,129.3376923042161,131.12222203409436,135.25870109265307,135.25870109265307,135.25870109265307,135.057096421083,134.45576880054313,135.46690888920082,135.02881952009233,134.52803304743202,135.6134950566743,129.6617818042813,128.71852079010173,130.72060973452642,129.63957146291932,128.48958396360052,130.68592808699282
2023-12-09,12.0,130.0932680484121,129.3376923042161,131.12222203409436,135.25870109265307,135.25870109265307,135.25870109265307,135.08943596468893,134.56873606175026,135.41573255132593,135.02881952009233,134.52803304743202,135.6134950566743,129.69412134788723,128.75402324535716,130.74394060645932,129.67895544905102,128.53603566210964,130.7272820100669
2023-12-10,12.0,130.0932680484121,129.3376923042161,131.12222203409436,135.25870109265307,135.25870109265307,135.25870109265307,135.11566847125067,134.6997741740743,135.38123202926974,135.02881952009233,134.52803304743202,135.6134950566743,129.72035385444897,128.79235409148617,130.78804552685705,129.71015554918088,128.5686471837528,130.7542931684338
2023-12-11,12.0,130.0932680484121,129.3376923042161,131.12222203409436,135.25870109265307,135.25870109265307,135.25870109265307,135.1370579293003,134.78007389230874,135.34238452814742,135.02881952009233,134.52803304743202,135.6134950566743,129.7417433124986,128.8292038210517,130.81032115237358,129.73513341826737,128.5962715407651,130.7847215093306
2023-12-12,12.0,130.0932680484121,129.3376923042161,131.12222203409436,135.25870109265307,135.25870109265307,135.25870109265307,135.15461242588037,134.8340965662079,135.3236228584732,135.02881952009233,134.52803304743202,135.6134950566743,129.75929780907867,128.83984467815782,130.8426802901306,129.75532513020673,128.6167850057073,130.82861740694696
2023-12-13,12.0,130.0932680484121,129.3376923042161,131.12222203409436,135.25870109265307,135.25870109265307,135.25870109265307,135.16911775433252,134.8818858603134,135.3145883147642,135.02881952009233,134.52803304743202,135.6134950566743,129.77380313753082,128.85628122269446,130.86771349647492,129.77179424935966,128.62758476809486,130.85496766575923
2023-12-14,12.0,130.0932680484121,129.3376923042161,131.12222203409436,135.25870109265307,135.25870109265307,135.25870109265307,135.18118335231154,134.9269309430802,135.3050063656699,135.02881952009233,134.52803304743202,135.6134950566743,129.78586873550987,128.8577714190916,130.88593966327764,129.78533917833667,128.6414864722206,130.89463546538795
2023-12-15,12.0,130.0932680484121,129.3376923042161,131.12222203409436,135.25870109265307,135.25870109265307,135.25870109265307,135.04940553724742,134.42035930296345,135.4547483948091,135.02881952009233,134.52803304743202,135.6134950566743,129.65409092044573,128.71976853870493,130.70397441913468,129.63347160890433,128.50624125938396,130.67750369162377
2023-12-16,12.0,130.0932680484121,129.3376923042161,131.12222203409436,135.25870109265307,135.25870109265307,135.25870109265307,134.96102925181233,134.14753940758297,135.55084066038648,135.02881952009233,134.52803304743202,135.6134950566743,129.56571463501064,128.54386149688415,130.66389194085943,129.53277179553112,128.37770320918236,130.61912883974767
2023-12-17,12.0,130.0932680484121,129.3376923042161,131.12222203409436,135.25870109265307,135.25870109265307,135.25870109265307,135.00801562722356,134.26287050204033,135.48141973151516,135.02881952009233,134.52803304743202,135.6134950566743,129.61270101042186,128.64524046965917,130.6853252618949,129.58919877732023,128.4541663841202,130.65034044340118
2023-12-18,12.0,130.0932680484121,129.3376923042161,131.12222203409436,135.25870109265307,135.25870109265307,135.25870109265307,135.04625915220592,134.42679900482736,135.42115075953316,135.02881952009233,134.52803304743202,135.6134950566743,129.65094453540422,128.70415625986143,130.69443725242775,129.63416408784354,128.5225605008973,130.68369167479693
2023-12-19,12.0,130.0932680484121,129.3376923042161,131.12222203409436,135.25870109265307,135.25870109265307,135.25870109265307,134.95029963774815,134.03961720819402,135.54278602574283,135.02881952009233,134.52803304743202,135.6134950566743,129.55498502094645,128.51110852854745,130.65778526772294,129.52396786684042,128.36056199113085,130.6211516348281
2023-12-20,12.0,130.0932680484121,129.3376923042161,131.12222203409436,135.25870109265307,135.25870109265307,135.25870109265307,134.8986974231804,133.87082670564723,135.59680157333273,135.02881952009233,134.52803304743202,135.6134950566743,129.5033828063787,128.38576863104268,130.61136505758057,129.46564959239066,128.2908433099744,130.58213574762615
2023-12-21,12.0,130.0932680484121,129.3376923042161,131.12222203409436,135.25870109265307,135.25870109265307,135.25870109265307,134.95445799306543,134.08509528779223,135.50605677795204,135.02881952009233,134.52803304743202,135.6134950566743,129.55914337626373,128.52077904753608,130.62997900936946,129.5316106724412,128.36907072723804,130.61638845707554
2023-12-22,12.0,130.0932680484121,129.3376923042161,131.12222203409436,135.25870109265307,135.25870109265307,135.25870109265307,135.0000065904164,134.2324768287071,135.4312140687862,135.02881952009233,134.52803304743202,135.6134950566743,129.6046919736147,128.62624316123558,130.65618371225216,129.58452097728212,128.4405488114976,130.65629268729808
2023-12-23,12.0,130.0932680484121,129.3376923042161,131.12222203409436,135.25870109265307,135.25870109265307,135.25870109265307,135.0374396794512,134.34797868559855,135.3968054036073,135.02881952009233,134.52803304743202,135.6134950566743,129.6421250626495,128.69679684851067,130.6777760535597,129.62737214202716,128.5105481675695,130.67717600711654
2023-12-24,12.0,130.0932680484121,129.3376923042161,131.12222203409436,135.25870109265307,135.25870109265307,135.25870109265307,135.06840449104655,134.45043991083287,135.37691159753274,135.02881952009233,134.52803304743202,135.6134950566743,129.67308987424485,128.7574613724882,130.70236211298,129.6623843743894,128.56144987699201,130.7240362742834
2023-12-25,12.0,130.0932680484121,129.3376923042161,131.12222203409436,135.25870109265307,135.25870109265307,135.25870109265307,135.09418397170614,134.534805209756,135.35664283195104,135.02881952009233,134.52803304743202,135.6134950566743,129.69886935490445,128.79161473061316,130.75182759135572,129.69122576825308,128.58578701916926,130.7653535575286
2023-12-26,12.0,130.0932680484121,129.3376923042161,131.12222203409436,135.25870109265307,135.25870109265307,135.25870109265307,135.11577809442343,134.62152456857729,135.34217575651186,135.02881952009233,134.52803304743202,135.6134950566743,129.72046347762173,128.81853616440208,130.7743738289177,129.71516200157077,128.61003014216297,130.79575908494706
2023-12-27,12.0,130.0932680484121,129.3376923042161,131.12222203409436,135.25870109265307,135.25870109265307,135.25870109265307,135.13397013447394,134.69353202341296,135.3261186669582,135.02881952009233,134.52803304743202,135.6134950566743,129.73865551767224,128.84296174816674,130.77609243356105,129.7351645552087,128.6293662933588,130.82032367059028
2023-12-28,12.0,130.0932680484121,129.3376923042161,131.12222203409436,135.25870109265307,135.25870109265307,135.25870109265307,135.0512346712697,134.43529844667893,135.42107714675384,135.02881952009233,134.52803304743202,135.6134950566743,129.655920054468,128.73964228454798,130.67845985803922,129.63945544601216,128.53577780067252,130.68145733655365
2023-12-29,12.0,130.0932680484121,129.3376923042161,131.12222203409436,135.25870109265307,135.25870109265307,135.25870109265307,135.0807145817541,134.51953279856997,135.37385896805063,135.02881952009233,134.52803304743202,135.6134950566743,129.6853999649524,128.76754281178776,130.7224510471446,129.67374551426062,128.56759085057342,130.72316521420092
2023-12-30,12.0,130.0932680484121,129.3376923042161,131.12222203409436,135.25870109265307,135.25870109265307,135.25870109265307,135.10514621765387,134.600712017388,135.3477485723498,135.02881952009233,134.52803304743202,135.6134950566743,129.70983160085217,128.79985765520016,130.76281684274957,129.7016693638514,128.59477552963932,130.7764485124997
2023-12-31,12.0,130.0932680484121,129.3376923042161,131.12222203409436,135.25870109265307,135.25870109265307,135.25870109265307,135.12550451369563,134.6829791519643,135.33685594715723,135.02881952009233,134.52803304743202,135.6134950566743,129.73018989689393,128.8300473116917,130.77373240967543,129.72462367740818,128.6167988320578,130.80317968726868
2024-01-01,12.0,130.0932680484121,129.3376923042161,131.12222203409436,135.25870109265307,135.25870109265307,135.25870109265307,135.14257099938536,134.73049372880254,135.32625927214528,135.02881952009233,134.52803304743202,135.6134950566743,129.74725638258366,128.84435376518255,130.77562087412107,129.74365621577303,128.62951285267425,130.82257321781913
2024-01-02,12.0,130.0932680484121,129.3376923042161,131.12222203409436,135.25870109265307,135.25870109265307,135.25870109265307,135.15696381420813,134.7838786865208,135.3122819099163,135.02881952009233,134.52803304743202,135.6134950566743,129.76164919740643,128.85052687188082,130.77700708376503,129.75956142722018,128.64414320547215,130.8436570197201
2024-01-03,12.0,130.0932680484121,129.3376923042161,131.12222203409436,135.25870109265307,135.25870109265307,135.25870109265307,135.1691712921383,134.83846855789042,135.29950790947584,135.02881952009233,134.52803304743202,135.6134950566743,129.77385667533662,128.85866705345646,130.7905008567877,129.77294974512492,128.6496170576412,130.86123515044787
2024-01-04,12.0,130.0932680484121,129.3376923042161,131.12222203409436,135.25870109265307,135.25870109265307,135.25870109265307,135.1795806793106,134.8771975703231,135.29250575591894,135.02881952009233,134.52803304743202,135.6134950566743,129.7842660625089,128.8630378906436,130.82853549776507,129.78429342231544,128.65906875085352,130.8749972084334
2024-01-05,12.0,130.0932680484121,129.3376923042161,131.12222203409436,135.25870109265307,135.25870109265307,135.25870109265307,135.188501252714,134.90773703277205,135.28673252563084,135.02881952009233,134.52803304743202,135.6134950566743,129.79318663591232,128.87196154937843,130.84225175269822,129.79396257636867,128.66323532158134,130.88806241835292
2024-01-06,12.0,130.0932680484121,129.3376923042161,131.12222203409436,135.25870109265307,135.25870109265307,135.25870109265307,135.13278516661535,134.7555764817517,135.34698329752308,135.02881952009233,134.52803304743202,135.6134950566743,129.73747054981362,128.83762851340424,130.77035768460095,129.72952488361793,128.60611728496713,130.78421753885434
2024-01-07,12.0,130.0932680484121,129.3376923042161,131.12222203409436,135.25870109265307,135.25870109265307,135.25870109265307,135.14996510355795,134.79648829202256,135.3280364563492,135.02881952009233,134.52803304743202,135.6134950566743,129.75465048675625,128.85129409105375,130.77394241411935,129.7495985461766,128.6207317374619,130.82033818825832
2024-01-08,12.0,130.0932680484121,129.3376923042161,131.12222203409436,135.25870109265307,135.25870109265307,135.25870109265307,135.16424531818393,134.8510125769299,135.3137719411884,135.02881952009233,134.52803304743202,135.6134950566743,129.76893070138223,128.8573910041059,130.79489076159933,129.76597920433892,128.63345059730105,130.84366116762524
2024-01-09,12.0,130.0932680484121,129.3376923042161,131.12222203409436,135.25870109265307,135.25870109265307,135.25870109265307,135.1761830621588,134.89893269248554,135.30370568695923,135.02881952009233,134.52803304743202,135.6134950566743,129.7808684453571,128.85868040793628,130.8252583585156,129.77948181085702,128.64394272338967,130.86377781630765
2024-01-10,12.0,130.0932680484121,129.3376923042161,131.12222203409436,135.25870109265307,135.25870109265307,135.25870109265307,135.07904823218564,134.59055746797588,135.41354280469577,135.02881952009233,134.52803304743202,135.6134950566743,129.68373361538394,128.75721484698786,130.72933349931776,129.6675183195574,128.53982615610343,130.69710945665463
2024-01-11,12.0,130.0932680484121,129.3376923042161,131.12222203409436,135.25870109265307,135.25870109265307,135.25870109265307,135.1055090550895,134.67104361066745,135.37481144003345,135.02881952009233,134.52803304743202,135.6134950566743,129.7101944382878,128.79094424681372,130.75031170581346,129.69903606626397,128.57395581103322,130.7458639338421
2024-01-12,12.0,130.0932680484121,129.3376923042161,131.12222203409436,135.25870109265307,135.25870109265307,135.25870109265307,135.12723706866254,134.7269355848493,135.34424899911903,135.02881952009233,134.52803304743202,135.6134950566743,129.73192245186084,128.83266181686534,130.77046055093453,129.72439259761202,128.60027288660424,130.77758918641723
2024-01-13,12.0,130.0932680484121,129.3376923042161,131.12222203409436,135.25870109265307,135.25870109265307,135.25870109265307,135.0533960163734,134.49582639842262,135.4344264507562,135.02881952009233,134.52803304743202,135.6134950566743,129.6580813995717,128.73308920889508,130.6953990080143,129.63944950068142,128.5258732944808,130.68082408970005
2024-01-14,12.0,130.0932680484121,129.3376923042161,131.12222203409436,135.25870109265307,135.25870109265307,135.25870109265307,135.08377245666173,134.58727419078832,135.39106512209798,135.02881952009233,134.52803304743202,135.6134950566743,129.68845783986004,128.76656439675153,130.74056007034235,129.67537559950733,128.5591692204745,130.71637094555766
2024-01-15,12.0,130.0932680484121,129.3376923042161,131.12222203409436,135.25870109265307,135.25870109265307,135.25870109265307,135.10871520081102,134.65705062893466,135.35309206086552,135.02881952009233,134.52803304743202,135.6134950566743,129.71340058400932,128.79757413481656,130.75660689554084,129.70433385368557,128.5845495607981,130.75442244481113
2024-01-16,12.0,130.0932680484121,129.3376923042161,131.12222203409436,135.25870109265307,135.25870109265307,135.25870109265307,135.09618455776078,134.6268746148686,135.36833553760485,135.02881952009233,134.52803304743202,135.6134950566743,129.70086994095908,128.78516029126308,130.74608327941263,129.68991471221815,128.56231402389923,130.73320867521534
2024-01-17,12.0,130.0932680484121,129.3376923042161,131.12222203409436,135.25870109265307,135.25870109265307,135.25870109265307,135.1189134489407,134.68699925773515,135.34163335532133,135.02881952009233,134.52803304743202,135.6134950566743,129.723598832139,128.81461278304693,130.76488273687784,129.71610193070515,128.59982145625992,130.77625701754508
2024-01-18,12.0,130.0932680484121,129.3376923042161,131.12222203409436,135.25870109265307,135.25870109265307,135.25870109265307,134.90275957880002,133.87084315971032,135.60041609959538,135.02881952009233,134.52803304743202,135.6134950566743,129.50744496199835,128.41184523964986,130.61810087487078,129.46722610052913,128.3067512175599,130.57749285912308
2024-01-19,12.0,130.0932680484121,129.3376923042161,131.12222203409436,135.25870109265307,135.25870109265307,135.25870109265307,134.9580044443312,134.1012469606604,135.51687272324875,135.02881952009233,134.52803304743202,135.6134950566743,129.5626898275295,128.53273693893732,130.6358103158144,129.53355104864616,128.3826993609411,130.61496019506728
2024-01-20,12.0,130.0932680484121,129.3376923042161,131.12222203409436,135.25870109265307,135.25870109265307,135.25870109265307,135.00306991161875,134.26091783908117,135.44727409735745,135.02881952009233,134.52803304743202,135.6134950566743,129.60775529481705,128.63807965444514,130.660518956241,129.58651917528496,128.44749240472643,130.65291007064448
2024-01-21,12.0,130.0932680484121,129.3376923042161,131.12222203409436,135.25870109265307,135.25870109265307,135.25870109265307,135.0400375106172,134.37769268217414,135.39577556255165,135.02881952009233,134.52803304743202,135.6134950566743,129.6447228938155,128.70814554720104,130.66360113851553,129.62925473791336,128.50912681873652,130.6645587709537
2024-01-22,12.0,130.0932680484121,129.3376923042161,131.12222203409436,135.25870109265307,135.25870109265307,135.25870109265307,135.07056104954987,134.47183024037048,135.37367163416246,135.02881952009233,134.52803304743202,135.6134950566743,129.67524643274817,128.75892432427742,130.69450138217397,129.66406086086843,128.56314083966004,130.71491088294323
2024-01-23,12.0,130.0932680484121,129.3376923042161,131.12222203409436,135.25870109265307,135.25870109265307,135.25870109265307,135.09593226742436,134.55573646518192,135.35398853302908,135.02881952009233,134.52803304743202,135.6134950566743,129.70061765062266,128.7928009438332,130.71278334196222,129.69265741771721,128.58924568075068,130.75290431152453
2024-01-24,12.0,130.0932680484121,129.3376923042161,131.12222203409436,135.25870109265307,135.25870109265307,135.25870109265307,135.11715669510488,134.6366921029228,135.34283558629483,135.02881952009233,134.52803304743202,135.6134950566743,129.72184207830318,128.81941829961352,130.75923674595435,129.71633966097593,128.61172940064134,130.78785317772235
2024-01-25,12.0,130.0932680484121,129.3376923042161,131.12222203409436,135.25870109265307,135.25870109265307,135.25870109265307,135.13501982198804,134.68472291023127,135.32746572131754,135.02881952009233,134.52803304743202,135.6134950566743,129.73970520518634,128.8402383133694,130.76670917996924,129.7360980827428,128.6273656204392,130.81596422227278
2024-01-26,12.0,130.0932680484121,129.3376923042161,131.12222203409436,135.25870109265307,135.25870109265307,135.25870109265307,134.96816077467105,134.1688018109352,135.50997459516975,135.02881952009233,134.52803304743202,135.6134950566743,129.57284615786935,128.56622883559547,130.63663653111703,129.54361935561244,128.40392626556988,130.61617483996008
2024-01-27,12.0,130.0932680484121,129.3376923042161,131.12222203409436,135.25870109265307,135.25870109265307,135.25870109265307,135.0114953083551,134.29696822628284,135.44927411078226,135.02881952009233,134.52803304743202,135.6134950566743,129.6161806915534,128.65160665594382,130.66169882169984,129.59511516949024,128.48441359982527,130.64860731036407
2024-01-28,12.0,130.0932680484121,129.3376923042161,131.12222203409436,135.25870109265307,135.25870109265307,135.25870109265307,135.04708037583097,134.40518265820015,135.39474741632225,135.02881952009233,134.52803304743202,135.6134950566743,129.65176575902927,128.73074983344424,130.67889399501846,129.63654292527607,128.53563677189726,130.68055793245261
2024-01-29,12.0,130.0932680484121,129.3376923042161,131.12222203409436,135.25870109265307,135.25870109265307,135.25870109265307,135.0764626710346,134.48792377441197,135.36704113401854,135.02881952009233,134.52803304743202,135.6134950566743,129.6811480542329,128.76822866976548,130.70150149939252,129.67021173411683,128.563407688225,130.7236954547432
2024-01-30,12.0,130.0932680484121,129.3376923042161,131.12222203409436,135.25870109265307,135.25870109265307,135.25870109265307,135.1008787255851,134.58508712454045,135.35114932445717,135.02881952009233,134.52803304743202,135.6134950566743,129.7055641087834,128.8002840772996,130.70813459214287,129.69783021493012,128.59511427522696,130.7658354058441
2024-01-31,12.0,130.0932680484121,129.3376923042161,131.12222203409436,135.25870109265307,135.25870109265307,135.25870109265307,135.12129981750422,134.63890159815065,135.34043896363286,135.02881952009233,134.52803304743202,135.6134950566743,129.72598520070252,128.83077726043263,130.76145797039527,129.72067995979796,128.61690183836913,130.7960363032749
2024-02-01,12.0,130.0932680484121,129.3376923042161,131.12222203409436,135.25870109265307,135.25870109265307,135.25870109265307,135.0679493773597,134.4876681926891,135.39550641971746,135.02881952009233,134.52803304743202,135.6134950566743,129.672634760558,128.75234230378496,130.69341664079852,129.6589041022221,128.55714020353636,130.69572751292063
2024-02-02,12.0,130.0932680484121,129.3376923042161,131.12222203409436,135.25870109265307,135.25870109265307,135.25870109265307,135.09424406227257,134.57320545254996,135.36446394482346,135.02881952009233,134.52803304743202,135.6134950566743,129.69892944547087,128.78784406966344,130.7073153205991,129.68927643257297,128.57588873483527,130.74761020191218
2024-02-03,12.0,130.0932680484121,129.3376923042161,131.12222203409436,135.25870109265307,135.25870109265307,135.25870109265307,135.11611458455153,134.63740758502158,135.34170133541448,135.02881952009233,134.52803304743202,135.6134950566743,129.72079996774983,128.82001152097388,130.7585246421939,129.71414257092093,128.60938237764134,130.7788812588729
2024-02-04,12.0,130.0932680484121,129.3376923042161,131.12222203409436,135.25870109265307,135.25870109265307,135.25870109265307,135.13441013707808,134.69980895520058,135.3308669571617,135.02881952009233,134.52803304743202,135.6134950566743,129.73909552027638,128.8433364946077,130.76632145658547,129.73468708984637,128.62507666811138,130.80645445838826
2024-02-05,12.0,130.0932680484121,129.3376923042161,131.12222203409436,135.25870109265307,135.25870109265307,135.25870109265307,135.14980851513187,134.7656858230585,135.3183437012757,135.02881952009233,134.52803304743202,135.6134950566743,129.75449389833017,128.8459559637657,130.7727029275604,129.75180405647905,128.63789646030926,130.8290239016521
2024-02-06,12.0,130.0932680484121,129.3376923042161,131.12222203409436,135.25870109265307,135.25870109265307,135.25870109265307,135.16284584633593,134.81851026515662,135.3044246727157,135.02881952009233,134.52803304743202,135.6134950566743,129.76753122953423,128.85822915964312,130.7779547275145,129.76617499928858,128.6494829420412,130.8421278253531
2024-02-07,12.0,130.0932680484121,129.3376923042161,131.12222203409436,135.25870109265307,135.25870109265307,135.25870109265307,135.17394666677814,134.85126648366438,135.2947438892366,135.02881952009233,134.52803304743202,135.6134950566743,129.77863204997644,128.85944822244235,130.79899272937826,129.7783250154148,128.65636086010508,130.85394589845615
2024-02-08,12.0,130.0932680484121,129.3376923042161,131.12222203409436,135.25870109265307,135.25870109265307,135.25870109265307,135.18344872557083,134.87538292934246,135.2885722846534,135.02881952009233,134.52803304743202,135.6134950566743,129.78813410876913,128.86909006124378,130.82667898986918,129.78866395936606,128.6616300822865,130.8776297455715
2024-02-09,12.0,130.0932680484121,129.3376923042161,131.12222203409436,135.25870109265307,135.25870109265307,135.25870109265307,135.19162243352605,134.89841178569537,135.28350244338716,135.02881952009233,134.52803304743202,135.6134950566743,129.79630781672435,128.87819444173647,130.84775249551765,129.79751395745666,128.6639695007937,130.89470736241063
2024-02-10,12.0,130.0932680484121,129.3376923042161,131.12222203409436,135.25870109265307,135.25870109265307,135.25870109265307,135.19868602774164,134.9313954550539,135.2783885613984,135.02881952009233,134.52803304743202,135.6134950566743,129.80337141093995,128.89234503111294,130.8532947871683,129.80513249781228,128.66640570375452,130.9017961323199
2024-02-11,12.0,130.0932680484121,129.3376923042161,131.12222203409436,135.25870109265307,135.25870109265307,135.25870109265307,135.20481669474393,134.96232369625537,135.27524978382993,135.02881952009233,134.52803304743202,135.6134950566743,129.80950207794223,128.8981111978063,130.85513626228408,129.81172311813881,128.66814229337928,130.9121486122683
2024-02-12,12.0,130.0932680484121,129.3376923042161,131.12222203409436,135.25870109265307,135.25870109265307,135.25870109265307,135.21015937207093,134.9877004293321,135.27221934970402,135.02881952009233,134.52803304743202,135.6134950566743,129.81484475526923,128.898109425233,130.85672100817226,129.81745201116948,128.66996806296484,130.91861934430952
2024-02-13,12.0,130.0932680484121,129.3376923042161,131.12222203409436,135.25870109265307,135.25870109265307,135.25870109265307,135.07254845442037,134.56547930306894,135.4309931479653,135.02881952009233,134.52803304743202,135.6134950566743,129.67723383761867,128.74280962012045,130.702554660511,129.6588465984303,128.5185045409736,130.6896052049124
2024-02-14,12.0,130.0932680484121,129.3376923042161,131.12222203409436,135.25870109265307,135.25870109265307,135.25870109265307,135.10047603450798,134.66572867130645,135.3853042130744,135.02881952009233,134.52803304743202,135.6134950566743,129.70516141770628,128.7848345008367,130.74708934485324,129.6925761326025,128.56042188783118,130.73784948976584
2024-02-15,12.0,130.0932680484121,129.3376923042161,131.12222203409436,135.25870109265307,135.25870109265307,135.25870109265307,135.12331120108706,134.73384184787758,135.3570143896793,135.02881952009233,134.52803304743202,135.6134950566743,129.72799658428534,128.82681174621348,130.76785702070887,129.71952978717763,128.59188443974654,130.76732657774716
2024-02-16,12.0,130.0932680484121,129.3376923042161,131.12222203409436,135.25870109265307,135.25870109265307,135.25870109265307,135.14208742887405,134.7843604127827,135.32843583483856,135.02881952009233,134.52803304743202,135.6134950566743,129.74677281207238,128.83690097742382,130.77217266874496,129.74130475451452,128.61187388600422,130.80388344850994
2024-02-17,12.0,130.0932680484121,129.3376923042161,131.12222203409436,135.25870109265307,135.25870109265307,135.25870109265307,135.15763201522935,134.8292732177682,135.3167840742696,135.02881952009233,134.52803304743202,135.6134950566743,129.76231739842765,128.8562952034112,130.77887269328326,129.75907713164068,128.6280686903629,130.83124717881498
2024-02-18,12.0,130.0932680484121,129.3376923042161,131.12222203409436,135.25870109265307,135.25870109265307,135.25870109265307,135.17059243686268,134.8799582740639,135.31010941777436,135.02881952009233,134.52803304743202,135.6134950566743,129.77527782006098,128.85778465459742,130.81729158601527,129.77371706609947,128.638573260167,130.8492235084376
2024-02-19,12.0,130.0932680484121,129.3376923042161,131.12222203409436,135.25870109265307,135.25870109265307,135.25870109265307,135.18147255158954,134.92225314833888,135.3010846607492,135.02881952009233,134.52803304743202,135.6134950566743,129.7861579347878,128.86065003450554,130.83002897863187,129.78588126806133,128.6471815459979,130.8691901412169
2024-02-20,12.0,130.0932680484121,129.3376923042161,131.12222203409436,135.25870109265307,135.25870109265307,135.25870109265307,135.19066560547978,134.94307918078817,135.2930082412639,135.02881952009233,134.52803304743202,135.6134950566743,129.79535098867808,128.86998421561785,130.83966440732874,129.79606814980963,128.65521396432985,130.88114924309522
2024-02-21,12.0,130.0932680484121,129.3376923042161,131.12222203409436,135.25870109265307,135.25870109265307,135.25870109265307,135.19848035905108,134.96137002448936,135.28469906268154,135.02881952009233,134.52803304743202,135.6134950566743,129.80316574224938,128.8867108124379,130.85187063343312,129.80466133726577,128.66031450503496,130.89927144071578
2024-02-22,12.0,130.0932680484121,129.3376923042161,131.12222203409436,135.25870109265307,135.25870109265307,135.25870109265307,135.16219102820287,134.87406855082963,135.32547838150123,135.02881952009233,134.52803304743202,135.6134950566743,129.76687641140117,128.85646678639142,130.80521588044292,129.76268373517263,128.62248146211962,130.82436373021088
2024-02-23,12.0,130.0932680484121,129.3376923042161,131.12222203409436,135.25870109265307,135.25870109265307,135.25870109265307,135.1750688385805,134.91592722312652,135.30937377974828,135.02881952009233,134.52803304743202,135.6134950566743,129.7797542217788,128.85793124326028,130.8196876580036,129.7776715682631,128.634147445367,130.85084257408295
2024-02-24,12.0,130.0932680484121,129.3376923042161,131.12222203409436,135.25870109265307,135.25870109265307,135.25870109265307,135.18579240624584,134.9530461277954,135.2999493913108,135.02881952009233,134.52803304743202,135.6134950566743,129.79047778944414,128.86456682598305,130.83849165235702,129.78993402027172,128.6439779805835,130.86735607582105
2024-02-25,12.0,130.0932680484121,129.3376923042161,131.12222203409436,135.25870109265307,135.25870109265307,135.25870109265307,135.1947748120508,134.97351451557978,135.29269948833178,135.02881952009233,134.52803304743202,135.6134950566743,129.7994601952491,128.87478254554634,130.8607062172434,129.80006646767802,128.65168202309067,130.88232448288903
2024-02-26,12.0,130.0932680484121,129.3376923042161,131.12222203409436,135.25870109265307,135.25870109265307,135.25870109265307,135.0445863781149,134.41761800587454,135.4603022678172,135.02881952009233,134.52803304743202,135.6134950566743,129.6492717613132,128.71850432414269,130.6953966371991,129.62707032662178,128.49761016007471,130.6623237413929
2024-02-27,12.0,130.0932680484121,129.3376923042161,131.12222203409436,135.25870109265307,135.25870109265307,135.25870109265307,135.07748617424375,134.57809973620397,135.4130823307144,135.02881952009233,134.52803304743202,135.6134950566743,129.68217155744205,128.75847797054487,130.73346116241774,129.66678546767466,128.53756209120652,130.69688685241132
2024-02-28,12.0,130.0932680484121,129.3376923042161,131.12222203409436,135.25870109265307,135.25870109265307,135.25870109265307,135.0405790274409,134.41598649932808,135.45488902758763,135.02881952009233,134.52803304743202,135.6134950566743,129.64526441063921,128.71097610444176,130.69415166154562,129.6248956076019,128.50852329853655,130.66343745392692
2024-02-29,12.0,130.0932680484121,129.3376923042161,131.12222203409436,135.25870109265307,135.25870109265307,135.25870109265307,135.07349189029713,134.56307093950733,135.40657844418183,135.02881952009233,134.52803304743202,135.6134950566743,129.6781772734954,128.75520586550996,130.72522024508947,129.66388886106802,128.5412039519323,130.70090548118864
2024-03-01,12.0,130.0932680484121,129.3376923042161,131.12222203409436,135.25870109265307,135.25870109265307,135.25870109265307,135.1004197254964,134.64473543757504,135.35995425977148,135.02881952009233,134.52803304743202,135.6134950566743,129.7051051086947,128.78966546228102,130.74759689310562,129.69521666137126,128.56494310444972,130.7376662906215
2024-03-02,12.0,130.0932680484121,129.3376923042161,131.12222203409436,135.25870109265307,135.25870109265307,135.25870109265307,135.12259334530927,134.70970069459236,135.34141540257343,135.02881952009233,134.52803304743202,135.6134950566743,129.72727872850757,128.82010064735323,130.76769267711168,129.72063661418912,128.6004913429424,130.7800454375863
2024-03-03,12.0,130.0932680484121,129.3376923042161,131.12222203409436,135.25870109265307,135.25870109265307,135.25870109265307,134.9006683669089,133.84989628709766,135.60021267347742,135.02881952009233,134.52803304743202,135.6134950566743,129.5053537501072,128.40008981917404,130.61751778663873,129.4650805965879,128.30108656175375,130.57715687880557
2024-03-04,12.0,130.0932680484121,129.3376923042161,131.12222203409436,135.25870109265307,135.25870109265307,135.25870109265307,134.95641779518962,134.0831570195485,135.5206529201605,135.02881952009233,134.52803304743202,135.6134950566743,129.56110317838792,128.52067185312833,130.63531983337407,129.53201318515738,128.3826350684112,130.6153874292982
2024-03-05,12.0,130.0932680484121,129.3376923042161,131.12222203409436,135.25870109265307,135.25870109265307,135.25870109265307,135.0018790039441,134.2594920682435,135.44934439246433,135.02881952009233,134.52803304743202,135.6134950566743,129.6065643871424,128.6273691886316,130.66052645805652,129.58544625048495,128.44136594881306,130.65272894545274
2024-03-06,12.0,130.0932680484121,129.3376923042161,131.12222203409436,135.25870109265307,135.25870109265307,135.25870109265307,135.03915689525738,134.3719705515178,135.39645259595557,135.02881952009233,134.52803304743202,135.6134950566743,129.64384227845568,128.7025007123665,130.66236223105375,129.62853680466284,128.5099411907819,130.66491825606712
2024-03-07,12.0,130.0932680484121,129.3376923042161,131.12222203409436,135.42002726785915,135.3904197544113,135.45157827627088,135.06992385502076,134.47174899398507,135.37554867272263,135.02881952009233,134.52803304743202,135.6134950566743,129.83593541342515,128.93499088248058,130.82852266634603,129.82528447282024,128.73603520495016,130.85907893108498
2024-03-08,12.0,130.0932680484121,129.3376923042161,131.12222203409436,135.41919260996764,135.3897458637761,135.45045280850687,134.8483320796294,133.663002481498,135.63702260403699,135.02881952009233,134.52803304743202,135.6134950566743,129.61350898014229,128.46238789549105,130.72150079561916,129.56914228708894,128.39332007208952,130.688682987333
2024-03-09,12.0,130.0932680484121,129.3376923042161,131.12222203409436,135.4183623346419,135.38907537178332,135.4493340473198,134.91123586523884,133.9170602370945,135.54556513600937,135.02881952009233,134.52803304743202,135.6134950566743,129.67558249042597,128.58448435848763,130.7357152700959,129.64323458857217,128.47621457396963,130.73063766533699
2024-03-10,12.0,130.0932680484121,129.3376923042161,131.12222203409436,135.41753640181284,135.3884085014615,135.44822174111334,134.96270011239363,134.07395242150082,135.46030321839243,135.02881952009233,134.52803304743202,135.6134950566743,129.7262208047517,128.71520826629805,130.78324433413914,129.70248061114154,128.56310765641882,130.76531899165232
2024-03-11,12.0,130.0932680484121,129.3376923042161,131.12222203409436,135.41671476497535,135.38774502978205,135.44711604180074,135.00504049665102,134.20728473341154,135.4177056145625,135.02881952009233,134.52803304743202,135.6134950566743,129.76773955217158,128.8265194101642,130.79565767865094,129.75030239037594,128.64324103610102,130.80890932692228
2024-03-12,12.0,130.0932680484121,129.3376923042161,131.12222203409436,135.48548853232617,135.44379779814474,135.52934361188673,135.04009766514545,134.32223131951386,135.39143950299237,135.02881952009233,134.52803304743202,135.6134950566743,129.87157048801686,128.9682888662631,130.86621768521056,129.8589818883802,128.78237352738506,130.89522170264982
2024-03-13,12.0,130.0932680484121,129.3376923042161,131.12222203409436,135.484315420647,135.44285089587711,135.52777092982151,134.98946547617024,134.17700144160617,135.4359711442903,135.02881952009233,134.52803304743202,135.6134950566743,129.81976518736246,128.88102957762243,130.85888570189002,129.7991388163429,128.68544182314415,130.8513050655077
2024-03-14,12.0,130.0932680484121,129.3376923042161,131.12222203409436,135.59426048010533,135.5324764824098,135.65922154284598,135.02731091604252,134.2932360160745,135.39942960083977,135.02881952009233,134.52803304743202,135.6134950566743,129.9675556866931,129.07388101673783,130.9532150818024,129.9528258643713,128.88292151360326,130.96848891666605
2024-03-15,12.0,130.0932680484121,129.3376923042161,131.12222203409436,135.5925246522488,135.53107595096674,135.6568950027545,135.05874510825691,134.39526231842424,135.37527709449984,135.02881952009233,134.52803304743202,135.6134950566743,129.99725405105096,129.12156819500916,130.98301692806092,129.98669514146818,128.92059002294747,131.02098964352567
2024-03-16,12.0,130.0932680484121,129.3376923042161,131.12222203409436,135.74420293872393,135.65470790407602,135.83824414400692,135.04913908949706,134.3711806342666,135.38344959353017,135.02881952009233,134.52803304743202,135.6134950566743,130.13932631876622,129.2771416708194,131.12069928371406,130.12727568026804,129.0662492429923,131.13435949589433
2024-03-17,12.0,130.0932680484121,129.3376923042161,131.12222203409436,135.7416915468762,135.65268280496318,135.8348764705757,135.0771443735234,134.4812167068266,135.3641232075441,135.02881952009233,134.52803304743202,135.6134950566743,130.1648202109448,129.3178767867526,131.14828866395627,130.15639667059187,129.09162267014068,131.18163317094158
2024-03-18,12.0,130.0932680484121,129.3376923042161,131.12222203409436,135.7391931943919,135.6506676044062,135.8315281647195,135.100597768815,134.550747648169,135.3519253688789,135.02881952009233,134.52803304743202,135.6134950566743,130.18577525375213,129.33153691682642,131.16677914480098,130.18008252252807,129.11454192007255,131.2047487550508
2024-03-19,12.0,130.0932680484121,129.3376923042161,131.12222203409436,135.95095830638644,135.823268336908,136.08471840827164,134.91432870150123,133.97047867668394,135.55452672046562,135.02881952009233,134.52803304743202,135.6134950566743,130.2112712984329,129.22085514246092,131.2490223016866,130.1774760895397,129.04814916753259,131.1991767357931
2024-03-20,12.0,130.0932680484121,129.3376923042161,131.12222203409436,135.94737750557042,135.8203787316747,136.07991954199844,134.9655740407976,134.12174189043222,135.48265187958313,135.02881952009233,134.52803304743202,135.6134950566743,130.25893583691322,129.3220055983152,131.25908633210457,130.23468236592294,129.15685193528478,131.24234398473726
2024-03-21,12.0,130.0932680484121,129.3376923042161,131.12222203409436,136.07039063484308,135.92038505203018,136.22702488778833,135.00766706322375,134.24419949649712,135.4190808887429,135.02881952009233,134.52803304743202,135.6134950566743,130.42404198861206,129.54452943990822,131.3926072968098,130.40692925704477,129.35084323750883,131.3886309210955
2024-03-22,12.0,130.0932680484121,129.3376923042161,131.12222203409436,136.06619218252663,135.9170031366403,136.22139982048975,135.04243585442023,134.3422855315344,135.38616189193755,135.02881952009233,134.52803304743202,135.6134950566743,130.4546123274921,129.62586045445684,131.40994679981765,130.44252252796105,129.40043904812515,131.41539527910572
2024-03-23,12.0,130.0932680484121,129.3376923042161,131.12222203409436,136.06201564090276,135.9136352759627,136.21580555438587,135.07133975924663,134.45940763528247,135.36807547283283,135.02881952009233,134.52803304743202,135.6134950566743,130.47933969069462,129.66491009232612,131.42302344943067,130.47100675953823,129.43821885959102,131.4613796469674
2024-03-24,12.0,130.0932680484121,129.3376923042161,131.12222203409436,136.0578608776997,135.91026057384684,136.21024515644194,135.09552445306767,134.52153181616333,135.35544863262882,135.02881952009233,134.52803304743202,135.6134950566743,130.49936962131264,129.6663403207372,131.44257250969702,130.49388818057508,129.46795588296203,131.4839262767529
2024-03-25,12.0,130.0932680484121,129.3376923042161,131.12222203409436,136.05372786933324,135.90687976753776,136.20471799318776,135.11588671569692,134.60139573492106,135.33718996532193,135.02881952009233,134.52803304743202,135.6134950566743,130.5155988755754,129.68416616113777,131.45829011121498,130.51231115662478,129.47907849063415,131.50166479314666
2024-03-26,12.0,130.0932680484121,129.3376923042161,131.12222203409436,136.19168158873973,136.01905344081916,136.36969748197723,135.13313127965947,134.6784116200561,135.318216774076,135.02881952009233,134.52803304743202,135.6134950566743,130.67079715894442,129.83912947066952,131.61793922551092,130.66955441113748,129.6463828624109,131.6461487733977
2024-03-27,12.0,130.0932680484121,129.3376923042161,131.12222203409436,136.18685647263857,136.01511015980037,136.36324134666313,135.14781535710017,134.73475677070445,135.30713516589938,135.02881952009233,134.52803304743202,135.6134950566743,130.68065612028397,129.83593632878112,131.634029979558,130.68075932707424,129.6632807366933,131.6602378245729
2024-03-28,12.0,130.0932680484121,129.3376923042161,131.12222203409436,136.3178365854335,136.12150146494525,136.51989485854284,135.1603827326257,134.77275141816034,135.29884249385591,135.02881952009233,134.52803304743202,135.6134950566743,130.82420360860442,130.0082221181317,131.77838979123715,130.82571051353554,129.80259020526395,131.79748924086934
2024-03-29,12.0,130.0932680484121,129.3376923042161,131.12222203409436,136.3123591273894,136.11702652405168,136.51256658695362,134.99046057005066,134.25643070672032,135.493454799545,135.02881952009233,134.52803304743202,135.6134950566743,130.6488039879853,129.7602838291375,131.64128346091246,130.62422402965518,129.58835090402758,131.5602663971712
2024-03-30,12.0,130.0932680484121,129.3376923042161,131.12222203409436,136.4489687688066,136.22793431395064,136.67595934690223,135.03002287517793,134.37931235069124,135.4322321863354,135.02881952009233,134.52803304743202,135.6134950566743,130.82497593452976,130.01092394932996,131.77762459273808,130.808415108171,129.77674944746818,131.73811958307365
2024-03-31,12.0,130.0932680484121,129.3376923042161,131.12222203409436,136.44281325993373,136.22290908722175,136.66772507087794,135.06251190590064,134.4632165516553,135.38853902320326,135.02881952009233,134.52803304743202,135.6134950566743,130.8513094563796,130.04234330929188,131.77648817415155,130.8402230326438,129.8374913705525,131.77013518900964
2024-04-01,12.0,130.0932680484121,129.3376923042161,131.12222203409436,136.4366897643961,136.2179070739087,136.65953916359848,135.08934134590442,134.54723797504104,135.35576031139078,135.02881952009233,134.52803304743202,135.6134950566743,130.87201540084575,130.0610256191278,131.80202234699766,130.86493673962522,129.86305214475033,131.79921822600127
2024-04-02,12.0,130.0932680484121,129.3376923042161,131.12222203409436,136.5923563640896,136.3443036169743,136.84572390407868,135.1116437755109,134.6118147173167,135.34452124937468,135.02881952009233,134.52803304743202,135.6134950566743,131.04998443014577,130.25200951455352,131.9634601151851,131.04629114461602,130.04528482717856,131.9787437089986
2024-04-03,12.0,130.0932680484121,129.3376923042161,131.12222203409436,136.585459471444,136.33867469158074,136.8365026536549,135.13030848944763,134.6881201585534,135.3320277493281,135.02881952009233,134.52803304743202,135.6134950566743,131.06175225143687,130.26356819554857,131.98628184498273,131.06032473138612,130.06474887211664,132.00441232873047
2024-04-04,12.0,130.0932680484121,129.3376923042161,131.12222203409436,136.5785988268673,136.33307425235617,136.82733517205068,134.97618425415476,134.20764309238592,135.50105157923275,135.02881952009233,134.52803304743202,135.6134950566743,130.9007673715673,130.01416372196985,131.87989525397472,130.87574079094674,129.83926598264114,131.8044743131497
2024-04-05,12.0,130.0932680484121,129.3376923042161,131.12222203409436,136.57177377253672,136.32750346363358,136.8182202927113,135.01795975218835,134.33635704200552,135.4424445087539,135.02881952009233,134.52803304743202,135.6134950566743,130.9357178152703,130.119321830972,131.89076956317874,130.9185860670491,129.90612606582854,131.8503964624341
2024-04-06,12.0,130.0932680484121,129.3376923042161,131.12222203409436,136.56498468171728,136.32196348974585,136.80909289450466,135.05226837464718,134.4289552022149,135.3914380306629,135.02881952009233,134.52803304743202,135.6134950566743,130.9632373469097,130.15651411434533,131.89502325573562,130.95176673381962,129.94836349270057,131.87729424472678
2024-04-07,12.0,130.0932680484121,129.3376923042161,131.12222203409436,136.55823085942038,136.31645118034308,136.79983483755322,134.8061273118094,133.46119300912574,135.6840069863803,135.02881952009233,134.52803304743202,135.6134950566743,130.710342461775,129.54823522375435,131.8320967463714,130.661745115537,129.5009427900217,131.73788246116231
2024-04-08,12.0,130.0932680484121,129.3376923042161,131.12222203409436,136.5515122200585,136.3109676997582,136.79062883642158,134.87588010987452,133.80262020652827,135.58207636697193,135.02881952009233,134.52803304743202,135.6134950566743,130.77337662047827,129.76924765673135,131.82494399337122,130.7385790786298,129.64264836513667,131.7531750961499
2024-04-09,12.0,130.0932680484121,129.3376923042161,131.12222203409436,136.7177955637556,136.44596586442003,136.98927227113143,134.9328255199688,133.9834280891379,135.4935501807221,135.02881952009233,134.52803304743202,135.6134950566743,130.99660537426962,130.0462171965086,131.98010976785875,130.9720944362121,129.92248402112332,131.9205458344091
2024-04-10,12.0,130.0932680484121,129.3376923042161,131.12222203409436,136.7102518780212,136.43981294708053,136.97893766932341,134.91244858772737,133.92109558515048,135.51766139905098,135.02881952009233,134.52803304743202,135.6134950566743,130.96868475629378,129.9775225669691,131.96807415743731,130.94138987110207,129.86559342797509,131.90651208863596
2024-04-11,12.0,130.0932680484121,129.3376923042161,131.12222203409436,136.9650703961646,136.64703100538128,137.2838781181678,134.96254898811006,134.08024663439764,135.44360574629687,135.02881952009233,134.52803304743202,135.6134950566743,131.2736036748199,130.36379050516646,132.22164871987061,131.2548323468696,130.2346878549841,132.1892229342123
2024-04-12,12.0,130.0932680484121,129.3376923042161,131.12222203409436,136.956247811177,136.63983503762074,137.27178293133878,135.00390484282735,134.20049022919133,135.41323520129305,135.02881952009233,134.52803304743202,135.6134950566743,131.3061369445496,130.43848169703955,132.235304632941,131.2931995335059,130.28993172978596,132.21198594638335
2024-04-13,12.0,130.0932680484121,129.3376923042161,131.12222203409436,136.9474711659686,136.63267645816742,137.25976048536845,135.03826400462378,134.31371577159666,135.38690465988967,135.02881952009233,134.52803304743202,135.6134950566743,131.33171946113762,130.51191875828533,132.24387121010653,131.32315973353116,130.3339700388126,132.254602906577
2024-04-14,12.0,130.0932680484121,129.3376923042161,131.12222203409436,136.93874064843277,136.62630656177788,137.24781100907182,135.06699363386062,134.4138867200606,135.37193511221065,135.02881952009233,134.52803304743202,135.6134950566743,131.35171857283862,130.57396566247223,132.24957625566677,131.34648610311925,130.37715042278978,132.27918200988825
2024-04-15,12.0,130.0932680484121,129.3376923042161,131.12222203409436,136.9300555377469,136.6202370814254,137.23593258801648,135.09116336523036,134.4875523094783,135.35247910880454,135.02881952009233,134.52803304743202,135.6134950566743,131.36720319352247,130.58198533331458,132.2743152185015,131.36453042105524,130.38915653425983,132.2930975403645
2024-04-16,12.0,130.0932680484121,129.3376923042161,131.12222203409436,136.92141587532188,136.61419580702915,137.22412533660994,135.11161382908972,134.578459288964,135.32994328674016,135.02881952009233,134.52803304743202,135.6134950566743,131.37901399495684,130.5931594721645,132.28985529981918,131.37833253259558,130.40527667632577,132.31444680819536
2024-04-17,12.0,130.0932680484121,129.3376923042161,131.12222203409436,136.91282112415163,136.60817733617142,137.21237806306576,135.0220129239024,134.31143479920001,135.43355651212607,135.02881952009233,134.52803304743202,135.6134950566743,131.28081833859926,130.47166056197895,132.20740064088983,131.26603372740848,130.26973074036542,132.17375263062058
2024-04-18,12.0,130.0932680484121,129.3376923042161,131.12222203409436,136.9042710355373,136.60218850165367,137.20026441655727,135.05468732655868,134.41850492183522,135.38941419340574,135.02881952009233,134.52803304743202,135.6134950566743,131.3049426526412,130.52583353884552,132.2094440734599,131.29541768109277,130.31149738000238,132.2023711022349
2024-04-19,12.0,130.0932680484121,129.3376923042161,131.12222203409436,136.8957660118739,136.5962244566914,137.18822546499388,134.68439585312677,133.02892245655715,135.81128880163433,135.02881952009233,134.52803304743202,135.6134950566743,130.9261461555459,129.48847410659457,132.16361571511317,130.8606470383329,129.49995213200728,132.0576914791241
2024-04-20,12.0,130.0932680484121,129.3376923042161,131.12222203409436,137.12032614819674,136.77718784813888,137.4575268648626,134.77390681026375,133.39227104118297,135.67983884016652,135.02881952009233,134.52803304743202,135.6134950566743,131.2402172490057,129.96234675915466,132.36964787958314,131.1936497973512,129.95541907936857,132.26373866768006
2024-04-21,12.0,130.0932680484121,129.3376923042161,131.12222203409436,137.1107036795528,136.7704473002868,137.44431339827022,134.8468562893338,133.65000832934695,135.57429085676867,135.02881952009233,134.52803304743202,135.6134950566743,131.30354425943187,130.18111541225454,132.37687773430292,131.27002090815157,130.12850839620094,132.27010224550477
2024-04-22,12.0,130.0932680484121,129.3376923042161,131.12222203409436,137.10113148780482,136.7637378191584,137.43076159091194,134.90663656069967,133.83882753683486,135.48276060696497,135.02881952009233,134.52803304743202,135.6134950566743,131.35375233904972,130.29205302196112,132.34562428508025,131.32971774994056,130.24783464037168,132.2982907176181
2024-04-23,12.0,130.0932680484121,129.3376923042161,131.12222203409436,137.0916090731141,136.75705654398624,137.4172942087418,134.95594824020293,133.9923767172328,135.44382789279032,135.02881952009233,134.52803304743202,135.6134950566743,131.39354160386227,130.43519108432315,132.34437603228113,131.37653327641976,130.33698556586,132.31417028118503
2024-04-24,12.0,130.0932680484121,129.3376923042161,131.12222203409436,137.08213619513842,136.75040633553775,137.4039925369712,134.99689987575687,134.1290399767724,135.41206017337598,135.02881952009233,134.52803304743202,135.6134950566743,131.42502036144052,130.51055508021483,132.36456946900648,131.41328723074804,130.41331669915047,132.34525122582616
2024-04-25,12.0,130.0932680484121,129.3376923042161,131.12222203409436,137.1839881512089,136.8326116855901,137.52570646078968,135.03113124754043,134.25808651172954,135.39403583049057,135.02881952009233,134.52803304743202,135.6134950566743,131.56110368929453,130.6996062274781,132.47822840699618,131.5536967251483,130.58295565021174,132.48090708127313
2024-04-26,12.0,130.0932680484121,129.3376923042161,131.12222203409436,137.17403838937483,136.82562721421695,137.51172827903633,135.05992152300206,134.33555395475148,135.37114488027692,135.02881952009233,134.52803304743202,135.6134950566743,131.57994420292212,130.78514642084752,132.4773370372529,131.5756181149198,130.61248320437247,132.51002516806332
2024-04-27,12.0,130.0932680484121,129.3376923042161,131.12222203409436,137.27917598117733,136.91048894742875,137.6371648041555,135.08427492870314,134.4405977525673,135.34406242537298,135.02881952009233,134.52803304743202,135.6134950566743,131.70943520042573,130.92677841181674,132.60506613099088,131.7078321561934,130.7692560449616,132.63499477546043
2024-04-28,12.0,130.0932680484121,129.3376923042161,131.12222203409436,137.26873399120103,136.9031571031613,137.62223693017472,135.10498546186872,134.53618183483906,135.32881849865424,135.02881952009233,134.52803304743202,135.6134950566743,131.71970374361499,130.94896287240527,132.59899241707328,131.71998066248216,130.78569557572442,132.64902879776056
2024-04-29,12.0,130.0932680484121,129.3376923042161,131.12222203409436,137.25834682511598,136.89585974201825,137.60724713828583,135.12268594625743,134.60341425632518,135.31680089062908,135.02881952009233,134.52803304743202,135.6134950566743,131.72701706191867,130.95359225672536,132.5990171821741,131.72878723891898,130.7831840191533,132.65198259015293
2024-04-30,12.0,130.0932680484121,129.3376923042161,131.12222203409436,137.42776070800195,137.03246683979995,137.81053174201233,135.13788430780178,134.6493853837308,135.30690009092882,135.02881952009233,134.52803304743202,135.6134950566743,131.911629306349,131.14221143686072,132.7926259978359,131.915069944236,130.96886499340008,132.83000584016673
2024-05-01,12.0,130.0932680484121,129.3376923042161,131.12222203409436,137.4165510714769,137.02459272259486,137.7943012638124,135.15099136202738,134.6857286038252,135.29683016541125,135.02881952009233,134.52803304743202,135.6134950566743,131.91352672404955,131.13426546781108,132.78848024147695,131.91794275845865,130.97518985744335,132.83122103811354
2024-05-02,12.0,130.0932680484121,129.3376923042161,131.12222203409436,137.5677454957048,137.14655785797615,137.97515868062564,135.16234140299312,134.7217110956925,135.29050763052715,135.02881952009233,134.52803304743202,135.6134950566743,132.07607118924315,131.28664994655844,132.95659096703048,132.0817288480479,131.14141715651493,132.98721282816206
2024-05-03,12.0,130.0932680484121,129.3376923042161,131.12222203409436,137.55581220245972,137.13817738134156,137.95813539463688,135.17220837003885,134.77378651939517,135.2850750823507,135.02881952009233,134.52803304743202,135.6134950566743,132.07400486304377,131.2800674904294,132.95735004574826,132.0803294001541,131.12913382671704,132.98224094164848
2024-05-04,12.0,130.0932680484121,129.3376923042161,131.12222203409436,137.66142146441604,137.223466363708,138.0837695206013,135.18081774739613,134.81554710663508,135.2800597296502,135.02881952009233,134.52803304743202,135.6134950566743,132.18822350235737,131.3894166100826,133.0736218762255,132.1954599096759,131.24719081191043,133.09827803529507
2024-05-05,12.0,130.0932680484121,129.3376923042161,131.12222203409436,137.6490044360176,137.21474534698058,138.06591481366212,135.1883564325206,134.85345518331326,135.2759105836547,135.02881952009233,134.52803304743202,135.6134950566743,132.18334515908344,131.37943528810058,133.067667800797,132.19105796053952,131.23695032540118,133.0986584673295
2024-05-06,12.0,130.0932680484121,129.3376923042161,131.12222203409436,137.76029466080053,137.30461635376798,138.19847545089846,135.15358046482757,134.77270481984976,135.325449022007,135.02881952009233,134.52803304743202,135.6134950566743,132.2598594161733,131.47422333752618,133.13943605882733,132.2623388934844,131.31410965708753,133.1389411938974
2024-05-07,12.0,130.0932680484121,129.3376923042161,131.12222203409436,137.74736688504134,137.29553485417662,138.18012457591936,135.1662176648253,134.8098080697746,135.30297333156332,135.02881952009233,134.52803304743202,135.6134950566743,132.25956884041187,131.47355879206705,133.1423256805707,132.26392847167205,131.32204390833078,133.1463287512413
2024-05-08,12.0,130.0932680484121,129.3376923042161,131.12222203409436,137.7345062453156,137.28649610089482,138.16201966110768,135.1768819546669,134.85386623909204,135.29440744498808,135.02881952009233,134.52803304743202,135.6134950566743,132.25737249052773,131.46214830302685,133.14099148178911,132.2631160366984,131.31647949356585,133.15291154585344
2024-05-09,12.0,130.0932680484121,129.3376923042161,131.12222203409436,137.87399291795245,137.3990684763634,138.3288931262697,135.185934823856,134.89473640991275,135.28749889668623,135.02881952009233,134.52803304743202,135.6134950566743,132.40591203235368,131.60210946923056,133.2895588085325,132.41313503274526,131.47686377690962,133.3058033298529
2024-05-10,12.0,130.0932680484121,129.3376923042161,131.12222203409436,137.86047785216778,137.38956666559494,138.30986728835205,134.9485553023191,134.04140499876968,135.55864495316158,135.02881952009233,134.52803304743202,135.6134950566743,132.15501744503212,131.26981398925392,133.13139259021153,132.1261932644579,131.1029356577604,133.062335676681
2024-05-11,12.0,130.0932680484121,129.3376923042161,131.12222203409436,137.84703367268241,137.38010958715304,138.29104290790573,134.9963260565967,134.27681595016185,135.4812942326655,135.02881952009233,134.52803304743202,135.6134950566743,132.18934401982435,131.35150017200365,133.11795198367588,132.17070932228708,131.19966757123638,133.0632980598086
2024-05-12,12.0,130.0932680484121,129.3376923042161,131.12222203409436,137.99011566730002,137.49558656045332,138.46212370562455,135.0352381137116,134.41187928453817,135.4329040257188,135.02881952009233,134.52803304743202,135.6134950566743,132.37133807155686,131.57464110479987,133.30425101525404,132.36036030494958,131.41777272007684,133.24288251219085
2024-05-13,12.0,130.0932680484121,129.3376923042161,131.12222203409436,137.9760014781867,137.4856581613396,138.44236087681213,135.06711099243807,134.50949998332723,135.3798811095608,135.02881952009233,134.52803304743202,135.6134950566743,132.38909676117,131.62272957496066,133.30392714859596,132.38334676615395,131.4411364871778,133.250450779936
2024-05-14,12.0,130.0932680484121,129.3376923042161,131.12222203409436,138.14257071226743,137.62005514439844,138.6416378046837,135.09339663066277,134.5791524698694,135.35526360185156,135.02881952009233,134.52803304743202,135.6134950566743,132.58195163347543,131.809139813636,133.47999023383187,132.58056604836216,131.65259116142036,133.44667711172087
2024-05-15,12.0,130.0932680484121,129.3376923042161,131.12222203409436,138.12766877338007,137.60957477877818,138.62074463165825,135.11522839459155,134.64450416262534,135.34182372520084,135.02881952009233,134.52803304743202,135.6134950566743,132.58888145851685,131.81807964660752,133.475091194395,132.5903852266143,131.68459985418107,133.45915802006763
2024-05-16,12.0,130.0932680484121,129.3376923042161,131.12222203409436,138.2903427767355,137.74085734446524,138.8152962185651,135.13348600160032,134.7117403148282,135.33225324230148,135.02881952009233,134.52803304743202,135.6134950566743,132.76981306888106,131.98599467904586,133.65024479022117,132.7740105446934,131.8701964876897,133.64197334490657
2024-05-17,12.0,130.0932680484121,129.3376923042161,131.12222203409436,138.27467709857802,137.72983812230808,138.79332847853075,135.14885419854207,134.77624595840797,135.31941416845675,135.02881952009233,134.52803304743202,135.6134950566743,132.7695155876653,131.97719604244725,133.6530767837811,132.77538822161566,131.87606024294328,133.64037453486472
2024-05-18,12.0,130.0932680484121,129.3376923042161,131.12222203409436,138.25909258928613,137.71887046527894,138.77156469557215,135.16186925491147,134.81425859916797,135.30475239730353,135.02881952009233,134.52803304743202,135.6134950566743,132.76694613474282,131.96224021176386,133.64453936024447,132.7741156940891,131.8630531036959,133.64360575298016
2024-05-19,12.0,130.0932680484121,129.3376923042161,131.12222203409436,138.24359030384414,137.70795183172754,138.74993544689343,135.17295420177325,134.83913196649561,135.29526141518332,135.02881952009233,134.52803304743202,135.6134950566743,132.7625287961626,131.94898235128954,133.65275540567828,132.77071041742963,131.8554804115186,133.64176954449997
2024-05-20,12.0,130.0932680484121,129.3376923042161,131.12222203409436,138.22816813948415,137.69707936088642,138.7284426197769,135.18244537468044,134.8689817078184,135.28898625629674,135.02881952009233,134.52803304743202,135.6134950566743,132.75659780470983,131.93831586127945,133.64237264799382,132.76557916286944,131.84748463301554,133.64626801677193
2024-05-21,12.0,130.0932680484121,129.3376923042161,131.12222203409436,138.42065354185158,137.85235640677607,138.95872634703667,135.19061231413573,134.90037849077927,135.28381268808482,135.02881952009233,134.52803304743202,135.6134950566743,132.95725014653254,132.12953224943024,133.84134491688823,132.96744231663428,132.0514682387571,133.84157821457165
2024-05-22,12.0,130.0932680484121,129.3376923042161,131.12222203409436,138.4043161208069,137.84084504642556,138.935938418268,135.19767249327458,134.9396508813807,135.27902726711542,135.02881952009233,134.52803304743202,135.6134950566743,132.94797290462674,132.11931292549264,133.84172012517317,132.95867647124345,132.04058067904373,133.83697998518073
2024-05-23,12.0,130.0932680484121,129.3376923042161,131.12222203409436,138.38806428685322,137.82938270955282,138.9133025136909,135.2038027423527,134.96864847335019,135.2755321438758,135.02881952009233,134.52803304743202,135.6134950566743,132.93785131975116,132.10695476227164,133.82721331062638,132.94897063173437,132.0267107755242,133.82740910882694
2024-05-24,12.0,130.0932680484121,129.3376923042161,131.12222203409436,138.37189754287147,137.81797281255854,138.8892105701312,135.20914765453057,134.99337530537576,135.2726571349242,135.02881952009233,134.52803304743202,135.6134950566743,132.9270294879473,132.0938914290179,133.81264814643146,132.9384895128034,132.01258646715516,133.8177048081907
2024-05-25,12.0,130.0932680484121,129.3376923042161,131.12222203409436,138.3558139451833,137.80661249467525,138.8642785689014,135.2138262415339,135.0159456364926,135.26984860244576,135.02881952009233,134.52803304743202,135.6134950566743,132.9156244772624,132.07961400817595,133.7980457646268,132.92736759091827,132.00087209168098,133.80936641272186
2024-05-26,12.0,130.0932680484121,129.3376923042161,131.12222203409436,138.33981509183192,137.79530318628673,138.84024708027192,135.21793697431224,135.03657538748047,135.26770218884513,135.02881952009233,134.52803304743202,135.6134950566743,132.90373635668936,132.06858675847863,133.78342202439228,132.91571551283158,131.98650513086042,133.79873346525324
2024-05-27,12.0,130.0932680484121,129.3376923042161,131.12222203409436,138.3238997534494,137.7840454430262,138.81637588815198,135.21133602351978,135.02826634954462,135.27763350290638,135.02881952009233,134.52803304743202,135.6134950566743,132.88122006751442,132.04819878883043,133.7674275007367,132.8919941534446,131.95978156058422,133.77476147699312
2024-05-28,12.0,130.0932680484121,129.3376923042161,131.12222203409436,138.30806719213837,137.77292206770105,138.79454847818312,135.2161662728801,135.0478554350864,135.27248004882853,135.02881952009233,134.52803304743202,135.6134950566743,132.8702177555637,132.03935869610908,133.75298322554406,132.88150724127277,131.94307379862138,133.76277693462987
2024-05-29,12.0,130.0932680484121,129.3376923042161,131.12222203409436,138.2923170191644,137.7620535549497,138.7745921546225,135.2203334189251,135.06574521541538,135.26975903960553,135.02881952009233,134.52803304743202,135.6134950566743,132.8586347286347,132.0243445381515,133.7470057519959,132.87031367538717,131.9289854387637,133.75155180456866
2024-05-30,12.0,130.0932680484121,129.3376923042161,131.12222203409436,138.27664940954543,137.7512794058792,138.75474781878935,135.22394809564253,135.07932840896083,135.26781088015284,135.02881952009233,134.52803304743202,135.6134950566743,132.84658179573316,132.00926739809327,133.74648066912016,132.85856148207907,131.91630667534108,133.74192624499858
2024-05-31,12.0,130.0932680484121,129.3376923042161,131.12222203409436,138.26106302935196,137.74065858187873,138.73501782171016,135.2271009793339,135.09194536642482,135.2660920548932,135.02881952009233,134.52803304743202,135.6134950566743,132.8341482992311,131.9961996505266,133.74147288367814,132.8463652776463,131.89860341614113,133.73035303656317
2024-06-01,12.0,130.0932680484121,129.3376923042161,131.12222203409436,138.245557891133,137.73007847932737,138.71611202669376,135.00633426148067,134.25079763955264,135.5230203729727,135.02881952009233,134.52803304743202,135.6134950566743,132.5978764431589,131.74239625940513,133.5603537935446,132.57661998027237,131.60159750676692,133.47067661441852
2024-06-02,12.0,130.0932680484121,129.3376923042161,131.12222203409436,138.23013383421434,137.71953711220814,138.69543452175625,135.04629843562387,134.42028954664892,135.4512430035196,135.02881952009233,134.52803304743202,135.6134950566743,132.62241656038344,131.81220597783806,133.56730257710072,132.61005264472476,131.66971233126358,133.48624964779455
2024-06-03,12.0,130.0932680484121,129.3376923042161,131.12222203409436,138.21478995897812,137.70904292514365,138.6755789166483,135.0787155078243,134.5801265035296,135.41002501812468,135.02881952009233,134.52803304743202,135.6134950566743,132.63948975734766,131.86749597089013,133.57393564233965,132.63337863270556,131.7118799350655,133.49366340607267
2024-06-04,12.0,130.0932680484121,129.3376923042161,131.12222203409436,138.37529956629072,137.8378073670705,138.86590042787742,134.94982596282034,134.0024688643911,135.5507812387841,135.02881952009233,134.52803304743202,135.6134950566743,132.67110981965632,131.7402406907612,133.6577869522927,132.64645921752688,131.64801463939975,133.5803231688569
2024-06-05,12.0,130.0932680484121,129.3376923042161,131.12222203409436,138.3592053713476,137.82681357522065,138.84393727714343,134.86223590946292,133.6693792591427,135.64941457909399,135.02881952009233,134.52803304743202,135.6134950566743,132.56742557135576,131.45699520041114,133.61104114982152,132.53105043610938,131.41966070823972,133.52196898737483
2024-06-06,12.0,130.0932680484121,129.3376923042161,131.12222203409436,138.55421330835253,137.98321188464328,139.07506153712805,134.78735702645187,133.39791324394298,135.7296902369351,135.02881952009233,134.52803304743202,135.6134950566743,132.6875546253496,131.44205880196333,133.80679790609287,132.64246802714217,131.45153874198806,133.70056727530658
2024-06-07,12.0,130.0932680484121,129.3376923042161,131.12222203409436,138.53719421552063,137.9715913505174,139.0534376496859,134.78447499929905,133.3490728465153,135.72639343460895,135.02881952009233,134.52803304743202,135.6134950566743,132.66765350536488,131.42696830868763,133.79158251318478,132.62444084005443,131.4176932185614,133.68537667878581
2024-06-08,12.0,130.0932680484121,129.3376923042161,131.12222203409436,138.52026435917597,137.96003041310286,139.03033041965816,134.85885599096108,133.67733583357392,135.6043730142017,135.02881952009233,134.52803304743202,135.6134950566743,132.72510464068225,131.62273068376015,133.77870418408105,132.69566501306522,131.59355540998962,133.6740822787085
2024-06-09,12.0,130.0932680484121,129.3376923042161,131.12222203409436,138.50342240941032,137.94851218315443,139.00947685118575,134.91940292273043,133.9446912266776,135.49780276651765,135.02881952009233,134.52803304743202,135.6134950566743,132.76880962268595,131.7842840445298,133.75395809683042,132.74930349924767,131.72539657532937,133.6994384920505
2024-06-10,12.0,130.0932680484121,129.3376923042161,131.12222203409436,138.48666835708923,137.93704311927775,138.98941193082666,134.96900554231257,134.11148226236244,135.43958501791852,135.02881952009233,134.52803304743202,135.6134950566743,132.80165818994706,131.90357560944202,133.77658992495847,132.78945060314337,131.82766870745687,133.71529289165952
2024-06-11,12.0,130.0932680484121,129.3376923042161,131.12222203409436,138.47000211839733,137.9256252074898,138.96945879104456,135.0099196829875,134.24594939407547,135.41183764280328,135.02881952009233,134.52803304743202,135.6134950566743,132.82590609193005,131.9622689713911,133.7788878563529,132.81913594361615,131.87894027175565,133.70950455914797
2024-06-12,12.0,130.0932680484121,129.3376923042161,131.12222203409436,138.68985729847407,138.10191197616751,139.22541226717547,135.0438935959658,134.35020781973043,135.38794522399232,135.02881952009233,134.52803304743202,135.6134950566743,133.07973518498514,132.2826949951103,134.0041540208164,133.07770868286147,132.1569010746124,133.95584615753805
2024-06-13,12.0,130.0932680484121,129.3376923042161,131.12222203409436,138.67214077297083,138.08979183725626,139.20419601926994,134.97307327649796,134.14319245819107,135.4556323066878,135.02881952009233,134.52803304743202,135.6134950566743,132.99119834001405,132.1068681316272,133.96788647907363,132.97790783391133,132.01519619081495,133.91048860727696
2024-06-14,12.0,130.0932680484121,129.3376923042161,131.12222203409436,138.65451592132277,138.07772483645073,139.1830915519414,135.01351915311136,134.26665415908104,135.41233220766702,135.02881952009233,134.52803304743202,135.6134950566743,133.01401936497936,132.17260458859457,133.96683149142953,133.00679026161808,132.07631626458587,133.89374455114404
2024-06-15,12.0,130.0932680484121,129.3376923042161,131.12222203409436,138.80195171189706,138.1960392842415,139.3549132645023,135.04707745228453,134.3616209905976,135.38319020387954,135.02881952009233,134.52803304743202,135.6134950566743,133.19501345472682,132.39715220797734,134.12055734046547,133.19273116848927,132.28380139359547,134.07035972562136
2024-06-16,12.0,130.0932680484121,129.3376923042161,131.12222203409436,138.78365670223806,138.18351340009968,139.33300039071332,135.07507815149762,134.46741086770356,135.36526093018318,135.02881952009233,134.52803304743202,135.6134950566743,133.20471914428092,132.42302725355685,134.10471161076174,133.2057573977788,132.31018345301393,134.07131491904673
2024-06-17,12.0,130.0932680484121,129.3376923042161,131.12222203409436,138.76545646246865,138.1710490986862,139.31120847903458,134.91312698126822,133.95693191569308,135.54982374057,135.02881952009233,134.52803304743202,135.6134950566743,133.02456773428207,132.03916929790682,134.04195296446608,133.00062877664567,131.96209125243783,133.9724853408023
2024-06-18,12.0,130.0932680484121,129.3376923042161,131.12222203409436,138.7473511156922,138.1586359493615,139.2895308743845,134.96402639980226,134.1076508072002,135.4717638390609,135.02881952009233,134.52803304743202,135.6134950566743,133.0573618060397,132.1520495334859,134.0424358266409,133.04244756512887,132.07562702101268,133.97638762084003
2024-06-19,12.0,130.0932680484121,129.3376923042161,131.12222203409436,138.72934063947196,138.14627593814248,139.26797170539294,135.0059253790316,134.2307690185809,135.42016603764168,135.02881952009233,134.52803304743202,135.6134950566743,133.08125030904878,132.2344546016293,134.04714996241557,133.07282430746818,132.14026797494236,133.9687776666481
2024-06-20,12.0,130.0932680484121,129.3376923042161,131.12222203409436,138.86994269064454,138.25911259124533,139.43186266659401,135.00024831286544,134.22472092382154,135.420745472113,135.02881952009233,134.52803304743202,135.6134950566743,133.2161752940552,132.3662933822127,134.18404421264546,133.2072456550872,132.275647303379,134.12596654212425
2024-06-21,12.0,130.0932680484121,129.3376923042161,131.12222203409436,138.85129851497737,138.24631405741462,139.40954099880824,135.03593394042957,134.32333376016012,135.38894998833254,135.02881952009233,134.52803304743202,135.6134950566743,133.23321674595218,132.42867180569,134.16773016063328,133.22929982483322,132.32131228254377,134.10633900059133
2024-06-22,12.0,130.0932680484121,129.3376923042161,131.12222203409436,139.02362215956092,138.38456315960758,139.610315481425,135.06562662029975,134.43859782435155,135.37003230468068,135.02881952009233,134.52803304743202,135.6134950566743,133.4352330704059,132.6516979587891,134.35418452747857,133.43561455659,132.54836674415063,134.30925984390052
2024-06-23,12.0,130.0932680484121,129.3376923042161,131.12222203409436,139.00418402339898,138.37124068823297,139.58703836842633,135.09048702895873,134.50374199898494,135.3571634929273,135.02881952009233,134.52803304743202,135.6134950566743,133.44065534290294,132.66154404631448,134.3456919488528,133.443858599522,132.56627726034478,134.30218420902426
2024-06-24,12.0,130.0932680484121,129.3376923042161,131.12222203409436,138.98484696378964,138.35797334098106,139.5638938311704,135.11142873574204,134.58915096716925,135.33823660056487,135.02881952009233,134.52803304743202,135.6134950566743,133.4422599900769,132.68016104625633,134.33099049146378,133.44762651909505,132.58001180389277,134.3069354961154
2024-06-25,12.0,130.0932680484121,129.3376923042161,131.12222203409436,139.11779814630583,138.46470547332166,139.71893992453303,135.01500204898355,134.30708942663077,135.44417235020353,135.02881952009233,134.52803304743202,135.6134950566743,133.47878448583458,132.67333010697175,134.43771347124783,133.46953461289482,132.5441839965927,134.37650146523038
2024-06-26,12.0,130.0932680484121,129.3376923042161,131.12222203409436,139.0978744474511,138.45104082546183,139.69508747079723,135.04914831718753,134.39734999734426,135.39328029109583,135.02881952009233,134.52803304743202,135.6134950566743,133.49300705518385,132.7195746923194,134.41955894574178,133.48937634381585,132.5955549723517,134.36945915185888
2024-06-27,12.0,130.0932680484121,129.3376923042161,131.12222203409436,139.17226447420666,138.51089876756492,139.7821067856877,135.0774564859492,134.49196433463757,135.36207995363372,135.02881952009233,134.52803304743202,135.6134950566743,133.59570525070112,132.82649013668868,134.5107661418883,133.5965181535112,132.7115568088045,134.46198667953834
2024-06-28,12.0,130.0932680484121,129.3376923042161,131.12222203409436,139.15206010563168,138.4970309968125,139.75792092089105,135.10105818193009,134.56444132838104,135.3502385254812,135.02881952009233,134.52803304743202,135.6134950566743,133.599102578107,132.8354573027349,134.49690109584557,133.6029338075938,132.7370456168479,134.46137873490616
2024-06-29,12.0,130.0932680484121,129.3376923042161,131.12222203409436,139.29546122356174,138.61214125392254,139.92512728165235,135.12085914093478,134.6463138046647,135.3353654474498,135.02881952009233,134.52803304743202,135.6134950566743,133.76230465504176,132.9784412697567,134.66747442169228,133.76893624845044,132.90389627693247,134.6282306393623
2024-06-30,12.0,130.0932680484121,129.3376923042161,131.12222203409436,139.2746207806315,138.59785184980367,139.90017640515683,135.1375746954288,134.7173643029833,135.3209649084915,135.02881952009233,134.52803304743202,135.6134950566743,133.75817976660556,132.9623271703723,134.66756656602945,133.76655445397634,132.90323544650957,134.62039372562666
2024-07-01,12.0,130.0932680484121,129.3376923042161,131.12222203409436,139.25388786887726,138.5836195558245,139.87536025782637,135.1517692885054,134.76031426935702,135.30583608648354,135.02881952009233,134.52803304743202,135.6134950566743,133.75164144792788,132.94604998094778,134.65196677150234,133.76136942224062,132.9014971977228,134.61842589028953
2024-07-02,12.0,130.0932680484121,129.3376923042161,131.12222203409436,139.23326384721065,138.56944238596802,139.85067199905328,135.11033241069433,134.63970405719851,135.35464307631938,135.02881952009233,134.52803304743202,135.6134950566743,133.6895805484502,132.92358323391892,134.577706598496,133.69261249317717,132.817592266147,134.54160613377186
2024-07-03,12.0,130.0932680484121,129.3376923042161,131.12222203409436,139.21274732203133,138.55532878485687,139.82612075528252,135.12958668072034,134.7127290517055,135.3353279991657,135.02881952009233,134.52803304743202,135.6134950566743,133.6883182932969,132.9084684342205,134.56266281176335,133.69416369771156,132.82873423070984,134.54841733969454
2024-07-04,12.0,130.0932680484121,129.3376923042161,131.12222203409436,139.37682715190778,138.6869871792682,140.0173645028437,135.14571671876044,134.7743290953124,135.3190943636351,135.02881952009233,134.52803304743202,135.6134950566743,133.86852816121345,133.06621613132086,134.77883166713772,133.8770099690961,133.01332105670858,134.73364591575245
2024-07-05,12.0,130.0932680484121,129.3376923042161,131.12222203409436,139.35556884193437,138.67236751476605,139.9919226446539,135.15930723263025,134.80344449470388,135.3085887619971,135.02881952009233,134.52803304743202,135.6134950566743,133.86086036510986,133.04863387828215,134.76793036634973,133.87089301984398,133.00194259242016,134.72216976829762
2024-07-06,12.0,130.0932680484121,129.3376923042161,131.12222203409436,139.54191120889737,138.82186578210985,140.20903750604134,135.17082814436432,134.82892642829887,135.29929620518874,135.02881952009233,134.52803304743202,135.6134950566743,134.0587236438069,133.22858036876897,134.9821504833653,134.070567375996,133.19671287123225,134.92990079895114
2024-07-07,12.0,130.0932680484121,129.3376923042161,131.12222203409436,139.51979972814502,138.8066697760004,140.1825703042675,135.1806531744998,134.86176210185457,135.28953442082414,135.02881952009233,134.52803304743202,135.6134950566743,134.04643719319006,133.20801399320086,134.95916947352424,134.05919960719854,133.18315807024098,134.91964786872643
2024-07-08,12.0,130.0932680484121,129.3376923042161,131.12222203409436,139.49780270497774,138.7914933288047,140.15624468917045,135.18907953892227,134.89745777776884,135.28378410287817,135.02881952009233,134.52803304743202,135.6134950566743,134.03286653444525,133.18983026149164,134.93977979549018,134.04635168476514,133.16781379383423,134.90638065582584
2024-07-09,12.0,130.0932680484121,129.3376923042161,131.12222203409436,139.47592125480125,138.7763902046158,140.12905730714016,135.011461316258,134.32564215612328,135.48874976959013,135.02881952009233,134.52803304743202,135.6134950566743,133.8333668616045,133.02393694191056,134.8281612468011,133.81971815843576,132.86700591459527,134.72097579379889
2024-07-10,12.0,130.0932680484121,129.3376923042161,131.12222203409436,139.45415382831038,138.76134731775943,140.1009178053956,134.8895550498496,133.77929956437467,135.6178701901959,135.02881952009233,134.52803304743202,135.6134950566743,133.68969316870525,132.67458148997608,134.76625452998974,133.65895683499318,132.57203102698003,134.6501913775447
2024-07-11,12.0,130.0932680484121,129.3376923042161,131.12222203409436,139.43249946844458,138.74636791846555,140.07297314207992,134.78743470772966,133.3937812653607,135.72200745241378,135.02881952009233,134.52803304743202,135.6134950566743,133.5659184667195,132.3040159021984,134.71933161698735,133.5219096034759,132.30618279849227,134.61912280748726
2024-07-12,12.0,130.0932680484121,129.3376923042161,131.12222203409436,139.41095826360623,138.73145639687704,140.0451865403009,134.86172381380632,133.6996508454859,135.61322281384417,135.02881952009233,134.52803304743202,135.6134950566743,133.61866636795776,132.5168012722114,134.71014486225025,133.58976957102686,132.49271340197822,134.59736580057972
2024-07-13,12.0,130.0932680484121,129.3376923042161,131.12222203409436,139.3895287875034,138.71661275299388,140.0171176067243,134.9220924363188,133.97966773521804,135.52184128353397,135.02881952009233,134.52803304743202,135.6134950566743,133.6576055143674,132.6572802029798,134.70140209280456,133.63947028559568,132.63301871344476,134.60446487112011
2024-07-14,12.0,130.0932680484121,129.3376923042161,131.12222203409436,139.36821165543492,138.70182495630038,139.9886052293708,134.97144161862337,134.13681600633794,135.44356093112066,135.02881952009233,134.52803304743202,135.6134950566743,133.68563756460355,132.77266049924998,134.682326412525,133.67533514165277,132.7224257720764,134.60314957039557
2024-07-15,12.0,130.0932680484121,129.3376923042161,131.12222203409436,139.34700512049164,138.68710284224085,139.9602564369072,135.01205949152583,134.26314429030694,135.41109445846772,135.02881952009233,134.52803304743202,135.6134950566743,133.7050489025627,132.8706258709441,134.6859065120395,133.70054098681007,132.78540666523142,134.61067400860958
2024-07-16,12.0,130.0932680484121,129.3376923042161,131.12222203409436,139.51601729867184,138.82267134931882,140.16196514130814,135.0457228264989,134.35844390387717,135.38538422604364,135.02881952009233,134.52803304743202,135.6134950566743,133.90772441571596,133.09937471337176,134.86259814855504,133.90814515789083,133.0215208430135,134.79808078792766
2024-07-17,12.0,130.0932680484121,129.3376923042161,131.12222203409436,139.4940466700045,138.807433609632,140.13259504948047,135.0738085559605,134.46363617383403,135.36690844180464,135.02881952009233,134.52803304743202,135.6134950566743,133.91383951651025,133.13635686044375,134.8484530649167,133.91754575205024,133.03972669005466,134.79407294370378
2024-07-18,12.0,130.0932680484121,129.3376923042161,131.12222203409436,139.71045070261928,138.9810184285471,140.39088060712282,135.09738795468073,134.5243205991153,135.3526694571057,135.02881952009233,134.52803304743202,135.6134950566743,134.15382294784524,133.38924109453333,135.09785667103822,134.16073751922914,133.3044996432628,135.03355819313674
2024-07-19,12.0,130.0932680484121,129.3376923042161,131.12222203409436,139.6874750495473,138.96509541134668,140.36069613175317,135.11729998965575,134.60879130392522,135.33071153752226,135.02881952009233,134.52803304743202,135.6134950566743,134.15075932974827,133.37201185301507,135.08686985600096,134.15961011129397,133.30163710478385,135.02368089028965
2024-07-20,12.0,130.0932680484121,129.3376923042161,131.12222203409436,139.6646194799577,138.94924571715308,140.330100259449,135.13420670437375,134.6852178779554,135.3168054810054,135.02881952009233,134.52803304743202,135.6134950566743,134.14481047487666,133.36705214713083,135.0717464626433,134.1551686706716,133.29673006385417,135.0099877704878
2024-07-21,12.0,130.0932680484121,129.3376923042161,131.12222203409436,139.64188317163214,138.9336886254555,140.29970886825726,135.14863458433507,134.74494157592542,135.30681499426387,135.02881952009233,134.52803304743202,135.6134950566743,134.13650204651242,133.34883416055945,135.0559232802957,134.1480450029707,133.28171665201526,135.0024842653685
2024-07-22,12.0,130.0932680484121,129.3376923042161,131.12222203409436,139.61926569584446,138.9182820228015,140.26950095696768,135.16100555776248,134.78019039581392,135.29858117152716,135.02881952009233,134.52803304743202,135.6134950566743,134.12625554415214,133.3294650549814,135.04327416301135,134.13873835772927,133.2782529438159,134.98997010464876
2024-07-23,12.0,130.0932680484121,129.3376923042161,131.12222203409436,139.82653268007002,139.084311429072,140.5172775304947,135.1716601447363,134.80713114941895,135.29076205789963,135.02881952009233,134.52803304743202,135.6134950566743,134.34417711535158,133.5382653330489,135.25401829761702,134.35809862294641,133.48758112534918,135.2129628200042
2024-07-24,12.0,130.0932680484121,129.3376923042161,131.12222203409436,139.80296064657722,139.0682598720613,140.4857631524816,135.1808750855923,134.83692673778182,135.28453718821444,135.02881952009233,134.52803304743202,135.6134950566743,134.32982002271476,133.51953321606229,135.26407513906813,134.3443486572935,133.47792258993312,135.2027680088439
2024-07-25,12.0,130.0932680484121,129.3376923042161,131.12222203409436,139.96037287593947,139.1948965552435,140.67322230539327,135.1624817472236,134.81719150986427,135.30924985845738,135.02881952009233,134.52803304743202,135.6134950566743,134.46883891370834,133.6635635971713,135.3841256367495,134.48075343491985,133.60679869440483,135.33782452656186
2024-07-26,12.0,130.0932680484121,129.3376923042161,131.12222203409436,139.9361096980894,139.1783832250676,140.64076842046106,135.17373711375944,134.84376194430064,135.29755519793196,135.02881952009233,134.52803304743202,135.6134950566743,134.4558311023941,133.644515527271,135.3902905247469,134.46907658068227,133.5974305123496,135.32542818017487
2024-07-27,12.0,130.0932680484121,129.3376923042161,131.12222203409436,139.91197244808484,139.16193350207982,140.60851791044334,135.12053141524913,134.7117251346062,135.3546346252856,135.02881952009233,134.52803304743202,135.6134950566743,134.3784881538792,133.6017141809934,135.29410446323303,134.3834348798719,133.50884287238128,135.24753757073583
2024-07-28,12.0,130.0932680484121,129.3376923042161,131.12222203409436,139.88796107856686,139.14556390912853,140.5764729877359,135.1391700979221,134.775325800511,135.3354267645525,135.02881952009233,134.52803304743202,135.6134950566743,134.37311546703418,133.59807886240588,135.2893534196316,134.38120403307386,133.51435661357155,135.23295083039537
2024-07-29,12.0,130.0932680484121,129.3376923042161,131.12222203409436,139.8640746996055,139.129241400517,140.54459054372052,135.15464869012646,134.82882591227067,135.31903326546308,135.02881952009233,134.52803304743202,135.6134950566743,134.3647076802772,133.57914229426956,135.2866179681473,134.37505903963174,133.50906713578664,135.22540746874674
2024-07-30,12.0,130.0932680484121,129.3376923042161,131.12222203409436,139.84031309795944,139.11200084436587,140.5129136870154,135.16758157817839,134.85707918252072,135.30685079218495,135.02881952009233,134.52803304743202,135.6134950566743,134.35387896668306,133.55936818033703,135.27632331843765,134.3658987650466,133.5043686653545,135.21245425226635
2024-07-31,12.0,130.0932680484121,129.3376923042161,131.12222203409436,139.81667517917492,139.09328913120044,140.4814203102125,135.17846052620763,134.88272465200856,135.29841786570296,135.02881952009233,134.52803304743202,135.6134950566743,134.34111999592778,133.5389305412391,135.26532857988005,134.35439237739712,133.49772544959058,135.196760777551
2024-08-01,12.0,130.0932680484121,129.3376923042161,131.12222203409436,140.02654332413124,139.2649982625785,140.73227846444823,135.18767330679864,134.91144564043145,135.2913279517793,135.02881952009233,134.52803304743202,135.6134950566743,134.56020092147511,133.74300172093146,135.4950355310811,134.57512879535696,133.70488572849482,135.42521476309653
2024-08-02,12.0,130.0932680484121,129.3376923042161,131.12222203409436,140.00194269657086,139.24724498083492,140.6994775147239,135.19552501522645,134.94114866441893,135.2841745051705,135.02881952009233,134.52803304743202,135.6134950566743,134.54345200234255,133.7236211356892,135.47898835235566,134.55911202409263,133.69346613081362,135.41004265931957
2024-08-03,12.0,130.0932680484121,129.3376923042161,131.12222203409436,140.19632850201444,139.40416431971764,140.9314946951236,135.20225683782095,134.9761353918548,135.27865026282151,135.02881952009233,134.52803304743202,135.6134950566743,134.74456963038062,133.90809952573224,135.67913811595534,134.76147792311556,133.88022749608965,135.61355907959037
2024-08-04,12.0,130.0932680484121,129.3376923042161,131.12222203409436,140.17085087427424,139.3867681292809,140.89750886114527,135.20806059427287,135.00163781515988,135.27524299188983,135.02881952009233,134.52803304743202,135.6134950566743,134.72489575909233,133.89076464020002,135.65811249002985,134.74224781820232,133.8639119185592,135.59489979738404
2024-08-05,12.0,130.0932680484121,129.3376923042161,131.12222203409436,140.14550549405038,139.36749514174673,140.86370761326705,135.213090248028,135.0235068335506,135.27243419382629,135.02881952009233,134.52803304743202,135.6134950566743,134.70458003262362,133.87280943407322,135.6361325694958,134.72228272302627,133.8456114992805,135.57287124095237
2024-08-06,12.0,130.0932680484121,129.3376923042161,131.12222203409436,140.33254257460547,139.51967403455782,141.08678400771444,135.21747001625042,135.04349517354137,135.26983548385684,135.02881952009233,134.52803304743202,135.6134950566743,134.89599688140112,134.05459756944,135.84267474589817,134.91464993896219,134.02248494998545,135.77573456664342
2024-08-07,12.0,130.0932680484121,129.3376923042161,131.12222203409436,140.30636323910906,139.50109268675382,141.051858666817,135.22130113838534,135.06124459469837,135.2678858031416,135.02881952009233,134.52803304743202,135.6134950566743,134.87364866803966,134.03569040074595,135.8181046721151,134.8925203697277,134.0032885140616,135.75537298416162
2024-08-08,12.0,130.0932680484121,129.3376923042161,131.12222203409436,140.28031798427205,139.4804815244594,141.01715880824213,135.171190462288,134.9338170121918,135.32624752312225,135.02881952009233,134.52803304743202,135.6134950566743,134.79749273710527,133.99154842466385,135.71811762499166,134.80858464047392,133.9246404992153,135.66767569203472
2024-08-09,12.0,130.0932680484121,129.3376923042161,131.12222203409436,140.2544094096875,139.4599673914971,140.98264242956947,135.18306760081742,134.96380094486594,135.30801462477194,135.02881952009233,134.52803304743202,135.6134950566743,134.78346130105015,133.97160964717207,135.71469891227682,134.7967459086691,133.91407502433717,135.65038694682323
2024-08-10,12.0,130.0932680484121,129.3376923042161,131.12222203409436,140.3837037167883,139.56609739794564,141.1359720751753,135.19288723028254,134.98798367690205,135.29780101090722,135.02881952009233,134.52803304743202,135.6134950566743,134.92257523761606,134.0904106411593,135.85820403142895,134.93796763928097,134.05175236136122,135.7971823472217
2024-08-11,12.0,130.0932680484121,129.3376923042161,131.12222203409436,140.35726217741393,139.54508260948518,141.10076156691838,135.2010559599153,135.00842536120555,135.28915134549536,135.02881952009233,134.52803304743202,135.6134950566743,134.90430242787446,134.07063854780887,135.83920565241053,134.9208176064963,134.03721353900374,135.77462673030837
2024-08-12,12.0,130.0932680484121,129.3376923042161,131.12222203409436,140.33095826520213,139.5239991677745,141.06573453856367,134.9491590183745,134.00188189591427,135.57840550930766,135.02881952009233,134.52803304743202,135.6134950566743,134.62610157412186,133.67296730113327,135.6722166747517,134.60445816394503,133.56859240915733,135.56231655062768
2024-08-13,12.0,130.0932680484121,129.3376923042161,131.12222203409436,140.44026360988556,139.613518807479,141.19491776339027,134.99841528628508,134.21741265510133,135.4957116905755,135.02881952009233,134.52803304743202,135.6134950566743,134.78466318671587,133.898826266588,135.80692784311518,134.7742733099261,133.82309058650696,135.7016390159678
2024-08-14,12.0,130.0932680484121,129.3376923042161,131.12222203409436,140.41353097599435,139.59208110006077,141.15931929411877,135.03837775336012,134.41560973806293,135.44483917523922,135.02881952009233,134.52803304743202,135.6134950566743,134.7978930198997,133.97541237452634,135.797548625245,134.79506003458133,133.89459321253867,135.7104197855214
2024-08-15,12.0,130.0932680484121,129.3376923042161,131.12222203409436,140.38693822195953,139.57150050390064,141.12396620218212,135.0709739553884,134.5307280315216,135.38732601646203,135.02881952009233,134.52803304743202,135.6134950566743,134.80389646789314,134.01513814041692,135.7763695824473,134.8065082871133,133.92899082214143,135.70048859447317
2024-08-16,12.0,130.0932680484121,129.3376923042161,131.12222203409436,140.36048301283415,139.55284142131916,141.08958447195766,135.09773943129258,134.61513325887523,135.35832057463784,135.02881952009233,134.52803304743202,135.6134950566743,134.80420673467196,134.03346506480895,135.75729781075933,134.81080823631967,133.94786676326035,135.68729867087197
2024-08-17,12.0,130.0932680484121,129.3376923042161,131.12222203409436,140.33416613201865,139.53423418793926,141.0551543644257,135.1198704836262,134.68677275924532,135.3427924252504,135.02881952009233,134.52803304743202,135.6134950566743,134.80002090619007,134.02124344834047,135.74028182594546,134.80958095984298,133.94844242336404,135.6783338034613
2024-08-18,12.0,130.0932680484121,129.3376923042161,131.12222203409436,140.43746075826698,139.617031469974,141.1762943990229,135.1382939983612,134.74337056969182,135.32878080744453,135.02881952009233,134.52803304743202,135.6134950566743,134.92173904717345,134.1296644725845,135.85354723029027,134.9340211752335,134.0717965599669,135.80240220933177
2024-08-19,12.0,130.0932680484121,129.3376923042161,131.12222203409436,140.4107469839965,139.59815798911592,141.14122801034242,135.1537299087318,134.79038943036926,135.32058532374194,135.02881952009233,134.52803304743202,135.6134950566743,134.91046118327353,134.11978223295844,135.84426535707263,134.9244142835982,134.0537943059371,135.7798567547861
2024-08-20,12.0,130.0932680484121,129.3376923042161,131.12222203409436,140.38417176119455,139.57935830817345,141.10593709706504,135.1667406592464,134.83851404817256,135.30788619414207,135.02881952009233,134.52803304743202,135.6134950566743,134.89689671098617,134.1009266213574,135.81926910596846,134.91212108943876,134.03718650848847,135.76221460805542
2024-08-21,12.0,130.0932680484121,129.3376923042161,131.12222203409436,140.35773508266496,139.56064737639042,141.07083499788277,135.17776898291393,134.88805761960595,135.2970572134413,135.02881952009233,134.52803304743202,135.6134950566743,134.88148835612412,134.08198043662804,135.80335905515966,134.89768606623858,134.01972133904442,135.74722746628248
2024-08-22,12.0,130.0932680484121,129.3376923042161,131.12222203409436,140.5153174142564,139.68768116915498,141.25822359297757,135.18716603591793,134.92982248583698,135.29045659009327,135.02881952009233,134.52803304743202,135.6134950566743,135.04846774071953,134.23395134812841,135.98367989218087,135.0660379543956,134.17905087923913,135.92315201455156
2024-08-23,12.0,130.0932680484121,129.3376923042161,131.12222203409436,140.48820153258364,139.6683270370212,141.22220417232157,135.19521244354763,134.95243062306247,135.28501756405822,135.02881952009233,134.52803304743202,135.6134950566743,135.02939826667654,134.21405119932942,135.96722221487917,135.0475494794444,134.16721510840742,135.90546638394852
2024-08-24,12.0,130.0932680484121,129.3376923042161,131.12222203409436,140.46123040901753,139.64907496796795,141.18773946746876,135.20213411445604,134.96957140580457,135.28041598758946,135.02881952009233,134.52803304743202,135.6134950566743,135.0093488140188,134.19365679233644,135.94699957967427,135.02794934380663,134.15389238270953,135.88134230583273
2024-08-25,12.0,130.0932680484121,129.3376923042161,131.12222203409436,140.43439714248223,139.62992496199513,141.1536333097919,135.00241830512292,134.24448212952095,135.50676276137338,135.02881952009233,134.52803304743202,135.6134950566743,134.78279973815037,133.88379040247742,135.80161896186377,134.770908174233,133.80687379825093,135.69096237723156
2024-08-26,12.0,130.0932680484121,129.3376923042161,131.12222203409436,140.40770469863025,139.61085025681805,141.11971852556024,135.04209728731678,134.43814378450963,135.4443129822777,135.02881952009233,134.52803304743202,135.6134950566743,134.79578627649224,133.9845324001694,135.78408092972444,134.7921688399947,133.88489734597624,135.69960156495586
2024-08-27,12.0,130.0932680484121,129.3376923042161,131.12222203409436,140.3811502885357,139.59199872667403,141.0864107186188,135.07443532336833,134.54809838361362,135.40255814740328,135.02881952009233,134.52803304743202,135.6134950566743,134.80156990244924,134.01810674015334,135.77728516544215,134.80378158854478,133.92429967967507,135.68889222690063
2024-08-28,12.0,130.0932680484121,129.3376923042161,131.12222203409436,140.52290187748292,139.70688936660284,141.25360242573544,135.1009321074795,134.62986709291545,135.3595689601152,135.02881952009233,134.52803304743202,135.6134950566743,134.96981827550766,134.21052742936874,135.92709941286657,134.97682445991947,134.11277606546903,135.85651543432024
2024-08-29,12.0,130.0932680484121,129.3376923042161,131.12222203409436,140.73533078718557,139.87827096257914,141.50460688034605,135.12278704534583,134.6958208539092,135.3400244592983,135.02881952009233,134.52803304743202,135.6134950566743,135.20410212307667,134.4108477777191,136.15893194301245,135.214940501406,134.33928881066268,136.08815651118357
2024-08-30,12.0,130.0932680484121,129.3376923042161,131.12222203409436,140.70708250229444,139.8581139842325,141.46866258717387,135.14093776362438,134.75412813555985,135.32705856467433,135.02881952009233,134.52803304743202,135.6134950566743,135.19400455646405,134.39949010804432,136.14054666187454,135.20713180715526,134.33013963799962,136.07662222392483
2024-08-31,12.0,130.0932680484121,129.3376923042161,131.12222203409436,140.89410470510748,140.00935881925304,141.6896761374091,135.15611342959036,134.7975367828966,135.3191041096681,135.02881952009233,134.52803304743202,135.6134950566743,135.39620242524308,134.5739499729901,136.34756670059411,135.4117519627895,134.52268726183462,136.28842304085256
2024-09-01,12.0,130.0932680484121,129.3376923042161,131.12222203409436,140.86503823440316,139.98861807009817,141.65267441367254,135.16888211661632,134.84920228668346,135.30882877009287,135.02881952009233,134.52803304743202,135.6134950566743,135.37990464156468,134.56882149318685,136.33354848030686,135.39674908389483,134.50429220118664,136.2619916904945
2024-09-02,12.0,130.0932680484121,129.3376923042161,131.12222203409436,140.836121206171,139.96796443478,141.6158810000232,135.17968932480483,134.89740321567248,135.2967100638946,135.02881952009233,134.52803304743202,135.6134950566743,135.36179482152107,134.5539261087819,136.31416852462712,135.37962729972637,134.49045209345246,136.24183833285147
2024-09-03,12.0,130.0932680484121,129.3376923042161,131.12222203409436,140.99062894302708,140.09337719372925,141.79850680829443,135.13347855449163,134.75900790450135,135.3490635993934,135.02881952009233,134.52803304743202,135.6134950566743,135.47009178806394,134.66020277095376,136.42415734096278,135.48121705596694,134.60815339577886,136.36385262695765
2024-09-04,12.0,130.0932680484121,129.3376923042161,131.12222203409436,140.96106440299863,140.07228605300816,141.76088187978817,135.1505601288844,134.80616994525857,135.32674124912035,135.02881952009233,134.52803304743202,135.6134950566743,135.45760882242823,134.64067704624316,136.4111689679229,135.47139335493623,134.59456651765436,136.34184688400433
2024-09-05,12.0,130.0932680484121,129.3376923042161,131.12222203409436,141.1923474947301,140.25888268795651,142.03414473190796,135.1647665852185,134.8510962179986,135.31270072482462,135.02881952009233,134.52803304743202,135.6134950566743,135.70309837049382,134.85950112418539,136.66024372854278,135.71961075711553,134.8205659595851,136.59188993469087
2024-09-06,12.0,130.0932680484121,129.3376923042161,131.12222203409436,141.16174030147752,140.23706215642835,141.99514737251488,135.1766490688825,134.8991775616318,135.30490878009596,135.02881952009233,134.52803304743202,135.6134950566743,135.68437366090527,134.8365606260812,136.65801027912664,135.7022875820749,134.8060419314227,136.5720398580464
2024-09-07,12.0,130.0932680484121,129.3376923042161,131.12222203409436,141.13129294119489,140.2153144348996,141.9563833936828,135.18664983167588,134.94143145801453,135.29688795401924,135.02881952009233,134.52803304743202,135.6134950566743,135.663927063416,134.82412301303523,136.6324362636335,135.68288406655788,134.78836217701863,136.5500429639574
2024-09-08,12.0,130.0932680484121,129.3376923042161,131.12222203409436,141.10100418798555,140.19368308028862,141.917849062985,135.1951189674267,134.9643411188087,135.2887861151837,135.02881952009233,134.52803304743202,135.6134950566743,135.64210744595752,134.80564890568598,136.60578301165367,135.66184931426932,134.77287514354282,136.5303932311319
2024-09-09,12.0,130.0932680484121,129.3376923042161,131.12222203409436,141.07087254608976,140.17213948492082,141.8795638335076,135.202333408406,134.98081635809794,135.2817749407054,135.02881952009233,134.52803304743202,135.6134950566743,135.61919024504098,134.78299297584027,136.57400453863903,135.63952802157996,134.74936668368372,136.50423743993963
2024-09-10,12.0,130.0932680484121,129.3376923042161,131.12222203409436,141.04089743545177,140.15066869955245,141.84200125653356,135.20851304512811,134.9992653110263,135.2778236454791,135.02881952009233,134.52803304743202,135.6134950566743,135.59539477112511,134.76023644838355,136.5418124070335,135.61618784927944,134.72754911736092,136.48286508210342
2024-09-11,12.0,130.0932680484121,129.3376923042161,131.12222203409436,141.01107916933967,140.1293292303456,141.80466881790701,135.11295765636223,134.72191419064947,135.3877338776733,135.02881952009233,134.52803304743202,135.6134950566743,135.47002111624712,134.6763529949245,136.42989830033852,135.47609840903502,134.5811418917532,136.3739299625308
2024-09-12,12.0,130.0932680484121,129.3376923042161,131.12222203409436,140.98141507029305,140.10804826730086,141.77133659643317,135.1344397027849,134.79460819411105,135.35440360617005,135.02881952009233,134.52803304743202,135.6134950566743,135.4618390636232,134.6668611977266,136.42703633234743,135.4720812290936,134.60174405273392,136.35673392299952
2024-09-13,12.0,130.0932680484121,129.3376923042161,131.12222203409436,140.951906448283,140.0868836711739,141.73702426370443,135.15205871518387,134.83505152857697,135.33037804805383,135.02881952009233,134.52803304743202,135.6134950566743,135.4499494540121,134.64469871289234,136.40864645940368,135.4631319302216,134.60124367710878,136.33709960655486
2024-09-14,12.0,130.0932680484121,129.3376923042161,131.12222203409436,140.92255108891806,140.0658068342901,141.7012699081794,135.16659139037267,134.8787835222992,135.31162985565814,135.02881952009233,134.52803304743202,135.6134950566743,135.43512676983596,134.62425971177666,136.385709405756,135.45043377644518,134.57753148597484,136.3152848746339
2024-09-15,12.0,130.0932680484121,129.3376923042161,131.12222203409436,140.8933490871093,140.04481775664945,141.66575175270762,135.17865948362567,134.9160197796984,135.30464653233156,135.02881952009233,134.52803304743202,135.6134950566743,135.41799286128017,134.6030392470068,136.36569698265916,135.43485880369673,134.56786119816084,136.29211585167997
2024-09-16,12.0,130.0932680484121,129.3376923042161,131.12222203409436,140.86429841613375,140.0239307420893,141.6304057735227,135.18875040997546,134.95645245677542,135.29842962670918,135.02881952009233,134.52803304743202,135.6134950566743,135.39903311665444,134.58963082986102,136.34051562583716,135.4170571031926,134.54963716946875,136.26856529058355
2024-09-17,12.0,130.0932680484121,129.3376923042161,131.12222203409436,141.05978578250324,140.1819207761112,141.8582050226923,135.19724467595745,134.98960254424745,135.29150484610818,135.02881952009233,134.52803304743202,135.6134950566743,135.60301474900595,134.77546785749993,136.54482498423306,135.62263946687722,134.7406642404058,136.48230463098528
2024-09-18,12.0,130.0932680484121,129.3376923042161,131.12222203409436,141.0298751121458,140.16042073766175,141.82177751830258,135.20444005144392,135.00568015313826,135.28426648160138,135.02881952009233,134.52803304743202,135.6134950566743,135.58029945413494,134.75895231014474,136.51947658449848,135.6005747797209,134.7226301857698,136.4604300309666
2024-09-19,12.0,130.0932680484121,129.3376923042161,131.12222203409436,141.35282573139366,140.42000077656863,142.19358300592785,135.2105711191351,135.0203374336479,135.27849342864636,135.02881952009233,134.52803304743202,135.6134950566743,135.909381141074,135.05932387941746,136.88333859769682,135.93116186367112,135.0361439764706,136.81277141471483
2024-09-20,12.0,130.0932680484121,129.3376923042161,131.12222203409436,141.3213998976044,140.3974495634205,142.15847660009044,135.21582400997474,135.0387345876245,135.27509893578375,135.02881952009233,134.52803304743202,135.6134950566743,135.88320819812438,135.03873063657096,136.84652053460402,135.9053581663152,135.00824803536835,136.7834994406434
2024-09-21,12.0,130.0932680484121,129.3376923042161,131.12222203409436,141.29013772112745,140.37501536259666,142.12138590803644,135.22034760368587,135.05966068795405,135.27229991991794,135.02881952009233,134.52803304743202,135.6134950566743,135.85646961535855,135.01259990129864,136.80888825704346,135.87889870253213,134.9801861987994,136.7577145413037
2024-09-22,12.0,130.0932680484121,129.3376923042161,131.12222203409436,141.25903910815515,140.35268322485325,142.0835325258682,135.22426183883195,135.08016453402303,135.26970703680362,135.02881952009233,134.52803304743202,135.6134950566743,135.82928523753233,134.98639101414668,136.7714854243198,135.85192375785488,134.96605476985988,136.72839963641388
2024-09-23,12.0,130.0932680484121,129.3376923042161,131.12222203409436,141.2281020521108,140.33045315019032,142.0458954487409,135.2276640917429,135.09548694032532,135.2677950949886,135.02881952009233,134.52803304743202,135.6134950566743,135.80175043439894,134.96207756431534,136.73740435600564,135.82454571198986,134.95127847993228,136.6956229590138
2024-09-24,12.0,130.0932680484121,129.3376923042161,131.12222203409436,141.36817999051462,140.44447527890847,142.20929336638767,135.2306338795641,135.1093788802736,135.26624008030637,135.02881952009233,134.52803304743202,135.6134950566743,135.94479816062398,135.095568678145,136.89456185500651,135.96834523390262,135.08813388189725,136.85400332024562
2024-09-25,12.0,130.0932680484121,129.3376923042161,131.12222203409436,141.33667925901852,140.4218363065172,142.17096324538338,135.2332366206578,135.12207608647356,135.26475232831717,135.02881952009233,134.52803304743202,135.6134950566743,135.91590017022156,135.070023440951,136.85869520223943,135.93952824816697,135.060297898764,136.82062028824367
2024-09-26,12.0,130.0932680484121,129.3376923042161,131.12222203409436,141.30534320163437,140.39930004261285,142.13284942942005,135.23552644534482,135.13368232996078,135.26356934635135,135.02881952009233,134.52803304743202,135.6134950566743,135.8868539375244,135.04433371090178,136.825684265361,135.91053673446476,135.03302232526983,136.79068907377965
2024-09-27,12.0,130.0932680484121,129.3376923042161,131.12222203409436,141.27416939062667,140.37685089254524,142.0949276847559,135.23754830135397,135.1438595528934,135.26259044373748,135.02881952009233,134.52803304743202,135.6134950566743,135.85770198252587,135.0185095376347,136.79645934257877,135.8814197832092,135.00595948400468,136.77063236232675
2024-09-28,12.0,130.0932680484121,129.3376923042161,131.12222203409436,141.24315773496932,140.35451875480183,142.0572222451327,135.23933980771457,135.15194576079924,135.26187722228394,135.02881952009233,134.52803304743202,135.6134950566743,135.82848183322912,134.99139603717535,136.7885078703131,135.85221801760494,134.97753243821322,136.74049001949035
2024-09-29,12.0,130.0932680484121,129.3376923042161,131.12222203409436,141.21230756093962,140.33225942705786,142.0197528076869,135.24093251245546,135.15945709812303,135.26135366001384,135.02881952009233,134.52803304743202,135.6134950566743,135.7992243639403,134.96164344334895,136.77299068194841,135.82296524200603,134.95019497797415,136.70169141338678
2024-09-30,12.0,130.0932680484121,129.3376923042161,131.12222203409436,141.18161828434685,140.31010216239434,141.98267713346988,135.24235304285196,135.1664346385443,135.26092880980403,135.02881952009233,134.52803304743202,135.6134950566743,135.76995561774405,134.93201865887045,136.74755661696634,135.79368938172632,134.9228810916627,136.66942748619556
2024-10-01,12.0,130.0932680484121,129.3376923042161,131.12222203409436,141.1510884706556,140.2846812189157,141.94576303007216,135.2436239218729,135.17291648374842,135.26060281663757,135.02881952009233,134.52803304743202,135.6134950566743,135.74069668307374,134.90395314158,136.7152603092466,135.76441406128262,134.89481788628507,136.63471836891566
2024-10-02,12.0,130.0932680484121,129.3376923042161,131.12222203409436,141.12071811462573,140.25909643632482,141.90909085147968,135.1045694639916,134.64090040006982,135.42333746318022,135.02881952009233,134.52803304743202,135.6134950566743,135.57127186916256,134.76804846900643,136.5330256767038,135.57384370089432,134.68075784368312,136.4691043376212
2024-10-03,12.0,130.0932680484121,129.3376923042161,131.12222203409436,141.09050440626595,140.23363143545197,141.87100351607472,135.1291360377423,134.74041013499138,135.37773542586362,135.02881952009233,134.52803304743202,135.6134950566743,135.5656247345535,134.7899547103912,136.52698199839796,135.57365187244397,134.69684680732865,136.4527194209429
2024-10-04,12.0,130.0932680484121,129.3376923042161,131.12222203409436,141.0604485838723,140.2083037230597,141.83276058065624,135.1490430399201,134.83996598297531,135.35252595559214,135.02881952009233,134.52803304743202,135.6134950566743,135.55547591433762,134.77077214422462,136.52020075839704,135.56731220439445,134.71348364011334,136.44037539346624
2024-10-05,12.0,130.0932680484121,129.3376923042161,131.12222203409436,141.03055017889974,140.18311329914803,141.79594075549113,135.1652592492302,134.903194577167,135.3265478557968,135.02881952009233,134.52803304743202,135.6134950566743,135.54179371867517,134.7575163706976,136.49076385608652,135.55634975678817,134.70746447667995,136.41449163572037
2024-10-06,12.0,130.0932680484121,129.3376923042161,131.12222203409436,141.00080578408682,140.1579470896925,141.75969550318496,135.17855813987927,134.94492240581013,135.3086012026454,135.02881952009233,134.52803304743202,135.6134950566743,135.52534821451133,134.73306942115397,136.46889897586078,135.5418778459854,134.6882063752328,136.39181925527694
2024-10-07,12.0,130.0932680484121,129.3376923042161,131.12222203409436,140.97121690058123,140.13418248599265,141.72365496496934,135.18954222877434,134.97698546467578,135.30022585371455,135.02881952009233,134.52803304743202,135.6134950566743,135.5067434199008,134.7059634556452,136.4461992322467,135.5247182341387,134.67926563480376,136.38074911860502
2024-10-08,12.0,130.0932680484121,129.3376923042161,131.12222203409436,141.13450268576628,140.2726266817418,141.91434646242925,135.1986777294339,135.0061705155829,135.2932595040907,135.02881952009233,134.52803304743202,135.6134950566743,135.67916470574542,134.864818916166,136.62218170311633,135.69887623348373,134.84073445708196,136.56054967684582
2024-10-09,12.0,130.0932680484121,129.3376923042161,131.12222203409436,141.10422270211876,140.24705101088873,141.8774474047666,135.2063261626617,135.03000323018443,135.2892253013787,135.02881952009233,134.52803304743202,135.6134950566743,135.65653315532572,134.83721054074198,136.6058918573216,135.67703175541138,134.82190988085523,136.538395991942
2024-10-10,12.0,130.0932680484121,129.3376923042161,131.12222203409436,141.24682947736608,140.36929897726841,142.0440696786963,135.21276934087075,135.0538557190093,135.2835567811045,135.02881952009233,134.52803304743202,135.6134950566743,135.80558310878206,134.9718260237919,136.75202218714003,135.82730004552573,134.9586973539601,136.6935612427567
2024-10-11,12.0,130.0932680484121,129.3376923042161,131.12222203409436,141.21596984543297,140.34328034606432,142.0064499636644,135.21822873371806,135.07800916988415,135.27763968270256,135.02881952009233,134.52803304743202,135.6134950566743,135.78018286969626,134.9467434707336,136.73001715926986,135.8023289205611,134.94308056018468,136.6650064414865
2024-10-12,12.0,130.0932680484121,129.3376923042161,131.12222203409436,141.18527148232627,140.317263071911,141.96901608989975,135.22287962369847,135.09402301423086,135.27437665525355,135.02881952009233,134.52803304743202,135.6134950566743,135.75413539656995,134.92011097738146,136.70712613176957,135.77659665545855,134.91939035294808,136.64810746109603
2024-10-13,12.0,130.0932680484121,129.3376923042161,131.12222203409436,141.15473242739836,140.29117656361748,141.93180580304895,135.049349699339,134.4093226359445,135.47034669454467,135.02881952009233,134.52803304743202,135.6134950566743,135.55006641728258,134.6799186181851,136.54593047963988,135.5460835461475,134.61512975745842,136.46109687585195
2024-10-14,12.0,130.0932680484121,129.3376923042161,131.12222203409436,141.12435130031,140.2678319471499,141.89481494505966,135.08257633348134,134.55798234716045,135.41773059600368,135.02881952009233,134.52803304743202,135.6134950566743,135.55291192433657,134.74231761250488,136.51894994991432,135.55601828669367,134.67999041209777,136.46012032071505
2024-10-15,12.0,130.0932680484121,129.3376923042161,131.12222203409436,141.22409901676676,140.35178614947603,142.0086024356397,134.89816630415464,133.907640013079,135.61778983175503,135.02881952009233,134.52803304743202,135.6134950566743,135.46824961146666,134.36816272430673,136.54084767399394,135.44467601085896,134.34998715676926,136.46151726603938
2024-10-16,12.0,130.0932680484121,129.3376923042161,131.12222203409436,141.19336008344357,140.32403730721762,141.97249693586542,134.9560002534831,134.06484427418619,135.54068327494505,135.02881952009233,134.52803304743202,135.6134950566743,135.4953446274719,134.50540657845565,136.53098402291695,135.4837277648459,134.49202172989473,136.4436806516887
2024-10-17,12.0,130.0932680484121,129.3376923042161,131.12222203409436,141.16278213057254,140.2982454994942,141.93529919894482,135.0029297891807,134.25370889652876,135.4692909455019,135.02881952009233,134.52803304743202,135.6134950566743,135.51169621029848,134.60540212990304,136.51221903042332,135.50855422365981,134.56519782826106,136.439899352218
2024-10-18,12.0,130.0932680484121,129.3376923042161,131.12222203409436,141.13236155904394,140.27229711721108,141.89680237301226,135.04122894730065,134.38713983128739,135.40551398967108,135.02881952009233,134.52803304743202,135.6134950566743,135.51957479688983,134.66320389007308,136.50586930003888,135.52256777476356,134.61451248003965,136.43213799948794
2024-10-19,12.0,130.0932680484121,129.3376923042161,131.12222203409436,141.32581658202753,140.43825850014952,142.12332612856295,135.07269297363956,134.48494316474165,135.376086354053,135.02881952009233,134.52803304743202,135.6134950566743,135.74449384621235,134.92525621921425,136.72336591673414,135.75273672060774,134.8514573449607,136.66014647928031
2024-10-20,12.0,130.0932680484121,129.3376923042161,131.12222203409436,141.29455423957742,140.4096797206519,142.0856437641993,135.09871644060456,134.5720178460363,135.3593229502474,135.02881952009233,134.52803304743202,135.6134950566743,135.73925497072722,134.9546122313084,136.70106618004291,135.7508412472624,134.86875065286785,136.63312446722824
2024-10-21,12.0,130.0932680484121,129.3376923042161,131.12222203409436,141.2634544937377,140.3833433572569,142.04701211133835,135.12038042049872,134.654476652483,135.34207869178496,135.02881952009233,134.52803304743202,135.6134950566743,135.72981920478168,134.9343092050002,136.69362625712012,135.74391012038527,134.87906193029173,136.61709108551182
2024-10-22,12.0,130.0932680484121,129.3376923042161,131.12222203409436,141.23251786480068,140.3568976124326,142.00787761402117,135.13852582819823,134.72079293152942,135.32921923870657,135.02881952009233,134.52803304743202,135.6134950566743,135.71702798354414,134.93527628634288,136.68549115717818,135.73300805187097,134.88252100666367,136.58933620775068
2024-10-23,12.0,130.0932680484121,129.3376923042161,131.12222203409436,141.20174059500687,140.33056491130324,141.96895999210125,135.1538111001595,134.77859176088273,135.3157490366753,135.02881952009233,134.52803304743202,135.6134950566743,135.70153598571156,134.91812458124582,136.6580690815871,135.71895292847628,134.86026625113755,136.5739795567602
2024-10-24,12.0,130.0932680484121,129.3376923042161,131.12222203409436,141.37303627779346,140.47556775228006,142.171584651573,135.16675563634647,134.82192228860282,135.30462406450576,135.02881952009233,134.52803304743202,135.6134950566743,135.88577620468516,135.09467650432612,136.86416881953798,135.9049934720984,135.0393464634297,136.76820936353067
2024-10-25,12.0,130.0932680484121,129.3376923042161,131.12222203409436,141.34153377156144,140.4486170925284,142.13159649712145,135.17777222965935,134.86476194265637,135.29673007052406,135.02881952009233,134.52803304743202,135.6134950566743,135.86529029176603,135.06551685539702,136.82635575214115,135.8853495691218,135.02115272827157,136.74150127876703
2024-10-26,12.0,130.0932680484121,129.3376923042161,131.12222203409436,141.5149986961892,140.59721676733233,142.33586025565953,135.18719152863682,134.91070664407454,135.2902238289051,135.02881952009233,134.52803304743202,135.6134950566743,136.04817451537124,135.2255740097161,137.01631518949623,136.0695999319661,135.20460913950487,136.93093133708783
2024-10-27,12.0,130.0932680484121,129.3376923042161,131.12222203409436,141.4827623156098,140.56779980335511,142.29569540204878,135.19528015019733,134.94301111118347,135.2842143783245,135.02881952009233,134.52803304743202,135.6134950566743,136.02402675635238,135.19868493171802,136.99170119657344,136.0459553930187,135.18064542631552,136.90467143347615
2024-10-28,12.0,130.0932680484121,129.3376923042161,131.12222203409436,141.4506943823846,140.54042297790818,142.25492378629139,135.20225451565727,134.97056615581047,135.2790936685678,135.02881952009233,134.52803304743202,135.6134950566743,135.9989331885871,135.1698233525951,136.96087184382046,136.02125324239827,135.15415779579772,136.88036602277336
2024-10-29,12.0,130.0932680484121,129.3376923042161,131.12222203409436,141.41879230261213,140.51314692991716,142.21437173872638,135.20829148340667,134.98956326245886,135.2760350631225,135.02881952009233,134.52803304743202,135.6134950566743,135.97306807656403,135.1433984167166,136.93137144596508,135.99569498895153,135.125295219965,136.85475962161883
2024-10-30,12.0,130.0932680484121,129.3376923042161,131.12222203409436,141.38705705320243,140.48855964166148,142.17406187497224,135.21353626115527,135.00597813525863,135.2727431004253,135.02881952009233,134.52803304743202,135.6134950566743,135.9465776049029,135.1180514109621,136.90361060323386,135.96944407595055,135.10220731620956,136.8282867922092
2024-10-31,12.0,130.0932680484121,129.3376923042161,131.12222203409436,141.61243172614314,140.67809321318904,142.44186854992458,135.21810884882058,135.0261503729682,135.27011104527995,135.02881952009233,134.52803304743202,135.6134950566743,136.17652486550895,135.3247867970661,137.1366990952787,136.20040797601663,135.32299687174213,137.0626810411189
2024-11-01,12.0,130.0932680484121,129.3376923042161,131.12222203409436,141.5796958242392,140.65012530098943,142.40024127701594,135.2221087999514,135.04474498304202,135.26788587921328,135.02881952009233,134.52803304743202,135.6134950566743,136.14778891473586,135.29793565310715,137.10385612530183,136.1718152851482,135.2966308094112,137.03681269975385
2024-11-02,12.0,130.0932680484121,129.3376923042161,131.12222203409436,141.71270924421376,140.76353056676479,142.55632483703673,135.22561918990849,135.06316696492055,135.26605260705202,135.02881952009233,134.52803304743202,135.6134950566743,136.28431272466747,135.4285912491538,137.2440938642319,136.3090927804982,135.42600977825117,137.1764157708777
2024-11-03,12.0,130.0932680484121,129.3376923042161,131.12222203409436,141.67945517369304,140.73339720836492,142.5140291987396,135.2287095270103,135.07984273753215,135.26482428351284,135.02881952009233,134.52803304743202,135.6134950566743,136.25414899124857,135.39901461913044,137.20957130596295,136.2790106491826,135.39157971820373,137.14765779138665
2024-11-04,12.0,130.0932680484121,129.3376923042161,131.12222203409436,141.6463741291039,140.70534555750112,142.47198540506454,135.23143826003854,135.09505795945586,135.263820855634,135.02881952009233,134.52803304743202,135.6134950566743,136.22379667968764,135.3711114714619,137.1753090597609,136.24871825756128,135.36936167855143,137.11680346063048
2024-11-05,12.0,130.0932680484121,129.3376923042161,131.12222203409436,141.87340214485332,140.90348096228155,142.74159056279711,135.23385475575847,135.10896519518286,135.26304558840886,135.02881952009233,134.52803304743202,135.6134950566743,136.45324119115702,135.5868495504097,137.42432473652045,136.47905240455012,135.5900564267985,137.3574755639917
2024-11-06,12.0,130.0932680484121,129.3376923042161,131.12222203409436,141.83931918935616,140.8706555322079,142.69821969915637,135.23600083296117,135.12167828594457,135.2624220934558,135.02881952009233,134.52803304743202,135.6134950566743,136.4213043128626,135.55403624601965,137.38355161628095,136.44713866199373,135.56006714166233,137.32306564893696
2024-11-07,12.0,130.0932680484121,129.3376923042161,131.12222203409436,141.80541232050285,140.84078420040905,142.6551232957561,135.23791195071115,135.13330091792594,135.26188822586218,135.02881952009233,134.52803304743202,135.6134950566743,136.38930856175924,135.52138220631772,137.34520450780778,136.41515437623283,135.5301576967872,137.2890135598336
2024-11-08,12.0,130.0932680484121,129.3376923042161,131.12222203409436,141.77168323642576,140.81219194082598,142.6122561213595,135.23961844579367,135.1425415455124,135.26143108270324,135.02881952009233,134.52803304743202,135.6134950566743,136.35728597276466,135.49061158056008,137.3101308710683,136.38313076616723,135.50045558495123,137.2517599101366
2024-11-09,12.0,130.0932680484121,129.3376923042161,131.12222203409436,142.004824391864,141.01486807098638,142.88914259986745,135.2411461663192,135.15072528142198,135.26103961985007,135.02881952009233,134.52803304743202,135.6134950566743,136.59195484872845,135.7122763774526,137.57027831769568,136.6186561481683,135.71882987061764,137.50431818137716
2024-11-10,12.0,130.0932680484121,129.3376923042161,131.12222203409436,141.97006330509618,140.9813969384046,142.8449257398867,135.24251734234642,135.15832696914728,135.26070438144257,135.02881952009233,134.52803304743202,135.6134950566743,136.55856493798782,135.67870116169533,137.52871032235137,136.58524525125986,135.68567856825032,137.46961044673233
2024-11-11,12.0,130.0932680484121,129.3376923042161,131.12222203409436,141.93548449719654,140.95167242620712,142.80096401852398,134.99952656436034,134.25899226670504,135.54576199641323,135.02881952009233,134.52803304743202,135.6134950566743,136.2809953521021,135.28677087606843,137.30677930994554,136.27081271679356,135.25985290307375,137.23927492301644
2024-11-12,12.0,130.0932680484121,129.3376923042161,131.12222203409436,141.90108430071535,140.92252539760364,142.7572508477874,135.04167281857616,134.37705257793183,135.46581938902534,135.02881952009233,134.52803304743202,135.6134950566743,136.28874140983672,135.34345491916673,137.3116812792153,136.28809222751272,135.34191427808622,137.21735794523343
2024-11-13,12.0,130.0932680484121,129.3376923042161,131.12222203409436,141.86686410946464,140.89667244021874,142.71380247648008,135.07576225228095,134.53289265329414,135.42189021668307,135.02881952009233,134.52803304743202,135.6134950566743,136.2886106522908,135.42152971932023,137.26699627865887,136.29462782989532,135.39756104582892,137.2231973661101
2024-11-14,12.0,130.0932680484121,129.3376923042161,131.12222203409436,141.832821551866,140.87184602632803,142.67059628898363,135.1034757023224,134.65857052527383,135.3770171896664,135.02881952009233,134.52803304743202,135.6134950566743,136.28228154473365,135.45314058156433,137.25713704703026,136.29307060520614,135.41324676396167,137.19103596130793
2024-11-15,12.0,130.0932680484121,129.3376923042161,131.12222203409436,141.7989554713013,140.8471207925553,142.62762899130206,135.12615474389034,134.72730967225988,135.34441695558186,135.02881952009233,134.52803304743202,135.6134950566743,136.27109450573687,135.48624784786884,137.2488248086833,136.2853550778409,135.4195353476612,137.1774517793218
2024-11-16,12.0,130.0932680484121,129.3376923042161,131.12222203409436,141.9084740812093,140.9344237230248,142.7552521184372,135.14484382731956,134.78711866937746,135.33048143745737,135.02881952009233,134.52803304743202,135.6134950566743,136.3993021990741,135.59339861038683,137.38059681581095,136.41672089979394,135.53856834185063,137.30871002572383
2024-11-17,12.0,130.0932680484121,129.3376923042161,131.12222203409436,141.87421702836633,140.90942909321936,142.7118037471299,135.16035058675286,134.83930272222975,135.3181558655192,135.02881952009233,134.52803304743202,135.6134950566743,136.38055190566442,135.57427715280838,137.3596861785902,136.39986318194406,135.52661159045192,137.27749793814806
2024-11-18,12.0,130.0932680484121,129.3376923042161,131.12222203409436,141.84013907083852,140.8845356435319,142.66860722044467,135.1475105175698,134.80632833478876,135.33012466334958,135.02881952009233,134.52803304743202,135.6134950566743,136.33363387895355,135.5378918032733,137.31754455525544,136.3506956743079,135.47691269056617,137.23516891170388
2024-11-19,12.0,130.0932680484121,129.3376923042161,131.12222203409436,142.0382507742434,141.04291427988778,142.90321649757126,135.16268125254405,134.8511625143607,135.3155791294806,135.02881952009233,134.52803304743202,135.6134950566743,136.5469163173327,135.726098703834,137.52310279693606,136.56675433250993,135.69625759295195,137.4367199784675
2024-11-20,12.0,130.0932680484121,129.3376923042161,131.12222203409436,142.00332576856073,141.01743548893094,142.85891246911274,135.17534165748717,134.89782917157157,135.30761814010344,135.02881952009233,134.52803304743202,135.6134950566743,136.52465171659313,135.6997292387329,137.50612362968207,136.5459358453892,135.67176587217594,137.42306756344155
2024-11-21,12.0,130.0932680484121,129.3376923042161,131.12222203409436,141.96858188547665,140.99207090939768,142.81486994608753,135.1859674556738,134.92539378508405,135.3017097657208,135.02881952009233,134.52803304743202,135.6134950566743,136.50053363169565,135.66721382595577,137.48684801798152,136.52288883448952,135.65880788560466,137.3953621148835
2024-11-22,12.0,130.0932680484121,129.3376923042161,131.12222203409436,141.9340179094101,140.96680068111817,142.77108256168034,135.1949365986119,134.96414903793294,135.29157934546447,135.02881952009233,134.52803304743202,135.6134950566743,136.47493879856722,135.63472666241603,137.46974965038902,136.49809358216766,135.6253132058223,137.36722680508794
2024-11-23,12.0,130.0932680484121,129.3376923042161,131.12222203409436,141.89963558630546,140.94167135329639,142.72918167351892,135.20254888971314,134.99873480686364,135.2847355410727,135.02881952009233,134.52803304743202,135.6134950566743,136.4481687665638,135.6022926720787,137.43987565113048,136.47192093704402,135.5962637668624,137.33948340319773
2024-11-24,12.0,130.0932680484121,129.3376923042161,131.12222203409436,141.8654310473578,140.9166432055926,142.6894505800542,135.20904300444641,135.02537243813254,135.28026343220958,135.02881952009233,134.52803304743202,135.6134950566743,136.42045834234943,135.57734511825296,137.4099764999909,136.4446595870194,135.5767410290664,137.3082976548197
2024-11-25,12.0,130.0932680484121,129.3376923042161,131.12222203409436,141.8314039491335,140.89170940914252,142.64883942522513,135.21461011206517,135.04123571052799,135.27657694448718,135.02881952009233,134.52803304743202,135.6134950566743,136.3919983517439,135.55202777991738,137.38013106954432,136.41653683289678,135.54966011676112,137.2722854731355
2024-11-26,12.0,130.0932680484121,129.3376923042161,131.12222203409436,141.7975547513666,140.8668966529803,142.6074257322273,135.21940427710277,135.0535492872351,135.2730787247783,135.02881952009233,134.52803304743202,135.6134950566743,136.3629433190146,135.52625574665888,137.3502374646151,136.38773296665886,135.52385834236063,137.24619141659826
2024-11-27,12.0,130.0932680484121,129.3376923042161,131.12222203409436,141.7638804355297,140.84219810824172,142.56628701205432,135.22355051737955,135.06667701290627,135.27034296896738,135.02881952009233,134.52803304743202,135.6134950566743,136.33341524345448,135.49755004984888,137.32035376691886,136.3583919994578,135.49954557603934,137.2158054534658
2024-11-28,12.0,130.0932680484121,129.3376923042161,131.12222203409436,141.73038141872092,140.8176137749267,142.5262444470656,135.2271509305515,135.085746092404,135.26851091619903,135.02881952009233,134.52803304743202,135.6134950566743,136.30351663981764,135.46526157323564,137.2904826739485,136.32863002783375,135.47030208424997,137.187449475116
2024-11-29,12.0,130.0932680484121,129.3376923042161,131.12222203409436,141.69705712264238,140.7919310203667,142.48686535101544,135.23028941720483,135.10116810301537,135.26669917538226,135.02881952009233,134.52803304743202,135.6134950566743,136.27333083039244,135.43308889527688,137.2606509622629,136.29854106158203,135.44061662625316,137.15928395474455
2024-11-30,12.0,130.0932680484121,129.3376923042161,131.12222203409436,141.6639060598026,140.76542574876677,142.44769410798995,135.23303522814396,135.11468462172644,135.26525462422413,135.02881952009233,134.52803304743202,135.6134950566743,136.24292557849176,135.40204068482151,137.23149046087838,136.26820193590325,135.4079657271637,137.12426920598654
2024-12-01,12.0,130.0932680484121,129.3376923042161,131.12222203409436,141.63092715688504,140.7390032212498,142.40871954616938,135.23544591626248,135.12694217270266,135.26393640645378,135.02881952009233,134.52803304743202,135.6134950566743,136.21235736369272,135.37067997810647,137.20553494954288,136.23767552696978,135.37908371839538,137.09495388630623
2024-12-02,12.0,130.0932680484121,129.3376923042161,131.12222203409436,141.5981188018681,140.7125340055726,142.36997486590226,135.2375694723466,135.13814584022455,135.2628838949871,135.02881952009233,134.52803304743202,135.6134950566743,136.18167256475996,135.3391546527792,137.18885491608924,136.20701375623966,135.3479181841418,137.06553155067292
2024-12-03,12.0,130.0932680484121,129.3376923042161,131.12222203409436,141.56548193185787,140.68619093139523,142.33143803865983,135.23944613969437,135.148386696243,135.26218362106533,135.02881952009233,134.52803304743202,135.6134950566743,136.1509123620975,135.30765629149155,137.17303029810677,136.17625964189722,135.3172301912955,137.03379302480127
2024-12-04,12.0,130.0932680484121,129.3376923042161,131.12222203409436,141.5330138873131,140.659975748732,142.2931090644421,135.2411097834919,135.15774870521065,135.26161321613787,135.02881952009233,134.52803304743202,135.6134950566743,136.12010796135024,135.27630103453015,137.14389656507885,136.14544899625042,135.28999156250123,137.00225228487375
2024-12-05,12.0,130.0932680484121,129.3376923042161,131.12222203409436,141.50071491461605,140.63388670756862,142.25564080072905,135.24258902489538,135.16526535190764,135.26118150542067,135.02881952009233,134.52803304743202,135.6134950566743,136.08928823005667,135.24512799636312,137.11353013000812,136.11461173364833,135.26286202084725,136.9704215372442
2024-12-06,12.0,130.0932680484121,129.3376923042161,131.12222203409436,141.46858417781274,140.60791762940883,142.21914316758313,135.24390813847515,135.17184526193532,135.26082551726324,135.02881952009233,134.52803304743202,135.6134950566743,136.05847660683312,135.21411161024864,137.07993322197254,136.08377293212362,135.2282540516172,136.93872856919748
2024-12-07,12.0,130.0932680484121,129.3376923042161,131.12222203409436,141.436619773067,140.5820967282662,142.18289839844985,135.24508777242085,135.17795723188627,135.26052070798406,135.02881952009233,134.52803304743202,135.6134950566743,136.02769183603306,135.182807275644,137.04645490273094,136.0529537390684,135.19271729590864,136.91341597799138
2024-12-08,12.0,130.0932680484121,129.3376923042161,131.12222203409436,141.4048215804193,140.5563816831204,142.14686660451054,135.24614556092155,135.1836348271433,135.26025970468103,135.02881952009233,134.52803304743202,135.6134950566743,135.9969514318861,135.15349752520186,137.01546489539626,136.0221719671069,135.1626496499309,136.88540987544138
2024-12-09,12.0,130.0932680484121,129.3376923042161,131.12222203409436,141.3731889731453,140.53080070798498,142.11100792461784,135.2470966180799,135.1889090014487,135.26003620099357,135.02881952009233,134.52803304743202,135.6134950566743,135.96626988177042,135.12605606878802,136.9839095768886,135.9914427519091,135.13259240828194,136.85718324260066
2024-12-10,12.0,130.0932680484121,129.3376923042161,131.12222203409436,141.53919207995605,140.6687676817038,142.29699751018606,135.2479539117847,135.1938079596715,135.25984480072725,135.02881952009233,134.52803304743202,135.6134950566743,136.13313028228598,135.28099658917708,137.16233183377932,136.15895275433897,135.2985666574864,137.0192431413634
2024-12-11,12.0,130.0932680484121,129.3376923042161,131.12222203409436,141.50686516024842,140.6426477480593,142.2603139287099,135.24872863683146,135.19889347960495,135.2596808858042,135.02881952009233,134.52803304743202,135.6134950566743,136.1015780876251,135.2498003981503,137.1286612343154,136.127340188157,135.26407376289774,136.99357956824946
2024-12-12,12.0,130.0932680484121,129.3376923042161,131.12222203409436,141.4747056598441,140.6166477774184,142.22386054966432,135.2494304432268,135.20367539997707,135.2595405023751,135.02881952009233,134.52803304743202,135.6134950566743,136.07012039361612,135.22091465445365,137.0913832507889,136.09581846788225,135.23349862625489,136.96163814068402
2024-12-13,12.0,130.0932680484121,129.3376923042161,131.12222203409436,141.4427141556853,140.59076776978114,142.1876201458127,135.25006770238792,135.2080740317627,135.25939493928806,135.02881952009233,134.52803304743202,135.6134950566743,136.0387661486185,135.19268520157684,137.057944706303,136.064395573618,135.20411813123218,136.93186807233525
2024-12-14,12.0,130.0932680484121,129.3376923042161,131.12222203409436,141.41088883471863,140.56502183215423,142.15155285600773,135.25064767817483,135.21212085091676,135.25927332236924,135.02881952009233,134.52803304743202,135.6134950566743,136.0075208034387,135.16457786842165,137.02961872866632,136.03307817179913,135.1768331489065,136.903420010491
2024-12-15,12.0,130.0932680484121,129.3376923042161,131.12222203409436,141.37922797418815,140.5394099645377,142.11567861082304,135.25117669157726,135.21584345789176,135.25917336461333,135.02881952009233,134.52803304743202,135.6134950566743,135.97638895631064,135.13660265552318,137.00014515838808,136.001872138944,135.14969300451563,136.88048458372904
2024-12-16,12.0,130.0932680484121,129.3376923042161,131.12222203409436,141.34773206314148,140.51389777442176,142.079977479685,135.2516602682457,135.21926803317973,135.25909131865538,135.02881952009233,134.52803304743202,135.6134950566743,135.9453766219324,135.1087542990412,136.96788229795877,135.97078237188146,135.1220278943352,136.85428233599902
2024-12-17,12.0,130.0932680484121,129.3376923042161,131.12222203409436,141.42270677836208,140.57546025042788,142.1620007884393,135.2521032246554,135.22241856950978,135.25902450047255,135.02881952009233,134.52803304743202,135.6134950566743,136.02079429356272,135.17997012807982,137.0439023487704,136.04662728550642,135.19150614908253,136.92436444277877
2024-12-18,12.0,130.0932680484121,129.3376923042161,131.12222203409436,141.39098617628193,140.5497892763167,142.1260633341693,135.25250980614007,135.22531700954067,135.25896931886717,135.02881952009233,134.52803304743202,135.6134950566743,135.98948027296723,135.15189777570927,137.01408623476775,136.01522930370706,135.1645145895675,136.8974470962001
2024-12-19,12.0,130.0932680484121,129.3376923042161,131.12222203409436,141.35943008664972,140.52423826520914,142.09031892451958,135.25288372709545,135.2279834993305,135.25893230367845,135.02881952009233,134.52803304743202,135.6134950566743,135.95829810429038,135.12393269507584,136.98131793736653,135.98396136135716,135.13386124555558,136.8673566713099
2024-12-20,12.0,130.0932680484121,129.3376923042161,131.12222203409436,141.32803924213306,140.49882132411193,142.05475977684418,135.25322825228932,135.23043667816398,135.25890166705284,135.02881952009233,134.52803304743202,135.6134950566743,135.9272517849676,135.09610054066508,136.94873123581846,135.95282601960014,135.10915966843146,136.83673012967847
2024-12-21,12.0,130.0932680484121,129.3376923042161,131.12222203409436,141.2968106655616,140.47351023901157,142.01939367378907,135.25354628437282,135.23269361331015,135.2588752022895,135.02881952009233,134.52803304743202,135.6134950566743,135.89634124047964,135.06840978937947,136.91596123867552,135.92182546847732,135.08367221537037,136.80788352328062
2024-12-22,12.0,130.0932680484121,129.3376923042161,131.12222203409436,141.26574452515905,140.44834733092836,141.9842006847806,135.2538403683277,135.23477002463395,135.25885261632746,135.02881952009233,134.52803304743202,135.6134950566743,135.86556918403198,135.04082195737894,136.88235474228813,135.8909616666669,135.0564016401019,136.78183039274091
2024-12-23,12.0,130.0932680484121,129.3376923042161,131.12222203409436,141.2348391338006,140.423290278842,141.94919295774645,135.25411277318642,135.23668040771378,135.25883302520924,135.02881952009233,134.52803304743202,135.6134950566743,135.83493619753224,135.0133697192278,136.85039364581368,135.8602360330971,135.02670086250876,136.75345561055443
2024-12-24,12.0,130.0932680484121,129.3376923042161,131.12222203409436,141.4578909356177,140.60915345063498,142.20036740048914,135.25436550839132,135.23843805559784,135.2588160231876,135.02881952009233,134.52803304743202,135.6134950566743,136.05824073455423,135.2167938805594,137.0881071177024,136.08426242124818,135.23768288295895,136.97543849766046
2024-12-25,12.0,130.0932680484121,129.3376923042161,131.12222203409436,141.42599257302288,140.58332369252855,142.16422133630684,135.25460036497856,135.24005514572312,135.2588012607885,135.02881952009233,134.52803304743202,135.6134950566743,136.02657722854667,135.18847617855522,137.0547631033355,136.05250030899234,135.20743616500252,136.94515574823458
2024-12-26,12.0,130.0932680484121,129.3376923042161,131.12222203409436,141.39425974406308,140.55762182593625,142.1282882473185,135.25481893493637,135.24154300796,135.2587884373381,135.02881952009233,134.52803304743202,135.6134950566743,135.99506296954468,135.1603032297043,137.0207172632242,136.02088647151712,135.17472030971837,136.91598401520437
2024-12-27,12.0,130.0932680484121,129.3376923042161,131.12222203409436,141.36269216419745,140.53203992234756,142.0925204897308,135.2550226428107,135.24291193625226,135.25877729153262,135.02881952009233,134.52803304743202,135.6134950566743,135.9636990975534,135.13228501244174,136.986521397293,135.98942170012546,135.1486876974828,136.8848254356051
2024-12-28,12.0,130.0932680484121,129.3376923042161,131.12222203409436,141.60860450524947,140.73707856591366,142.36972447563528,135.25521276968044,135.24417147115705,135.25876760018784,135.02881952009233,134.52803304743202,135.6134950566743,136.20980156547517,135.356179906254,137.23908479156466,136.2362949412599,135.3809596568938,137.12646427739435
2024-12-29,12.0,130.0932680484121,129.3376923042161,131.12222203409436,141.57592857630397,140.71061017179753,142.33269632801046,135.25539045297285,135.24532776307316,135.25875916849634,135.02881952009233,134.52803304743202,135.6134950566743,136.17730331982207,135.32720601106953,137.2080333627343,136.20369098180086,135.34989898168251,137.09509781861507
2024-12-30,12.0,130.0932680484121,129.3376923042161,131.12222203409436,141.54342245634837,140.68429613319475,142.29588115557956,135.25555672206372,135.24634781813148,135.2587511734817,135.02881952009233,134.52803304743202,135.6134950566743,136.14496346895731,135.29835377482678,137.17718867867006,136.17124475798863,135.3204827711225,137.06798199477475
2024-12-31,12.0,130.0932680484121,129.3376923042161,131.12222203409436,141.51108471605133,140.65810205759556,142.259266810415,135.25571250329625,135.24729004155026,135.2587437727438,135.02881952009233,134.52803304743202,135.6134950566743,136.11278150989278,135.26963299155256,137.14623925964463,136.13895632471244,135.28972589263265,137.03720875556436
2025-01-01,12.0,130.0932680484121,129.3376923042161,131.12222203409436,141.47891517018465,140.632027945,142.22281779665107,135.2558586288563,135.24816039432892,135.2587374657964,135.02881952009233,134.52803304743202,135.6134950566743,136.08075808958614,135.24106621950307,137.11126621601466,136.1068256956991,135.25890217058213,137.0045139301593
2025-01-02,12.0,130.0932680484121,129.3376923042161,131.12222203409436,141.44691310222066,140.60609408091105,142.18656182750743,135.25599585285013,135.24896436498722,135.25873209101798,135.02881952009233,134.52803304743202,135.6134950566743,136.04889324561603,135.21263127963056,137.0836115884735,136.07485284592423,135.23211813359634,136.9724912727846
2025-01-03,12.0,130.0932680484121,129.3376923042161,131.12222203409436,141.41507655871862,140.58027400132946,142.15051883355778,135.25612485768417,135.2497070171587,135.25872751048968,135.02881952009233,134.52803304743202,135.6134950566743,136.01718570694803,135.18431876514225,137.05559629374514,136.04303761524145,135.1993036646324,136.94096539618388
2025-01-04,12.0,130.0932680484121,129.3376923042161,131.12222203409436,141.6125981890674,140.74467179730263,142.3724187926814,135.25624625854599,135.25039300449419,135.25872360698008,135.02881952009233,134.52803304743202,135.6134950566743,136.21482873815862,135.36501696063144,137.24875126513064,136.2413447849409,135.38658644923908,137.13690953215473
2025-01-05,12.0,130.0932680484121,129.3376923042161,131.12222203409436,141.57990554897364,140.71819279620837,142.33539501033823,135.25636062361633,135.25102666296564,135.25872028028817,135.02881952009233,134.52803304743202,135.6134950566743,136.1822504631352,135.33597072128012,137.22063548546402,136.20865489827509,135.3558601919677,137.10790495970227
2025-01-06,12.0,130.0932680484121,129.3376923042161,131.12222203409436,141.54738311340466,140.69183375811772,142.29857205526136,135.2564684562936,135.25161200548135,135.2587174452795,135.02881952009233,134.52803304743202,135.6134950566743,136.14983586024348,135.3070887270228,137.18850061617943,136.1761281453758,135.32570632486818,137.0753672707708
2025-01-07,12.0,130.0932680484121,129.3376923042161,131.12222203409436,141.51502930177935,140.66560086152688,142.26191443158513,135.25657022896772,135.25215269602234,135.25871502915604,135.02881952009233,134.52803304743202,135.6134950566743,136.11758382129233,135.27830512870835,137.15631967200406,136.143764068895,135.29621285957464,137.0424864118196
2025-01-08,12.0,130.0932680484121,129.3376923042161,131.12222203409436,141.48284279827848,140.6394958564502,142.22547756574886,135.25666635960394,135.25265213386905,135.2587129700623,135.02881952009233,134.52803304743202,135.6134950566743,136.08549344842766,135.2496859367129,137.12580134352496,136.11156235803568,135.2680135386154,137.00972501253682
2025-01-09,12.0,130.0932680484121,129.3376923042161,131.12222203409436,141.63345406988427,140.7644983628077,142.3937822385374,135.2567572395421,135.25311349023454,135.25871121526686,135.02881952009233,134.52803304743202,135.6134950566743,136.2361955999716,135.3885051508992,137.28010619430472,136.26282837493744,135.40729033068058,137.15828348002125
2025-01-10,12.0,130.0932680484121,129.3376923042161,131.12222203409436,141.60065672061924,140.73792761272335,142.35664418595124,135.25684322598244,135.25353966211256,135.25870971975803,135.02881952009233,134.52803304743202,135.6134950566743,136.2034842371469,135.35935523151286,137.2454779052832,136.23000175790688,135.37759890661354,137.12968872059807
2025-01-11,12.0,130.0932680484121,129.3376923042161,131.12222203409436,141.81426863897832,140.91578919201422,142.59680842560547,135.25692464227333,135.25392727199835,135.25870844523587,135.02881952009233,134.52803304743202,135.6134950566743,136.41717757179686,135.5533685015453,137.4613958761392,136.444397166104,135.57940087324678,137.33642100482209
2025-01-12,12.0,130.0932680484121,129.3376923042161,131.12222203409436,141.78053573581664,140.88847219990902,142.55863074082214,134.92272704303812,134.09250147360078,135.6524719543926,135.02881952009233,134.52803304743202,135.6134950566743,136.0492470694,134.96951109680396,137.1404880855707,136.0258816914227,134.95027572386115,137.0428906251769
2025-01-13,12.0,130.0932680484121,129.3376923042161,131.12222203409436,141.74697880080663,140.8612954563104,142.52062617008548,134.97901886817368,134.23328327396163,135.5408333550983,135.02881952009233,134.52803304743202,135.6134950566743,136.07198195952554,135.0686371607461,137.1356737619477,136.06162081581374,135.07195132077194,137.0119265823294
2025-01-14,12.0,130.0932680484121,129.3376923042161,131.12222203409436,142.01109653971537,141.08153040013534,142.81838667610884,135.02440874305094,134.36661895841044,135.48208368884215,135.02881952009233,134.52803304743202,135.6134950566743,136.38148957331154,135.42979243571887,137.4128922684713,136.38114342473236,135.44000498998543,137.32206358418335
2025-01-15,12.0,130.0932680484121,129.3376923042161,131.12222203409436,141.9763474044772,141.0534080595146,142.77902737566572,135.0611850297827,134.47553222413887,135.42100498945422,135.02881952009233,134.52803304743202,135.6134950566743,136.38351672480513,135.4572983351754,137.39529671153218,136.38965706517465,135.46268209212755,137.3094755216201
2025-01-16,12.0,130.0932680484121,129.3376923042161,131.12222203409436,142.19837842017796,141.23828784863932,143.02895177500892,135.0911728379681,134.58029151334344,135.37603582268446,135.02881952009233,134.52803304743202,135.6134950566743,136.63553554869128,135.75952067630826,137.6424826926836,136.64724108611392,135.75999748361852,137.55403829088462
2025-01-17,12.0,130.0932680484121,129.3376923042161,131.12222203409436,142.16266057846468,141.2094130875015,142.9883390733866,135.11579152823185,134.6620476556944,135.35025866540727,135.02881952009233,134.52803304743202,135.6134950566743,136.62443639724177,135.7662183955979,137.61494710397324,136.63959620571856,135.75869974235914,137.54012670091828
2025-01-18,12.0,130.0932680484121,129.3376923042161,131.12222203409436,142.12712915200834,141.18067857487029,142.9479791516484,135.02484243122845,134.34908826653282,135.47152840025487,135.02881952009233,134.52803304743202,135.6134950566743,136.49795587378202,135.53928217748376,137.5311405974625,136.4991198288212,135.54667438549907,137.44252587044417
2025-01-19,12.0,130.0932680484121,129.3376923042161,131.12222203409436,142.09178208774287,141.1520843107457,142.90790103198023,135.06049725327503,134.46773195378188,135.40667270927642,135.02881952009233,134.52803304743202,135.6134950566743,136.49826363156313,135.58121140497764,137.52803057658767,136.50559687918658,135.57906323376722,137.4256747292265
2025-01-20,12.0,130.0932680484121,129.3376923042161,131.12222203409436,142.05661788666401,141.12363029512767,142.86808901584683,135.08975502098076,134.56003301555208,135.36645820968883,135.02881952009233,134.52803304743202,135.6134950566743,136.49235719819,135.61840517580202,137.51149829744344,136.50411721083478,135.61866127945757,137.41748897666736
2025-01-21,12.0,130.0932680484121,129.3376923042161,131.12222203409436,142.30840814736885,141.33345017247933,143.15191368443385,135.11389815985706,134.63129090833147,135.35106278564425,135.02881952009233,134.52803304743202,135.6134950566743,136.76829059777117,135.89831890637223,137.77534482217837,136.78420651481647,135.88838392788674,137.6881128266231
2025-01-22,12.0,130.0932680484121,129.3376923042161,131.12222203409436,142.2721256032077,141.30412377334062,143.11067481433182,135.13394261911927,134.70288968495038,135.3361178824128,135.02881952009233,134.52803304743202,135.6134950566743,136.7520525128722,135.91205999624356,137.77215623109404,136.7703529714921,135.9016278433867,137.6613611197236
2025-01-23,12.0,130.0932680484121,129.3376923042161,131.12222203409436,142.23603001413292,141.2749376227085,143.06964466705637,135.150685064637,134.77303398616112,135.3234792643514,135.02881952009233,134.52803304743202,135.6134950566743,136.73269936931516,135.87978041075405,137.75241359577453,136.75277917875414,135.88547832032592,137.64154277455359
2025-01-24,12.0,130.0932680484121,129.3376923042161,131.12222203409436,142.20012226686143,141.2458855420868,143.02897774577727,135.16475017605734,134.82171426513378,135.31162136883856,135.02881952009233,134.52803304743202,135.6134950566743,136.71085673346397,135.86540490650222,137.72377502869625,136.73227236618075,135.86949353823155,137.61945932751036
2025-01-25,12.0,130.0932680484121,129.3376923042161,131.12222203409436,142.16440159341653,141.21697988846788,142.98854768255296,135.1766299957891,134.86935422936017,135.3013631975851,135.02881952009233,134.52803304743202,135.6134950566743,136.6870158797509,135.84925497183838,137.70735827668992,136.70943954782157,135.85080093452046,137.5937454956123
2025-01-26,12.0,130.0932680484121,129.3376923042161,131.12222203409436,142.1288660609626,141.18821448335555,142.94831844659498,135.18671467447228,134.91309088009052,135.2940237118718,135.02881952009233,134.52803304743202,135.6134950566743,136.6615650259801,135.81871108363484,137.6994342262747,136.684753484001,135.81983177592326,137.56216853064643
2025-01-27,12.0,130.0932680484121,129.3376923042161,131.12222203409436,142.09351595044893,141.15957521974306,142.9082822552573,135.1953157277598,134.94602980146897,135.28797539826417,135.02881952009233,134.52803304743202,135.6134950566743,136.634815968754,135.79479881687152,137.68740222662638,136.6585855556511,135.79920576448788,137.5342722093195
2025-01-28,12.0,130.0932680484121,129.3376923042161,131.12222203409436,142.0583485340275,141.1310841331477,142.86846245647789,135.20268367635006,134.97541341299421,135.28263416047778,135.02881952009233,134.52803304743202,135.6134950566743,136.60701650092275,135.7710451279532,137.66725928979662,136.63122993085045,135.77464187016218,137.51007187888064
2025-01-29,12.0,130.0932680484121,129.3376923042161,131.12222203409436,142.0233636963397,141.10273947355518,142.82885563289247,135.20902131045762,135.00168059858615,135.2776148818221,135.02881952009233,134.52803304743202,135.6134950566743,136.57836929734256,135.74326965629655,137.64321269829512,136.60292162622733,135.74966664190868,137.4789759326492
2025-01-30,12.0,130.0932680484121,129.3376923042161,131.12222203409436,142.33538989584602,141.36312398441942,143.18115519624905,135.21449388026124,135.0250758793697,135.27452211789551,135.02881952009233,134.52803304743202,135.6134950566743,136.8958680666525,136.032328755329,137.9432290943584,136.92172841338103,136.0382477411233,137.8004595981854
2025-01-31,12.0,130.0932680484121,129.3376923042161,131.12222203409436,142.29897270993078,141.333646729796,143.13992182395955,135.2192368536979,135.04365543862303,135.27178887773408,135.02881952009233,134.52803304743202,135.6134950566743,136.86419385417392,135.99827434757836,137.92421888031973,136.89024617578434,136.0206398146102,137.77247250686736
2025-02-01,12.0,130.0932680484121,129.3376923042161,131.12222203409436,142.5649399447994,141.55532494347727,143.43964486500448,135.22336185069557,135.0578712301697,135.26932994146958,135.02881952009233,134.52803304743202,135.6134950566743,137.13428608604022,136.24246186914309,138.17419231287695,137.16144891927414,136.2724068729425,138.04027177167632
2025-02-02,12.0,130.0932680484121,129.3376923042161,131.12222203409436,142.5273355811261,141.52492237733472,143.39690087805883,135.22696136394265,135.0720196395956,135.26730309305609,135.02881952009233,134.52803304743202,135.6134950566743,137.10028123561398,136.21090787591163,138.15306794879527,137.12754631099406,136.2442625760191,138.0029601204389
2025-02-03,12.0,130.0932680484121,129.3376923042161,131.12222203409436,142.48992788230547,141.494666238195,143.3545337556153,135.23011238601694,135.08457124548474,135.26557393578182,135.02881952009233,134.52803304743202,135.6134950566743,137.0660245588676,136.17852730414174,138.1228789013448,137.09336026944163,136.21875703809155,137.96931867394582
2025-02-04,12.0,130.0932680484121,129.3376923042161,131.12222203409436,142.45271323518045,141.46455034756187,143.3123828040176,135.23287929076028,135.09914716733988,135.26438150644444,135.02881952009233,134.52803304743202,135.6134950566743,137.03157681648597,136.14304244591563,138.09245999281197,137.0589601448257,136.1906789693871,137.93037212589175
2025-02-05,12.0,130.0932680484121,129.3376923042161,131.12222203409436,142.4156933418995,141.4345888124421,143.27046039290587,135.23531608866995,135.1127853311152,135.2634488863904,135.02881952009233,134.52803304743202,135.6134950566743,136.99699372111468,136.1116478374238,138.0607704436921,137.02440338425006,136.15133601986375,137.89529757816774
2025-02-06,12.0,130.0932680484121,129.3376923042161,131.12222203409436,142.67950963198996,141.65443401012055,143.5676522336793,135.2374683280593,135.12520033079335,135.26271450183214,135.02881952009233,134.52803304743202,135.6134950566743,137.26296225059448,136.35544913680468,138.31731965003303,137.29135221927413,136.42153775133826,138.16657271836453
2025-02-07,12.0,130.0932680484121,129.3376923042161,131.12222203409436,142.6413161976746,141.62354541346735,143.52424047621906,135.2393745312813,135.1365483611451,135.2621384747313,135.02881952009233,134.52803304743202,135.6134950566743,137.22667501950113,136.3221930970803,138.2841745742123,137.25505889534384,136.38343060102397,138.12581678495025
2025-02-08,12.0,130.0932680484121,129.3376923042161,131.12222203409436,142.84940640364462,141.7965750085574,143.75874499172104,135.2410673659267,135.14692150114084,135.26164525598554,135.02881952009233,134.52803304743202,135.6134950566743,137.43645806011656,136.5148019706634,138.48582538423474,137.46568749077005,136.56337930861056,138.34845628544224
2025-02-09,12.0,130.0932680484121,129.3376923042161,131.12222203409436,142.8103355670111,141.76500895490284,143.7136878546114,135.24257468663393,135.15640472225283,135.26122292823246,135.02881952009233,134.52803304743202,135.6134950566743,137.39889454419026,136.47953646462685,138.45170929987827,137.42809268693517,136.53253085405333,138.30913552721145
2025-02-10,12.0,130.0932680484121,129.3376923042161,131.12222203409436,142.77146780202193,141.7335893282511,143.6695030280007,135.24392025165196,135.1649523855786,135.26086128206845,135.02881952009233,134.52803304743202,135.6134950566743,137.36137234421912,136.44547365322316,138.41512413477085,137.39053030865753,136.50633524297157,138.26798692544253
2025-02-11,12.0,130.0932680484121,129.3376923042161,131.12222203409436,142.7328017350652,141.70231612860218,143.6255780227157,135.24512441522467,135.17156374738528,135.26055158690062,135.02881952009233,134.52803304743202,135.6134950566743,137.3239104408351,136.4115195047587,138.37868845176317,137.35302119501262,136.47926539174674,138.22756904629833
2025-02-12,12.0,130.0932680484121,129.3376923042161,131.12222203409436,142.69433659432218,141.67120346296284,143.5819352725418,135.24620465754438,135.17770435781318,135.26028636090882,135.02881952009233,134.52803304743202,135.6134950566743,137.2865255424118,136.37767422324515,138.34238179080666,137.3155823897427,136.44404483776128,138.1969734065603
2025-02-13,12.0,130.0932680484121,129.3376923042161,131.12222203409436,142.97983304704,141.9091850363879,143.90459218752028,135.24717603481426,135.1834076715614,135.2600592149183,135.02881952009233,134.52803304743202,135.6134950566743,137.57299337239948,136.64452911365984,138.6228351028455,137.60302303487882,136.68731926768476,138.48882830904998
2025-02-14,12.0,130.0932680484121,129.3376923042161,131.12222203409436,142.94009109116783,141.87707384572803,143.85893633681076,135.2480515445111,135.18870561953298,135.25984463735708,135.02881952009233,134.52803304743202,135.6134950566743,137.53412692622413,136.60769484400856,138.58530160349824,137.56408742623327,136.64918819778407,138.44744811590994
2025-02-15,12.0,130.0932680484121,129.3376923042161,131.12222203409436,142.9005553992128,141.84512318907775,143.8140099660426,135.24884243601898,135.19362686909776,135.25964381701047,135.02881952009233,134.52803304743202,135.6134950566743,137.49538212577704,136.57097320267408,138.54792739966197,137.5252687193813,136.61556375770212,138.40743604015336
2025-02-16,12.0,130.0932680484121,129.3376923042161,131.12222203409436,142.86122454515615,141.81331895943032,143.7693143466298,135.24955846267275,135.19834071760462,135.25947882628608,135.02881952009233,134.52803304743202,135.6134950566743,137.45676729837413,136.53436233248507,138.51071589295037,137.48657624710955,136.58946368670243,138.37017126024423
2025-02-17,12.0,130.0932680484121,129.3376923042161,131.12222203409436,142.8220984789492,141.78166115678567,143.72494526188,135.25020810612807,135.2028155316155,135.25934317789236,135.02881952009233,134.52803304743202,135.6134950566743,137.4182908756225,136.49895036774114,138.4736974644182,137.44801780056653,136.56133176436273,138.33257119133506
2025-02-18,12.0,130.0932680484121,129.3376923042161,131.12222203409436,142.78317671189546,141.75017799515737,143.6808847425703,135.25079876220897,135.20728287351034,135.25923244193942,135.02881952009233,134.52803304743202,135.6134950566743,137.37995976464967,136.46445987023807,138.43698468608582,137.4096000896801,136.52419605343565,138.29676094350015
2025-02-19,12.0,130.0932680484121,129.3376923042161,131.12222203409436,142.74445632961934,141.7188350820357,143.63705276374654,135.2513368802959,135.21139267994997,135.25914160185198,135.02881952009233,134.52803304743202,135.6134950566743,137.34177750046047,136.42559492962712,138.40043543516126,137.37132876389717,136.48727368309702,138.2582186088034
2025-02-20,12.0,130.0932680484121,129.3376923042161,131.12222203409436,142.70593605722559,141.68763859591684,143.59343717748106,135.25182812135324,135.21517342063018,135.25906824371683,135.02881952009233,134.52803304743202,135.6134950566743,137.30374846912403,136.38870648169646,138.36403806499388,137.33320835134745,136.4507014650852,138.21996731878497
2025-02-21,12.0,130.0932680484121,129.3376923042161,131.12222203409436,142.66761772527335,141.65660264380753,143.55006227962923,135.25227742492427,135.2186514571685,135.2590194370756,135.02881952009233,134.52803304743202,135.6134950566743,137.26587944074282,136.35519025458518,138.3278251524793,137.2952435516075,136.4143770152746,138.1836275217253
2025-02-22,12.0,130.0932680484121,129.3376923042161,131.12222203409436,142.62949690774445,141.62571311870107,143.50690377433568,135.25268915889458,135.22185120247343,135.258977253456,135.02881952009233,134.52803304743202,135.6134950566743,137.22817035718427,136.32262351360274,138.29612539092622,137.2574376553488,136.3782624494648,138.147941711045
2025-02-23,12.0,130.0932680484121,129.3376923042161,131.12222203409436,142.59157490306188,141.59497794910797,143.46398159217412,135.25306714582072,135.22479483823108,135.2589408095843,135.02881952009233,134.52803304743202,135.6134950566743,137.19062633942784,136.2902058253012,138.27025065927077,137.2197936573588,136.34235527891278,138.10994551719358
2025-02-24,12.0,130.0932680484121,129.3376923042161,131.12222203409436,142.55384948213703,141.56439713502823,143.42126023727886,135.2534147745451,135.227502966904,135.2589097124248,135.02881952009233,134.52803304743202,135.6134950566743,137.15324854722735,136.25786643185768,138.23643638217033,137.18231410998183,136.30666780907043,138.076680009171
2025-02-25,12.0,130.0932680484121,129.3376923042161,131.12222203409436,142.84070802860256,141.80352541049098,143.7445167012543,135.20965845411985,135.0666013248052,135.31043823227776,135.02881952009233,134.52803304743202,135.6134950566743,137.39635077326764,136.50488195597814,138.47182195402144,137.41969671992544,136.5117028396369,138.323340719731
2025-02-26,12.0,130.0932680484121,129.3376923042161,131.12222203409436,142.80169545305785,141.77192403587338,143.70035405962923,135.21735234637566,135.0977054345062,135.2959778716027,135.02881952009233,134.52803304743202,135.6134950566743,137.36503208997874,136.47349634341538,138.44427155224855,137.38999306921664,136.48666684457288,138.28656746658265
2025-02-27,12.0,130.0932680484121,129.3376923042161,131.12222203409436,142.7628841380882,141.74047701676918,143.65641995849015,135.22359086644136,135.12836483858956,135.2880706526174,135.02881952009233,134.52803304743202,135.6134950566743,137.33245929507478,136.43582778021027,138.41346764875982,137.35851941474183,136.47416982852778,138.2585518238508
2025-02-28,12.0,130.0932680484121,129.3376923042161,131.12222203409436,142.7242757225614,141.70919053167455,143.61269446726337,135.2286768383779,135.14633124711006,135.2800260807267,135.02881952009233,134.52803304743202,135.6134950566743,137.29893685148454,136.3969553553913,138.38001981071625,137.32575277250695,136.43894823756605,138.21916608177258
2025-03-01,12.0,130.0932680484121,129.3376923042161,131.12222203409436,142.68586683333442,141.67805047358274,143.56922522974222,135.23285199294867,135.15945290931893,135.2744843410597,135.02881952009233,134.52803304743202,135.6134950566743,137.26470311682831,136.37062204518588,138.34561764088912,137.29204096509872,136.4048272932371,138.17903855598922
2025-03-02,12.0,130.0932680484121,129.3376923042161,131.12222203409436,142.64765669546003,141.64707094950052,143.52596460213334,135.2363045601853,135.1696461766607,135.27157224956625,135.02881952009233,134.52803304743202,135.6134950566743,137.22994554619055,136.34271543717563,138.311006098132,137.25764000951912,136.36748370313,138.1494999407481
2025-03-03,12.0,130.0932680484121,129.3376923042161,131.12222203409436,142.60964712663602,141.6184275553605,143.48293251501045,135.23918012599162,135.1793079200504,135.26980968687818,135.02881952009233,134.52803304743202,135.6134950566743,137.19481154317288,136.31030823798181,138.28283116395025,137.2227413855138,136.344762031747,138.1117864957647
2025-03-04,12.0,130.0932680484121,129.3376923042161,131.12222203409436,142.57183368054692,141.5908481724378,143.4401289683735,135.24159150475137,135.18565982648138,135.26849912906997,135.02881952009233,134.52803304743202,135.6134950566743,137.15940947584352,136.277999521176,138.2578366454816,137.187489024009,136.31328136731247,138.07383178096484
2025-03-05,12.0,130.0932680484121,129.3376923042161,131.12222203409436,142.53421626950882,141.56338730197484,143.39754181429487,135.24362663353898,135.1918092113242,135.26648090918982,135.02881952009233,134.52803304743202,135.6134950566743,137.12382719359303,136.2451585399569,138.22067865076528,137.15199276291585,136.2725262634792,138.04234918084126
2025-03-06,12.0,130.0932680484121,129.3376923042161,131.12222203409436,142.73284763162204,141.72005819201618,143.6200848649745,135.2453545542731,135.19698665919194,135.26461167162404,135.02881952009233,134.52803304743202,135.6134950566743,137.32418647644033,136.4222427857632,138.40453089983401,137.3532272117832,136.4580022620796,138.24416827140962
2025-03-07,12.0,130.0932680484121,129.3376923042161,131.12222203409436,142.6943983078714,141.69107754599483,143.57654463572203,135.24682991130945,135.2021916466197,135.26355831787788,135.02881952009233,134.52803304743202,135.6134950566743,137.28721250972612,136.389314047729,138.3780347825082,137.31625261517078,136.43661358914977,138.2082591651685
2025-03-08,12.0,130.0932680484121,129.3376923042161,131.12222203409436,142.65614884709294,141.663173518174,143.53326066017516,135.24809627028026,135.20719059068935,135.2627244483016,135.02881952009233,134.52803304743202,135.6134950566743,137.25022940791843,136.356521228231,138.3521209329902,137.27924200229788,136.40675247428285,138.1733351864016
2025-03-09,12.0,130.0932680484121,129.3376923042161,131.12222203409436,142.61809847550882,141.63541018806544,143.4901852945406,135.24918864446872,135.21214902243202,135.26203699491603,135.02881952009233,134.52803304743202,135.6134950566743,137.21327141052276,136.32386832530798,138.31454925270458,137.24223577929126,136.36423292072857,138.1360365319337
2025-03-10,12.0,130.0932680484121,129.3376923042161,131.12222203409436,142.58024413049696,141.6077431851641,143.447346252038,135.25013535304882,135.21727304074656,135.26138301672984,135.02881952009233,134.52803304743202,135.6134950566743,137.17636377409102,136.29135751422913,138.2751009663614,137.20526622376624,136.3236532041516,138.09779561167818
2025-03-11,12.0,130.0932680484121,129.3376923042161,131.12222203409436,142.5425875582696,141.58021070147882,143.40472796737535,135.250959479382,135.2208908105615,135.2609060872686,135.02881952009233,134.52803304743202,135.6134950566743,137.13953132819682,136.25899072576033,138.23619177920503,137.16835869878014,136.29073605103028,138.06287439818138
2025-03-12,12.0,130.0932680484121,129.3376923042161,131.12222203409436,142.5051269247265,141.5528029087495,143.36304295791177,135.25167991982988,135.22410762061716,135.26054904442458,135.02881952009233,134.52803304743202,135.6134950566743,137.10279113510163,136.2260871855521,138.20092914468955,137.13153406138278,136.26024521502916,138.02473510160212
2025-03-13,12.0,130.0932680484121,129.3376923042161,131.12222203409436,142.7619718447026,141.75436982310464,143.6513515309725,135.25231227777113,135.2270479804118,135.26017191191104,135.02881952009233,134.52803304743202,135.6134950566743,137.36026841301896,136.45388771389017,138.46605095462255,137.3898807218229,136.51095974242847,138.2920675888177
2025-03-14,12.0,130.0932680484121,129.3376923042161,131.12222203409436,142.7233758545039,141.72618804962312,143.60766590089304,135.25286945265026,135.22949182601812,135.2598928482922,135.02881952009233,134.52803304743202,135.6134950566743,137.3222295976994,136.4207072979244,138.4295089485282,137.35174235713967,136.47314916733274,138.25154670336215
2025-03-15,12.0,130.0932680484121,129.3376923042161,131.12222203409436,142.6849813547842,141.69813096709757,143.56421659394553,135.25336220142302,135.2315463952896,135.25965453092164,135.02881952009233,134.52803304743202,135.6134950566743,137.28432784675246,136.3876766946265,138.38905423878268,137.31373550455464,136.43431779277844,138.21105761851283
2025-03-16,12.0,130.0932680484121,129.3376923042161,131.12222203409436,142.6467845127586,141.67020840378805,143.52098804483796,135.25379953168928,135.23345500978022,135.2594784297013,135.02881952009233,134.52803304743202,135.6134950566743,137.2465683349931,136.3533886387229,138.3487794122546,137.27586922585795,136.39374028841755,138.17256920658306
2025-03-17,12.0,130.0932680484121,129.3376923042161,131.12222203409436,142.60878766412358,141.64241053143454,143.47877172207393,135.25418900371136,135.23522807666214,135.25934967112212,135.02881952009233,134.52803304743202,135.6134950566743,137.20896095838017,136.31840433863556,138.3091242925332,137.2381507093692,136.36018166176405,138.13426122852752
2025-03-18,12.0,130.0932680484121,129.3376923042161,131.12222203409436,142.69543133481974,141.70874867207453,143.5726084106132,135.20894963659748,135.05780998551853,135.3122636240706,135.02881952009233,134.52803304743202,135.6134950566743,137.25036526196246,136.36345825531527,138.3426403626698,137.27317862772608,136.39998260914825,138.17735381517892
2025-03-19,12.0,130.0932680484121,129.3376923042161,131.12222203409436,142.65718259337953,141.68079239883454,143.52934436564001,135.21691759406957,135.08986732664536,135.2974495277498,135.02881952009233,134.52803304743202,135.6134950566743,137.22008447799436,136.33107304444033,138.31186864365864,137.2445652856878,136.373874864524,138.1458013919852
2025-03-20,12.0,130.0932680484121,129.3376923042161,131.12222203409436,142.80664713192553,141.79651507016786,143.69567454079393,135.1217339131312,134.75112701588714,135.40601768038746,135.02881952009233,134.52803304743202,135.6134950566743,137.27436533560197,136.38296778576768,138.3272716676146,137.28528472472644,136.390708031486,138.23056590777256
2025-03-21,12.0,130.0932680484121,129.3376923042161,131.12222203409436,142.76782391006736,141.76816164898779,143.6517603702285,135.1441471694573,134.83128561211302,135.36814423672269,135.02881952009233,134.52803304743202,135.6134950566743,137.2579553700699,136.39465328725473,138.3143366350205,137.2736707375441,136.39419863193712,138.2175242026489
2025-03-22,12.0,130.0932680484121,129.3376923042161,131.12222203409436,142.72920223639002,141.7399443959847,143.60808252279503,135.16227457314005,134.87265871040069,135.34520664334798,135.02881952009233,134.52803304743202,135.6134950566743,137.2374611000753,136.3758357451641,138.30948087498714,137.25652622232283,136.39048362981714,138.18686081379332
2025-03-23,12.0,130.0932680484121,129.3376923042161,131.12222203409436,142.6907812005652,141.71182359081894,143.5667679584498,135.12527649869247,134.76011302972205,135.3863285456883,135.02881952009233,134.52803304743202,135.6134950566743,137.1620419898029,136.2790477093283,138.20169288795927,137.17563342688197,136.2879618629311,138.1139911073544
2025-03-24,12.0,130.0932680484121,129.3376923042161,131.12222203409436,142.652559867667,141.68386731757894,143.53015948081924,134.89868417630055,133.97089321033678,135.63105057540776,135.02881952009233,134.52803304743202,135.6134950566743,136.8972283345128,135.68128755546135,138.02574273743065,136.8770107065254,135.73053705638955,137.92532550795363
2025-03-25,12.0,130.0932680484121,129.3376923042161,131.12222203409436,142.61453761354647,141.6559989885974,143.49375657759484,134.95753120112838,134.14257186716975,135.54954511840558,135.02881952009233,134.52803304743202,135.6134950566743,136.9180531052201,135.847678027838,138.0066527811875,136.9102938775863,135.89381236049434,137.90886330197594
2025-03-26,12.0,130.0932680484121,129.3376923042161,131.12222203409436,142.5767111409486,141.62825547120184,143.45717866728418,135.00518432069626,134.2704014054182,135.47938119919343,135.02881952009233,134.52803304743202,135.6134950566743,136.9278797521901,135.90278232530883,138.0169427136443,136.92890917959573,135.96517900436874,137.90322961719494
2025-03-27,12.0,130.0932680484121,129.3376923042161,131.12222203409436,142.75426789128866,141.76636584103466,143.6370516704977,135.04398112399528,134.40434237556644,135.40884947769308,135.02881952009233,134.52803304743202,135.6134950566743,137.14423330582918,136.15407396474265,138.2177504424967,137.1523885120579,136.20344933238192,138.11822819246984
2025-03-28,12.0,130.0932680484121,129.3376923042161,131.12222203409436,142.7157198548262,141.73817695178036,143.60016757464692,135.0757725005892,134.5124161516453,135.37637172409538,135.02881952009233,134.52803304743202,135.6134950566743,137.13747664596067,136.1990594116476,138.2152884913778,137.15025604650347,136.21912751515362,138.09902615687403
2025-03-29,12.0,130.0932680484121,129.3376923042161,131.12222203409436,142.6773731601203,141.71007600678445,143.56345684741495,135.10199754572415,134.5862260320763,135.35872649048022,135.02881952009233,134.52803304743202,135.6134950566743,137.12535499638972,136.18201849824416,138.20624942322704,137.14154822242475,136.22694154627916,138.0736022635463
2025-03-30,12.0,130.0932680484121,129.3376923042161,131.12222203409436,142.63922453655567,141.68211973354448,143.52653171776745,135.08083981077948,134.53729118794024,135.37643591307761,135.02881952009233,134.52803304743202,135.6134950566743,137.06604863788039,136.129152176944,138.12362597288006,137.07864882869282,136.15972826896785,138.01582229040113
2025-03-31,12.0,130.0932680484121,129.3376923042161,131.12222203409436,142.60127332458273,141.65407278860488,143.48150029106077,135.10622389451558,134.60748968154178,135.35503677877594,135.02881952009233,134.52803304743202,135.6134950566743,137.05348150964355,136.1143271621785,138.12684954500156,137.06953581152155,136.15803205228661,137.99767085004925
2025-04-01,12.0,130.0932680484121,129.3376923042161,131.12222203409436,142.56351968180238,141.62509225924958,143.436985178562,135.12731044675652,134.68074719592627,135.33945377947853,135.02881952009233,134.52803304743202,135.6134950566743,137.03681441910413,136.10910560745162,138.11406568711044,137.0554016222894,136.1579109334561,137.99188051271688
2025-04-02,12.0,130.0932680484121,129.3376923042161,131.12222203409436,142.52596221435806,141.59622493987257,143.3927622967887,135.14492563801363,134.749173147256,135.32651405808582,135.02881952009233,134.52803304743202,135.6134950566743,137.01687214291692,136.12199160576156,138.0912895662955,137.03734005639592,136.14361815100605,137.95299030704115
2025-04-03,12.0,130.0932680484121,129.3376923042161,131.12222203409436,142.48859972634432,141.56748965796743,143.34878825872354,135.1597237839278,134.80339577448865,135.31462193932472,135.02881952009233,134.52803304743202,135.6134950566743,136.99430780081738,136.1077722334909,138.06630134734223,137.01618489587037,136.1307163685496,137.93675568279295
2025-04-04,12.0,130.0932680484121,129.3376923042161,131.12222203409436,142.45142980061965,141.53888641353413,143.30505528172048,135.17222226390686,134.85455415053784,135.30337891796293,135.02881952009233,134.52803304743202,135.6134950566743,136.96963635507174,136.09700585781385,138.04918266089248,136.99257781873663,136.1188272280049,137.9114506269479
2025-04-05,12.0,130.0932680484121,129.3376923042161,131.12222203409436,142.41445425591522,141.51042474282787,143.26155558313354,135.1828319629301,134.89588006347014,135.29568526158897,135.02881952009233,134.52803304743202,135.6134950566743,136.94327050939054,136.07744880595467,138.01720729938202,136.96701803644117,136.10555752636122,137.87870187877584
2025-04-06,12.0,130.0932680484121,129.3376923042161,131.12222203409436,142.3776712080307,141.48206674584472,143.21827492827234,135.19188099433774,134.92823232963872,135.28934633728505,135.02881952009233,134.52803304743202,135.6134950566743,136.91553649291367,136.06590478882134,137.98748677438908,136.93989686636593,136.08389094378606,137.865125716073
2025-04-07,12.0,130.0932680484121,129.3376923042161,131.12222203409436,142.34107738572777,141.4538691500822,143.1752573518096,135.19963312403078,134.96229359495743,135.28371554149817,135.02881952009233,134.52803304743202,135.6134950566743,136.88669480030376,136.03789827853538,137.956640514551,136.9115245172023,136.05249316832285,137.8344002469036
2025-04-08,12.0,130.0932680484121,129.3376923042161,131.12222203409436,142.30467454322542,141.42316216319009,143.1324510364266,135.20630191755856,134.98960185942002,135.27844536917004,135.02881952009233,134.52803304743202,135.6134950566743,136.85696075132918,136.0088198479469,137.92328140474308,136.8821480934868,136.0200604905236,137.80084217330415
2025-04-09,12.0,130.0932680484121,129.3376923042161,131.12222203409436,142.26846047389637,141.39206548609778,143.0898857821057,135.21206116506235,135.01406621984515,135.27512047866762,135.02881952009233,134.52803304743202,135.6134950566743,136.82650592950398,135.97885904927867,137.88971930192568,136.8519662589985,135.9969584562379,137.76743971527975
2025-04-10,12.0,130.0932680484121,129.3376923042161,131.12222203409436,142.46074393130377,141.55224178013466,143.31191430175912,135.12058389386343,134.73087115636062,135.38131830429154,135.02881952009233,134.52803304743202,135.6134950566743,136.92731211571245,136.04188628170232,137.9664901329318,136.93940137130423,136.05405782727894,137.87357389276494
2025-04-11,12.0,130.0932680484121,129.3376923042161,131.12222203409436,142.4237233368868,141.5237233819309,143.26839125523415,135.14105877847436,134.7968255134815,135.34826751696747,135.02881952009233,134.52803304743202,135.6134950566743,136.9107664059064,136.0291843132849,137.95661968130722,136.92672552235186,136.05268473240926,137.852765580898
2025-04-12,12.0,130.0932680484121,129.3376923042161,131.12222203409436,142.38689313723998,141.49493726618988,143.22508725243495,134.94597775098813,134.08342581912214,135.57007547987467,135.02881952009233,134.52803304743202,135.6134950566743,136.67885517877335,135.58897489756416,137.7774870427696,136.66547864664145,135.62568900602932,137.67906375673778
2025-04-13,12.0,130.0932680484121,129.3376923042161,131.12222203409436,142.35025608087247,141.46352205735784,143.18201652805186,134.99556227199685,134.2391250429182,135.4957799759046,135.02881952009233,134.52803304743202,135.6134950566743,136.69180264341458,135.660091397851,137.76376977556737,136.68871248611632,135.73965664066253,137.6619398907562
2025-04-14,12.0,130.0932680484121,129.3376923042161,131.12222203409436,142.31380676217785,141.43223775064692,143.13919464737685,135.03586459567225,134.39399848679042,135.43978816257052,135.02881952009233,134.52803304743202,135.6134950566743,136.69565564839533,135.7030962532135,137.78372762713204,136.6998337088029,135.7645839606115,137.6563000532492
2025-04-15,12.0,130.0932680484121,129.3376923042161,131.12222203409436,142.27754855632253,141.40114107355458,143.09659826247199,135.06880524472487,134.49133946602697,135.38348782521268,135.02881952009233,134.52803304743202,135.6134950566743,136.69233809159266,135.7428285820259,137.76355966300537,136.7017620057965,135.7901880804182,137.66431518864297
2025-04-16,12.0,130.0932680484121,129.3376923042161,131.12222203409436,142.24147694835773,141.37017529858335,143.05422092129285,134.89766403144955,133.86366212738147,135.59807626484007,135.02881952009233,134.52803304743202,135.6134950566743,136.4851252703525,135.25879796842142,137.61187675039903,136.46862631956432,135.34619414193017,137.52266422761255
2025-04-17,12.0,130.0932680484121,129.3376923042161,131.12222203409436,142.5101740983957,141.59925156921673,143.36531284702193,134.95352683209106,134.08511392130046,135.51595156481642,135.02881952009233,134.52803304743202,135.6134950566743,136.80968522103197,135.69223857072967,137.93326837042127,136.8047069902342,135.77058826071809,137.8181057545577
2025-04-18,12.0,130.0932680484121,129.3376923042161,131.12222203409436,142.47290040795735,141.57039929913094,143.3214878088685,134.9991679633441,134.21757812384726,135.43885985045122,135.02881952009233,134.52803304743202,135.6134950566743,136.8180526618467,135.7546464590665,137.93725056201598,136.82061477023015,135.8335840171999,137.81164760449545
2025-04-19,12.0,130.0932680484121,129.3376923042161,131.12222203409436,142.43581999707138,141.5386088310617,143.2779038317772,135.03667380846164,134.3347534302375,135.39917610894182,135.02881952009233,134.52803304743202,135.6134950566743,136.81847809607822,135.80290679975505,137.91106476048313,136.82653798634013,135.8646736033101,137.79980837707612
2025-04-20,12.0,130.0932680484121,129.3376923042161,131.12222203409436,142.39893188344973,141.50693217538483,143.234553133102,135.0676939670546,134.43870096954166,135.37683249711176,135.02881952009233,134.52803304743202,135.6134950566743,136.81261014104953,135.8331420652181,137.89873201673703,136.8247360024604,135.88758697704304,137.78669339229472
2025-04-21,12.0,130.0932680484121,129.3376923042161,131.12222203409436,142.36223501772034,141.47546023905528,143.19145127813488,135.09351615023024,134.53106366492477,135.3568033821595,135.02881952009233,134.52803304743202,135.6134950566743,136.8017354584958,135.85174118989832,137.88643060387284,136.8169014872924,135.87746380711792,137.7655540084647
2025-04-22,12.0,130.0932680484121,129.3376923042161,131.12222203409436,142.32572901884825,141.44413047886687,143.14855290160153,135.115144617016,134.61273035398432,135.3450032530669,135.02881952009233,134.52803304743202,135.6134950566743,136.78685792640948,135.85887103054287,137.87680548739988,136.80431692026562,135.87853846021173,137.73931394566603
2025-04-23,12.0,130.0932680484121,129.3376923042161,131.12222203409436,142.28941117363405,141.41294871052827,143.11222770463638,135.1333657684141,134.6843695666047,135.3268207421888,135.02881952009233,134.52803304743202,135.6134950566743,136.7687612325934,135.8636776713889,137.86930971015423,136.78796471966382,135.87852484125645,137.72775829669575
2025-04-24,12.0,130.0932680484121,129.3376923042161,131.12222203409436,142.25328412078417,141.38193748207954,143.07662055990164,135.14879965134202,134.72956793672373,135.3127159722692,135.02881952009233,134.52803304743202,135.6134950566743,136.74806806267142,135.84963964797058,137.852258288516,136.768605168227,135.87168881703462,137.7037319708781
2025-04-25,12.0,130.0932680484121,129.3376923042161,131.12222203409436,142.21734334593725,141.3511026092294,143.04117353692865,135.16193857929065,134.78891958392944,135.30343221304688,135.02881952009233,134.52803304743202,135.6134950566743,136.72526621577313,135.8355034119482,137.82418663253677,136.74683216356823,135.85704311698768,137.6708101167976
2025-04-26,12.0,130.0932680484121,129.3376923042161,131.12222203409436,142.18158843520504,141.31996613983117,143.00589582433318,135.17317645541252,134.8356056589585,135.29578041708982,135.02881952009233,134.52803304743202,135.6134950566743,136.70074918116282,135.8290916891283,137.79702317355319,136.72311363581787,135.84218691075412,137.6476822963682
2025-04-27,12.0,130.0932680484121,129.3376923042161,131.12222203409436,142.14601826199225,141.28894840788195,142.97077045085342,135.18283068571608,134.87422757585648,135.28875241134776,135.02881952009233,134.52803304743202,135.6134950566743,136.67483323825357,135.81807286307205,137.7683146040862,136.6978215053983,135.81956098684842,137.62048337616127
2025-04-28,12.0,130.0932680484121,129.3376923042161,131.12222203409436,142.1106342237207,141.2570727701157,142.93581132487927,134.9563308947693,134.1026154882879,135.54626270654785,135.02881952009233,134.52803304743202,135.6134950566743,136.4129494090352,135.31138304372385,137.49952095279826,136.4012443777361,135.37665590111615,137.41930555172982
2025-04-29,12.0,130.0932680484121,129.3376923042161,131.12222203409436,142.07543379755677,141.22264378051128,142.90074553077264,135.00290051073026,134.28233727143697,135.47428089770378,135.02881952009233,134.52803304743202,135.6134950566743,136.42431859883226,135.3897552043427,137.50339284349118,136.4221076110529,135.45014013353008,137.40624843022533
2025-04-30,12.0,130.0932680484121,129.3376923042161,131.12222203409436,142.04041483934228,141.1883980026124,142.86499861881134,135.04091846437672,134.39824657975015,135.42328307569895,135.02881952009233,134.52803304743202,135.6134950566743,136.42731759426422,135.46089211583774,137.50836853684643,136.43180258668679,135.49512153101222,137.40368537049855
2025-05-01,12.0,130.0932680484121,129.3376923042161,131.12222203409436,142.005577338893,141.15436313431843,142.82686283458693,135.0721216920082,134.49170569211023,135.37664762282125,135.02881952009233,134.52803304743202,135.6134950566743,136.42368332144645,135.4941459873414,137.5088641460006,136.4330042422459,135.51628376288647,137.38779744198953
2025-05-02,12.0,130.0932680484121,129.3376923042161,131.12222203409436,141.97092180827443,141.12051147773005,142.78681950848252,135.09790026944506,134.57306844925193,135.35393055992452,135.02881952009233,134.52803304743202,135.6134950566743,136.41480636826472,135.49463304973403,137.49937750614515,136.4276784339165,135.5101402590829,137.3769000655673
2025-05-03,12.0,130.0932680484121,129.3376923042161,131.12222203409436,141.9364447514237,141.08686632612068,142.74698770216617,135.11934233310475,134.65665819514172,135.34132050262048,135.02881952009233,134.52803304743202,135.6134950566743,136.40177137507368,135.4920128229772,137.48167044870127,136.41728628717777,135.49997745592404,137.35647979022758
2025-05-04,12.0,130.0932680484121,129.3376923042161,131.12222203409436,141.9021458361697,141.05338549756937,142.70736741563786,135.13729510267507,134.70378071827795,135.33104143089378,135.02881952009233,134.52803304743202,135.6134950566743,136.38542522939002,135.4861638167858,137.465955235532,136.40292693469786,135.48838000989616,137.33402151082188
2025-05-05,12.0,130.0932680484121,129.3376923042161,131.12222203409436,141.86802637836536,141.02013446727054,142.66838841898078,134.99179852854442,134.25123845495423,135.48849697057253,135.02881952009233,134.52803304743202,135.6134950566743,136.205809197455,135.13754979059843,137.2855199979754,136.20087822162375,135.21974765907643,137.20530475503986
2025-05-06,12.0,130.0932680484121,129.3376923042161,131.12222203409436,142.06093558482632,141.2039928572049,142.8892612178568,135.03152018616524,134.3700466874731,135.4330894249012,135.02881952009233,134.52803304743202,135.6134950566743,136.4384400615368,135.4603370252587,137.5214528359155,136.4416222063175,135.4980325930683,137.42175696367622
2025-05-07,12.0,130.0932680484121,129.3376923042161,131.12222203409436,142.02599393688018,141.16985473642143,142.8488953316965,135.06414536526285,134.46625065859374,135.38487507788668,135.02881952009233,134.52803304743202,135.6134950566743,136.43612359268826,135.4920261865283,137.52088276297997,136.44452568562969,135.52003037204375,137.40660950536903
2025-05-08,12.0,130.0932680484121,129.3376923042161,131.12222203409436,141.99123438866198,141.13591871599107,142.80873658885704,135.09109203950288,134.5477600512623,135.35788422065067,135.02881952009233,134.52803304743202,135.6134950566743,136.4283107187101,135.50099834683922,137.51958572833885,136.44051501033607,135.52388526226505,137.39708294246867
2025-05-09,12.0,130.0932680484121,129.3376923042161,131.12222203409436,141.95665387026685,141.1021703118922,142.76878936580567,135.1134919737762,134.63306527099317,135.34437221497618,135.02881952009233,134.52803304743202,135.6134950566743,136.4161301345883,135.50063699727136,137.49885508797382,136.4311496461602,135.5119211414215,137.37980076477368
2025-05-10,12.0,130.0932680484121,129.3376923042161,131.12222203409436,141.92225334338787,141.06862841277237,142.72916938764715,135.13223366440513,134.6815069319,135.33411167858708,135.02881952009233,134.52803304743202,135.6134950566743,136.40047129833823,135.49259882195238,137.48361303456062,136.41759895047232,135.50104906030757,137.35525097332552
2025-05-11,12.0,130.0932680484121,129.3376923042161,131.12222203409436,141.88803124298212,141.035274129984,142.69525138007288,135.14801265710327,134.74640384807805,135.31972969261554,135.02881952009233,134.52803304743202,135.6134950566743,136.38202819063062,135.48926226233144,137.46951513261155,136.40075005344002,135.4921814750991,137.33684250111753
2025-05-12,12.0,130.0932680484121,129.3376923042161,131.12222203409436,141.8539871549867,141.0021030589012,142.6577297088518,135.16137536310484,134.80609083853975,135.3049577680593,135.02881952009233,134.52803304743202,135.6134950566743,136.36134680863674,135.47271122802886,137.4449859217328,136.38128373146793,135.4745817752645,137.31368841062215
2025-05-13,12.0,130.0932680484121,129.3376923042161,131.12222203409436,141.82011792821635,140.96913849279744,142.61964619601935,135.17275380724348,134.84768200185965,135.29630454865864,135.02881952009233,134.52803304743202,135.6134950566743,136.33885602600503,135.46159422380168,137.41754270543439,136.3597277671631,135.45489489794835,137.29133320665954
2025-05-14,12.0,130.0932680484121,129.3376923042161,131.12222203409436,141.7864257834391,140.93634265437763,142.5817517101421,135.18249207587687,134.87504537916658,135.28986758200844,135.02881952009233,134.52803304743202,135.6134950566743,136.3149021498612,135.45272024592037,137.38791298674334,136.33649524343002,135.43762387120506,137.26541751004396
2025-05-15,12.0,130.0932680484121,129.3376923042161,131.12222203409436,141.75290794951698,140.90374891631092,142.54776010722478,135.190866334921,134.89746788425919,135.2845479120325,135.02881952009233,134.52803304743202,135.6134950566743,136.2897585749832,135.43598664516196,137.35667221030698,136.31191276986425,135.4259931174988,137.24037432527766
2025-05-16,12.0,130.0932680484121,129.3376923042161,131.12222203409436,141.71956274695015,140.87134279457567,142.51663570240825,135.19809973991562,134.92158681258294,135.27915495557303,135.02881952009233,134.52803304743202,135.6134950566743,136.263646777411,135.4189167737292,137.32427807179022,136.28624032828023,135.40960567059835,137.21437193744435
2025-05-17,12.0,130.0932680484121,129.3376923042161,131.12222203409436,141.99113120766128,141.12989975165715,142.80604090811312,135.20437386382392,134.95417178598512,135.27600667021673,135.02881952009233,134.52803304743202,135.6134950566743,136.5414893620304,135.68588176757214,137.61957139309018,136.56537320632802,135.6924683433297,137.49239343797987
2025-05-18,12.0,130.0932680484121,129.3376923042161,131.12222203409436,141.95655521097086,141.09618912485334,142.77179891980123,135.20983746204797,134.9803944713988,135.27275753930624,135.02881952009233,134.52803304743202,135.6134950566743,136.51237696356407,135.66044978957564,137.58529597707482,136.53652676185058,135.66377126891268,137.46540958665523
2025-05-19,12.0,130.0932680484121,129.3376923042161,131.12222203409436,141.92215787039464,141.0626894076545,142.73444850581637,135.0444177469122,134.436778449817,135.46273339209657,135.02881952009233,134.52803304743202,135.6134950566743,136.31255990785206,135.35914622724147,137.39286434192698,136.31138373132544,135.3794088035487,137.2703402438815
2025-05-20,12.0,130.0932680484121,129.3376923042161,131.12222203409436,141.8879382774444,141.02935401351365,142.69597137378145,135.0771253050588,134.5805412018431,135.40893660785812,135.02881952009233,134.52803304743202,135.6134950566743,136.3110478730484,135.40133221913715,137.41181570157534,136.31664893887805,135.4189635658488,137.26627529682995
2025-05-21,12.0,130.0932680484121,129.3376923042161,131.12222203409436,141.85389698741793,140.9962440129994,142.65768326870176,135.10381680508382,134.66537506903933,135.37580396269522,135.02881952009233,134.52803304743202,135.6134950566743,136.30369808304698,135.39208041986257,137.40161419677642,136.3140642166198,135.41436587568555,137.2505274983834
2025-05-22,12.0,130.0932680484121,129.3376923042161,131.12222203409436,141.82003151583257,140.96327944689563,142.62432528450674,135.07436710771591,134.56466924116063,135.4079503740363,135.02881952009233,134.52803304743202,135.6134950566743,136.24038291409371,135.31434825257196,137.3407585840937,136.24641874072918,135.34316061988756,137.19106160918815
2025-05-23,12.0,130.0932680484121,129.3376923042161,131.12222203409436,141.78634165382292,140.93052138577087,142.59289683724066,135.10117857962277,134.6494459718553,135.36781964764165,135.02881952009233,134.52803304743202,135.6134950566743,136.23350452399094,135.32033887122773,137.3343749572167,136.24404882453916,135.33472638707013,137.18382904523352
2025-05-24,12.0,130.0932680484121,129.3376923042161,131.12222203409436,141.7528275670818,140.89796982962514,142.55931503047202,135.12323964254205,134.7075377524475,135.33999792131277,135.02881952009233,134.52803304743202,135.6134950566743,136.22205150016907,135.2872164283737,137.31387736527952,136.23586007195368,135.3312823675939,137.16642975834966
2025-05-25,12.0,130.0932680484121,129.3376923042161,131.12222203409436,141.71948590633127,140.86558259653745,142.52093910554967,135.14151231862772,134.75953756028855,135.32635618507788,135.02881952009233,134.52803304743202,135.6134950566743,136.20698251550425,135.26692779099835,137.29187415662128,136.22319364485173,135.3230156548393,137.14900606795717
2025-05-26,12.0,130.0932680484121,129.3376923042161,131.12222203409436,141.68631760094686,140.83340186842878,142.48277395768454,135.15675021377825,134.81002581492433,135.31852818224206,135.02881952009233,134.52803304743202,135.6134950566743,136.18905210527038,135.27529619302214,137.26248139799878,136.20705043109896,135.30982822689438,137.1327677797261
2025-05-27,12.0,130.0932680484121,129.3376923042161,131.12222203409436,141.6533204401269,140.8038953466083,142.4448227414595,135.1695409322634,134.8629581432029,135.30957384835332,135.02881952009233,134.52803304743202,135.6134950566743,136.16884566293552,135.2782131091081,137.23261738119348,136.18818594762013,135.29472566966052,137.1142078398482
2025-05-28,12.0,130.0932680484121,129.3376923042161,131.12222203409436,141.6204951094475,140.77531823417794,142.40721810756224,135.18034422709906,134.9093536646897,135.298521379887,135.02881952009233,134.52803304743202,135.6134950566743,136.14682362709178,135.27376881286875,137.20549541520134,136.16717709963677,135.27886675505673,137.08755125824027
2025-05-29,12.0,130.0932680484121,129.3376923042161,131.12222203409436,141.58783911706894,140.74688741963445,142.3697982679084,135.18952181930533,134.93195092910798,135.28937037626739,135.02881952009233,134.52803304743202,135.6134950566743,136.1233452269195,135.26200242250638,137.17989482893012,136.1444689291541,135.26165689442894,137.06193172205272
2025-05-30,12.0,130.0932680484121,129.3376923042161,131.12222203409436,141.55535349510083,140.71860617210083,142.33257100514393,135.19736056651143,134.9502406126284,135.2840962850512,135.02881952009233,134.52803304743202,135.6134950566743,136.0986983521575,135.24371322370172,137.1536237942396,136.12040838053895,135.24735832661906,137.03453971686085
2025-05-31,12.0,130.0932680484121,129.3376923042161,131.12222203409436,141.5230354049363,140.69049778485055,142.2955436045997,135.20408952782697,134.97198668512627,135.27974963650135,135.02881952009233,134.52803304743202,135.6134950566743,136.0731092233085,135.22333939287918,137.1268535401162,136.09526816953488,135.2264773310101,137.01595737829516
2025-06-01,12.0,130.0932680484121,129.3376923042161,131.12222203409436,141.49088459362625,140.66248583981712,142.2608770081613,135.20989315375297,134.9975827530867,135.27591884761645,135.02881952009233,134.52803304743202,135.6134950566743,136.04676203792442,135.19525519371265,137.09967895629583,136.06926475062636,135.20104776887862,136.99018768794102
2025-06-02,12.0,130.0932680484121,129.3376923042161,131.12222203409436,141.45890018450172,140.63467331746355,142.22717221369513,135.2149209188425,135.02461008663747,135.2726498586397,135.02881952009233,134.52803304743202,135.6134950566743,136.01980539388947,135.16576543261277,137.07663800708477,136.04257103530261,135.1715294921991,136.961369632957
2025-06-03,12.0,130.0932680484121,129.3376923042161,131.12222203409436,141.42708259021248,140.60695723732684,142.19335480464238,135.21929475583647,135.04467884912015,135.2703255771012,135.02881952009233,134.52803304743202,135.6134950566743,135.99236163659418,135.13017151342768,137.07052669517813,136.01532636211735,135.1437365435818,136.93233775346226
2025-06-04,12.0,130.0932680484121,129.3376923042161,131.12222203409436,141.39542795858503,140.5793907242,142.15879404934373,135.22311483378365,135.06289334629938,135.26817149631478,135.02881952009233,134.52803304743202,135.6134950566743,135.96452708291395,135.0941208853738,137.04670250410427,135.98764363638935,135.11677220123775,136.90325596084216
2025-06-05,12.0,130.0932680484121,129.3376923042161,131.12222203409436,141.36393854469472,140.55199707135654,142.12403358776533,135.22646383740405,135.07954182682508,135.26651261672114,135.02881952009233,134.52803304743202,135.6134950566743,135.93638667264398,135.05792069003297,137.03337639135796,135.95961497406623,135.08651524486876,136.87660926507482
2025-06-06,12.0,130.0932680484121,129.3376923042161,131.12222203409436,141.3326127081135,140.52473537793517,142.08842893290398,135.229410469625,135.0947599790401,135.2649377925924,135.02881952009233,134.52803304743202,135.6134950566743,135.9080074682837,135.02645227126425,137.00702015059042,135.93131610200479,135.05655384748158,136.85351663270748
2025-06-07,12.0,130.0932680484121,129.3376923042161,131.12222203409436,141.30144803751122,140.49501531073722,142.0529862449122,135.23201194776985,135.1083032802689,135.26368359047083,135.02881952009233,134.52803304743202,135.6134950566743,135.8794442758263,134.99599154940842,136.9762367745149,135.90280931420097,135.02077984542453,136.82679015889767
2025-06-08,12.0,130.0932680484121,129.3376923042161,131.12222203409436,141.27044568605416,140.46491202757608,142.01774345788897,135.23431632961817,135.11889596779457,135.2627972858187,135.02881952009233,134.52803304743202,135.6134950566743,135.85074630621756,134.964983793247,136.94557123999527,135.87414631606723,134.98478788477794,136.79978259538188
2025-06-09,12.0,130.0932680484121,129.3376923042161,131.12222203409436,141.23960353262402,140.43497678907718,141.9826854961078,135.23636402600147,135.12873484290418,135.26212562121322,135.02881952009233,134.52803304743202,135.6134950566743,135.82195184917074,134.9335970831306,136.9150461874387,135.84537033295945,134.9580014046069,136.7771122197593
2025-06-10,12.0,130.0932680484121,129.3376923042161,131.12222203409436,141.20892056929517,140.40523288851398,141.94778171855017,135.23818922480373,135.13787404426262,135.26160086376817,135.02881952009233,134.52803304743202,135.6134950566743,135.79309408464414,134.90579089288056,136.8846399082476,135.81651740606972,134.9270013441163,136.75014378481546
2025-06-11,12.0,130.0932680484121,129.3376923042161,131.12222203409436,141.17839722428764,140.375657032613,141.91424489839775,134.93989422235833,134.0254732585539,135.6113164169336,135.02881952009233,134.52803304743202,135.6134950566743,135.46427573719123,134.25996917811332,136.57674558394461,135.44246308589106,134.3464951045513,136.5092895192862
2025-06-12,12.0,130.0932680484121,129.3376923042161,131.12222203409436,141.1480325073651,140.34624922137425,141.88256852863117,134.99174980884703,134.195289703439,135.51336972608553,135.02881952009233,134.52803304743202,135.6134950566743,135.48576660675735,134.3731288736287,136.61233413955813,135.4756850694222,134.45540830935835,136.50907009510354
2025-06-13,12.0,130.0932680484121,129.3376923042161,131.12222203409436,141.11782390296844,140.31701311510284,141.85104561612417,135.03369443962265,134.36493635823098,135.4593946599686,135.02881952009233,134.52803304743202,135.6134950566743,135.49750263313632,134.43746709552488,136.63375656120363,135.49563265702903,134.53272602188983,136.50487435077613
2025-06-14,12.0,130.0932680484121,129.3376923042161,131.12222203409436,141.08777150317601,140.28794505349364,141.8196783891487,135.06779519659028,134.51948821211403,135.4040209633791,135.02881952009233,134.52803304743202,135.6134950566743,135.50155099031153,134.48812095083386,136.61765687084048,135.5055652421561,134.56991786780003,136.49638103104976
2025-06-15,12.0,130.0932680484121,129.3376923042161,131.12222203409436,141.05787566009647,140.2586385785989,141.78845683678685,135.0957020664107,134.6052289742577,135.36411058232432,135.02881952009233,134.52803304743202,135.6134950566743,135.4995620170524,134.50127469965736,136.62532490220053,135.50786113479327,134.59745816060115,136.47945446709002
2025-06-16,12.0,130.0932680484121,129.3376923042161,131.12222203409436,141.02813385510328,140.22841485270197,141.75721781018825,135.1186995489303,134.67878108766266,135.34672467418363,135.02881952009233,134.52803304743202,135.6134950566743,135.4928176945788,134.50726740010955,136.61680143879465,135.504275256677,134.59056973451086,136.47634194819375
2025-06-17,12.0,130.0932680484121,129.3376923042161,131.12222203409436,141.17938206294914,140.3752154578365,141.91454878031854,135.13778104873498,134.74366199676155,135.3319563119269,135.02881952009233,134.52803304743202,135.6134950566743,135.66314740222936,134.71514985201554,136.7711951464606,135.67760243857353,134.76750236199604,136.6293056292159
2025-06-18,12.0,130.0932680484121,129.3376923042161,131.12222203409436,141.14901217540444,140.34578801362937,141.88287241055195,135.15371629858265,134.8034774511089,135.32091448573703,135.02881952009233,134.52803304743202,135.6134950566743,135.64871276453235,134.70146210457278,136.75285557538726,135.66492306644264,134.75160945600084,136.60339905799165
2025-06-19,12.0,130.0932680484121,129.3376923042161,131.12222203409436,141.3554240011735,140.5442534863441,142.1121590555287,135.16710512404714,134.83997170352575,135.31118074352653,135.02881952009233,134.52803304743202,135.6134950566743,135.86851341576585,134.9394790169445,136.95734751006756,135.88681944150565,134.9998250572002,136.82927821067292
2025-06-20,12.0,130.0932680484121,129.3376923042161,131.12222203409436,141.32414388664196,140.514024895943,142.07660838962386,135.178418204192,134.8811606574078,135.29910227863547,135.02881952009233,134.52803304743202,135.6134950566743,135.84854638137918,134.92500591245746,136.9347377435657,135.8678478204734,134.98559003432945,136.80285204519632
2025-06-21,12.0,130.0932680484121,129.3376923042161,131.12222203409436,141.29302429848235,140.48384383631793,142.04123476631509,135.18802791791074,134.92565106448146,135.29206288574915,135.02881952009233,134.52803304743202,135.6134950566743,135.82703650693833,134.91546085244426,136.91132836672793,135.84709417135824,134.95548141396196,136.78441896208443
2025-06-22,12.0,130.0932680484121,129.3376923042161,131.12222203409436,141.2620660523283,140.45382274533537,142.00604596824837,135.19623106887443,134.96395009938828,135.28633787586008,135.02881952009233,134.52803304743202,135.6134950566743,135.80428141174795,134.90186676675998,136.88713570666866,135.82491403569736,134.9362305022171,136.75524619207792
2025-06-23,12.0,130.0932680484121,129.3376923042161,131.12222203409436,141.2312691110611,140.42395372635175,141.97104199542372,135.20326597478947,134.98818044144622,135.28161773023362,135.02881952009233,134.52803304743202,135.6134950566743,135.7805193763958,134.88312855979086,136.87666707845946,135.80158896823752,134.9034848649739,136.72373400356423
2025-06-24,12.0,130.0932680484121,129.3376923042161,131.12222203409436,141.2006312047964,140.39427238499877,141.93822554641852,135.17241224606548,134.89550135867887,135.31699941893416,135.02881952009233,134.52803304743202,135.6134950566743,135.71902774140713,134.78315983688606,136.81667718079802,135.73506733024522,134.83024032617251,136.67133870262728
2025-06-25,12.0,130.0932680484121,129.3376923042161,131.12222203409436,141.17015163704895,140.36475908830798,141.90644464354025,135.14315214153075,134.81778803731015,135.34684092189522,135.02881952009233,134.52803304743202,135.6134950566743,135.65928806912493,134.68941235593743,136.77206404695167,135.6708546538967,134.76514116698675,136.62537901480127
2025-06-26,12.0,130.0932680484121,129.3376923042161,131.12222203409436,141.29620130236182,140.48498321187893,142.04303235593383,135.1594586588979,134.85813264772537,135.32618959927376,135.02881952009233,134.52803304743202,135.6134950566743,135.80164425180496,134.8500038842358,136.90194796203306,135.81655290659018,134.9228634630658,136.7577487615212
2025-06-27,12.0,130.0932680484121,129.3376923042161,131.12222203409436,141.26522702473733,140.454942487928,142.0078357752211,135.1729353946483,134.89732263319715,135.3102632612792,135.02881952009233,134.52803304743202,135.6134950566743,135.7841467099309,134.85666553411136,136.88045008126235,135.80099747964354,134.89962710578484,136.73582189789758
2025-06-28,12.0,130.0932680484121,129.3376923042161,131.12222203409436,141.42990416106528,140.6089588088486,142.1937553934634,135.12929572331478,134.76929687320657,135.362190790099,135.02881952009233,134.52803304743202,135.6134950566743,135.90518417492527,134.9486680624661,137.01523503390516,135.9159681103266,135.02596104905857,136.86892699906969
2025-06-29,12.0,130.0932680484121,129.3376923042161,131.12222203409436,141.39823806211402,140.58130532589615,142.15769943504327,135.14787565190986,134.82487783556803,135.33518146079035,135.02881952009233,134.52803304743202,135.6134950566743,135.8920980045691,134.92986111109641,136.99462673838937,135.90601408807711,135.0117993680641,136.85369388652109
2025-06-30,12.0,130.0932680484121,129.3376923042161,131.12222203409436,141.366736610185,140.55130213144446,142.12189487921336,135.16319327400004,134.86538062527052,135.315116922846,135.02881952009233,134.52803304743202,135.6134950566743,135.87591417473027,134.93404207304613,136.973284855398,135.8920693497905,135.00146446140718,136.83155582539334
2025-07-01,12.0,130.0932680484121,129.3376923042161,131.12222203409436,141.55831473877944,140.7206089656853,142.33130918514692,135.17589962613113,134.9030043639297,135.30615194907304,135.02881952009233,134.52803304743202,135.6134950566743,136.0801986554558,135.17226480660608,137.16288662360418,136.0987371513698,135.2148131451883,137.03187067815736
2025-07-02,12.0,130.0932680484121,129.3376923042161,131.12222203409436,141.52598503768124,140.69247074691546,142.29728390122523,135.18651022790567,134.9431323056397,135.30074500419812,135.02881952009233,134.52803304743202,135.6134950566743,136.05847955613214,135.16718534932994,137.13833900034365,136.07821586208064,135.19941241579238,137.00641574467272
2025-07-03,12.0,130.0932680484121,129.3376923042161,131.12222203409436,141.674352988352,140.82146904542384,142.46169827796328,135.1954291664105,134.9803407785654,135.2933894777901,135.02881952009233,134.52803304743202,135.6134950566743,136.21576644530776,135.34867961878817,137.28553372413705,136.23706448783997,135.36163338462543,137.16725989243463
2025-07-04,12.0,130.0932680484121,129.3376923042161,131.12222203409436,141.64142436091092,140.7928388082005,142.4238507505915,135.20297306901833,135.0073867972768,135.28592300956626,135.02881952009233,134.52803304743202,135.6134950566743,136.19038172047448,135.32461935731405,137.2587616888996,136.21233853536594,135.34171880114263,137.14114654813844
2025-07-05,12.0,130.0932680484121,129.3376923042161,131.12222203409436,141.60866458433074,140.76430828231707,142.3862692722628,135.2093913955649,135.02160122195986,135.279656952395,135.02881952009233,134.52803304743202,135.6134950566743,136.16404027044086,135.29878717358062,137.24560779138463,136.1864901398651,135.3151158312088,137.10707821307318
2025-07-06,12.0,130.0932680484121,129.3376923042161,131.12222203409436,141.57607558298142,140.73595061671696,142.34950339574416,135.21488188668556,135.03587142173927,135.27605963869053,135.02881952009233,134.52803304743202,135.6134950566743,136.1369417602122,135.27236085665484,137.24039418147433,136.15975841241126,135.28718316317168,137.07790081123926
2025-07-07,12.0,130.0932680484121,129.3376923042161,131.12222203409436,141.54365427733487,140.7077392490037,142.31539409813558,135.21960265926037,135.05297683548454,135.27309387901295,135.02881952009233,134.52803304743202,135.6134950566743,136.10924122714047,135.24485055532023,137.22527108562875,136.13233116597704,135.25521969432953,137.05181449745834
2025-07-08,12.0,130.0932680484121,129.3376923042161,131.12222203409436,141.5114024231783,140.6796508859038,142.28158766638524,135.22368095080577,135.07414671178847,135.27032312155686,135.02881952009233,134.52803304743202,135.6134950566743,136.0810676645293,135.21501791520305,137.19394316894324,136.10435733807242,135.22380504311423,137.02670743495264
2025-07-09,12.0,130.0932680484121,129.3376923042161,131.12222203409436,141.47931675174027,140.65173538308727,142.24753332846743,135.22721996610375,135.09164699003858,135.26838193440642,135.02881952009233,134.52803304743202,135.6134950566743,136.05252100838925,135.1811689661249,137.16241636459725,136.0759558662939,135.19746780872413,137.00100922683066
2025-07-10,12.0,130.0932680484121,129.3376923042161,131.12222203409436,141.4473971309588,140.62380355770398,142.21114583002077,135.23030392329446,135.10590511758494,135.26662565248762,135.02881952009233,134.52803304743202,135.6134950566743,136.02368534479848,135.1497183658943,137.1309864450122,136.04722261809283,135.17177546988796,136.97451489744603
2025-07-11,12.0,130.0932680484121,129.3376923042161,131.12222203409436,141.41564340463472,140.59374011190883,142.17495092838314,135.23300204801626,135.11890403833388,135.26518599016194,135.02881952009233,134.52803304743202,135.6134950566743,135.99462974319619,135.11895229856242,137.09965908815144,136.0182352470929,135.13670547794644,136.94762568749064
2025-07-12,12.0,130.0932680484121,129.3376923042161,131.12222203409436,141.3840536359084,140.56314821302126,142.1390622370486,135.04504261077335,134.39403721654517,135.48265822338055,135.02881952009233,134.52803304743202,135.6134950566743,135.775080537227,134.75788051336252,136.90045565120354,135.77007593436664,134.8001771391928,136.76114928329872
2025-07-13,12.0,130.0932680484121,129.3376923042161,131.12222203409436,141.35262858688384,140.53268958512345,142.1033500938397,135.07908447316478,134.5434194563752,135.42298437386765,135.02881952009233,134.52803304743202,135.6134950566743,135.77769735059385,134.78238794551925,136.89976461374854,135.78015041721014,134.84409128759185,136.78086386170816
2025-07-14,12.0,130.0932680484121,129.3376923042161,131.12222203409436,141.32136478769434,140.50239496402662,142.0678456342454,135.10669781850171,134.6797231622848,135.38733174063682,135.02881952009233,134.52803304743202,135.6134950566743,135.7740468967413,134.80327094692538,136.9028814865706,135.78171975821786,134.87927789788677,136.7622200650144
2025-07-15,12.0,130.0932680484121,129.3376923042161,131.12222203409436,141.49285086062596,140.66340446956914,142.26178754685466,135.12921399653078,134.7557190346523,135.35076942883663,135.02881952009233,134.52803304743202,135.6134950566743,135.968049147702,135.01595330461834,137.0793746345694,135.9801680415539,135.095679847739,136.94286015925852
2025-07-16,12.0,130.0932680484121,129.3376923042161,131.12222203409436,141.46086135563428,140.63536234914102,142.22534661812455,135.14769641381866,134.81233096371096,135.32827826107695,135.02881952009233,134.52803304743202,135.6134950566743,135.95454205999818,134.99409746640328,137.0628944391398,135.96937702768798,135.07518157795602,136.90847755124605
2025-07-17,12.0,130.0932680484121,129.3376923042161,131.12222203409436,141.53570789288793,140.7006086537896,142.30412966565336,135.09357839043437,134.63380244213144,135.40075590415015,135.02881952009233,134.52803304743202,135.6134950566743,135.97527057386753,135.01900815249434,137.09669416863042,135.9822819592368,135.07538680247671,136.96068218680938
2025-07-18,12.0,130.0932680484121,129.3376923042161,131.12222203409436,141.5034979102511,140.67250506779484,142.27037634511717,135.11797158818848,134.71001723738084,135.35829051558028,135.02881952009233,134.52803304743202,135.6134950566743,135.9674537889848,135.00982711573977,137.08543447343203,135.97859989251793,135.08784729621695,136.94091161168038
2025-07-19,12.0,130.0932680484121,129.3376923042161,131.12222203409436,141.63066649254054,140.783163117346,142.40763987178957,135.13803380298222,134.77176506805907,135.33360434212892,135.02881952009233,134.52803304743202,135.6134950566743,136.11468458606802,135.16103629760738,137.22276674573914,136.12942595261504,135.24137544836864,137.06387695130675
2025-07-20,12.0,130.0932680484121,129.3376923042161,131.12222203409436,141.59796422021356,140.75467917800947,142.37152628378,135.15463324216802,134.82223463845787,135.3210505253055,135.02881952009233,134.52803304743202,135.6134950566743,136.0985817529268,135.14786028077526,137.20446929732947,136.11549128152413,135.22486557950415,137.05079300668226
2025-07-21,12.0,130.0932680484121,129.3376923042161,131.12222203409436,141.5654323364233,140.72636809895627,142.33580774603126,135.1684558267572,134.8721014682925,135.31142722336833,135.02881952009233,134.52803304743202,135.6134950566743,136.0798724537257,135.15271469229612,137.18177085674097,136.09838204577642,135.2054814646984,137.03393958411675
2025-07-22,12.0,130.0932680484121,129.3376923042161,131.12222203409436,141.53306879576334,140.69816120676356,142.30042874398387,135.1800387988244,134.90177298737999,135.30529130252006,135.02881952009233,134.52803304743202,135.6134950566743,136.05909188513297,135.15316835931046,137.1581738724867,136.07879214312575,135.1899226448107,137.0131098414065
2025-07-23,12.0,130.0932680484121,129.3376923042161,131.12222203409436,141.5008723639265,140.6691886961938,142.26652625601517,135.18980337999017,134.9411980898592,135.29537196053406,135.02881952009233,134.52803304743202,135.6134950566743,136.0366600344619,135.14695612838267,137.133863021233,136.05725144817094,135.16939810496174,136.99122625425997
2025-07-24,12.0,130.0932680484121,129.3376923042161,131.12222203409436,141.4688441044943,140.638169695753,142.23042276266767,135.19808140319597,134.97857825307887,135.28722375784443,135.02881952009233,134.52803304743202,135.6134950566743,136.0129097982355,135.13025830442342,137.1122374649801,136.0341688030923,135.14518577325063,136.96366549846007
2025-07-25,12.0,130.0932680484121,129.3376923042161,131.12222203409436,141.43698077275008,140.60732472874753,142.19411686027098,135.2051361504006,135.00914923362458,135.28231848692454,135.02881952009233,134.52803304743202,135.6134950566743,135.9881012136959,135.1091708477927,137.1034413223447,136.0098626771676,135.1198162520463,136.93604190189708
2025-07-26,12.0,130.0932680484121,129.3376923042161,131.12222203409436,141.4052822951134,140.57666470161007,142.15801473631703,135.21117794011394,135.02742810483593,135.27827591334133,135.02881952009233,134.52803304743202,135.6134950566743,135.96244452577258,135.07997738771252,137.09290717721112,135.98458364790926,135.0955591506122,136.90749249290357
2025-07-27,12.0,130.0932680484121,129.3376923042161,131.12222203409436,141.3737486549999,140.54609655039897,142.12210520917208,135.21637608817,135.0407421053119,135.27469252482524,135.02881952009233,134.52803304743202,135.6134950566743,135.93610903371516,135.04550485251465,137.06363621029124,135.9585302329911,135.07053214958916,136.8794009435074
2025-07-28,12.0,130.0932680484121,129.3376923042161,131.12222203409436,141.3423784817989,140.51569644385012,142.08639946046986,135.22086777688412,135.05397069251404,135.2713672728457,135.02881952009233,134.52803304743202,135.6134950566743,135.90923054922825,135.01056575740864,137.0328470222607,135.93186115943806,135.04487047068525,136.8553117077949
2025-07-29,12.0,130.0932680484121,129.3376923042161,131.12222203409436,141.31117043374132,140.48548401493187,142.05090616896226,135.22476489887313,135.07290741272118,135.2695106959686,135.02881952009233,134.52803304743202,135.6134950566743,135.8819196231597,134.97584742750766,137.00344903803267,135.90470404041315,135.01720202835435,136.83589453418506
2025-07-30,12.0,130.0932680484121,129.3376923042161,131.12222203409436,141.2801234200788,140.45544329098095,142.01698924072957,135.2281593184824,135.09057614170732,135.26746816304208,135.02881952009233,134.52803304743202,135.6134950566743,135.85426702910644,134.94793398771336,136.97587795311887,135.87716236104615,134.98643873028996,136.81186966013422
2025-07-31,12.0,130.0932680484121,129.3376923042161,131.12222203409436,141.2492368097407,140.4255939049657,141.98498641377802,135.2311267835043,135.10504478005709,135.26587926351124,135.02881952009233,134.52803304743202,135.6134950566743,135.8263478837902,134.9191007394363,136.9482970544217,135.84932042602847,134.95583841033226,136.77870252659557
2025-08-01,12.0,130.0932680484121,129.3376923042161,131.12222203409436,141.21851110574076,140.39588927033924,141.95316473113937,135.23373017184446,135.1181263582041,135.2644568545547,135.02881952009233,134.52803304743202,135.6134950566743,135.79822556813045,134.89207463977922,136.9206873128873,135.82124737571922,134.92237048453816,136.75315080865732
2025-08-02,12.0,130.0932680484121,129.3376923042161,131.12222203409436,141.40123376423668,140.5713990810616,142.15261169075967,135.23602190546794,135.13008269750716,135.26329972240146,135.02881952009233,134.52803304743202,135.6134950566743,135.98323996024985,135.1045107171585,137.0941092802898,136.007017304407,135.1146211460168,136.94261197626676
2025-08-03,12.0,130.0932680484121,129.3376923042161,131.12222203409436,141.36972250675166,140.54087019578728,142.11673446957332,135.238045865527,135.14101145796977,135.26250407558402,135.02881952009233,134.52803304743202,135.6134950566743,135.9537526628239,135.07237547125965,137.06543715692996,135.9775364155066,135.0854895577953,136.9172335716322
2025-08-04,12.0,130.0932680484121,129.3376923042161,131.12222203409436,141.33837322432228,140.51051301548023,142.08104280375437,135.17830996233303,134.9640788020371,135.3320619419147,135.02881952009233,134.52803304743202,135.6134950566743,135.86266747720055,134.9296475268963,137.00272136203813,135.87722377120988,134.99072736004013,136.82017501062532
2025-08-05,12.0,130.0932680484121,129.3376923042161,131.12222203409436,141.30718516198266,140.48032387983545,142.04598146717532,135.1902008700483,135.00288426384492,135.31241125685804,135.02881952009233,134.52803304743202,135.6134950566743,135.8433703225762,134.91231497075387,136.97953904486013,135.86029702585878,134.97597026800025,136.79273081096028
2025-08-06,12.0,130.0932680484121,129.3376923042161,131.12222203409436,141.409856416563,140.5776899396659,142.1606033531976,135.19992828013704,135.02954772605483,135.3004463329757,135.02881952009233,134.52803304743202,135.6134950566743,135.95576898724528,135.04599877219005,137.0896007682125,135.97490311615218,135.08563031695672,136.90520222707246
2025-08-07,12.0,130.0932680484121,129.3376923042161,131.12222203409436,141.37829977884454,140.54709849518133,142.12465447865242,135.20793172404555,135.05513280251375,135.28850953292357,135.02881952009233,134.52803304743202,135.6134950566743,135.93221579343532,135.02058717358912,137.06360275281028,135.95251457196858,135.0600791520725,136.88048174932717
2025-08-08,12.0,130.0932680484121,129.3376923042161,131.12222203409436,141.5654941989687,140.72588929081334,142.3363925173059,135.21456303494014,135.07741530657617,135.2837508421302,135.02881952009233,134.52803304743202,135.6134950566743,136.12604152445408,135.24264146573614,137.25537157327528,136.14792042266322,135.26794705599158,137.06909404814672
2025-08-09,12.0,130.0932680484121,129.3376923042161,131.12222203409436,141.53313094471994,140.69521637350067,142.30101351525852,135.22009745885168,135.0948600101579,135.2803091515219,135.02881952009233,134.52803304743202,135.6134950566743,136.09921269411686,135.21733549244178,137.22477765790345,136.12169018125363,135.2329572935229,137.0441586397827
2025-08-10,12.0,130.0932680484121,129.3376923042161,131.12222203409436,141.5009374764071,140.6640313216596,142.2635294661338,135.22474908410234,135.10439149761208,135.27651462735636,135.02881952009233,134.52803304743202,135.6134950566743,136.07167085105468,135.18919104137635,137.19365086606723,136.0945758199398,135.20267844174523,137.01804985818217
2025-08-11,12.0,130.0932680484121,129.3376923042161,131.12222203409436,141.46891052717046,140.63305582957761,142.22707031432833,135.22868484653904,135.1161016733512,135.27330872777037,135.02881952009233,134.52803304743202,135.6134950566743,136.04357966425474,135.16095912973026,137.16248125912966,136.06678851293393,135.16891694105064,136.9995805500319
2025-08-12,12.0,130.0932680484121,129.3376923042161,131.12222203409436,141.70213885914342,140.84498782663286,142.48700193162006,135.2320357148129,135.12689120882186,135.26975264094813,135.02881952009233,134.52803304743202,135.6134950566743,136.28015886450154,135.40138265566924,137.39545494131835,136.30442969695517,135.43352643222983,137.23498260163066
2025-08-13,12.0,130.0932680484121,129.3376923042161,131.12222203409436,141.669070545409,140.81618146000312,142.45054318032803,135.23490522414832,135.13996862611506,135.26759498633274,135.02881952009233,134.52803304743202,135.6134950566743,136.24996006010255,135.36935747896106,137.36307742136418,136.274371607267,135.3965767064567,137.2072713460054
2025-08-14,12.0,130.0932680484121,129.3376923042161,131.12222203409436,141.8765512548556,140.99662305577596,142.6850829072413,135.23737585113332,135.152993465632,135.2660724845198,135.02881952009233,134.52803304743202,135.6134950566743,136.45991139653415,135.58323540967314,137.57061708673183,136.4852184796732,135.6217132389386,137.42527922647
2025-08-15,12.0,130.0932680484121,129.3376923042161,131.12222203409436,141.84258151639136,140.96705209906946,142.64605352682233,135.23951385113565,135.1620848911678,135.2648227192298,135.02881952009233,134.52803304743202,135.6134950566743,136.42807965807222,135.54824154783276,137.5372566489074,136.4534323313568,135.58464852632142,137.39603974432228
2025-08-16,12.0,130.0932680484121,129.3376923042161,131.12222203409436,141.90597639545223,141.02279276775272,142.71860174368152,135.24137282671447,135.17030661890846,135.26370780684329,135.02881952009233,134.52803304743202,135.6134950566743,136.49333351271196,135.61317994481374,137.60288336335347,136.5192123164953,135.65550352609498,137.4625276221538
2025-08-17,12.0,130.0932680484121,129.3376923042161,131.12222203409436,141.87185491286215,140.99245887601128,142.6784283135316,135.24299644784782,135.17782107950273,135.26280340750378,135.02881952009233,134.52803304743202,135.6134950566743,136.4608356512552,135.57763085523627,137.56929605683393,136.4867038844672,135.62611112451054,137.43011907133618
2025-08-18,12.0,130.0932680484121,129.3376923042161,131.12222203409436,141.83790843082255,140.96288791930476,142.63916694834657,135.20294589001765,135.05412422331761,135.30852092376568,135.02881952009233,134.52803304743202,135.6134950566743,136.38683861138543,135.51750254839578,137.5208644655776,136.40647230643498,135.53065223769244,137.33007360382746
2025-08-19,12.0,130.0932680484121,129.3376923042161,131.12222203409436,142.06123269458578,141.1696137521398,142.89877606129016,135.2111406160172,135.08316756270813,135.2957000465979,135.02881952009233,134.52803304743202,135.6134950566743,136.6183576011482,135.75202105592223,137.75010191001405,136.6404062170422,135.77523059616715,137.5871208071581
2025-08-20,12.0,130.0932680484121,129.3376923042161,131.12222203409436,142.02630733303425,141.1356821363354,142.8576218183495,135.21784852622724,135.102045434493,135.2874294823702,135.02881952009233,134.52803304743202,135.6134950566743,136.59014014980673,135.72101963399854,137.71957957992544,136.61326040398586,135.7456072945291,137.56994350233177
2025-08-21,12.0,130.0932680484121,129.3376923042161,131.12222203409436,142.12478017661334,141.2299962997122,142.97452723787003,135.2233711581805,135.12012296813214,135.27904410327986,135.02881952009233,134.52803304743202,135.6134950566743,136.69413562533907,135.8132831032347,137.8210208370681,136.7185963113308,135.85014031149285,137.66542081276194
2025-08-22,12.0,130.0932680484121,129.3376923042161,131.12222203409436,142.08952674868996,141.19571274451826,142.93296349180252,135.2279498690673,135.13339987952375,135.2759259445012,135.02881952009233,134.52803304743202,135.6134950566743,136.6634609083025,135.78619018185364,137.7872416548652,136.68843877969533,135.81808543872143,137.63442510757176
2025-08-23,12.0,130.0932680484121,129.3376923042161,131.12222203409436,142.27882366706797,141.37622614301117,143.15413546670277,135.23177353490308,135.14486779538473,135.2737078028718,135.02881952009233,134.52803304743202,135.6134950566743,136.85658149251626,135.96064556294704,137.9775847335754,136.88270904124747,136.01026742471703,137.83035285931726
2025-08-24,12.0,130.0932680484121,129.3376923042161,131.12222203409436,142.24277324021233,141.3411165679011,143.11174734486374,135.23498916631158,135.15280643417782,135.27107283593034,135.02881952009233,134.52803304743202,135.6134950566743,136.82374669706914,135.92654594314533,137.94263772159212,136.85011394420258,135.980765380173,137.79294677410584
2025-08-25,12.0,130.0932680484121,129.3376923042161,131.12222203409436,142.20690913752642,141.3061713158491,143.0694606047931,135.23771146566514,135.16093947632888,135.26872037825044,135.02881952009233,134.52803304743202,135.6134950566743,136.7906048937368,135.8977264987056,137.9077187095922,136.81712800720103,135.9486966119193,137.75948583061873
2025-08-26,12.0,130.0932680484121,129.3376923042161,131.12222203409436,142.17123105830282,141.27145586204958,143.02737611050804,135.24003050885696,135.16902903732466,135.26629499201863,135.02881952009233,134.52803304743202,135.6134950566743,136.75724585770502,135.86872704974994,137.8728825588312,136.78386232842166,135.91372437918912,137.72632540286008
2025-08-27,12.0,130.0932680484121,129.3376923042161,131.12222203409436,142.13573886759698,141.2369236199556,142.98552924015803,135.2420175284969,135.17747131222816,135.26487131381242,135.02881952009233,134.52803304743202,135.6134950566743,136.7237406866391,135.8396182097117,137.83812388717757,136.75040286651097,135.87888570900492,137.69099665768186
2025-08-28,12.0,130.0932680484121,129.3376923042161,131.12222203409436,142.314017551836,141.40699784341788,143.19379088002927,135.2437293244051,135.1864199456408,135.2638150342086,135.02881952009233,134.52803304743202,135.6134950566743,136.90373116678632,136.0023909856537,138.01708979754818,136.93117634831478,136.05817317137812,137.86705373152063
2025-08-29,12.0,130.0932680484121,129.3376923042161,131.12222203409436,142.27778671045868,141.37170505660228,143.1514456256127,135.2452115305754,135.1931343278575,135.26294792057374,135.02881952009233,134.52803304743202,135.6134950566743,136.8689825315793,135.96704005195517,137.98154959785552,136.89640878511557,136.02325368617514,137.83509197921992
2025-08-30,12.0,130.0932680484121,129.3376923042161,131.12222203409436,142.24174389246113,141.33659548149222,143.1089368418674,135.24650108714923,135.19871424168906,135.26214335840532,135.02881952009233,134.52803304743202,135.6134950566743,136.8342292701556,135.93688682874168,137.94615072267547,136.86161598412573,135.9896963038932,137.80247630967156
2025-08-31,12.0,130.0932680484121,129.3376923042161,131.12222203409436,142.20588614851047,141.30169241136122,143.06665516289573,135.2476281065728,135.2038143688414,135.26154638403747,135.02881952009233,134.52803304743202,135.6134950566743,136.7994985456285,135.90674206875516,137.91089330887405,136.8268318236924,135.9524652602793,137.77230928679953
2025-09-01,12.0,130.0932680484121,129.3376923042161,131.12222203409436,142.17021578923487,141.2669958462092,143.02458079080859,135.24861728499778,135.20839277542166,135.26101278414035,135.02881952009233,134.52803304743202,135.6134950566743,136.76481736477785,135.87661635976704,137.87580280128674,136.79208354570812,135.91687616492086,137.7383478985555
2025-09-02,12.0,130.0932680484121,129.3376923042161,131.12222203409436,142.34941495455942,141.43793827150856,143.2335091032771,135.24948900635172,135.21193318432466,135.26056638925638,135.02881952009233,134.52803304743202,135.6134950566743,136.94488825145638,136.04047961000015,138.05555210587445,136.9728529649983,136.10382425506063,137.91736007828993
2025-09-03,12.0,130.0932680484121,129.3376923042161,131.12222203409436,142.3130015357191,141.40245786836147,143.19113136455513,135.2502601997193,135.2152218329065,135.26019159707553,135.02881952009233,134.52803304743202,135.6134950566743,136.90924602598363,136.00392980028508,138.01973919650106,136.93712412450301,136.06505848653953,137.88536196268737
2025-09-04,12.0,130.0932680484121,129.3376923042161,131.12222203409436,142.49422801171409,141.5753054250189,143.3823049960942,135.25094497500484,135.21827697366948,135.25989353782546,135.02881952009233,134.52803304743202,135.6134950566743,137.09115727726416,136.19118287499572,138.20738890517157,137.11973017273272,136.24478818473395,138.06622936213395
2025-09-05,12.0,130.0932680484121,129.3376923042161,131.12222203409436,142.45706678230147,141.53906007252425,143.34706949402712,135.25155516498512,135.22111519724572,135.25969354676974,135.02881952009233,134.52803304743202,135.6134950566743,137.05460623783182,136.15416130636623,138.167950993019,137.08307739590438,136.21181427444375,138.0301605615444
2025-09-06,12.0,130.0932680484121,129.3376923042161,131.12222203409436,142.61790199652043,141.692544693794,143.51514649914228,135.25210073955714,135.2238100433929,135.25953095007475,135.02881952009233,134.52803304743202,135.6134950566743,137.2159870266228,136.30533932373007,138.34159107138896,137.24510523094548,136.37281410691247,138.19395649687783
2025-09-07,12.0,130.0932680484121,129.3376923042161,131.12222203409436,142.5800998024997,141.6555954625203,143.47149034466375,135.25259012821914,135.22661166556415,135.25940362941688,135.02881952009233,134.52803304743202,135.6134950566743,137.17867422126403,136.2706870618611,138.30108788872042,137.20768203700794,136.33368795456516,138.1598876778903
2025-09-08,12.0,130.0932680484121,129.3376923042161,131.12222203409436,142.54249479396913,141.61887602949906,143.435648955116,135.2530304907105,135.22918209755733,135.25930100533887,135.02881952009233,134.52803304743202,135.6134950566743,137.14150957522486,136.23617354696734,138.26079305108613,137.1704032109093,136.29284602125068,138.12564879479146
2025-09-09,12.0,130.0932680484121,129.3376923042161,131.12222203409436,142.7113780539454,141.77986798733576,143.6222928346052,135.25342793263178,135.23154216141668,135.25921496078087,135.02881952009233,134.52803304743202,135.6134950566743,137.3107902771224,136.39362874744248,138.4419323505485,137.34034279660563,136.47064099821748,138.2891682031146
2025-09-10,12.0,130.0932680484121,129.3376923042161,131.12222203409436,142.67309312374505,141.7425216551661,143.57803387269234,135.25378767424283,135.23371324682682,135.25914127662827,135.02881952009233,134.52803304743202,135.6134950566743,137.2728650885331,136.35843025276114,138.40248073603476,137.3022974016859,136.43101281108298,138.25805338391473
2025-09-11,12.0,130.0932680484121,129.3376923042161,131.12222203409436,142.8077014396253,141.87071055306626,143.72652325886133,135.25411419701578,135.23571049415716,135.25907817635758,135.02881952009233,134.52803304743202,135.6134950566743,137.4077999271863,136.48324840073158,138.54613373218115,137.43781874886452,136.56474922341962,138.38045806502768
2025-09-12,12.0,130.0932680484121,129.3376923042161,131.12222203409436,142.76891892277374,141.83285042299605,143.68783943826526,135.2544113620672,135.2375478267515,135.25902413660603,135.02881952009233,134.52803304743202,135.6134950566743,137.36931457538614,136.4475570730091,138.50559547646185,137.39920688006836,136.52699969166142,138.34311101833296
2025-09-13,12.0,130.0932680484121,129.3376923042161,131.12222203409436,143.03051400709793,142.0646531079337,143.95473850407902,135.25468250987748,135.2392380885676,135.25897785430502,135.02881952009233,134.52803304743202,135.6134950566743,137.63118080752065,136.69843775638745,138.78390940145823,137.6619305745612,136.77257613981394,138.60148472173208
2025-09-14,12.0,130.0932680484121,129.3376923042161,131.12222203409436,142.99057988973945,142.0313229013774,143.91807115187493,135.25493052236828,135.24079308037565,135.25893821387737,135.02881952009233,134.52803304743202,135.6134950566743,137.59149470265297,136.65907466829458,138.74102849322827,137.62211155060635,136.73616251004253,138.56178650413221
2025-09-15,12.0,130.0932680484121,129.3376923042161,131.12222203409436,142.9508533510965,141.99811423166364,143.87826689748348,135.25515791631952,135.24222364673048,135.25890154020618,135.02881952009233,134.52803304743202,135.6134950566743,137.55199555796128,136.6198852809636,138.6976291429033,137.5824782878186,136.70261522099645,138.52215050510966
2025-09-16,12.0,130.0932680484121,129.3376923042161,131.12222203409436,142.91133099646777,141.96470052573716,143.83864770393166,135.25536688747076,135.24353970490907,135.2588662807682,135.02881952009233,134.52803304743202,135.6134950566743,137.51268217448376,136.5825073836862,138.65486754064838,137.54303205130896,136.66797889945204,138.48343464971393
2025-09-17,12.0,130.0932680484121,129.3376923042161,131.12222203409436,142.872015516877,141.9265507055907,143.79921816696145,135.2555593407931,135.2447505129817,135.2588373220932,135.02881952009233,134.52803304743202,135.6134950566743,137.47355914821534,136.54648146320181,138.61722632783662,137.50377368586751,136.6316217503225,138.44483147907488
2025-09-18,12.0,130.0932680484121,129.3376923042161,131.12222203409436,142.83290234130536,141.88838229678012,143.7596844357932,135.25573695696622,135.2458644596958,135.25881352168983,135.02881952009233,134.52803304743202,135.6134950566743,137.4346235888168,136.51049363848034,138.5762613025134,137.46470405011058,136.59201686058861,138.41052000763582
2025-09-19,12.0,130.0932680484121,129.3376923042161,131.12222203409436,142.79399487155715,141.8503936619328,143.71469438014873,135.25590121067296,135.24688931805147,135.25879397522792,135.02881952009233,134.52803304743202,135.6134950566743,137.3958803727753,136.4745585958834,138.53550999626293,137.4258232352921,136.54931092782937,138.37591057834317
2025-09-20,12.0,130.0932680484121,129.3376923042161,131.12222203409436,142.9416076124026,141.99045657911338,143.87430705079663,135.25605340397166,135.24783221631102,135.25877806840597,135.02881952009233,134.52803304743202,135.6134950566743,137.5436453069195,136.61098087765575,138.68974692366805,137.57419811925968,136.69466963214578,138.51745784174474
2025-09-21,12.0,130.0932680484121,129.3376923042161,131.12222203409436,142.90213668054247,141.95239529300903,143.8347132523496,135.2561946729963,135.24869971044907,135.25876672763397,135.02881952009233,134.52803304743202,135.6134950566743,137.504315644084,136.57477899179534,138.6519027385205,137.53472892132976,136.65988868697497,138.4780416816954
2025-09-22,12.0,130.0932680484121,129.3376923042161,131.12222203409436,142.8628702402667,141.91403845476697,143.79388194268503,135.25632603738583,135.24949785657617,135.25875805110059,135.02881952009233,134.52803304743202,135.6134950566743,137.46518056819778,136.53876551220128,138.61075136395803,137.49545444957258,136.6181471421642,138.44178553405635
2025-09-23,12.0,130.0932680484121,129.3376923042161,131.12222203409436,142.82380734129563,141.8759299706108,143.74870947255616,135.25644839770436,135.2502322037311,135.2587506332053,135.02881952009233,134.52803304743202,135.6134950566743,137.42624002954526,136.5026956280422,138.5697950443435,137.456374215918,136.5755162173565,138.40677514059874
2025-09-24,12.0,130.0932680484121,129.3376923042161,131.12222203409436,142.7849471338688,141.83802700561486,143.7037876802015,135.25656254956698,135.25090787715064,135.25874422219243,135.02881952009233,134.52803304743202,135.6134950566743,137.387493973981,136.46677123594324,138.52897859607313,137.41748867801817,136.5384312491358,138.3747657565205
2025-09-25,12.0,130.0932680484121,129.3376923042161,131.12222203409436,142.7462879917938,141.80034664950787,143.66332210567788,135.053640592453,134.53881232200766,135.4978294038585,135.02881952009233,134.52803304743202,135.6134950566743,137.14591287479203,136.14703992936867,138.2402372510587,137.14511989395862,136.19208407225824,138.13323738727186
2025-09-26,12.0,130.0932680484121,129.3376923042161,131.12222203409436,142.70782946001933,141.76284372147492,143.62687174362077,134.8534131425739,133.8326683848351,135.71498820230207,135.02881952009233,134.52803304743202,135.6134950566743,136.90722689313847,135.57286506889108,138.12620272809272,136.87787313310415,135.63819459441174,138.03072329401036
2025-09-27,12.0,130.0932680484121,129.3376923042161,131.12222203409436,142.66957062178622,141.7254814802432,143.59060288614634,134.9209530098255,134.02394986726244,135.59299565287392,135.02881952009233,134.52803304743202,135.6134950566743,136.93650792215698,135.71758662341702,138.08406068929855,136.92218150978675,135.79888146743653,138.01380184580032
2025-09-28,12.0,130.0932680484121,129.3376923042161,131.12222203409436,142.63151063322263,141.68834903726392,143.54843474406732,134.97544941141385,134.1831645568538,135.52339881427667,135.02881952009233,134.52803304743202,135.6134950566743,136.9529443351817,135.8208419987885,138.09357919167684,136.9491652465048,135.93819480738532,137.99281952931213
2025-09-29,12.0,130.0932680484121,129.3376923042161,131.12222203409436,142.59364678914676,141.6514419879112,143.50585118250316,135.01965148319368,134.31832787090687,135.4395793847649,135.02881952009233,134.52803304743202,135.6134950566743,136.95928256288568,135.86872960371136,138.08712903993447,136.9630721884669,135.9929010445474,137.96436877132956
2025-09-30,12.0,130.0932680484121,129.3376923042161,131.12222203409436,142.5559791379327,141.6147414435375,143.46345992061975,135.05573825815432,134.43608239061595,135.3973822236893,135.02881952009233,134.52803304743202,135.6134950566743,136.95770168663225,135.92023588808024,138.08274002978024,136.9670048888262,136.0358019288489,137.96410054012955
2025-10-01,12.0,130.0932680484121,129.3376923042161,131.12222203409436,142.5185075817118,141.57824740414284,143.4213140889162,135.08540034631827,134.53769734467332,135.36944279124876,135.02881952009233,134.52803304743202,135.6134950566743,136.9498922185753,135.96259191541898,138.06820229717974,136.96325478326142,136.03553991950665,137.94287930430448
2025-10-02,12.0,130.0932680484121,129.3376923042161,131.12222203409436,142.6543445423478,141.70803375560925,143.57343971429611,135.10994331165685,134.60407930856695,135.3541279372601,135.02881952009233,134.52803304743202,135.6134950566743,137.1102721445499,136.13803417072867,138.22736256016816,137.1273518440239,136.20577533932914,138.11375191149048
2025-10-03,12.0,130.0932680484121,129.3376923042161,131.12222203409436,142.61636540678995,141.6710045651195,143.53072584599357,135.13037804527016,134.67853369878748,135.33903540973157,135.02881952009233,134.52803304743202,135.6134950566743,137.09272774260535,136.13708945729465,138.2201833246126,137.1120544681605,136.19753642445224,138.0844186175545
2025-10-04,12.0,130.0932680484121,129.3376923042161,131.12222203409436,142.7411405187176,141.79016147749152,143.67033453219955,135.1474917573451,134.75433019400128,135.32198317772506,135.02881952009233,134.52803304743202,135.6134950566743,137.23461656660794,136.28824893357057,138.38280577485625,137.2563173354784,136.3355363993656,138.23044216193543
2025-10-05,12.0,130.0932680484121,129.3376923042161,131.12222203409436,142.70271138994215,141.7527465651992,143.62710955914136,135.16190226267872,134.80493958269014,135.31025225781414,135.02881952009233,134.52803304743202,135.6134950566743,137.2105979431661,136.26799388363796,138.37030852398402,137.23356743331465,136.32927409955838,138.19448812005515
2025-10-06,12.0,130.0932680484121,129.3376923042161,131.12222203409436,142.66448188323787,141.7155095225807,143.5841249551641,135.17409789502855,134.852487007447,135.3028832925004,135.02881952009233,134.52803304743202,135.6134950566743,137.18456406881165,136.24545701677937,138.34769698978477,137.2084914854899,136.30418667047044,138.1626259866099
2025-10-07,12.0,130.0932680484121,129.3376923042161,131.12222203409436,142.6264505545283,141.67843815016994,143.54135415501818,135.18446771554392,134.89812163407996,135.29529178977236,135.02881952009233,134.52803304743202,135.6134950566743,137.15690256061745,136.21924483743396,138.3140314940547,137.18155541388472,136.2764633859202,138.1350272083461
2025-10-08,12.0,130.0932680484121,129.3376923042161,131.12222203409436,142.58861569303212,141.64157328273822,143.49880728090153,135.1933239071144,134.9362771657899,135.28903430316586,135.02881952009233,134.52803304743202,135.6134950566743,137.12792389069176,136.19363950358058,138.2785456528121,137.1531270642684,136.24050374436797,138.10138631490702
2025-10-09,12.0,130.0932680484121,129.3376923042161,131.12222203409436,142.550976842149,141.60491492028552,143.45647927171518,135.20091870302653,134.96502197034536,135.28299792730138,135.02881952009233,134.52803304743202,135.6134950566743,137.09787983572076,136.17963920014375,138.24187914790892,137.1235001180044,136.2102943437316,138.08444627025554
2025-10-10,12.0,130.0932680484121,129.3376923042161,131.12222203409436,142.5135347087129,141.56850524473282,143.41434356220958,135.20745720790424,134.9922760503387,135.2783231475632,135.02881952009233,134.52803304743202,135.6134950566743,137.0669762071624,136.16000300053037,138.20435384523387,137.09291011001542,136.18511725076056,138.0517773692577
2025-10-11,12.0,130.0932680484121,129.3376923042161,131.12222203409436,142.47628473190682,141.53225989223816,143.37172187672098,135.2131071088025,135.0166756889856,135.27521499253515,135.02881952009233,134.52803304743202,135.6134950566743,137.03537613125454,136.13536575033322,138.16646493992542,137.06154737204534,136.1731678273276,138.02358115438813
2025-10-12,12.0,130.0932680484121,129.3376923042161,131.12222203409436,142.43922883951765,141.49623993337005,143.32843603647575,135.2180063360358,135.03791108314556,135.27217180577867,135.02881952009233,134.52803304743202,135.6134950566743,137.00321946609867,136.1086595270311,138.12828354703595,137.02956642254827,136.13742643471824,138.00115785564924
2025-10-13,12.0,130.0932680484121,129.3376923042161,131.12222203409436,142.40236520952072,141.4604308841069,143.28538280189372,135.22226884318204,135.05272613163757,135.2696151170618,135.02881952009233,134.52803304743202,135.6134950566743,136.97061834324802,136.08177183929163,138.09496867255277,136.9970935429757,136.112995688148,137.97191042334995
2025-10-14,12.0,130.0932680484121,129.3376923042161,131.12222203409436,142.3656923633449,141.42482393519683,143.24254196955692,135.2259893755222,135.06705270637988,135.26749982746824,135.02881952009233,134.52803304743202,135.6134950566743,136.93766602941233,136.0512670792204,138.06252839229307,136.96423243137136,136.08111779266318,137.9366401636344
2025-10-15,12.0,130.0932680484121,129.3376923042161,131.12222203409436,142.32920870161496,141.3894234912658,143.19993374288333,135.22924684889722,135.08001295051216,135.26577719240345,135.02881952009233,134.52803304743202,135.6134950566743,136.9044398410574,136.01432221192496,138.03019127455642,136.9310687389348,136.05027811783853,137.89525437082239
2025-10-16,12.0,130.0932680484121,129.3376923042161,131.12222203409436,142.57227059993542,141.62102722571424,143.48044897120548,135.21022461394477,135.050254977897,135.2912856123192,135.02881952009233,134.52803304743202,135.6134950566743,137.12847950442543,136.22534634343234,138.25124912115723,137.15286914890854,136.26283813967305,138.11685316191108
2025-10-17,12.0,130.0932680484121,129.3376923042161,131.12222203409436,142.53471867727748,141.5844910043986,143.43741924799724,135.2163552272552,135.06668827671837,135.28129345536044,135.02881952009233,134.52803304743202,135.6134950566743,137.09705819507792,136.19407148032693,138.21925512620362,137.1222784880393,136.23236057696843,138.0899208137421
2025-10-18,12.0,130.0932680484121,129.3376923042161,131.12222203409436,142.72426720342816,141.7652921372304,143.6510702857885,135.18265059114512,134.96704280074505,135.32104954487212,135.02881952009233,134.52803304743202,135.6134950566743,137.25290208511848,136.34766493709824,138.3830179222055,137.27368803195813,136.36725439310672,138.23733114107975
2025-10-19,12.0,130.0932680484121,129.3376923042161,131.12222203409436,142.6859297037431,141.7279531892721,143.60794905421915,135.1549697627008,134.87319612775548,135.35253434346677,135.02881952009233,134.52803304743202,135.6134950566743,137.18688375698912,136.25717403404286,138.31635511042145,137.20362757613717,136.30851825869166,138.17038809978925
2025-10-20,12.0,130.0932680484121,129.3376923042161,131.12222203409436,142.64779063650695,141.6907974530194,143.56506313063176,135.170445204561,134.92414124504248,135.3278569956953,135.02881952009233,134.52803304743202,135.6134950566743,137.16422013161318,136.2381649578046,138.30575032709544,137.1838466182485,136.2847273956233,138.14526562090273
2025-10-21,12.0,130.0932680484121,129.3376923042161,131.12222203409436,142.92754968322447,141.9571126650302,143.87602691294163,135.18311381515332,134.95707883485738,135.30992083418886,135.02881952009233,134.52803304743202,135.6134950566743,137.456647788923,136.53468934353276,138.58436962720992,137.47932065122026,136.5811200372204,138.4472704473058
2025-10-22,12.0,130.0932680484121,129.3376923042161,131.12222203409436,142.88816145568347,141.9187558267881,143.83565552809011,135.19354856054764,134.98917899571606,135.29650826286255,135.02881952009233,134.52803304743202,135.6134950566743,137.42769430677635,136.51616948390378,138.57164369458243,137.45181613686634,136.54796437955267,138.41832014327912
2025-10-23,12.0,130.0932680484121,129.3376923042161,131.12222203409436,142.84897679847373,141.8804876216401,143.79159052300346,135.20220326718396,135.01479445149454,135.291488995487,135.02881952009233,134.52803304743202,135.6134950566743,137.39716435620292,136.4948382448079,138.54199245675116,137.42233536554522,136.51900923630328,138.3860777851947
2025-10-24,12.0,130.0932680484121,129.3376923042161,131.12222203409436,142.80999523262258,141.84248697682378,143.74776588699774,135.2094319824401,135.043566415697,135.28721031609805,135.02881952009233,134.52803304743202,135.6134950566743,137.3654115056079,136.46808657998898,138.50926046344628,137.39134545497853,136.49735392220379,138.3483325396051
2025-10-25,12.0,130.0932680484121,129.3376923042161,131.12222203409436,142.77121750883737,141.80468843236054,143.70414367287069,135.21551020564894,135.06817276592568,135.28220904529343,135.02881952009233,134.52803304743202,135.6134950566743,137.33271200503154,136.43417873829654,138.47433114478125,137.35919932276315,136.46072868013772,138.3193227822712
2025-10-26,12.0,130.0932680484121,129.3376923042161,131.12222203409436,142.73263923167227,141.7670963928763,143.66076182782456,135.22065329575668,135.0816083052696,135.2771961967942,135.02881952009233,134.52803304743202,135.6134950566743,137.29927681797415,136.3947067681199,138.43768470158017,137.32616595501784,136.43166209650317,138.28542471871256
2025-10-27,12.0,130.0932680484121,129.3376923042161,131.12222203409436,142.69426077677707,141.72973415164455,143.6175988477087,135.22503068593875,135.09165837962635,135.2729141936983,135.02881952009233,134.52803304743202,135.6134950566743,137.26527575326108,136.35521244205194,138.3998615458594,137.29245279124464,136.40159856386472,138.25282702341988
2025-10-28,12.0,130.0932680484121,129.3376923042161,131.12222203409436,142.65608203609375,141.69257841539184,143.5741845340003,135.22877674405842,135.10250988220642,135.27047264843748,135.02881952009233,134.52803304743202,135.6134950566743,137.2308430706974,136.31544566893774,138.36127464644326,137.25822158177033,136.36195288639684,138.22439589885505
2025-10-29,12.0,130.0932680484121,129.3376923042161,131.12222203409436,142.61810059845678,141.65562918411814,143.52981656106675,135.1818524866544,134.97292454724519,135.32418269574285,135.02881952009233,134.52803304743202,135.6134950566743,137.14593737565644,136.24252401807846,138.2905640767222,137.16597564113064,136.2640905996345,138.1301375194863
2025-10-30,12.0,130.0932680484121,129.3376923042161,131.12222203409436,142.58031644234163,141.618905346471,143.4856811937964,135.19301992558863,135.00615151676564,135.30731319733795,135.02881952009233,134.52803304743202,135.6134950566743,137.1193206584755,136.21937000441451,138.26127268830749,137.14137660962388,136.24684423218733,138.10746023068845
2025-10-31,12.0,130.0932680484121,129.3376923042161,131.12222203409436,142.54272835137226,141.58238801380287,143.44178349328826,135.20220204346603,135.0292195637774,135.29562044320852,135.02881952009233,134.52803304743202,135.6134950566743,137.09091468538352,136.1999728997561,138.23117382611127,137.11437502462206,136.22076275762907,138.08404184950297
2025-11-01,12.0,130.0932680484121,129.3376923042161,131.12222203409436,142.5053337384872,141.54605829746623,143.3981183984433,135.20979487664223,135.05216249763131,135.28672561275988,135.02881952009233,134.52803304743202,135.6134950566743,137.06111290567466,136.17439872774696,138.20037771430646,137.08556893454698,136.19294324167927,138.05554159318552
2025-11-02,12.0,130.0932680484121,129.3376923042161,131.12222203409436,142.46813435323472,141.50997726802962,143.35443351839083,135.2161157238113,135.07653967375734,135.28359625996364,135.02881952009233,134.52803304743202,135.6134950566743,137.03023436759125,136.14286310377682,138.16908051534662,137.05540026343567,136.16359632878803,138.03438036372168
2025-11-03,12.0,130.0932680484121,129.3376923042161,131.12222203409436,142.43112616482847,141.47710462164022,143.31082215760256,135.22141369627408,135.09707264726129,135.27925011263235,135.02881952009233,134.52803304743202,135.6134950566743,136.99852415164779,136.10708239216055,138.13757822324212,137.0241988339022,136.13551044819556,138.00403456613748
2025-11-04,12.0,130.0932680484121,129.3376923042161,131.12222203409436,142.61295602399872,141.64758429918814,143.52248456499882,135.22588364185688,135.1070143457451,135.2756818186846,135.02881952009233,134.52803304743202,135.6134950566743,137.18482395640083,136.27968097428231,138.3145357204487,137.21165491577403,136.3163000744205,138.1812217367356
2025-11-05,12.0,130.0932680484121,129.3376923042161,131.12222203409436,142.57519960952416,141.61090264346197,143.47838964554236,135.22967842689025,135.11561933855174,135.27166418481494,135.02881952009233,134.52803304743202,135.6134950566743,137.15086232695964,136.25133842472897,138.28619310718602,137.17794284289988,136.28283339299793,138.14405927182028
2025-11-06,12.0,130.0932680484121,129.3376923042161,131.12222203409436,142.89662721437276,141.91690653712854,143.8452975201713,135.2329186852171,135.12663122534244,135.26895873404357,135.02881952009233,134.52803304743202,135.6134950566743,137.4755301901351,136.56097486176347,138.60866619720454,137.5038807101163,136.60253124710155,138.46267023650987
2025-11-07,12.0,130.0932680484121,129.3376923042161,131.12222203409436,142.85740298444534,141.87867609405973,143.8012008887361,135.2357004191677,135.13882378902275,135.26720187086644,135.02881952009233,134.52803304743202,135.6134950566743,137.43908769415827,136.52759515995058,138.57663042378618,137.46754277546606,136.5676793727526,138.42657654848938
2025-11-08,12.0,130.0932680484121,129.3376923042161,131.12222203409436,142.81838368460993,141.84067104461747,143.75730161808065,135.23810052990495,135.15139033890125,135.26575747101998,135.02881952009233,134.52803304743202,135.6134950566743,137.4024685050601,136.48689270860723,138.54091029308023,137.43098079863205,136.53111828495292,138.39832240121115
2025-11-09,12.0,130.0932680484121,129.3376923042161,131.12222203409436,142.7795653785651,141.80287250015422,143.71308355487486,135.24018114882927,135.16056405321214,135.26441095330517,135.02881952009233,134.52803304743202,135.6134950566743,137.3657308179396,136.4461788123039,138.49995717228234,137.39426645126747,136.49537633928955,138.36758296742772
2025-11-10,12.0,130.0932680484121,129.3376923042161,131.12222203409436,142.74094788885427,141.76529934931753,143.66796213384086,135.24199277861487,135.1689141806975,135.26341829639003,135.02881952009233,134.52803304743202,135.6134950566743,137.32892495801437,136.40559448335077,138.4605675113576,137.3574571154922,136.45888189449937,138.32823870440106
2025-11-11,12.0,130.0932680484121,129.3376923042161,131.12222203409436,142.7025326896954,141.72795599673333,143.62310364408603,135.24357678796602,135.17654612813988,135.2625639971629,135.02881952009233,134.52803304743202,135.6134950566743,137.29209376820666,136.370004475214,138.43237605832985,137.32059943864763,136.42444619330095,138.28932305824037
2025-11-12,12.0,130.0932680484121,129.3376923042161,131.12222203409436,142.6643139690706,141.6907958558547,143.57845755657638,135.24496725252789,135.18352294043183,135.26183922136832,135.02881952009233,134.52803304743202,135.6134950566743,137.25526551214372,136.3401328283639,138.40685862408765,137.28373062606036,136.39055027282663,138.25307520641164
2025-11-13,12.0,130.0932680484121,129.3376923042161,131.12222203409436,142.87408275253773,141.89080568041192,143.81972318734879,135.24619241220773,135.18933006058472,135.26120735722958,135.02881952009233,134.52803304743202,135.6134950566743,137.46625945529073,136.5545841682863,138.60843086677608,137.4955379731734,136.6006507942997,138.4672744112315
2025-11-14,12.0,130.0932680484121,129.3376923042161,131.12222203409436,142.83497827237233,141.85273956040112,143.77573535850138,135.24727578061095,135.194214042808,135.26070342038977,135.02881952009233,134.52803304743202,135.6134950566743,137.42823834352848,136.51149759263762,138.5751394296707,137.45744766750195,136.56483577637385,138.42667955480073
2025-11-15,12.0,130.0932680484121,129.3376923042161,131.12222203409436,143.0721579831973,142.0787758754735,144.04241875252794,135.24823704668887,135.19875040706987,135.26035096088233,135.02881952009233,134.52803304743202,135.6134950566743,137.66637932043142,136.7426638197712,138.8392098067195,137.69644829920145,136.79379267467985,138.6720392057772
2025-11-16,12.0,130.0932680484121,129.3376923042161,131.12222203409436,143.03202945719661,142.03961175537316,143.99730497268047,135.24909278005748,135.20296466246435,135.26008041002893,135.02881952009233,134.52803304743202,135.6134950566743,137.62710652779933,136.70621629189515,138.7928364362927,137.6570865389282,136.75762121343772,138.6273455277361
2025-11-17,12.0,130.0932680484121,129.3376923042161,131.12222203409436,142.99210754398135,142.0006774335253,143.9524100577633,135.1706796668304,134.90685210541776,135.35167057547122,135.02881952009233,134.52803304743202,135.6134950566743,137.50877150135702,136.5832223273187,138.6181127634368,137.52673171318204,136.62091531580086,138.50960585728703
2025-11-18,12.0,130.0932680484121,129.3376923042161,131.12222203409436,143.21727399402505,142.21522932511806,144.1978052145922,135.18465657439154,134.9651508322385,135.32630990735322,135.02881952009233,134.52803304743202,135.6134950566743,137.74791485896182,136.825309438714,138.87326555327448,137.7697923462475,136.8639419775231,138.7533858477171
2025-11-19,12.0,130.0932680484121,129.3376923042161,131.12222203409436,143.17639422687725,142.1753463518932,144.1590465989303,135.19598970928675,135.02127126219244,135.31178073701463,135.02881952009233,134.52803304743202,135.6134950566743,137.71836822670926,136.80223177023308,138.8439780052757,137.74231112238104,136.84008903414093,138.71557630959765
2025-11-20,12.0,130.0932680484121,129.3376923042161,131.12222203409436,143.13572662265224,142.1356470806978,144.1137959707323,135.20522780575178,135.05404430997075,135.29700837901905,135.02881952009233,134.52803304743202,135.6134950566743,137.68693871894925,136.77123770907787,138.82312629453574,137.71233188485377,136.8037044397056,138.6921641502699
2025-11-21,12.0,130.0932680484121,129.3376923042161,131.12222203409436,143.09527132166414,142.0961543144814,144.06830645396656,135.21280910707657,135.07849335450373,135.28729295394783,135.02881952009233,134.52803304743202,135.6134950566743,137.65406471928597,136.73922484156788,138.8043216252962,137.68048446264547,136.77871815037165,138.65867949459167
2025-11-22,12.0,130.0932680484121,129.3376923042161,131.12222203409436,143.1830297051838,142.18019986783307,144.16593521954005,135.14829605544165,134.8115647263696,135.36254220655894,135.02881952009233,134.52803304743202,135.6134950566743,137.67731005117068,136.70930577100816,138.78792321155905,137.6944641556839,136.78808799158895,138.69058863762868
2025-11-23,12.0,130.0932680484121,129.3376923042161,131.12222203409436,143.14233012424856,142.14055842423565,144.1201749670996,135.1654179885276,134.8967025403631,135.33918549039316,135.02881952009233,134.52803304743202,135.6134950566743,137.65373240332138,136.68795708363209,138.7659331038386,137.6741506363618,136.77893232054114,138.66341985886586
2025-11-24,12.0,130.0932680484121,129.3376923042161,131.12222203409436,143.10184041610142,142.10110297662513,144.07463864068842,135.1793841011243,134.9510643566192,135.31681883185414,135.02881952009233,134.52803304743202,135.6134950566743,137.62720880777096,136.66926442966482,138.74311767153782,137.6499167770229,136.75587798716472,138.63005687507217
2025-11-25,12.0,130.0932680484121,129.3376923042161,131.12222203409436,143.50071679544814,142.48015433347084,144.50871169962275,135.19084053875284,134.98571083204075,135.30113033701943,135.02881952009233,134.52803304743202,135.6134950566743,138.0375416247462,137.07565964131288,139.21200057257707,138.063177807765,137.1458280812912,139.0326138355986
2025-11-26,12.0,130.0932680484121,129.3376923042161,131.12222203409436,143.4583721587521,142.43880015646891,144.46053978111362,135.20029987065328,135.01643097712224,135.29472942538882,135.02881952009233,134.52803304743202,135.6134950566743,138.0046563199506,137.0528594931545,139.1777381889978,138.03146214099866,137.11585919002204,139.00127433820282
2025-11-27,12.0,130.0932680484121,129.3376923042161,131.12222203409436,143.61025189595347,142.57525350623882,144.623887929895,135.20816219296617,135.04303806700344,135.28854838301217,135.02881952009233,134.52803304743202,135.6134950566743,138.1643983794649,137.19975297646548,139.34984662589352,138.19283606473746,137.2721672578386,139.16801736014864
2025-11-28,12.0,130.0932680484121,129.3376923042161,131.12222203409436,143.56734381282968,142.53902033405384,144.5808758624393,135.21473907209173,135.06466019489355,135.28469772447713,135.02881952009233,134.52803304743202,135.6134950566743,138.12806717546667,137.16743219490024,139.31219898566064,138.15710477227717,137.24267067470302,139.1249551914684
2025-11-29,12.0,130.0932680484121,129.3376923042161,131.12222203409436,143.52465662060916,142.49974701260754,144.53688816288144,135.22027390443657,135.0804995975893,135.28007055698336,135.02881952009233,134.52803304743202,135.6134950566743,138.090914815591,137.1348239060265,139.27321618368674,138.12037983254544,137.20641639362128,139.08647507534891
2025-11-30,12.0,130.0932680484121,129.3376923042161,131.12222203409436,143.48218997939094,142.45827298629678,144.4877706880557,135.2249580787221,135.10122762386183,135.27514969513726,135.02881952009233,134.52803304743202,135.6134950566743,138.05313234865827,137.1013871870934,139.22855164322553,138.08289625616993,137.1688299436674,139.04752970253463
2025-12-01,12.0,130.0932680484121,129.3376923042161,131.12222203409436,143.4399455359605,142.41704731407197,144.43896497532432,135.2289432443603,135.11970665368767,135.27231760233522,135.02881952009233,134.52803304743202,135.6134950566743,138.01487307086603,137.06726349386022,139.18357333386768,138.0448382778886,137.13137200964155,139.00725423480074
2025-12-02,12.0,130.0932680484121,129.3376923042161,131.12222203409436,143.60876482003528,142.57439135333334,144.62828011526707,135.23235038358007,135.13415581005194,135.26998411607735,135.02881952009233,134.52803304743202,135.6134950566743,138.18709949416058,137.2272988846107,139.3658324554499,138.21802002663944,137.30006192000343,139.18831167743517
2025-12-03,12.0,130.0932680484121,129.3376923042161,131.12222203409436,143.565864194332,142.53582560794283,144.5838704774157,135.2352767803525,135.14238814114415,135.26803947595934,135.02881952009233,134.52803304743202,135.6134950566743,138.14712526522973,137.19121333721023,139.3242780659337,138.17811842618877,137.26273872376336,139.14224296883532
2025-12-04,12.0,130.0932680484121,129.3376923042161,131.12222203409436,143.85419239192632,142.7836310334685,144.88107950363695,135.23780116290615,135.14889823467783,135.26606915937637,135.02881952009233,134.52803304743202,135.6134950566743,138.4379778453777,137.47088698117037,139.6233866538094,138.47008831690516,137.54498942839453,139.44839915698066
2025-12-05,12.0,130.0932680484121,129.3376923042161,131.12222203409436,143.81002301757078,142.74675075153635,144.83905469916436,135.23998769717568,135.1560323609621,135.26484123725646,135.02881952009233,134.52803304743202,135.6134950566743,138.3959950052917,137.4304627942158,139.58390176858296,138.42809991228438,137.508338331053,139.41271956815808
2025-12-06,12.0,130.0932680484121,129.3376923042161,131.12222203409436,143.76608318418212,142.71004366346895,144.79503337299565,135.24188897148238,135.16635089683066,135.2638053441711,135.02881952009233,134.52803304743202,135.6134950566743,138.35395644620974,137.38977215296634,139.53920073685427,138.38603081293408,137.47033550055335,139.3677279322634
2025-12-07,12.0,130.0932680484121,129.3376923042161,131.12222203409436,143.7223707177123,142.67353813301511,144.75121766998208,135.17918450109633,134.94824884885736,135.33576901546252,135.02881952009233,134.52803304743202,135.6134950566743,138.24753950935386,137.27847305524057,139.41293594086804,138.26990932324392,137.3472736530004,139.25094642790506
2025-12-08,12.0,130.0932680484121,129.3376923042161,131.12222203409436,143.6788864698001,142.63675229201854,144.70763242788615,135.1609231020461,134.8678056443949,135.35348542505346,135.02881952009233,134.52803304743202,135.6134950566743,138.18579386239142,137.20785874079886,139.34980846022228,138.20574347866648,137.2747364011596,139.18863314008465
2025-12-09,12.0,130.0932680484121,129.3376923042161,131.12222203409436,143.6356268063227,142.59614523189774,144.6613133804188,135.17615213149642,134.9427680370569,135.33068687393123,135.02881952009233,134.52803304743202,135.6134950566743,138.15776322836436,137.18570406239883,139.33475872933553,138.18068445166776,137.26107064370544,139.16509239569712
2025-12-10,12.0,130.0932680484121,129.3376923042161,131.12222203409436,143.59259186269415,142.55411457276068,144.6115636173113,135.18854598741427,134.98973834080317,135.31293600499313,135.02881952009233,134.52803304743202,135.6134950566743,138.12712214065365,137.16433231273857,139.3084768622868,138.152112501575,137.23440742544923,139.1266779547426
2025-12-11,12.0,130.0932680484121,129.3376923042161,131.12222203409436,143.75587989500968,142.70205149346364,144.79064304068572,135.19869163580472,135.02209589136666,135.29673368310648,135.02881952009233,134.52803304743202,135.6134950566743,138.30055582135964,137.32836018217617,139.50054935143908,138.3278352349014,137.40709315111008,139.30444265200177
2025-12-12,12.0,130.0932680484121,129.3376923042161,131.12222203409436,143.7122231884014,142.66510438965048,144.74700334964442,135.2070538179057,135.04661928223805,135.28986149649447,135.02881952009233,134.52803304743202,135.6134950566743,138.26526129685232,137.30103742319722,139.46287451264791,138.29358338821632,137.3759399637875,139.2682929672617
2025-12-13,12.0,130.0932680484121,129.3376923042161,131.12222203409436,143.668792337524,142.62444761497835,144.69917739433163,135.2139942091713,135.06980159667015,135.28455647425488,135.02881952009233,134.52803304743202,135.6134950566743,138.22877083724052,137.26595956850358,139.42444334970128,138.25783839937318,137.34253418743896,139.23344157683502
2025-12-14,12.0,130.0932680484121,129.3376923042161,131.12222203409436,143.62558773175758,142.58228001680376,144.64919660657645,135.21979330102977,135.0849232328132,135.2815411074274,135.02881952009233,134.52803304743202,135.6134950566743,138.19136532333255,137.2329265838036,139.38032572786747,138.22096229476864,137.3044807524964,139.1968079698269
2025-12-15,12.0,130.0932680484121,129.3376923042161,131.12222203409436,143.58260616984433,142.54030928232118,144.60283049802385,135.22466953702792,135.10415186258953,135.27796383455785,135.02881952009233,134.52803304743202,135.6134950566743,138.15325999741748,137.19904164210467,139.33555246249765,138.1832290808693,137.2656705322584,139.15493486729096
2025-12-16,12.0,130.0932680484121,129.3376923042161,131.12222203409436,143.7824815637669,142.72554230053663,144.8238911371125,135.22879403034423,135.12237043799024,135.27331719571833,135.02881952009233,134.52803304743202,135.6134950566743,138.35725988465637,137.38897372162037,139.54628999991897,138.38838463020272,137.464444023467,139.3637791265562
2025-12-17,12.0,130.0932680484121,129.3376923042161,131.12222203409436,143.7386890470305,142.68772597408002,144.77872488113732,135.19173244342943,135.00625644738233,135.31430660680698,135.02881952009233,134.52803304743202,135.6134950566743,138.27640578100517,137.30690404562043,139.46870708885982,138.3016671548488,137.3758889445541,139.2779423772864
2025-12-18,12.0,130.0932680484121,129.3376923042161,131.12222203409436,143.94053361670524,142.85950441500717,144.98926328558332,135.2015155438869,135.0375164057507,135.300881361979,135.02881952009233,134.52803304743202,135.6134950566743,138.48803345113737,137.5063005010442,139.6880823299029,138.515862467551,137.58994380227458,139.4971398078176
2025-12-19,12.0,130.0932680484121,129.3376923042161,131.12222203409436,143.8959250718181,142.82223924064607,144.9445505639656,135.2095665099939,135.05915470557161,135.2901247096245,135.02881952009233,134.52803304743202,135.6134950566743,138.45147587235724,137.47425591484097,139.64927076636948,138.48044231775214,137.55336384150647,139.46188192268576
2025-12-20,12.0,130.0932680484121,129.3376923042161,131.12222203409436,143.8515459851096,142.7850284667109,144.89999750808272,135.21622907067695,135.07952881233308,135.28303823036185,135.02881952009233,134.52803304743202,135.6134950566743,138.41375934633177,137.44053094218012,139.6101315566658,138.44352114477547,137.51727596055318,139.42655905370648
2025-12-21,12.0,130.0932680484121,129.3376923042161,131.12222203409436,143.80739780714643,142.7476699362919,144.8560700372442,135.22177842300314,135.09510141411002,135.28021129869856,135.02881952009233,134.52803304743202,135.6134950566743,138.3751605206948,137.40595962060246,139.570684797538,138.40547724586688,137.48598934894815,139.3949264376798
2025-12-22,12.0,130.0932680484121,129.3376923042161,131.12222203409436,143.76347872445535,142.70664438315944,144.80602459118649,135.22643091395668,135.11440288091268,135.27709134833938,135.02881952009233,134.52803304743202,135.6134950566743,138.33589392895726,137.37069434570614,139.53102279880727,138.36659453545573,137.44531727234974,139.34709210411916
2025-12-23,12.0,130.0932680484121,129.3376923042161,131.12222203409436,143.7197870172681,142.663980076813,144.75553383311947,135.23035609927064,135.13138606617892,135.27347346687702,135.02881952009233,134.52803304743202,135.6134950566743,138.29612740708396,137.33485111740487,139.48873759779264,138.32708859952987,137.4079384941806,139.29988756082446
2025-12-24,12.0,130.0932680484121,129.3376923042161,131.12222203409436,143.67632311788563,142.6215812142812,144.71085063222364,135.23368734292762,135.14341958571939,135.26990282144797,135.02881952009233,134.52803304743202,135.6134950566743,138.25599475135851,137.29857604205043,139.44213284850412,138.2871237559693,137.36887379996134,139.25765842976276
2025-12-25,12.0,130.0932680484121,129.3376923042161,131.12222203409436,143.63308349575829,142.57940496063839,144.6698691066592,135.23653017787413,135.15032092829347,135.26788418336437,135.02881952009233,134.52803304743202,135.6134950566743,138.21559796417765,137.26193652014868,139.39542139487781,138.2468284501877,137.32536006267324,139.21757722225362
2025-12-26,12.0,130.0932680484121,129.3376923042161,131.12222203409436,143.59006904418442,142.53747706108146,144.62258871180373,135.2389687502742,135.15638680336463,135.2663137981798,135.02881952009233,134.52803304743202,135.6134950566743,138.17502208500386,137.22502587218582,139.34891914791078,138.20630150464274,137.28691022626143,139.17703697990737
2025-12-27,12.0,130.0932680484121,129.3376923042161,131.12222203409436,143.54727623173392,142.49579751561046,144.57449180051543,135.2410706228382,135.16406743879654,135.26494940440207,135.02881952009233,134.52803304743202,135.6134950566743,138.13433114511733,137.18791464908324,139.3026265884751,138.1656225798529,137.2477696945096,139.13955650893018
2025-12-28,12.0,130.0932680484121,129.3376923042161,131.12222203409436,143.50470611349132,142.45434057902844,144.5266238763554,135.24289048047206,135.17407793638085,135.26374768889357,135.02881952009233,134.52803304743202,135.6134950566743,138.09358088450858,137.1506728202343,139.26037248887852,138.1248540146848,137.20530752030996,139.10382852788084
2025-12-29,12.0,130.0932680484121,129.3376923042161,131.12222203409436,143.46235698541895,142.41312296731707,144.47901150457315,135.2444728693856,135.18154254791764,135.26293007940825,135.02881952009233,134.52803304743202,135.6134950566743,138.05281414534977,137.11333072018164,139.22420821561568,138.08404634168423,137.16534404417547,139.0697486478129
2025-12-30,12.0,130.0932680484121,129.3376923042161,131.12222203409436,143.4202278655279,142.3720348272111,144.43164962406976,135.2458542951031,135.18813884042106,135.26211414720413,135.02881952009233,134.52803304743202,135.6134950566743,138.01206645117622,137.0759517866773,139.18820611295615,138.04323956739648,137.12490030975582,139.03152846708315
2025-12-31,12.0,130.0932680484121,129.3376923042161,131.12222203409436,143.37831579551406,142.33117648535762,144.3845167306946,135.24706488502346,135.19414262337665,135.2614830003988,135.02881952009233,134.52803304743202,135.6134950566743,137.97136497108275,137.03855210456584,139.15456803070873,138.0024665515261,137.08454333568562,138.99532693352862
2026-01-01,12.0,130.0932680484121,129.3376923042161,131.12222203409436,143.3366224211552,142.29058571905168,144.33763938969727,135.2481296251536,135.19963024505472,135.26092343356544,135.02881952009233,134.52803304743202,135.6134950566743,137.93073633685407,137.0010908121157,139.12345161471433,137.96175444626033,137.04428432130888,138.95364325199475
2026-01-02,12.0,130.0932680484121,129.3376923042161,131.12222203409436,143.2951436458831,142.25020145772473,144.2910074788798,135.24906933518048,135.20464679886766,135.26047832905974,135.02881952009233,134.52803304743202,135.6134950566743,137.8901972716088,136.95972459598346,139.07573348763432,137.92112431880938,137.0041395817191,138.915087782265
2026-01-03,12.0,130.0932680484121,129.3376923042161,131.12222203409436,143.2538803240668,142.21006588329783,144.24460961628955,135.2499014589497,135.2090132267526,135.2601823515306,135.02881952009233,134.52803304743202,135.6134950566743,137.84976607356174,136.91802132760634,139.02815808433002,137.88059504352435,136.96414126318132,138.87668371107338
2026-01-04,12.0,130.0932680484121,129.3376923042161,131.12222203409436,143.2128317002336,142.17015570249745,144.19686237333045,135.2506406708107,135.21251291905796,135.25993980501156,135.02881952009233,134.52803304743202,135.6134950566743,137.80945666158956,136.87616321544914,138.98149197413682,137.84018121550088,136.92622242776105,138.8357991925993
2026-01-05,12.0,130.0932680484121,129.3376923042161,131.12222203409436,143.17199534198326,142.13047091532366,144.14915694352834,135.25129937052967,135.2157634708223,135.2597544720834,135.02881952009233,134.52803304743202,135.6134950566743,137.7692790030582,136.83133678434527,138.9487568546638,137.7998945290662,136.88904959308283,138.79494094419118
2026-01-06,12.0,130.0932680484121,129.3376923042161,131.12222203409436,143.1313697609213,142.09101592640232,144.10171950610436,135.25188807674317,135.2187830175254,135.25960331141653,135.02881952009233,134.52803304743202,135.6134950566743,137.72924212820973,136.78583492555123,138.9185753003611,137.759745521282,136.84920668272483,138.75426727756246
2026-01-07,12.0,130.0932680484121,129.3376923042161,131.12222203409436,143.09095620194415,142.05176744246,144.05452985764052,135.25241573183308,135.22158805518487,135.25947388116435,135.02881952009233,134.52803304743202,135.6134950566743,137.68935622432247,136.751805750662,138.88960084092577,137.7197434820733,136.80922903458102,138.7136814082595
2026-01-08,12.0,130.0932680484121,129.3376923042161,131.12222203409436,143.05075155025713,142.01439224767304,144.00760820155483,135.25288998630137,135.2241939919741,135.25936304827314,135.02881952009233,134.52803304743202,135.6134950566743,137.64962582710376,136.71788171356417,138.85634364575805,137.67989415905393,136.77066678993953,138.67334717853595
2026-01-09,12.0,130.0932680484121,129.3376923042161,131.12222203409436,143.0107553205052,141.97959257445467,143.96081639657396,135.25331738755386,135.22676849778128,135.25926813794675,135.02881952009233,134.52803304743202,135.6134950566743,137.6100569986043,136.68402487401514,138.8189088165401,137.6402041128272,136.72740483049432,138.63306894553196
2026-01-10,12.0,130.0932680484121,129.3376923042161,131.12222203409436,142.97096677536595,141.94496576151965,143.91393392324014,135.25370356667926,135.22932619723963,135.25918685960676,135.02881952009233,134.52803304743202,135.6134950566743,137.57065463259045,136.64997134462695,138.78157386207562,137.60067814251946,136.6882365769097,138.59270084124964
2026-01-11,12.0,130.0932680484121,129.3376923042161,131.12222203409436,142.93138281130072,141.91052474353637,143.86729413494035,135.25405338588826,135.23167470669668,135.2591172498899,135.02881952009233,134.52803304743202,135.6134950566743,137.53142048773424,136.61534762021094,138.7444041978142,137.56132007664706,136.65379313295497,138.54725570105802
2026-01-12,12.0,130.0932680484121,129.3376923042161,131.12222203409436,142.8920052548176,141.87598948144253,143.82092228762616,135.25437103120115,135.23383520118088,135.2590576316438,135.02881952009233,134.52803304743202,135.6134950566743,137.49236057656398,136.5733219431542,138.70740377889655,137.52213364141153,136.6198343717176,138.50392944908293
2026-01-13,12.0,130.0932680484121,129.3376923042161,131.12222203409436,143.1210568598245,142.0774104852547,144.08777814471884,135.25466014780415,135.23582268342213,135.25899794626497,135.02881952009233,134.52803304743202,135.6134950566743,137.72170129817388,136.7830842844071,138.92719236164402,137.75227050535796,136.83892513195454,138.74721030825938
2026-01-14,12.0,130.0932680484121,129.3376923042161,131.12222203409436,143.08069718922204,142.04034743698443,144.04067445298173,135.25492390253086,135.23765105503452,135.25894584795742,135.02881952009233,134.52803304743202,135.6134950566743,137.68160538229816,136.74871205540308,138.889306415182,137.71204256985186,136.80074159105365,138.70678482462242
2026-01-15,12.0,130.0932680484121,129.3376923042161,131.12222203409436,143.04054882471505,142.00539819675618,143.99351794480756,135.25516504667954,135.23933307303022,135.25890303968276,135.02881952009233,134.52803304743202,135.6134950566743,137.64169816193981,136.71446771891507,138.85161701707054,137.67200058493387,136.75950692025276,138.66611945380401
2026-01-16,12.0,130.0932680484121,129.3376923042161,131.12222203409436,143.00060669925566,141.97064837920777,143.94647366493666,135.25538599189392,135.2408804657558,135.25886783986792,135.02881952009233,134.52803304743202,135.6134950566743,137.60197698169483,136.68010407070352,138.8140640564832,137.63214512301488,136.72036811679476,138.6253683596124
2026-01-17,12.0,130.0932680484121,129.3376923042161,131.12222203409436,142.9608717428639,141.93604530631015,143.89967713119873,135.2555888493747,135.24230402704558,135.25883917126566,135.02881952009233,134.52803304743202,135.6134950566743,137.56244488278384,136.6442630212089,138.77671048970367,137.59247797045936,136.68328854085075,138.57903418508266
2026-01-18,12.0,130.0932680484121,129.3376923042161,131.12222203409436,142.92134244952416,141.90138474333648,143.85312328249483,135.25577546733794,135.2436136886719,135.25881558044367,135.02881952009233,134.52803304743202,135.6134950566743,137.52310220740736,136.60198552598757,138.73949569276743,137.55299993887408,136.6493728486952,138.53539891417353
2026-01-19,12.0,130.0932680484121,129.3376923042161,131.12222203409436,142.8820181741945,141.86689925908408,143.80840715017223,135.25594747898697,135.2448185565702,135.2588001529165,135.02881952009233,134.52803304743202,135.6134950566743,137.48394994372674,136.5598362310645,138.70246196974344,137.5137113573262,136.61400608105305,138.49449158222112
2026-01-20,12.0,130.0932680484121,129.3376923042161,131.12222203409436,142.84289669387024,141.82962621349915,143.76528615729754,135.25610631682025,135.24592709193814,135.25878705332846,135.02881952009233,134.52803304743202,135.6134950566743,137.44498730123573,136.51768355142238,138.66556858562598,137.47461299179554,136.57999581666,138.45378542366868
